;TAZID,CO_TAZID,TOTHH,HHPOP,HHSIZE,TOTEMP,RETEMP,INDEMP,OTHEMP,ALLEMP,RETL,FOOD,MANU,WSLE,OFFI,GVED,HLTH,OTHR,FM_AGRI,FM_MING,FM_CONS,HBJ,AVGINCOME,Enrol_Elem,Enrol_Midl,Enrol_High,CO_FIPS,CO_NAME
1,30001,0,0,0,0,0,0,0,0,0,0,0,0,0,0,0,0,0,0,0,0,85625,0,0,0,3,BOX ELDER
2,30002,14,39,2.785714286,0,0,0,0,3,0,0,0,0,0,0,0,0,0,0,2,1,85625,0,0,0,3,BOX ELDER
3,30003,22,65,2.954545455,0,0,0,0,3,0,0,0,0,0,0,0,0,0,0,2,1,65313,0,0,0,3,BOX ELDER
4,30004,1,3,3,0,0,0,0,0,0,0,0,0,0,0,0,0,0,0,0,0,65313,0,0,0,3,BOX ELDER
5,30005,58,192,3.310344828,2,0,0,2,13,0,0,0,0,0,0,2,0,0,0,7,4,88143,0,0,0,3,BOX ELDER
6,30006,3,9,3,8,0,8,0,9,0,0,0,8,0,0,0,0,0,0,1,0,65313,0,0,0,3,BOX ELDER
7,30007,35.99999997,106,2.944444447,34.99999997,1.999999998,26.99999998,5.999999995,248.9999998,1.999999998,0,0,26.99999998,0,0,0,5.999999995,204.9999998,0,5.999999995,2.999999998,65313,0,0,0,3,BOX ELDER
8,30008,45,150,3.333333333,55,17,0,38,64,17,0,0,0,36,0,0,2,0,0,6,3,88250,0,0,0,3,BOX ELDER
9,30009,14,40,2.857142857,87,0,87,0,90,0,0,0,87,0,0,0,0,0,0,2,1,65313,0,0,0,3,BOX ELDER
10,30010,20,59,2.95,91,0,91,0,95,0,0,0,91,0,0,0,0,0,0,3,1,65313,0,0,0,3,BOX ELDER
11,30011,7,23,3.285714286,0,0,0,0,0,0,0,0,0,0,0,0,0,0,0,0,0,119242,0,0,0,3,BOX ELDER
12,30012,16,50,3.125,0,0,0,0,3,0,0,0,0,0,0,0,0,0,0,2,1,119242,0,0,0,3,BOX ELDER
13,30013,0,0,0,0,0,0,0,0,0,0,0,0,0,0,0,0,0,0,0,0,119242,0,0,0,3,BOX ELDER
14,30014,0,0,0,0,0,0,0,0,0,0,0,0,0,0,0,0,0,0,0,0,119242,0,0,0,3,BOX ELDER
15,30015,1,3,3,261,0,253,8,312,0,0,111,142,0,0,0,8,47,0,4,0,85625,0,0,0,3,BOX ELDER
16,30016,1,3,3,95,0,74,21,97,0,0,2,72,0,0,0,21,0,0,2,0,88250,0,0,0,3,BOX ELDER
17,30017,3,10,3.333333333,0,0,0,0,1,0,0,0,0,0,0,0,0,0,0,1,0,119242,0,0,0,3,BOX ELDER
18,30018,0,0,0,682,0,682,0,692,0,0,472,210,0,0,0,0,0,0,10,0,88250,0,0,0,3,BOX ELDER
19,30019,222,733,3.301801802,24,15,9,0,55,15,0,0,9,0,0,0,0,0,0,20,11,88250,0,0,0,3,BOX ELDER
20,30020,150,378,2.52,37,12,2,23,65,12,0,0,2,0,0,0,23,0,0,18,10,89489,0,0,0,3,BOX ELDER
21,30021,0,0,0,427,0,427,0,434,0,0,389,38,0,0,0,0,0,0,7,0,88250,0,0,0,3,BOX ELDER
22,30022,2,6,3,9,0,9,0,9,0,0,9,0,0,0,0,0,0,0,0,0,88250,0,0,0,3,BOX ELDER
23,30023,3,10,3.333333333,47,0,47,0,48,0,0,20,27,0,0,0,0,0,0,1,0,88250,0,0,0,3,BOX ELDER
24,30024,131,433,3.305343511,1,0,0,1,18,0,0,0,0,0,0,1,0,0,0,11,6,88250,0,0,0,3,BOX ELDER
25,30025,298,985,3.305369128,126,5,2,119,185,5,0,0,2,0,103,12,4,0,0,38,21,73461,448,0,0,3,BOX ELDER
26,30026,201,564,2.805970149,178,17,32,129,217,17,0,13,19,0,47,63,19,0,0,26,13,65684,0,0,0,3,BOX ELDER
27,30027,0,0,0,0,0,0,0,0,0,0,0,0,0,0,0,0,0,0,0,0,119242,0,0,0,3,BOX ELDER
28,30028,1,3,3,79,0,79,0,81,0,0,79,0,0,0,0,0,0,0,2,0,119242,0,0,0,3,BOX ELDER
29,30029,229,725,3.165938865,2,0,2,0,30,0,0,0,2,0,0,0,0,0,0,18,10,119242,0,0,0,3,BOX ELDER
30,30030,286,660,2.307692308,99,14,8,77,162,14,0,0,8,42,0,27,8,0,0,40,23,58383,4,3,12,3,BOX ELDER
31,30031,217,523,2.410138249,219,71,74,74,260,5,66,74,0,39,0,0,35,0,0,27,14,56270,0,0,0,3,BOX ELDER
32,30032,111,311,2.801801802,2,0,2,0,23,0,0,0,2,0,0,0,0,0,0,13,8,72565,0,0,0,3,BOX ELDER
33,30033,161,388,2.409937888,13,0,13,0,40,0,0,0,13,0,0,0,0,0,0,17,10,56246,0,0,0,3,BOX ELDER
34,30034,198,555,2.803030303,21,2,14,5,56,2,0,14,0,5,0,0,0,0,0,22,13,72930,0,0,0,3,BOX ELDER
35,30035,277,717,2.588447653,0,0,0,0,51,0,0,0,0,0,0,0,0,0,0,32,19,65143,0,0,0,3,BOX ELDER
36,30036,77,194,2.519480519,0,0,0,0,16,0,0,0,0,0,0,0,0,0,0,10,6,89489,0,0,0,3,BOX ELDER
37,30037,0,0,0,4,0,0,4,4,0,0,0,0,0,0,0,4,0,0,0,0,119242,0,0,0,3,BOX ELDER
38,30038,0,0,0,1466,0,1442,24,1490,0,0,1442,0,0,21,3,0,0,0,24,0,119242,0,0,0,3,BOX ELDER
39,30039,59,187,3.169491525,125,17,0,108,139,17,0,0,0,0,0,3,105,0,0,10,4,105127,0,0,0,3,BOX ELDER
40,30040,288,665,2.309027778,272,37,21,214,345,37,0,0,21,58,81,24,51,0,0,48,25,57737,0,0,0,3,BOX ELDER
41,30041,107,247,2.308411215,334,213,0,121,362,213,0,0,0,0,0,22,99,0,0,20,8,74797,0,0,0,3,BOX ELDER
42,30042,64,149,2.328125,73,0,0,73,86,0,0,0,0,3,0,0,70,0,0,9,4,74797,0,0,0,3,BOX ELDER
43,30043,190,493,2.594736842,78,0,2,76,114,0,0,0,2,0,39,37,0,0,0,24,12,65975,774,0,0,3,BOX ELDER
44,30044,98,296,3.020408163,0,0,0,0,23,0,0,0,0,0,0,0,0,0,0,15,8,97225,0,0,0,3,BOX ELDER
45,30045,89,267,3,36,0,0,36,46,0,0,0,0,36,0,0,0,0,0,7,3,98021,0,0,0,3,BOX ELDER
46,30046,0,0,0,0,0,0,0,0,0,0,0,0,0,0,0,0,0,0,0,0,98021,0,0,0,3,BOX ELDER
47,30047,2,6,3,0,0,0,0,0,0,0,0,0,0,0,0,0,0,0,0,0,119242,0,0,0,3,BOX ELDER
48,30048,8,26,3.25,0,0,0,0,1,0,0,0,0,0,0,0,0,0,0,1,0,119242,0,0,0,3,BOX ELDER
49,30049,0,0,0,104,104,0,0,106,75,29,0,0,0,0,0,0,0,0,2,0,119242,0,0,0,3,BOX ELDER
50,30050,3,10,3.333333333,227,0,52,175,232,0,0,12,40,33,95,43,4,0,0,5,0,119242,0,0,27,3,BOX ELDER
51,30051,5,14,2.8,77,0,49,28,79,0,0,11,38,17,0,11,0,0,0,2,0,64145,0,0,0,3,BOX ELDER
52,30052,50,112,2.24,1636,0,171,1465,1682,0,0,171,0,0,0,22,1443,0,0,43,3,60611,0,0,0,3,BOX ELDER
53,30053,238,536,2.25210084,1298,334,69,895,1365,286,48,6,63,64,337,54,440,0,0,52,15,60611,0,0,161,3,BOX ELDER
54,30054,138,428,3.101449275,619,65,18,536,663,12,53,18,0,91,218,65,162,0,0,32,12,71100,0,0,0,3,BOX ELDER
55,30055,162,500,3.086419753,216,0,1,215,251,0,0,1,0,3,198,0,14,0,0,24,11,71100,0,1127,0,3,BOX ELDER
56,30056,38,114,3,0,0,0,0,6,0,0,0,0,0,0,0,0,0,0,4,2,98021,0,0,0,3,BOX ELDER
57,30057,51,153,3,0,0,0,0,14,0,0,0,0,0,0,0,0,0,0,9,5,98021,0,0,0,3,BOX ELDER
58,30058,0,0,0,0,0,0,0,0,0,0,0,0,0,0,0,0,0,0,0,0,98021,0,0,0,3,BOX ELDER
59,30059,0,0,0,0,0,0,0,0,0,0,0,0,0,0,0,0,0,0,0,0,119242,0,0,0,3,BOX ELDER
60,30060,0,0,0,0,0,0,0,0,0,0,0,0,0,0,0,0,0,0,0,0,119242,0,0,0,3,BOX ELDER
61,30061,253,872,3.446640316,0,0,0,0,39,0,0,0,0,0,0,0,0,0,0,25,14,95331,0,0,0,3,BOX ELDER
62,30062,200,687,3.435,14,2,0,12,51,2,0,0,0,0,0,0,12,0,0,24,13,85314,0,0,0,3,BOX ELDER
63,30063,19,52,2.736842105,201,0,0,201,208,0,0,0,0,0,201,0,0,0,0,6,1,64145,0,0,1639,3,BOX ELDER
64,30064,219,752,3.433789954,112,91,0,21,154,0,91,0,0,0,0,0,21,0,0,27,15,95331,0,0,0,3,BOX ELDER
65,30065,270,743,2.751851852,72,43,0,29,125,43,0,0,0,0,5,1,23,0,0,34,19,64145,0,0,0,3,BOX ELDER
66,30066,135,290,2.148148148,123,79,0,44,157,53,26,0,0,0,0,7,37,0,0,22,12,48082,0,0,0,3,BOX ELDER
67,30067,134,414,3.089552239,126,85,0,41,156,85,0,0,0,3,0,1,37,0,0,20,10,64085,0,0,0,3,BOX ELDER
68,30068,168,518,3.083333333,33,0,0,33,68,0,0,0,0,0,0,17,16,0,0,22,13,51785,0,0,0,3,BOX ELDER
69,30069,29,88,3.034482759,21,0,0,21,27,0,0,0,0,0,0,0,21,0,0,4,2,64085,0,0,0,3,BOX ELDER
70,30070,101,218,2.158415842,22,0,0,22,39,0,0,0,0,8,0,0,14,0,0,11,6,35742,0,0,0,3,BOX ELDER
71,30071,0,0,0,0,0,0,0,0,0,0,0,0,0,0,0,0,0,0,0,0,44140,0,0,0,3,BOX ELDER
72,30072,91,280,3.076923077,78,2,4,72,94,2,0,0,4,0,0,0,72,0,0,11,5,48467,0,0,0,3,BOX ELDER
73,30073,3,11,3.666666667,0,0,0,0,1,0,0,0,0,0,0,0,0,0,0,1,0,133370,0,0,0,3,BOX ELDER
74,30074,0,0,0,0,0,0,0,0,0,0,0,0,0,0,0,0,0,0,0,0,119242,0,0,0,3,BOX ELDER
75,30075,130,447,3.438461538,164,21,0,143,192,5,16,0,0,0,42,87,14,0,0,19,9,95331,0,0,48,3,BOX ELDER
76,30076,86,294,3.418604651,7,0,0,7,21,0,0,0,0,0,0,5,2,0,0,9,5,95331,0,0,0,3,BOX ELDER
77,30077,76,261,3.434210526,675,0,38,637,714,0,0,38,0,0,158,471,8,0,0,30,9,95331,0,1009,0,3,BOX ELDER
78,30078,416,1110,2.668269231,163,88,2,73,250,66,22,0,2,0,0,9,64,0,0,56,31,56667,0,0,0,3,BOX ELDER
79,30079,40,107,2.675,358,177,0,181,376,61,116,0,0,14,58,88,21,0,0,14,4,56667,573,0,0,3,BOX ELDER
80,30080,158,422,2.670886076,263,122,0,141,296,20,102,0,0,22,119,0,0,0,0,22,11,56667,0,0,0,3,BOX ELDER
81,30081,23,49,2.130434783,157,0,0,157,175,0,0,0,0,0,58,0,99,0,0,13,5,35742,0,0,0,3,BOX ELDER
82,30082,333,715,2.147147147,383,134,12,237,465,51,83,4,8,47,0,65,125,0,0,55,27,35742,0,0,0,3,BOX ELDER
83,30083,0,0,0,221,211,0,10,225,77,134,0,0,0,0,0,10,0,0,4,0,103409,0,0,0,3,BOX ELDER
84,30084,0,0,0,206,111,0,95,210,85,26,0,0,5,64,12,14,0,0,4,0,103409,0,0,0,3,BOX ELDER
85,30085,41,135,3.292682927,80,3,21,56,90,3,0,0,21,5,0,10,41,0,0,7,3,103409,0,0,0,3,BOX ELDER
86,30086,1,3,3,26,26,0,0,26,22,4,0,0,0,0,0,0,0,0,0,0,119242,0,0,0,3,BOX ELDER
87,30087,0,0,0,0,0,0,0,0,0,0,0,0,0,0,0,0,0,0,0,0,111326,0,0,0,3,BOX ELDER
88,30088,3,10,3.333333333,0,0,0,0,28,0,0,0,0,0,0,0,0,28,0,0,0,103409,0,0,0,3,BOX ELDER
89,30089,67,218,3.253731343,383,338,8,37,395,3,335,0,8,0,0,0,37,0,0,10,2,103409,0,0,0,3,BOX ELDER
90,30090,53,173,3.264150943,846,599,20,227,869,518,81,20,0,166,53,0,8,0,0,20,3,103409,0,0,0,3,BOX ELDER
91,30091,201,659,3.278606965,151,0,4,147,191,0,0,0,4,122,0,2,23,0,0,26,14,103409,0,0,0,3,BOX ELDER
92,30092,209,687,3.28708134,69,0,10,59,104,0,0,8,2,11,0,19,29,0,0,22,13,103409,0,0,0,3,BOX ELDER
93,30093,0,0,0,0,0,0,0,0,0,0,0,0,0,0,0,0,0,0,0,0,103409,0,0,0,3,BOX ELDER
94,30094,21,73,3.476190476,0,0,0,0,5,0,0,0,0,0,0,0,0,0,0,3,2,98675,0,0,0,3,BOX ELDER
95,30095,246,854,3.471544715,110,53,2,55,158,0,53,0,2,5,0,19,31,0,0,31,17,98675,530,0,0,3,BOX ELDER
96,30096,244,801,3.282786885,13,0,0,13,67,0,0,0,0,0,0,9,4,0,0,34,20,103409,0,0,0,3,BOX ELDER
97,30097,0,0,0,0,0,0,0,0,0,0,0,0,0,0,0,0,0,0,0,0,119242,0,0,0,3,BOX ELDER
98,30098,0,0,0,0,0,0,0,0,0,0,0,0,0,0,0,0,0,0,0,0,119242,0,0,0,3,BOX ELDER
99,30099,0,0,0,0,0,0,0,0,0,0,0,0,0,0,0,0,0,0,0,0,109286,0,0,0,3,BOX ELDER
100,30100,20,58,2.9,2,0,0,2,5,0,0,0,0,0,0,2,0,0,0,2,1,109286,0,0,0,3,BOX ELDER
101,30101,447,1296,2.899328859,112,16,9,87,193,0,16,0,9,5,18,23,41,0,0,52,29,105418,0,0,0,3,BOX ELDER
102,30102,0,0,0,0,0,0,0,0,0,0,0,0,0,0,0,0,0,0,0,0,109286,0,0,0,3,BOX ELDER
103,30103,222,643,2.896396396,8,0,4,4,45,0,0,0,4,0,0,2,2,0,0,24,13,109286,0,0,0,3,BOX ELDER
104,30104,67,193,2.880597015,120,0,1,119,134,0,0,1,0,0,119,0,0,0,0,10,4,109286,367,78,0,3,BOX ELDER
105,30105,27,75,2.777777778,5,5,0,0,11,0,5,0,0,0,0,0,0,0,0,4,2,96630,0,0,0,3,BOX ELDER
106,30106,7,21,3,10,10,0,0,526,10,0,0,0,0,0,0,0,513,0,2,1,107031,0,0,0,3,BOX ELDER
107,30107,0,0,0,0,0,0,0,0,0,0,0,0,0,0,0,0,0,0,0,0,96630,0,0,0,3,BOX ELDER
108,30108,10,26,2.6,0,0,0,0,2,0,0,0,0,0,0,0,0,0,0,1,1,96630,0,0,0,3,BOX ELDER
109,30109,0,0,0,0,0,0,0,0,0,0,0,0,0,0,0,0,0,0,0,0,119242,0,0,0,3,BOX ELDER
110,30110,2,5,2.5,0,0,0,0,0,0,0,0,0,0,0,0,0,0,0,0,0,101692,0,0,0,3,BOX ELDER
111,30111,0,0,0,0,0,0,0,0,0,0,0,0,0,0,0,0,0,0,0,0,107936,0,0,0,3,BOX ELDER
112,30112,0,0,0,0,0,0,0,0,0,0,0,0,0,0,0,0,0,0,0,0,96630,0,0,0,3,BOX ELDER
113,30113,25,69,2.76,0,0,0,0,5,0,0,0,0,0,0,0,0,0,0,3,2,96630,0,0,0,3,BOX ELDER
114,30114,33,93,2.818181818,2,0,2,0,8,0,0,0,2,0,0,0,0,0,0,4,2,107031,0,0,0,3,BOX ELDER
115,30115,0,0,0,60,60,0,0,61,60,0,0,0,0,0,0,0,0,0,1,0,96630,0,0,0,3,BOX ELDER
116,30116,0,0,0,20,0,20,0,20,0,0,20,0,0,0,0,0,0,0,0,0,96630,0,0,0,3,BOX ELDER
117,30117,20,55,2.75,22,22,0,0,26,22,0,0,0,0,0,0,0,0,0,3,1,96630,0,0,0,3,BOX ELDER
118,30118,4,12,3,0,0,0,0,0,0,0,0,0,0,0,0,0,0,0,0,0,107031,0,0,0,3,BOX ELDER
119,30119,0,0,0,37,0,0,37,38,0,0,0,0,0,37,0,0,0,0,1,0,107936,0,0,0,3,BOX ELDER
120,30120,23,63,2.739130435,2,2,0,0,7,2,0,0,0,0,0,0,0,0,0,3,2,96630,0,0,0,3,BOX ELDER
121,30121,48,130,2.708333333,4,0,2,2,20,0,0,0,2,0,0,0,2,0,8,5,3,96630,0,0,0,3,BOX ELDER
122,30122,15,42,2.8,0,0,0,0,3,0,0,0,0,0,0,0,0,0,0,2,1,107031,0,0,0,3,BOX ELDER
123,30123,0,0,0,0,0,0,0,0,0,0,0,0,0,0,0,0,0,0,0,0,96630,0,0,0,3,BOX ELDER
124,30124,72,197,2.736111111,2,0,0,2,16,0,0,0,0,0,0,0,2,0,0,9,5,96630,0,0,0,3,BOX ELDER
125,30125,63,174,2.761904762,70,0,0,70,83,0,0,0,0,14,56,0,0,0,0,9,4,96630,215,0,0,3,BOX ELDER
126,30126,185,525,2.837837838,9,0,9,0,43,0,0,7,2,0,0,0,0,0,0,21,13,107031,0,0,0,3,BOX ELDER
127,30127,21,58,2.761904762,0,0,0,0,19,0,0,0,0,0,0,0,0,0,0,12,7,96630,0,0,0,3,BOX ELDER
128,30128,84,232,2.761904762,9,0,9,0,20,0,0,0,9,0,0,0,0,0,0,7,4,96630,0,0,0,3,BOX ELDER
129,30129,70,191,2.728571429,0,0,0,0,2,0,0,0,0,0,0,0,0,0,0,1,1,96630,0,0,0,3,BOX ELDER
130,30130,48,135,2.8125,1,0,1,0,14,0,0,1,0,0,0,0,0,0,0,8,5,107031,0,0,0,3,BOX ELDER
131,30131,115,327,2.843478261,0,0,0,0,11,0,0,0,0,0,0,0,0,0,0,7,4,107031,0,0,0,3,BOX ELDER
132,30132,34,96,2.823529412,4,0,4,0,150,0,0,4,0,0,0,0,0,140,0,4,2,107031,0,0,0,3,BOX ELDER
133,30133,177,487,2.751412429,7,0,0,7,36,0,0,0,0,3,0,0,4,0,0,19,10,96630,0,0,0,3,BOX ELDER
134,30134,2,5,2.5,0,0,0,0,1,0,0,0,0,0,0,0,0,0,0,1,0,96630,0,0,0,3,BOX ELDER
135,30135,6,17,2.833333333,0,0,0,0,0,0,0,0,0,0,0,0,0,0,0,0,0,96630,0,0,0,3,BOX ELDER
136,30136,157,447,2.847133758,22,0,9,13,52,0,0,0,9,11,0,0,2,0,0,19,11,107031,0,0,0,3,BOX ELDER
137,30137,4,11,2.75,53,0,53,0,54,0,0,0,53,0,0,0,0,0,0,1,0,96630,0,0,0,3,BOX ELDER
138,30138,155,426,2.748387097,62,0,13,49,91,0,0,13,0,33,0,0,16,0,0,19,10,96630,0,0,0,3,BOX ELDER
139,30139,42,120,2.857142857,13,0,0,13,61,0,0,0,0,0,13,0,0,0,40,5,3,106783,0,0,0,3,BOX ELDER
140,30140,3,8,2.666666667,0,0,0,0,1,0,0,0,0,0,0,0,0,0,0,1,0,96630,0,0,0,3,BOX ELDER
141,30141,0,0,0,0,0,0,0,0,0,0,0,0,0,0,0,0,0,0,0,0,96630,0,0,0,3,BOX ELDER
142,30142,0,0,0,0,0,0,0,0,0,0,0,0,0,0,0,0,0,0,0,0,96630,0,0,0,3,BOX ELDER
143,30143,58,159,2.74137931,105,41,64,0,118,41,0,0,64,0,0,0,0,0,0,9,4,96630,0,0,0,3,BOX ELDER
144,30144,0,0,0,0,0,0,0,0,0,0,0,0,0,0,0,0,0,0,0,0,96630,0,0,0,3,BOX ELDER
145,30145,15,37,2.466666667,0,0,0,0,3,0,0,0,0,0,0,0,0,0,0,2,1,89489,0,0,0,3,BOX ELDER
146,30146,0,0,0,0,0,0,0,0,0,0,0,0,0,0,0,0,0,0,0,0,89489,0,0,0,3,BOX ELDER
147,30147,0,0,0,0,0,0,0,0,0,0,0,0,0,0,0,0,0,0,0,0,133370,0,0,0,3,BOX ELDER
148,30148,0,0,0,0,0,0,0,0,0,0,0,0,0,0,0,0,0,0,0,0,89489,0,0,0,3,BOX ELDER
149,30149,0,0,0,0,0,0,0,0,0,0,0,0,0,0,0,0,0,0,0,0,133370,0,0,0,3,BOX ELDER
150,30150,463,1724,3.723542117,117,29,4,84,186,29,0,0,4,5,48,8,23,0,0,44,25,131791,0,0,0,3,BOX ELDER
151,30151,34,126,3.705882353,26,0,26,0,30,0,0,26,0,0,0,0,0,0,0,3,1,133370,0,0,0,3,BOX ELDER
152,30152,3,9,3,0,0,0,0,0,0,0,0,0,0,0,0,0,0,0,0,0,107031,0,0,0,3,BOX ELDER
153,30153,0,0,0,0,0,0,0,0,0,0,0,0,0,0,0,0,0,0,0,0,107031,0,0,0,3,BOX ELDER
154,570001,0,0,0,0,0,0,0,9.042218476,0,0,0,0,0,0,0,0,9.042218476,0,0,0,113156,0,0,0,57,WEBER
155,570002,14,42,3,0,0,0,0,7.574124486,0,0,0,0,0,0,0,0,6.02814565,0,0.543233943,1.002744893,116622,0,0,0,57,WEBER
156,570003,5,16,3.2,0,0,0,0,7.226848715,0,0,0,0,0,0,0,0,7.032836592,0,0.194012123,0,116622,0,0,0,57,WEBER
157,570004,49,140,2.857142857,0,0,0,0,77.93356697,0,0,0,0,0,0,0,0,73.00735907,0,2.920718108,2.005489787,116622,0,0,0,57,WEBER
158,570005,96,275,2.864583333,0,0,0,0,16.78469769,0,0,0,0,0,0,0,0,9.042218476,0,3.731499642,4.010979574,116622,0,0,0,57,WEBER
159,570006,0,0,0,280,0,280,0,380.9115883,0,0,280,0,0,0,0,0,10.04690942,80,10.86467886,0,116622,0,0,0,57,WEBER
160,570007,2,4,2,0,0,0,0,804.3326489,0,0,0,0,0,0,0,0,804.2550441,0,0.077604849,0,116622,0,0,0,57,WEBER
161,570008,24,64,2.666666667,5,0,5,0,8.132706146,0,0,5,0,0,0,0,0,1.004690942,0,1.125270311,1.002744893,102639,0,0,0,57,WEBER
162,570009,56,160,2.857142857,0,0,0,0,99.59122843,0,0,0,0,0,0,0,0,88.41280287,0,9.172935772,2.005489787,116622,0,0,0,57,WEBER
163,570010,8,23,2.875,0,0,0,0,1.315110338,0,0,0,0,0,0,0,0,1.004690942,0,0.310419396,0,102639,0,0,0,57,WEBER
164,570011,1,2,2,0,0,0,0,8.076329959,0,0,0,0,0,0,0,0,8.037527534,0,0.038802425,0,102639,0,0,0,57,WEBER
165,570012,0,0,0,454.8333333,0.166666667,435.5,19.16666667,474.4913517,0.166666667,0,435,0.5,0.5,0,0.166666667,18.5,2.009381883,0,17.64863648,0,116622,0,0,0,57,WEBER
166,570013,28,81,2.892857143,0,0,0,0,41.27215951,0,0,0,0,0,0,0,0,39.18294673,0,1.086467886,1.002744893,116622,0,0,0,57,WEBER
167,570014,14,34,2.428571429,0,0,0,0,5.551809042,0,0,0,0,0,0,0,0,4.018763767,0,0.530300382,1.002744893,102639,0,0,0,57,WEBER
168,570015,50,130,2.6,0,0,0,0,4.950301954,0,0,0,0,0,0,0,0,1.004690942,0,1.940121225,2.005489787,102639,0,0,0,57,WEBER
169,570016,20,53,2.65,0,0,0,0,4.625436016,0,0,0,0,0,0,0,0,2.846642633,0,0.77604849,1.002744893,102639,0,0,0,57,WEBER
170,570017,27,76,2.814814815,7.000000001,0.333333333,0.666666667,6.000000001,41.47213695,0.333333333,0,0.166666667,0.5,1,0.166666667,0.166666667,4.666666667,32.15011014,0,1.319281916,1.002744893,116622,0,0,0,57,WEBER
171,570018,40,115,2.875,0,0,0,0,7.569883073,0,0,0,0,0,0,0,0,4.018763767,0,1.545629519,2.005489787,116622,0,0,0,57,WEBER
172,570019,84,219,2.607142857,79,0,0,79,93.3471027,0,0,0,0,0,79,0,0,3.014072825,0,8.324795194,3.00823468,102639,632,0,0,57,WEBER
173,570020,56,147,2.625,0,0,0,0,12.21595309,0,0,0,0,0,0,0,0,8.037527534,0,2.172935772,2.005489787,102639,0,0,0,57,WEBER
174,570021,27,70,2.592592593,0,0,0,0,8.748276917,0,0,0,0,0,0,0,0,6.697866562,0,1.047665462,1.002744893,102639,0,0,0,57,WEBER
175,570022,33,85,2.575757576,18.33333333,9.666666667,1,7.666666666,23.74265762,9.5,0.166666667,0.666666667,0.333333333,1.5,1.5,1.333333333,3.333333333,2.009381883,0,2.062992858,1.33694955,102639,0,0,0,57,WEBER
176,570023,10,26,2.6,0,0,0,0,2.403873507,0,0,0,0,0,0,0,0,2.009381883,0,0.394491624,0,103387,0,0,0,57,WEBER
177,570024,26,74,2.846153846,0,0,0,0,4.020989813,0,0,0,0,0,0,0,0,2.009381883,0,1.008863037,1.002744893,116622,0,0,0,57,WEBER
178,570025,32,93,2.90625,8.166666667,0.333333333,0.666666667,7.166666667,21.77957699,0.333333333,0,0,0.666666667,1.5,0,0,5.666666667,11.05160036,0,1.558565067,1.002744893,116622,0,0,0,57,WEBER
179,570026,5,16,3.2,0,0,0,0,7.226848715,0,0,0,0,0,0,0,0,7.032836592,0,0.194012123,0,116622,0,0,0,57,WEBER
180,570027,29,78,2.689655172,0,0,0,0,12.17492462,0,0,0,0,0,0,0,0,10.04690942,0,1.125270311,1.002744893,103354,0,0,0,57,WEBER
181,570028,39,109,2.794871795,0,0,0,0,5.534633686,0,0,0,0,0,0,0,0,2.009381883,0,1.519762016,2.005489787,105623,0,0,0,57,WEBER
182,570029,43,116,2.697674419,5.333333333,0.5,0.166666667,4.666666666,14.07029757,0.5,0,0,0.166666667,0.833333333,1,1,1.833333333,4.856024517,0,1.875449937,2.005489787,106094,0,0,0,57,WEBER
183,570030,20,54,2.7,8.166666668,0.833333334,1.5,5.833333334,19.30456509,0.166666667,0.666666667,0.833333333,0.666666667,0.5,0.666666667,2,2.666666667,9.042218476,0,1.092935048,1.002744893,106094,0,0,0,57,WEBER
184,570031,91,250,2.747252747,0,0,0,0,17.12531141,0,0,0,0,0,0,0,0,9.544509052,0,3.569822782,4.010979574,106094,0,0,0,57,WEBER
185,570032,45,126,2.8,0,0,0,0,7.783297578,0,0,0,0,0,0,0,0,4.018763767,0,1.759044024,2.005489787,106094,0,0,0,57,WEBER
186,570033,9,27,3,0,0,0,0,1.353912763,0,0,0,0,0,0,0,0,1.004690942,0,0.349221821,0,92921,0,0,0,57,WEBER
187,570034,14,42,3,3.666666667,0,0.5,3.166666667,6.359611902,0,0,0,0.5,1.5,0.166666667,0.333333333,1.166666667,1.004690942,0,0.6855094,1.002744893,116622,0,0,0,57,WEBER
188,570035,3,8,2.666666667,0,0,0,0,20.2102261,0,0,0,0,0,0,0,0,20.09381883,0,0.116407274,0,116622,0,0,0,57,WEBER
189,570036,65,178,2.738461538,0,0,0,0,18.5473796,0,0,0,0,0,0,0,0,5.023454709,0,10.51569021,3.00823468,106094,0,0,0,57,WEBER
190,570037,69,191,2.768115942,4,0,4,0,13.85310841,0,0,4,0,0,0,0,0,4.018763767,0,2.826109963,3.00823468,106094,0,0,1258,57,WEBER
191,570038,140,384,2.742857143,0,0,0,0,35.46288162,0,0,0,0,0,0,0,0,3.014072825,0,26.43233943,6.01646936,106094,0,0,0,57,WEBER
192,570039,3,9,3,0,0,0,0,4.135171041,0,0,0,0,0,0,0,0,4.018763767,0,0.116407274,0,106094,0,0,0,57,WEBER
193,570040,197,545,2.766497462,0,0,0,0,21.67072772,0,0,0,0,0,0,0,0,1.004690942,0,12.64407763,8.021959147,106094,0,0,0,57,WEBER
194,570041,0,0,0,0,0,0,0,73.34243875,0,0,0,0,0,0,0,0,73.34243875,0,0,0,109496,0,0,0,57,WEBER
195,570042,72,254,3.527777778,0,0,0,0,15.81608207,0,0,0,0,0,0,0,0,3.014072825,0,9.793774564,3.00823468,119706,475,0,0,57,WEBER
196,570043,90,314,3.488888889,0,0,0,0,10.5237376,0,0,0,0,0,0,0,0,3.014072825,0,3.498685203,4.010979574,119706,0,0,0,57,WEBER
197,570044,138,483,3.5,0,0,0,0,14.37411883,0,0,0,0,0,0,0,0,2.009381883,0,6.348267583,6.01646936,119706,0,0,0,57,WEBER
198,570045,25,88,3.52,0,0,0,0,5.991569273,0,0,0,0,0,0,0,0,4.018763767,0,0.970060613,1.002744893,119706,0,0,0,57,WEBER
199,570046,0,0,0,0,0,0,0,3.014072825,0,0,0,0,0,0,0,0,3.014072825,0,0,0,116622,0,0,0,57,WEBER
200,570047,52,146,2.807692308,0,0,0,0,10.05136151,0,0,0,0,0,0,0,0,6.02814565,0,2.017726074,2.005489787,116622,0,0,0,57,WEBER
201,570048,23,75,3.260869565,0,0,0,0,5.913964424,0,0,0,0,0,0,0,0,4.018763767,0,0.892455764,1.002744893,108839,0,0,0,57,WEBER
202,570049,29,96,3.310344828,0,0,0,0,7.146778971,0,0,0,0,0,0,0,0,4.018763767,0,2.125270311,1.002744893,108839,0,0,0,57,WEBER
203,570050,69,189,2.739130435,9,0,1,8,19.06005502,0,0,0,1,7,0,0,1,4.018763767,0,3.033056572,3.00823468,100792,0,0,0,57,WEBER
204,570051,87,288,3.310344828,0,0,0,0,10.40086333,0,0,0,0,0,0,0,0,3.014072825,0,3.375810932,4.010979574,108839,0,0,0,57,WEBER
205,570052,236,775,3.283898305,0,0,0,0,43.18951205,0,0,0,0,0,0,0,0,1.004690942,0,32.15737218,10.02744893,108839,0,0,0,57,WEBER
206,570053,104,341,3.278846154,0,0,0,0,45.05112267,0,0,0,0,0,0,0,0,1.004690942,0,40.03545215,4.010979574,108839,0,0,0,57,WEBER
207,570054,20,57,2.85,0,0,0,0,5.816959287,0,0,0,0,0,0,0,0,4.018763767,0,0.795450627,1.002744893,116622,0,0,0,57,WEBER
208,570055,73,239,3.273972603,0,0,0,0,7.845502611,0,0,0,0,0,0,0,0,1.004690942,0,3.832576989,3.00823468,108839,0,0,0,57,WEBER
209,570056,58,192,3.310344828,0,0,0,0,22.27010323,0,0,0,0,0,0,0,0,3.014072825,0,17.25054062,2.005489787,108839,0,0,0,57,WEBER
210,570057,13,35,2.692307692,0,0,0,0,5.532407177,0,0,0,0,0,0,0,0,4.018763767,0,0.510898517,1.002744893,116622,0,0,0,57,WEBER
211,570058,6,16,2.666666667,7.833333333,0,1,6.833333333,10.37948265,0,0,0.5,0.5,2.166666667,0.333333333,0,4.333333333,2.009381883,0,0.536767435,0,100792,0,0,0,57,WEBER
212,570059,118,330,2.796610169,29.83333333,3,3.5,23.33333333,41.58804261,2.166666667,0.833333333,2.166666667,1.333333333,3,7.5,2.333333333,10.5,1.004690942,0,5.736293869,5.013724467,100792,0,0,0,57,WEBER
213,570060,250,1002,4.008,464.6666666,206.6666666,36.16666666,221.8333333,503.4231377,139.3333333,67.33333333,19.33333333,16.83333333,22.16666667,125.5,11,63.16666667,1.004690942,0,27.72433122,10.02744893,127770,618,0,0,57,WEBER
214,570061,350,1406,4.017142857,0,0,0,0,29.62865897,0,0,0,0,0,0,0,0,2.009381883,0,13.58084858,14.03842851,133118,0,0,0,57,WEBER
215,570062,130.9999999,365,2.786259544,38.33333332,5.999999997,8.999999995,23.33333332,51.93345067,3.999999998,1.999999999,7.833333329,1.166666666,3.166666665,6.499999996,2.999999998,10.66666666,2.009381882,0,6.577011004,5.013724464,100792,0,0,0,57,WEBER
216,570063,78,216,2.769230769,3.500000001,0,1.166666667,2.333333334,9.664165525,0,0,0,1.166666667,0,0,0.166666667,2.166666667,0,0,3.155930844,3.00823468,100792,0,0,0,57,WEBER
217,570064,125,502,4.016,26.66666667,16,1,9.666666667,41.56365015,16,0,0,1,0,0,0,9.666666667,1.004690942,0,8.878568074,5.013724467,132891,0,0,0,57,WEBER
218,570065,253,1015,4.011857708,0,0,0,0,22.84446233,0,0,0,0,0,0,0,0,0,0,12.8170134,10.02744893,132891,0,0,0,57,WEBER
219,570066,123,341,2.772357724,181,0,0,181,197.8096615,0,0,0,0,0,179,0,2,0,0,11.79593705,5.013724467,100792,0,0,1443,57,WEBER
220,570067,155,331,2.135483871,1,0,1,0,27.07902946,0,0,0,1,0,0,0,0,2.009381883,0,18.05317822,6.01646936,101556,0,0,0,57,WEBER
221,570068,250,539,2.156,0,0,0,0,24.74212789,0,0,0,0,0,0,0,0,3.014072825,0,11.70060613,10.02744893,101797,0,0,0,57,WEBER
222,570069,100,285,2.85,0,0,0,0,9.900603907,0,0,0,0,0,0,0,0,2.009381883,0,3.88024245,4.010979574,116622,0,0,0,57,WEBER
223,570070,93,243,2.612903226,0,0,0,0,7.619605053,0,0,0,0,0,0,0,0,0,0,3.608625479,4.010979574,108250,0,0,0,57,WEBER
224,570071,667,2015,3.020989505,198.5,0.5,0,198,262.1576092,0.333333333,0.166666667,0,0,25.16666667,108.1666667,0,64.66666667,0,0,36.58349705,27.07411212,106989,602,0,0,57,WEBER
225,570072,28,84,3,724.8333333,199.8333333,115.6666667,409.3333333,755.0478415,184.5,15.33333333,22.66666667,93,68.16666667,52,48.33333333,240.8333333,0,0,29.2117633,1.002744893,105621,0,0,0,57,WEBER
226,570073,325,981,3.018461538,15,0,0,15,58.23319888,0,0,0,0,0,0,15,0,1.004690942,0,29.19282433,13.03568361,106989,0,0,0,57,WEBER
227,570074,80,240,3,279,33.83333334,70,175.1666666,298.9523799,29.66666667,4.166666667,6,64,14,114.8333333,8.5,37.83333333,3.014072825,0,13.93007238,3.00823468,106989,704,0,0,57,WEBER
228,570075,307,1183,3.853420195,124,0,0,124,153.7595286,0,0,0,0,0,124,0,0,0,0,16.72384496,13.03568361,143122,0,1034,0,57,WEBER
229,570076,139,534,3.841726619,34.5,1.5,1,32,48.27925053,1.333333333,0.166666667,0.666666667,0.333333333,1.833333333,1.333333333,1.666666667,27.16666667,1.004690942,0,6.758090222,6.01646936,143211,0,0,0,57,WEBER
230,570077,0,0,0,1416.333334,162.8333333,1096,157.5,1471.296968,8.5,154.3333333,0.833333333,1095.166667,1.166666667,0.833333333,1.5,154,0,0,54.96363474,0,146563,0,0,0,57,WEBER
231,570078,0,0,0,3105.666666,50,2153.833333,901.8333334,3226.174161,32.33333333,17.66666667,1898.833333,255,123.6666667,80.5,20.5,677.1666667,0,0,120.5074948,0,146563,0,0,0,57,WEBER
232,570079,101,386,3.821782178,0,0,0,0,8.934715391,0,0,0,0,0,0,0,0,1.004690942,0,3.919044875,4.010979574,142991,0,0,0,57,WEBER
233,570080,56,216,3.857142857,184.3333333,20.66666666,24,139.6666667,215.6643442,15.33333333,5.333333333,16.5,7.5,14.66666667,35.5,22.33333333,67.16666667,0,0,29.32552113,2.005489787,143211,0,0,0,57,WEBER
234,570081,155,532,3.432258065,21.83333333,0.166666667,1.833333333,19.83333333,35.71605648,0.166666667,0,0,1.833333333,2,1.5,1,15.33333333,1.004690942,0,6.861562846,6.01646936,146563,0,0,0,57,WEBER
235,570082,81,174,2.148148148,857.8333334,34.66666667,541.1666667,282,900.3105248,25.16666667,9.5,512.1666667,29,39.33333333,31.16666667,48.83333333,162.6666667,3.014072825,0,36.45488386,3.00823468,101797,0,0,0,57,WEBER
236,570083,255,876,3.435294118,36,12,11,13,60.33302729,12,0,11,0,0,0,0,13,3.014072825,0,11.29150553,10.02744893,146563,0,0,0,57,WEBER
237,570084,20,69,3.45,214.3333333,24.33333333,29.66666667,160.3333333,225.4334767,16.83333333,7.5,20.16666667,9.5,21.83333333,38.16666667,22,78.33333333,1.004690942,0,9.09270756,1.002744893,146563,0,0,0,57,WEBER
238,570085,414,890,2.149758454,365.3333334,57.66666667,123.8333334,183.8333333,413.6311777,55.66666667,2,5.666666667,118.1666667,18,72.33333333,18.16666667,75.33333333,1.004690942,0,30.24649025,17.04666319,101797,0,0,0,57,WEBER
239,570086,9,31,3.444444444,1,0,1,0,2.392715187,0,0,0,1,0,0,0,0,1.004690942,0,0.388024245,0,163235,0,0,0,57,WEBER
240,570087,21,58,2.761904762,0,0,0,0,1.817595808,0,0,0,0,0,0,0,0,0,0,0.814850915,1.002744893,135789,0,0,0,57,WEBER
241,570088,1,2,2,0,0,0,0,0.038802425,0,0,0,0,0,0,0,0,0,0,0.038802425,0,163235,0,0,0,57,WEBER
242,570089,7,22,3.142857143,0,0,0,0,1.276307914,0,0,0,0,0,0,0,0,1.004690942,0,0.271616972,0,163235,0,0,0,57,WEBER
243,570090,133,363,2.729323308,4.833333334,0,0.166666667,4.666666667,23.20001594,0,0,0,0.166666667,1.166666667,1,0,2.5,1.004690942,0,12.3482672,5.013724467,129240,0,0,0,57,WEBER
244,570091,0,0,0,2.333333332,0.333333333,0.333333333,1.666666666,4.433254224,0.333333333,0,0,0.333333333,0.333333333,0.333333333,0,1,2.009381883,0,0.090539009,0,37207,0,0,0,57,WEBER
245,570092,257,969,3.770428016,315.1666666,22,159,134.1666667,356.400258,19,3,120.8333333,38.16666667,29.33333333,17.83333333,6.666666667,80.33333333,1.004690942,0,30.20145153,10.02744893,163861,0,0,0,57,WEBER
246,570093,36,122,3.388888889,0,0,0,0,4.404323117,0,0,0,0,0,0,0,0,1.004690942,0,2.396887282,1.002744893,163235,0,0,0,57,WEBER
247,570094,471,1618,3.435244161,0,0,0,0,43.32162753,0,0,0,0,0,0,0,0,0,0,24.26947456,19.05215297,163235,0,0,0,57,WEBER
248,570095,108,295,2.731481481,0,0,0,0,8.20164142,0,0,0,0,0,0,0,0,0,0,4.190661846,4.010979574,135789,0,0,0,57,WEBER
249,570096,303,1137,3.752475248,0,0,0,0,27.79007334,0,0,0,0,0,0,0,0,0,0,15.75713462,12.03293872,128645,0,0,0,57,WEBER
250,570097,277,755,2.725631769,223,4.666666667,10.16666667,208.1666666,253.424941,4.5,0.166666667,0.5,9.666666667,17.5,108.3333333,18.16666667,64.16666667,0,0,19.39474718,11.03019383,135789,429,0,0,57,WEBER
251,570098,91,340,3.736263736,202,0,0,202,217.38009,0,0,0,0,0,202,0,0,0,0,11.36911038,4.010979574,129766,0,0,2002,57,WEBER
252,570099,67,201,3,913,175.1666667,427.3333334,310.5,956.0569242,40.66666667,134.5,413.6666667,13.66666667,84.33333333,21.5,14.16666667,190.5,2.009381883,0,38.03930756,3.00823468,37207,0,0,0,57,WEBER
253,570100,507,1906,3.759368836,973.3333333,81.5,454.5,437.3333333,1190.842654,53.5,28,218.1666667,236.3333333,49.33333333,48.5,152.5,187,1.004690942,0,195.4469869,21.05764276,99413,0,0,0,57,WEBER
254,570101,329,1237,3.759878419,169.3333333,27.5,21.5,120.3333333,207.7102496,4,23.5,18.83333333,2.666666667,2.5,86.5,3.333333333,28,1.004690942,0,24.33654172,13.03568361,165733,448,0,0,57,WEBER
255,570102,239,575,2.405857741,115.1666667,2.666666666,4.666666667,107.8333333,138.9431019,2.333333333,0.333333333,0.666666667,4,10.83333333,7.333333333,0.166666667,89.5,0,0,13.74898626,10.02744893,115139,0,0,0,57,WEBER
256,570103,78,189,2.423076923,26.5,2.333333334,2.666666667,21.5,37.56308943,1.666666667,0.666666667,1,1.666666667,3.166666667,2.333333333,3.833333333,12.16666667,0,0,8.054854748,3.00823468,115139,0,0,0,57,WEBER
257,570104,375,1089,2.904,296.3333333,53,69.16666666,174.1666667,337.4238442,48.66666667,4.333333333,8.333333333,60.83333333,31.5,19.16666667,17,106.5,0,0,26.04933744,15.0411734,125227,0,0,0,57,WEBER
258,570105,1,4,4,148.8333333,17.33333333,19.5,112,154.6472317,14,3.333333333,11.5,8,17.66666667,18.66666667,20.83333333,54.83333333,0,0,5.813898364,0,165733,0,0,0,57,WEBER
259,570106,138,332,2.405797101,223.8333333,26.33333333,22.83333333,174.6666667,278.8898171,19.5,6.833333333,11.33333333,11.5,29,19,39.16666667,87.5,0,0,49.04001443,6.01646936,115139,0,0,0,57,WEBER
260,570107,0,0,0,0,0,0,0,0,0,0,0,0,0,0,0,0,0,0,0,0,112868,0,0,0,57,WEBER
261,570108,78,281,3.602564103,0,0,0,0,13.03482379,0,0,0,0,0,0,0,0,0,0,10.02658911,3.00823468,143159,0,0,0,57,WEBER
262,570109,50,180,3.6,0,0,0,0,4.958545934,0,0,0,0,0,0,0,0,0,0,2.953056147,2.005489787,139645,0,0,0,57,WEBER
263,570110,349,1155,3.309455587,8,2,1,5,43.89089406,2,0,0,1,3,0,0,2,0,0,21.85246555,14.03842851,112868,0,0,0,57,WEBER
264,570111,745,2470,3.315436242,0,0,0,0,67.98368616,0,0,0,0,0,0,0,0,0,0,37.90133936,30.0823468,119504,0,0,0,57,WEBER
265,570112,346,1063,3.072254335,87,0,0,87,117.8398783,0,0,0,0,0,87,0,0,0,0,16.80144981,14.03842851,126033,690,0,0,57,WEBER
266,570113,215,712,3.311627907,0,0,0,0,17.36722531,0,0,0,0,0,0,0,0,0,0,8.342521268,9.02470404,112968,0,0,0,57,WEBER
267,570114,289,1082,3.743944637,0,0,0,0,23.2468394,0,0,0,0,0,0,0,0,0,0,11.21390068,12.03293872,118204,0,0,0,57,WEBER
268,570115,150,458,3.053333333,0,0,0,0,11.83683304,0,0,0,0,0,0,0,0,0,0,5.820363675,6.01646936,126044,0,0,0,57,WEBER
269,570116,109,264,2.422018349,160.8333333,4.5,13.16666667,143.1666667,176.3256552,3.166666667,1.333333333,9.666666667,3.5,28.16666667,6.5,75,33.5,1.004690942,0,10.4766513,4.010979574,115139,0,0,0,57,WEBER
270,570117,66,160,2.424242424,340.8333333,280.6666666,10.83333333,49.33333333,359.6276906,169.3333333,111.3333333,1.333333333,9.5,2.833333333,1.833333333,2.333333333,42.33333333,0,0,15.78612263,3.00823468,115139,0,0,0,57,WEBER
271,570118,370,1054,2.848648649,132.8333333,10,2.333333334,120.5,170.3727262,8.833333333,1.166666667,0.666666667,1.666666667,4.5,67.5,29.66666667,18.83333333,0,0,22.49821945,15.0411734,89458,531,0,0,57,WEBER
272,570119,210,607,2.89047619,112,0,7,105,134.5061503,0,0,7,0,0,92,0,13,0,0,13.48144623,9.02470404,113403,0,863,0,57,WEBER
273,570120,307,912,2.970684039,0,0,0,0,24.77437123,0,0,0,0,0,0,0,0,0,0,11.9058773,12.86849393,109375,0,0,0,57,WEBER
274,570121,606,1970,3.250825083,0,0,0,0,60.56995674,0,0,0,0,0,0,0,0,0,0,35.50133441,25.06862233,111506,0,0,0,57,WEBER
275,570122,15.00000009,31,2.066666654,7.333333377,0.166666668,0,7.166666709,10.20266568,0.166666668,0,0,0,0.166666668,3.000000018,0,4.000000024,0,0,1.866587401,1.002744899,184236,0,0,0,57,WEBER
276,570123,768,2128,2.770833333,279.6666667,93.83333333,10.83333333,175,380.4102359,58.5,35.33333333,4,6.833333333,8,85.33333333,19.83333333,61.83333333,0,0,69.65847753,31.08509169,77120,317,85,0,57,WEBER
277,570124,12,28,2.333333333,82.66666666,36,2.166666666,44.5,86.33996288,35.33333333,0.666666667,0.333333333,1.833333333,4.333333333,1.5,3.833333333,34.83333333,0,0,3.673296222,0,115139,0,0,0,57,WEBER
278,570125,487,1199,2.46201232,897.1666667,449.6666667,34.16666666,413.3333333,972.9352814,274.5,175.1666667,27.33333333,6.833333333,20,163.5,142.5,87.33333333,1.004690942,0,54.70902594,20.05489787,91688,0,0,0,57,WEBER
279,570126,103,254,2.466019417,74,8.166666667,5.833333333,60,87.88192,5.666666667,2.5,2.833333333,3,7,9,21,23,2.009381883,0,7.861558547,4.010979574,91688,0,0,0,57,WEBER
280,570127,147,419,2.850340136,0,0,0,0,16.71395909,0,0,0,0,0,0,0,0,0,0,10.69748973,6.01646936,88462,0,0,0,57,WEBER
281,570128,303,745,2.458745875,1,0,0,1,28.82709957,0,0,0,0,0,1,0,0,1.004690942,0,14.78946991,12.03293872,101884,0,0,0,57,WEBER
282,570129,486,1540,3.16872428,398.1666667,103.8333333,30.5,263.8333333,453.5340672,76.33333333,27.5,13.5,17,47,22.83333333,41,153,1.004690942,0,34.3078117,20.05489787,104619,0,0,0,57,WEBER
283,570130,462,1379,2.984848485,302,115.3333333,11,175.6666667,350.6907364,25.16666667,90.16666667,3.333333333,7.666666667,13.33333333,91.5,20.33333333,50.5,0,0,29.63858344,19.05215297,99300,497,0,0,57,WEBER
284,570131,373,1116,2.991957105,8,0,0,8,39.82489714,0,0,0,0,3,0,4,1,0,0,16.78372374,15.0411734,99300,0,0,0,57,WEBER
285,570132,47,131,2.787234043,8.833333334,0.333333333,0.666666667,7.833333334,15.00174043,0.333333333,0,0.5,0.166666667,0,0,1.166666667,6.666666667,2.009381883,0,2.15353543,2.005489787,100540,0,0,0,57,WEBER
286,570133,205,572,2.790243902,132.3333333,11.83333333,3.166666667,117.3333333,155.4446447,4.333333333,7.5,1.5,1.666666667,47.16666667,2.833333333,40,27.33333333,0,0,15.08935222,8.021959147,82904,0,0,0,57,WEBER
287,570134,126,357,2.833333333,0,0,0,0,9.902829954,0,0,0,0,0,0,0,0,0,0,4.889105487,5.013724467,102685,0,0,0,57,WEBER
288,570135,984,2604,2.646341463,411.5,28.66666667,80.5,302.3333334,541.7585792,25.16666667,3.5,17.33333333,63.16666667,6,221.1666667,8.666666667,66.5,0,0,90.14878345,40.10979574,75727,713,1004,0,57,WEBER
289,570136,45,141,3.133333333,156.1666667,9.666666667,15.66666667,130.8333333,166.9826016,9,0.666666667,1.666666667,14,29,11.16666667,3.166666667,87.5,1.004690942,0,7.805754242,2.005489787,98833,0,0,0,57,WEBER
290,570137,119,406,3.411764706,0,0,0,0,9.624745957,0,0,0,0,0,0,0,0,0,0,4.61102149,5.013724467,146563,0,0,0,57,WEBER
291,570138,426,1347,3.161971831,2,0,0,2,35.65410088,0,0,0,0,0,2,0,0,0,0,16.60743769,17.04666319,104619,0,0,0,57,WEBER
292,570139,127,391,3.078740157,266.3333333,70.83333333,23.5,172,289.6169506,52,18.83333333,13,10.5,23.16666667,26.66666667,36.83333333,85.33333333,3.014072825,0,15.25581996,5.013724467,79635,0,0,0,57,WEBER
293,570140,374,1158,3.096256684,195.1666667,27.83333333,20.16666667,147.1666667,235.2975743,23.83333333,4,10.66666667,9.5,23.5,43,15.33333333,65.33333333,1.004690942,0,24.08504333,15.0411734,90463,0,0,0,57,WEBER
294,570141,191,587,3.073298429,1250.166667,641.6666666,64.33333333,544.1666666,1319.953124,506.8333333,134.8333333,39.83333333,24.5,65.5,135.3333333,70.33333333,273,0.83726075,0,60.92723769,8.021959147,79545,297,57,0,57,WEBER
295,570142,8,18,2.25,0,0,0,0,1.315110338,0,0,0,0,0,0,0,0,1.004690942,0,0.310419396,0,101797,0,0,0,57,WEBER
296,570143,10,26,2.6,0,0,0,0,2.397406128,0,0,0,0,0,0,0,0,2.009381883,0,0.388024245,0,108250,0,0,0,57,WEBER
297,570144,43,120,2.790697674,0,0,0,0,7.692757808,0,0,0,0,0,0,0,0,4.018763767,0,1.668504254,2.005489787,108250,0,0,0,57,WEBER
298,570145,29,60,2.068965517,0,0,0,0,4.137397087,0,0,0,0,0,0,0,0,2.009381883,0,1.125270311,1.002744893,101797,0,0,0,57,WEBER
299,570146,18,37,2.055555556,262.5,78.33333333,71.83333333,112.3333333,275.3915104,53.83333333,24.5,9,62.83333333,19.16666667,17.33333333,12.66666667,63.16666667,1.004690942,0,10.88407452,1.002744893,101797,0,0,0,57,WEBER
300,570147,5,18,3.6,447,14.16666667,27.83333333,405,465.5433835,5.333333333,8.833333333,14.83333333,13,28.16666667,180.5,19,177.3333333,1.004690942,0,17.53869256,0,146563,327,213,261,57,WEBER
301,570148,12,42,3.5,0,0,0,0,1.470320036,0,0,0,0,0,0,0,0,1.004690942,0,0.465629094,0,146563,0,0,0,57,WEBER
302,570149,80,219,2.7375,12.66666667,0.666666666,1.333333334,10.66666667,24.2781973,0.333333333,0.333333333,0.666666667,0.666666667,4,0.5,1.333333333,4.833333333,3.014072825,0,5.589223124,3.00823468,108250,0,0,0,57,WEBER
303,570150,55,150,2.727272727,142,62.16666666,5.333333333,74.5,153.6542598,20.33333333,41.83333333,0.833333333,4.5,7.666666667,5.666666667,8.166666667,53,1.004690942,0,8.644079123,2.005489787,108250,0,0,0,57,WEBER
304,570151,71,190,2.676056338,65,1.666666666,1.166666667,62.16666667,78.29005465,1.333333333,0.333333333,0.166666667,1,1.666666667,54.16666667,1.333333333,5,1.004690942,0,9.277129025,3.00823468,84033,394,0,0,57,WEBER
305,570152,1,2,2,0,0,0,0,3.05287525,0,0,0,0,0,0,0,0,3.014072825,0,0.038802425,0,108250,0,0,0,57,WEBER
306,570153,27,75,2.777777778,0,0,0,0,4.059792238,0,0,0,0,0,0,0,0,2.009381883,0,1.047665462,1.002744893,108250,0,0,0,57,WEBER
307,570154,92,252,2.739130435,0,0,0,0,9.590184511,0,0,0,0,0,0,0,0,2.009381883,0,3.569823054,4.010979574,108250,0,0,0,57,WEBER
308,570155,45,123,2.733333333,418.3333333,114.5,37.33333333,266.5,439.3219776,102.6666667,11.83333333,23.83333333,13.5,46,39,37.66666667,143.8333333,1.004690942,0,17.97846353,2.005489787,108250,0,0,0,57,WEBER
309,570156,180,487,2.705555556,275.3333333,60,85.83333334,129.5,303.0299688,46.5,13.5,78.66666667,7.166666667,25.83333333,10,17.33333333,76.33333333,2.009381883,0,18.66803932,7.019214254,84033,0,0,0,57,WEBER
310,570157,0,0,0,152,26.66666666,44,81.33333333,157.8979693,26.33333333,0.333333333,11.5,32.5,12.83333333,3.5,2.333333333,62.66666667,0,0,5.897969259,0,108250,0,0,0,57,WEBER
311,570158,23,60,2.608695652,1446.5,382.1666667,194.6666666,869.6666667,1509.52113,210.5,171.6666667,137.3333333,57.33333333,151.5,170.8333333,50.16666667,497.1666667,1.004690942,0,61.01369464,1.002744893,84033,0,70,549,57,WEBER
312,570159,414,1569,3.789855072,456.3333334,3.5,8.166666666,444.6666667,509.1604231,3.5,0,0.333333333,7.833333333,13.66666667,6.833333333,226,198.1666667,2.009381883,0,33.77104467,17.04666319,60449,0,0,0,57,WEBER
313,570160,715,1998,2.794405594,75.83333333,20.33333334,0.666666667,54.83333333,135.599187,0.166666667,20.16666667,0.166666667,0.5,0.5,44.83333333,2.166666667,7.333333333,0,0,30.68625171,29.07960191,82904,462,0,0,57,WEBER
314,570161,588,1665,2.831632653,14.5,0.833333334,1.5,12.16666666,61.9443385,0.666666667,0.166666667,0.5,1,0.5,0.333333333,0.5,10.83333333,0,0,23.37846106,24.06587744,102783,0,0,0,57,WEBER
315,570162,0,0,0,1178.333333,27.33333333,548,603.0000001,1224.055516,26,1.333333333,235.5,312.5,119.1666667,90.33333333,0.833333333,392.6666667,0,0,45.7221829,0,62459,0,0,0,57,WEBER
316,570163,1187,3703,3.119629318,226.8333333,17.33333333,22.66666667,186.8333333,353.8122974,11,6.333333333,12,10.66666667,12.33333333,29.33333333,61.16666667,84,0,0,78.84720921,48.13175488,66639,0,0,0,57,WEBER
317,570164,514,1297,2.523346304,7.833333334,0.166666667,0,7.666666667,49.14584124,0.166666667,0,0,0,0,0,0.166666667,7.5,0,0,20.25486515,21.05764276,100302,0,0,0,57,WEBER
318,570165,116,290,2.5,0,0,0,0,10.51480571,0,0,0,0,0,0,0,0,0,0,5.501081242,5.013724467,93119,0,0,0,57,WEBER
319,570166,0,0,0,3045.333333,289.5,2036.666667,719.1666666,3163.499657,270.6666667,18.83333333,1531.5,505.1666667,162.3333333,285.8333333,6,265,0,0,118.1663234,0,60449,0,0,0,57,WEBER
320,570167,616,1608,2.61038961,47,0,1,46,97.76229457,0,0,0,1,0,27,0,19,0,0,25.69367224,25.06862233,65791,0,0,0,57,WEBER
321,570168,518,1258,2.428571429,136,0,2,134,182.3956257,0,0,0,2,4,116,0,14,0,0,25.33798298,21.05764276,90388,0,0,0,57,WEBER
322,570169,334,689,2.062874251,445,76.33333333,54.16666666,314.5,489.2655248,63.33333333,13,37.33333333,16.83333333,38.5,93.66666667,37.66666667,144.6666667,0,0,30.22709622,14.03842851,34850,0,0,0,57,WEBER
323,570170,367,830,2.261580381,211.5,56,76.83333334,78.66666666,248.9883732,53.83333333,2.166666667,3.166666667,73.66666667,6.833333333,5.666666667,5.333333333,60.83333333,0,0,22.44719985,15.0411734,61045,0,0,0,57,WEBER
324,570171,391,886,2.265984655,584,206,61,317,637.876276,174.6666667,31.33333333,46.33333333,14.66666667,38.33333333,68.5,39.33333333,170.8333333,0,0,37.83235774,16.04391829,61045,0,0,0,57,WEBER
325,570172,466,1169,2.508583691,0,0,0,0,37.11468128,0,0,0,0,0,0,0,0,0,0,18.06252831,19.05215297,84211,0,0,0,57,WEBER
326,570173,0,0,0,3971.833333,81.16666666,1602.833334,2287.833333,4126.954794,78.83333333,2.333333333,1165.666667,437.1666667,489.6666667,412.8333333,61,1324.333333,1.004690942,0,154.1167696,0,72241,0,0,24,57,WEBER
327,570174,510,1221,2.394117647,159.8333333,3.166666666,32.5,124.1666667,207.8738955,2.333333333,0.833333333,2.5,30,4.166666667,70.83333333,3.166666667,46,1.004690942,0,25.97822848,21.05764276,81818,625,0,0,57,WEBER
328,570175,329,675,2.051671733,534,136.5,6.5,391,580.5092436,69,67.5,3.333333333,3.166666667,7.333333333,9.833333333,8.333333333,365.5,0,0,33.47355995,13.03568361,34850,0,0,0,57,WEBER
329,570176,877,2055,2.343215507,359.5,82.16666666,34.33333333,243,443.506867,74.83333333,7.333333333,22,12.33333333,17.5,126.3333333,14,85.16666667,0,0,47.9080509,36.09881616,77632,438,650,0,57,WEBER
330,570177,442,1347,3.047511312,157,34.16666666,6.833333333,116,198.2855922,32.83333333,1.333333333,2,4.833333333,6.833333333,79.66666667,6.833333333,22.66666667,0,0,23.23618414,18.04940808,62763,385,0,0,57,WEBER
331,570178,318,660,2.075471698,413,0,0,413,454.3679208,0,0,0,0,0,413,0,0,0,0,28.33223724,13.03568361,34336,717,0,0,57,WEBER
332,570179,353.0000001,862,2.441926345,99.83333335,9.833333335,12,78.00000001,131.4428338,6.833333334,3.000000001,6.333333334,5.666666668,14.5,12.66666667,14,36.83333334,0,0,17.57107192,14.03842851,55000,0,0,0,57,WEBER
333,570180,630,1901,3.017460317,899.3333333,156.1666667,196.8333333,546.3333333,984.7400717,109.5,46.66666667,161.5,35.33333333,75.16666667,65.33333333,64.5,341.3333333,0,0,59.3353712,26.07136723,70119,0,0,0,57,WEBER
334,570181,314,654,2.082802548,1066.166667,602.6666667,46.16666667,417.3333334,1148.782048,283.5,319.1666667,23,23.16666667,42.16666667,47.83333333,87.16666667,240.1666667,0,0,69.57969813,13.03568361,45976,38,0,0,57,WEBER
335,570182,468,1259,2.69017094,745.0000001,502.6666667,52.16666667,190.1666667,811.0483578,30.5,472.1666667,10.66666667,41.5,18,16.66666667,18.83333333,136.6666667,0,0,46.99620476,19.05215297,72452,0,0,0,57,WEBER
336,570183,215,651,3.027906977,149.8333333,7.166666667,7.666666666,135,172.9497859,5.5,1.666666667,4.333333333,3.333333333,7.5,94.16666667,9,24.33333333,0,0,14.09174848,9.02470404,70139,16,0,0,57,WEBER
337,570184,332,1031,3.105421687,430.4999999,6.166666666,15.33333333,408.9999999,473.9322623,4.666666666,1.5,4.166666666,11.16666667,7.999999999,302.8333333,68.83333332,29.33333333,0,0,29.56097982,13.87128254,70815,0,0,1186,57,WEBER
338,570185,480.9999997,1311,2.725571727,6.333333329,0,0,6.333333329,47.2979456,0,0,0,0,0.333333333,0.666666667,0,5.333333329,0,0,20.90971442,20.05489786,89464,0,0,0,57,WEBER
339,570186,2,5,2.5,641.6666666,27.33333333,48,566.3333333,666.642509,15.33333333,12,15.66666667,32.33333333,92,157.8333333,42.5,274,0,0,24.97584235,0,84033,0,0,0,57,WEBER
340,570187,402,839,2.087064677,2983.333333,426,1743.833333,813.5,3134.742838,287.5,138.5,1600.5,143.3333333,117.5,160.6666667,66.33333333,469,0,0,135.3655865,16.04391829,57188,0,0,0,57,WEBER
341,570188,84,174,2.071428571,475.5,162.1666667,17.16666667,296.1666666,500.2181974,91.66666667,70.5,8.333333333,8.833333333,40.5,162.3333333,17,76.33333333,0,0,21.70996274,3.00823468,57188,696,291,0,57,WEBER
342,570189,233,698,2.995708155,73.16666667,71.33333334,0.5,1.333333333,94.90046783,0.166666667,71.16666667,0.333333333,0.166666667,0.166666667,0.333333333,0.5,0.333333333,0,0,11.8735419,9.860259255,65942,0,0,0,57,WEBER
343,570190,144,432,3,200.6666667,156.5,2.166666666,42,220.0570344,9.5,147,0.333333333,1.833333333,0.833333333,1.833333333,1,38.33333333,0,0,13.37389835,6.01646936,67236,0,0,0,57,WEBER
344,570191,355,745,2.098591549,368.6666666,93.66666667,42.83333334,232.1666666,410.7398506,80,13.66666667,22.66666667,20.16666667,42,18,31.33333333,140.8333333,0,0,28.03475543,14.03842851,84819,0,0,0,57,WEBER
345,570192,219,439,2.00456621,44.5,1.833333333,1.833333333,40.83333333,63.74267514,0.833333333,1,0.833333333,1,2.833333333,2.166666667,25,10.83333333,0,0,10.2179711,9.02470404,90030,0,0,0,57,WEBER
346,570193,409,668,1.633251834,127.5,49.33333334,2.166666667,76,165.3382952,2.166666667,47.16666667,1,1.166666667,1.5,66.16666667,1.5,6.833333333,0,0,20.79163196,17.04666319,54788,0,563,0,57,WEBER
347,570194,696,1135,1.630747126,295.5,173.8333333,10.83333333,110.8333333,362.0494604,170.8333333,3,6.166666667,4.666666667,19.33333333,10.66666667,24.33333333,56.5,0,0,38.47260346,28.07685701,54883,0,0,0,57,WEBER
348,570195,192.0000004,425,2.213541662,270.5000006,105.5000002,10.16666669,154.8333337,296.4810143,2.500000006,103.0000002,4.833333344,5.333333345,10.66666669,11.1666667,15.66666671,117.3333336,0,0,17.9590545,8.021959166,64631,0,0,0,57,WEBER
349,570196,199,415,2.085427136,0,0,0,0,15.74364162,0,0,0,0,0,0,0,0,0,0,7.721682476,8.021959147,45431,0,0,0,57,WEBER
350,570197,259,551,2.127413127,17.5,6.5,1.333333333,9.666666666,58.25259892,6.333333333,0.166666667,0,1.333333333,1.333333333,0.333333333,1,7,0,0,29.72240509,11.03019383,57267,0,0,0,57,WEBER
351,570198,3,10,3.333333333,104.5,4.5,41.5,58.5,108.6712609,4,0.5,6.833333333,34.66666667,12.33333333,6.833333333,1.166666667,38.16666667,0,0,4.171260906,0,84033,0,0,0,57,WEBER
352,570199,32,66,2.0625,279.8333333,0.166666667,220.3333333,59.33333333,292.9295006,0.166666667,0,0,220.3333333,0.5,0.333333333,0.166666667,58.33333333,0,0,12.09342242,1.002744893,57188,0,0,0,57,WEBER
353,570200,99.99999759,203,2.030000049,642.8333178,374.4999909,22.83333278,245.4999941,675.7197687,356.8333247,17.66666624,5.999999855,16.83333292,45.33333224,9.499999771,44.1666656,146.4999965,0,0,28.87547141,4.010979477,67633,0,0,0,57,WEBER
354,570201,0,0,0,131.6666667,46.16666666,4.5,81,136.7756534,44.33333333,1.833333333,1.666666667,2.833333333,10.16666667,1.5,6,63.33333333,0,0,5.108986718,0,67633,0,0,0,57,WEBER
355,570202,19,56,2.947368421,107.6666667,38.83333334,35.16666666,33.66666667,113.5843862,38.16666667,0.666666667,15.83333333,19.33333333,5.666666667,3,1.833333333,23.16666667,0,0,4.914974596,1.002744893,73705,0,0,0,57,WEBER
356,570203,232,470,2.025862069,81.16666666,26.66666666,6.166666667,48.33333333,102.5164804,13.83333333,12.83333333,2.5,3.666666667,8.833333333,1.333333333,9.333333333,28.83333333,0,0,12.15809472,9.191719018,67633,0,0,0,57,WEBER
357,570204,49,147,3,4.833333333,0.5,0.833333333,3.5,8.940622238,0.5,0,0.833333333,0,0.166666667,0.833333333,0.333333333,2.166666667,0,0,2.101799118,2.005489787,73705,0,0,0,57,WEBER
358,570205,96,195,2.03125,190,161,29,0,209.1149397,25,136,29,0,0,0,0,0,0,0,15.10396008,4.010979574,67633,0,0,0,57,WEBER
359,570206,78,233,2.987179487,64.5,13.66666667,5,45.83333333,75.03757957,12.5,1.166666667,2.666666667,2.333333333,5.666666667,2,7.166666667,31,0,0,7.529344893,3.00823468,73705,0,0,0,57,WEBER
360,570207,344,595,1.729651163,222.1666666,47.83333333,0.333333333,174,258.1931315,0.333333333,47.5,0,0.333333333,0.5,0.5,8.666666667,164.3333333,0,0,21.9880364,14.03842851,58750,0,0,0,57,WEBER
361,570208,160,448,2.8,300,0,0,300,324.8683295,0,0,0,0,0,300,0,0,0,0,17.84911527,7.019214254,87416,0,0,0,57,WEBER
362,570209,307,677,2.205211726,260.5,146.3333334,15,99.16666667,295.0223727,112.1666667,34.16666667,8.833333333,6.166666667,15.5,14.83333333,16.16666667,52.66666667,0,0,21.98803964,12.53433299,64631,0,0,0,57,WEBER
363,570210,245,694,2.832653061,0,0,0,0,19.50817448,0,0,0,0,0,0,0,0,0,0,9.480725548,10.02744893,91406,0,0,0,57,WEBER
364,570211,1,1,1,617.8333333,127.3333333,362.8333333,127.6666667,641.8455616,79.66666667,47.66666667,71.5,291.3333333,29,7.333333333,4.833333333,86.5,0,0,24.0122283,0,92921,0,0,0,57,WEBER
365,570212,0,0,0,224.3333333,5.166666667,94.66666666,124.5,233.0444742,5.166666667,0,0.833333333,93.83333333,14,62,0.166666667,48.33333333,0,0,8.711140872,0,60000,0,0,0,57,WEBER
366,570213,60,191,3.183333333,664.6666667,31.66666666,272.1666667,360.8333333,730.7909927,27.83333333,3.833333333,171.1666667,101,66,61.66666667,15.66666667,217.5,0,0,64.1188362,2.005489787,60000,0,0,0,57,WEBER
367,570214,0,0,0,24.83333333,2.333333334,2.5,20,25.85513195,1.666666667,0.666666667,1,1.5,4.5,3.333333333,2.666666667,9.5,0,0,1.021798611,0,67633,0,0,0,57,WEBER
368,570215,31.00000048,62,1.999999969,113.1666684,20.16666697,45.00000069,48.00000074,119.7634324,19.83333364,0.333333338,4.500000069,40.50000062,7.000000108,10.50000016,5.500000085,25.00000038,0,0,5.594019069,1.002744908,67633,0,0,0,57,WEBER
369,570216,0,0,0,1064,153.3333333,91.16666666,819.5,1105.285764,122.5,30.83333333,32.83333333,58.33333333,136,38,113.8333333,531.6666667,0,0,41.28576403,0,38708,0,0,0,57,WEBER
370,570217,8,15,1.875,603.6666666,44.83333333,71,487.8333333,627.4007987,28.5,16.33333333,19,52,42.83333333,31.83333333,23.33333333,389.8333333,0,0,23.73413206,0,67633,0,0,0,57,WEBER
371,570218,0,0,0,810.1666667,66.16666666,110.1666667,633.8333334,841.6031338,51.83333333,14.33333333,67.5,42.66666667,85,67,80.16666667,401.6666667,0,0,31.43646711,0,53170,0,0,0,57,WEBER
372,570219,266,540,2.030075188,1144.166667,317,24.66666667,802.5,1209.914771,264.1666667,52.83333333,4,20.66666667,71.5,437.1666667,8,285.8333333,0,0,54.71791009,11.03019383,67633,735,313,230,57,WEBER
373,570220,153,309,2.019607843,1633.666667,290.3333333,92.33333334,1251,1709.016223,67.5,222.8333333,45.66666667,46.66666667,239.1666667,42.33333333,57,912.5,0,0,69.33308701,6.01646936,48195,0,0,0,57,WEBER
374,570221,120,243,2.025,53.16666667,6.833333333,3.333333333,43,64.90614128,4.833333333,2,1.833333333,1.5,8,3.333333333,8.666666667,23,0,0,6.725750143,5.013724467,67633,0,0,0,57,WEBER
375,570222,162,328,2.024691358,1312.5,125.5,54.16666667,1132.833333,1376.733422,102.8333333,22.66666667,18,36.16666667,188,298.1666667,188,458.6666667,0,0,57.21420804,7.019214254,61173,0,0,0,57,WEBER
376,570223,93,188,2.021505376,212.3333333,31.33333333,17.66666667,163.3333333,228.1984546,25.83333333,5.5,8.666666667,9,25.5,22,19.66666667,96.16666667,0,0,11.85414169,4.010979574,59564,0,0,0,57,WEBER
377,570224,595,988,1.660504202,298.3333333,19.5,15.5,263.3333333,357.0885814,16.83333333,2.666666667,7,8.5,29.33333333,9.333333333,143,81.66666667,0,0,34.68937063,24.06587744,36806,0,0,0,57,WEBER
378,570225,301,524,1.740863787,60.83333333,3.166666667,0.833333333,56.83333333,86.92568233,3.166666667,0,0.5,0.333333333,0.333333333,54,0.166666667,2.333333333,0,0,14.05941028,12.03293872,58750,666,0,0,57,WEBER
379,570226,699,1808,2.586552217,39.83333333,4.333333333,4,31.5,98.2343201,3.333333333,1,1.833333333,2.166666667,4,4.666666667,6,16.83333333,0,0,29.65558952,28.74539725,52104,0,0,0,57,WEBER
380,570227,460,1287,2.797826087,33.16666667,3.5,4.833333333,24.83333334,71.34194583,3,0.5,1.333333333,3.5,4,4.333333333,2.333333333,14.16666667,0,0,19.12312619,19.05215297,87569,0,0,0,57,WEBER
381,570228,389,1002,2.575835476,36,18.5,1.666666667,15.83333334,68.51554861,18,0.5,1,0.666666667,2,1.166666667,2.5,10.16666667,0,0,16.47163032,16.04391829,73722,0,0,0,57,WEBER
382,570229,156,442,2.833333333,1,0,0,1,13.08904817,0,0,0,0,1,0,0,0,0,0,6.072578809,6.01646936,91406,0,0,0,57,WEBER
383,570230,0,0,0,1910.333334,115.8333333,1291.166667,503.3333333,1984.458894,98.66666667,17.16666667,1032.166667,259,293.8333333,36.16666667,6.666666667,166.6666667,0,0,74.12556061,0,60000,0,0,0,57,WEBER
384,570231,6,17,2.833333333,932.3333334,40.16666667,533,359.1666667,968.742956,35.5,4.666666667,281,252,121.6666667,23.83333333,2.5,211.1666667,0,0,36.40962265,0,60000,0,0,0,57,WEBER
385,570232,7,24,3.428571429,371.1666666,19,193.6666666,158.5,385.8404591,15.33333333,3.666666667,155.8333333,37.83333333,35,19.5,6.5,97.5,0,0,14.67379247,0,60000,0,0,0,57,WEBER
386,570233,6,17,2.833333333,764,45,635,84,793.877837,36.66666667,8.333333333,138.6666667,496.3333333,13.5,3.666666667,1.333333333,65.5,0,0,29.87783699,0,60000,0,0,0,57,WEBER
387,570234,292,935,3.202054795,375.5,22.66666667,215.1666667,137.6666667,413.4206312,8.666666667,14,184.5,30.66666667,47,6.833333333,2.333333333,81.5,0,0,25.88769244,12.03293872,60000,0,0,0,57,WEBER
388,570235,0,0,0,12,0,12,0,12.47209577,0,0,0,12,0,0,0,0,0,0,0.472095766,0,60000,0,0,0,57,WEBER
389,570236,90,135,1.5,299.8333333,31,74.33333333,194.5,318.9707948,21.16666667,9.833333333,65.5,8.833333333,23.83333333,23.66666667,19.66666667,127.3333333,0,0,15.1264819,4.010979574,41532,0,0,0,57,WEBER
390,570237,69,105,1.52173913,954.8333333,293.3333333,51.33333334,610.1666666,997.5687718,65.33333333,228,27.66666667,23.66666667,110.5,66.83333333,57,375.8333333,0,0,39.72720383,3.00823468,38708,0,0,0,57,WEBER
391,570238,28,90,3.214285714,508.6666667,5.666666667,16.66666666,486.3333333,530.493381,4.666666667,1,11.83333333,4.833333333,31.83333333,386.5,9,59,0,0,20.8239694,1.002744893,42053,0,0,0,57,WEBER
392,570239,0,0,0,1240.833333,446,66.66666667,728.1666666,1288.99341,103.5,342.5,35.66666667,31,137,87.83333333,134.3333333,369,0,0,48.16007658,0,38708,0,0,0,57,WEBER
393,570240,114,172,1.50877193,685.3333333,97.83333333,35.16666666,552.3333333,721.363142,85.83333333,12,14.33333333,20.83333333,105,21.16666667,80.66666667,345.5,0,0,31.01608418,5.013724467,38969,0,0,0,57,WEBER
394,570241,0,0,0,8483.666666,448.8333333,236.3333333,7798.5,8812.860004,228.5,220.3333333,82.83333333,153.5,987.6666667,5526,146,1138.833333,0,0,329.1933372,0,38708,0,0,0,57,WEBER
395,570242,153,231,1.509803922,681.6666667,64,49.33333334,568.3333333,720.0702536,48.66666667,15.33333333,23.66666667,25.66666667,104.1666667,103.5,87.33333333,273.3333333,0,0,32.38711753,6.01646936,39105,0,0,0,57,WEBER
396,570243,363,547,1.506887052,1302.166667,260.6666667,72.16666666,969.3333333,1381.820318,94.66666667,166,29.83333333,42.33333333,104.3333333,299.8333333,64,501.1666667,0,0,64.61247767,15.0411734,38708,0,0,0,57,WEBER
397,570244,559,1462,2.615384615,252.5,38.66666666,19.16666667,194.6666667,307.0512937,36.33333333,2.333333333,3.166666667,16,14.66666667,19.16666667,103.5,57.33333333,0,0,31.4881612,23.06313255,68750,0,0,0,57,WEBER
398,570245,688,1260,1.831395349,389,36.16666667,10.33333333,342.5,458.8670711,31,5.166666667,4.333333333,6,152.5,52.33333333,27,110.6666667,0,0,41.79021405,28.07685701,31374,0,0,0,57,WEBER
399,570246,547,1230,2.248628885,106.8333333,66,2.5,38.33333333,154.2640364,65.33333333,0.666666667,1,1.5,3.5,5.166666667,4.166666667,25.5,0,0,25.37031539,22.06038765,49292,0,0,0,57,WEBER
400,570247,486,870,1.790123457,911,67.66666667,83.5,759.8333334,985.2618984,60,7.666666667,47.66666667,35.83333333,95.33333333,215.1666667,69.83333333,379.5,0,0,54.2070005,20.05489787,55076,0,0,0,57,WEBER
401,570248,322,824,2.559006211,68.50000001,16.33333334,2.333333333,49.83333334,96.68801657,1.166666667,15.16666667,0,2.333333333,1.166666667,30,1.5,17.16666667,0,0,15.15233295,13.03568361,109750,522,0,0,57,WEBER
402,570249,358,846,2.363128492,80.16666667,3.666666666,2.833333333,73.66666667,112.2033032,3.333333333,0.333333333,1.333333333,1.5,3.166666667,1.166666667,57.16666667,12.16666667,0,0,16.99546313,15.0411734,83036,0,0,0,57,WEBER
403,570250,217.0000012,480,2.211981555,19.0000001,0,0,19.0000001,37.15620827,0,0,0,0,4.000000022,0,2.000000011,13.00000007,0,0,9.131504075,9.024704089,113655,0,0,0,57,WEBER
404,570251,183,404,2.207650273,38,0,0,38,53.58808269,0,0,0,0,0,37,1,0,0,0,8.568868437,7.019214255,137053,0,0,171,57,WEBER
405,570252,9,26,2.888888889,1228.333333,114.3333333,238.5,875.5,1276.344889,109.5,4.833333333,110,128.5,177,36.16666667,13.83333333,648.5,0,0,48.01155588,0,60000,0,0,0,57,WEBER
406,570253,1,1,1,132.6666667,24.66666666,7.333333333,100.6666667,137.8532574,24.33333333,0.333333333,1.5,5.833333333,16.16666667,3.5,3,78,0,0,5.186590696,0,60000,0,0,0,57,WEBER
407,570254,0,0,0,358.8333333,94.16666667,103,161.6666667,372.7569414,94,0.166666667,64.83333333,38.16666667,18.83333333,4.333333333,2,136.5,0,0,13.92360805,0,60000,0,0,0,57,WEBER
408,570255,0,0,0,610.3333333,9.833333333,388.6666667,211.8333333,634.0157492,9,0.833333333,0.5,388.1666667,50.83333333,5.166666667,0.5,155.3333333,0,0,23.68241585,0,60000,0,0,0,57,WEBER
409,570256,17,53,3.117647059,964.1666667,71,680.6666667,212.5,1003.241061,66.33333333,4.666666667,334,346.6666667,29,38.16666667,15,130.3333333,0,0,38.07164982,1.002744893,42661,0,0,0,57,WEBER
410,570257,88,284,3.227272727,141.5,47.33333333,11.66666667,82.50000001,154.4161344,44.33333333,3,6.333333333,5.333333333,16,7.666666667,12.66666667,46.16666667,0,0,8.905154845,4.010979574,42661,0,0,0,57,WEBER
411,570258,314,1013,3.22611465,85.33333334,11.16666667,14.16666667,60,113.8705895,10.66666667,0.5,10.16666667,4,8.833333333,9.166666667,8.666666667,33.33333333,0,0,15.50157256,13.03568361,42661,0,0,0,57,WEBER
412,570259,96,212,2.208333333,726.5,42,5.666666667,678.8333333,762.4324406,37,5,2.166666667,3.5,0.833333333,1.5,1,675.5,0,0,31.92146099,4.010979574,39107,0,0,0,57,WEBER
413,570260,166,370,2.228915663,389,75.83333333,34.16666666,279,417.5545615,53,22.83333333,15.83333333,18.33333333,45.66666667,26.66666667,38.83333333,167.8333333,0,0,21.53534731,7.019214254,39107,0,0,0,57,WEBER
414,570261,69,155,2.246376812,201.8333333,29,70.5,102.3333333,215.3505594,22.66666667,6.333333333,2.333333333,68.16666667,11.16666667,40.83333333,13.66666667,36.66666667,0,0,10.50899135,3.00823468,39107,0,12,271,57,WEBER
415,570262,415,1277,3.077108434,72.5,10.16666667,8.5,53.83333333,108.4563762,7.666666667,2.5,3.5,5,8.166666667,3.166666667,11.66666667,30.83333333,0,0,18.90971296,17.04666319,80417,0,0,0,57,WEBER
416,570263,426,1000,2.34741784,25.5,8.333333334,1.833333334,15.33333333,60.06595959,8.166666667,0.166666667,0.666666667,1.166666667,2.833333333,0.666666667,2.5,9.333333333,0,0,17.5192964,17.04666319,54455,0,0,0,57,WEBER
417,570264,361,912,2.526315789,412.8333333,106.6666667,25.16666667,281,457.8881822,73.16666667,33.5,12,13.16666667,31.16666667,30,73.83333333,146,0,0,30.01367541,15.0411734,53571,0,0,0,57,WEBER
418,570265,412,1196,2.902912621,135.5,2.333333333,1,132.1666667,173.7845232,2.333333333,0,0,1,1.333333333,34.33333333,11.16666667,85.33333333,0,0,21.23786001,17.04666319,79321,215,64,0,57,WEBER
419,570266,522,1115,2.136015326,29,0,0,29,71.43777866,0,0,0,0,9,1,13,6,0,0,21.3801359,21.05764276,51806,0,0,0,57,WEBER
420,570267,149,380,2.55033557,157,0,0,157,174.8900113,0,0,0,0,0,157,0,0,0,0,11.8735419,6.01646936,109750,0,0,1133,57,WEBER
421,570268,106,266,2.509433962,43.33333334,1.166666667,2.666666667,39.5,53.13881004,1,0.166666667,0,2.666666667,8,7.833333333,0,23.66666667,0,0,5.794497125,4.010979574,78499,0,0,0,57,WEBER
422,570269,0,0,0,3917.666667,1.666666667,3327,589,4069.681637,1.5,0.166666667,3256,71,483.1666667,12.66666667,45.5,47.66666667,0,0,152.0149704,0,60000,0,0,0,57,WEBER
423,570270,36,86,2.388888889,492.1666667,54.33333334,129.6666667,308.1666667,513.8370902,49.16666667,5.166666667,12,117.6666667,54.33333333,29.16666667,18,206.6666667,0,0,20.50061996,1.169803512,63973,0,0,0,57,WEBER
424,570271,0,0,0,442.3333334,123.8333334,120.8333333,197.6666667,459.5034081,120.6666667,3.166666667,104.8333333,16,22,16,58,101.6666667,0,0,17.17007475,0,63750,0,0,0,57,WEBER
425,570272,142,401,2.823943662,683.6666667,240.5,37.33333334,405.8333334,722.7145413,214.6666667,25.83333333,15.16666667,22.16666667,56.5,30.5,65.16666667,253.6666667,0,0,33.03140524,6.01646936,63750,0,0,0,57,WEBER
426,570273,179,504,2.815642458,542.3333333,83.83333333,44.66666666,413.8333333,577.3420439,77.5,6.333333333,14.33333333,30.33333333,71,22.33333333,169.6666667,150.8333333,0,0,27.98949637,7.019214254,63750,0,0,0,57,WEBER
427,570274,77,206,2.675324675,436.1666666,98.5,23.66666667,314,459.0870256,49.66666667,48.83333333,11.66666667,12,47.66666667,76.33333333,59.66666667,130.3333333,0,0,19.91212429,3.00823468,70145,505,0,0,57,WEBER
428,570275,57,152,2.666666667,319.8333333,57,33,229.8333333,336.4673454,49.33333333,7.666666667,12.16666667,20.83333333,40.5,19.33333333,40.5,129.5,0,0,14.62852231,2.005489787,70145,0,0,0,57,WEBER
429,570276,121,324,2.67768595,463.5,96.33333334,44.66666667,322.5,491.1937469,88.16666667,8.166666667,26.16666667,18.5,44.33333333,52.16666667,58,168,0,0,22.68002245,5.013724467,70145,0,0,0,57,WEBER
430,570277,384,1117,2.908854167,0,0,0,0,30.93111489,0,0,0,0,0,0,0,0,0,0,14.8871966,16.04391829,82733,0,0,0,57,WEBER
431,570278,241,742,3.078838174,43.16666666,2.333333333,5.166666666,35.66666667,64.20107007,1.833333333,0.5,1.333333333,3.833333333,3,3.833333333,3.833333333,25,0,0,11.00695448,10.02744893,81330,537,0,0,57,WEBER
432,570279,790,1529,1.935443038,419.1666666,89,34.66666666,295.5,498.1472343,34.33333333,54.66666667,21.83333333,12.83333333,34.83333333,49.5,46.33333333,164.8333333,0,0,46.89273113,32.08783659,82630,0,0,0,57,WEBER
433,570280,374.9999999,949,2.530666668,343.1666665,18.99999999,16.16666666,307.9999998,386.0615157,15.99999999,2.999999999,9.666666663,6.499999997,19.33333332,151.3333332,59.16666665,78.16666664,0,0,27.85367585,15.04117339,78706,357,806,0,57,WEBER
434,570281,0,0,0,1368.333333,776,151.1666667,441.1666667,1421.453888,494.5,281.5,21.5,129.6666667,91.5,39.33333333,76.66666667,233.6666667,0,0,53.12055506,0,74224,0,0,0,57,WEBER
435,570282,78,208,2.666666667,296.1666667,26.33333333,20.83333334,249,313.6934766,19.5,6.833333333,9.166666667,11.66666667,23.5,14.5,42.33333333,168.6666667,0,0,14.51857526,3.00823468,70145,0,0,0,57,WEBER
436,570283,481,995,2.068607069,502.5,107,45.16666667,350.3333334,560.704154,67,40,24.5,20.66666667,47.33333333,32.66666667,79.16666667,191.1666667,0,0,38.14925611,20.05489787,65602,8,8,1,57,WEBER
437,570284,221.0000001,710,3.212669682,3434.333335,45.00000002,19.83333334,3369.500001,3587.161501,0.833333333,44.16666668,3.166666668,16.66666667,13.33333333,3263.666668,34.66666668,57.83333335,0,0,143.8034626,9.024704043,105733,33,0,0,57,WEBER
438,570285,178,444,2.494382022,0,0,0,0,13.92604582,0,0,0,0,0,0,0,0,0,0,6.906831561,7.019214254,136417,0,0,0,57,WEBER
439,570286,263,630,2.395437262,1643.333333,24.16666667,54.16666667,1565,1728.314496,17.66666667,6.5,31.5,22.66666667,183,84.66666667,422,875.3333333,0,0,73.95096877,11.03019383,71125,0,0,0,57,WEBER
440,570287,162,385,2.37654321,4314.166666,253.5,24,4036.666666,4494.878471,180.6666667,72.83333333,15,9,19.16666667,25.5,3583.833333,408.1666667,0,0,173.6925902,7.019214254,100948,0,0,0,57,WEBER
441,570288,245,585,2.387755102,373.6666667,171.8333333,18.33333333,183.5,407.6998835,34.83333333,137,3.833333333,14.5,5.666666667,107.5,14.66666667,55.66666667,0,0,24.00576794,10.02744893,110787,0,0,0,57,WEBER
442,570289,253,603,2.383399209,608.1666666,34.5,49.33333334,524.3333333,653.6353368,3.333333333,31.16666667,0.166666667,49.16666667,1.166666667,1,2.333333333,519.8333333,0,0,35.44122121,10.02744893,101431,0,0,0,57,WEBER
443,570290,423,1031,2.437352246,705.8333333,126.6666667,24.66666666,554.4999999,768.6879364,13.16666667,113.5,19.83333333,4.833333333,12.33333333,176.8333333,266.3333333,99,0,0,45.80793996,17.04666319,154126,571,0,0,57,WEBER
444,570291,459,1323,2.882352941,0,0,0,0,36.86246582,0,0,0,0,0,0,0,0,0,0,17.81031285,19.05215297,182580,0,0,0,57,WEBER
445,570292,178,499,2.803370787,0,0,0,0,13.92604582,0,0,0,0,0,0,0,0,0,0,6.906831561,7.019214254,176139,0,0,0,57,WEBER
446,570293,239,670,2.80334728,189.3333333,60.33333334,17.83333333,111.1666667,215.9811564,4.666666667,55.66666667,14.83333333,3,6.833333333,24.66666667,18.83333333,60.83333333,0,0,16.62037413,10.02744893,155111,0,0,0,57,WEBER
447,570294,407,1239,3.044226044,172.5,19.5,21.33333333,131.6666667,307.0373625,19.5,0,6.333333333,15,27.33333333,13.83333333,0.833333333,89.66666667,1.004690942,0,116.4860084,17.04666319,92921,0,0,0,57,WEBER
448,570295,589,1799,3.054329372,591.5,92.33333334,146.5,352.6666667,661.385078,73.16666667,19.16666667,30.5,116,60.66666667,56.16666667,36.33333333,199.5,0,0,45.81920053,24.06587744,92921,0,0,0,57,WEBER
449,570296,274,754,2.751824818,0,0,0,0,26.67144002,0,0,0,0,0,0,0,0,2.009381883,0,13.63186431,11.03019383,106094,0,0,0,57,WEBER
450,570297,210,638,3.038095238,169,0,116,53,201.7484476,0,0,0,116,0,53,0,0,1.004690942,0,22.71905258,9.02470404,92921,0,799,0,57,WEBER
451,570298,0,0,0,619.5,180.8333333,75.5,363.1666666,643.5381087,77.83333333,103,25.33333333,50.16666667,60,50.5,51.83333333,200.8333333,0,0,24.03810878,0,92921,0,0,0,57,WEBER
452,570299,66,182,2.757575758,0,0,0,0,11.58973498,0,0,0,0,0,0,0,0,3.014072825,0,5.567427478,3.00823468,106094,0,0,0,57,WEBER
453,570300,349,1065,3.051575931,557.6666667,107.1666667,208.3333334,242.1666667,607.8906635,94.66666667,12.5,156.6666667,51.66666667,57,10,5,170.1666667,1.004690942,0,35.18087735,14.03842851,92921,0,0,0,57,WEBER
454,570301,178,543,3.050561798,321.8333334,12.33333333,229.5,79.99999999,349.2519855,0.5,11.83333333,215.1666667,14.33333333,0.166666667,30.33333333,8.166666667,41.33333333,1.004690942,0,19.39474697,7.019214254,92921,13,0,0,57,WEBER
455,570302,527,1606,3.04743833,719.8333334,193.1666667,87.66666666,439,790.273882,94.83333333,98.33333333,39.83333333,47.83333333,68.33333333,44.66666667,31.83333333,294.1666667,0,0,48.38016104,22.06038765,92921,0,0,0,57,WEBER
456,570303,153,534,3.490196078,0,0,0,0,16.96262219,0,0,0,0,0,0,0,0,2.009381883,0,8.936770949,6.01646936,119706,0,0,0,57,WEBER
457,570304,139,423,3.043165468,417.6666667,107,48.66666666,262,450.3019175,95.83333333,11.16666667,31.83333333,16.83333333,42.66666667,41.66666667,24,153.6666667,4.018763767,0,22.60001765,6.01646936,92921,0,0,0,57,WEBER
458,570305,184,644,3.5,152,0.5,2.166666667,149.3333334,184.0736478,0.333333333,0.166666667,1,1.166666667,9.166666667,119.6666667,11.33333333,9.166666667,3.014072825,0,21.03761578,8.021959147,119706,722,0,0,57,WEBER
459,570306,430,1308,3.041860465,595.1666667,27.83333333,277.6666667,289.6666667,680.0090937,27,0.833333333,78.16666667,199.5,47.33333333,12.16666667,8,222.1666667,3.014072825,20,43.77894607,18.04940808,92921,0,0,0,57,WEBER
460,570307,365,1112,3.046575342,272,50,5,217,312.7518504,0,50,0,5,0,170,0,47,0,0,25.71067695,15.0411734,136866,742,268,0,57,WEBER
461,570308,252,769,3.051587302,0,0,0,0,41.82442367,0,0,0,0,0,0,0,0,4.018763767,0,27.77821097,10.02744893,136866,0,0,0,57,WEBER
462,570309,309,943,3.051779935,36.66666667,0.166666667,0.333333333,36.16666667,65.14383717,0,0.166666667,0,0.333333333,0.166666667,0,1,35,2.009381883,0,13.43210501,13.03568361,136866,0,0,0,57,WEBER
463,570310,93,283,3.043010753,29,0,1,28,44.77771196,0,0,0,1,6,0,0,22,7.032836592,0,4.733895789,4.010979574,136866,0,0,0,57,WEBER
464,570311,414,1261,3.04589372,102.3333333,11.16666667,19.5,71.66666667,227.4196738,8.5,2.666666667,1.333333333,18.16666667,14.66666667,2.166666667,2.666666667,52.16666667,1.004690942,0,107.0349863,17.04666319,92921,0,0,0,57,WEBER
465,570312,785,2053,2.615286624,53.33333334,1.5,11.16666667,40.66666667,119.9599174,1.5,0,5.166666667,6,10.66666667,2.333333333,0,27.66666667,2.009381883,0,32.52936557,32.08783659,82203,0,0,0,57,WEBER
466,570313,292,890,3.047945205,17.33333333,1.333333333,1,15,91.37384791,1.333333333,0,0.333333333,0.666666667,1.833333333,2,3,8.166666667,1.004690942,0,61.00288491,12.03293872,136866,0,0,0,57,WEBER
467,570314,716,2214,3.092178771,22.5,1.166666667,1.166666666,20.16666667,111.235191,1,0.166666667,0.833333333,0.333333333,8,2.166666667,2.333333333,7.666666667,0,0,59.65558908,29.07960191,120000,0,0,0,57,WEBER
468,570315,261,800,3.0651341,5.5,0.333333333,0.833333334,4.333333333,26.87103982,0.333333333,0,0.166666667,0.666666667,0.333333333,0.5,0.666666667,2.833333333,0,0,10.34084599,11.03019383,127184,0,0,0,57,WEBER
469,570316,311,882,2.836012862,0,0,0,0,25.10323763,0,0,0,0,0,0,0,0,0,0,12.06755402,13.03568361,106467,0,0,0,57,WEBER
470,570317,217,619,2.852534562,197,0,6,191,222.0889078,0,0,1,5,0,188,0,3,0,0,16.06420374,9.02470404,106467,526,797,0,57,WEBER
471,570318,148,461,3.114864865,96,0,0,96,111.4842609,0,0,0,0,0,96,0,0,0,0,9.467791578,6.01646936,120000,488,0,0,57,WEBER
472,570319,306,945,3.088235294,51.5,2,17.16666667,32.33333333,80.40480692,1.666666667,0.333333333,3.166666667,14,3.666666667,8.166666667,5.166666667,15.33333333,0,0,16.8718682,12.03293872,120031,0,0,0,57,WEBER
473,570320,329,1010,3.069908815,236.8333334,47,16.16666667,173.6666667,273.0223011,13.5,33.5,7.666666667,8.5,33.66666667,14.66666667,22.66666667,102.6666667,1.004690942,0,21.98157819,13.20269859,126928,0,0,0,57,WEBER
474,570321,146,450,3.082191781,0,0,0,0,11.68162334,0,0,0,0,0,0,0,0,0,0,5.665153977,6.01646936,120000,0,0,0,57,WEBER
475,570322,281,1012,3.601423488,0,0,0,0,42.95712983,0,0,0,0,0,0,0,0,5.023454709,0,26.90348129,11.03019383,102371,0,0,0,57,WEBER
476,570323,45,163,3.622222222,0,0,0,0,12.78912642,0,0,0,0,0,0,0,0,8.037527534,0,2.746109103,2.005489787,102371,0,0,0,57,WEBER
477,570324,109,392,3.596330275,0,0,0,0,13.25274059,0,0,0,0,0,0,0,0,4.018763767,0,5.222997245,4.010979574,102371,0,0,0,57,WEBER
478,570325,29,103,3.551724138,0,0,0,0,4.137397087,0,0,0,0,0,0,0,0,2.009381883,0,1.125270311,1.002744893,102371,0,0,0,57,WEBER
479,570326,111,401,3.612612613,36.16666667,4.166666666,1.166666667,30.83333333,53.8955066,3.333333333,0.833333333,1.166666667,0,5.5,17,4.166666667,4.166666667,1.004690942,0,11.71042452,5.013724467,102371,0,0,0,57,WEBER
480,570327,126,455,3.611111111,65.99999999,3.5,12.33333333,50.16666666,92.47494953,3.166666667,0.333333333,1.5,10.83333333,8.666666667,3.666666667,21.83333333,16,1.004690942,0,20.45653413,5.013724467,102371,0,0,0,57,WEBER
481,570328,93,333,3.580645161,9,0,7,2,17.97351782,0,0,7,0,1,0,0,1,1.004690942,0,3.957847299,4.010979574,102371,0,0,0,57,WEBER
482,570329,60,217,3.616666667,0,0,0,0,5.338326199,0,0,0,0,0,0,0,0,1.004690942,0,2.32814547,2.005489787,102371,0,0,0,57,WEBER
483,570330,109,390,3.577981651,0,0,0,0,9.245134787,0,0,0,0,0,0,0,0,1.004690942,0,4.229464271,4.010979574,102371,0,0,0,57,WEBER
484,570331,215,823,3.827906977,0,0,0,0,23.39537096,0,0,0,0,0,0,0,0,6.02814565,0,8.342521268,9.02470404,114490,0,0,0,57,WEBER
485,570332,240,920,3.833333333,22,0.5,1.666666667,19.83333333,59.19837474,0.333333333,0.166666667,1.166666667,0.5,1.333333333,0.666666667,4.833333333,13,1.004690942,0,26.16623487,10.02744893,128649,0,0,0,57,WEBER
486,570333,81,236,2.913580247,0,0,0,0,11.17468577,0,0,0,0,0,0,0,0,5.023454709,0,3.142996385,3.00823468,120625,0,0,0,57,WEBER
487,570334,111,323,2.90990991,0,0,0,0,15.34893924,0,0,0,0,0,0,0,0,6.02814565,0,4.30706912,5.013724467,109508,0,0,0,57,WEBER
488,570335,99,289,2.919191919,0,0,0,0,10.86649243,0,0,0,0,0,0,0,0,3.014072825,0,3.841440026,4.010979574,116545,0,0,0,57,WEBER
489,570336,162,523,3.228395062,30,22,5,3,44.46927976,12,10,0,5,0,0,0,3,0,0,7.450065504,7.019214254,134922,0,0,0,57,WEBER
490,570337,101,326,3.227722772,153.6666667,3.333333333,33,117.3333333,167.5593276,2.833333333,0.5,25.16666667,7.833333333,4.666666667,97.33333333,1.333333333,14,0,0,9.881681367,4.010979574,134922,516,0,0,57,WEBER
491,570338,56,182,3.25,19.66666667,17.33333334,0.333333333,2,25.61936466,17.16666667,0.166666667,0.333333333,0,0.333333333,0.166666667,0.666666667,0.833333333,1.004690942,0,2.942517264,2.005489787,134922,0,0,0,57,WEBER
492,570339,165,482,2.921212121,0,0,0,0,14.41337111,0,0,0,0,0,0,0,0,1.004690942,0,6.38946591,7.019214254,97370,0,0,0,57,WEBER
493,570340,82,239,2.914634146,37,1.166666667,17.83333334,18,49.63979488,0.666666667,0.5,0.666666667,17.16666667,2.5,2.166666667,5.5,7.833333333,3.014072825,0,6.617487373,3.00823468,97370,0,0,0,57,WEBER
494,570341,65,190,2.923076923,0,0,0,0,7.539774156,0,0,0,0,0,0,0,0,2.009381883,0,2.522157593,3.00823468,97939,0,0,0,57,WEBER
495,570342,49,189,3.857142857,0,0,0,0,4.91149953,0,0,0,0,0,0,0,0,1.004690942,0,1.901318801,2.005489787,128649,0,0,0,57,WEBER
496,570343,426,1635,3.838028169,100,0,0,100,137.4567385,0,0,0,0,5,95,0,0,0,0,20.41007529,17.04666319,128649,784,0,0,57,WEBER
497,570344,631,1696,2.687797147,94.66666667,24.5,30.66666667,39.5,203.9021274,23.16666667,1.333333333,2.166666667,28.5,2.666666667,4.666666667,5.5,26.66666667,0,0,83.16409354,26.07136723,42644,0,0,0,57,WEBER
498,570345,725,1615,2.227586207,41.66666667,4,4.333333334,33.33333333,157.4910721,4,0,1.166666667,3.166666667,3.833333333,2.833333333,1.666666667,25,0,0,85.74205865,30.0823468,66719,0,0,0,57,WEBER
499,570346,483,1396,2.890269151,276,157.6666667,4.5,113.8333333,326.5059426,84.83333333,72.83333333,3.833333333,0.666666667,3.666666667,89.16666667,3,18,0,0,30.45104477,20.05489787,111214,502,0,0,57,WEBER
500,570347,632,1631,2.580696203,239.6666667,126,7.166666666,106.5,299.5608165,44.5,81.5,2.833333333,4.333333333,21.5,5.5,7.666666667,71.83333333,0,0,33.82278265,26.07136723,103759,0,0,0,57,WEBER
501,570348,363,899,2.476584022,51,0,0,51,82.11184452,0,0,0,0,0,51,0,0,0,0,16.07067112,15.0411734,88750,286,0,0,57,WEBER
502,570349,434,1334,3.073732719,655.1666667,25.66666667,128,501.5,715.4719265,19.5,6.166666667,46.66666667,81.33333333,63.5,124.8333333,12,301.1666667,0,0,42.25585171,18.04940808,64746,504,0,0,57,WEBER
503,570350,658,1768,2.686930091,160.5,38.33333334,11.33333333,110.8333333,222.3338947,36.16666667,2.166666667,3.833333333,7.5,18,6.5,29.33333333,57,0,0,34.75978255,27.07411212,68050,0,0,0,57,WEBER
504,570351,483,1276,2.641821946,396.6666667,7.166666666,9.333333334,380.1666667,450.8353645,6.833333333,0.333333333,4.666666667,4.666666667,19,301.6666667,9.833333333,49.66666667,0,0,34.11379988,20.05489787,104464,0,697,1660,57,WEBER
505,570352,649,1653,2.546995378,266.6666667,76.33333333,33.83333334,156.5,328.6152847,40.5,35.83333333,21.66666667,12.16666667,27.16666667,10.66666667,19.33333333,99.33333333,0,0,35.54304615,26.40557188,76781,0,0,0,57,WEBER
506,570353,622,2424,3.897106109,9.333333332,3,2.333333333,3.999999999,58.90568714,1,2,0,2.333333333,0,0.333333333,0.333333333,3.333333333,0,0,24.50373148,25.06862233,109973,0,0,0,57,WEBER
507,570354,86,312,3.627906977,156.6666667,19.83333333,2.166666666,134.6666667,172.0936983,12.33333333,7.5,0.833333333,1.333333333,2.666666667,91.83333333,6.5,33.66666667,0,0,11.41605206,4.010979574,97462,558,0,0,57,WEBER
508,570355,407,1281,3.147420147,55.33333334,1.333333334,1.666666667,52.33333334,90.31965062,1.166666667,0.166666667,1.5,0.166666667,0.666666667,1.166666667,4.333333333,46.16666667,0,0,17.93965409,17.04666319,105350,0,0,0,57,WEBER
509,570356,418,1290,3.086124402,69.5,5,14.5,50,105.456379,4.833333333,0.166666667,8.166666667,6.333333333,9.333333333,6.666666667,5.166666667,28.83333333,0,0,18.90971582,17.04666319,107081,0,0,0,57,WEBER
510,570357,477,1255,2.631027254,0,0,0,0,37.56090946,0,0,0,0,0,0,0,0,0,0,18.50875649,19.05215297,69395,0,0,0,57,WEBER
511,570358,393,1053,2.679389313,295.5,9.5,5,281,338.2658523,9.5,0,0,5,0,193,26,62,0,0,26.72193396,16.04391829,70922,373,0,0,57,WEBER
512,570359,385.0000001,1036,2.69090909,309.6666667,54.83333334,20,234.8333334,352.6718171,21.33333333,33.50000001,12.83333333,7.166666668,25.16666667,24.83333333,37.33333334,147.5,0,0,26.96123205,16.04391829,70825,0,0,0,57,WEBER
513,570360,548,1419,2.589416058,0,0,0,0,43.3305833,0,0,0,0,0,0,0,0,0,0,21.27019565,22.06038765,97238,0,0,0,57,WEBER
514,570361,208,753,3.620192308,311.8333333,135.8333333,13.83333333,162.1666667,345.0260864,22,113.8333333,7.333333333,6.5,22.33333333,13.16666667,52.83333333,73.83333333,0,0,25.17079399,8.021959147,97308,0,0,0,57,WEBER
515,570362,304,957,3.148026316,91,4.5,5.666666667,80.83333334,118.3663609,2.5,2,4.166666667,1.5,5.833333333,8.833333333,47.5,18.66666667,0,0,15.33342215,12.03293872,105350,0,0,0,57,WEBER
516,570363,413,1156,2.799031477,601,27,27.16666667,546.8333334,657.3923258,20.83333333,6.166666667,14,13.16666667,33.16666667,175.8333333,106.1666667,231.6666667,0,0,39.34566258,17.04666319,94886,405,0,0,57,WEBER
517,570364,606,1746,2.881188119,133.1666667,2.5,1.333333334,129.3333333,186.8714787,1.833333333,0.666666667,0.166666667,1.166666667,2.5,114.5,2.833333333,9.5,0,0,28.63618972,25.06862233,82500,0,961,0,57,WEBER
518,570365,208,474,2.278846154,545,208.5,23,313.5,582.220792,55.33333333,153.1666667,11.5,11.5,34.33333333,23,27.83333333,228.3333333,0,0,29.19883282,8.021959147,78032,0,0,0,57,WEBER
519,570366,2,8,4,1004.833333,431,82.5,491.3333334,1043.900915,338.6666667,92.33333333,23,59.5,112.6666667,37.33333333,65.83333333,275.5,0,0,39.06758158,0,78032,0,0,0,57,WEBER
520,570367,680,1729,2.542647059,0,0,0,0,54.46250567,0,0,0,0,0,0,0,0,0,0,26.38564866,28.07685701,100050,0,0,0,57,WEBER
521,570368,435,1106,2.542528736,353.1666667,173.3333333,10.5,169.3333333,401.7988567,147.5,25.83333333,6,4.5,7.666666667,12.33333333,76.83333333,72.5,0,0,30.58278197,18.04940808,99998,0,0,0,57,WEBER
522,570369,302,1104,3.655629139,531,188,29.83333334,313.1666666,575.3553609,158.3333333,29.66666667,19.16666667,10.66666667,31,49.16666667,137.8333333,95.16666667,0,0,32.32242225,12.03293872,111797,0,0,0,57,WEBER
523,570370,611,1579,2.584288052,30,0.833333333,2.333333333,26.83333333,79.92804399,0.833333333,0,0,2.333333333,5,1.333333333,3.166666667,17.33333333,0,0,24.85942166,25.06862233,96019,0,0,0,57,WEBER
524,570371,478,1515,3.169456067,3,1,1,1,41.71886406,1,0,0,1,0,0,0,1,0,0,18.66396619,20.05489787,91061,0,0,0,57,WEBER
525,570372,339,1006,2.967551622,57,0,0,57,86.40418861,0,0,0,0,0,57,0,0,0,0,15.3657601,14.03842851,91012,318,0,0,57,WEBER
526,570373,353,995,2.818696884,1255.333333,319.3333333,62.66666667,873.3333334,1331.772527,182.3333333,137,31.66666667,31,87,69.16666667,277.1666667,440,0,0,62.4007656,14.03842851,84625,0,0,0,57,WEBER
527,570374,0,0,0,140,0,69,71,145.4323394,0,0,69,0,61,10,0,0,0,0,5.43233943,0,84625,0,0,0,57,WEBER
528,570375,348,945,2.715517241,0,0,0,0,27.54167224,0,0,0,0,0,0,0,0,0,0,13.50324373,14.03842851,59390,0,0,0,57,WEBER
529,570376,306,744,2.431372549,73.83333333,6,31.66666667,36.16666666,100.7783173,4.5,1.5,1.5,30.16666667,5.666666667,2.5,2.666666667,25.33333333,0,0,14.74489924,12.20008469,74224,0,0,0,57,WEBER
530,570377,662,1794,2.709969789,153.6666667,6.166666667,10.5,137,212.3841607,6.166666667,0,4.833333333,5.666666667,14.5,85.66666667,7.666666667,29.16666667,0,0,31.64338192,27.07411212,69040,383,0,0,57,WEBER
531,570378,308,748,2.428571429,63.16666666,26.5,4,32.66666667,90.60451621,25.33333333,1.166666667,2.333333333,1.666666667,4.166666667,2.833333333,5.666666667,20,0,0,14.40216594,13.03568361,74177,0,0,0,57,WEBER
532,570379,0,0,0,2316.166667,1194.833333,129,992.3333333,2406.039559,619.6666667,575.1666667,70.16666667,58.83333333,132.6666667,133.8333333,229,496.8333333,0,0,89.87289262,0,53034,0,0,0,57,WEBER
533,570380,123,320,2.601626016,991.0000001,499.6666667,66.5,424.8333334,1041.239629,175.6666667,324,45.83333333,20.66666667,55.33333333,67.83333333,111.6666667,190,0,0,45.22590457,5.013724467,42439,0,0,0,57,WEBER
534,570381,3,6,2,2173,39,0,2134,2257.434076,23,16,0,0,51.5,0,92.33333333,1990.166667,0,0,84.43407572,0,67917,0,0,0,57,WEBER
535,570382,303,819,2.702970297,1784.833333,693.3333334,181.5,910.0000001,1877.859871,545.1666667,148.1666667,75.16666667,106.3333333,148.1666667,158.6666667,132.1666667,471,0,0,80.99359905,12.03293872,85864,0,0,0,57,WEBER
536,570383,0,0,0,1394.5,912,56.66666667,425.8333333,1448.629371,651.8333333,260.1666667,30,26.66666667,60,55.83333333,96.66666667,213.3333333,0,0,54.12937102,0,42439,0,0,0,57,WEBER
537,570384,619,1419,2.292407108,769.6666667,203.6666667,46.16666667,519.8333333,848.6124624,196.1666667,7.5,7.666666667,38.5,38.16666667,80.66666667,142.1666667,258.8333333,0,0,53.87717341,25.06862233,67917,443,351,246,57,WEBER
538,570385,234,611,2.611111111,2150,1218.833333,109.1666667,822.0000001,2252.558272,891.5,327.3333333,64.83333333,44.33333333,108.5,128.6666667,162.6666667,422.1666667,0,0,92.53082322,10.02744893,42439,0,0,0,57,WEBER
539,570386,225,515,2.288888889,43.5,0.333333334,0.166666667,43,64.95253661,0.166666667,0.166666667,0,0.166666667,0.333333333,0,0,42.66666667,2.009381883,0,10.41845068,9.02470404,67917,0,0,0,57,WEBER
540,570387,0,0,0,90,0,2,88,93.49221821,0,0,2,0,0,87,0,1,0,0,3.492218205,0,67917,0,0,0,57,WEBER
541,570388,0,0,0,2900,0,1048,1852,3012.527031,0,0,1048,0,210,1642,0,0,0,0,112.5270311,0,67917,0,0,0,57,WEBER
542,570389,331,889,2.685800604,87,40.33333333,4.666666666,42,116.7175126,10.83333333,29.5,1.833333333,2.833333333,5.5,5,10.5,21,0,0,16.18060947,13.53690318,59541,0,0,0,57,WEBER
543,570390,851,2609,3.065804935,244.5,18.66666666,15,210.8333333,322.0976635,14.33333333,4.333333333,9.166666667,5.833333333,18.33333333,91.33333333,27.33333333,73.83333333,0,0,42.5015922,35.09607127,87406,438,0,0,57,WEBER
544,570391,523,1367,2.61376673,0,0,0,0,41.3383771,0,0,0,0,0,0,0,0,0,0,20.28073434,21.05764276,38310,0,0,0,57,WEBER
545,570392,396,845,2.133838384,197.1666667,0.666666667,1.5,195,236.2204197,0.166666667,0.5,1.166666667,0.333333333,0.333333333,166.5,1.333333333,26.83333333,0,0,23.00983474,16.04391829,36214,0,0,1382,57,WEBER
546,570393,440,1301,2.956818182,10.83333334,0.666666667,1.833333334,8.333333334,46.32443164,0.166666667,0.5,1.166666667,0.666666667,0.5,0.166666667,2.5,5.166666667,0,0,17.44169022,18.04940808,65751,0,0,0,57,WEBER
547,570394,426,1256,2.948356808,125,0,0,125,163.4203317,0,0,0,0,0,125,0,0,0,0,21.37366852,17.04666319,106453,374,612,0,57,WEBER
548,570395,331,798,2.410876133,546.8333333,39.33333333,21,486.5,632.9338275,32.83333333,6.5,10.66666667,10.33333333,64.83333333,34.66666667,116.1666667,270.8333333,0,0,72.06206561,14.03842851,105420,0,0,0,57,WEBER
549,570396,2,3,1.5,2124.833333,19.16666666,9.333333334,2096.333333,2207.359623,11.83333333,7.333333333,3.666666667,5.666666667,11.33333333,7.333333333,1969,108.6666667,0,0,82.52628916,0,101642,0,0,0,57,WEBER
550,570397,108,273,2.527777778,799.3333333,45.16666666,58.33333334,695.8333333,838.5575193,32.33333333,12.83333333,31.16666667,27.16666667,40.66666667,327.8333333,118.3333333,209,0,0,35.21320644,4.010979574,63486,0,0,0,57,WEBER
551,570398,357,896,2.509803922,16,0,0,16,48.52385962,0,0,0,0,0,16,0,0,2.009381883,0,15.47330434,15.0411734,87441,0,0,0,57,WEBER
552,570399,14,32,2.285714286,97,7.666666667,30,59.33333333,103.3533061,6,1.666666667,3.166666667,26.83333333,6.666666667,5.666666667,24,23,1.004690942,0,4.345870265,1.002744893,68832,0,0,0,57,WEBER
553,570400,0,0,0,1111.833333,468.3333333,61.66666667,581.8333334,1154.97517,403.5,64.83333333,34.66666667,27,76,74.83333333,96.83333333,334.1666667,0,0,43.14183667,0,82083,0,0,0,57,WEBER
554,570401,269,724,2.691449814,1384.833333,555.8333333,77,752,1464.036248,372.3333333,183.5,40.5,36.5,93,67.33333333,158,433.6666667,0,0,68.17272079,11.03019383,82083,0,0,0,57,WEBER
555,570402,133,298,2.240601504,341.6666667,82.83333333,21.5,237.3333333,365.1050877,31,51.83333333,11.83333333,9.666666667,29.83333333,15.16666667,50.83333333,141.5,0,0,18.42469656,5.013724467,51680,0,0,0,57,WEBER
556,570403,313,700,2.236421725,77.66666667,9.5,4.666666667,63.5,105.8159175,2,7.5,3.5,1.166666667,3,35.16666667,6,19.33333333,0,0,15.11356725,13.03568361,56339,41,5,0,57,WEBER
557,570404,326,608,1.865030675,24.66666667,0.166666667,2.166666667,22.33333333,51.28319804,0.166666667,0,1.5,0.666666667,11.5,2.333333333,3.333333333,5.166666667,0,0,13.58084776,13.03568361,73092,0,0,0,57,WEBER
558,570405,158,424,2.683544304,152.6666667,0,0,152.6666667,170.7312882,0,0,0,0,1.166666667,0,0,151.5,0,0,12.04815221,6.01646936,82176,0,0,0,57,WEBER
559,570406,0,0,0,205.3333333,59.66666666,8.833333333,136.8333333,213.3007614,32.83333333,26.83333333,5.333333333,3.5,9.333333333,10.33333333,66.16666667,51,0,0,7.967428081,0,63333,0,0,0,57,WEBER
560,570407,462,1209,2.616883117,9,0,0,9,48.26989048,0,0,0,0,0,0,0,9,0,0,20.21773751,19.05215297,63333,0,0,0,57,WEBER
561,570408,553,1396,2.524412297,284.5,23.16666667,22.33333334,239,384.0537019,15.66666667,7.5,7.666666667,14.66666667,18.5,97.16666667,41.16666667,82.16666667,0,0,76.49056937,23.06313255,78476,579,0,0,57,WEBER
562,570409,151,369,2.443708609,138.5,14.5,15.33333333,108.6666667,155.7045083,9.333333333,5.166666667,8,7.333333333,12.83333333,11.5,22.5,61.83333333,0,0,11.18803892,6.01646936,84010,0,0,0,57,WEBER
563,570410,495,1249,2.523232323,60.66666667,1.5,3.5,55.66666667,102.2763163,1.5,0,0.333333333,3.166666667,11.5,17.16666667,1,26,0,0,21.55475179,20.05489787,84500,0,0,0,57,WEBER
564,570411,372,1013,2.72311828,8,0,0,8,37.76022585,0,0,0,0,2,0,1,5,0,0,14.71905245,15.0411734,110135,0,0,0,57,WEBER
565,570412,288,725,2.517361111,195,0,2,193,225.7551086,0,0,2,0,1,171,2,19,0,0,18.7221699,12.03293872,60790,380,801,0,57,WEBER
566,570413,366,997,2.724043716,417.1666667,55.16666667,134.1666667,227.8333333,462.596604,34.16666667,21,132.1666667,2,0.833333333,1.166666667,107.5,118.3333333,0,0,30.38876397,15.0411734,111565,0,0,0,57,WEBER
567,570414,167,469,2.808383234,0,0,0,0,13.49921915,0,0,0,0,0,0,0,0,0,0,6.480004892,7.019214254,146445,0,0,0,57,WEBER
568,570415,938,2563,2.732409382,500.5,102.3333333,26.5,371.6666667,694.4345342,26.83333333,75.5,13.66666667,12.83333333,23.16666667,22.16666667,87.16666667,239.1666667,0,100,55.8302282,38.10430595,123701,0,0,0,57,WEBER
569,570416,207,564,2.724637681,1067.666667,225,38.83333334,803.8333334,1128.155258,124.6666667,100.3333333,17.66666667,21.16666667,119.6666667,43.5,393,247.6666667,0,0,52.46663172,8.021959147,107946,134,0,0,57,WEBER
570,570417,1175,2787,2.371914894,985.1666667,92.66666666,42.66666667,849.8333333,1148.111662,59.83333333,32.83333333,23.66666667,19,156.8333333,33.83333333,365.6666667,293.5,0,0,114.8132405,48.13175488,66705,20,0,0,57,WEBER
571,570418,377,1195,3.169761273,341.5,24.16666667,42.5,274.8333333,387.4207107,17,7.166666667,10.16666667,32.33333333,21.33333333,116.8333333,57,79.66666667,0,0,30.8795373,15.0411734,90547,629,0,0,57,WEBER
572,570419,842,1879,2.231591449,1247.5,314.8333333,75,857.6666666,1362.677458,195.8333333,119,10.16666667,64.83333333,21.66666667,24.16666667,394.5,417.3333333,0,0,81.08413204,34.09332638,82074,0,0,0,57,WEBER
573,570420,300,792,2.64,0,0,0,0,23.67366607,0,0,0,0,0,0,0,0,0,0,11.64072735,12.03293872,139273,0,0,0,57,WEBER
574,570421,97,293,3.020618557,0,0,0,0,9.784196634,0,0,0,0,0,0,0,0,2.009381883,0,3.763835177,4.010979574,106667,0,0,0,57,WEBER
575,570422,306,921,3.009803922,357.3333333,87.83333333,87.83333333,181.6666667,397.109909,53.33333333,34.5,75.33333333,12.5,33,24.66666667,43.5,80.5,1.004690942,0,26.73894604,12.03293872,106667,0,0,0,57,WEBER
576,570423,8,20,2.5,346.8333333,47.5,115.8333333,183.5,365.6017333,15.83333333,31.66666667,90.83333333,25,20.16666667,18.5,54.66666667,90.16666667,0,0,18.76839993,0,153261,0,0,0,57,WEBER
577,570424,0,0,0,0,0,0,0,0,0,0,0,0,0,0,0,0,0,0,0,0,138832,0,0,0,57,WEBER
578,570425,3,6,2,0,0,0,0,0.116407274,0,0,0,0,0,0,0,0,0,0,0.116407274,0,126131,0,0,0,57,WEBER
579,570426,63.7,132,2.072213501,0,0,0,0,2.205620053,0,0,0,0,0,0,0,0,0,0,1.20287516,1.002744893,184236,0,0,0,57,WEBER
580,570427,1,2,2,8.833333333,0.5,1,7.333333333,9.214888158,0.5,0,0,1,1.5,2.166666667,0,3.666666667,0,0,0.381554825,0,114110,0,0,0,57,WEBER
581,570428,8,20,2.5,0,0,0,0,0.316886068,0,0,0,0,0,0,0,0,0,0,0.316886068,0,153261,0,0,0,57,WEBER
582,110001,12,29,2.416666667,0,0,0,0,34.54401186,0,0,0,0,0,0,0,0,33.04008217,0,0.504071167,0.999858522,120568,0,0,0,11,DAVIS
583,110002,63,160,2.53968254,0,0,0,0,46.67981806,0,0,0,0,0,0,0,0,41.09083581,0,2.58940668,2.999575566,120568,0,0,0,11,DAVIS
584,110003,31,114,3.677419355,0,0,0,0,13.35931387,0,0,0,0,0,0,0,0,10.90159448,0,1.291250798,1.166468596,133214,0,0,0,11,DAVIS
585,110004,34,123,3.617647059,0,0,0,0,15.45932363,0,0,0,0,0,0,0,0,7.044064267,0,6.415542318,1.999717044,133214,0,0,0,11,DAVIS
586,110005,74,190,2.567567568,0,0,0,0,39.13453545,0,0,0,0,0,0,0,0,11.06924385,0,24.06585751,3.999434088,120568,0,0,0,11,DAVIS
587,110006,136,502,3.691176471,4.333333334,0,0,4.333333334,25.19678328,0,0,0,0,3.166666667,0,0,1.166666667,8.050359163,0,5.814081131,6.999009654,133214,0,0,0,11,DAVIS
588,110007,184,678,3.684782609,73.66666666,0.833333333,28.5,44.33333333,99.03603656,0.833333333,0,0,28.5,37.83333333,1.333333333,0,5.166666667,4.695382596,0,11.6752606,8.998726699,104483,0,0,0,11,DAVIS
589,110008,55,201,3.654545455,0,0,0,0,12.32231771,0,0,0,0,0,0,0,0,7.044064267,0,2.278677878,2.999575566,133214,0,0,0,11,DAVIS
590,110009,145,522,3.6,0,0,0,0,28.04420253,0,0,0,0,0,0,0,0,6.037769372,0,15.0074235,6.999009654,108444,0,0,0,11,DAVIS
591,110010,194,697,3.592783505,0,0,0,0,20.04822463,0,0,0,0,0,0,0,0,3.018884686,0,8.030613249,8.998726699,103026,0,0,0,11,DAVIS
592,110011,151,388,2.569536424,0,0,0,0,16.27390088,0,0,0,0,0,0,0,0,3.018884686,0,6.256006538,6.999009654,120568,0,0,0,11,DAVIS
593,110012,163,539,3.306748466,101,0,0,101,124.7928468,0,0,0,0,0,101,0,0,4.863229901,0,10.93074873,7.998868177,119191,603,0,0,11,DAVIS
594,110013,310,1028,3.316129032,431,19.33333334,34.5,377.1666666,478.7041783,16.66666667,2.666666667,2.5,32,46.66666667,79.33333333,84.83333333,166.3333333,1.006294895,0,31.70000559,14.99787783,118269,442,0,0,11,DAVIS
595,110014,526,1713,3.256653992,190.6666666,0.333333334,6,184.3333333,246.3612878,0.166666667,0.166666667,0.166666667,5.833333333,1.333333333,176.3333333,0,6.666666667,1.006294895,0,29.69186326,24.99646305,118023,863,1556,0,11,DAVIS
596,110015,400,1199,2.9975,34,9,1,24,71.81620222,9,0,0,1,1,1,3,19,0.838050319,0,17.98083998,18.99731192,94438,0,0,0,11,DAVIS
597,110016,219,563,2.570776256,0,0,0,0,42.1163992,0,0,0,0,0,0,0,0,6.037769372,0,25.08018609,10.99844374,120568,0,0,0,11,DAVIS
598,110017,196,499,2.545918367,5.333333334,0.166666667,0,5.166666667,53.57479862,0.166666667,0,0,0,3.5,0,0,1.666666667,10.90139654,0,28.34134205,8.998726699,121066,819,0,0,11,DAVIS
599,110018,261,791,3.030651341,106.1666667,4.833333333,9.5,91.83333334,144.9164414,3.833333333,1,0.5,9,5.5,3.166666667,14,69.16666667,7.546617911,0,18.20499602,12.99816079,164402,0,0,0,11,DAVIS
600,110019,346,1051,3.037572254,737.1666667,405.1666667,38,294,808.0907648,251.1666667,154,11.66666667,26.33333333,41.33333333,23.16666667,30.83333333,198.6666667,8.050359163,0,45.87614403,16.99759488,167850,0,0,0,11,DAVIS
601,110020,398,1234,3.100502513,0,0,0,0,36.47913839,0,0,0,0,0,0,0,0,1.006294895,0,16.47553157,18.99731192,112994,0,0,0,11,DAVIS
602,110021,404,1748,4.326732673,0,0,0,0,90.30703419,0,0,0,0,0,0,0,0,11.57179749,0,59.73792478,18.99731192,134342,0,0,0,11,DAVIS
603,110022,377,1393,3.694960212,50.33333334,0,0.333333333,50,103.0417182,0,0,0,0.333333333,43.66666667,1.166666667,1,4.166666667,1.006294895,0,33.7046366,17.9974534,133214,0,0,0,11,DAVIS
604,110023,347,860,2.478386167,8.000000001,0.166666667,4.166666667,3.666666667,41.56417541,0.166666667,0,3,1.166666667,2.166666667,0,0,1.5,1.84494042,0,14.72164011,16.99759488,138661,0,0,0,11,DAVIS
605,110024,18,61,3.388888889,197.1666667,24,11.33333333,161.8333333,211.1061688,18.5,5.5,1.833333333,9.5,11.16666667,12.83333333,14.33333333,123.5,4.025179581,0,8.914464062,0.999858522,99196,0,0,0,11,DAVIS
606,110025,324,1097,3.385802469,0,0,0,0,29.41431549,0,0,0,0,0,0,0,0,0,0,13.41657914,15.99773635,99196,0,0,0,11,DAVIS
607,110026,308,905,2.938311688,11.66666667,0.166666667,1.666666667,9.833333334,39.90849653,0.166666667,0,0,1.666666667,2,0.166666667,0,7.666666667,0,0,13.24395203,14.99787783,73462,0,0,0,11,DAVIS
608,110027,257,948,3.688715953,0,0,0,0,35.66482722,0,0,0,0,0,0,0,0,3.018884686,0,20.64764027,11.99830226,133214,0,0,0,11,DAVIS
609,110028,898,4270,4.755011136,824.3333333,242,55.33333333,527,939.6843928,127.5,114.5,18,37.33333333,55,111,47.66666667,313.3333333,0,0,72.35714301,42.99391645,136389,594,0,0,11,DAVIS
610,110029,184,624,3.391304348,1826.166667,693,74.33333333,1058.833333,1923.440712,457.3333333,235.6666667,8.5,65.83333333,91.33333333,298,133.3333333,536.1666667,0,0,88.27531882,8.998726699,99196,529,0,0,11,DAVIS
611,110030,376,1277,3.396276596,182.3333333,32.16666666,4.333333333,145.8333333,223.4490096,29.83333333,2.333333333,0.5,3.833333333,17.66666667,68.83333333,4.833333333,54.5,0,0,23.11822284,17.9974534,99196,407,0,0,11,DAVIS
612,110031,468,1487,3.177350427,78.5,8.833333333,5,64.66666667,124.138518,6,2.833333333,1,4,6.166666667,4.833333333,3.166666667,50.5,0,0,22.64177201,22.99674601,107975,0,0,0,11,DAVIS
613,110032,174,625,3.591954023,0,0,0,0,16.20777637,0,0,0,0,0,0,0,0,0,0,8.208908196,7.998868177,103026,0,0,0,11,DAVIS
614,110033,862,3049,3.53712297,346.3333334,113.3333333,11.16666667,221.8333334,437.5629104,38.5,74.83333333,3.833333333,7.333333333,17,9.5,133.6666667,61.66666667,0,0,50.06876756,41.16080948,98427,0,0,0,11,DAVIS
615,110034,180,601,3.338888889,1825.5,920,73.33333333,832.1666666,1926.587608,728.6666667,191.3333333,6,67.33333333,94.5,38.5,121.8333333,577.3333333,0,0,92.08888153,8.998726699,100750,0,0,0,11,DAVIS
616,110035,396,1323,3.340909091,84.5,0.5,2,82,123.3908603,0.5,0,0,2,6.666666667,59.66666667,3.833333333,11.83333333,0,0,19.89354838,18.99731192,100750,465,0,0,11,DAVIS
617,110036,504,1538,3.051587302,22.5,1,3,18.5,68.3097664,1,0,0,3,2,2.333333333,0,14.16666667,0,0,21.81316187,23.99660453,115550,0,0,0,11,DAVIS
618,110037,400,1415,3.5375,363.5,17.5,61.66666667,284.3333333,430.1357988,17,0.5,21.16666667,40.5,32.5,31,1.333333333,219.5,1.006294895,0,46.632192,18.99731192,111964,0,0,0,11,DAVIS
619,110038,1,1,1,51.83333333,15,0.666666667,36.16666666,60.06691957,0,15,0.166666667,0.5,21.33333333,0.666666667,0.166666667,14,6.037769372,0,2.195816864,0,154167,0,0,0,11,DAVIS
620,110039,368,1101,2.991847826,0,0,0,0,33.24387993,0,0,0,0,0,0,0,0,0,0,15.24642653,17.9974534,148680,0,0,0,11,DAVIS
621,110040,552,1647,2.983695652,7.666666666,0.166666667,4.333333333,3.166666666,57.85012045,0.166666667,0,3,1.333333333,0,0.333333333,1,1.833333333,0,0,23.18727368,26.9961801,84375,0,0,0,11,DAVIS
622,110041,515,1490,2.893203883,811.3333334,220.6666667,35.83333334,554.8333334,891.2804587,207.5,13.16666667,3.666666667,32.16666667,99.66666667,84.66666667,51.83333333,318.6666667,0,0,54.95066228,24.99646305,68125,0,0,0,11,DAVIS
623,110042,0,0,0,250,3,46,201,260.3576267,0,3,46,0,49,152,0,0,0,0,10.35762672,0,84625,0,0,0,11,DAVIS
624,110043,544,1670,3.069852941,310.6666666,53.16666666,15.66666666,241.8333333,372.0653563,48.83333333,4.333333333,1.833333333,13.83333333,24.33333333,60.33333333,40.83333333,116.3333333,0,0,35.40236812,25.99632157,75469,354,0,0,11,DAVIS
625,110044,511,1536,3.005870841,188.1666667,6.666666666,16.5,165,242.116149,5.333333333,1.333333333,0.166666667,16.33333333,5.666666667,114.6666667,8.5,36.16666667,0,0,28.95301922,24.99646305,80156,0,927,0,11,DAVIS
626,110045,0,0,0,830,0,0,830,864.3873207,0,0,0,0,329,464,0,37,0,0,34.3873207,0,300000,0,0,0,11,DAVIS
627,110046,390,1155,2.961538462,388.1666666,47.16666667,40.83333334,300.1666666,439.403818,34.16666667,13,21.66666667,19.16666667,25.5,54.83333333,16,203.8333333,0,0,32.23983943,18.99731192,77103,341,0,0,11,DAVIS
628,110047,0,0,0,4200,0,1,4199,4374.008129,0,0,0,1,1453,2353,262,131,0,0,174.0081289,0,300000,0,0,0,11,DAVIS
629,110048,0,0,0,1580.000005,0,450.0000013,1130.000003,1645.460206,0,0,450.0000013,0,0,1081.000003,0,49.00000015,0,0,65.46020106,0,300000,0,0,0,11,DAVIS
630,110049,0,0,0,3460,0,0,3460,3603.349554,0,0,0,0,338,3044,2,76,0,0,143.3495538,0,300000,0,0,0,11,DAVIS
631,110050,0,0,0,7340,0,0,7340,7644.099921,0,0,0,0,1229,5920,0,191,0,0,304.0999205,0,300000,0,0,0,11,DAVIS
632,110051,393,1053,2.679389313,45,0,0,45,82.14387393,0,0,0,0,0,1,0,44,0,0,18.14656201,18.99731192,67031,0,0,0,11,DAVIS
633,110052,0,0,0,449.999994,0,0,449.999994,468.6437219,0,0,0,0,374.999995,20.99999972,0,53.99999929,0,0,18.64372784,0,70561,0,0,0,11,DAVIS
634,110053,46.00000143,171,3.717391189,14200.00044,263.0000082,1.000000031,13936.00043,14792.21918,217.0000067,46.00000143,0,1.000000031,806.000025,12600.00039,240.0000074,290.000009,0,0,590.2190192,1.999717106,216656,0,0,0,11,DAVIS
635,110054,251,904,3.601593625,268.5,5.666666667,15.33333333,247.5,312.0843995,4,1.666666667,1.333333333,14,24.83333333,12.66666667,15.16666667,194.8333333,10.06294895,0,21.52314832,11.99830226,122417,0,0,0,11,DAVIS
636,110055,500,1802,3.604,432.8333333,5,46.16666667,381.6666666,516.5658242,4.833333333,0.166666667,6.166666667,40,32.66666667,106.5,48.16666667,194.3333333,14.08812853,0,45.64775783,23.99660453,122417,741,0,0,11,DAVIS
637,110056,581,1791,3.082616179,97.66666667,0.666666667,4,93,157.8053889,0.666666667,0,0.166666667,3.833333333,7.333333333,51.16666667,5.166666667,29.33333333,4.025179581,0,28.117504,27.99603862,115232,0,0,0,11,DAVIS
638,110057,682,2068,3.032258065,311.6666667,33.83333333,25.16666667,252.6666667,388.8364064,33.83333333,0,2.666666667,22.5,24.5,84.33333333,21.83333333,122,1.006294895,0,43.16811366,32.99533123,131838,370,298,0,11,DAVIS
639,110058,4,11,2.75,88,46.16666667,3.333333333,38.5,180.4036066,0.166666667,46,0.5,2.833333333,1.333333333,2.833333333,14,20.33333333,0,86.592,5.811606632,0,109464,0,0,0,11,DAVIS
640,110059,0,0,0,0,0,0,0,0,0,0,0,0,0,0,0,0,0,0,0,0,153261,0,0,0,11,DAVIS
641,110060,57.00000076,192,3.368421008,36.16666714,0,2.833333371,33.33333377,49.06395448,0,0,0,2.833333371,10.33333347,2.000000027,0,21.00000028,6.037769452,0,3.859942275,2.999575606,178494,0,0,0,11,DAVIS
642,110061,437,1463,3.347826087,18,0,0,18,57.84790959,0,0,0,0,10,0,1,7,0,0,18.85088063,20.99702896,178494,0,0,0,11,DAVIS
643,110062,625,1875,3,427.3333334,119.6666667,29,278.6666667,500.9277924,91.66666667,28,6.5,22.5,32.5,73.83333333,9.666666667,162.6666667,0,0,43.5987034,29.99575566,94520,427,0,0,11,DAVIS
644,110063,440,1253,2.847727273,0,0,0,0,39.22645198,0,0,0,0,0,0,0,0,0,0,18.22942302,20.99702896,95775,0,0,0,11,DAVIS
645,110064,833,2976,3.572629052,446.8333334,156.5,31,259.3333333,539.8103875,53.83333333,102.6666667,12.33333333,18.66666667,39.5,19.66666667,21.16666667,179,0,0,52.98271321,39.99434088,70559,0,0,0,11,DAVIS
646,110065,878,2011,2.290432802,1885.5,255,166.5,1464,2041.911308,175,80,7.666666667,158.8333333,171.8333333,242.5,168.5,881.1666667,0,0,114.4172498,41.99405793,52448,430,0,0,11,DAVIS
647,110066,0,0,0,230,30,0,200,239.5290166,30,0,0,0,167,2,0,31,0,0,9.529016581,0,67031,0,0,0,11,DAVIS
648,110067,539,1325,2.45825603,0,0,0,0,49.33365967,0,0,0,0,0,0,0,0,1.006294895,0,22.3310432,25.99632157,95053,0,0,0,11,DAVIS
649,110068,225,602,2.675555556,24.16666666,15.5,1,7.666666666,49.4938964,15.33333333,0.166666667,1,0,1,0,0.333333333,6.333333333,2.012589791,0,12.31619621,10.99844374,111656,0,0,0,11,DAVIS
650,110069,391,1052,2.690537084,6.000000001,0.5,0.666666667,4.833333334,41.44522315,0.5,0,0,0.666666667,0.5,0.166666667,0,4.166666667,0,0,16.44791123,18.99731192,110705,0,0,0,11,DAVIS
651,110070,0,0,0,438.8333334,18.5,94.33333334,326,457.0144208,17.83333333,0.666666667,23.16666667,71.16666667,47.5,24.33333333,0,254.1666667,0,0,18.18108743,0,111656,0,0,0,11,DAVIS
652,110071,36,98,2.722222222,578.6666667,7,251.6666667,320,613.1323353,7,0,162.1666667,89.5,15.83333333,19.16666667,181.1666667,103.8333333,0,0,32.46595156,1.999717044,106689,0,0,0,11,DAVIS
653,110072,799,1712,2.142678348,791.4999999,151.3333333,46.33333333,593.8333333,923.7369319,138.3333333,13,4.5,41.83333333,110,34,108.3333333,341.5,0,0,93.90903135,38.32790057,65783,0,0,0,11,DAVIS
654,110073,597.9999994,1488,2.488294317,832.4999992,287.6666663,47.66666663,497.1666662,920.7277109,140.3333332,147.3333332,1.999999998,45.66666663,111.1666666,19.16666665,101.4999999,265.3333331,0,0,59.23181461,28.99589711,72472,0,0,0,11,DAVIS
655,110074,674.999999,2402,3.558518524,79.99999989,0,0,79.99999989,143.2755052,0,0,0,0,0,58.99999992,3.999999994,16.99999998,0,0,31.28003265,31.99547266,82731,447,0,0,11,DAVIS
656,110075,410,1653,4.031707317,0,0,0,0,49.98997316,0,0,0,0,0,0,0,0,1.006294895,0,28.98650782,19.99717044,124043,0,0,0,11,DAVIS
657,110076,0,0,0,4214.333333,65.83333333,2990,1158.5,4388.9353,63.33333333,2.5,2702.5,287.5,177.6666667,65.16666667,1.5,914.1666667,0,0,174.6019661,0,93625,0,0,0,11,DAVIS
658,110077,541,1158,2.140480591,136.5,50.83333333,5.5,80.16666666,190.56549,29,21.83333333,0.5,5,27.33333333,4.166666667,6.333333333,42.33333333,0,0,28.06916841,25.99632157,65708,0,0,0,11,DAVIS
659,110078,220,489,2.222727273,566.1666668,45.16666666,22,499.0000001,609.7294889,16.83333333,28.33333333,9.333333334,12.66666667,49.16666667,164.1666667,28,257.6666667,0,0,32.5643784,10.99844374,54636,690,941,0,11,DAVIS
660,110079,347,766,2.207492795,1677.833333,89.66666667,87.66666667,1500.5,1778.76223,78.16666667,11.5,6.666666667,81,102.1666667,451.1666667,365.5,581.6666667,0,0,83.93130184,16.99759488,55984,0,0,2040,11,DAVIS
661,110080,1018,2451,2.407662083,2770.5,420.1666667,102.1666667,2248.166667,2977.472648,304.5,115.6666667,12.66666667,89.5,945,105.6666667,354.6666667,842.8333333,1.006294895,0,156.9732855,48.99306758,60149,0,95,167,11,DAVIS
662,110081,839,1971,2.349225268,1312.166667,122.1666667,88.33333333,1101.666667,1441.284933,118.1666667,4,5,83.33333333,99.5,32.16666667,46.83333333,923.1666667,0,0,89.12392537,39.99434088,71065,0,0,0,11,DAVIS
663,110082,147,421,2.863945578,4969,92.66666667,3787.666666,1088.666667,5201.963777,41.66666667,51,3486.833333,300.8333333,88.33333333,385.1666667,22.16666667,593,1.006294895,0,224.9584732,6.999009654,86391,0,0,0,11,DAVIS
664,110083,752.0000003,1608,2.138297871,749.0000003,132.8333334,42.33333335,573.8333335,847.1820979,41.83333335,91.00000004,3.833333335,38.50000002,50.66666669,54.00000002,57.83333335,411.3333335,0,0,62.18719084,35.9949068,43331,0,0,0,11,DAVIS
665,110084,792,2604,3.287878788,350,48.33333334,18.16666667,283.5,438.3202423,42.66666667,5.666666667,3.166666667,15,21.83333333,79.83333333,18,163.8333333,3.018884686,0,47.30673377,37.99462384,91917,602,0,0,11,DAVIS
666,110085,1131,4116,3.639257294,513.6666667,111.3333333,20.66666667,381.6666666,636.8046954,80.66666667,30.66666667,1.5,19.16666667,29.16666667,54.66666667,145.5,152.3333333,1.006294895,0,68.13937364,53.99236019,111542,0,0,0,11,DAVIS
667,110086,265,802,3.026415094,0,0,0,0,28.84047501,0,0,0,0,0,0,0,0,4.863229901,0,10.97908432,12.99816079,167850,0,0,0,11,DAVIS
668,110087,95,288,3.031578947,3.833333333,0.333333333,0,3.5,35.06582874,0.333333333,0,0,0,2.333333333,0.166666667,0,1,22.1384877,0,4.094715096,4.99929261,167850,0,0,0,11,DAVIS
669,110088,195,604,3.097435897,849.1666666,62.66666667,204.5,582,940.4320425,21.16666667,41.5,56.16666667,148.3333333,43.66666667,345,4.833333333,188.5,1.006294895,0,81.26035426,8.998726699,112994,730,0,2607,11,DAVIS
670,110089,911,3140,3.4467618,32,0,1,31,119.0684277,0,0,0,1,2,0,0,29,2.012589791,0,41.0620629,43.99377497,163084,0,0,0,11,DAVIS
671,110090,348,1056,3.034482759,280.1666667,48.33333333,10,221.8333333,327.2147045,5,43.33333333,0.666666667,9.333333333,20.16666667,5.333333333,115.5,80.83333333,4.025179581,0,26.0252634,16.99759488,167251,0,0,0,11,DAVIS
672,110091,374,1507,4.029411765,127.1666667,52,4.666666666,70.5,166.934004,1.833333333,50.16666667,0.833333333,3.833333333,15.83333333,2.666666667,22.16666667,29.83333333,1.006294895,0,20.76358903,17.9974534,124043,0,0,0,11,DAVIS
673,110092,274,1185,4.324817518,13,0,0,13,40.90760095,0,0,0,0,4,0,0,9,3.018884686,0,11.89055547,12.99816079,140070,0,0,0,11,DAVIS
674,110093,399,1372,3.438596491,1374.166667,675,54,645.1666667,1480.626562,465.5,209.5,9.333333333,44.66666667,57,174.5,20.66666667,393,1.006294895,0,86.45628869,18.99731192,167323,0,1218,0,11,DAVIS
675,110094,767,2579,3.362451108,494.3333334,45.5,6.666666667,442.1666667,583.5788729,36.5,9,0.666666667,6,25.5,264.6666667,93.16666667,58.83333333,0,0,52.25077425,36.99476532,101205,1500,0,0,11,DAVIS
676,110095,4,13,3.25,99.33333334,2.666666666,47.16666667,49.5,113.5097853,2.333333333,0.333333333,0.5,46.66666667,9,4.333333333,6.5,29.66666667,9.895299582,0,4.281152377,0,162435,0,0,0,11,DAVIS
677,110096,432,1491,3.451388889,77,0.166666667,5.666666667,71.16666667,138.8692633,0.166666667,0,4,1.666666667,0.666666667,62.16666667,0,8.333333333,18.78410634,0,22.088128,20.99702896,162435,600,0,0,11,DAVIS
678,110097,360,1203,3.341666667,541.3333333,13.83333333,27.83333334,499.6666666,601.7182995,12.33333333,1.5,0.666666667,27.16666667,34.33333333,221,61.5,182.8333333,6.037769372,0,37.34960195,16.99759488,91937,0,0,43,11,DAVIS
679,110098,686,2497,3.639941691,366.5,40.83333333,15.5,310.1666667,445.0802245,19.33333333,21.5,0.833333333,14.66666667,35.66666667,8.5,112.1666667,153.8333333,0,0,45.58489323,32.99533123,126779,0,0,0,11,DAVIS
680,110099,1318,4161,3.157056146,1068.166667,167.3333333,67.83333333,833.0000001,1302.010943,100.5,66.83333333,5.833333333,62,123.6666667,185,57.66666667,466.6666667,0,0,170.8531894,62.99108689,126106,0,0,0,11,DAVIS
681,110100,721,2424,3.361997226,786.5000001,393.8333334,27.83333334,364.8333334,954.1926324,222.1666667,171.6666667,3.166666667,24.66666667,33.16666667,107.5,2.5,221.6666667,0,5.248,127.449584,34.99504827,132793,914,0,0,11,DAVIS
682,110101,696,2196,3.155172414,20,0.666666667,1.333333333,18,85.64515379,0.666666667,0,0,1.333333333,5.166666667,1.5,0,11.33333333,1.006294895,0,31.64352767,32.99533123,128079,0,0,0,11,DAVIS
683,110102,29,102,3.517241379,0,0,0,0,71.81735127,0,0,0,0,0,0,0,0,69.60219788,0,1.215294868,0.999858522,162435,0,0,0,11,DAVIS
684,110103,751,2512,3.344873502,13.16666667,0,1,12.16666667,283.8849449,0,0,0,1,4.333333333,5,0,2.833333333,9.056654058,0,225.6667174,35.99490679,91937,0,0,0,11,DAVIS
685,110104,407,1359,3.339066339,1,0,0,1,100.7520675,0,0,0,0,1,0,0,0,1.844345215,0,77.91055189,19.99717044,107434,0,0,0,11,DAVIS
686,110105,407,1632,4.00982801,11,0,0,11,48.31512231,0,0,0,0,4,0,7,0,0,0,17.31795187,19.99717044,126716,0,0,0,11,DAVIS
687,110106,589,2267,3.848896435,14.33333333,0,4.5,9.833333334,72.35034716,0,0,4,0.5,8.166666667,0.166666667,0,1.5,5.031474477,0,24.98950073,27.99603862,152829,0,0,0,11,DAVIS
688,110107,511,1709,3.344422701,0,0,0,0,60.18126223,0,0,0,0,0,0,0,0,0,0,35.18479918,24.99646305,91937,0,0,0,11,DAVIS
689,110108,0,0,0,0,0,0,0,31.19514175,0,0,0,0,0,0,0,0,31.19514175,0,0,0,162435,0,0,0,11,DAVIS
690,110109,630,1679,2.665079365,964.6666666,40,36.33333333,888.3333333,1070.79322,39.83333333,0.166666667,2.833333333,33.5,147.3333333,176.5,290.3333333,274.1666667,10.06294895,0,66.06784829,29.99575566,88700,695,0,0,11,DAVIS
691,110110,521,1386,2.660268714,956.3333333,45,385.3333334,526,1051.600024,43.33333333,1.666666667,301.1666667,84.16666667,112.3333333,24.66666667,108,281,9.056654058,0,61.21357391,24.99646305,88409,0,0,0,11,DAVIS
692,110111,616,1875,3.043831169,568.1666666,4.666666667,49.33333333,514.1666666,647.2299526,4.666666667,0,0.833333333,48.5,164.8333333,45,2.333333333,302,0,0,49.06753031,29.99575566,166326,0,0,0,11,DAVIS
693,110112,1362,3898,2.861967695,1795.333333,83.66666667,146.5,1565.166667,1995.146506,64.66666667,19,31.5,115,235.8333333,169.3333333,306.5,853.5,2.012589791,0,131.8099204,65.99066246,74154,0,0,1120,11,DAVIS
694,110113,597.9999905,1470,2.458194019,860.8333197,167.3333307,73.33333217,620.1666568,958.2757146,116.9999982,50.33333253,3.499999945,69.83333223,46.83333259,104.9999983,13.99999978,454.3333261,1.006294879,0,67.44020337,28.99589668,48308,522,0,0,11,DAVIS
695,110114,30,102,3.4,210,2.5,64.33333334,143.1666667,231.8447747,2.5,0,49.00000001,15.33333333,0.5,0,0.666666667,142,10.90159448,0,9.943321651,0.999858522,114341,0,0,0,11,DAVIS
696,110115,557,1843,3.308797127,842.1666667,340.6666667,44,457.5,931.1373259,195,145.6666667,8.666666667,35.33333333,100,25.5,26.66666667,305.3333333,1.006294895,0,60.9681842,26.9961801,114341,18,0,0,11,DAVIS
697,110116,666,1935,2.905405405,446.8333333,7.5,37,402.3333333,526.9466449,6.666666667,0.833333333,16.33333333,20.66666667,43.66666667,11.66666667,191.3333333,155.6666667,2.012589791,0,46.10524907,31.99547271,120963,0,0,0,11,DAVIS
698,110117,941,2988,3.175345377,52,0,0,52,138.1341268,0,0,0,0,0,52,0,0,0,0,41.14049333,44.99363349,136238,644,0,0,11,DAVIS
699,110118,223.9999982,606,2.705357165,56.99999954,12.33333323,4.499999963,40.16666634,81.6530053,2.333333314,9.999999919,0.666666662,3.833333302,8.499999931,2.666666645,2.49999998,26.49999978,2.012589775,0,11.64197234,10.99844365,126875,0,0,0,11,DAVIS
700,110119,539,1300,2.41187384,999.6666666,589.8333333,63.33333333,346.5,1089.410728,206.3333333,383.5,38,25.33333333,31.66666667,114.6666667,23.33333333,176.8333333,0,0,63.74773991,25.99632157,83801,0,960,0,11,DAVIS
701,110120,749.0000065,1945,2.596795705,806.1666736,60.83333386,33.00000029,712.3333395,907.5992195,37.50000033,23.33333353,2.000000017,31.00000027,51.50000045,167.3333348,260.3333356,233.1666687,1.006294904,0,64.43134383,35.9949071,99055,0,0,1991,11,DAVIS
702,110121,997,2252,2.258776329,765.3333333,153.1666667,105.6666667,506.5,913.3478108,118,35.16666667,9.833333333,95.83333333,44.33333333,61.66666667,9.666666667,390.8333333,0,0,100.0212684,47.99320906,65223,325,0,0,11,DAVIS
703,110122,986,2755,2.794117647,3482.666666,544.5,136.8333333,2801.333333,3715.799142,407.6666667,136.8333333,34.5,102.3333333,73,24,2288.333333,416,0,0,186.139125,46.99335054,63328,0,0,0,11,DAVIS
704,110123,1073,2137,1.991612302,4622.5,1952.666667,244.6666666,2425.166666,4910.460095,854.1666667,1098.5,128.3333333,116.3333333,397.6666667,130.3333333,525.8333333,1371.333333,0,0,235.9674519,51.99264315,82933,0,0,0,11,DAVIS
705,110124,1660,4989,3.005421687,1888,295.1666667,138.8333333,1454,2119.989805,209.6666667,85.5,18.33333333,120.5,230.8333333,52.83333333,253.5,916.8333333,2.012589791,0,149.9885333,79.98868177,90926,0,0,0,11,DAVIS
706,110125,113,339,3,131.1666667,14.5,9.833333334,106.8333333,149.3007927,12.66666667,1.833333333,0.666666667,9.166666667,9.833333333,11.33333333,2.166666667,83.5,3.018884686,0,10.11594876,4.99929261,115517,0,0,0,11,DAVIS
707,110126,984,2942,2.989837398,16,0,0,16,113.4805115,0,0,0,0,4,0,12,0,9.056654058,0,41.43050687,46.99335054,110553,0,0,0,11,DAVIS
708,110127,1107,3626,3.275519422,9,0,0,9,108.2289473,0,0,0,0,4,0,5,0,0,0,46.23644567,52.99250167,128999,0,0,0,11,DAVIS
709,110128,143,388,2.713286713,356.1666667,8.5,123.8333333,223.8333333,386.6976396,7.333333333,1.166666667,45,78.83333333,64.16666667,18.16666667,0,141.5,2.851235315,0,20.68072801,6.999009654,63880,0,0,44,11,DAVIS
710,110129,506,1420,2.806324111,1454.5,704.5,142.3333333,607.6666667,1559.721113,479.6666667,224.8333333,2.833333333,139.5,57.66666667,27,88,435,0,0,81.22450873,23.99660453,53413,0,0,0,11,DAVIS
711,110130,0,0,0,1183.666667,943,43,197.6666667,1232.761817,404.8333333,538.1666667,2.333333333,40.66666667,13.33333333,10.16666667,7,167.1666667,0,0,49.09515065,0,82933,0,0,0,11,DAVIS
712,110131,77,230,2.987012987,1094.666667,88,140.8333334,865.8333334,1151.227119,61.66666667,26.33333333,5.166666667,135.6666667,109.1666667,92.16666667,166.6666667,497.8333333,4.025179581,0,48.5358388,3.999434088,115517,442,0,0,11,DAVIS
713,110132,806,2393,2.96898263,48,3,1,44,123.3824301,3,0,0,1,3,0,18,23,1.006294895,0,35.38165287,38.99448236,96424,0,0,0,11,DAVIS
714,110133,643,2277,3.541213064,123.6666667,22.33333333,1,100.3333333,187.4250593,22.33333333,0,1,0,9.166666667,58.33333333,22.33333333,10.5,1.006294895,0,31.75648352,30.99561418,109326,507,0,0,11,DAVIS
715,110134,340,923,2.714705882,14,0,0,14,44.66413578,0,0,0,0,1,0,2,11,0,0,14.66639943,15.99773635,126875,0,0,0,11,DAVIS
716,110135,221,849,3.841628959,146.6666666,20,0.833333334,125.8333333,173.9040216,13.83333333,6.166666667,0.166666667,0.666666667,6.666666667,0.666666667,104.8333333,13.66666667,1.006294895,0,15.23261636,10.99844374,161079,0,0,0,11,DAVIS
717,110136,316,1142,3.613924051,50.5,3.333333333,18.5,28.66666667,86.71302288,2.333333333,1,7.833333333,10.66666667,3.166666667,1.5,1,23,6.037769372,0,15.17737568,14.99787783,141359,0,0,0,11,DAVIS
718,110137,256,984,3.84375,126.1666667,3,4.166666667,119,156.0109174,2.833333333,0.166666667,0,4.166666667,12.83333333,68,0.166666667,38,2.012589791,0,15.83335871,11.99830226,155705,565,0,0,11,DAVIS
719,110138,0,0,0,1082.5,28.16666667,792.8333334,261.5,1145.716524,25.66666667,2.5,270.1666667,522.6666667,96,5.666666667,1,158.8333333,0,18.368,44.84852369,0,92434,0,0,0,11,DAVIS
720,110139,467,1280,2.740899358,3178.333333,2295.5,99.33333334,783.5,3485.517934,1840.5,455,35.66666667,63.66666667,123,58.83333333,103.5,498.1666667,0,0,285.0211026,22.16349756,65278,0,0,0,11,DAVIS
721,110140,560,1525,2.723214286,493.3333333,44.83333333,32.5,416,563.9558372,31.83333333,13,5,27.5,43.5,163.1666667,30.5,178.8333333,0,0,43.62632374,26.9961801,72379,291,879,0,11,DAVIS
722,110141,146,274,1.876712329,1218.666666,129,42.16666665,1047.5,1283.203898,49.33333332,79.66666665,4.333333332,37.83333332,103.6666667,401.1666666,62.66666666,479.9999999,1.006294895,0,56.53192662,6.999009653,70833,0,0,2229,11,DAVIS
723,110142,1285,2838,2.208560311,265.8333334,82.16666668,0.333333334,183.3333334,392.0694677,1.166666667,81.00000001,0.166666667,0.166666667,11.33333333,68.00000001,9.333333334,94.66666668,0,0,64.244906,61.99122838,57555,361,0,0,11,DAVIS
724,110143,1368,3261,2.38377193,671.0000001,199.3333334,28.33333334,443.3333334,857.4800558,120.1666667,79.16666667,2.166666667,26.16666667,55.5,19,81.66666667,287.1666667,2.012589791,0,118.4768035,65.99066246,110773,0,0,0,11,DAVIS
725,110144,212,813,3.83490566,112,0,0,112,135.4220695,0,0,0,0,0,112,0,0,0,0,13.42348423,9.998585221,161079,0,1125,0,11,DAVIS
726,110145,192,695,3.619791667,91,0,0,91,113.7361499,0,0,0,0,0,91,0,0,2.012589791,0,11.72483345,8.998726699,141359,682,0,0,11,DAVIS
727,110146,42,148,3.523809524,0,0,0,0,4.746093228,0,0,0,0,0,0,0,0,1.006294895,0,1.740081289,1.999717044,141359,0,0,0,11,DAVIS
728,110147,233,892,3.82832618,304.8333334,25,24.33333334,255.5000001,361.6996802,7,18,4.666666667,19.66666667,19.16666667,127.1666667,5.5,103.6666667,12.57829032,0,33.2896127,10.99844374,155705,705,262,0,11,DAVIS
729,110148,349.9999995,943,2.694285718,1913.333331,81.16666656,1430.999998,401.1666662,2026.107658,80.99999989,0.166666667,504.9999993,925.9999988,127.1666665,5.833333325,68.99999991,199.1666664,2.012589788,0,93.76414202,16.99759486,92434,0,0,0,11,DAVIS
730,110149,923,2719,2.945828819,341.6666666,177.8333333,20.5,143.3333333,471.0751073,163.8333333,14,1,19.5,13.5,5.666666667,7.666666667,116.5,3.018884686,0,82.39578103,43.99377497,133519,0,0,0,11,DAVIS
731,110150,221,759,3.43438914,12,0,0,12,40.69581611,0,0,0,0,12,0,0,0,7.044064267,0,10.6533081,10.99844374,162435,0,0,0,11,DAVIS
732,110151,286,982,3.433566434,139.3333333,4,1.166666666,134.1666667,176.9839925,3.666666667,0.333333333,0.333333333,0.833333333,30.66666667,64.66666667,1.333333333,37.5,6.037769372,0,17.61487051,13.99801931,162435,869,0,0,11,DAVIS
733,110152,141,541,3.836879433,334.5,53.66666667,26.5,254.3333333,371.2495748,41.16666667,12.5,6.333333333,20.16666667,31.66666667,32.33333333,15,175.3333333,8.050359163,0,21.70020602,6.999009654,155705,0,0,0,11,DAVIS
734,110153,277,1065,3.844765343,453.1666667,73,39.66666667,340.5,506.4720464,57.5,15.5,5.166666667,34.5,43.16666667,35.33333333,11.5,250.5,10.06294895,0,30.24427002,12.99816079,155705,0,0,0,11,DAVIS
735,110154,432,1707,3.951388889,0,0,0,0,39.90130283,0,0,0,0,0,0,0,0,1.006294895,0,17.89797897,20.99702896,118899,0,0,0,11,DAVIS
736,110155,267.9999973,722,2.694029878,14.83333318,0.33333333,1.333333319,13.16666653,42.57521182,0.33333333,0,0,1.333333319,5.999999939,1.499999985,0,5.666666609,3.018884655,0,11.72483333,12.99816066,93131,0,0,0,11,DAVIS
737,110156,643,1736,2.699844479,803.4999999,93.16666666,145.1666667,565.1666666,935.397222,46.33333333,46.83333333,89.16666667,56,64.83333333,101.3333333,71.66666667,327.3333333,0,0,100.9016079,30.99561418,83417,520,0,0,11,DAVIS
738,110157,168,314,1.869047619,1201.333333,391.1666666,68.5,741.6666666,1291.064375,225.8333333,165.3333333,9.5,59,124.3333333,40,84,493.3333333,0,0,81.73217408,7.998868177,71315,0,0,0,11,DAVIS
739,110158,1532,4225,2.757832898,768.5,151.3333333,61,556.1666667,938.7721812,93.66666667,57.66666667,12.66666667,48.33333333,73.83333333,28.83333333,122.8333333,330.6666667,1.006294895,0,95.27635564,73.98953063,94263,0,0,0,11,DAVIS
740,110159,2,7,3.5,0,0,0,0,19.20246402,0,0,0,0,0,0,0,0,19.11960301,0,0.082861014,0,167890,0,0,0,11,DAVIS
741,110160,175,613,3.502857143,0,0,0,0,15.24920688,0,0,0,0,0,0,0,0,0,0,7.250338703,7.998868177,160500,0,0,0,11,DAVIS
742,110161,353,1142,3.235127479,961.3333333,5.666666667,11.5,944.1666667,1032.777519,4,1.666666667,1.833333333,9.666666667,43.83333333,13.83333333,817,69.5,0,0,54.44659112,16.99759488,181440,0,0,0,11,DAVIS
743,110162,669,2569,3.840059791,286.6666666,7.666666666,15.5,263.5,377.5626866,7.333333333,0.333333333,1.333333333,14.16666667,24.5,146.8333333,8.166666667,84,2.682792806,2.624,53.5937544,31.99547271,138049,622,1226,0,11,DAVIS
744,110163,938,2729,2.909381663,67,0,0,67,164.674747,0,0,0,0,3,58,6,0,8.050359163,0,44.63075432,44.99363349,121292,587,0,0,11,DAVIS
745,110164,161,495,3.074534161,8,2,3,3,62.00691873,2,0,0,3,2,0,0,1,1.006294895,0,45.00175566,7.998868177,138331,0,0,0,11,DAVIS
746,110165,139,547,3.935251799,161.1666667,8.166666667,15.33333333,137.6666667,214.6080284,7.5,0.666666667,0,15.33333333,20,7.833333333,0.166666667,109.6666667,1.006294895,0,45.43605715,6.999009654,118899,0,0,0,11,DAVIS
747,110166,815,2134,2.618404908,2088.666667,497.6666666,102,1489,2247.975341,403.3333333,94.33333333,17.83333333,84.16666667,207.8333333,219.3333333,306.6666667,755.1666667,0,0,120.314192,38.99448236,90202,542,972,0,11,DAVIS
748,110167,433,1530,3.533487298,14,0,0,14,59.49514009,0,0,0,0,11,0,3,0,1.006294895,0,23.49181623,20.99702896,109573,0,0,0,11,DAVIS
749,110168,213,791,3.713615023,0,0,0,0,34.68120786,0,0,0,0,0,0,0,0,3.857924679,0,20.82469796,9.998585221,108438,0,0,0,11,DAVIS
750,110169,470,1642,3.493617021,662.1666667,393.1666667,19.5,249.5,732.0696516,263.5,129.6666667,3,16.5,23.33333333,10,15.16666667,201,0,0,46.90623887,22.99674601,163988,0,0,0,11,DAVIS
751,110170,17,63,3.705882353,2075.5,294.5,676.1666667,1104.833333,2163.193194,282.6666667,11.83333333,318.6666667,357.5,659.6666667,4.166666667,171.8333333,269.1666667,0,0,86.69333563,0.999858522,166778,0,0,0,11,DAVIS
752,110171,59,154,2.610169492,2890.333333,399.3333333,249.3333333,2241.666667,3021.216385,200.3333333,199,103.5,145.8333333,278.3333333,113.3333333,749,1101,1.677291048,0,126.2061851,2.999575566,88041,0,0,0,11,DAVIS
753,110172,1,3,3,0,0,0,0,9.098084565,0,0,0,0,0,0,0,0,9.056654058,0,0.041430507,0,184801,0,0,0,11,DAVIS
754,110173,460,2017,4.384782609,120.6666667,7.5,5.166666666,108,173.5782008,7.5,0,0.333333333,4.833333333,19.66666667,48.16666667,2.333333333,37.83333333,3.857332277,0,27.05731432,21.99688749,184801,0,714,0,11,DAVIS
755,110174,513,2160,4.210526316,0,0,0,0,78.26980795,0,0,0,0,0,0,0,0,2.012589791,0,51.26075511,24.99646305,199875,0,0,0,11,DAVIS
756,110175,452,1692,3.743362832,861.8333334,34,53.66666666,774.1666667,986.2630018,32.5,1.5,0.833333333,52.83333333,41.5,106.6666667,95.33333333,530.6666667,0,0,102.4327809,21.99688749,172494,0,0,0,11,DAVIS
757,110176,661,1431,2.164901664,697.3333334,252.3333334,32.5,412.5,787.5845293,63.66666667,188.6666667,10.66666667,21.83333333,62,21.33333333,80.16666667,249,0,0,58.25572325,31.99547271,105113,0,0,0,11,DAVIS
758,110177,629,1660,2.639109698,1100.333333,129,70.5,900.8333333,1202.886479,78.5,50.5,6,64.5,89.16666667,273.8333333,70.16666667,467.6666667,0,0,72.55739046,29.99575566,69558,1082,0,0,11,DAVIS
759,110178,276,1210,4.384057971,15,0,2,13,52.94444763,0,0,1,1,13,0,0,0,7.883104261,0,17.06318258,12.99816079,184801,0,0,0,11,DAVIS
760,110179,601,2320,3.860232945,188.3333334,2.833333334,4.166666667,181.3333334,264.1198391,2.666666667,0.166666667,0,4.166666667,16.16666667,126.1666667,1,38,14.08812853,0,32.70248009,28.99589714,123671,555,858,0,11,DAVIS
761,110180,317,1253,3.952681388,1273.833334,6.833333334,16.83333333,1250.166667,1356.745928,6.166666667,0.666666667,0.333333333,16.5,39.83333333,1059.166667,50.83333333,100.3333333,2.012589791,0,65.90212627,14.99787783,122127,0,10,2653,11,DAVIS
762,110181,393,1656,4.213740458,352.1666667,3.833333333,11.33333333,337,410.0617909,3.333333333,0.5,0.5,10.83333333,39.5,219,7.166666667,71.33333333,4.025179581,0,34.87263271,18.99731192,199875,993,957,0,11,DAVIS
763,110182,395,1666,4.217721519,0,0,0,0,39.36865704,0,0,0,0,0,0,0,0,1.006294895,0,19.36505022,18.99731192,215964,0,0,0,11,DAVIS
764,110183,1098,3489,3.177595628,142.5,6.166666666,10,126.3333333,250.912225,4.833333333,1.333333333,1,9,19.66666667,73.16666667,5.166666667,28.33333333,4.025179581,0,51.39454378,52.99250167,131378,484,0,0,11,DAVIS
765,110184,338,1423,4.210059172,223.6666667,2.666666667,36.66666667,184.3333333,263.975358,2.5,0.166666667,1,35.66666667,18.83333333,81,6,78.5,1.006294895,0,23.30466012,15.99773635,226319,644,0,0,11,DAVIS
766,110185,189,459,2.428571429,61.66666667,0.833333334,43.5,17.33333333,86.0821149,0.666666667,0.166666667,0,43.5,3.5,0.833333333,6.166666667,6.833333333,5.031474477,0,10.38524706,8.998726699,99129,0,0,0,11,DAVIS
767,110186,221,677,3.063348416,125.3333333,41,3.833333334,80.50000001,153.6931324,40.83333333,0.166666667,0.666666667,3.166666667,17.16666667,1.166666667,4.5,57.66666667,2.012589791,0,15.34876555,10.99844374,145968,0,0,0,11,DAVIS
768,110187,514,1601,3.114785992,19,0,11,8,66.0858283,0,0,11,0,2,0,3,3,0,0,22.08936525,24.99646305,121340,0,0,0,11,DAVIS
769,110188,589,1599,2.714770798,423.3333334,24.66666666,9.5,389.1666667,493.2708551,3.833333333,20.83333333,0.166666667,9.333333333,8,1.333333333,5.166666667,374.6666667,0,0,41.94148312,27.99603862,98830,0,0,0,11,DAVIS
770,110189,658,2022,3.072948328,120,0,8,112,184.2284071,0,0,8,0,20,90,2,0,0,0,32.23293435,31.99547271,145198,0,0,0,11,DAVIS
771,110190,543,1851,3.408839779,1590.833333,125.8333333,80.33333333,1384.666667,1705.235451,86.83333333,39,5.5,74.83333333,228.8333333,34.16666667,214.6666667,907,0,0,88.40579658,25.99632157,137176,0,0,0,11,DAVIS
772,110191,292,1040,3.561643836,0,0,0,0,26.1026324,0,0,0,0,0,0,0,0,0,0,12.10461309,13.99801931,142769,0,0,0,11,DAVIS
773,110192,453,1546,3.412803532,39,14,1,24,91.38760196,14,0,1,0,0,2,6,16,0,0,30.39071447,21.99688749,163197,0,0,0,11,DAVIS
774,110193,255,911,3.57254902,976.8333333,252.6666667,39.33333333,684.8333333,1040.87341,188.5,64.16666667,4.333333333,35,83.16666667,22.16666667,164.6666667,414.8333333,1.006294895,0,51.03547938,11.99830226,142500,0,0,0,11,DAVIS
775,110194,810,1977,2.440740741,1162.333333,390.6666666,57.33333334,714.3333334,1311.085412,139.8333333,250.8333333,5.666666667,51.66666667,103,24.16666667,215.6666667,371.5,11.5723927,0,98.01859344,39.16109243,86804,0,0,0,11,DAVIS
776,110195,870,2129,2.447126437,252.1666667,27.33333333,8,216.8333333,340.6526584,27,0.333333333,1.5,6.5,37.33333333,40.5,57.5,81.5,0,0,46.4919338,41.99405793,86804,0,0,0,11,DAVIS
777,110196,76,259,3.407894737,1012.166667,228.3333333,59.33333334,724.5,1092.268282,120.8333333,107.5,24.16666667,35.16666667,101,89,185.8333333,348.6666667,3.018884686,0,73.08329656,3.999434088,169091,614,0,0,11,DAVIS
778,110197,813,3917,4.81795818,15,0,14,1,90.31843693,0,0,10,4,1,0,0,0,2.012589791,0,34.31136478,38.99448236,134190,0,0,0,11,DAVIS
779,110198,263,896,3.406844106,13,0,1,12,41.43298069,0,0,0,1,12,0,0,0,0,0,15.4348199,12.99816079,165590,0,0,0,11,DAVIS
780,110199,299,1127,3.769230769,3952.5,2099.166667,104,1749.333333,4149.639819,1380.5,718.6666667,8,96,96.5,60,502.3333333,1090.5,0,0,183.1418,13.99801931,121296,0,0,0,11,DAVIS
781,110200,7,22,3.142857143,2377.5,17.5,1.166666667,2358.833333,2476.291043,16.33333333,1.166666667,0,1.166666667,19.16666667,42.16666667,3.666666667,2293.833333,0,0,98.79104364,0,94306,0,0,0,11,DAVIS
782,110201,282,942,3.340425532,50.66666666,0.333333333,15.83333333,34.5,79.43342442,0.333333333,0,15,0.833333333,3.5,6.5,1.666666667,22.83333333,0,0,14.76873845,13.99801931,94627,0,0,0,11,DAVIS
783,110202,6,26,4.333333333,81.83333334,12.5,5.166666667,64.16666667,100.5667363,9.5,3,1.166666667,4,7.666666667,4.333333333,10.66666667,41.5,15.09442343,0,3.63897952,0,154629,0,0,0,11,DAVIS
784,110203,313,1507,4.814696486,337.3333334,43.83333334,22,271.5,396.3126202,32.66666667,11.16666667,3,19,20.33333333,71.16666667,23.83333333,156.1666667,6.037769372,0,37.94363964,14.99787783,160655,454,0,0,11,DAVIS
785,110204,470,1771,3.768085106,18,0,0,18,82.31659052,0,0,0,0,0,18,0,0,13.0810419,0,28.23880261,22.99674601,121486,721,0,0,11,DAVIS
786,110205,277.9999999,1048,3.769784174,898.1666663,3.166666666,27.83333332,867.1666663,965.9260929,2.999999999,0.166666667,1.333333332,26.49999999,42.16666665,761.333333,7.166666664,56.49999998,4.025179579,0,50.73608623,12.99816078,121486,299,86,2191,11,DAVIS
787,110206,315,910,2.888888889,2156,46.66666667,122.3333333,1987,2274.37266,28.16666667,18.5,84.66666666,37.66666667,158,832.6666666,234.3333333,761.9999999,0,0,103.3747825,14.99787783,112349,549,1266,0,11,DAVIS
788,110207,231,701,3.034632035,250.5,3.5,26,221,281.4472328,3,0.5,0.166666667,25.83333333,5.666666667,121.8333333,67.66666667,25.83333333,0,0,19.94878906,10.99844374,118520,0,0,267,11,DAVIS
789,110208,499,1448,2.901803607,3,0,0,3,47.79471898,0,0,0,0,0,3,0,0,0,0,20.79811445,23.99660453,113583,0,0,0,11,DAVIS
790,110209,351,1060,3.01994302,26.16666667,0.333333333,5.166666667,20.66666667,59.79046773,0.333333333,0,0,5.166666667,3,1.166666667,0,16.5,0,0,16.62620618,16.99759488,118520,0,0,0,11,DAVIS
791,110210,0,0,0,152.6666667,8.166666667,12.33333334,132.1666667,166.0357883,8,0.166666667,0.166666667,12.16666667,19.66666667,12.66666667,0.166666667,99.66666667,7.044064267,0,6.325057383,0,121932,0,0,0,11,DAVIS
792,110211,40,112,2.8,23.66666667,2,2,19.66666667,29.31042088,2,0,0,2,3.333333333,2.333333333,0,14,1.006294895,0,2.637742271,1.999717044,121932,0,0,0,11,DAVIS
793,110212,620,1946,3.138709677,2,0,0,2,61.77182584,0,0,0,0,0,0,2,0,1.006294895,0,28.76977528,29.99575566,107189,0,0,0,11,DAVIS
794,110213,0,0,0,166.1666667,4.5,48.16666667,113.5,219.8658465,4.166666667,0.333333333,36,12.16666667,14.5,26.5,0.166666667,72.33333333,46.79409537,0,6.905084479,0,121932,0,0,0,11,DAVIS
795,110214,378,1372,3.62962963,46,0,0,46,86.06593177,0,0,0,0,0,46,0,0,1.508848539,0,20.55962983,17.9974534,163348,414,0,0,11,DAVIS
796,110215,308,1009,3.275974026,0,0,0,0,29.77106374,0,0,0,0,0,0,0,0,2.012589791,0,12.76059612,14.99787783,138750,0,0,0,11,DAVIS
797,110216,442,1134,2.56561086,0,0,0,0,39.309313,0,0,0,0,0,0,0,0,0,0,18.31228404,20.99702896,141998,0,0,0,11,DAVIS
798,110217,393,1007,2.562340967,58,0,0,58,99.68247052,0,0,0,0,0,58,0,0,0,0,22.6851586,18.99731192,138043,522,0,0,11,DAVIS
799,110218,488,1404,2.87704918,38.5,9.833333334,4.833333333,23.83333333,83.30990788,9.666666667,0.166666667,3.333333333,1.5,3,1.666666667,5.833333333,13.33333333,0,0,21.81316187,22.99674601,116050,0,0,0,11,DAVIS
800,110219,0,0,0,7.333333333,0.166666667,0.833333333,6.333333333,11.66233663,0.166666667,0,0,0.833333333,1.333333333,0.5,0,4.5,4.025179581,0,0.303823717,0,121932,0,0,0,11,DAVIS
801,110220,0,0,0,605.5,50.83333333,352.8333333,201.8333333,630.5861719,50.83333333,0,195,157.8333333,65.83333333,19,0.5,116.5,0,0,25.08617191,0,121932,0,0,0,11,DAVIS
802,110221,254,620,2.440944882,1331.833333,259.3333333,22.83333334,1049.666667,1411.533514,7.5,251.8333333,2.666666667,20.16666667,265.6666667,27.66666667,170.1666667,586.1666667,0,0,67.70187882,11.99830226,121107,0,0,0,11,DAVIS
803,110222,560,1366,2.439285714,554.8333334,365.6666667,9.5,179.6666667,628.0107185,231.1666667,134.5,1.666666667,7.833333333,36.33333333,4.5,8.833333333,130,0,0,46.18120499,26.9961801,121107,0,0,0,11,DAVIS
804,110223,261,636,2.436781609,0,0,0,0,26.81152308,0,0,0,0,0,0,0,0,0,0,13.81336229,12.99816079,121107,0,0,0,11,DAVIS
805,110224,733,2373,3.237380628,0,0,0,0,67.33598947,0,0,0,0,0,0,0,0,0,0,32.3409412,34.99504827,138750,0,0,0,11,DAVIS
806,110225,366,1025,2.800546448,1633.666667,101.8333333,246.5,1285.333333,1735.524524,84.83333333,17,172.3333333,74.16666667,403,43.83333333,48.33333333,790.1666667,1.006294895,0,82.85410866,17.9974534,121932,0,0,0,11,DAVIS
807,110226,58,157,2.706896552,2787.5,1073,158,1556.5,2911.390083,780.6666667,292.3333333,23.66666667,134.3333333,186.6666667,174.6666667,116.3333333,1078.833333,0,0,120.8905073,2.999575566,100760,0,0,0,11,DAVIS
808,110227,545,1467,2.691743119,1405,731,75,599,1512.78581,484,247,8.666666667,66.33333333,87.66666667,68.5,95.5,347.3333333,0,0,81.7894884,25.99632157,77571,0,0,0,11,DAVIS
809,110228,257,693,2.696498054,404.6666667,69.16666666,46.16666667,289.3333333,444.0781543,31.33333333,37.83333333,3.666666667,42.5,49.66666667,97,59.5,83.16666667,0,0,27.41318538,11.99830226,77571,386,0,0,11,DAVIS
810,110229,309,772,2.498381877,480.8333333,129.3333334,38.66666666,312.8333333,565.5544065,116.6666667,12.66666667,2.333333333,36.33333333,48.33333333,19.33333333,12.33333333,232.8333333,0,0,69.72319535,14.99787783,86818,0,0,0,11,DAVIS
811,110230,442,1103,2.495475113,0,0,0,0,39.309313,0,0,0,0,0,0,0,0,0,0,18.31228404,20.99702896,86818,0,0,0,11,DAVIS
812,110231,296,739,2.496621622,121,0,0.333333333,120.6666667,152.2607305,0,0,0,0.333333333,0.333333333,119.1666667,0,1.166666667,0,0,17.2627112,13.99801931,86818,332,971,0,11,DAVIS
813,110232,0,0,0,20,0.166666667,0.833333333,19,22.84119993,0.166666667,0,0,0.833333333,1.333333333,0.5,0.5,16.66666667,2.012589791,0,0.828610137,0,121932,0,0,0,11,DAVIS
814,110233,222,625,2.815315315,13,0,4,9,37.74781284,0,0,4,0,0,0,9,0,1.006294895,0,12.7430742,10.99844374,121932,0,0,0,11,DAVIS
815,110234,423,1186,2.803782506,4.000000001,0.166666667,2.166666667,1.666666667,41.67418671,0.166666667,0,0,2.166666667,0.5,0.166666667,0,1,0,0,17.67701627,19.99717044,121932,0,0,0,11,DAVIS
816,110235,2,5,2.5,105.8333333,0.166666667,56.33333333,49.33333333,111.3072179,0.166666667,0,0,56.33333333,0.5,0.166666667,0.166666667,48.5,1.006294895,0,4.467589658,0,126286,0,0,0,11,DAVIS
817,110236,92,255,2.77173913,79.5,10.66666667,6,62.83333334,112.667715,8,2.666666667,0.666666667,5.333333333,7,5.5,2.166666667,48.16666667,10.06294895,0,19.10533193,3.999434088,126286,0,0,0,11,DAVIS
818,110237,382,1274,3.335078534,26,0,4,22,62.89419512,0,0,0,4,0,0,0,22,0,0,18.89674172,17.9974534,128068,0,0,0,11,DAVIS
819,110238,483,1611,3.335403727,138.1666667,2.166666667,4.166666667,131.8333333,186.8917575,2.166666667,0,0,4.166666667,11,90.16666667,3,27.66666667,0,0,25.72834477,22.99674601,128068,642,0,0,11,DAVIS
820,110239,4,11,2.75,25.33333334,0.166666667,3,22.16666667,33.59269247,0.166666667,0,0,3,4.333333333,2.166666667,0,15.66666667,7.044064267,0,1.215294868,0,126286,0,0,0,11,DAVIS
821,110240,77,209,2.714285714,185.5,37.83333333,28,119.6666667,210.4001217,34.33333333,3.5,1.833333333,26.16666667,18.33333333,9.166666667,4,88.16666667,4.025179581,0,16.87550805,3.999434088,126286,0,0,0,11,DAVIS
822,110241,73,197,2.698630137,96.33333333,2.666666667,9.5,84.16666666,115.2203332,2.666666667,0,0.166666667,9.333333333,15,6.833333333,0,62.33333333,0,7.872,7.015565831,3.999434088,126286,0,0,0,11,DAVIS
823,110242,104,287,2.759615385,166,19.16666667,13.83333333,133,182.1855295,17.16666667,2,6.833333333,7,39.33333333,6.5,8.333333333,78.83333333,0,0,11.18623686,4.99929261,126286,0,0,0,11,DAVIS
824,110243,0,0,0,2660.5,1323.166667,137.5,1199.833333,2770.725864,840.5,482.6666667,37.16666667,100.3333333,165.1666667,91,73.66666667,870,0,0,110.2258635,0,98424,0,0,0,11,DAVIS
825,110244,779,1932,2.480102696,1578.5,283.5,123.6666667,1171.333333,1714.16028,177.1666667,106.3333333,36.66666667,87,149,132.3333333,160.8333333,729.1666667,0,0,98.66551487,36.99476532,73179,312,0,0,11,DAVIS
826,110245,756.9999997,1977,2.611624836,1676.833333,82.99999997,74.66666664,1519.166666,1813.649378,34.16666666,48.83333331,7.33333333,67.3333333,163.3333332,253.9999999,345.3333332,756.4999997,0,0,100.8211385,35.99490678,71328,0,630,1568,11,DAVIS
827,110246,620,1944,3.135483871,1341,297.5,95,948.4999999,1452.220264,162.5,135,8.666666667,86.33333333,134.8333333,122.8333333,115.5,575.3333333,0,0,81.22450873,29.99575566,89760,338,0,0,11,DAVIS
828,110247,688,2150,3.125,0,0,0,0,63.47819452,0,0,0,0,0,0,0,0,1.006294895,0,29.47656839,32.99533123,104618,0,0,0,11,DAVIS
829,110248,364,1160,3.186813187,0,0,0,0,33.08506299,0,0,0,0,0,0,0,0,0,0,15.08760959,17.9974534,113205,0,0,0,11,DAVIS
830,110249,759,2353,3.100131752,1519.666667,456.8333334,88.83333333,974,1650.894147,236.1666667,220.6666667,9.333333333,79.5,233.5,59.16666667,99.66666667,581.6666667,0,0,94.39940991,36.82807034,83168,0,0,0,11,DAVIS
831,110250,351,1087,3.096866097,1965.166667,424.3333334,147.8333333,1393,2099.130031,222.1666667,202.1666667,16.83333333,131,217.8333333,257.3333333,182.8333333,735,0,20.992,95.97376917,16.99759488,86022,0,0,0,11,DAVIS
832,110251,514.9999939,1698,3.297087418,1914.833311,209.4999975,147.8333316,1557.499982,2040.498999,142.3333316,67.16666588,35.99999957,111.833332,202.3333309,63.33333258,537.1666604,754.6666578,0,0,100.6692254,24.99646275,94242,5,0,0,11,DAVIS
833,110252,346.0000083,1153,3.332369862,3131.333409,72.33333507,121.0000029,2938.000071,3293.391785,58.00000139,14.33333367,14.66666702,106.3333359,303.166674,125.3333363,1638.666706,870.8333542,0,0,145.060781,16.99759529,100568,0,0,0,11,DAVIS
834,110253,344,1063,3.090116279,62,0,0,62,95.81838067,0,0,0,0,0,62,0,0,0,0,16.82078579,16.99759488,113424,431,0,0,11,DAVIS
835,110254,520,1978,3.803846154,96,0.166666667,6.666666667,89.16666667,148.5176553,0.166666667,0,0,6.666666667,19.16666667,51.33333333,2,16.66666667,0,0,27.52119223,24.99646305,149084,509,0,0,11,DAVIS
836,110255,231,622,2.692640693,1248.666667,426.1666666,92,730.4999999,1320.961545,170.8333333,255.3333333,5.166666667,86.83333333,112.8333333,66.83333333,22.5,528.3333333,0,0,61.29643492,10.99844374,56512,0,0,0,11,DAVIS
837,110256,311,669,2.151125402,2007,616.6666667,102.1666667,1288.166667,2118.026888,461,155.6666667,11.83333333,90.33333333,126,84.33333333,165.6666667,912.1666667,0,0,96.02900985,14.99787783,79853,0,0,0,11,DAVIS
838,110257,505.0000075,1179,2.334653431,425.0000063,39.66666726,17.16666693,368.1666721,487.5269832,22.50000034,17.16666693,0.500000007,16.66666692,50.00000074,178.5000027,51.33333409,88.33333465,0,0,38.53037196,23.99660489,84716,0,674,0,11,DAVIS
839,110258,314.9999776,662,2.101587451,123.9999912,0,0,123.9999912,157.1858592,0,0,0,0,0,123.9999912,0,0,0,0,18.18799123,14.99787676,128615,0,0,1545,11,DAVIS
840,110259,473,1459,3.084566596,173.3333333,5.5,25,142.8333333,223.1010919,4.666666667,0.833333333,3,22,25.16666667,57.16666667,15.33333333,45.16666667,0,0,26.77101252,22.99674601,101440,473,0,0,11,DAVIS
841,110260,367,1152,3.138964578,115,37,1,77,152.9669577,37,0,0,1,2,68,0,7,0,0,19.96950431,17.9974534,115750,552,20,0,11,DAVIS
842,110261,503,1420,2.82306163,27,4,4,19,72.940963,0,4,4,0,8,0,6,5,0,0,21.94435847,23.99660453,150626,0,0,0,11,DAVIS
843,110262,158,479,3.03164557,0,0,0,0,14.54488826,0,0,0,0,0,0,0,0,0,0,6.546020086,7.998868177,148936,0,0,0,11,DAVIS
844,110263,462,1042,2.255411255,821,259.1666667,37.66666667,524.1666667,896.1453228,162,97.16666667,4,33.66666667,30.66666667,105,83.33333333,305.1666667,0,0,53.14843523,21.99688749,75788,0,954,0,11,DAVIS
845,110264,156,336,2.153846154,907.6666666,142.3333333,34.16666667,731.1666666,959.7475941,140,2.333333333,3,31.16666667,139.8333333,14.33333333,299.8333333,277.1666667,0,0,44.08205931,7.998868177,76762,0,0,0,11,DAVIS
846,110265,424,1145,2.700471698,296.5,147.8333334,53.66666667,95,347.3541456,121.1666667,26.66666667,2.666666667,51,9.833333333,8,4.5,72.66666667,1.006294895,0,29.8506802,19.99717044,105945,0,0,0,11,DAVIS
847,110266,542,1855,3.422509225,570.1666667,137.3333333,37,395.8333334,642.240617,88.33333333,49,2.333333333,34.66666667,53.16666667,16,12,314.6666667,0,0,46.07762873,25.99632157,112799,0,0,0,11,DAVIS
848,110267,957,2970,3.103448276,0,0,0,0,85.6424871,0,0,0,0,0,0,0,0,0,0,39.64899508,45.99349202,122403,0,0,0,11,DAVIS
849,110268,181,568,3.138121547,85,0,0,85,105.0192415,0,0,0,0,0,85,0,0,0,0,11.02051483,8.998726699,126136,0,1092,0,11,DAVIS
850,110269,355,1192,3.357746479,69,0,0,69,103.5434145,0,0,0,0,0,69,0,0,0,0,17.54581966,16.99759488,52738,465,0,0,11,DAVIS
851,110270,208,698,3.355769231,3,0,0,3,21.74042217,0,0,0,0,0,0,3,0,0,0,8.74183695,9.998585221,73713,0,0,0,11,DAVIS
852,110271,518,1714,3.308880309,145.3333333,1.833333334,5.166666667,138.3333333,197.8120326,1.666666667,0.166666667,0,5.166666667,14.33333333,61.16666667,1,61.83333333,0,0,27.48223623,24.99646305,155805,596,0,0,11,DAVIS
853,110272,343,1039,3.029154519,0,0,0,0,31.20825874,0,0,0,0,0,0,0,0,0,0,14.21066386,16.99759488,148936,0,0,0,11,DAVIS
854,110273,309,803,2.598705502,98.33333334,7.333333333,3.833333333,87.16666667,130.2072376,6.5,0.833333333,0.5,3.333333333,45.66666667,1.666666667,2.166666667,37.66666667,0,0,16.87602647,14.99787783,81055,0,0,0,11,DAVIS
855,110274,357,994,2.784313725,433.5000001,205.3333334,19.16666667,209,483.2484106,99.66666667,105.6666667,9.833333333,9.333333333,34.33333333,6.833333333,5.166666667,162.6666667,0,0,32.75081568,16.99759488,72064,0,0,0,11,DAVIS
856,110275,508,1493,2.938976378,260,29.33333334,30.83333334,199.8333333,315.8152338,19.66666667,9.666666667,2.666666667,28.16666667,24.33333333,15,9.166666667,151.3333333,0,0,31.81862928,23.99660453,121005,0,0,0,11,DAVIS
857,110276,691,2323,3.361794501,0,0,0,0,63.62381148,0,0,0,0,0,0,0,0,0,0,30.62848025,32.99533123,150550,0,0,0,11,DAVIS
858,110277,399,1479,3.706766917,5,0,0,5,40.78357229,0,0,0,0,0,5,0,0,0,0,16.78626037,18.99731192,162237,0,0,0,11,DAVIS
859,110278,0,0,0,0,0,0,0,3.018884686,0,0,0,0,0,0,0,0,3.018884686,0,0,0,126286,0,0,0,11,DAVIS
860,110279,97,267,2.75257732,58.16666667,0.666666667,1.333333333,56.16666667,71.63480306,0.666666667,0,0,1.333333333,26.83333333,12.16666667,0,17.16666667,2.012589791,0,6.456253988,4.99929261,126286,0,0,0,11,DAVIS
861,110280,1,1,1,51.16666667,0,51.16666667,0,55.39578858,0,0,0,51.16666667,0,0,0,0,2.012589791,0,2.216532118,0,126286,0,0,0,11,DAVIS
862,110281,294,1035,3.520408163,453.5,157.5,43.66666667,252.3333333,519.9209945,126.5,31,10.5,33.16666667,25,17.33333333,5,205,11.40533573,0,41.01763948,13.99801931,96250,0,0,0,11,DAVIS
863,110282,250,851,3.404,318.6666667,9.333333333,139,170.3333333,354.2251172,9.333333333,0,69.16666667,69.83333333,21.16666667,14.16666667,2,133,0,0,23.56014824,11.99830226,123125,0,0,0,11,DAVIS
864,110283,344,928,2.697674419,942.5,77.16666666,436.3333333,429,1012.791037,30.83333333,46.33333333,401.5,34.83333333,159.5,77.16666667,14.5,177.8333333,0,0,53.29344201,16.99759488,72806,457,0,0,11,DAVIS
865,110284,194,328,1.690721649,2643.666666,360.1666666,171.1666666,2112.333333,2771.231361,253.8333333,106.3333333,13.83333333,157.3333333,428.1666667,65.16666667,470.6666667,1148.333333,0,0,118.5659683,8.998726699,83678,0,0,82,11,DAVIS
866,110285,601,1858,3.091514143,450.3333333,2.166666667,324,124.1666667,522.8865034,2.166666667,0,191.1666667,132.8333333,14.16666667,4.5,0,105.5,0,0,43.55727289,28.99589714,112376,548,0,0,11,DAVIS
867,110286,3,12,4,1620.5,88.66666666,381.6666666,1150.166667,1741.768723,84.33333333,4.333333333,106.3333333,275.3333333,145.3333333,30.5,102,872.3333333,1.006294895,0,120.2624279,0,117662,0,0,0,11,DAVIS
868,110287,820,3059,3.730487805,706.1666667,17.33333333,104.1666667,584.6666667,891.3910077,16.83333333,0.5,9.666666667,94.5,64,126.1666667,1,393.5,0,0,146.2298586,38.99448236,115498,0,0,0,11,DAVIS
869,110288,12,39,3.25,387.5,8.666666667,194.6666667,184.1666666,405.051346,8.166666667,0.5,134.5,60.16666667,27.16666667,15.16666667,2,139.8333333,0,0,16.5514875,0.999858522,123125,0,0,0,11,DAVIS
870,110289,324,1100,3.395061728,271.5,31.66666666,71.16666666,168.6666666,312.1696032,26.83333333,4.833333333,19.33333333,51.83333333,35.66666667,13.66666667,5.5,113.8333333,0,0,24.67186684,15.99773635,123125,0,0,0,11,DAVIS
871,110290,332,1013,3.051204819,363,107.1666667,21.33333334,234.5,407.7919386,30.5,76.66666667,2.166666667,19.16666667,22.33333333,70.83333333,10.83333333,130.5,0,0,28.79420228,15.99773635,132616,0,0,0,11,DAVIS
872,110291,94,157,1.670212766,1596.5,907.5,56.66666666,632.3333334,1671.537565,632.5,275,22.83333333,33.83333333,119,143.5,69.66666667,300.1666667,0,0,70.03827187,4.99929261,83678,0,0,1555,11,DAVIS
873,110292,286,772,2.699300699,71.83333334,16.66666667,2.5,52.66666667,100.6634741,15.66666667,1,0.5,2,3.5,2,0.666666667,46.5,0,0,14.83212146,13.99801931,61972,0,0,0,11,DAVIS
874,110293,1184,3662,3.092905405,79.83333334,2.666666667,1,76.16666667,189.1865247,0.666666667,2,0,1,9,0.333333333,2.166666667,64.66666667,0,0,52.3612556,56.99193576,99981,0,0,0,11,DAVIS
875,110294,0,0,0,0,0,0,0,0,0,0,0,0,0,0,0,0,0,0,0,0,50625,0,0,0,11,DAVIS
876,110295,1498,4695,3.134178905,2646.833333,343.6666667,702.8333333,1600.333333,2890.545693,264.1666667,79.5,271.5,431.3333333,125.6666667,707,92.83333333,674.8333333,0,0,171.7225459,71.98981359,101367,1005,0,0,11,DAVIS
877,110296,0,0,0,2399.166667,372.3333333,1347.666667,679.1666666,2503.813358,278.3333333,94,540,807.6666667,73.5,47.16666667,2.666666667,555.8333333,0,5.248,99.39869107,0,76620,0,0,0,11,DAVIS
878,110297,0,0,0,1294,0.333333333,1170.166667,123.5,1347.611076,0.333333333,0,119,1051.166667,2.333333333,1.333333333,0,119.8333333,0,0,53.61107589,0,50625,0,0,0,11,DAVIS
879,110298,138,291,2.108695652,1009.5,45.83333334,609.5,354.1666666,1169.000516,26.16666667,19.66666667,404.3333333,205.1666667,35.83333333,27.33333333,0.666666667,290.3333333,0,104.96,47.54150664,6.999009654,50625,0,0,0,11,DAVIS
880,110299,449,952,2.120267261,1080.333333,343.3333333,88.5,648.5,1165.684371,151.5,191.8333333,41.33333333,47.16666667,126.3333333,32,50.16666667,440,0,0,63.35415009,21.99688749,51681,15,0,0,11,DAVIS
881,110300,0,0,0,2182.166667,159.1666667,944.6666667,1078.333333,2272.574938,112.6666667,46.5,597,347.6666667,90,8.166666667,0.333333333,979.8333333,0,0,90.40827108,0,50625,0,0,0,11,DAVIS
882,110301,0,0,0,604.6666667,1.666666667,338.1666667,264.8333334,629.7183132,1.166666667,0.5,182,156.1666667,9.166666667,6.5,0,249.1666667,0,0,25.05164649,0,50625,0,0,0,11,DAVIS
883,110302,626,2021,3.228434505,299.5,60.66666666,30.16666667,208.6666666,367.8396897,31.83333333,28.83333333,3.166666667,27,57.16666667,11,8.166666667,132.3333333,0,0,38.34393411,29.99575566,133750,0,0,0,11,DAVIS
884,110303,589,1529,2.595925297,218.1666667,9,15.16666667,194,279.5902193,6.833333333,2.166666667,12,3.166666667,67.66666667,83.66666667,2.5,40.16666667,0,0,33.42751396,27.99603862,89008,578,0,0,11,DAVIS
885,110304,230,596,2.591304348,260.8333334,30,17,213.8333334,292.1534407,23.33333333,6.666666667,4.333333333,12.66666667,21.16666667,51.16666667,5.833333333,135.6666667,0,0,20.32166362,10.99844374,88933,349,0,0,11,DAVIS
886,110305,395,1177,2.979746835,6,0,0,6,41.61094518,0,0,0,0,4,0,0,2,0,0,16.61363326,18.99731192,139265,0,0,0,11,DAVIS
887,110306,332,984,2.963855422,0,0,0,0,29.75956972,0,0,0,0,0,0,0,0,0,0,13.76183337,15.99773635,172806,0,0,0,11,DAVIS
888,110307,0,0,0,704.1666666,33.66666667,194.8333333,475.6666667,733.3406486,20.66666667,13,91,103.8333333,115,98.83333333,0.833333333,261,0,0,29.17398192,0,50625,764,256,0,11,DAVIS
889,110308,0,0,0,250.3333333,0,248.3333333,2,260.7047702,0,0,0,248.3333333,2,0,0,0,0,0,10.37143689,0,50625,0,0,0,11,DAVIS
890,110309,0,0,0,736.6666667,58.16666667,525.3333334,153.1666667,767.1871401,58.16666667,0,359.1666667,166.1666667,3.666666667,1,0,148.5,0,0,30.5204734,0,50625,0,0,0,11,DAVIS
891,110310,506,1121,2.21541502,422.5,68.66666667,35,318.8333334,484.9648302,37,31.66666667,13.83333333,21.16666667,24,78.33333333,9.333333333,207.1666667,0,0,38.46822563,23.99660453,73917,0,0,0,11,DAVIS
892,110311,675,1769,2.620740741,107.3333333,1.166666667,3.166666667,103,171.7412726,1.166666667,0,0,3.166666667,36.66666667,2.166666667,1,63.16666667,0,0,32.41246654,31.99547271,135815,0,0,0,11,DAVIS
893,110312,0,0,0,947,79.16666667,481.6666667,386.1666666,986.23469,35.16666667,44,393.5,88.16666667,87.16666667,19.16666667,29.5,250.3333333,0,0,39.23469001,0,50625,0,0,0,11,DAVIS
894,110313,1014,2972,2.930966469,45.16666667,10.33333334,5.166666667,29.66666666,233.1375461,10.16666667,0.166666667,4,1.166666667,0.333333333,0.166666667,0.333333333,28.83333333,0,76.096,62.88181186,48.99306758,127594,0,0,0,11,DAVIS
895,110314,268,786,2.932835821,64.66666666,3.833333333,3.333333334,57.5,91.44737607,2.833333333,1,2.166666667,1.166666667,1.333333333,0.333333333,1,54.83333333,0,0,13.78254862,12.99816079,133269,0,0,0,11,DAVIS
896,110315,261,972,3.724137931,86.16666667,0.166666667,0,86,113.5481184,0.166666667,0,0,0,15,0,0,71,0,0,14.38329097,12.99816079,161003,0,0,0,11,DAVIS
897,110316,0,0,0,0,0,0,0,0,0,0,0,0,0,0,0,0,0,0,0,0,50625,0,0,0,11,DAVIS
898,110317,0,0,0,0,0,0,0,4.025179581,0,0,0,0,0,0,0,0,4.025179581,0,0,0,120568,0,0,0,11,DAVIS
899,110318,0,0,0,0,0,0,0,15.09442343,0,0,0,0,0,0,0,0,15.09442343,0,0,0,169465,0,0,0,11,DAVIS
900,110319,0,0,0,5,0,0,5,5,0,0,0,0,0,5,0,0,0,0,0,0,162435,0,0,0,11,DAVIS
901,110320,0,0,0,0,0,0,0,0,0,0,0,0,0,0,0,0,0,0,0,0,160655,0,0,0,11,DAVIS
902,110321,0,0,0,0,0,0,0,0,0,0,0,0,0,0,0,0,0,0,0,0,126286,0,0,0,11,DAVIS
903,110322,5.999999992,18,3.000000004,0,0,0,0,0.248583041,0,0,0,0,0,0,0,0,0,0,0.248583041,0,143522,0,0,0,11,DAVIS
904,110323,15,45,3,0,0,0,0,6.621316125,0,0,0,0,0,0,0,0,0,0,5.621457603,0.999858522,120759,0,0,0,11,DAVIS
905,110324,0,0,0,0,0,0,0,0,0,0,0,0,0,0,0,0,0,0,0,0,156759,0,0,0,11,DAVIS
906,350001,0,0,0,0,0,0,0,0.040939149,0,0,0,0,0,0,0,0,0,0,0.040939149,0,47188,0,0,0,35,SALT LAKE
907,350002,0,0,0,908.5,28.16666667,115.5,764.8333334,946.9758949,21,7.166666667,2.666666667,112.8333333,72.66666667,394.1666667,0,298,0,0,38.30921122,0.166683712,47188,0,0,0,35,SALT LAKE
908,350003,0,0,0,224.8333333,3.333333333,23.16666667,198.3333333,234.0378187,2.5,0.833333333,0.166666667,23,12.33333333,137,0,49,0,0,9.204485359,0,47188,0,0,0,35,SALT LAKE
909,350004,0,0,0,73.5,2.666666666,8.333333334,62.5,76.50902746,2.333333333,0.333333333,0.166666667,8.166666667,3.166666667,40.83333333,0,18.5,0,0,3.00902746,0,90182,0,0,0,35,SALT LAKE
910,350005,0,0,0,0,0,0,0,0,0,0,0,0,0,0,0,0,0,0,0,0,94919,0,0,0,35,SALT LAKE
911,350006,0,0,0,758,19,41.66666667,697.3333333,789.031875,15.83333333,3.166666667,2.666666667,39,48.5,438.8333333,0,210,0,0,31.03187503,0,47188,0,0,0,35,SALT LAKE
912,350007,0,0,0,0,0,0,0,0,0,0,0,0,0,0,0,0,0,0,0,0,133175,0,0,0,35,SALT LAKE
913,350008,0,0,0,0,0,0,0,0,0,0,0,0,0,0,0,0,0,0,0,0,142650,0,0,0,35,SALT LAKE
914,350009,0,0,0,13,0,13,0,13.53903213,0,0,13,0,0,0,0,0,0,0,0.53903213,0,94919,0,0,0,35,SALT LAKE
915,350010,0,0,0,0,0,0,0,0,0,0,0,0,0,0,0,0,0,0,0,0,142650,0,0,0,35,SALT LAKE
916,350011,0,0,0,0,0,0,0,0,0,0,0,0,0,0,0,0,0,0,0,0,137912,0,0,0,35,SALT LAKE
917,350012,0,0,0,0,0,0,0,0,0,0,0,0,0,0,0,0,0,0,0,0,142650,0,0,0,35,SALT LAKE
918,350013,0,0,0,0,0,0,0,0,0,0,0,0,0,0,0,0,0,0,0,0,142650,0,0,0,35,SALT LAKE
919,350014,0,0,0,0,0,0,0,0,0,0,0,0,0,0,0,0,0,0,0,0,142650,0,0,0,35,SALT LAKE
920,350015,0,0,0,0,0,0,0,0,0,0,0,0,0,0,0,0,0,0,0,0,142650,0,0,0,35,SALT LAKE
921,350016,0,0,0,0,0,0,0,2.022672065,0,0,0,0,0,0,0,0,2.022672065,0,0,0,142650,0,0,0,35,SALT LAKE
922,350017,0,0,0,0,0,0,0,0,0,0,0,0,0,0,0,0,0,0,0,0,142650,0,0,0,35,SALT LAKE
923,350018,0,0,0,0,0,0,0,0,0,0,0,0,0,0,0,0,0,0,0,0,142650,0,0,0,35,SALT LAKE
924,350019,0,0,0,0,0,0,0,1976.929625,0,0,0,0,0,0,0,0,0,1976.929625,0,0,77778,0,0,0,35,SALT LAKE
925,350020,0,0,0,2341.833333,56.33333333,180.1666666,2105.333333,2926.423364,49.33333333,7,8.833333333,171.3333333,181.6666667,1161,0,762.6666667,0,488.7173667,95.87266403,0,77778,0,0,0,35,SALT LAKE
926,350021,308,905,2.938311688,118,37.66666667,31.66666667,48.66666667,156.4416286,2.166666667,35.5,1.166666667,30.5,6.5,8.333333333,11.16666667,22.66666667,0,0,17.44007752,21.0015511,77778,0,0,0,35,SALT LAKE
927,350022,0,0,0,35,0,35,0,36.43287022,0,0,0,35,0,0,0,0,0,0,1.432870219,0,77778,0,0,0,35,SALT LAKE
928,350023,0,0,0,15.66666667,0.166666667,1.166666667,14.33333333,16.30804667,0.166666667,0,0,1.166666667,1.166666667,8.833333333,0,4.333333333,0,0,0.641380003,0,77778,0,0,0,35,SALT LAKE
929,350024,0,0,0,18,1.166666667,1.666666667,15.16666667,112.7911557,1.166666667,0,0,1.666666667,2.166666667,1.5,0,11.5,94.05425101,0,0.736904684,0,129797,0,0,0,35,SALT LAKE
930,350025,0,0,0,526.3333334,21.66666666,32.66666666,472.0000001,547.8809722,13.33333333,8.333333333,0.833333333,31.83333333,46.16666667,258.1666667,0,167.6666667,0,0,21.54763882,0,112242,0,0,0,35,SALT LAKE
931,350026,0,0,0,273,0,273,0,288.2217318,0,0,273,0,0,0,0,0,4.04534413,0,11.17638771,0,146705,0,0,0,35,SALT LAKE
932,350027,0,0,0,0,0,0,0,25.28340081,0,0,0,0,0,0,0,0,25.28340081,0,0,0,146705,0,0,0,35,SALT LAKE
933,350028,220,701,3.186363636,0,0,0,0,32.07573692,0,0,0,0,0,0,0,0,6.068016194,0,11.0066128,15.00110793,146705,0,0,0,35,SALT LAKE
934,350029,167,531,3.179640719,0,0,0,0,20.84898641,0,0,0,0,0,0,0,0,1.011336032,0,8.836837902,11.00081248,146705,0,0,0,35,SALT LAKE
935,350030,0,0,0,0,0,0,0,0,0,0,0,0,0,0,0,0,0,0,0,0,146705,0,0,0,35,SALT LAKE
936,350031,72,262,3.638888889,0,0,0,0,11.94798805,0,0,0,0,0,0,0,0,0,0,6.947618736,5.00036931,155855,0,0,0,35,SALT LAKE
937,350032,0,0,0,0,0,0,0,0,0,0,0,0,0,0,0,0,0,0,0,0,133889,0,0,0,35,SALT LAKE
938,350033,46,165,3.586956522,0,0,0,0,4.883422445,0,0,0,0,0,0,0,0,0,0,1.883200859,3.000221586,153840,0,0,0,35,SALT LAKE
939,350034,54,148,2.740740741,1425.333333,51.66666667,140.5,1233.166667,2209.941621,46,5.666666667,4,136.5,144.5,398.8333333,0,689.8333333,4.04534413,0,776.5626479,4.000295448,85298,0,0,0,35,SALT LAKE
940,350035,0,0,0,419.8333333,18.5,55.16666666,346.1666667,437.0209528,16.83333333,1.666666667,1.833333333,53.33333333,48.5,75.16666667,0,222.5,0,0,17.18761944,0,47188,0,0,0,35,SALT LAKE
941,350036,237,650,2.742616034,152,0,0,152,183.9265108,0,0,0,0,0,152,0,0,0,0,15.925329,16.00118179,85298,0,542,0,35,SALT LAKE
942,350037,0,0,0,602.6666667,1,65.66666666,536,627.36662,0.5,0.5,1.833333333,63.83333333,28.33333333,353,0,154.6666667,0,0,24.6999533,0,47188,0,0,0,35,SALT LAKE
943,350038,0,0,0,6,0.166666667,1.333333333,4.5,14.33632315,0,0.166666667,0,1.333333333,0.333333333,1.5,0,2.666666667,8.090688259,0,0.245634895,0,47188,0,0,0,35,SALT LAKE
944,350039,0,0,0,1478.833333,85.83333333,273.1666667,1119.833333,1539.375512,72.5,13.33333333,18.66666667,254.5,196.5,236.1666667,0.166666667,687,0,0,60.54217835,0,85298,0,0,0,35,SALT LAKE
945,350040,0,0,0,1023.333333,32.16666667,208.8333333,782.3333333,1065.227729,28.5,3.666666667,109.3333333,99.5,116.1666667,208.8333333,0,457.3333333,0,0,41.89439593,0,85298,0,0,0,35,SALT LAKE
946,350041,0,0,0,853,49.83333334,221.6666666,581.5,898.102706,43.16666667,6.666666667,9.833333333,211.8333333,86.5,126.8333333,0,368.1666667,0,10.18161181,34.92109419,0,172163,0,0,0,35,SALT LAKE
947,350042,0,0,0,3364.333334,2.666666667,1847,1514.666667,3504.08895,2,0.666666667,0.333333333,1846.666667,8.833333333,85.16666667,0,1420.666667,2.022672065,0,137.732944,0,85298,0,0,0,35,SALT LAKE
948,350043,6,11,1.833333333,670,17,126.3333333,526.6666667,697.6748648,16,1,4.333333333,122,81.16666667,80.5,0,365,0,0,27.6748648,0,85298,0,0,0,35,SALT LAKE
949,350044,38,67,1.763157895,791.6666666,75,118.6666667,598,828.6327356,59.16666667,15.83333333,5.666666667,113,173,90.66666667,0,334.3333333,0,0,33.96584738,3.000221586,53136,0,0,0,35,SALT LAKE
950,350045,0,0,0,113.1666667,0,13.83333334,99.33333333,119.8222858,0,0,0.166666667,13.66666667,7.333333333,49.83333333,0,42.16666667,2.022672065,0,4.632947041,0,47188,0,0,0,35,SALT LAKE
951,350046,1362,5067,3.720264317,75,18,0,57,225.8363526,18,0,0,0,0,57,0,0,0,0,58.82955727,92.0067953,108309,318,0,0,35,SALT LAKE
952,350047,148,475,3.209459459,121.5,3.166666667,7.333333333,111,142.5338393,2.166666667,1,0,7.333333333,6.166666667,34.33333333,0,70.5,0,0,11.03310069,10.00073862,50761,0,0,0,35,SALT LAKE
953,350048,0,0,0,406.8333333,8.833333333,26.33333333,371.6666667,423.4887438,8.833333333,0,0.833333333,25.5,31.16666667,208.8333333,0,131.6666667,0,0,16.6554105,0,85298,292,0,0,35,SALT LAKE
954,350049,0,0,0,0,0,0,0,0,0,0,0,0,0,0,0,0,0,0,0,0,47188,0,0,0,35,SALT LAKE
955,350050,0,0,0,33,0.166666667,6.166666667,26.66666667,34.35099192,0.166666667,0,0.5,5.666666667,10.66666667,3,0.166666667,12.83333333,0,0,1.350991921,0,47188,0,0,0,35,SALT LAKE
956,350051,0,0,0,397.6666666,0.666666667,68.5,328.5,419.0034818,0.666666667,0,1.166666667,67.33333333,34.16666667,132,0,162.3333333,5.056680162,0,16.28013496,0,47188,0,0,0,35,SALT LAKE
957,350052,0,0,0,3311.166666,2.833333334,505.5,2802.833333,3948.802364,1.666666667,1.166666667,8,497.5,408.1666667,1199.333333,0,1195.333333,7.079352227,0,630.5563459,0,70923,0,0,0,35,SALT LAKE
958,350053,0,0,0,6049.666667,1,5707.666667,341,6301.427979,0.5,0.5,1.666666667,5706,47.5,98.33333333,0,195.1666667,4.04534413,0,247.7159681,0,47188,0,0,0,35,SALT LAKE
959,350054,0,0,0,1940.833333,14.66666667,1028.333333,897.8333333,2020.289399,13.16666667,1.5,553.3333333,475,107,186,20,584.8333333,0,0,79.45606524,0,94658,0,0,0,35,SALT LAKE
960,350055,652,2196,3.36809816,596.8333333,162.6666667,63.16666667,371,691.9627573,129.5,33.16666667,6,57.16666667,44,135.3333333,6,185.6666667,0,0,51.12617405,44.00324993,100965,574,81,0,35,SALT LAKE
961,350056,720,2250,3.125,195.6666666,1.666666666,1.5,192.5,282.1568262,1.333333333,0.333333333,0.166666667,1.333333333,7.833333333,152.8333333,8,23.83333333,0,0,38.4866142,48.00354537,72962,370,0,366,35,SALT LAKE
962,350057,481,1323,2.750519751,96.5,26,4.333333333,66.16666667,152.1447222,18,8,1.333333333,3,6.333333333,5.833333333,0,54,0,0,23.64235861,32.00236358,84012,0,0,0,35,SALT LAKE
963,350058,24,45,1.875,2431,107.3333333,1301,1022.666667,2533.505759,61.33333334,46.00000001,445.1666668,855.8333334,424.3333333,57.50000001,0.166666667,540.6666668,0,0,100.5056111,2.000147724,53136,0,0,0,35,SALT LAKE
964,350059,543,1367,2.517495396,0,0,0,0,65.23269086,0,0,0,0,0,0,0,0,0,0,28.22995797,37.00273289,175114,0,0,0,35,SALT LAKE
965,350060,0,0,0,9777.333339,118.8333334,7937.666671,1720.833334,10177.60905,7.000000004,111.8333334,13.33333334,7924.333338,119.5000001,824.1666672,14.16666668,763.0000004,0,0,400.2757075,0,94658,0,0,0,35,SALT LAKE
966,350061,201,648,3.223880597,49,26,1,22,73.23582135,12,14,1,0,13,0,9,0,0,0,10.23478728,14.00103407,50556,0,0,0,35,SALT LAKE
967,350062,322,926,2.875776398,98.99999999,14,2.666666666,82.33333332,138.2370067,2.166666667,11.83333333,0.833333333,1.833333333,2.833333333,45.33333333,19.83333333,14.33333333,0,0,17.23538178,22.00162496,120477,0,0,0,35,SALT LAKE
968,350063,457,813,1.778993435,27.83333333,21.5,0.833333333,5.5,78.68428718,6.166666667,15.33333333,0.333333333,0.5,0,2.5,0,3,0,0,19.84866413,31.00228972,61250,0,0,0,35,SALT LAKE
969,350064,367,1280,3.48773842,55,0,0,55,97.27816748,0,0,0,0,0,55,0,0,0,0,17.27632093,25.00184655,132745,334,0,0,35,SALT LAKE
970,350065,653,883,1.352220521,63.33333334,23,1.5,38.83333334,136.6626604,8.833333333,14.16666667,0.666666667,0.833333333,2.666666667,1,0,35.16666667,0,0,29.32607715,44.00324993,52479,0,0,0,35,SALT LAKE
971,350066,495,867,1.751515152,275.8333333,12.66666666,30.66666667,232.5,340.3930315,11.83333333,0.833333333,10.5,20.16666667,48.33333333,29.66666667,0.166666667,154.3333333,0,0,31.55726077,33.00243744,71016,0,0,0,35,SALT LAKE
972,350067,217,392,1.806451613,680.8333334,78,168,434.8333333,741.590974,37,41,137.6666667,30.33333333,136.6666667,10.33333333,90,197.8333333,0,0,45.75653271,15.00110793,53136,0,0,0,35,SALT LAKE
973,350068,699,1550,2.217453505,0,0,0,0,75.61993674,0,0,0,0,0,0,0,0,0,0,28.61646523,47.00347151,79722,0,0,0,35,SALT LAKE
974,350069,899.9999989,2117,2.352222225,400.4999995,14.66666665,30.49999997,355.3333328,518.7458683,9.166666656,5.499999994,8.333333323,22.16666664,104.8333332,85.33333323,9.833333321,155.3333331,0,0,57.24136335,61.00450551,208946,361,0,0,35,SALT LAKE
975,350070,0,0,0,145,0.333333334,25.66666667,119,150.9361766,0.166666667,0.166666667,0.5,25.16666667,16.5,39.66666667,0,62.83333333,0,0,5.936176621,0,47188,0,0,0,35,SALT LAKE
976,350071,0,0,0,6.166666667,0,1,5.166666667,897.4061693,0,0,0,1,0.666666667,2,0,2.5,890.9870445,0,0.252458086,0,47188,0,0,0,35,SALT LAKE
977,350072,0,0,0,3004.5,137,2500.5,366.9999999,3127.501674,127,10,2224.166667,276.3333333,183.8333333,17.83333333,0,165.3333333,0,0,123.0016735,0,47188,0,0,0,35,SALT LAKE
978,350073,0,0,0,14042.66747,946.000054,4388.333584,8708.333831,14645.56233,340.1666861,605.8333679,2311.333465,2077.000119,2099.166787,1145.500065,2.666666819,5461.000312,0,0,602.894859,0,94658,0,0,0,35,SALT LAKE
979,350074,0,0,0,5340.666666,105.6666667,2265.5,2969.5,5639.064975,39.16666667,66.5,1862,403.5,1799.833333,209.6666667,316.5,643.5,0,79.75595914,218.642349,0,94658,0,0,0,35,SALT LAKE
980,350075,698,2616,3.747851003,219,144,27,48,303.5446713,18,126,20,7,1,0,24,23,0,0,37.54119974,47.00347151,66690,0,0,0,35,SALT LAKE
981,350076,501,1097,2.189620758,446.5,36,40.66666667,369.8333333,519.2923551,14.5,21.5,17,23.66666667,30.16666667,198.1666667,3.166666667,138.3333333,0,0,38.78984378,34.00251131,63920,381,0,0,35,SALT LAKE
982,350077,277,807,2.913357401,224.5,140.8333334,17,66.66666667,264.0323867,138.1666667,2.666666667,4,13,11.83333333,6,0.166666667,48.66666667,0,0,20.53098328,19.00140338,80932,0,0,0,35,SALT LAKE
983,350078,246,643,2.613821138,0,0,0,0,29.07228633,0,0,0,0,0,0,0,0,0,0,12.07103068,17.00125565,300000,0,0,0,35,SALT LAKE
984,350079,1744,4010,2.299311927,3120.833333,161.1666667,97.5,2862.166666,3447.004112,70.16666667,91,32.83333333,64.66666667,119.6666667,2366.333333,0.166666667,376,0,0,209.1621372,117.0086418,57960,420,0,0,35,SALT LAKE
985,350080,800,1389,1.73625,1919,146,89.83333333,1683.166666,2159.317535,61.5,84.5,34.5,55.33333333,90.66666667,1267.333333,12.33333333,312.8333333,0,0,186.3135464,54.00398855,75737,0,0,0,35,SALT LAKE
986,350081,296,648,2.189189189,956.3333334,58.5,81,816.8333334,1037.604272,23.16666667,35.33333333,39.66666667,41.33333333,66.16666667,451.1666667,0.5,299,0,0,61.26946107,20.00147724,60239,0,0,0,35,SALT LAKE
987,350082,516,1478,2.864341085,0,0,0,0,56.12036292,0,0,0,0,0,0,0,0,0,0,21.11777775,35.00258517,93728,0,0,0,35,SALT LAKE
988,350083,429,1030,2.400932401,561.6666666,264.3333333,10.5,286.8333333,631.225859,139.8333333,124.5,2,8.5,31.66666667,50.66666667,0,204.5,0,0,40.55705039,29.002142,58529,0,0,0,35,SALT LAKE
989,350084,406,1535,3.780788177,92.5,2.333333333,2.166666667,88,139.9101601,1.833333333,0.5,0.5,1.666666667,1.166666667,12.66666667,66,8.166666667,0,0,20.40816583,27.00199427,54454,0,0,0,35,SALT LAKE
990,350085,337,592,1.756676558,458.3333333,55.66666666,65.5,337.1666667,513.8953021,19.33333333,36.33333333,5.666666667,59.83333333,69.5,58.83333333,59.33333333,149.5,0,0,32.56026993,23.00169883,92192,0,0,0,35,SALT LAKE
991,350086,376,661,1.757978723,362,1.666666666,273.1666666,87.16666667,417.2149386,1.333333333,0.333333333,3.333333333,269.8333333,18.66666667,3.833333333,18,46.66666667,0,0,30.21309205,25.00184655,88341,0,0,0,35,SALT LAKE
992,350087,1091,1913,1.753437214,1134.166667,105.1666667,96.16666667,932.8333334,1346.268489,80.83333333,24.33333333,28.16666667,68,434.1666667,107.1666667,7.5,384,0,0,139.09643,73.00539192,92192,0,0,0,35,SALT LAKE
993,350088,371,651,1.754716981,231.5,2.666666667,154,74.83333333,281.1676839,2.666666667,0,44.83333333,109.1666667,15.16666667,6.333333333,2,51.33333333,0,0,24.66583734,25.00184655,66155,0,0,0,35,SALT LAKE
994,350089,323,566,1.752321981,705.8333333,78.16666667,15,612.6666667,770.9545195,24.66666667,53.5,4.166666667,10.83333333,45,371,19.16666667,177.5,0,0,43.11956125,22.00162496,84832,0,795,1717,35,SALT LAKE
995,350090,1055,1737,1.646445498,137,86.5,6.333333334,44.16666667,257.8047099,13.66666667,72.83333333,1.666666667,4.666666667,10.66666667,4.333333333,7,22.16666667,0,0,49.79946574,71.0052442,52363,0,0,0,35,SALT LAKE
996,350091,599,1113,1.858096828,348.5,30.16666666,12,306.3333334,427.2996215,22.83333333,7.333333333,2.833333333,9.166666667,58.66666667,88.5,1,158.1666667,0,0,38.79666698,40.00295448,32609,356,0,0,35,SALT LAKE
997,350092,527,846,1.605313093,76.66666667,1.833333333,5.833333334,69,136.3828515,1.5,0.333333333,0.166666667,5.666666667,11,9,6,43,0,0,24.71359968,35.00258517,58565,0,0,0,35,SALT LAKE
998,350093,514,849,1.651750973,306.8333333,14,29.5,263.3333333,375.4401367,10.33333333,3.666666667,11.16666667,18.33333333,56.16666667,100.3333333,0.333333333,106.5,0,0,33.60421823,35.00258517,94247,0,0,0,35,SALT LAKE
999,350094,0,0,0,2098,49.83333333,134.8333333,1913.333333,2183.890335,46.83333333,3,5.333333333,129.5,161.3333333,1028.333333,0,723.6666667,0,0,85.89033484,0,58565,0,0,0,35,SALT LAKE
1000,350095,289,641,2.21799308,3412,101.8333333,201.1666667,3109,3582.517195,55,46.83333333,72.66666667,128.5,298.1666667,247.8333333,1760.666667,802.3333333,0,0,151.5157909,19.00140338,102500,0,0,0,35,SALT LAKE
1001,350096,514,934,1.817120623,281.5,149.6666667,18.33333334,113.5,349.0696783,120,29.66666667,7.666666667,10.66666667,14.5,14,0.166666667,84.83333333,0,0,32.56709312,35.00258517,74154,0,0,0,35,SALT LAKE
1002,350097,464,1028,2.215517241,0,0,0,0,49.99123172,0,0,0,0,0,0,0,0,0,0,18.988942,31.00228972,102500,0,0,0,35,SALT LAKE
1003,350098,645,1088,1.686821705,23.66666667,5.666666667,1,17,94.0444871,5.666666667,0,0.166666667,0.833333333,0.333333333,0.666666667,0,16,0,0,27.37464437,43.00317606,63750,0,0,0,35,SALT LAKE
1004,350099,389,783,2.01285347,16.5,2.333333333,2,12.16666667,60.10274538,1.333333333,1,1,1,0.833333333,1.666666667,0,9.666666667,0,0,17.60082497,26.00192041,132250,0,0,0,35,SALT LAKE
1005,350100,45,78,1.733333333,0,0,0,0,4.842483296,0,0,0,0,0,0,0,0,0,0,1.84226171,3.000221586,67500,0,0,0,35,SALT LAKE
1006,350101,441.0000004,1563,3.544217684,293.8333336,20.83333336,29.00000003,244.0000002,356.9190009,11.66666668,9.166666675,4.000000003,25.00000002,32.33333336,35.6666667,5.000000004,171.0000001,0,0,33.08345144,30.00221589,168889,0,0,0,35,SALT LAKE
1007,350102,0,0,0,14268.16667,0.833333333,2.166666666,14265.16667,14852.29327,0.333333333,0.5,0.833333333,1.333333333,964,5.166666667,13272,24,0,0,584.1266027,0,57903,0,0,0,35,SALT LAKE
1008,350103,0,0,0,3,0,3,0,3.122817447,0,0,0,3,0,0,0,0,0,0,0.122817447,0,47188,0,0,0,35,SALT LAKE
1009,350104,0,0,0,525.6666666,16,67,442.6666666,842.1870127,14.5,1.5,2,65,42.33333333,216,0,184.3333333,0,0,316.5203461,0,47188,0,0,0,35,SALT LAKE
1010,350105,0,0,0,1441.333333,33.83333333,535.1666666,872.3333333,1500.340294,31.33333333,2.5,437.8333333,97.33333333,97.83333333,340.5,0,434,0,0,59.00696025,0,47188,0,0,0,35,SALT LAKE
1011,350106,0,0,0,2614.166667,99.33333334,1261.833334,1253,2969.188426,85.16666667,14.16666667,105.1666667,1156.666667,289.6666667,263,0.166666667,700.1666667,0,0,355.021759,0,88403,0,0,0,35,SALT LAKE
1012,350107,0,0,0,668.1666667,16.16666667,157.8333333,494.1666667,695.5344878,15,1.166666667,40.33333333,117.5,99.33333333,53.33333333,0,341.5,0,0,27.36782118,0,88403,0,0,0,35,SALT LAKE
1013,350108,0,0,0,0,0,0,0,0,0,0,0,0,0,0,0,0,0,0,0,0,94658,0,0,0,35,SALT LAKE
1014,350109,0,0,0,0,0,0,0,0,0,0,0,0,0,0,0,0,0,0,0,0,94658,0,0,0,35,SALT LAKE
1015,350110,0,0,0,24.33333333,0.166666667,1.166666667,23,25.3295193,0.166666667,0,0.166666667,1,0.333333333,0.166666667,0,22.5,0,0,0.996185962,0,94658,0,0,0,35,SALT LAKE
1016,350111,1155,2653,2.296969697,494,98.5,83.66666667,311.8333334,926.5144182,45.66666667,52.83333333,44.66666667,39,60.16666667,73.66666667,10.33333333,167.6666667,0,0,354.5086569,78.00576123,55822,0,0,0,35,SALT LAKE
1017,350112,0,0,0,1678.166667,45,310.1666666,1323,1746.869382,37.5,7.5,23.83333333,286.3333333,215,253.3333333,0,854.6666667,0,0,68.7027154,0,65796,0,0,0,35,SALT LAKE
1018,350113,3,6,2,222.3333333,8.666666666,81,132.6666667,231.5582883,5.833333333,2.833333333,63.83333333,17.16666667,17,23.5,0,92.16666667,0,0,9.224954933,0,35425,0,0,0,35,SALT LAKE
1019,350114,147,483,3.285714286,1613.5,56.5,202.1666667,1354.833333,1717.574111,49.83333333,6.666666667,33.16666667,169,588.1666667,318.8333333,0.166666667,447.6666667,0,0,94.07337201,10.00073862,40833,0,0,0,35,SALT LAKE
1020,350115,197,649,3.294416244,351.3333334,38.33333333,156.3333333,156.6666667,386.7825937,28.83333333,9.5,135.5,20.83333333,28.16666667,25.5,0.333333333,102.6666667,0,0,22.4483001,13.00096021,40833,0,0,0,35,SALT LAKE
1021,350116,501,1645,3.283433134,171.3333333,13.33333333,27.33333333,130.6666667,248.8605992,11,2.333333333,18,9.333333333,13.83333333,11.83333333,51,54,0,0,43.52475459,34.00251131,40833,0,0,0,35,SALT LAKE
1022,350117,548,1801,3.28649635,505.5,186.5,44.66666667,274.3333334,681.6321265,51.66666667,134.8333333,8.5,36.16666667,54.5,51.33333333,14.33333333,154.1666667,0,0,139.1293936,37.00273289,40833,0,0,0,35,SALT LAKE
1023,350118,0,0,0,498.3333333,1.666666667,464.5,32.16666667,518.734676,1,0.666666667,55.5,409,5.166666667,6.833333333,0,20.16666667,0,0,20.40134264,0,55608,0,0,0,35,SALT LAKE
1024,350119,5,6,1.2,540.0000001,59.66666667,259.3333334,221,562.3118363,7,52.66666667,5.166666667,254.1666667,65.5,51.66666667,0.166666667,103.6666667,0,0,22.31183627,0,44244,0,0,0,35,SALT LAKE
1025,350120,467,785,1.680942184,11.83333333,0,0.333333333,11.5,62.43865228,0,0,0,0.333333333,1.166666667,1,0,9.333333333,0,0,19.60302923,31.00228972,55608,0,0,0,35,SALT LAKE
1026,350121,1137,1472,1.294635004,305,82.83333333,33.16666666,189,642.0398665,12.33333333,70.5,4.833333333,28.33333333,28.5,51,0,109.5,0,0,261.034253,76.00561351,44267,0,0,0,35,SALT LAKE
1027,350122,405,525,1.296296296,4816.166666,874.3333333,118.8333333,3823,5080.675875,98.5,775.8333333,12.5,106.3333333,1412.333333,26.66666667,17,2367,0,23.75709422,213.7501207,27.00199427,44390,0,0,0,35,SALT LAKE
1028,350123,0,0,0,1418.333334,22,34.83333334,1361.5,1476.398693,20.66666667,1.333333333,1.166666667,33.66666667,29.33333333,47.5,1,1283.666667,0,0,58.06535982,0,44244,0,0,0,35,SALT LAKE
1029,350124,0,0,0,1398.166667,197.1666666,27.33333334,1173.666667,1455.40642,192.8333333,4.333333333,5.666666667,21.66666667,908.3333333,30.5,0,234.8333333,0,0,57.23975365,0,44244,0,0,0,35,SALT LAKE
1030,350125,0,0,0,727,154.8333333,55.83333333,516.3333334,756.7627614,65.33333333,89.5,19.33333333,36.5,48.83333333,94.33333333,0,373.1666667,0,0,29.7627614,0,44244,0,0,0,35,SALT LAKE
1031,350126,0,0,0,0,0,0,0,0,0,0,0,0,0,0,0,0,0,0,0,0,44434,0,0,0,35,SALT LAKE
1032,350127,0,0,0,1359.333333,135.5,90.83333333,1133,1414.983283,89.33333333,46.16666667,35.5,55.33333333,58.83333333,141.3333333,0.333333333,932.5,0,0,55.64995003,0,44244,0,0,0,35,SALT LAKE
1033,350128,0,0,0,1036.333333,140.5,114,781.8333333,1078.759938,57.83333333,82.66666667,42.66666667,71.33333333,68.66666667,278,0.166666667,435,0,0,42.42660486,0,44623,0,0,0,35,SALT LAKE
1034,350129,385,690,1.792207792,5707,1560.333333,332.3333333,3814.333333,5982.403216,1095.833333,464.5,158,174.3333333,1011.5,102.1666667,28.66666667,2672,0,0,249.4012964,26.00192041,97128,0,0,0,35,SALT LAKE
1035,350130,0,0,0,6414.166667,0,5,6409.166667,6676.757193,0,0,0,5,2504.166667,0,875,3030,0,0,262.5905256,0,63750,0,0,0,35,SALT LAKE
1036,350131,119,215,1.806722689,5387,756,40.66666667,4590.333333,5620.411546,299,457,8.166666667,32.5,3688,103,99.16666667,700.1666667,0,0,225.410955,8.000590896,97128,0,0,0,35,SALT LAKE
1037,350132,111,199,1.792792793,1709.833333,252.5,112.3333333,1345,1791.377218,244.1666667,8.333333333,24.5,87.83333333,290,80.33333333,127.3333333,847.3333333,0,0,74.54336734,7.000517034,96557,0,0,0,35,SALT LAKE
1038,350133,827,1433,1.732769045,503.8333333,18.83333333,39.16666666,445.8333333,614.3206539,13.83333333,5,12.33333333,26.83333333,175.1666667,54.33333333,5,211.3333333,0,0,54.48318428,56.00413627,58557,0,0,0,35,SALT LAKE
1039,350134,601,922,1.534109817,290.8333334,9.833333333,8,273,367.3471857,1.833333333,8,3.333333333,4.666666667,111.1666667,54.33333333,27,80.5,0,0,36.51089782,40.00295448,53562,292,89,0,35,SALT LAKE
1040,350135,0,0,0,1005.333333,21.66666666,35,948.6666667,1046.490825,15.83333333,5.833333333,10.33333333,24.66666667,292.6666667,94,16.5,545.5,0,0,41.15749124,0,77846,0,0,0,35,SALT LAKE
1041,350136,365,491,1.345205479,402,10.33333333,19.16666666,372.5,458.4021739,8,2.333333333,4.333333333,14.83333333,91.33333333,42.66666667,73.5,165,0,0,31.40032737,25.00184655,68750,0,0,0,35,SALT LAKE
1042,350137,327,672,2.055045872,896.8333334,25,53.5,818.3333334,968.9376536,19.5,5.5,9,44.5,183.1666667,70.66666667,134.8333333,429.6666667,0,0,50.10269532,22.00162496,42839,0,0,0,35,SALT LAKE
1043,350138,616,1012,1.642857143,856.1666666,177.3333333,38.66666666,640.1666666,957.4389456,26,151.3333333,16.33333333,22.33333333,257.3333333,110,34.33333333,238.5,0,0,60.26925069,41.00302834,50556,235,44,0,35,SALT LAKE
1044,350139,247,478,1.935222672,2765.333333,117.8333333,245.1666666,2402.333333,2905.663775,72.66666667,45.16666667,75.33333333,169.8333333,610.5,454.6666667,52.83333333,1284.333333,0,0,123.3291867,17.00125565,67116,0,0,0,35,SALT LAKE
1045,350140,636,1008,1.58490566,344,21.5,15.33333333,307.1666667,427.1235422,19,2.5,6.666666667,8.666666667,75.66666667,21.16666667,70.16666667,140.1666667,0,0,40.12036613,43.00317606,66421,0,0,0,35,SALT LAKE
1046,350141,451,751,1.66518847,486.6666667,55.83333333,10,420.8333334,555.056158,42.33333333,13.5,3.5,6.5,75.33333333,85.33333333,199.1666667,61,0,0,38.38727548,30.00221586,48701,0,360,0,35,SALT LAKE
1047,350142,499,1020,2.044088176,135.3333333,48.66666667,5.833333333,80.83333333,202.3049116,2.5,46.16666667,0.333333333,5.5,29.33333333,5.166666667,19,27.33333333,0,0,32.96906692,34.00251131,110756,0,0,0,35,SALT LAKE
1048,350143,439,919,2.093394077,1817.666667,86,92.66666667,1639,1940.054896,56.16666667,29.83333333,24.16666667,68.5,255.5,136.8333333,736.8333333,509.8333333,0,0,92.38601316,30.00221586,38708,0,0,0,35,SALT LAKE
1049,350144,396,684,1.727272727,102,1,4,97,149.3896905,1,0,4,0,0,40,0,57,0,0,20.38769626,27.00199427,67500,388,0,0,35,SALT LAKE
1050,350145,393,632,1.608142494,28.16666667,0.166666667,0.166666667,27.83333334,71.40396886,0.166666667,0,0,0.166666667,7.333333333,0.333333333,0,20.16666667,0,0,17.23538178,26.00192041,25793,0,0,0,35,SALT LAKE
1051,350146,522,789,1.511494253,24436.83333,330.6666667,55.66666667,24050.5,25543.62932,172.5,158.1666667,5.5,50.16666667,146.8333333,23055.83333,600.1666667,247.6666667,0,0,1071.7934,35.00258517,15596,0,0,0,35,SALT LAKE
1052,350147,0,0,0,2120.833334,122.5000001,218.8333334,1779.500001,2207.658446,56.83333336,65.6666667,4.000000002,214.8333334,196.5000001,759.3333337,0.166666667,823.5000004,0,0,86.82511212,0,12500,0,0,0,35,SALT LAKE
1053,350148,0,0,0,0,0,0,0,0,0,0,0,0,0,0,0,0,0,0,0,0,47188,0,0,0,35,SALT LAKE
1054,350149,0,0,0,2691.666667,1,2537.5,153.1666666,2809.883882,0.833333333,0.166666667,3,2534.5,124.3333333,15.66666667,0,13.16666667,2.022672065,0,116.194543,0,47188,0,0,0,35,SALT LAKE
1055,350150,0,0,0,2261,68.16666667,1646.5,546.3333333,2353.563416,54.16666667,14,59.16666667,1587.333333,63.83333333,176.3333333,0,306.1666667,0,0,92.56341614,0,47188,0,0,0,35,SALT LAKE
1056,350151,0,0,0,1961.166667,50,664,1247.166667,2132.939838,44.66666667,5.333333333,389.8333333,274.1666667,193.5,260.6666667,0,793,0,8.484676505,163.2884946,0,88403,0,0,0,35,SALT LAKE
1057,350152,0,0,0,781.8333334,34.16666666,416.1666667,331.5,813.8409248,27.83333333,6.333333333,116,300.1666667,62.5,69,0,200,0,0,32.00759141,0,88403,0,0,0,35,SALT LAKE
1058,350153,0,0,0,926,43.33333333,221.3333333,661.3333334,963.9096521,36.83333333,6.5,137.8333333,83.5,121,87,0.166666667,453.1666667,0,0,37.90965208,0,88403,0,0,0,35,SALT LAKE
1059,350154,4,9,2.25,1032,16.5,136.5,879,1074.412959,12.5,4,15,121.5,73.33333333,51.5,325,429.1666667,0,0,42.41295848,0,88403,0,0,0,35,SALT LAKE
1060,350155,442,1060,2.398190045,2.666666667,0,1.166666667,1.5,50.8731575,0,0,0,1.166666667,0.333333333,0,0,1.166666667,0,0,18.20427497,30.00221586,40717,0,0,0,35,SALT LAKE
1061,350156,421,1279,3.038004751,224,24.16666666,4.333333334,195.5,278.4078193,23.83333333,0.333333333,1.666666667,2.666666667,4,99.83333333,69,22.66666667,0,0,26.40575118,28.00206813,48935,417,0,0,35,SALT LAKE
1062,350157,248,753,3.036290323,39.33333333,13.66666667,4.5,21.16666666,68.09777116,4,9.666666667,1.166666667,3.333333333,3.166666667,4.666666667,0,13.33333333,0,0,11.76318218,17.00125565,44003,0,0,0,35,SALT LAKE
1063,350158,237,836,3.52742616,68,17,3.666666666,47.33333333,96.48762227,0.666666667,16.33333333,1.833333333,1.833333333,2.833333333,16.16666667,14,14.33333333,0,0,12.48644048,16.00118179,64523,0,0,0,35,SALT LAKE
1064,350159,277,558,2.014440433,142.6666667,4,34.83333333,103.8333333,178.8488663,2.666666667,1.333333333,0.333333333,34.5,11.33333333,67.16666667,0,25.33333333,0,0,17.18079624,19.00140338,90000,312,0,0,35,SALT LAKE
1065,350160,207,418,2.019323671,367.4999999,20.83333333,36.66666666,310,405.0205752,13.33333333,7.5,24.33333333,12.33333333,25.33333333,34.33333333,0,250.3333333,0,0,23.51954117,14.00103407,80168,0,0,0,35,SALT LAKE
1066,350161,566,1144,2.021201413,1979.833334,142,124.3333333,1713.5,2203.060391,98.33333333,43.66666667,28.66666667,95.66666667,474.1666667,171,38.16666667,1030.166667,0,0,185.2242504,38.00280675,80513,0,0,0,35,SALT LAKE
1067,350162,152,196,1.289473684,795.8333334,376,37.5,382.3333334,844.6375622,49.16666667,326.8333333,10.33333333,27.16666667,102.6666667,33.33333333,5.166666667,241.1666667,0,0,38.80349017,10.00073862,44244,0,0,0,35,SALT LAKE
1068,350163,0,0,0,0,0,0,0,0,0,0,0,0,0,0,0,0,0,0,0,0,80513,0,0,0,35,SALT LAKE
1069,350164,435,880,2.022988506,871.5,206.6666667,90.16666667,574.6666667,955.6860756,95.16666667,111.5,13,77.16666667,243.3333333,25.16666667,192,114.1666667,0,1.696935301,53.48699832,29.002142,80513,0,0,0,35,SALT LAKE
1070,350165,309,400,1.294498382,1087.5,232.5,92.16666666,762.8333333,1208.673073,88.16666667,144.3333333,16.83333333,75.33333333,117,63.5,15,567.3333333,0,0,100.1715217,21.0015511,44244,0,0,0,35,SALT LAKE
1071,350166,216,378,1.75,1015.166667,143.8333333,92,779.3333333,1080.57069,79,64.83333333,24,68,164.8333333,115.1666667,5.833333333,493.5,0,0,50.40291575,15.00110793,73836,0,0,0,35,SALT LAKE
1072,350167,252,447,1.773809524,917.6666666,277.8333333,44,595.8333333,982.5530803,39,238.8333333,13.83333333,30.16666667,312.3333333,73.5,0.166666667,209.8333333,0,0,47.88515808,17.00125565,73739,0,0,0,35,SALT LAKE
1073,350168,450,582,1.293333333,1101.333333,68.83333333,80.83333333,951.6666667,1194.845816,24.5,44.33333333,10.83333333,70,305,41.16666667,84,521.5,0,0,63.51026666,30.00221586,44244,0,0,0,35,SALT LAKE
1074,350169,52,88,1.692307692,478,200,22.5,255.5,502.6979706,16.33333333,183.6666667,5.333333333,17.16666667,28,13.33333333,10.16666667,204,0,0,21.69774903,3.000221586,73836,0,0,0,35,SALT LAKE
1075,350170,34,59,1.735294118,1897.5,534.3333334,206.3333333,1156.833333,1978.574114,95.16666667,439.1666667,36.33333333,170,204,201.1666667,0.666666667,751,0,0,79.07396651,2.000147724,73836,0,0,0,35,SALT LAKE
1076,350171,0,0,0,2469,272,146,2051,2570.078759,48.83333333,223.1666667,47.5,98.5,565.1666667,664.1666667,74.5,747.1666667,0,0,101.0787592,0,86867,0,0,0,35,SALT LAKE
1077,350172,294,478,1.62585034,3009.833333,455.8333333,100.1666667,2453.833333,3165.090936,56.33333333,399.5,33.33333333,66.83333333,970.5,28.83333333,53.5,1401,0,0,135.2561255,20.00147724,86867,0,0,0,35,SALT LAKE
1078,350173,0,0,0,1257,254.1666666,22.16666667,980.6666666,1308.46051,18.83333333,235.3333333,3.5,18.66666667,505.3333333,8.166666667,25.66666667,441.5,0,0,51.46051043,0,97128,0,0,0,35,SALT LAKE
1079,350174,65,104,1.6,4118.833333,768.5,256.1666666,3094.166667,4294.116206,91.83333333,676.6666667,48.83333333,207.3333333,1380.833333,274.1666667,1.5,1437.666667,0,0,171.2825767,4.000295448,86867,0,0,0,35,SALT LAKE
1080,350175,0,0,0,3883.166666,335.5,96,3451.666666,4042.140205,30.83333333,304.6666667,16.83333333,79.16666667,1244.833333,10.33333333,1.166666667,2195.333333,0,0,158.9735392,0,86867,0,0,0,35,SALT LAKE
1081,350176,0,0,0,2551.5,264,97,2190.5,2655.956239,58.16666667,205.8333333,16.16666667,80.83333333,1025.166667,60,91,1014.333333,0,0,104.456239,0,97128,0,0,0,35,SALT LAKE
1082,350177,99,162,1.636363636,3610.5,49,200.3333333,3361.166667,3816.878479,30.33333333,18.66666667,17,183.3333333,1161.833333,1526.166667,1,672.1666667,0,47.51418843,151.8637736,7.000517034,86867,0,0,0,35,SALT LAKE
1083,350178,218,355,1.628440367,1707.833333,227.3333333,21.66666667,1458.833333,1808.676419,65.33333333,162,6.5,15.16666667,721.8333333,27.33333333,9,700.6666667,0,0,85.841978,15.00110793,97128,0,0,0,35,SALT LAKE
1084,350179,370,661,1.786486486,1852,653,25.5,1173.5,1967.968636,541.6666667,111.3333333,6.5,19,415.1666667,524.5,16.16666667,217.6666667,0,0,90.96678933,25.00184655,97128,0,0,0,35,SALT LAKE
1085,350180,147,206,1.401360544,1434.5,99.83333333,82.16666666,1252.5,1509.246003,28.83333333,71,38.83333333,43.33333333,236,543.1666667,53.66666667,419.6666667,0,0,64.74526432,10.00073862,53833,0,0,0,35,SALT LAKE
1086,350181,306,430,1.405228758,1341.166667,213,87.33333333,1040.833333,1429.601819,40.16666667,172.8333333,13.83333333,73.5,241.3333333,79.83333333,19.33333333,700.3333333,0,0,67.43360178,21.0015511,53899,0,0,0,35,SALT LAKE
1087,350182,186,250,1.344086022,2180.5,52.83333333,83.16666666,2044.5,2290.383457,35.83333333,17,24.33333333,58.83333333,996.5,106.3333333,16.5,925.1666667,0,0,96.88249638,13.00096021,68888,0,0,0,35,SALT LAKE
1088,350183,264,371,1.40530303,428.5,17.66666667,29.83333334,381,474.8516903,14,3.666666667,17.16666667,12.66666667,34.16666667,42.5,208.1666667,96.16666667,0,0,28.35036076,18.00132952,53833,17,0,0,35,SALT LAKE
1089,350184,338,475,1.405325444,446,44.33333333,39.5,362.1666666,501.0979917,33.83333333,10.5,18.16666667,21.33333333,95.5,70.66666667,9.166666667,186.8333333,0,0,32.0962929,23.00169883,53946,0,0,0,35,SALT LAKE
1090,350185,393,528,1.34351145,787.8333333,119.1666667,60.5,608.1666667,862.1775657,27.83333333,91.33333333,7.333333333,53.16666667,118.8333333,54,39.16666667,396.1666667,0,0,48.34231191,26.00192041,68750,0,0,0,35,SALT LAKE
1091,350186,490,663,1.353061224,291.3333333,118.3333333,27.5,145.5,389.3228926,44,74.33333333,3,24.5,26.33333333,28.33333333,30,60.83333333,0,0,64.98712184,33.00243744,42061,0,0,0,35,SALT LAKE
1092,350187,246,378,1.536585366,694.3333334,249.1666667,39.33333334,405.8333333,749.8310356,178.6666667,70.5,9.166666667,30.16666667,146.8333333,26.83333333,52,180.1666667,0,0,38.49644655,17.00125565,48268,0,0,0,35,SALT LAKE
1093,350188,196,403,2.056122449,789.0000001,37.5,45.16666667,706.3333334,887.3260222,27,10.5,10,35.16666667,63.83333333,268.6666667,147.1666667,226.6666667,0,0,85.32506188,13.00096021,42605,0,0,0,35,SALT LAKE
1094,350189,525,710,1.352380952,679.3333333,424.1666666,36.5,218.6666667,763.6403004,74.33333333,349.8333333,5.5,31,47,24.83333333,11.33333333,135.5,0,0,49.30438191,35.00258517,42672,0,0,0,35,SALT LAKE
1095,350190,103,158,1.533980583,1395.833333,254.8333334,60.66666666,1080.333333,1464.194812,166.6666667,88.16666667,22.33333333,38.33333333,145,125.8333333,59,750.5,0,0,61.36096133,7.000517034,48436,0,0,0,35,SALT LAKE
1096,350191,231,450,1.948051948,1345.166667,111.5,88,1145.666667,1425.694771,41.16666667,70.33333333,20.16666667,67.83333333,328.5,174.5,131.5,511.1666667,0,0,64.52692219,16.00118179,67177,0,47,46,35,SALT LAKE
1097,350192,468,695,1.485042735,846.6666667,62.5,24.66666667,759.5,934.8841617,30,32.5,9.5,15.16666667,63.5,53,527,116,0,3.393870601,53.8213347,31.00228972,68514,0,0,0,35,SALT LAKE
1098,350193,560,1026,1.832142857,214.1666667,20.66666667,7,186.5,283.863198,1.666666667,19,2.5,4.5,25.5,11.83333333,93.16666667,56,0,0,31.6937246,38.00280675,34273,0,0,0,35,SALT LAKE
1099,350194,594,931,1.567340067,311.6666666,28.66666666,19.5,263.5,415.7468438,26.33333333,2.333333333,7.666666667,11.83333333,53.83333333,21.33333333,119.8333333,68.5,0,0,64.07722271,40.00295448,48786,0,0,0,35,SALT LAKE
1100,350195,418,832,1.990430622,109,5,8.666666667,95.33333333,158.5769997,4.333333333,0.666666667,0.666666667,8,20.83333333,6.833333333,12,55.66666667,0,0,21.57493158,28.00206813,48040,0,0,0,35,SALT LAKE
1101,350196,273,671,2.457875458,420,402.1666667,0,17.83333333,466.3721599,123.1666667,279,0,0,6.333333333,0.166666667,0,11.33333333,0,0,28.37083034,18.00132952,65012,0,0,0,35,SALT LAKE
1102,350197,372,928,2.494623656,7471.999999,80.66666667,534.3333333,6856.999999,7818.128531,30.5,50.16666667,456,78.33333333,1596.333333,193.5,4784.333333,282.8333333,0,0,321.1266856,25.00184655,53295,6,13,26,35,SALT LAKE
1103,350198,0,0,0,0,0,0,0,0,0,0,0,0,0,0,0,0,0,0,0,0,47188,0,0,0,35,SALT LAKE
1104,350199,0,0,0,336.3333333,7,98.5,230.8333333,350.1025338,6.666666667,0.333333333,2,96.5,27.66666667,72.66666667,0,130.5,0,0,13.76920048,0,88403,0,0,0,35,SALT LAKE
1105,350200,0,0,0,4190.666667,224.3333333,1671,2295.333333,4362.228994,179,45.33333333,292.3333333,1378.666667,1872.5,106.3333333,0,316.5,0,0,171.5623275,0,88403,0,0,0,35,SALT LAKE
1106,350201,0,0,0,1572,91,1467,14,1660.356342,91,0,446,1021,14,0,0,0,0,0,88.35634241,0,88403,0,0,0,35,SALT LAKE
1107,350202,0,0,0,809.3333333,4.666666667,674.8333333,129.8333334,842.4667514,3.666666667,1,311.3333333,363.5,6.166666667,7.5,0,116.1666667,0,0,33.13341802,0,88403,0,0,0,35,SALT LAKE
1108,350203,708,1334,1.884180791,38,8.166666667,0,29.83333333,116.5441506,0.166666667,8,0,0,1.166666667,0.333333333,1,27.33333333,0,0,30.54060524,48.00354537,44447,0,0,0,35,SALT LAKE
1109,350204,340,1196,3.517647059,12.33333334,0.333333333,0.333333333,11.66666667,49.75925904,0.333333333,0,0,0.333333333,0.333333333,1.166666667,0,10.16666667,0,0,14.42422687,23.00169883,80263,0,0,0,35,SALT LAKE
1110,350205,241,484,2.008298755,248.8333333,9.5,21.5,217.8333333,285.887875,8.166666667,1.333333333,4.5,17,29,18.66666667,80.16666667,90,0,0,21.05335987,16.00118179,70619,0,0,0,35,SALT LAKE
1111,350206,256,526,2.0546875,226.6666666,6.5,1.666666667,218.5,263.4278849,5.833333333,0.666666667,0.166666667,1.5,3,205.8333333,0,9.666666667,0,0,19.75996264,17.00125565,58357,0,0,0,35,SALT LAKE
1112,350207,127,261,2.05511811,190.8333333,22.5,11,157.3333333,212.8458243,19.16666667,3.333333333,6,5,6,10,93,48.33333333,0,0,13.01182623,9.000664758,58357,0,0,0,35,SALT LAKE
1113,350208,89,184,2.06741573,7.666666667,1.5,0.5,5.666666667,17.62456092,0.5,1,0.166666667,0.333333333,1,1.666666667,0,3,0,0,3.957451081,6.000443172,64829,0,0,0,35,SALT LAKE
1114,350209,87,146,1.67816092,912.6666667,63.66666667,239.5,609.5000001,959.5926126,56,7.666666667,100.3333333,139.1666667,323.1666667,70.16666667,0,216.1666667,0,0,40.92550273,6.000443172,43598,0,0,0,35,SALT LAKE
1115,350210,41,67,1.634146341,1501,153.6666667,385.3333333,962.0000001,1567.12839,21.5,132.1666667,210.8333333,174.5,245.6666667,10.66666667,0,705.6666667,0,0,63.12816793,3.000221586,44032,0,0,0,35,SALT LAKE
1116,350211,148,249,1.682432432,485.6666667,27.16666666,65.16666667,393.3333333,521.6091794,26.83333333,0.333333333,23.16666667,42,44.33333333,31,213,105,0,0,25.94177415,10.00073862,43598,0,0,0,35,SALT LAKE
1117,350212,0,0,0,125.8333333,1.333333334,6.833333333,117.6666667,130.9848429,1.166666667,0.166666667,2,4.833333333,36.66666667,6.833333333,0.166666667,74,0,0,5.151509597,0,43598,0,0,0,35,SALT LAKE
1118,350213,156,262,1.679487179,98.50000001,2.333333333,37,59.16666667,119.0932419,2.333333333,0,8.333333333,28.66666667,10,12.5,0,36.66666667,0,0,10.42583664,10.16740529,43598,0,0,0,35,SALT LAKE
1119,350214,0,0,0,330.6666667,25,125.6666667,180,344.2038786,23,2,104,21.66666667,48.66666667,32.16666667,0.166666667,99,0,0,13.53721197,0,43598,0,0,0,35,SALT LAKE
1120,350215,1,1,1,416.6666666,47.66666666,90.66666666,278.3333333,433.7655846,39.33333333,8.333333333,62.83333333,27.83333333,83.83333333,50.5,0.166666667,143.8333333,0,0,17.09891795,0,43598,0,0,0,35,SALT LAKE
1121,350216,0,0,0,165.5,94.66666667,5.166666667,65.66666666,172.2754292,2.5,92.16666667,0.666666667,4.5,11.83333333,9.833333333,0,44,0,0,6.775429178,0,43598,0,0,0,35,SALT LAKE
1122,350217,495,827,1.670707071,150.5,63.33333334,12.83333333,74.33333333,209.9354814,17.16666667,46.16666667,6.166666667,6.666666667,10.66666667,14.83333333,0,48.83333333,0,0,26.43304394,33.00243744,43598,0,0,0,35,SALT LAKE
1123,350218,0,0,0,598.6666667,105.6666667,74.5,418.5,623.1755706,87.16666667,18.5,23.66666667,50.83333333,48.5,133.8333333,88,148.1666667,0,0,24.50890394,0,43598,0,0,0,35,SALT LAKE
1124,350219,200,335,1.675,659,37.66666667,58.16666667,563.1666666,707.1676893,8,29.66666667,11,47.16666667,153,53.66666667,62.16666667,294.3333333,0,0,35.16672909,13.00096021,43598,13,0,0,35,SALT LAKE
1125,350220,138,229,1.65942029,543.1666667,78.16666666,91.16666666,373.8333333,580.0537152,26.83333333,51.33333333,13.83333333,77.33333333,45.66666667,52.83333333,0.333333333,275,0,0,27.88638374,9.000664758,43598,0,0,0,35,SALT LAKE
1126,350221,0,0,0,813.6666667,170.8333333,58.66666667,584.1666667,846.9774877,67.33333333,103.5,14,44.66666667,182.6666667,53.16666667,0.5,347.8333333,0,0,33.31082099,0,43598,0,0,0,35,SALT LAKE
1127,350222,99,165,1.666666667,801.0000001,283.3333334,56.16666666,461.5,857.8457513,88.16666667,195.1666667,14.83333333,41.33333333,66.5,75,0.333333333,319.6666667,0,0,49.8452342,7.000517034,43598,0,0,0,35,SALT LAKE
1128,350223,316,527,1.667721519,480,235.8333333,27.5,216.6666667,546.5891138,214.8333333,21,9.833333333,17.66666667,43.16666667,43.16666667,0.166666667,130.1666667,0,0,45.58756269,21.0015511,43598,0,0,0,35,SALT LAKE
1129,350224,10,16,1.6,360.6666666,59.16666666,33.5,268,376.8415184,45.83333333,13.33333333,11.5,22,43.66666667,49,0,175.3333333,0,0,15.17477794,1.000073862,43598,0,0,0,35,SALT LAKE
1130,350225,232,389,1.676724138,1103.666667,276.8333333,91.5,735.3333333,1174.348905,123.5,153.3333333,17,74.5,97.5,52.5,0.5,584.8333333,0,0,54.68105683,16.00118179,43598,0,0,0,35,SALT LAKE
1131,350226,0,0,0,1387.833333,354.6666667,101.5,931.6666666,1444.650049,95.66666667,259,17.83333333,83.66666667,162.3333333,52.16666667,62.83333333,654.3333333,0,0,56.81671578,0,58717,0,0,0,35,SALT LAKE
1132,350227,204,344,1.68627451,598,207,49.5,341.5,644.8342316,194.8333333,12.16666667,19,30.5,46.83333333,38,0.166666667,256.5,0,0,32.83319759,14.00103407,43598,0,0,0,35,SALT LAKE
1133,350228,0,0,0,745.8333334,48,141.3333334,556.5000001,776.3671155,18.16666667,29.83333333,31.66666667,109.6666667,117.6666667,115.5,0.166666667,323.1666667,0,0,30.53378205,0,43598,0,0,0,35,SALT LAKE
1134,350229,0,0,0,270.3333334,261.1666667,1.166666667,8,281.40055,1.5,259.6666667,0.5,0.666666667,1,1,0,6,0,0,11.06721664,0,43598,0,0,0,35,SALT LAKE
1135,350230,0,0,0,0,0,0,0,0,0,0,0,0,0,0,0,0,0,0,0,0,80352,0,0,0,35,SALT LAKE
1136,350231,0,0,0,635.5,288.5,55,292,661.5168293,82.83333333,205.6666667,32.83333333,22.16666667,48.16666667,48.83333333,37,158,0,0,26.01682926,0,43598,0,0,0,35,SALT LAKE
1137,350232,379,633,1.670184697,384.3333333,123,20.16666667,241.1666666,440.585397,109.6666667,13.33333333,6,14.16666667,33.5,29.83333333,0,177.8333333,0,0,31.25021716,25.00184655,43598,0,0,0,35,SALT LAKE
1138,350233,0,0,0,649.3333333,634.6666667,1.833333333,12.83333334,675.9164875,2.666666667,632,0.333333333,1.5,1.666666667,0.5,0,10.66666667,0,0,26.58315416,0,65232,0,0,0,35,SALT LAKE
1139,350234,0,0,0,2242.166667,66.66666666,168.1666666,2007.333333,2333.959062,54.83333333,11.83333333,43.83333333,124.3333333,427.6666667,708.5,0.833333333,870.3333333,0,0,91.7923955,0,86867,0,0,0,35,SALT LAKE
1140,350235,146,258,1.767123288,1111.666667,213,117.5,781.1666667,1173.155208,146.3333333,66.66666667,63.5,54,100.1666667,230.1666667,32,418.8333333,0,0,51.4878032,10.00073862,47563,0,415,0,35,SALT LAKE
1141,350236,0,0,0,1044.333333,89.5,80.33333333,874.4999999,1087.087451,39,50.5,24,56.33333333,195.3333333,177,59.83333333,442.3333333,0,0,42.75411806,0,46572,0,0,0,35,SALT LAKE
1142,350237,0,0,0,443.8333334,196.1666667,29.5,218.1666667,478.0034924,183.1666667,13,7.333333333,22.16666667,33.16666667,55.83333333,0,129.1666667,0,0,34.17015901,0,67215,0,0,0,35,SALT LAKE
1143,350238,0,0,0,592.8333333,2.833333334,11.33333333,578.6666667,617.1034256,2.666666667,0.166666667,1.333333333,10,13.33333333,518.5,0,46.83333333,0,0,24.27009223,0,86867,0,0,0,35,SALT LAKE
1144,350239,180,317,1.761111111,199.6666667,18,37.5,144.1666667,227.2107833,14.16666667,3.833333333,4.333333333,33.16666667,45.5,21,0,77.66666667,0,0,15.54323028,12.00088634,39857,0,0,0,35,SALT LAKE
1145,350240,151,266,1.761589404,566.1666667,8.666666667,29.5,528.0000001,605.5275985,7.166666667,1.5,10,19.5,37.16666667,241.1666667,66,183.6666667,0,0,29.36019311,10.00073862,47440,0,0,0,35,SALT LAKE
1146,350241,310,379,1.222580645,811.5000001,23.5,25.66666667,762.3333334,878.4148069,12.83333333,10.66666667,10.66666667,15,97.83333333,435.6666667,95.16666667,133.6666667,0,0,45.91325573,21.0015511,24877,0,0,0,35,SALT LAKE
1147,350242,0,0,0,294.1666666,0.166666667,0.666666667,293.3333333,306.2095997,0.166666667,0,0,0.666666667,226.3333333,1.333333333,0,65.66666667,0,0,12.04293303,0,70350,0,0,0,35,SALT LAKE
1148,350243,401,767,1.912718204,52,7.5,4.333333333,40.16666667,97.54742882,0.5,7,0.5,3.833333333,9.5,2.166666667,0,28.5,0,0,18.54543455,27.00199427,34886,0,0,0,35,SALT LAKE
1149,350244,79,151,1.911392405,1,0,0,1,9.275501239,0,0,0,0,1,0,0,0,0,0,3.275131929,5.00036931,34920,0,0,0,35,SALT LAKE
1150,350245,338,413,1.221893491,335.5,4,13.66666667,317.8333333,386.0742157,2.833333333,1.166666667,6.666666667,7,227.3333333,37.5,0.166666667,52.83333333,0,0,27.57251693,23.00169883,24877,0,0,0,35,SALT LAKE
1151,350246,398,486,1.221105528,1220.333333,52.16666667,345.8333334,822.3333333,1313.588517,7.166666667,45,5.666666667,340.1666667,87.16666667,499,8.666666667,227.5,0,0,66.25318965,27.00199427,24877,0,0,0,35,SALT LAKE
1152,350247,265,390,1.471698113,70,24.16666666,3.666666666,42.16666667,101.7159445,3.833333333,20.33333333,1.333333333,2.333333333,4.833333333,5.666666667,6,25.66666667,0,0,13.71461495,18.00132952,53006,0,0,0,35,SALT LAKE
1153,350248,391,656,1.677749361,212.6666667,36.5,20.83333333,155.3333334,263.3821868,29,7.5,3,17.83333333,35.5,14,0.166666667,105.6666667,0,0,24.71359968,26.00192041,51771,0,0,0,35,SALT LAKE
1154,350249,142,239,1.683098592,85.33333333,14.5,1.166666667,69.66666667,104.6409052,0.166666667,14.33333333,0.666666667,0.5,4.833333333,2.333333333,5,57.5,0,0,9.306833232,10.00073862,51405,0,0,0,35,SALT LAKE
1155,350250,261,436,1.670498084,780.8333333,26.83333333,45.33333333,708.6666666,841.486433,12.5,14.33333333,13.83333333,31.5,168,98,24.83333333,417.8333333,0,0,42.65177018,18.00132952,51702,0,0,0,35,SALT LAKE
1156,350251,530,858,1.618867925,72,72,0,0,133.6480268,3,69,0,0,0,0,0,0,0,0,25.64536777,36.00265903,58260,0,0,0,35,SALT LAKE
1157,350252,157,263,1.675159236,1339.5,568.8333333,56.16666667,714.5,1411.766249,314.8333333,254,9.166666667,47,239.6666667,38.83333333,26.16666667,409.8333333,0,0,61.26543665,11.00081248,51771,0,0,0,35,SALT LAKE
1158,350253,48,80,1.666666667,1566.5,787.1666667,95.83333333,683.5,1635.596478,616.1666667,171,21.83333333,74,174.5,149.8333333,1,358.1666667,0,0,66.09625624,3.000221586,46894,0,0,0,35,SALT LAKE
1159,350254,622,1115,1.792604502,759.8333334,268.8333334,65.66666667,425.3333334,859.4075165,159.6666667,109.1666667,49,16.66666667,84.33333333,88.16666667,81.16666667,171.6666667,0,0,57.57108088,42.0031022,83909,0,0,0,35,SALT LAKE
1160,350255,529,980,1.852551985,785.3333333,24.66666666,3.833333333,756.8333333,875.1436807,2.833333333,21.83333333,1.5,2.333333333,16.5,5.666666667,692,42.66666667,0,0,53.80768832,36.00265903,51154,0,0,0,35,SALT LAKE
1161,350256,446,828,1.856502242,820.1666666,421,24,375.1666666,902.0046685,187.3333333,233.6666667,5.166666667,18.83333333,18.83333333,74.5,181,100.8333333,0,0,51.83578597,30.00221586,51194,0,0,0,35,SALT LAKE
1162,350257,421,874,2.076009501,502.6666667,252.1666667,13.5,237,571.4828622,86,166.1666667,7.666666667,5.833333333,18.66666667,178.8333333,2,37.5,0,0,40.8141274,28.00206813,115670,506,280,727,35,SALT LAKE
1163,350258,542,947,1.747232472,10.83333333,0.166666667,0.5,10.16666667,69.46851863,0.166666667,0,0.333333333,0.166666667,0.166666667,0.333333333,0,9.666666667,0,0,22.63252627,36.00265903,46380,0,0,0,35,SALT LAKE
1164,350259,366,640,1.74863388,34,28,2,4,78.0744415,2,26,2,0,0,0,0,4,0,1.696935301,17.37565965,25.00184655,52764,0,0,0,35,SALT LAKE
1165,350260,382,791,2.070680628,267.1666667,8.833333333,2.333333333,256,319.744918,8.333333333,0.5,0.333333333,2,8.5,231,1,15.5,0,0,26.57633097,26.00192041,67083,262,89,1771,35,SALT LAKE
1166,350261,187,476,2.545454545,604.5,4.5,5.666666667,594.3333333,649.9042967,2,2.5,0.5,5.166666667,4.833333333,528.3333333,3,58.16666667,0,0,32.40333652,13.00096021,38722,403,233,224,35,SALT LAKE
1167,350262,0,0,0,3574.5,1.166666667,2.666666667,3570.666667,3720.836989,1.166666667,0,0.166666667,2.5,92.5,553,2800,125.1666667,0,0,146.3369885,0,46250,0,0,0,35,SALT LAKE
1168,350263,534,1359,2.54494382,0,0,0,0,57.86416466,0,0,0,0,0,0,0,0,0,0,21.86150563,36.00265903,46250,0,0,0,35,SALT LAKE
1169,350264,0,0,0,241.1666667,2.833333333,4.833333334,233.5,252.0511608,2.333333333,0.5,0.666666667,4.166666667,6.833333333,31.66666667,0,195,1.011336032,0,9.873158128,0,128246,0,0,0,35,SALT LAKE
1170,350265,0,0,0,53.16666666,3,9.833333333,40.33333333,55.34326476,2.833333333,0.166666667,0,9.833333333,8.833333333,0.166666667,0,31.33333333,0,0,2.176598094,0,47188,0,0,0,35,SALT LAKE
1171,350266,0,0,0,690.1666667,60.83333334,363.5,265.8333334,718.4215028,51.16666667,9.666666667,190.5,173,42.66666667,87.83333333,0.166666667,135.1666667,0,0,28.25483608,0,47188,0,0,0,35,SALT LAKE
1172,350267,0,0,0,0,0,0,0,0.040939149,0,0,0,0,0,0,0,0,0,0,0.040939149,0,88403,0,0,0,35,SALT LAKE
1173,350268,0,0,0,1774.666667,131.1666667,1430.5,213,1847.32001,131.1666667,0,553.1666667,877.3333333,69.66666667,6.833333333,7,129.5,0,0,72.65334329,0,88403,0,0,0,35,SALT LAKE
1174,350269,0,0,0,2298,38,1639.5,620.5,2392.078165,31.16666667,6.833333333,717,922.5,240,45.16666667,0,335.3333333,0,0,94.07816466,0,88403,0,0,0,35,SALT LAKE
1175,350270,0,0,0,1275.5,77.5,764.3333333,433.6666667,1327.717885,60.16666667,17.33333333,292.3333333,472,100.5,85.66666667,0,247.5,0,0,52.21788469,0,88403,0,0,0,35,SALT LAKE
1176,350271,0,0,0,431.6666666,64.5,351.1666666,16,449.3387327,64.5,0,349.3333333,1.833333333,2.5,3,0,10.5,0,0,17.67206603,0,88403,0,0,0,35,SALT LAKE
1177,350272,83,262,3.156626506,1425.833333,152.6666667,325.6666666,947.5,1615.604129,77.33333333,75.33333333,96.33333333,229.3333333,159.3333333,220.1666667,9,559,0,0,183.7703528,6.000443172,88403,1057,407,0,35,SALT LAKE
1178,350273,467,1488,3.186295503,464.1666667,42.33333333,86.16666667,335.6666667,533.2901274,27.5,14.83333333,31,55.16666667,111.3333333,101.1666667,2,121.1666667,0,0,38.12117102,31.00228972,64000,352,82,0,35,SALT LAKE
1179,350274,404,1290,3.193069307,73.33333333,11.16666667,23,39.16666667,119.8769481,11.16666667,0,1.166666667,21.83333333,5.166666667,11.16666667,1,21.83333333,0,0,19.54162051,27.00199427,58372,0,0,0,35,SALT LAKE
1180,350275,503,1578,3.137176938,0,0,0,0,54.59490331,0,0,0,0,0,0,0,0,0,0,20.592392,34.00251131,73611,0,0,0,35,SALT LAKE
1181,350276,169,596,3.526627219,92,0,0,92,113.6859304,0,0,0,0,0,92,0,0,0,0,10.68511792,11.00081248,78625,314,0,0,35,SALT LAKE
1182,350277,63,220,3.492063492,134.3333333,81.5,12.66666667,40.16666667,146.4122875,80.66666667,0.833333333,10,2.666666667,5,15.66666667,0.166666667,19.33333333,0,0,8.078658758,4.000295448,62375,0,0,0,35,SALT LAKE
1183,350278,128,451,3.5234375,236.8333333,1,131.3333333,104.5,260.7699643,1,0,118,13.33333333,77,5.5,0,22,0,0,14.93596623,9.000664758,88779,0,0,0,35,SALT LAKE
1184,350279,95,195,2.052631579,198.8333333,35.66666667,53,110.1666667,216.8630632,13.5,22.16666667,44.5,8.5,16.66666667,36.16666667,0,57.33333333,0,0,12.02928665,6.000443172,58357,0,0,0,35,SALT LAKE
1185,350280,0,0,0,468,1.166666667,427.3333333,39.5,487.1595218,1,0.166666667,308,119.3333333,6.666666667,8.166666667,0,24.66666667,0,0,19.15952178,0,88779,0,0,0,35,SALT LAKE
1186,350281,16,31,1.9375,626,237.3333333,156.3333333,232.3333334,661.2830076,230,7.333333333,116.5,39.83333333,46.16666667,34,0,152.1666667,0,0,34.28293373,1.000073862,65490,0,0,0,35,SALT LAKE
1187,350282,0,0,0,647.5,57.16666666,152.3333333,438,674.008099,48.33333333,8.833333333,117.8333333,34.5,127.8333333,116.6666667,0,193.5,0,0,26.50809905,0,88779,0,0,0,35,SALT LAKE
1188,350283,178,357,2.005617978,1489.666667,381.1666667,122.3333333,986.1666667,1569.940407,303.6666667,77.5,44.83333333,77.5,235.1666667,112,55.5,583.5,0,0,68.27285434,12.00088634,65490,0,0,0,35,SALT LAKE
1189,350284,49.99999308,101,2.02000028,573.6665872,26.16666304,45.33332706,502.1665971,608.9869278,20.49999716,5.666665882,11.16666512,34.16666194,49.66665979,49.16665986,0.333333287,402.9999442,0,6.787740264,25.53237912,3.000221171,65490,0,0,0,35,SALT LAKE
1190,350285,647.0000019,1302,2.012364755,380.3333344,209.3333339,77.1666669,93.83333361,474.3947371,16.00000005,193.3333339,71.66666688,5.500000016,12.66666671,18.33333338,0,62.83333351,0,0,50.05815267,44.00325006,65490,0,0,0,35,SALT LAKE
1191,350286,277.9999793,558,2.007194394,72.33332796,11.16666584,2.166666506,58.99999562,105.6770774,11.16666584,0,0.166666655,1.999999851,6.333332862,4.333333011,40.99999695,7.333332788,0,0,14.3423475,19.00140197,65490,0,0,0,35,SALT LAKE
1192,350287,160,323,2.01875,1600,295,187.1666667,1117.833333,1683.053715,223.8333333,71.16666667,18,169.1666667,275.1666667,450.1666667,16.5,376,0,0,72.05290244,11.00081248,65490,0,0,254,35,SALT LAKE
1193,350288,206,415,2.014563107,1234,472.1666667,116.6666667,645.1666667,1306.953409,377.5,94.66666667,55.83333333,60.83333333,105.1666667,129.8333333,0.5,409.6666667,0,0,58.95237472,14.00103407,65490,0,0,0,35,SALT LAKE
1194,350289,586,1336,2.279863481,1001.833333,332.8333334,29.16666667,639.8333334,1105.84076,217.6666667,115.1666667,11.16666667,18,71.5,129.6666667,19.16666667,419.5,0,0,65.0045456,39.00288062,118315,417,0,0,35,SALT LAKE
1195,350290,632,1285,2.033227848,344.8333333,94,4,246.8333333,426.827161,18.83333333,75.16666667,0.5,3.5,19.16666667,6.666666667,99,122,0,0,39.99072549,42.0031022,79624,0,0,0,35,SALT LAKE
1196,350291,0,0,0,75,0,0,75,78.07043618,0,0,0,0,0,44,0,31,0,0,3.070436183,0,79665,0,0,0,35,SALT LAKE
1197,350292,592,1150,1.942567568,272,142.3333333,7.5,122.1666667,349.3743793,19,123.3333333,2.666666667,4.833333333,19,7.833333333,2.166666667,93.16666667,0,0,37.37142483,40.00295448,87743,0,0,0,35,SALT LAKE
1198,350293,598,1438,2.404682274,209.5,79.83333333,10.33333333,119.3333333,282.5544942,59.5,20.33333333,2.833333333,7.5,8.833333333,6,34,70.5,0,0,33.05153972,40.00295448,94438,0,0,0,35,SALT LAKE
1199,350294,230,551,2.395652174,12,6,0,6,39.90838202,6,0,0,0,0,0,0,6,0,0,12.90727409,15.00110793,140257,0,0,0,35,SALT LAKE
1200,350295,331,884,2.670694864,9,3,0,6,44.92093566,3,0,0,0,0,0,0,6,0,0,13.9193107,22.00162496,188929,0,0,0,35,SALT LAKE
1201,350296,310,722,2.329032258,60,11,0,49,96.14221308,0,11,0,0,0,49,0,0,0,0,15.14066198,21.0015511,141454,464,0,0,35,SALT LAKE
1202,350297,140,326,2.328571429,0,0,0,0,14.73214563,0,0,0,0,0,0,0,0,0,0,5.731480876,9.000664758,141754,0,0,0,35,SALT LAKE
1203,350298,509,1411,2.772102161,62,62,0,0,121.3787655,0,62,0,0,0,0,0,0,0,0,25.37625414,34.00251131,176389,0,0,0,35,SALT LAKE
1204,350299,577,1154,2,183.8333333,25.33333334,24.5,134,259.9840832,17.66666667,7.666666667,0.5,24,33.33333333,49.83333333,5,45.83333333,0,0,37.14786928,39.00288062,67039,414,0,0,35,SALT LAKE
1205,350300,213,571,2.680751174,429.6666667,165,1,263.6666667,469.9779273,0,165,0,1,0,15,1,247.6666667,0,0,26.3102265,14.00103407,291594,0,0,0,35,SALT LAKE
1206,350301,926,2229,2.40712743,0,0,0,0,103.9142315,0,0,0,0,0,0,0,0,0,0,41.90965208,62.00457944,172702,0,0,0,35,SALT LAKE
1207,350302,0,0,0,235,4,93.16666667,137.8333333,244.6207,3.833333333,0.166666667,3.166666667,90,15.16666667,58.5,0,64.16666667,0,0,9.620700041,0,47188,0,0,0,35,SALT LAKE
1208,350303,0,0,0,0,0,0,0,0,0,0,0,0,0,0,0,0,0,0,0,0,47188,0,0,0,35,SALT LAKE
1209,350304,0,0,0,34.66666667,0.833333333,3.333333333,30.5,36.0858905,0.833333333,0,0,3.333333333,5,11.5,0,14,0,0,1.419223836,0,47188,0,0,0,35,SALT LAKE
1210,350305,0,0,0,582.6666667,20.83333334,55,506.8333334,606.5205443,19.66666667,1.166666667,2.333333333,52.66666667,62.5,173.6666667,0,270.6666667,0,0,23.85387755,0,47188,0,0,0,35,SALT LAKE
1211,350306,0,0,0,5814.333333,436,4393.833333,984.5000001,6052.367192,433.6666667,2.333333333,1585.833333,2808,343.1666667,115.6666667,0.166666667,525.5,0,0,238.0338593,0,88403,0,0,0,35,SALT LAKE
1212,350307,0,0,0,4410.333334,146.1666667,3010.833334,1253.333333,4608.888628,119.5,26.66666667,842.1666667,2168.666667,486.8333333,172.3333333,105,489.1666667,0,0,198.555294,0,88403,0,0,0,35,SALT LAKE
1213,350308,0,0,0,4577.333334,272.1666667,3255.166667,1050,4764.725466,32.66666667,239.5,1818.5,1436.666667,318.1666667,172.3333333,13,546.5,0,0,187.3921319,0,88403,0,0,0,35,SALT LAKE
1214,350309,0,0,0,2876.666667,87,2140.333334,649.3333333,2994.434953,76,11,1302.666667,837.6666667,66.83333333,326,26,230.5,0,0,117.7682856,0,88403,0,0,0,35,SALT LAKE
1215,350310,0,0,0,1057.5,31.83333333,706.8333333,318.8333334,1974.71483,31,0.833333333,404.5,302.3333333,40.5,27.16666667,0,251.1666667,0,873.92168,43.29315019,0,88403,0,0,0,35,SALT LAKE
1216,350311,65,208,3.2,2359.5,275.5,1285.666667,798.3333333,2462.764086,262.3333333,13.16666667,927.8333333,357.8333333,238.8333333,97.5,36.16666667,425.8333333,0,0,99.26379022,4.000295448,88403,0,0,0,35,SALT LAKE
1217,350312,275,1053,3.829090909,1960,281.6666666,192.8333334,1485.5,2074.591134,151.3333333,130.3333333,31.16666667,161.6666667,355.8333333,168.8333333,254.1666667,706.6666667,0,5.090805903,91.49899827,18.00132952,78068,0,0,0,35,SALT LAKE
1218,350313,277,1162,4.194945848,165,1.5,1,162.5,202.0965073,1.166666667,0.333333333,0.166666667,0.833333333,1.5,153.3333333,0,7.666666667,0,0,18.09510391,19.00140338,79783,592,680,0,35,SALT LAKE
1219,350314,341,1430,4.193548387,50.50000001,14.5,2.666666666,33.33333334,89.52937572,12.5,2,0.333333333,2.333333333,15.16666667,7.5,0,10.66666667,0,0,16.02767688,23.00169883,81925,0,0,0,35,SALT LAKE
1220,350315,273,899,3.293040293,83.66666667,41,1.833333333,40.83333333,119.2628028,17.33333333,23.66666667,0,1.833333333,9.833333333,16.83333333,0,14.16666667,0,0,17.59480666,18.00132952,52386,0,0,0,35,SALT LAKE
1221,350316,55,171,3.109090909,5.666666667,0.166666667,0.166666667,5.333333333,12.15060383,0.166666667,0,0,0.166666667,0.333333333,0.833333333,0,4.166666667,0,0,2.483641713,4.000295448,74545,0,0,0,35,SALT LAKE
1222,350317,29,95,3.275862069,1227.5,65.83333333,313.3333333,848.3333333,1280.940189,54.83333333,11,156.5,156.8333333,48.83333333,295,83,421.5,0,0,51.44004086,2.000147724,52386,0,0,0,35,SALT LAKE
1223,350318,221,777,3.515837104,86.66666666,1,2.333333333,83.33333333,114.2633861,0.666666667,0.333333333,0.333333333,2,63.83333333,4.666666667,1,13.83333333,0,0,12.59561154,15.00110793,88779,0,0,0,35,SALT LAKE
1224,350319,0,0,0,381.8333334,6.666666667,236.6666667,138.5,397.4652651,6.5,0.166666667,150.1666667,86.5,22,25.16666667,0,91.33333333,0,0,15.63193177,0,52386,0,0,0,35,SALT LAKE
1225,350320,0,0,0,1284.666667,247.8333333,70.16666667,966.6666667,1337.259827,230.5,17.33333333,13,57.16666667,77.66666667,78,0,811,0,0,52.59316023,0,52386,0,0,0,35,SALT LAKE
1226,350321,63,129,2.047619048,1630,529,233.3333334,867.6666667,1725.310275,427,102,57.16666667,176.1666667,115,126.8333333,0.666666667,625.1666667,0,0,91.30997945,4.000295448,45882,0,0,0,35,SALT LAKE
1227,350322,458,925,2.019650655,1046,254.6666667,307.5,483.8333334,1144.57477,211.6666667,43,52.83333333,254.6666667,63,84.16666667,107.5,229.1666667,0,0,67.57248027,31.00228972,45882,0,0,0,35,SALT LAKE
1228,350323,392,792,2.020408163,963.8333333,70.16666666,380.8333333,512.8333333,1045.341917,18.83333333,51.33333333,23.5,357.3333333,69.66666667,195.3333333,1.333333333,246.5,0,0,55.50666301,26.00192041,45882,0,0,0,35,SALT LAKE
1229,350324,229,464,2.026200873,443,153,12.83333333,277.1666667,494.5122162,2.333333333,150.6666667,7.333333333,5.5,58.5,61.16666667,68.16666667,89.33333333,0,0,36.5111082,15.00110793,45882,0,0,0,35,SALT LAKE
1230,350325,122,246,2.016393443,1589.5,339.5,118.3333333,1131.666667,1667.567945,157.3333333,182.1666667,47,71.33333333,134.1666667,157.6666667,297,542.8333333,0,0,70.06735371,8.000590896,45882,0,0,0,35,SALT LAKE
1231,350326,471,1352,2.870488323,1344,101.6666667,45.5,1196.833333,1450.306919,27.66666667,74,14.83333333,30.66666667,75.66666667,812.5,78,230.6666667,0,0,74.30455564,32.00236358,86000,478,0,0,35,SALT LAKE
1232,350327,714,1553,2.175070028,73,20.33333333,8.833333333,43.83333334,154.2226557,5.5,14.83333333,7,1.833333333,19,4.166666667,3,17.66666667,0,0,33.21911035,48.00354537,87586,0,0,0,35,SALT LAKE
1233,350328,554,1205,2.175090253,234,59,6,169,303.2627824,6,53,6,0,27,108,34,0,0,0,32.2600495,37.00273289,100203,0,0,0,35,SALT LAKE
1234,350329,569,1285,2.258347979,414,127.8333333,21.66666666,264.5,494.2459903,94.16666667,33.66666667,4.333333333,17.33333333,103,28.33333333,16.16666667,117,0,0,42.24318358,38.00280675,105625,0,0,0,35,SALT LAKE
1235,350330,616,1358,2.204545455,496.5,111.1666667,34.16666667,351.1666667,585.0478318,17.33333333,93.83333333,6.166666667,28,61.16666667,114.1666667,58.33333333,117.5,0,0,47.54480339,41.00302834,79583,396,0,0,35,SALT LAKE
1236,350331,502,1111,2.21314741,484.6666666,43.5,39.66666666,401.5,563.0624717,24.83333333,18.66666667,13.83333333,25.83333333,136,62.66666667,54,148.8333333,0,0,44.39329379,34.00251131,63883,3,0,0,35,SALT LAKE
1237,350332,190,454,2.389473684,33.16666667,21.5,3.333333334,8.333333333,58.30388032,1.333333333,20.16666667,1.166666667,2.166666667,0.833333333,2.666666667,0,4.833333333,0,0,12.13625344,13.00096021,140469,0,0,0,35,SALT LAKE
1238,350333,586,1362,2.324232082,87.83333334,51.5,2.333333334,34,154.4223773,4,47.5,0.666666667,1.666666667,2.166666667,7.666666667,0,24.16666667,0,0,27.58616331,39.00288062,134704,0,0,0,35,SALT LAKE
1239,350334,213,566,2.657276995,0,0,0,0,22.72107283,0,0,0,0,0,0,0,0,0,0,8.720038761,14.00103407,188929,0,0,0,35,SALT LAKE
1240,350335,454,1180,2.599118943,196.8333333,140.3333333,15,41.5,254.4801859,88.16666667,52.16666667,5.5,9.5,4,2.833333333,0,34.66666667,0,0,26.64456288,31.00228972,83781,0,0,0,35,SALT LAKE
1241,350336,329,971,2.951367781,118,55,0,63,160.3014246,47,8,0,0,0,63,0,0,0,0,20.29979965,22.00162496,116250,0,567,0,35,SALT LAKE
1242,350337,396,1444,3.646464646,150.5,22.16666666,21.83333334,106.5,201.8752393,20.33333333,1.833333333,2.166666667,19.66666667,19.83333333,12.66666667,13,61,0,0,24.37324499,27.00199427,221932,0,0,0,35,SALT LAKE
1243,350338,405,895,2.209876543,1252.833333,446.8333333,98.16666667,707.8333333,1347.705614,274.8333333,172,51,47.16666667,58.33333333,266.8333333,30.16666667,352.5,0,0,67.87028604,27.00199427,95795,0,0,0,35,SALT LAKE
1244,350339,277,701,2.530685921,471.5,99.5,35.5,336.5,521.1443565,46.66666667,52.83333333,8.666666667,26.83333333,49.83333333,39,21.16666667,226.5,0,0,30.64295311,19.00140338,195024,0,0,0,35,SALT LAKE
1245,350340,502,1349,2.687250996,29,0,0,29,86.74119949,0,0,0,0,0,29,0,0,0,0,23.73868818,34.00251131,156314,453,0,0,35,SALT LAKE
1246,350341,0,0,0,1106,256.6666666,437.3333333,412,1151.278699,248.8333333,7.833333333,230,207.3333333,45.66666667,5,0,361.3333333,0,0,45.27869892,0,88403,0,0,0,35,SALT LAKE
1247,350342,0,0,0,3331,122.3333333,2485,723.6666666,3467.368306,57.16666667,65.16666667,84.5,2400.5,406.3333333,112.5,7,197.8333333,0,0,136.3683057,0,88403,0,0,0,35,SALT LAKE
1248,350343,0,0,0,0,0,0,0,0,0,0,0,0,0,0,0,0,0,0,0,0,78068,0,0,0,35,SALT LAKE
1249,350344,10,31,3.1,2035.5,151.6666667,831.5,1052.333333,2120.241103,133.5,18.16666667,582.5,249,192.1666667,149.6666667,0.166666667,710.3333333,0,0,83.74102951,1.000073862,52386,0,0,0,35,SALT LAKE
1250,350345,0,0,0,1285.333333,385.6666667,458,441.6666667,1337.953786,350,35.66666667,4,454,76.5,53.16666667,0,312,0,0,52.62045299,0,52386,0,0,0,35,SALT LAKE
1251,350346,0,0,0,439.1666666,48.5,137.3333333,253.3333333,457.1457763,47.33333333,1.166666667,3,134.3333333,85.16666667,41.5,0.166666667,126.5,0,0,17.97910965,0,52386,0,0,0,35,SALT LAKE
1252,350347,0,0,0,334,32,142.1666666,159.8333333,347.6736758,5.666666667,26.33333333,16.33333333,125.8333333,14.83333333,16,0,129,0,0,13.6736758,0,52386,0,0,0,35,SALT LAKE
1253,350348,48,75,1.5625,2255.666667,1197.333333,195.5,862.8333333,2381.977041,930.3333333,267,34.66666667,160.8333333,186,153.8333333,9.333333333,513.6666667,0,0,123.3101532,3.000221586,48139,0,0,0,35,SALT LAKE
1254,350349,288,451,1.565972222,1298.5,348.5,378.5,571.5,1382.451363,316.1666667,32.33333333,294.5,84,93,139,0,339.5,0,0,64.94996007,19.00140338,48139,0,0,0,35,SALT LAKE
1255,350350,383,601,1.569190601,525.5,10.5,89.83333333,425.1666667,588.6951374,7.666666667,2.833333333,23,66.83333333,96.66666667,171.6666667,10,146.8333333,0,0,37.19321697,26.00192041,48139,0,0,0,35,SALT LAKE
1256,350351,423,663,1.567375887,418,53.5,34.5,330,480.4318925,20.16666667,33.33333333,11.66666667,22.83333333,63.83333333,77.16666667,23.16666667,165.8333333,0,0,34.4298244,28.00206813,48139,0,0,0,35,SALT LAKE
1257,350352,102,160,1.568627451,2460.666666,264.6666667,128,2068,2572.580576,63,201.6666667,32.33333333,95.66666667,1417.333333,199.5,12.16666667,439,0,0,104.9133928,7.000517034,48139,0,0,0,35,SALT LAKE
1258,350353,845,1400,1.656804734,7318.166666,196,98.5,7023.666666,7709.363974,143,53,32.66666667,65.83333333,140.3333333,6398.333333,3.833333333,481.1666667,0,0,334.1930974,57.00421013,16464,0,0,0,35,SALT LAKE
1259,350354,714,1400,1.960784314,1242.5,99.16666666,147.8333334,995.5000001,1372.600991,62.83333333,36.33333333,18.16666667,129.6666667,146,77.16666667,112.1666667,660.1666667,0,0,82.09744524,48.00354537,75603,0,0,0,35,SALT LAKE
1260,350355,764,1675,2.192408377,496.8333334,189.6666667,25.5,281.6666667,599.4545442,43,146.6666667,7.166666667,18.33333333,29.66666667,24.16666667,48.16666667,179.6666667,0,0,51.61744384,51.00376696,82639,0,0,0,35,SALT LAKE
1261,350356,530,1215,2.29245283,752.5,175.8333333,58.83333334,517.8333334,846.0071178,45.5,130.3333333,24.66666667,34.16666667,79.5,63.66666667,108.1666667,266.5,0,0,57.50445874,36.00265903,100817,0,0,0,35,SALT LAKE
1262,350357,444,795,1.790540541,247.5,50,10.33333333,187.1666667,305.8116375,28.16666667,21.83333333,3.5,6.833333333,45.33333333,20,24.33333333,97.5,0,0,28.30942161,30.00221586,71763,0,0,0,35,SALT LAKE
1263,350358,237,366,1.544303797,672.8333334,37.83333333,23.66666667,611.3333334,726.0823177,9.5,28.33333333,10.5,13.16666667,76,409.6666667,3.166666667,122.5,0,0,37.2478025,16.00118179,72457,0,0,0,35,SALT LAKE
1264,350359,475,886,1.865263158,472.8333333,180.3333334,11.83333333,280.6666666,543.6391871,18.66666667,161.6666667,5,6.833333333,45.83333333,22.5,108,104.3333333,0,0,38.80349017,32.00236358,90144,0,37,6,35,SALT LAKE
1265,350360,511,1370,2.681017613,53.33333333,9.166666667,4.5,39.66666667,110.4391711,8.166666667,1,1,3.5,3,2.666666667,0,34,0,0,23.10332648,34.00251131,112792,0,0,0,35,SALT LAKE
1266,350361,469,1056,2.251599147,23.5,11.33333333,1.166666667,11,75.49138762,11.33333333,0,0,1.166666667,0.166666667,1,0,9.833333333,0,0,20.15570775,31.83567987,106250,0,0,0,35,SALT LAKE
1267,350362,463,1181,2.55075594,94.16666667,26.83333333,8.666666666,58.66666667,148.9788856,25.5,1.333333333,2.833333333,5.833333333,17.16666667,6.666666667,8,26.83333333,0,0,23.80992925,31.00228972,91912,0,0,0,35,SALT LAKE
1268,350363,599,1538,2.567612688,299.8333334,115.5,13.5,170.8333333,376.6337597,104.1666667,11.33333333,2.333333333,11.16666667,25.66666667,67.83333333,1.166666667,76.16666667,0,0,36.79747186,40.00295448,121957,432,0,0,35,SALT LAKE
1269,350364,458,1059,2.312227074,186,42,0,144,243.3671018,0,42,0,0,0,139,0,5,0,0,26.36481203,31.00228972,93494,401,485,0,35,SALT LAKE
1270,350365,433,1091,2.519630485,9,9,0,0,61.09724591,0,9,0,0,0,0,0,0,0,0,23.09510391,29.002142,172831,0,0,0,35,SALT LAKE
1271,350366,277,492,1.776173285,485.6666667,166.3333333,28.83333333,290.5,535.8909945,83.83333333,82.5,12,16.83333333,30.5,60.16666667,63.16666667,136.6666667,0,0,31.22292439,19.00140338,99598,0,0,0,35,SALT LAKE
1272,350367,249,391,1.570281124,593.5,217.5,33.83333334,342.1666667,661.9924888,91,126.5,13.66666667,20.16666667,97.33333333,75,12.16666667,157.6666667,0,0,51.49123313,17.00125565,90179,0,0,0,35,SALT LAKE
1273,350368,1157,1815,1.568712187,925.6666666,431.5,40.66666667,453.5,1120.935029,166.1666667,265.3333333,9.666666667,31,124.8333333,28.66666667,24.5,275.5,0,0,117.2626012,78.00576123,90179,0,0,0,35,SALT LAKE
1274,350369,259,464,1.791505792,754.5,342.8333333,44.33333333,367.3333334,812.9930833,127,215.8333333,16,28.33333333,60.83333333,70.5,9.333333333,226.6666667,0,0,41.49182763,17.00125565,71763,0,0,0,35,SALT LAKE
1275,350370,138,215,1.557971014,2387,736,6,1645,2514.644434,484,252,0,6,837,4,28,776,0,15.27241771,103.3713515,9.000664758,90179,0,0,0,35,SALT LAKE
1276,350371,608,939,1.544407895,796.3333334,159.5,98.66666667,538.1666667,894.8285735,93.33333333,66.16666667,12.66666667,86,106.1666667,47,21,364,0,0,57.49221174,41.00302834,72461,0,0,0,35,SALT LAKE
1277,350372,0,0,0,134.9999957,0,0,134.9999957,140.5267807,0,0,0,0,0,134.9999957,0,0,0,0,5.526784955,0,90179,0,0,1972,35,SALT LAKE
1278,350373,485.0000019,1102,2.27216494,106.0000004,5.333333354,0.500000002,100.1666671,166.190652,1.333333338,4.000000016,0.333333334,0.166666668,16.16666673,28.00000011,20.00000008,36.00000014,0,0,27.18821404,33.00243757,140595,0,0,0,35,SALT LAKE
1279,350374,250,708,2.832,103.8333333,27.83333334,29.33333333,46.66666667,136.3270478,27.16666667,0.666666667,28.5,0.833333333,28.16666667,1.666666667,0,16.83333333,0,0,15.49245879,17.00125565,194929,0,0,0,35,SALT LAKE
1280,350375,699,1584,2.266094421,608.8333333,68.33333334,18.66666667,521.8333333,709.3715654,29.16666667,39.16666667,8.166666667,10.5,191.8333333,58.33333333,31.33333333,240.3333333,0,0,53.53476066,47.00347151,60725,0,0,0,35,SALT LAKE
1281,350376,492,1233,2.506097561,320,4,20,296,395.3358324,3,1,0,20,106,0,182,8,0,5.090805903,37.24258908,33.00243744,175726,0,0,0,35,SALT LAKE
1282,350377,348,712,2.045977011,81.49999999,36.5,31.83333333,13.16666667,122.0850634,31.33333333,5.166666667,0,31.83333333,2,0.166666667,0,11,0,0,17.58336454,23.00169883,74500,0,0,0,35,SALT LAKE
1283,350378,250,445,1.78,69.99999999,7.166666667,11.66666667,51.16666666,100.1017834,5,2.166666667,1.166666667,10.5,10.33333333,5,0,35.83333333,0,0,13.10052772,17.00125565,99598,0,0,0,35,SALT LAKE
1284,350379,458,869,1.897379913,45.5,4.833333333,3,37.66666667,97.1151513,3.333333333,1.5,0.333333333,2.666666667,9.166666667,7.5,0,21,0,0,20.61286158,31.00228972,71010,0,0,0,35,SALT LAKE
1285,350380,197,311,1.578680203,6.666666667,0.666666667,0.5,5.5,28.00556691,0.666666667,0,0,0.5,0.666666667,1,0,3.833333333,0,0,8.337940036,13.00096021,90179,0,0,0,35,SALT LAKE
1286,350381,516,902,1.748062016,113.5,20.16666667,4.666666666,88.66666666,175.2737795,12.16666667,8,1.333333333,3.333333333,16.33333333,5.833333333,0.166666667,66.33333333,0,0,26.77119437,35.00258517,88387,0,0,0,35,SALT LAKE
1287,350382,139,218,1.568345324,305.8333333,74.5,23.5,207.8333333,338.0450963,58.33333333,16.16666667,11.33333333,12.16666667,34.16666667,41,25.16666667,107.5,0,0,23.21109816,9.000664758,90179,0,0,0,35,SALT LAKE
1288,350383,220,346,1.572727273,1363.5,590.1666666,36.33333333,737,1443.335074,301.8333333,288.3333333,5.333333333,31,320.8333333,20,210.1666667,186,0,0,64.83396581,15.00110793,90179,0,0,0,35,SALT LAKE
1289,350384,177,306,1.728813559,65.83333333,2.166666667,0,63.66666666,87.77560971,2.166666667,0,0,0,8.5,0.833333333,0,54.33333333,0,0,9.941390043,12.00088634,88424,0,0,0,35,SALT LAKE
1290,350385,745,1736,2.330201342,127,14,33,80,213.7026311,0,14,33,0,22,0,9,49,0,0,36.69893803,50.0036931,99821,0,0,0,35,SALT LAKE
1291,350386,429,1363,3.177156177,284.8333334,20.33333333,6.666666667,257.8333334,343.0592046,18.83333333,1.5,2,4.666666667,16.16666667,13,9,219.6666667,0,0,29.22372927,29.002142,114097,35,5,0,35,SALT LAKE
1292,350387,342,940,2.748538012,325,46.33333333,19.5,259.1666667,378.3012881,12.83333333,33.5,3.666666667,15.83333333,16.83333333,23.5,4.166666667,214.6666667,0,0,30.29958927,23.00169883,136260,0,0,0,35,SALT LAKE
1293,350388,215,488,2.269767442,1361,386.1666667,64.16666667,910.6666667,1439.521133,301.6666667,84.5,18.16666667,46,175.6666667,96.5,106.5,532,0,0,64.520099,14.00103407,60625,0,0,0,35,SALT LAKE
1294,350389,0,0,0,30,0,0,30,31.22817447,0,0,0,0,0,0,0,30,0,0,1.228174473,0,49010,0,0,0,35,SALT LAKE
1295,350390,173,352,2.034682081,45,0,0,45,68.92562085,0,0,0,0,0,45,0,0,0,0,11.92473451,12.00088634,76180,412,72,0,35,SALT LAKE
1296,350391,385,783,2.033766234,25,0,18,7,67.78697155,0,0,18,0,0,0,0,7,0,0,16.78505114,26.00192041,76119,0,0,0,35,SALT LAKE
1297,350392,507,895,1.765285996,475,52.33333334,32.16666667,390.5,549.2047557,37.16666667,15.16666667,6.666666667,25.5,122.3333333,34,61,173.1666667,0,0,40.20224443,34.00251131,82880,0,0,0,35,SALT LAKE
1298,350393,736,1958,2.660326087,236.1666667,101.3333333,17.16666667,117.6666667,328.9563156,52.5,48.83333333,8.166666667,9,13.33333333,29.83333333,0.5,74,0,0,43.78602975,49.00361924,96129,221,70,0,35,SALT LAKE
1299,350394,343,753,2.195335277,158.5,14,9.666666667,134.8333333,202.0258589,12.83333333,1.166666667,5.166666667,4.5,20.16666667,84.16666667,0.166666667,30.33333333,0,0,20.52416009,23.00169883,87500,478,0,0,35,SALT LAKE
1300,350395,169,533,3.153846154,304,80,0,224,334.3582068,53,27,0,0,141,0,83,0,0,0,19.35739434,11.00081248,114097,0,0,0,35,SALT LAKE
1301,350396,595,996,1.67394958,2006.166667,744,57.33333333,1204.833333,2152.659171,641.1666667,102.8333333,18,39.33333333,141.6666667,92,32.5,938.6666667,0,0,106.48955,40.00295448,55969,0,0,0,35,SALT LAKE
1302,350397,3,12,4,399.5,26.33333333,188.1666667,185,437.0006796,17.5,8.833333333,145.6666667,42.5,24.66666667,61.33333333,0,99,2.022672065,0,35.47800752,0,47188,0,0,0,35,SALT LAKE
1303,350398,354,1088,3.073446328,519.3333333,42.66666667,97.16666667,379.4999999,589.1113016,34.5,8.166666667,13,84.16666667,44.33333333,111.8333333,9,214.3333333,2.022672065,0,43.75352356,24.00177269,47188,0,0,0,35,SALT LAKE
1304,350399,285,799,2.803508772,27.16666667,0.833333333,1.666666667,24.66666667,59.95924379,0.5,0.333333333,0,1.666666667,2.166666667,11.5,0,11,1.011336032,0,12.77983771,19.00140338,67159,0,0,0,35,SALT LAKE
1305,350400,1,1,1,610,16,594,0,636.0251561,16,0,0,594,0,0,0,0,1.011336032,0,25.01382011,0,67159,0,0,0,35,SALT LAKE
1306,350401,1209.999976,4049,3.346281058,859.499983,116.6666644,50.33333234,692.4999863,1029.222708,50.33333234,66.33333202,11.49999977,38.83333256,66.33333202,386.9999924,11.66666644,227.4999955,0,0,88.71674415,81.00598122,69498,516,0,2770,35,SALT LAKE
1307,350402,415,1163,2.802409639,54.83333333,4.333333333,0.166666667,50.33333333,114.0631552,4.333333333,0,0.166666667,0,0,46,0,4.333333333,0,0,31.2277537,28.00206813,67159,448,0,0,35,SALT LAKE
1308,350403,626,1807,2.88658147,0,0,0,0,79.63100954,0,0,0,0,0,0,0,0,0,0,37.62790734,42.0031022,109508,0,0,0,35,SALT LAKE
1309,350404,964,3484,3.614107884,64.66666666,3.5,2.833333334,58.33333333,299.7842058,2.666666667,0.833333333,0.666666667,2.166666667,3,44.5,0,10.83333333,0,0,170.1127381,65.00480103,104386,386,89,0,35,SALT LAKE
1310,350405,982.999992,3772,3.837232992,15.99999987,8.999999927,0,6.999999943,122.9030838,8.999999927,0,0,0,0.999999992,0,0,5.999999951,0,0,40.89820963,66.00487435,94753,0,0,0,35,SALT LAKE
1311,350406,758,2538,3.34828496,149.5,45.5,21.66666667,82.33333333,237.6560448,8.833333333,36.66666667,1.666666667,20,13.5,13,13,42.83333333,0,0,37.15227782,51.00376696,82981,0,0,0,35,SALT LAKE
1312,350407,978,2764,2.826175869,174.1666667,33.33333334,4.666666667,136.1666667,287.3470877,26.66666667,6.666666667,1.166666667,3.5,10.33333333,86.66666667,4,35.16666667,0,0,47.17554616,66.00487489,101942,410,0,0,35,SALT LAKE
1313,350408,949,3391,3.573234984,39.66666666,0.833333334,2.833333333,36,386.157902,0.666666667,0.166666667,0,2.833333333,4.666666667,8.5,0,22.83333333,1.011336032,0,281.4751721,64.00472717,142650,0,0,0,35,SALT LAKE
1314,350409,649,1721,2.651771957,288.6666667,107.6666667,33.66666667,147.3333333,371.0571921,15.16666667,92.5,22,11.66666667,4,84.5,0,58.83333333,0,0,38.38727548,44.00324993,68400,675,0,0,35,SALT LAKE
1315,350410,477,1614,3.383647799,1177.333333,544.8333333,1.333333334,631.1666667,1316.062696,361.3333333,183.5,0.166666667,1.166666667,5.333333333,2.333333333,84,539.5,0,0,106.726999,32.00236358,80773,0,0,0,35,SALT LAKE
1316,350411,1004,3703,3.688247012,441.8333333,76.5,23.66666667,341.6666667,569.0295424,68,8.5,11.66666667,12,23.33333333,159.5,59.33333333,99.5,0,0,59.19118643,68.00502261,98578,403,1052,0,35,SALT LAKE
1317,350412,82,276,3.365853659,136.1666667,4.833333333,13.66666666,117.6666667,152.1100036,4.333333333,0.5,0.333333333,13.33333333,13.5,30.16666667,0,74,1.011336032,0,8.931557698,6.000443172,80833,0,0,0,35,SALT LAKE
1318,350413,328,1110,3.384146341,0,0,0,0,35.42966587,0,0,0,0,0,0,0,0,0,0,13.42804091,22.00162496,80833,0,0,0,35,SALT LAKE
1319,350414,0,0,0,527.1666667,15,224,288.1666667,548.7484215,13.66666667,1.333333333,181.5,42.5,49.66666667,27.33333333,0,211.1666667,0,0,21.58175477,0,105284,0,0,0,35,SALT LAKE
1320,350415,484,1654,3.417355372,0,0,0,0,53.82832164,0,0,0,0,0,0,0,0,1.011336032,0,19.81454817,33.00243744,105284,0,0,0,35,SALT LAKE
1321,350416,0,0,0,736.5,9.833333333,267,459.6666667,766.6516833,9,0.833333333,9.166666667,257.8333333,223.8333333,104.6666667,0,131.1666667,0,0,30.15168332,0,47188,0,0,0,35,SALT LAKE
1322,350417,0,0,0,446.6666666,12.16666667,186,248.5,471.9528199,11,1.166666667,5.666666667,180.3333333,39,45.5,0,164,0,0,25.28615327,0,95075,0,0,0,35,SALT LAKE
1323,350418,0,0,0,124.1666667,35.16666667,6.5,82.5,129.2499443,35,0.166666667,0.333333333,6.166666667,19.66666667,15,0,47.83333333,0,0,5.083277681,0,95075,0,0,0,35,SALT LAKE
1324,350419,0,0,0,2797,281.6666667,1271.666667,1243.666667,2911.5068,238.6666667,43,23,1248.666667,109.8333333,47.16666667,0.166666667,1086.5,0,0,114.5068001,0,88403,0,0,0,35,SALT LAKE
1325,350420,0,0,0,2892,71.16666667,2236.833334,584,3017.183761,64.5,6.666666667,274.1666667,1962.666667,462.3333333,10.66666667,0,111,0,6.787741204,118.3960192,0,88403,0,0,0,35,SALT LAKE
1326,350421,0,0,0,3500.5,339.8333333,2586,574.6666667,3643.807492,339.8333333,0,1796.166667,789.8333333,171.6666667,1.333333333,149,252.6666667,0,0,143.3074915,0,88403,0,0,0,35,SALT LAKE
1327,350422,338,1543,4.565088757,3041.166667,101.3333333,2008.333333,931.5,3202.508573,56,45.33333333,1305,703.3333333,189.1666667,74.5,4,663.8333333,0,0,138.340208,23.00169883,34566,195,70,361,35,SALT LAKE
1328,350423,0,0,0,3514.333333,192,2412.333333,910,3658.20715,170.1666667,21.83333333,299.8333333,2112.5,361.1666667,80,3,465.8333333,0,0,143.8738164,0,34566,0,0,0,35,SALT LAKE
1329,350424,0,0,0,851.5,18.66666667,700,132.8333334,886.3596855,18,0.666666667,366.5,333.5,7.333333333,24.83333333,0,100.6666667,0,0,34.85968547,0,34566,0,0,0,35,SALT LAKE
1330,350425,0,0,0,5324.666667,387.6666667,2443.333334,2493.666667,5542.65399,200.6666667,187,1193.166667,1250.166667,410.3333333,528.1666667,179.1666667,1376,0,0,217.9873226,0,52841,0,0,0,35,SALT LAKE
1331,350426,815,2180,2.674846626,3006.833333,101.1666667,309.3333333,2596.333333,3220.3,56.16666667,45,114.5,194.8333333,586.5,154.6666667,344.1666667,1511,0,0,158.4626047,55.00406241,70780,643,0,224,35,SALT LAKE
1332,350427,47,185,3.936170213,1364.166667,41.33333333,671,651.8333334,1424.938851,38,3.333333333,313.5,357.5,79,214,0.166666667,358.6666667,0,0,57.77196259,3.000221586,95075,0,0,0,35,SALT LAKE
1333,350428,0,0,0,65.66666667,0.166666667,1.666666667,63.83333333,68.35500413,0.166666667,0,0.166666667,1.5,2.166666667,55.5,0,6.166666667,0,0,2.688337458,0,95075,567,135,0,35,SALT LAKE
1334,350429,272,1074,3.948529412,713.1666666,250.5,45.33333333,417.3333333,774.4998812,193.8333333,56.66666667,15,30.33333333,47.33333333,66.33333333,16.33333333,287.3333333,0,0,43.33188507,18.00132952,95075,0,0,0,35,SALT LAKE
1335,350430,0,0,0,2845.5,737.8333334,1311.166666,796.5,2961.992349,348.6666667,389.1666667,196.3333333,1114.833333,131.3333333,135.6666667,0.5,529,0,0,116.4923488,0,88403,0,0,0,35,SALT LAKE
1336,350431,0,0,0,2040.833333,2.333333334,56.16666667,1982.333333,2124.383313,1.666666667,0.666666667,54,2.166666667,1865.833333,17.83333333,39,59.66666667,0,0,83.54998015,0,88403,37,0,0,35,SALT LAKE
1337,350432,0,0,0,4349.166667,61.83333333,54.33333333,4233,4527.21785,17.5,44.33333333,14.33333333,40,917.5,95.66666667,4.666666667,3215.166667,0,0,178.0511827,0,88403,0,0,0,35,SALT LAKE
1338,350433,499,2035,4.078156313,64,0,0,64,121.0512523,0,0,0,0,0,64,0,0,0,0,23.04874095,34.00251131,140377,484,0,0,35,SALT LAKE
1339,350434,244,964,3.950819672,16.83333333,1.666666667,1.833333333,13.33333333,43.51280985,1.5,0.166666667,0.5,1.333333333,1.666666667,4.333333333,0,7.333333333,0,0,10.67829473,16.00118179,95075,0,0,0,35,SALT LAKE
1340,350435,358,1204,3.363128492,0,0,0,0,38.65798807,0,0,0,0,0,0,0,0,0,0,14.65621538,24.00177269,90580,0,0,0,35,SALT LAKE
1341,350436,196,654,3.336734694,709.1666667,219.1666666,50.5,439.5,759.22438,77.33333333,141.8333333,14.66666667,35.83333333,85,53.5,42.33333333,258.6666667,0,0,37.05675314,13.00096021,90580,0,0,0,35,SALT LAKE
1342,350437,944,3014,3.19279661,1429.166667,781.6666667,45.16666667,602.3333333,1591.326744,239.1666667,542.5,9.5,35.66666667,58.66666667,197.5,76.66666667,269.5,0,0,99.15542404,63.0046533,88403,1652,142,0,35,SALT LAKE
1343,350438,0,0,0,1984.166667,38.66666667,117.3333333,1828.166667,2084.396762,28,10.66666667,42.33333333,75,651.3333333,353,1.333333333,822.5,0,0,100.230095,0,88403,0,0,0,35,SALT LAKE
1344,350439,0,0,0,1496.5,6,172,1318.5,1623.765437,6,0,0,172,1107.666667,0.166666667,56,154.6666667,0,0,127.2654366,0,88403,0,0,0,35,SALT LAKE
1345,350440,264,841,3.185606061,0,0,0,0,28.80926489,0,0,0,0,0,0,0,0,0,0,10.80793537,18.00132952,89716,0,0,0,35,SALT LAKE
1346,350441,0,0,0,614.1666667,6.333333334,140.3333333,467.5000001,662.3101275,6.166666667,0.166666667,10,130.3333333,31.66666667,272.1666667,0,163.6666667,0,0,48.14346075,0,88403,670,585,305,35,SALT LAKE
1347,350442,620,2219,3.579032258,457.8333333,56,133.3333333,268.5,545.9688383,25.5,30.5,75.66666667,57.66666667,44.5,33.5,0,190.5,0,0,46.13240274,42.0031022,85294,27,0,0,35,SALT LAKE
1348,350443,590,1953,3.310169492,196.6666666,39,3.5,154.1666666,268.8750851,15.33333333,23.66666667,1.166666667,2.333333333,3.333333333,135.8333333,0,15,0,0,32.20546397,40.00295448,65682,542,0,0,35,SALT LAKE
1349,350444,345,1331,3.857971014,8,2,0,6,45.45321847,0,2,0,0,0,0,0,6,0,0,14.45151964,23.00169883,93199,0,0,0,35,SALT LAKE
1350,350445,488,2065,4.231557377,1205,218.5,112,874.5,1449.312417,105,113.5,36,76,163.3333333,176,34.16666667,501,0,0,211.3099794,33.00243744,64879,257,361,262,35,SALT LAKE
1351,350446,272,742,2.727941176,1663.333333,51.16666667,219,1393.166667,1760.565563,37,14.16666667,118,101,434.5,124.3333333,298,536.3333333,0,0,79.23089992,18.00132952,52841,0,0,0,35,SALT LAKE
1352,350447,191,520,2.722513089,724.8333333,79.16666667,63,582.6666667,775.327731,78.66666667,0.5,15,48,71.66666667,221.6666667,44,245.3333333,0,0,37.4934374,13.00096021,52841,468,0,0,35,SALT LAKE
1353,350448,228,507,2.223684211,226.6666667,16.83333333,30,179.8333333,260.2814411,7.666666667,9.166666667,5.333333333,24.66666667,40,20.66666667,13.16666667,106,0,0,18.61366646,15.00110793,41576,0,0,0,35,SALT LAKE
1354,350449,1004,3210,3.197211155,57.83333334,34.66666667,5.333333333,17.83333333,170.3089091,0.5,34.16666667,0.333333333,5,0.166666667,1.666666667,0,16,0,0,44.47055317,68.00502261,122722,0,0,0,35,SALT LAKE
1355,350450,598,2570,4.297658863,79,0,0,79,146.7187584,0,0,0,0,0,79,0,0,0,0,27.71580395,40.00295448,115825,723,0,0,35,SALT LAKE
1356,350451,1,6,6,1417.833333,841.5,45,531.3333333,1522.919163,532.1666667,309.3333333,12.66666667,32.33333333,54,206.1666667,0.333333333,270.8333333,0,0,105.0858294,0,117179,0,0,0,35,SALT LAKE
1357,350452,220,826,3.754545455,313.5,241,5.333333333,67.16666667,351.342144,60.5,180.5,1.833333333,3.5,4,11,23,29.16666667,0,0,22.84103605,15.00110793,96771,0,0,0,35,SALT LAKE
1358,350453,525,1978,3.767619048,519.8333333,104.5,54.33333333,361,597.6105061,42.83333333,61.66666667,21.83333333,32.5,43.66666667,87.16666667,22.66666667,207.5,0,0,42.77458763,35.00258517,124565,576,0,0,35,SALT LAKE
1359,350454,347,1122,3.233429395,0,0,0,0,37.20758357,0,0,0,0,0,0,0,0,0,0,14.20588474,23.00169883,95102,0,0,0,35,SALT LAKE
1360,350455,405,1591,3.928395062,219.8333333,34.66666667,80.66666667,104.5,274.4154726,24.16666667,10.5,1.5,79.16666667,42.33333333,19.16666667,4,39,0,0,27.580145,27.00199427,107969,0,0,0,35,SALT LAKE
1361,350456,293,946,3.228668942,44,0,0,44,77.79797049,0,0,0,0,0,44,0,0,0,0,13.79649325,20.00147724,95127,476,0,0,35,SALT LAKE
1362,350457,313,1619,5.172523962,0,0,0,0,33.81550477,0,0,0,0,0,0,0,0,0,0,12.81395367,21.0015511,104697,0,0,0,35,SALT LAKE
1363,350458,651,2449,3.761904762,1318.333333,139.8333333,63.16666667,1115.333333,1442.959414,121,18.83333333,25.5,37.66666667,127.5,198.1666667,480.1666667,309.5,0,0,80.62283099,44.00324993,64638,0,0,0,35,SALT LAKE
1364,350459,718.0000246,2607,3.630919096,632.5000217,173.3333393,49.00000168,410.1666807,735.7918914,97.33333666,76.0000026,11.66666707,37.33333461,75.50000259,62.83333548,9.333333653,262.500009,0,0,55.28832277,48.00354701,47240,0,0,0,35,SALT LAKE
1365,350460,161.0000092,585,3.633540164,233.16668,92.00000527,0.333333352,140.8333414,260.304342,32.66666854,59.33333673,0,0.333333352,0.166666677,0,45.00000258,95.66667215,0,0,16.13684887,11.00081311,47240,0,0,0,35,SALT LAKE
1366,350461,675,2360,3.496296296,785.5,203,48.66666667,533.8333333,890.294951,44.66666667,158.3333333,32.16666667,16.5,46,269,23.33333333,195.5,0,0,59.79162728,45.00332379,53477,511,725,0,35,SALT LAKE
1367,350462,536,1572,2.932835821,417.5,113.8333333,26.83333334,276.8333333,492.5381377,83.33333333,30.5,6.166666667,20.66666667,51.33333333,41.16666667,0.5,183.8333333,0,0,39.03547868,36.00265903,73413,0,0,0,35,SALT LAKE
1368,350463,350,1213,3.465714286,74.33333334,24.16666667,3.5,46.66666667,115.7069516,23,1.166666667,0.5,3,3,4,4,35.66666667,0,0,17.37184561,24.00177269,76992,0,0,0,35,SALT LAKE
1369,350464,0,0,0,2037,638,46,1353,2120.393047,7,631,0,46,173,0,1,1179,0,0,83.39304674,0,82978,0,0,0,35,SALT LAKE
1370,350465,393,1420,3.613231552,927.3333333,391,68,468.3333333,1018.388577,145.1666667,245.8333333,11.66666667,56.33333333,80.5,59.66666667,0.166666667,328,0,0,65.05332321,26.00192041,82978,0,0,0,35,SALT LAKE
1371,350466,554,1236,2.231046931,834.6666666,185.6666667,98.66666667,550.3333333,928.5202313,94.83333333,90.83333333,35,63.66666667,99.16666667,98.5,1.333333333,351.3333333,0,0,56.85083173,37.00273289,41576,0,0,0,35,SALT LAKE
1372,350467,792,2650,3.345959596,292.8333334,35.5,33.83333333,223.5,394.2494016,26,9.5,22.33333333,11.5,21.33333333,78.5,1,122.6666667,0,0,48.4121536,53.00391468,94904,411,0,0,35,SALT LAKE
1373,350468,982,3095,3.151731161,182.6666667,12.83333333,4,165.8333333,296.3520039,10.33333333,2.5,1.5,2.5,5.166666667,80.83333333,56,23.83333333,0,0,47.68046233,66.00487489,106583,0,668,0,35,SALT LAKE
1374,350469,138,502,3.637681159,51,0,0,51,67.73816394,0,0,0,0,0,51,0,0,0,0,7.737499182,9.000664758,107891,435,0,0,35,SALT LAKE
1375,350470,226,828,3.663716814,509.8333333,337.6666666,14.66666666,157.5,554.9588318,325.8333333,11.83333333,2.333333333,12.33333333,17.5,57.83333333,13,69.16666667,0,0,30.12439056,15.00110793,107891,426,0,0,35,SALT LAKE
1376,350471,801,2982,3.722846442,315.1666667,60.5,16.66666666,238,416.8655688,32.5,28,0.333333333,16.33333333,0.5,57.33333333,0,180.1666667,0,0,47.6949136,54.00398855,82865,0,0,0,35,SALT LAKE
1377,350472,968,3353,3.463842975,188.3333333,38.66666667,26.5,123.1666667,306.6706139,28.66666667,10,16.5,10,14,19.83333333,0,89.33333333,0,0,53.33247957,65.00480103,82648,0,0,0,35,SALT LAKE
1378,350473,481,1805,3.752598753,497.0000001,121.3333333,35.16666667,340.5,569.0408515,82.66666667,38.66666667,14.66666667,20.5,37.16666667,137.5,12.16666667,153.6666667,0,0,40.03848783,32.00236358,79529,354,0,0,35,SALT LAKE
1379,350474,437,1242,2.842105263,1216,390.1666667,67.83333333,758,1312.674555,356,34.16666667,25.83333333,42,235.3333333,194.5,51.5,276.6666667,0,0,67.67241348,29.002142,78703,409,0,0,35,SALT LAKE
1380,350475,222.0000024,847,3.815315274,452.1666715,182.0000019,32.33333369,237.8333359,494.7675896,150.8333349,31.16666701,12.66666681,19.66666688,29.66666699,65.50000071,0.166666669,142.5000015,0,0,27.59980999,15.00110809,98214,0,0,0,35,SALT LAKE
1381,350476,83.00000167,317,3.819277032,232.333338,1.6666667,2.16666671,228.5000046,251.2432599,1.50000003,0.16666667,1.00000002,1.16666669,2.50000005,205.1666708,2.00000004,18.83333371,0,0,12.90947861,6.000443292,98214,0,0,3267,35,SALT LAKE
1382,350477,681,2327,3.417033774,964.6666667,332,67.66666667,565,1097.042257,195.3333333,136.6666667,21.66666667,46,66,134,2.333333333,362.6666667,0,0,86.37219306,46.00339765,67826,0,0,0,35,SALT LAKE
1383,350478,647,1594,2.463678516,2716.833333,206,143,2367.833333,2898.549058,74.33333333,131.6666667,42.66666667,100.3333333,294.1666667,999,244.6666667,830,0,0,137.7124744,44.00324993,66652,0,0,0,35,SALT LAKE
1384,350479,20,45,2.25,1964,1271,57.5,635.5,2046.223346,671.8333333,599.1666667,22,35.5,147.3333333,168.6666667,0,319.5,0,0,81.22327184,1.000073862,101667,0,0,0,35,SALT LAKE
1385,350480,490,1116,2.27755102,181.8333334,28.33333334,17,136.5,242.3400558,13.66666667,14.66666667,8.5,8.5,16.16666667,36.66666667,0,83.66666667,0,0,27.50428501,33.00243744,60525,0,0,0,35,SALT LAKE
1386,350481,443,1102,2.48758465,1367,226.3333333,105.1666667,1035.5,1484.102076,147,79.33333333,45.5,59.66666667,176.5,216,74.16666667,568.8333333,0,0,87.09985989,30.00221586,66450,673,0,0,35,SALT LAKE
1387,350482,679,3025,4.455081001,1357.5,376,144.6666667,836.8333334,1486.875975,266.8333333,109.1666667,62.83333333,81.83333333,137.5,153.6666667,3,542.6666667,0,0,83.37257717,46.00339765,92983,0,0,0,35,SALT LAKE
1388,350483,879,2568,2.921501706,0,0,0,0,94.98986993,0,0,0,0,0,0,0,0,0,0,35.98551207,59.00435786,45652,0,0,0,35,SALT LAKE
1389,350484,1185,3868,3.264135021,19.16666667,0,3,16.16666667,150.1670696,0,0,0,3,3.333333333,0.5,6,6.333333333,0,1.696935301,49.29755872,80.00590896,94016,0,0,0,35,SALT LAKE
1390,350485,485,1686,3.47628866,133.5,22.83333333,17,93.66666667,193.8233012,6.833333333,16,3.333333333,13.66666667,14.16666667,24.5,0,55,0,0,27.32086373,33.00243744,97762,0,0,0,35,SALT LAKE
1391,350486,515,1881,3.652427184,147.1666667,50.16666667,5.166666667,91.83333334,209.2777917,48.5,1.666666667,1,4.166666667,17.33333333,22.16666667,20.16666667,32.16666667,0,0,27.1085399,35.00258517,123780,0,0,0,35,SALT LAKE
1392,350487,238,839,3.525210084,87.16666667,6.5,7,73.66666667,116.4798951,5.166666667,1.333333333,2.166666667,4.833333333,19.5,8.666666667,23.16666667,22.33333333,0,0,13.31204665,16.00118179,106886,0,0,0,35,SALT LAKE
1393,350488,261,924,3.540229885,45.83333333,2.333333333,4.833333333,38.66666667,76.39615844,1.5,0.833333333,1,3.833333333,6.833333333,2.666666667,1.166666667,28,0,0,12.56149559,18.00132952,106964,0,0,0,35,SALT LAKE
1394,350489,434,1155,2.661290323,72,0,0,72,121.7173515,0,0,0,0,0,72,0,0,0,0,20.71520945,29.002142,83611,399,0,0,35,SALT LAKE
1395,350490,418,1501,3.590909091,104.8333333,2.666666667,2.5,99.66666666,154.2397532,2.166666667,0.5,0.666666667,1.833333333,10.83333333,54.5,19,15.33333333,0,0,21.40435179,28.00206813,96875,466,0,0,35,SALT LAKE
1396,350491,319,984,3.084639498,0,0,0,0,34.06113967,0,0,0,0,0,0,0,0,0,0,13.05958857,21.0015511,74960,0,0,0,35,SALT LAKE
1397,350492,366,814,2.224043716,0,0,0,0,41.98557513,0,0,0,0,0,0,0,0,0,0,16.98372858,25.00184655,101667,0,0,0,35,SALT LAKE
1398,350493,122,557,4.56557377,4.333333334,0.5,0.166666667,3.666666667,17.5059034,0.5,0,0,0.166666667,0.333333333,1.666666667,0,1.666666667,0,0,5.171979171,8.000590896,136424,0,0,0,35,SALT LAKE
1399,350494,2588,9423,3.641035549,291.5,153.6666666,8,129.8333333,587.3971319,37.33333333,116.3333333,2,6,14.83333333,9.833333333,10.16666667,95,0,0,121.8842799,174.012852,59051,0,0,0,35,SALT LAKE
1400,350495,752,1671,2.222074468,681.6666666,210.8333333,64.33333333,406.5,791.363527,192.3333333,18.5,11.33333333,53,63.5,41.33333333,0.166666667,301.5,0,0,58.69309344,51.00376696,90504,0,0,0,35,SALT LAKE
1401,350496,0,0,0,281,12.83333333,27.66666666,240.5,292.5039009,12.5,0.333333333,0.333333333,27.33333333,41.16666667,50.33333333,0,149,0,0,11.5039009,0,142650,0,0,0,35,SALT LAKE
1402,350497,1,3,3,11,0,0,11,11.49126979,0,0,0,0,11,0,0,0,0,0,0.491269789,0,142650,0,0,0,35,SALT LAKE
1403,350498,0,0,0,395.3333333,9.666666667,28.5,357.1666667,456.5179436,8.5,1.166666667,1.833333333,26.66666667,34.16666667,185,0,138,0,0,61.18461028,0,115938,0,0,0,35,SALT LAKE
1404,350499,208,813,3.908653846,78.66666667,2,0,76.66666667,111.4035901,2,0,0,0,5.166666667,19.16666667,31,21.33333333,0,0,18.73588941,14.00103407,112227,0,0,0,35,SALT LAKE
1405,350500,527.9999972,1755,3.323863654,55.9999997,5.999999968,0,49.99999973,115.9111215,5.999999968,0,0,0,0,49.99999973,0,0,0,0,23.90846295,36.00265884,122823,437,0,0,35,SALT LAKE
1406,350501,251.0000002,833,3.318725097,389.5000003,0.666666668,2.500000002,386.3333337,432.722781,0.666666668,0,0.166666667,2.333333335,2.500000002,369.0000003,1.000000001,13.83333334,0,0,26.22152503,17.00125566,138214,0,0,2490,35,SALT LAKE
1407,350502,380.0000002,1969,5.181578945,317.1666668,46.66666669,73.33333336,197.1666668,371.7099974,28.50000001,18.16666668,5.500000002,67.83333336,27.00000001,37.66666669,29.00000001,103.5,0,0,28.54141013,26.00192042,119625,0,0,0,35,SALT LAKE
1408,350503,488,1620,3.319672131,15.5,14.5,0,1,69.11529902,14.33333333,0.166666667,0,0,0.166666667,0.333333333,0,0.5,0,0,20.61286158,33.00243744,84485,0,0,0,35,SALT LAKE
1409,350504,533,1825,3.424015009,10,0,0,10,68.232617,0,0,0,0,1,0,1,8,0,0,22.22995797,36.00265903,111563,0,0,0,35,SALT LAKE
1410,350505,363,1377,3.79338843,104.3333333,70.16666667,0.166666667,34,147.4673351,14.16666667,56,0,0.166666667,3.333333333,0.5,0,30.16666667,0,0,19.13222902,24.00177269,100039,0,0,0,35,SALT LAKE
1411,350506,349,1185,3.395415473,0,0,0,0,37.28946187,0,0,0,0,0,0,0,0,0,0,14.28776304,23.00169883,99361,0,0,0,35,SALT LAKE
1412,350507,241,817,3.390041494,500.3333333,9.833333334,33.66666667,456.8333333,546.6772478,7.666666667,2.166666667,10.16666667,23.5,110.5,124.1666667,79.83333333,142.3333333,0,0,30.34273268,16.00118179,99359,20,0,0,35,SALT LAKE
1413,350508,534,1961,3.672284644,108,13.66666667,1.833333333,92.5,170.2855928,13.66666667,0,0.333333333,1.5,7.5,71.66666667,0,13.33333333,0,0,26.28293373,36.00265903,113448,304,0,0,35,SALT LAKE
1414,350509,539,1635,3.033395176,130,0,0,130,193.3909498,0,0,0,0,0,130,0,0,0,0,27.38829076,36.00265903,97440,0,548,0,35,SALT LAKE
1415,350510,627.999999,2307,3.673566885,0,0,0,0,70.71288773,0,0,0,0,0,0,0,0,0,0,28.70978559,42.00310213,115938,0,0,0,35,SALT LAKE
1416,350511,886,3525,3.978555305,148.8333333,17.5,11.16666667,120.1666667,251.2029612,16.66666667,0.833333333,3.833333333,7.333333333,7.5,77.66666667,1,34,0,0,42.36519614,60.00443172,115754,0,0,0,35,SALT LAKE
1417,350512,367,1507,4.10626703,219.5,3.833333333,6.666666666,209,268.5126575,3.333333333,0.5,0.333333333,6.333333333,12.5,141,6,49.5,0,0,24.01081095,25.00184655,107181,429,0,0,35,SALT LAKE
1418,350513,484,2049,4.233471074,250,16.5,12,221.5,313.0517729,14.5,2,6.5,5.5,7.5,167.6666667,0.166666667,46.16666667,0,0,30.04933545,33.00243744,63451,323,774,0,35,SALT LAKE
1419,350514,589,1846,3.134125637,504.5,302.8333333,22.83333334,178.8333333,589.269914,294,8.833333333,6.666666667,16.16666667,23.66666667,33.5,0.166666667,121.5,0,0,44.76695955,40.00295448,83250,0,0,0,35,SALT LAKE
1420,350515,436,1425,3.268348624,876.3333334,441,52.16666666,383.1666667,960.0612854,367.6666667,73.33333333,14.33333333,37.83333333,59.33333333,68.33333333,11.33333333,244.1666667,0,0,54.72581002,29.002142,54866,0,0,0,35,SALT LAKE
1421,350516,112,367,3.276785714,217.3333333,22,12.66666667,182.6666667,238.8165507,17.16666667,4.833333333,2.833333333,9.833333333,13.83333333,12.16666667,99,57.66666667,0,0,13.48262644,8.000590896,54866,0,0,0,35,SALT LAKE
1422,350517,504,1702,3.376984127,24,0,1,23,79.61838204,0,0,1,0,0,0,0,23,0,0,21.61587073,34.00251131,114069,0,0,0,35,SALT LAKE
1423,350518,637,1726,2.709576138,473.5,57,14.5,402,561.9661012,11.33333333,45.66666667,5,9.5,79.16666667,73.5,61.83333333,187.5,0,0,45.46292509,43.00317606,73036,272,0,0,35,SALT LAKE
1424,350519,0,0,0,501,0,501,0,521.5105137,0,0,501,0,0,0,0,0,0,0,20.51051371,0,118693,0,0,0,35,SALT LAKE
1425,350520,0,0,0,1038.166667,1,1014.5,22.66666667,1080.668327,1,0,1012,2.5,4.166666667,2.833333333,0,15.66666667,0,0,42.50165997,0,115938,0,0,0,35,SALT LAKE
1426,350521,307,1127,3.671009772,694.8333334,22,30.16666666,642.6666667,756.8490887,21.83333333,0.166666667,4.333333333,25.83333333,32.16666667,228.1666667,0.166666667,382.1666667,0,0,41.01420422,21.0015511,115938,380,0,0,35,SALT LAKE
1427,350522,0,0,0,1073,2.666666667,976.5,93.83333334,1116.927707,2.166666667,0.5,733.5,243,28.66666667,25.5,2,37.66666667,0,0,43.927707,0,115938,0,0,0,35,SALT LAKE
1428,350523,0,0,0,39.16668916,2.000001149,4.666669346,32.50001867,40.77014009,1.166667337,0.833333812,0.833333812,3.833335535,5.000002872,4.500002584,0,23.00001321,0,0,1.603450928,0,115938,0,0,0,35,SALT LAKE
1429,350524,0,0,0,10,0.5,1.166666667,8.333333334,12.43206356,0.5,0,0,1.166666667,1,3.166666667,0,4.166666667,2.022672065,0,0.409391491,0,142650,0,0,0,35,SALT LAKE
1430,350525,2,9,4.5,0,0,0,0,0.081878298,0,0,0,0,0,0,0,0,0,0,0.081878298,0,142650,0,0,0,35,SALT LAKE
1431,350526,2,4,2,1,0,0,1,1.122817447,0,0,0,0,0,0.166666667,0,0.833333333,0,0,0.122817447,0,118693,0,0,0,35,SALT LAKE
1432,350527,0,0,0,39,0.666666667,19.16666666,19.16666667,210.2901569,0.666666667,0,17.33333333,1.833333333,2.5,5.166666667,0,11.5,0,169.6935301,1.596626815,0,118693,0,0,0,35,SALT LAKE
1433,350528,781,2771,3.548015365,284.3333333,0.833333333,264.6666667,18.83333333,380.9510882,0.833333333,0,263,1.666666667,4.333333333,5.5,1,8,0,0,43.61384019,53.00391468,118693,0,0,0,35,SALT LAKE
1434,350529,544,1944,3.573529412,3,0,0,3,152.4191196,0,0,0,0,2,0,0,1,2.022672065,0,110.3937146,37.00273289,142650,0,0,0,35,SALT LAKE
1435,350530,96,385,4.010416667,0,0,0,0,47.93060148,0,0,0,0,0,0,0,0,0,0,41.93015831,6.000443172,110972,0,0,0,35,SALT LAKE
1436,350531,622,2497,4.014469453,104.3333333,0,12.5,91.83333334,176.0719042,0,0,0,12.5,2.666666667,82.16666667,2,5,0,0,29.73546864,42.0031022,147941,483,0,0,35,SALT LAKE
1437,350532,122,428,3.508196721,909,592,38.16666667,278.8333333,960.2201896,465.6666667,126.3333333,13.66666667,24.5,35.33333333,58.83333333,7.333333333,177.3333333,1.011336032,0,42.20826274,8.000590896,111279,0,0,0,35,SALT LAKE
1438,350533,687,2886,4.200873362,0,0,0,0,74.12859309,0,0,0,0,0,0,0,0,0,0,28.12519544,46.00339765,104930,0,0,0,35,SALT LAKE
1439,350534,0,0,0,1848,2.333333334,1147.5,698.1666666,1923.655547,2.166666667,0.166666667,783.1666667,364.3333333,226.8333333,104.5,0,366.8333333,0,0,75.65554756,0,53125,0,0,0,35,SALT LAKE
1440,350535,0,0,0,1195.166667,143.8333334,652.5,398.8333333,1244.095773,143.1666667,0.666666667,339.5,313,60.16666667,80.5,0.166666667,258,0,0,48.92910638,0,53125,0,0,0,35,SALT LAKE
1441,350536,0,0,0,338.8333334,13.33333333,139,186.5,352.7048817,12.5,0.833333333,65.16666667,73.83333333,22.83333333,30,0,133.6666667,0,0,13.87154836,0,53125,0,0,0,35,SALT LAKE
1442,350537,0,0,0,397.6666666,91.83333333,133.8333333,172,413.9468016,51.83333333,40,3,130.8333333,17,17.66666667,0.333333333,137,0,0,16.28013496,0,53125,0,0,0,35,SALT LAKE
1443,350538,0,0,0,557.1666667,160,183.8333334,213.3333334,579.976596,138.3333333,21.66666667,0.666666667,183.1666667,39,3,0.166666667,171.1666667,0,0,22.80992925,0,53125,0,0,0,35,SALT LAKE
1444,350539,98,212,2.163265306,562,70.83333334,80.33333333,410.8333333,596.0203554,32.66666667,38.16666667,33.83333333,46.5,103,81.5,0,226.3333333,0,0,27.01983841,7.000517034,53125,0,0,0,35,SALT LAKE
1445,350540,390,846,2.169230769,1342.5,239.3333333,198.5,904.6666667,1439.428996,156.8333333,82.5,78.66666667,119.8333333,198.5,206.5,2.666666667,497,0,0,70.92707584,26.00192041,53125,0,0,0,35,SALT LAKE
1446,350541,230,460,2,411,121.3333333,16,273.6666667,452.2431025,36.33333333,85,10.16666667,5.833333333,74.33333333,40,102.1666667,57.16666667,0,0,26.24199458,15.00110793,76700,0,0,0,35,SALT LAKE
1447,350542,62,120,1.935483871,201.1666667,6,58.83333333,136.3333333,215.9407815,5.166666667,0.833333333,3,55.83333333,23.5,28.66666667,15,69.16666667,0,0,10.77381941,4.000295448,84425,68,23,0,35,SALT LAKE
1448,350543,0,0,0,598.1666667,43,397.6666667,157.5,622.6551011,28,15,281,116.6666667,105.6666667,0.333333333,0,51.5,0,0,24.48843436,0,53125,0,0,0,35,SALT LAKE
1449,350544,0,0,0,1296.833333,14,74.16666667,1208.666667,1349.924587,11.33333333,2.666666667,24,50.16666667,459,65.66666667,0.166666667,683.8333333,0,0,53.09125321,0,53125,0,0,0,35,SALT LAKE
1450,350545,0,0,0,496.0000001,25.5,381.3333334,89.16666667,516.305818,22,3.5,183.6666667,197.6666667,20,9.666666667,0,59.5,0,0,20.30581796,0,53125,0,0,0,35,SALT LAKE
1451,350546,0,0,0,1412.166667,473.1666667,252.5,686.5,1469.979568,442.6666667,30.5,150,102.5,101.5,140,0.333333333,444.6666667,0,0,57.81290174,0,53125,0,0,0,35,SALT LAKE
1452,350547,23,49,2.130434783,659.1666666,54.16666666,219,386,689.0941372,52.83333333,1.333333333,82,137,34.83333333,53.83333333,0,297.3333333,0,0,27.92732289,2.000147724,53125,0,0,0,35,SALT LAKE
1453,350548,1,1,1,579.6666666,35.16666666,283.5,261,603.4386659,34.83333333,0.333333333,42.66666667,240.8333333,17,7.833333333,62.16666667,174,0,0,23.77199925,0,53125,0,0,0,35,SALT LAKE
1454,350549,176,380,2.159090909,470,28,68.16666666,373.8333333,508.4475767,19.5,8.5,33.33333333,34.83333333,84.66666667,117.3333333,7.166666667,164.6666667,0,0,26.44669033,12.00088634,53125,0,0,0,35,SALT LAKE
1455,350550,179,388,2.167597765,1222.666667,245.5,154.5,822.6666667,1295.050594,221,24.5,68.66666667,85.83333333,210.1666667,141,0.5,471,0,0,60.38304067,12.00088634,53125,0,0,0,35,SALT LAKE
1456,350551,0,0,0,410.5,28.33333333,50.16666667,332,427.3055207,26.5,1.833333333,7,43.16666667,6.833333333,280.5,1,43.66666667,0,0,16.80552071,0,53125,372,0,95,35,SALT LAKE
1457,350552,294,873,2.969387755,1270.166667,135.3333333,113.6666667,1021.166667,1354.203796,80,55.33333333,40.66666667,73,223,225.1666667,69.33333333,503.6666667,0,0,64.0356524,20.00147724,67500,0,0,0,35,SALT LAKE
1458,350553,538,1078,2.003717472,321,153,20.16666667,147.8333333,392.1693881,144.3333333,8.666666667,7.166666667,13,26.33333333,28.5,0,93,0,0,35.16672909,36.00265903,76908,0,0,0,35,SALT LAKE
1459,350554,418,1286,3.076555024,221.8333333,4.166666667,20.33333334,197.3333333,276.0296337,3.5,0.666666667,10.66666667,9.666666667,14.66666667,68.5,61,53.16666667,0,0,26.19423224,28.00206813,148045,0,0,0,35,SALT LAKE
1460,350555,403,779,1.933002481,0,0,0,0,43.50047136,0,0,0,0,0,0,0,0,0,0,16.49847709,27.00199427,84409,0,0,0,35,SALT LAKE
1461,350556,0,0,0,480.1666667,44.83333334,189,246.3333333,499.8242814,40.16666667,4.666666667,39.83333333,149.1666667,121.8333333,28,0,96.5,0,0,19.65761477,0,53125,0,0,0,35,SALT LAKE
1462,350557,0,0,0,970,89.5,277.6666667,602.8333333,1009.710975,70.5,19,87,190.6666667,93.33333333,81,14,414.5,0,0,39.71097464,0,53125,0,0,0,35,SALT LAKE
1463,350558,0,0,0,484,71,143.3333333,269.6666667,503.8145482,66.66666667,4.333333333,69.16666667,74.16666667,68.16666667,43,0,158.5,0,0,19.81454817,0,53125,0,0,0,35,SALT LAKE
1464,350559,203,440,2.167487685,528.3333334,39,306.8333333,182.5,572.2745318,39,0,48.33333333,258.5,48.5,20.33333333,2,111.6666667,0,0,29.94016438,14.00103407,53125,0,0,0,35,SALT LAKE
1465,350560,115,248,2.156521739,950,93.66666666,130.1666667,726.1666666,1001.600785,83.33333333,10.33333333,81.66666667,48.5,289.3333333,130.6666667,11.83333333,294.3333333,0,0,43.6001938,8.000590896,53125,0,0,0,35,SALT LAKE
1466,350561,86,186,2.162790698,1152.5,156.5,70.5,925.5000001,1209.203579,127.8333333,28.66666667,41.33333333,29.16666667,125.6666667,216.6666667,67.5,515.6666667,0,0,50.70313618,6.000443172,53125,0,0,0,35,SALT LAKE
1467,350562,575,1305,2.269565217,582,134.5,81.16666667,366.3333333,668.3694761,107,27.5,55.66666667,25.5,46.16666667,80,49.33333333,190.8333333,0,0,47.36659552,39.00288062,53209,0,0,0,35,SALT LAKE
1468,350563,514,1559,3.03307393,10,0,0,10,66.28118671,0,0,0,0,4,0,1,5,0,0,21.44529094,34.83589577,49010,0,0,0,35,SALT LAKE
1469,350564,262,570,2.175572519,1552.5,19.66666666,704.6666666,828.1666667,1644.785416,19.33333333,0.333333333,145.3333333,559.3333333,44,59.66666667,204,520.5,0,0,74.28408606,18.00132952,53125,0,0,0,35,SALT LAKE
1470,350565,0,0,0,391.8333333,5,97,289.8333333,407.8746566,3.333333333,1.666666667,49,48,22.5,143.3333333,0,124,0,0,16.04132326,0,53125,0,0,0,35,SALT LAKE
1471,350566,5,11,2.2,897.6666666,180.5,105.5,611.6666666,934.6210719,179.8333333,0.666666667,44.83333333,60.66666667,28.83333333,506.3333333,0.166666667,76.33333333,0,0,36.95440527,0,87330,0,0,0,35,SALT LAKE
1472,350567,71,144,2.028169014,670.8333333,40.16666666,201.5,429.1666667,706.2037281,25.83333333,14.33333333,52,149.5,122.3333333,39,0.166666667,267.6666667,0,0,30.37002545,5.00036931,87330,0,0,0,35,SALT LAKE
1473,350568,73,148,2.02739726,495.8333333,43.33333333,108.8333333,343.6666666,524.1212553,39.5,3.833333333,11.66666667,97.16666667,71.5,50.83333333,0,221.3333333,0,0,23.28755265,5.00036931,87330,0,0,0,35,SALT LAKE
1474,350569,146,330,2.260273973,1379.333333,201.3333333,262.8333333,915.1666666,1451.779921,140.8333333,60.5,36.33333333,226.5,323.3333333,88.83333333,41.66666667,461.3333333,0,0,62.44584878,10.00073862,44024,0,0,0,35,SALT LAKE
1475,350570,31,70,2.258064516,1018.166667,166,147.6666667,704.4999999,1063.118805,82.5,83.5,29.16666667,118.5,127.8333333,119.3333333,55.5,401.8333333,0,0,42.95199061,2.000147724,44024,0,0,0,35,SALT LAKE
1476,350571,435,1417,3.257471264,856.3333333,285.3333333,57.83333333,513.1666666,938.2015632,158.8333333,126.5,19,38.83333333,70.16666667,183.5,0.166666667,259.3333333,0,0,52.86608789,29.002142,53646,0,800,0,35,SALT LAKE
1477,350572,380,876,2.305263158,375.6666667,49.33333333,34.33333334,292,433.6049375,38.5,10.83333333,19.16666667,15.16666667,41.33333333,47.5,1,202.1666667,0,0,31.93635035,26.00192041,69955,0,0,0,35,SALT LAKE
1478,350573,500,1247,2.494,272.3333333,51.83333334,21,199.5,337.9545141,45.16666667,6.666666667,6.166666667,14.83333333,32.66666667,26.33333333,2.166666667,138.3333333,0,0,31.6186695,34.00251131,79750,0,0,0,35,SALT LAKE
1479,350574,40,110,2.75,4963,157.5,432.8333334,4372.666666,5231.818784,128,29.5,54.66666667,378.1666667,344.1666667,2950.833333,120.6666667,957,0,0,265.818563,3.000221586,56721,0,0,0,35,SALT LAKE
1480,350575,0,0,0,1700.333333,37,1261.166667,402.1666666,1769.943533,35.66666667,1.333333333,906.3333333,354.8333333,23.5,5.833333333,0,372.8333333,0,0,69.61019987,0,57000,0,0,0,35,SALT LAKE
1481,350576,14,27,1.928571429,1044.166667,147.1666667,483.8333334,413.1666667,1088.487184,133.6666667,13.5,315.6666667,168.1666667,79.66666667,120.5,0,213,0,0,43.32044295,1.000073862,87330,0,0,0,35,SALT LAKE
1482,350577,80,162,2.025,507.6666667,144.5,62.33333333,300.8333333,536.7256093,144.1666667,0.333333333,11.33333333,51,89.66666667,19.16666667,2,190,0,0,24.0585733,5.00036931,87330,0,0,0,35,SALT LAKE
1483,350578,69,155,2.246376812,925.3333334,186.6666667,115.3333333,623.3333333,971.0408633,79.5,107.1666667,44.83333333,70.5,110.5,70.33333333,194.1666667,248.3333333,0,0,40.7071606,5.00036931,44024,0,0,0,35,SALT LAKE
1484,350579,1,1,1,1520.166667,474.6666666,113,932.5000001,1582.441936,261.8333333,212.8333333,46.83333333,66.16666667,101.6666667,90.33333333,18.33333333,722.1666667,0,0,62.27526899,0,44024,0,0,0,35,SALT LAKE
1485,350580,742,1849,2.491913747,651,182.6666666,44.83333333,423.5,758.0319278,79.33333333,103.3333333,16.5,28.33333333,50.5,67.16666667,3.333333333,302.5,0,0,57.02823471,50.0036931,44092,0,0,0,35,SALT LAKE
1486,350581,750,1757,2.342666667,149,30,85,34,235.8079882,13,17,0,85,13,0,5,16,0,0,36.80429505,50.0036931,76628,0,0,0,35,SALT LAKE
1487,350582,362,828,2.287292818,121.1666667,3.166666667,7.166666667,110.8333333,164.9488716,2.166666667,1,3.666666667,3.5,16.66666667,14.83333333,32,47.33333333,0,0,19.78043221,24.00177269,128942,0,0,0,35,SALT LAKE
1488,350583,1085,2962,2.729953917,51,0,0,51,170.5122653,0,0,0,0,0,51,0,0,0,0,46.50687339,73.00539192,56738,0,0,0,35,SALT LAKE
1489,350584,319,809,2.536050157,344.3333334,37.33333333,130.6666667,176.3333334,392.4911867,37.33333333,0,46.83333333,83.83333333,60.16666667,6.5,0,109.6666667,0,0,27.15630224,21.0015511,56997,0,0,0,35,SALT LAKE
1490,350585,0,0,0,22,0,22,0,22.90066128,0,0,22,0,0,0,0,0,0,0,0.90066128,0,87330,0,0,0,35,SALT LAKE
1491,350586,5,11,2.2,1112.833333,136.5,405,571.3333334,1158.596479,85.83333333,50.66666667,153.6666667,251.3333333,126.5,138.1666667,0,306.6666667,0,0,45.76314552,0,87330,0,0,0,35,SALT LAKE
1492,350587,487.0000004,986,2.024640656,250.3333335,19.33333335,47.83333338,183.1666668,313.5215703,18.66666668,0.666666668,12.66666668,35.1666667,29.33333335,49.33333337,7.166666673,97.3333334,0,0,30.1857993,33.00243747,87330,0,0,0,35,SALT LAKE
1493,350588,295,663,2.247457627,1322,45.5,670.1666667,606.3333333,1408.200081,22.66666667,22.83333333,498.6666667,171.5,302.3333333,60.66666667,6.166666667,237.1666667,0,0,66.19860412,20.00147724,45628,0,0,0,35,SALT LAKE
1494,350589,1,1,1,1441,257.3333333,128.5,1055.166667,1500.034253,158,99.33333333,45.16666667,83.33333333,129.3333333,120.3333333,217,588.5,0,0,59.03425302,0,44024,0,0,0,35,SALT LAKE
1495,350590,434,851,1.960829493,1118.333333,291.8333334,133,693.5,1210.886681,246.6666667,45.16666667,57.66666667,75.33333333,115.6666667,133.8333333,46.5,397.5,0,0,63.55120581,29.002142,57407,0,0,0,35,SALT LAKE
1496,350591,360,844,2.344444444,473.5,9.666666666,25.5,438.3333333,531.6245535,5.833333333,3.833333333,15.33333333,10.16666667,81.83333333,208.5,67,81,0,0,34.12278079,24.00177269,76735,1027,89,169,35,SALT LAKE
1497,350592,260,595,2.288461538,680.6666667,19.5,10.66666667,650.5,736.1780153,6.333333333,13.16666667,1.333333333,9.333333333,224.6666667,74.5,318,33.33333333,0,0,38.51009293,17.00125565,128942,18,80,448,35,SALT LAKE
1498,350593,216,488,2.259259259,10,10,0,0,34.25335563,10,0,0,0,0,0,0,0,0,0,9.252247699,15.00110793,75584,0,0,0,35,SALT LAKE
1499,350594,385,1138,2.955844156,144.5,10.83333333,3.833333333,129.8333333,192.1791999,2,8.833333333,0.5,3.333333333,30.83333333,72.5,0,26.5,0,0,21.67727946,26.00192041,112430,115,0,0,35,SALT LAKE
1500,350595,309,948,3.067961165,0,0,0,0,33.65174818,0,0,0,0,0,0,0,0,0,0,12.65019708,21.0015511,112500,0,0,0,35,SALT LAKE
1501,350596,452,1146,2.53539823,303.6666666,2.5,3.5,297.6666666,364.6052328,2,0.5,1.333333333,2.166666667,22.16666667,147.3333333,3.166666667,125,0,0,30.93635035,30.00221586,133913,300,0,0,35,SALT LAKE
1502,350597,474,1431,3.018987342,432.5,146.5,18.33333333,267.6666667,505.6137023,56.66666667,89.83333333,7.333333333,11,35.66666667,77.83333333,15.16666667,139,0,0,41.11133867,32.00236358,150054,524,0,0,35,SALT LAKE
1503,350598,409,1110,2.71393643,1895.666667,751.1666667,110.5,1034,2018.019827,583.5,167.6666667,33.66666667,76.83333333,169,109.5,23.83333333,731.6666667,0,0,94.35109232,28.00206813,123304,0,0,0,35,SALT LAKE
1504,350599,645,1422,2.204651163,56,0,0,56,127.7015196,0,0,0,0,0,53,3,0,0,0,28.69834353,43.00317606,139687,271,0,0,35,SALT LAKE
1505,350600,311,701,2.254019293,238.5,58.66666666,15.33333333,164.5,281.9976135,37.83333333,20.83333333,6.333333333,9,30.5,75,0.166666667,58.83333333,0,0,22.49606244,21.0015511,76901,674,0,0,35,SALT LAKE
1506,350601,300,503,1.676666667,498.5,47,30.66666666,420.8333333,551.1913878,43.5,3.5,12.83333333,17.83333333,200.8333333,43.66666667,3.333333333,173,0,0,32.68991057,20.00147724,56043,0,0,0,35,SALT LAKE
1507,350602,367,615,1.675749319,1258.5,310.8333333,124.3333333,823.3333334,1349.799871,140.5,170.3333333,29.5,94.83333333,134.1666667,131.1666667,15.5,542.5,0,0,66.46470858,24.83516284,55384,0,0,0,35,SALT LAKE
1508,350603,462,1145,2.478354978,366.5,92.33333333,30.33333333,243.8333334,432.4203748,87.83333333,4.5,10,20.33333333,41.33333333,44.33333333,41,117.1666667,0,0,34.91808504,31.00228972,157546,0,0,0,35,SALT LAKE
1509,350604,345,810,2.347826087,21.83333334,0.333333333,2.833333333,18.66666667,59.8528767,0.333333333,0,0.5,2.333333333,13.16666667,1.166666667,1,3.333333333,0,0,15.01784453,23.00169883,121016,0,0,0,35,SALT LAKE
1510,350605,295,664,2.250847458,95.50000001,20.83333334,9.166666667,65.5,131.4677454,2.666666667,18.16666667,2.166666667,7,8.666666667,7.166666667,13,36.66666667,0,0,15.96626815,20.00147724,101616,0,0,0,35,SALT LAKE
1511,350606,368,1073,2.91576087,454.6666667,84.33333333,31.16666667,339.1666667,513.3409634,66.83333333,17.5,9.166666667,22,96.33333333,55.83333333,6.333333333,180.6666667,0,0,33.67245015,25.00184655,122578,0,0,0,35,SALT LAKE
1512,350607,309,850,2.750809061,311.1666666,39.33333333,11.66666667,260.1666666,361.5504902,22,17.33333333,3.833333333,7.833333333,46.33333333,17.66666667,54.33333333,141.8333333,0,0,29.38227245,21.0015511,142969,0,0,0,35,SALT LAKE
1513,350608,537,789,1.469273743,551.8333333,197.5,45.83333333,308.5,635.4050794,190.5,7,12,33.83333333,69.66666667,73.66666667,4.166666667,161,0,0,47.569087,36.00265903,51328,0,0,0,35,SALT LAKE
1514,350609,285,653,2.29122807,372.3333333,23.66666667,34.5,314.1666667,418.2454041,16,7.666666667,16.16666667,18.33333333,83.83333333,70,6.333333333,154,0,0,26.91066735,19.00140338,100003,0,0,0,35,SALT LAKE
1515,350610,384,947,2.466145833,560.3333334,112.3333333,41.83333333,406.1666667,624.9954569,80.83333333,31.5,16.33333333,25.5,56.5,98.66666667,35.33333333,215.6666667,0,0,38.66020315,26.00192041,106902,0,0,0,35,SALT LAKE
1516,350611,257,590,2.295719844,945.3333333,250.3333333,57.33333333,637.6666667,1011.557093,242.3333333,8,30,27.33333333,60.5,59.66666667,235.6666667,281.8333333,0,0,49.22250362,17.00125565,79167,0,0,0,35,SALT LAKE
1517,350612,225,614,2.728888889,417.1666666,94.16666666,25.16666667,297.8333333,460.4507083,20.83333333,73.33333333,10.66666667,14.5,57.66666667,57.66666667,27.66666667,154.8333333,0,0,28.28293373,15.00110793,177841,0,0,0,35,SALT LAKE
1518,350613,245,674,2.751020408,50.5,1.333333333,2.166666667,47,81.59870035,1,0.333333333,0.166666667,2,0.666666667,0.666666667,0,45.66666667,0,0,15.09751856,16.00118179,118889,0,0,0,35,SALT LAKE
1519,350614,457,1554,3.400437637,1158.666667,278.5,55.5,824.6666666,1257.812975,59.5,219,20,35.5,99.83333333,329.8333333,93.16666667,301.8333333,0,0,68.14401858,31.00228972,104881,10,633,4,35,SALT LAKE
1520,350615,375,995,2.653333333,223.5,56.33333333,15,152.1666667,275.0039273,50.33333333,6,4,11,26.5,21.66666667,20,84,0,0,26.50208074,25.00184655,112500,0,0,0,35,SALT LAKE
1521,350616,700,2384,3.405714286,585,63.83333333,69.33333333,451.8333333,686.5966317,12.33333333,51.5,17,52.33333333,75.66666667,89.66666667,102.5,184,0,0,54.59316023,47.00347151,144713,44,14,0,35,SALT LAKE
1522,350617,430,762,1.772093023,1201.166667,67.16666666,81.5,1052.5,1296.947384,26.33333333,40.83333333,31.16666667,50.33333333,192.6666667,169.8333333,271.1666667,418.8333333,0,0,66.77857539,29.002142,68539,0,0,0,35,SALT LAKE
1523,350618,428,976,2.280373832,388,78.33333333,16.66666667,293,450.4084876,16.5,61.83333333,3.666666667,13,125.3333333,18.66666667,43,106,0,0,33.40634568,29.002142,100208,0,0,0,35,SALT LAKE
1524,350619,261,644,2.46743295,1238.833333,48.66666666,34.16666667,1156,1318.236563,7.333333333,41.33333333,13.66666667,20.5,89.33333333,154.1666667,751.1666667,161.3333333,0,0,61.40190048,18.00132952,106902,0,0,0,35,SALT LAKE
1525,350620,581,1279,2.201376936,1398.5,104.5,100,1194,1518.541926,78,26.5,28.83333333,71.16666667,153.3333333,314,262.6666667,464,0,0,81.03904567,39.00288062,95367,0,0,0,35,SALT LAKE
1526,350621,184,507,2.755434783,233,52.5,10.83333333,169.6666667,262.0725115,6.833333333,45.66666667,5,5.833333333,17.16666667,83.66666667,10,58.83333333,0,0,17.07162518,12.00088634,177411,615,0,0,35,SALT LAKE
1527,350622,230,634,2.756521739,0,0,0,0,24.41028903,0,0,0,0,0,0,0,0,0,0,9.409181104,15.00110793,118889,0,0,0,35,SALT LAKE
1528,350623,373,1314,3.522788204,304.5,35.16666667,11.5,257.8333333,360.23812,25.16666667,10,3,8.5,37,19.33333333,10.66666667,190.8333333,0,0,30.73627352,25.00184655,172083,0,0,0,35,SALT LAKE
1529,350624,387,1089,2.813953488,176.8333333,70.66666667,10.33333333,95.83333334,241.9181107,66.66666667,4,3.333333333,7,24.33333333,13.66666667,0.166666667,57.66666667,0,0,39.08285691,26.00192041,102348,0,0,0,35,SALT LAKE
1530,350625,660,2067,3.131818182,533,0,0,533,625.8436548,0,0,0,0,0,533,0,0,0,0,48.84040489,44.00324993,157898,444,830,2176,35,SALT LAKE
1531,350626,737.0000062,2327,3.157394817,723.1666729,389.3333367,35.0000003,298.8333359,832.9483478,164.1666681,225.1666686,13.66666679,21.33333351,69.16666725,29.33333358,11.16666676,189.1666683,0,0,59.77798141,50.00369352,234610,0,0,0,35,SALT LAKE
1532,350627,487,982,2.016427105,637.3333332,74.16666667,147.8333333,415.3333333,716.3650207,55,19.16666667,31.5,116.3333333,109.8333333,56.66666667,2,246.8333333,0,0,46.02924999,33.00243744,36646,0,0,0,35,SALT LAKE
1533,350628,0,0,0,402.1666667,11.83333334,311,79.33333333,418.6310278,10.66666667,1.166666667,149.8333333,161.1666667,23,11,0,45.33333333,0,0,16.46436113,0,44024,0,0,0,35,SALT LAKE
1534,350629,505,1135,2.247524752,1095,141.5,226.8333333,726.6666667,1194.50515,124.5,17,96.33333333,130.5,101,137.3333333,30.16666667,458.1666667,0,0,65.50263858,34.00251131,44024,0,0,0,35,SALT LAKE
1535,350630,514,1155,2.247081712,863.6666667,103.6666667,117.5,642.5,955.069753,80.5,23.16666667,21.66666667,95.83333333,101,57.5,3.333333333,480.6666667,0,0,56.40050109,35.00258517,44024,0,0,0,35,SALT LAKE
1536,350631,483,1089,2.254658385,1188.833333,183.5,187.1666667,818.1666666,1296.279131,165.6666667,17.83333333,61,126.1666667,174.3333333,130.3333333,5.166666667,508.3333333,0,0,75.44343412,32.00236358,68144,0,0,0,35,SALT LAKE
1537,350632,520,1173,2.255769231,181.5,1.5,7,173,245.2213982,1.333333333,0.166666667,3,4,21.16666667,18.5,24,109.3333333,0,0,28.7188131,35.00258517,68157,0,0,0,35,SALT LAKE
1538,350633,825,1829,2.216969697,362.5,33.16666667,43.16666666,286.1666667,466.119302,30,3.166666667,7.333333333,35.83333333,24.16666667,49,111.1666667,101.8333333,0,0,48.61523957,55.00406241,50169,0,0,0,35,SALT LAKE
1539,350634,675,1523,2.256296296,1013.666667,263.3333333,35.83333333,714.5,1129.499502,263.3333333,0,16.83333333,19,84,85.83333333,231,313.6666667,0,1.696935301,69.13257647,45.00332379,77746,505,0,0,35,SALT LAKE
1540,350635,564,1216,2.156028369,670.3333334,23.33333334,100.3333333,546.6666667,760.5656318,21.66666667,1.666666667,55.83333333,44.5,110.6666667,49.33333333,264.1666667,122.5,0,1.696935301,50.53255639,38.00280675,72789,0,0,0,35,SALT LAKE
1541,350636,491,1021,2.079429735,587.5000001,272.8333334,20.66666667,294,666.6484867,238.1666667,34.66666667,6,14.66666667,105.1666667,25.16666667,12.16666667,151.5,0,0,46.14604913,33.00243744,88719,0,0,0,35,SALT LAKE
1542,350637,272,565,2.077205882,3740.333334,86,25.83333333,3628.5,3922.596176,30.5,55.5,10.33333333,15.5,399.1666667,2285.166667,121.3333333,822.8333333,0,0,164.2615126,18.00132952,88627,0,0,0,35,SALT LAKE
1543,350638,303,612,2.01980198,314,66.83333334,14,233.1666667,359.2609322,13.66666667,53.16666667,3.166666667,10.83333333,43.66666667,36.16666667,54,99.33333333,0,0,25.259455,20.00147724,62054,0,0,0,35,SALT LAKE
1544,350639,371,747,2.013477089,167.8333333,8.666666667,15,144.1666667,214.8809117,7,1.666666667,3.333333333,11.66666667,56,24.16666667,9.833333333,54.16666667,0,0,22.0457318,25.00184655,62128,0,0,0,35,SALT LAKE
1545,350640,235,491,2.089361702,2610,0,1,2609,2745.466238,0,0,0,1,16,0,2445,148,0,0,119.465056,16.00118179,47500,0,0,0,35,SALT LAKE
1546,350641,327,912,2.788990826,25.66666667,0,0.166666667,25.5,62.10616488,0,0,0,0.166666667,4.333333333,0.333333333,11,9.833333333,0,0,14.43787325,22.00162496,68036,0,0,0,35,SALT LAKE
1547,350642,268,592,2.208955224,475.6666666,173.1666667,41.66666666,260.8333333,528.1130767,34.16666667,139,28.33333333,13.33333333,36.33333333,40.66666667,83.5,100.3333333,0,0,34.44508056,18.00132952,109219,0,0,0,35,SALT LAKE
1548,350643,697,1631,2.340028694,1104.166667,121,113.1666667,870,1228.908369,46.33333333,74.66666667,13.83333333,99.33333333,223.8333333,75,187.1666667,384,0,0,77.73823074,47.00347151,76250,0,0,0,35,SALT LAKE
1549,350644,1137,1933,1.700087951,2044.666667,508.5,134,1402.166667,2250.927006,461,47.5,31.16666667,102.8333333,302.6666667,177,238,684.5,0,0,130.2547261,76.00561351,73637,0,0,0,35,SALT LAKE
1550,350645,110,228,2.072727273,186.1666667,3.833333333,9.5,172.8333333,205.291995,2.833333333,1,3.333333333,6.166666667,26.83333333,16.16666667,81.33333333,48.5,0,0,12.12481133,7.000517034,47500,0,0,0,35,SALT LAKE
1551,350646,693,1532,2.210678211,1010,254.6666666,46.66666667,708.6666667,1126.542507,169.3333333,85.33333333,5,41.66666667,128.5,17.33333333,303.1666667,259.6666667,0,0,69.70572456,46.83678212,105071,0,0,0,35,SALT LAKE
1552,350647,652,1822,2.794478528,1,0,0,1,83.7365143,0,0,0,0,0,0,1,0,0,0,38.73326437,44.00324993,68036,0,0,0,35,SALT LAKE
1553,350648,366,808,2.207650273,440.8333334,5.5,44.5,390.8333334,498.8662501,3.833333333,1.666666667,31.83333333,12.66666667,98,30.5,107.6666667,154.6666667,0,0,33.03107014,25.00184655,109219,0,0,0,35,SALT LAKE
1554,350649,643.0000085,1840,2.861586276,225.000003,0,0,225.000003,308.5383616,0,0,0,0,0,225.000003,0,0,0,0,40.53518197,43.00317663,191306,279,521,0,35,SALT LAKE
1555,350650,445.0000036,1123,2.523595485,360.0000029,0,41.00000034,319.0000026,422.9582344,0,0,24.0000002,17.00000014,131.0000011,0,116.0000009,72.00000059,0,0,32.95601531,30.00221611,177598,0,0,36,35,SALT LAKE
1556,350651,252,554,2.198412698,69.00000001,1.833333333,13.33333334,53.83333334,103.1427225,1.5,0.333333333,0.166666667,13.16666667,13.66666667,1.5,6,32.66666667,0,0,17.14146687,17.00125565,60975,0,0,0,35,SALT LAKE
1557,350652,897,2785,3.104793757,25,1,7,17,122.7503272,1,0,0,7,3.833333333,5.666666667,0,7.5,0,0,37.74589548,60.00443172,80577,0,0,0,35,SALT LAKE
1558,350653,241,628,2.605809129,768.1666666,56,267.1666666,445,848.4822731,43.83333333,12.16666667,216.8333333,50.33333333,76.33333333,96.5,0.166666667,272,0,0,64.31442465,16.00118179,66156,0,0,0,35,SALT LAKE
1559,350654,1008,3186,3.160714286,133,0,0,133,247.7097686,0,0,0,0,0,133,0,0,0,0,46.70474595,68.00502261,68676,507,0,0,35,SALT LAKE
1560,350655,957,2849,2.977011494,85,0,0,85,191.6633205,0,0,0,0,0,85,0,0,0,0,42.65859338,64.00472717,61954,385,0,0,35,SALT LAKE
1561,350656,417,1119,2.683453237,335.6666667,22.66666667,9.333333333,303.6666667,394.4822677,13.66666667,9,3.5,5.833333333,16.66666667,235.5,6,45.5,0,0,30.8135329,28.00206813,74876,0,731,0,35,SALT LAKE
1562,350657,721,3956,5.486823856,339.5,9.166666667,4.166666667,326.1666666,437.919513,8,1.166666667,3.666666667,0.5,1.333333333,244.3333333,0,80.5,0,0,50.41596763,48.00354537,106071,315,917,0,35,SALT LAKE
1563,350658,897,2730,3.043478261,369.5,109,32.33333333,228.1666667,481.3538641,51.33333333,57.66666667,5,27.33333333,33.66666667,22.5,2.5,169.5,0,0,51.84943235,60.00443172,118466,0,0,0,35,SALT LAKE
1564,350659,629,2170,3.449920509,163,0.833333334,40.33333333,121.8333333,237.4269083,0.666666667,0.166666667,0,40.33333333,6.333333333,70.66666667,0,44.83333333,0,0,32.4238061,42.0031022,78711,0,0,0,35,SALT LAKE
1565,350660,654,1945,2.974006116,0,0,0,0,70.77745345,0,0,0,0,0,0,0,0,0,0,26.77420352,44.00324993,111734,0,0,0,35,SALT LAKE
1566,350661,368.0000001,1207,3.279891304,368.8333334,37.50000001,0.333333334,331,424.0005096,0.333333333,37.16666668,0.166666667,0.166666667,0.333333333,310.3333333,0,20.33333333,0,0,30.1653297,25.00184655,81599,0,0,2321,35,SALT LAKE
1567,350662,486,1605,3.302469136,104.8333333,19.66666667,2.333333333,82.83333334,162.0239847,0.666666667,19,0.333333333,2,5.166666667,66.5,0,11.16666667,0,0,24.18821393,33.00243744,72880,480,0,0,35,SALT LAKE
1568,350663,260,755,2.903846154,631.8333334,112,51.83333333,468.0000001,686.3454869,55,57,28.33333333,23.5,75.83333333,126.6666667,71.33333333,194.1666667,0,0,37.51089782,17.00125565,77312,136,25,0,35,SALT LAKE
1569,350664,346,1000,2.89017341,488,230.8333334,24.83333333,232.3333333,545.1449492,158.1666667,72.66666667,7.333333333,17.5,33.83333333,36.16666667,0,162.3333333,0,0,34.14325036,23.00169883,85000,0,0,0,35,SALT LAKE
1570,350665,494,2156,4.36437247,798.9999999,212.5,25.83333333,560.6666666,891.9367572,149.5,63,0.833333333,25,11.16666667,70.16666667,0,479.3333333,0,0,59.9343198,33.00243744,130406,454,0,0,35,SALT LAKE
1571,350666,832.9999998,3036,3.644657864,85.33333332,0.833333333,3.499999999,80.99999999,178.9332548,0.5,0.333333333,0,3.499999999,3.333333332,59.99999999,0,17.66666667,0,0,37.59578526,56.00413626,89255,0,0,0,35,SALT LAKE
1572,350667,442,1471,3.328054299,0,0,0,0,48.09731977,0,0,0,0,0,0,0,0,0,0,18.09510391,30.00221586,81382,0,0,0,35,SALT LAKE
1573,350668,275,741,2.694545455,3618,269.1666667,165.8333333,3183,3823.377437,130,139.1666667,56.33333333,109.5,554.8333333,1852,60.5,715.6666667,0,0,187.3761075,18.00132952,73036,0,0,0,35,SALT LAKE
1574,350669,270,775,2.87037037,0,0,0,0,29.05489978,0,0,0,0,0,0,0,0,0,0,11.05357026,18.00132952,79465,0,0,0,35,SALT LAKE
1575,350670,384,1077,2.8046875,937.5,245.5,50.66666667,641.3333333,1017.596183,151.6666667,93.83333333,15.16666667,35.5,111,124,67.5,338.8333333,0,0,54.09426236,26.00192041,102933,364,0,0,35,SALT LAKE
1576,350671,509,1428,2.805500982,463.5,143.6666667,25.66666667,294.1666667,537.3158339,87.83333333,55.83333333,11.66666667,14,20.5,167.5,0,106.1666667,0,0,39.81332251,34.00251131,88438,326,0,0,35,SALT LAKE
1577,350672,1242,2631,2.118357488,2773.666667,440.6666667,814.8333334,1518.166667,3022.070848,439,1.666666667,602.6666667,212.1666667,988,62.83333333,9,458.3333333,0,0,164.3979765,84.0062044,71868,0,0,0,35,SALT LAKE
1578,350673,590,1248,2.115254237,44.83333333,1.333333333,4,39.5,110.8258243,0.833333333,0.5,0.166666667,3.833333333,6.833333333,9.166666667,0,23.5,0,0,25.9895365,40.00295448,73032,0,0,0,35,SALT LAKE
1579,350674,311,893,2.871382637,0,0,0,0,33.73362647,0,0,0,0,0,0,0,0,0,0,12.73207537,21.0015511,79491,0,0,0,35,SALT LAKE
1580,350675,147,534,3.632653061,1908.833333,60.66666667,33.66666666,1814.5,2002.998139,35,25.66666667,0.333333333,33.33333333,3.333333333,1798.833333,6,6.333333333,0,0,84.16406738,10.00073862,101458,0,0,0,35,SALT LAKE
1581,350676,744,2268,3.048387097,319.8333333,141.5,24.16666667,154.1666667,413.3894579,37.5,104,4.166666667,20,1.166666667,120.5,2,30.5,0,0,43.55243146,50.0036931,80058,62,1055,0,35,SALT LAKE
1582,350677,1065,2257,2.119248826,212.1666667,27.66666666,36.33333333,148.1666667,336.4581013,6.333333333,21.33333333,3.5,32.83333333,78.33333333,12.16666667,4,53.66666667,0,0,52.28611661,72.00531806,51159,0,0,0,35,SALT LAKE
1583,350678,275,1192,4.334545455,669.6666667,120.6666667,47.5,501.5,726.3418457,42.66666667,78,11.83333333,35.66666667,74.33333333,54.16666667,121,252,0,0,38.67384953,18.00132952,90407,0,0,0,35,SALT LAKE
1584,350679,205,886,4.32195122,0,0,0,0,22.39355964,0,0,0,0,0,0,0,0,0,0,8.392525568,14.00103407,91875,0,0,0,35,SALT LAKE
1585,350680,744,2706,3.637096774,119,17,0,102,204.3341788,7,10,0,0,0,54,9,39,0,0,35.33048568,50.0036931,86359,399,0,0,35,SALT LAKE
1586,350681,272,759,2.790441176,270.5,28.66666667,20.5,221.3333333,310.7108179,24.5,4.166666667,11.16666667,9.333333333,36.33333333,22.5,66,96.5,0,0,22.20948839,18.00132952,102232,0,0,0,35,SALT LAKE
1587,350682,504,1446,2.869047619,313.3333333,6.666666666,15.5,291.1666667,380.7967759,4.833333333,1.833333333,3.666666667,11.83333333,25.66666667,169,2.333333333,94.16666667,0,0,33.46093121,34.00251131,97500,0,0,0,35,SALT LAKE
1588,350683,460,1278,2.77826087,122.8333333,32.16666666,7.5,83.16666667,177.6963238,12.83333333,19.33333333,1.333333333,6.166666667,7.166666667,8.833333333,11.16666667,56,0,0,23.86070074,31.00228972,63813,0,0,0,35,SALT LAKE
1589,350684,823,2288,2.780072904,2514.333333,757,213.1666666,1544.166667,2705.964983,331.8333333,425.1666667,94.33333333,118.8333333,227.1666667,302.8333333,137.6666667,876.5,0,0,136.627587,55.00406241,71234,509,0,0,35,SALT LAKE
1590,350685,473,1206,2.549682875,192,11.5,21,159.5,254.2268978,9.166666667,2.333333333,6.833333333,14.16666667,19.66666667,31.66666667,1,107.1666667,0,0,30.22453416,32.00236358,55443,0,0,0,35,SALT LAKE
1591,350686,787,2249,2.857687421,24,7,0,17,129.9024999,0,7,0,0,13,0,2,2,0,1.696935301,51.20164993,53.00391468,100466,0,0,0,35,SALT LAKE
1592,350687,327,870,2.660550459,399.6666666,6.5,22.66666666,370.5,451.4242298,5.833333333,0.666666667,5.333333333,17.33333333,74.66666667,40.83333333,76.66666667,178.3333333,0,0,29.75593821,22.00162496,58143,0,0,25,35,SALT LAKE
1593,350688,245,698,2.848979592,0,0,0,0,28.03127332,0,0,0,0,0,0,0,0,0,0,12.03009153,16.00118179,76635,0,0,0,35,SALT LAKE
1594,350689,75,243,3.24,759.5,170.8333333,34.5,554.1666667,798.6640892,39.33333333,131.5,11.16666667,23.33333333,63,194.8333333,72.16666667,224.1666667,0,0,34.16371993,5.00036931,66848,0,0,0,35,SALT LAKE
1595,350690,366,1180,3.224043716,161,41,12.33333333,107.6666667,207.5767781,33.16666667,7.833333333,3.333333333,9,15.16666667,6.333333333,0.5,85.66666667,0,0,21.57493158,25.00184655,66848,0,0,0,35,SALT LAKE
1596,350691,332,1279,3.852409639,32,32,0,0,68.90347524,1,31,0,0,0,0,0,0,0,0,14.90185028,22.00162496,83642,0,0,0,35,SALT LAKE
1597,350692,261,724,2.77394636,34,10.5,8.5,15,64.07837851,10.33333333,0.166666667,1.666666667,6.833333333,1.666666667,3.666666667,0,9.666666667,0,0,12.07704899,18.00132952,102232,0,0,0,35,SALT LAKE
1598,350693,511,1072,2.097847358,557.3333333,32.16666667,26.5,498.6666667,635.0725023,26,6.166666667,6.5,20,22,385.5,22.16666667,69,0,0,43.73665764,34.00251131,84048,547,28,2699,35,SALT LAKE
1599,350694,385,1074,2.78961039,353.6666667,78.33333333,68.83333334,206.5,409.9089719,33.5,44.83333333,7.666666667,61.16666667,27.66666667,33.83333333,13.33333333,131.6666667,0,0,30.24038481,26.00192041,100518,0,0,0,35,SALT LAKE
1600,350695,843,2178,2.583629893,871,116,43.83333333,711.1666667,998.1739117,102,14,10.83333333,33,186,70,193.1666667,262,0,0,70.16970158,57.00421013,102480,0,0,0,35,SALT LAKE
1601,350696,1028,2946,2.865758755,221.3333333,47.5,22,151.8333333,341.4850734,11.33333333,36.16666667,2.166666667,19.83333333,10,53.83333333,19.16666667,68.83333333,0,0,51.14664362,69.00509648,126796,408,0,0,35,SALT LAKE
1602,350697,622,1822,2.92926045,104,0,0,104,175.7181013,0,0,0,0,0,104,0,0,0,0,29.71499906,42.0031022,94260,0,1023,0,35,SALT LAKE
1603,350698,297,789,2.656565657,89.83333333,1.166666667,2.333333334,86.33333333,125.6714381,0.666666667,0.5,0.166666667,2.166666667,21.83333333,2.5,40,22,0,0,15.83662752,20.00147724,66143,0,0,0,35,SALT LAKE
1604,350699,564,1493,2.647163121,3008,1539.666667,142.5,1325.833333,3192.278387,697.3333333,842.3333333,38.83333333,103.6666667,160.3333333,164,56.83333333,944.6666667,0,0,146.2755798,38.00280675,66143,0,0,0,35,SALT LAKE
1605,350700,766,2481,3.238903394,1899.833333,675,60.33333333,1164.5,2060.974122,527.3333333,147.6666667,17.83333333,42.5,185.1666667,147.8333333,472.1666667,359.3333333,0,0,109.1369483,52.00384082,100503,11,14,14,35,SALT LAKE
1606,350701,409,1385,3.386308068,114,0,0,114,163.4132431,0,0,0,0,0,114,0,0,0,0,21.41117499,28.00206813,106625,553,0,0,35,SALT LAKE
1607,350702,125,365,2.92,231.6666666,2.166666667,35,194.5,254.2688874,1.5,0.666666667,28,7,24.33333333,100.8333333,24,45.33333333,0,0,14.60162985,8.000590896,126458,495,0,0,35,SALT LAKE
1608,350703,518,1857,3.584942085,0,0,0,0,56.20906441,0,0,0,0,0,0,0,0,0,0,21.20647924,35.00258517,96587,0,0,0,35,SALT LAKE
1609,350704,633,1483,2.342812006,144.6666667,5.333333333,7.333333333,132,219.5068544,3,2.333333333,1.5,5.833333333,7.833333333,56.16666667,30.16666667,37.83333333,0,0,31.83701163,43.00317606,114059,0,0,0,35,SALT LAKE
1610,350705,399,1279,3.205513784,1,0,1,0,44.37765392,0,0,1,0,0,0,0,0,0,0,16.37565965,27.00199427,124097,0,0,0,35,SALT LAKE
1611,350706,565,1681,2.975221239,39,0,0,39,103.7300528,0,0,0,0,1,0,38,0,0,0,26.72724606,38.00280675,101548,0,0,0,35,SALT LAKE
1612,350707,225,769,3.417777778,793,2.666666666,4,786.3333334,849.6771618,2.333333333,0.333333333,0.5,3.5,619.6666667,0.666666667,149,17,0,0,41.6760538,15.00110793,148563,0,0,0,35,SALT LAKE
1613,350708,479,1037,2.164926931,749.1666667,21.5,82.33333333,645.3333333,831.4491285,13,8.5,37.33333333,45,163,94.83333333,147.1666667,240.3333333,0,0,50.2800983,32.00236358,125792,0,0,0,35,SALT LAKE
1614,350709,309,924,2.990291262,618.0000001,44.16666666,44.5,529.3333334,676.9521424,13.33333333,30.83333333,21.33333333,23.16666667,162.1666667,73,117.1666667,177,0,0,37.95059123,21.0015511,127250,7,0,0,35,SALT LAKE
1615,350710,6,14,2.333333333,2152.666667,318.5,1126.666667,707.4999999,2242.737578,168,150.5,675.8333333,450.8333333,137.8333333,64.83333333,21,483.8333333,0,1.696935301,88.37397655,0,44562,0,0,0,35,SALT LAKE
1616,350711,1,1,1,544.1666667,116.5,46.16666667,381.5,566.4853262,49.5,67,15.66666667,30.5,153,56.83333333,0,171.6666667,0,0,22.31865946,0,61053,0,0,0,35,SALT LAKE
1617,350712,224,598,2.669642857,1108.833333,275.5,223.1666667,610.1666667,1178.399504,269.8333333,5.666666667,66,157.1666667,50.83333333,90,0.333333333,469,0,0,54.56506258,15.00110793,84541,0,0,0,35,SALT LAKE
1618,350713,225,421,1.871111111,898.6666667,122.1666667,174.1666667,602.3333334,960.6697319,107,15.16666667,86.33333333,87.83333333,78,69.16666667,32,423.1666667,0,0,47.00195722,15.00110793,116420,0,0,0,35,SALT LAKE
1619,350714,1440,2663,1.849305556,357.6666666,12.16666667,62.16666667,283.3333333,540.268775,10,2.166666667,6,56.16666667,62.66666667,51.83333333,3,165.8333333,0,0,85.59494372,97.00716461,61053,0,0,0,35,SALT LAKE
1620,350715,290,741,2.555172414,1508.666667,486.6666666,86.83333333,935.1666667,1601.303953,373.8333333,112.8333333,30.33333333,56.5,323.8333333,140.1666667,7.5,463.6666667,0,0,73.63588287,19.00140338,104665,0,0,0,35,SALT LAKE
1621,350716,308,570,1.850649351,569.3333333,150,45.16666667,374.1666667,626.2521646,130.5,19.5,9.5,35.66666667,55.5,58.5,0.166666667,260,0,0,35.91728015,21.0015511,60995,0,0,0,35,SALT LAKE
1622,350717,303,743,2.452145215,935.8333334,321.3333334,68.83333333,545.6666667,1006.551593,305.1666667,16.16666667,23.83333333,45,94.16666667,131.5,0.5,319.5,0,0,50.71678256,20.00147724,125781,0,0,0,35,SALT LAKE
1623,350718,431,650,1.50812065,629.8333333,212.5,34.83333334,382.5,702.2650894,102.1666667,110.3333333,12.16666667,22.66666667,37.16666667,57.16666667,6.166666667,282,0,0,43.42961402,29.002142,33696,0,0,0,35,SALT LAKE
1624,350719,260,637,2.45,966.8333333,85.33333334,33.66666667,847.8333333,1038.060102,15.66666667,69.66666667,12,21.66666667,294.8333333,68.16666667,204.3333333,280.5,0,0,54.22551277,17.00125565,125613,0,0,0,35,SALT LAKE
1625,350720,717,1744,2.432357043,769.1666666,8,35.33333333,725.8333333,878.0126108,5.666666667,2.333333333,11.33333333,24,276,66.5,163,220.3333333,0,0,60.84239877,48.00354537,81364,0,0,0,35,SALT LAKE
1626,350721,733,1959,2.672578445,413.3333334,38.33333333,11.66666667,363.3333334,513.2736871,36.83333333,1.5,3.166666667,8.5,93.16666667,158.6666667,18.5,93,0,0,50.93673446,49.00361924,90996,4,0,0,35,SALT LAKE
1627,350722,265,496,1.871698113,1068.5,82.66666667,156.3333334,829.5000001,1210.668032,57,25.66666667,49.16666667,107.1666667,155.6666667,84.5,146.1666667,443.1666667,0,69.57434734,54.59235534,18.00132952,116420,0,0,0,35,SALT LAKE
1628,350723,308,789,2.561688312,684,54.5,58,571.5,745.613187,44.33333333,10.16666667,12.5,45.5,97.33333333,155.8333333,31.16666667,287.1666667,0,0,40.61163592,21.0015511,52165,0,0,0,35,SALT LAKE
1629,350724,343,632,1.842565598,1500,216.8333333,77.33333334,1205.833333,1598.452551,121.3333333,95.5,19.66666667,57.66666667,172.3333333,476.3333333,73.16666667,484,0,0,75.45085181,23.00169883,49289,0,0,0,35,SALT LAKE
1630,350725,927,2213,2.387270766,550.5,27.83333334,41.16666667,481.5,684.9921723,24.66666667,3.166666667,9,32.16666667,189,45.33333333,38.16666667,209,0,0,72.48759281,62.00457944,66249,0,0,0,35,SALT LAKE
1631,350726,694,1694,2.44092219,220,0,4,216,304.4218538,0,0,0,4,10,52,94,60,0,0,37.41838229,47.00347151,117707,669,0,0,35,SALT LAKE
1632,350727,321,800,2.492211838,3969,94.16666666,233,3641.833333,4166.630574,67.33333333,26.83333333,82.5,150.5,947.1666667,386.3333333,1032.833333,1275.5,0,0,175.6289497,22.00162496,77247,0,0,0,35,SALT LAKE
1633,350728,0,0,0,2233.666667,102.1666667,149.8333333,1981.666667,2325.111079,61.83333333,40.33333333,43.5,106.3333333,520,291.6666667,218.5,951.5,0,0,91.44441273,0,84122,0,0,0,35,SALT LAKE
1634,350729,0,0,0,8108.5,321.8333334,19.83333333,7766.833333,8440.455091,320.6666667,1.166666667,7.333333333,12.5,147,74.33333333,7405,140.5,0,0,331.9550906,0,46942,0,0,0,35,SALT LAKE
1635,350730,25,59,2.36,1013.666667,560.1666667,54.5,399,1058.188944,159.1666667,401,13,41.5,60.83333333,32,0.333333333,305.8333333,0,0,42.52212955,2.000147724,61442,0,0,0,35,SALT LAKE
1636,350731,220,525,2.386363636,303.8333333,65,1.166666667,237.6666667,340.2797322,0,65,0,1.166666667,34.16666667,42.33333333,68,93.16666667,0,0,21.44529094,15.00110793,83750,454,0,0,35,SALT LAKE
1637,350732,849,1360,1.60188457,773.8333333,15,69.16666667,689.6666667,897.2749593,11,4,13.66666667,55.5,156.5,73.66666667,168.3333333,291.1666667,0,0,66.43741582,57.00421013,63817,0,0,0,35,SALT LAKE
1638,350733,323,1049,3.247678019,0,0,0,0,35.22497012,0,0,0,0,0,0,0,0,0,0,13.22334516,22.00162496,100526,0,0,0,35,SALT LAKE
1639,350734,494,1492,3.020242915,0,0,0,0,77.2263771,0,0,0,0,0,0,0,0,0,0,44.22393966,33.00243744,137335,0,0,0,35,SALT LAKE
1640,350735,521,1758,3.37428023,3110.333333,253.1666666,62.66666666,2794.5,3293.992792,224.8333333,28.33333333,12.33333333,50.33333333,343,46.83333333,735.3333333,1669.333333,0,0,148.6568736,35.00258517,70278,0,0,0,35,SALT LAKE
1641,350736,0,0,0,951.8333333,112.6666667,108.5,730.6666666,990.8005801,58.16666667,54.5,67.66666667,40.83333333,117.3333333,307.1666667,10.33333333,295.8333333,0,0,38.96724676,0,70278,0,0,0,35,SALT LAKE
1642,350737,4,8,2,218,6.666666667,60.33333334,151,227.0884911,6,0.666666667,6.166666667,54.16666667,31.66666667,16.5,0,102.8333333,0,0,9.088491103,0,96528,0,0,0,35,SALT LAKE
1643,350738,541,1319,2.438077634,2006.666667,627.8333333,196.3333333,1182.5,2146.961808,512.8333333,115,67,129.3333333,215,261.1666667,189.3333333,517,0,0,104.2924824,36.00265903,96528,0,0,1360,35,SALT LAKE
1644,350739,597,1401,2.346733668,1268.166667,189.8333333,51,1027.333333,1384.527957,84.5,105.3333333,16,35,246.1666667,342.5,153.5,285.1666667,0,0,76.35833629,40.00295448,63201,0,698,0,35,SALT LAKE
1645,350740,1094,1877,1.715722121,1398,279.5,110.3333333,1008.166667,1575.722761,193.6666667,85.83333333,18.16666667,92.16666667,212.3333333,97.33333333,90.66666667,607.8333333,0,1.696935301,102.0203596,74.00546578,60780,0,0,0,35,SALT LAKE
1646,350741,445,1237,2.779775281,1443,114.5,100,1228.5,1550.295329,57.33333333,57.16666667,19.66666667,80.33333333,314,143.8333333,102.5,668.1666667,0,0,77.29311352,30.00221586,108388,0,0,0,35,SALT LAKE
1647,350742,441,914,2.072562358,644.3333333,82.16666667,65,497.1666666,718.7681723,59.16666667,23,24.83333333,40.16666667,64.66666667,99.83333333,0.833333333,331.8333333,0,0,44.43262317,30.00221586,74605,0,0,0,35,SALT LAKE
1648,350743,625,2069,3.3104,110,0,0,110,209.0933768,0,0,0,0,15,92,1,2,0,0,57.0902746,42.0031022,143125,433,619,0,35,SALT LAKE
1649,350744,210,585,2.785714286,1955,158,96.33333333,1700.666667,2057.634292,97.66666667,60.33333333,36.83333333,59.5,165.5,264.6666667,888.3333333,382.1666667,0,0,88.63325783,14.00103407,113206,34,13,51,35,SALT LAKE
1650,350745,344,962,2.796511628,238.6666667,4.666666666,28,206,285.522243,2.833333333,1.833333333,2,26,49,59.33333333,50,47.66666667,0,0,23.85387755,23.00169883,113206,417,0,0,35,SALT LAKE
1651,350746,416,1292,3.105769231,1485.5,386.3333334,106.3333333,992.8333333,1591.34786,255.6666667,130.6666667,13.16666667,93.16666667,259.8333333,85,190.8333333,457.1666667,0,0,77.84579204,28.00206813,111509,0,0,0,35,SALT LAKE
1652,350747,596,1586,2.661073826,379.5,25.83333333,11.33333333,342.3333334,459.4322713,4,21.83333333,2.5,8.833333333,47.33333333,12.33333333,107,175.6666667,0,0,39.92931677,40.00295448,103172,0,0,62,35,SALT LAKE
1653,350748,667.9999998,1136,1.700598803,791.1666665,14.5,40.16666666,736.4999998,895.907032,8.666666664,5.833333331,13.5,26.66666666,155.6666667,400.4999999,36.33333332,144,0,0,59.73704173,45.00332378,64641,584,0,1911,35,SALT LAKE
1654,350749,496,1484,2.991935484,16,0,10,6,69.96328179,0,0,2,8,3,0,0,3,0,0,20.96084435,33.00243744,127250,0,0,0,35,SALT LAKE
1655,350750,11,23,2.090909091,38.66666666,0.333333333,0.166666667,38.16666666,41.7000516,0.333333333,0,0,0.166666667,0.5,0.333333333,0,37.33333333,0,0,2.033311073,1.000073862,70905,0,0,0,35,SALT LAKE
1656,350751,234,790,3.376068376,39.66666667,4,4.166666667,31.5,66.86470574,4,0,0,4.166666667,0,26,0,5.5,0,0,11.19685728,16.00118179,70278,322,0,0,35,SALT LAKE
1657,350752,12,33,2.75,386,20.66666667,185,180.3333333,403.2938552,20.66666667,0,118.8333333,66.16666667,21.5,3.833333333,0,155,0,0,16.29378135,1.000073862,116095,0,0,0,35,SALT LAKE
1658,350753,2,7,3.5,412.8333333,44.83333333,216.5,151.5,429.816257,22.83333333,22,148.3333333,68.16666667,29.5,14.83333333,27,80.16666667,0,0,16.98292369,0,120677,0,0,0,35,SALT LAKE
1659,350754,555,1487,2.679279279,1774.833333,572.5,115.6666667,1086.666667,1912.21746,463.5,109,38,77.66666667,191.8333333,226.1666667,52,616.6666667,0,0,100.3813942,37.00273289,120677,244,0,0,35,SALT LAKE
1660,350755,32,63,1.96875,3960.5,3179.5,53.33333333,727.6666667,4125.949701,2215.5,964,17,36.33333333,113.6666667,73,193.3333333,347.6666667,0,0,163.4495528,2.000147724,99102,0,0,0,35,SALT LAKE
1661,350756,799,1568,1.962453066,1374.666667,129.1666666,92.5,1153,1517.658719,6.333333333,122.8333333,37.83333333,54.66666667,539,80.83333333,223.1666667,310,0,0,88.98806379,54.00398855,72422,323,0,0,35,SALT LAKE
1662,350757,255,784,3.074509804,426.3333334,10.33333333,13.5,402.5,471.2141496,9,1.333333333,5.333333333,8.166666667,32.83333333,26.5,262.1666667,81,0,0,27.87956055,17.00125565,99102,0,0,0,35,SALT LAKE
1663,350758,351,1227,3.495726496,2621.666667,260,197,2164.666667,2767.366883,137.6666667,122.3333333,72,125,624.5,248,277.6666667,1014.5,0,0,121.6984439,24.00177269,126763,0,0,0,35,SALT LAKE
1664,350759,591.9999833,1284,2.16891898,1068.99997,97.66666392,36.33333231,934.9999736,1179.699783,33.66666572,63.9999982,14.49999959,21.83333272,166.3333286,66.99999812,191.8333279,509.833319,0,1.696935253,68.99992474,40.00295335,95761,0,0,0,35,SALT LAKE
1665,350760,768.9999978,1804,2.345903778,373.4999989,31.49999991,16.99999995,324.999999,475.2768173,27.33333325,4.166666655,3.833333322,13.16666663,128.8333329,15.33333329,64.33333314,116.4999997,0,0,49.77297772,52.00384067,115489,0,0,0,35,SALT LAKE
1666,350761,371,776,2.091644205,0,0,0,0,40.19027087,0,0,0,0,0,0,0,0,0,0,15.18842432,25.00184655,68088,0,0,0,35,SALT LAKE
1667,350762,246,515,2.093495935,0,0,0,0,27.07228633,0,0,0,0,0,0,0,0,0,0,10.07103068,17.00125565,68088,0,0,0,35,SALT LAKE
1668,350763,2,2,1,623.5,66.5,325.3333333,231.6666667,649.1074378,61.83333333,4.666666667,185,140.3333333,80.5,29,0,122.1666667,0,0,25.60743777,0,88510,0,0,0,35,SALT LAKE
1669,350764,494,1017,2.058704453,527.1666667,118.3333333,34.16666666,374.6666667,601.9747985,79.83333333,38.5,16.83333333,17.33333333,53.33333333,42.5,12.33333333,266.5,0,0,41.80569444,33.00243744,88510,0,0,0,35,SALT LAKE
1670,350765,528.0000008,1226,2.321969694,172.5000003,1.666666669,2.833333337,168.0000003,237.1805334,1.666666669,0,1.000000001,1.833333336,110.6666669,4.166666673,13.00000002,40.16666673,0,0,28.67787399,36.00265908,124952,0,0,0,35,SALT LAKE
1671,350766,390,949,2.433333333,437.1666666,45.33333334,26.33333334,365.5,506.0320866,34.16666667,11.16666667,10.16666667,16.16666667,77,63.66666667,93.5,131.3333333,0,0,42.86349951,26.00192041,71598,0,0,0,35,SALT LAKE
1672,350767,477,1228,2.57442348,346,36,32.66666667,277.3333333,414.6884601,29.5,6.5,12.5,20.16666667,39.66666667,15.83333333,148,73.83333333,0,0,36.68609653,32.00236358,113636,0,0,0,35,SALT LAKE
1673,350768,503,1565,3.111332008,72,0,0,72,129.5356989,0,0,0,0,0,72,0,0,0,0,23.53318755,34.00251131,110659,467,0,0,35,SALT LAKE
1674,350769,346,1265,3.656069364,547.8333334,73.16666667,284.5,190.1666667,607.4209851,42.66666667,30.5,261.1666667,23.33333333,42.66666667,7.5,52,88,0,0,36.58595292,23.00169883,188581,0,0,0,35,SALT LAKE
1675,350770,334,1030,3.083832335,34,0,0,34,76.06723183,0,0,0,0,0,34,0,0,0,0,20.06560687,22.00162496,220250,437,0,0,35,SALT LAKE
1676,350771,268,638,2.380597015,433.5,17.5,10.16666667,405.8333333,481.9170779,12.83333333,4.666666667,2.5,7.666666667,15.33333333,310.5,19,61,0,1.696935301,28.7188131,18.00132952,75156,0,0,2156,35,SALT LAKE
1677,350772,443,1419,3.203160271,74.16666667,18.66666667,4.166666666,51.33333334,125.3412458,16.66666667,2,0.333333333,3.833333333,3.166666667,2.5,0,45.66666667,0,0,21.17236328,30.00221586,141182,566,0,0,35,SALT LAKE
1678,350773,504,1141,2.263888889,36,0,0,36,92.10282864,0,0,0,0,0,18,0,18,0,0,22.10031733,34.00251131,124892,0,0,0,35,SALT LAKE
1679,350774,207,604,2.917874396,20,0,0,20,43.29422092,0,0,0,0,9,0,0,11,0,0,9.293186849,14.00103407,130972,12,0,0,35,SALT LAKE
1680,350775,451,984,2.181818182,538.3333334,162.6666667,64.83333333,310.8333333,611.8380141,116.6666667,46,40.83333333,24,140.1666667,43,18.83333333,108.8333333,0,0,43.50246486,30.00221586,142875,0,0,0,35,SALT LAKE
1681,350776,555,1431,2.578378378,376.8333333,76.33333334,35,265.5,455.98453,24.66666667,51.66666667,17.33333333,17.66666667,88,24.5,14,139,0,0,42.14846378,37.00273289,149073,0,0,0,35,SALT LAKE
1682,350777,213,624,2.929577465,0,0,0,0,22.72107283,0,0,0,0,0,0,0,0,0,0,8.720038761,14.00103407,130972,0,0,0,35,SALT LAKE
1683,350778,480,1466,3.054166667,83,0,0,83,138.0511045,0,0,0,0,11,43,0,29,0,0,23.04874095,32.00236358,138707,661,162,0,35,SALT LAKE
1684,350779,508,1464,2.881889764,837.3333333,186.3333333,39.33333333,611.6666666,933.4058233,64.33333333,122,12.5,26.83333333,163.5,59.5,111.3333333,277.3333333,0,0,62.06997875,34.00251131,104385,0,0,0,35,SALT LAKE
1685,350780,630,1182,1.876190476,697.5,135.1666667,94.83333333,467.5,828.8498227,92.33333333,42.83333333,20.83333333,74,72.5,45.33333333,145.1666667,204.5,0,0,89.34672045,42.0031022,65309,0,0,0,35,SALT LAKE
1686,350781,390,752,1.928205128,1279,209.6666667,51.66666666,1017.666667,1373.32936,122.6666667,87,15.83333333,35.83333333,217.1666667,284.6666667,191.1666667,324.6666667,0,0,68.32743987,26.00192041,66321,0,807,0,35,SALT LAKE
1687,350782,351,1064,3.031339031,0,0,0,0,45.37141403,0,0,0,0,0,0,0,0,0,0,21.36964134,24.00177269,191042,0,0,0,35,SALT LAKE
1688,350783,898,2182,2.429844098,1036.666667,41.83333333,63.66666667,931.1666667,1183.874706,19.83333333,22,12.5,51.16666667,67.83333333,304.5,67.33333333,491.5,0,0,87.20360715,60.00443172,98226,0,637,0,35,SALT LAKE
1689,350784,938,1961,2.090618337,504.1666666,106.8333333,24.83333333,372.5,631.3032021,77.66666667,29.16666667,9,15.83333333,62.5,50.16666667,63.5,196.3333333,0,5.090805903,59.04107621,63.0046533,85018,0,0,0,35,SALT LAKE
1690,350785,108,202,1.87037037,342.1666667,24.5,23.66666667,294,380.596624,7.833333333,16.66666667,7.166666667,16.5,81.66666667,44.16666667,33,135.1666667,0,0,31.42944029,7.000517034,64524,0,0,0,35,SALT LAKE
1691,350786,172,506,2.941860465,108.1666667,3,8.833333333,96.33333334,140.637338,1.833333333,1.166666667,3,5.833333333,33,9.166666667,8,46.16666667,0,0,20.46978494,12.00088634,131591,5,0,0,35,SALT LAKE
1692,350787,287,956,3.331010453,0,0,0,0,33.75093918,0,0,0,0,0,0,0,0,0,0,14.7495358,19.00140338,167857,0,0,0,35,SALT LAKE
1693,350788,329,980,2.978723404,12,5,0,7,59.96187481,0,5,0,0,0,0,7,0,0,0,25.96024985,22.00162496,99800,0,0,0,35,SALT LAKE
1694,350789,507,1506,2.970414201,83.5,0,0.5,83,143.6770789,0,0,0,0.5,5.166666667,51,0,26.83333333,0,0,26.17456755,34.00251131,166621,340,0,0,35,SALT LAKE
1695,350790,273.0000029,685,2.509157483,340.8333369,16.00000017,30.50000032,294.3333364,389.9644813,5.833333394,10.16666678,7.666666747,22.83333357,74.50000078,41.66666711,10.16666678,168.0000018,0,0,31.12981469,18.00132971,193116,0,0,0,35,SALT LAKE
1696,350791,529.9999968,1111,2.096226428,276.666665,23.99999985,31.16666648,221.4999987,345.6867474,19.83333321,4.166666642,0.999999994,30.16666649,8.833333279,5.166666635,138.1666659,69.33333291,0,0,33.01742356,36.00265881,130394,0,0,0,35,SALT LAKE
1697,350792,231,684,2.961038961,1003.333333,259.3333333,80.5,663.5,1073.867072,180.5,78.83333333,23.5,57,63.5,95.5,53.5,451,0,0,54.53255639,16.00118179,131581,542,0,0,35,SALT LAKE
1698,350793,239,710,2.970711297,211.8333334,29.16666667,22.66666667,160,246.284425,20.16666667,9,7,15.66666667,31.33333333,13.16666667,1.333333333,114.1666667,0,0,18.44990987,16.00118179,99800,0,0,0,35,SALT LAKE
1699,350794,99,295,2.97979798,96,82,2,12,110.9836511,0,82,0,2,0,0,0,12,0,0,7.983134077,7.000517034,99800,0,0,0,35,SALT LAKE
1700,350795,0,0,0,4183.5,390,124.6666667,3668.833333,4354.76893,103.8333333,286.1666667,31,93.66666667,1186,133.3333333,228.6666667,2120.833333,0,0,171.2689303,0,131827,127,67,69,35,SALT LAKE
1701,350796,1164,3385,2.908075601,80.83333333,15.16666667,6.5,59.16666666,209.801512,15,0.166666667,0.333333333,6.166666667,2.5,46.83333333,2,7.833333333,0,0,50.96241745,78.00576123,96742,298,0,0,35,SALT LAKE
1702,350797,0,0,0,974.8333334,36.33333333,251.1666667,687.3333333,1014.742181,3.833333333,32.5,103.6666667,147.5,84.16666667,149.3333333,18.16666667,435.6666667,0,0,39.90884719,0,105810,332,43,0,35,SALT LAKE
1703,350798,369,1248,3.382113821,298.5,67.16666666,19.33333333,212,350.8287286,43.33333333,23.83333333,8,11.33333333,32.5,61.66666667,1.666666667,116.1666667,0,0,27.32688203,25.00184655,118528,0,0,0,35,SALT LAKE
1704,350799,607,2138,3.522240527,0,0,0,0,65.85309185,0,0,0,0,0,0,0,0,0,0,24.85006351,41.00302834,110972,0,0,0,35,SALT LAKE
1705,350800,1691,5236,3.096392667,75.16666667,27.5,18.16666667,29.5,261.4804475,4.333333333,23.16666667,0,18.16666667,0.5,1.166666667,0,27.83333333,0,0,72.30536052,114.0084203,103511,0,0,0,35,SALT LAKE
1706,350801,1283,2707,2.109898675,905.9999999,16.5,48.5,840.9999999,1081.622149,13.5,3,13.83333333,34.66666667,340.3333333,70.33333333,17.5,412.8333333,0,0,89.61579741,86.00635213,61701,0,0,0,35,SALT LAKE
1707,350802,446,1600,3.587443946,0,0,0,0,48.26107636,0,0,0,0,0,0,0,0,0,0,18.2588605,30.00221586,86805,0,0,0,35,SALT LAKE
1708,350803,407,1471,3.614250614,0,0,0,0,43.66422796,0,0,0,0,0,0,0,0,0,0,16.66223369,27.00199427,99727,0,0,0,35,SALT LAKE
1709,350804,330,1055,3.196969697,21.83333333,0,0.5,21.33333333,60.23871559,0,0,0,0.5,0.833333333,0.166666667,19,1.333333333,0,0,16.4037573,22.00162496,124097,0,0,0,35,SALT LAKE
1710,350805,345,1246,3.611594203,0,0,0,0,37.12570527,0,0,0,0,0,0,0,0,0,0,14.12400644,23.00169883,96556,0,0,0,35,SALT LAKE
1711,350806,209,712,3.406698565,1181.333333,274,132.8333333,774.5,1252.253431,166.8333333,107.1666667,48,84.83333333,101,232,9,432.5,0,0,56.91906365,14.00103407,148563,0,0,0,35,SALT LAKE
1712,350807,822,2086,2.537712895,351.1666666,64,18.5,268.6666666,454.1991741,62.66666667,1.333333333,3.833333333,14.66666667,55.33333333,34.83333333,74.16666667,104.3333333,0,0,48.0284451,55.00406241,80444,0,0,0,35,SALT LAKE
1713,350808,315,823,2.612698413,63,12,0.333333333,50.66666666,99.47654946,12,0,0,0.333333333,0.166666667,0.166666667,29,21.33333333,0,0,15.47499836,21.0015511,92656,0,0,0,35,SALT LAKE
1714,350809,141,505,3.581560284,0,0,0,0,50.96924671,0,0,0,0,0,0,0,0,2.022672065,0,39.77924322,9.167331424,142650,0,0,0,35,SALT LAKE
1715,350810,0,0,0,0,0,0,0,0,0,0,0,0,0,0,0,0,0,0,0,0,110972,0,0,0,35,SALT LAKE
1716,350811,188,628,3.340425532,64,0,0,64,108.3516339,0,0,0,0,0,64,0,0,3.034008097,0,28.31666558,13.00096021,110972,674,0,0,35,SALT LAKE
1717,350812,14,51,3.642857143,195,160.6666667,4.666666666,29.66666667,205.5676921,4.666666667,156,2.833333333,1.833333333,2.5,5.5,0,21.66666667,1.011336032,0,8.556282165,1.000073862,128022,0,0,0,35,SALT LAKE
1718,350813,465,1740,3.741935484,62,0,0,62,114.5772213,0,0,0,0,0,62,0,0,0,0,21.57493158,31.00228972,125499,596,0,0,35,SALT LAKE
1719,350814,688,2567,3.731104651,0,0,0,0,74.16953224,0,0,0,0,0,0,0,0,0,0,28.16613459,46.00339765,125619,0,0,0,35,SALT LAKE
1720,350815,535,1503,2.809345794,102.8333333,27,15,60.83333333,164.9483463,18.83333333,8.166666667,0.333333333,14.66666667,10.5,0.5,0,49.83333333,0,0,26.11235394,36.00265903,105810,0,0,0,35,SALT LAKE
1721,350816,0,0,0,5592.833333,3168.333333,189.1666666,2235.333333,5853.799171,1847,1321.333333,82.83333333,106.3333333,583.6666667,218.6666667,310,1123,0,0,260.9658378,0,94658,0,0,0,35,SALT LAKE
1722,350817,720,2605,3.618055556,290.8333334,13,3.5,274.3333334,380.2195353,12.66666667,0.333333333,1.166666667,2.333333333,6,90.5,165.1666667,12.66666667,0,0,41.38265656,48.00354537,126606,525,0,0,35,SALT LAKE
1723,350818,690,2496,3.617391304,343.8333333,79.33333334,18.16666667,246.3333333,434.160988,40.66666667,38.66666667,6.166666667,12,33.5,69.66666667,21.16666667,122,0,0,44.32425699,46.00339765,119269,596,0,0,35,SALT LAKE
1724,350819,741,1770,2.388663968,195.5,35,3.166666667,157.3333333,283.8432062,25.83333333,9.166666667,2.5,0.666666667,5.5,74.66666667,50,27.16666667,0,0,38.33951314,50.0036931,100689,0,0,0,35,SALT LAKE
1725,350820,966,2633,2.725672878,1474.833333,328.1666666,91.83333333,1054.833333,1640.763774,167.8333333,160.3333333,20.33333333,71.5,102.3333333,292,142.1666667,518.3333333,0,0,100.9256398,65.00480103,75167,320,1001,0,35,SALT LAKE
1726,350821,1170,2950,2.521367521,1386.166667,436.6666667,86.83333333,862.6666667,1595.81979,312.1666667,124.5,22.33333333,64.5,121.5,132.6666667,192.6666667,415.8333333,0,0,130.6472883,79.00583509,93413,403,0,0,35,SALT LAKE
1727,350822,736.9999981,1929,2.617367714,1009.499997,245.9999994,83.49999978,679.9999982,1132.003914,107.6666664,138.3333329,20.33333328,63.16666651,131.1666664,113.333333,3.166666659,432.3333322,0,0,72.50022374,50.00369297,92656,0,0,0,35,SALT LAKE
1728,350823,807,2886,3.576208178,31.83333334,15.16666667,3.333333334,13.33333334,141.235125,15.16666667,0,0.166666667,3.166666667,0.666666667,0,0,12.66666667,5.056680162,0,50.34112291,54.00398855,142606,0,0,0,35,SALT LAKE
1729,350824,790,2648,3.351898734,0,0,0,0,86.35717851,0,0,0,0,0,0,0,0,1.011336032,0,32.3419278,53.00391468,110972,0,0,0,35,SALT LAKE
1730,350825,313,1051,3.357827476,692,509.5,59,123.5,758.156732,269.8333333,239.6666667,1.333333333,57.66666667,13.33333333,5.833333333,18.16666667,86.16666667,1.011336032,0,44.14384486,21.0015511,110972,0,0,0,35,SALT LAKE
1731,350826,769,2370,3.081924577,0,0,0,0,93.48604649,0,0,0,0,0,0,0,0,0,0,41.48220567,52.00384082,103431,0,0,0,35,SALT LAKE
1732,350827,593,1831,3.087689713,81,0,0,81,148.595941,0,0,0,0,0,81,0,0,0,0,27.5929865,40.00295448,103431,872,0,0,35,SALT LAKE
1733,350828,482,1454,3.01659751,539.3333334,76.83333333,49.33333334,413.1666667,663.1482146,53.33333333,23.5,27.16666667,22.16666667,36.5,226.5,0.5,149.6666667,0,0,91.81251763,32.00236358,83750,547,215,0,35,SALT LAKE
1734,350829,863,2101,2.434530707,342.5,105.1666667,16.33333334,221,449.8564282,38.33333333,66.83333333,11.66666667,4.666666667,27.66666667,122.3333333,7.166666667,63.83333333,0,0,49.35214426,58.00428399,93749,0,1170,0,35,SALT LAKE
1735,350830,508,2419,4.761811024,82,18,0,64,140.1566093,18,0,0,0,0,64,0,0,0,0,24.15409798,34.00251131,111742,723,0,0,35,SALT LAKE
1736,350831,136,382,2.808823529,31.33333333,10.5,0.5,20.33333333,47.18448238,10,0.5,0.166666667,0.333333333,2.666666667,1.333333333,7,9.333333333,0,0,6.850484285,9.000664758,105810,0,0,0,35,SALT LAKE
1737,350832,1,1,1,1647.166667,81.16666666,762.3333333,803.6666667,1724.641208,57.83333333,23.33333333,293.3333333,469,136.1666667,172,8,487.5,0,0,77.47454093,0,115066,0,0,0,35,SALT LAKE
1738,350833,453,1529,3.375275938,387.6666667,61,19.83333333,306.8333334,452.0850606,23.33333333,37.66666667,4.333333333,15.5,48,17.83333333,145.6666667,95.33333333,0,0,34.41617802,30.00221586,113661,0,0,0,35,SALT LAKE
1739,350834,684,1773,2.592105263,399.8333334,45.83333333,72.33333334,281.6666667,490.2079455,8.833333333,37,9.666666667,62.66666667,8.833333333,162.1666667,43,67.66666667,0,0,44.37121445,46.00339765,76118,1073,0,0,35,SALT LAKE
1740,350835,479,1140,2.379958246,423.8333334,72.33333334,143.3333333,208.1666667,492.7969254,68.66666667,3.666666667,120.5,22.83333333,24.16666667,10.83333333,0,173.1666667,0,0,36.96122846,32.00236358,60480,0,0,0,35,SALT LAKE
1741,350836,713,2196,3.079943899,884.0000001,211.5,114.5,558.0000001,997.3833666,167.8333333,43.66666667,5.333333333,109.1666667,118.6666667,271.6666667,25.16666667,142.5,0,0,65.37982113,48.00354537,129038,15,765,1760,35,SALT LAKE
1742,350837,476,1345,2.825630252,509.6666666,61.5,53.66666666,394.5,582.0213849,30.33333333,31.16666667,24.83333333,28.83333333,77.66666667,80,6.5,230.3333333,0,0,40.35235464,32.00236358,86583,0,0,0,35,SALT LAKE
1743,350838,55,155,2.818181818,817.9999999,96.5,76,645.4999999,857.7401726,39.66666667,56.83333333,6.333333333,69.66666667,27.83333333,428.8333333,8,180.8333333,0,0,35.73987718,4.000295448,86695,0,0,0,35,SALT LAKE
1744,350839,10.00000005,41,4.099999978,1152.500006,214.3333345,192.1666677,746.000004,1201.091841,160.1666676,54.16666696,61.83333366,130.333334,50.50000027,325.3333351,0.166666668,370.000002,0,0,47.5917611,1.000073867,104093,229,133,316,35,SALT LAKE
1745,350840,29.99999979,91,3.033333355,25.33333315,0.833333327,1.166666659,23.33333316,30.61011645,0.833333327,0,0,1.166666659,4.333333302,10.33333326,0,8.666666605,1.011336025,0,2.265299568,2.00014771,149762,0,0,0,35,SALT LAKE
1746,350841,841,3187,3.789536266,170,0,0,170,268.3936899,0,0,0,0,0,170,0,0,0,0,41.38947975,57.00421013,147984,694,1383,0,35,SALT LAKE
1747,350842,512,1998,3.90234375,0,0,0,0,55.97469169,0,0,0,0,0,0,0,0,1.011336032,0,20.96084435,34.00251131,171156,0,0,0,35,SALT LAKE
1748,350843,237,715,3.016877637,0,0,0,0,25.70376013,0,0,0,0,0,0,0,0,0,0,9.70257834,16.00118179,83750,0,0,0,35,SALT LAKE
1749,350844,762.9999991,2672,3.501965928,69.99999992,0,0,69.99999992,155.106078,0,0,0,0,0.999999999,65.99999992,2.999999997,0,0,0,34.10231117,51.0037669,130456,631,0,0,35,SALT LAKE
1750,350845,793.0000007,2928,3.692307689,0,0,0,0,85.46866,0,0,0,0,0,0,0,0,0,0,32.46474528,53.00391472,133197,0,0,0,35,SALT LAKE
1751,350846,664,2246,3.38253012,4,0,4,0,91.3506754,0,0,3,1,0,0,0,0,0,0,42.34735161,45.00332379,103985,0,0,0,35,SALT LAKE
1752,350847,224,636,2.839285714,119.8333333,1.5,4.166666667,114.1666667,148.9106854,1.333333333,0.166666667,1.166666667,3,13.33333333,76.33333333,0.166666667,24.33333333,0,0,14.0762441,15.00110793,125565,462,0,0,35,SALT LAKE
1753,350848,366,1038,2.836065574,145.3333333,1.166666667,9.333333333,134.8333333,193.2687315,1,0.166666667,0.833333333,8.5,44,70.33333333,0,20.5,0,0,22.93355158,25.00184655,125565,0,0,165,35,SALT LAKE
1754,350849,673.0000019,2826,4.199108458,1107.333337,65.50000019,277.6666675,764.1666689,1225.221993,60.00000017,5.500000016,149.6666671,128.0000004,108.166667,57.66666683,130.1666671,468.166668,0,0,72.88533201,45.00332392,103040,0,0,0,35,SALT LAKE
1755,350850,18,69,3.833333333,61,0,0,61,105.2682747,0,0,0,0,0,61,0,0,3.034008097,0,40.23419278,1.000073862,147984,592,0,0,35,SALT LAKE
1756,350851,265,1032,3.894339623,333.6666667,2.166666667,10,321.5,377.1882362,1.166666667,1,4.5,5.5,37.83333333,43,202,38.66666667,1.011336032,0,24.50890394,18.00132952,170749,0,0,98,35,SALT LAKE
1757,350852,0,0,0,5.500000001,0.166666667,0.166666667,5.166666667,5.725165321,0.166666667,0,0,0.166666667,0.333333333,1.166666667,0,3.666666667,0,0,0.22516532,0,83750,0,0,0,35,SALT LAKE
1758,350853,383,1283,3.349869452,317.1666666,29.5,0.333333333,287.3333333,371.8328146,0.5,29,0,0.333333333,0.833333333,279.8333333,0,6.666666667,0,0,28.66422757,26.00192041,117875,497,0,2845,35,SALT LAKE
1759,350854,5,15,3,736.5,63.5,150.8333334,522.1666666,767.8677151,62.83333333,0.666666667,46.16666667,104.6666667,63.16666667,94.66666667,0,364.3333333,1.011336032,0,30.35637907,0,115066,0,0,0,35,SALT LAKE
1760,350855,1260,4046,3.211111111,1887.166667,151.6666667,65.16666667,1670.333333,2330.01527,87.66666667,64,14,51.16666667,163.5,97,956,453.8333333,0,0,357.8423254,85.00627827,90077,0,0,366,35,SALT LAKE
1761,350856,319,872,2.73354232,461,26.5,257.8333333,176.6666667,514.107583,24.5,2,244,13.83333333,19.66666667,15,36,106,0,0,31.9393595,21.16822345,89853,0,0,0,35,SALT LAKE
1762,350857,56,162,2.892857143,422.9999999,120.5,32,270.4999999,446.6101478,85.5,35,12.16666667,19.83333333,30,101.3333333,12.33333333,126.8333333,0,0,19.60985242,4.000295448,141341,0,0,0,35,SALT LAKE
1763,350858,228,644,2.824561404,1603.5,403.5,108.8333333,1091.166667,1693.48116,330.1666667,73.33333333,40.16666667,68.66666667,213.6666667,155,200,522.5,0,0,74.9800516,15.00110793,125565,0,0,0,35,SALT LAKE
1764,350859,478,1357,2.838912134,1970.666667,534.3333334,120.1666667,1316.166667,2102.91536,261.6666667,272.6666667,39.5,80.66666667,382.8333333,253.3333333,68.5,611.5,0,0,100.2463298,32.00236358,94327,0,0,0,35,SALT LAKE
1765,350860,441.9999978,1361,3.079185535,371.4999982,6.166666637,9.833333285,355.4999983,435.8175476,6.166666637,0,0.333333331,9.499999954,118.6666661,87.3333329,0,149.4999993,1.011336027,0,33.30399764,30.00221571,149762,591,0,0,35,SALT LAKE
1766,350861,0,0,0,10.66666667,0.333333333,0.666666667,9.666666666,18.18270315,0.333333333,0,0,0.666666667,0.5,5.833333333,0,3.333333333,7.079352227,0,0.436684257,0,77778,0,0,0,35,SALT LAKE
1767,350862,390,1268,3.251282051,2047.5,25.5,1299.166667,722.8333333,2266.302432,23.66666667,1.833333333,440,859.1666667,124.8333333,200.1666667,2,395.8333333,1.011336032,0,191.789176,26.00192041,54421,0,0,0,35,SALT LAKE
1768,350863,0,0,0,0,0,0,0,3.034008097,0,0,0,0,0,0,0,0,3.034008097,0,0,0,112881,0,0,0,35,SALT LAKE
1769,350864,0,0,0,1491.5,80.33333334,1125.833333,285.3333334,1769.257676,73.66666667,6.666666667,894.3333333,231.5,42.33333333,75.83333333,0,167.1666667,0,1.696935301,276.0607409,0,54421,0,0,0,35,SALT LAKE
1770,350865,0,0,0,1392.499999,115.4999999,1151.499999,125.4999999,1452.541772,115.3333332,0.166666667,902.3333329,249.1666666,6.166666664,12.33333332,0,106.9999999,3.034008096,0,57.00776511,0,54421,0,0,0,35,SALT LAKE
1771,350866,771.0000043,2420,3.138780787,67.50000037,2.666666681,15.00000008,49.83333361,153.8313182,2.333333346,0.333333335,1.000000006,14.00000008,11.50000006,1.33333334,0,37.0000002,0,0,34.32747672,52.00384111,142133,0,0,0,35,SALT LAKE
1772,350867,314.0000001,1021,3.251592356,0,0,0,0,33.85644393,0,0,0,0,0,0,0,0,0,0,12.85489282,21.00155111,115206,0,0,0,35,SALT LAKE
1773,350868,493,1629,3.304259635,0,0,0,0,53.18543795,0,0,0,0,0,0,0,0,0,0,20.18300051,33.00243744,124583,0,0,0,35,SALT LAKE
1774,350869,152,485,3.190789474,641.3333334,139.3333334,165.5,336.5,683.8124637,107.6666667,31.66666667,8.833333333,156.6666667,50.16666667,60.83333333,122.3333333,103.1666667,0,0,32.47839163,10.00073862,131500,0,0,0,35,SALT LAKE
1775,350870,330,1059,3.209090909,343.8333333,176.6666667,35.66666666,131.5,393.4211216,60.16666667,116.5,1.833333333,33.83333333,18.5,6,0.166666667,106.8333333,0,0,27.58616331,22.00162496,131500,0,0,0,35,SALT LAKE
1776,350871,9,29,3.222222222,228.6666667,2.166666667,9.833333334,216.6666667,239.3966117,2,0.166666667,0.666666667,9.166666667,67.66666667,105.6666667,0,43.33333333,0,0,9.729871106,1.000073862,131500,0,0,0,35,SALT LAKE
1777,350872,320,967,3.021875,289.1666667,38,2,249.1666667,336.1070566,2,36,0,2,13.16666667,0.166666667,212,23.83333333,0,0,24.938765,22.00162496,115452,0,0,0,35,SALT LAKE
1778,350873,183,529,2.890710383,174.6666667,0,0,174.6666667,201.310122,0,0,0,0,1,90.5,74,9.166666667,0,0,14.642569,12.00088634,141341,0,0,0,35,SALT LAKE
1779,350874,994,2250,2.263581489,590.1666667,132,22.33333333,435.8333334,737.0260508,111.8333333,20.16666667,3.5,18.83333333,53.16666667,13,26,343.6666667,0,0,79.85443539,67.00494875,54183,0,0,0,35,SALT LAKE
1780,350875,547,1556,2.844606947,1976,353.3333333,276,1346.666667,2116.292206,192.8333333,160.5,24.66666667,251.3333333,356.6666667,122.1666667,169,698.8333333,0,0,103.2894732,37.00273289,90053,0,0,0,35,SALT LAKE
1781,350876,305,942,3.08852459,838.1666666,186,60.5,591.6666666,913.9684883,118,68,29,31.5,145.8333333,72.66666667,137.3333333,235.8333333,0,0,54.80027063,21.0015511,149598,0,0,0,35,SALT LAKE
1782,350877,9,26,2.888888889,1332.5,31,704.1666667,597.3333334,1543.419942,24.83333333,6.166666667,579.5,124.6666667,77.66666667,112,58,349.6666667,0,0,209.9198685,1.000073862,75152,1,16,5,35,SALT LAKE
1783,350878,0,0,0,0,0,0,0,20.68896038,0,0,0,0,0,0,0,0,2.022672065,18.66628831,0,0,77778,0,0,0,35,SALT LAKE
1784,350879,0,0,0,3.166666666,0,0.333333333,2.833333333,3.296307305,0,0,0,0.333333333,0.166666667,1.166666667,0,1.5,0,0,0.129640639,0,130000,0,0,0,35,SALT LAKE
1785,350880,0,0,0,178.3333333,0.166666667,175,3.166666667,185.6341483,0.166666667,0,175,0,0.666666667,0.166666667,0,2.333333333,0,0,7.300814925,0,130000,0,0,0,35,SALT LAKE
1786,350881,1,6,6,1410.5,108.6666667,420.8333334,881.0000001,1468.285609,107.1666667,1.5,20.16666667,400.6666667,235.6666667,140.1666667,0.166666667,505,0,0,57.78560897,0,72041,0,0,0,35,SALT LAKE
1787,350882,591,1776,3.005076142,1766,616,176.3333334,973.6666667,1902.496529,467.3333333,148.6666667,31.16666667,145.1666667,194.6666667,183.5,55.33333333,540.1666667,0,0,96.49357446,40.00295448,97255,479,0,0,35,SALT LAKE
1788,350883,556,1232,2.215827338,0,0,0,0,59.7648998,0,0,0,0,0,0,0,0,0,0,22.76216691,37.00273289,106693,0,0,0,35,SALT LAKE
1789,350884,673,1579,2.346210996,1159.5,452.8333334,13,693.6666667,1279.524315,158.1666667,294.6666667,2.333333333,10.66666667,19.5,11.16666667,163.1666667,499.8333333,0,0,75.02099075,45.00332379,72041,0,0,0,35,SALT LAKE
1790,350885,0,0,0,4134.833336,88.00000006,953.333334,3093.500002,4304.109895,62.83333337,25.16666669,91.33333339,862.0000006,1325.666668,623.0000004,3.500000002,1141.333334,0,0,169.2765585,0,72041,0,0,0,35,SALT LAKE
1791,350886,0,0,0,971,205.1666667,318.8333333,447,1010.751914,98.5,106.6666667,215.3333333,103.5,114,38.16666667,0,294.8333333,0,0,39.75191379,0,42740,0,0,0,35,SALT LAKE
1792,350887,926,1419,1.532397408,1488.5,416.3333333,138.3333333,933.8333333,1649.358978,304.3333333,112,57,81.33333333,423.6666667,60.66666667,24.16666667,425.3333333,0,0,98.85439872,62.00457944,46138,0,0,0,35,SALT LAKE
1793,350888,328,586,1.786585366,441.8333333,96.33333333,29.5,316,495.3512799,60.33333333,36,8.333333333,21.16666667,71,51.5,8,185.5,0,0,31.51632163,22.00162496,67083,0,0,0,35,SALT LAKE
1794,350889,572,1120,1.958041958,1068.833333,308.1666666,61.33333333,699.3333333,1206.010461,87.33333333,220.8333333,25.33333333,36,159.8333333,94.5,88.83333333,356.1666667,0,0,99.1743205,38.00280675,110092,0,0,0,35,SALT LAKE
1795,350890,357,622,1.742296919,2182,1277.666667,33,871.3333333,2309.946272,732.3333333,545.3333333,6,27,323.3333333,32.33333333,16.16666667,499.5,0,0,103.9444996,24.00177269,63364,0,0,0,35,SALT LAKE
1796,350891,678,1294,1.908554572,581.3333334,219,33.33333334,329,678.8927661,17.5,201.5,20.66666667,12.66666667,74.83333333,68,44.5,141.6666667,0,0,51.55603512,46.00339765,72452,0,0,0,35,SALT LAKE
1797,350892,1046,2452,2.34416826,0,0,0,0,112.8275203,0,0,0,0,0,0,0,0,0,0,42.82234997,70.00517034,72041,0,0,0,35,SALT LAKE
1798,350893,0,0,0,1130,664.5,23.33333334,442.1666667,1176.261239,503.3333333,161.1666667,10.16666667,13.16666667,67.33333333,40.83333333,18.33333333,315.6666667,0,0,46.2612385,0,72041,0,0,0,35,SALT LAKE
1799,350894,578,1355,2.344290657,172,55.83333333,63.5,52.66666667,241.7072425,55,0.833333333,30.33333333,33.16666667,11.16666667,5.833333333,2,33.66666667,0,0,30.70436183,39.00288062,72041,0,0,0,35,SALT LAKE
1800,350895,206,387,1.878640777,1516,106.3333333,323.3333333,1086.333333,1603.498249,85.33333333,21,268,55.33333333,23,24,590,449.3333333,0,0,73.49721477,14.00103407,48408,0,0,0,35,SALT LAKE
1801,350896,913,1732,1.897042716,947.1666666,308.8333333,65,573.3333333,1104.324813,88.5,220.3333333,16.83333333,48.16666667,105.8333333,138.8333333,36.16666667,292.5,0,0,96.15364054,61.00450558,71150,0,0,0,35,SALT LAKE
1802,350897,483,917,1.898550725,2104,546.3333334,199.3333333,1358.333333,2241.911943,356.1666667,190.1666667,126,73.33333333,250.3333333,156.6666667,233.1666667,718.1666667,0,0,105.9095788,32.00236358,45655,0,0,0,35,SALT LAKE
1803,350898,501,1084,2.163672655,634.5,107.1666667,43.5,483.8333333,749.9752687,80.33333333,26.83333333,18.5,25,63,43.33333333,181.3333333,196.1666667,0,0,81.47275743,34.00251131,85745,0,0,0,35,SALT LAKE
1804,350899,355,870,2.450704226,93.16666666,23.66666667,6.166666667,63.33333333,153.5160013,21.66666667,2,4.5,1.666666667,27.33333333,4.5,14,17.5,0,0,36.34756199,24.00177269,76161,0,0,0,35,SALT LAKE
1805,350900,212,540,2.547169811,854,327.3333333,18.33333333,508.3333333,911.642167,71.83333333,255.5,5.5,12.83333333,27.33333333,192.5,92.5,196,0,0,43.64113295,14.00103407,78551,0,0,2425,35,SALT LAKE
1806,350901,977,2290,2.343909928,736,371,43.33333334,321.6666666,872.1336373,286,85,25.16666667,18.16666667,53.16666667,10.16666667,40.5,217.8333333,0,0,70.12876243,66.00487489,78417,0,0,0,35,SALT LAKE
1807,350902,388,912,2.350515464,530.1666666,42,5,483.1666666,593.7439027,22,20,0.666666667,4.333333333,204.8333333,94.5,28,155.8333333,0,0,37.57531569,26.00192041,83832,30,22,27,35,SALT LAKE
1808,350903,0,0,0,803.000001,22.33333336,68.83333342,711.8333342,835.8741378,15.50000002,6.833333342,24.33333336,44.50000006,189.3333335,242.0000003,1.333333335,279.166667,0,0,32.87413678,0,68548,0,0,0,35,SALT LAKE
1809,350904,1089,2811,2.581267218,224,9.5,42.16666667,172.3333334,350.7516715,8.5,1,4.666666667,37.5,12.83333333,51.33333333,5,103.1666667,0,0,53.74627959,73.00539192,68542,0,0,0,35,SALT LAKE
1810,350905,281,387,1.377224199,160.5,9.5,49.5,101.5,197.5760377,3.5,6,0.333333333,49.16666667,26.5,30.66666667,0,44.33333333,0,0,18.07463433,19.00140338,58536,0,0,0,35,SALT LAKE
1811,350906,265,647,2.441509434,278.6666667,0.666666667,3.666666667,274.3333334,318.925247,0.666666667,0,0.166666667,3.5,2.5,254.6666667,7,10.16666667,0,0,22.25725073,18.00132952,95556,630,805,0,35,SALT LAKE
1812,350907,210.9999999,514,2.436018959,365.6666665,104.6666666,50.3333333,210.6666666,403.26912,58.49999996,46.16666664,3.999999997,46.3333333,31.33333331,44.99999997,15.16666666,119.1666666,0,0,23.60141945,14.00103406,95498,0,0,0,35,SALT LAKE
1813,350908,761,1721,2.261498029,295,47.5,30.16666666,217.3333334,389.2355084,42.83333333,4.666666667,6.833333333,23.33333333,48,24.83333333,0.333333333,144.1666667,0,0,43.23174146,51.00376696,48172,0,0,0,35,SALT LAKE
1814,350909,413,1363,3.300242131,516.5,111.3333333,65,340.1666667,582.548184,84.5,26.83333333,20.5,44.5,51,85,0.166666667,204,0,0,38.04611591,28.00206813,92435,606,0,0,35,SALT LAKE
1815,350910,542,1215,2.241697417,282.6666667,32.5,119.1666667,131,352.4304773,31.66666667,0.833333333,94.16666667,25,25.16666667,25.16666667,3,77.66666667,0,0,33.76115163,36.00265903,73571,0,0,0,35,SALT LAKE
1816,350911,456.9999999,1167,2.553610504,105.8333333,1.5,1.166666667,103.1666667,159.8707176,1.333333333,0.166666667,0.166666667,1,2.5,6.166666666,79.99999999,14.5,0,0,23.03509457,31.00228972,74758,0,0,0,35,SALT LAKE
1817,350912,285,857,3.007017544,400,114.5,21.5,264,447.0447205,85.66666667,28.83333333,8,13.5,55.33333333,46.5,0.333333333,161.8333333,0,0,28.04331714,19.00140338,105625,0,0,0,35,SALT LAKE
1818,350913,207,566,2.734299517,406.3333333,23.5,99,283.8333333,445.4437122,17.66666667,5.833333333,27.16666667,71.83333333,76,44.33333333,0,163.5,0,0,25.10934479,14.00103407,98267,0,0,0,35,SALT LAKE
1819,350914,196,533,2.719387755,0,0,0,0,29.02503344,0,0,0,0,0,0,0,0,0,0,16.02407323,13.00096021,98043,0,0,0,35,SALT LAKE
1820,350915,347,882,2.541786744,64.99999999,6.166666666,2,56.83333333,104.8686283,3.833333333,2.333333333,0.333333333,1.666666667,15.83333333,7.666666667,0,33.33333333,0,0,16.86692943,23.00169883,72561,0,0,0,35,SALT LAKE
1821,350916,148,443,2.993243243,397.8333333,29.66666666,17.16666667,351,430.1800241,26.33333333,3.333333333,14.16666667,3,0.333333333,46.33333333,1,303.3333333,0,0,22.34595222,10.00073862,98760,308,0,0,35,SALT LAKE
1822,350917,313,591,1.888178914,366.1666666,30.83333333,11.33333333,324,414.9727232,25.83333333,5,4.166666667,7.166666667,61.66666667,21.83333333,98.16666667,142.3333333,0,0,27.80450544,21.0015511,64054,0,0,0,35,SALT LAKE
1823,350918,407,1099,2.7002457,1077.666667,314.6666667,199.3333333,563.6666667,1165.449651,238,76.66666667,14.5,184.8333333,118.1666667,45,104.5,296,0,0,60.78099005,27.00199427,87012,0,0,0,35,SALT LAKE
1824,350919,760,1985,2.611842105,1131.166667,245.3333334,140.1666667,745.6666667,1259.593188,188.1666667,57.16666667,41.16666667,99,101,104,134.5,406.1666667,0,0,77.42275416,51.00376696,103221,219,0,0,35,SALT LAKE
1825,350920,1071,2587,2.415499533,525.3333334,143.8333334,21.16666667,360.3333333,664.6911798,40.16666667,103.6666667,7,14.16666667,74.5,27.83333333,40,218,0,0,67.35252837,72.00531806,116347,0,0,0,35,SALT LAKE
1826,350921,0,0,0,8707.166666,276,801.6666667,7629.5,9063.630661,129.1666667,146.8333333,57,744.6666667,3365.333333,330.3333333,275.3333333,3658.5,0,0,356.4639945,0,131827,0,0,0,35,SALT LAKE
1827,350922,241,632,2.622406639,75.5,40,1.833333334,33.66666666,107.4584225,1.5,38.5,1.166666667,0.666666667,10.33333333,9.833333333,2,11.5,0,0,15.95724069,16.00118179,131827,0,0,0,35,SALT LAKE
1828,350923,14,29,2.071428571,865,216.6666666,81.83333333,566.5,905.9855859,133.8333333,82.83333333,17,64.83333333,86.5,124,1,355,0,0,39.98551207,1.000073862,143969,0,0,0,35,SALT LAKE
1829,350924,596.9999997,1125,1.884422111,828.3333329,37.83333332,46.16666665,744.333333,926.6882212,29.66666666,8.166666663,11.16666666,34.99999998,282.3333332,73.99999997,100.8333333,287.1666666,0,0,58.35193384,40.00295446,73474,0,0,0,35,SALT LAKE
1830,350925,0,0,0,3211.166667,170.6666666,175.5,2865.000001,3342.629098,127.8333333,42.83333333,47.33333333,128.1666667,1097.666667,168.1666667,45,1554.166667,0,0,131.462431,0,80722,0,0,0,35,SALT LAKE
1831,350926,1017,2747,2.701081613,45,0,4,41,156.482399,0,0,1,3,33,0,8,0,0,0,43.47737636,68.00502261,99295,0,0,0,35,SALT LAKE
1832,350927,0,0,0,2500.166667,1547.333334,80.33333334,872.5,2602.521363,1112.666667,434.6666667,28.16666667,52.16666667,144.5,50.66666667,1.166666667,676.1666667,0,0,102.354696,0,70917,0,0,0,35,SALT LAKE
1833,350928,541,1689,3.121996303,1095.166667,178.6666667,13.66666667,902.8333333,1198.152597,100.5,78.16666667,10,3.666666667,344.3333333,94,286.1666667,178.3333333,0,0,66.98327114,36.00265903,146776,492,0,0,35,SALT LAKE
1834,350929,718,2260,3.147632312,632.5,183.5,40.33333334,408.6666667,735.7918663,89.33333333,94.16666667,11.66666667,28.66666667,126,27.5,84.5,170.6666667,0,0,55.28832088,48.00354537,145605,0,0,0,35,SALT LAKE
1835,350930,651,1794,2.755760369,1337.833333,320.3333334,59.83333333,957.6666666,1463.257728,203.1666667,117.1666667,6,53.83333333,85.66666667,405.8333333,102.3333333,363.8333333,0,0,81.42114439,44.00324993,138208,600,914,0,35,SALT LAKE
1836,350931,767,1898,2.474576271,21,0,0,21,105.2638903,0,0,0,0,21,0,0,0,0,0,32.2600495,52.00384082,99729,0,0,0,35,SALT LAKE
1837,350932,373,878,2.353887399,309,44.16666667,19.5,245.3333333,361.9223462,20.66666667,23.5,2.5,17,25,18,96,106.3333333,0,0,27.92049969,25.00184655,111788,0,0,0,35,SALT LAKE
1838,350933,175,412,2.354285714,104.6666667,2,10.66666666,92,132.1168684,1.166666667,0.833333333,0.333333333,10.33333333,7.833333333,8.833333333,62,13.33333333,0,0,15.44931537,12.00088634,106921,0,0,0,35,SALT LAKE
1839,350934,117,268,2.290598291,50.16666667,1.666666667,22,26.5,68.01091866,1.166666667,0.5,21.16666667,0.833333333,4.833333333,2.833333333,10,8.833333333,0,0,9.843661093,8.000590896,138194,0,0,0,35,SALT LAKE
1840,350935,684.9999989,1543,2.252554748,168.9999997,2.999999995,0.999999998,164.9999997,249.9654306,0,2.999999995,0.999999998,0,13.99999998,137.9999998,0.999999998,11.99999998,0,0,34.96203329,46.00339758,102430,0,0,2437,35,SALT LAKE
1841,350936,977,2747,2.811668373,750.5,376.3333333,32.83333333,341.3333333,887.2272549,54.83333333,321.5,9.833333333,23,94.16666667,33.5,8.333333333,205.3333333,0,0,70.72238009,66.00487489,131968,0,0,0,35,SALT LAKE
1842,350937,811,1964,2.421701603,63,1.333333334,6.333333333,55.33333333,155.7848787,1.166666667,0.166666667,1,5.333333333,21,4.833333333,5,24.5,0,0,37.78081632,55.00406241,166427,0,0,0,35,SALT LAKE
1843,350938,341,1126,3.302052786,333,16.83333333,8.833333333,307.3333333,388.5946853,9.5,7.333333333,0.5,8.333333333,30.83333333,4.5,172,100,0,0,32.5929865,23.00169883,143529,24,0,0,35,SALT LAKE
1844,350939,346.9999994,872,2.512968304,95.49999984,11.49999998,0.499999999,83.49999986,143.6172721,9.333333318,2.166666663,0.166666667,0.333333332,18.99999997,0.999999998,28.99999995,34.49999994,0,0,25.11557344,23.00169879,176836,0,0,0,35,SALT LAKE
1845,350940,518,1800,3.474903475,10,7,2,1,66.6184559,7,0,2,0,0,0,0,1,0,0,21.61587073,35.00258517,153201,0,0,0,35,SALT LAKE
1846,350941,808,2046,2.532178218,501.5,207,21.83333333,272.6666666,611.1138043,187,20,6,15.83333333,52.16666667,88.5,24.16666667,107.8333333,0,0,55.60981576,54.00398855,141279,471,0,0,35,SALT LAKE
1847,350942,558,1475,2.643369176,144,0,43,101,212.7420894,0,0,0,43,22,0,55,24,0,0,30.73928268,38.00280675,158216,0,0,0,35,SALT LAKE
1848,350943,81,180,2.222222222,0,0,0,0,8.316440388,0,0,0,0,0,0,0,0,0,0,3.316071078,5.00036931,207679,0,0,0,35,SALT LAKE
1849,350944,248,584,2.35483871,1202.5,186.5,16.5,999.5,1278.883491,28.33333333,158.1666667,3,13.5,314.8333333,8.666666667,200,476,0,0,59.38223579,17.00125565,105621,0,0,0,35,SALT LAKE
1850,350945,477,1131,2.371069182,106.5,16.16666666,7.333333333,83,162.3903571,12.33333333,3.833333333,2.5,4.833333333,26.66666667,12.5,6,37.83333333,0,0,23.88799351,32.00236358,77415,0,0,0,35,SALT LAKE
1851,350946,187,422,2.256684492,135.3333333,46.33333333,1.5,87.5,178.5303459,2.333333333,44,0.166666667,1.333333333,3.166666667,71.83333333,0,12.5,0,0,30.1960524,13.00096021,48172,0,913,0,35,SALT LAKE
1852,350947,1100,3004,2.730909091,725.9999999,99.83333333,42.16666667,583.9999999,874.760352,59.83333333,40,14.16666667,28,119.8333333,155.8333333,80.83333333,227.5,0,0,74.75488628,74.00546578,111968,364,0,0,35,SALT LAKE
1853,350948,1307,2871,2.196633512,2189,522.3333333,96.83333333,1569.833333,2440.129765,190.3333333,332,34.33333333,62.5,333.5,153.5,279.8333333,803,0,0,163.1232653,88.00649985,91408,0,0,0,35,SALT LAKE
1854,350949,630,1846,2.93015873,8,0,1,7,76.12227933,0,0,1,0,6,0,1,0,0,0,26.11917713,42.0031022,115500,0,0,0,35,SALT LAKE
1855,350950,267,728,2.72659176,0,0,0,0,28.93208233,0,0,0,0,0,0,0,0,0,0,10.93075281,18.00132952,90178,0,0,0,35,SALT LAKE
1856,350951,400,1063,2.6575,588,71.16666666,44,472.8333334,655.4498736,33.83333333,37.33333333,22.33333333,21.66666667,123.6666667,60,82.66666667,206.5,0,0,40.44787932,27.00199427,85510,0,0,0,35,SALT LAKE
1857,350952,644,1709,2.653726708,105,0,2,103,178.6665988,0,0,2,0,0,97,0,6,0,0,30.66342269,43.00317606,92017,560,0,0,35,SALT LAKE
1858,350953,381,1312,3.443569554,224.8333333,37.33333334,12,175.5,275.6375549,36.66666667,0.666666667,10,2,50.16666667,53,33,39.33333333,0,0,24.80230117,26.00192041,146731,340,0,0,35,SALT LAKE
1859,350954,564,1711,3.033687943,838.6666666,230.8333333,70.66666666,537.1666666,934.0934532,134.5,96.33333333,26.33333333,44.33333333,85.83333333,103,38.5,309.8333333,0,0,57.42397982,38.00280675,178222,359,0,0,35,SALT LAKE
1860,350955,626,2069,3.305111821,302.3333333,7.833333334,10.16666667,284.3333333,385.3416123,6.666666667,1.166666667,5.5,4.666666667,24.5,5.833333333,26.16666667,227.8333333,0,0,41.00517676,42.0031022,169027,0,0,0,35,SALT LAKE
1861,350956,0,0,0,3899.166667,201.3333334,637.8333334,3060,4103.795232,177.6666667,23.66666667,360.1666667,277.6666667,1440.333333,271.1666667,11.33333333,1337.166667,0,0,204.6285656,0,68537,0,0,0,35,SALT LAKE
1862,350957,618,1496,2.420711974,823.8333333,111.3333333,113.5,599,924.8638654,68.66666667,42.66666667,42.16666667,71.33333333,77,72,1,449,0,0,59.02742983,42.0031022,42750,0,0,0,35,SALT LAKE
1863,350958,491,1189,2.421588595,411.8333334,169.8333333,33.33333333,208.6666667,481.7969993,76.83333333,93,18.33333333,15,23.66666667,48.83333333,0,136.1666667,0,0,36.96122846,33.00243744,42750,0,0,0,35,SALT LAKE
1864,350959,554,1510,2.725631769,265.5,54.5,34.5,176.5,336.0591888,33.5,21,5.833333333,28.66666667,26.66666667,48.5,0,101.3333333,0,0,33.55645589,37.00273289,89331,0,0,0,35,SALT LAKE
1865,350960,420,850,2.023809524,177.3333333,40.66666667,13,123.6666667,233.7897199,32.16666667,8.5,5.666666667,7.333333333,40.5,24.83333333,0.166666667,58.16666667,0,0,28.4543184,28.00206813,44708,0,0,0,35,SALT LAKE
1866,350961,990,2113,2.134343434,822,134.3333333,86.33333333,601.3333334,963.186687,66.83333333,67.5,37.33333333,49,147.1666667,64,87.16666667,303,0,0,74.18173819,67.00494875,85954,0,0,0,35,SALT LAKE
1867,350962,241,668,2.771784232,177.8333333,13.66666666,11.83333333,152.3333333,210.9811954,10.33333333,3.333333333,4.833333333,7,48.66666667,30,8.5,65.16666667,0,0,17.14668029,16.00118179,106623,0,0,0,35,SALT LAKE
1868,350963,438,1536,3.506849315,178,16,0,162,232.2206578,16,0,0,0,7,60,9,86,0,0,25.21851585,29.002142,89648,553,0,0,35,SALT LAKE
1869,350964,350,1241,3.545714286,0,0,0,0,38.33047488,0,0,0,0,0,0,0,0,0,0,14.32870219,24.00177269,149412,0,0,0,35,SALT LAKE
1870,350965,503,1293,2.570576541,1634.666667,153.5,371.3333334,1109.833333,1759.183432,150.1666667,3.333333333,227.6666667,143.6666667,344,386,53.33333333,326.5,0,0,90.51425442,34.00251131,114514,0,0,0,35,SALT LAKE
1871,350966,0,0,0,738.5000001,225.3333334,302.3333334,210.8333333,768.7335617,220.6666667,4.666666667,183.1666667,119.1666667,84,18,0,108.8333333,0,0,30.23356162,0,78333,0,0,0,35,SALT LAKE
1872,350967,53,106,2,2713.5,468.5,135.1666666,2109.833334,2830.758452,270.5,198,18.33333333,116.8333333,403.8333333,308,204.3333333,1193.666667,0,0,113.258156,4.000295448,77750,0,0,0,35,SALT LAKE
1873,350968,65,170,2.615384615,2646,402.3333333,108,2135.666667,2760.986329,275.5,126.8333333,60.66666667,47.33333333,547.1666667,59.5,113,1416,0,0,110.9860332,4.000295448,76042,0,0,0,35,SALT LAKE
1874,350969,184,520,2.826086957,225,62.16666666,27.83333333,135,253.7449983,54.33333333,7.833333333,4.5,23.33333333,90.5,8.166666667,3,33.33333333,0,0,16.74411199,12.00088634,52701,0,0,0,35,SALT LAKE
1875,350970,140,368,2.628571429,141,0,53,88,161.5045657,0,0,0,53,0,79,0,9,0,0,11.5039009,9.000664758,76042,0,749,0,35,SALT LAKE
1876,350971,148,419,2.831081081,83.16666667,22.66666666,23.66666667,36.83333333,102.6311719,18.33333333,4.333333333,20.66666667,3,9.166666667,5.5,6.166666667,16,0,0,9.463766637,10.00073862,52746,0,0,0,35,SALT LAKE
1877,350972,391,1222,3.125319693,743.9999999,126.8333333,41.83333334,575.3333333,816.4678546,87,39.83333333,13.66666667,28.16666667,87.33333333,147.8333333,44.33333333,295.8333333,0,0,46.46593424,26.00192041,55000,490,0,0,35,SALT LAKE
1878,350973,614,1617,2.633550489,928.8333333,196.1666667,40,692.6666666,1032.998646,56.5,139.6666667,3,37,144.3333333,188.5,2,357.8333333,0,0,63.16228389,41.00302834,76042,0,0,0,35,SALT LAKE
1879,350974,541,1154,2.133086876,1364.166667,349.5,26.16666667,988.5,1478.165228,206.1666667,143.3333333,12.5,13.66666667,170.8333333,145.6666667,94.5,577.5,0,0,77.99590225,36.00265903,91047,0,0,40,35,SALT LAKE
1880,350975,439,1218,2.774487472,2312.166667,1214.333333,89,1008.833333,2454.799305,849.8333333,364.5,23.33333333,65.66666667,167.3333333,102.6666667,13.66666667,725.1666667,0,0,112.6304224,30.00221586,107734,0,0,0,35,SALT LAKE
1881,350976,400,946,2.365,660.8333334,118.5,13.83333333,528.5,731.2649417,52.33333333,66.16666667,3.333333333,10.5,89.83333333,31,175.1666667,232.5,0,0,43.42961402,27.00199427,84583,0,0,0,35,SALT LAKE
1882,350977,454,1300,2.863436123,0,0,0,0,49.58866342,0,0,0,0,0,0,0,0,0,0,18.5863737,31.00228972,125750,0,0,0,35,SALT LAKE
1883,350978,1450,4122,2.842758621,1025.166667,372.6666666,168.1666667,484.3333334,1223.505048,230.3333333,142.3333333,38.5,129.6666667,58.33333333,95,86.83333333,244.1666667,0,0,101.3312172,97.00716461,153610,801,0,0,35,SALT LAKE
1884,350979,393,1193,3.03562341,73,0,0,73,118.0795639,0,0,0,0,0,73,0,0,0,0,19.07764349,26.00192041,154316,0,943,0,35,SALT LAKE
1885,350980,621,1166,1.877616747,968.1666668,130.5,223.1666667,614.5,1075.2289,116.6666667,13.83333333,85.5,137.6666667,203.1666667,27.83333333,42,341.5,0,0,65.05913113,42.0031022,95619,0,0,0,35,SALT LAKE
1886,350981,0,0,0,2582.5,27.16666666,115.5,2439.833333,2688.225352,22.33333333,4.833333333,64.5,51,581.6666667,342.8333333,37,1478.333333,0,0,105.7253526,0,79310,0,0,0,35,SALT LAKE
1887,350982,216,432,2,2898.5,144.8333333,1392.833333,1360.833333,3044.006087,82.5,62.33333333,1384.333333,8.5,239.3333333,180.6666667,0.833333333,940,0,0,130.5049799,15.00110793,78333,0,0,0,35,SALT LAKE
1888,350983,0,0,0,1626.166667,74,15.16666667,1537,1728.376188,63,11,4.5,10.66666667,223.5,331.8333333,0.5,981.1666667,0,35.63564132,66.57387965,0,78333,0,0,1820,35,SALT LAKE
1889,350984,242,697,2.880165289,0,0,0,0,25.90845588,0,0,0,0,0,0,0,0,0,0,9.907274085,16.00118179,59833,0,0,0,35,SALT LAKE
1890,350985,475,1371,2.886315789,1045.833333,235.5,45.83333334,764.5,1141.09732,163.8333333,71.66666667,39.16666667,6.666666667,147.6666667,108.8333333,65.33333333,442.6666667,0,0,63.26162261,32.00236358,116065,0,0,0,35,SALT LAKE
1891,350986,326,935,2.86809816,1863.166667,327.3333333,70.83333334,1465,1974.790912,166,161.3333333,6.166666667,64.66666667,234.5,303.8333333,162.6666667,764,0,0,89.6226206,22.00162496,122904,0,302,309,35,SALT LAKE
1892,350987,343,964,2.810495627,1002.833333,15.33333333,1.166666667,986.3333333,1080.932304,13.33333333,2,1.166666667,0,2.666666667,52.33333333,922,9.333333333,0,0,55.09727151,23.00169883,101070,626,0,0,35,SALT LAKE
1893,350988,274,814,2.97080292,910.3333333,45.33333334,5.833333334,859.1666666,976.8202617,21.66666667,23.66666667,1.166666667,4.666666667,125.8333333,518.5,49.5,165.3333333,0,0,48.48559893,18.00132952,118889,697,264,234,35,SALT LAKE
1894,350989,457,1185,2.592997812,1086.833333,575,18.83333333,493,1181.038846,305.3333333,269.6666667,14.33333333,4.5,69.5,32.5,0.5,390.5,0,0,63.20322304,31.00228972,107449,164,40,0,35,SALT LAKE
1895,350990,511,1655,3.238747554,504.6666666,72.83333333,7.333333334,424.5,580.2497071,61.83333333,11,0.666666667,6.666666667,41.33333333,26.83333333,12.5,343.8333333,0,0,41.58052912,34.00251131,182396,0,0,0,35,SALT LAKE
1896,350991,310,938,3.025806452,0,0,0,0,36.68586413,0,0,0,0,0,0,0,0,0,0,15.68431303,21.0015511,153333,0,0,0,35,SALT LAKE
1897,350992,494,991,2.006072874,7722.833334,254.3333334,338,7130.500001,8092.225937,90.66666667,163.6666667,56,282,2944.666667,652.3333333,28.83333333,3504.666667,0,0,336.3901651,33.00243744,78333,0,0,0,35,SALT LAKE
1898,350993,1000,2000,2,364.3333333,0.5,0.166666667,363.6666667,487.2065742,0.5,0,0,0.166666667,2.333333333,0.666666667,334.5,26.16666667,0,0,55.86829216,67.00494875,78775,0,0,0,35,SALT LAKE
1899,350994,300.0000005,720,2.399999996,348.3333338,109.0000002,11.33333335,228.0000003,394.8770262,82.50000012,26.50000004,8.500000013,2.833333337,36.16666672,24.33333337,20.1666667,147.3333335,0,0,26.54221505,20.00147727,66858,0,0,0,35,SALT LAKE
1900,350995,196,630,3.214285714,31.66666667,0.166666667,0,31.5,53.98810649,0.166666667,0,0,0,8.333333333,1,15,7.166666667,0,0,9.320479615,13.00096021,104990,0,0,0,35,SALT LAKE
1901,350996,455,1439,3.162637363,326.8333333,10.83333333,1.333333333,314.6666667,389.8432145,5.5,5.333333333,0.333333333,1,31.66666667,72.5,104,106.5,0,0,32.00759141,31.00228972,107478,0,516,0,35,SALT LAKE
1902,350997,75,222,2.96,374.3333334,41.33333334,21.33333334,311.6666667,397.729027,39.16666667,2.166666667,15.16666667,6.166666667,44.33333333,49.66666667,168.6666667,49,0,0,18.39532433,5.00036931,118889,0,0,0,35,SALT LAKE
1903,350998,741,2370,3.198380567,5,0,3,2,85.54429834,0,0,3,0,0,0,2,0,0,0,30.54060524,50.0036931,147535,0,0,0,35,SALT LAKE
1904,350999,996,2554,2.564257028,0,0,0,0,107.7803413,0,0,0,0,0,0,0,0,0,0,40.77539252,67.00494875,145881,0,0,0,35,SALT LAKE
1905,351000,507,1550,3.057199211,93,0,0,93,156.5660008,0,0,0,0,0,93,0,0,0,0,29.56348947,34.00251131,194063,628,0,0,35,SALT LAKE
1906,351001,146,401,2.746575342,0,0,0,0,22.97785439,0,0,0,0,0,0,0,0,0,0,12.97711577,10.00073862,55000,0,0,0,35,SALT LAKE
1907,351002,184,551,2.994565217,79,79,0,0,104.7678826,0,79,0,0,0,0,0,0,0,0,13.76699622,12.00088634,200737,0,0,0,35,SALT LAKE
1908,351003,0,0,0,3677.833333,978,52,2647.833333,4011.669713,557.3333333,420.6666667,29.16666667,22.83333333,661.6666667,348.3333333,138.5,1499.333333,0,183.2690125,150.5673672,0,86000,0,0,0,35,SALT LAKE
1909,351004,345,981,2.843478261,1249.5,634.5,50,565,1337.779172,383,251.5,21.66666667,28.33333333,88.83333333,38.5,0.5,437.1666667,0,0,65.27747326,23.00169883,107019,0,0,0,35,SALT LAKE
1910,351005,671,1919,2.859910581,156.8333333,80,3.333333333,73.5,235.7274494,8.666666667,71.33333333,2,1.333333333,4.833333333,2.333333333,2,64.33333333,0,0,33.89079227,45.00332379,94434,0,0,0,35,SALT LAKE
1911,351006,667,1583,2.373313343,215.6666667,69.83333333,1.333333334,144.5,296.8056127,17,52.83333333,0.166666667,1.166666667,8.833333333,58.66666667,0.166666667,76.83333333,0,0,36.13562228,45.00332379,95462,568,0,0,35,SALT LAKE
1912,351007,225,726,3.226666667,0,0,0,0,24.21241648,0,0,0,0,0,0,0,0,0,0,9.21130855,15.00110793,94318,0,0,0,35,SALT LAKE
1913,351008,262,790,3.015267176,174,91.66666667,1.666666667,80.66666666,209.8507985,23.66666667,68,1.5,0.166666667,16.83333333,14.83333333,4,45,0,0,17.84946901,18.00132952,105222,0,0,0,35,SALT LAKE
1914,351009,193,617,3.196891192,683.5,278.8333333,44.83333333,359.8333333,732.3841244,183.5,95.33333333,3.333333333,41.5,55,63.5,5.5,235.8333333,0,0,35.8831642,13.00096021,178592,0,0,0,35,SALT LAKE
1915,351010,329,1036,3.14893617,0,0,0,0,38.47060502,0,0,0,0,0,0,0,0,0,0,16.46898006,22.00162496,196579,0,0,0,35,SALT LAKE
1916,351011,263,722,2.745247148,111.1666667,8.166666666,0.5,102.5,151.4860611,4.833333333,3.333333333,0,0.5,16,25.33333333,0,61.16666667,0,0,22.31806496,18.00132952,211528,0,0,0,35,SALT LAKE
1917,351012,120.9999923,314,2.595041486,0,0,0,0,12.95422712,0,0,0,0,0,0,0,0,0,0,4.95363673,8.00059039,188288,0,0,0,35,SALT LAKE
1918,351013,0,0,0,1522.666667,1079,50.66666667,393,1585.003344,668.5,410.5,49.16666667,1.5,27.83333333,14,0,351.1666667,0,0,62.33667772,0,86000,0,0,0,35,SALT LAKE
1919,351014,0,0,0,1561,1321.333333,1.833333333,237.8333333,1624.906012,884.3333333,437,0.833333333,1,33.33333333,30.33333333,0.166666667,174,0,0,63.90601176,0,86000,0,0,0,35,SALT LAKE
1920,351015,290,827,2.851724138,653.9999999,287.6666666,11.66666667,354.6666667,714.6479601,136.3333333,151.3333333,5.5,6.166666667,64.16666667,30,41.5,219,0,0,41.64655676,19.00140338,150596,0,0,0,35,SALT LAKE
1921,351016,217,676,3.115207373,174.6666667,39.33333333,8.666666666,126.6666667,207.7022747,34.5,4.833333333,0.333333333,8.333333333,10.16666667,63.66666667,0,52.83333333,0,0,18.03450007,15.00110793,111875,0,0,0,35,SALT LAKE
1922,351017,496,1527,3.078629032,448.3333333,65.33333334,4.5,378.5,519.9959739,51.16666667,14.16666667,1.666666667,2.833333333,61.33333333,107.3333333,30.16666667,179.6666667,0,0,38.66020315,33.00243744,87500,0,0,0,35,SALT LAKE
1923,351018,367,1097,2.989100817,318.1666667,7.5,1.333333334,309.3333334,371.2186536,5.166666667,2.333333333,0.166666667,1.166666667,41.66666667,73.66666667,41.33333333,152.6666667,0,0,28.05014033,25.00184655,133438,0,0,0,35,SALT LAKE
1924,351019,294,992,3.37414966,111.1666667,20.33333333,2,88.83333333,204.7553225,4.833333333,15.5,2,0,1.166666667,2.166666667,4,81.5,0,0,73.58717858,20.00147724,143480,0,0,0,35,SALT LAKE
1925,351020,20,59,2.95,127.8333333,43,17.33333334,67.5,137.8855781,40.33333333,2.666666667,16.66666667,0.666666667,20.33333333,15.83333333,0.166666667,31.16666667,0,0,9.052170877,1.000073862,122356,0,0,0,35,SALT LAKE
1926,351021,132,417,3.159090909,0,0,0,0,14.40463244,0,0,0,0,0,0,0,0,0,0,5.403967683,9.000664758,195080,0,0,0,35,SALT LAKE
1927,351022,479,1324,2.764091858,0,0,0,0,51.612216,0,0,0,0,0,0,0,0,0,0,19.60985242,32.00236358,211528,0,0,0,35,SALT LAKE
1928,351023,0,0,0,1730,1306,263.6666666,160.3333334,1800.824728,893,413,261.8333333,1.833333333,16.5,14,0.166666667,129.6666667,0,0,70.82472796,0,86000,0,0,0,35,SALT LAKE
1929,351024,669,2063,3.083707025,1248.166667,401.3333333,116.1666667,730.6666666,1373.663986,302.5,98.83333333,10.66666667,105.5,189.5,107.3333333,54.5,379.3333333,0,0,80.49399523,45.00332379,81852,468,0,63,35,SALT LAKE
1930,351025,455,1423,3.127472527,79.66666667,7.833333333,0.5,71.33333334,228.5577548,5.333333333,2.5,0,0.5,16.5,9.166666667,0,45.66666667,0,0,117.8887984,31.00228972,111875,0,0,0,35,SALT LAKE
1931,351026,486,1582,3.255144033,200.6666667,31.66666666,8.666666666,160.3333333,261.7806532,28.33333333,3.333333333,0.333333333,8.333333333,50.83333333,63.66666667,7.166666667,38.66666667,0,0,28.11154906,33.00243744,104544,560,0,0,35,SALT LAKE
1932,351027,393,1353,3.442748091,284,3.833333333,0.5,279.6666667,337.7177244,3,0.833333333,0,0.5,18.83333333,154.8333333,64.00000001,42,0,0,27.71580395,26.00192041,148988,0,0,2276,35,SALT LAKE
1933,351028,421.0000001,1426,3.387173396,42.00000001,0,0,42.00000001,88.95689418,0,0,0,0,0,42.00000001,0,0,0,0,18.95482604,28.00206813,136311,647,0,0,35,SALT LAKE
1934,351029,383,1091,2.848563969,32.66666667,0.166666667,7.166666667,25.33333334,75.68562673,0.166666667,0,0,7.166666667,4,8.166666667,3,10.16666667,0,0,17.01703965,26.00192041,125965,0,0,0,35,SALT LAKE
1935,351030,382,1164,3.047120419,0,0,0,0,61.64067537,0,0,0,0,0,0,0,0,0,0,35.63875496,26.00192041,202062,0,0,0,35,SALT LAKE
1936,351031,92,239,2.597826087,0,0,0,0,9.76684489,0,0,0,0,0,0,0,0,0,0,3.766401718,6.000443172,204375,0,0,0,35,SALT LAKE
1937,351032,220.9999999,714,3.230769232,115.4999999,19.49999999,34.49999999,61.49999997,144.2771315,18.16666666,1.333333332,2.333333332,32.16666665,11.49999999,5.83333333,11.16666666,32.99999998,0,0,13.77602367,15.00110792,112750,0,0,0,35,SALT LAKE
1938,351033,929,3356,3.612486545,305.1666667,19,5.5,280.6666667,417.6969793,1.166666667,17.83333333,1.166666667,4.333333333,37.5,137.6666667,63,42.5,0,0,50.5257332,62.00457944,138633,343,1075,0,35,SALT LAKE
1939,351034,719.0000004,2273,3.161335186,44.00000002,0,7.000000004,37.00000002,128.2401162,0,0,4.000000002,3.000000002,10.00000001,0,6.000000003,21.00000001,0,0,36.23657079,48.0035454,136460,13,0,0,35,SALT LAKE
1940,351035,206,640,3.106796117,0,0,0,0,22.43449879,0,0,0,0,0,0,0,0,0,0,8.433464717,14.00103407,163500,0,0,0,35,SALT LAKE
1941,351036,511,1559,3.050880626,134,0,6,128,194.4082625,0,0,2,4,18,46,19,45,0,0,26.40575118,34.00251131,198891,516,0,0,35,SALT LAKE
1942,351037,286,906,3.167832168,238.6666667,3.833333333,0.166666667,234.6666667,279.1474769,2,1.833333333,0,0.166666667,8,1.166666667,0,225.5,0,0,21.4794069,19.00140338,161589,0,0,0,35,SALT LAKE
1943,351038,258,829,3.213178295,0,0,0,0,27.56355612,0,0,0,0,0,0,0,0,0,0,10.56230047,17.00125565,214542,0,0,0,35,SALT LAKE
1944,351039,250,721,2.884,51.83333334,1,17.66666667,33.16666667,81.19138883,1,0,0,17.66666667,7.5,11.5,1,13.16666667,0,0,12.35679984,17.00125565,130000,0,0,0,35,SALT LAKE
1945,351040,700,2296,3.28,123.5,0.333333334,0.166666667,123,204.2168608,0.166666667,0.166666667,0,0.166666667,7.5,72.66666667,0,42.83333333,0,0,33.71338929,47.00347151,130454,701,0,0,35,SALT LAKE
1946,351041,213,807,3.788732394,132.1666667,27.83333333,20,84.33333333,160.2985304,10.83333333,17,2.166666667,17.83333333,13,10,0,61.33333333,0,0,14.13082964,14.00103407,168584,0,0,0,35,SALT LAKE
1947,351042,284,967,3.404929577,186,0,0,186,224.2428035,0,0,0,0,0,71,115,0,0,0,19.24140008,19.00140338,155250,580,0,0,35,SALT LAKE
1948,351043,345,1033,2.994202899,0,0,0,0,37.12570527,0,0,0,0,0,0,0,0,0,0,14.12400644,23.00169883,171875,0,0,0,35,SALT LAKE
1949,351044,295,821,2.783050847,74,0,0,74,109.1080233,0,0,0,0,0,74,0,0,0,0,15.10654602,20.00147724,116544,637,0,0,35,SALT LAKE
1950,351045,436,1280,2.935779817,306,8.166666667,16,281.8333334,368.3789907,6.166666667,2,2.333333333,13.66666667,34,15.66666667,123.1666667,109,0,0,33.37684864,29.002142,152948,0,0,0,35,SALT LAKE
1951,351046,379,969,2.556728232,0,0,0,0,40.51778406,0,0,0,0,0,0,0,0,0,0,15.51593751,25.00184655,104241,0,0,0,35,SALT LAKE
1952,351047,358,1148,3.206703911,0,0,0,0,38.65798807,0,0,0,0,0,0,0,0,0,0,14.65621538,24.00177269,126239,0,0,0,35,SALT LAKE
1953,351048,0,0,0,0,0,0,0,0,0,0,0,0,0,0,0,0,0,0,0,0,130000,0,0,0,35,SALT LAKE
1954,351049,746,2604,3.490616622,0,0,0,0,80.54429834,0,0,0,0,0,0,0,0,0,0,30.54060524,50.0036931,131221,0,0,0,35,SALT LAKE
1955,351050,276,1044,3.782608696,98,0,0,98,132.3126451,0,0,0,0,0,98,0,0,0,0,15.31124177,19.00140338,168750,0,1152,0,35,SALT LAKE
1956,351051,426,1449,3.401408451,856.5,531.3333334,30.66666667,294.5,938.0066008,413.6666667,117.6666667,17.5,13.16666667,41.33333333,10.66666667,1.166666667,241.3333333,0,0,52.50445874,29.002142,150002,0,0,0,35,SALT LAKE
1957,351052,364,956,2.626373626,0,0,0,0,38.90362297,0,0,0,0,0,0,0,0,0,0,14.90185028,24.00177269,108864,0,0,0,35,SALT LAKE
1958,351053,367,1274,3.471389646,133.6666667,9.333333333,4.166666667,120.1666667,183.1653805,8.833333333,0.5,0.166666667,4,3.166666667,98,0,19,0,0,24.49686732,25.00184655,141195,0,1189,0,35,SALT LAKE
1959,351054,274,806,2.941605839,71.83333333,14,1,56.83333333,103.9927853,14,0,0,1,4.333333333,0,3,49.5,0,0,14.1581224,18.00132952,152948,0,0,0,35,SALT LAKE
1960,351055,494,837,1.694331984,3976,339.8333334,2347.5,1288.666667,4196.000434,214.1666667,125.6666667,2273.5,74,189.3333333,429,144.5,525.8333333,0,0,186.9979965,33.00243744,80265,0,0,0,35,SALT LAKE
1961,351056,269,743,2.762081784,1733.666667,100.6666667,106.6666667,1526.333333,1850.053849,68.83333333,31.83333333,34.66666667,72,284.8333333,136.5,344.5,760.5,1.011336032,3.393870601,93.9806461,18.00132952,144133,0,0,0,35,SALT LAKE
1962,351057,287,801,2.790940767,1039.5,82.16666667,39.5,917.8333333,1116.526792,40.66666667,41.5,12.16666667,27.33333333,289.8333333,55,91,482,2.022672065,1.696935301,54.3057813,19.00140338,144330,0,0,0,35,SALT LAKE
1963,351058,335,555,1.656716418,1700.5,25.83333333,198.6666667,1476,1806.833337,25.5,0.333333333,77.5,121.1666667,851.1666667,19,46,559.8333333,0,0,83.33163802,23.00169883,80286,0,0,0,35,SALT LAKE
1964,351059,0,0,0,852.1666667,17.5,50,784.6666667,912.0536449,13.66666667,3.833333333,5.5,44.5,254.5,203.6666667,0.166666667,326.3333333,0,0,59.88697824,0,129797,0,0,0,35,SALT LAKE
1965,351060,0,0,0,226.3333333,9.333333333,27,190,235.5992274,8.5,0.833333333,0.5,26.5,38,18.5,0,133.5,0,0,9.265894083,0,129797,0,0,0,35,SALT LAKE
1966,351061,0,0,0,0,0,0,0,9.122493866,0,0,0,0,0,0,0,0,9.102024291,0,0.020469575,0,130000,0,0,0,35,SALT LAKE
1967,351062,1206.999904,3487,2.888981175,135.9999892,0,0,135.9999892,307.9872355,0,0,0,0,0,135.9999892,0,0,0,0,90.98127001,81.00597636,130000,854,1517,174,35,SALT LAKE
1968,351063,679.9999695,2337,3.43676486,0,0,0,0,73.84201574,0,0,0,0,0,0,0,0,0,0,27.83862015,46.00339559,124468,0,0,0,35,SALT LAKE
1969,351064,150,576,3.84,0,0,0,0,16.14161099,0,0,0,0,0,0,0,0,0,0,6.140872367,10.00073862,173236,0,0,0,35,SALT LAKE
1970,351065,120,433,3.608333333,384.1666666,14.16666667,23.33333333,346.6666666,412.8074119,11.66666667,2.5,9.333333333,14,89.16666667,64.33333333,63.83333333,129.3333333,0,0,20.64015434,8.000590896,104750,0,0,0,35,SALT LAKE
1971,351066,193,568,2.943005181,834.6666668,62.83333333,158.1666667,613.6666668,889.7394259,45.83333333,17,17.5,140.6666667,101.1666667,265.1666667,12.16666667,235.1666667,0,0,42.0717989,13.00096021,144621,0,0,2460,35,SALT LAKE
1972,351067,541,894,1.652495379,1812.166666,19.16666667,1232.166666,560.8333333,1953.539975,15.16666667,4,1206.833333,25.33333333,176.3333333,85,88.33333333,211.1666667,3.034008097,0,102.3366411,36.00265903,80286,0,0,0,35,SALT LAKE
1973,351068,0,0,0,2125.166667,401,138.8333333,1585.333333,2212.169182,294.3333333,106.6666667,46.83333333,92,307.3333333,251.5,51.83333333,974.6666667,0,0,87.00251506,0,80286,0,0,0,35,SALT LAKE
1974,351069,539,1690,3.135435993,74,0,0,74,163.1096935,0,0,0,0,0,74,0,0,1.011336032,0,52.09569841,36.00265903,129797,902,0,0,35,SALT LAKE
1975,351070,796.0000137,2295,2.88316578,0,0,0,0,86.59837593,0,0,0,0,0,0,0,0,0,0,32.59438645,54.00398948,130000,0,0,0,35,SALT LAKE
1976,351071,486.999958,1408,2.891170681,0,0,0,0,52.9397985,0,0,0,0,0,0,0,0,0,0,19.9373639,33.00243459,130000,0,0,0,35,SALT LAKE
1977,351072,894.9999994,2538,2.835754192,406.9999997,128.9999999,23.99999998,253.9999998,531.3072035,104.9999999,23.99999998,0,23.99999998,0,0,0,253.9999998,0,0,64.3027721,60.00443168,109002,0,0,0,35,SALT LAKE
1978,351073,685,2620,3.824817518,76,0,0,76,153.1580901,0,0,0,0,0,76,0,0,0,0,31.15469247,46.00339765,125176,792,0,0,35,SALT LAKE
1979,351074,248,955,3.850806452,62.83333334,8.166666667,4.333333333,50.33333334,93.55984117,7.666666667,0.5,2,2.333333333,14,14.16666667,8,14.16666667,0,0,13.72525218,17.00125565,173487,0,0,0,35,SALT LAKE
1980,351075,700,2513,3.59,401.5,164.5,16,221,493.5979443,40.83333333,123.6666667,1.166666667,14.83333333,12.5,3.666666667,0.5,204.3333333,0,0,45.09447275,47.00347151,104854,0,0,0,35,SALT LAKE
1981,351076,400,1156,2.89,1309.166667,395.6666666,88.83333334,824.6666667,1448.14049,361.3333333,34.33333333,22.66666667,66.16666667,138,100.1666667,126,460.5,0,0,111.971829,27.00199427,136454,0,0,0,35,SALT LAKE
1982,351077,614,2386,3.885993485,6,0,0,6,100.3853008,0,0,0,0,0,0,6,0,0,0,53.38227245,41.00302834,172125,0,0,0,35,SALT LAKE
1983,351078,643,2146,3.33748056,229.8333333,19.66666667,9.166666667,201,312.5695634,19.5,0.166666667,4,5.166666667,23.66666667,84.66666667,53.33333333,39.33333333,0,0,39.73305398,43.00317606,162216,783,0,0,35,SALT LAKE
1984,351079,225,772,3.431111111,516.1666667,104.8333333,45,366.3333333,564.5105073,72,32.83333333,14,31,57.16666667,55.16666667,24,230,0,0,33.34273268,15.00110793,215000,0,0,0,35,SALT LAKE
1985,351080,555,1335,2.405405405,2282.833333,699.6666666,80,1503.166667,2436.014548,322.8333333,376.8333333,24,56,189.8333333,494.3333333,336.5,482.5,0,0,116.178482,37.00273289,109134,0,0,27,35,SALT LAKE
1986,351081,359,863,2.403899721,309.8333333,2.666666667,6.166666666,301,361.2165735,2.166666667,0.5,1.833333333,4.333333333,94.33333333,112.8333333,56,37.83333333,0,0,27.38146756,24.00177269,109185,863,0,0,35,SALT LAKE
1987,351082,365,1162,3.183561644,6667.666666,518.1666666,306.3333333,5843.166666,6984.103331,158.8333333,359.3333333,83.33333333,223,2882,600.6666667,216.1666667,2144.333333,0,1.696935301,289.9045661,24.83516284,147524,0,0,0,35,SALT LAKE
1988,351083,856,1783,2.082943925,1934.5,46,54.16666666,1834.333334,2106.74498,12.5,33.5,16.33333333,37.83333333,425.8333333,86,57.33333333,1265.166667,0,0,114.2406956,58.00428399,87500,0,0,0,35,SALT LAKE
1989,351084,0,0,0,1971.5,1074.833333,83,813.6666668,2052.218356,901,173.8333333,19.16666667,63.83333333,203.6666667,171.6666667,7.666666667,430.6666667,0,0,80.71835567,0,86000,0,13,349,35,SALT LAKE
1990,351085,0,0,0,13.83333333,0.666666667,1.5,11.66666667,28.55836268,0.666666667,0,0,1.5,1.666666667,2,0,8,14.15870445,0,0.566324896,0,129797,0,0,0,35,SALT LAKE
1991,351086,0,0,0,0,0,0,0,0,0,0,0,0,0,0,0,0,0,0,0,0,129797,0,0,0,35,SALT LAKE
1992,351087,358,1123,3.136871508,0,0,0,0,216.6693241,0,0,0,0,0,0,0,0,1.011336032,0,191.6562154,24.00177269,129797,0,0,0,35,SALT LAKE
1993,351088,0,0,0,0,0,0,0,1.011336032,0,0,0,0,0,0,0,0,1.011336032,0,0,0,129797,0,0,0,35,SALT LAKE
1994,351089,0,0,0,0,0,0,0,1.011336032,0,0,0,0,0,0,0,0,1.011336032,0,0,0,129797,0,0,0,35,SALT LAKE
1995,351090,0,0,0,0,0,0,0,1.011336032,0,0,0,0,0,0,0,0,1.011336032,0,0,0,130000,0,0,0,35,SALT LAKE
1996,351091,1197.999987,3459,2.887312217,2517.333307,177.3333315,158.9999984,2180.999977,2750.441873,66.16666598,111.1666655,29.83333302,129.1666653,606.9999936,173.8333315,204.6666646,1195.499987,0,0,152.1025837,81.00598197,130000,26,0,0,35,SALT LAKE
1997,351092,550,2104,3.825454545,95.5,1.333333333,22,72.16666667,161.9289536,0.5,0.833333333,5,17,40.5,11,3.166666667,17.5,0,0,29.42622075,37.00273289,133644,0,0,0,35,SALT LAKE
1998,351093,470,1691,3.59787234,0,0,0,0,65.24376366,0,0,0,0,0,0,0,0,0,0,33.24140008,32.00236358,104750,0,0,0,35,SALT LAKE
1999,351094,756,1728,2.285714286,790.5,462,56.83333333,271.6666667,904.8161611,5.5,456.5,10,46.83333333,120,45.66666667,1.5,104.5,0,0,63.3123941,51.00376696,89384,0,0,0,35,SALT LAKE
2000,351095,432,1516,3.509259259,47,1,2.833333333,43.16666667,101.6119944,0.833333333,0.166666667,0,2.833333333,9,2,0,32.16666667,0,0,25.60985242,29.002142,200778,0,0,0,35,SALT LAKE
2001,351096,51,175,3.431372549,292.5,22,16.66666667,253.8333333,309.5628193,3.5,18.5,8.833333333,7.833333333,35.66666667,75.5,0.333333333,142.3333333,0,0,14.06259772,3.000221586,215000,96,25,19,35,SALT LAKE
2002,351097,299,953,3.18729097,15,0,0,15,60.85637006,0,0,0,0,14,0,0,1,0,0,25.85489282,20.00147724,147949,0,0,0,35,SALT LAKE
2003,351098,161,533,3.310559006,20.16666667,9.333333333,0,10.83333333,38.58428833,0.333333333,9,0,0,8,0.333333333,1,1.5,0,0,7.416809181,11.00081248,138036,0,0,0,35,SALT LAKE
2004,351099,240,751,3.129166667,0,0,0,0,93.82657758,0,0,0,0,0,0,0,0,0,0,77.82539579,16.00118179,129797,0,0,0,35,SALT LAKE
2005,351100,24,76,3.166666667,0,0,0,0,41.9826873,0,0,0,0,0,0,0,0,0,0,39.98253958,2.000147724,129797,0,0,0,35,SALT LAKE
2006,351101,1033,3238,3.134559535,3,3,0,0,137.418055,0,3,0,0,0,0,0,0,0,0,65.41295848,69.00509648,129797,0,0,0,35,SALT LAKE
2007,351102,440,1379,3.134090909,41.5,9.166666666,7,25.33333334,100.2144162,6.833333333,2.333333333,1.166666667,5.833333333,5,3.666666667,0,16.66666667,0,0,28.7122003,30.00221586,129797,0,0,0,35,SALT LAKE
2008,351103,0,0,0,952.3333333,439.3333334,127.6666666,385.3333333,1029.32105,237.1666667,202.1666667,12.33333333,115.3333333,56.5,70.5,0.5,257.8333333,0,0,76.98771634,0,129797,0,0,0,35,SALT LAKE
2009,351104,0,0,0,546.9999962,13.33333324,34.99999976,498.6666632,570.4050467,8.333333275,4.999999965,15.83333322,19.16666654,94.66666602,247.666665,15.99999989,140.3333323,1.011336025,0,22.39371441,0,130000,0,0,0,35,SALT LAKE
2010,351105,476.0000068,1393,2.926470547,0,0,0,0,51.48939929,0,0,0,0,0,0,0,0,0,0,19.48703526,32.00236403,111923,0,0,0,35,SALT LAKE
2011,351106,483,2036,4.215320911,103,0,1,102,158.992705,0,0,1,0,0,81,0,21,0,0,23.99034138,32.00236358,146490,701,0,0,35,SALT LAKE
2012,351107,457,1720,3.763676149,24,0,0,24,74.69402044,0,0,0,0,20,0,4,0,0,0,19.69173072,31.00228972,117339,0,0,0,35,SALT LAKE
2013,351108,125,468,3.744,805.1666666,309,34.5,461.6666666,851.2474894,121.1666667,187.8333333,12.33333333,22.16666667,56.33333333,152.5,20.5,232.3333333,0,0,38.08023187,8.000590896,117339,369,82,0,35,SALT LAKE
2014,351109,423,968,2.288416076,3067.833333,1503.333333,169,1395.5,3238.747148,776.1666667,727.1666667,37.66666667,131.3333333,219.6666667,114.8333333,22.66666667,1038.333333,0,0,142.9117464,28.00206813,89604,0,0,0,35,SALT LAKE
2015,351110,254,889,3.5,345,238,15,92,396.523806,0,238,15,0,5,72,1,14,0,0,34.52255032,17.00125565,207897,0,180,173,35,SALT LAKE
2016,351111,346,1345,3.887283237,0,0,0,0,37.16664442,0,0,0,0,0,0,0,0,0,0,14.16494559,23.00169883,172687,0,0,0,35,SALT LAKE
2017,351112,123,421,3.422764228,28,0,0,28,42.18240241,0,0,0,0,8,0,20,0,0,0,6.181811516,8.000590896,213623,0,0,0,35,SALT LAKE
2018,351113,181,619,3.419889503,549.6666666,16.33333333,43.33333333,490,596.5804246,11.33333333,5,8.5,34.83333333,207.3333333,40.33333333,55.83333333,186.5,0,0,34.91287162,12.00088634,143550,0,0,0,35,SALT LAKE
2019,351114,227,544,2.396475771,818.8333333,94.16666667,40.16666667,684.4999999,888.649968,42.5,51.66666667,16.66666667,23.5,122.8333333,183.8333333,27.33333333,350.5,0,0,54.81552678,15.00110793,109185,621,0,0,35,SALT LAKE
2020,351115,282,1105,3.918439716,0,0,0,0,33.54624343,0,0,0,0,0,0,0,0,0,0,14.54484005,19.00140338,170625,0,0,0,35,SALT LAKE
2021,351116,276,805,2.916666667,235,13.83333333,10.16666667,211,274.9213086,8.333333333,5.5,4.833333333,5.333333333,22.83333333,154,1.5,32.66666667,0,0,20.9199052,19.00140338,111923,731,292,0,35,SALT LAKE
2022,351117,209,664,3.177033493,0,0,0,0,233.3621746,0,0,0,0,0,0,0,0,71.8048583,0,147.5562822,14.00103407,146705,0,0,0,35,SALT LAKE
2023,351118,250,605,2.42,35,0,0,35,181.7142573,0,0,0,0,0,35,0,0,4.04534413,0,125.6676575,17.00125565,129797,354,0,0,35,SALT LAKE
2024,351119,163,394,2.417177914,340,0,0,340,410.5932045,0,0,0,0,0,340,0,0,0,0,59.592392,11.00081248,76792,1158,41,2521,35,SALT LAKE
2025,351120,782,1894,2.421994885,179,1.833333334,7.666666667,169.5,271.346437,1.166666667,0.666666667,1.166666667,6.5,20,91.16666667,19,39.33333333,0,0,39.3425223,53.00391468,76792,0,1094,0,35,SALT LAKE
2026,351121,414,1004,2.425120773,204.1666667,101.8333333,11.66666667,90.66666667,257.4759521,45.66666667,56.16666667,5,6.666666667,14.66666667,16.5,0.166666667,59.33333333,0,0,25.30721734,28.00206813,76792,0,0,0,35,SALT LAKE
2027,351122,0,0,0,624.8333332,325.1666666,44.16666666,255.5,667.4248143,152.3333333,172.8333333,21.33333333,22.83333333,34,71.33333333,0.833333333,149.3333333,1.011336032,0,41.580145,0,76792,0,0,0,35,SALT LAKE
2028,351123,769,2427,3.156046814,19,16,0,3,103.2638903,16,0,0,0,0,0,0,3,0,0,32.2600495,52.00384082,169293,0,0,0,35,SALT LAKE
2029,351124,1474,3571,2.42265943,36.16666667,0.333333334,13.33333334,22.5,196.9989174,0.166666667,0.166666667,3.166666667,10.16666667,0.5,2,0,20,0,0,61.82493835,99.00731233,76792,0,0,0,35,SALT LAKE
2030,351125,275,1185,4.309090909,31.66666667,1.833333334,3,26.83333333,63.23400461,1.666666667,0.166666667,0.166666667,2.833333333,5.666666667,3.166666667,0,18,1.011336032,0,12.55467239,18.00132952,144509,0,0,0,35,SALT LAKE
2031,351126,217,939,4.32718894,44.83333333,3,8.5,33.33333333,71.56501118,1.833333333,1.166666667,2.666666667,5.833333333,5.333333333,5.333333333,0.166666667,22.5,1.011336032,0,10.71923388,15.00110793,144509,0,0,0,35,SALT LAKE
2032,351127,472,2044,4.330508475,318.3333333,33.83333333,15.66666667,268.8333333,382.6912711,19,14.83333333,3.666666667,12,23.66666667,116.5,61.33333333,67.33333333,0,0,32.35557418,32.00236358,132213,879,0,0,35,SALT LAKE
2033,351128,586,2058,3.511945392,254.6666667,0.166666667,2,252.5,328.0857253,0.166666667,0,0,2,6.5,237,0,9,0,0,34.41617802,39.00288062,111143,0,0,0,35,SALT LAKE
2034,351129,13,43,3.307692308,0,0,0,0,12.5322828,0,0,0,0,0,0,0,0,0,0,11.53220894,1.000073862,146705,0,0,0,35,SALT LAKE
2035,351130,336,1388,4.130952381,1,0,0,1,86.80952811,0,0,0,0,0,0,1,0,1.011336032,0,61.79649325,23.00169883,137813,0,0,0,35,SALT LAKE
2036,351131,225,714,3.173333333,61,0,0,61,138.7097046,0,0,0,0,0,61,0,0,0,0,62.70859665,15.00110793,146705,566,0,0,35,SALT LAKE
2037,351132,112,391,3.491071429,95,17,7,71,113.4749948,17,0,0,7,0,70,1,0,0,0,10.47440387,8.000590896,111143,679,0,0,35,SALT LAKE
2038,351133,179,629,3.51396648,787.6666667,231.3333333,69.33333333,487,839.2420638,85.83333333,145.5,28.83333333,40.5,37,36.33333333,78.66666667,335,0,0,39.57451081,12.00088634,111143,0,0,0,35,SALT LAKE
2039,351134,1146,4024,3.511343805,816.8333333,642.8333333,30.33333333,143.6666667,974.1957472,335,307.8333333,0.5,29.83333333,12.33333333,9.666666667,4,117.6666667,0,0,80.35672652,77.00568737,111143,0,0,0,35,SALT LAKE
2040,351135,663,2328,3.511312217,60.50000001,25.16666667,2,33.33333334,135.1227982,23.66666667,1.5,0,2,2.5,1.5,0.166666667,29.16666667,0,0,29.61947438,45.00332379,111424,0,0,0,35,SALT LAKE
2041,351136,412,1704,4.13592233,18,0,12,6,83.60590225,0,0,0,12,6,0,0,0,0,0,37.60383412,28.00206813,137813,0,0,0,35,SALT LAKE
2042,351137,256,1134,4.4296875,59.5,5,2.666666667,51.83333334,89.4175572,4.166666667,0.833333333,0.5,2.166666667,9.833333333,8.833333333,0,33.16666667,0,0,12.91630155,17.00125565,156897,0,0,0,35,SALT LAKE
2043,351138,372,1652,4.440860215,60.5,27.66666667,3.5,29.33333333,103.2080285,27.66666667,0,0.5,3,1.166666667,0.166666667,0,28,0,0,17.70618199,25.00184655,156897,0,0,0,35,SALT LAKE
2044,351139,731,3020,4.131326949,122,0,1,121,217.9247134,0,0,1,0,5,74,36,6,0,0,46.92109419,49.00361924,137813,704,0,0,35,SALT LAKE
2045,351140,298,908,3.046979866,72.16666666,1,4.666666667,66.5,107.3224523,0.666666667,0.333333333,2,2.666666667,14,27.5,2.166666667,22.83333333,0,0,15.15430836,20.00147724,144440,0,0,0,35,SALT LAKE
2046,351141,258,1010,3.914728682,0,0,0,0,27.56355612,0,0,0,0,0,0,0,0,0,0,10.56230047,17.00125565,148260,0,0,0,35,SALT LAKE
2047,351142,613,1697,2.768352365,367,0,0,367,526.1233944,0,0,0,0,0,367,0,0,0,0,118.1203661,41.00302834,89309,1257,0,2746,35,SALT LAKE
2048,351143,781,2828,3.62099872,0,0,0,0,109.9773901,0,0,0,0,0,0,0,0,0,0,56.97347546,53.00391468,155855,0,0,0,35,SALT LAKE
2049,351144,14,43,3.071428571,95,0,0,95,100.4624411,0,0,0,0,0,95,0,0,0,0,4.462367253,1.000073862,136667,0,1200,0,35,SALT LAKE
2050,351145,322,1399,4.344720497,0,0,0,0,40.18403097,0,0,0,0,0,0,0,0,0,0,18.18240601,22.00162496,197306,0,0,0,35,SALT LAKE
2051,351146,339,1627,4.799410029,0,0,0,0,36.88007038,0,0,0,0,0,0,0,0,0,0,13.87837155,23.00169883,147896,0,0,0,35,SALT LAKE
2052,351147,613,2527,4.122349103,92,0,0,92,161.8651285,0,0,0,0,0,92,0,0,0,0,28.86210012,41.00302834,112614,782,0,0,35,SALT LAKE
2053,351148,1744,4826,2.767201835,475.3333333,116,18.66666667,340.6666666,746.1995934,106.3333333,9.666666667,5.666666667,13,63.33333333,158.3333333,3.5,115.5,0,0,153.8576183,117.0086418,89323,0,0,0,35,SALT LAKE
2054,351149,491,1419,2.890020367,0,0,0,0,53.10355965,0,0,0,0,0,0,0,0,0,0,20.10112221,33.00243744,122227,0,0,0,35,SALT LAKE
2055,351150,718,2242,3.122562674,39,39,0,0,117.9944812,4,35,0,0,0,0,0,0,0,0,30.99093588,48.00354537,106727,0,0,0,35,SALT LAKE
2056,351151,701,2023,2.885877318,0,0,0,0,75.70181504,0,0,0,0,0,0,0,0,0,0,28.69834353,47.00347151,122227,0,0,0,35,SALT LAKE
2057,351152,457,1318,2.884026258,400,0,4,396,466.0871405,0,0,0,4,10,303,56,27,0,0,35.08485079,31.00228972,122227,1047,559,434,35,SALT LAKE
2058,351153,1521,4206,2.765285996,174.3333333,87.66666667,0.5,86.16666667,345.7463714,26.16666667,61.5,0.333333333,0.166666667,12.83333333,9,6.166666667,58.16666667,0,0,69.40550413,102.0075339,89309,0,0,397,35,SALT LAKE
2059,351154,0,0,0,0,0,0,0,0,0,0,0,0,0,0,0,0,0,0,0,0,122227,0,0,0,35,SALT LAKE
2060,351155,0,0,0,207.3333333,4.5,45.33333333,157.5,215.8213836,4.333333333,0.166666667,0,45.33333333,14.5,84.66666667,0,58.33333333,0,0,8.488050249,0,89309,0,0,0,35,SALT LAKE
2061,351156,1,3,2.999999999,378.1666669,72.00000003,16.16666668,290.0000002,393.6894276,19.83333334,52.16666669,3.000000001,13.16666667,45.83333335,101.6666667,0.333333333,142.1666668,0,0,15.52276072,0,89309,0,0,0,35,SALT LAKE
2062,351157,574,2302,4.010452962,74,0,0,74,139.5314492,0,0,0,0,0,74,0,0,0,0,26.52856863,39.00288062,143282,759,0,0,35,SALT LAKE
2063,351158,160,596,3.725,908.1666666,162.5,10.33333333,735.3333332,967.9086495,17.83333333,144.6666667,3.333333333,7,133.8333333,52.33333333,354.3333333,194.8333333,1.011336032,0,47.72983444,11.00081248,172875,0,0,0,35,SALT LAKE
2064,351159,390,1448,3.712820513,924.1666666,525.1666666,34.33333334,364.6666667,1027.969452,266.8333333,258.3333333,10.66666667,23.66666667,73.16666667,57.33333333,24.66666667,209.5,0,0,77.80086513,26.00192041,172875,0,0,0,35,SALT LAKE
2065,351160,242,865,3.574380165,29,0,0,29,56.0956912,0,0,0,0,0,29,0,0,0,0,11.09450941,16.00118179,115484,86,21,0,35,SALT LAKE
2066,351161,691,2429,3.515195369,434.5,90.33333333,15.66666667,328.5,530.58041,15,75.33333333,5.166666667,10.5,31.33333333,205.6666667,18.33333333,73.16666667,0,0,50.07701233,46.00339765,141836,0,0,2302,35,SALT LAKE
2067,351162,456,1318,2.890350877,412.3333334,81.16666667,19,312.1666667,478.8844509,29.5,51.66666667,1.5,17.5,51,33.33333333,85.16666667,142.6666667,0,0,35.54882781,31.00228972,103571,0,0,0,35,SALT LAKE
2068,351163,163,470,2.883435583,0,0,0,0,17.67389379,0,0,0,0,0,0,0,0,0,0,6.673081305,11.00081248,103571,0,0,0,35,SALT LAKE
2069,351164,909,2786,3.064906491,1034.666667,425.1666666,32.5,576.9999999,1177.243232,261.8333333,163.3333333,7.333333333,25.16666667,68.5,136.8333333,64.33333333,307.3333333,0,0,81.57205949,61.00450558,109344,575,4,6,35,SALT LAKE
2070,351165,938,2371,2.52771855,201.1666667,20,9.833333334,171.3333333,361.807834,19.33333333,0.666666667,5.166666667,4.666666667,55.66666667,6,24,85.66666667,0,0,97.63651403,63.0046533,114358,0,0,0,35,SALT LAKE
2071,351166,684,1948,2.847953216,312,231,4,77,398.7787902,151,80,2,2,24,0,1,52,0,0,40.77539252,46.00339765,123068,0,0,0,35,SALT LAKE
2072,351167,566,1643,2.902826855,0,0,0,0,61.17436515,0,0,0,0,0,0,0,0,0,0,23.1715584,38.00280675,111666,0,0,0,35,SALT LAKE
2073,351168,250,726,2.904,65.33333334,29,4,32.33333334,100.2440673,24,5,0.666666667,3.333333333,4.5,8.666666667,0,19.16666667,0,0,17.90947835,17.00125565,111667,0,0,0,35,SALT LAKE
2074,351169,346,1286,3.716763006,228.3333333,11.33333333,7,210,305.8590862,7.833333333,3.5,2.666666667,4.333333333,39.16666667,52.83333333,28.16666667,89.83333333,1.011336032,0,53.51271797,23.00169883,170338,0,0,0,35,SALT LAKE
2075,351170,103,382,3.708737864,1147.333334,0,2,1145.333334,1205.521433,0,0,0,2,19.66666667,67.16666667,1058.166667,0.333333333,0,0,51.18758277,7.000517034,170338,649,0,0,35,SALT LAKE
2076,351171,106,393,3.70754717,1395.833333,49.33333333,90.66666667,1255.833333,1473.317629,37.33333333,12,13.16666667,77.5,544,231,121.6666667,359.1666667,0,0,70.48377878,7.000517034,170338,0,0,0,35,SALT LAKE
2077,351172,351,1284,3.658119658,248,25.83333334,22.66666667,199.5,296.524323,17.66666667,8.166666667,3.5,19.16666667,60.83333333,24.5,36.16666667,78,0,0,24.52255032,24.00177269,155542,0,0,0,35,SALT LAKE
2078,351173,279,1051,3.76702509,259.5,8,5.833333333,245.6666667,300.5471352,7.5,0.5,0.5,5.333333333,12.16666667,186.5,3,44,0,0,22.0457318,19.00140338,101481,592,1263,0,35,SALT LAKE
2079,351174,630,1360,2.158730159,1062.666667,218.6666667,117.1666666,726.8333333,1215.966102,79.16666667,139.5,5.333333333,111.8333333,61.66666667,286.3333333,69.5,309.3333333,0,0,111.2963331,42.0031022,90298,0,0,0,35,SALT LAKE
2080,351175,322,798,2.47826087,275.6666667,100.8333333,8.5,166.3333334,322.1362564,96.83333333,4,3.833333333,4.666666667,8.666666667,18.83333333,32.16666667,106.6666667,0,0,24.46796479,22.00162496,81847,0,0,0,35,SALT LAKE
2081,351176,127,316,2.488188976,230.3333333,3.5,1.833333333,225,282.9629207,2.666666667,0.833333333,0.5,1.333333333,66.66666667,26.33333333,90,42,0,0,43.62892262,9.000664758,81847,0,0,0,35,SALT LAKE
2082,351177,333,966,2.900900901,2057.833333,1298.5,268.5,490.8333334,2384.720464,764.5,534,26.66666667,241.8333333,46.83333333,131.6666667,0.333333333,312,0,0,304.8855055,22.00162496,111667,0,0,0,35,SALT LAKE
2083,351178,0,0,0,191,24.16666667,7.833333333,159,202.8647216,13.66666667,10.5,3.5,4.333333333,22.16666667,53.5,8,75.33333333,4.04534413,0,7.819377481,0,170338,0,0,0,35,SALT LAKE
2084,351179,0,0,0,955.3333333,509.8333333,27.33333333,418.1666666,994.4438671,330.8333333,179,5.333333333,22,74.33333333,54,21.5,268.3333333,0,0,39.11053379,0,170338,0,0,0,35,SALT LAKE
2085,351180,121,450,3.719008264,16,0,0,16,29.60925432,0,0,0,0,15,0,1,0,0,0,5.608663428,8.000590896,170338,0,0,0,35,SALT LAKE
2086,351181,373,1364,3.656836461,0,0,0,0,40.27214917,0,0,0,0,0,0,0,0,0,0,15.27030262,25.00184655,155580,0,0,0,35,SALT LAKE
2087,351182,351,1133,3.227920228,0,0,0,0,38.37141403,0,0,0,0,0,0,0,0,0,0,14.36964134,24.00177269,96507,0,0,0,35,SALT LAKE
2088,351183,330,1064,3.224242424,98.66666667,0.166666667,13.5,85.00000001,138.2175402,0.166666667,0,0,13.5,3.166666667,67.16666667,1,13.66666667,0,0,17.54924859,22.00162496,95983,657,0,0,35,SALT LAKE
2089,351184,114,346,3.035087719,82.33333333,2.666666667,2.666666667,77,98.37164384,1.666666667,1,1.166666667,1.5,8.5,9.5,44,15,0,0,8.037719609,8.000590896,82585,0,0,0,35,SALT LAKE
2090,351185,500,1964,3.928,87,0,0,87,146.7307271,0,0,0,0,0,87,0,0,0,1.696935301,24.03128053,34.00251131,158254,838,0,0,35,SALT LAKE
2091,351186,459,1402,3.054466231,158.1666667,97.83333334,4.5,55.83333334,214.4352346,2.166666667,95.66666667,2.5,2,5,5.5,11.16666667,34.16666667,0,0,25.26627819,31.00228972,82585,0,0,0,35,SALT LAKE
2092,351187,403,1113,2.7617866,128.1666667,5.5,5.166666667,117.5,349.9368444,3.666666667,1.833333333,2.166666667,3,29,31.83333333,0.666666667,56,2.022672065,0,192.7455114,27.00199427,89309,0,0,0,35,SALT LAKE
2093,351188,155,576,3.716129032,271.5,114.3333333,7.5,149.6666667,300.9612857,37.33333333,77,0.166666667,7.333333333,11,96,28,14.66666667,0,0,19.4605471,10.00073862,170338,0,1182,0,35,SALT LAKE
2094,351189,504,1874,3.718253968,1082.833333,621.5,29.66666667,431.6666667,1183.799451,421.1666667,200.3333333,13.5,16.16666667,63.83333333,29.5,79.33333333,259,0,0,66.96360645,34.00251131,180218,0,0,0,35,SALT LAKE
2095,351190,315,1285,4.079365079,194,0,0,194,235.839578,0,0,0,0,0,194,0,0,0,0,20.8380269,21.0015511,208266,128,48,110,35,SALT LAKE
2096,351191,35,99,2.828571429,0,0,0,0,4.444353975,0,0,0,0,0,0,0,0,1.011336032,0,1.432870219,2.000147724,153142,0,0,0,35,SALT LAKE
2097,351192,532,1491,2.802631579,87.66666666,31.16666666,4,52.5,151.0379518,3.833333333,27.33333333,0.5,3.5,13.83333333,6,0,32.66666667,0,0,27.36862607,36.00265903,153142,0,0,0,35,SALT LAKE
2098,351193,202,500,2.475247525,260.8333333,3.5,1.333333333,256,296.7823703,2.833333333,0.666666667,0.333333333,1,11.66666667,6.666666667,187,50.66666667,0,0,21.94800285,14.00103407,81847,19,0,0,35,SALT LAKE
2099,351194,119,295,2.478991597,164.8333333,3,36,125.8333333,191.4651554,2.5,0.5,0.666666667,35.33333333,42.33333333,13,27.5,43,1.011336032,0,17.61989516,8.000590896,82319,0,0,0,35,SALT LAKE
2100,351195,474,1918,4.046413502,0,0,0,0,51.40752026,0,0,0,0,0,0,0,0,0,0,19.40515668,32.00236358,61672,0,0,0,35,SALT LAKE
2101,351196,362,1089,3.008287293,289.3333333,15.83333333,16.5,257,361.0114745,13.33333333,2.5,7.833333333,8.666666667,62.33333333,97,4.666666667,93,1.011336032,0,46.66503246,24.00177269,114356,0,0,0,35,SALT LAKE
2102,351197,310,935,3.016129032,245.3333333,62.33333333,8.333333334,174.6666667,319.0697586,59.33333333,3,0.166666667,8.166666667,82.16666667,2.166666667,56.16666667,34.16666667,0,0,52.73487414,21.0015511,114356,0,0,0,35,SALT LAKE
2103,351198,339,826,2.436578171,873.8333333,266.3333334,25.5,581.9999999,946.4873968,247.1666667,19.16666667,9.5,16,147.3333333,183.8333333,0.5,250.3333333,0,0,49.65236468,23.00169883,86000,0,0,0,35,SALT LAKE
2104,351199,0,0,0,5494.666667,721,747,4026.666667,5719.613645,631.3333333,89.66666667,230.5,516.5,1244.166667,400.1666667,26.66666667,2355.666667,0,0,224.946978,0,86000,0,0,0,35,SALT LAKE
2105,351200,490,1133,2.312244898,1974.833333,392.1666666,77.83333334,1504.833333,2108.74395,272.3333333,119.8333333,18.16666667,59.66666667,374.5,167.1666667,344.8333333,618.3333333,0,0,100.9081794,33.00243744,55000,0,0,0,35,SALT LAKE
2106,351201,301,774,2.571428571,0,0,0,0,32.32416112,0,0,0,0,0,0,0,0,0,0,12.32268388,20.00147724,133832,0,0,0,35,SALT LAKE
2107,351202,284,728,2.563380282,636.1666667,214,5.5,416.6666667,692.8389104,191.5,22.5,3.833333333,1.666666667,43.33333333,20.83333333,154.1666667,198.3333333,0,0,37.67084038,19.00140338,133832,0,0,1,35,SALT LAKE
2108,351203,643,1366,2.124416796,2910.666667,940.6666667,292.3333333,1677.666667,3099.153932,387.5,553.1666667,76,216.3333333,168,47.16666667,786.1666667,676.3333333,0,0,145.4840896,43.00317606,77667,0,0,0,35,SALT LAKE
2109,351204,595,1269,2.132773109,1206.5,283.5,8.333333333,914.6666667,1376.254832,85.5,198,1.833333333,6.5,122.5,394.1666667,34.33333333,363.6666667,0,0,129.7518771,40.00295448,77667,96,237,0,35,SALT LAKE
2110,351205,347,1122,3.233429395,567,7,25,535,627.4200811,7,0,25,0,132,18,311,74,0,0,37.41838229,23.00169883,112750,0,0,0,35,SALT LAKE
2111,351206,0,0,0,2407.999996,189.9999997,1635.999997,581.999999,2506.581467,154.9999997,34.99999994,1635.999997,0,73.99999988,80.99999986,0,426.9999993,0,0,98.5814709,0,86000,1070,491,228,35,SALT LAKE
2112,351207,77,162,2.103896104,1166,243.5,5.833333333,916.6666666,1221.887732,79.5,164,2,3.833333333,207.8333333,86.83333333,70.16666667,551.8333333,0,0,50.88736235,5.00036931,77667,0,0,0,35,SALT LAKE
2113,351208,45,149,3.311111111,1557,637,38.33333334,881.6666666,1625.584738,288.3333333,348.6666667,6.166666667,32.16666667,99.16666667,89.16666667,117.5,575.8333333,0,0,65.58451688,3.000221586,133750,0,0,0,35,SALT LAKE
2114,351209,13,42,3.230769231,569.3333333,329,2.5,237.8333333,594.1736384,206,123,1.166666667,1.333333333,21.16666667,37.5,70.66666667,108.5,0,0,23.84023117,1.000073862,149821,0,0,0,35,SALT LAKE
2115,351210,213,686,3.220657277,0,0,0,0,26.72107283,0,0,0,0,0,0,0,0,0,0,12.72003876,14.00103407,204743,0,0,0,35,SALT LAKE
2116,351211,233,605,2.596566524,16,0,0,16,42.19502992,0,0,0,0,9,0,6,1,0,0,10.19384813,16.00118179,217801,0,0,0,35,SALT LAKE
2117,351212,348.9999999,848,2.429799427,5629.999998,1850.333333,166.8333333,3612.833332,5897.77687,1806.333333,43.99999999,31.83333332,135,1164,580.1666666,7.333333332,1861.333333,0,0,244.7751725,23.00169883,86000,0,0,0,35,SALT LAKE
2118,351213,0,0,0,2473.666667,392,1553.833334,527.8333333,2574.936476,334.6666667,57.33333333,163.6666667,1390.166667,261.3333333,6,29,231.5,0,0,101.2698085,0,86000,0,0,0,35,SALT LAKE
2119,351214,429,1044,2.433566434,689.3333334,37,80.83333333,571.5,764.1190905,34.5,2.5,1.833333333,79,187.5,136.5,13.33333333,234.1666667,0,0,45.78361509,29.002142,86000,0,0,0,35,SALT LAKE
2120,351215,189,500,2.645502646,3361.666666,881,403.1666667,2077.5,3520.028899,395.6666667,485.3333333,185,218.1666667,383,266.6666667,327,1100.833333,0,0,145.3612721,13.00096021,90000,0,0,0,35,SALT LAKE
2121,351216,286,970,3.391608392,1141.5,249.8333333,96,795.6666667,1224.329086,76.83333333,173,18.16666667,77.83333333,185.5,107.6666667,134.8333333,367.6666667,0,3.393870601,60.43381217,19.00140338,193125,0,0,0,35,SALT LAKE
2122,351217,135,438,3.244444444,1180.833333,256.8333333,96.5,827.5,1243.703095,237,19.83333333,18.83333333,77.66666667,210.1666667,86.33333333,232.6666667,298.3333333,0,0,53.86909704,9.000664758,183719,0,0,0,35,SALT LAKE
2123,351218,110,356,3.236363636,828.1666666,8,144.5,675.6666666,873.5749287,7.5,0.5,76.66666667,67.83333333,111.5,419.3333333,40,104.8333333,0,0,38.40774506,7.000517034,176920,680,0,0,35,SALT LAKE
2124,351219,297,1152,3.878787879,65,0,0,65,103.8214492,0,0,0,0,0,60,0,5,0,0,18.81997198,20.00147724,222841,0,1414,0,35,SALT LAKE
2125,351220,90.99999331,353,3.879121164,0,0,0,0,9.725905026,0,0,0,0,0,0,0,0,0,0,3.725462295,6.000442731,137500,0,0,0,35,SALT LAKE
2126,351221,423,1643,3.884160757,2,0,0,2,50.4012065,0,0,0,0,0,0,2,0,0,0,20.39913837,28.00206813,137500,0,0,0,35,SALT LAKE
2127,351222,473,1151,2.433403805,2172,1143,4,1025,2312.286413,1143,0,4,0,267,0,0,758,0,0,108.2840494,32.00236358,86000,0,0,0,35,SALT LAKE
2128,351223,1,1,1,3536.666666,643,216.1666667,2677.5,3681.49573,543,100,117.1666667,99,775,535.3333333,38.83333333,1328.333333,0,0,144.8290632,0,86000,0,0,0,35,SALT LAKE
2129,351224,1046,2764,2.642447419,913.1666666,158.3333333,165.1666666,589.6666666,1063.378453,157.5,0.833333333,14.33333333,150.8333333,95,55.83333333,33,405.8333333,0,0,80.2066163,70.00517034,90000,499,105,0,35,SALT LAKE
2130,351225,329,1116,3.392097264,0,0,0,0,35.47060502,0,0,0,0,0,0,0,0,0,0,13.46898006,22.00162496,193125,0,0,0,35,SALT LAKE
2131,351226,19,65,3.421052632,147,0,0,147,154.7959726,0,0,0,0,0,147,0,0,0,0,6.795898753,1.000073862,193125,0,0,2437,35,SALT LAKE
2132,351227,263,857,3.258555133,181,0,0,181,225.1783117,0,0,0,0,0,181,0,0,0,0,26.17698221,18.00132952,176920,0,0,0,35,SALT LAKE
2133,351228,0,0,0,0,0,0,0,0,0,0,0,0,0,0,0,0,0,0,0,0,86000,0,0,0,35,SALT LAKE
2134,351229,979,2385,2.436159346,922.1666666,118.6666666,21.83333334,781.6666667,1141.003687,103.3333333,15.33333333,7.166666667,14.66666667,125.6666667,102.8333333,3.666666667,549.5,0,0,152.8321457,66.00487489,86000,0,0,0,35,SALT LAKE
2135,351230,631,2759,4.372424723,64,0,0,64,134.4558108,0,0,0,0,0,64,0,0,0,0,28.45270863,42.0031022,231333,563,0,0,35,SALT LAKE
2136,351231,492,1525,3.099593496,3,0,2,1,64.26731625,0,0,2,0,0,1,0,0,0,0,28.26487881,33.00243744,174429,0,0,0,35,SALT LAKE
2137,351232,208,805,3.870192308,0,0,0,0,22.51637709,0,0,0,0,0,0,0,0,0,0,8.515343015,14.00103407,137500,0,0,0,35,SALT LAKE
2138,351233,0,0,0,0,0,0,0,2.022672065,0,0,0,0,0,0,0,0,2.022672065,0,0,0,86000,0,0,0,35,SALT LAKE
2139,351234,0,0,0,2197.5,264.5,91,1842,2287.46378,174.3333333,90.16666667,24.66666667,66.33333333,917.1666667,276.5,0.666666667,647.6666667,0,0,89.96378018,0,86000,0,0,0,35,SALT LAKE
2140,351235,0,0,0,0,0,0,0,2.022672065,0,0,0,0,0,0,0,0,2.022672065,0,0,0,94658,0,0,0,35,SALT LAKE
2141,351236,0,0,0,999.5000001,40,41.16666667,918.3333334,1040.41868,36,4,1.166666667,40,150.1666667,209.5,0,558.6666667,0,0,40.91867954,0,94658,0,0,0,35,SALT LAKE
2142,351237,1,1,1,2976.5,95.5,155.3333333,2725.666667,3098.396317,69.5,26,52.33333333,103,1503.166667,349,37.66666667,835.8333333,0,0,121.8963165,0,122978,0,0,0,35,SALT LAKE
2143,351238,0,0,0,1180.333333,328.6666667,36.16666667,815.5,1228.655176,218,110.6666667,12.66666667,23.5,159,44,18.5,594,0,0,48.32184234,0,90000,0,0,0,35,SALT LAKE
2144,351239,393,998,2.539440204,223,5.166666667,14,203.8333333,274.2204363,3.5,1.666666667,3.333333333,10.66666667,69.83333333,13.66666667,24.33333333,96,0,0,25.21851585,26.00192041,122978,0,0,0,35,SALT LAKE
2145,351240,259,653,2.521235521,0,0,0,0,27.60449527,0,0,0,0,0,0,0,0,0,0,10.60323962,17.00125565,122978,0,0,0,35,SALT LAKE
2146,351241,835.9999998,2233,2.671052632,168,0.833333333,23.83333332,143.3333333,265.1070419,0.833333333,0,13,10.83333333,39.99999999,60.66666666,1,41.66666666,0,0,41.1029057,56.00413626,107403,488,0,0,35,SALT LAKE
2147,351242,453,1144,2.525386313,0,0,0,0,48.54765041,0,0,0,0,0,0,0,0,0,0,18.54543455,30.00221586,126140,0,0,0,35,SALT LAKE
2148,351243,262.9999992,728,2.768060845,0,0,0,0,28.76832565,0,0,0,0,0,0,0,0,0,0,10.76699619,18.00132946,157720,0,0,0,35,SALT LAKE
2149,351244,0,0,0,0,0,0,0,0,0,0,0,0,0,0,0,0,0,0,0,0,94658,0,0,0,35,SALT LAKE
2150,351245,377,954,2.530503979,577,63.66666667,54.33333333,459,641.0577948,48.66666667,15,9,45.33333333,69,50.83333333,88.16666667,251,0,0,39.05594825,25.00184655,122978,0,0,0,35,SALT LAKE
2151,351246,388,980,2.525773196,22,8,0,14,64.78697155,7,1,0,0,0,0,0,14,0,0,16.78505114,26.00192041,111973,0,0,0,35,SALT LAKE
2152,351247,446,1127,2.52690583,50.33333334,8.333333334,1.333333334,40.66666667,100.6550135,8.166666667,0.166666667,1.166666667,0.166666667,6.166666667,0.5,30,4,0,0,20.31946434,30.00221586,119529,0,0,0,35,SALT LAKE
2153,351248,0,0,0,442,88.66666667,11,342.3333334,460.0951039,88.66666667,0,1.666666667,9.333333333,7.166666667,297.1666667,0,38,0,0,18.09510391,0,122978,0,0,0,35,SALT LAKE
2154,351249,312,788,2.525641026,1684.5,65.66666667,134.1666667,1484.666667,1873.236562,37,28.66666667,42.83333333,91.33333333,607.3333333,288.5,4,584.8333333,0,0,167.7350112,21.0015511,122978,0,0,0,35,SALT LAKE
2155,351250,717,2148,2.9958159,0,0,0,0,77.35691528,0,0,0,0,0,0,0,0,0,0,29.35336991,48.00354537,160454,0,0,0,35,SALT LAKE
2156,351251,456,1579,3.462719298,91.50000001,7,3,81.50000001,155.9164739,0,7,0.333333333,2.666666667,13.16666667,0.666666667,3,64.66666667,0,0,33.41418414,31.00228972,154438,0,0,0,35,SALT LAKE
2157,351252,0,0,0,55.66666667,3.333333333,6.166666667,46.16666667,57.94561264,2.833333333,0.5,0,6.166666667,6,9,0,31.16666667,0,0,2.278945967,0,120090,0,0,0,35,SALT LAKE
2158,351253,569,1568,2.755711775,2112.5,79.83333333,106.6666667,1926,2260.281135,69.33333333,10.5,28.33333333,78.33333333,431.3333333,123.8333333,27,1343.833333,0,0,109.7783283,38.00280675,119646,0,0,0,35,SALT LAKE
2159,351254,0,0,0,16.83333333,0.5,1.666666666,14.66666666,17.52247567,0.5,0,0,1.666666666,1.833333332,7.166666664,0,5.666666665,0,0,0.689142343,0,178750,0,0,0,35,SALT LAKE
2160,351255,0,0,0,0,0,0,0,0,0,0,0,0,0,0,0,0,0,0,0,0,178750,0,0,0,35,SALT LAKE
2161,351256,0,0,0,36.83333333,1.666666666,4.5,30.66666667,38.34125866,1.333333333,0.333333333,0.666666667,3.833333333,3.333333333,4.333333333,0,23,0,0,1.507925326,0,149420,0,0,0,35,SALT LAKE
2162,351257,191,618,3.235602094,0,0,0,0,25.82033769,0,0,0,0,0,0,0,0,0,0,12.81937748,13.00096021,149253,0,0,0,35,SALT LAKE
2163,351258,86,278,3.23255814,0,0,0,0,17.53254602,0,0,0,0,0,0,0,0,1.011336032,0,10.52076682,6.000443172,149500,0,0,0,35,SALT LAKE
2164,351259,77,251,3.25974026,80.66666667,0,0,80.66666667,117.1217752,0,0,0,0,0.166666667,80,0,0.5,0,0,31.45473918,5.00036931,149500,359,163,0,35,SALT LAKE
2165,351260,113,367,3.247787611,242,2.166666667,4.666666667,235.1666666,264.5339888,2,0.166666667,2,2.666666667,7.166666667,184.3333333,2,41.66666667,0,0,14.53339793,8.000590896,149500,736,0,0,35,SALT LAKE
2166,351261,139,510,3.669064748,116.1666667,37.83333333,12.5,65.83333334,135.6136376,37.5,0.333333333,6.166666667,6.333333333,2.666666667,41.16666667,7,15,0,0,10.44630622,9.000664758,84554,537,0,0,35,SALT LAKE
2167,351262,583,1777,3.048027444,729.3333333,102.8333333,17.66666666,608.8333333,861.07336,17.66666667,85.16666667,5.333333333,12.33333333,122,78,68.5,340.3333333,1.011336032,0,91.72581002,39.00288062,120090,0,0,0,35,SALT LAKE
2168,351263,18,55,3.055555556,174.5,5.666666667,63.16666667,105.6666667,183.3808601,5,0.666666667,13,50.16666667,20.83333333,7.333333333,0,77.5,0,0,7.880786204,1.000073862,120090,0,0,0,35,SALT LAKE
2169,351264,222,771,3.472972973,0,0,0,0,24.08959903,0,0,0,0,0,0,0,0,0,0,9.088491103,15.00110793,102692,0,0,0,35,SALT LAKE
2170,351265,0,0,0,735.4999999,63.16666667,137.5,534.8333333,820.6289033,61,2.166666667,27.16666667,110.3333333,118.3333333,86.33333333,70.16666667,260,1.011336032,0,84.11756736,0,120090,0,0,0,35,SALT LAKE
2171,351266,150,485,3.233333333,0,0,0,0,16.14161099,0,0,0,0,0,0,0,0,0,0,6.140872367,10.00073862,149191,0,0,0,35,SALT LAKE
2172,351267,174,751,4.316091954,0,0,0,0,19.12429829,0,0,0,0,0,0,0,0,0,0,7.123411946,12.00088634,169551,0,0,0,35,SALT LAKE
2173,351268,176,760,4.318181818,0,0,0,0,19.20617658,0,0,0,0,0,0,0,0,0,0,7.205290244,12.00088634,169551,0,0,0,35,SALT LAKE
2174,351269,102,375,3.676470588,0,0,0,0,16.17631024,0,0,0,0,0,0,0,0,0,0,9.175793209,7.000517034,84554,0,0,0,35,SALT LAKE
2175,351270,110,337,3.063636364,7,0,0,7,22.79039748,0,0,0,0,0,0,0,7,0,0,8.789880446,7.000517034,120090,0,0,0,35,SALT LAKE
2176,351271,5,13,2.6,0,0,0,0,4.250039876,0,0,0,0,0,0,0,0,4.04534413,0,0.204695746,0,120090,0,0,0,35,SALT LAKE
2177,351272,298,910,3.053691275,12.66666667,1.166666667,6.166666667,5.333333333,45.39339609,1.166666667,0,0.166666667,6,1,0,0,4.333333333,0,0,12.72525218,20.00147724,120090,0,0,0,35,SALT LAKE
2178,351273,377,1149,3.047745358,1551.333333,128,454.8333334,968.5,1662.067247,85.16666667,42.83333333,119.6666667,335.1666667,184.3333333,145.5,0,638.6666667,0,6.787741204,78.94432587,25.00184655,120090,0,0,599,35,SALT LAKE
2179,351274,1,3,3,954.5,142.5,40.5,771.5,998.617357,60.33333333,82.16666667,15.16666667,25.33333333,202,210,9.833333333,349.6666667,0,0,44.11735698,0,120090,0,0,0,35,SALT LAKE
2180,351275,187,808,4.320855615,0,0,0,0,40.44432229,0,0,0,0,0,0,0,0,0,6.787741204,20.65562088,13.00096021,169551,0,0,0,35,SALT LAKE
2181,351276,321,980,3.052959502,86.83333333,7.166666667,9.666666667,70,134.5313079,4.5,2.666666667,2.5,7.166666667,11,7.5,0,51.5,0,0,25.69634965,22.00162496,120090,0,0,0,35,SALT LAKE
2182,351277,1125,3431,3.049777778,237,0,0,237,368.7647346,0,0,0,0,0,237,0,0,0,0,55.75912109,76.00561351,120090,831,937,0,35,SALT LAKE
2183,351278,1072,3270,3.050373134,91,0,3,88,210.6175485,0,0,0,3,0,88,0,0,0,0,47.61223042,72.00531806,120090,607,223,0,35,SALT LAKE
2184,351279,59,179,3.033898305,255.1666667,9,20.83333334,225.3333334,272.0286782,8.5,0.5,0.666666667,20.16666667,31.83333333,49.83333333,0,143.6666667,0,0,12.86171601,4.000295448,120090,0,0,0,35,SALT LAKE
2185,351280,0,0,0,576.3333303,14.66666659,217.3333322,344.3333315,1007.192396,12.99999993,1.666666658,199.9999989,17.33333324,93.83333283,52.83333305,0,197.6666656,0,407.26447,23.59459614,0,120090,0,0,0,35,SALT LAKE
2186,351281,351.9999999,1072,3.045454547,841.6666663,32.49999999,38.83333332,770.333333,968.5474727,30.66666666,1.833333332,3.833333332,34.99999999,128.3333333,142.9999999,1,497.9999998,1.011336032,0,101.8676977,24.00177268,120090,0,0,0,35,SALT LAKE
2187,351282,25.6,51,1.9921875,0,0,0,0,0,0,0,0,0,0,0,0,0,0,0,0,0,184722,0,0,0,35,SALT LAKE
2188,351283,382.3,992,2.594820821,0,0,0,0,0,0,0,0,0,0,0,0,0,0,0,0,0,184722,0,0,0,35,SALT LAKE
2189,351284,172.2,447,2.595818815,10,0,0,10,10,0,0,0,0,0,10,0,0,0,0,0,0,184722,0,0,0,35,SALT LAKE
2190,351285,7.000000014,12,1.714285711,55.00000011,53.90000011,0,1.100000002,55.00000011,0,53.90000011,0,0,0,1.100000002,0,0,0,0,0,0,248329,0,0,0,35,SALT LAKE
2191,351286,0,0,0,0,0,0,0,0,0,0,0,0,0,0,0,0,0,0,0,0,300000,0,0,0,35,SALT LAKE
2192,351287,60.40000012,91,1.506622514,51.0000001,51.0000001,0,0,51.0000001,0,51.0000001,0,0,0,0,0,0,0,0,0,0,143969,0,0,0,35,SALT LAKE
2193,351288,12.4,23,1.85483871,0,0,0,0,0,0,0,0,0,0,0,0,0,0,0,0,0,155716,0,0,0,35,SALT LAKE
2194,351289,20.40000007,39,1.9117647,102.2000003,70.80000023,0,31.4000001,102.2000003,29.5000001,41.30000014,0,0,0,0,0,31.4000001,0,0,0,0,143969,0,0,0,35,SALT LAKE
2195,351290,70.8,132,1.86440678,62.8,21.5,0,41.3,62.8,9,12.5,0,0,0,9.4,0,31.9,0,0,0,0,143969,0,0,0,35,SALT LAKE
2196,351291,175.3,253,1.44324016,188.1,103.3,0,84.8,188.1,0,103.3,0,0,0,37.2,0,47.6,0,0,0,0,55000,11,0,0,35,SALT LAKE
2197,351292,27.80000434,42,1.510791131,652.4001019,487.9000762,0,164.5000257,652.4001019,31.10000486,456.8000714,0,0,0,32.20000503,0,132.3000207,0,0,0,0,59044,0,0,0,35,SALT LAKE
2198,351293,0,0,0,0,0,0,0,0,0,0,0,0,0,0,0,0,0,0,0,0,99484,0,0,0,35,SALT LAKE
2199,351294,17.4,50,2.873563218,89.1,0,0,89.1,89.1,0,0,0,0,9.1,0,0,80,0,0,0,0,75531,0,0,0,35,SALT LAKE
2200,351295,0,0,0,162,0,0,162,168.6321422,0,0,0,0,0,162,0,0,0,0,6.632142156,0,193261,0,0,0,35,SALT LAKE
2201,351296,0,0,0,0,0,0,0,0,0,0,0,0,0,0,0,0,0,0,0,0,184722,0,0,0,35,SALT LAKE
2202,351297,0,0,0,5.000000002,0,0,5.000000002,5.000000002,0,0,0,0,0,5.000000002,0,0,0,0,0,0,257586,0,0,0,35,SALT LAKE
2203,351298,0,0,0,0,0,0,0,0,0,0,0,0,0,0,0,0,0,0,0,0,184722,0,0,0,35,SALT LAKE
2204,351299,0,0,0,0,0,0,0,0,0,0,0,0,0,0,0,0,0,0,0,0,184722,0,0,0,35,SALT LAKE
2205,351300,0,0,0,0,0,0,0,10,0,0,0,0,0,0,0,0,0,0,10,0,178952,0,0,0,35,SALT LAKE
2206,351301,4,15,3.75,15,4.5,0,10.5,15,0,4.5,0,0,0,0,0,10.5,0,0,0,0,136375,0,0,0,35,SALT LAKE
2207,351302,26.6,57,2.142857143,0,0,0,0,0,0,0,0,0,0,0,0,0,0,0,0,0,136375,0,0,0,35,SALT LAKE
2208,351303,0,0,0,0,0,0,0,0,0,0,0,0,0,0,0,0,0,0,0,0,136375,0,0,0,35,SALT LAKE
2209,351304,0,0,0,0,0,0,0,0,0,0,0,0,0,0,0,0,0,0,0,0,136375,0,0,0,35,SALT LAKE
2210,351305,0,0,0,0,0,0,0,0,0,0,0,0,0,0,0,0,0,0,0,0,195979,0,0,0,35,SALT LAKE
2211,351306,0,0,0,0,0,0,0,0,0,0,0,0,0,0,0,0,0,0,0,0,199726,0,0,0,35,SALT LAKE
2212,351307,1.000000028,2,1.999999944,0,0,0,0,0.04093915,0,0,0,0,0,0,0,0,0,0,0.04093915,0,155683,0,0,0,35,SALT LAKE
2213,351308,0,0,0,0,0,0,0,0,0,0,0,0,0,0,0,0,0,0,0,0,143969,0,0,0,35,SALT LAKE
2214,351309,0,0,0,0,0,0,0,0,0,0,0,0,0,0,0,0,0,0,0,0,143969,0,0,0,35,SALT LAKE
2215,351310,0,0,0,0,0,0,0,0,0,0,0,0,0,0,0,0,0,0,0,0,55000,0,0,0,35,SALT LAKE
2216,351311,0,0,0,0,0,0,0,0,0,0,0,0,0,0,0,0,0,0,0,0,164187,0,0,0,35,SALT LAKE
2217,490001,0,0,0,0,0,0,0,1432.819252,0,0,0,0,0,0,0,0,1432.819252,0,0,0,108750,0,0,0,49,UTAH
2218,490002,0,0,0,0,0,0,0,3.037779339,0,0,0,0,0,0,0,0,3.037779339,0,0,0,108750,0,0,0,49,UTAH
2219,490003,0,0,0,0,0,0,0,0,0,0,0,0,0,0,0,0,0,0,0,0,108750,0,0,0,49,UTAH
2220,490004,8.000000015,23,2.874999995,0,0,0,0,0.284721783,0,0,0,0,0,0,0,0,0,0,0.284721783,0,110320,0,0,0,49,UTAH
2221,490005,0,0,0,0,0,0,0,42.52891046,0,0,0,0,0,0,0,0,42.52891046,0,0,0,108750,0,0,0,49,UTAH
2222,490006,5,21,4.2,89.33333332,22,6.666666666,60.66666666,107.753642,10.33333333,11.66666667,2.833333333,3.833333333,3.5,22.33333333,13,21.83333333,5.062965563,0,13.35734307,0,108750,0,0,0,49,UTAH
2223,490007,8,32,4,161.8333333,12.5,15.33333333,134,171.9280833,10,2.5,0,15.33333333,14.16666667,54.83333333,0.666666667,64.33333333,4.050372451,0,6.044377529,0,108750,0,0,0,49,UTAH
2224,490008,0,0,0,0,0,0,0,0,0,0,0,0,0,0,0,0,0,0,0,0,99648,0,0,0,49,UTAH
2225,490009,0,0,0,0,0,0,0,0,0,0,0,0,0,0,0,0,0,0,0,0,108750,0,0,0,49,UTAH
2226,490010,0,0,0,0,0,0,0,0,0,0,0,0,0,0,0,0,0,0,0,0,111891,0,0,0,49,UTAH
2227,490011,0,0,0,0,0,0,0,0,0,0,0,0,0,0,0,0,0,0,0,0,111891,0,0,0,49,UTAH
2228,490012,2.999999994,14,4.666666676,0,0,0,0,12.25788799,0,0,0,0,0,0,0,0,12.15111733,0,0.106770668,0,108750,0,0,0,49,UTAH
2229,490013,28,119,4.25,30.66666667,3.833333334,2.333333333,24.5,36.75670827,3.166666667,0.666666667,0,2.333333333,2.666666667,9.5,0.166666667,12.16666667,0,0,4.087964435,2.002077166,108750,0,0,0,49,UTAH
2230,490014,3,14,4.666666667,0,0,0,0,0.106770668,0,0,0,0,0,0,0,0,0,0,0.106770668,0,108750,0,0,0,49,UTAH
2231,490015,0,0,0,0,0,0,0,0,0,0,0,0,0,0,0,0,0,0,0,0,108750,0,0,0,49,UTAH
2232,490016,1.153664274,4,3.467213199,0,0,0,0,0.352257915,0,0,0,0,0,0,0,0,0.311198747,0,0.041059169,0,108750,0,0,0,49,UTAH
2233,490017,0.846335768,2,2.363128293,0,0,0,0,1.744108819,0,0,0,0,0,0,0,0,1.71398754,0,0.030121279,0,104199,0,0,0,49,UTAH
2234,490018,0,0,0,0,0,0,0,2.025186225,0,0,0,0,0,0,0,0,2.025186225,0,0,0,99648,0,0,0,49,UTAH
2235,490019,0,0,0,1559.5,113.5,117.6666667,1328.333333,1615.002913,107.3333333,6.166666667,3.666666667,114,389.6666667,300.6666667,3.833333333,634.1666667,0,0,55.50291287,0,105770,0,0,0,49,UTAH
2236,490020,0,0,0,0,0,0,0,4.050372451,0,0,0,0,0,0,0,0,4.050372451,0,0,0,111891,0,0,0,49,UTAH
2237,490021,3,6,2,0,0,0,0,0.106770668,0,0,0,0,0,0,0,0,0,0,0.106770668,0,111891,0,0,0,49,UTAH
2238,490022,8,32,4,28.33333333,6.166666667,1.166666667,21,37.62644134,2.5,3.666666667,0.666666667,0.5,0.666666667,9.333333333,5.166666667,5.833333333,0,0,9.293108009,0,108750,0,0,0,49,UTAH
2239,490023,1,4,4,0,0,0,0,0.035590223,0,0,0,0,0,0,0,0,0,0,0.035590223,0,108750,0,0,0,49,UTAH
2240,490024,0,0,0,0,0,0,0,0,0,0,0,0,0,0,0,0,0,0,0,0,108750,0,0,0,49,UTAH
2241,490025,0.551415624,2,3.627028167,2.251613798,0.137853906,0.275707812,1.83805208,2.909733958,0.137853906,0,0,0.275707812,0.137853906,0.873074738,0,0.827123436,0.558359663,0,0.099760497,0,108750,0,0,0,49,UTAH
2242,490026,1.3026431,5,3.83834989,5.319125993,0.325660775,0.65132155,4.342143668,6.873843792,0.325660775,0,0,0.65132155,0.325660775,2.062518242,0,1.95396465,1.319047431,0,0.235670368,0,108750,0,0,0,49,UTAH
2243,490027,1,2,2,46,41.83333333,0,4.166666667,47.67274047,0,41.83333333,0,0,0,4.166666667,0,0,0,0,1.672740469,0,99648,0,0,0,49,UTAH
2244,490028,0,0,0,0,0,0,0,5.062965563,0,0,0,0,0,0,0,0,5.062965563,0,0,0,111891,0,0,0,49,UTAH
2245,490029,0,0,0,0,0,0,0,0,0,0,0,0,0,0,0,0,0,0,0,0,111891,0,0,0,49,UTAH
2246,490030,0,0,0,0,0,0,0,5.06296555,0,0,0,0,0,0,0,0,5.06296555,0,0,0,108750,0,0,0,49,UTAH
2247,490031,0,0,0,0,0,0,0,3.037782487,0,0,0,0,0,0,0,0,3.037782487,0,0,0,108750,0,0,0,49,UTAH
2248,490032,0,0,0,0,0,0,0,1.012593113,0,0,0,0,0,0,0,0,1.012593113,0,0,0,108750,0,0,0,49,UTAH
2249,490033,0.14594161,1,6.852055438,0.595928239,0.036485402,0.072970805,0.486472032,4.820483489,0.036485402,0,0,0.072970805,0.036485402,0.231074215,0,0.218912414,4.198151922,0,0.026403328,0,108750,0,0,0,49,UTAH
2250,490034,0,0,0,27.66666633,1.833333311,3.166666628,22.66666639,31.74254935,1.666666646,0.166666665,0,3.166666628,2.999999963,6.166666591,0,13.49999983,3.0377793,0,1.038103722,0,108750,0,0,0,49,UTAH
2251,490035,13,54,4.153846154,0,0,0,0,5.488897704,0,0,0,0,0,0,0,0,2.025186225,0,2.462672896,1.001038583,108750,0,0,0,49,UTAH
2252,490036,0.54666246,2,3.65856474,0,0,0,0,1.680101527,0,0,0,0,0,0,0,0,1.660645688,0,0.019455839,0,124286,0,0,0,49,UTAH
2253,490037,0.453332508,2,4.411772735,0,0,0,0,2.649200314,0,0,0,0,0,0,0,0,2.633066109,0,0.016134205,0,124286,0,0,0,49,UTAH
2254,490038,0,0,0,0,0,0,0,5.832206657,0,0,0,0,0,0,0,0,5.832206657,0,0,0,108750,0,0,0,49,UTAH
2255,490039,0,0,0,0,0,0,0,7.088151789,0,0,0,0,0,0,0,0,7.088151789,0,0,0,108750,0,0,0,49,UTAH
2256,490040,0,0,0,0,0,0,0,1.209881832,0,0,0,0,0,0,0,0,1.209881832,0,0,0,108750,0,0,0,49,UTAH
2257,490041,27,106,3.925925926,0,0,0,0,2.96301318,0,0,0,0,0,0,0,0,0,0,0.960936014,2.002077166,104199,0,0,0,49,UTAH
2258,490042,1,2,2,91.16666667,8.833333334,5.833333333,76.50000001,95.45951481,7.666666667,1.166666667,0.333333333,5.5,12.5,23.16666667,0.166666667,40.66666667,1.012593113,0,3.28025502,0,99648,0,0,0,49,UTAH
2259,490043,0,0,0,173.8333332,9.666666658,16.66666665,147.4999999,181.032741,7.166666661,2.499999998,1.333333332,15.33333332,19.16666665,56.66666662,14.83333332,56.83333328,1.012593112,0,6.186814759,0,99648,0,0,0,49,UTAH
2260,490044,0,0,0,0,0,0,0,4.050372451,0,0,0,0,0,0,0,0,4.050372451,0,0,0,105770,0,0,0,49,UTAH
2261,490045,0,0,0,1.833333334,0.166666667,0.166666667,1.5,3.923767126,0.166666667,0,0,0.166666667,0.166666667,0,0,1.333333333,2.025186225,0,0.065247567,0,111891,0,0,0,49,UTAH
2262,490046,0,0,0,0,0,0,0,1.012593113,0,0,0,0,0,0,0,0,1.012593113,0,0,0,111891,0,0,0,49,UTAH
2263,490047,0,0,0,0,0,0,0,1.827897655,0,0,0,0,0,0,0,0,1.827897655,0,0,0,108750,0,0,0,49,UTAH
2264,490048,6,25,4.166666667,0,0,0,0,1.22613445,0,0,0,0,0,0,0,0,1.012593113,0,0.213541337,0,99648,0,0,0,49,UTAH
2265,490049,0,0,0,0,0,0,0,0,0,0,0,0,0,0,0,0,0,0,0,0,99648,0,0,0,49,UTAH
2266,490050,0,0,0,8.833333334,1,1.166666667,6.666666667,9.147720013,0.833333333,0.166666667,0.166666667,1,0.5,1.166666667,2.166666667,2.833333333,0,0,0.314386679,0,99648,0,0,0,49,UTAH
2267,490051,0,0,0,0,0,0,0,3.055596649,0,0,0,0,0,0,0,0,3.037779338,0,0.017817311,0,105770,0,0,0,49,UTAH
2268,490052,0,0,0,0,0,0,0,3.037779338,0,0,0,0,0,0,0,0,3.037779338,0,0,0,111891,0,0,0,49,UTAH
2269,490053,7,20,2.857142857,43,0,0,43,85.79210425,0,0,0,0,0,43,0,0,1.012593113,0,41.77951114,0,111891,0,0,0,49,UTAH
2270,490054,0,0,0,0,0,0,0,0,0,0,0,0,0,0,0,0,0,0,0,0,111891,0,0,0,49,UTAH
2271,490055,134,561,4.186567165,0,0,0,0,14.78999162,0,0,0,0,0,0,0,0,1.012593113,0,5.769089848,8.008308662,108750,0,0,0,49,UTAH
2272,490056,0,0,0,0,0,0,0,1.012593113,0,0,0,0,0,0,0,0,1.012593113,0,0,0,124286,0,0,0,49,UTAH
2273,490057,5.03237E-06,0,0,0,0,0,0,2.025195928,0,0,0,0,0,0,0,0,2.025195749,0,1.79103E-07,0,124286,0,0,0,49,UTAH
2274,490058,0,0,0,0,0,0,0,2.025186225,0,0,0,0,0,0,0,0,2.025186225,0,0,0,124286,0,0,0,49,UTAH
2275,490059,0,0,0,0,0,0,0,6.075558676,0,0,0,0,0,0,0,0,6.075558676,0,0,0,124286,0,0,0,49,UTAH
2276,490060,0,0,0,0,0,0,0,4.050372451,0,0,0,0,0,0,0,0,4.050372451,0,0,0,124286,0,0,0,49,UTAH
2277,490061,0,0,0,0,0,0,0,4.05037245,0,0,0,0,0,0,0,0,4.05037245,0,0,0,124286,0,0,0,49,UTAH
2278,490062,0,0,0,0,0,0,0,6.075558676,0,0,0,0,0,0,0,0,6.075558676,0,0,0,124286,0,0,0,49,UTAH
2279,490063,0,0,0,0,0,0,0,4.050372451,0,0,0,0,0,0,0,0,4.050372451,0,0,0,124286,0,0,0,49,UTAH
2280,490064,0,0,0,0,0,0,0,1.012593113,0,0,0,0,0,0,0,0,1.012593113,0,0,0,99648,0,0,0,49,UTAH
2281,490065,0,0,0,30.99999986,2.333333323,2.999999986,25.66666655,32.10326573,2.166666657,0.166666666,0.333333331,2.666666654,3.999999981,8.49999996,0,13.16666661,0,0,1.103265878,0,124286,0,0,0,49,UTAH
2282,490066,0,0,0,0,0,0,0,0,0,0,0,0,0,0,0,0,0,0,0,0,116518,0,0,0,49,UTAH
2283,490067,0,0,0,0,0,0,0,1.012593108,0,0,0,0,0,0,0,0,1.012593108,0,0,0,124286,0,0,0,49,UTAH
2284,490068,0,0,0,0,0,0,0,1.012593113,0,0,0,0,0,0,0,0,1.012593113,0,0,0,124286,0,0,0,49,UTAH
2285,490069,0,0,0,0,0,0,0,0,0,0,0,0,0,0,0,0,0,0,0,0,124286,0,0,0,49,UTAH
2286,490070,0,0,0,0,0,0,0,4.050372451,0,0,0,0,0,0,0,0,4.050372451,0,0,0,124286,0,0,0,49,UTAH
2287,490071,0,0,0,0,0,0,0,2.025186226,0,0,0,0,0,0,0,0,2.025186226,0,0,0,124286,0,0,0,49,UTAH
2288,490072,1,4,4,0,0,0,0,0.035590223,0,0,0,0,0,0,0,0,0,0,0.035590223,0,124286,0,0,0,49,UTAH
2289,490073,0,0,0,0,0,0,0,1.012593113,0,0,0,0,0,0,0,0,1.012593113,0,0,0,124286,0,0,0,49,UTAH
2290,490074,0,0,0,0,0,0,0,2.025186225,0,0,0,0,0,0,0,0,2.025186225,0,0,0,124286,0,0,0,49,UTAH
2291,490075,0,0,0,0,0,0,0,0,0,0,0,0,0,0,0,0,0,0,0,0,124286,0,0,0,49,UTAH
2292,490076,0,0,0,0,0,0,0,3.037779338,0,0,0,0,0,0,0,0,3.037779338,0,0,0,124286,0,0,0,49,UTAH
2293,490077,0,0,0,0,0,0,0,3.037779338,0,0,0,0,0,0,0,0,3.037779338,0,0,0,124286,0,0,0,49,UTAH
2294,490078,0,0,0,0,0,0,0,6.075558676,0,0,0,0,0,0,0,0,6.075558676,0,0,0,104199,0,0,0,49,UTAH
2295,490079,0,0,0,0,0,0,0,1.012593113,0,0,0,0,0,0,0,0,1.012593113,0,0,0,99648,0,0,0,49,UTAH
2296,490080,0,0,0,0,0,0,0,2.025186225,0,0,0,0,0,0,0,0,2.025186225,0,0,0,99648,0,0,0,49,UTAH
2297,490081,6.728273364,19,2.823904288,0,0,0,0,9.85127984,0,0,0,0,0,0,0,0,0,0,9.85127984,0,99648,0,0,0,49,UTAH
2298,490082,0,0,0,0,0,0,0,0.943641566,0,0,0,0,0,0,0,0,0.943641566,0,0,0,111891,0,0,0,49,UTAH
2299,490083,0,0,0,0,0,0,0,0.005939104,0,0,0,0,0,0,0,0,0,0,0.005939104,0,111891,0,0,0,49,UTAH
2300,490084,0,0,0,0,0,0,0,0,0,0,0,0,0,0,0,0,0,0,0,0,111891,0,0,0,49,UTAH
2301,490085,0,0,0,0,0,0,0,5.062965563,0,0,0,0,0,0,0,0,5.062965563,0,0,0,99648,0,0,0,49,UTAH
2302,490086,0.936975763,2,2.134526932,63.71435186,0,0,63.71435186,66.95228277,0,0,0,0,0,63.71435186,0,0,0,0,3.237930914,0,99648,831,0,0,49,UTAH
2303,490087,30.760065,121,3.933671791,4.033469344,0,0,4.033469344,49.05833673,0,0,0,0,0,4.033469344,0,0,0,0,43.16228347,1.862583912,99648,0,0,0,49,UTAH
2304,490088,166.1700588,648,3.899619491,3.180363705,1.308991159,0.009696231,1.861676315,28.12756306,1.299294928,0.009696231,0,0.009696231,0.193924616,1.609574314,0.029088692,0.029088692,0,0,14.23795978,10.70923957,99648,0,0,0,49,UTAH
2305,490089,806.1670199,2776,3.443455179,0,0,0,0,315.9811638,0,0,0,0,0,0,0,0,0,0,266.9302737,49.05089002,95255,0,0,0,49,UTAH
2306,490090,354.1046969,1062,2.999113,0,0,0,0,66.84997325,0,0,0,0,0,0,0,0,0.068951604,0,44.75817289,22.02284875,111891,0,0,0,49,UTAH
2307,490091,76,230,3.026315789,0,0,0,0,7.710049844,0,0,0,0,0,0,0,0,0,0,2.704856929,5.005192915,106632,0,0,0,49,UTAH
2308,490092,0,0,0,0,0,0,0,0,0,0,0,0,0,0,0,0,0,0,0,0,111891,0,0,0,49,UTAH
2309,490093,0,0,0,0,0,0,0,1.012593113,0,0,0,0,0,0,0,0,1.012593113,0,0,0,119806,0,0,0,49,UTAH
2310,490094,84,329,3.916666667,12,11,0,1,24.4218543,0,11,0,0,1,0,0,0,0,0,7.416661384,5.005192915,99648,0,0,0,49,UTAH
2311,490095,183.1329424,720,3.931570096,51.73850503,21.19101374,0.156970472,30.39052082,110.4790521,21.03404326,0.156970472,0,0.156970472,3.139409442,26.30928855,0.470911416,0.470911416,0,0,47.28744194,11.45310513,99328,0,0,0,49,UTAH
2312,490096,542,1786,3.295202952,0,0,0,0,54.32417397,0,0,0,0,0,0,0,0,0,0,21.28990073,33.03427324,122575,0,0,0,49,UTAH
2313,490097,173,701,4.052023121,0,0,0,0,71.16853295,0,0,0,0,0,0,0,0,0,0,60.15710854,11.01142441,112813,0,0,0,49,UTAH
2314,490098,317,1285,4.05362776,398,166.6666666,17.33333333,214,450.4667609,57.83333333,108.8333333,7.833333333,9.5,16.16666667,45.16666667,70.33333333,82.33333333,0,0,33.44702789,19.01973308,112813,0,0,0,49,UTAH
2315,490099,263,1038,3.946768061,183.1666667,4.166666667,4.5,174.5,215.0624429,4.166666667,0,0,4.5,21,128,0.333333333,25.16666667,0,0,15.87915887,16.01661733,101331,0,0,0,49,UTAH
2316,490100,441,1743,3.952380952,0,0,0,0,42.72332997,0,0,0,0,0,0,0,0,0,0,15.69528823,27.02804174,101374,0,0,0,49,UTAH
2317,490101,292,1094,3.746575342,39,0,0,39,68.79905822,0,0,0,0,0,39,0,0,0,0,11.78036373,18.01869449,87434,776,0,0,49,UTAH
2318,490102,554,2077,3.749097473,0,0,0,0,53.75229523,0,0,0,0,0,0,0,0,0,0,19.71698341,34.03531182,90944,0,0,0,49,UTAH
2319,490103,242,957,3.954545455,0,0,0,0,46.62841266,0,0,0,0,0,0,0,0,0,0,31.61283391,15.01557875,101374,0,0,0,49,UTAH
2320,490104,0,0,0,0,0,0,0,0,0,0,0,0,0,0,0,0,0,0,0,0,101374,0,0,0,49,UTAH
2321,490105,14,45,3.214285714,40.66666667,9.5,9.166666666,22,43.61332267,6.5,3,6.333333333,2.833333333,2.833333333,5.166666667,5,9,0,0,1.945617419,1.001038583,124286,0,0,0,49,UTAH
2322,490106,2,5,2.5,0,0,0,0,0.071180446,0,0,0,0,0,0,0,0,0,0,0.071180446,0,124286,0,0,0,49,UTAH
2323,490107,0,0,0,0,0,0,0,1.012593113,0,0,0,0,0,0,0,0,1.012593113,0,0,0,124286,0,0,0,49,UTAH
2324,490108,0,0,0,0,0,0,0,1.012593113,0,0,0,0,0,0,0,0,1.012593113,0,0,0,124286,0,0,0,49,UTAH
2325,490109,0,0,0,0,0,0,0,2.025186225,0,0,0,0,0,0,0,0,2.025186225,0,0,0,124286,0,0,0,49,UTAH
2326,490110,9.336827913,31,3.32018543,0,0,0,0,8.617473208,0,0,0,0,0,0,0,0,4.109095283,0,3.927848422,0.580529502,124286,0,0,0,49,UTAH
2327,490111,5,15,3,0,0,0,0,0.177951114,0,0,0,0,0,0,0,0,0,0,0.177951114,0,124286,0,0,0,49,UTAH
2328,490112,1.221633465,5,4.092880673,0.00172113,8.06779E-05,0.000161356,0.001479096,0.045745166,8.06779E-05,0,2.68926E-05,0.000134463,0.000107571,0.000968135,0,0.00040339,0,0,0.043539466,0.00048457,124286,0,0,0,49,UTAH
2329,490113,0,0,0,0,0,0,0,0,0,0,0,0,0,0,0,0,0,0,0,0,124286,0,0,0,49,UTAH
2330,490114,0,0,0,0,0,0,0,0,0,0,0,0,0,0,0,0,0,0,0,0,124286,0,0,0,49,UTAH
2331,490115,0,0,0,0,0,0,0,1.417957014,0,0,0,0,0,0,0,0,1.417957014,0,0,0,124286,0,0,0,49,UTAH
2332,490116,0,0,0,0,0,0,0,1.617739883,0,0,0,0,0,0,0,0,1.617739883,0,0,0,124286,0,0,0,49,UTAH
2333,490117,0.056626707,0,0,0,0,0,0,0.002015357,0,0,0,0,0,0,0,0,0,0,0.002015357,0,124286,0,0,0,49,UTAH
2334,490118,0,0,0,0,0,0,0,0,0,0,0,0,0,0,0,0,0,0,0,0,124286,0,0,0,49,UTAH
2335,490119,0,0,0,0,0,0,0,2.025186225,0,0,0,0,0,0,0,0,2.025186225,0,0,0,124286,0,0,0,49,UTAH
2336,490120,0,0,0,0,0,0,0,2.025186225,0,0,0,0,0,0,0,0,2.025186225,0,0,0,124286,0,0,0,49,UTAH
2337,490121,0,0,0,0,0,0,0,0,0,0,0,0,0,0,0,0,0,0,0,0,124286,0,0,0,49,UTAH
2338,490122,0,0,0,0,0,0,0,0,0,0,0,0,0,0,0,0,0,0,0,0,124286,0,0,0,49,UTAH
2339,490123,0,0,0,0,0,0,0,1.01259311,0,0,0,0,0,0,0,0,1.01259311,0,0,0,124286,0,0,0,49,UTAH
2340,490124,0,0,0,0,0,0,0,2.025186225,0,0,0,0,0,0,0,0,2.025186225,0,0,0,124286,0,0,0,49,UTAH
2341,490125,0,0,0,0,0,0,0,1.012593113,0,0,0,0,0,0,0,0,1.012593113,0,0,0,124286,0,0,0,49,UTAH
2342,490126,0,0,0,0,0,0,0,0,0,0,0,0,0,0,0,0,0,0,0,0,124286,0,0,0,49,UTAH
2343,490127,0,0,0,0,0,0,0,0,0,0,0,0,0,0,0,0,0,0,0,0,124286,0,0,0,49,UTAH
2344,490128,151.663179,500,3.296779108,0,0,0,0,74.18590723,0,0,0,0,0,0,0,0,0.953870128,0,63.80218034,9.429856757,124286,0,0,0,49,UTAH
2345,490129,213.1697215,703,3.297841716,0,0,0,0,91.60321388,0,0,0,0,0,0,0,0,0,0,78.94441887,12.65879501,124286,0,0,0,49,UTAH
2346,490130,126,511,4.055555556,152,0,0,152,200.9083204,0,0,0,0,0,152,0,0,0,0,40.90001174,8.008308664,112813,0,0,3325,49,UTAH
2347,490131,0,0,0,0,0,0,0,1.036308242,0,0,0,0,0,0,0,0,1.012593113,0,0.023715129,0,87434,0,0,0,49,UTAH
2348,490132,1,4,4,0,0,0,0,2.078586204,0,0,0,0,0,0,0,0,2.025186225,0,0.053399979,0,87434,0,0,0,49,UTAH
2349,490133,7,29,4.142857143,0,0,0,0,0.249131559,0,0,0,0,0,0,0,0,0,0,0.249131559,0,101374,0,0,0,49,UTAH
2350,490134,0,0,0,0,0,0,0,1.837238485,0,0,0,0,0,0,0,0,1.837238485,0,0,0,124286,0,0,0,49,UTAH
2351,490135,22.83028141,75,3.285110623,0,0,0,0,11.01324347,0,0,0,0,0,0,0,0,1.202623385,0,8.454874765,1.355745321,124286,0,0,0,49,UTAH
2352,490136,0,0,0,0,0,0,0,0,0,0,0,0,0,0,0,0,0,0,0,0,127500,0,0,0,49,UTAH
2353,490137,0,0,0,0,0,0,0,1.012593113,0,0,0,0,0,0,0,0,1.012593113,0,0,0,87434,0,0,0,49,UTAH
2354,490138,0,0,0,0,0,0,0,0,0,0,0,0,0,0,0,0,0,0,0,0,92081,0,0,0,49,UTAH
2355,490139,0,0,0,0,0,0,0,0,0,0,0,0,0,0,0,0,0,0,0,0,101374,0,0,0,49,UTAH
2356,490140,0,0,0,0,0,0,0,8.100744901,0,0,0,0,0,0,0,0,8.100744901,0,0,0,124286,0,0,0,49,UTAH
2357,490141,0,0,0,0,0,0,0,7.088151789,0,0,0,0,0,0,0,0,7.088151789,0,0,0,124286,0,0,0,49,UTAH
2358,490142,554,2607,4.705776173,137.3333334,2,2.166666667,133.1666667,239.9377744,1.833333333,0.166666667,0,2.166666667,6.5,105.6666667,0,21,0,0,68.5691292,34.03531182,127500,0,1793,0,49,UTAH
2359,490143,0,0,0,0,0,0,0,1.012593113,0,0,0,0,0,0,0,0,1.012593113,0,0,0,87434,0,0,0,49,UTAH
2360,490144,19.66037199,74,3.763916574,0,0,0,0,1.827902735,0,0,0,0,0,0,0,0,0.02786125,0,0.76595001,1.034091475,87434,0,0,0,49,UTAH
2361,490145,0,0,0,0,0,0,0,3.037779338,0,0,0,0,0,0,0,0,3.037779338,0,0,0,124286,0,0,0,49,UTAH
2362,490146,0,0,0,0,0,0,0,4.001098029,0,0,0,0,0,0,0,0,3.993629683,0,0.007468346,0,124286,0,0,0,49,UTAH
2363,490147,0,0,0,0,0,0,0,1.205440022,0,0,0,0,0,0,0,0,1.196094576,0,0.009345446,0,127500,0,0,0,49,UTAH
2364,490148,19.63765667,91,4.633954119,27.08642299,0,0,27.08642299,74.81021833,0,0,0,0,0,27.08642299,0,0,0.685688134,0,45.68237948,1.355727724,127500,1087,0,0,49,UTAH
2365,490149,19.3396281,95,4.912193737,0,0,0,0,4.411927692,0,0,0,0,0,0,0,0,0.815943494,0,2.627998503,0.967985695,137500,0,0,0,49,UTAH
2366,490150,0,0,0,0,0,0,0,2.025186225,0,0,0,0,0,0,0,0,2.025186225,0,0,0,124286,0,0,0,49,UTAH
2367,490151,0,0,0,0,0,0,0,1.475744696,0,0,0,0,0,0,0,0,1.475744696,0,0,0,124286,0,0,0,49,UTAH
2368,490152,11.96627927,56,4.679817237,5.753941426,0,0,5.753941426,19.73701598,0,0,0,0,0.013966443,5.698075655,0.041899328,0,2.335298453,0,10.76269885,0.885077251,127500,0,0,0,49,UTAH
2369,490153,111.4161567,524,4.703088095,7.972614882,0,0,7.972614882,41.49274615,0,0,0,0,0.189277927,7.215503175,0.56783378,0,0.439476282,0,26.23505745,6.845597536,127500,0,0,0,49,UTAH
2370,490154,427.2449656,2012,4.709242149,3.046309915,0,0,3.046309915,85.41070042,0,0,0,0,0.761577479,0,2.284732437,0,0,0,56.44386354,25.92052697,127500,0,0,0,49,UTAH
2371,490155,200,905,4.525,49,0,0,49,124.8929545,0,0,0,0,0,49,0,0,1.012593113,0,62.86789834,12.012463,125957,892,0,0,49,UTAH
2372,490156,0,0,0,0,0,0,0,2.579813939,0,0,0,0,0,0,0,0,2.579813939,0,0,0,101374,0,0,0,49,UTAH
2373,490157,0,0,0,0,0,0,0,1.470558521,0,0,0,0,0,0,0,0,1.470558521,0,0,0,105810,0,0,0,49,UTAH
2374,490158,0,0,0,0,0,0,0,2.025186225,0,0,0,0,0,0,0,0,2.025186225,0,0,0,124286,0,0,0,49,UTAH
2375,490159,0,0,0,0,0,0,0,0,0,0,0,0,0,0,0,0,0,0,0,0,125893,0,0,0,49,UTAH
2376,490160,19.7349562,93,4.712450287,43.72738802,3.79014568,4.421836627,35.51540571,50.18291947,3.158454733,0.631690947,0,4.421836627,6.261846078,6.226667903,0.286017653,22.74087408,1.096535832,0,4.161695463,1.197300157,127500,0,0,0,49,UTAH
2377,490161,149,700,4.697986577,0,0,0,0,14.31229044,0,0,0,0,0,0,0,0,0,0,5.30294319,9.009347247,127500,0,0,0,49,UTAH
2378,490162,360,1226,3.405555556,69,25,1,43,106.2910544,25,0,0,1,0,29,0,14,0,0,15.26820556,22.02284883,81536,361,0,0,49,UTAH
2379,490163,325,1491,4.587692308,0,0,0,0,31.58759405,0,0,0,0,0,0,0,0,0,0,11.56682239,20.02077166,113345,0,0,0,49,UTAH
2380,490164,0,0,0,0,0,0,0,1.012593113,0,0,0,0,0,0,0,0,1.012593113,0,0,0,124286,0,0,0,49,UTAH
2381,490165,0,0,0,0,0,0,0,0.014107739,0,0,0,0,0,0,0,0,0.014107739,0,0,0,124286,0,0,0,49,UTAH
2382,490166,97.97748979,463,4.725575242,36.9133274,3.209854556,3.744830316,29.95864253,50.89788443,2.674878797,0.53497576,0,3.744830316,5.273332486,5.273332486,0.152850217,19.25912734,2.970385353,0,4.885241196,6.128930479,127500,0,0,0,49,UTAH
2383,490167,240.0225082,1130,4.707891808,0,0,0,0,35.36225715,0,0,0,0,0,0,0,0,2.008637509,0,18.46074,14.89287964,112620,0,0,0,49,UTAH
2384,490168,454,1787,3.936123348,108.8333333,24,2,82.83333333,156.89377,24,0,0,2,54.16666667,0.166666667,26.33333333,2.166666667,0,0,20.03135631,28.02908032,101125,0,0,0,49,UTAH
2385,490169,261,1029,3.942528736,37,0,0,37,75.62250371,0,0,0,0,0,37,0,0,0,0,22.60588638,16.01661733,101125,0,109,178,49,UTAH
2386,490170,86.99999922,287,3.298850604,39.83333297,0.166666666,2.166666648,37.49999966,49.35254984,0.166666666,0,1.999999982,0.166666666,1.333333321,32.33333304,0.999999991,2.833333308,0,0,4.514023993,5.00519287,124286,106,0,0,49,UTAH
2387,490171,38.44466878,162,4.213848243,9.112810378,0.427162986,0.854325973,7.831321419,13.37104579,0.427162986,0,0.142387662,0.71193831,0.569550649,5.125955837,0,2.135814932,0,0,1.692595623,2.565639784,120312,0,0,0,49,UTAH
2388,490172,7.277072107,31,4.25995504,1.55213535,0.072756345,0.145512689,1.333866317,2.303362703,0.072756345,0,0.024252115,0.121260574,0.097008459,0.873076135,0,0.363781723,0,0,0.314235904,0.436991448,124286,0,0,0,49,UTAH
2389,490173,0,0,0,0,0,0,0,0,0,0,0,0,0,0,0,0,0,0,0,0,124286,0,0,0,49,UTAH
2390,490174,7,23,3.285714286,0,0,0,0,1.261724672,0,0,0,0,0,0,0,0,1.012593113,0,0.249131559,0,124286,0,0,0,49,UTAH
2391,490175,0,0,0,0,0,0,0,5.062965563,0,0,0,0,0,0,0,0,5.062965563,0,0,0,124286,0,0,0,49,UTAH
2392,490176,0,0,0,0,0,0,0,4.050372451,0,0,0,0,0,0,0,0,4.050372451,0,0,0,124286,0,0,0,49,UTAH
2393,490177,0,0,0,0,0,0,0,0,0,0,0,0,0,0,0,0,0,0,0,0,124286,0,0,0,49,UTAH
2394,490178,0,0,0,0,0,0,0,11.13852421,0,0,0,0,0,0,0,0,11.13852421,0,0,0,124286,0,0,0,49,UTAH
2395,490179,0,0,0,0,0,0,0,4.050372451,0,0,0,0,0,0,0,0,4.050372451,0,0,0,124286,0,0,0,49,UTAH
2396,490180,0,0,0,0,0,0,0,13.16371046,0,0,0,0,0,0,0,0,13.16371046,0,0,0,124286,0,0,0,49,UTAH
2397,490181,0,0,0,0,0,0,0,0,0,0,0,0,0,0,0,0,0,0,0,0,124286,0,0,0,49,UTAH
2398,490182,0,0,0,0,0,0,0,1.012593113,0,0,0,0,0,0,0,0,1.012593113,0,0,0,124286,0,0,0,49,UTAH
2399,490183,0,0,0,0,0,0,0,14.17630358,0,0,0,0,0,0,0,0,14.17630358,0,0,0,124286,0,0,0,49,UTAH
2400,490184,0,0,0,0,0,0,0,13.16371046,0,0,0,0,0,0,0,0,13.16371046,0,0,0,124286,0,0,0,49,UTAH
2401,490185,0,0,0,0,0,0,0,4.050372451,0,0,0,0,0,0,0,0,4.050372451,0,0,0,124286,0,0,0,49,UTAH
2402,490186,0,0,0,0,0,0,0,0,0,0,0,0,0,0,0,0,0,0,0,0,124286,0,0,0,49,UTAH
2403,490187,0,0,0,0,0,0,0,2.025186225,0,0,0,0,0,0,0,0,2.025186225,0,0,0,124286,0,0,0,49,UTAH
2404,490188,0,0,0,0,0,0,0,0.998485378,0,0,0,0,0,0,0,0,0.998485378,0,0,0,124286,0,0,0,49,UTAH
2405,490189,0,0,0,0,0,0,0,7.088151789,0,0,0,0,0,0,0,0,7.088151789,0,0,0,124286,0,0,0,49,UTAH
2406,490190,0,0,0,0,0,0,0,4.050372451,0,0,0,0,0,0,0,0,4.050372451,0,0,0,124286,0,0,0,49,UTAH
2407,490191,0,0,0,0,0,0,0,4.050372451,0,0,0,0,0,0,0,0,4.050372451,0,0,0,124286,0,0,0,49,UTAH
2408,490192,0,0,0,14.33333334,1.833333334,1,11.5,16.86864803,1.666666667,0.166666667,0.166666667,0.833333333,1.666666667,3.666666667,0,6.166666667,2.025186225,0,0.51012847,0,124286,0,0,0,49,UTAH
2409,490193,0,0,0,0,0,0,0,2.025186225,0,0,0,0,0,0,0,0,2.025186225,0,0,0,124286,0,0,0,49,UTAH
2410,490194,0,0,0,0,0,0,0,0,0,0,0,0,0,0,0,0,0,0,0,0,124286,0,0,0,49,UTAH
2411,490195,6,19,3.166666667,0,0,0,0,3.257253553,0,0,0,0,0,0,0,0,3.037779338,0,0.219474215,0,120592,0,0,0,49,UTAH
2412,490196,0,0,0,0,0,0,0,3.037779338,0,0,0,0,0,0,0,0,3.037779338,0,0,0,124286,0,0,0,49,UTAH
2413,490197,0,0,0,0,0,0,0,4.050372451,0,0,0,0,0,0,0,0,4.050372451,0,0,0,124286,0,0,0,49,UTAH
2414,490198,0,0,0,0,0,0,0,4.050372451,0,0,0,0,0,0,0,0,4.050372451,0,0,0,124286,0,0,0,49,UTAH
2415,490199,0,0,0,0,0,0,0,3.037779338,0,0,0,0,0,0,0,0,3.037779338,0,0,0,110582,0,0,0,49,UTAH
2416,490200,1,4,4,0,0,0,0,0.041520038,0,0,0,0,0,0,0,0,0,0,0.041520038,0,116897,0,0,0,49,UTAH
2417,490201,423,1371,3.241134752,0,0,0,0,66.08166738,0,0,0,0,0,0,0,0,0,0,40.05466422,26.02700316,116897,0,0,0,49,UTAH
2418,490202,373.0000001,1553,4.163538873,216.6666667,15.83333334,5.666666668,195.1666667,261.6768959,2.666666668,13.16666667,3.666666668,2,22.33333333,140.1666667,6.666666668,26,0,0,21.98634173,23.02388741,145400,821,0,0,49,UTAH
2419,490203,323.9999999,1348,4.160493828,0,0,0,0,66.55200382,0,0,0,0,0,0,0,0,0,0,46.53123216,20.02077166,145400,0,0,0,49,UTAH
2420,490204,0,0,0,0,0,0,0,24.30223458,0,0,0,0,0,0,0,0,24.30223458,0,0,0,96877,0,0,0,49,UTAH
2421,490205,0,0,0,0,0,0,0,17.21408317,0,0,0,0,0,0,0,0,17.21408317,0,0,0,96877,0,0,0,49,UTAH
2422,490206,0,0,0,0,0,0,0,48.60446939,0,0,0,0,0,0,0,0,48.60446939,0,0,0,108750,0,0,0,49,UTAH
2423,490207,0,0,0,0,0,0,0,51.64224869,0,0,0,0,0,0,0,0,51.64224869,0,0,0,138710,0,0,0,49,UTAH
2424,490208,0,0,0,0,0,0,0,40.50372451,0,0,0,0,0,0,0,0,40.50372451,0,0,0,112438,0,0,0,49,UTAH
2425,490209,0,0,0,0,0,0,0,0,0,0,0,0,0,0,0,0,0,0,0,0,112438,0,0,0,49,UTAH
2426,490210,0,0,0,0,0,0,0,0,0,0,0,0,0,0,0,0,0,0,0,0,131476,0,0,0,49,UTAH
2427,490211,0,0,0,0,0,0,0,0,0,0,0,0,0,0,0,0,0,0,0,0,131476,0,0,0,49,UTAH
2428,490212,0,0,0,28.83333333,2,3,23.83333333,29.85945282,2,0,0.166666667,2.833333333,4.333333333,7.5,0,12,0,0,1.02611949,0,112438,0,0,0,49,UTAH
2429,490213,1,2,2,0,0,0,0,0.035590223,0,0,0,0,0,0,0,0,0,0,0.035590223,0,112438,0,0,0,49,UTAH
2430,490214,0,0,0,28.16666667,1.833333334,1.666666667,24.66666667,29.16908894,1.666666667,0.166666667,0,1.666666667,3.833333333,7.166666667,0.166666667,13.5,0,0,1.002422273,0,112438,0,0,0,49,UTAH
2431,490215,0,0,0,0,0,0,0,0,0,0,0,0,0,0,0,0,0,0,0,0,112438,0,0,0,49,UTAH
2432,490216,0,0,0,0,0,0,0,0,0,0,0,0,0,0,0,0,0,0,0,0,112438,0,0,0,49,UTAH
2433,490217,0,0,0,0,0,0,0,0.017785314,0,0,0,0,0,0,0,0,0,0,0.017785314,0,112438,0,0,0,49,UTAH
2434,490218,0,0,0,0,0,0,0,2.025186225,0,0,0,0,0,0,0,0,2.025186225,0,0,0,112438,0,0,0,49,UTAH
2435,490219,0,0,0,0,0,0,0,0,0,0,0,0,0,0,0,0,0,0,0,0,150515,0,0,0,49,UTAH
2436,490220,0,0,0,0,0,0,0,0,0,0,0,0,0,0,0,0,0,0,0,0,112438,0,0,0,49,UTAH
2437,490221,0,0,0,0,0,0,0,0.035581293,0,0,0,0,0,0,0,0,0,0,0.035581293,0,112438,0,0,0,49,UTAH
2438,490222,98.00000015,375,3.826530606,35.00000005,0,0,35.00000005,45.73973119,0,0,0,0,0,35.00000005,0,0,0,0,4.733499633,6.006231507,150515,690,0,0,49,UTAH
2439,490223,0,0,0,0,0,0,0,0.005928438,0,0,0,0,0,0,0,0,0,0,0.005928438,0,170137,0,0,0,49,UTAH
2440,490224,313,1315,4.201277955,0,0,0,0,30.1594728,0,0,0,0,0,0,0,0,0,0,11.13973972,19.01973308,117548,0,0,0,49,UTAH
2441,490225,414,1610,3.888888889,0,0,0,0,47.94492949,0,0,0,0,0,0,0,0,0,0,22.75213753,25.19279196,161082,0,0,0,49,UTAH
2442,490226,340,1309,3.85,19.66666667,0.833333334,1,17.83333333,109.4890819,0.666666667,0.166666667,0,1,5.666666667,3.666666667,0,8.5,0,0,68.800605,21.02181024,150515,0,0,0,49,UTAH
2443,490227,0,0,0,0,0,0,0,0.037185697,0,0,0,0,0,0,0,0,0,0,0.037185697,0,123906,0,0,0,49,UTAH
2444,490228,517.7503139,1832,3.538385107,0,0,0,0,52.38179744,0,0,0,0,0,0,0,0,0,0,20.21219492,32.16960252,123906,0,0,0,49,UTAH
2445,490229,375,1325,3.533333333,49,0,0,49,143.1141419,0,0,0,0,0,49,0,0,0,0,71.09025445,23.02388741,130839,851,0,0,49,UTAH
2446,490230,498,1760,3.534136546,21.33333333,1,1,19.33333333,87.84872087,0.833333333,0.166666667,0,1,6.833333333,2.5,0,10,0,0,35.48319147,31.03219607,127845,0,0,0,49,UTAH
2447,490231,0,0,0,0,0,0,0,0.004352561,0,0,0,0,0,0,0,0,0,0,0.004352561,0,134114,0,0,0,49,UTAH
2448,490232,397.2496965,1632,4.108247317,0,0,0,0,95.24245665,0,0,0,0,0,0,0,0,0,0,70.3528593,24.88959736,161073,0,0,0,49,UTAH
2449,490233,422,1777,4.210900474,41.33333333,24.16666667,1.5,15.66666666,83.85048605,23.5,0.666666667,0.333333333,1.166666667,0.333333333,0.833333333,2.166666667,12.33333333,0,0,16.49014956,26.02700316,139918,0,0,0,49,UTAH
2450,490234,323,1137,3.520123839,82.66666666,0,0.333333333,82.33333333,137.1252105,0,0,0,0.333333333,18.5,32.5,0,31.33333333,0,0,34.43777218,20.02077166,126250,0,0,0,49,UTAH
2451,490235,0,0,0,0,0,0,0,0,0,0,0,0,0,0,0,0,0,0,0,0,115104,0,0,0,49,UTAH
2452,490236,115,406,3.530434783,2.000000001,0,0.166666667,1.833333334,28.17131685,0,0,0,0.166666667,1.166666667,0,0,0.666666667,0,0,19.16404677,7.007270081,109289,0,0,0,49,UTAH
2453,490237,111,390,3.513513514,45,0,0,45,57.55934483,0,0,0,0,0,45,0,0,0,0,5.55207475,7.007270081,110561,723,0,0,49,UTAH
2454,490238,0,0,0,0,0,0,0,0.035570627,0,0,0,0,0,0,0,0,0,0,0.035570627,0,129780,0,0,0,49,UTAH
2455,490239,0,0,0,0,0,0,0,1.012593105,0,0,0,0,0,0,0,0,1.012593105,0,0,0,153750,0,0,0,49,UTAH
2456,490240,0,0,0,0,0,0,0,0,0,0,0,0,0,0,0,0,0,0,0,0,153750,0,0,0,49,UTAH
2457,490241,380,1624,4.273684211,0,0,0,0,115.7387132,0,0,0,0,0,0,0,0,0,0,92.5479984,23.1907148,153750,0,0,0,49,UTAH
2458,490242,241,1028,4.265560166,59,0,0,59,84.69264558,0,0,0,0,0,59,0,0,0,0,10.67706683,15.01557875,153576,0,1480,0,49,UTAH
2459,490243,411,1184,2.880778589,0,0,0,0,43.65354613,0,0,0,0,0,0,0,0,0,0,18.62758155,25.02596458,126800,0,0,0,49,UTAH
2460,490244,0,0,0,0,0,0,0,3.284375401,0,0,0,0,0,0,0,0,3.254822706,0,0.029552695,0,153750,0,0,0,49,UTAH
2461,490245,0,0,0,0,0,0,0,0.795646815,0,0,0,0,0,0,0,0,0.795549767,0,9.70473E-05,0,153750,0,0,0,49,UTAH
2462,490246,37,159,4.297297297,0,0,0,0,452.3248545,0,0,0,0,0,0,0,0,0,0,450.3227773,2.002077166,153750,0,0,0,49,UTAH
2463,490247,38,157,4.131578947,0,0,0,0,6.373028559,0,0,0,0,0,0,0,0,1.012593113,0,3.35835828,2.002077166,153750,0,0,0,49,UTAH
2464,490248,0,0,0,0,0,0,0,0.005929816,0,0,0,0,0,0,0,0,0,0,0.005929816,0,115811,0,0,0,49,UTAH
2465,490249,975.9999996,3425,3.509221313,41.99999998,0,0,41.99999998,138.3050292,0,0,0,0,0,41.99999998,0,0,0,0,36.24271429,60.06231496,104971,821,0,0,49,UTAH
2466,490250,415,1711,4.122891566,0,0,0,0,51.79590702,0,0,0,0,0,0,0,0,0,0,26.76994244,25.02596458,105810,0,0,0,49,UTAH
2467,490251,1223,5166,4.224039248,49,0,0,49,207.3486571,0,0,0,0,0,49,0,0,0,0,83.27076334,75.07789373,110523,1074,0,0,49,UTAH
2468,490252,90,374,4.155555556,39,0,0,39,152.6158932,0,0,0,0,0,39,0,0,1.012593113,0,106.5970686,6.006231498,110523,782,0,0,49,UTAH
2469,490253,0,0,0,0,0,0,0,1.012593113,0,0,0,0,0,0,0,0,1.012593113,0,0,0,141062,0,0,0,49,UTAH
2470,490254,0,0,0,0,0,0,0,3.043707776,0,0,0,0,0,0,0,0,3.037779338,0,0.005928438,0,128375,0,0,0,49,UTAH
2471,490255,587,1885,3.211243612,398.3333334,111.1666667,12.66666667,274.5,528.4389155,25.33333333,85.83333333,5.5,7.166666667,15,65.16666667,86.66666667,107.6666667,0,0,94.06819311,36.03738899,97969,975,0,0,49,UTAH
2472,490256,452,1907,4.219026549,146.8333333,56.33333334,4,86.5,207.1750199,52.66666667,3.666666667,2.166666667,1.833333333,2.833333333,10,12.16666667,61.5,0,0,32.31260622,28.02908032,110523,0,0,0,49,UTAH
2473,490257,718,3035,4.227019499,0,0,0,0,72.59947759,0,0,0,0,0,0,0,0,0,0,28.55377994,44.04569765,110523,0,0,0,49,UTAH
2474,490258,0,0,0,0,0,0,0,1.036332636,0,0,0,0,0,0,0,0,1.012593113,0,0.023739523,0,110523,0,0,0,49,UTAH
2475,490259,0.326331792,2,6.128731696,0,0,0,0,0.342055547,0,0,0,0,0,0,0,0,0.330441326,0,0.011614221,0,128375,0,0,0,49,UTAH
2476,490260,0.673668281,4,5.937640394,0,0,0,0,0.706127867,0,0,0,0,0,0,0,0,0.682151862,0,0.023976004,0,128375,0,0,0,49,UTAH
2477,490261,481,2010,4.178794179,66.83333333,11.5,4,51.33333333,256.5345641,7.5,4,1.666666667,2.333333333,5.333333333,7.333333333,15.83333333,22.83333333,0,0,159.6700733,30.03115749,128375,0,0,0,49,UTAH
2478,490262,98,411,4.193877551,258,21.33333333,20,216.6666666,313.676243,20.83333333,0.5,0.5,19.5,41.83333333,38.5,0.5,135.8333333,0,0,49.67001157,6.006231498,128375,0,0,0,49,UTAH
2479,490263,501,1892,3.776447106,0,0,0,0,59.86289767,0,0,0,0,0,0,0,0,0,0,28.8307016,31.03219607,98399,0,0,0,49,UTAH
2480,490264,693,2807,4.050505051,545.1666667,348.6666667,7.5,189,635.277995,210.1666667,138.5,3.333333333,4.166666667,14.5,12.33333333,69.16666667,93,0,0,47.06666922,43.04465907,106086,0,0,0,49,UTAH
2481,490265,690,2797,4.053623188,0,0,0,0,66.60087419,0,0,0,0,0,0,0,0,0,0,24.5572537,42.04362049,106086,0,0,0,49,UTAH
2482,490266,175,711,4.062857143,40.66666667,3.166666666,3.5,34,71.36559083,2.833333333,0.333333333,0,3.5,8.333333333,5.666666667,0,20,0,0,19.68749975,11.01142441,106086,0,0,0,49,UTAH
2483,490267,134,561,4.186567164,410,0,0,410,487.3693898,0,0,0,0,0,410,0,0,0,0,69.36108118,8.008308664,128375,1844,1987,112,49,UTAH
2484,490268,5,20,4,178,0,0,178,184.5130108,0,0,0,0,0,178,0,0,0,0,6.513010764,0,128375,0,0,3155,49,UTAH
2485,490269,72,299,4.152777778,0,0,0,0,82.56665037,0,0,0,0,0,0,0,0,0,0,78.56249604,4.004154332,128375,0,0,0,49,UTAH
2486,490270,0,0,0,0,0,0,0,2.025186225,0,0,0,0,0,0,0,0,2.025186225,0,0,0,128375,0,0,0,49,UTAH
2487,490271,894,3371,3.770693512,333.6666666,20.83333333,10.66666667,302.1666666,455.4168041,17.33333333,3.5,2.666666667,8,139.3333333,13.66666667,77.83333333,71.33333333,0,0,66.69301536,55.05712207,98324,0,0,0,49,UTAH
2488,490272,187.9999995,759,4.037234053,0,0,0,0,77.70342468,0,0,0,0,0,0,0,0,0,0,65.69096171,12.01246297,106086,0,0,0,49,UTAH
2489,490273,30,120,4,0,0,0,0,3.069783849,0,0,0,0,0,0,0,0,0,0,1.067706683,2.002077166,106086,0,0,0,49,UTAH
2490,490274,253,1024,4.04743083,0,0,0,0,25.02094369,0,0,0,0,0,0,0,0,0,0,9.004326357,16.01661733,106086,0,0,0,49,UTAH
2491,490275,318,1288,4.050314465,0,0,0,0,31.3384625,0,0,0,0,0,0,0,0,0,0,11.31769084,20.02077166,106086,0,0,0,49,UTAH
2492,490276,93.01122264,389,4.182291007,0,0,0,0,9.639060185,0,0,0,0,0,0,0,0,0.581373602,0,3.310290132,5.747396451,128375,0,0,0,49,UTAH
2493,490277,19.10441025,78,4.082826896,138.996831,10.16452597,9.552205124,119.2800999,146.0947966,9.30727679,0.857249178,0.367392505,9.184812619,22.28847862,22.41094279,0.612320841,73.96835765,0,0,5.626869271,1.47109629,128375,0,0,34,49,UTAH
2494,490278,2,8,4,0,0,0,0,0.071180446,0,0,0,0,0,0,0,0,0,0,0.071180446,0,128375,0,0,0,49,UTAH
2495,490279,34.99999996,142,4.057142862,0,0,0,0,60.25366776,0,0,0,0,0,0,0,0,0,0,58.2515906,2.002077164,106086,0,0,0,49,UTAH
2496,490280,137,556,4.058394161,41.16666667,0.666666667,0.333333333,40.16666667,211.5159661,0.666666667,0,0,0.333333333,1,35.66666667,0,3.5,0,0,162.3409908,8.008308664,106086,0,0,0,49,UTAH
2497,490281,0,0,0,0,0,0,0,0.937820944,0,0,0,0,0,0,0,0,0.937820944,0,0,0,128375,0,0,0,49,UTAH
2498,490282,0,0,0,0,0,0,0,1.087365282,0,0,0,0,0,0,0,0,1.087365282,0,0,0,128375,0,0,0,49,UTAH
2499,490283,75.88437102,316,4.164230338,50.16983828,3.668807558,3.447795053,43.05323567,59.88132963,3.359390053,0.309417505,0.132607502,3.315187551,8.044855123,8.089057625,0.221012503,26.69831042,0.431219533,0,4.486301314,4.793970502,128375,0,0,0,49,UTAH
2500,490284,0,0,0,259.6666653,12.83333326,87.49999952,159.3333325,268.9082442,9.833333279,2.999999984,1.166666661,86.33333286,47.66666641,22.16666655,18.4999999,70.99999961,0,0,9.241578896,0,145400,0,0,0,49,UTAH
2501,490285,0,0,0,0,0,0,0,0,0,0,0,0,0,0,0,0,0,0,0,0,145400,0,0,0,49,UTAH
2502,490286,0,0,0,0,0,0,0,4.0681665,0,0,0,0,0,0,0,0,4.050372306,0,0.017794194,0,121138,0,0,0,49,UTAH
2503,490287,7.661871619,15,1.957746194,0,0,0,0,10.24356525,0,0,0,0,0,0,0,0,0.775835843,0,8.7007465,0.766982911,96877,0,0,0,49,UTAH
2504,490288,2.338128632,4,1.710769863,0,0,0,0,3.137832106,0,0,0,0,0,0,0,0,0.236757295,0,2.667019114,0.234055697,106086,0,0,0,49,UTAH
2505,490289,241.1076636,1004,4.16411484,102.6666667,20.33333333,6.666666667,75.66666667,378.3467002,13.83333333,6.5,3,3.666666667,10.83333333,11.16666667,20,33.66666667,0,0,260.6353157,15.04471783,121417,637,0,0,49,UTAH
2506,490290,106.0262595,408,3.848103309,79.43043839,10.52593216,3.777199409,65.12730682,112.0381815,9.110108923,1.415823239,0.370177581,3.407021828,8.973075438,14.71740225,1.64157372,39.79525542,0,0,25.60047299,7.007270082,130353,0,0,0,49,UTAH
2507,490291,0,0,0,883.8333334,330.6666667,45.33333333,507.8333333,973.2890588,117.1666667,213.5,24,21.33333333,68.5,72.83333333,104,262.5,0,0,89.45572539,0,80766,0,0,0,49,UTAH
2508,490292,0,0,0,1164.833333,449.6666666,56.66666666,658.5000001,1224.289934,371.8333333,77.83333333,28.33333333,28.33333333,126.1666667,90.16666667,171.6666667,270.5,0,0,59.45660054,0,80766,0,0,0,49,UTAH
2509,490293,0,0,0,1754.666667,992.1666667,57,705.5,1819.115853,542,450.1666667,30,27,83.33333333,92.33333333,92.33333333,437.5,0,0,64.44918598,0,80766,0,0,0,49,UTAH
2510,490294,107,315,2.943925234,345.3333333,44.5,30.16666667,270.6666667,372.4391983,38,6.5,13.5,16.66666667,37.5,22.5,79.66666667,131,0,0,20.09859485,7.007270081,86192,0,0,0,49,UTAH
2511,490295,496,1456,2.935483871,1232.5,337.6666667,48.16666667,846.6666667,1335.048758,95.5,242.1666667,10.5,37.66666667,95,306,166,279.6666667,0,0,72.51760062,30.03115749,80912,0,0,0,49,UTAH
2512,490296,1.973740564,5,2.533261003,1285.069585,628.3074127,45.88946811,610.8727044,1330.875789,521.8899007,106.417512,15.29648937,30.59297874,98.19359305,66.44926564,110.8584283,335.3714174,0,0,45.80620394,0,130353,0,0,0,49,UTAH
2513,490297,473.8418329,1479,3.121294696,557.7233523,367.4752851,28.43471439,161.8133529,706.5068713,128.1269986,239.3482864,1.852149747,26.58256464,22.28359508,7.296739971,58.67412185,73.55889597,0,0,119.3014007,29.48211823,157772,0,0,0,49,UTAH
2514,490298,884.9271079,3406,3.848904582,102.1822594,7.201543291,6.540108118,88.44060802,191.6525097,5.516857035,1.684686257,1.670735606,4.869372512,21.50248496,7.483302822,24.04998983,35.40483041,0,0,35.17326818,54.29698212,130120,0,0,0,49,UTAH
2515,490299,127,489,3.850393701,305.3333333,31.66666667,0,273.6666666,347.7284844,0.5,31.16666667,0,0,2.333333333,67.16666667,125.3333333,78.83333333,0,0,34.38684244,8.008308664,130353,958,0,0,49,UTAH
2516,490300,667.1581725,1690,2.533132426,44.60998254,20.02471587,10.23195241,14.35331426,290.9388012,2.87300166,17.15171421,0.314516925,9.917435485,2.549738326,1.869926725,3.325878305,6.607770902,0,0,205.7382358,40.59058291,121343,0,0,0,49,UTAH
2517,490301,416,1055,2.536057692,64.33333333,3.333333333,5.166666667,55.83333333,259.4614381,3.333333333,0,0.166666667,5,10.33333333,9.5,0,36,0,0,169.1011016,26.02700316,121343,0,0,0,49,UTAH
2518,490302,236.8923378,983,4.149564351,0,0,0,0,78.01721181,0,0,0,0,0,0,0,0,0,0,63.03077206,14.98643975,121417,0,0,0,49,UTAH
2519,490303,1122.072898,4307,3.838431537,147.3177414,9.965123432,11.45989194,125.892726,273.2845599,4.816476325,5.148647107,1.162597734,10.29729421,48.33084864,42.85003076,14.28334358,20.42850304,0,0,57.13605453,68.83076398,118059,988,0,0,49,UTAH
2520,490304,534,1353,2.533707865,236.6666667,30,14.66666667,192,567.1291375,28.16666667,1.833333333,4.666666667,10,24.16666667,20.5,22.83333333,124.5,0,0,297.4281976,33.03427324,121343,0,0,0,49,UTAH
2521,490305,0,0,0,0,0,0,0,0,0,0,0,0,0,0,0,0,0,0,0,0,121417,0,0,0,49,UTAH
2522,490306,338,1405,4.156804734,6.166666667,0.166666667,2.333333333,3.666666667,354.4374588,0.166666667,0,0,2.333333333,1.5,0.666666667,0,1.5,0,0,327.2489819,21.02181024,121417,0,0,0,49,UTAH
2523,490307,1136,2882,2.536971831,110.1666667,22.5,7.666666667,80,232.5907477,19.16666667,3.333333333,2.5,5.166666667,23.5,8.5,7,41,0,0,52.35138019,70.07270081,121343,0,0,0,49,UTAH
2524,490308,382,968,2.534031414,0,0,0,0,206.4526858,0,0,0,0,0,0,0,0,0,0,183.4287984,23.02388741,121343,0,0,0,49,UTAH
2525,490309,202,679,3.361386139,171,40.83333333,10,120.1666667,270.287565,37.83333333,3,3.666666667,6.333333333,17,31.66666667,23,48.5,0,0,87.27510195,12.012463,137266,0,0,0,49,UTAH
2526,490310,0,0,0,2382.833333,421.8333333,162.1666667,1798.833333,2631.650809,319.5,102.3333333,72.33333333,89.83333333,210.3333333,208,546.1666667,834.3333333,0,0,248.8174762,0,121417,0,0,0,49,UTAH
2527,490311,0,0,0,0,0,0,0,0,0,0,0,0,0,0,0,0,0,0,0,0,121343,0,0,0,49,UTAH
2528,490312,93,234,2.516129032,469.8333334,133.5,18.66666667,317.6666667,551.8708886,43.83333333,89.66666667,8.5,10.16666667,27.5,83.5,83,123.6666667,0,0,76.03132374,6.006231498,121343,0,169,188,49,UTAH
2529,490313,3,10,3.333333333,0,0,0,0,0.106770668,0,0,0,0,0,0,0,0,0,0,0.106770668,0,137266,0,0,0,49,UTAH
2530,490314,737,1869,2.535956581,0,0,0,0,120.2767304,0,0,0,0,0,0,0,0,0,0,75.22999417,45.04673624,121343,0,0,0,49,UTAH
2531,490315,0,0,0,504.5000005,38.83333338,39.50000005,426.1666671,522.4551654,36.33333337,2.500000003,1.500000002,38.00000004,81.00000009,69.33333341,1.500000002,274.3333336,0,0,17.95516481,0,121417,0,0,0,49,UTAH
2532,490316,0,0,0,0,0,0,0,0,0,0,0,0,0,0,0,0,0,0,0,0,96877,0,0,0,49,UTAH
2533,490317,0,0,0,495.1666666,38.5,41.33333333,415.3333333,512.7897285,36.83333333,1.666666667,0.833333333,40.5,86.66666667,56,1.333333333,271.3333333,0,0,17.62306182,0,96877,0,0,0,49,UTAH
2534,490318,366,1230,3.360655738,0,0,0,0,307.0488703,0,0,0,0,0,0,0,0,0,0,285.0260215,22.02284883,137266,0,0,0,49,UTAH
2535,490319,422,1417,3.357819905,45,0,0,45,113.6476372,0,0,0,0,0,45,0,0,0,0,42.62063403,26.02700316,137266,824,0,0,49,UTAH
2536,490320,0,0,0,1498.166708,118.3333367,127.5000036,1252.333368,1551.486397,114.6666699,3.666666769,3.500000098,124.0000035,227.0000063,215.500006,5.00000014,804.8333558,0,0,53.31968838,0,120090,0,0,0,49,UTAH
2537,490321,175,692,3.954285714,0,0,0,0,42.23971339,0,0,0,0,0,0,0,0,0,0,31.22828898,11.01142441,190227,0,0,0,49,UTAH
2538,490322,222,913,4.112612613,13,0,0,13,42.37824251,0,0,0,0,0,13,0,0,0,0,15.36370235,14.01454016,134028,0,0,0,49,UTAH
2539,490323,43,176,4.093023256,0,0,0,0,20.53349533,0,0,0,0,0,0,0,0,0,0,17.53037958,3.003115749,134028,0,0,0,49,UTAH
2540,490324,312,852,2.730769231,316.6666667,30.16666666,10.16666667,276.3333333,362.0608219,19.83333333,10.33333333,3,7.166666667,36.5,114,38.5,87.33333333,0,0,26.37442221,19.01973308,156875,0,0,0,49,UTAH
2541,490325,259,1140,4.401544402,49,0,0,49,76.97840594,0,0,0,0,0,49,0,0,0,0,11.96178861,16.01661733,137778,1057,0,0,49,UTAH
2542,490326,198,527,2.661616162,2.666666668,0.666666667,0.166666667,1.833333334,21.82090583,0.666666667,0,0,0.166666667,0.166666667,0.5,0,1.166666667,0,0,7.141776166,12.012463,102327,0,0,0,49,UTAH
2543,490327,270,852,3.155555556,918.3333333,96.33333333,221.1666666,600.8333333,1192.928879,90.5,5.833333333,98.33333333,122.8333333,132.1666667,57.16666667,31.16666667,380.3333333,0,215.2850242,42.29286541,17.01765591,97841,0,0,0,49,UTAH
2544,490328,420,1412,3.361904762,25.33333333,2.833333334,2.166666667,20.33333333,67.20983285,2.666666667,0.166666667,0,2.166666667,2,2.166666667,1.333333333,14.83333333,0,0,15.84949636,26.02700316,134913,0,0,0,49,UTAH
2545,490329,0,0,0,284,0,0,284,294.1076233,0,0,0,0,0,284,0,0,0,0,10.10762326,0,96877,0,0,0,49,UTAH
2546,490330,229,804,3.510917031,34,28.5,1.166666667,4.333333334,57.37476696,28.5,0,0.166666667,1,0.166666667,0.166666667,0,4,0,0,9.360226801,14.01454016,133618,0,0,0,49,UTAH
2547,490331,0,0,0,314.6666667,89.33333333,25.16666667,200.1666667,325.8657862,48.5,40.83333333,12.16666667,13,33,28.83333333,21.83333333,116.5,0,0,11.19911953,0,97644,0,0,0,49,UTAH
2548,490332,0,0,0,551.5,19.16666667,20.66666667,511.6666667,571.1280213,14,5.166666667,5.5,15.16666667,265.1666667,29.5,42.5,174.5,0,0,19.62802122,0,117072,0,0,0,49,UTAH
2549,490333,0,0,0,2402.333333,142.3333333,96.83333333,2163.166667,2487.832842,87.16666667,55.16666667,61,35.83333333,959.8333333,136.5,77.16666667,989.6666667,0,0,85.49950853,0,96877,0,0,0,49,UTAH
2550,490334,0,0,0,4123.5,196.8333333,271.8333333,3654.833333,4270.256266,175.8333333,21,58,213.8333333,1598,234.3333333,257,1565.5,0,0,146.7562658,0,96877,234,0,0,49,UTAH
2551,490335,0,0,0,601.5000001,10.33333333,13.66666667,577.5000001,622.9075653,8.833333333,1.5,4.166666667,9.5,410.1666667,28.5,22.16666667,116.6666667,0,0,21.40756521,0,96877,0,0,0,49,UTAH
2552,490336,0,0,0,1731.333333,278.5,361,1091.833333,1792.951727,52.66666667,225.8333333,26.83333333,334.1666667,358.3333333,97.5,200.5,435.5,0,0,61.61839352,0,96877,0,0,0,49,UTAH
2553,490337,0,0,0,4578,104,48,4426,4740.93204,33,71,48,0,3009,0,16,1401,0,0,162.9320398,0,96877,0,0,0,49,UTAH
2554,490338,143,481,3.363636364,194.3333333,15.16666666,13.5,165.6666666,215.3485006,14.33333333,0.833333333,0.166666667,13.33333333,33.66666667,20.5,0.166666667,111.3333333,0,0,12.00582002,9.009347247,137266,0,0,0,49,UTAH
2555,490339,327,1119,3.422018349,1179.833333,177.3333333,48.16666666,954.3333333,1253.482778,47,130.3333333,17.33333333,30.83333333,432.1666667,55.33333333,116.8333333,350,0,0,53.62867339,20.02077166,93773,0,0,0,49,UTAH
2556,490340,0,0,0,913.3333332,346.6666666,24.83333334,541.8333333,945.8391619,72.33333333,274.3333333,8.666666667,16.16666667,279.8333333,25.66666667,82,154.3333333,0,0,32.50582864,0,93773,0,0,0,49,UTAH
2557,490341,662,2272,3.432024169,1348,251.1666667,151.8333333,945,1460.578909,230.5,20.66666667,60.83333333,91,571,44.5,138,191.5,0,0,71.53632752,41.0425819,93773,0,0,0,49,UTAH
2558,490342,1.999999964,6,3.000000054,41.49999925,4.166666591,3.499999937,33.83333273,43.04819459,3.833333264,0.333333327,0,3.499999937,6.999999874,4.666666583,0,22.16666627,0,0,1.548195333,0,93773,0,0,0,49,UTAH
2559,490343,250,942,3.768,0,0,0,0,23.91906599,0,0,0,0,0,0,0,0,0,0,8.903487238,15.01557875,155972,0,0,0,49,UTAH
2560,490344,1,5,5,0,0,0,0,1.048183336,0,0,0,0,0,0,0,0,1.012593113,0,0.035590223,0,128021,461,32,0,49,UTAH
2561,490345,327,1076,3.290519878,0,0,0,0,31.6587745,0,0,0,0,0,0,0,0,0,0,11.63800284,20.02077166,128021,0,0,0,49,UTAH
2562,490346,225,697,3.097777778,0,0,0,0,22.02234028,0,0,0,0,0,0,0,0,0,0,8.00780012,14.01454016,123936,0,0,0,49,UTAH
2563,490347,141.999989,439,3.091549534,0,0,0,0,206.063143,0,0,0,0,0,0,0,0,0,0,197.0537964,9.009346552,123575,0,0,0,49,UTAH
2564,490348,165.4439146,514,3.106793025,0,0,0,0,65.95592035,0,0,0,0,0,0,0,0,0.646823817,0,55.07800823,10.2310883,123575,0,0,0,49,UTAH
2565,490349,3,6,2,0,0,0,0,1.119363781,0,0,0,0,0,0,0,0,1.012593113,0,0.106770668,0,123575,0,0,0,49,UTAH
2566,490350,4,11,2.75,671.3333333,27,408.5,235.8333333,818.3684878,24.33333333,2.666666667,128.8333333,279.6666667,30.5,61.5,6.833333333,137,0,0,147.0351545,0,120917,0,0,0,49,UTAH
2567,490351,93.79901056,291,3.102378141,0.002034884,6.85916E-05,4.57277E-05,0.001920564,37.34288939,6.85916E-05,0,0,4.57277E-05,0.001371832,9.14554E-05,0,0.000457277,0.365769329,0,31.17454362,5.800541559,123575,0,0,0,49,UTAH
2568,490352,383.8829304,1188,3.094693475,0.363082868,0.012238748,0.008159166,0.342684954,78.74217024,0.012238748,0,0,0.008159166,0.244774967,0.016318331,0,0.081591656,0,0,54.6802844,23.69880297,123575,0,0,0,49,UTAH
2569,490353,3,6,2,305.3333334,6,233.1666667,66.16666666,425.3070915,6,0,58,175.1666667,9.833333333,10.33333333,0.166666667,45.83333333,0,0,119.9737581,0,120917,0,0,0,49,UTAH
2570,490354,26,64,2.461538462,1035.666667,94,101.8333333,839.8333334,1076.466251,82.5,11.5,32.33333333,69.5,125,99.83333333,80.83333333,534.1666667,1.012593113,0,37.78491401,2.002077166,120917,0,0,0,49,UTAH
2571,490355,0,0,0,1334,301.5,632.1666667,400.3333334,1393.477283,300.5,1,314.5,317.6666667,237.6666667,10.5,11.66666667,140.5,0,0,59.47728332,0,120917,0,0,0,49,UTAH
2572,490356,0,0,0,0,0,0,0,2.874923845,0,0,0,0,0,0,0,0,2.868990967,0,0.005932878,0,155972,0,0,0,49,UTAH
2573,490357,1137,4278,3.762532982,128.6666667,26.33333334,10.33333333,92,1073.464032,19.66666667,6.666666667,4.666666667,5.666666667,14.83333333,7.666666667,14.5,55,1.012593113,0,873.7120718,70.07270081,155972,0,0,0,49,UTAH
2574,490358,317,1310,4.132492114,0,0,0,0,32.30183369,0,0,0,0,0,0,0,0,0,0,13.28210061,19.01973308,147406,0,0,0,49,UTAH
2575,490359,64,263,4.109375,49,0,0,49,63.0258495,0,0,0,0,0,49,0,0,0,0,10.02169517,4.004154332,147406,1111,0,0,49,UTAH
2576,490360,422,1504,3.563981043,66.5,46,8,12.5,167.9069475,46,0,8,0,5.833333333,0,0,6.666666667,0,0,75.37994437,26.02700316,128229,0,0,0,49,UTAH
2577,490361,251,1175,4.6812749,0,0,0,0,23.94872466,0,0,0,0,0,0,0,0,0,0,8.933145911,15.01557875,143161,0,0,0,49,UTAH
2578,490362,325,1008,3.101538462,0,0,0,0,31.58759405,0,0,0,0,0,0,0,0,0,0,11.56682239,20.02077166,128453,0,0,0,49,UTAH
2579,490363,436.2709789,1353,3.101283527,0,0,0,0,89.99157866,0,0,0,0,0,0,0,0,0,0,63.14707084,26.84450782,123575,0,0,0,49,UTAH
2580,490364,218.234501,677,3.102167608,0,0,0,0,45.01621289,0,0,0,0,0,0,0,0,0,0,31.58786663,13.42834626,123575,0,0,0,49,UTAH
2581,490365,348.9292799,1083,3.103780801,10.13092712,0.279859865,5.373309411,4.477757843,90.09865293,0.279859865,0,0,5.373309411,0.839579596,0.447775784,0,3.190402463,0,0,58.45216566,21.51556016,123575,0,0,0,49,UTAH
2582,490366,501.6869059,1557,3.103529276,14.56614212,0.402379616,7.725688638,6.438073865,129.5429103,0.402379616,0,0,7.725688638,1.20713885,0.643807386,0,4.587127629,0,0,84.04191859,30.93484963,123575,0,0,0,49,UTAH
2583,490367,440.8741687,1367,3.100657959,14.46821571,0.487692665,0.325128443,13.65539461,59.00004519,0.487692665,0,0,0.325128443,9.75385329,0.650256886,0,3.25128443,0,0,17.19267575,27.33915373,123575,0,0,0,49,UTAH
2584,490368,285.3224156,885,3.101754197,0,0,0,0,58.85473903,0,0,0,0,0,0,0,0,0,0,41.29835735,17.55638167,123575,0,0,0,49,UTAH
2585,490369,150.1721349,466,3.103105648,0.000115468,7.02851E-06,8.03258E-06,0.000100407,30.97679978,6.02444E-06,1.00407E-06,4.01629E-06,4.01629E-06,3.01222E-05,8.03258E-06,2.10855E-05,4.1167E-05,0,0,21.73633388,9.24035043,123575,0,0,0,49,UTAH
2586,490370,188.3840352,585,3.105358686,5.469603846,0.151094029,2.901005355,2.417504462,48.64351829,0.151094029,0,0,2.901005355,0.453282087,0.241750446,0,1.722471929,0,0,31.55784128,11.61607316,123575,0,0,0,49,UTAH
2587,490371,2.000283796,4,1.999716245,19.16654952,1.166659536,1.333325185,16.6665648,19.91994542,0.999993888,0.166665648,0.666662592,0.666662592,4.99996944,1.333325184,3.499978608,6.833291568,0,0,0.753377683,1.82146E-05,123575,0,0,0,49,UTAH
2588,490372,3,6,2,0,0,0,0,0.106770668,0,0,0,0,0,0,0,0,0,0,0.106770668,0,123575,0,0,0,49,UTAH
2589,490373,647,2810,4.343122102,0,0,0,0,65.06841744,0,0,0,0,0,0,0,0,0,0,25.02687412,40.04154332,133384,0,0,0,49,UTAH
2590,490374,109,410,3.76146789,30,3.166666666,1.333333333,25.5,41.93655813,2.833333333,0.333333333,0,1.333333333,7,5.833333333,0.333333333,12.33333333,0,0,4.929288053,7.007270081,155972,0,0,0,49,UTAH
2591,490375,55,229,4.163636364,31,0,0,31,37.06387491,0,0,0,0,0,31,0,0,0,0,3.060759157,3.003115749,147406,769,0,0,49,UTAH
2592,490376,136,561,4.125,74.33333333,1,0,73.33333333,92.82745632,1,0,0,0,2.166666667,0,71,0.166666667,0,0,10.48581432,8.008308664,147406,0,0,0,49,UTAH
2593,490377,270,1194,4.422222222,45,0,45,0,73.22857608,0,0,44,1,0,0,0,0,0,0,11.21092017,17.01765591,157131,0,0,0,49,UTAH
2594,490378,158,694,4.392405063,35.33333333,5.666666667,2.166666666,27.5,52.21861648,4.5,1.166666667,0.333333333,1.833333333,7.333333333,2.166666667,1.666666667,16.33333333,0,0,6.874897318,10.01038583,149147,0,0,0,49,UTAH
2595,490379,124,383,3.088709677,0,0,0,0,23.42149628,0,0,0,0,0,0,0,0,0,0,15.41318762,8.008308664,132530,0,0,0,49,UTAH
2596,490380,597,1870,3.132328308,1355.166667,113.3333333,84.5,1157.333333,1496.683047,97.16666667,16.16666667,27,57.5,219.8333333,37.33333333,150.6666667,749.5,0,0,104.4779524,37.03842757,119158,0,0,0,49,UTAH
2597,490381,441,1380,3.129251701,22,1,21,0,65.50631487,1,0,21,0,0,0,0,0,0,0,16.47827313,27.02804174,119158,0,0,0,49,UTAH
2598,490382,360,1388,3.855555556,86,7,0,79,127.8901553,7,0,0,0,0,35,19,25,0,0,19.86730647,22.02284883,129981,574,0,0,49,UTAH
2599,490383,176,429,2.4375,199.3333333,43.5,7,148.8333333,225.7030252,20.16666667,23.33333333,2.333333333,4.666666667,25.83333333,39.66666667,9.166666667,74.16666667,0,0,15.35826746,11.01142441,51842,0,0,0,49,UTAH
2600,490384,135,326,2.414814815,663.3333333,158.6666666,37.16666666,467.5,699.7545588,131.8333333,26.83333333,16.33333333,20.83333333,101.8333333,34.5,63.66666667,267.5,0,0,28.41291687,8.008308664,51842,0,0,0,49,UTAH
2601,490385,289,884,3.058823529,900.8333333,74.16666667,360,466.6666667,962.1985329,71.5,2.666666667,293.8333333,66.16666667,156.5,50.33333333,13.83333333,246,0,0,43.34650516,18.01869449,105417,0,0,0,49,UTAH
2602,490386,17,49,2.882352941,946,336.8333333,30.83333333,578.3333334,981.2744989,187,149.8333333,10.5,20.33333333,88.66666667,38,193.5,258.1666667,0,0,34.2734603,1.001038583,105417,0,0,0,49,UTAH
2603,490387,0,0,0,755.3333334,105.8333333,136.5,513.0000001,782.2158705,63.5,42.33333333,99.16666667,37.33333333,130.6666667,18.33333333,79.83333333,284.1666667,0,0,26.88253715,0,105417,0,0,0,49,UTAH
2604,490388,214,656,3.065420561,286.5,63.16666666,20.16666666,203.1666667,317.3264653,56.33333333,6.833333333,7.833333333,12.33333333,27.16666667,23.33333333,14.5,138.1666667,0,0,17.81296369,13.01350158,123575,0,0,0,49,UTAH
2605,490389,341,1347,3.950146628,58.5,3.666666667,4.833333333,50,112.7400648,3.5,0.166666667,0,4.833333333,14.5,2.5,4,29,0,0,33.21825454,21.02181024,190227,0,0,0,49,UTAH
2606,490390,142,563,3.964788732,159,50.16666666,9.666666666,99.16666666,178.7219972,27.33333333,22.83333333,0.333333333,9.333333333,2.666666667,82.33333333,1.166666667,13,0,0,10.71264995,9.009347247,132393,0,1594,0,49,UTAH
2607,490391,104,410,3.942307692,54.66666666,4.333333333,12.16666667,38.16666667,66.31988604,4,0.333333333,8.333333333,3.833333333,5.333333333,5.833333333,0,27,0,0,5.646987877,6.006231498,130357,0,0,0,49,UTAH
2608,490392,56,137,2.446428571,243.3333334,37.5,19.16666667,186.6666667,256.9897623,36.5,1,5,14.16666667,31.66666667,20.33333333,16.5,118.1666667,0,0,10.65331314,3.003115749,75833,0,0,0,49,UTAH
2609,490393,201,491,2.44278607,1124.166667,115.1666667,50.33333334,958.6666666,1184.342136,40.83333333,74.33333333,42.16666667,8.166666667,43,236.8333333,109,569.8333333,0,0,48.16300592,12.012463,78108,0,0,0,49,UTAH
2610,490394,219,568,2.593607306,503.3333333,16.33333333,138.8333333,348.1666667,542.0548903,14.83333333,1.5,4,134.8333333,83.16666667,164.5,38.83333333,61.66666667,0,0,25.70805537,13.01350158,79276,0,0,0,49,UTAH
2611,490395,96,295,3.072916667,851.6666667,205,56.16666666,590.5000001,891.4005245,100.1666667,104.8333333,36.33333333,19.83333333,68.66666667,229.1666667,72.5,220.1666667,0,0,33.72762625,6.006231498,101145,0,0,2299,49,UTAH
2612,490396,147,580,3.945578231,78,0,0,78,97.01714737,0,0,0,0,5,73,0,0,0,0,10.00780012,9.009347247,131212,521,126,0,49,UTAH
2613,490397,210,831,3.957142857,48,0,0,48,72.19577905,0,0,0,0,0,48,0,0,0,0,11.18227747,13.01350158,130357,932,0,0,49,UTAH
2614,490398,130,340,2.615384615,178.5,13.5,26.16666667,138.8333333,197.4879314,12.83333333,0.666666667,11.16666667,15,28.83333333,15.16666667,0.333333333,94.5,0,0,10.97962271,8.008308664,80065,0,0,0,49,UTAH
2615,490399,244,693,2.840163934,54,3.666666666,5.166666667,45.16666667,88.60966352,3.333333333,0.333333333,0,5.166666667,8.166666667,5.333333333,0,31.66666667,0,0,19.59408477,15.01557875,79638,0,0,0,49,UTAH
2616,490400,204,578,2.833333333,1360.833333,145.8333333,180.6666667,1034.333333,1445.366813,128,17.83333333,150.6666667,30,498.6666667,211.6666667,47.83333333,276.1666667,0,0,71.68683011,12.84664944,78750,476,0,0,49,UTAH
2617,490401,454,1586,3.49339207,3,0,3,0,47.29381212,0,0,3,0,0,0,0,0,0,0,16.2647318,28.02908032,136562,0,0,0,49,UTAH
2618,490402,268,744,2.776119403,3042.666666,95.5,523,2424.166666,3176.510472,81,14.5,35,488,1581.833333,124.1666667,196.8333333,521.3333333,0,0,117.8271888,16.01661733,120109,0,0,0,49,UTAH
2619,490403,3,9,3,255.1666667,20.83333334,29.83333334,204.5,266.3549074,20.16666667,0.666666667,15.16666667,14.66666667,30.66666667,21.83333333,3,149,0,0,11.1882407,0,118785,0,0,0,49,UTAH
2620,490404,320,1016,3.175,0,0,0,0,33.40371006,0,0,0,0,0,0,0,0,0,0,13.3829384,20.02077166,122266,0,0,0,49,UTAH
2621,490405,287,1185,4.128919861,0,0,0,0,85.05434445,0,0,0,0,0,0,0,0,0,53.82125603,13.21439393,18.01869449,190722,0,0,0,49,UTAH
2622,490406,210.9999997,835,3.957345978,0,0,0,0,30.52303853,0,0,0,0,0,0,0,0,0,0,17.50953697,13.01350156,182795,0,0,0,49,UTAH
2623,490407,0,0,0,1020.666667,16.66666667,18.16666667,985.8333334,1056.992494,15,1.666666667,3.666666667,14.5,160.6666667,17.33333333,697.1666667,110.6666667,0,0,36.32582728,0,96877,0,0,0,49,UTAH
2624,490408,647,1952,3.017001546,0,0,0,0,63.06841744,0,0,0,0,0,0,0,0,0,0,23.02687412,40.04154332,120109,0,0,0,49,UTAH
2625,490409,299,1259,4.210702341,194,12.33333333,19.33333333,162.3333334,252.5646871,11.33333333,1,0.5,18.83333333,33.16666667,19.33333333,0.166666667,109.6666667,0,0,40.54599254,18.01869449,170669,20,11,4,49,UTAH
2626,490410,451,1903,4.219512195,117,0.166666667,0.166666667,116.6666667,175.2443255,0.166666667,0,0,0.166666667,37.16666667,34,0,45.5,0,0,30.21524515,28.02908032,171553,701,0,0,49,UTAH
2627,490411,130,513,3.946153846,147,0,0,147,168.8668004,0,0,0,0,0,147,0,0,0,0,13.8584917,8.008308664,183681,0,114,2500,49,UTAH
2628,490412,231.9999998,830,3.577586209,0,0,0,0,30.55166505,0,0,0,0,0,0,0,0,0,8.280193229,8.256931673,14.01454015,122083,0,0,0,49,UTAH
2629,490413,0,0,0,909.6666667,350,26.16666667,533.5,942.0419943,48.83333333,301.1666667,10.5,15.66666667,82.16666667,31.33333333,83.66666667,336.3333333,0,0,32.37532761,0,96877,0,0,0,49,UTAH
2630,490414,0,0,0,3791.166667,271.5,225,3294.666667,3926.095103,220.8333333,50.66666667,79,146,1548,175.5,377.1666667,1194,0,0,134.9284363,0,120109,0,0,0,49,UTAH
2631,490415,1,1,1,1561.333333,243.6666667,44.99999999,1272.666667,1616.937236,27.5,216.1666667,18.16666667,26.83333333,343.6666667,98.16666666,115.8333333,714.9999999,0,0,55.6039029,0,120109,711,0,0,49,UTAH
2632,490416,151,637,4.218543046,215,4,45,166,237.0353688,4,0,0,45,12,0,0,154,0,0,13.02602153,9.009347247,171682,0,0,0,49,UTAH
2633,490417,361,1522,4.216066482,204.6666667,36.16666667,12.16666667,156.3333333,246.8217246,5.166666667,31,1.666666667,10.5,22.33333333,2.5,78.16666667,53.33333333,0,0,20.13220911,22.02284883,171682,0,0,0,49,UTAH
2634,490418,308,776,2.519480519,79,0,0,79,195.7931493,0,0,0,0,8,0,0,71,0,0,97.77341621,19.01973308,115875,0,0,0,49,UTAH
2635,490419,160,569,3.55625,465.3333333,43.33333334,7.5,414.5,499.5994135,42.16666667,1.166666667,3.5,4,51.16666667,88.66666667,86.33333333,188.3333333,0,0,24.25569435,10.01038583,122083,645,97,0,49,UTAH
2636,490420,66,236,3.575757576,1275.5,504.1666667,45.66666666,725.6666666,1356.248435,368.6666667,135.5,24.33333333,21.33333333,118,82.5,150.8333333,374.3333333,0,0,76.74428083,4.004154332,152725,0,0,0,49,UTAH
2637,490421,0,0,0,2280.666673,273.0000007,35.50000009,1972.166672,2361.835906,19.83333338,253.1666673,13.6666667,21.83333339,1605.000004,38.0000001,100.166667,229.0000006,0,0,81.16923398,0,121607,0,0,0,49,UTAH
2638,490422,0,0,0,1854.166667,912.6666667,91.16666666,850.3333334,1920.156834,690,222.6666667,47.83333333,43.33333333,158.8333333,116.6666667,88.16666667,486.6666667,0,0,65.99016689,0,121607,0,0,0,49,UTAH
2639,490423,0,0,0,1235.166667,749.8333333,28.66666667,456.6666667,1279.126526,325,424.8333333,7,21.66666667,82.5,68.83333333,77.66666667,227.6666667,0,0,43.95985929,0,138929,445,44,0,49,UTAH
2640,490424,0,0,0,2682.833334,82.16666666,86.83333334,2513.833334,2778.316303,64.33333333,17.83333333,24.16666667,62.66666667,1779.166667,68.5,126.8333333,539.3333333,0,0,95.48296892,0,138929,0,0,0,49,UTAH
2641,490425,698,1982,2.839541547,0,0,0,0,125.8866346,0,0,0,0,0,0,0,0,0,0,82.84197548,43.04465907,138929,0,0,0,49,UTAH
2642,490426,515,1465,2.844660194,45.16666667,2.5,2.166666667,40.5,446.1363526,2,0.5,0,2.166666667,6.333333333,2,0,32.16666667,0,0,368.9364513,32.03323466,138929,0,0,0,49,UTAH
2643,490427,0,0,0,141,0,0,141,146.0182214,0,0,0,0,0,141,0,0,0,0,5.018221408,0,138929,901,1678,0,49,UTAH
2644,490428,0,0,0,0,0,0,0,1.012593113,0,0,0,0,0,0,0,0,1.012593113,0,0,0,155306,0,0,0,49,UTAH
2645,490429,0,0,0,1143,0,1143,0,1183.679625,0,0,1138,5,0,0,0,0,0,0,40.67962461,0,190208,0,0,0,49,UTAH
2646,490430,0,0,0,1496.333333,240.6666667,40.66666667,1215,1549.588271,217.5,23.16666667,18.5,22.16666667,557.8333333,48,31.83333333,577.3333333,0,0,53.25493762,0,121607,0,0,0,49,UTAH
2647,490431,629.0000002,2006,3.189189188,0,0,0,0,61.42675487,0,0,0,0,0,0,0,0,0,0,22.38625012,39.04050475,121635,0,0,0,49,UTAH
2648,490432,292,829,2.839041096,204,68,4,132,239.671445,66,2,4,0,12,62,30,28,0,0,17.65275049,18.01869449,138929,0,0,0,49,UTAH
2649,490433,106,301,2.839622642,0,0,0,0,12.77983369,0,0,0,0,0,0,0,0,0,0,5.772563612,7.007270081,138929,0,0,0,49,UTAH
2650,490434,0,0,0,7.166666667,0.5,0.166666667,6.5,8.434302937,0.5,0,0,0.166666667,1.5,0.5,0,4.5,1.012593113,0,0.255043157,0,121607,0,0,0,49,UTAH
2651,490435,227.9999999,729,3.197368422,0,0,0,0,22.12911094,0,0,0,0,0,0,0,0,0,0,8.114570785,14.01454015,130436,0,0,0,49,UTAH
2652,490436,345,985,2.855072464,34,0,0,34,104.5105047,0,0,0,0,0,34,0,0,0,0,49.48869442,21.02181024,138929,836,0,0,49,UTAH
2653,490437,0,0,0,227.1666667,13.33333333,61.16666666,152.6666667,235.2515807,12.83333333,0.5,46.83333333,14.33333333,27.66666667,21.16666667,0.833333333,103,0,0,8.084913995,0,185176,0,0,0,49,UTAH
2654,490438,834.9999984,2860,3.425149707,0,0,0,0,228.7708033,0,0,0,0,0,0,0,0,0,0,177.7178357,51.05296763,205656,0,0,0,49,UTAH
2655,490439,241,685,2.842323651,0,0,0,0,23.60470064,0,0,0,0,0,0,0,0,0,0,8.589121891,15.01557875,138929,0,0,0,49,UTAH
2656,490440,0,0,0,0,0,0,0,0.52350218,0,0,0,0,0,0,0,0,0,0,0.189797899,0.333704281,188730,0,0,0,49,UTAH
2657,490441,112,291,2.598214286,729.5,453,34.16666667,242.3333333,769.4504637,300.8333333,152.1666667,13.5,20.66666667,36.5,33.5,17.33333333,155,0,0,32.94319359,7.007270081,61886,0,0,0,49,UTAH
2658,490442,364,938,2.576923077,299.5,33.66666667,21.16666667,244.6666667,345.113266,31.5,2.166666667,11.5,9.666666667,20.33333333,112.1666667,28.5,83.66666667,0,0,23.59041711,22.02284883,61886,658,0,0,49,UTAH
2659,490443,77,198,2.571428571,874.6666667,141.3333333,49.5,683.8333334,913.5417629,127.8333333,13.5,22.83333333,26.66666667,171.1666667,85.83333333,87.66666667,339.1666667,0,0,33.86990331,5.005192915,61886,0,0,0,49,UTAH
2660,490444,598,1922,3.214046823,780,298.8333333,40.33333333,440.8333333,868.0817531,42.83333333,256,8,32.33333333,50.5,31.33333333,176.8333333,182.1666667,0,0,51.04332557,37.03842757,86641,0,0,0,49,UTAH
2661,490445,302,715,2.367549669,1619.666667,639.1666667,222.1666666,758.3333333,1707.079014,180.6666667,458.5,134.8333333,87.33333333,166.6666667,48.83333333,76,466.8333333,0,0,68.39261427,19.01973308,77535,0,0,0,49,UTAH
2662,490446,0,0,0,2290.666667,1321.666667,85.66666667,883.3333333,2372.192076,1035.666667,286,40.66666667,45,138.8333333,125,90.16666667,529.3333333,0,0,81.52540927,0,77535,0,0,0,49,UTAH
2663,490447,141,333,2.361702128,1498,1252,7.5,238.5,1565.341708,680.8333333,571.1666667,3.5,4,93.83333333,11.16666667,14.5,119,0,0,58.33236029,9.009347247,77535,0,0,0,49,UTAH
2664,490448,356,842,2.365168539,1511,470.1666666,81.66666667,959.1666666,1600.446044,263.3333333,206.8333333,45.16666667,36.5,217.5,106,132.8333333,502.8333333,0,0,67.42319501,22.02284883,77617,0,0,0,49,UTAH
2665,490449,16,41,2.5625,1607.666667,316,242,1049.666667,1666.454577,286.3333333,29.66666667,22,220,181.6666667,208.3333333,205.6666667,454,0,0,57.78687162,1.001038583,61886,0,0,0,49,UTAH
2666,490450,172,320,1.860465116,836.6666667,274.1666667,152,410.5,883.5767558,152.1666667,122,84.83333333,67.16666667,47.33333333,13.5,85.66666667,264,0,0,35.89866466,11.01142441,47895,0,0,0,49,UTAH
2667,490451,252,731,2.900793651,300,22.16666667,1,276.8333333,334.6613791,22.16666667,0,0.166666667,0.833333333,20.16666667,41.66666667,167,48,0,0,19.6458003,15.01557875,86192,0,0,0,49,UTAH
2668,490452,220,410,1.863636364,485.5,25.83333333,45.16666667,414.5,524.6165096,24.5,1.333333333,22,23.16666667,47.66666667,64.83333333,121.8333333,180.1666667,0,0,26.10300797,13.01350158,47352,546,0,0,49,UTAH
2669,490453,523,2015,3.852772467,498.5,154.8333333,21.33333333,322.3333333,566.8886608,88.66666667,66.16666667,10.83333333,10.5,34.16666667,24.66666667,96.16666667,167.3333333,0,0,36.35542617,32.03323466,90310,0,0,0,49,UTAH
2670,490454,432,1278,2.958333333,698.5000001,1.833333333,20.5,676.1666667,766.5899969,1.833333333,0,19,1.5,4.166666667,378.6666667,2.166666667,291.1666667,0,0,41.22880726,26.8611896,89892,732,0,0,49,UTAH
2671,490455,455,1551,3.408791209,146.1666667,5.333333333,10.83333333,130,195.5677165,3.833333333,1.5,3,7.833333333,50.33333333,11.66666667,26.66666667,41.33333333,0,0,21.37196954,28.02908032,76375,0,0,0,49,UTAH
2672,490456,341,1012,2.967741935,310.3333333,24,22,264.3333333,354.5362718,22.5,1.5,0,22,45.33333333,39.66666667,0.333333333,179,0,0,23.18112818,21.02181024,74297,0,0,0,49,UTAH
2673,490457,379,1558,4.110817942,1977.166667,932.8333333,83.66666667,960.6666667,2084.047059,673.5,259.3333333,38.5,45.16666667,297.5,87.5,156.6666667,419,0,0,83.85650493,23.02388741,174688,0,0,0,49,UTAH
2674,490458,535,1952,3.648598131,11,0,3,8,77.46653486,0,0,3,0,8,0,0,0,0,0,33.43226162,33.03427324,128230,0,0,0,49,UTAH
2675,490459,282,946,3.354609929,0,0,0,0,27.05409873,0,0,0,0,0,0,0,0,0,0,10.03644282,17.01765591,143354,0,0,0,49,UTAH
2676,490460,257,856,3.3307393,0,0,0,0,25.16330458,0,0,0,0,0,0,0,0,0,0,9.146687248,16.01661733,138874,0,0,0,49,UTAH
2677,490461,315,1131,3.59047619,107,0.166666667,0.333333333,106.5,141.0388071,0.166666667,0,0,0.333333333,5.833333333,0.833333333,0,99.83333333,0,0,15.019074,19.01973308,123119,0,0,0,49,UTAH
2678,490462,256,825,3.22265625,48,0,0,48,74.82418373,0,0,0,0,0,48,0,0,0,0,10.8075664,16.01661733,113571,604,0,0,49,UTAH
2679,490463,228,678,2.973684211,96,0,0,96,122.5457723,0,0,0,0,0,96,0,0,0,0,12.53123217,14.01454016,74297,0,1382,0,49,UTAH
2680,490464,194,756,3.896907216,0,0,0,0,18.91696621,0,0,0,0,0,0,0,0,0,0,6.904503214,12.012463,140935,0,0,0,49,UTAH
2681,490465,464,1857,4.002155172,134.6666667,6.5,8.666666666,119.5,184.0025024,6,0.5,0.333333333,8.333333333,33.33333333,19.5,0,66.66666667,0,0,21.30675541,28.02908032,164967,0,0,0,49,UTAH
2682,490466,357,1315,3.683473389,208,0,0,208,250.1313247,0,0,0,0,0,208,0,0,0,0,20.10847586,22.02284883,162504,766,1840,0,49,UTAH
2683,490467,180,765,4.25,0,0,0,0,17.41766451,0,0,0,0,0,0,0,0,0,0,6.406240096,11.01142441,162857,0,0,0,49,UTAH
2684,490468,266,663,2.492481203,0,0,0,0,28.48361658,0,0,0,0,0,0,0,0,0,0,12.46699925,16.01661733,81250,0,0,0,49,UTAH
2685,490469,246.9999846,828,3.35222693,0,0,0,0,644.8063235,0,0,0,0,0,0,0,0,0,0,629.7907457,15.01557781,129613,0,0,0,49,UTAH
2686,490470,345,1396,4.046376812,0,0,0,0,39.30043709,0,0,0,0,0,0,0,0,0,0,18.27862685,21.02181024,172266,0,0,0,49,UTAH
2687,490471,269,1033,3.840148699,35,0,0,35,124.8370836,0,0,0,0,0,35,0,0,0,0,72.81942772,17.01765591,175500,623,0,0,49,UTAH
2688,490472,270,1037,3.840740741,0,0,0,0,37.62701605,0,0,0,0,0,0,0,0,0,0,20.60936014,17.01765591,175500,0,0,0,49,UTAH
2689,490473,144,515,3.576388889,0,0,0,0,14.13433932,0,0,0,0,0,0,0,0,0,0,5.124992077,9.009347247,174556,0,0,0,49,UTAH
2690,490474,341,1223,3.586510264,61,0,0,61,103.3290798,0,0,0,0,0,61,0,0,0,0,21.30726955,21.02181024,174833,0,963,0,49,UTAH
2691,490475,211,698,3.308056872,81.16666667,15.66666667,8.5,57,114.5784329,12.16666667,3.5,2,6.5,8.333333333,6,4.666666667,38,0,0,20.39826465,13.01350158,129651,0,0,0,49,UTAH
2692,490476,346,1145,3.309248555,167,44,0,123,465.2795945,0,44,0,0,0,123,0,0,0,0,277.2577843,21.02181024,130000,0,0,2562,49,UTAH
2693,490477,603,1949,3.232172471,631.6666667,156.8333333,23.33333333,451.5,712.6471992,48,108.8333333,8.833333333,14.5,43.33333333,117.6666667,122.1666667,168.3333333,0,0,43.94210492,37.03842757,153018,1167,0,0,49,UTAH
2694,490478,346,1368,3.953757225,77.33333333,1,8.833333333,67.49999999,116.4216261,1,0,7,1.833333333,30.33333333,1.833333333,10,25.33333333,0,0,18.06648257,21.02181024,162750,0,0,0,49,UTAH
2695,490479,417,1408,3.376498801,0,0,0,0,61.86812605,0,0,0,0,0,0,0,0,0,0,35.84112289,26.02700316,117898,0,0,0,49,UTAH
2696,490480,225,992,4.408888889,862.1666666,393,51.83333333,417.3333333,918.8738365,331.5,61.5,27.33333333,24.5,60.16666667,56.83333333,95.5,204.8333333,0,0,42.69262969,14.01454016,144899,0,0,0,49,UTAH
2697,490481,419,1643,3.92124105,0,0,0,0,40.93930649,0,0,0,0,0,0,0,0,0,0,14.91230333,26.02700316,118358,0,0,0,49,UTAH
2698,490482,374,1320,3.529411765,99.33333333,0.833333333,13.33333333,85.16666666,144.203262,0.833333333,0,12,1.333333333,8.333333333,47,0,29.83333333,0,0,21.84604127,23.02388741,136568,0,0,0,49,UTAH
2699,490483,339,1409,4.156342183,0,0,0,0,33.08689575,0,0,0,0,0,0,0,0,0,0,12.06508551,21.02181024,198313,0,0,0,49,UTAH
2700,490484,198,699,3.53030303,62.50000001,1.5,1.166666667,59.83333334,87.78374263,1.5,0,0.166666667,1,13.66666667,35.66666667,0,10.5,0,0,13.27127962,12.012463,147500,584,0,0,49,UTAH
2701,490485,252,767,3.043650794,74.99999999,3.833333334,3,68.16666666,101.6535909,3.166666667,0.666666667,0,3,14.83333333,24.5,1,27.83333333,0,0,11.63801218,15.01557875,227708,0,0,0,49,UTAH
2702,490486,422,1287,3.049763033,1140.166667,461.1666667,27.16666667,651.8333333,1230.79156,228,233.1666667,10.66666667,16.5,68.83333333,184,82.5,316.5,0,0,64.59789061,26.02700316,227708,0,0,0,49,UTAH
2703,490487,237,786,3.316455696,490.1666666,66.83333333,16.83333333,406.5,531.0621976,17,49.83333333,5.5,11.33333333,88,18,50.66666667,249.8333333,0,0,25.8799522,15.01557875,130000,0,0,0,49,UTAH
2704,490488,216,953,4.412037037,0,0,0,0,20.7009897,0,0,0,0,0,0,0,0,0,0,7.687488115,13.01350158,144861,0,0,0,49,UTAH
2705,490489,333,1287,3.864864865,86.5,0,0,86.5,121.4508741,0,0,0,0,27,2.5,0,57,0,0,14.93010243,20.02077166,116830,0,0,0,49,UTAH
2706,490490,20,59,2.95,0,0,0,0,1.712843038,0,0,0,0,0,0,0,0,0,0,0.711804455,1.001038583,190208,0,0,0,49,UTAH
2707,490491,324,1048,3.234567901,348,97.66666667,16.16666667,234.1666666,402.9374014,64.66666667,33,5,11.16666667,18,14.16666667,54.16666667,147.8333333,0,0,34.9166298,20.02077166,156912,0,0,0,49,UTAH
2708,490492,104,382,3.673076923,57.49999999,16.5,2,39,73.21845694,16.33333333,0.166666667,0,2,0.333333333,0.166666667,0.166666667,38.33333333,0,0,9.712225444,6.006231498,220700,0,0,0,49,UTAH
2709,490493,74,272,3.675675676,0,0,0,0,11.6388694,0,0,0,0,0,0,0,0,0,0,6.633676484,5.005192915,220700,0,0,0,49,UTAH
2710,490494,118,430,3.644067797,14,0,1,13,25.70517948,0,0,1,0,5,4,2,2,0,0,4.697909403,7.007270081,220700,0,0,0,49,UTAH
2711,490495,456,1405,3.081140351,264.3333333,6.833333333,46.16666667,211.3333333,350.0052201,6.5,0.333333333,2.5,43.66666667,81,39.33333333,18.5,72.5,0,0,57.64280644,28.02908032,189540,702,0,0,49,UTAH
2712,490496,74,247,3.337837838,0,0,0,0,7.638869399,0,0,0,0,0,0,0,0,0,0,2.633676484,5.005192915,183724,0,0,0,49,UTAH
2713,490497,267,895,3.352059925,723.5,47.83333333,159,516.6666667,778.7628325,24.5,23.33333333,68,91,118.8333333,114,128.1666667,155.6666667,0,0,39.24621512,16.01661733,183724,547,1329,0,49,UTAH
2714,490498,194,551,2.840206186,0,0,0,0,29.91696621,0,0,0,0,0,0,0,0,0,0,17.90450321,12.012463,174132,0,0,0,49,UTAH
2715,490499,231,657,2.844155844,0,0,0,0,47.23588162,0,0,0,0,0,0,0,0,0,0,33.22134146,14.01454016,175190,0,0,0,49,UTAH
2716,490500,353,1224,3.467422096,126,4.166666667,4.5,117.3333333,165.0706219,4,0.166666667,0.166666667,4.333333333,66.33333333,14,0,37,0,0,17.04777309,22.02284883,123194,0,0,0,49,UTAH
2717,490501,143,400,2.797202797,630.6666666,39.33333334,83.33333333,507.9999999,667.1932818,37.16666667,2.166666667,17.5,65.83333333,140.8333333,106.3333333,78,182.8333333,0,0,27.51726801,9.009347247,136213,661,0,0,49,UTAH
2718,490502,253,705,2.786561265,77,0.333333333,0,76.66666666,104.7613984,0.333333333,0,0,0,23.5,46.33333333,0,6.833333333,0,0,11.74478111,16.01661733,125375,535,0,0,49,UTAH
2719,490503,1118,4007,3.584078713,0,0,0,0,128.8615313,0,0,0,0,0,0,0,0,0,0,59.78986903,69.07166222,212717,0,0,0,49,UTAH
2720,490504,484,2158,4.458677686,0,0,0,0,60.3235626,0,0,0,0,0,0,0,0,2.025186225,0,28.26721888,30.03115749,189437,0,0,0,49,UTAH
2721,490505,426,1811,4.251173709,0,0,0,0,47.18843805,0,0,0,0,0,0,0,0,0,0,21.16143489,26.02700316,227474,0,0,0,49,UTAH
2722,490506,324.0000003,936,2.888888886,0,0,0,0,89.55200392,0,0,0,0,0,0,0,0,0,0,69.53123224,20.02077168,169953,0,0,0,49,UTAH
2723,490507,331,1056,3.190332326,310,0,64,246,357.8341045,0,0,61,3,200,13,0,33,0,0,27.81333279,20.02077166,97047,0,0,0,49,UTAH
2724,490508,211,801,3.796208531,0,0,0,0,20.52303858,0,0,0,0,0,0,0,0,0,0,7.509537001,13.01350158,195286,0,0,0,49,UTAH
2725,490509,251,952,3.792828685,0,0,0,0,77.94872466,0,0,0,0,0,0,0,0,0,0,62.93314591,15.01557875,196188,0,0,0,49,UTAH
2726,490510,0,0,0,199,0,172,27,206.0824543,0,0,130,42,13,0,0,14,0,0,7.082454328,0,120917,0,0,0,49,UTAH
2727,490511,0,0,0,2361.666666,108.6666667,158.3333334,2094.666666,2445.719002,101.6666667,7,55.16666667,103.1666667,832.1666667,165.8333333,73.83333333,1022.833333,0,0,84.05233582,0,120917,0,0,0,49,UTAH
2728,490512,0,0,0,2299.5,362,1205.333333,732.1666667,2638.025528,360.8333333,1.166666667,991.1666667,214.1666667,210.5,44.5,2.166666667,475,0,256.6859903,81.8395379,0,120917,0,0,0,49,UTAH
2729,490513,0,0,0,3001.166666,286.3333334,408,2306.833333,3107.978876,259.1666667,27.16666667,299.6666667,108.3333333,1174.833333,53,13.5,1065.5,0,0,106.8122092,0,120917,0,0,0,49,UTAH
2730,490514,0,0,0,1167.666667,429.1666666,37,701.5000001,1209.224131,412.3333333,16.83333333,10.5,26.5,172.6666667,48.16666667,61.5,419.1666667,0,0,41.55746385,0,120917,0,0,0,49,UTAH
2731,490515,403,1332,3.305210918,118.8333333,3.5,71,44.33333333,162.4314196,3.5,0,0,71,16.66666667,3.333333333,0,24.33333333,0,0,18.57212171,25.02596458,100855,0,0,0,49,UTAH
2732,490516,2,9,4.5,1291.666667,17.66666667,882.5,391.5,1337.708399,16.16666667,1.5,824.8333333,57.66666667,100.8333333,81.66666667,2.333333333,206.6666667,0,0,46.04173251,0,100855,0,0,0,49,UTAH
2733,490517,29,98,3.379310345,1257,109.1666666,847.6666666,300.1666667,1304.771074,107.3333333,1.833333333,707.3333333,140.3333333,67.16666667,48.83333333,3.166666667,181,0,0,45.76899741,2.002077166,93183,0,0,0,49,UTAH
2734,490518,180,450,2.5,0,0,0,0,17.41766451,0,0,0,0,0,0,0,0,0,0,6.406240096,11.01142441,78769,0,0,0,49,UTAH
2735,490519,171,565,3.304093567,241.5,63.83333334,10.33333333,167.3333333,283.1913429,30.16666667,33.66666667,3.666666667,6.666666667,43.66666667,23.5,6.166666667,94,0,0,31.68095709,10.01038583,98811,0,0,0,49,UTAH
2736,490520,317,797,2.514195584,1092,116.8333333,125.6666667,849.5,1166.166509,109,7.833333333,28.33333333,97.33333333,168.8333333,94.16666667,201.5,385,0,0,55.14677626,19.01973308,75583,0,0,0,49,UTAH
2737,490521,37,130,3.513513514,561,118,9,434,584.2850304,46,72,0,9,40,163,0,231,0,0,21.28295321,2.002077166,123214,0,0,0,49,UTAH
2738,490522,210,748,3.561904762,876,197.1666667,45.66666667,633.1666667,927.6764561,129.5,67.66666667,18,27.66666667,70.33333333,115,50.16666667,397.6666667,0,0,38.66295447,13.01350158,123214,1038,2,1,49,UTAH
2739,490523,286,1085,3.793706294,142.6666666,0,0.166666667,142.5,181.9416996,0,0,0,0.166666667,10.16666667,102.3333333,0,30,0,0,21.25633843,18.01869449,90114,480,1303,0,49,UTAH
2740,490524,405,1306,3.224691358,0,0,0,0,39.4400048,0,0,0,0,0,0,0,0,0,0,14.41404022,25.02596458,166875,0,0,0,49,UTAH
2741,490525,0,0,0,1314.166667,130,69.66666667,1114.5,1360.938085,40,90,37.16666667,32.5,525.6666667,72.83333333,147.5,368.5,0,0,46.77141871,0,100855,0,0,0,49,UTAH
2742,490526,89,292,3.280898876,724,8.833333333,121.8333333,593.3333333,757.9399823,8,0.833333333,63.66666667,58.16666667,63.5,20.33333333,6,503.5,0,0,28.93478936,5.005192915,100855,0,0,0,49,UTAH
2743,490527,81,266,3.283950617,0,0,0,0,22.88800096,0,0,0,0,0,0,0,0,0,0,17.88280804,5.005192915,100855,0,0,0,49,UTAH
2744,490528,44,146,3.318181818,1611.333333,662.6666667,177.1666667,771.5,1673.250115,536.1666667,126.5,118.6666667,58.5,123.5,119.5,28.5,500,0,0,58.91366609,3.003115749,100855,0,0,0,49,UTAH
2745,490529,170,598,3.517647059,590.3333333,69,24.66666667,496.6666666,672.404157,50.83333333,18.16666667,2,22.66666667,86.5,87.33333333,88.5,234.3333333,0,0,72.06043785,10.01038583,96983,0,0,0,49,UTAH
2746,490530,432,1515,3.506944444,129.6666667,7.333333334,6.166666667,116.1666667,182.6845444,6.166666667,1.166666667,0,6.166666667,29.33333333,15.33333333,0,71.5,0,0,25.98983596,27.02804174,95493,0,0,0,49,UTAH
2747,490531,386,1293,3.349740933,0,0,0,0,37.76275197,0,0,0,0,0,0,0,0,0,0,13.73782598,24.02492599,145938,0,0,0,49,UTAH
2748,490532,0,0,0,2122.5,184.5,283.5,1654.5,2260.040316,120.5,64,140,143.5,886.1666667,80,117.6666667,570.6666667,0,0,137.5403163,0,100855,0,0,0,49,UTAH
2749,490533,0,0,0,620.1666667,74.66666666,233.6666667,311.8333334,650.2386753,46.83333333,27.83333333,215,18.66666667,73.33333333,32.16666667,70.66666667,135.6666667,0,0,30.07200858,0,100855,0,0,0,49,UTAH
2750,490534,0,0,0,2145,350.6666667,338.1666667,1456.166667,2324.341157,310.1666667,40.5,124.6666667,213.5,238.3333333,221.1666667,133.5,863.1666667,0,0,179.3411571,0,100855,325,196,183,49,UTAH
2751,490535,70,232,3.314285714,1796.333333,261,21.33333333,1514,1868.754775,151.1666667,109.8333333,3.833333333,17.5,53.16666667,3.666666667,33.83333333,1423.333333,0,0,68.41728721,4.004154332,94028,0,0,0,49,UTAH
2752,490536,668,1789,2.678143713,655,212.6666667,18,424.3333334,743.1165876,89.66666667,123,3.5,14.5,156.1666667,58.66666667,69,140.5,0,0,47.07400569,41.0425819,90637,0,0,0,49,UTAH
2753,490537,562,1816,3.231316726,592.1666667,15.33333333,13.66666667,563.1666667,667.2730772,14.83333333,0.5,0.166666667,13.5,31.83333333,134.1666667,4,393.1666667,0,0,41.07109869,34.03531182,122061,0,0,1957,49,UTAH
2754,490538,579,2019,3.487046632,0,0,0,0,58.64412796,0,0,0,0,0,0,0,0,0,0,22.60673897,36.03738899,113519,0,0,0,49,UTAH
2755,490539,366,834,2.278688525,2628.833333,368,376.8333333,1884,2797.442883,263.3333333,104.6666667,258.3333333,118.5,519.6666667,227.6666667,137,999.6666667,0,0,146.5867004,22.02284883,81893,420,0,0,49,UTAH
2756,490540,508,1158,2.279527559,2042.5,332,270.1666667,1440.333334,2457.305118,327.6666667,4.333333333,64.16666667,206,1034.166667,43.16666667,31.16666667,331.8333333,0,0,383.7729218,31.03219607,81893,0,0,0,49,UTAH
2757,490541,470,1119,2.380851064,355.5,42.16666667,4.666666667,308.6666667,413.9098247,25.66666667,16.5,2.166666667,2.5,120.3333333,15.5,5.166666667,167.6666667,0,0,29.37970576,29.03011891,84594,67,55,45,49,UTAH
2758,490542,34,90,2.647058824,1206.5,294.6666666,33.66666666,878.1666667,1264.651753,185.8333333,108.8333333,12.33333333,21.33333333,415.1666667,49.83333333,182.6666667,230.5,0,0,56.14967542,2.002077166,74484,0,0,0,49,UTAH
2759,490543,673,1657,2.462109955,2728,1958.166667,291.6666667,478.1666667,2890.08497,1955.5,2.666666667,274.1666667,17.5,190.5,43,90,154.6666667,0,0,121.0423885,41.0425819,69554,0,0,0,49,UTAH
2760,490544,433,1582,3.653579677,0,0,0,0,47.43860819,0,0,0,0,0,0,0,0,0,0,20.41056645,27.02804174,127159,0,0,0,49,UTAH
2761,490545,0,0,0,653.1666667,34.16666667,259.6666667,359.3333333,676.4130105,33.16666667,1,134.6666667,125,68.66666667,47.5,0.166666667,243,0,0,23.24634376,0,69437,0,0,0,49,UTAH
2762,490546,176,308,1.75,521,107.1666667,27.5,386.3333334,575.8178675,75.83333333,31.33333333,10.16666667,17.33333333,40.83333333,41.16666667,93.66666667,210.6666667,0,0,43.80644302,11.01142441,53068,0,0,0,49,UTAH
2763,490547,1754,3996,2.278221209,2589.833333,583,312.5,1694.333333,2891.543556,262.5,320.5,109,203.5,452.3333333,182.1666667,243.8333333,816,0,0,193.5980556,108.112167,81893,479,94,0,49,UTAH
2764,490548,414,879,2.123188406,398,101.8333333,25,271.1666667,451.9251954,95.66666667,6.166666667,7.5,17.5,69,34,11,157.1666667,0,0,28.89923076,25.02596458,75123,0,0,0,49,UTAH
2765,490549,894,2333,2.609619687,521.5,224.3333333,24.66666667,272.5,644.9350421,177.5,46.83333333,9,15.66666667,43,27,16.16666667,186.3333333,0,0,68.37792003,55.05712207,74484,0,0,0,49,UTAH
2766,490550,633,1523,2.40600316,683.8333334,343.6666667,39.33333333,300.8333334,769.7521663,226,117.6666667,8.333333333,31,73.66666667,34.33333333,51.16666667,141.6666667,0,0,46.87832815,39.04050474,85462,0,0,0,49,UTAH
2767,490551,136,243,1.786764706,571.6666667,151.8333333,47.66666667,372.1666667,604.8609576,30.83333333,121,5,42.66666667,78.5,65.16666667,41,187.5,0,0,25.18598226,8.008308664,89602,0,0,0,49,UTAH
2768,490552,23,38,1.652173913,541.5,74.33333333,79.16666667,388,562.5918074,70.5,3.833333333,46.5,32.66666667,37.33333333,39.5,87.16666667,224,0,0,20.09076883,1.001038583,53068,0,0,0,49,UTAH
2769,490553,323,564,1.746130031,1337,281,112,943.9999999,1422.10056,135.1666667,145.8333333,19.16666667,92.83333333,209.8333333,202.3333333,122.8333333,409,0,0,65.07978885,20.02077166,53068,0,0,0,49,UTAH
2770,490554,479,1160,2.4217119,1000.833333,336,31.16666667,633.6666667,1102.019253,78.83333333,257.1666667,18,13.16666667,194,63.5,206,170.1666667,0,0,72.15580063,29.03011891,61094,0,0,0,49,UTAH
2771,490555,587,2029,3.456558773,768.1666667,30,8.166666667,730.0000001,852.4347497,27.83333333,2.166666667,1.166666667,7,8.333333333,8.833333333,465.6666667,247.1666667,0,0,48.230694,36.03738899,92808,0,0,0,49,UTAH
2772,490556,424,1326,3.127358491,151.1666667,3.333333333,3,144.8333333,197.6640128,3.333333333,0,0,3,54.66666667,57.33333333,0,32.83333333,0,0,20.47034301,26.02700316,103966,585,0,0,49,UTAH
2773,490557,738,2088,2.829268293,577.6666667,40,86.33333333,451.3333334,672.520489,27.83333333,12.16666667,41.5,44.83333333,65,186,21.66666667,178.6666667,0,0,49.80708609,45.04673624,75799,887,159,0,49,UTAH
2774,490558,389,1169,3.005141388,130.6666667,1.666666667,0,129,173.1747775,1.666666667,0,0,0,2.5,111,5,10.5,0,0,18.48318486,24.02492599,83036,594,0,0,49,UTAH
2775,490559,503,1346,2.675944334,32,0,0,32,82.05516789,0,0,0,0,0,0,32,0,0,0,19.02297182,31.03219607,80417,0,0,0,49,UTAH
2776,490560,524.0000006,2004,3.824427477,0,0,0,0,52.67658301,0,0,0,0,0,0,0,0,0,0,20.64334831,32.0332347,125807,0,0,0,49,UTAH
2777,490561,389,1270,3.264781491,148,0,0,148,191.1190752,0,0,0,0,0,148,0,0,0,0,19.0941492,24.02492599,69423,681,1183,0,49,UTAH
2778,490562,526,1776,3.376425856,0,0,0,0,50.75369183,0,0,0,0,0,0,0,0,0,0,18.72045717,32.03323466,115537,0,0,0,49,UTAH
2779,490563,763,2793,3.660550459,372,33,20.16666666,318.8333333,484.2724349,32.83333333,0.166666667,14.83333333,5.333333333,76.66666667,40.5,82.83333333,118.8333333,0,24.8405797,40.38304182,47.0488134,108924,558,28,184,49,UTAH
2780,490564,135,444,3.288888889,2758,100.1666667,80,2577.833333,2881.97047,91.16666667,9,30.5,49.5,355.6666667,147.8333333,1614.333333,460,0,0,115.9621612,8.008308664,144205,0,0,0,49,UTAH
2781,490565,292,1068,3.657534247,0,0,0,0,28.4051111,0,0,0,0,0,0,0,0,0,0,10.38641661,18.01869449,169766,0,0,0,49,UTAH
2782,490566,299,1013,3.387959866,36,0,0,36,65.94141911,0,0,0,0,0,36,0,0,0,0,11.92272462,18.01869449,142601,540,0,0,49,UTAH
2783,490567,568,1548,2.725352113,231,0,3,228,294.4610784,0,0,2,1,27,153,1,47,0,0,28.42472799,35.03635041,102063,0,0,2387,49,UTAH
2784,490568,371,1248,3.363881402,44.16666667,1,0.833333333,42.33333334,81.96642767,1,0,0,0.833333333,12,0.166666667,18,12.16666667,0,0,14.77587359,23.02388741,144375,0,0,0,49,UTAH
2785,490569,274,1305,4.762773723,0,0,0,0,26.76937694,0,0,0,0,0,0,0,0,0,0,9.751721035,17.01765591,185417,0,0,0,49,UTAH
2786,490570,229,885,3.864628821,45.83333333,0.333333333,0.333333333,45.16666666,69.61740393,0.333333333,0,0,0.333333333,8.666666667,0.166666667,0,36.33333333,0,0,9.769530435,14.01454016,212515,0,0,0,49,UTAH
2787,490571,0,0,0,1487.333333,60,67.66666667,1359.666667,1542.299068,58.33333333,1.666666667,1.5,66.16666667,138.5,97.33333333,627.8333333,496,2.025186225,0,52.94054869,0,123276,0,0,0,49,UTAH
2788,490572,579,2043,3.528497409,374,0,0,374,481.788047,0,0,0,0,0,374,0,0,0,0,71.9174854,35.8705616,146429,574,337,0,49,UTAH
2789,490573,340,1109,3.261764706,230,7.166666667,8.833333334,214,271.3082295,6.5,0.666666667,0.166666667,8.666666667,29.5,110.3333333,0,74.16666667,0,0,20.28641932,21.02181024,170395,849,220,0,49,UTAH
2790,490574,0,0,0,2116.666667,345.1666667,786.8333333,984.6666666,2191.999299,291.6666667,53.5,349.8333333,437,165,110,4.333333333,705.3333333,0,0,75.3326324,0,96877,0,0,0,49,UTAH
2791,490575,200.5445484,637,3.176351615,13.70849831,3.23458949,0.616112284,9.857796539,33.36047725,2.772505277,0.462084213,0.154028071,0.462084213,1.69430878,2.156392993,1.078196497,4.92889827,0,0,7.625311672,12.02666727,102342,0,0,0,49,UTAH
2792,490576,0,0,0,0,0,0,0,0,0,0,0,0,0,0,0,0,0,0,0,0,102342,0,0,0,49,UTAH
2793,490577,0,0,0,0,0,0,0,0,0,0,0,0,0,0,0,0,0,0,0,0,99610,0,0,0,49,UTAH
2794,490578,0,0,0,0,0,0,0,0,0,0,0,0,0,0,0,0,0,0,0,0,96877,0,0,0,49,UTAH
2795,490579,0,0,0,2079.666667,395.6666667,217.1666666,1466.833333,2153.682589,319,76.66666667,67.83333333,149.3333333,252.8333333,232.5,57.83333333,923.6666667,0,0,74.01592192,0,96877,0,0,0,49,UTAH
2796,490580,0,0,0,0,0,0,0,0,0,0,0,0,0,0,0,0,0,0,0,0,102342,0,0,0,49,UTAH
2797,490581,0,0,0,0,0,0,0,0,0,0,0,0,0,0,0,0,0,0,0,0,102342,0,0,0,49,UTAH
2798,490582,0,0,0,0,0,0,0,0,0,0,0,0,0,0,0,0,0,0,0,0,99610,0,0,0,49,UTAH
2799,490583,0,0,0,0,0,0,0,0,0,0,0,0,0,0,0,0,0,0,0,0,96877,0,0,0,49,UTAH
2800,490584,0,0,0,1418.666667,123.1666666,683.1666667,612.3333334,1479.157436,121.3333333,1.833333333,602,81.16666667,322.1666667,34.5,2.5,253.1666667,0,0,60.49076956,0,96877,0,0,0,49,UTAH
2801,490585,0,0,0,0,0,0,0,0,0,0,0,0,0,0,0,0,0,0,0,0,102342,0,0,0,49,UTAH
2802,490586,0,0,0,0,0,0,0,0,0,0,0,0,0,0,0,0,0,0,0,0,102342,0,0,0,49,UTAH
2803,490587,1359.455453,4326,3.182156495,69.12483512,0.265410534,0.050554388,68.8088702,206.0403239,0.227494744,0.037915791,0.012638597,0.037915791,0.139024566,68.17694036,0.088470178,0.4044351,0,0,53.84349052,83.07199821,102809,505,0,0,49,UTAH
2804,490588,624,1987,3.184294872,34,0,0,34,95.45783272,0,0,0,0,0,34,0,0,0,0,23.41836657,38.03946615,101835,1044,0,0,49,UTAH
2805,490589,0,0,0,9,0,0,9,9.320312005,0,0,0,0,0,9,0,0,0,0,0.320312005,0,59583,0,0,0,49,UTAH
2806,490590,0,0,0,766.9999999,230.3333333,17.66666667,518.9999999,839.2976754,24.5,205.8333333,10,7.666666667,120.3333333,9.833333333,62.5,326.3333333,0,0,72.29767549,0,59583,0,0,0,49,UTAH
2807,490591,1,2,2,2401.166667,79.33333333,650.3333334,1671.5,2486.660557,72.33333333,7,137.6666667,512.6666667,386.1666667,372.1666667,67.16666667,846,0,0,85.49389038,0,96877,0,0,0,49,UTAH
2808,490592,241,802,3.32780083,0,0,0,0,31.59282243,0,0,0,0,0,0,0,0,0,0,16.57724368,15.01557875,148230,0,0,0,49,UTAH
2809,490593,735,2447,3.329251701,0,0,0,0,71.20554996,0,0,0,0,0,0,0,0,0,0,26.15881372,45.04673624,139804,0,0,0,49,UTAH
2810,490594,1169,2727,2.332763045,0,0,0,0,113.6797484,0,0,0,0,0,0,0,0,0,0,41.6049704,72.07477798,59583,0,0,0,49,UTAH
2811,490595,495,1155,2.333333333,246.5,52.33333334,13.16666667,181,311.9213013,42.16666667,10.16666667,7.333333333,5.833333333,37.5,17.83333333,20.66666667,105,0,0,35.39014379,30.03115749,59583,0,0,0,49,UTAH
2812,490596,1,2,2,1693.166667,266.6666667,1037.5,389,1753.462491,225,41.66666667,916,121.5,70,43.83333333,17.83333333,257.3333333,0,0,60.29582399,0,96877,0,0,0,49,UTAH
2813,490597,287,1157,4.031358885,0,0,0,0,72.23308842,0,0,0,0,0,0,0,0,0,0,54.21439393,18.01869449,188377,0,0,0,49,UTAH
2814,490598,134,543,4.052238806,37,0,0,37,51.09423676,0,0,0,0,0,37,0,0,0,0,6.085928091,8.008308664,188377,0,0,0,49,UTAH
2815,490599,155,625,4.032258065,323.6666666,48.16666667,17.66666667,257.8333333,360.7128712,21.16666667,27,1.5,16.16666667,17.5,61,36,143.3333333,0,0,27.03581874,10.01038583,181598,720,0,0,49,UTAH
2816,490600,323,754,2.334365325,255,76.66666667,9.666666667,168.6666667,295.5919879,50.66666667,26,4,5.666666667,31.16666667,14.83333333,29.66666667,93,0,0,20.57121622,20.02077166,59583,0,0,0,49,UTAH
2817,490601,0,0,0,2412.666667,395.3333333,632.3333334,1385,2498.534517,348.5,46.83333333,154.1666667,478.1666667,456,88,225.1666667,615.8333333,0,0,85.86785022,0,59583,0,0,0,49,UTAH
2818,490602,858,2644,3.081585082,257,0,0,257,349.7381433,0,0,0,0,0,0,0,257,0,0,39.68309837,53.0550449,137781,0,0,0,49,UTAH
2819,490603,2,7,3.5,113.8333333,1.666666666,58,54.16666667,117.9558556,1.333333333,0.333333333,56,2,3.166666667,33.83333333,0,17.16666667,0,0,4.122522247,0,132426,713,0,0,49,UTAH
2820,490604,221,797,3.606334842,495.6666667,46.83333333,258.6666667,190.1666667,535.1874748,45.5,1.333333333,205,53.66666667,28.16666667,10.83333333,0.666666667,150.5,0,0,25.50626797,14.01454016,88500,0,0,0,49,UTAH
2821,490605,156,480,3.076923077,113,8,9.5,95.5,132.5841557,7.5,0.5,0,9.5,14,11.33333333,0,70.16666667,0,0,9.573769823,10.01038583,118438,0,0,0,49,UTAH
2822,490606,0,0,0,563.6666667,12.33333334,280.3333333,271,583.7339044,12.16666667,0.166666667,72.33333333,208,63,113.5,0.666666667,93.83333333,0,0,20.06723771,0,109239,0,19,216,49,UTAH
2823,490607,2,5,2.5,2378.166667,82,1173.666667,1122.5,2462.877494,76.66666667,5.333333333,1082.5,91.16666667,353.3333333,268.6666667,55.66666667,444.8333333,0,0,84.71082716,0,81641,0,0,0,49,UTAH
2824,490608,23.99999997,60,2.500000003,4037.499996,784.1666658,527.8333328,2725.499997,4183.22342,756.4999992,27.66666664,334.1666663,193.6666665,1641.999998,150.9999998,113.1666666,819.3333324,0,0,144.5555711,1.167853595,75583,0,0,0,49,UTAH
2825,490609,318,798,2.509433962,88,0,0,88,122.4704021,0,0,0,0,0,88,0,0,0,0,14.44963044,20.02077166,102629,416,350,304,49,UTAH
2826,490610,227,675,2.973568282,704,245,30,429,751.1490151,54.83333333,190.1666667,10.83333333,19.16666667,44.83333333,71.66666667,89.66666667,222.8333333,0,0,33.13447493,14.01454016,91389,75,0,0,49,UTAH
2827,490611,148,486,3.283783784,889.8333333,343.6666667,31.33333334,514.8333333,935.7734669,143.1666667,200.5,8.666666667,22.66666667,48.16666667,33.83333333,274.3333333,158.5,0,0,36.93078628,9.009347247,118594,0,0,0,49,UTAH
2828,490612,597,2256,3.778894472,32,0,0,32,92.43060923,0,0,0,0,0,32,0,0,0,0,23.39218166,37.03842757,123732,393,0,0,49,UTAH
2829,490613,649,2245,3.459167951,7,0,7,0,70.38872945,0,0,7,0,0,0,0,0,0,0,23.34718613,40.04154332,141552,0,0,0,49,UTAH
2830,490614,134,463,3.455223881,0,0,0,0,12.77739851,0,0,0,0,0,0,0,0,0,0,4.769089849,8.008308664,153363,0,0,0,49,UTAH
2831,490615,334,686,2.053892216,661,59.16666667,21,580.8333333,716.4329813,56,3.166666667,5.5,15.5,342,25.66666667,129.3333333,83.83333333,0,0,35.41220969,20.02077166,40208,0,0,0,49,UTAH
2832,490616,531,2078,3.913370998,33,0,0,33,86.10715887,0,0,0,0,0,33,0,0,0,0,20.07288563,33.03427324,88978,509,0,0,49,UTAH
2833,490617,431,1534,3.559164733,845.1666667,236.5,278.6666667,330,917.5770484,82.5,154,266.6666667,12,64.33333333,22.5,44.16666667,199,0,0,46.38337849,26.02700316,107645,0,0,0,49,UTAH
2834,490618,467,1406,3.010706638,517.1666667,185.8333333,19.5,311.8333334,585.2176215,99.16666667,86.66666667,8.166666667,11.33333333,72.33333333,63,14.83333333,161.6666667,0,0,39.02083593,29.03011891,100357,549,0,0,49,UTAH
2835,490619,276,806,2.920289855,253,0,0,253,288.8448837,0,0,0,0,0,253,0,0,0,0,18.82722784,17.01765591,124063,0,0,1572,49,UTAH
2836,490620,123,310,2.520325203,2952.333333,129.6666667,253,2569.666666,3074.620569,113.5,16.16666667,76.66666667,176.3333333,1129.833333,214.6666667,178.3333333,1046.833333,0,0,114.4457797,7.841456524,83717,0,0,0,49,UTAH
2837,490621,954,2370,2.48427673,2418.666667,587.8333334,97.5,1733.333333,2637.762009,410.6666667,177.1666667,27.66666667,69.83333333,291.5,309.8333333,293,839,0,0,160.0340657,59.0612764,80170,0,0,0,49,UTAH
2838,490622,531,1743,3.282485876,2663.833333,334.8333334,83.66666667,2245.333333,2810.572378,261.1666667,73.66666667,22,61.66666667,288.1666667,113.8333333,1174.333333,669,0,0,113.7047717,33.03427324,94152,0,0,0,49,UTAH
2839,490623,697,1813,2.601147776,954.8333333,303.3333333,68.83333334,582.6666667,1056.661119,215.8333333,87.5,27.66666667,41.16666667,58.5,139.6666667,41,343.5,0,0,58.78312669,43.04465907,63435,0,0,0,49,UTAH
2840,490624,576,1706,2.961805556,23.16666667,4.833333333,8.666666666,9.666666667,79.52749614,4.833333333,0,1.333333333,7.333333333,0.666666667,0,0,9,0,0,21.32447906,35.03635041,98065,0,0,0,49,UTAH
2841,490625,321,756,2.355140187,134.8333333,3,2.833333334,129,171.0772919,3,0,0.166666667,2.666666667,14,91,0,24,0,0,16.22318686,20.02077166,71266,589,1075,0,49,UTAH
2842,490626,542,1899,3.503690037,636.8333333,56,16,564.8333333,753.2235169,14,42,4,12,127.3333333,33,288.1666667,116.3333333,0,41.40096618,41.95494419,33.03427324,137798,488,0,0,49,UTAH
2843,490627,705,2168,3.075177305,601.3333334,191.3333334,69.16666667,340.8333334,693.8588818,113.6666667,77.66666667,35.66666667,33.5,67.83333333,63.16666667,27.16666667,182.6666667,0,0,49.48088932,43.04465907,70818,0,0,0,49,UTAH
2844,490628,576,1919,3.331597222,195.8333333,14.66666666,9.666666666,171.5,258.3334663,13.83333333,0.833333333,0.833333333,8.833333333,36.16666667,81.33333333,24.66666667,29.33333333,0,0,27.46378253,35.03635041,78454,0,975,0,49,UTAH
2845,490629,363,896,2.468319559,892.6666668,293.6666667,91.5,507.5000001,959.3790685,221.1666667,72.5,5,86.5,97.83333333,46.83333333,110.1666667,252.6666667,0,0,44.68955287,22.02284883,60725,0,0,0,49,UTAH
2846,490630,367,844,2.29972752,685.5,209.8333333,64.5,411.1666667,745.9825836,162.3333333,47.5,10.5,54,92,55.16666667,24.33333333,239.6666667,0,0,37.45869614,23.02388741,72955,0,0,0,49,UTAH
2847,490631,821,2433,2.963459196,308.6666666,23.83333333,22.66666666,262.1666666,398.9177662,21.5,2.333333333,0.333333333,22.33333333,40.33333333,40.16666667,0.333333333,181.3333333,0,0,40.19917038,50.05192915,66020,0,0,0,49,UTAH
2848,490632,458,1504,3.283842795,547.6666667,50.16666666,82.66666667,414.8333334,611.4817115,4.833333333,45.33333333,69.5,13.16666667,101.5,4.166666667,163.6666667,145.5,0,0,35.78596448,28.02908032,111532,0,0,0,49,UTAH
2849,490633,421,1385,3.289786223,746,217.8333334,27.5,500.6666667,821.5607154,211.6666667,6.166666667,9,18.5,115.6666667,23.33333333,90.33333333,271.3333333,0,0,49.53371222,26.02700316,114220,0,0,0,49,UTAH
2850,490634,83,297,3.578313253,977.6666667,45,66.16666667,866.5,1020.42123,40.83333333,4.166666667,13.66666667,52.5,187.5,132.3333333,287.1666667,259.5,0,0,37.74937027,5.005192915,116250,0,0,0,49,UTAH
2851,490635,0,0,0,1797.666666,27.33333333,27.83333333,1742.5,1861.646116,24.5,2.833333333,6.833333333,21,161.6666667,145.6666667,1005.333333,429.8333333,0,0,63.9794498,0,101250,0,0,111,49,UTAH
2852,490636,2,4,2,540.5,28.5,57.33333333,454.6666667,559.8077984,25.66666667,2.833333333,18.33333333,39,180.1666667,36.66666667,30.33333333,207.5,0,0,19.30779832,0,101250,0,0,0,49,UTAH
2853,490637,827,2795,3.379685611,311.8333333,56.83333333,85.33333333,169.6666667,403.4117611,22.83333333,34,0.5,84.83333333,16.5,24.33333333,51.16666667,77.66666667,0,0,40.52546007,51.05296773,82860,0,0,54,49,UTAH
2854,490638,383,1186,3.096605744,640,5,17,618,699.5995374,5,0,1,16,12,48,550,8,0,0,36.40879788,23.19073955,75724,549,0,0,49,UTAH
2855,490639,757,1553,2.051519155,2346.166667,641.3333333,147.6666667,1557.166667,2502.829573,396.5,244.8333333,30,117.6666667,284.1666667,146,296.8333333,830.1666667,0,0,110.448316,46.21458983,59018,0,0,0,49,UTAH
2856,490640,249,664,2.666666667,1068.833333,252.8333333,96.66666667,719.3333333,1130.751008,106.5,146.3333333,77,19.66666667,152.3333333,209.3333333,177.1666667,180.5,0,0,46.90209636,15.01557875,65357,0,0,0,49,UTAH
2857,490641,379,1017,2.683377309,175.5,14.16666666,11.66666666,149.6666667,218.2527674,12.83333333,1.333333333,0.333333333,11.33333333,25.83333333,23.5,19.16666667,81.16666667,0,0,19.72888004,23.02388741,65357,0,0,0,49,UTAH
2858,490642,513,1588,3.095516569,0,0,0,0,49.27810969,0,0,0,0,0,0,0,0,0,0,18.24591362,31.03219607,96667,0,0,0,49,UTAH
2859,490643,410,1411,3.441463415,55,0,0,55,101.5754182,0,0,0,0,0,55,0,0,0,0,21.54945358,25.02596458,130820,876,0,0,49,UTAH
2860,490644,0,0,0,3298.333333,11.66666667,233,3053.666667,3415.721675,10.66666667,1,2.666666667,230.3333333,1841.666667,13.66666667,100,1098.333333,0,0,117.3883413,0,130820,0,0,0,49,UTAH
2861,490645,108,266,2.462962963,745,391,21,333,782.3657301,109,282,21,0,74,38,13,208,0,0,30.35846001,7.007270081,101250,0,0,0,49,UTAH
2862,490646,390,989,2.535897436,144.8333333,12,10,122.8333333,193.8812301,11.83333333,0.166666667,1.666666667,8.333333333,12.83333333,54.5,10,45.5,0,0,25.02297079,24.02492599,111563,485,0,0,49,UTAH
2863,490647,639,1924,3.010954617,308.8333334,4,6.166666667,298.6666667,381.6074377,4,0,3.166666667,3,61,0,57,180.6666667,0,0,33.73359962,39.04050474,75365,0,0,0,49,UTAH
2864,490648,220,777,3.531818182,873.8333334,0.5,0.666666667,872.6666667,925.7766165,0.5,0,0.166666667,0.5,206.3333333,180.1666667,138.6666667,347.5,0,0,38.92978153,13.01350158,98065,618,0,1654,49,UTAH
2865,490649,512,1494,2.91796875,1196.5,487.1666667,58,651.3333333,1289.33207,395.1666667,92,16.33333333,41.66666667,100.5,101,86.83333333,363,0,0,61.79987362,31.03219607,79773,0,0,0,49,UTAH
2866,490650,481,1404,2.918918919,1527.333333,392.6666667,87.16666667,1047.5,1628.841644,222,170.6666667,47.16666667,40,196.6666667,103.1666667,65.5,682.1666667,0,0,71.47715344,30.03115749,79773,0,0,0,49,UTAH
2867,490651,285,757,2.656140351,1909.166667,614.8333333,101,1193.333333,2004.275345,431.8333333,183,35.33333333,65.66666667,177,211.5,116.8333333,688,0,0,78.0910225,17.01765591,97839,583,12,0,49,UTAH
2868,490652,392,1163,2.966836735,216,0,0,216,266.657853,0,0,0,0,91,101,0,24,0,0,26.632927,24.02492599,72188,0,0,1285,49,UTAH
2869,490653,342,1001,2.926900585,24,0.5,0.5,23,74.60822584,0.5,0,0,0.5,7.5,1.833333333,0,13.66666667,0,16.56038647,13.02602913,21.02181024,110626,0,0,0,49,UTAH
2870,490654,105,344,3.276190476,487.6666667,71.66666667,2.666666667,413.3333334,605.8481562,1.5,70.16666667,0.666666667,2,293.1666667,2.833333333,72.33333333,45,0,91.0821256,21.09313236,6.006231498,160417,128,37,7,49,UTAH
2871,490655,574,2006,3.494773519,0,0,0,0,55.46513827,0,0,0,0,0,0,0,0,0,0,20.42878786,35.03635041,85000,0,0,0,49,UTAH
2872,490656,427,1493,3.496487119,0,0,0,0,42.20029804,0,0,0,0,0,0,0,0,0,0,16.17329488,26.02700316,127788,0,0,0,49,UTAH
2873,490657,447,1403,3.138702461,66.16666667,0.166666667,1,65,116.4465491,0,0.166666667,0.166666667,0.833333333,12,28.33333333,0,24.66666667,0,0,23.25184068,27.02804174,120139,0,0,0,49,UTAH
2874,490658,602,1440,2.392026578,1298,214.1666667,62.5,1021.333333,1402.659816,168.6666667,45.5,18.83333333,43.66666667,204.1666667,95.5,129.3333333,592.3333333,0,0,67.62138881,37.03842757,78050,0,0,0,49,UTAH
2875,490659,84,209,2.488095238,965.3333334,53.5,64.5,847.3333334,1007.684479,48.66666667,4.833333333,8,56.5,316.3333333,141.1666667,45.66666667,344.1666667,0,0,37.34595282,5.005192915,28890,716,0,0,49,UTAH
2876,490660,453,1192,2.631346578,18,0,0,18,63.79207524,0,0,0,0,5,0,13,0,0,0,17.76299492,28.02908032,134688,0,0,0,49,UTAH
2877,490661,241,812,3.369294606,0,0,0,0,31.86708723,0,0,0,0,0,0,0,0,0,8.280193235,8.571315246,15.01557875,117350,0,0,0,49,UTAH
2878,490662,545,1773,3.253211009,298.5,59.33333334,29.33333334,209.8333333,361.5547025,49.16666667,10.16666667,13.66666667,15.66666667,25.33333333,84.16666667,12.66666667,87.66666667,0,0,30.02042924,33.03427324,160417,10,9,0,49,UTAH
2879,490663,100,309,3.09,556,33,36.5,486.5,587.3535321,30.16666667,2.833333333,8.666666667,27.83333333,75.83333333,127,80.5,203.1666667,0,0,25.34730059,6.006231498,102212,204,103,79,49,UTAH
2880,490664,344,1063,3.090116279,193.1666667,17.33333334,5.666666667,170.1666667,236.2885528,17.16666667,0.166666667,3,2.666666667,63.5,0.333333333,31.33333333,75,0,0,22.1000759,21.02181024,102212,0,0,0,49,UTAH
2881,490665,351,1119,3.188034188,0,0,0,0,34.52094683,0,0,0,0,0,0,0,0,0,0,12.498098,22.02284883,121625,0,0,0,49,UTAH
2882,490666,245,622,2.53877551,77.33333334,6,4.833333333,66.50000001,107.8207775,5.5,0.5,0,4.833333333,20.16666667,8,0.166666667,38.16666667,0,0,15.47186542,15.01557875,111563,0,0,0,49,UTAH
2883,490667,401,1319,3.289276808,125.6666667,1,4.5,120.1666667,169.4368077,1,0,2.166666667,2.333333333,3.166666667,109.1666667,0.666666667,7.166666667,0,0,18.74417638,25.02596458,93182,496,1348,0,49,UTAH
2884,490668,666,1524,2.288288288,42,2,0,40,108.2285921,2,0,0,0,1,0,26,13,0,0,25.18601017,41.0425819,32214,0,0,0,49,UTAH
2885,490669,13,30,2.307692308,1406.5,273.5,93.16666666,1039.833333,1458.021428,226.1666667,47.33333333,30.33333333,62.83333333,312.1666667,97.66666667,222.1666667,407.8333333,0,0,50.52038936,1.001038583,32214,0,0,0,49,UTAH
2886,490670,183,619,3.382513661,405.6666667,161.8333333,17.33333333,226.5,437.6228321,68,93.83333333,7.333333333,10,37.66666667,31.66666667,39.5,117.6666667,0,0,20.94474101,11.01142441,78006,0,0,0,49,UTAH
2887,490671,610,1699,2.785245902,1135.666667,676.1666666,40.66666667,418.8333333,1234.833958,487.3333333,188.8333333,16.66666667,24,58.83333333,61.5,30.16666667,268.3333333,0,0,62.12886414,37.03842757,87281,0,0,0,49,UTAH
2888,490672,280,777,2.775,1206,193.1666666,106.3333333,906.5,1283.904857,141.8333333,51.33333333,12.16666667,94.16666667,360.8333333,76.5,65.5,403.6666667,0,0,60.88720148,17.01765591,95171,0,0,0,49,UTAH
2889,490673,392,1165,2.971938776,1478.833333,0.5,6,1472.333333,1569.441623,0.5,0,3,3,285.1666667,47,182.3333333,957.8333333,0,0,66.58336415,24.02492599,79000,0,0,0,49,UTAH
2890,490674,69,225,3.260869565,1499,220.1666667,36.16666667,1242.666667,1558.809627,99.5,120.6666667,8.666666667,27.5,475.5,41.83333333,309,416.3333333,0,0,55.80547239,4.004154332,118929,0,0,0,49,UTAH
2891,490675,491,1593,3.244399185,741.8333334,164.3333334,25.16666667,552.3333334,816.7058002,147.6666667,16.66666667,6.166666667,19,217.1666667,104,54,177.1666667,0,0,44.84130932,30.03115749,118929,609,0,0,49,UTAH
2892,490676,564,1663,2.94858156,233,0,6,227,301.3958281,0,0,6,0,30,160,10,27,0,0,33.35947772,35.03635041,108194,0,0,2301,49,UTAH
2893,490677,316,968,3.063291139,544.6666667,48.5,3,493.1666667,594.3176983,48.33333333,0.166666667,0.5,2.5,214.5,134.6666667,14,130,0,0,30.63129853,19.01973308,135464,488,1080,0,49,UTAH
2894,490678,515,1711,3.322330097,0,0,0,0,53.36219938,0,0,0,0,0,0,0,0,0,0,21.32896472,32.03323466,141185,0,0,0,49,UTAH
2895,490679,329,869,2.641337386,0,0,0,0,31.7180874,0,0,0,0,0,0,0,0,0,0,11.69731574,20.02077166,95666,0,0,0,49,UTAH
2896,490680,0,0,0,1172,601.1666666,57.33333333,513.5,1213.71177,517.8333333,83.33333333,23,34.33333333,89.83333333,78.83333333,38.33333333,306.5,0,0,41.71176991,0,79005,0,0,0,49,UTAH
2897,490681,20,45,2.25,1105.5,606,30,469.5,1146.557841,492.6666667,113.3333333,8.833333333,21.16666667,50.5,37.83333333,25.83333333,355.3333333,0,0,40.05680233,1.001038583,32214,0,0,0,49,UTAH
2898,490682,70,195,2.785714286,2952.833333,1953,36.83333333,963,3064.420867,1066.833333,886.1666667,6.5,30.33333333,265,31.83333333,91.5,574.6666667,0,0,107.5833792,4.004154332,96877,0,0,0,49,UTAH
2899,490683,534,1420,2.65917603,2344.833333,938.6666667,121,1285.166667,2480.325965,801.6666667,137,58.83333333,62.16666667,290,173,99.16666667,723,0,0,102.4583586,33.03427324,80020,0,0,0,49,UTAH
2900,490684,203,610,3.004926108,620.1666667,143.1666667,122,355,661.475755,65.66666667,77.5,10.5,111.5,65.66666667,47.66666667,62.16666667,179.5,0,0,29.29662536,12.012463,79014,0,0,0,49,UTAH
2901,490685,7,20,2.857142857,499.8333333,168.5,9.333333334,322,517.8715753,75.5,93,3.666666667,5.666666667,60.16666667,12.83333333,125.6666667,123.3333333,0,0,18.03824198,0,79005,0,0,0,49,UTAH
2902,490686,0,0,0,2862,1355.666667,154.5,1351.833333,2963.859158,701.1666667,654.5,64.66666667,89.83333333,201.5,179.8333333,80.83333333,889.6666667,0,0,101.8591584,0,58313,0,0,0,49,UTAH
2903,490687,195,469,2.405128205,1194.666667,355.6666667,23.33333333,815.6666666,1256.137655,237.6666667,118,5.333333333,18,257.8333333,29.66666667,272.8333333,255.3333333,0,0,49.4585254,12.012463,57813,0,0,0,49,UTAH
2904,490688,448,1190,2.65625,202.5,12.16666667,25,165.3333333,255.6735633,11.16666667,1,0.166666667,24.83333333,20.5,71.5,0,73.33333333,0,0,26.14552157,27.02804174,80020,0,0,0,49,UTAH
2905,490689,399,1198,3.002506266,0,0,0,0,42.20762889,0,0,0,0,0,0,0,0,0,0,18.1827029,24.02492599,79011,0,0,0,49,UTAH
2906,490690,834,1757,2.106714628,143.5,78.16666666,9,56.33333333,229.3424447,36.33333333,41.83333333,3.666666667,5.333333333,8,7.166666667,3.833333333,37.33333333,0,0,34.78947693,51.05296773,58313,0,0,0,49,UTAH
2907,490691,445,1485,3.337078652,91.5,2.833333333,1.666666667,87,177.6103066,2.333333333,0.5,0,1.666666667,7.166666667,57.16666667,0.166666667,22.5,0,0,59.08226487,27.02804174,104156,634,0,0,49,UTAH
2908,490692,571,1786,3.127845884,708.6666667,162.1666667,26,520.5000001,789.2465542,86.5,75.66666667,10.5,15.5,54.16666667,125.6666667,128.1666667,212.5,0,0,45.54353708,35.03635041,56416,0,0,0,49,UTAH
2909,490693,409,985,2.408312958,934.3333334,144.1666667,61.16666667,729,1007.168496,122.1666667,22,27.5,33.66666667,159.8333333,101.6666667,54.5,413,0,0,47.80919807,25.02596458,57813,0,0,0,49,UTAH
2910,490694,335,1064,3.176119403,125,0.166666667,3,121.8333333,162.3933127,0.166666667,0,3,0,4,0,95,22.83333333,0,0,16.37150247,21.02181024,89375,0,0,0,49,UTAH
2911,490695,338,1007,2.979289941,1225.166667,343.6666667,56,825.5,1526.816024,79,264.6666667,8.166666667,47.83333333,194.5,117.5,351.5,162,0,0,280.6275473,21.02181024,90783,0,0,0,49,UTAH
2912,490696,132,352,2.666666667,36.16666666,3,1.5,31.66666666,50.1600638,2.666666667,0.333333333,0.166666667,1.333333333,8.833333333,4,0,18.83333333,0,0,5.985088469,8.008308664,81829,0,0,0,49,UTAH
2913,490697,322.0000003,957,2.972049687,57.00000005,0,0,57.00000005,90.50353635,0,0,0,0,0,57.00000005,0,0,0,0,13.48276462,20.02077168,102250,604,0,0,49,UTAH
2914,490698,371,1139,3.070080863,114.6666667,0.166666667,1,113.5,154.9696064,0.166666667,0,1,0,16.33333333,90.16666667,1.333333333,5.666666667,0,0,17.27905228,23.02388741,98542,0,0,0,49,UTAH
2915,490699,463,886,1.913606911,509.6666667,31.16666666,15.33333333,463.1666667,572.3073042,12.83333333,18.33333333,5.833333333,9.5,80.16666667,21.83333333,198.5,162.6666667,0,0,34.61155715,28.02908032,49611,0,0,0,49,UTAH
2916,490700,456,1654,3.627192982,726.3333333,346.3333333,26.5,353.5,796.4419161,262.8333333,83.5,10.33333333,16.16666667,63.83333333,51.83333333,45.16666667,192.6666667,0,0,42.07950244,28.02908032,56500,0,0,0,49,UTAH
2917,490701,349,939,2.690544413,467.6666667,189.5,26.66666667,251.5,517.7598031,175.6666667,13.83333333,12.5,14.16666667,36.33333333,46,24.16666667,145,0,0,29.07132616,21.02181024,40625,0,0,0,49,UTAH
2918,490702,60,154,2.566666667,1635.666667,221.6666667,27.66666667,1386.333333,1700.020068,208.6666667,13,7.5,20.16666667,54.33333333,47.16666667,37.83333333,1247,0,0,60.34924662,4.004154332,28110,0,0,0,49,UTAH
2919,490703,341.9999988,1031,3.014619893,0,0,0,0,33.18773343,0,0,0,0,0,0,0,0,0,0,12.16592326,21.02181017,86389,0,0,0,49,UTAH
2920,490704,336,1433,4.264880952,0,0,0,0,34.98012509,0,0,0,0,0,0,0,0,0,0,13.95831485,21.02181024,145313,0,0,0,49,UTAH
2921,490705,490,1450,2.959183673,359.5,119,6.833333333,233.6666667,419.753196,7,112,1.5,5.333333333,39.16666667,90.16666667,57.66666667,46.66666667,0,0,30.22203847,30.03115749,80387,671,376,194,49,UTAH
2922,490706,287,865,3.013937282,41.83333333,3.833333333,3.666666667,34.33333333,71.5552544,3.833333333,0,0,3.666666667,9.666666667,6.166666667,0,18.5,0,0,11.70322658,18.01869449,86389,0,0,0,49,UTAH
2923,490707,0,0,0,305.6666666,19,7.833333333,278.8333333,316.5454062,18.66666667,0.333333333,1.833333333,6,36.16666667,142.8333333,13,86.83333333,0,0,10.87873955,0,80962,0,0,276,49,UTAH
2924,490708,124,351,2.830645161,820,7.666666667,73.5,738.8333333,863.6054807,6.666666667,1,67.33333333,6.166666667,482,167,35.83333333,54,0,0,35.59717205,8.008308664,82393,0,0,0,49,UTAH
2925,490709,377,1025,2.718832891,0,0,0,0,36.44140139,0,0,0,0,0,0,0,0,0,0,13.41751398,23.02388741,58282,0,0,0,49,UTAH
2926,490710,0,0,0,198.5,37.16666667,87.5,73.83333333,205.5706526,35.5,1.666666667,81.5,6,14,10.33333333,2.5,47,0,0,7.070652612,0,76111,0,0,0,49,UTAH
2927,490711,497,1497,3.012072435,53.5,5.5,2.833333334,45.16666667,103.123552,4.166666667,1.333333333,1.666666667,1.166666667,6.5,2.833333333,2.333333333,33.5,0,0,19.59239451,30.03115749,76111,0,0,0,49,UTAH
2928,490712,141,425,3.014184397,223.6666667,6.333333333,158,59.33333333,245.6545488,5,1.333333333,156.1666667,1.833333333,13.83333333,9.166666667,1.166666667,35.16666667,0,0,12.97853482,9.009347247,75995,0,0,0,49,UTAH
2929,490713,341,1034,3.032258065,240.5,21.16666667,144.3333333,75,283.2175377,21.16666667,0,54.16666667,90.16666667,8.166666667,3.833333333,0,63,0,0,21.69572744,21.02181024,67905,0,0,0,49,UTAH
2930,490714,871,2350,2.69804822,1708.833333,238.3333333,119,1351.5,1853.704929,143.3333333,95,45.83333333,73.16666667,175.1666667,263.3333333,226.6666667,686.3333333,0,0,91.81655065,53.0550449,45897,0,0,0,49,UTAH
2931,490715,189,531,2.80952381,5998.166667,4.833333334,5.833333334,5987.5,6230.381739,4.666666667,0.166666667,0.166666667,5.666666667,8.833333333,5938,0.166666667,40.5,0,0,220.202609,12.012463,68142,0,0,509,49,UTAH
2932,490716,585,1611,2.753846154,7,0,0,7,66.10087242,0,0,0,0,0,7,0,0,0,0,23.06348343,36.03738899,66154,0,0,0,49,UTAH
2933,490717,212.2429453,525,2.473580449,0,0,0,0,68.54941737,0,0,0,0,0,0,0,0,1.524225139,0,54.2171163,12.80807593,81641,0,0,0,49,UTAH
2934,490718,598.6853624,1739,2.904697708,12.9552757,0.821109023,0.821109023,11.31305765,356.4250064,0.775491855,0.045617168,0.045617168,0.775491855,1.353309316,4.272808065,0,5.686940272,0.012026369,0,307.1365995,36.32110485,64257,0,0,0,49,UTAH
2935,490719,67.22219265,166,2.469422574,0,0,0,0,21.71116752,0,0,0,0,0,0,0,0,0.482756945,0,17.17180013,4.05661044,81641,0,0,0,49,UTAH
2936,490720,30.84950422,84,2.722896271,129.0447241,8.178890968,8.178890968,112.6869422,136.8019556,7.724508136,0.454382832,0.454382832,7.724508136,13.480024,42.56052522,0,56.646393,0.006177804,0,5.87972252,1.871331122,112059,0,0,0,49,UTAH
2937,490721,182,534,2.934065934,0,0,0,0,48.51258003,0,0,0,0,0,0,0,0,0,0,37.50115562,11.01142441,99896,0,0,0,49,UTAH
2938,490722,285,957,3.357894737,90.83333334,4.166666667,38.16666667,48.5,121.2092335,4.166666667,0,1,37.16666667,11.83333333,6.5,0,30.16666667,0,0,13.3582443,17.01765591,100833,0,0,0,49,UTAH
2939,490723,117,344,2.94017094,337,0,0,337,360.1652312,0,0,0,0,0,337,0,0,0,0,16.15796113,7.007270081,99896,0,0,0,49,UTAH
2940,490724,396,1166,2.944444444,68,0,0,68,108.5387894,0,0,0,0,0,68,0,0,0,0,16.51386336,24.02492599,99896,693,0,0,49,UTAH
2941,490725,341,1212,3.554252199,0,0,0,0,33.1580762,0,0,0,0,0,0,0,0,0,0,12.13626596,21.02181024,110417,0,0,0,49,UTAH
2942,490726,6,21,3.5,0,0,0,0,0.213541337,0,0,0,0,0,0,0,0,0,0,0.213541337,0,73188,0,0,0,49,UTAH
2943,490727,515,1485,2.883495146,0,0,0,0,50.36219938,0,0,0,0,0,0,0,0,0,0,18.32896472,32.03323466,90587,0,0,0,49,UTAH
2944,490728,126,363,2.880952381,0,0,0,0,12.49267673,0,0,0,0,0,0,0,0,0,0,4.484368067,8.008308664,90542,0,0,0,49,UTAH
2945,490729,12.52311687,45,3.59335463,48.26617962,1.826287877,1.956737011,44.48315473,51.21320534,1.826287877,0,0,1.956737011,7.305151509,20.74141232,0,16.4365909,0,0,2.163518028,0.783507698,73188,0,0,0,49,UTAH
2946,490730,449.4768836,1621,3.606414611,123.4004887,87.50704552,23.54326305,12.35018011,171.0348984,45.50704552,42,23,0.543263055,2.028182071,5.758588381,0,4.563409661,0,0,20.38883701,27.24557265,73188,0,0,0,49,UTAH
2947,490731,241,870,3.609958506,55.66666667,29,2.166666667,24.5,81.24070813,9.666666667,19.33333333,0.666666667,1.5,4.666666667,2.166666667,2,15.66666667,0,0,10.55846271,15.01557875,73188,0,0,0,49,UTAH
2948,490732,1,1,1,351,1.166666667,327.3333333,22.5,363.527777,1,0.166666667,0,327.3333333,1.666666667,14,0,6.833333333,0,0,12.52777703,0,57844,0,0,0,49,UTAH
2949,490733,2,3,1.5,307.5,14.33333333,130,163.1666667,318.5152012,13.83333333,0.5,0.333333333,129.6666667,26.5,33.5,0.166666667,103,0,0,11.01520119,0,42500,0,0,0,49,UTAH
2950,490734,37,103,2.783783784,162.6666667,7,6.666666666,149,171.7808203,6.333333333,0.666666667,0.333333333,6.333333333,9,95,0.166666667,44.83333333,0,0,7.112076513,2.002077166,42500,375,0,0,49,UTAH
2951,490735,260,813,3.126923077,147.5,11.5,11.33333334,124.6666667,178.0137998,10.5,1,0.166666667,11.16666667,21.83333333,21.5,0,81.33333333,0,0,14.49718251,16.01661733,93500,0,0,0,49,UTAH
2952,490736,462,1280,2.770562771,118.3333333,33.5,23.5,61.33333333,167.0047202,31.33333333,2.166666667,3.333333333,20.16666667,13.33333333,7.666666667,4.833333333,35.5,0,0,20.64230654,28.02908032,75547,0,0,0,49,UTAH
2953,490737,278,853,3.068345324,65,0,0,65,94.22510231,0,0,0,0,0,65,0,0,0,0,12.2074464,17.01765591,110000,591,0,0,49,UTAH
2954,490738,1.652214191,6,3.631490415,0,0,0,0,2.317646454,0,0,0,0,0,0,0,0,2.136720967,0,0.070663477,0.11026201,70793,0,0,0,49,UTAH
2955,490739,6,15,2.5,405,12,261.5,131.5,562.627636,11.83333333,0.166666667,0.5,261,33.33333333,27.16666667,0,71,0,0,157.627636,0,42500,0,0,0,49,UTAH
2956,490740,13.34778588,45,3.37134566,0,0,0,0,2.266895145,0,0,0,0,0,0,0,0,0.901058404,0,0.475060164,0.890776578,108516,0,0,0,49,UTAH
2957,490741,31,105,3.387096774,71.83333333,1.833333333,2.166666666,67.83333333,77.48340966,1.833333333,0,0.333333333,1.833333333,26.33333333,5.166666667,21.33333333,15,0,0,3.64799917,2.002077166,108516,0,0,0,49,UTAH
2958,490742,141,486,3.446808511,59,0,0,59,79.12146025,0,0,0,0,0,59,0,0,0,0,11.112113,9.009347247,108516,0,877,0,49,UTAH
2959,490743,22,75,3.409090909,0,0,0,0,1.789953299,0,0,0,0,0,0,0,0,0,0,0.788914716,1.001038583,108516,0,0,0,49,UTAH
2960,490744,655,1858,2.836641221,561.3333333,101.5,362,97.83333334,644.6644368,16.5,85,357.3333333,4.666666667,25.16666667,1.166666667,15.33333333,56.16666667,0,0,43.28956019,40.04154332,48344,0,0,0,49,UTAH
2961,490745,320,1443,4.509375,25,0,0,25,57.28753097,0,0,0,0,0,25,0,0,0,0,12.26675931,20.02077166,85469,0,0,0,49,UTAH
2962,490746,347,1164,3.354466859,548,0,0,548,600.8691267,0,0,0,0,0,519,0,29,0,0,31.84731649,21.02181024,85469,0,0,0,49,UTAH
2963,490747,826,2167,2.623486683,17,0,0,17,98.05552551,0,0,0,0,0,17,0,0,0,0,30.00255778,51.05296773,31941,0,0,0,49,UTAH
2964,490748,645,2117,3.282170543,1231.833333,504.8333334,59.83333333,667.1666667,1341.671873,110.1666667,394.6666667,42,17.83333333,55.16666667,138.8333333,227.6666667,245.5,0,0,69.79699586,40.04154332,32596,0,0,0,49,UTAH
2965,490749,168,761,4.529761905,560.8333333,270.6666667,15.5,274.6666666,596.7829785,60,210.6666667,6,9.5,18.33333333,137,6.5,112.8333333,0,0,25.93925934,10.01038583,33534,0,0,0,49,UTAH
2966,490750,2,12,6,15746.16666,6,33.83333334,15706.33333,16306.64741,5.5,0.5,0.166666667,33.66666667,7.666666667,15652.83333,0,45.83333333,0,0,560.4807432,0,38525,0,0,0,49,UTAH
2967,490751,347,679,1.956772334,274.6666667,1.833333334,1.333333333,271.5,317.8137523,1.666666667,0.166666667,0.333333333,1,20,183.5,33.83333333,34.16666667,0,0,22.12527536,21.02181024,36488,0,0,2026,49,UTAH
2968,490752,183,882,4.819672131,338.1666667,236.8333333,6,95.33333333,367.7265269,8.333333333,228.5,0.833333333,5.166666667,10.66666667,8.333333333,6,70.33333333,0,0,18.54843582,11.01142441,39808,0,0,0,49,UTAH
2969,490753,439,827,1.883826879,496.3333333,74.5,18.33333333,403.4999999,556.6501105,60.83333333,13.66666667,7.5,10.83333333,33,38.33333333,169.8333333,162.3333333,0,0,33.28873552,27.02804174,39479,0,0,0,49,UTAH
2970,490754,474,1585,3.343881857,12,0,0,12,58.33290005,0,0,0,0,0,12,0,0,0,0,17.30278114,29.03011891,43367,0,0,0,49,UTAH
2971,490755,563,1561,2.772646536,0,0,0,0,55.07364582,0,0,0,0,0,0,0,0,0,0,20.03729541,35.03635041,38800,0,0,0,49,UTAH
2972,490756,835,2088,2.500598802,1389.333333,175.6666666,126.5,1087.166667,1519.550665,115.3333333,60.33333333,35.16666667,91.33333333,140.8333333,184.5,46.66666667,715.1666667,0,0,79.1643635,51.05296773,41775,0,0,0,49,UTAH
2973,490757,579,1934,3.340241796,86.83333333,31,2.666666667,53.16666667,145.8181515,10.16666667,20.83333333,0.666666667,2,5,8,2.666666667,37.5,0,0,23.44798561,35.53683257,35112,0,0,0,49,UTAH
2974,490758,466,1738,3.729613734,132.8333333,20.33333334,8.5,104,183.1760838,17.16666667,3.166666667,3,5.5,11.16666667,14.66666667,3.166666667,75,0,0,21.31263158,29.03011891,60188,0,0,0,49,UTAH
2975,490759,228,457,2.004385965,805.8333334,334.3333334,19.16666667,452.3333334,856.6422594,165.6666667,168.6666667,6.166666667,13,30.33333333,13.33333333,49.5,359.1666667,0,0,36.79438584,14.01454016,45375,0,0,0,49,UTAH
2976,490760,415,1588,3.826506024,0,0,0,0,39.79590702,0,0,0,0,0,0,0,0,0,0,14.76994244,25.02596458,51975,0,0,0,49,UTAH
2977,490761,329,990,3.009118541,489.8333334,102.3333333,18.33333333,369.1666667,538.9966475,60.33333333,42,6.833333333,11.5,156,53,7,153.1666667,0,0,29.14254243,20.02077166,54198,0,0,0,49,UTAH
2978,490762,288,1161,4.03125,118,30.83333333,8.666666667,78.5,150.4683373,6.833333333,24,0,8.666666667,5.166666667,0.166666667,67.16666667,6,0,0,14.44964279,18.01869449,60972,0,0,0,49,UTAH
2979,490763,447,1161,2.597315436,16.66666667,0.5,0.833333333,15.33333333,60.19670938,0.5,0,0,0.833333333,4.5,2.333333333,0,8.5,0,0,16.50200097,27.02804174,35733,0,0,0,49,UTAH
2980,490764,433,1621,3.743648961,544.3333333,15,1.5,527.8333333,605.9602057,2.833333333,12.16666667,0.333333333,1.166666667,3.666666667,61.83333333,437.3333333,25,0,0,34.76568276,26.8611896,47617,0,0,0,49,UTAH
2981,490765,224,558,2.491071429,1612.666667,574.8333334,78.5,959.3333334,1692.04862,342.6666667,232.1666667,35.5,43,198.1666667,103.1666667,162.8333333,495.1666667,0,0,65.36741308,14.01454016,63907,0,0,0,49,UTAH
2982,490766,243,721,2.967078189,1678.833333,79.33333334,38.33333333,1561.166666,1762.247418,63.16666667,16.16666667,6,32.33333333,64.33333333,35.5,1207.833333,253.5,0,0,68.39850582,15.01557875,42241,0,0,0,49,UTAH
2983,490767,1,1,1,4786,142,54,4590,4956.370396,25,117,0,54,74,89,4374,53,0,0,170.3703963,0,36488,0,0,0,49,UTAH
2984,490768,332,693,2.087349398,318.5,7.333333333,7.166666667,304,361.672247,7,0.333333333,4.166666667,3,19,7.5,242.6666667,34.83333333,0,0,23.15147526,20.02077166,56007,0,0,0,49,UTAH
2985,490769,111,210,1.891891892,1420.333333,79,99,1242.333333,1481.840957,75.83333333,3.166666667,28.66666667,70.33333333,123.3333333,200.3333333,24.66666667,894,0,0,54.50035316,7.007270081,39479,0,0,0,49,UTAH
2986,490770,226,511,2.261061947,329.6666667,0.5,1.166666667,328,363.4575125,0.333333333,0.166666667,0,1.166666667,0,166.1666667,156,5.833333333,0,0,19.7763056,14.01454016,42308,633,0,0,49,UTAH
2987,490771,543,1217,2.241252302,271.8333333,37.66666667,11.66666667,222.5,333.8677117,18.66666667,19,3.333333333,8.333333333,43.16666667,38.83333333,65.66666667,74.83333333,0,0,29.0001051,33.03427324,39861,0,0,0,49,UTAH
2988,490772,264,597,2.261363636,383.5,155.5,13.16666667,214.8333333,422.5495436,148,7.5,5.166666667,8,28,72,25.83333333,89,0,0,23.03292631,16.01661733,42308,0,0,62,49,UTAH
2989,490773,216,436,2.018518519,2472.666667,405.8333333,194.5,1872.333334,2581.370443,327,78.83333333,62.33333333,132.1666667,250,127.1666667,83.5,1411.666667,0,0,95.69027448,13.01350158,44761,0,0,0,49,UTAH
2990,490774,0,0,0,1021.5,336,141.8333334,543.6666667,1057.855472,58.33333333,277.6666667,110.1666667,31.66666667,75.5,13.33333333,9.833333333,445,0,0,36.35547149,0,45375,0,0,0,49,UTAH
2991,490775,203,410,2.019704433,1465.833333,182.5,73.16666667,1210.166667,1564.239922,61.83333333,120.6666667,31.16666667,42,481.8333333,111,67.5,549.8333333,0,0,86.39412614,12.012463,42509,0,0,0,49,UTAH
2992,490776,188,414,2.20212766,88.33333334,15.5,4.5,68.33333334,110.1805189,15.16666667,0.333333333,1.5,3,15,12.5,8.166666667,32.66666667,0,0,9.834722584,12.012463,37169,0,0,0,49,UTAH
2993,490777,109,265,2.431192661,68,0,0,68,81.30673951,0,0,0,0,0,68,0,0,0,0,6.299469427,7.007270081,44375,520,0,0,49,UTAH
2994,490778,116,282,2.431034483,0,0,0,0,11.12980611,0,0,0,0,0,0,0,0,0,0,4.122536024,7.007270081,44375,0,0,0,49,UTAH
2995,490779,275,748,2.72,147.3333333,16.83333333,10,120.5,179.3760811,15.83333333,1,2.5,7.5,16.66666667,13.33333333,9.833333333,80.66666667,0,0,15.02509185,17.01765591,68750,0,0,0,49,UTAH
2996,490780,173,437,2.526011561,2022.5,280.5,111.8333333,1630.166667,2111.649728,167.1666667,113.3333333,27.16666667,84.66666667,312.8333333,565.5,59.16666667,692.6666667,0,0,78.13830372,11.01142441,54814,0,0,0,49,UTAH
2997,490781,106,211,1.990566038,2145.833333,117.3333333,1018.833333,1009.666667,2232.984048,87.16666667,30.16666667,38.83333333,980,241.3333333,106.5,109.6666667,552.1666667,0,0,80.14344481,7.007270081,42941,0,0,0,49,UTAH
2998,490782,229,457,1.995633188,1738.666667,88,106.6666667,1544,1822.710778,86.16666667,1.833333333,28.66666667,78,126,825.3333333,23.5,569.1666667,0,0,70.029571,14.01454016,50803,0,0,0,49,UTAH
2999,490783,247,601,2.433198381,239.1666667,13.66666667,17.5,208,271.4851411,8.833333333,4.833333333,10.83333333,6.666666667,35.5,11.33333333,90,71.16666667,0,0,17.3028957,15.01557875,80091,0,0,0,49,UTAH
3000,490784,335,786,2.346268657,373,106.6666667,20.83333333,245.5,419.2197635,96,10.66666667,7.333333333,13.5,32.66666667,27.5,24,161.3333333,0,0,25.19795329,21.02181024,51341,0,0,0,49,UTAH
3001,490785,364,1212,3.32967033,38.5,3,2.5,33,74.84197025,3,0,0.166666667,2.333333333,8.166666667,4.166666667,0,20.66666667,0,0,14.31912142,22.02284883,43039,0,0,0,49,UTAH
3002,490786,0,0,0,2301.166667,74,88.33333333,2138.833334,2383.065609,61.66666667,12.33333333,27,61.33333333,325.3333333,243.3333333,1002.166667,568,0,0,81.89894161,0,137500,0,0,0,49,UTAH
3003,490787,400,1321,3.3025,0,0,0,0,39.26205368,0,0,0,0,0,0,0,0,0,0,14.2360891,25.02596458,48833,0,0,0,49,UTAH
3004,490788,479,1411,2.945720251,155.5,12.5,6.666666667,136.3333333,207.1002562,0.333333333,12.16666667,0.5,6.166666667,1.5,43.33333333,79.16666667,12.33333333,0,0,22.57013727,29.03011891,89369,534,0,0,49,UTAH
3005,490789,216,570,2.638888889,0,0,0,0,22.7009897,0,0,0,0,0,0,0,0,0,0,9.687488115,13.01350158,95817,0,0,0,49,UTAH
3006,490790,216,590,2.731481481,275.3333333,39.16666667,19,217.1666667,305.8275705,38,1.166666667,2.833333333,16.16666667,19.83333333,112,2.833333333,82.5,0,0,17.48073556,13.01350158,68750,366,0,0,49,UTAH
3007,490791,250,633,2.532,282.3333334,22.5,36.83333333,223,316.2948023,20.5,2,18.83333333,18,37.66666667,25.66666667,5,154.6666667,0,0,18.94589022,15.01557875,55000,0,0,0,49,UTAH
3008,490792,443,885,1.997742664,688.1666667,176.1666667,76,436,787.4531141,164.5,11.66666667,54.33333333,21.66666667,129.6666667,48.5,13.33333333,244.5,0,0,72.25840569,27.02804174,42941,0,0,0,49,UTAH
3009,490793,159,317,1.993710692,266,74.16666667,21.5,170.3333333,291.1362831,47.66666667,26.5,9.833333333,11.66666667,24.66666667,15.5,4.333333333,125.8333333,0,0,15.12589733,10.01038583,44648,0,0,0,49,UTAH
3010,490794,117,291,2.487179487,110,1,84.33333333,24.66666666,125.0862434,0.833333333,0.166666667,40,44.33333333,1.333333333,20.33333333,0,3,0,0,8.078973318,7.007270081,46071,0,0,0,49,UTAH
3011,490795,303,687,2.267326733,404.6666667,104.5,24.16666667,276,450.8725329,94.5,10,5.166666667,19,49.5,32.33333333,18.66666667,175.5,0,0,27.18613312,19.01973308,54108,0,0,0,49,UTAH
3012,490796,280,630,2.25,473.8333333,29.5,2.833333333,441.5,517.680079,28,1.5,1.333333333,1.5,11,225.5,181.5,23.5,0,0,26.82908973,17.01765591,60017,0,0,0,49,UTAH
3013,490797,424,1412,3.330188679,118,16,11.16666666,90.83333333,163.3109679,15.66666667,0.333333333,0.833333333,10.33333333,6.166666667,50.66666667,9.666666667,24.33333333,0,0,19.28396469,26.02700316,73333,510,0,0,49,UTAH
3014,490798,222.0000002,595,2.680180178,0,0,0,0,21.91556963,0,0,0,0,0,0,0,0,0,0,7.901029458,14.01454017,84688,0,0,0,49,UTAH
3015,490799,134,460,3.432835821,132.6666667,1.5,10.16666667,121,150.1597219,1.333333333,0.166666667,8.333333333,1.833333333,14,5.5,60.5,41,0,0,9.484746541,8.008308664,108516,0,0,0,49,UTAH
3016,490800,756,1584,2.095238095,0,0,0,0,72.95398322,0,0,0,0,0,0,0,0,0,0,26.9062084,46.04777482,31691,0,0,0,49,UTAH
3017,490801,201,634,3.154228856,77.83333333,0.166666667,66.33333333,11.33333333,99.76953688,0.166666667,0,66,0.333333333,1,1.666666667,0,8.666666667,0,0,9.92374055,12.012463,61987,0,0,0,49,UTAH
3018,490802,23,70,3.043478261,250,29.16666667,20.5,200.3333333,260.7170979,25,4.166666667,6.166666667,14.33333333,34.83333333,20,14.16666667,131.3333333,0,0,9.71605931,1.001038583,61399,0,0,0,49,UTAH
3019,490803,0,0,0,897.8333333,79,277.3333333,541.5,929.7873324,45.66666667,33.33333333,109,168.3333333,89,70,68.83333333,313.6666667,0,0,31.95399905,0,62014,0,0,0,49,UTAH
3020,490804,419,1171,2.794749403,286.5,18,76.5,192,339.6299951,17,1,68.5,8,16.83333333,18.83333333,67.16666667,89.16666667,0,0,27.10299198,26.02700316,57831,0,0,0,49,UTAH
3021,490805,605,2081,3.439669421,100.8333333,4.5,7.166666666,89.16666667,243.4925509,3.666666667,0.833333333,3.833333333,3.333333333,24.16666667,5,16.5,43.5,0,0,105.62079,37.03842757,108516,0,0,0,49,UTAH
3022,490806,167,574,3.437125749,0,0,0,0,15.95395303,0,0,0,0,0,0,0,0,0,0,5.9435672,10.01038583,108516,0,0,0,49,UTAH
3023,490807,315,1001,3.177777778,0,0,0,0,30.22472481,0,0,0,0,0,0,0,0,0,0,11.20499173,19.01973308,61913,0,0,0,49,UTAH
3024,490808,1,4,4,3669.333333,1003.333333,286.6666667,2379.333333,3799.961174,768.5,234.8333333,131.6666667,155,425.5,303.8333333,178.1666667,1471.833333,0,0,130.6278414,0,62014,0,0,0,49,UTAH
3025,490809,0,0,0,1432.166667,741.8333334,62.66666666,627.6666666,1483.137844,366.1666667,375.6666667,26.83333333,35.83333333,100.8333333,106.8333333,43.66666667,376.3333333,0,0,50.97117766,0,62014,0,0,0,49,UTAH
3026,490810,0,0,0,2020.833333,857.8333334,107.6666667,1055.333333,2099.755089,661.1666667,196.6666667,37.16666667,70.5,189.8333333,161.5,97,607,0,0,78.92175541,0,62014,0,0,0,49,UTAH
3027,490811,0,0,0,969.9999999,78.33333333,424.8333333,466.8333333,1004.522552,77.33333333,1,188.5,236.3333333,82,100.3333333,27,257.5,0,0,34.5225522,0,62014,0,0,0,49,UTAH
3028,490812,0,0,0,2767.5,175,46.33333334,2546.166666,2865.995895,96.33333333,78.66666667,39.16666667,7.166666667,940,26.33333333,1439.833333,140,0,0,98.49589555,0,62014,0,0,0,49,UTAH
3029,490813,505,1681,3.328712871,330,40.5,16,273.5,390.7500004,38.66666667,1.833333333,5,11,184,8.5,3.666666667,77.33333333,0,0,29.71780431,31.03219607,84733,0,0,0,49,UTAH
3030,490814,534.0000032,1424,2.666666651,0,0,0,0,52.0394525,0,0,0,0,0,0,0,0,0,0,19.00517906,33.03427344,96563,0,0,0,49,UTAH
3031,490815,164,546,3.329268293,247.3333333,42,15,190.3333333,271.9831691,32.66666667,9.333333333,3,12,65,22.5,4,98.83333333,0,0,14.63944996,10.01038583,81708,0,0,0,49,UTAH
3032,490816,476.000001,1617,3.397058817,335.0000007,0,0,335.0000007,399.8937904,0,0,0,0,85.00000017,221.0000005,22.00000004,7.000000014,0,0,35.86367072,29.03011897,88102,421,9,23,49,UTAH
3033,490817,0,0,0,963.1666667,40.83333334,181.6666666,740.6666667,997.4519001,37.16666667,3.666666667,104.8333333,76.83333333,176.6666667,52.5,13.33333333,498.1666667,0,0,34.2852334,0,62014,0,0,0,49,UTAH
3034,490818,0,0,0,93,0,93,0,96.30989072,0,0,0,93,0,0,0,0,0,0,3.309890716,0,57831,0,0,0,49,UTAH
3035,490819,470,1314,2.795744681,309,25.33333333,80.83333333,202.8333333,397.088341,23,2.333333333,74,6.833333333,28.33333333,104.3333333,1.666666667,68.5,0,0,59.05822209,29.03011891,57831,437,0,0,49,UTAH
3036,490820,0,0,0,962.8333334,49.33333333,107.5,806,1075.100617,34.5,14.83333333,90.16666667,17.33333333,247.1666667,373.5,24.33333333,161,0,0,112.2672835,0,62014,0,0,0,49,UTAH
3037,490821,0,0,0,61.66666666,2.333333333,5.166666666,54.16666667,63.86141585,2,0.333333333,1.833333333,3.333333333,19.5,8.333333333,5.833333333,20.5,0,0,2.194749188,0,57831,0,0,0,49,UTAH
3038,490822,22,60,2.727272727,560.8333333,47.66666667,286.3333333,226.8333333,582.5775602,29,18.66666667,272.5,13.83333333,74.83333333,27.83333333,3.666666667,120.5,0,0,20.74318826,1.001038583,57831,0,0,0,49,UTAH
3039,490823,0,0,0,1495.333333,108.8333333,558.6666667,827.8333333,1548.552624,105.3333333,3.5,359.5,199.1666667,167.8333333,120.1666667,3.5,536.3333333,0,0,53.21929025,0,57831,0,0,0,49,UTAH
3040,490824,0,0,0,1490,0.333333333,1256.166667,233.5,1652.029432,0.333333333,0,1187,69.16666667,0.666666667,0.166666667,0,232.6666667,0,0,162.0294319,0,57831,0,0,0,49,UTAH
3041,490825,0,0,0,1495.666667,83,408,1004.666667,1622.897756,39,44,272.6666667,135.3333333,545.3333333,148.1666667,3.166666667,308,0,0,127.2310889,0,57831,0,0,0,49,UTAH
3042,490826,127,378,2.976377953,168.6666666,163.8333333,0.166666667,4.666666667,187.1978199,111.8333333,52,0,0.166666667,0,0.666666667,0.166666667,3.833333333,0,0,10.52284462,8.008308664,100069,0,0,0,49,UTAH
3043,490827,0,0,0,734.3333334,217.5,120.8333334,396,890.4685018,141,76.5,14.16666667,106.6666667,89.33333333,48.83333333,17.33333333,240.5,0,0,156.1351684,0,91472,0,0,0,49,UTAH
3044,490828,0,0,0,570.3333334,9.5,408.5,152.3333333,590.631539,9.333333333,0.166666667,320.1666667,88.33333333,55.16666667,16.66666667,0.166666667,80.33333333,0,0,20.29820559,0,96382,0,0,0,49,UTAH
3045,490829,0,0,0,1927,300,1190.833333,436.1666667,1995.582373,26.83333333,273.1666667,947.1666667,243.6666667,175.8333333,15.16666667,116.1666667,129,0,0,68.58237312,0,96382,0,0,0,49,UTAH
3046,490830,203,742,3.655172414,385.5,18.5,192.5,174.5,418.4573068,7.5,11,185.8333333,6.666666667,15,100.6666667,0,58.83333333,0,0,20.94484384,12.012463,97500,0,0,0,49,UTAH
3047,490831,134,403,3.007462687,180.3333333,51.66666667,11,117.6666667,199.5288752,6,45.66666667,2,9,22.66666667,3,43.66666667,48.33333333,0,0,11.18723316,8.008308664,100069,0,0,0,49,UTAH
3048,490832,0,0,0,318.1666667,12.66666667,20.66666667,284.8333333,329.4903396,10.16666667,2.5,8.166666667,12.5,84.5,84.33333333,24.66666667,91.33333333,0,0,11.3236729,0,96382,0,0,138,49,UTAH
3049,490833,22,93,4.227272727,0,0,0,0,1.784023484,0,0,0,0,0,0,0,0,0,0,0.782984901,1.001038583,96382,0,0,0,49,UTAH
3050,490834,0,0,0,17.5,0.666666667,7,9.833333333,18.12282813,0.666666667,0,6,1,1.833333333,1.833333333,0,6.166666667,0,0,0.622828134,0,96382,0,0,0,49,UTAH
3051,490835,336,1228,3.654761905,578.5,87.83333333,55.5,435.1666666,632.0690615,65.83333333,22,22.5,33,117.8333333,80.66666667,31.16666667,205.5,0,0,32.54725125,21.02181024,97500,0,0,0,49,UTAH
3052,490836,395,1189,3.010126582,566.1666666,102,27,437.1666666,624.39971,74.16666667,27.83333333,6,21,61.66666667,44.66666667,135,195.8333333,0,0,34.20811734,24.02492599,100069,0,0,0,49,UTAH
3053,490837,452,1647,3.64380531,0,0,0,0,47.115861,0,0,0,0,0,0,0,0,0,0,19.08678068,28.02908032,125184,0,0,0,49,UTAH
3054,490838,1,4,4,200,30.66666666,64.66666667,104.6666667,207.1536558,29.83333333,0.833333333,51.16666667,13.5,32.33333333,17.16666667,1.666666667,53.5,0,0,7.153655798,0,96382,0,0,0,49,UTAH
3055,490839,273,1175,4.304029304,68,0,0,68,110.1539219,0,0,0,0,0,68,0,0,0,0,25.13626596,17.01765591,96382,0,220,293,49,UTAH
3056,490840,399,1718,4.305764411,94.66666667,3.5,4.333333333,86.83333334,145.2612404,2.833333333,0.666666667,0,4.333333333,14,46.16666667,0,26.66666667,0,0,26.56964774,24.02492599,96382,612,0,0,49,UTAH
3057,490841,243,545,2.242798354,140.1666667,71.83333333,2.166666667,66.16666666,169.8073128,17.83333333,54,1.166666667,1,8.166666667,8.166666667,18.83333333,31,0,0,14.62506737,15.01557875,35118,0,0,0,49,UTAH
3058,490842,308,755,2.451298701,238.8333333,36,55.33333333,147.5,278.2674836,24.33333333,11.66666667,8,47.33333333,30,22,14,81.5,0,0,20.41441723,19.01973308,46622,0,0,0,49,UTAH
3059,490843,327,913,2.79204893,48,0,0,48,84.34930472,0,0,0,0,0,48,0,0,0,0,16.32853306,20.02077166,81111,415,0,0,49,UTAH
3060,490844,323.0000068,1100,3.405572684,0,0,0,0,31.51641427,0,0,0,0,0,0,0,0,0,0,11.49564219,20.02077208,95938,0,0,0,49,UTAH
3061,490845,0,0,0,89.5,40.66666667,5.666666667,43.16666666,92.68531763,14.5,26.16666667,1,4.666666667,8,9,2.333333333,23.83333333,0,0,3.185317632,0,48750,0,0,0,49,UTAH
3062,490846,130,333,2.561538462,59,0,0,59,73.73486076,0,0,0,0,0,59,0,0,0,0,6.7265521,8.008308664,81125,557,126,0,49,UTAH
3063,490847,384,987,2.5703125,409.1666667,16.33333333,20,372.8333334,461.420454,14.33333333,2,5.333333333,14.66666667,29.5,34.16666667,190,119.1666667,0,0,28.22886132,24.02492599,81125,0,0,0,49,UTAH
3064,490848,265,639,2.411320755,2132.666667,706.8333333,139.8333333,1286,2233.998732,476,230.8333333,37.83333333,102,159.8333333,249.8333333,64.16666667,812.1666667,0,0,85.31544827,16.01661733,49361,0,0,0,49,UTAH
3065,490849,265,624,2.354716981,848.8333333,135.1666666,61.66666666,652,904.4559854,118.3333333,16.83333333,22.33333333,39.33333333,145,87.16666667,133.8333333,286,0,0,39.60603483,16.01661733,41111,0,0,0,49,UTAH
3066,490850,181,425,2.348066298,505.8333333,150.6666667,8.833333333,346.3333333,541.2715178,144,6.666666667,3.333333333,5.5,9.666666667,208.3333333,40.33333333,88,0,0,24.42676014,11.01142441,52656,0,0,90,49,UTAH
3067,490851,353,1188,3.365439093,46.33333333,1.333333333,3.166666667,41.83333333,88.55074352,1.333333333,0,1,2.166666667,5,21.33333333,0,15.5,0,0,20.19456136,22.02284883,104167,0,0,0,49,UTAH
3068,490852,277.0000008,975,3.519855585,85.00000026,0,0,85.00000026,116.907256,0,0,0,0,0,85.00000026,0,0,0,0,14.88959979,17.01765596,132882,0,1086,0,49,UTAH
3069,490853,0,0,0,1801.166667,835.8333333,93.16666667,872.1666666,1865.270536,557.3333333,278.5,42,51.16666667,138.8333333,144,45.83333333,543.5,0,0,64.10386953,0,48750,0,0,0,49,UTAH
3070,490854,0,0,0,0,0,0,0,0,0,0,0,0,0,0,0,0,0,0,0,0,105395,0,0,0,49,UTAH
3071,490855,36.99999994,156,4.216216223,1026.666665,410.1666661,37.33333327,579.1666659,1069.52485,274.6666663,135.4999998,15.33333331,21.99999997,55.16666659,130.6666665,21.16666664,372.1666661,0,0,40.85610796,2.002077163,105395,656,0,0,49,UTAH
3072,490856,325,1086,3.341538462,591,50.5,68,472.5,647.6214043,29.83333333,20.66666667,51,17,89,116.8333333,110.6666667,156,0,0,36.60063267,20.02077166,120953,0,1038,0,49,UTAH
3073,490857,252,609,2.416666667,178.6666667,44.5,10.33333333,123.8333333,208.9861458,42.33333333,2.166666667,3.666666667,6.666666667,33.16666667,17.5,6.5,66.66666667,0,0,15.30390036,15.01557875,50635,0,0,3,49,UTAH
3074,490858,255,508,1.992156863,750.8333333,77.5,28.16666666,645.1666666,802.6418043,36,41.5,9.333333333,18.83333333,26.83333333,215.8333333,248.3333333,154.1666667,0,0,35.79185368,16.01661733,61378,406,0,0,49,UTAH
3075,490859,345,688,1.994202899,42,0,0,42,76.75962418,0,0,0,0,0,42,0,0,0,0,13.73781394,21.02181024,62312,360,0,0,49,UTAH
3076,490860,226,755,3.340707965,363.5,0.166666667,0,363.3333334,534.4890472,0.166666667,0,0,0,2.333333333,356.6666667,4,0.333333333,0,0,156.974507,14.01454016,157993,0,0,1664,49,UTAH
3077,490861,339,1121,3.306784661,260.8333333,57.66666667,21.83333334,181.3333333,303.191466,43.66666667,14,10.16666667,11.66666667,25.33333333,44,14.33333333,97.66666667,0,0,21.33632246,21.02181024,133893,0,0,0,49,UTAH
3078,490862,146.0000029,483,3.308219113,0,0,0,0,18.20552013,0,0,0,0,0,0,0,0,0,0,9.196172703,9.009347424,136044,0,0,0,49,UTAH
3079,490863,472,1216,2.576271186,334.8333334,28.66666666,116.1666667,190,392.5788174,27.33333333,1.333333333,97,19.16666667,100.6666667,11.5,0.333333333,77.5,0,0,28.7153651,29.03011891,48750,0,0,0,49,UTAH
3080,490864,285,1198,4.203508772,0,0,0,0,31.16086939,0,0,0,0,0,0,0,0,0,0,14.14321348,17.01765591,105395,0,0,0,49,UTAH
3081,490865,506,1696,3.351778656,0,0,0,0,49.04084878,0,0,0,0,0,0,0,0,0,0,18.00865271,31.03219607,112279,0,0,0,49,UTAH
3082,490866,16.00044856,53,3.312407137,73.64608499,6.674211136,7.72490607,59.24696779,77.83145144,5.674216545,0.999994591,0.713171818,7.011734252,11.34669402,10.68114575,0.166754948,37.05237306,0,0,3.184601101,1.000765343,120953,0,0,0,49,UTAH
3083,490867,33,110,3.333333333,87.33333333,6.5,28.66666667,52.16666666,93.61807047,6,0.5,24.5,4.166666667,15,11,1.833333333,24.33333333,0,0,4.282659969,2.002077166,103643,0,0,0,49,UTAH
3084,490868,207,767,3.70531401,14.33333333,1.5,0.5,12.33333333,37.22414755,1.166666667,0.333333333,0,0.5,2.833333333,1.333333333,0,8.166666667,0,0,9.877312639,13.01350158,77102,0,0,0,49,UTAH
3085,490869,203.0000006,653,3.216748759,43.00000013,0,0,43.00000013,63.76172955,0,0,0,0,0,43.00000013,0,0,0,0,8.749266386,12.01246304,75682,415,0,0,49,UTAH
3086,490870,339,975,2.876106195,0,0,0,0,35.07502683,0,0,0,0,0,0,0,0,0,0,14.05321659,21.02181024,66667,0,0,0,49,UTAH
3087,490871,193,640,3.316062176,0,0,0,0,21.88137599,0,0,0,0,0,0,0,0,0,0,9.868912991,12.012463,157993,0,0,0,49,UTAH
3088,490872,353,1295,3.668555241,0,0,0,0,34.58619746,0,0,0,0,0,0,0,0,0,0,12.56334863,22.02284883,108750,0,0,0,49,UTAH
3089,490873,206,664,3.223300971,0,0,0,0,21.33915765,0,0,0,0,0,0,0,0,0,0,8.325656072,13.01350158,83154,0,0,0,49,UTAH
3090,490874,175,589,3.365714286,50.5,1.5,2,47,69.53701709,1.5,0,0,2,16.5,9.666666667,0,20.83333333,0,0,8.02559268,11.01142441,122843,0,0,0,49,UTAH
3091,490875,108,364,3.37037037,0,0,0,0,10.85101414,0,0,0,0,0,0,0,0,0,0,3.843744057,7.007270081,125719,0,0,0,49,UTAH
3092,490876,102.9999996,378,3.669902928,0,0,0,0,9.600843956,0,0,0,0,0,0,0,0,0,0,3.594612483,6.006231473,142228,0,0,0,49,UTAH
3093,490877,0,0,0,2.101423156,0,2.101423156,0,2.176213274,0,0,2.101423156,0,0,0,0,0,0,0,0.074790118,0,84091,0,0,0,49,UTAH
3094,490878,0,0,0,5.898577007,0,5.898577007,0,6.108508677,0,0,5.898577007,0,0,0,0,0,0,0,0.20993167,0,84091,0,0,0,49,UTAH
3095,490879,0,0,0,0,0,0,0,0.634056991,0,0,0,0,0,0,0,0,0.634056991,0,0,0,84091,0,0,0,49,UTAH
3096,490880,5.024625486,16,3.18431693,82.592578,4.666890139,29.83889158,48.08679628,86.3456718,4.534823837,0.132066302,23.07231148,6.766580108,8.184474975,8.65116399,0.066033151,31.18512416,0.367185188,0,3.225291546,0.160617068,84091,0,0,0,49,UTAH
3097,490881,9.821305134,31,3.156403307,126.1969831,7.141136789,45.46298653,73.59285978,131.6760878,6.939865054,0.201271735,35.13708605,10.32590049,12.51062224,13.22437199,0.100544885,47.75732066,0.011350969,0,5.091395821,0.376357955,84091,0,0,0,49,UTAH
3098,490882,25.00010125,108,4.319982504,51.66708414,6.000023924,2.333479805,43.33358041,56.39779213,4.833356619,1.166667304,0.333446069,2.000033736,14.83337481,5.666710573,1.166666984,21.66682804,0,0,2.728625388,2.002082608,83269,0,0,0,49,UTAH
3099,490883,83,308,3.710843373,82.66666666,7.333333333,8.5,66.83333333,93.56800963,7.333333333,0,0.166666667,8.333333333,11.33333333,10.83333333,0.166666667,44.5,0,0,5.896150057,5.005192915,80855,0,0,0,49,UTAH
3100,490884,174,520,2.988505747,157.6666667,28.33333334,32.66666667,96.66666667,182.4822695,27.66666667,0.666666667,1.666666667,31,15.33333333,18.66666667,12.5,50.16666667,0,0,13.80417843,11.01142441,118918,0,0,0,49,UTAH
3101,490885,221,748,3.384615385,33.66666667,1,2.166666667,30.5,56.74487818,1,0,0,2.166666667,11.5,4,0,15,0,0,9.063671357,14.01454016,122123,0,0,0,49,UTAH
3102,490886,195,721,3.697435897,54,0,0,54,83.87442847,0,0,0,0,0,54,0,0,0,0,17.86196547,12.012463,144214,429,0,0,49,UTAH
3103,490887,0,0,0,1626.666667,146.8333333,235.8333333,1244,1684.559897,121.3333333,25.5,174.3333333,61.5,230.6666667,138.5,431.8333333,443,0,0,57.89323049,0,84091,0,0,0,49,UTAH
3104,490888,50.45903561,164,3.250161206,11.04322328,0.849478714,1.104322328,9.089422239,18.3321471,0.849478714,0,0.509687228,0.5946351,1.189270199,1.274218071,0,6.625933968,0,0,4.227624339,3.061299485,84091,0,0,0,49,UTAH
3105,490889,39.69447976,129,3.249822161,8.687344055,0.668257235,0.868734406,7.150352414,14.42130301,0.668257235,0,0.400954341,0.467780065,0.935560129,1.002385852,0,5.212406433,0,0,3.325734365,2.408224592,84091,0,0,0,49,UTAH
3106,490890,58,187,3.224137931,0,0,0,0,13.06838725,0,0,0,0,0,0,0,0,0,0,9.06423292,4.004154332,84091,0,0,0,49,UTAH
3107,490891,183,787,4.300546448,0,0,0,0,17.53037428,0,0,0,0,0,0,0,0,0,0,6.518949867,11.01142441,136083,0,0,0,49,UTAH
3108,490892,284.0529942,1092,3.844353069,0,0,0,0,47.47741248,0,0,0,0,0,0,0,0,0,0,29.767156,17.71025648,119135,0,0,0,49,UTAH
3109,490893,183.7307582,707,3.848022002,4.512052018,1.443856646,0.120321387,2.947873986,57.06572539,0,1.443856646,0,0.120321387,0.601606936,0,0.060160694,2.286106356,0,0,41.35216274,11.20151063,119135,0,0,0,49,UTAH
3110,490894,330.2162509,1270,3.845964566,7.987948032,2.55614337,0.213011947,5.218792714,101.8536282,0,2.55614337,0,0.213011947,1.065059738,0,0.106505974,4.047227003,0,0,73.72655654,20.13912365,119135,0,0,0,49,UTAH
3111,490895,100,299,2.99,155.1666667,26.66666667,9.666666667,118.8333333,205.2542878,9.666666667,17,5.666666667,4,37.83333333,13,34.33333333,33.66666667,0,0,44.08138961,6.006231498,107417,0,0,0,49,UTAH
3112,490896,166,495,2.981927711,226.1666667,0.5,0.333333334,225.3333333,274.1343389,0.5,0,0.166666667,0.166666667,2,154.5,7.5,61.33333333,0,0,37.95728642,10.01038583,107417,590,0,0,49,UTAH
3113,490897,304,1121,3.6875,187,0,1,186,233.5004716,0,0,1,0,7,78,1,100,0,0,27.48073848,19.01973308,136305,0,1314,0,49,UTAH
3114,490898,257,949,3.692607004,0,0,0,0,47.16330458,0,0,0,0,0,0,0,0,0,0,31.14668725,16.01661733,139293,0,0,0,49,UTAH
3115,490899,221,546,2.470588235,413.8333333,107.3333333,79.66666667,226.8333333,467.4417069,75,32.33333333,55.5,24.16666667,24.66666667,70.83333333,10,121.3333333,0,0,39.59383345,14.01454016,91393,869,0,0,49,UTAH
3116,490900,75,275,3.666666667,92,0,0,92,107.9487601,0,0,0,0,0,92,0,0,0,0,10.9435672,5.005192915,128523,0,1196,0,49,UTAH
3117,490901,124,455,3.669354839,0,0,0,0,51.42149628,0,0,0,0,0,0,0,0,0,0,43.41318762,8.008308664,128523,0,0,0,49,UTAH
3118,490902,240,789,3.2875,0,0,0,0,64.39781191,0,0,0,0,0,0,0,0,0,24.8405797,24.54165346,15.01557875,127039,0,0,0,49,UTAH
3119,490903,312,775,2.483974359,237.1666667,18.83333333,24.66666667,193.6666667,275.7314055,17.83333333,1,4.166666667,20.5,38.83333333,31.33333333,0.333333333,123.1666667,0,0,19.54500571,19.01973308,91393,0,0,46,49,UTAH
3120,490904,158,580,3.670886076,234.3333333,29.5,19,185.8333333,264.3070892,28.66666667,0.833333333,4.166666667,14.83333333,16.83333333,23.66666667,64,81.33333333,0,0,19.96337003,10.01038583,128523,0,0,0,49,UTAH
3121,490905,39,140,3.58974359,0,0,0,0,3.390095853,0,0,0,0,0,0,0,0,0,0,1.388018687,2.002077166,128523,0,0,0,49,UTAH
3122,490906,48,194,4.041666667,93.5,7.166666666,9.333333334,77,114.5391066,6.833333333,0.333333333,0.166666667,9.166666667,11.83333333,14,0,51.16666667,0,0,18.0359909,3.003115749,142636,0,0,0,49,UTAH
3123,490907,62,230,3.709677419,4,0,4,0,10.35310903,0,0,0,4,0,0,0,0,0,0,2.348954702,4.004154332,128523,0,0,0,49,UTAH
3124,490908,81,296,3.654320988,0,0,0,0,18.88800096,0,0,0,0,0,0,0,0,0,0,13.88280804,5.005192915,128523,0,0,0,49,UTAH
3125,490909,68.19388258,223,3.270088042,0,0,0,0,76.97863851,0,0,0,0,0,0,0,0,0.802937859,0,72.2068223,3.968878348,127039,0,0,0,49,UTAH
3126,490910,108,398,3.685185185,7.333333334,0,0.166666667,7.166666667,57.44533724,0,0,0,0.166666667,6.166666667,0.166666667,0,0.833333333,0,0,43.10473382,7.007270081,128523,0,0,0,49,UTAH
3127,490911,74.22476923,271,3.651072315,0,0,0,0,139.0462442,0,0,0,0,0,0,0,0,0,0,134.7039278,4.342316366,128523,0,0,0,49,UTAH
3128,490912,79.77523104,291,3.647748759,0,0,0,0,149.4439979,0,0,0,0,0,0,0,0,0,0,144.776967,4.667030897,128523,0,0,0,49,UTAH
3129,490913,44.80611752,145,3.236165239,0,0,0,0,47.06291997,0,0,0,0,0,0,0,0,0.209655255,0,43.81487298,3.038391739,127039,0,0,0,49,UTAH
3130,490914,18,47,2.611111111,0,0,0,0,6.704628156,0,0,0,0,0,0,0,0,5.062965563,0,0.64062401,1.001038583,81714,0,0,0,49,UTAH
3131,490915,8,21,2.625,0,0,0,0,2.309908007,0,0,0,0,0,0,0,0,2.025186225,0,0.284721782,0,73953,0,0,0,49,UTAH
3132,490916,0,0,0,0,0,0,0,1.096237099,0,0,0,0,0,0,0,0,1.096237099,0,0,0,73953,0,0,0,49,UTAH
3133,490917,0,0,0,0,0,0,0,1.01002448,0,0,0,0,0,0,0,0,1.01002448,0,0,0,73953,0,0,0,49,UTAH
3134,490918,0,0,0,0,0,0,0,3.037779338,0,0,0,0,0,0,0,0,3.037779338,0,0,0,73953,0,0,0,49,UTAH
3135,490919,0,0,0,0,0,0,0,1.012593113,0,0,0,0,0,0,0,0,1.012593113,0,0,0,73953,0,0,0,49,UTAH
3136,490920,0,0,0,638.8333334,106.5,73,459.3333334,661.5694917,100,6.5,16.5,56.5,77.83333333,61.83333333,18.5,301.1666667,0,0,22.73615829,0,73953,0,0,0,49,UTAH
3137,490921,0,0,0,614.3333333,187.1666666,104.5,322.6666667,679.2100252,151.3333333,35.83333333,40.5,64,66.5,44.83333333,5.833333333,205.5,1.012593113,0,63.86409876,0,96877,0,0,0,49,UTAH
3138,490922,0,0,0,0,0,0,0,0.931518156,0,0,0,0,0,0,0,0,0.931518156,0,0,0,73953,0,0,0,49,UTAH
3139,490923,0,0,0,0,0,0,0,4.050372451,0,0,0,0,0,0,0,0,4.050372451,0,0,0,73953,0,0,0,49,UTAH
3140,490924,0,0,0,0,0,0,0,1.030378427,0,0,0,0,0,0,0,0,1.012593113,0,0.017785314,0,73953,0,0,0,49,UTAH
3141,490925,0,0,0,400.8333334,136.8333333,20,244,415.0991151,90,46.83333333,8.333333333,11.66666667,45.83333333,38,7.5,152.6666667,0,0,14.26578178,0,73953,0,0,0,49,UTAH
3142,490926,4,13,3.25,0,0,0,0,1.154954004,0,0,0,0,0,0,0,0,1.012593113,0,0.142360891,0,73953,0,0,0,49,UTAH
3143,490927,12,33,2.75,0,0,0,0,2.440714369,0,0,0,0,0,0,0,0,1.012593113,0,0.427082673,1.001038583,73953,0,0,0,49,UTAH
3144,490928,12,33,2.75,0,0,0,0,1.428121256,0,0,0,0,0,0,0,0,0,0,0.427082673,1.001038583,73953,0,0,0,49,UTAH
3145,490929,0,0,0,0,0,0,0,0.872107659,0,0,0,0,0,0,0,0,0.872107659,0,0,0,73953,0,0,0,49,UTAH
3146,490930,0.57412458,1,1.741782246,33.96903764,1.81806117,1.24393659,30.90703988,35.77979263,1.81806117,0,0,1.24393659,11.00405445,2.200810889,0,17.70217454,0.581354596,0,1.229400396,0,73953,0,0,0,49,UTAH
3147,490931,258,705,2.73255814,93.50000001,1,86.83333334,5.666666667,122.0324989,0.833333333,0.166666667,49.16666667,37.66666667,0.333333333,1.166666667,0,4.166666667,0,0,12.51588158,16.01661733,73953,0,0,0,49,UTAH
3148,490932,278,758,2.726618705,1595.333333,259.5,376.5,959.3333333,1679.023441,130.6666667,128.8333333,50.33333333,326.1666667,244.3333333,126.6666667,26.5,561.8333333,0,0,66.67245143,17.01765591,73953,0,0,0,49,UTAH
3149,490933,15,40,2.666666667,0,0,0,0,2.547485037,0,0,0,0,0,0,0,0,1.012593113,0,0.533853341,1.001038583,73953,0,0,0,49,UTAH
3150,490934,12,33,2.75,69.66666667,6.666666667,4.666666666,58.33333333,73.57425211,6.166666667,0.5,0.333333333,4.333333333,9.833333333,14.33333333,0,34.16666667,0,0,2.906546856,1.001038583,73953,0,0,0,49,UTAH
3151,490935,16.76322854,44,2.624792706,0,0,0,0,4.541920224,0,0,0,0,0,0,0,0,0,0,3.554823839,0.987096385,73953,0,0,0,49,UTAH
3152,490936,3.662646885,12,3.276319115,445.4307291,27.77806076,172.1725986,245.4800698,463.0569698,26.60534107,1.172719684,83.47279484,88.69980378,56.97188807,31.44528814,2.221264878,154.8416287,1.584317025,0,16.02798138,0.013942198,73953,0,0,0,49,UTAH
3153,490937,0,0,0,2384.266872,132.2372099,343.7501274,1908.279535,2473.120328,123.9099296,8.327280218,191.8605362,151.8895912,196.1907219,888.8538905,75.11206757,748.1228548,0,0,88.85345634,0,73953,0,0,0,49,UTAH
3154,490938,0,0,0,1099.5,418.3333333,134.5,546.6666667,1138.631463,416.3333333,2,90.16666667,44.33333333,172.1666667,73.16666667,7.833333333,293.5,0,0,39.13146284,0,73953,0,0,0,49,UTAH
3155,490939,14,37,2.642857143,0,0,0,0,2.511894815,0,0,0,0,0,0,0,0,1.012593113,0,0.498263119,1.001038583,73953,0,0,0,49,UTAH
3156,490940,19,52,2.736842105,0,0,0,0,1.677252815,0,0,0,0,0,0,0,0,0,0,0.676214232,1.001038583,73953,0,0,0,49,UTAH
3157,490941,14,37,2.642857143,0,0,0,0,1.499301702,0,0,0,0,0,0,0,0,0,0,0.498263119,1.001038583,73953,0,0,0,49,UTAH
3158,490942,0,0,0,936.9999899,126.9999986,470.999995,338.9999964,970.3481811,122.833332,4.166666623,399.333329,71.66666591,75.83333252,41.99999955,3.833333292,217.333331,0,0,33.3481912,0,73953,0,0,0,49,UTAH
3159,490943,8,21,2.625,0,0,0,0,0.284721782,0,0,0,0,0,0,0,0,0,0,0.284721782,0,73953,0,0,0,49,UTAH
3160,490944,6,15,2.5,0,0,0,0,1.22613445,0,0,0,0,0,0,0,0,1.012593113,0,0.213541337,0,73953,0,0,0,49,UTAH
3161,490945,5,14,2.8,0,0,0,0,0.177951114,0,0,0,0,0,0,0,0,0,0,0.177951114,0,73953,0,0,0,49,UTAH
3162,490946,3,10,3.333333333,0,0,0,0,0.106770668,0,0,0,0,0,0,0,0,0,0,0.106770668,0,73953,0,0,0,49,UTAH
3163,490947,0,0,0,317.8333333,10.83333334,176.6666666,130.3333333,329.1450907,10.66666667,0.166666667,163.3333333,13.33333333,25,25.5,0,79.83333333,0,0,11.31175744,0,73953,0,0,0,49,UTAH
3164,490948,0,0,0,1166,148.1666666,427.6666666,590.1666667,1207.498048,145.8333333,2.333333333,326.3333333,101.3333333,75.66666667,61.5,6.333333333,446.6666667,0,0,41.4980479,0,73953,0,0,0,49,UTAH
3165,490949,0,0,0,1326.5,106.8333333,700.1666666,519.5,1373.710395,96,10.83333333,654.8333333,45.33333333,77,66.16666667,67.16666667,309.1666667,0,0,47.2103945,0,73953,0,0,0,49,UTAH
3166,490950,2,3,1.5,0,0,0,0,1.083773559,0,0,0,0,0,0,0,0,1.012593113,0,0.071180446,0,73953,0,0,0,49,UTAH
3167,490951,2,3,1.5,0,0,0,0,0.071180446,0,0,0,0,0,0,0,0,0,0,0.071180446,0,73953,0,0,0,49,UTAH
3168,490952,3,10,3.333333333,0,0,0,0,0.106770668,0,0,0,0,0,0,0,0,0,0,0.106770668,0,73953,0,0,0,49,UTAH
3169,490953,9,24,2.666666667,131.3333333,9.5,20.33333334,101.5,178.3288221,9,0.5,11.16666667,9.166666667,20.5,22,0.166666667,58.83333333,0,0,45.9944502,1.001038583,73953,0,0,0,49,UTAH
3170,490954,3,10,3.333333333,0,0,0,0,0.106770668,0,0,0,0,0,0,0,0,0,0,0.106770668,0,73953,0,0,0,49,UTAH
3171,490955,0,0,0,0,0,0,0,0,0,0,0,0,0,0,0,0,0,0,0,0,73953,0,0,0,49,UTAH
3172,490956,2,3,1.5,0,0,0,0,0.071180446,0,0,0,0,0,0,0,0,0,0,0.071180446,0,73953,0,0,0,49,UTAH
3173,490957,0,0,0,0,0,0,0,0,0,0,0,0,0,0,0,0,0,0,0,0,73953,0,0,0,49,UTAH
3174,490958,3,10,3.333333333,26,1.833333334,2,22.16666667,27.03212861,1.666666667,0.166666667,0,2,3.166666667,4.833333333,0,14.16666667,0,0,1.032128603,0,73953,0,0,0,49,UTAH
3175,490959,0,0,0,1653.833333,1026.666667,35.33333334,591.8333333,1712.693644,663.8333333,362.8333333,16.16666667,19.16666667,69.83333333,58.5,23.5,440,0,0,58.86031086,0,74732,0,0,0,49,UTAH
3176,490960,0,0,0,0,0,0,0,0,0,0,0,0,0,0,0,0,0,0,0,0,73953,0,0,0,49,UTAH
3177,490961,0,0,0,1886,705,394.6666667,786.3333333,1953.123085,406.1666667,298.8333333,346,48.66666667,156.3333333,151,89.83333333,389.1666667,0,0,67.12308519,0,84091,0,0,0,49,UTAH
3178,490962,0,0,0,2259,1309.166667,93.5,856.3333334,2340.398389,847.3333333,461.8333333,45.16666667,48.33333333,110.1666667,181.6666667,60.16666667,504.3333333,0,0,81.39838892,0,84091,0,0,0,49,UTAH
3179,490963,225,733,3.257777778,175.5,41.16666667,8.166666667,126.1666667,203.7684607,41,0.166666667,0,8.166666667,27.16666667,26,15,58,0,0,14.25392049,14.01454016,84101,0,0,0,49,UTAH
3180,490964,75,191,2.546666667,741.8333333,195.8333334,44.33333334,501.6666666,775.9098211,137.6666667,58.16666667,20.66666667,23.66666667,85.33333333,51.66666667,103.3333333,261.3333333,0,0,29.07129489,5.005192915,74732,0,0,0,49,UTAH
3181,490965,44,111,2.522727273,379,255.8333333,15.66666666,107.5,397.051836,99.33333333,156.5,5.333333333,10.33333333,21.5,19.16666667,12.5,54.33333333,0,0,15.04872027,3.003115749,74732,0,0,0,49,UTAH
3182,490966,132,404,3.060606061,87,2.333333333,1.666666667,83,102.8024511,2,0.333333333,0.166666667,1.5,8.5,65.66666667,0,8.833333333,0,0,7.794142431,8.008308664,89576,454,0,0,49,UTAH
3183,490967,230,702,3.052173913,748.5,175.6666667,25.16666667,547.6666667,801.4676981,63.66666667,112,9.5,15.66666667,81.33333333,44.16666667,167.6666667,254.5,0,4.140096618,34.81306132,14.01454016,89576,0,0,0,49,UTAH
3184,490968,295,754,2.555932203,272.6666667,61.83333333,29.16666667,181.6666667,310.8768949,31.83333333,30,24.5,4.666666667,11.16666667,11.16666667,91.16666667,68.16666667,0,0,20.1915337,18.01869449,74732,0,0,0,49,UTAH
3185,490969,322,707,2.195652174,157.1666667,34.83333333,7.166666667,115.1666667,194.2233113,31.33333333,3.5,2.5,4.666666667,21.33333333,16,23.66666667,54.16666667,0,0,17.03587299,20.02077166,72857,0,0,0,49,UTAH
3186,490970,173,379,2.190751445,383.6666667,156.3333333,74.66666667,152.6666667,414.4899613,56.83333333,99.5,71.5,3.166666667,7.166666667,9.5,4.5,131.5,0,0,19.81187021,11.01142441,72857,0,0,0,49,UTAH
3187,490971,528,1520,2.878787879,329.3333334,81.66666666,13.83333333,233.8333334,446.8793007,10.33333333,71.33333333,2.333333333,11.5,33.83333333,42.33333333,28,129.6666667,0,0,85.51273264,32.03323466,86412,0,0,0,49,UTAH
3188,490972,253,1088,4.300395257,59,0,0,59,123.1207668,0,0,0,0,0,59,0,0,0,0,48.1041495,16.01661733,136083,723,0,0,49,UTAH
3189,490973,223,960,4.304932735,0,0,0,0,22.95709138,0,0,0,0,0,0,0,0,0,0,8.942551224,14.01454016,136083,0,0,0,49,UTAH
3190,490974,176,756,4.295454545,0,0,0,0,52.27530361,0,0,0,0,0,0,0,0,0,0,41.2638792,11.01142441,136083,0,0,0,49,UTAH
3191,490975,279,797,2.856630824,8,0,0,8,35.23204984,0,0,0,0,8,0,0,0,0,0,10.21439393,17.01765591,72105,0,0,0,49,UTAH
3192,490976,56,159,2.839285714,110,0,0,110,118.9110927,0,0,0,0,0,110,0,0,0,0,5.907976977,3.003115749,71900,0,7,1634,49,UTAH
3193,490977,197,565,2.868020305,694.6666666,149.8333333,90.66666667,454.1666666,738.3957896,135.5,14.33333333,7.666666667,83,79.83333333,40.66666667,41.83333333,291.8333333,0,0,31.71665996,12.012463,71900,0,0,0,49,UTAH
3194,490978,247,747,3.024291498,967.6666666,234.1666667,63.33333333,670.1666666,1025.894954,132,102.1666667,28.33333333,35,128,75.5,124.8333333,341.8333333,0,0,43.21270866,15.01557875,76518,0,0,0,49,UTAH
3195,490979,265,803,3.030188679,40,0,0,40,66.84196553,0,0,0,0,0,40,0,0,0,0,10.8253482,16.01661733,76518,436,0,0,49,UTAH
3196,490980,224,645,2.879464286,115,28,0,87,141.0796257,28,0,0,0,0,84,0,3,0,0,12.06508551,14.01454016,86477,0,1074,0,49,UTAH
3197,490981,403,1466,3.637717122,48,0,0,48,93.21725166,0,0,0,0,0,48,0,0,0,4.140096618,16.05119046,25.02596458,108910,568,0,0,49,UTAH
3198,490982,142,574,4.042253521,122,0,0,122,140.4051661,0,0,0,0,0,122,0,0,0,0,9.395818807,9.009347247,142636,0,0,1898,49,UTAH
3199,490983,271,1102,4.066420664,0,0,0,0,26.66260628,0,0,0,0,0,0,0,0,0,0,9.644950366,17.01765591,142636,0,0,0,49,UTAH
3200,490984,4,18,4.5,159.5,14.16666666,11.66666667,133.6666667,165.3190713,12.83333333,1.333333333,0,11.66666667,24.5,28.83333333,0,80.33333333,0,0,5.819071296,0,142636,0,0,37,49,UTAH
3201,490985,323,1273,3.941176471,98,0,98,0,133.0042554,0,0,90,8,0,0,0,0,0,0,14.98348378,20.02077166,122222,0,0,0,49,UTAH
3202,490986,332,1220,3.674698795,47.83333334,4.5,3.5,39.83333334,477.2057473,4.5,0,0.166666667,3.333333333,6,6.666666667,0,27.16666667,0,0,409.3516423,20.02077166,128523,0,0,0,49,UTAH
3203,490987,300,1184,3.946666667,49,0,0,49,79.43968223,0,0,0,0,0,49,0,0,0,0,12.42098774,18.01869449,122222,663,0,0,49,UTAH
3204,490988,320,749,2.340625,288,13,9.166666667,265.8333333,329.6596391,12,1,3,6.166666667,29,17.16666667,177.5,42.16666667,0,0,21.63886743,20.02077166,61516,0,0,0,49,UTAH
3205,490989,145,338,2.331034483,783.1666666,65.33333333,41.83333333,675.9999999,825.1978478,19.5,45.83333333,10.83333333,31,161,213.8333333,77.83333333,223.3333333,0,0,33.02183396,9.009347247,60944,0,0,0,49,UTAH
3206,490990,177,501,2.830508475,197,40,0,157,221.3102971,14,26,0,0,0,19,0,138,0,0,13.29887266,11.01142441,65875,0,0,0,49,UTAH
3207,490991,213,624,2.929577465,299.1666667,51.83333333,142.6666667,104.6666667,374.9082294,25.33333333,26.5,3.5,139.1666667,13.66666667,18.5,5.5,67,0,0,62.72806114,13.01350158,77904,0,0,0,49,UTAH
3208,490992,206,583,2.830097087,42,15.33333334,1.666666666,25,63.82800045,1.166666667,14.16666667,0.333333333,1.333333333,0.833333333,2.666666667,10.16666667,11.33333333,0,0,8.814498867,13.01350158,65875,0,0,0,49,UTAH
3209,490993,184,540,2.934782609,31.83333333,1.666666667,5.5,24.66666667,152.5203964,1.666666667,0,0.166666667,5.333333333,6.666666667,4.5,0,13.5,0,0,109.6756387,11.01142441,88287,0,0,0,49,UTAH
3210,490994,277,796,2.873646209,22.33333333,1,0.5,20.83333333,49.99841383,0.833333333,0.166666667,0,0.5,1.666666667,1.666666667,0,17.5,0,0,10.64742459,17.01765591,86477,0,0,0,49,UTAH
3211,490995,610,2287,3.749180328,428.6666666,90.16666667,33,305.4999999,502.6717495,43.16666667,47,9.5,23.5,25.33333333,105.3333333,13.5,161.3333333,0,0,36.96665529,37.03842757,124163,384,0,0,49,UTAH
3212,490996,342,1387,4.055555556,33,1.166666667,1.666666667,30.16666667,71.36813857,1.166666667,0,0.166666667,1.5,9,7.666666667,0,13.5,0,0,17.34632833,21.02181024,124914,0,0,0,49,UTAH
3213,490997,4,16,4,0,0,0,0,0.142360891,0,0,0,0,0,0,0,0,0,0,0.142360891,0,142636,0,0,0,49,UTAH
3214,490998,134,310,2.313432836,557.6666666,99.5,51.33333333,406.8333333,590.2500786,56.5,43,34.5,16.83333333,76.5,98.66666667,31.33333333,200.3333333,0,0,24.57510326,8.008308664,59544,0,0,309,49,UTAH
3215,490999,82,227,2.768292683,1030.666667,132.8333334,126,771.8333334,1077.265834,117.1666667,15.66666667,62,64,103.1666667,150.6666667,52.83333333,465.1666667,0,0,41.59397425,5.005192915,87500,0,0,0,49,UTAH
3216,491000,254,690,2.716535433,94,0,0,94,122.3901504,0,0,0,0,0,94,0,0,0,0,12.37353309,16.01661733,87500,0,1073,0,49,UTAH
3217,491001,187,648,3.465240642,0,0,0,0,19.66679607,0,0,0,0,0,0,0,0,0,0,8.655371655,11.01142441,128611,0,0,0,49,UTAH
3218,491002,439,1641,3.738041002,0,0,0,0,54.64621043,0,0,0,0,0,0,0,0,0,0,27.61816869,27.02804174,138553,0,0,0,49,UTAH
3219,491003,380,1448,3.810526316,103,2.5,1.666666667,98.83333333,143.2199117,2.5,0,0,1.666666667,8.5,74,0,16.33333333,0,0,17.19602425,23.02388741,111351,471,0,0,49,UTAH
3220,491004,340,1385,4.073529412,0,0,0,0,33.12248598,0,0,0,0,0,0,0,0,0,0,12.10067574,21.02181024,90319,0,0,0,49,UTAH
3221,491005,533,2098,3.936210131,0,0,0,0,57.00386197,0,0,0,0,0,0,0,0,0,0,23.96958873,33.03427324,85925,0,0,0,49,UTAH
3222,491006,103,278,2.699029126,79,0,11,68,113.4717738,0,0,11,0,0,0,0,68,0,0,28.46554233,6.006231498,93284,0,0,0,49,UTAH
3223,491007,236,822,3.483050847,0,0,0,0,22.41383273,0,0,0,0,0,0,0,0,0,0,8.39929257,14.01454016,135919,0,0,0,49,UTAH
3224,491008,388,1539,3.966494845,214.5,10.66666667,13.5,190.3333333,259.9680519,10,0.666666667,0.166666667,13.33333333,19.33333333,70.33333333,0.333333333,100.3333333,0,0,21.44312595,24.02492599,143308,425,0,0,49,UTAH
3225,491009,434,1613,3.716589862,0,0,0,0,46.47419842,0,0,0,0,0,0,0,0,0,0,19.44615668,27.02804174,143862,0,0,0,49,UTAH
3226,491010,233,844,3.622317597,68,0,0,68,95.72719721,0,0,0,0,0,68,0,0,0,0,13.71265705,14.01454016,102911,411,0,0,49,UTAH
3227,491011,7.999999999,27,3.375,0,0,0,0,2.297314895,0,0,0,0,0,0,0,0,1.012593113,0,1.284721782,0,124383,0,0,0,49,UTAH
3228,491012,1,2,2,0,0,0,0,2.060776448,0,0,0,0,0,0,0,0,2.025186225,0,0.035590223,0,124390,0,0,0,49,UTAH
3229,491013,0,0,0,0,0,0,0,1.012593113,0,0,0,0,0,0,0,0,1.012593113,0,0,0,113529,0,0,0,49,UTAH
3230,491014,136,472,3.470588235,45.50000001,11.5,9.666666666,24.33333334,59.9679439,0.333333333,11.16666667,0.333333333,9.333333333,1.833333333,1,2.833333333,18.66666667,0,0,6.459635228,8.008308664,87208,0,0,0,49,UTAH
3231,491015,131.9999991,506,3.83333336,2.499999982,0.333333331,1.333333324,0.833333327,15.29519883,0.333333331,0,0,1.333333324,0,0.333333331,0,0.499999997,0,0,4.786890236,8.008308609,144428,0,0,0,49,UTAH
3232,491016,0,0,0,568.8333333,43,124.3333333,401.5,589.0783869,41.5,1.5,1,123.3333333,65.33333333,64.66666667,0.333333333,271.1666667,0,0,20.24505355,0,113529,0,0,0,49,UTAH
3233,491017,94,317,3.372340426,0,0,0,0,20.35171244,0,0,0,0,0,0,0,0,0,0,14.34548094,6.006231498,112500,0,0,0,49,UTAH
3234,491018,10,33,3.3,0,0,0,0,1.362861338,0,0,0,0,0,0,0,0,0,0,0.361822755,1.001038583,112500,0,0,0,49,UTAH
3235,491019,13,44,3.384615385,0,0,0,0,1.469641294,0,0,0,0,0,0,0,0,0,0,0.468602711,1.001038583,112500,0,0,0,49,UTAH
3236,491020,285,963,3.378947368,239,0,56,183,384.3335993,0,0,49,7,1,182,0,0,0,0,128.3159434,17.01765591,112500,844,397,351,49,UTAH
3237,491021,221,748,3.384615385,190,43.33333333,6.833333333,139.8333334,227.6407278,40.33333333,3,2.333333333,4.5,13.66666667,13.5,2,110.6666667,0,0,23.62618765,14.01454016,112500,0,0,0,49,UTAH
3238,491022,0,0,0,0,0,0,0,0,0,0,0,0,0,0,0,0,0,0,0,0,112500,0,0,0,49,UTAH
3239,491023,2,7,3.5,0,0,0,0,0.071180446,0,0,0,0,0,0,0,0,0,0,0.071180446,0,112500,0,0,0,49,UTAH
3240,491024,5,16,3.2,0,0,0,0,1.190544227,0,0,0,0,0,0,0,0,1.012593113,0,0.177951114,0,112500,0,0,0,49,UTAH
3241,491025,42,142,3.380952381,99.16666666,7.666666667,23.33333333,68.16666666,125.1878512,7,0.666666667,18.83333333,4.5,9.333333333,17,0,41.83333333,0,0,23.01806877,3.003115749,112500,0,0,0,49,UTAH
3242,491026,6,19,3.166666667,9.333333334,1,0,8.333333334,9.879048352,0.833333333,0.166666667,0,0,4.166666667,1.166666667,0,3,0,0,0.545715018,0,113529,0,0,0,49,UTAH
3243,491027,2.389071169,9,3.767154414,28.96748793,2.389071169,2.189981905,24.38843485,30.08350082,1.990892641,0.398178528,0,2.189981905,3.882240649,6.669490348,0,13.83670386,0,0,1.116012889,0,112500,0,0,0,49,UTAH
3244,491028,1.610929002,6,3.724558931,19.53251415,1.610929002,1.476684918,16.44490023,20.28503151,1.342440834,0.268488167,0,1.476684918,2.617759628,4.497176797,0,9.329963802,0,0,0.75251736,0,112500,0,0,0,49,UTAH
3245,491029,49,165,3.367346939,344.5,16.5,19.66666666,308.3333334,382.5078502,11.83333333,4.666666667,6.833333333,12.83333333,94.83333333,53,52.83333333,107.6666667,0,0,35.00473439,3.003115749,112500,0,0,0,49,UTAH
3246,491030,0,0,0,411,25.66666667,159.3333333,226,425.627532,24.66666667,1,0.333333333,159,39.66666667,24,0.333333333,162,0,0,14.62753195,0,112500,0,0,0,49,UTAH
3247,491031,114.0000005,384,3.368421037,0,0,0,0,44.0830879,0,0,0,0,0,0,0,0,1.012593118,0,36.06322467,7.007270113,112500,0,0,0,49,UTAH
3248,491032,143,481,3.363636364,26,0,25,1,45.0240949,0,0,25,0,1,0,0,0,0,0,10.01474765,9.009347247,112500,0,0,0,49,UTAH
3249,491033,16.00000002,51,3.187499997,7.333333341,0.333333333,0.833333334,6.166666673,10.17739122,0.333333333,0,0,0.833333334,0.500000001,1.666666669,0,4.000000004,1.012593114,0,0.83042618,1.001038584,112500,0,0,0,49,UTAH
3250,491034,18,62,3.444444444,0,0,0,0,1.570482147,0,0,0,0,0,0,0,0,0,0,0.569443564,1.001038583,113529,0,0,0,49,UTAH
3251,491035,18,62,3.444444444,0,0,0,0,1.641662593,0,0,0,0,0,0,0,0,0,0,0.64062401,1.001038583,113529,0,0,0,49,UTAH
3252,491036,13,45,3.461538462,0,0,0,0,2.476304592,0,0,0,0,0,0,0,0,1.012593113,0,0.462672896,1.001038583,113529,0,0,0,49,UTAH
3253,491037,13,47,3.615384615,0,0,0,0,1.463711479,0,0,0,0,0,0,0,0,0,0,0.462672896,1.001038583,113529,0,0,0,49,UTAH
3254,491038,20,67,3.35,0,0,0,0,1.712843038,0,0,0,0,0,0,0,0,0,0,0.711804455,1.001038583,113529,0,0,0,49,UTAH
3255,491039,367,1238,3.373297003,0,0,0,0,110.091432,0,0,0,0,0,0,0,0,0,0,87.06754463,23.02388741,112500,0,0,0,49,UTAH
3256,491040,1.000000003,2,1.999999995,4.000000011,0.666666669,0,3.333333342,5.027681649,0.666666669,0,0,0,0.333333334,1.16666667,0,1.833333338,0.843804743,0,0.183876894,0,112500,0,0,0,49,UTAH
3257,491041,0,0,0,0,0,0,0,0,0,0,0,0,0,0,0,0,0,0,0,0,112500,0,0,0,49,UTAH
3258,491042,0,0,0,0,0,0,0,1.03038465,0,0,0,0,0,0,0,0,1.012593113,0,0.017791537,0,112500,0,0,0,49,UTAH
3259,491043,0,0,0,0,0,0,0,0,0,0,0,0,0,0,0,0,0,0,0,0,112500,0,0,0,49,UTAH
3260,491044,15,49,3.266666667,0,0,0,0,2.547485037,0,0,0,0,0,0,0,0,1.012593113,0,0.533853341,1.001038583,112500,0,0,0,49,UTAH
3261,491045,180.9999997,611,3.375690614,1007.499998,293.8333328,49.49999991,664.1666654,1072.810098,184.833333,108.9999998,17.99999997,31.49999994,66.49999988,216.4999996,72.8333332,308.3333327,0,0,54.29867584,11.01142439,112500,0,957,0,49,UTAH
3262,491046,40.09439844,139,3.466818444,90.92113586,29.76705339,7.492387587,53.66169488,113.0012746,14.91727619,14.8497772,1.214981771,6.277405816,6.344904805,9.719854167,6.007409866,31.58952604,0,0,19.64765144,2.432487261,113529,0,0,0,49,UTAH
3263,491047,58.90560201,205,3.480144383,133.5788652,43.73294695,11.0076125,78.83830572,166.0184057,21.91605731,21.81688964,1.785018243,9.222594255,9.321761937,14.28014594,8.825923532,46.41047431,0,0,28.86579625,3.573744265,113529,0,0,0,49,UTAH
3264,491048,5.975304385,22,3.681820805,0,0,0,0,0.640061291,0,0,0,0,0,0,0,0,0,0,0.179945119,0.460116172,113529,0,0,0,49,UTAH
3265,491049,7.024695822,25,3.558872958,0,0,0,0,0.752469764,0,0,0,0,0,0,0,0,0,0,0.211547337,0.540922427,109485,0,0,0,49,UTAH
3266,491050,1.399764168,4,2.857624228,0,0,0,0,0.522281771,0,0,0,0,0,0,0,0,0.472463852,0,0.049817918,0,113529,0,0,0,49,UTAH
3267,491051,1.600235863,5,3.124539399,0,0,0,0,0.597082022,0,0,0,0,0,0,0,0,0.540129271,0,0.056952751,0,113529,0,0,0,49,UTAH
3268,491052,0.481443552,2,4.154173403,0,0,0,0,0.992147534,0,0,0,0,0,0,0,0,0.97501285,0,0.017134683,0,113529,0,0,0,49,UTAH
3269,491053,1.518556453,5,3.292600674,0,0,0,0,3.129405373,0,0,0,0,0,0,0,0,3.075359611,0,0.054045763,0,113529,0,0,0,49,UTAH
3270,491054,0,0,0,479,166.1666667,69.83333333,243,496.0478281,103.1666667,63,20.83333333,49,39,63.5,11.66666667,128.8333333,0,0,17.04782809,0,105218,0,0,0,49,UTAH
3271,491055,104,353,3.394230769,64.66666667,5.333333333,4.666666667,54.66666667,76.67581216,4.833333333,0.5,0.166666667,4.5,7.5,16.5,0.166666667,30.5,0,0,6.002913996,6.006231498,105218,0,0,0,49,UTAH
3272,491056,100.9999999,341,3.376237626,0,0,0,0,40.60084397,0,0,0,0,0,0,0,0,0,0,34.59461248,6.006231494,105218,0,0,0,49,UTAH
3273,491057,0,0,0,0,0,0,0,1.012593113,0,0,0,0,0,0,0,0,1.012593113,0,0,0,105218,0,0,0,49,UTAH
3274,491058,0,0,0,0,0,0,0,1.036338862,0,0,0,0,0,0,0,0,1.012593113,0,0.023745749,0,112500,0,0,0,49,UTAH
3275,491059,0,0,0,0,0,0,0,0,0,0,0,0,0,0,0,0,0,0,0,0,112500,0,0,0,49,UTAH
3276,491060,9,30,3.333333333,41.5,3.333333334,3,35.16666667,44.2983063,3.166666667,0.166666667,0,3,8.5,5.5,0.166666667,21,0,0,1.797267716,1.001038583,106674,0,0,0,49,UTAH
3277,491061,87,319,3.666666667,298.6666666,24.66666666,27.66666667,246.3333333,317.3978323,21.33333333,3.333333333,15.5,12.16666667,19.83333333,142.3333333,26.83333333,57.33333333,0,0,13.72597279,5.005192915,97386,0,0,1600,49,UTAH
3278,491062,140,453,3.235714286,239,60.66666666,16,162.3333333,273.498023,29.33333333,31.33333333,1.666666667,14.33333333,80,17.33333333,13.16666667,51.83333333,0,0,25.48867574,9.009347247,114936,0,0,0,49,UTAH
3279,491063,341,1106,3.24340176,0,0,0,0,33.1580762,0,0,0,0,0,0,0,0,0,0,12.13626596,21.02181024,114936,0,0,0,49,UTAH
3280,491064,15,56,3.733333333,17.5,2,1.333333333,14.16666667,19.65179626,1.5,0.5,0,1.333333333,1.333333333,4.166666667,0,8.666666667,0,0,1.150757681,1.001038583,106250,0,0,0,49,UTAH
3281,491065,28,97,3.464285714,0,0,0,0,4.023062273,0,0,0,0,0,0,0,0,1.012593113,0,1.008391994,2.002077166,113529,0,0,0,49,UTAH
3282,491066,426,1560,3.661971831,182.5,112.3333333,23.5,46.66666667,232.1362569,25.83333333,86.5,19.66666667,3.833333333,7,12.16666667,3.166666667,24.33333333,0,0,23.60925377,26.02700316,77353,0,0,0,49,UTAH
3283,491067,128,429,3.3515625,272.8333333,137.6666667,7.333333333,127.8333333,295.095481,133.5,4.166666667,2,5.333333333,12,68.5,4.833333333,42.5,0,0,14.25383905,8.008308664,105218,478,0,0,49,UTAH
3284,491068,93,313,3.365591398,0,0,0,0,10.35836374,0,0,0,0,0,0,0,0,1.012593113,0,3.339539129,6.006231498,105218,0,0,0,49,UTAH
3285,491069,0,0,0,0,0,0,0,2.048902751,0,0,0,0,0,0,0,0,2.025186244,0,0.023716507,0,105218,0,0,0,49,UTAH
3286,491070,193,468,2.424870466,201.5,75.83333333,8.166666667,117.5,227.5349897,48,27.83333333,1.166666667,7,17.66666667,15.66666667,21.83333333,62.33333333,0,0,14.02252674,12.012463,67593,0,0,0,49,UTAH
3287,491071,230,561,2.439130435,310.5,97,40.66666666,172.8333333,343.7509645,49.83333333,47.16666667,6.833333333,33.83333333,21.16666667,35.33333333,14.33333333,102,0,0,19.23642437,14.01454016,67957,0,0,0,49,UTAH
3288,491072,59,197,3.338983051,155,7.166666667,10.33333333,137.5,166.6204397,6.166666667,1,4.166666667,6.166666667,22.83333333,24.16666667,55.66666667,34.83333333,0,0,7.616285412,4.004154332,105218,0,0,0,49,UTAH
3289,491073,1.999999999,4,2.000000001,44.33333331,3.499999998,3.166666665,37.66666665,45.98233686,2.499999999,0.999999999,0,3.166666665,4.666666665,14.49999999,0,18.49999999,0,0,1.649003552,0,105218,0,0,0,49,UTAH
3290,491074,43.00000003,145,3.372093021,125.5000001,11.33333334,8.33333334,105.8333334,134.5000503,9.666666675,1.666666668,1.500000001,6.833333338,12.33333334,14.00000001,15.33333334,64.16666672,0,0,5.996934412,3.003115751,102395,0,0,0,49,UTAH
3291,491075,118,435,3.686440678,477.5,112.6666667,9.166666666,355.6666667,505.7012471,78.66666667,34,2.833333333,6.333333333,28.33333333,230.5,37,59.83333333,0,0,21.19397704,7.007270081,97386,507,0,0,49,UTAH
3292,491076,183,427,2.333333333,317.3333333,27.83333333,16.83333333,272.6666667,346.1399947,23.5,4.333333333,3.5,13.33333333,90.66666667,33.66666667,27.83333333,120.5,0,0,17.79523698,11.01142441,76723,0,0,0,49,UTAH
3293,491077,312,888,2.846153846,1576.166667,68,61.33333333,1446.833333,1669.386611,58.33333333,9.666666667,16.33333333,45,163.3333333,102.6666667,851.8333333,329,0,0,74.20021107,19.01973308,101971,0,0,0,49,UTAH
3294,491078,13.00000001,37,2.846153845,0,0,0,0,1.46371148,0,0,0,0,0,0,0,0,0,0,0.462672896,1.001038584,101971,0,0,0,49,UTAH
3295,491079,199,562,2.824120603,57.16666668,5.333333334,4.833333334,47.00000001,135.3020637,4.833333334,0.5,0.5,4.333333334,14,6.833333334,3.500000001,22.66666667,0,0,66.12293407,12.012463,101971,0,0,0,49,UTAH
3296,491080,215,790,3.674418605,35.66666667,0,5.166666667,30.5,57.60145417,0,0,5,0.166666667,24,0,3,3.5,0,0,8.921285924,13.01350158,97386,0,0,0,49,UTAH
3297,491081,193,626,3.243523316,0,0,0,0,18.88137599,0,0,0,0,0,0,0,0,0,0,6.868912991,12.012463,114936,0,0,0,49,UTAH
3298,491082,230,826,3.591304348,54,0,0,54,78.12216342,0,0,0,0,0,50,0,4,0,0,10.10762326,14.01454016,106250,603,0,0,49,UTAH
3299,491083,23,81,3.52173913,64,0,0,64,68.10331778,0,0,0,0,0,64,0,0,0,0,3.102279195,1.001038583,106250,0,964,0,49,UTAH
3300,491084,22.00000002,83,3.772727269,0,0,0,0,1.784023486,0,0,0,0,0,0,0,0,0,0,0.782984902,1.001038584,170000,0,0,0,49,UTAH
3301,491085,323,1097,3.39628483,0,0,0,0,51.49860696,0,0,0,0,0,0,0,0,0,0,31.4778353,20.02077166,107027,0,0,0,49,UTAH
3302,491086,22,63,2.863636364,0,0,0,0,1.784023484,0,0,0,0,0,0,0,0,0,0,0.782984901,1.001038583,101971,0,0,0,49,UTAH
3303,491087,165,387,2.345454545,22.5,2,1.5,19,51.58605867,2,0,0,1.5,3.333333334,2.666666668,0,13,0,12.42028985,6.655382985,10.01038583,56439,0,0,0,49,UTAH
3304,491088,38,89,2.342105263,60.66666666,4.333333334,4.333333334,51.99999999,67.19291696,4.166666667,0.166666667,0.166666667,4.166666667,9.333333333,14.33333333,0,28.33333333,1.012593113,0,3.511580022,2.002077166,68628,0,0,0,49,UTAH
3305,491089,9,25,2.777777778,0,0,0,0,2.333943701,0,0,0,0,0,0,0,0,1.012593113,0,0.320312005,1.001038583,101971,0,0,0,49,UTAH
3306,491090,137,387,2.824817518,83.16666667,0.833333334,1,81.33333334,102.0174171,0.666666667,0.166666667,0,1,3.166666667,68.16666667,0.166666667,9.833333333,1.012593113,0,9.82984865,8.008308664,101971,441,129,0,49,UTAH
3307,491091,152,477,3.138157895,48,0,0,48,64.1273918,0,0,0,0,0,48,0,0,0,0,7.118044551,9.009347247,114375,591,0,0,49,UTAH
3308,491092,302,960,3.178807947,8.166666667,0,2.166666667,6,38.2253052,0,0,0,2.166666667,3.666666667,0.833333333,0,1.5,0,0,11.03890545,19.01973308,114375,0,0,0,49,UTAH
3309,491093,5,13,2.6,0,0,0,0,0.177951114,0,0,0,0,0,0,0,0,0,0,0.177951114,0,114917,0,0,0,49,UTAH
3310,491094,99,296,2.98989899,0,0,0,0,17.52966355,0,0,0,0,0,0,0,0,0,0,11.52343205,6.006231498,125233,0,0,0,49,UTAH
3311,491095,219,787,3.593607306,0,0,0,0,27.80776036,0,0,0,0,0,0,0,0,0,0,14.79425878,13.01350158,126932,0,0,0,49,UTAH
3312,491096,162,583,3.598765432,0,0,0,0,46.77600192,0,0,0,0,0,0,0,0,0,0,36.76561609,10.01038583,126071,0,0,0,49,UTAH
3313,491097,57,220,3.859649123,62.16666667,5.5,3.833333334,52.83333333,78.41093287,4.833333333,0.666666667,0.166666667,3.666666667,8.166666667,13.5,0.166666667,31,0,0,13.24115045,3.003115749,170000,0,0,0,49,UTAH
3314,491098,254,971,3.822834646,0,0,0,0,49.06247301,0,0,0,0,0,0,0,0,0,0,33.04585568,16.01661733,165854,0,0,0,49,UTAH
3315,491099,23,89,3.869565217,0,0,0,0,9.429793551,0,0,0,0,0,0,0,0,4.050372451,0,3.877887977,1.501533123,170000,0,0,0,49,UTAH
3316,491100,73,217,2.97260274,139,11.16666666,12.5,115.3333333,150.5492698,10.33333333,0.833333333,0,12.5,18.66666667,6.833333333,9.5,80.33333333,0,0,7.545115474,4.004154332,114917,0,0,0,49,UTAH
3317,491101,231.0510468,833,3.605263908,44.03048251,4.359453714,3.923508343,35.74752045,67.78545813,3.342247847,1.017205867,0.145315124,3.778193218,10.31737379,2.325041981,0,23.10510468,0,0,9.790235244,13.96474038,126932,0,0,0,49,UTAH
3318,491102,224,857,3.825892857,0,0,0,0,83.98675006,0,0,0,0,0,0,0,0,0,0,69.9722099,14.01454016,157518,0,0,0,49,UTAH
3319,491103,316,1214,3.841772152,0,0,0,0,41.26624347,0,0,0,0,0,0,0,0,0,0,22.24651039,19.01973308,170000,0,0,0,49,UTAH
3320,491104,406,1209,2.977832512,0,0,0,0,46.52304916,0,0,0,0,0,0,0,0,0,0,21.49708458,25.02596458,114917,0,0,0,49,UTAH
3321,491105,5,20,4,0,0,0,0,3.177951114,0,0,0,0,0,0,0,0,0,0,3.177951114,0,95943,0,0,0,49,UTAH
3322,491106,4,11,2.75,0,0,0,0,0.142360891,0,0,0,0,0,0,0,0,0,0,0.142360891,0,73953,0,0,0,49,UTAH
3323,491107,0,0,0,0,0,0,0,1.012593107,0,0,0,0,0,0,0,0,1.012593107,0,0,0,95943,0,0,0,49,UTAH
3324,491108,8,30,3.75,0,0,0,0,1.297314895,0,0,0,0,0,0,0,0,1.012593113,0,0.284721782,0,95943,0,0,0,49,UTAH
3325,491109,7,17,2.428571429,0,0,0,0,1.261724672,0,0,0,0,0,0,0,0,1.012593113,0,0.249131559,0,73953,0,0,0,49,UTAH
3326,491110,9,24,2.666666667,0,0,0,0,1.321350588,0,0,0,0,0,0,0,0,0,0,0.320312005,1.001038583,73953,0,0,0,49,UTAH
3327,491111,10,39,3.9,0,0,0,0,4.394720149,0,0,0,0,0,0,0,0,3.037779338,0,0.355902228,1.001038583,95943,0,0,0,49,UTAH
3328,491112,6,21,3.5,0,0,0,0,2.238727562,0,0,0,0,0,0,0,0,2.025186225,0,0.213541337,0,95943,0,0,0,49,UTAH
3329,491113,14,55,3.928571429,0,0,0,0,1.499301702,0,0,0,0,0,0,0,0,0,0,0.498263119,1.001038583,95943,0,0,0,49,UTAH
3330,491114,5,18,3.6,0,0,0,0,1.190544227,0,0,0,0,0,0,0,0,1.012593113,0,0.177951114,0,95943,0,0,0,49,UTAH
3331,491115,11,31,2.818181818,0,0,0,0,1.392531033,0,0,0,0,0,0,0,0,0,0,0.39149245,1.001038583,73953,0,0,0,49,UTAH
3332,491116,7,17,2.428571429,0,0,0,0,0.249131559,0,0,0,0,0,0,0,0,0,0,0.249131559,0,73953,0,0,0,49,UTAH
3333,491117,55,233,4.236363636,0,0,0,0,18.12428846,0,0,0,0,0,0,0,0,13.16371046,0,1.957462251,3.003115749,138710,0,0,0,49,UTAH
3334,491118,14,54,3.857142857,9.5,0.166666667,1.333333333,8,17.41296658,0.166666667,0,0,1.333333333,1,2.333333333,0.166666667,4.5,6.075558676,0,0.836369316,1.001038583,95943,0,0,0,49,UTAH
3335,491119,12,44,3.666666667,0,0,0,0,1.428121256,0,0,0,0,0,0,0,0,0,0,0.427082673,1.001038583,95943,0,0,0,49,UTAH
3336,491120,3,11,3.666666667,0,0,0,0,3.119363781,0,0,0,0,0,0,0,0,1.012593113,0,2.106770668,0,95943,0,0,0,49,UTAH
3337,491121,4,14,3.5,0,0,0,0,5.154954004,0,0,0,0,0,0,0,0,1.012593113,0,4.142360891,0,95943,0,0,0,49,UTAH
3338,491122,9,33,3.666666667,0,0,0,0,2.363639219,0,0,0,0,0,0,0,0,1.012593113,0,0.350007523,1.001038583,95943,0,0,0,49,UTAH
3339,491123,21,56,2.666666667,0,0,0,0,1.748433261,0,0,0,0,0,0,0,0,0,0,0.747394678,1.001038583,73953,0,0,0,49,UTAH
3340,491124,6,16,2.666666667,0,0,0,0,1.22613445,0,0,0,0,0,0,0,0,1.012593113,0,0.213541337,0,73953,0,0,0,49,UTAH
3341,491125,10,36,3.6,0,0,0,0,1.356940811,0,0,0,0,0,0,0,0,0,0,0.355902228,1.001038583,95943,0,0,0,49,UTAH
3342,491126,11,41,3.727272727,0,0,0,0,1.392531033,0,0,0,0,0,0,0,0,0,0,0.39149245,1.001038583,95943,0,0,0,49,UTAH
3343,491127,9,33,3.666666667,0,0,0,0,2.333943701,0,0,0,0,0,0,0,0,1.012593113,0,0.320312005,1.001038583,95943,0,0,0,49,UTAH
3344,491128,19,76,4,451.8333333,41.16666667,37,373.6666667,469.5913661,38,3.166666667,1.5,35.5,57.5,78,0.166666667,238,0,0,16.75699422,1.001038583,95943,0,0,0,49,UTAH
3345,491129,22,61,2.772727273,40.33333333,3.833333333,2.666666667,33.83333333,43.55280357,3.833333333,0,0,2.666666667,4.666666667,9.666666667,0,19.5,0,0,2.218431655,1.001038583,73953,0,0,0,49,UTAH
3346,491130,16.0000001,43,2.687499984,0,0,0,0,1.570482157,0,0,0,0,0,0,0,0,0,0,0.569443567,1.001038589,73953,0,0,0,49,UTAH
3347,491131,16,44,2.75,155.5,13.5,13,129,162.604787,11,2.5,0,13,18.83333333,35.33333333,0,74.83333333,0,0,6.103748417,1.001038583,73953,0,0,25,49,UTAH
3348,491132,11,42,3.818181818,0,0,0,0,30.49327593,0,0,0,0,0,0,0,0,8.100744901,0,21.39149245,1.001038583,107823,0,0,0,49,UTAH
3349,491133,1,2,2,0,0,0,0,3.073369561,0,0,0,0,0,0,0,0,3.037779338,0,0.035590223,0,95943,0,0,0,49,UTAH
3350,491134,6,25,4.166666667,0,0,0,0,24.21354134,0,0,0,0,0,0,0,0,0,0,24.21354134,0,95943,0,0,0,49,UTAH
3351,491135,7,27,3.857142857,0,0,0,0,0.249131559,0,0,0,0,0,0,0,0,0,0,0.249131559,0,95943,0,0,0,49,UTAH
3352,491136,16,62,3.875,51.83333333,2.5,2.833333333,46.49999999,55.24849809,2.333333333,0.166666667,1,1.833333333,3.333333333,29.83333333,0,13.33333333,0,0,2.414126183,1.001038583,95943,0,0,0,49,UTAH
3353,491137,13,35,2.692307692,0,0,0,0,1.463711479,0,0,0,0,0,0,0,0,0,0,0.462672896,1.001038583,73953,0,0,0,49,UTAH
3354,491138,17,45,2.647058824,0,0,0,0,1.60607237,0,0,0,0,0,0,0,0,0,0,0.605033787,1.001038583,73953,0,0,0,49,UTAH
3355,491139,21,58,2.761904762,0,0,0,0,1.748433261,0,0,0,0,0,0,0,0,0,0,0.747394678,1.001038583,73953,0,0,0,49,UTAH
3356,491140,7,25,3.571428571,0,0,0,0,2.274317784,0,0,0,0,0,0,0,0,2.025186225,0,0.249131559,0,95943,0,0,0,49,UTAH
3357,491141,9,34,3.777777778,0,0,0,0,4.333943701,0,0,0,0,0,0,0,0,1.012593113,0,2.320312005,1.001038583,95943,0,0,0,49,UTAH
3358,491142,18,69,3.833333333,0,0,0,0,1.641662593,0,0,0,0,0,0,0,0,0,0,0.64062401,1.001038583,95943,0,0,0,49,UTAH
3359,491143,21,81,3.857142857,6.833333333,0.333333333,0.666666667,5.833333333,9.837572165,0.333333333,0,0.5,0.166666667,1.833333333,1.166666667,0,2.833333333,1.012593113,0,0.990607136,1.001038583,95943,0,0,0,49,UTAH
3360,491144,9,24,2.666666667,0,0,0,0,2.333943701,0,0,0,0,0,0,0,0,1.012593113,0,0.320312005,1.001038583,73953,0,0,0,49,UTAH
3361,491145,15,39,2.6,0,0,0,0,1.534891924,0,0,0,0,0,0,0,0,0,0,0.533853341,1.001038583,73953,0,0,0,49,UTAH
3362,491146,7,17,2.428571429,0,0,0,0,0.249131559,0,0,0,0,0,0,0,0,0,0,0.249131559,0,73953,0,0,0,49,UTAH
3363,491147,6,16,2.666666667,0,0,0,0,1.22613445,0,0,0,0,0,0,0,0,1.012593113,0,0.213541337,0,73953,0,0,0,49,UTAH
3364,491148,33,100,3.03030303,100.8333333,7.5,8,85.33333334,177.6237926,6.833333333,0.666666667,0.166666667,7.833333333,10.16666667,26.16666667,0,49,2.025186225,0,72.76319585,2.002077166,78462,0,0,0,49,UTAH
3365,491149,7,23,3.285714286,18.16666666,2,1.5,14.66666666,24.12527944,1.666666667,0.333333333,0,1.5,3,0.833333333,0,10.83333333,5.062965563,0,0.895647213,0,78462,0,0,0,49,UTAH
3366,491150,19,59,3.105263158,0,0,0,0,6.689845928,0,0,0,0,0,0,0,0,1.012593113,0,4.676214232,1.001038583,78462,0,0,0,49,UTAH
3367,491151,13,38,2.923076923,0,0,0,0,2.476304592,0,0,0,0,0,0,0,0,1.012593113,0,0.462672896,1.001038583,78462,0,0,0,49,UTAH
3368,491152,13,42,3.230769231,0,0,0,0,1.463711479,0,0,0,0,0,0,0,0,0,0,0.462672896,1.001038583,78462,0,0,0,49,UTAH
3369,491153,16,49,3.0625,4.666666667,0.333333333,0.166666667,4.166666667,6.403241674,0.333333333,0,0,0.166666667,1.5,0.333333333,0.666666667,1.666666667,0,0,0.735536424,1.001038583,78462,0,0,0,49,UTAH
3370,491154,13,38,2.923076923,16.66666667,1.5,1.333333333,13.83333333,18.7235522,1.166666667,0.333333333,0,1.333333333,2.666666667,3.166666667,0,8,0,0,1.055846954,1.001038583,78462,0,0,0,49,UTAH
3371,491155,7,23,3.285714286,0,0,0,0,0.249131559,0,0,0,0,0,0,0,0,0,0,0.249131559,0,78462,0,0,0,49,UTAH
3372,491156,26,81,3.115384615,0,0,0,0,2.927422958,0,0,0,0,0,0,0,0,0,0,0.925345792,2.002077166,78462,0,0,0,49,UTAH
3373,491157,25,77,3.08,14,0.5,2.166666667,11.33333333,17.3900856,0.5,0,0,2.166666667,2.833333333,2.666666667,0,5.833333333,0,0,1.388008429,2.002077166,78462,0,0,0,49,UTAH
3374,491158,10,30,3,27,1.833333333,3.5,21.66666666,29.31784442,1.5,0.333333333,0,3.5,3.5,5.333333333,0,12.83333333,0,0,1.31680584,1.001038583,78462,0,0,0,49,UTAH
3375,491159,7,23,3.285714286,0,0,0,0,23.24913156,0,0,0,0,0,0,0,0,0,0,23.24913156,0,78462,0,0,0,49,UTAH
3376,491160,18,57,3.166666667,0,0,0,0,1.641662593,0,0,0,0,0,0,0,0,0,0,0.64062401,1.001038583,78462,0,0,0,49,UTAH
3377,491161,6,16,2.666666667,61.16666667,5.333333334,3.666666667,52.16666667,63.55714278,4.666666667,0.666666667,0,3.666666667,9.333333333,11,0.166666667,31.66666667,0,0,2.390476112,0,78462,0,0,0,49,UTAH
3378,491162,4,12,3,0,0,0,0,1.154954004,0,0,0,0,0,0,0,0,1.012593113,0,0.142360891,0,78462,0,0,0,49,UTAH
3379,491163,1,2,2,0,0,0,0,2.060776448,0,0,0,0,0,0,0,0,2.025186225,0,0.035590223,0,78462,0,0,0,49,UTAH
3380,491164,3,10,3.333333333,0,0,0,0,1.119363781,0,0,0,0,0,0,0,0,1.012593113,0,0.106770668,0,78462,0,0,0,49,UTAH
3381,491165,0,0,0,0,0,0,0,2.025186225,0,0,0,0,0,0,0,0,2.025186225,0,0,0,78462,0,0,0,49,UTAH
3382,491166,0,0,0,0,0,0,0,1.012593113,0,0,0,0,0,0,0,0,1.012593113,0,0,0,78462,0,0,0,49,UTAH
3383,491167,4,12,3,2.500000001,0.166666667,0,2.333333334,3.74393043,0,0.166666667,0,0,0.166666667,0.5,0,1.666666667,1.012593113,0,0.231337316,0,78462,0,0,0,49,UTAH
3384,491168,9,27,3,0,0,0,0,3.333943701,0,0,0,0,0,0,0,0,1.012593113,0,1.320312005,1.001038583,78462,0,0,0,49,UTAH
3385,491169,6,16,2.666666667,0,0,0,0,1.237991325,0,0,0,0,0,0,0,0,1.012593113,0,0.225398212,0,78462,0,0,0,49,UTAH
3386,491170,3,10,3.333333333,0,0,0,0,0.106770668,0,0,0,0,0,0,0,0,0,0,0.106770668,0,78462,0,0,0,49,UTAH
3387,491171,68.99999999,217,3.144927537,0,0,0,0,8.413885481,0,0,0,0,0,0,0,0,2.025186225,0,2.384544925,4.004154332,79483,0,0,0,49,UTAH
3388,491172,19,59,3.105263158,0,0,0,0,1.677252815,0,0,0,0,0,0,0,0,0,0,0.676214232,1.001038583,78462,0,0,0,49,UTAH
3389,491173,6,16,2.666666667,0,0,0,0,4.213541337,0,0,0,0,0,0,0,0,0,0,4.213541337,0,78462,0,0,0,49,UTAH
3390,491174,7,23,3.285714286,0,0,0,0,1.261724672,0,0,0,0,0,0,0,0,1.012593113,0,0.249131559,0,78462,0,0,0,49,UTAH
3391,491175,0,0,0,0,0,0,0,1.012593113,0,0,0,0,0,0,0,0,1.012593113,0,0,0,78462,0,0,0,49,UTAH
3392,491176,0,0,0,0,0,0,0,2.025186225,0,0,0,0,0,0,0,0,2.025186225,0,0,0,78462,0,0,0,49,UTAH
3393,491177,13,39,3,0,0,0,0,1.463711479,0,0,0,0,0,0,0,0,0,0,0.462672896,1.001038583,78462,0,0,0,49,UTAH
3394,491178,0,0,0,0,0,0,0,2.025186225,0,0,0,0,0,0,0,0,2.025186225,0,0,0,78462,0,0,0,49,UTAH
3395,491179,11,34,3.090909091,0,0,0,0,2.405124146,0,0,0,0,0,0,0,0,1.012593113,0,0.39149245,1.001038583,78462,0,0,0,49,UTAH
3396,491180,7,23,3.285714286,0,0,0,0,0.249131559,0,0,0,0,0,0,0,0,0,0,0.249131559,0,78462,0,0,0,49,UTAH
3397,491181,16,49,3.0625,0,0,0,0,1.570482147,0,0,0,0,0,0,0,0,0,0,0.569443564,1.001038583,78462,0,0,0,49,UTAH
3398,491182,7,23,3.285714286,0,0,0,0,1.261724672,0,0,0,0,0,0,0,0,1.012593113,0,0.249131559,0,78462,0,0,0,49,UTAH
3399,491183,4,12,3,0,0,0,0,0.142360891,0,0,0,0,0,0,0,0,0,0,0.142360891,0,78462,0,0,0,49,UTAH
3400,491184,1,2,2,0,0,0,0,1.048183336,0,0,0,0,0,0,0,0,1.012593113,0,0.035590223,0,78462,0,0,0,49,UTAH
3401,491185,5,14,2.8,0,0,0,0,1.190544227,0,0,0,0,0,0,0,0,1.012593113,0,0.177951114,0,78462,0,0,0,49,UTAH
3402,491186,4,12,3,0,0,0,0,1.154954004,0,0,0,0,0,0,0,0,1.012593113,0,0.142360891,0,78462,0,0,0,49,UTAH
3403,491187,15,46,3.066666667,0,0,0,0,1.534891924,0,0,0,0,0,0,0,0,0,0,0.533853341,1.001038583,78462,0,0,0,49,UTAH
3404,491188,16,48,3,0,0,0,0,27.58307526,0,0,0,0,0,0,0,0,1.012593113,0,25.56944356,1.001038583,78462,0,0,0,49,UTAH
3405,491189,14,43,3.071428571,356.8333333,37.33333333,39.83333333,279.6666666,371.032386,33.33333333,4,6.333333333,33.5,52.5,21.5,0.833333333,204.8333333,0,0,13.1980141,1.001038583,77805,0,0,0,49,UTAH
3406,491190,1,2,2,80.50000001,4.333333334,5.5,70.66666667,83.4006351,4.166666667,0.166666667,0.166666667,5.333333333,19.66666667,6.833333333,0,44.16666667,0,0,2.900635098,0,72550,0,0,0,49,UTAH
3407,491191,10,28,2.8,0,0,0,0,2.369533924,0,0,0,0,0,0,0,0,1.012593113,0,0.355902228,1.001038583,72550,0,0,0,49,UTAH
3408,491192,19,50,2.631578947,50.66666667,3.833333334,5.666666667,41.16666667,55.15975485,3.166666667,0.666666667,0.166666667,5.5,6.833333333,6,0.166666667,28.16666667,1.012593113,0,2.47945648,1.001038583,72550,0,0,0,49,UTAH
3409,491193,9,26,2.888888889,0,0,0,0,1.321350588,0,0,0,0,0,0,0,0,0,0,0.320312005,1.001038583,72550,0,0,0,49,UTAH
3410,491194,379,1022,2.696569921,114.3333333,8.166666666,9.666666667,96.5,154.9269481,7.833333333,0.333333333,0.166666667,9.5,22,26,0,48.5,0,0,17.56972736,23.02388741,72550,0,0,0,49,UTAH
3411,491195,33,90,2.727272727,263.3333333,19.66666667,39.33333333,204.3333333,275.8701619,19,0.666666667,20.83333333,18.5,48.5,38.83333333,2,115,0,0,10.5347514,2.002077166,72550,0,0,0,49,UTAH
3412,491196,60,162,2.7,0,0,0,0,7.15216081,0,0,0,0,0,0,0,0,1.012593113,0,2.135413365,4.004154332,84157,0,0,0,49,UTAH
3413,491197,8,19,2.375,0,0,0,0,2.309908007,0,0,0,0,0,0,0,0,2.025186225,0,0.284721782,0,72550,0,0,0,49,UTAH
3414,491198,11,29,2.636363636,61.83333334,4.666666666,6,51.16666667,66.43901192,4.333333333,0.333333333,0,6,7.5,9.333333333,0.166666667,34.16666667,1.012593113,0,2.592046883,1.001038583,72550,0,0,0,49,UTAH
3415,491199,37,157,4.243243243,73.33333333,6,21.16666667,46.16666667,81.28737356,5.833333333,0.166666667,14,7.166666667,5.666666667,13.33333333,0,27.16666667,2.025186225,0,3.926776837,2.002077166,81032,0,0,0,49,UTAH
3416,491200,22,61,2.772727273,0,0,0,0,2.796616597,0,0,0,0,0,0,0,0,1.012593113,0,0.782984901,1.001038583,72550,0,0,0,49,UTAH
3417,491201,18,48,2.666666667,125,0,125,0,132.1030336,0,0,125,0,0,0,0,0,1.012593113,0,5.089401854,1.001038583,72550,0,0,0,49,UTAH
3418,491202,7,18,2.571428571,43.66666667,3.166666667,14.16666667,26.33333334,45.46990085,3.166666667,0,0,14.16666667,4,7,0.166666667,15.16666667,0,0,1.803234175,0,72550,0,0,0,49,UTAH
3419,491203,0,0,0,606.8333333,7.333333333,532.1666666,67.33333334,628.4306924,7,0.333333333,496.3333333,35.83333333,11,14.16666667,0,42.16666667,0,0,21.59735908,0,72550,0,0,0,49,UTAH
3420,491204,293,858,2.928327645,491.3333334,78.33333333,25.16666667,387.8333334,537.2310582,32.33333333,46,10.16666667,15,24.5,194.5,20.16666667,148.6666667,0,0,27.87903029,18.01869449,73250,394,0,0,49,UTAH
3421,491205,186,482,2.591397849,992.5000001,269.6666667,54.66666667,668.1666667,1045.424631,194.1666667,75.5,24.5,30.16666667,76.83333333,235,79.66666667,276.6666667,0,0,41.91320654,11.01142441,67500,0,0,0,49,UTAH
3422,491206,0,0,0,839.5,654.5,127,58,887.3780039,608.3333333,46.16666667,91.66666667,35.33333333,9.5,12,2,34.5,0,0,47.87800389,0,72550,0,0,0,49,UTAH
3423,491207,0,0,0,353,103.3333333,16.5,233.1666667,365.5632868,50.83333333,52.5,3.5,13,52.16666667,25.66666667,60.66666667,94.66666667,0,0,12.56328674,0,67750,0,0,0,49,UTAH
3424,491208,306,823,2.689542484,124.1666667,35.83333333,1.666666666,86.66666667,159.4783298,3,32.83333333,0.333333333,1.333333333,1,79,0.666666667,6,0,0,16.29193003,19.01973308,69766,0,1035,0,49,UTAH
3425,491209,311,835,2.68488746,313.1666667,148.1666667,7.833333333,157.1666667,354.3708905,141.5,6.666666667,4,3.833333333,12.83333333,83,4,57.33333333,0,0,22.18449073,19.01973308,69081,313,0,0,49,UTAH
3426,491210,379,980,2.585751979,251.3333333,51.16666667,18.16666667,182,297.7493657,11.66666667,39.5,2,16.16666667,12.66666667,67.83333333,56.33333333,45.16666667,0,0,23.39214498,23.02388741,79418,331,0,0,49,UTAH
3427,491211,15,39,2.6,0,0,0,0,1.534891924,0,0,0,0,0,0,0,0,0,0,0.533853341,1.001038583,72550,0,0,0,49,UTAH
3428,491212,181,489,2.701657459,0,0,0,0,17.45325473,0,0,0,0,0,0,0,0,0,0,6.441830318,11.01142441,72550,0,0,0,49,UTAH
3429,491213,27,62,2.296296296,1315,769.1666666,42.83333333,503,1374.764136,562.8333333,206.3333333,11.83333333,31,75.33333333,57.33333333,67.33333333,303,0,0,57.76205905,2.002077166,69327,0,0,0,49,UTAH
3430,491214,336,772,2.297619048,124.3333333,11,4.833333333,108.5,161.7384834,2.833333333,8.166666667,0,4.833333333,6.666666667,9.333333333,58.83333333,33.66666667,0,0,16.38333984,21.02181024,75056,0,0,0,49,UTAH
3431,491215,244,931,3.81557377,228,1.833333333,2.166666667,224,259.814188,1.833333333,0,0.166666667,2,7.166666667,186.1666667,22.83333333,7.833333333,0,0,16.79860918,15.01557875,82009,0,1144,1647,49,UTAH
3432,491216,308,1220,3.961038961,47,16,31,0,78.65426216,16,0,31,0,0,0,0,0,0,0,12.63452908,19.01973308,116123,0,0,0,49,UTAH
3433,491217,22,61,2.772727273,0,0,0,0,4.796616597,0,0,0,0,0,0,0,0,1.012593113,0,2.782984901,1.001038583,72550,0,0,0,49,UTAH
3434,491218,206,555,2.694174757,0,0,0,0,184.3510159,0,0,0,0,0,0,0,0,0,0,171.3375143,13.01350158,72550,0,0,0,49,UTAH
3435,491219,3,9,3,0,0,0,0,0.106770668,0,0,0,0,0,0,0,0,0,0,0.106770668,0,102586,0,0,0,49,UTAH
3436,491220,165,532,3.224242424,128.1666667,11.66666667,10,106.5,148.6108708,10.66666667,1,0,10,14.33333333,20,0.333333333,71.83333333,0,0,10.43381827,10.01038583,102524,0,0,0,49,UTAH
3437,491221,300,923,3.076666667,0,0,0,0,30.69576132,0,0,0,0,0,0,0,0,0,0,12.67706683,18.01869449,94385,0,0,0,49,UTAH
3438,491222,113,363,3.212389381,0,0,0,0,11.02896525,0,0,0,0,0,0,0,0,0,0,4.021695171,7.007270081,101160,0,0,0,49,UTAH
3439,491223,5,15,3,0,0,0,0,1.196472665,0,0,0,0,0,0,0,0,1.012593113,0,0.183879552,0,72550,0,0,0,49,UTAH
3440,491224,2,7,3.5,0,0,0,0,0.088975094,0,0,0,0,0,0,0,0,0,0,0.088975094,0,102586,0,0,0,49,UTAH
3441,491225,138,445,3.224637681,0,0,0,0,23.91382958,0,0,0,0,0,0,0,0,0,0,15.90552092,8.008308664,102586,0,0,0,49,UTAH
3442,491226,558,1916,3.433691756,59,0,0,59,115.0004108,0,0,0,0,0,59,0,0,0,0,21.96509899,34.03531182,95798,507,0,0,49,UTAH
3443,491227,195,669,3.43076923,0,0,0,0,29.95255644,0,0,0,0,0,0,0,0,0,0,17.94009344,12.012463,95956,0,0,0,49,UTAH
3444,491228,11,45,4.090909091,110,9.333333333,11,89.66666666,117.3326178,8.833333333,0.5,0.5,10.5,13,18.33333333,0,58.33333333,2.025186225,0,4.306393023,1.001038583,95706,0,0,0,49,UTAH
3445,491229,201.948955,726,3.594967847,6.469517873,0.640546324,0.576491692,5.252479857,29.94944392,0.491085515,0.149460809,0.021351544,0.555140148,1.515959633,0.341624706,0,3.394895518,0,0,11.41766316,12.06226289,126932,0,0,0,49,UTAH
3446,491230,20,52,2.6,103.3333333,12,7.833333333,83.50000001,109.7364665,11.5,0.5,0,7.833333333,14.5,11.16666667,0.166666667,57.66666667,1.012593113,0,4.389501431,1.001038583,72550,0,0,0,49,UTAH
3447,491231,7,18,2.571428571,0,0,0,0,0.249131559,0,0,0,0,0,0,0,0,0,0,0.249131559,0,72550,0,0,0,49,UTAH
3448,491232,3,10,3.333333333,0,0,0,0,0.106770668,0,0,0,0,0,0,0,0,0,0,0.106770668,0,139750,0,0,0,49,UTAH
3449,491233,22,58,2.636363636,0,0,0,0,1.789955033,0,0,0,0,0,0,0,0,0,0,0.78891645,1.001038583,139750,0,0,0,49,UTAH
3450,491234,78,299,3.833333333,0,0,0,0,7.77529874,0,0,0,0,0,0,0,0,0,0,2.770105825,5.005192915,142744,0,0,0,49,UTAH
3451,491235,0,0,0,0,0,0,0,6.075558676,0,0,0,0,0,0,0,0,6.075558676,0,0,0,138710,0,0,0,49,UTAH
3452,491236,2,4,2,0,0,0,0,0.071180446,0,0,0,0,0,0,0,0,0,0,0.071180446,0,72550,0,0,0,49,UTAH
3453,491237,3,5,1.666666667,0,0,0,0,1.119363781,0,0,0,0,0,0,0,0,1.012593113,0,0.106770668,0,72550,0,0,0,49,UTAH
3454,491238,13,36,2.769230769,0,0,0,0,1.463711479,0,0,0,0,0,0,0,0,0,0,0.462672896,1.001038583,72550,0,0,0,49,UTAH
3455,491239,0,0,0,0,0,0,0,0,0,0,0,0,0,0,0,0,0,0,0,0,72550,0,0,0,49,UTAH
3456,491240,7,15,2.142857143,0,0,0,0,1.261724672,0,0,0,0,0,0,0,0,1.012593113,0,0.249131559,0,139750,0,0,0,49,UTAH
3457,491241,88,337,3.829545455,36.33333334,1.666666666,2.666666667,32,46.77614764,1.333333333,0.333333333,0,2.666666667,3.166666667,1.666666667,0,27.16666667,1.012593113,0,4.425028272,5.005192915,142744,0,0,0,49,UTAH
3458,491242,4,15,3.75,0,0,0,0,3.180140229,0,0,0,0,0,0,0,0,3.037779338,0,0.142360891,0,138710,0,0,0,49,UTAH
3459,491243,43,183,4.255813953,0,0,0,0,8.583867778,0,0,0,0,0,0,0,0,4.050372451,0,1.530379578,3.003115749,138710,0,0,0,49,UTAH
3460,491244,182,766,4.208791209,0,0,0,0,57.5392174,0,0,0,0,0,0,0,0,4.050372451,0,42.47742054,11.01142441,138710,0,0,0,49,UTAH
3461,491245,102,430,4.215686275,63,1.333333334,32.33333333,29.33333333,94.00453862,1.166666667,0.166666667,31,1.333333333,1.333333333,21,0,7,10.12593113,0,14.87237599,6.006231498,138710,0,0,0,49,UTAH
3462,491246,50,208,4.16,0,0,0,0,5.782626887,0,0,0,0,0,0,0,0,0,0,2.779511138,3.003115749,138710,0,0,0,49,UTAH
3463,491247,48,201,4.1875,75,8,7.833333334,59.16666667,83.39331396,6.666666667,1.333333333,0.666666667,7.166666667,6.833333333,20.16666667,0.333333333,31.83333333,1.012593113,0,4.377605095,3.003115749,138710,0,0,0,49,UTAH
3464,491248,20,85,4.25,63.66666666,7,9.166666667,47.5,68.65802509,6.333333333,0.666666667,0,9.166666667,9.166666667,9.833333333,0.166666667,28.33333333,1.012593113,0,2.97772673,1.001038583,138710,0,0,0,49,UTAH
3465,491249,5,20,4,0,0,0,0,1.190544227,0,0,0,0,0,0,0,0,1.012593113,0,0.177951114,0,138710,0,0,0,49,UTAH
3466,491250,0,0,0,140.5,13.5,12.16666667,114.8333333,145.5004562,12.66666667,0.833333333,0.166666667,12,18,27.5,0,69.33333333,0,0,5.000456158,0,99491,0,0,0,49,UTAH
3467,491251,629,2151,3.419713831,0,0,0,0,61.42675485,0,0,0,0,0,0,0,0,0,0,22.38625011,39.04050474,99491,0,0,0,49,UTAH
3468,491252,228,756,3.315789474,64,0,0,64,93.4068852,0,0,0,0,0,64,0,0,0,0,15.39234504,14.01454016,92358,675,0,0,49,UTAH
3469,491253,5,15,3,0,0,0,0,0.177951114,0,0,0,0,0,0,0,0,0,0,0.177951114,0,72550,0,0,0,49,UTAH
3470,491254,6,14,2.333333333,0,0,0,0,0.213541337,0,0,0,0,0,0,0,0,0,0,0.213541337,0,139750,0,0,0,49,UTAH
3471,491255,1,6,6,0.666666667,0.166666667,0,0.5,1.738578909,0,0.166666667,0,0,0,0.333333333,0,0.166666667,1.012593113,0,0.059319129,0,138710,0,0,0,49,UTAH
3472,491256,208,686,3.298076923,86.83333334,8.333333334,18.83333334,59.66666667,124.3399639,8.166666667,0.166666667,0.166666667,18.66666667,8.5,15.16666667,0,36,0,0,24.49312899,13.01350158,79313,0,0,0,49,UTAH
3473,491257,178,585,3.286516854,131.1666667,52.5,20.33333333,58.33333333,153.1754772,33.5,19,0.333333333,20,2.666666667,5.5,41.83333333,8.333333333,0,0,10.99738608,11.01142441,79313,0,0,0,49,UTAH
3474,491258,129,435,3.372093023,19.5,2,1.5,16,32.78753622,2,0,0,1.5,6.5,2,0,7.5,0,0,5.279227556,8.008308664,99929,0,0,0,49,UTAH
3475,491259,220,756,3.436363636,113.8333333,56.16666667,4.5,53.16666667,138.7043303,14,42.16666667,0.833333333,3.666666667,4,8.5,13,27.66666667,0,0,11.85749537,13.01350158,88994,0,0,0,49,UTAH
3476,491260,21,69,3.285714286,18.83333333,1.333333333,4.833333333,12.66666667,21.25796271,1.333333333,0,0,4.833333333,2.666666667,3,0,7,0,0,1.42359079,1.001038583,74932,0,0,0,49,UTAH
3477,491261,87,296,3.402298851,342.1666667,259.6666667,7.333333333,75.16666666,382.4459514,193.1666667,66.5,4,3.333333333,7.666666667,21.83333333,8.833333333,36.83333333,0,0,35.27409184,5.005192915,74932,0,0,0,49,UTAH
3478,491262,167,615,3.682634731,205.3333333,136.1666667,16.16666667,53,230.6011219,41.83333333,94.33333333,13.66666667,2.5,4.666666667,35.83333333,0.5,12,0,0,15.25740274,10.01038583,129375,224,0,0,49,UTAH
3479,491263,5.000000057,20,3.999999954,0,0,0,0,0.177951116,0,0,0,0,0,0,0,0,0,0,0.177951116,0,134226,0,0,0,49,UTAH
3480,491264,6,23,3.833333333,0,0,0,0,0.225402702,0,0,0,0,0,0,0,0,0,0,0.225402702,0,116288,0,0,0,49,UTAH
3481,491265,0,0,0,0,0,0,0,1.012593113,0,0,0,0,0,0,0,0,1.012593113,0,0,0,116288,0,0,0,49,UTAH
3482,491266,1,4,4,33.5,2.5,3.666666667,27.33333334,34.72786764,2.166666667,0.333333333,0,3.666666667,3.833333333,8.833333333,0,14.66666667,0,0,1.227867637,0,89154,0,0,0,49,UTAH
3483,491267,308,755,2.451298701,1002.333333,97.83333334,74.66666666,829.8333333,1067.958596,83.66666667,14.16666667,13.83333333,60.83333333,88,317.3333333,61.33333333,363.1666667,0,0,46.60553,19.01973308,55983,576,0,0,49,UTAH
3484,491268,238,734,3.084033613,206.1666667,103.3333333,8.333333334,94.5,273.9648822,46,57.33333333,2.166666667,6.166666667,11,21.83333333,14,47.66666667,0,28.98067633,23.80196046,15.01557875,79271,0,0,0,49,UTAH
3485,491269,164,588,3.585365854,131,52.83333334,6.5,71.66666666,153.503549,19.66666667,33.16666667,1,5.5,8.833333333,8.166666667,11.33333333,43.33333333,0,0,12.49316313,10.01038583,119660,0,0,0,49,UTAH
3486,491270,164,603,3.676829268,0,0,0,0,25.84718236,0,0,0,0,0,0,0,0,0,0,15.83679653,10.01038583,129375,0,0,0,49,UTAH
3487,491271,0,0,0,0,0,0,0,0.112689505,0,0,0,0,0,0,0,0,0,0,0.112689505,0,116288,0,0,0,49,UTAH
3488,491272,239,904,3.782426778,0,0,0,0,23.52164199,0,0,0,0,0,0,0,0,0,0,8.506063238,15.01557875,116288,0,0,0,49,UTAH
3489,491273,1,4,4,0,0,0,0,1.048183336,0,0,0,0,0,0,0,0,1.012593113,0,0.035590223,0,116288,0,0,0,49,UTAH
3490,491274,5,17,3.4,0,0,0,0,1.387060758,0,0,0,0,0,0,0,0,1.012593113,0,0.207615505,0.16685214,89154,0,0,0,49,UTAH
3491,491275,189.9999979,721,3.794736885,0,0,0,0,22.83388944,0,0,0,0,0,0,0,0,0,0,10.82142658,12.01246286,116288,0,0,0,49,UTAH
3492,491276,30.99999992,118,3.806451623,0,0,0,0,5.111303874,0,0,0,0,0,0,0,0,0,0,3.109226713,2.002077161,116288,0,0,0,49,UTAH
3493,491277,273,1030,3.772893773,0,0,0,0,30.73378672,0,0,0,0,0,0,0,0,0,0,13.71613081,17.01765591,116288,0,0,0,49,UTAH
3494,491278,183.0000008,693,3.78688523,0,0,0,0,20.52443526,0,0,0,0,0,0,0,0,0,0,9.513010803,11.01142446,116288,0,0,0,49,UTAH
3495,491279,1,4,4,0,0,0,0,1.048183336,0,0,0,0,0,0,0,0,1.012593113,0,0.035590223,0,89154,0,0,0,49,UTAH
3496,491280,20,62,3.1,485.0000001,44,61.83333334,379.1666667,503.9742345,37.83333333,6.166666667,0.666666667,61.16666667,49,123.6666667,0.333333333,206.1666667,0,0,17.97319582,1.001038583,89154,0,0,0,49,UTAH
3497,491281,104,335,3.221153846,47,11.5,4,31.5,58.38631863,7.666666667,3.833333333,1.666666667,2.333333333,3.166666667,8.333333333,3.166666667,16.83333333,0,0,5.380087135,6.006231498,76012,0,0,0,49,UTAH
3498,491282,377,1353,3.588859416,74.5,1.5,5.333333333,67.66666666,120.6166482,1.5,0,0,5.333333333,2.833333333,55.83333333,0,9,0,0,23.09276077,23.02388741,113929,725,0,0,49,UTAH
3499,491283,330,1065,3.227272727,0,0,0,0,103.7655452,0,0,0,0,0,0,0,0,0,0,83.74477351,20.02077166,89154,0,0,0,49,UTAH
3500,491284,0,0,0,31.33333333,25,0.5,5.833333333,32.44848711,24.83333333,0.166666667,0.166666667,0.333333333,0.833333333,2.166666667,1.5,1.333333333,0,0,1.115153781,0,89154,0,0,0,49,UTAH
3501,491285,285.0941471,1027,3.602318779,0,0,0,0,96.74207771,0,0,0,0,0,0,0,0,0,0,79.13179061,17.6102871,110639,0,0,0,49,UTAH
3502,491286,0.999999999,4,4.000000006,125.8333332,12.49999999,11.49999999,101.8333332,130.3653059,12.16666665,0.333333333,0.833333332,10.66666665,13.66666665,33.49999995,0.333333333,54.33333325,0,0,4.531972704,0,89154,0,0,0,49,UTAH
3503,491287,14.99999999,64,4.266666671,63.16666662,9.666666658,10.33333333,43.16666663,750.4500599,4.999999995,4.666666663,0.166666667,10.16666666,7.16666666,10.49999999,0.333333333,25.16666665,683.5003505,0,2.782004284,1.001038582,108750,0,0,0,49,UTAH
3504,491288,0,0,0,0,0,0,0,66.83114542,0,0,0,0,0,0,0,0,66.83114542,0,0,0,138710,0,0,0,49,UTAH
3505,491289,0,0,0,0,0,0,0,105.3096837,0,0,0,0,0,0,0,0,105.3096837,0,0,0,138710,0,0,0,49,UTAH
3506,491290,31,130,4.193548387,0,0,0,0,3.105374071,0,0,0,0,0,0,0,0,0,0,1.103296905,2.002077166,70000,0,0,0,49,UTAH
3507,491291,23,96,4.173913043,80.33333333,8.833333333,7.666666667,63.83333333,157.3586225,6.833333333,2,1.5,6.166666667,4.833333333,25.33333333,8,25.66666667,71.894111,0,3.796435259,1.334742864,97484,0,0,0,49,UTAH
3508,491292,100,420,4.2,109.6666667,23.66666667,10.33333333,75.66666666,153.2735247,19.16666667,4.5,9,1.333333333,3,57.33333333,0.5,14.83333333,11.13852424,0,26.4621023,6.006231498,73020,304,0,0,49,UTAH
3509,491293,45,143,3.177777778,0,0,0,0,407.6167346,0,0,0,0,0,0,0,0,403.0120588,0,1.601560024,3.003115749,70000,0,0,0,49,UTAH
3510,491294,15,46,3.066666667,135.6666667,22.16666666,16.16666667,97.33333334,162.2817731,18.83333333,3.333333333,0.166666667,16,15.66666667,11.16666667,0,70.5,20.25186225,0,5.362205562,1.001038583,70000,0,0,0,49,UTAH
3511,491295,176,564,3.204545455,15,3.666666667,1.833333334,9.5,35.8284027,2.166666667,1.5,0.166666667,1.666666667,0.833333333,3.666666667,0.5,4.5,2.025186225,0,7.791792065,11.01142441,70000,0,0,0,49,UTAH
3512,491296,78,297,3.807692308,0,0,0,0,20.94494075,0,0,0,0,0,0,0,0,13.16371046,0,2.776037375,5.005192915,73086,0,0,0,49,UTAH
3513,491297,12,46,3.833333333,0,0,0,0,13.57923861,0,0,0,0,0,0,0,0,12.15111735,0,0.427082673,1.001038583,116288,0,0,0,49,UTAH
3514,491298,0,0,0,0,0,0,0,102.2719043,0,0,0,0,0,0,0,0,102.2719043,0,0,0,70000,0,0,0,49,UTAH
3515,491299,26,73,2.807692308,0,0,0,0,7.980806903,0,0,0,0,0,0,0,0,0,0,5.978729737,2.002077166,179443,0,0,0,49,UTAH
3516,491300,1,2,2,0,0,0,0,0.035590223,0,0,0,0,0,0,0,0,0,0,0.035590223,0,193915,0,0,0,49,UTAH
3517,491301,0,0,0,0,0,0,0,0,0,0,0,0,0,0,0,0,0,0,0,0,116750,0,0,0,49,UTAH
3518,491302,1,1,1,5,0,0,5,5,0,0,0,0,0,5,0,0,0,0,0,0,136568,0,0,0,49,UTAH
3519,491303,0,0,0,0,0,0,0,0,0,0,0,0,0,0,0,0,0,0,0,0,116750,0,0,0,49,UTAH
3520,491304,0,0,0,0,0,0,0,0,0,0,0,0,0,0,0,0,0,0,0,0,131446,0,0,0,49,UTAH
3521,491305,0,0,0,0,0,0,0,0,0,0,0,0,0,0,0,0,0,0,0,0,129134,0,0,0,49,UTAH
3522,491306,0,0,0,0,0,0,0,0,0,0,0,0,0,0,0,0,0,0,0,0,116750,0,0,0,49,UTAH
3523,491307,32,101,3.15625,378.9,264.6,0,114.3,378.9,112.4,152.2,0,0,0,0,0,114.3,0,0,0,0,116750,0,0,0,49,UTAH
3524,491308,0,0,0,0,0,0,0,0,0,0,0,0,0,0,0,0,0,0,0,0,159792,0,0,0,49,UTAH
3525,491309,18,94,5.222222222,0,0,0,0,2,0,0,0,0,0,0,0,0,0,0,2,0,135625,0,0,0,49,UTAH
3526,491310,0,0,0,0,0,0,0,0,0,0,0,0,0,0,0,0,0,0,0,0,135625,0,0,0,49,UTAH
3527,491311,4,10,2.5,42,0,0,42,42,0,0,0,0,0,10.5,0,31.5,0,0,0,0,135625,0,0,0,49,UTAH
3528,491312,34,82,2.411764706,0,0,0,0,0,0,0,0,0,0,0,0,0,0,0,0,0,135625,0,0,0,49,UTAH
3529,491313,6,17,2.833333333,37,0,0,37,37,0,0,0,0,0,0,0,37,0,0,0,0,135625,0,0,0,49,UTAH
3530,491314,2,5,2.5,0,0,0,0,0.071180446,0,0,0,0,0,0,0,0,0,0,0.071180446,0,114972,0,0,0,49,UTAH
3531,491315,9,17,1.888888889,0,0,0,0,1.321350588,0,0,0,0,0,0,0,0,0,0,0.320312005,1.001038583,108037,0,0,0,49,UTAH
3532,491316,41,86,2.097560976,2,2,0,0,2,2,0,0,0,0,0,0,0,0,0,0,0,135625,0,0,0,49,UTAH
3533,491317,54,164,3.037037037,0,0,0,0,0,0,0,0,0,0,0,0,0,0,0,0,0,135625,0,0,0,49,UTAH
3534,491318,32,76,2.375,0,0,0,0,0.035590223,0,0,0,0,0,0,0,0,0,0,0.035590223,0,138512,0,0,0,49,UTAH
3535,491319,0,0,0,0,0,0,0,0,0,0,0,0,0,0,0,0,0,0,0,0,135625,0,0,0,49,UTAH
3536,491320,0,0,0,0,0,0,0,0,0,0,0,0,0,0,0,0,0,0,0,0,135625,0,0,0,49,UTAH
3537,491321,0,0,0,0,0,0,0,0,0,0,0,0,0,0,0,0,0,0,0,0,139337,0,0,0,49,UTAH
3538,491322,5,19,3.8,0,0,0,0,0,0,0,0,0,0,0,0,0,0,0,0,0,135625,0,0,0,49,UTAH
3539,491323,0,0,0,0,0,0,0,0,0,0,0,0,0,0,0,0,0,0,0,0,136761,0,0,0,49,UTAH
3540,491324,65,243,3.738461538,8,7.2,0,0.8,16,7.2,0,0,0,0.8,0,0,0,0,0,8,0,150143,0,0,0,49,UTAH
3541,491325,0,0,0,0,0,0,0,0,0,0,0,0,0,0,0,0,0,0,0,0,117875,0,0,0,49,UTAH
3542,491326,1,6,6,0,0,0,0,0,0,0,0,0,0,0,0,0,0,0,0,0,135625,0,0,0,49,UTAH
3543,491327,0,0,0,0,0,0,0,0,0,0,0,0,0,0,0,0,0,0,0,0,100500,0,0,0,49,UTAH
3544,491328,31.8,94,2.955974843,22,0,0,22,22,0,0,0,0,0,0,22,0,0,0,0,0,100500,0,0,0,49,UTAH
3545,491329,29.6,127,4.290540541,0,0,0,0,0,0,0,0,0,0,0,0,0,0,0,0,0,100500,0,0,0,49,UTAH
3546,491330,0,0,0,0,0,0,0,0,0,0,0,0,0,0,0,0,0,0,0,0,100500,0,0,0,49,UTAH
3547,491331,5,25,5,0,0,0,0,0,0,0,0,0,0,0,0,0,0,0,0,0,126844,0,0,0,49,UTAH
3548,491332,2,5,2.5,0,0,0,0,0,0,0,0,0,0,0,0,0,0,0,0,0,100500,0,0,0,49,UTAH
3549,491333,0,0,0,0,0,0,0,0.005939104,0,0,0,0,0,0,0,0,0,0,0.005939104,0,127961,0,0,0,49,UTAH
3550,491334,0,0,0,0,0,0,0,0,0,0,0,0,0,0,0,0,0,0,0,0,108750,0,0,0,49,UTAH
3551,491335,14.99999998,41,2.733333337,0,0,0,0,0,0,0,0,0,0,0,0,0,0,0,0,0,111711,0,0,0,49,UTAH
3552,491336,0,0,0,0,0,0,0,66.24154582,0,0,0,0,0,0,0,0,0,66.24154582,0,0,103127,0,0,0,49,UTAH
3553,491337,0,0,0,0,0,0,0,1.012593113,0,0,0,0,0,0,0,0,1.012593113,0,0,0,108750,0,0,0,49,UTAH
3554,491338,0,0,0,0,0,0,0,0,0,0,0,0,0,0,0,0,0,0,0,0,96877,0,0,0,49,UTAH
3555,491339,5,9,1.8,0,0,0,0,0,0,0,0,0,0,0,0,0,0,0,0,0,114917,0,0,0,49,UTAH
3556,491340,0,0,0,0,0,0,0,2.025186224,0,0,0,0,0,0,0,0,2.025186224,0,0,0,141556,0,0,0,49,UTAH
3557,491341,0,0,0,0,0,0,0,0,0,0,0,0,0,0,0,0,0,0,0,0,138710,0,0,0,49,UTAH
3558,491342,0,0,0,0,0,0,0,0,0,0,0,0,0,0,0,0,0,0,0,0,114917,0,0,0,49,UTAH
3559,491343,2,4,2,0,0,0,0,0.071180446,0,0,0,0,0,0,0,0,0,0,0.071180446,0,170000,0,0,0,49,UTAH
3560,491344,267.9058535,960,3.583348357,0,0,0,0,90.2308413,0,0,0,0,0,0,0,0,0,0,73.80581655,16.42502475,110968,0,0,0,49,UTAH
3561,491345,0,0,0,0,0,0,0,0,0,0,0,0,0,0,0,0,0,0,0,0,116288,0,0,0,49,UTAH
3562,491346,1,6,6,0,0,0,0,0,0,0,0,0,0,0,0,0,0,0,0,0,70000,0,0,0,49,UTAH
