UNITID,XCDACTUA,CDACTUA,XCNACTUA,CNACTUA,XCDACTGA,CDACTGA,XEFTEUG,EFTEUG,XEFTEGD,EFTEGD,XFTEUG,FTEUG,XFTEGD,FTEGD,ACTTYPE 
100654,"R",150406,"A",,"R",20969,"G",5014,"G",874,"G",5014,"G",874,2
100663,"R",306911,"A",,"R",93699,"G",10230,"G",3904,"G",10230,"G",3904,2
100690,"R",11254,"A",,"R",5314,"G",375,"G",221,"G",375,"G",221,2
100706,"R",144122,"A",,"R",19490,"G",4804,"G",812,"R",4804,"R",857,2
100724,"R",132675,"A",,"R",17068,"G",4423,"G",711,"G",4423,"G",711,2
100751,"R",513281,"A",,"R",79386,"G",17109,"G",3308,"G",17109,"G",3308,2
100760,"R",55371,"A",,"A",,"G",1846,"A",,"G",1846,"A",,2
100812,"R",66821,"A",,"A",,"G",2227,"A",,"G",2227,"A",,2
100830,"R",107891,"A",,"R",12583,"G",3596,"G",524,"G",3596,"G",524,2
100858,"R",566272,"A",,"R",91789,"G",18876,"G",3825,"G",18876,"G",3825,2
100937,"R",46513,"A",,"R",828,"G",1550,"G",35,"R",1197,"R",33,2
101028,"R",47588,"A",,"A",,"G",1586,"A",,"G",1586,"A",,2
101073,"R",31826,"A",,"A",,"G",1061,"A",,"G",1061,"A",,2
101116,"R",18062,"A",,"R",284,"G",401,"G",8,"G",401,"G",8,2
101143,"R",44957,"A",,"A",,"G",1499,"A",,"G",1499,"A",,2
101161,"R",84979,"A",,"A",,"G",2833,"A",,"G",2833,"A",,2
101189,"R",73339,"A",,"R",3837,"G",2445,"G",160,"G",2445,"G",160,2
101231,"A",,"R",72000,"A",,"G",80,"A",,"R",80,"A",,1
101240,"R",135015,"A",,"A",,"G",4501,"A",,"G",4501,"A",,2
101286,"R",90138,"A",,"A",,"G",3005,"A",,"G",3005,"A",,2
101295,"R",137516,"A",,"A",,"G",4584,"A",,"G",4584,"A",,2
101301,"R",49356,"A",,"A",,"G",1645,"A",,"G",1645,"A",,2
101365,"R",13987,"A",,"A",,"G",466,"A",,"G",466,"A",,2
101435,"R",22864,"A",,"A",,"G",762,"A",,"G",762,"A",,2
101453,"R",1673,"A",,"R",207,"G",56,"G",9,"G",56,"G",9,2
101462,"R",18219,"A",,"A",,"G",607,"A",,"G",607,"A",,2
101471,"R",24994,"A",,"A",,"G",833,"A",,"G",833,"A",,2
101480,"R",198671,"A",,"R",27585,"G",6622,"G",1149,"G",6622,"G",1149,2
101499,"R",30894,"A",,"A",,"G",1030,"A",,"G",1030,"A",,2
101505,"R",157383,"A",,"A",,"G",5246,"A",,"G",5246,"A",,2
101514,"R",180467,"A",,"A",,"G",6016,"A",,"G",6016,"A",,2
101541,"R",9265,"A",,"A",,"G",309,"A",,"G",309,"A",,2
101569,"R",80302,"A",,"A",,"G",2677,"A",,"G",2677,"A",,2
101587,"R",47858,"A",,"R",21206,"G",1595,"G",884,"G",1595,"G",884,2
101602,"R",38251,"A",,"A",,"G",1275,"A",,"G",1275,"A",,2
101648,"R",5926,"A",,"A",,"G",198,"A",,"G",198,"A",,2
101675,"R",53851,"A",,"A",,"G",1795,"A",,"G",1795,"A",,2
101693,"R",40378,"A",,"R",3529,"G",1346,"G",147,"G",1346,"G",147,2
101709,"R",72945,"A",,"R",7303,"G",2432,"G",304,"G",2432,"G",304,2
101736,"R",87073,"A",,"A",,"G",2902,"A",,"G",2902,"A",,2
101879,"R",140092,"A",,"R",16077,"G",4670,"G",670,"G",4670,"G",670,2
101897,"R",52923,"A",,"A",,"G",1764,"A",,"G",1764,"A",,2
101912,"R",49012,"A",,"A",,"G",1634,"A",,"G",1634,"A",,2
101949,"R",35146,"A",,"A",,"G",1172,"A",,"G",1172,"A",,2
101958,"R",1796,"A",,"A",,"G",40,"A",,"G",40,"A",,2
101994,"R",16018,"A",,"A",,"G",534,"A",,"G",534,"A",,2
102030,"R",101446,"A",,"A",,"G",3382,"A",,"G",3382,"A",,2
102049,"R",92534,"A",,"R",8728,"G",3084,"G",364,"G",3084,"G",364,2
102067,"R",133981,"A",,"A",,"G",4466,"A",,"G",4466,"A",,2
102076,"R",50508,"A",,"A",,"G",1684,"A",,"G",1684,"A",,2
102094,"R",276209,"A",,"R",50939,"G",9207,"G",2122,"R",9207,"R",2203,2
102216,"R",8140,"A",,"A",,"G",181,"A",,"G",181,"A",,2
102234,"R",38165,"A",,"R",2464,"G",1272,"G",103,"G",1272,"G",103,2
102261,"R",5557,"A",,"A",,"G",185,"A",,"G",185,"A",,2
102270,"R",2096,"A",,"A",,"G",70,"A",,"G",70,"A",,2
102298,"R",7650,"A",,"A",,"G",255,"A",,"G",255,"A",,2
102313,"R",36987,"A",,"A",,"G",1233,"A",,"G",1233,"A",,2
102368,"R",423667,"A",,"R",146172,"G",14122,"G",6091,"G",14122,"G",6091,2
102377,"R",70180,"A",,"R",4050,"G",2339,"G",169,"G",2339,"G",169,2
102395,"R",741,"A",,"R",4068,"G",25,"G",170,"G",25,"G",170,2
102429,"R",96088,"A",,"A",,"G",3203,"A",,"R",3202,"A",,2
102553,"R",309395,"A",,"R",12849,"G",10313,"G",535,"G",10313,"G",535,2
102614,"R",150155,"A",,"R",17751,"G",5005,"G",740,"G",5005,"G",740,2
102632,"R",46993,"A",,"R",4406,"G",1566,"G",184,"G",1566,"G",184,2
102669,"R",12836,"A",,"R",3383,"G",428,"G",141,"G",428,"G",141,2
102711,"A",,"R",260731,"A",,"G",290,"A",,"G",290,"A",,1
102845,"R",19684,"A",,"A",,"G",437,"A",,"G",437,"A",,2
103361,"R",9522,"A",,"A",,"G",317,"A",,"G",317,"A",,2
103440,"R",4290,"A",,"A",,"G",143,"A",,"G",143,"A",,2
103501,"A",,"R",335334,"A",,"G",373,"A",,"G",373,"A",,1
103644,"R",41858,"R",457912,"A",,"G",1439,"A",,"G",1439,"A",,3
103723,"R",18006,"A",,"A",,"G",600,"A",,"G",600,"A",,2
103732,"A",,"R",74941,"A",,"G",83,"A",,"G",83,"A",,1
103741,"A",,"R",294562,"A",,"G",327,"A",,"G",327,"A",,1
103778,"A",,"A",,"R",37567,"A",,"G",1565,"A",,"G",1565,2
103787,"R",1663,"A",,"A",,"G",55,"A",,"G",55,"A",,2
103811,"A",,"R",351960,"A",,"G",391,"A",,"G",391,"A",,1
103893,"R",100278,"A",,"A",,"G",3343,"A",,"G",3343,"A",,2
103945,"R",4690,"A",,"A",,"G",156,"A",,"G",156,"A",,2
103954,"A",,"R",75050,"A",,"G",83,"A",,"G",83,"A",,1
103963,"A",,"R",978000,"A",,"G",1087,"A",,"R",988,"A",,1
104090,"A",,"R",248597,"A",,"G",276,"A",,"G",276,"A",,1
104151,"R",1069253,"A",,"R",159833,"G",35642,"G",6660,"G",35642,"G",6660,2
104160,"R",125930,"A",,"A",,"G",4198,"A",,"G",4198,"A",,2
104179,"R",713187,"A",,"R",154609,"G",23773,"G",6442,"G",23773,"G",6442,2
104188,"R",9350,"A",,"A",,"G",312,"A",,"G",312,"A",,2
104294,"A",,"R",444360,"A",,"G",494,"A",,"G",494,"A",,1
104346,"R",110509,"A",,"A",,"G",3684,"A",,"G",3684,"A",,2
104364,"R",19947,"A",,"R",107,"G",443,"G",3,"G",443,"G",3,2
104391,"A",,"R",20670,"A",,"G",23,"A",,"G",23,"A",,1
104425,"R",199841,"A",,"A",,"G",6661,"A",,"R",6629,"A",,2
104434,"A",,"R",85074,"A",,"G",95,"A",,"G",95,"A",,1
104443,"A",,"R",155101,"A",,"G",172,"A",,"G",172,"A",,1
104504,"A",,"R",44723,"A",,"G",50,"A",,"G",50,"A",,1
104522,"A",,"R",49500,"A",,"G",55,"A",,"G",55,"A",,1
104531,"R",47343,"A",,"R",6330,"G",1578,"G",264,"G",1578,"G",264,2
104568,"A",,"R",380700,"A",,"G",423,"A",,"G",423,"A",,1
104577,"R",90852,"A",,"A",,"G",3028,"A",,"G",3028,"A",,2
104586,"R",45697,"A",,"R",418,"G",1523,"G",17,"G",1523,"G",17,2
104708,"R",316829,"A",,"A",,"G",10561,"A",,"G",10561,"A",,2
104717,"R",60419,"A",,"R",118586,"G",2014,"G",4941,"G",2014,"G",4941,2
104805,"A",,"R",5478300,"A",,"G",6087,"A",,"G",6087,"A",,1
104911,"A",,"R",52754,"A",,"G",59,"A",,"G",59,"A",,1
104984,"R",18160,"A",,"A",,"G",404,"A",,"G",404,"A",,2
105118,"R",20436,"A",,"A",,"G",681,"A",,"G",681,"A",,2
105127,"A",,"R",79562,"A",,"G",88,"A",,"G",88,"A",,1
105145,"R",115389,"A",,"A",,"G",3846,"A",,"G",3846,"A",,2
105154,"R",449955,"A",,"A",,"G",14999,"A",,"G",14999,"A",,2
105163,"R",19108,"A",,"A",,"G",425,"A",,"G",425,"A",,2
105172,"R",35532,"A",,"A",,"G",790,"A",,"G",790,"A",,2
105206,"R",87968,"A",,"A",,"G",2932,"A",,"G",2932,"A",,2
105215,"R",121684,"A",,"A",,"G",4056,"A",,"G",4056,"A",,2
105242,"P",,"P",146322,"P",0,"P",163,"P",0,"P",163,"P",0,1
105297,"R",35656,"A",,"A",,"G",1189,"A",,"G",1189,"A",,2
105330,"R",359722,"A",,"R",97051,"G",11991,"G",4044,"R",13380,"R",4852,2
105349,"R",70622,"A",,"A",,"G",2354,"A",,"G",2354,"A",,2
105367,"R",22421,"A",,"R",15310,"G",747,"G",638,"R",747,"R",851,2
105419,"A",,"R",210928,"A",,"G",234,"A",,"G",234,"A",,1
105428,"R",196367,"A",,"A",,"G",6546,"A",,"G",6546,"A",,2
105482,"R",6800,"A",,"A",,"G",227,"A",,"G",227,"A",,2
105516,"R",117122,"A",,"R",65216,"G",3904,"G",2717,"G",3904,"G",2717,2
105525,"R",553330,"R",207360,"A",,"G",18675,"A",,"R",18768,"A",,3
105534,"A",,"R",738132,"A",,"G",820,"A",,"G",820,"A",,1
105543,"A",,"R",556346,"A",,"G",618,"A",,"G",618,"A",,1
105589,"R",34215,"A",,"R",6087,"G",1141,"G",254,"G",1141,"G",254,2
105659,"R",3045,"R",296600,"A",,"G",431,"A",,"R",456,"A",,3
105668,"R",348600,"A",,"A",,"G",11620,"A",,"G",11620,"A",,2
105677,"A",,"R",61600,"A",,"G",68,"A",,"R",70,"A",,1
105701,"A",,"R",64800,"A",,"G",72,"A",,"G",72,"A",,1
105747,"R",180192,"A",,"A",,"G",6006,"A",,"G",6006,"A",,2
105792,"R",62006,"A",,"A",,"G",2067,"A",,"G",2067,"A",,2
105880,"R",9673,"A",,"Z",0,"G",322,"A",,"R",322,"A",,2
105899,"R",7651,"A",,"A",,"G",255,"A",,"G",255,"A",,2
105987,"A",,"R",304400,"A",,"G",338,"A",,"G",338,"A",,1
106041,"R",224842,"A",,"A",,"G",7495,"A",,"G",7495,"A",,2
106102,"R",1037444,"A",,"R",10360,"G",34581,"G",432,"G",34581,"G",432,2
106111,"A",,"R",210146,"A",,"G",233,"A",,"G",233,"A",,1
106148,"R",103125,"A",,"A",,"G",3438,"A",,"G",3438,"A",,2
106245,"R",218043,"A",,"R",32144,"G",7268,"G",1339,"G",7268,"G",1339,2
106263,"R",23243,"A",,"R",8060,"G",775,"G",336,"G",775,"G",336,2
106281,"A",,"R",46256,"A",,"G",51,"A",,"G",51,"A",,1
106306,"R",3615,"A",,"A",,"G",121,"A",,"G",121,"A",,2
106315,"A",,"R",100200,"A",,"G",111,"A",,"G",111,"A",,1
106324,"A",,"R",55500,"A",,"G",62,"A",,"G",62,"A",,1
106342,"R",13718,"A",,"A",,"G",457,"A",,"G",457,"A",,2
106351,"A",,"R",117900,"A",,"G",131,"A",,"G",131,"A",,1
106360,"A",,"R",175500,"A",,"G",195,"A",,"G",195,"A",,1
106397,"R",390379,"A",,"R",54277,"G",13013,"G",2262,"G",13013,"G",2262,2
106412,"R",87602,"A",,"R",1748,"G",2920,"G",73,"G",2920,"G",73,2
106449,"R",88562,"A",,"A",,"G",2952,"A",,"G",2952,"A",,2
106458,"R",242751,"A",,"R",22771,"G",8092,"G",949,"G",8092,"G",949,2
106467,"R",179434,"A",,"R",9740,"G",5981,"G",406,"G",5981,"G",406,2
106485,"R",74801,"A",,"R",2676,"G",2493,"G",112,"G",2493,"G",112,2
106494,"A",,"R",213000,"A",,"G",237,"A",,"G",237,"A",,1
106546,"A",,"R",679965,"A",,"G",756,"A",,"G",756,"A",,1
106607,"A",,"R",48300,"A",,"G",54,"A",,"G",54,"A",,1
106625,"R",43410,"A",,"A",,"G",1447,"A",,"G",1447,"A",,2
106704,"R",290543,"A",,"R",26823,"G",9685,"G",1118,"G",9685,"G",1118,2
106713,"R",11327,"A",,"A",,"G",378,"A",,"G",378,"A",,2
106759,"A",,"R",28500,"A",,"G",32,"A",,"G",32,"A",,1
106795,"R",21828,"A",,"A",,"G",728,"A",,"G",728,"A",,2
106810,"R",3321,"A",,"A",,"G",111,"A",,"G",111,"A",,2
106829,"R",5780,"R",132590,"A",,"G",340,"A",,"R",293,"A",,3
106838,"R",1500,"A",,"A",,"G",50,"A",,"G",50,"A",,2
106883,"R",31119,"A",,"A",,"G",1037,"A",,"G",1037,"A",,2
106892,"A",,"R",292576,"A",,"G",325,"A",,"G",325,"A",,1
106908,"A",,"R",42000,"A",,"G",47,"A",,"G",47,"A",,1
106980,"R",56447,"A",,"A",,"G",1882,"A",,"G",1882,"A",,2
106999,"R",30235,"A",,"A",,"G",1008,"A",,"G",1008,"A",,2
107044,"R",121942,"A",,"R",21234,"G",4065,"G",885,"G",4065,"G",885,2
107071,"R",40920,"A",,"R",6073,"G",1364,"G",253,"G",1364,"G",253,2
107080,"R",30668,"A",,"R",232,"G",1022,"G",10,"R",1029,"R",10,2
107099,"A",,"R",74921,"A",,"G",83,"A",,"G",83,"A",,1
107123,"A",,"R",60280,"A",,"G",67,"A",,"G",67,"A",,1
107141,"R",51042,"A",,"R",4942,"G",1701,"G",206,"G",1701,"G",206,2
107211,"A",,"R",50000,"A",,"G",56,"A",,"R",56,"A",,1
107220,"A",,"R",157500,"A",,"G",175,"A",,"G",175,"A",,1
107275,"A",,"R",13199,"A",,"G",15,"A",,"G",15,"A",,1
107293,"A",,"R",54900,"A",,"G",61,"A",,"G",61,"A",,1
107318,"R",25800,"A",,"A",,"G",860,"A",,"G",860,"A",,2
107327,"R",40139,"A",,"A",,"G",1338,"A",,"G",1338,"A",,2
107363,"A",,"R",58500,"A",,"G",65,"A",,"G",65,"A",,1
107442,"A",,"R",52200,"A",,"G",58,"A",,"G",58,"A",,1
107460,"R",48018,"A",,"A",,"G",1601,"A",,"G",1601,"A",,2
107488,"R",10317,"A",,"A",,"G",344,"A",,"G",344,"A",,2
107512,"R",41640,"A",,"A",,"G",1388,"A",,"G",1388,"A",,2
107521,"R",26443,"A",,"A",,"G",881,"A",,"R",881,"A",,2
107549,"R",20212,"A",,"A",,"G",674,"A",,"G",674,"A",,2
107558,"R",18093,"A",,"A",,"G",603,"A",,"G",603,"A",,2
107585,"R",34637,"A",,"A",,"G",1155,"A",,"R",1155,"A",,2
107600,"R",19554,"A",,"A",,"G",652,"A",,"G",652,"A",,2
107619,"R",43735,"A",,"A",,"G",1458,"A",,"G",1458,"A",,2
107637,"R",46939,"A",,"A",,"G",1565,"A",,"G",1565,"A",,2
107655,"A",,"R",57000,"A",,"G",63,"A",,"G",63,"A",,1
107664,"R",176503,"A",,"A",,"G",5883,"A",,"G",5883,"A",,2
107725,"R",24751,"A",,"A",,"G",825,"A",,"G",825,"A",,2
107743,"R",15623,"A",,"A",,"G",521,"A",,"G",521,"A",,2
107789,"A",,"R",61300,"A",,"G",68,"A",,"G",68,"A",,1
107831,"A",,"R",89667,"A",,"G",100,"A",,"G",100,"A",,1
107877,"R",15690,"A",,"A",,"G",523,"A",,"G",523,"A",,2
107974,"R",32146,"A",,"A",,"G",1072,"A",,"G",1072,"A",,2
107983,"R",80325,"A",,"R",3934,"G",2678,"G",164,"G",2678,"G",164,2
107992,"R",32129,"A",,"A",,"G",1071,"A",,"G",1071,"A",,2
108065,"A",,"R",18432,"A",,"G",20,"A",,"G",20,"A",,1
108092,"R",151483,"A",,"A",,"G",5049,"A",,"G",5049,"A",,2
108232,"R",164797,"A",,"R",33954,"G",5493,"G",1415,"G",5493,"G",1415,2
108250,"R",27500,"A",,"A",,"G",611,"A",,"G",611,"A",,2
108269,"A",,"A",,"R",3025,"A",,"G",126,"A",,"G",126,2
108287,"A",,"R",23070,"A",,"G",26,"A",,"G",26,"A",,1
108348,"R",720,"A",,"A",,"G",24,"A",,"G",24,"A",,2
108649,"A",,"R",133682,"A",,"G",149,"A",,"G",149,"A",,1
108667,"R",75533,"R",7873,"A",,"G",2527,"A",,"G",2527,"A",,3
108807,"R",172846,"R",282023,"A",,"G",6075,"A",,"G",6075,"A",,3
108852,"R",16650,"A",,"A",,"G",555,"A",,"G",555,"A",,2
108861,"A",,"A",,"R",1376,"A",,"G",57,"A",,"G",57,2
108870,"A",,"A",,"R",7616,"A",,"G",317,"A",,"G",317,2
108977,"A",,"R",48965,"A",,"G",54,"A",,"R",47,"A",,1
109013,"R",86718,"A",,"R",3164,"G",1927,"G",88,"G",1927,"G",88,2
109040,"A",,"R",1272868,"A",,"G",1414,"A",,"G",1414,"A",,1
109086,"R",878,"A",,"R",5711,"G",29,"G",238,"G",29,"G",238,2
109208,"R",447912,"R",627014,"A",,"G",15627,"A",,"G",15627,"A",,3
109332,"A",,"R",412054,"A",,"G",458,"A",,"G",458,"A",,1
109350,"R",189464,"R",8235,"A",,"G",6325,"A",,"G",6325,"A",,3
109651,"R",55095,"A",,"R",5643,"G",1837,"G",235,"R",1334,"R",117,2
109721,"A",,"R",214000,"A",,"G",238,"A",,"G",238,"A",,1
109730,"A",,"R",58440,"A",,"G",65,"A",,"G",65,"A",,1
109785,"R",148585,"A",,"R",74791,"G",4953,"G",3116,"G",4953,"G",3116,2
109819,"R",256822,"R",162771,"A",,"G",8742,"A",,"G",8742,"A",,3
109891,"A",,"R",68770,"A",,"G",76,"A",,"G",76,"A",,1
109907,"R",48846,"R",43651,"A",,"G",1677,"A",,"G",1677,"A",,3
109934,"A",,"R",210987,"A",,"G",234,"A",,"G",234,"A",,1
110051,"R",12987,"A",,"R",1487,"G",433,"G",62,"G",433,"G",62,2
110060,"R",6006,"A",,"R",939,"G",200,"G",39,"G",200,"G",39,2
110097,"R",108545,"A",,"R",21248,"G",3618,"G",885,"R",3640,"R",1100,2
110176,"R",42582,"A",,"A",,"G",946,"A",,"G",946,"A",,2
110185,"R",134658,"A",,"R",1630,"G",4489,"G",68,"G",4489,"G",68,2
110194,"A",,"R",62903,"A",,"G",70,"A",,"G",70,"A",,1
110219,"R",12793,"A",,"A",,"G",284,"A",,"G",284,"A",,2
110246,"R",286201,"R",145029,"A",,"G",9701,"A",,"G",9701,"A",,3
110307,"A",,"A",,"R",8976,"A",,"G",374,"A",,"R",380,2
110316,"R",2430,"A",,"R",15774,"G",81,"G",657,"R",57,"R",853,2
110334,"R",251509,"R",38941,"A",,"G",8427,"A",,"G",8427,"A",,3
110361,"R",69440,"A",,"R",13636,"G",2315,"G",568,"G",2315,"G",568,2
110370,"R",38094,"A",,"R",9393,"G",1270,"G",391,"G",1270,"G",391,2
110398,"A",,"A",,"R",432,"A",,"G",18,"A",,"G",18,2
110404,"R",40232,"A",,"R",46206,"G",894,"G",1284,"G",894,"G",1284,2
110413,"R",58931,"A",,"R",18772,"G",1964,"G",782,"G",1964,"G",782,2
110422,"R",750736,"A",,"R",33648,"G",16683,"G",935,"G",16683,"G",935,2
110440,"A",,"A",,"R",8839,"A",,"G",368,"A",,"G",368,2
110459,"A",,"A",,"R",16807,"A",,"G",700,"A",,"G",700,2
110468,"R",6789,"A",,"R",28341,"G",226,"G",1181,"G",226,"G",1181,2
110477,"A",,"A",,"R",18832,"A",,"G",785,"A",,"R",628,2
110486,"R",247506,"A",,"R",45947,"G",5500,"G",1276,"G",5500,"G",1276,2
110495,"R",171601,"A",,"R",30378,"G",5720,"G",1266,"G",5720,"G",1266,2
110510,"R",510186,"A",,"R",99853,"G",11337,"G",2774,"G",11337,"G",2774,2
110529,"R",744715,"A",,"R",49108,"G",16549,"G",1364,"G",16549,"G",1364,2
110538,"R",404250,"A",,"R",31949,"G",13475,"G",1331,"G",13475,"G",1331,2
110547,"R",204353,"A",,"R",57189,"G",6812,"G",2383,"G",6812,"G",2383,2
110556,"R",471483,"A",,"R",52426,"G",15716,"G",2184,"G",15716,"G",2184,2
110565,"R",721027,"A",,"R",94592,"G",24034,"G",3941,"G",24034,"G",3941,2
110574,"R",397993,"A",,"R",106891,"G",8844,"G",2969,"G",8844,"G",2969,2
110583,"R",733507,"A",,"R",99550,"G",24450,"G",4148,"G",24450,"G",4148,2
110592,"R",602067,"A",,"R",138579,"G",13379,"G",3849,"G",13379,"G",3849,2
110608,"R",657355,"A",,"R",97454,"G",21912,"G",4061,"G",21912,"G",4061,2
110617,"R",576158,"A",,"R",92995,"G",19205,"G",3875,"G",19205,"G",3875,2
110635,"R",724577,"A",,"R",207801,"G",24153,"G",8658,"G",24153,"G",8658,2
110644,"R",1053026,"A",,"R",164144,"G",23401,"G",4560,"G",23401,"G",4560,2
110653,"R",942347,"A",,"R",159486,"G",20941,"G",4430,"G",20941,"G",4430,2
110662,"R",1133097,"A",,"R",352787,"G",25180,"G",9800,"G",25180,"G",9800,2
110671,"R",638542,"A",,"R",79350,"G",14190,"G",2204,"G",14190,"G",2204,2
110680,"R",950711,"A",,"R",163123,"G",21127,"G",4531,"G",21127,"G",4531,2
110699,"Z",,"A",,"R",48516,"A",,"G",1348,"A",,"G",1348,2
110705,"R",839962,"A",,"R",117782,"G",18666,"G",3272,"G",18666,"G",3272,2
110714,"R",620417,"A",,"R",53224,"G",13787,"G",1478,"G",13787,"G",1478,2
110778,"A",,"A",,"R",10511,"A",,"G",292,"A",,"G",292,2
110875,"A",,"R",156580,"A",,"G",174,"A",,"R",213,"A",,1
110918,"R",875,"A",,"A",,"G",29,"A",,"R",36,"A",,2
110945,"R",13650,"A",,"A",,"G",455,"A",,"G",455,"A",,2
111009,"R",96576,"A",,"A",,"G",3219,"A",,"G",3219,"A",,2
111054,"A",,"R",342400,"A",,"G",380,"A",,"G",380,"A",,1
111081,"R",24463,"A",,"R",11857,"G",815,"G",494,"G",815,"G",494,2
111188,"R",28588,"A",,"A",,"G",953,"A",,"G",953,"A",,2
111391,"A",,"A",,"R",562,"A",,"G",23,"A",,"G",23,2
111434,"R",69074,"R",35258,"A",,"G",2342,"A",,"G",2342,"A",,3
111461,"R",257911,"R",29970,"A",,"G",8630,"A",,"G",8630,"A",,3
111513,"A",,"R",176867,"A",,"G",197,"A",,"G",197,"A",,1
111638,"R",1012,"R",572065,"A",,"G",669,"A",,"G",669,"A",,3
111708,"A",,"R",259200,"A",,"G",288,"A",,"G",288,"A",,1
111717,"A",,"R",602640,"A",,"G",670,"A",,"G",670,"A",,1
111726,"A",,"R",470070,"A",,"G",522,"A",,"G",522,"A",,1
111744,"A",,"R",133700,"A",,"G",149,"A",,"G",149,"A",,1
111762,"A",,"R",181980,"A",,"G",202,"A",,"G",202,"A",,1
111771,"A",,"R",185310,"A",,"G",206,"A",,"G",206,"A",,1
111799,"A",,"R",176970,"A",,"G",197,"A",,"G",197,"A",,1
111887,"R",368107,"R",298041,"A",,"G",12601,"A",,"G",12601,"A",,3
111896,"R",60518,"R",12482,"A",,"G",2031,"A",,"G",2031,"A",,3
111920,"R",214147,"R",62502,"A",,"G",7208,"A",,"G",7208,"A",,3
111939,"R",302703,"R",48129,"A",,"G",10144,"A",,"R",11461,"A",,3
111948,"R",116444,"A",,"R",28608,"G",3881,"G",1192,"G",3881,"G",1192,2
111966,"R",3673,"A",,"R",297,"G",122,"G",12,"G",122,"G",12,2
112075,"R",40001,"A",,"R",9738,"G",1333,"G",406,"R",1668,"R",541,2
112084,"R",7500,"A",,"R",300,"G",250,"G",13,"G",250,"G",13,2
112127,"A",,"A",,"R",2319,"A",,"G",97,"A",,"G",97,2
112172,"R",232649,"R",19645,"A",,"G",7777,"A",,"G",7777,"A",,3
112190,"R",458876,"R",1575917,"A",,"G",17047,"A",,"G",17047,"A",,3
112251,"A",,"A",,"R",25314,"A",,"G",1055,"A",,"R",1143,2
112260,"R",34198,"A",,"A",,"G",1140,"A",,"G",1140,"A",,2
112288,"A",,"R",259150,"A",,"G",288,"A",,"G",288,"A",,1
112312,"R",4955,"R",0,"A",,"G",165,"A",,"G",165,"A",,3
112367,"A",,"R",296953,"A",,"G",330,"A",,"G",330,"A",,1
112385,"R",89990,"R",5456,"A",,"G",3006,"A",,"G",3006,"A",,3
112394,"R",5368,"A",,"A",,"G",179,"A",,"R",179,"A",,2
112446,"R",28424,"A",,"R",695,"G",632,"G",19,"R",700,"R",21,2
112455,"A",,"R",140800,"A",,"G",156,"A",,"G",156,"A",,1
112516,"R",16492,"A",,"A",,"G",550,"A",,"G",550,"A",,2
112525,"A",,"A",,"R",17737,"A",,"G",739,"A",,"R",500,2
112561,"R",45677,"R",879,"A",,"G",1524,"A",,"G",1524,"A",,3
112570,"R",10700,"A",,"A",,"G",238,"A",,"G",238,"A",,2
112686,"R",87083,"R",190810,"A",,"G",3115,"A",,"G",3115,"A",,3
112783,"A",,"R",885535,"A",,"G",984,"A",,"R",1068,"A",,1
112826,"R",115233,"R",237452,"A",,"G",4105,"A",,"G",4105,"A",,3
113096,"R",195322,"A",,"A",,"G",6511,"A",,"G",6511,"A",,2
113111,"R",88532,"R",598908,"A",,"G",3617,"A",,"R",3479,"A",,3
113193,"R",201643,"R",5542,"A",,"G",6728,"A",,"G",6728,"A",,3
113218,"R",104433,"R",97803,"A",,"G",3590,"A",,"G",3590,"A",,3
113227,"A",,"R",324682,"A",,"G",361,"A",,"G",361,"A",,1
113236,"R",238206,"R",5522,"A",,"G",7946,"A",,"G",7946,"A",,3
113333,"R",643718,"R",18872,"A",,"G",14326,"A",,"R",21200,"A",,3
113449,"A",,"R",177400,"A",,"G",197,"A",,"G",197,"A",,1
113537,"R",0,"R",19800,"R",970,"G",22,"G",40,"R",22,"R",25,3
113573,"R",138170,"R",17074,"A",,"G",4625,"A",,"G",4625,"A",,3
113582,"A",,"R",180405,"A",,"G",200,"A",,"G",200,"A",,1
113607,"R",164246,"A",,"R",15041,"G",5475,"G",627,"G",5475,"G",627,2
113634,"R",366240,"R",58223,"A",,"G",12273,"A",,"G",12273,"A",,3
113698,"R",36616,"A",,"R",10432,"G",1221,"G",435,"G",1221,"G",435,2
113704,"R",126,"A",,"R",1512,"G",4,"G",63,"G",4,"G",63,2
113713,"R",6952,"A",,"A",,"G",232,"A",,"G",232,"A",,2
113856,"R",440746,"R",4653,"A",,"G",14697,"A",,"R",18338,"A",,3
113908,"A",,"R",62800,"A",,"G",70,"A",,"G",70,"A",,1
113980,"R",405277,"R",48896,"A",,"G",13564,"A",,"G",13564,"A",,3
114044,"P",,"P",60010,"P",0,"P",67,"P",0,"P",67,"P",0,1
114062,"A",,"R",186954,"A",,"G",208,"A",,"G",208,"A",,1
114071,"A",,"R",286829,"A",,"G",319,"A",,"G",319,"A",,1
114080,"A",,"R",302007,"A",,"G",336,"A",,"G",336,"A",,1
114114,"A",,"A",,"R",13003,"A",,"G",361,"A",,"G",361,2
114123,"A",,"R",910000,"A",,"G",1011,"A",,"G",1011,"A",,1
114266,"R",141932,"R",215439,"A",,"G",4970,"A",,"G",4970,"A",,3
114345,"A",,"R",49140,"A",,"G",55,"A",,"G",55,"A",,1
114354,"R",150522,"A",,"A",,"G",3345,"A",,"G",3345,"A",,2
114372,"R",1155,"A",,"A",,"G",26,"A",,"G",26,"A",,2
114390,"R",35865,"A",,"A",,"G",797,"A",,"R",797,"A",,2
114415,"R",21844,"A",,"A",,"G",485,"A",,"G",485,"A",,2
114433,"R",40766,"R",665,"A",,"G",1360,"A",,"G",1360,"A",,3
114460,"R",0,"R",312916,"A",,"G",348,"A",,"G",348,"A",,3
114549,"A",,"A",,"R",23619,"A",,"G",984,"A",,"G",984,2
114585,"A",,"A",,"R",4183,"A",,"G",174,"A",,"R",174,2
114628,"A",,"R",251200,"A",,"G",279,"A",,"G",279,"A",,1
114716,"R",357436,"R",112157,"A",,"G",8068,"A",,"R",14788,"A",,3
114734,"A",,"A",,"R",1314,"A",,"G",55,"A",,"G",55,2
114761,"A",,"R",97058,"A",,"G",108,"A",,"G",108,"A",,1
114789,"R",485000,"R",570756,"A",,"G",16801,"A",,"R",16865,"A",,3
114813,"R",42745,"A",,"R",13034,"G",1425,"G",543,"G",1425,"R",724,2
114840,"A",,"A",,"R",60492,"A",,"G",1680,"A",,"G",1680,2
114859,"R",369539,"R",377976,"A",,"G",12738,"A",,"G",12738,"A",,3
114886,"R",5951,"A",,"A",,"G",198,"A",,"G",198,"A",,2
114895,"R",8343,"A",,"A",,"G",278,"A",,"G",278,"A",,2
114938,"R",78074,"R",273032,"A",,"G",2906,"A",,"G",2906,"A",,3
114947,"A",,"R",1368405,"A",,"G",1520,"A",,"G",1520,"A",,1
115001,"R",278005,"R",293851,"A",,"G",9593,"A",,"G",9593,"A",,3
115010,"R",7560,"A",,"A",,"G",252,"A",,"G",252,"A",,2
115083,"R",13735,"A",,"R",28915,"G",458,"G",1205,"G",458,"G",1205,2
115126,"R",233441,"R",5510,"A",,"G",7787,"A",,"G",7787,"A",,3
115214,"A",,"A",,"R",5334,"A",,"G",222,"A",,"G",222,2
115296,"R",298791,"R",301770,"A",,"G",10295,"A",,"G",10295,"A",,3
115357,"A",,"R",56750,"A",,"G",63,"A",,"G",63,"A",,1
115393,"R",137776,"R",322669,"A",,"G",4951,"A",,"G",4951,"A",,3
115409,"R",23592,"A",,"A",,"G",786,"A",,"G",786,"A",,2
115454,"R",26502,"A",,"A",,"G",589,"A",,"R",589,"A",,2
115472,"R",45171,"A",,"A",,"G",1004,"A",,"R",1004,"A",,2
115490,"R",38825,"A",,"A",,"G",863,"A",,"R",863,"A",,2
115515,"R",16597,"A",,"A",,"G",369,"A",,"R",369,"A",,2
115533,"R",41033,"A",,"A",,"G",912,"A",,"R",912,"A",,2
115560,"A",,"R",24560,"A",,"G",27,"A",,"G",27,"A",,1
115658,"A",,"R",156290,"A",,"G",174,"A",,"G",174,"A",,1
115728,"R",16584,"A",,"R",6216,"G",553,"G",259,"G",553,"G",259,2
115746,"A",,"A",,"R",16050,"A",,"G",446,"A",,"R",500,2
115755,"R",189388,"A",,"R",20623,"G",6313,"G",859,"G",6313,"G",859,2
115773,"R",44595,"A",,"A",,"G",991,"A",,"G",991,"A",,2
115861,"R",123351,"R",351455,"A",,"G",4502,"A",,"G",4502,"A",,3
115931,"A",,"R",449080,"A",,"G",499,"A",,"G",499,"A",,1
116040,"R",5731,"R",19120,"A",,"G",212,"A",,"G",212,"A",,3
116226,"R",10244,"R",34100,"A",,"G",266,"A",,"G",266,"A",,3
116350,"A",,"R",75386,"A",,"G",84,"A",,"R",81,"A",,1
116439,"R",171320,"A",,"A",,"G",5711,"A",,"G",5711,"A",,2
116466,"R",35864,"A",,"A",,"G",797,"A",,"G",797,"A",,2
116475,"R",15070,"A",,"A",,"G",335,"A",,"G",335,"A",,2
116484,"R",26760,"A",,"A",,"G",595,"A",,"G",595,"A",,2
116563,"A",,"R",217013,"A",,"G",241,"A",,"G",241,"A",,1
116624,"A",,"A",,"R",3810,"A",,"G",159,"A",,"G",159,2
116712,"R",3036,"A",,"R",7762,"G",67,"G",216,"G",67,"G",216,2
116846,"R",1526,"A",,"R",1632,"G",51,"G",68,"G",51,"G",68,2
117052,"R",260680,"R",47698,"A",,"G",8742,"A",,"G",8742,"A",,3
117104,"R",14200,"A",,"A",,"G",473,"A",,"G",473,"A",,2
117113,"R",99466,"A",,"A",,"G",2210,"A",,"G",2210,"A",,2
117140,"R",105412,"A",,"R",53451,"G",3514,"G",2227,"G",3514,"G",2227,2
117168,"R",9162,"A",,"R",1,"G",305,"R",0,"G",305,"Z",0,2
117186,"P",,"P",63663,"P",0,"P",71,"P",0,"P",71,"P",0,1
117195,"R",54088,"R",35361,"A",,"G",1241,"A",,"G",1241,"A",,3
117238,"A",,"R",299206,"A",,"G",332,"A",,"G",332,"A",,1
117247,"R",156669,"R",48955,"A",,"G",5277,"A",,"G",5277,"A",,3
117274,"R",36280,"R",49520,"A",,"G",1264,"A",,"G",1264,"A",,3
117557,"R",1040,"A",,"R",4500,"G",35,"G",188,"G",35,"G",188,2
117575,"R",1384,"A",,"R",1833,"G",46,"G",76,"G",46,"G",76,2
117627,"R",66248,"A",,"R",8358,"G",1472,"G",232,"G",1472,"G",232,2
117636,"R",48765,"A",,"R",46922,"G",1084,"G",1303,"G",1084,"G",1303,2
117645,"R",388252,"R",45487,"A",,"G",12992,"A",,"G",12992,"A",,3
117672,"A",,"A",,"R",4434,"A",,"G",185,"A",,"G",185,2
117690,"R",160807,"R",2177,"A",,"G",5363,"A",,"G",5363,"A",,3
117706,"R",321520,"R",8652,"A",,"G",10727,"A",,"G",10727,"A",,3
117715,"R",104348,"R",0,"A",,"G",3478,"A",,"G",3478,"A",,3
117724,"R",215859,"R",157903,"A",,"G",7371,"A",,"G",7371,"A",,3
117733,"R",284414,"R",2051,"A",,"G",9483,"A",,"G",9483,"A",,3
117751,"R",41465,"A",,"R",10261,"G",1382,"G",428,"G",1382,"G",428,2
117788,"R",278406,"R",25000,"A",,"G",9308,"A",,"G",9308,"A",,3
117803,"R",5308,"A",,"A",,"G",177,"A",,"G",177,"A",,2
117867,"R",115144,"R",2540,"A",,"G",3841,"A",,"G",3841,"A",,3
117894,"R",114873,"R",779714,"A",,"G",4695,"A",,"G",4695,"A",,3
117928,"R",20111,"A",,"A",,"G",447,"A",,"G",447,"A",,2
117946,"R",172250,"A",,"R",30054,"G",5742,"G",1252,"G",5742,"G",1252,2
118116,"A",,"R",93085,"A",,"G",103,"A",,"G",103,"A",,1
118125,"A",,"R",39535,"A",,"G",44,"A",,"G",44,"A",,1
118134,"A",,"R",235801,"A",,"G",262,"A",,"G",262,"A",,1
118143,"A",,"R",64415,"A",,"G",72,"A",,"G",72,"A",,1
118161,"A",,"R",100105,"A",,"G",111,"A",,"G",111,"A",,1
118189,"R",11307,"R",211260,"A",,"G",612,"A",,"R",247,"A",,3
118198,"A",,"R",660870,"A",,"G",734,"A",,"G",734,"A",,1
118259,"A",,"R",356400,"A",,"G",396,"A",,"G",396,"A",,1
118277,"R",69472,"A",,"A",,"G",2316,"A",,"G",2316,"A",,2
118286,"A",,"R",750000,"A",,"G",833,"A",,"G",833,"A",,1
118347,"R",88173,"R",12496,"A",,"G",2953,"A",,"G",2953,"A",,3
118356,"A",,"R",261506,"A",,"G",291,"A",,"G",291,"A",,1
118374,"A",,"R",190159,"A",,"G",211,"A",,"G",211,"A",,1
118383,"A",,"R",205592,"A",,"G",228,"A",,"G",228,"A",,1
118392,"A",,"R",186570,"A",,"G",207,"A",,"G",207,"A",,1
118417,"A",,"R",198287,"A",,"G",220,"A",,"G",220,"A",,1
118426,"A",,"R",172300,"A",,"G",191,"A",,"G",191,"A",,1
118435,"A",,"R",277730,"A",,"G",309,"A",,"G",309,"A",,1
118444,"A",,"R",239278,"A",,"G",266,"A",,"G",266,"A",,1
118453,"A",,"R",303962,"A",,"G",338,"A",,"G",338,"A",,1
118480,"A",,"R",190665,"A",,"G",212,"A",,"G",212,"A",,1
118541,"R",7555,"A",,"A",,"G",252,"A",,"G",252,"A",,2
118684,"R",58322,"R",42196,"A",,"G",1991,"A",,"G",1991,"A",,3
118693,"R",22909,"A",,"A",,"G",764,"A",,"G",764,"A",,2
118709,"A",,"A",,"R",198,"A",,"G",8,"A",,"G",8,2
118718,"R",161179,"R",289594,"A",,"G",5694,"A",,"G",5694,"A",,3
118772,"R",96887,"R",19437,"A",,"G",3251,"A",,"G",3251,"A",,3
118888,"R",7096,"A",,"R",1592,"G",237,"G",66,"R",887,"R",398,2
118912,"R",172921,"R",70868,"A",,"G",5843,"A",,"G",5843,"A",,3
118921,"A",,"R",137125,"A",,"G",152,"A",,"G",152,"A",,1
118930,"R",121410,"R",8652,"A",,"G",4057,"A",,"G",4057,"A",,3
118958,"A",,"R",95530,"A",,"G",106,"A",,"R",121,"A",,1
118967,"R",0,"R",1374431,"A",,"G",1527,"A",,"G",1527,"A",,3
118976,"R",313943,"R",287147,"A",,"G",10784,"A",,"G",10784,"A",,3
118994,"A",,"R",28500,"A",,"G",32,"A",,"G",32,"A",,1
119058,"R",266,"A",,"R",24185,"G",9,"G",1008,"G",9,"G",1008,2
119067,"R",112351,"R",186376,"A",,"G",3952,"A",,"G",3952,"A",,3
119137,"R",278565,"R",8370,"A",,"G",9295,"A",,"G",9295,"A",,3
119164,"R",450424,"R",555209,"A",,"G",15631,"A",,"G",15631,"A",,3
119173,"R",50384,"A",,"R",7191,"G",1679,"G",300,"G",1679,"G",300,2
119216,"R",198843,"R",402,"A",,"G",6629,"A",,"G",6629,"A",,3
119234,"R",8131,"A",,"A",,"G",181,"A",,"G",181,"A",,2
119270,"R",64577,"A",,"A",,"G",1435,"A",,"G",1435,"A",,2
119331,"R",108059,"R",35365,"A",,"G",3641,"A",,"G",3641,"A",,3
119340,"A",,"R",519680,"A",,"G",577,"A",,"G",577,"A",,1
119359,"A",,"R",588289,"A",,"G",654,"A",,"G",654,"A",,1
119368,"A",,"R",371200,"A",,"G",412,"A",,"G",412,"A",,1
119438,"A",,"R",453080,"A",,"G",503,"A",,"G",503,"A",,1
119456,"A",,"R",701440,"A",,"G",779,"A",,"G",779,"A",,1
119465,"A",,"R",610004,"A",,"G",678,"A",,"G",678,"A",,1
119508,"R",77177,"R",997280,"A",,"G",3681,"A",,"G",3681,"A",,3
119544,"R",9199,"A",,"R",1788,"G",307,"G",75,"G",307,"G",75,2
119553,"R",21024,"A",,"A",,"G",701,"A",,"G",701,"A",,2
119605,"R",151480,"A",,"R",378313,"G",5049,"G",15763,"G",5049,"G",15763,2
119678,"A",,"A",,"R",120259,"A",,"G",3341,"A",,"G",3341,2
119711,"R",14310,"A",,"R",6048,"G",477,"G",252,"G",477,"G",252,2
119775,"R",6851,"A",,"R",9936,"G",152,"G",276,"G",152,"G",276,2
119827,"A",,"R",257449,"A",,"G",286,"A",,"G",286,"A",,1
119845,"A",,"R",329485,"A",,"G",366,"A",,"R",437,"A",,1
119951,"A",,"R",241800,"A",,"G",269,"A",,"G",269,"A",,1
120069,"A",,"R",207813,"A",,"G",231,"A",,"G",231,"A",,1
120078,"A",,"R",380468,"A",,"G",423,"A",,"G",423,"A",,1
120087,"A",,"R",109824,"A",,"G",122,"A",,"G",122,"A",,1
120166,"R",3340,"A",,"R",5970,"G",111,"G",249,"G",111,"G",249,2
120184,"R",23937,"A",,"R",10539,"G",798,"G",439,"G",798,"G",439,2
120254,"R",54768,"A",,"R",620,"G",1826,"G",26,"R",1808,"R",19,2
120272,"A",,"R",144015,"A",,"G",160,"A",,"G",160,"A",,1
120290,"R",148851,"R",46562,"A",,"G",5013,"A",,"G",5013,"A",,3
120342,"R",419663,"R",182,"A",,"G",13989,"A",,"G",13989,"A",,3
120403,"R",32442,"A",,"R",1241,"G",1081,"G",52,"G",1081,"G",52,2
120421,"R",103847,"R",12940,"A",,"G",3476,"A",,"G",3476,"A",,3
120537,"R",6872,"A",,"R",1708,"G",229,"G",71,"G",229,"G",71,2
120661,"A",,"R",386959,"A",,"G",430,"A",,"G",430,"A",,1
120698,"R",48,"A",,"R",10404,"G",1,"G",289,"G",1,"G",289,2
120740,"A",,"A",,"R",3028,"A",,"G",126,"A",,"G",126,2
120768,"R",5641,"A",,"R",11741,"G",188,"G",489,"G",188,"G",489,2
120795,"A",,"A",,"R",4728,"A",,"G",197,"A",,"G",197,2
120838,"R",1584,"A",,"R",1056,"G",35,"G",29,"G",35,"G",29,2
120865,"R",65969,"A",,"R",218,"G",1466,"G",6,"G",1466,"G",6,2
120883,"R",112699,"A",,"R",14166,"G",3757,"G",590,"G",3757,"G",590,2
120953,"R",38645,"R",164014,"A",,"G",1470,"A",,"G",1470,"A",,3
120971,"R",430546,"R",41078,"A",,"G",14397,"A",,"G",14397,"A",,3
121008,"A",,"R",261496,"A",,"G",291,"A",,"G",291,"A",,1
121017,"A",,"R",84800,"A",,"G",94,"A",,"G",94,"A",,1
121044,"R",486171,"R",522065,"A",,"G",16786,"A",,"G",16786,"A",,3
121071,"R",4038,"A",,"R",433,"G",135,"G",18,"G",135,"G",18,2
121150,"R",101544,"A",,"R",79767,"G",3385,"G",3324,"G",3385,"G",3324,2
121257,"R",27189,"A",,"A",,"G",906,"A",,"R",850,"A",,2
121275,"R",8490,"A",,"A",,"G",283,"A",,"G",283,"A",,2
121309,"R",68671,"A",,"R",22670,"G",2289,"G",945,"G",2289,"G",945,2
121345,"R",46722,"A",,"A",,"G",1557,"A",,"G",1557,"A",,2
121363,"R",64843,"R",50199,"A",,"G",2217,"A",,"G",2217,"A",,3
121381,"A",,"R",359766,"A",,"G",400,"A",,"G",400,"A",,1
121433,"A",,"R",115170,"A",,"G",128,"A",,"R",139,"A",,1
121619,"R",281182,"R",1460585,"A",,"G",10996,"A",,"G",10996,"A",,3
121628,"A",,"A",,"R",2882,"A",,"G",80,"A",,"G",80,2
121691,"R",89422,"A",,"R",27384,"G",2981,"G",1141,"G",2981,"G",1141,2
121707,"R",104745,"A",,"A",,"G",3492,"A",,"G",3492,"A",,2
121859,"A",,"R",122154,"A",,"G",136,"A",,"G",136,"A",,1
121868,"A",,"R",99126,"A",,"G",110,"A",,"G",110,"A",,1
121877,"A",,"R",86195,"A",,"G",96,"A",,"G",96,"A",,1
121886,"R",257345,"R",316621,"A",,"G",8930,"A",,"G",8930,"A",,3
121901,"R",511925,"R",116195,"A",,"G",17193,"A",,"G",17193,"A",,3
121983,"R",1302,"A",,"R",14512,"G",43,"G",605,"G",43,"G",605,2
121992,"A",,"R",225291,"A",,"G",250,"A",,"R",296,"A",,1
122117,"Z",,"A",,"R",5400,"A",,"G",150,"A",,"R",150,2
122180,"R",351720,"R",400,"A",,"G",11724,"A",,"G",11724,"A",,3
122205,"R",320796,"R",111675,"A",,"G",10817,"A",,"G",10817,"A",,3
122287,"A",,"A",,"R",2692,"A",,"G",75,"A",,"G",75,2
122296,"R",10486,"A",,"R",17949,"G",350,"G",748,"G",350,"G",748,2
122339,"R",223815,"A",,"A",,"G",7461,"A",,"G",7461,"A",,2
122366,"R",10593,"A",,"A",,"G",353,"A",,"G",353,"A",,2
122375,"R",354941,"R",2100,"A",,"G",11834,"A",,"G",11834,"A",,3
122384,"R",147577,"R",17147,"A",,"G",4938,"A",,"G",4938,"A",,3
122409,"R",700889,"A",,"R",109844,"G",23363,"G",4577,"G",23363,"G",4577,2
122436,"R",144945,"A",,"R",33366,"G",4832,"G",1390,"G",4832,"G",1390,2
122454,"R",10432,"A",,"R",5940,"G",348,"G",248,"G",348,"G",248,2
122506,"R",6153,"A",,"R",3991,"G",205,"G",166,"R",193,"R",135,2
122597,"R",612668,"A",,"R",95652,"G",20422,"G",3986,"G",20422,"G",3986,2
122603,"A",,"A",,"R",5156,"A",,"G",215,"A",,"G",215,2
122612,"R",154153,"A",,"R",66267,"G",5138,"G",2761,"G",5138,"G",2761,2
122658,"R",323510,"R",71664,"A",,"G",10863,"A",,"G",10863,"A",,3
122685,"R",44967,"A",,"A",,"G",1499,"A",,"G",1499,"A",,2
122694,"R",33324,"A",,"A",,"G",1111,"A",,"G",1111,"A",,2
122728,"R",14858,"A",,"R",218,"G",495,"G",9,"G",495,"G",9,2
122746,"R",141406,"R",33496,"A",,"G",4751,"A",,"G",4751,"A",,3
122755,"R",557892,"A",,"R",117348,"G",18596,"G",4890,"G",18596,"G",4890,2
122791,"R",167576,"R",4403,"A",,"G",5591,"A",,"G",5591,"A",,3
122834,"A",,"R",193286,"A",,"G",215,"A",,"G",215,"A",,1
122843,"A",,"R",636087,"A",,"G",707,"A",,"G",707,"A",,1
122852,"A",,"R",128844,"A",,"G",143,"A",,"G",143,"A",,1
122889,"R",294585,"R",183688,"A",,"G",10024,"A",,"G",10024,"A",,3
122931,"R",251773,"A",,"R",50249,"G",5595,"G",1396,"G",5595,"G",1396,2
122977,"R",525076,"R",14518,"A",,"G",17519,"A",,"G",17519,"A",,3
123013,"R",376038,"R",130660,"A",,"G",12680,"A",,"G",12680,"A",,3
123095,"A",,"A",,"R",5359,"A",,"G",223,"A",,"G",223,2
123165,"R",29609,"A",,"R",630,"G",987,"G",26,"R",871,"R",26,2
123208,"A",,"R",1257405,"A",,"G",1397,"A",,"G",1397,"A",,1
123217,"R",180889,"R",59562,"A",,"G",6096,"A",,"G",6096,"A",,3
123280,"R",1840,"A",,"R",148,"G",61,"G",6,"G",61,"G",6,2
123299,"R",159198,"R",19899,"A",,"G",5329,"A",,"G",5329,"A",,3
123341,"R",324533,"R",1934,"A",,"G",10820,"A",,"G",10820,"A",,3
123350,"A",,"R",73360,"A",,"G",82,"A",,"G",82,"A",,1
123396,"A",,"R",198520,"A",,"G",221,"A",,"G",221,"A",,1
123457,"R",25225,"A",,"R",3045,"G",841,"G",127,"G",841,"G",127,2
123484,"R",40551,"R",51854,"A",,"G",1409,"A",,"G",1409,"A",,3
123493,"A",,"R",782133,"A",,"G",869,"A",,"G",869,"A",,1
123509,"R",135125,"R",13572,"A",,"G",4519,"A",,"G",4519,"A",,3
123527,"R",241993,"R",45689,"A",,"G",8117,"A",,"G",8117,"A",,3
123554,"R",76836,"A",,"R",15220,"G",2561,"G",634,"G",2561,"G",634,2
123563,"R",208349,"R",22619,"A",,"G",6970,"A",,"G",6970,"A",,3
123572,"R",181141,"A",,"R",20700,"G",6038,"G",863,"G",6038,"G",863,2
123581,"A",,"R",41040,"A",,"G",46,"A",,"G",46,"A",,1
123633,"R",11565,"A",,"R",21708,"G",257,"G",603,"R",257,"R",603,2
123642,"A",,"R",258336,"A",,"G",287,"A",,"G",287,"A",,1
123651,"R",53644,"A",,"R",4460,"G",1788,"G",186,"G",1788,"G",186,2
123679,"A",,"R",519323,"A",,"G",577,"A",,"G",577,"A",,1
123800,"R",285375,"R",227454,"A",,"G",9765,"A",,"G",9765,"A",,3
123855,"A",,"A",,"R",223,"A",,"G",9,"A",,"G",9,2
123916,"A",,"A",,"R",1146,"A",,"G",48,"A",,"R",65,2
123952,"Z",,"R",215500,"R",5893,"G",239,"G",246,"G",239,"G",246,1
123961,"R",537699,"A",,"R",318287,"G",17923,"G",13262,"G",17923,"G",13262,2
124113,"R",47809,"R",145,"A",,"G",1594,"A",,"G",1594,"A",,3
124283,"A",,"A",,"R",3443,"A",,"G",143,"A",,"G",143,2
124292,"R",12902,"A",,"A",,"G",430,"A",,"R",354,"A",,2
124344,"A",,"R",104293,"A",,"G",116,"A",,"G",116,"A",,1
124487,"R",5479,"A",,"A",,"G",122,"A",,"G",122,"A",,2
124681,"R",72144,"A",,"A",,"G",2405,"A",,"R",3006,"A",,2
124706,"A",,"R",456455,"A",,"G",507,"A",,"G",507,"A",,1
124779,"A",,"R",54600,"A",,"G",61,"A",,"G",61,"A",,1
124919,"A",,"R",29190,"A",,"G",32,"A",,"G",32,"A",,1
124937,"A",,"R",456455,"A",,"G",507,"A",,"G",507,"A",,1
125028,"R",202455,"R",23238,"A",,"G",6774,"A",,"G",6774,"A",,3
125082,"A",,"R",183167,"A",,"G",204,"A",,"G",204,"A",,1
125091,"R",196489,"R",66797,"A",,"G",6624,"A",,"G",6624,"A",,3
125170,"R",52981,"A",,"A",,"G",1766,"A",,"G",1766,"A",,2
125231,"R",27425,"A",,"R",463373,"G",609,"G",12871,"G",609,"G",12871,2
125301,"A",,"R",346060,"A",,"G",385,"A",,"G",385,"A",,1
125462,"R",100442,"R",9955,"A",,"G",3359,"A",,"G",3359,"A",,3
125471,"R",153898,"R",3447,"A",,"G",5134,"A",,"G",5134,"A",,3
125499,"R",168915,"R",1494,"A",,"G",5632,"A",,"G",5632,"A",,3
125532,"R",37098,"A",,"A",,"G",1237,"A",,"G",1237,"A",,2
125718,"A",,"A",,"R",3263,"A",,"G",136,"A",,"R",120,2
125727,"R",39478,"A",,"R",540,"G",1316,"G",23,"G",1316,"R",16,2
125763,"R",30767,"A",,"R",2093,"G",1026,"G",87,"G",1026,"G",87,2
125897,"R",35862,"A",,"R",3708,"G",1195,"G",155,"G",1195,"G",155,2
126012,"A",,"A",,"R",12096,"A",,"G",504,"A",,"G",504,2
126076,"R",3690,"A",,"A",,"G",123,"A",,"G",123,"A",,2
126119,"R",162877,"R",2136416,"A",,"G",7803,"A",,"G",7803,"A",,3
126164,"R",1800,"A",,"A",,"G",60,"A",,"G",60,"A",,2
126182,"R",64459,"A",,"R",53064,"G",2149,"G",2211,"G",2149,"G",2211,2
126207,"R",89005,"A",,"A",,"G",1978,"A",,"R",2967,"A",,2
126261,"R",887,"R",9138,"A",,"G",40,"A",,"G",40,"A",,3
126289,"R",130402,"A",,"A",,"G",4347,"A",,"G",4347,"A",,2
126359,"R",37632,"A",,"A",,"G",836,"A",,"G",836,"A",,2
126401,"R",28440,"A",,"A",,"G",632,"A",,"G",632,"A",,2
126410,"A",,"R",218000,"A",,"G",242,"A",,"G",242,"A",,1
126562,"R",232727,"A",,"R",115356,"G",7758,"G",4807,"G",7758,"G",4807,2
126580,"R",165474,"A",,"R",20585,"G",5516,"G",858,"G",5516,"G",858,2
126605,"A",,"R",596141,"A",,"G",662,"A",,"G",662,"A",,1
126614,"R",752258,"A",,"R",81642,"G",25075,"G",3402,"G",25075,"G",3402,2
126669,"R",27531,"A",,"R",7035,"G",918,"G",293,"G",918,"G",293,2
126678,"R",62048,"A",,"R",896,"G",2068,"G",37,"G",2068,"G",37,2
126687,"A",,"R",484855,"A",,"G",539,"A",,"G",539,"A",,1
126702,"R",100871,"A",,"A",,"G",2242,"A",,"G",2242,"A",,2
126711,"R",80727,"A",,"A",,"G",2691,"A",,"G",2691,"A",,2
126748,"R",23487,"A",,"A",,"G",783,"A",,"G",783,"A",,2
126775,"R",100622,"A",,"R",14059,"G",3354,"G",586,"G",3354,"G",586,2
126784,"A",,"R",128674,"A",,"G",143,"A",,"R",130,"A",,1
126818,"R",608220,"A",,"R",71816,"G",20274,"G",2992,"G",20274,"G",2992,2
126827,"R",55275,"A",,"R",16759,"G",1228,"G",466,"G",1228,"G",466,2
126854,"A",,"R",84706,"A",,"G",94,"A",,"G",94,"A",,1
126863,"R",102816,"A",,"A",,"G",3427,"A",,"R",3481,"A",,2
126872,"R",33865,"A",,"A",,"G",1129,"A",,"G",1129,"A",,2
126915,"R",13722,"A",,"A",,"G",457,"A",,"G",457,"A",,2
126924,"R",11360,"A",,"A",,"G",252,"A",,"G",252,"A",,2
126942,"R",144326,"A",,"A",,"G",4811,"A",,"G",4811,"A",,2
126951,"R",32112,"A",,"A",,"G",1070,"A",,"R",892,"A",,2
126979,"A",,"A",,"R",13550,"A",,"G",565,"A",,"G",565,2
127024,"Z",,"R",4503622,"R",564,"G",5004,"G",16,"G",5004,"G",16,1
127060,"R",224448,"A",,"R",129791,"G",4988,"G",3605,"G",4988,"G",3605,2
127158,"R",96077,"A",,"A",,"G",3203,"A",,"G",3203,"A",,2
127185,"R",111374,"A",,"A",,"G",3712,"A",,"G",3712,"A",,2
127200,"R",293888,"A",,"A",,"G",9796,"A",,"G",9796,"A",,2
127219,"R",2120,"A",,"A",,"G",71,"A",,"G",71,"A",,2
127228,"R",3544,"R",62909,"A",,"G",188,"A",,"G",188,"A",,3
127273,"A",,"A",,"R",2475,"A",,"G",69,"A",,"G",69,2
127316,"R",2717,"A",,"A",,"G",91,"A",,"G",91,"A",,2
127389,"R",20457,"A",,"A",,"G",682,"A",,"G",682,"A",,2
127556,"R",150287,"A",,"R",1024,"G",5010,"G",43,"G",5010,"G",43,2
127565,"R",452612,"A",,"A",,"G",15087,"A",,"G",15087,"A",,2
127617,"R",30607,"A",,"A",,"G",1020,"A",,"G",1020,"A",,2
127653,"R",12390,"A",,"R",12410,"G",413,"G",517,"G",413,"G",517,2
127680,"R",9447,"A",,"A",,"G",210,"A",,"G",210,"A",,2
127699,"R",5781,"A",,"A",,"G",128,"A",,"G",128,"A",,2
127714,"R",11344,"A",,"A",,"G",378,"A",,"G",378,"A",,2
127732,"R",37910,"A",,"A",,"G",1264,"A",,"G",1264,"A",,2
127741,"R",291787,"A",,"R",29418,"G",9726,"G",1226,"G",9726,"G",1226,2
127778,"R",37858,"A",,"A",,"G",1262,"A",,"G",1262,"A",,2
127787,"A",,"R",147430,"A",,"G",164,"A",,"G",164,"A",,1
127820,"R",219512,"A",,"A",,"G",7317,"A",,"G",7317,"A",,2
127839,"R",25683,"A",,"A",,"G",856,"A",,"G",856,"A",,2
127884,"R",110092,"A",,"A",,"G",3670,"A",,"G",3670,"A",,2
127909,"R",127480,"A",,"A",,"G",4249,"A",,"G",4249,"A",,2
127918,"R",140824,"A",,"R",80788,"G",4694,"G",3366,"R",4440,"R",4488,2
127945,"R",12600,"A",,"A",,"G",420,"A",,"G",420,"A",,2
127954,"A",,"R",20700,"R",55450,"G",23,"G",2310,"G",23,"G",2310,1
128036,"A",,"R",378563,"A",,"G",421,"A",,"R",439,"A",,1
128106,"R",124619,"A",,"R",9030,"G",4154,"G",376,"G",4154,"G",376,2
128151,"R",19455,"A",,"A",,"G",649,"A",,"G",649,"A",,2
128179,"R",11995,"A",,"A",,"G",400,"A",,"R",400,"A",,2
128188,"R",20520,"A",,"A",,"G",684,"A",,"G",684,"A",,2
128203,"A",,"R",63263,"A",,"G",70,"A",,"G",70,"A",,1
128258,"R",43436,"A",,"A",,"G",1448,"A",,"G",1448,"A",,2
128328,"R",153240,"A",,"A",,"G",5108,"A",,"G",5108,"A",,2
128337,"A",,"R",129898,"A",,"G",144,"A",,"G",144,"A",,1
128391,"R",60326,"A",,"A",,"G",2011,"A",,"G",2011,"A",,2
128425,"R",420,"A",,"R",90,"G",14,"G",4,"G",14,"G",4,2
128498,"R",50725,"A",,"R",10139,"G",1691,"G",422,"G",1691,"G",422,2
128540,"A",,"R",91259,"A",,"G",101,"A",,"G",101,"A",,1
128577,"R",25407,"A",,"A",,"G",847,"A",,"G",847,"A",,2
128586,"R",1560,"A",,"A",,"G",52,"A",,"G",52,"A",,2
128674,"P",28701,"A",,"P",0,"P",957,"P",0,"P",957,"P",0,2
128683,"R",8354,"A",,"A",,"G",278,"A",,"G",278,"A",,2
128726,"R",3210,"A",,"A",,"G",107,"A",,"G",107,"A",,2
128744,"R",42250,"A",,"R",37993,"G",1408,"G",1583,"G",1408,"G",1583,2
128762,"R",11424,"A",,"A",,"G",381,"A",,"G",381,"A",,2
128771,"R",251075,"A",,"R",28034,"G",8369,"G",1168,"G",8369,"G",1168,2
128780,"R",9195,"A",,"A",,"G",307,"A",,"G",307,"A",,2
128896,"R",8622,"A",,"A",,"G",192,"A",,"R",239,"A",,2
128902,"R",61625,"A",,"R",192,"G",2054,"G",8,"G",2054,"G",8,2
128957,"A",,"R",212921,"A",,"G",237,"A",,"G",237,"A",,1
129002,"R",6156,"A",,"A",,"G",137,"A",,"G",137,"A",,2
129020,"R",478525,"A",,"R",95208,"G",15951,"G",3967,"G",15951,"G",3967,2
129154,"R",32962,"A",,"A",,"G",1099,"A",,"G",1099,"A",,2
129181,"R",44340,"A",,"A",,"G",1478,"A",,"G",1478,"A",,2
129215,"R",125754,"A",,"R",4838,"G",4192,"G",202,"G",4192,"G",202,2
129242,"R",123411,"A",,"R",13244,"G",4114,"G",552,"G",4114,"G",552,2
129349,"A",,"R",331391,"A",,"G",368,"A",,"G",368,"A",,1
129367,"R",57196,"A",,"A",,"G",1907,"A",,"G",1907,"A",,2
129428,"A",,"A",,"R",8686,"A",,"G",362,"A",,"G",362,2
129446,"R",1618,"A",,"A",,"G",54,"A",,"G",54,"A",,2
129482,"R",7041,"A",,"A",,"G",235,"A",,"G",235,"A",,2
129491,"A",,"A",,"R",1999,"A",,"G",83,"A",,"G",83,2
129525,"R",153780,"A",,"R",28851,"G",5126,"G",1202,"G",5126,"G",1202,2
129534,"R",537,"A",,"R",1813,"G",18,"G",76,"G",18,"G",76,2
129543,"R",78350,"A",,"A",,"G",2612,"A",,"G",2612,"A",,2
129613,"R",42750,"A",,"A",,"G",950,"A",,"R",950,"A",,2
129640,"A",,"R",50200,"A",,"G",56,"A",,"G",56,"A",,1
129686,"R",3371,"A",,"R",86,"G",112,"G",4,"G",112,"G",4,2
129695,"R",112959,"A",,"A",,"G",3765,"A",,"G",3765,"A",,2
129729,"R",99332,"A",,"A",,"G",3311,"A",,"G",3311,"A",,2
129756,"R",40998,"A",,"A",,"G",1367,"A",,"G",1367,"A",,2
129774,"R",20358,"A",,"A",,"G",679,"A",,"G",679,"A",,2
129808,"R",62569,"A",,"A",,"G",2086,"A",,"G",2086,"A",,2
129880,"A",,"R",49500,"A",,"G",55,"A",,"G",55,"A",,1
129923,"R",33437,"A",,"A",,"G",1115,"A",,"G",1115,"A",,2
129932,"A",,"R",279765,"A",,"G",311,"A",,"G",311,"A",,1
129941,"R",69380,"A",,"R",34218,"G",2313,"G",1426,"G",2313,"G",1426,2
129969,"R",8580,"A",,"A",,"G",286,"A",,"R",191,"A",,2
130004,"R",103341,"A",,"A",,"G",3445,"A",,"G",3445,"A",,2
130040,"R",23001,"A",,"A",,"G",767,"A",,"G",767,"A",,2
130110,"R",6838,"A",,"A",,"G",228,"A",,"G",228,"A",,2
130129,"A",,"R",138390,"A",,"G",154,"A",,"G",154,"A",,1
130174,"R",59670,"A",,"A",,"G",1326,"A",,"G",1326,"A",,2
130183,"R",30945,"A",,"R",0,"G",1032,"Z",0,"G",1032,"Z",0,2
130217,"R",31497,"A",,"A",,"G",1050,"A",,"G",1050,"A",,2
130226,"R",170665,"A",,"R",24631,"G",5689,"G",1026,"G",5689,"G",1026,2
130253,"R",112076,"A",,"R",29272,"G",3736,"G",1220,"G",3736,"G",1220,2
130271,"R",720,"A",,"A",,"G",24,"A",,"G",24,"A",,2
130314,"R",28782,"A",,"R",10103,"G",959,"G",421,"G",959,"G",421,2
130396,"R",98128,"A",,"A",,"G",3271,"A",,"G",3271,"A",,2
130448,"R",8300,"A",,"A",,"G",277,"A",,"G",277,"A",,2
130493,"R",213711,"A",,"R",58658,"G",7124,"G",2444,"G",7124,"G",2444,2
130509,"R",16138,"A",,"A",,"G",538,"A",,"G",538,"A",,2
130581,"A",,"A",,"R",5195,"A",,"G",216,"A",,"G",216,2
130590,"R",60758,"A",,"R",2191,"G",2025,"G",91,"G",2025,"G",91,2
130606,"R",65352,"A",,"A",,"G",2178,"A",,"G",2178,"A",,2
130624,"R",17605,"A",,"A",,"G",587,"A",,"G",587,"A",,2
130697,"R",97301,"A",,"R",6523,"G",3243,"G",272,"G",3243,"G",272,2
130776,"R",132920,"A",,"R",9789,"G",4431,"G",408,"G",4431,"G",408,2
130785,"A",,"A",,"R",396,"A",,"G",11,"A",,"G",11,2
130794,"R",165123,"A",,"R",109101,"G",5504,"G",4546,"G",5504,"G",4546,2
130837,"A",,"R",57358,"A",,"G",64,"A",,"R",59,"A",,1
130873,"A",,"R",284800,"A",,"G",316,"A",,"G",316,"A",,1
130891,"R",76504,"A",,"A",,"G",2550,"A",,"G",2550,"A",,2
130907,"R",50936,"A",,"A",,"G",1698,"A",,"G",1698,"A",,2
130916,"R",145942,"A",,"A",,"G",4865,"A",,"G",4865,"A",,2
130934,"R",81392,"A",,"R",7693,"G",2713,"G",321,"G",2713,"G",321,2
130943,"R",505410,"A",,"R",58402,"G",16847,"G",2433,"G",16847,"G",2433,2
130989,"R",27794,"A",,"R",4873,"G",926,"G",203,"G",926,"G",203,2
131061,"A",,"R",186172,"A",,"G",207,"A",,"G",207,"A",,1
131098,"R",62444,"A",,"R",2219,"G",2081,"G",92,"G",2081,"G",92,2
131113,"R",111883,"A",,"R",60749,"G",3729,"G",2531,"G",3729,"G",2531,2
131159,"R",176284,"A",,"R",61206,"G",5876,"G",2550,"R",5687,"R",3060,2
131283,"R",92091,"A",,"R",30907,"G",3070,"G",1288,"R",2962,"R",1299,2
131308,"R",13380,"A",,"R",1545,"G",446,"G",64,"G",446,"G",64,2
131399,"R",53032,"A",,"R",1560,"G",1768,"G",65,"R",3535,"R",130,2
131405,"A",,"A",,"R",330,"A",,"G",14,"A",,"G",14,2
131450,"R",33682,"A",,"R",8743,"G",1123,"G",364,"G",1123,"G",364,2
131469,"R",311621,"A",,"R",170567,"G",10387,"G",7107,"G",10387,"G",7107,2
131496,"R",200288,"A",,"R",167506,"G",6676,"G",6979,"G",6676,"G",6979,2
131520,"R",197700,"A",,"R",69802,"G",6590,"G",2908,"G",6590,"G",2908,2
131566,"A",,"R",192000,"A",,"G",213,"A",,"G",213,"A",,1
131742,"A",,"R",1034070,"A",,"G",1149,"A",,"G",1149,"A",,1
131788,"R",16740,"A",,"R",5386,"G",372,"G",150,"G",372,"G",150,2
131803,"R",616023,"A",,"R",203180,"G",13689,"G",5644,"G",13689,"G",5644,2
131830,"R",925,"A",,"A",,"G",31,"A",,"G",31,"A",,2
131876,"R",22342,"A",,"R",13282,"G",745,"G",553,"G",745,"G",553,2
131973,"A",,"A",,"R",8333,"A",,"G",347,"A",,"G",347,2
132268,"A",,"R",718200,"A",,"G",798,"A",,"G",798,"A",,1
132338,"R",125013,"A",,"A",,"G",2778,"A",,"G",2778,"A",,2
132374,"A",,"R",1169100,"A",,"G",1299,"A",,"G",1299,"A",,1
132408,"R",13294,"A",,"A",,"G",443,"A",,"G",443,"A",,2
132471,"R",151510,"A",,"R",85539,"G",5050,"G",3564,"G",5050,"G",3564,2
132523,"A",,"A",,"R",1000,"A",,"G",42,"A",,"G",42,2
132602,"R",87843,"A",,"R",0,"G",2928,"R",0,"R",2928,"R",0,2
132657,"R",71242,"A",,"R",10394,"G",2375,"G",433,"G",2375,"G",433,2
132666,"A",,"R",105185,"A",,"G",117,"A",,"R",117,"A",,1
132675,"A",,"R",140135,"A",,"G",156,"A",,"G",156,"A",,1
132693,"R",260496,"R",730433,"A",,"G",9495,"A",,"G",9495,"A",,3
132709,"R",638607,"R",524320,"A",,"G",21869,"A",,"G",21869,"A",,3
132806,"R",22788,"A",,"A",,"G",760,"A",,"G",760,"A",,2
132842,"R",11538,"A",,"R",13779,"G",385,"G",574,"G",385,"G",574,2
132851,"R",111680,"R",414814,"A",,"G",4184,"A",,"G",4184,"A",,3
132879,"R",7226,"A",,"A",,"G",241,"A",,"G",241,"A",,2
132903,"R",1026844,"A",,"R",117856,"G",34228,"G",4911,"G",34228,"G",4911,2
132976,"A",,"R",1350000,"A",,"G",1500,"A",,"G",1500,"A",,1
133021,"R",41702,"R",190846,"A",,"G",1602,"A",,"G",1602,"A",,3
133085,"R",17417,"A",,"A",,"G",581,"A",,"G",581,"A",,2
133155,"A",,"R",837553,"A",,"G",931,"A",,"G",931,"A",,1
133386,"R",222554,"R",608949,"A",,"G",8095,"A",,"G",8095,"A",,3
133465,"R",7882,"A",,"R",96,"G",175,"G",3,"G",175,"G",3,2
133492,"R",72896,"A",,"A",,"G",2430,"A",,"G",2430,"A",,2
133508,"R",210497,"R",6300,"A",,"G",7024,"A",,"G",7024,"A",,3
133526,"R",23270,"A",,"A",,"G",776,"A",,"G",776,"A",,2
133553,"R",130979,"A",,"R",5551,"G",4366,"G",231,"G",4366,"G",231,2
133650,"R",280241,"A",,"R",19463,"G",9341,"G",811,"R",9341,"R",811,2
133669,"R",507982,"A",,"R",71110,"G",16933,"G",2963,"G",16933,"G",2963,2
133702,"R",472438,"R",1119115,"A",,"G",16991,"A",,"G",16991,"A",,3
133711,"R",80088,"A",,"A",,"G",2670,"A",,"R",2488,"A",,2
133809,"R",13427,"A",,"A",,"G",448,"A",,"G",448,"A",,2
133845,"A",,"R",377736,"A",,"G",420,"A",,"G",420,"A",,1
133854,"A",,"R",331721,"A",,"G",369,"A",,"G",369,"A",,1
133863,"A",,"R",396412,"A",,"G",440,"A",,"G",440,"A",,1
133872,"R",44096,"A",,"A",,"G",1470,"A",,"G",1470,"A",,2
133881,"R",71620,"A",,"R",33140,"G",2387,"G",1381,"G",2387,"G",1381,2
133942,"A",,"R",112392,"A",,"G",125,"A",,"G",125,"A",,1
133951,"R",805004,"A",,"R",109928,"G",26833,"G",4580,"G",26833,"G",4580,2
133960,"R",21112,"R",29640,"A",,"G",737,"A",,"G",737,"A",,3
133979,"R",55607,"A",,"R",1987,"G",1854,"G",83,"G",1854,"G",83,2
133997,"R",271200,"A",,"A",,"G",6027,"A",,"G",6027,"A",,2
134079,"R",56432,"A",,"R",1884,"G",1881,"G",79,"G",1881,"G",79,2
134097,"R",886323,"A",,"R",146110,"G",29544,"G",6088,"G",29544,"G",6088,2
134112,"R",36486,"A",,"A",,"G",1216,"A",,"G",1216,"A",,2
134121,"R",6331,"A",,"A",,"G",211,"A",,"G",211,"A",,2
134130,"R",1026942,"A",,"R",328251,"G",34231,"G",13677,"G",34231,"G",13677,2
134149,"R",95905,"R",0,"R",5848,"G",2131,"G",162,"R",2131,"R",162,3
134228,"A",,"R",36000,"A",,"G",40,"A",,"G",40,"A",,1
134237,"R",361440,"A",,"A",,"G",12048,"A",,"G",12048,"A",,2
134291,"A",,"R",586300,"A",,"G",651,"A",,"R",651,"A",,1
134307,"A",,"R",448875,"A",,"G",499,"A",,"G",499,"A",,1
134343,"R",118691,"R",220635,"A",,"G",4202,"A",,"G",4202,"A",,3
134422,"R",5125,"A",,"A",,"G",114,"A",,"G",114,"A",,2
134495,"R",420690,"R",227125,"A",,"G",14275,"A",,"G",14275,"A",,3
134510,"R",3451,"A",,"A",,"G",115,"A",,"R",127,"A",,2
134574,"A",,"R",77280,"A",,"G",86,"A",,"G",86,"A",,1
134608,"R",222836,"R",978346,"A",,"G",8515,"A",,"G",8515,"A",,3
134680,"R",121697,"A",,"R",76,"G",2704,"G",2,"G",2704,"G",2,2
134714,"A",,"R",202860,"A",,"G",225,"A",,"G",225,"A",,1
134811,"R",100609,"A",,"R",2300,"G",2236,"G",64,"G",2236,"G",64,2
134875,"A",,"R",966000,"A",,"G",1073,"A",,"G",1073,"A",,1
134909,"R",26730,"A",,"A",,"G",594,"A",,"G",594,"A",,2
134945,"R",32220,"A",,"R",22526,"G",1074,"G",939,"G",1074,"G",939,2
135063,"R",16326,"A",,"A",,"G",544,"A",,"G",544,"A",,2
135081,"R",275777,"A",,"A",,"G",9193,"A",,"G",9193,"A",,2
135124,"R",14719,"A",,"A",,"G",491,"A",,"G",491,"A",,2
135142,"A",,"R",280635,"A",,"G",312,"A",,"G",312,"A",,1
135160,"R",50701,"R",465849,"A",,"G",2208,"A",,"G",2208,"A",,3
135179,"A",,"R",619885,"A",,"G",689,"A",,"G",689,"A",,1
135188,"R",67088,"A",,"A",,"G",2236,"A",,"G",2236,"A",,2
135267,"A",,"R",347865,"A",,"G",387,"A",,"G",387,"A",,1
135276,"A",,"R",831747,"A",,"G",924,"A",,"R",924,"A",,1
135294,"A",,"R",1626890,"A",,"G",1808,"A",,"G",1808,"A",,1
135337,"A",,"R",149176,"A",,"G",166,"A",,"G",166,"A",,1
135364,"R",7362,"A",,"R",4944,"G",245,"G",206,"G",245,"G",206,2
135391,"R",196342,"A",,"A",,"G",6545,"A",,"G",6545,"A",,2
135407,"A",,"R",1226539,"A",,"G",1363,"A",,"G",1363,"A",,1
135416,"A",,"R",413258,"A",,"G",459,"A",,"G",459,"A",,1
135522,"A",,"R",894395,"A",,"G",994,"A",,"G",994,"A",,1
135610,"R",5192,"A",,"R",1659,"G",173,"G",69,"G",173,"G",69,2
135647,"A",,"R",3123329,"A",,"G",3470,"A",,"G",3470,"A",,1
135717,"R",1285621,"R",925784,"A",,"G",43883,"A",,"G",43883,"A",,3
135726,"R",314046,"A",,"R",57938,"G",10468,"G",2414,"G",10468,"G",2414,2
135735,"A",,"R",2145745,"A",,"G",2384,"A",,"G",2384,"A",,1
135771,"A",,"R",440063,"A",,"G",489,"A",,"G",489,"A",,1
135939,"R",28119,"A",,"A",,"G",625,"A",,"G",625,"A",,2
135957,"R",64355,"R",837356,"A",,"G",3076,"A",,"G",3076,"A",,3
136011,"R",53310,"R",695921,"A",,"G",2550,"A",,"G",2550,"A",,3
136048,"A",,"R",125412,"A",,"G",139,"A",,"G",139,"A",,1
136066,"R",94950,"A",,"A",,"G",2110,"A",,"G",2110,"A",,2
136075,"R",5227,"A",,"A",,"G",116,"A",,"G",116,"A",,2
136109,"A",,"R",46800,"A",,"G",52,"A",,"G",52,"A",,1
136145,"R",23833,"R",118363,"A",,"G",926,"A",,"G",926,"A",,3
136172,"R",356577,"A",,"R",29508,"G",11886,"G",1230,"G",11886,"G",1230,2
136206,"R",39754,"A",,"A",,"G",883,"A",,"G",883,"A",,2
136215,"R",143078,"A",,"R",350269,"G",4769,"G",14595,"G",4769,"G",14595,2
136233,"R",132957,"R",103638,"A",,"G",4547,"A",,"G",4547,"A",,3
136288,"R",63739,"R",689408,"R",1480,"G",2182,"G",41,"G",2182,"G",41,3
136303,"A",,"R",502258,"A",,"G",558,"A",,"G",558,"A",,1
136330,"R",72427,"A",,"R",17333,"G",2414,"G",722,"G",2414,"G",722,2
136358,"R",397009,"R",753712,"A",,"G",14071,"A",,"G",14071,"A",,3
136400,"R",132025,"R",283845,"A",,"G",4716,"A",,"G",4716,"A",,3
136473,"R",198272,"R",249390,"A",,"G",6886,"A",,"G",6886,"A",,3
136491,"A",,"R",444547,"A",,"G",494,"A",,"G",494,"A",,1
136516,"R",128866,"R",91308,"A",,"G",4397,"A",,"G",4397,"A",,3
136659,"A",,"R",188575,"A",,"G",210,"A",,"G",210,"A",,1
136701,"A",,"A",,"R",1683,"A",,"G",70,"A",,"G",70,2
136738,"A",,"R",785000,"A",,"G",872,"A",,"G",872,"A",,1
136747,"A",,"R",685000,"A",,"G",761,"A",,"G",761,"A",,1
136765,"A",,"R",642600,"A",,"G",714,"A",,"R",714,"A",,1
136774,"R",15651,"A",,"A",,"G",522,"A",,"G",522,"A",,2
136783,"A",,"R",156000,"A",,"G",173,"A",,"G",173,"A",,1
136826,"A",,"R",1649449,"A",,"G",1833,"A",,"G",1833,"A",,1
136950,"R",93341,"A",,"R",16406,"G",3111,"G",684,"G",3111,"G",684,2
136996,"R",2112,"A",,"A",,"G",70,"A",,"G",70,"A",,2
137023,"A",,"R",485525,"A",,"G",539,"A",,"G",539,"A",,1
137032,"R",315516,"A",,"R",18785,"G",10517,"G",783,"G",10517,"G",783,2
137078,"R",481593,"R",35100,"A",,"G",16092,"A",,"G",16092,"A",,3
137087,"A",,"R",1454400,"A",,"G",1616,"A",,"G",1616,"A",,1
137096,"R",316187,"R",237834,"A",,"G",10804,"A",,"G",10804,"A",,3
137120,"A",,"R",213309,"A",,"G",237,"A",,"G",237,"A",,1
137148,"R",1071,"A",,"R",32953,"G",36,"G",1373,"G",36,"G",1373,2
137209,"R",229597,"R",314546,"A",,"G",8003,"A",,"G",8003,"A",,3
137245,"A",,"R",1135800,"A",,"G",1262,"A",,"G",1262,"A",,1
137272,"R",1394,"A",,"R",141,"G",46,"G",6,"G",46,"G",6,2
137281,"R",90198,"R",230310,"A",,"G",3263,"A",,"G",3263,"A",,3
137315,"R",34972,"R",479975,"A",,"G",1699,"A",,"G",1699,"A",,3
137351,"R",918974,"A",,"R",150237,"G",30632,"G",6260,"G",30632,"G",6260,2
137476,"R",50722,"A",,"R",16899,"G",1691,"G",704,"G",1691,"G",704,2
137537,"A",,"R",419580,"A",,"G",466,"A",,"G",466,"A",,1
137546,"R",64839,"A",,"R",7869,"G",2161,"G",328,"G",2161,"G",328,2
137564,"R",70286,"A",,"R",1677,"G",2343,"G",70,"G",2343,"G",70,2
137591,"A",,"R",123820,"A",,"G",138,"A",,"G",138,"A",,1
137625,"A",,"R",47100,"A",,"G",52,"A",,"G",52,"A",,1
137713,"A",,"R",87921,"A",,"G",98,"A",,"G",98,"A",,1
137759,"R",300097,"R",288578,"A",,"G",10324,"A",,"G",10324,"A",,3
137777,"R",930,"A",,"R",180,"G",31,"G",8,"R",31,"R",8,2
137801,"R",80082,"R",883768,"R",1252,"G",2762,"G",35,"G",2762,"G",35,3
137810,"R",43942,"R",479180,"R",1742,"G",1509,"G",48,"G",1509,"G",48,3
137847,"R",138761,"A",,"R",9587,"G",4625,"G",399,"G",4625,"G",399,2
137856,"A",,"R",271800,"A",,"G",302,"A",,"G",302,"A",,1
137865,"A",,"R",266881,"A",,"G",297,"A",,"G",297,"A",,1
137892,"A",,"R",685000,"A",,"G",761,"A",,"G",761,"A",,1
137953,"R",10550,"A",,"R",385,"G",352,"G",16,"G",352,"G",16,2
137962,"R",4500,"A",,"A",,"G",150,"A",,"R",143,"A",,2
138132,"A",,"R",132400,"A",,"G",147,"A",,"G",147,"A",,1
138187,"R",610712,"R",276532,"A",,"G",20664,"A",,"G",20664,"A",,3
138275,"R",28687,"A",,"R",1058,"G",956,"G",44,"G",956,"G",44,2
138284,"A",,"R",502225,"A",,"G",558,"A",,"G",558,"A",,1
138293,"R",15932,"A",,"R",1074,"G",531,"G",45,"G",531,"G",45,2
138309,"R",19630,"A",,"A",,"G",436,"A",,"G",436,"A",,2
138336,"R",16160,"A",,"A",,"G",359,"A",,"G",359,"A",,2
138354,"R",211605,"A",,"R",21900,"G",7054,"G",913,"G",7054,"G",913,2
138372,"A",,"R",729505,"A",,"G",811,"A",,"G",811,"A",,1
138479,"A",,"R",1674900,"A",,"G",1861,"A",,"G",1861,"A",,1
138488,"A",,"R",386099,"A",,"G",429,"A",,"G",429,"A",,1
138497,"A",,"R",242836,"A",,"G",270,"A",,"G",270,"A",,1
138558,"R",82882,"A",,"A",,"G",2763,"A",,"G",2763,"A",,2
138594,"R",37296,"A",,"A",,"G",1243,"A",,"R",1036,"A",,2
138600,"R",27044,"A",,"R",853,"G",901,"G",36,"G",901,"G",36,2
138655,"R",6480,"A",,"A",,"G",216,"A",,"G",216,"A",,2
138664,"R",720,"A",,"A",,"G",24,"A",,"G",24,"A",,2
138682,"R",119548,"A",,"A",,"G",2657,"A",,"G",2657,"A",,2
138691,"R",108792,"A",,"A",,"G",3626,"A",,"G",3626,"A",,2
138716,"R",91928,"A",,"R",7338,"G",3064,"G",306,"G",3064,"G",306,2
138725,"R",30047,"A",,"R",438,"G",668,"G",12,"G",668,"G",12,2
138761,"R",9488,"A",,"A",,"G",316,"A",,"G",316,"A",,2
138789,"R",146651,"A",,"R",13448,"G",4888,"G",560,"G",4888,"G",560,2
138813,"R",120170,"A",,"A",,"G",2670,"A",,"G",2670,"A",,2
138822,"A",,"R",1340588,"A",,"G",1490,"A",,"G",1490,"A",,1
138840,"R",152246,"A",,"A",,"G",3383,"A",,"G",3383,"A",,2
138868,"R",11682,"A",,"A",,"G",389,"A",,"G",389,"A",,2
138901,"R",43955,"A",,"A",,"G",1465,"A",,"G",1465,"A",,2
138938,"A",,"R",379200,"A",,"G",421,"A",,"G",421,"A",,1
138947,"R",111396,"A",,"R",14957,"G",3713,"G",623,"G",3713,"G",623,2
138956,"R",163215,"A",,"A",,"G",3627,"A",,"G",3627,"A",,2
138983,"R",143608,"A",,"R",10146,"G",4787,"G",423,"G",4787,"G",423,2
139010,"R",58560,"A",,"A",,"G",1952,"A",,"G",1952,"A",,2
139074,"R",70235,"A",,"A",,"G",1561,"A",,"G",1561,"A",,2
139092,"A",,"R",71096,"A",,"G",79,"A",,"G",79,"A",,1
139126,"R",49249,"A",,"A",,"G",1094,"A",,"G",1094,"A",,2
139144,"R",55713,"A",,"R",2625,"G",1857,"G",109,"G",1857,"G",109,2
139153,"R",11148,"A",,"A",,"G",372,"A",,"G",372,"A",,2
139199,"R",41713,"A",,"R",11559,"G",1390,"G",482,"G",1390,"G",482,2
139205,"R",31482,"A",,"A",,"G",1049,"A",,"G",1049,"A",,2
139214,"R",10824,"A",,"A",,"G",241,"A",,"G",241,"A",,2
139250,"R",63141,"A",,"A",,"G",2105,"A",,"G",2105,"A",,2
139278,"R",95925,"A",,"A",,"G",2132,"A",,"G",2132,"A",,2
139311,"R",147587,"A",,"R",0,"G",4920,"R",0,"G",4920,"Z",0,2
139348,"A",,"A",,"R",2191,"A",,"G",91,"A",,"G",91,2
139357,"R",131015,"A",,"A",,"G",2911,"A",,"G",2911,"A",,2
139366,"R",170805,"A",,"R",14666,"G",5694,"G",611,"G",5694,"G",611,2
139384,"R",102307,"A",,"A",,"G",2273,"A",,"G",2273,"A",,2
139393,"R",31130,"A",,"R",663,"G",1038,"G",28,"R",1167,"R",66,2
139463,"R",88252,"A",,"A",,"G",2942,"A",,"G",2942,"A",,2
139506,"A",,"R",180000,"A",,"G",200,"A",,"G",200,"A",,1
139533,"R",87185,"A",,"R",23769,"G",2906,"G",990,"G",2906,"G",990,2
139579,"R",61792,"A",,"R",19528,"G",1373,"G",542,"G",1373,"G",542,2
139621,"R",36692,"A",,"A",,"G",1223,"A",,"G",1223,"A",,2
139630,"R",18115,"A",,"A",,"G",604,"A",,"G",604,"A",,2
139658,"R",220022,"A",,"R",117749,"G",7334,"G",4906,"G",7334,"G",4906,2
139700,"R",87028,"A",,"A",,"G",2901,"A",,"G",2901,"A",,2
139719,"R",60243,"A",,"R",3483,"G",2008,"G",145,"G",2008,"G",145,2
139746,"R",5516,"A",,"A",,"G",123,"A",,"G",123,"A",,2
139755,"R",356768,"A",,"R",187109,"G",11892,"G",7796,"G",11892,"G",7796,2
139764,"R",60528,"A",,"R",3327,"G",2018,"G",139,"G",2018,"G",139,2
139773,"R",136240,"A",,"A",,"G",4541,"A",,"G",4541,"A",,2
139861,"R",134178,"A",,"R",16773,"G",4473,"G",699,"G",4473,"G",699,2
139898,"A",,"R",792575,"A",,"G",881,"A",,"G",881,"A",,1
139904,"R",54009,"A",,"A",,"G",1200,"A",,"G",1200,"A",,2
139931,"R",421950,"A",,"R",31395,"G",14065,"G",1308,"G",14065,"G",1308,2
139940,"R",518940,"A",,"R",172909,"G",17298,"G",7205,"G",17298,"G",7205,2
139959,"R",719824,"A",,"R",166374,"G",23994,"G",6932,"G",23994,"G",6932,2
139968,"R",141602,"A",,"A",,"G",4720,"A",,"G",4720,"A",,2
139986,"R",123570,"A",,"A",,"G",2746,"A",,"G",2746,"A",,2
139995,"R",9600,"A",,"A",,"G",213,"A",,"G",213,"A",,2
140003,"R",13601,"A",,"A",,"G",302,"A",,"G",302,"A",,2
140012,"R",149610,"A",,"A",,"G",3325,"A",,"G",3325,"A",,2
140076,"R",57533,"A",,"A",,"G",1279,"A",,"G",1279,"A",,2
140085,"R",93492,"A",,"A",,"G",2078,"A",,"G",2078,"A",,2
140146,"A",,"A",,"R",417,"A",,"G",17,"A",,"G",17,2
140164,"R",432425,"A",,"R",31930,"G",14414,"G",1330,"G",14414,"G",1330,2
140191,"R",10934,"A",,"A",,"G",243,"A",,"G",243,"A",,2
140234,"R",27963,"A",,"R",1770,"G",932,"G",74,"G",932,"G",74,2
140243,"R",113503,"A",,"A",,"G",2522,"A",,"G",2522,"A",,2
140252,"R",21706,"A",,"R",754,"G",482,"G",21,"G",482,"G",21,2
140304,"R",224188,"A",,"A",,"G",4982,"A",,"G",4982,"A",,2
140322,"R",141602,"A",,"A",,"G",4720,"A",,"G",4720,"A",,2
140331,"R",193717,"A",,"A",,"G",4305,"A",,"G",4305,"A",,2
140340,"R",8800,"A",,"A",,"G",293,"A",,"G",293,"A",,2
140401,"R",26115,"A",,"R",13014,"G",871,"G",542,"G",871,"G",542,2
140447,"R",125239,"A",,"R",21546,"G",4175,"G",898,"G",4175,"G",898,2
140483,"R",69707,"A",,"A",,"G",2324,"A",,"G",2324,"A",,2
140553,"R",93316,"A",,"A",,"G",3111,"A",,"R",2854,"A",,2
140562,"A",,"A",,"R",1560,"A",,"G",65,"A",,"G",65,2
140599,"R",77022,"A",,"A",,"G",1712,"A",,"G",1712,"A",,2
140669,"R",117900,"A",,"R",11116,"G",3930,"G",463,"G",3930,"G",463,2
140678,"R",77695,"A",,"A",,"G",1727,"A",,"G",1727,"A",,2
140696,"R",30936,"A",,"R",1352,"G",1031,"G",56,"G",1031,"G",56,2
140711,"A",,"R",49000,"A",,"G",54,"A",,"G",54,"A",,1
140720,"R",24434,"A",,"A",,"G",814,"A",,"G",814,"A",,2
140809,"R",38248,"A",,"A",,"G",850,"A",,"G",850,"A",,2
140818,"R",28674,"A",,"R",25242,"G",956,"G",1052,"G",956,"G",1052,2
140827,"R",7265,"A",,"A",,"G",161,"A",,"G",161,"A",,2
140872,"R",23234,"A",,"A",,"G",774,"A",,"G",774,"A",,2
140942,"R",142522,"A",,"A",,"G",3167,"A",,"G",3167,"A",,2
140951,"R",277554,"A",,"R",47215,"G",6168,"G",1312,"G",6168,"G",1312,2
140960,"R",81777,"A",,"R",2315,"G",2726,"G",96,"G",2726,"G",96,2
140988,"R",30286,"A",,"Z",0,"G",1010,"A",,"G",1010,"A",,2
140997,"R",37771,"A",,"A",,"G",1259,"A",,"G",1259,"A",,2
141006,"R",69068,"A",,"A",,"G",1535,"A",,"G",1535,"A",,2
141015,"R",10028,"A",,"A",,"G",223,"A",,"G",223,"A",,2
141060,"R",68902,"A",,"A",,"G",2297,"A",,"G",2297,"A",,2
141097,"R",89230,"A",,"R",7270,"G",2974,"G",303,"G",2974,"G",303,2
141121,"R",25025,"A",,"A",,"G",556,"A",,"G",556,"A",,2
141158,"R",52881,"A",,"A",,"G",1175,"A",,"G",1175,"A",,2
141167,"R",15427,"A",,"R",2345,"G",514,"G",98,"G",514,"G",98,2
141185,"R",27417,"A",,"A",,"G",914,"A",,"G",914,"A",,2
141228,"R",68250,"A",,"A",,"G",1517,"A",,"G",1517,"A",,2
141237,"R",10510,"A",,"A",,"G",350,"A",,"G",350,"A",,2
141255,"R",92077,"A",,"A",,"G",2046,"A",,"G",2046,"A",,2
141264,"R",252343,"A",,"R",22887,"G",8411,"G",954,"G",8411,"G",954,2
141273,"R",79026,"A",,"A",,"G",1756,"A",,"G",1756,"A",,2
141307,"R",17098,"A",,"A",,"G",570,"A",,"G",570,"A",,2
141325,"R",14323,"A",,"R",1745,"G",477,"G",73,"G",477,"G",73,2
141334,"R",226696,"A",,"R",24839,"G",7557,"G",1035,"G",7557,"G",1035,2
141361,"R",16095,"A",,"A",,"G",537,"A",,"G",537,"A",,2
141468,"R",44934,"A",,"A",,"G",999,"A",,"R",999,"A",,2
141486,"R",60300,"A",,"R",13358,"G",2010,"G",557,"G",2010,"G",557,2
141565,"R",86365,"A",,"R",1470,"G",2879,"G",61,"G",2879,"G",61,2
141574,"R",414373,"A",,"R",65485,"G",13812,"G",2729,"G",13812,"G",2729,2
141583,"R",25440,"A",,"A",,"G",565,"A",,"G",565,"A",,2
141608,"A",,"R",73551,"A",,"G",82,"A",,"G",82,"A",,1
141644,"R",171280,"A",,"R",22962,"G",5709,"G",957,"R",5540,"R",938,2
141671,"A",,"R",87070,"A",,"G",97,"A",,"G",97,"A",,1
141680,"R",70578,"A",,"A",,"G",2353,"A",,"G",2353,"A",,2
141796,"R",134645,"A",,"A",,"G",4488,"A",,"G",4488,"A",,2
141802,"R",17220,"A",,"A",,"G",574,"A",,"G",574,"A",,2
141811,"R",102256,"A",,"A",,"G",3409,"A",,"G",3409,"A",,2
141839,"R",49232,"A",,"A",,"G",1641,"A",,"G",1641,"A",,2
141848,"A",,"R",188325,"A",,"G",209,"A",,"G",209,"A",,1
141857,"A",,"R",244500,"A",,"G",272,"A",,"G",272,"A",,1
141936,"A",,"A",,"R",1924,"A",,"G",80,"A",,"G",80,2
141945,"R",7056,"R",65700,"A",,"G",308,"A",,"G",308,"A",,3
141981,"R",15342,"A",,"A",,"G",511,"A",,"G",511,"A",,2
141990,"R",29800,"A",,"A",,"G",993,"A",,"G",993,"A",,2
142054,"R",19800,"A",,"A",,"G",660,"A",,"G",660,"A",,2
142090,"R",4643,"A",,"A",,"G",155,"A",,"G",155,"A",,2
142115,"R",411093,"A",,"R",25338,"G",13703,"G",1056,"G",13703,"G",1056,2
142124,"A",,"R",90600,"A",,"G",101,"A",,"R",90,"A",,1
142179,"R",17983,"A",,"A",,"G",599,"A",,"G",599,"A",,2
142276,"R",248775,"A",,"R",42595,"G",8293,"G",1775,"G",8293,"G",1775,2
142285,"R",258766,"A",,"R",40640,"G",8626,"G",1693,"G",8626,"G",1693,2
142294,"R",24231,"A",,"R",743,"G",808,"G",31,"G",808,"G",31,2
142328,"R",80183,"A",,"A",,"G",2673,"A",,"G",2673,"A",,2
142337,"R",16996,"A",,"A",,"G",378,"A",,"G",378,"A",,2
142407,"A",,"R",53322,"A",,"G",59,"A",,"G",59,"A",,1
142416,"A",,"R",2000,"A",,"G",2,"A",,"G",2,"A",,1
142443,"R",97342,"A",,"A",,"G",3245,"A",,"G",3245,"A",,2
142461,"R",36633,"A",,"R",8272,"G",1221,"G",345,"G",1221,"G",345,2
142489,"A",,"R",62700,"A",,"G",70,"A",,"G",70,"A",,1
142522,"R",443938,"A",,"A",,"G",14798,"A",,"G",14798,"A",,2
142559,"R",126206,"A",,"A",,"G",4207,"A",,"G",4207,"A",,2
142832,"A",,"A",,"R",11943,"A",,"G",498,"A",,"G",498,2
142869,"A",,"R",110880,"A",,"G",123,"A",,"R",72,"A",,1
142878,"A",,"R",35420,"A",,"G",39,"A",,"G",39,"A",,1
142887,"R",13047,"A",,"R",393,"G",435,"G",16,"G",435,"G",16,2
143048,"R",60772,"A",,"R",15654,"G",2026,"G",652,"G",2026,"G",652,2
143075,"R",41167,"A",,"A",,"G",1372,"A",,"G",1372,"A",,2
143084,"R",72375,"A",,"A",,"G",1608,"A",,"R",2412,"A",,2
143118,"R",55805,"A",,"R",28843,"G",1860,"G",1202,"G",1860,"G",1202,2
143181,"A",,"R",150000,"A",,"G",167,"A",,"G",167,"A",,1
143215,"R",280566,"A",,"A",,"G",9352,"A",,"G",9352,"A",,2
143233,"A",,"A",,"R",1130,"A",,"G",47,"A",,"G",47,2
143279,"R",152031,"A",,"A",,"G",5068,"A",,"G",5068,"A",,2
143288,"R",18302,"A",,"A",,"G",610,"A",,"G",610,"A",,2
143297,"R",5120,"A",,"A",,"G",171,"A",,"G",171,"A",,2
143303,"A",,"R",42000,"A",,"G",47,"A",,"G",47,"A",,1
143358,"R",155882,"A",,"R",14139,"G",5196,"G",589,"G",5196,"G",589,2
143376,"A",,"R",453350,"A",,"G",504,"A",,"G",504,"A",,1
143464,"A",,"R",118099,"A",,"G",131,"A",,"G",131,"A",,1
143473,"A",,"R",173750,"A",,"G",193,"A",,"G",193,"A",,1
143482,"A",,"R",146972,"A",,"G",163,"A",,"G",163,"A",,1
143491,"A",,"R",244993,"A",,"G",272,"A",,"G",272,"A",,1
143516,"A",,"R",220160,"A",,"G",245,"A",,"G",245,"A",,1
143534,"A",,"R",261000,"A",,"G",290,"A",,"G",290,"A",,1
143543,"A",,"R",72313,"A",,"G",80,"A",,"G",80,"A",,1
143552,"A",,"R",107698,"A",,"G",120,"A",,"G",120,"A",,1
143613,"R",73643,"A",,"A",,"G",2455,"A",,"G",2455,"A",,2
143659,"A",,"A",,"R",6409,"A",,"G",267,"A",,"G",267,2
143695,"A",,"R",37050,"A",,"G",41,"A",,"G",41,"A",,1
143853,"R",342,"A",,"R",21899,"G",8,"G",608,"G",8,"G",608,2
143978,"A",,"A",,"R",19724,"A",,"G",822,"A",,"G",822,2
144005,"R",120103,"A",,"R",28670,"G",4003,"G",1195,"G",4003,"G",1195,2
144014,"A",,"A",,"R",275,"A",,"G",11,"A",,"G",11,2
144050,"R",188162,"A",,"R",165006,"G",4181,"G",4584,"G",4181,"G",4584,2
144157,"R",114323,"A",,"A",,"G",3811,"A",,"G",3811,"A",,2
144166,"R",159890,"A",,"A",,"G",5330,"A",,"G",5330,"A",,2
144175,"R",96258,"A",,"A",,"G",3209,"A",,"G",3209,"A",,2
144184,"R",265429,"A",,"A",,"G",8848,"A",,"G",8848,"A",,2
144193,"R",232560,"A",,"A",,"G",7752,"A",,"G",7752,"A",,2
144209,"R",165170,"A",,"A",,"G",5506,"A",,"G",5506,"A",,2
144218,"R",208752,"A",,"A",,"G",6958,"A",,"G",6958,"A",,2
144281,"R",261899,"A",,"R",10949,"G",8730,"G",456,"G",8730,"G",456,2
144351,"R",29298,"A",,"R",29252,"G",977,"G",1219,"G",977,"G",1219,2
144467,"R",45376,"A",,"A",,"G",1513,"A",,"G",1513,"A",,2
144485,"R",36781,"A",,"A",,"G",1226,"A",,"G",1226,"A",,2
144564,"R",63177,"A",,"A",,"G",2106,"A",,"G",2106,"A",,2
144573,"A",,"R",61750,"A",,"G",69,"A",,"G",69,"A",,1
144616,"A",,"R",75850,"A",,"G",84,"A",,"G",84,"A",,1
144740,"R",568844,"A",,"R",138982,"G",12641,"G",3861,"G",12641,"G",3861,2
144759,"R",602003,"A",,"R",137680,"G",20067,"G",5737,"G",20067,"G",5737,2
144795,"A",,"R",92000,"A",,"G",102,"A",,"R",102,"A",,1
144865,"R",522779,"A",,"A",,"G",17426,"A",,"G",17426,"A",,2
144883,"R",40265,"A",,"A",,"G",895,"A",,"G",895,"A",,2
144892,"R",294179,"A",,"R",34275,"G",9806,"G",1428,"G",9806,"G",1428,2
144944,"R",164107,"A",,"A",,"G",5470,"A",,"G",5470,"A",,2
144962,"R",83870,"A",,"R",3776,"G",2796,"G",157,"G",2796,"G",157,2
144971,"R",17695,"A",,"A",,"G",590,"A",,"G",590,"A",,2
145099,"R",3540,"A",,"A",,"G",118,"A",,"G",118,"A",,2
145239,"R",11700,"A",,"A",,"G",390,"A",,"G",390,"A",,2
145275,"A",,"A",,"R",5655,"A",,"G",236,"A",,"R",269,2
145309,"R",4550,"A",,"A",,"G",152,"A",,"G",152,"A",,2
145336,"R",56457,"A",,"R",46178,"G",1882,"G",1924,"G",1882,"G",1924,2
145354,"R",1623,"A",,"A",,"G",54,"A",,"G",54,"A",,2
145372,"R",35085,"A",,"R",3110,"G",1170,"G",130,"G",1170,"G",130,2
145406,"A",,"R",108600,"A",,"G",121,"A",,"G",121,"A",,1
145424,"A",,"R",112711,"A",,"G",125,"A",,"G",125,"A",,1
145433,"A",,"R",111034,"A",,"G",123,"A",,"G",123,"A",,1
145460,"R",53378,"A",,"A",,"G",1779,"A",,"G",1779,"A",,2
145497,"R",13838,"A",,"A",,"G",461,"A",,"G",461,"A",,2
145521,"R",57011,"A",,"A",,"G",1900,"A",,"G",1900,"A",,2
145558,"R",245,"A",,"R",27603,"G",5,"G",767,"G",5,"G",767,2
145600,"R",437899,"A",,"R",161636,"G",14597,"G",6735,"G",14597,"G",6735,2
145619,"R",89497,"A",,"R",34047,"G",2983,"G",1419,"G",2983,"G",1419,2
145637,"R",934467,"A",,"R",273929,"G",31149,"G",11414,"G",31149,"G",11414,2
145646,"R",73217,"A",,"A",,"G",2441,"A",,"R",2142,"A",,2
145682,"R",241762,"A",,"A",,"G",8059,"A",,"G",8059,"A",,2
145691,"R",30785,"A",,"A",,"G",1026,"A",,"G",1026,"A",,2
145707,"R",46998,"A",,"A",,"G",1567,"A",,"G",1567,"A",,2
145725,"R",63296,"A",,"R",48940,"G",2110,"G",2039,"G",2110,"G",2039,2
145770,"R",1953,"A",,"R",22231,"G",65,"G",926,"G",65,"G",926,2
145813,"R",498387,"A",,"R",48097,"G",16613,"G",2004,"G",16613,"G",2004,2
145831,"R",90886,"A",,"A",,"G",3030,"A",,"G",3030,"A",,2
145886,"A",,"A",,"R",1050,"A",,"G",44,"A",,"G",44,2
146010,"R",154808,"A",,"A",,"G",3440,"A",,"G",3440,"A",,2
146205,"R",123292,"A",,"A",,"G",4110,"A",,"G",4110,"A",,2
146214,"A",,"R",12000,"A",,"G",13,"A",,"G",13,"A",,1
146241,"A",,"A",,"R",2596,"A",,"G",108,"A",,"G",108,2
146278,"R",55991,"A",,"A",,"G",1866,"A",,"G",1866,"A",,2
146296,"R",241877,"A",,"A",,"G",8063,"A",,"G",8063,"A",,2
146339,"R",34686,"A",,"R",834,"G",1156,"G",35,"G",1156,"G",35,2
146348,"R",80117,"A",,"A",,"G",2671,"A",,"G",2671,"A",,2
146366,"R",103617,"A",,"A",,"G",3454,"A",,"G",3454,"A",,2
146393,"R",31169,"A",,"A",,"G",693,"A",,"R",600,"A",,2
146418,"R",89413,"A",,"A",,"G",2980,"A",,"G",2980,"A",,2
146427,"R",35579,"A",,"A",,"G",1186,"A",,"G",1186,"A",,2
146454,"A",,"R",71600,"A",,"G",80,"A",,"G",80,"A",,1
146472,"R",275762,"A",,"A",,"G",9192,"A",,"G",9192,"A",,2
146481,"R",42980,"A",,"R",176,"G",1433,"G",7,"G",1433,"G",7,2
146490,"A",,"A",,"R",426,"A",,"G",12,"A",,"G",12,2
146506,"R",179122,"A",,"A",,"G",5971,"A",,"G",5971,"A",,2
146533,"R",7098,"A",,"A",,"G",237,"A",,"G",237,"A",,2
146603,"R",126724,"A",,"A",,"G",4224,"A",,"G",4224,"A",,2
146612,"R",96111,"A",,"R",23897,"G",3204,"G",996,"G",3204,"G",996,2
146621,"R",726,"A",,"A",,"G",24,"A",,"G",24,"A",,2
146667,"R",18506,"A",,"R",2780,"G",617,"G",116,"G",617,"G",116,2
146676,"R",34354,"A",,"A",,"G",1145,"A",,"G",1145,"A",,2
146685,"R",146595,"A",,"A",,"G",4887,"A",,"G",4887,"A",,2
146700,"A",,"R",3239820,"A",,"G",3600,"A",,"G",3600,"A",,1
146719,"R",278813,"A",,"R",63270,"G",9294,"G",2636,"G",9294,"G",2636,2
146728,"A",,"A",,"R",1392,"A",,"G",58,"A",,"G",58,2
146755,"R",4536,"A",,"A",,"G",151,"A",,"G",151,"A",,2
146791,"A",,"R",546570,"A",,"G",607,"A",,"G",607,"A",,1
146807,"A",,"R",62011,"A",,"G",69,"A",,"G",69,"A",,1
146816,"R",2504,"A",,"A",,"G",83,"A",,"R",80,"A",,2
146825,"R",20533,"A",,"A",,"G",684,"A",,"G",684,"A",,2
146977,"A",,"A",,"R",1391,"A",,"G",58,"A",,"R",154,2
147004,"R",121521,"A",,"A",,"G",4051,"A",,"G",4051,"A",,2
147013,"R",64524,"A",,"R",9519,"G",2151,"G",397,"G",2151,"G",397,2
147031,"A",,"A",,"R",2274,"A",,"G",63,"A",,"G",63,2
147129,"R",4672,"A",,"A",,"G",156,"A",,"G",156,"A",,2
147165,"R",22282,"A",,"A",,"G",495,"A",,"G",495,"A",,2
147244,"R",81137,"A",,"R",943,"G",2705,"G",39,"G",2705,"G",39,2
147341,"R",44808,"A",,"A",,"G",1494,"A",,"G",1494,"A",,2
147378,"R",346353,"A",,"A",,"G",11545,"A",,"G",11545,"A",,2
147396,"R",4008,"A",,"A",,"G",134,"A",,"G",134,"A",,2
147411,"R",74933,"A",,"A",,"G",2498,"A",,"G",2498,"A",,2
147439,"A",,"R",83612,"A",,"G",93,"A",,"G",93,"A",,1
147536,"R",76328,"A",,"R",105933,"G",1696,"G",2943,"G",1696,"G",2943,2
147590,"R",2458,"R",52058,"R",27254,"G",140,"G",1136,"G",140,"G",1136,3
147642,"A",,"R",127252,"A",,"G",141,"A",,"G",141,"A",,1
147660,"R",59970,"A",,"R",4449,"G",1333,"G",124,"R",1999,"R",185,2
147679,"R",52673,"A",,"R",10456,"G",1756,"G",436,"G",1756,"G",436,2
147697,"A",,"A",,"R",1320,"A",,"G",37,"A",,"G",37,2
147703,"R",506407,"A",,"R",96724,"G",16880,"G",4030,"G",16880,"G",4030,2
147749,"R",28764,"A",,"A",,"G",639,"A",,"G",639,"A",,2
147767,"R",374122,"A",,"R",237929,"G",8314,"G",6609,"G",8314,"G",6609,2
147776,"R",209589,"A",,"R",40401,"G",6986,"G",1683,"G",6986,"G",1683,2
147800,"R",235606,"A",,"A",,"G",7854,"A",,"G",7854,"A",,2
147819,"A",,"R",131400,"A",,"G",146,"A",,"G",146,"A",,1
147828,"R",85732,"A",,"R",27702,"G",2858,"G",1154,"G",2858,"G",1154,2
147916,"R",207707,"A",,"A",,"G",6924,"A",,"G",6924,"A",,2
147970,"A",,"R",327988,"A",,"G",364,"A",,"G",364,"A",,1
148007,"R",109281,"A",,"A",,"G",3643,"A",,"G",3643,"A",,2
148016,"R",24014,"A",,"A",,"G",534,"A",,"G",534,"A",,2
148098,"A",,"R",51000,"A",,"G",57,"A",,"G",57,"A",,1
148131,"R",31296,"A",,"R",7896,"G",1043,"G",329,"G",1043,"G",329,2
148140,"R",8076,"A",,"A",,"G",179,"A",,"G",179,"A",,2
148177,"R",122107,"A",,"A",,"G",2713,"A",,"G",2713,"A",,2
148256,"R",85149,"A",,"A",,"G",2838,"A",,"G",2838,"A",,2
148292,"R",72732,"A",,"A",,"G",2424,"A",,"G",2424,"A",,2
148335,"R",290170,"A",,"R",1756,"G",6448,"G",49,"G",6448,"G",49,2
148380,"R",169453,"A",,"A",,"G",5648,"A",,"G",5648,"A",,2
148399,"R",21896,"A",,"A",,"G",487,"A",,"G",487,"A",,2
148405,"R",23577,"A",,"R",16802,"G",786,"G",700,"G",786,"G",700,2
148487,"R",78882,"A",,"R",40113,"G",2629,"G",1671,"G",2629,"G",1671,2
148496,"R",37675,"A",,"R",29229,"G",1256,"G",1218,"G",1256,"G",1218,2
148511,"R",14868,"A",,"R",22968,"G",330,"G",638,"G",330,"G",638,2
148575,"R",4485,"A",,"R",222,"G",150,"G",9,"G",150,"G",9,2
148584,"R",50441,"A",,"R",22275,"G",1681,"G",928,"G",1681,"G",928,2
148593,"R",2465,"A",,"A",,"G",82,"A",,"G",82,"A",,2
148627,"R",83043,"A",,"R",39227,"G",2768,"G",1634,"G",2768,"G",1634,2
148654,"R",63869,"A",,"R",29788,"G",2129,"G",1241,"G",2129,"G",1241,2
148672,"R",54732,"A",,"A",,"G",1824,"A",,"G",1824,"A",,2
148724,"A",,"A",,"R",2310,"A",,"G",64,"A",,"G",64,2
148821,"R",53245,"A",,"A",,"G",1775,"A",,"G",1775,"A",,2
148849,"R",2222,"A",,"A",,"G",74,"A",,"R",74,"A",,2
148876,"R",25965,"R",20250,"A",,"G",888,"A",,"G",888,"A",,3
148885,"A",,"A",,"R",8572,"A",,"G",238,"A",,"R",240,2
148919,"A",,"R",3533,"A",,"G",4,"A",,"R",4,"A",,1
148937,"R",63906,"A",,"A",,"G",2130,"A",,"G",2130,"A",,2
148955,"R",4263,"A",,"A",,"G",142,"A",,"G",142,"A",,2
148973,"A",,"R",62400,"A",,"G",69,"A",,"G",69,"A",,1
148982,"A",,"A",,"R",5439,"A",,"G",151,"A",,"G",151,2
148991,"R",45232,"A",,"A",,"G",1508,"A",,"G",1508,"A",,2
149019,"R",9627,"A",,"A",,"G",321,"A",,"G",321,"A",,2
149028,"R",3966,"A",,"R",0,"G",132,"R",0,"G",132,"Z",0,2
149204,"A",,"R",73950,"A",,"G",82,"A",,"G",82,"A",,1
149222,"R",397686,"A",,"R",71018,"G",13256,"G",2959,"G",13256,"G",2959,2
149231,"R",299555,"A",,"R",36173,"G",9985,"G",1507,"G",9985,"G",1507,2
149310,"R",13660,"A",,"A",,"G",455,"A",,"G",455,"A",,2
149329,"R",1462,"A",,"R",372,"G",49,"G",16,"G",49,"G",16,2
149365,"R",170217,"A",,"A",,"G",5674,"A",,"G",5674,"A",,2
149499,"A",,"R",69000,"A",,"G",77,"A",,"R",46,"A",,1
149505,"R",35135,"A",,"A",,"G",1171,"A",,"G",1171,"A",,2
149514,"R",14852,"A",,"R",9483,"G",495,"G",395,"G",495,"G",395,2
149532,"R",265302,"A",,"A",,"G",8843,"A",,"G",8843,"A",,2
149550,"A",,"R",162000,"A",,"G",180,"A",,"G",180,"A",,1
149639,"R",3679,"A",,"R",5017,"G",123,"G",209,"G",123,"G",209,2
149727,"R",177718,"A",,"A",,"G",5924,"A",,"G",5924,"A",,2
149763,"R",3795,"A",,"R",0,"G",127,"R",0,"G",127,"Z",0,2
149772,"R",317785,"A",,"R",33915,"G",10593,"G",1413,"G",10593,"G",1413,2
149781,"R",76132,"A",,"R",10198,"G",2538,"G",425,"G",2538,"G",425,2
149842,"R",312522,"A",,"A",,"G",10417,"A",,"G",10417,"A",,2
150048,"R",13340,"A",,"A",,"G",445,"A",,"G",445,"A",,2
150066,"R",70575,"A",,"R",6862,"G",2353,"G",286,"G",2353,"G",286,2
150075,"A",,"R",21044,"A",,"G",23,"A",,"G",23,"A",,1
150127,"R",1418,"A",,"A",,"G",47,"A",,"R",27,"A",,2
150136,"R",515572,"A",,"R",54569,"G",17186,"G",2274,"G",17186,"G",2274,2
150145,"R",47841,"A",,"R",2739,"G",1595,"G",114,"G",1595,"G",114,2
150163,"R",115349,"A",,"R",7152,"G",3845,"G",298,"G",3845,"G",298,2
150172,"R",26225,"A",,"R",1997,"G",874,"G",83,"G",874,"G",83,2
150215,"A",,"A",,"R",995,"A",,"G",41,"A",,"G",41,2
150251,"R",9132,"A",,"A",,"G",304,"A",,"G",304,"A",,2
150288,"A",,"A",,"R",11736,"A",,"G",326,"A",,"G",326,2
150303,"A",,"R",86000,"A",,"G",96,"A",,"G",96,"A",,1
150400,"R",76833,"A",,"A",,"G",2561,"A",,"R",2366,"A",,2
150428,"A",,"R",54024,"A",,"G",60,"A",,"G",60,"A",,1
150437,"A",,"R",45912,"A",,"G",51,"A",,"G",51,"A",,1
150455,"R",33095,"A",,"R",1582,"G",1103,"G",66,"G",1103,"G",66,2
150525,"A",,"R",93000,"A",,"G",103,"A",,"G",103,"A",,1
150534,"R",80519,"A",,"R",1290,"G",2684,"G",54,"G",2684,"G",54,2
150561,"R",16867,"A",,"Z",0,"G",562,"A",,"R",513,"A",,2
150604,"R",30720,"A",,"A",,"G",1024,"A",,"G",1024,"A",,2
150640,"A",,"R",3040,"A",,"G",3,"A",,"G",3,"A",,1
150668,"R",27338,"A",,"A",,"G",911,"A",,"G",911,"A",,2
150677,"R",17082,"A",,"R",1086,"G",569,"G",45,"G",569,"G",45,2
150695,"A",,"R",101733,"A",,"G",113,"A",,"G",113,"A",,1
150710,"A",,"R",105024,"A",,"G",117,"A",,"G",117,"A",,1
150756,"R",36790,"A",,"A",,"G",1226,"A",,"R",1006,"A",,2
150765,"A",,"R",77766,"A",,"G",86,"A",,"G",86,"A",,1
150774,"R",11159,"A",,"A",,"G",372,"A",,"G",372,"A",,2
150853,"A",,"R",40580,"A",,"G",45,"A",,"G",45,"A",,1
150941,"R",25172,"A",,"R",668,"G",839,"G",28,"G",839,"G",28,2
150978,"R",89823,"A",,"A",,"G",2994,"A",,"G",2994,"A",,2
150987,"R",244420,"A",,"A",,"G",8147,"A",,"G",8147,"A",,2
150996,"R",44777,"A",,"A",,"G",1493,"A",,"G",1493,"A",,2
151005,"R",122443,"A",,"A",,"G",4081,"A",,"G",4081,"A",,2
151014,"R",60990,"A",,"A",,"G",2033,"A",,"G",2033,"A",,2
151023,"R",110781,"A",,"A",,"G",3693,"A",,"G",3693,"A",,2
151032,"R",126875,"A",,"A",,"G",4229,"A",,"G",4229,"A",,2
151041,"R",61752,"A",,"A",,"G",2058,"A",,"G",2058,"A",,2
151050,"R",90150,"A",,"A",,"G",3005,"A",,"G",3005,"A",,2
151069,"R",96824,"A",,"A",,"G",3227,"A",,"G",3227,"A",,2
151078,"R",37769,"A",,"A",,"G",1259,"A",,"G",1259,"A",,2
151087,"R",91378,"A",,"A",,"G",3046,"A",,"G",3046,"A",,2
151096,"R",35674,"A",,"A",,"G",1189,"A",,"G",1189,"A",,2
151102,"R",239789,"A",,"R",11369,"G",7993,"G",474,"G",7993,"G",474,2
151111,"R",508358,"A",,"R",99849,"G",16945,"G",4160,"G",16945,"G",4160,2
151157,"R",13897,"A",,"A",,"G",309,"A",,"G",309,"A",,2
151166,"R",50205,"A",,"A",,"G",1116,"A",,"G",1116,"A",,2
151184,"R",8477,"A",,"A",,"G",188,"A",,"G",188,"A",,2
151193,"R",17650,"A",,"A",,"G",392,"A",,"G",392,"A",,2
151209,"R",22020,"A",,"A",,"G",489,"A",,"G",489,"A",,2
151236,"R",14657,"A",,"A",,"G",326,"A",,"G",326,"A",,2
151245,"R",14182,"A",,"A",,"G",315,"A",,"G",315,"A",,2
151263,"R",90916,"A",,"R",23247,"G",3031,"G",969,"G",3031,"G",969,2
151290,"R",61306,"A",,"R",7734,"G",2044,"G",322,"G",2044,"G",322,2
151306,"R",243719,"A",,"R",11270,"G",8124,"G",470,"G",8124,"G",470,2
151324,"R",248016,"A",,"R",34364,"G",8267,"G",1432,"G",8267,"G",1432,2
151333,"R",58655,"A",,"R",2524,"G",1955,"G",105,"G",1955,"G",105,2
151342,"R",135463,"A",,"R",17736,"G",4515,"G",739,"G",4515,"G",739,2
151351,"R",880176,"A",,"R",145578,"G",29339,"G",6066,"G",29339,"G",6066,2
151360,"R",98373,"A",,"R",9753,"G",3279,"G",406,"G",3279,"G",406,2
151379,"R",120576,"A",,"R",12287,"G",4019,"G",512,"G",4019,"G",512,2
151388,"R",50450,"A",,"R",921,"G",1682,"G",38,"G",1682,"G",38,2
151458,"R",19922,"A",,"A",,"G",664,"A",,"G",664,"A",,2
151467,"A",,"R",240600,"A",,"G",267,"A",,"G",267,"A",,1
151494,"R",31636,"A",,"A",,"G",703,"A",,"G",703,"A",,2
151500,"R",22620,"A",,"A",,"G",503,"A",,"G",503,"A",,2
151519,"R",85492,"A",,"R",6572,"G",1900,"G",183,"G",1900,"G",183,2
151537,"R",2244,"A",,"A",,"G",75,"A",,"G",75,"A",,2
151564,"A",,"R",61601,"A",,"G",68,"A",,"G",68,"A",,1
151607,"A",,"R",91520,"A",,"G",102,"A",,"G",102,"A",,1
151616,"R",32879,"A",,"A",,"G",731,"A",,"G",731,"A",,2
151625,"R",11856,"A",,"A",,"G",263,"A",,"G",263,"A",,2
151652,"A",,"R",80172,"A",,"G",89,"A",,"G",89,"A",,1
151661,"R",127450,"R",3024060,"A",,"G",7608,"A",,"R",3502,"A",,3
151777,"R",30372,"A",,"R",300,"G",1012,"G",13,"G",1012,"G",13,2
151786,"R",43734,"A",,"R",529,"G",1458,"G",22,"G",1458,"G",22,2
151801,"R",251030,"A",,"R",160454,"G",8368,"G",6686,"G",8368,"G",6686,2
151810,"R",10924,"A",,"R",1593,"G",364,"G",66,"G",364,"G",66,2
151829,"A",,"R",120330,"A",,"G",134,"A",,"R",134,"A",,1
151865,"A",,"A",,"R",2392,"A",,"G",100,"A",,"G",100,2
151874,"A",,"R",70804,"A",,"G",79,"A",,"G",79,"A",,1
151944,"R",33374,"A",,"A",,"G",742,"A",,"G",742,"A",,2
151962,"R",8582,"A",,"A",,"G",191,"A",,"G",191,"A",,2
152044,"A",,"R",113180,"A",,"G",126,"A",,"G",126,"A",,1
152080,"R",248614,"A",,"R",47318,"G",8287,"G",1972,"G",8287,"G",1972,2
152099,"R",41178,"A",,"R",5250,"G",1373,"G",219,"G",1373,"G",219,2
152150,"A",,"R",49012,"A",,"G",54,"A",,"G",54,"A",,1
152220,"R",21112,"A",,"A",,"G",704,"A",,"G",704,"A",,2
152248,"R",180667,"A",,"R",12984,"G",6022,"G",541,"G",6022,"G",541,2
152266,"R",75643,"A",,"R",603,"G",2521,"G",25,"G",2521,"G",25,2
152275,"A",,"R",177675,"A",,"G",197,"A",,"G",197,"A",,1
152309,"A",,"R",91800,"A",,"G",102,"A",,"G",102,"A",,1
152318,"R",78952,"A",,"R",2496,"G",1754,"G",69,"G",1754,"G",69,2
152327,"A",,"R",63079,"A",,"G",70,"A",,"G",70,"A",,1
152336,"R",42985,"A",,"R",5290,"G",1433,"G",220,"G",1433,"G",220,2
152363,"R",31040,"A",,"R",188,"G",1035,"G",8,"G",1035,"R",31,2
152381,"R",23007,"A",,"R",1150,"G",767,"G",48,"G",767,"G",48,2
152390,"R",44387,"A",,"R",153,"G",1480,"G",6,"G",1480,"G",6,2
152415,"R",37936,"A",,"A",,"G",843,"A",,"G",843,"A",,2
152424,"R",22859,"A",,"A",,"G",508,"A",,"G",508,"A",,2
152451,"A",,"A",,"R",3290,"A",,"G",137,"A",,"G",137,2
152497,"R",8155,"A",,"A",,"G",272,"A",,"G",272,"A",,2
152530,"R",61006,"A",,"Z",0,"G",2034,"A",,"R",1794,"A",,2
152567,"R",33661,"A",,"R",63,"G",1122,"G",3,"G",1122,"G",3,2
152600,"R",90407,"A",,"R",7600,"G",3014,"G",317,"G",3014,"G",317,2
152628,"A",,"R",60340,"A",,"G",67,"A",,"G",67,"A",,1
152637,"R",211676,"A",,"A",,"G",7056,"A",,"G",7056,"A",,2
152673,"R",30572,"A",,"A",,"G",1019,"A",,"G",1019,"A",,2
152798,"R",8629,"A",,"R",432,"G",288,"G",18,"G",288,"G",18,2
152822,"R",42012,"A",,"A",,"G",934,"A",,"G",934,"A",,2
152992,"R",31246,"A",,"R",552,"G",1042,"G",23,"R",1034,"R",19,2
153001,"R",82106,"A",,"R",919,"G",2737,"G",38,"G",2737,"G",38,2
153038,"A",,"R",45900,"A",,"G",51,"A",,"G",51,"A",,1
153074,"R",3794,"R",2746,"A",,"G",130,"A",,"G",130,"A",,3
153083,"A",,"R",157266,"A",,"G",175,"A",,"G",175,"A",,1
153092,"A",,"R",22018,"A",,"G",24,"A",,"R",22,"A",,1
153108,"R",46997,"A",,"A",,"G",1567,"A",,"G",1567,"A",,2
153126,"R",26836,"A",,"R",3003,"G",895,"G",125,"R",1068,"G",125,2
153144,"R",40495,"A",,"R",607,"G",1350,"G",25,"G",1350,"G",25,2
153162,"R",40297,"A",,"A",,"G",1343,"A",,"R",1174,"A",,2
153171,"A",,"R",51410,"A",,"G",57,"A",,"G",57,"A",,1
153214,"R",325384,"A",,"A",,"G",10846,"A",,"G",10846,"A",,2
153241,"A",,"R",2268,"A",,"G",3,"A",,"G",3,"A",,1
153250,"R",38340,"A",,"R",250,"G",1278,"G",10,"G",1278,"G",10,2
153269,"R",92229,"A",,"R",48949,"G",3074,"G",2040,"G",3074,"G",2040,2
153278,"R",34861,"A",,"R",2600,"G",1162,"G",108,"G",1162,"G",108,2
153296,"R",23080,"A",,"A",,"G",769,"A",,"G",769,"A",,2
153302,"R",7581,"A",,"A",,"G",253,"A",,"R",222,"A",,2
153311,"R",160348,"A",,"A",,"G",5345,"A",,"G",5345,"A",,2
153320,"R",10093,"A",,"R",702,"G",336,"G",29,"G",336,"G",29,2
153339,"A",,"R",21500,"A",,"G",24,"A",,"R",24,"A",,1
153366,"R",49902,"A",,"R",11337,"G",1663,"G",472,"G",1663,"G",472,2
153375,"R",44264,"A",,"R",38,"G",1475,"G",2,"R",1574,"R",2,2
153384,"R",47084,"A",,"A",,"G",1569,"A",,"G",1569,"A",,2
153409,"R",14496,"A",,"A",,"G",322,"A",,"G",322,"A",,2
153418,"R",32543,"A",,"A",,"G",723,"A",,"G",723,"A",,2
153427,"R",11325,"A",,"A",,"G",378,"A",,"G",378,"A",,2
153445,"R",120959,"A",,"A",,"G",4032,"A",,"G",4032,"A",,2
153463,"A",,"R",18900,"A",,"G",21,"A",,"G",21,"A",,1
153472,"R",100558,"A",,"A",,"G",2235,"A",,"R",3352,"A",,2
153524,"R",102576,"A",,"A",,"G",3419,"A",,"G",3419,"A",,2
153533,"R",70472,"A",,"A",,"G",2349,"A",,"G",2349,"A",,2
153542,"R",704,"A",,"A",,"G",23,"A",,"G",23,"A",,2
153588,"A",,"R",29925,"A",,"G",33,"A",,"R",39,"A",,1
153597,"A",,"R",217012,"A",,"G",241,"A",,"R",176,"A",,1
153603,"R",606992,"A",,"R",68991,"G",20233,"G",2875,"G",20233,"G",2875,2
153621,"R",23147,"A",,"A",,"G",772,"A",,"G",772,"A",,2
153630,"R",109566,"A",,"A",,"G",3652,"A",,"G",3652,"A",,2
153658,"R",628286,"A",,"R",74925,"G",20943,"G",3122,"G",20943,"G",3122,2
153737,"R",449544,"A",,"A",,"G",14985,"A",,"G",14985,"A",,2
153746,"A",,"R",137525,"A",,"G",153,"A",,"G",153,"A",,1
153764,"A",,"R",261675,"A",,"G",291,"A",,"G",291,"A",,1
153773,"A",,"R",98200,"A",,"G",109,"A",,"G",109,"A",,1
153782,"A",,"R",122650,"A",,"G",136,"A",,"G",136,"A",,1
153825,"R",46460,"A",,"R",1487,"G",1549,"G",62,"G",1549,"G",62,2
153834,"R",79366,"A",,"A",,"G",2646,"A",,"G",2646,"A",,2
153861,"R",9740,"A",,"R",14380,"G",325,"G",599,"G",325,"G",599,2
153922,"R",38647,"A",,"A",,"G",1288,"A",,"G",1288,"A",,2
153977,"R",19769,"A",,"A",,"G",659,"A",,"G",659,"A",,2
154004,"R",32107,"A",,"R",4229,"G",1070,"G",176,"G",1070,"G",176,2
154013,"R",38951,"A",,"A",,"G",1298,"A",,"G",1298,"A",,2
154022,"R",39724,"A",,"R",6837,"G",1324,"G",285,"G",1324,"G",285,2
154059,"R",66246,"A",,"A",,"G",2208,"A",,"G",2208,"A",,2
154095,"R",302594,"A",,"R",29300,"G",10086,"G",1221,"R",10086,"R",1628,2
154101,"R",39292,"A",,"A",,"G",1310,"A",,"G",1310,"A",,2
154110,"R",95769,"A",,"A",,"G",3192,"A",,"R",3990,"A",,2
154129,"R",26690,"A",,"A",,"G",890,"A",,"G",890,"A",,2
154156,"A",,"A",,"R",2300,"A",,"G",96,"A",,"G",96,2
154165,"A",,"R",84027,"A",,"G",93,"A",,"R",85,"A",,1
154174,"R",3800,"A",,"R",163,"G",127,"G",7,"G",127,"G",7,2
154208,"A",,"R",419456,"A",,"G",466,"A",,"G",466,"A",,1
154235,"R",40431,"A",,"R",7738,"G",1348,"G",322,"G",1348,"G",322,2
154262,"R",3872,"A",,"A",,"G",129,"A",,"G",129,"A",,2
154332,"A",,"R",73850,"A",,"G",82,"A",,"G",82,"A",,1
154341,"A",,"R",119325,"A",,"G",133,"A",,"G",133,"A",,1
154350,"R",57084,"A",,"R",1044,"G",1903,"G",44,"G",1903,"G",44,2
154378,"R",75217,"A",,"A",,"G",2507,"A",,"G",2507,"A",,2
154396,"R",29500,"A",,"A",,"G",983,"A",,"G",983,"A",,2
154448,"R",5422,"R",790,"A",,"G",182,"A",,"G",182,"A",,3
154457,"A",,"R",78097,"A",,"G",87,"A",,"R",76,"A",,1
154466,"A",,"R",84787,"A",,"G",94,"A",,"G",94,"A",,1
154484,"A",,"R",39900,"A",,"G",44,"A",,"G",44,"A",,1
154493,"R",103757,"A",,"R",3180,"G",3459,"G",133,"R",3884,"R",293,2
154509,"R",1897,"A",,"A",,"G",63,"A",,"G",63,"A",,2
154518,"R",19199,"A",,"A",,"G",640,"A",,"G",640,"A",,2
154527,"R",56920,"A",,"A",,"G",1897,"A",,"G",1897,"A",,2
154536,"A",,"A",,"R",920,"A",,"G",38,"A",,"G",38,2
154545,"A",,"R",74757,"A",,"G",83,"A",,"G",83,"A",,1
154572,"R",102455,"A",,"A",,"G",3415,"A",,"G",3415,"A",,2
154590,"R",49960,"A",,"A",,"G",1665,"A",,"R",1861,"A",,2
154633,"A",,"R",84345,"A",,"G",94,"A",,"G",94,"A",,1
154642,"R",52910,"A",,"A",,"G",1764,"A",,"G",1764,"A",,2
154651,"A",,"R",46036,"A",,"G",51,"A",,"G",51,"A",,1
154688,"R",55807,"A",,"R",29587,"G",1860,"G",1233,"G",1860,"G",1233,2
154697,"R",88553,"A",,"A",,"G",2952,"A",,"G",2952,"A",,2
154712,"R",60258,"A",,"R",3846,"G",2009,"G",160,"G",2009,"G",160,2
154721,"R",15488,"A",,"A",,"G",516,"A",,"G",516,"A",,2
154749,"R",15239,"A",,"A",,"G",508,"A",,"G",508,"A",,2
154767,"R",18152,"A",,"A",,"G",403,"A",,"G",403,"A",,2
154776,"R",20883,"A",,"A",,"G",464,"A",,"G",464,"A",,2
154794,"R",4314,"A",,"A",,"G",96,"A",,"G",96,"A",,2
154800,"R",170526,"A",,"A",,"G",5684,"A",,"G",5684,"A",,2
154819,"A",,"R",115000,"A",,"G",128,"A",,"G",128,"A",,1
154837,"R",68,"A",,"R",113,"G",2,"G",5,"R",4,"R",6,2
154855,"R",9654,"A",,"A",,"G",322,"A",,"G",322,"A",,2
154907,"R",44535,"A",,"A",,"G",1485,"A",,"G",1485,"A",,2
154925,"R",32350,"A",,"A",,"G",1078,"A",,"G",1078,"A",,2
154934,"R",33790,"A",,"A",,"G",1126,"A",,"G",1126,"A",,2
154943,"A",,"R",75336,"A",,"G",84,"A",,"G",84,"A",,1
154952,"R",105485,"A",,"A",,"G",3516,"A",,"G",3516,"A",,2
154970,"A",,"R",176550,"A",,"G",196,"A",,"G",196,"A",,1
154998,"R",33781,"A",,"A",,"G",1126,"A",,"G",1126,"A",,2
155007,"R",8589,"A",,"A",,"G",286,"A",,"G",286,"A",,2
155025,"R",125622,"A",,"R",24914,"G",4187,"G",1038,"G",4187,"G",1038,2
155052,"R",9642,"A",,"A",,"G",321,"A",,"G",321,"A",,2
155061,"R",164887,"A",,"R",17505,"G",5496,"G",729,"G",5496,"G",729,2
155070,"R",3023,"A",,"A",,"G",101,"A",,"G",101,"A",,2
155089,"R",56070,"A",,"R",10783,"G",1869,"G",449,"G",1869,"G",449,2
155098,"R",46846,"A",,"A",,"G",1562,"A",,"G",1562,"A",,2
155104,"R",41531,"A",,"A",,"G",1384,"A",,"G",1384,"A",,2
155140,"R",28425,"A",,"A",,"G",948,"A",,"G",948,"A",,2
155159,"A",,"R",73500,"A",,"G",82,"A",,"G",82,"A",,1
155177,"R",12804,"A",,"A",,"G",427,"A",,"G",427,"A",,2
155186,"R",47292,"A",,"A",,"G",1576,"A",,"G",1576,"A",,2
155195,"R",90461,"R",167720,"A",,"G",3202,"A",,"G",3202,"A",,3
155201,"R",21768,"A",,"A",,"G",726,"A",,"G",726,"A",,2
155210,"R",336357,"A",,"A",,"G",11212,"A",,"G",11212,"A",,2
155265,"A",,"R",388545,"A",,"G",432,"A",,"G",432,"A",,1
155283,"A",,"R",477737,"A",,"G",531,"A",,"G",531,"A",,1
155292,"R",102911,"A",,"A",,"G",3430,"A",,"G",3430,"A",,2
155317,"R",574165,"A",,"R",87726,"G",19139,"G",3655,"G",19139,"G",3655,2
155326,"R",13144,"A",,"R",14968,"G",438,"G",624,"G",438,"G",624,2
155335,"R",41387,"A",,"R",8034,"G",1380,"G",335,"R",1380,"R",446,2
155353,"A",,"R",162000,"A",,"G",180,"A",,"G",180,"A",,1
155399,"R",453937,"A",,"R",46509,"G",15131,"G",1938,"G",15131,"G",1938,2
155414,"R",21195,"A",,"R",1239,"G",707,"G",52,"G",707,"G",52,2
155423,"R",19451,"A",,"A",,"G",648,"A",,"G",648,"A",,2
155441,"A",,"R",53628,"A",,"G",60,"A",,"R",50,"A",,1
155450,"R",31076,"A",,"A",,"G",1036,"A",,"G",1036,"A",,2
155478,"R",10351,"R",42621,"A",,"G",392,"A",,"G",392,"A",,3
155487,"R",10508,"A",,"A",,"G",350,"A",,"G",350,"A",,2
155496,"R",9285,"A",,"A",,"G",310,"A",,"R",311,"A",,2
155511,"R",14261,"A",,"A",,"G",475,"A",,"G",475,"A",,2
155520,"R",40200,"A",,"R",17515,"G",1340,"G",730,"G",1340,"G",730,2
155566,"R",36405,"A",,"A",,"G",1214,"A",,"G",1214,"A",,2
155593,"A",,"R",447769,"A",,"G",498,"A",,"G",498,"A",,1
155609,"R",7046,"A",,"A",,"G",235,"A",,"G",235,"A",,2
155618,"A",,"R",363390,"A",,"G",404,"A",,"G",404,"A",,1
155627,"R",12237,"A",,"R",24,"G",408,"G",1,"G",408,"G",1,2
155636,"R",9671,"A",,"R",10152,"G",322,"G",423,"R",322,"R",564,2
155681,"R",163214,"A",,"R",20732,"G",5440,"G",864,"G",5440,"G",864,2
155715,"R",29738,"A",,"A",,"G",991,"A",,"G",991,"A",,2
155812,"R",12397,"A",,"R",4808,"G",413,"G",200,"G",413,"G",200,2
155830,"A",,"R",244528,"A",,"G",272,"A",,"G",272,"A",,1
155858,"R",26858,"A",,"A",,"G",895,"A",,"G",895,"A",,2
155867,"A",,"R",66067,"A",,"G",73,"A",,"G",73,"A",,1
155876,"A",,"R",109629,"A",,"G",122,"A",,"G",122,"A",,1
155900,"R",37123,"A",,"R",3473,"G",1237,"G",145,"G",1237,"G",145,2
155937,"R",13251,"A",,"A",,"G",442,"A",,"G",442,"A",,2
155973,"R",16482,"A",,"R",80,"G",549,"G",3,"G",549,"G",3,2
156082,"R",146888,"A",,"R",6286,"G",4896,"G",262,"G",4896,"G",262,2
156107,"A",,"R",612317,"A",,"G",680,"A",,"G",680,"A",,1
156125,"R",266751,"A",,"R",41463,"G",8892,"G",1728,"G",8892,"G",1728,2
156134,"R",50340,"A",,"A",,"G",1119,"A",,"G",1119,"A",,2
156189,"R",18676,"A",,"A",,"G",623,"A",,"G",623,"A",,2
156213,"R",35042,"A",,"R",740,"G",1168,"G",31,"G",1168,"G",31,2
156222,"A",,"A",,"R",34505,"A",,"G",1438,"A",,"G",1438,2
156231,"R",65639,"A",,"A",,"G",2188,"A",,"G",2188,"A",,2
156277,"A",,"R",88351,"A",,"G",98,"A",,"R",98,"A",,1
156286,"R",59323,"A",,"R",13392,"G",1977,"G",558,"G",1977,"G",558,2
156295,"R",57141,"A",,"A",,"G",1905,"A",,"R",1546,"A",,2
156310,"A",,"R",411605,"A",,"G",457,"A",,"G",457,"A",,1
156338,"R",31795,"A",,"A",,"G",1060,"A",,"G",1060,"A",,2
156356,"R",14235,"A",,"R",525,"G",475,"G",22,"G",475,"G",22,2
156365,"R",41438,"A",,"R",6128,"G",1381,"G",255,"G",1381,"G",255,2
156392,"R",240004,"A",,"A",,"G",8000,"A",,"G",8000,"A",,2
156408,"R",33060,"A",,"A",,"G",1102,"A",,"R",1115,"A",,2
156417,"R",4701,"A",,"A",,"G",157,"A",,"G",157,"A",,2
156426,"A",,"R",28920,"A",,"G",32,"A",,"G",32,"A",,1
156444,"A",,"R",15025,"A",,"G",17,"A",,"G",17,"A",,1
156471,"R",6000,"R",226800,"A",,"G",452,"A",,"G",452,"A",,3
156541,"R",44010,"A",,"R",4060,"G",1467,"G",169,"G",1467,"G",169,2
156611,"A",,"R",24694,"A",,"G",27,"A",,"G",27,"A",,1
156620,"R",366236,"A",,"R",36613,"G",12208,"G",1526,"G",12208,"G",1526,2
156648,"R",87661,"A",,"A",,"G",2922,"A",,"G",2922,"A",,2
156675,"A",,"R",50490,"A",,"G",56,"A",,"G",56,"A",,1
156727,"A",,"A",,"R",24,"A",,"G",1,"A",,"G",1,2
156745,"R",37891,"A",,"R",8319,"G",1263,"G",347,"G",1263,"G",347,2
156754,"A",,"R",94298,"A",,"G",105,"A",,"G",105,"A",,1
156790,"R",59839,"A",,"A",,"G",1995,"A",,"G",1995,"A",,2
156842,"A",,"R",90000,"A",,"G",100,"A",,"G",100,"A",,1
156851,"R",28186,"A",,"A",,"G",940,"A",,"G",940,"A",,2
156860,"R",51093,"A",,"A",,"G",1703,"A",,"G",1703,"A",,2
156903,"R",2370,"A",,"A",,"G",79,"A",,"G",79,"A",,2
156921,"R",230901,"A",,"A",,"G",7697,"A",,"G",7697,"A",,2
156949,"A",,"R",31968,"A",,"G",36,"A",,"G",36,"A",,1
156967,"A",,"R",40424,"A",,"G",45,"A",,"G",45,"A",,1
157021,"R",106436,"A",,"A",,"G",2365,"A",,"G",2365,"A",,2
157030,"R",1900,"A",,"A",,"G",63,"A",,"G",63,"A",,2
157058,"R",55602,"A",,"R",2207,"G",1853,"G",92,"G",1853,"G",92,2
157076,"R",22002,"A",,"A",,"G",733,"A",,"G",733,"A",,2
157085,"R",529650,"A",,"R",142737,"G",17655,"G",5947,"G",17655,"G",5947,2
157100,"R",16817,"A",,"R",186,"G",561,"G",8,"G",561,"G",8,2
157146,"A",,"R",39505,"A",,"G",44,"A",,"G",44,"A",,1
157207,"A",,"A",,"R",2130,"A",,"G",89,"A",,"R",90,2
157216,"R",42298,"A",,"R",8380,"G",1410,"G",349,"G",1410,"G",349,2
157270,"R",25641,"A",,"A",,"G",570,"A",,"G",570,"A",,2
157289,"R",386333,"A",,"R",68023,"G",12878,"G",2834,"G",12878,"G",2834,2
157298,"A",,"A",,"R",3641,"A",,"G",152,"A",,"G",152,2
157304,"R",59167,"A",,"A",,"G",1972,"A",,"G",1972,"A",,2
157331,"R",62126,"A",,"A",,"G",2071,"A",,"G",2071,"A",,2
157359,"R",24557,"A",,"A",,"G",819,"A",,"G",819,"A",,2
157377,"R",29354,"A",,"A",,"G",978,"A",,"R",1259,"A",,2
157386,"R",195887,"A",,"R",21666,"G",6530,"G",903,"G",6530,"G",903,2
157395,"A",,"R",75600,"A",,"G",84,"A",,"G",84,"A",,1
157401,"R",240589,"A",,"R",21874,"G",8020,"G",911,"G",8020,"G",911,2
157438,"R",37505,"A",,"A",,"G",1250,"A",,"G",1250,"A",,2
157447,"R",306696,"A",,"R",17704,"G",10223,"G",738,"G",10223,"G",738,2
157456,"A",,"R",90000,"A",,"G",100,"A",,"G",100,"A",,1
157465,"R",14520,"A",,"A",,"G",323,"A",,"G",323,"A",,2
157483,"R",102986,"A",,"A",,"G",3433,"A",,"G",3433,"A",,2
157508,"A",,"R",66200,"A",,"G",74,"A",,"G",74,"A",,1
157535,"R",23493,"A",,"A",,"G",783,"A",,"G",783,"A",,2
157553,"R",72660,"A",,"A",,"G",2422,"A",,"G",2422,"A",,2
157599,"A",,"R",194782,"A",,"G",216,"A",,"R",330,"A",,1
157614,"A",,"R",157800,"A",,"G",175,"A",,"G",175,"A",,1
157632,"R",15897,"A",,"A",,"G",530,"A",,"G",530,"A",,2
157650,"A",,"R",130800,"A",,"G",145,"A",,"G",145,"A",,1
157669,"A",,"R",55719,"A",,"G",62,"A",,"G",62,"A",,1
157678,"A",,"R",105697,"A",,"G",117,"A",,"G",117,"A",,1
157696,"R",21864,"A",,"A",,"G",486,"A",,"G",486,"A",,2
157711,"R",99276,"A",,"A",,"G",3309,"A",,"G",3309,"A",,2
157739,"R",66675,"A",,"A",,"G",2223,"A",,"G",2223,"A",,2
157748,"R",14760,"A",,"R",13324,"G",492,"G",555,"G",492,"G",555,2
157757,"R",24562,"A",,"R",15155,"G",819,"G",631,"G",819,"G",631,2
157766,"R",53101,"A",,"A",,"G",1180,"A",,"G",1180,"A",,2
157793,"R",42012,"A",,"R",2020,"G",934,"G",56,"G",934,"G",56,2
157809,"R",33018,"A",,"R",2971,"G",1101,"G",124,"G",1101,"G",124,2
157818,"R",40745,"A",,"A",,"G",1358,"A",,"G",1358,"A",,2
157827,"A",,"R",77400,"A",,"G",86,"A",,"G",86,"A",,1
157863,"R",16518,"A",,"R",15196,"G",551,"G",633,"G",551,"G",633,2
157951,"R",423174,"A",,"R",43229,"G",14106,"G",1801,"G",14106,"G",1801,2
158079,"A",,"R",52906,"A",,"G",59,"A",,"G",59,"A",,1
158088,"R",10702,"A",,"A",,"G",357,"A",,"G",357,"A",,2
158158,"R",6120,"R",110900,"A",,"G",327,"A",,"G",327,"A",,3
158219,"R",5716,"A",,"A",,"G",191,"A",,"G",191,"A",,2
158237,"R",8673,"A",,"A",,"G",289,"A",,"G",289,"A",,2
158246,"R",13896,"A",,"A",,"G",463,"A",,"G",463,"A",,2
158282,"A",,"R",69300,"A",,"G",77,"A",,"G",77,"A",,1
158307,"R",6610,"A",,"A",,"G",220,"A",,"G",220,"A",,2
158325,"R",2807,"A",,"A",,"G",94,"A",,"G",94,"A",,2
158334,"A",,"R",66000,"A",,"G",73,"A",,"G",73,"A",,1
158343,"R",4725,"A",,"A",,"G",158,"A",,"G",158,"A",,2
158352,"R",23004,"A",,"A",,"G",767,"A",,"G",767,"A",,2
158431,"R",105504,"A",,"A",,"G",3517,"A",,"G",3517,"A",,2
158440,"R",10472,"A",,"A",,"G",349,"A",,"R",349,"A",,2
158477,"R",27329,"A",,"R",1624,"G",911,"G",68,"G",911,"G",68,2
158538,"A",,"R",67695,"A",,"G",75,"A",,"G",75,"A",,1
158583,"R",4665,"A",,"A",,"G",156,"A",,"G",156,"A",,2
158617,"R",3150,"R",75294,"A",,"G",189,"A",,"G",189,"A",,3
158644,"A",,"R",99803,"A",,"G",111,"A",,"G",111,"A",,1
158662,"R",128209,"R",1607760,"A",,"G",6060,"A",,"G",6060,"A",,3
158723,"R",18150,"A",,"A",,"G",403,"A",,"G",403,"A",,2
158769,"R",13525,"A",,"A",,"G",451,"A",,"G",451,"A",,2
158778,"A",,"R",29045,"A",,"G",32,"A",,"G",32,"A",,1
158787,"A",,"R",235500,"A",,"G",262,"A",,"G",262,"A",,1
158802,"R",61693,"A",,"A",,"G",2056,"A",,"G",2056,"A",,2
158884,"R",10897,"A",,"A",,"G",363,"A",,"G",363,"A",,2
158893,"R",6965,"A",,"A",,"G",232,"A",,"G",232,"A",,2
158936,"R",7075,"A",,"A",,"G",236,"A",,"G",236,"A",,2
158945,"R",21388,"A",,"A",,"G",713,"A",,"G",713,"A",,2
159009,"R",136513,"A",,"R",11970,"G",4550,"G",499,"G",4550,"G",499,2
159018,"R",9717,"A",,"A",,"G",324,"A",,"G",324,"A",,2
159027,"A",,"R",91554,"A",,"G",102,"A",,"G",102,"A",,1
159045,"R",7729,"A",,"A",,"G",258,"A",,"G",258,"A",,2
159090,"R",5127,"A",,"A",,"G",171,"A",,"G",171,"A",,2
159197,"A",,"R",352600,"A",,"G",392,"A",,"G",392,"A",,1
159249,"R",4452,"A",,"A",,"G",148,"A",,"G",148,"A",,2
159258,"R",6532,"A",,"A",,"G",218,"A",,"G",218,"A",,2
159267,"R",2477,"A",,"A",,"G",83,"A",,"G",83,"A",,2
159328,"A",,"R",89118,"A",,"G",99,"A",,"G",99,"A",,1
159373,"R",18812,"A",,"R",19362,"G",627,"G",807,"G",627,"G",807,2
159382,"R",64473,"A",,"A",,"G",2149,"A",,"G",2149,"A",,2
159391,"R",780058,"A",,"R",93307,"G",26002,"G",3888,"G",26002,"G",3888,2
159407,"R",62955,"A",,"A",,"G",2099,"A",,"G",2099,"A",,2
159416,"R",93295,"A",,"R",5810,"G",3110,"G",242,"G",3110,"G",242,2
159443,"R",24880,"A",,"A",,"G",829,"A",,"G",829,"A",,2
159513,"A",,"R",162000,"A",,"G",180,"A",,"G",180,"A",,1
159522,"A",,"R",151500,"A",,"G",168,"A",,"G",168,"A",,1
159531,"A",,"R",85500,"A",,"G",95,"A",,"G",95,"A",,1
159568,"R",26638,"A",,"A",,"G",888,"A",,"G",888,"A",,2
159601,"A",,"R",75000,"A",,"G",83,"A",,"G",83,"A",,1
159647,"R",261394,"A",,"R",30807,"G",5809,"G",856,"R",8713,"R",1284,2
159656,"R",56557,"A",,"R",8981,"G",1885,"G",374,"G",1885,"G",374,2
159692,"R",4259,"A",,"A",,"G",142,"A",,"G",142,"A",,2
159717,"R",215531,"A",,"R",17276,"G",7184,"G",720,"G",7184,"G",720,2
159823,"R",6844,"A",,"A",,"G",228,"A",,"G",228,"A",,2
159939,"R",177655,"A",,"R",42980,"G",5922,"G",1791,"R",5922,"R",1791,2
159948,"R",16118,"A",,"R",37083,"G",537,"G",1545,"G",537,"G",1545,2
159966,"R",180189,"A",,"R",9200,"G",6006,"G",383,"G",6006,"G",383,2
159984,"R",2859,"A",,"A",,"G",95,"A",,"G",95,"A",,2
159993,"R",223885,"A",,"R",18010,"G",7463,"G",750,"G",7463,"G",750,2
160001,"R",5455,"A",,"A",,"G",182,"A",,"G",182,"A",,2
160010,"R",17170,"A",,"A",,"G",572,"A",,"G",572,"A",,2
160029,"A",,"A",,"R",3032,"A",,"G",126,"A",,"R",126,2
160038,"R",243474,"A",,"R",16089,"G",8116,"G",670,"G",8116,"G",670,2
160047,"R",8331,"A",,"A",,"G",278,"A",,"G",278,"A",,2
160065,"R",29962,"A",,"R",2152,"G",999,"G",90,"G",999,"G",90,2
160074,"R",49731,"R",0,"R",2088,"G",1658,"G",87,"G",1658,"G",87,3
160117,"A",,"R",85500,"A",,"G",95,"A",,"G",95,"A",,1
160126,"A",,"R",40650,"A",,"G",45,"A",,"G",45,"A",,1
160135,"A",,"R",67050,"A",,"G",75,"A",,"G",75,"A",,1
160144,"A",,"R",20250,"A",,"G",23,"A",,"G",23,"A",,1
160199,"A",,"R",52250,"A",,"G",58,"A",,"G",58,"A",,1
160214,"R",3729,"A",,"A",,"G",124,"A",,"G",124,"A",,2
160311,"R",12344,"A",,"A",,"G",411,"A",,"G",411,"A",,2
160320,"A",,"R",15750,"A",,"G",18,"A",,"G",18,"A",,1
160348,"A",,"R",35103,"A",,"G",39,"A",,"G",39,"A",,1
160366,"R",6302,"A",,"A",,"G",210,"A",,"G",210,"A",,2
160384,"R",3925,"A",,"A",,"G",131,"A",,"G",131,"A",,2
160409,"R",2520,"A",,"A",,"G",84,"A",,"G",84,"A",,2
160427,"R",22490,"A",,"A",,"G",750,"A",,"G",750,"A",,2
160445,"A",,"R",64986,"A",,"G",72,"A",,"G",72,"A",,1
160472,"A",,"R",166308,"A",,"G",185,"A",,"G",185,"A",,1
160481,"R",26410,"R",57838,"A",,"G",945,"A",,"G",945,"A",,3
160524,"R",21270,"A",,"A",,"G",473,"A",,"G",473,"A",,2
160560,"R",5666,"A",,"A",,"G",189,"A",,"G",189,"A",,2
160579,"R",27178,"A",,"A",,"G",906,"A",,"G",906,"A",,2
160597,"A",,"R",162000,"A",,"G",180,"A",,"G",180,"A",,1
160612,"R",381560,"A",,"R",21774,"G",12719,"G",907,"G",12719,"G",907,2
160621,"R",257825,"A",,"R",28737,"G",8594,"G",1197,"G",8594,"G",1197,2
160630,"R",0,"A",,"R",0,"R",0,"R",0,"R",0,"R",0,2
160649,"R",64082,"A",,"A",,"G",2136,"A",,"R",2136,"A",,2
160658,"R",418732,"A",,"R",24269,"G",13958,"G",1011,"G",13958,"G",1011,2
160667,"R",13323,"A",,"A",,"G",444,"A",,"G",444,"A",,2
160676,"R",16696,"A",,"A",,"G",557,"A",,"G",557,"A",,2
160685,"R",9058,"A",,"A",,"G",302,"A",,"G",302,"A",,2
160694,"R",12131,"A",,"A",,"G",404,"A",,"G",404,"A",,2
160719,"R",7131,"A",,"A",,"G",238,"A",,"G",238,"A",,2
160755,"R",131609,"A",,"R",28521,"G",4387,"G",1188,"R",6065,"R",2126,2
160816,"R",3708,"A",,"A",,"G",124,"A",,"G",124,"A",,2
160843,"R",7317,"A",,"A",,"G",244,"A",,"G",244,"A",,2
160870,"R",2931,"A",,"A",,"G",98,"A",,"G",98,"A",,2
160904,"R",61684,"A",,"R",1437,"G",2056,"G",60,"R",2570,"R",80,2
160913,"R",8685,"R",103212,"A",,"G",404,"A",,"G",404,"A",,3
160940,"R",25515,"A",,"A",,"G",851,"A",,"G",851,"A",,2
160959,"R",9106,"A",,"R",180,"G",304,"G",8,"R",293,"R",6,2
160968,"R",509,"A",,"R",392,"G",17,"G",16,"G",17,"G",16,2
160977,"R",14172,"A",,"A",,"G",472,"A",,"R",1684,"A",,2
160995,"R",10300,"A",,"A",,"G",343,"A",,"G",343,"A",,2
161004,"R",40689,"A",,"A",,"G",1356,"A",,"R",1666,"A",,2
161022,"R",2618,"A",,"A",,"G",87,"A",,"G",87,"A",,2
161059,"R",737,"A",,"A",,"G",25,"A",,"R",22,"A",,2
161077,"R",34077,"A",,"A",,"G",1136,"A",,"R",1136,"A",,2
161086,"R",61209,"A",,"A",,"G",2040,"A",,"G",2040,"A",,2
161138,"R",37440,"A",,"A",,"G",1248,"A",,"G",1248,"A",,2
161165,"R",48037,"A",,"R",1660,"G",1601,"G",69,"G",1601,"G",69,2
161192,"R",36435,"A",,"A",,"G",1215,"A",,"G",1215,"A",,2
161208,"A",,"R",100140,"A",,"G",111,"A",,"R",69,"A",,1
161217,"R",88963,"A",,"R",255,"G",2965,"G",11,"G",2965,"G",11,2
161226,"R",64895,"A",,"A",,"G",2163,"A",,"G",2163,"A",,2
161235,"R",30313,"A",,"A",,"G",1010,"A",,"G",1010,"A",,2
161244,"R",20639,"A",,"A",,"G",688,"A",,"G",688,"A",,2
161253,"R",243853,"A",,"R",26705,"G",8128,"G",1113,"G",8128,"G",1113,2
161299,"R",25586,"A",,"R",276,"G",853,"G",12,"G",853,"G",12,2
161341,"R",36947,"A",,"A",,"G",1232,"A",,"G",1232,"A",,2
161378,"R",69,"A",,"A",,"G",2,"A",,"G",2,"A",,2
161457,"R",50729,"A",,"R",31997,"G",1691,"G",1333,"R",1703,"R",1116,2
161484,"R",19145,"A",,"A",,"G",638,"A",,"G",638,"A",,2
161493,"A",,"R",460677,"A",,"G",512,"A",,"G",512,"A",,1
161509,"R",13261,"A",,"R",915,"G",442,"G",38,"R",434,"R",31,2
161518,"R",49042,"A",,"R",20462,"G",1635,"G",853,"G",1635,"G",853,2
161527,"A",,"R",144900,"A",,"G",161,"A",,"G",161,"A",,1
161545,"R",93701,"A",,"A",,"G",3123,"A",,"G",3123,"A",,2
161554,"R",182468,"A",,"R",30929,"G",6082,"G",1289,"G",6082,"G",1289,2
161563,"R",20014,"A",,"R",1908,"G",667,"G",80,"G",667,"G",80,2
161572,"R",15898,"A",,"A",,"G",530,"A",,"G",530,"A",,2
161581,"R",10903,"A",,"A",,"G",363,"A",,"G",363,"A",,2
161615,"A",,"R",47205,"A",,"G",52,"A",,"G",52,"A",,1
161624,"R",720,"R",33840,"A",,"G",62,"A",,"R",62,"A",,3
161651,"A",,"R",80000,"A",,"G",89,"A",,"G",89,"A",,1
161688,"R",72340,"A",,"A",,"G",2411,"A",,"G",2411,"A",,2
161767,"R",259110,"A",,"A",,"G",8637,"A",,"G",8637,"A",,2
161776,"A",,"R",593760,"A",,"G",660,"A",,"G",660,"A",,1
161800,"A",,"R",74700,"A",,"G",83,"A",,"G",83,"A",,1
161837,"R",261,"A",,"R",905,"G",9,"G",38,"R",11,"R",50,2
161855,"A",,"R",161408,"A",,"G",179,"A",,"G",179,"A",,1
161864,"R",142807,"A",,"A",,"G",4760,"A",,"R",4760,"A",,2
161873,"R",43160,"A",,"R",22624,"G",1439,"G",943,"G",1439,"G",943,2
161882,"R",15480,"A",,"R",60,"G",516,"G",3,"R",516,"R",5,2
162007,"R",140674,"A",,"R",16753,"G",4689,"G",698,"G",4689,"G",698,2
162061,"R",7998,"A",,"R",6884,"G",267,"G",287,"G",267,"G",287,2
162104,"R",35820,"A",,"A",,"G",1194,"A",,"G",1194,"A",,2
162122,"R",116871,"A",,"A",,"G",3896,"A",,"G",3896,"A",,2
162168,"R",42175,"A",,"A",,"G",1406,"A",,"G",1406,"A",,2
162210,"R",26225,"A",,"R",789,"G",874,"G",33,"G",874,"G",33,2
162283,"R",88040,"A",,"R",11314,"G",2935,"G",471,"G",2935,"G",471,2
162335,"A",,"R",112500,"A",,"G",125,"A",,"G",125,"A",,1
162371,"R",15385,"A",,"A",,"G",513,"A",,"G",513,"A",,2
162557,"R",90918,"A",,"A",,"G",3031,"A",,"G",3031,"A",,2
162584,"R",121230,"A",,"R",11117,"G",4041,"G",463,"G",4041,"G",463,2
162609,"R",14799,"A",,"A",,"G",493,"A",,"G",493,"A",,2
162654,"R",40526,"A",,"R",7827,"G",1351,"G",326,"G",1351,"G",326,2
162681,"R",43807,"A",,"A",,"G",973,"A",,"G",973,"A",,2
162690,"R",67801,"A",,"A",,"G",2260,"A",,"G",2260,"A",,2
162706,"R",80646,"A",,"A",,"G",2688,"A",,"G",2688,"A",,2
162760,"R",32517,"A",,"R",9784,"G",1084,"G",408,"G",1084,"G",408,2
162779,"R",123945,"A",,"A",,"G",4132,"A",,"G",4132,"A",,2
162830,"A",,"R",74670,"A",,"G",83,"A",,"G",83,"A",,1
162928,"R",174090,"A",,"R",261128,"G",5803,"G",10880,"G",5803,"G",10880,2
162982,"A",,"R",2760,"A",,"G",3,"A",,"G",3,"A",,1
163028,"A",,"R",3056760,"A",,"G",3396,"A",,"G",3396,"A",,1
163046,"R",102478,"A",,"R",39610,"G",3416,"G",1650,"G",3416,"G",1650,2
163107,"A",,"R",68120,"A",,"G",76,"A",,"G",76,"A",,1
163204,"R",317726,"A",,"R",101059,"G",10591,"G",4211,"G",10591,"G",4211,2
163259,"R",23493,"A",,"R",45496,"G",783,"G",1896,"G",783,"G",1896,2
163268,"R",269487,"A",,"R",22802,"G",8983,"G",950,"G",8983,"G",950,2
163286,"R",744221,"A",,"R",137117,"G",24807,"G",5713,"R",24807,"R",6356,2
163295,"R",55881,"A",,"R",6278,"G",1863,"G",262,"G",1863,"G",262,2
163338,"R",96867,"A",,"R",6264,"G",3229,"G",261,"G",3229,"G",261,2
163347,"R",52520,"A",,"A",,"G",1751,"A",,"G",1751,"A",,2
163408,"A",,"R",86400,"A",,"G",96,"A",,"G",96,"A",,1
163426,"R",433754,"A",,"A",,"G",14458,"A",,"G",14458,"A",,2
163453,"R",158611,"A",,"R",11267,"G",5287,"G",469,"G",5287,"G",469,2
163462,"R",47620,"A",,"R",6396,"G",1587,"G",267,"G",1587,"R",355,2
163532,"R",11670,"A",,"R",3762,"G",389,"G",157,"G",389,"G",157,2
163541,"A",,"R",153900,"A",,"G",171,"A",,"G",171,"A",,1
163578,"R",37630,"A",,"R",18729,"G",1254,"G",780,"G",1254,"G",780,2
163657,"R",222144,"A",,"A",,"G",7405,"A",,"G",7405,"A",,2
163736,"A",,"R",1000230,"A",,"G",1111,"A",,"G",1111,"A",,1
163754,"A",,"R",124323,"A",,"G",138,"A",,"G",138,"A",,1
163815,"A",,"R",108472,"A",,"G",121,"A",,"G",121,"A",,1
163842,"R",149,"A",,"R",4044,"G",5,"G",169,"G",5,"R",224,2
163851,"R",192569,"A",,"R",13785,"G",6419,"G",574,"G",6419,"G",574,2
163912,"R",61093,"A",,"R",0,"G",2036,"R",0,"R",1988,"R",0,2
163921,"R",33327,"A",,"R",1533,"G",1111,"G",64,"G",1111,"G",64,2
163976,"R",16377,"A",,"R",2169,"G",546,"G",90,"R",487,"R",119,2
164058,"A",,"R",655132,"A",,"G",728,"A",,"G",728,"A",,1
164076,"R",411698,"A",,"R",45731,"G",13723,"G",1905,"G",13723,"G",1905,2
164085,"A",,"A",,"R",8641,"A",,"G",360,"A",,"G",360,2
164100,"A",,"R",42120,"A",,"G",47,"A",,"G",47,"A",,1
164155,"R",154705,"A",,"A",,"G",5157,"A",,"G",5157,"A",,2
164173,"R",75594,"A",,"R",2572,"G",2520,"G",107,"G",2520,"G",107,2
164207,"R",5540,"A",,"R",3000,"G",185,"G",125,"R",203,"R",306,2
164216,"R",39667,"A",,"R",621,"G",1322,"G",26,"G",1322,"G",26,2
164243,"A",,"A",,"R",1086,"A",,"G",45,"A",,"G",45,2
164270,"R",53185,"A",,"R",23610,"G",1773,"G",984,"G",1773,"G",984,2
164313,"R",55685,"A",,"A",,"G",1856,"A",,"G",1856,"A",,2
164447,"R",36389,"A",,"R",6778,"G",1213,"G",282,"G",1213,"G",282,2
164465,"R",52544,"A",,"A",,"G",1751,"A",,"R",1642,"A",,2
164474,"A",,"A",,"R",5091,"A",,"G",212,"A",,"G",212,2
164492,"R",19721,"A",,"R",5215,"G",657,"G",217,"G",657,"G",217,2
164562,"R",66632,"A",,"R",6478,"G",2221,"G",270,"G",2221,"R",360,2
164571,"R",15024,"A",,"R",493,"G",501,"G",21,"G",501,"G",21,2
164580,"R",55439,"A",,"R",31334,"G",1848,"G",1306,"G",1848,"G",1306,2
164599,"R",2430,"A",,"A",,"G",81,"A",,"R",151,"A",,2
164614,"R",3343,"A",,"A",,"G",111,"A",,"R",124,"A",,2
164632,"R",40199,"A",,"R",5255,"G",1340,"G",219,"G",1340,"G",219,2
164641,"R",298,"A",,"A",,"G",10,"A",,"G",10,"A",,2
164678,"A",,"R",343000,"A",,"G",381,"A",,"G",381,"A",,1
164720,"R",35663,"A",,"A",,"G",1189,"A",,"G",1189,"A",,2
164739,"R",115213,"A",,"R",15366,"G",3840,"G",640,"R",4092,"R",787,2
164748,"R",126765,"A",,"A",,"G",4226,"A",,"R",3883,"A",,2
164775,"R",40949,"A",,"A",,"G",1365,"A",,"G",1365,"A",,2
164845,"A",,"R",348000,"A",,"G",387,"A",,"G",387,"A",,1
164872,"R",11960,"A",,"R",11299,"G",399,"G",471,"R",539,"R",467,2
164915,"A",,"A",,"R",2508,"A",,"G",105,"A",,"G",105,2
164924,"R",291062,"A",,"R",91320,"G",9702,"G",3805,"G",9702,"G",3805,2
164933,"R",6883,"A",,"R",1641,"G",229,"G",68,"G",229,"G",68,2
164988,"R",617697,"A",,"R",175349,"G",20590,"G",7306,"G",20590,"G",7306,2
165015,"R",111130,"A",,"R",50920,"G",3704,"G",2122,"G",3704,"G",2122,2
165024,"R",202777,"A",,"R",22435,"G",6759,"G",935,"G",6759,"G",935,2
165033,"R",121538,"A",,"A",,"G",4051,"A",,"G",4051,"A",,2
165060,"R",5085,"A",,"A",,"G",170,"A",,"G",170,"A",,2
165112,"R",149786,"A",,"A",,"G",4993,"A",,"G",4993,"A",,2
165149,"R",900,"A",,"A",,"G",30,"A",,"G",30,"A",,2
165167,"R",6046,"A",,"R",43148,"G",202,"G",1798,"G",202,"G",1798,2
165194,"R",72999,"A",,"A",,"G",2433,"A",,"G",2433,"A",,2
165255,"A",,"R",175800,"A",,"G",195,"A",,"G",195,"A",,1
165264,"R",13253,"A",,"A",,"G",442,"A",,"G",442,"A",,2
165334,"R",69929,"A",,"R",21587,"G",2331,"G",899,"G",2331,"G",899,2
165495,"A",,"A",,"R",672,"A",,"G",28,"A",,"R",30,2
165529,"R",73349,"A",,"R",3515,"G",2445,"G",146,"G",2445,"G",146,2
165556,"R",16520,"A",,"A",,"G",551,"A",,"G",551,"A",,2
165574,"R",35308,"A",,"A",,"G",1177,"A",,"G",1177,"A",,2
165608,"A",,"R",82268,"A",,"G",91,"A",,"R",91,"A",,1
165635,"A",,"R",408240,"A",,"G",454,"A",,"G",454,"A",,1
165644,"R",30745,"A",,"R",3042,"G",1025,"G",127,"G",1025,"G",127,2
165662,"R",103386,"A",,"R",18593,"G",3446,"G",775,"R",3231,"G",775,2
165671,"R",59169,"A",,"R",2527,"G",1972,"G",105,"G",1972,"G",105,2
165680,"A",,"R",147500,"A",,"G",164,"A",,"G",164,"A",,1
165699,"R",54110,"A",,"R",3781,"G",1804,"G",158,"G",1804,"G",158,2
165705,"A",,"A",,"R",582,"A",,"G",24,"A",,"R",24,2
165750,"A",,"R",124000,"A",,"G",138,"A",,"G",138,"A",,1
165802,"R",28569,"A",,"A",,"G",952,"A",,"G",952,"A",,2
165820,"R",95215,"A",,"R",45009,"G",3174,"G",1875,"G",3174,"G",1875,2
165866,"R",106340,"A",,"R",34569,"G",3545,"G",1440,"G",3545,"G",1440,2
165884,"R",11873,"A",,"A",,"G",396,"A",,"G",396,"A",,2
165936,"R",46627,"A",,"R",1879,"G",1554,"G",78,"R",1401,"R",102,2
165945,"A",,"A",,"R",36205,"A",,"G",1509,"A",,"G",1509,2
165981,"R",40731,"A",,"A",,"G",1358,"A",,"G",1358,"A",,2
166009,"A",,"R",317800,"A",,"G",353,"A",,"G",353,"A",,1
166018,"R",40530,"A",,"A",,"G",1351,"A",,"G",1351,"A",,2
166027,"R",112239,"A",,"R",238767,"G",3741,"G",9949,"R",9705,"R",13844,2
166045,"R",370,"A",,"R",1787,"G",12,"G",74,"G",12,"G",74,2
166054,"R",1944,"A",,"R",2790,"G",65,"G",116,"R",81,"R",93,2
166063,"A",,"R",73920,"A",,"G",82,"A",,"G",82,"A",,1
166124,"R",90405,"A",,"A",,"G",3014,"A",,"G",3014,"A",,2
166133,"R",121652,"A",,"A",,"G",4055,"A",,"G",4055,"A",,2
166276,"R",29938,"A",,"A",,"G",665,"A",,"G",665,"A",,2
166294,"R",1000,"A",,"A",,"G",33,"A",,"G",33,"A",,2
166319,"R",1000,"A",,"A",,"G",33,"A",,"G",33,"A",,2
166328,"R",1000,"A",,"A",,"G",33,"A",,"G",33,"A",,2
166391,"R",36210,"A",,"R",549,"G",1207,"G",23,"G",1207,"G",23,2
166407,"R",7963,"A",,"A",,"G",265,"A",,"G",265,"A",,2
166452,"R",42867,"A",,"R",104905,"G",1429,"G",4371,"G",1429,"G",4371,2
166489,"R",1070,"A",,"R",2142,"G",36,"G",89,"R",42,"R",126,2
166498,"A",,"R",89570,"A",,"G",100,"A",,"G",100,"A",,1
166513,"R",204481,"A",,"R",28124,"G",6816,"G",1172,"G",6816,"G",1172,2
166586,"A",,"R",35151,"A",,"G",39,"A",,"G",39,"A",,1
166595,"A",,"R",62006,"A",,"G",69,"A",,"G",69,"A",,1
166601,"R",6090,"A",,"A",,"G",203,"A",,"G",203,"A",,2
166629,"R",572684,"A",,"R",84291,"G",19089,"G",3512,"G",19089,"G",3512,2
166638,"R",214093,"A",,"R",44570,"G",7136,"G",1857,"G",7136,"G",1857,2
166647,"R",102666,"A",,"A",,"G",3422,"A",,"G",3422,"A",,2
166656,"R",20280,"A",,"R",4944,"G",676,"G",206,"R",676,"R",206,2
166674,"R",47917,"A",,"R",2411,"G",1597,"G",100,"G",1597,"G",100,2
166683,"R",448367,"A",,"R",645381,"G",14946,"G",26891,"R",4088,"R",5991,2
166692,"R",33415,"A",,"R",522,"G",1114,"G",22,"G",1114,"G",22,2
166708,"A",,"A",,"R",11431,"A",,"G",476,"A",,"R",547,2
166717,"A",,"A",,"R",6880,"A",,"G",287,"A",,"G",287,2
166805,"A",,"R",38602,"A",,"G",43,"A",,"G",43,"A",,1
166823,"R",129598,"A",,"A",,"G",4320,"A",,"G",4320,"A",,2
166850,"R",61955,"A",,"R",570,"G",2065,"G",24,"G",2065,"G",24,2
166869,"A",,"A",,"R",16238,"A",,"G",677,"A",,"G",677,2
166887,"R",146973,"A",,"A",,"G",4899,"A",,"G",4899,"A",,2
166911,"R",8494,"A",,"A",,"G",283,"A",,"G",283,"A",,2
166939,"R",67528,"A",,"R",804,"G",2251,"G",34,"G",2251,"R",4,2
166948,"R",37198,"A",,"A",,"G",1240,"A",,"G",1240,"A",,2
166957,"R",74947,"A",,"A",,"G",2498,"A",,"G",2498,"A",,2
166975,"A",,"R",138072,"A",,"G",153,"A",,"G",153,"A",,1
166984,"R",25216,"A",,"R",2363,"G",841,"G",98,"G",841,"G",98,2
167020,"R",36720,"R",489600,"A",,"G",1768,"A",,"G",1768,"A",,3
167039,"A",,"R",41000,"A",,"G",46,"A",,"G",46,"A",,1
167057,"R",11035,"A",,"R",7453,"G",368,"G",311,"R",357,"R",398,2
167093,"Z",,"A",,"R",248,"A",,"G",10,"A",,"G",10,2
167181,"A",,"A",,"R",6058,"A",,"G",252,"A",,"R",200,2
167224,"A",,"R",148005,"A",,"G",164,"A",,"G",164,"A",,1
167251,"R",32753,"A",,"A",,"G",1092,"A",,"G",1092,"A",,2
167260,"R",31252,"A",,"R",3819,"G",1042,"G",159,"G",1042,"G",159,2
167288,"R",40369,"A",,"R",10355,"G",1346,"G",431,"G",1346,"G",431,2
167297,"A",,"R",174276,"A",,"G",194,"A",,"G",194,"A",,1
167312,"R",128310,"A",,"A",,"G",4277,"A",,"G",4277,"A",,2
167321,"R",43369,"A",,"A",,"G",1446,"A",,"G",1446,"A",,2
167358,"R",478308,"A",,"R",82103,"G",15944,"G",3421,"G",15944,"G",3421,2
167376,"R",117831,"A",,"A",,"G",3928,"A",,"G",3928,"A",,2
167394,"R",23983,"A",,"R",1847,"G",799,"G",77,"G",799,"G",77,2
167455,"R",14693,"A",,"R",130,"G",490,"G",5,"G",490,"R",10,2
167464,"A",,"A",,"R",1950,"A",,"G",81,"A",,"R",65,2
167525,"R",71805,"A",,"A",,"G",2394,"A",,"G",2394,"A",,2
167534,"R",113706,"A",,"A",,"G",3790,"A",,"G",3790,"A",,2
167543,"A",,"R",105496,"A",,"G",117,"A",,"G",117,"A",,1
167598,"R",26079,"A",,"R",9001,"G",869,"G",375,"G",869,"G",375,2
167631,"R",45418,"A",,"A",,"G",1514,"A",,"G",1514,"A",,2
167677,"A",,"A",,"R",610,"A",,"G",25,"A",,"R",25,2
167729,"R",188546,"A",,"R",45856,"G",6285,"G",1911,"R",7856,"R",2548,2
167738,"R",5214,"A",,"A",,"G",174,"A",,"G",174,"A",,2
167774,"R",3995,"A",,"A",,"G",133,"A",,"R",200,"A",,2
167783,"R",59559,"A",,"R",52774,"G",1985,"G",2199,"G",1985,"G",2199,2
167792,"R",11547,"A",,"A",,"G",385,"A",,"G",385,"A",,2
167835,"R",85218,"A",,"R",14555,"G",2841,"G",606,"R",2663,"R",455,2
167871,"R",4340,"A",,"A",,"G",145,"A",,"G",145,"A",,2
167899,"R",108750,"A",,"R",37147,"G",3625,"G",1548,"G",3625,"G",1548,2
167905,"R",117653,"A",,"A",,"G",3922,"A",,"G",3922,"A",,2
167987,"R",191725,"A",,"R",11907,"G",6391,"G",496,"R",6391,"R",662,2
167996,"R",67613,"A",,"R",348,"G",2254,"G",15,"G",2254,"G",15,2
168005,"R",121145,"A",,"R",33496,"G",4038,"G",1396,"G",4038,"G",1396,2
168032,"A",,"R",103000,"A",,"G",114,"A",,"G",114,"A",,1
168148,"R",145082,"A",,"R",110010,"G",4836,"G",4584,"G",4836,"G",4584,2
168218,"R",75154,"A",,"A",,"G",2505,"A",,"G",2505,"A",,2
168227,"R",111322,"A",,"A",,"G",3711,"A",,"G",3711,"A",,2
168254,"R",79697,"A",,"R",4581,"G",2657,"G",191,"G",2657,"G",191,2
168263,"R",119485,"A",,"R",7770,"G",3983,"G",324,"G",3983,"G",324,2
168272,"A",,"A",,"R",3210,"A",,"G",134,"A",,"G",134,2
168281,"R",50464,"A",,"A",,"G",1682,"A",,"G",1682,"A",,2
168290,"R",22285,"A",,"R",7827,"G",743,"G",326,"G",743,"G",326,2
168342,"R",18275,"A",,"R",462,"G",609,"G",19,"R",2030,"R",46,2
168421,"R",104184,"A",,"R",12354,"G",2315,"G",343,"R",2894,"R",686,2
168430,"R",119487,"A",,"R",15454,"G",3983,"G",644,"G",3983,"G",644,2
168519,"A",,"R",30000,"A",,"G",33,"A",,"R",30,"A",,1
168528,"R",27548,"A",,"A",,"G",918,"A",,"G",918,"A",,2
168546,"R",61410,"A",,"A",,"G",2047,"A",,"R",1954,"A",,2
168555,"A",,"R",57600,"A",,"G",64,"A",,"R",64,"A",,1
168573,"R",17798,"A",,"A",,"G",593,"A",,"G",593,"A",,2
168591,"R",41166,"A",,"A",,"G",1372,"A",,"G",1372,"A",,2
168607,"R",37806,"R",311189,"A",,"G",1606,"A",,"G",1606,"A",,3
168740,"R",49031,"A",,"R",14196,"G",1634,"G",592,"G",1634,"G",592,2
168786,"R",43003,"A",,"R",6294,"G",1433,"G",262,"R",1390,"R",350,2
168838,"R",87719,"A",,"R",55,"G",1949,"G",2,"G",1949,"G",2,2
168847,"R",184032,"A",,"R",406,"G",4090,"G",11,"G",4090,"G",11,2
168883,"R",28486,"R",392792,"A",,"G",1386,"A",,"G",1386,"A",,3
168892,"A",,"R",175861,"A",,"G",195,"A",,"G",195,"A",,1
169080,"R",128269,"A",,"R",976,"G",4276,"G",41,"G",4276,"G",41,2
169099,"A",,"A",,"R",3278,"A",,"G",91,"A",,"R",132,2
169187,"R",16103,"A",,"A",,"G",358,"A",,"G",358,"A",,2
169220,"A",,"A",,"R",3322,"A",,"G",138,"A",,"G",138,2
169248,"R",544070,"A",,"R",117522,"G",18136,"G",4897,"R",18136,"R",5148,2
169275,"R",196091,"R",4018748,"A",,"G",11002,"A",,"G",11002,"A",,3
169284,"A",,"R",441283,"A",,"G",490,"A",,"G",490,"A",,1
169327,"R",21718,"A",,"R",1181,"G",483,"G",33,"G",483,"G",33,2
169363,"R",15398,"A",,"R",801,"G",513,"G",33,"G",513,"G",33,2
169424,"A",,"A",,"R",4650,"A",,"G",194,"A",,"R",155,2
169442,"R",33508,"A",,"A",,"G",1117,"A",,"R",1154,"A",,2
169479,"R",84120,"A",,"R",6864,"G",2804,"G",286,"G",2804,"G",286,2
169503,"A",,"R",275338,"A",,"G",306,"A",,"G",306,"A",,1
169521,"R",205585,"R",1689888,"A",,"G",8730,"A",,"G",8730,"A",,3
169567,"A",,"R",98720,"A",,"G",110,"A",,"G",110,"A",,1
169576,"R",4182,"A",,"A",,"G",93,"A",,"G",93,"A",,2
169628,"A",,"A",,"R",28952,"A",,"G",1206,"A",,"G",1206,2
169655,"R",54240,"A",,"A",,"G",1205,"A",,"R",678,"A",,2
169716,"R",80541,"A",,"R",23434,"G",2685,"G",976,"G",2685,"G",976,2
169734,"R",6976,"A",,"A",,"G",155,"A",,"G",155,"A",,2
169761,"R",6548,"A",,"A",,"G",146,"A",,"G",146,"A",,2
169798,"R",484158,"A",,"R",60171,"G",16139,"G",2507,"G",16139,"G",2507,2
169813,"A",,"R",16500,"A",,"G",18,"A",,"G",18,"A",,1
169910,"R",309213,"A",,"R",8262,"G",10307,"G",344,"G",10307,"G",344,2
169947,"A",,"R",76911,"A",,"G",85,"A",,"G",85,"A",,1
169956,"A",,"R",80000,"A",,"G",89,"A",,"R",80,"A",,1
169974,"R",26826,"R",191930,"A",,"G",1107,"A",,"G",1107,"A",,3
169983,"R",73495,"A",,"R",7908,"G",2450,"G",330,"G",2450,"G",330,2
169992,"R",19730,"R",11640,"A",,"G",671,"A",,"G",671,"A",,3
170000,"R",4308,"A",,"A",,"G",144,"A",,"G",144,"A",,2
170037,"R",79111,"A",,"R",9913,"G",2637,"G",413,"G",2637,"G",413,2
170046,"A",,"R",789330,"A",,"G",877,"A",,"G",877,"A",,1
170055,"R",300938,"R",2140578,"A",,"G",12410,"A",,"G",12410,"A",,3
170082,"R",524669,"A",,"R",59983,"G",17489,"G",2499,"G",17489,"G",2499,2
170091,"R",5409,"A",,"A",,"G",180,"A",,"G",180,"A",,2
170240,"R",256729,"A",,"A",,"G",8558,"A",,"G",8558,"A",,2
170301,"R",98430,"A",,"A",,"G",3281,"A",,"G",3281,"A",,2
170417,"R",23656,"A",,"A",,"G",526,"A",,"G",526,"A",,2
170444,"R",110045,"A",,"A",,"G",3668,"A",,"G",3668,"A",,2
170514,"A",,"R",43200,"A",,"G",48,"A",,"G",48,"A",,1
170532,"R",44450,"A",,"A",,"G",988,"A",,"G",988,"A",,2
170541,"R",123847,"R",1404592,"A",,"G",5689,"A",,"G",5689,"A",,3
170550,"R",47603,"R",962359,"A",,"G",2656,"A",,"G",2656,"A",,3
170587,"A",,"R",623566,"A",,"G",693,"A",,"G",693,"A",,1
170611,"A",,"R",152500,"A",,"G",169,"A",,"G",169,"A",,1
170620,"R",69619,"A",,"A",,"G",2321,"A",,"G",2321,"A",,2
170639,"R",76221,"A",,"R",624,"G",2541,"G",26,"G",2541,"G",26,2
170657,"R",350589,"R",0,"A",,"G",11686,"A",,"R",11311,"A",,3
170675,"R",62431,"A",,"R",18218,"G",2081,"G",759,"G",2081,"G",759,2
170693,"R",5096,"A",,"A",,"G",170,"A",,"G",170,"A",,2
170736,"A",,"R",113000,"A",,"G",126,"A",,"G",126,"A",,1
170790,"R",1695680,"R",282569,"A",,"G",56837,"A",,"G",56837,"A",,3
170806,"R",75844,"A",,"R",16360,"G",2528,"G",682,"G",2528,"G",682,2
170824,"A",,"R",34560,"A",,"G",38,"A",,"G",38,"A",,1
170842,"R",15543,"A",,"R",44581,"G",518,"G",1858,"G",518,"G",1858,2
170967,"R",28259,"A",,"R",94,"G",942,"G",4,"G",942,"G",4,2
170976,"R",755383,"A",,"R",229629,"G",25179,"G",9568,"G",25179,"R",11374,2
171012,"A",,"R",254140,"A",,"G",282,"A",,"G",282,"A",,1
171100,"R",1023991,"A",,"R",129574,"G",34133,"G",5399,"G",34133,"G",5399,2
171128,"R",163307,"A",,"R",11744,"G",5444,"G",489,"R",5491,"R",634,2
171137,"R",157088,"A",,"R",24139,"G",5236,"G",1006,"G",5236,"G",1006,2
171146,"R",134994,"A",,"R",14565,"G",4500,"G",607,"G",4500,"G",607,2
171155,"R",66814,"R",686643,"A",,"G",2990,"A",,"G",2990,"A",,3
171225,"R",77972,"A",,"A",,"G",2599,"A",,"G",2599,"A",,2
171234,"R",39852,"R",401748,"A",,"G",1775,"A",,"G",1775,"A",,3
171261,"A",,"R",105000,"A",,"G",117,"A",,"G",117,"A",,1
171298,"R",150968,"A",,"R",427,"G",3355,"G",12,"G",3355,"G",12,2
171304,"R",87906,"A",,"A",,"G",2930,"A",,"G",2930,"A",,2
171313,"R",43385,"R",577520,"A",,"G",2088,"A",,"G",2088,"A",,3
171322,"R",91479,"R",1212400,"A",,"G",4396,"A",,"G",4396,"A",,3
171395,"R",39800,"R",260838,"A",,"G",1616,"A",,"G",1616,"A",,3
171456,"R",245870,"A",,"R",10076,"G",8196,"G",420,"G",8196,"G",420,2
171465,"A",,"R",58500,"A",,"G",65,"A",,"G",65,"A",,1
171483,"R",90870,"A",,"A",,"G",3029,"A",,"G",3029,"A",,2
171492,"R",145001,"A",,"R",5426,"G",3222,"G",151,"G",3222,"G",151,2
171535,"R",473704,"R",7392949,"A",,"G",24005,"A",,"G",24005,"A",,3
171571,"R",347090,"A",,"R",60056,"G",11570,"G",2502,"G",11570,"G",2502,2
171599,"R",31574,"A",,"R",584,"G",1052,"G",24,"G",1052,"G",24,2
171775,"A",,"R",233220,"A",,"G",259,"A",,"R",259,"A",,1
171881,"R",6876,"A",,"R",12,"G",229,"G",1,"R",229,"R",1,2
171988,"R",9256,"A",,"A",,"G",309,"A",,"G",309,"A",,2
171997,"R",5740,"A",,"A",,"G",191,"A",,"G",191,"A",,2
172015,"R",10057,"A",,"A",,"G",335,"A",,"G",335,"A",,2
172033,"R",2723,"A",,"R",1344,"G",91,"G",56,"G",91,"G",56,2
172051,"R",203508,"A",,"R",23848,"G",6784,"G",994,"G",6784,"G",994,2
172200,"R",224650,"A",,"A",,"G",7488,"A",,"G",7488,"A",,2
172264,"R",41311,"A",,"R",4100,"G",1377,"G",171,"R",1336,"R",157,2
172291,"A",,"R",1532708,"A",,"G",1703,"A",,"G",1703,"A",,1
172307,"R",49215,"A",,"A",,"G",1641,"A",,"G",1641,"A",,2
172325,"P",15087,"P",403950,"P",0,"P",952,"P",0,"P",952,"P",0,3
172334,"R",71472,"A",,"R",19384,"G",2382,"G",808,"G",2382,"G",808,2
172422,"R",9418,"A",,"A",,"G",209,"A",,"G",209,"A",,2
172440,"A",,"R",243760,"A",,"G",271,"A",,"G",271,"A",,1
172495,"A",,"R",158080,"A",,"G",176,"A",,"G",176,"A",,1
172556,"A",,"R",65700,"A",,"G",73,"A",,"G",73,"A",,1
172574,"A",,"R",120600,"A",,"G",134,"A",,"G",134,"A",,1
172583,"A",,"R",102600,"A",,"G",114,"A",,"G",114,"A",,1
172608,"R",22889,"A",,"R",32511,"G",763,"G",1355,"G",763,"G",1355,2
172617,"R",240474,"A",,"A",,"G",8016,"A",,"G",8016,"A",,2
172635,"R",215254,"R",1557273,"A",,"G",8905,"A",,"G",8905,"A",,3
172644,"R",470996,"A",,"R",135455,"G",15700,"G",5644,"G",15700,"G",5644,2
172671,"R",26642,"A",,"A",,"G",888,"A",,"G",888,"A",,2
172699,"R",601778,"A",,"R",72874,"G",20059,"G",3036,"G",20059,"G",3036,2
172705,"A",,"A",,"R",4590,"A",,"G",191,"A",,"G",191,2
172802,"A",,"R",70200,"A",,"G",78,"A",,"G",78,"A",,1
172866,"R",8716,"A",,"A",,"G",194,"A",,"G",194,"A",,2
172918,"R",62137,"A",,"A",,"G",2071,"A",,"G",2071,"A",,2
172927,"R",1605,"A",,"A",,"G",36,"A",,"G",36,"A",,2
172954,"R",48036,"A",,"A",,"G",1601,"A",,"G",1601,"A",,2
172963,"R",136213,"A",,"A",,"G",4540,"A",,"G",4540,"A",,2
172972,"R",2172,"A",,"A",,"G",72,"A",,"G",72,"A",,2
173045,"R",78479,"A",,"R",16816,"G",2616,"G",701,"G",2616,"G",701,2
173063,"R",69320,"A",,"A",,"G",2311,"A",,"G",2311,"A",,2
173115,"R",21898,"A",,"A",,"G",730,"A",,"G",730,"A",,2
173124,"R",115713,"A",,"R",7906,"G",3857,"G",329,"R",3857,"R",395,2
173142,"R",19875,"A",,"A",,"G",663,"A",,"R",550,"A",,2
173160,"R",98348,"A",,"R",11672,"G",3278,"G",486,"G",3278,"G",486,2
173179,"A",,"A",,"R",21429,"A",,"G",595,"A",,"G",595,2
173203,"R",70395,"A",,"A",,"G",2347,"A",,"G",2347,"A",,2
173258,"R",102577,"A",,"A",,"G",3419,"A",,"R",2009,"A",,2
173300,"R",87266,"A",,"R",82,"G",2909,"G",3,"G",2909,"G",3,2
173328,"R",51302,"A",,"R",7234,"G",1710,"G",301,"G",1710,"G",301,2
173416,"R",67638,"A",,"A",,"G",2255,"A",,"G",2255,"A",,2
173452,"R",28186,"A",,"R",160,"G",940,"G",7,"G",940,"G",7,2
173461,"R",101886,"A",,"A",,"G",3396,"A",,"G",3396,"A",,2
173470,"A",,"R",97798,"A",,"G",109,"A",,"G",109,"A",,1
173489,"R",10856,"A",,"A",,"G",241,"A",,"G",241,"A",,2
173559,"R",138552,"A",,"A",,"G",4618,"A",,"G",4618,"A",,2
173629,"R",29690,"A",,"A",,"G",660,"A",,"R",660,"A",,2
173638,"R",62007,"A",,"A",,"G",2067,"A",,"G",2067,"A",,2
173647,"R",90709,"A",,"A",,"G",3024,"A",,"R",2587,"A",,2
173665,"R",68211,"A",,"R",37456,"G",2274,"G",1561,"R",2132,"G",1561,2
173708,"R",109459,"A",,"A",,"G",3649,"A",,"G",3649,"A",,2
173726,"A",,"R",49645,"A",,"G",55,"A",,"G",55,"A",,1
173735,"R",35282,"A",,"A",,"G",1176,"A",,"G",1176,"A",,2
173744,"A",,"R",601321,"A",,"G",668,"A",,"G",668,"A",,1
173799,"R",99004,"A",,"A",,"G",3300,"A",,"G",3300,"A",,2
173805,"R",29924,"A",,"A",,"G",997,"A",,"G",997,"A",,2
173887,"R",75259,"A",,"A",,"G",1672,"A",,"G",1672,"A",,2
173896,"A",,"A",,"R",13977,"A",,"G",582,"A",,"G",582,2
173902,"R",57490,"A",,"A",,"G",1916,"A",,"G",1916,"A",,2
173911,"R",67142,"A",,"A",,"G",2238,"A",,"G",2238,"A",,2
173920,"R",362550,"A",,"R",25160,"G",12085,"G",1048,"G",12085,"G",1048,2
173939,"A",,"R",173121,"A",,"G",192,"A",,"G",192,"A",,1
173966,"R",1920,"A",,"R",4251,"G",64,"G",177,"G",64,"G",177,2
173984,"R",49033,"A",,"R",12208,"G",1634,"G",509,"G",1634,"G",509,2
173993,"R",32072,"A",,"A",,"G",1069,"A",,"G",1069,"A",,2
174020,"R",119626,"A",,"R",7720,"G",3988,"G",322,"G",3988,"G",322,2
174066,"R",1001012,"A",,"R",163197,"G",33367,"G",6800,"G",33367,"G",6800,2
174075,"R",36173,"A",,"A",,"G",1206,"A",,"G",1206,"A",,2
174118,"A",,"R",534000,"A",,"G",593,"A",,"G",593,"A",,1
174127,"R",21416,"A",,"R",1169,"G",714,"G",49,"G",714,"G",49,2
174136,"R",159878,"A",,"A",,"G",5329,"A",,"G",5329,"A",,2
174154,"R",11174,"A",,"A",,"G",372,"A",,"R",302,"A",,2
174190,"A",,"R",112090,"A",,"G",125,"A",,"G",125,"A",,1
174206,"R",4979,"A",,"A",,"G",166,"A",,"G",166,"A",,2
174233,"R",269110,"A",,"R",4331,"G",8970,"G",180,"G",8970,"G",180,2
174251,"R",49704,"A",,"A",,"G",1657,"A",,"G",1657,"A",,2
174279,"R",27586,"A",,"R",790,"G",613,"G",22,"R",460,"R",13,2
174321,"A",,"R",175600,"A",,"G",195,"A",,"G",195,"A",,1
174358,"R",197208,"A",,"R",6039,"G",6574,"G",252,"R",6574,"R",302,2
174376,"R",124939,"A",,"A",,"G",4165,"A",,"G",4165,"A",,2
174385,"R",6788,"A",,"A",,"G",151,"A",,"G",151,"A",,2
174394,"R",100940,"A",,"A",,"G",2243,"A",,"G",2243,"A",,2
174428,"R",180239,"A",,"A",,"G",6008,"A",,"G",6008,"A",,2
174437,"R",31961,"A",,"A",,"G",1065,"A",,"G",1065,"A",,2
174464,"R",28106,"A",,"A",,"G",625,"A",,"G",625,"A",,2
174473,"R",82324,"A",,"A",,"G",2744,"A",,"G",2744,"A",,2
174482,"R",2906,"A",,"A",,"G",97,"A",,"G",97,"A",,2
174491,"R",76997,"A",,"R",354,"G",2567,"G",15,"G",2567,"G",15,2
174507,"R",3634,"A",,"R",4573,"G",121,"G",191,"G",121,"G",191,2
174525,"R",5129,"A",,"A",,"G",171,"A",,"R",158,"A",,2
174534,"A",,"R",123977,"A",,"G",138,"A",,"G",138,"A",,1
174561,"R",5376,"A",,"A",,"G",179,"A",,"G",179,"A",,2
174570,"R",12309,"A",,"A",,"G",410,"A",,"G",410,"A",,2
174604,"R",9607,"A",,"A",,"G",320,"A",,"G",320,"A",,2
174622,"R",21022,"A",,"A",,"G",467,"A",,"G",467,"A",,2
174631,"R",19833,"A",,"A",,"G",441,"A",,"G",441,"A",,2
174686,"A",,"R",26350,"A",,"G",29,"A",,"G",29,"A",,1
174738,"R",131652,"A",,"A",,"G",4388,"A",,"G",4388,"A",,2
174747,"R",58081,"A",,"A",,"G",1936,"A",,"G",1936,"A",,2
174756,"R",79984,"A",,"A",,"G",2666,"A",,"G",2666,"A",,2
174765,"A",,"R",121723,"A",,"G",135,"A",,"G",135,"A",,1
174783,"R",376774,"A",,"R",25317,"G",12559,"G",1055,"G",12559,"G",1055,2
174792,"R",54726,"A",,"R",1988,"G",1824,"G",83,"G",1824,"G",83,2
174817,"R",50637,"A",,"R",63717,"G",1688,"G",2655,"G",1688,"G",2655,2
174844,"R",89632,"A",,"A",,"G",2988,"A",,"R",3003,"A",,2
174862,"R",29928,"A",,"R",1638,"G",998,"G",68,"G",998,"G",68,2
174899,"R",84629,"A",,"R",12137,"G",2821,"G",506,"G",2821,"G",506,2
174914,"R",171773,"A",,"R",58489,"G",5726,"G",2437,"G",5726,"G",2437,2
174932,"R",5176,"A",,"A",,"G",173,"A",,"G",173,"A",,2
174978,"A",,"R",222457,"A",,"G",247,"A",,"G",247,"A",,1
175005,"R",87322,"A",,"R",18505,"G",2911,"G",771,"R",3050,"R",862,2
175014,"R",24095,"A",,"A",,"G",535,"A",,"G",535,"A",,2
175041,"R",92687,"A",,"A",,"G",3090,"A",,"G",3090,"A",,2
175078,"R",104722,"A",,"R",9165,"G",3491,"G",382,"R",3491,"R",458,2
175120,"R",2000,"A",,"A",,"G",67,"A",,"G",67,"A",,2
175139,"A",,"A",,"R",3012,"A",,"G",126,"A",,"G",126,2
175148,"A",,"R",104738,"A",,"G",116,"A",,"G",116,"A",,1
175157,"R",18751,"A",,"A",,"G",625,"A",,"G",625,"A",,2
175227,"R",66164,"A",,"A",,"G",1470,"A",,"G",1470,"A",,2
175236,"R",94348,"A",,"A",,"G",3145,"A",,"G",3145,"A",,2
175263,"R",47344,"A",,"A",,"G",1578,"A",,"G",1578,"A",,2
175272,"R",228213,"A",,"R",7132,"G",7607,"G",297,"G",7607,"G",297,2
175315,"R",179403,"A",,"A",,"G",5980,"A",,"G",5980,"A",,2
175342,"R",85865,"A",,"R",9819,"G",2862,"G",409,"G",2862,"G",409,2
175421,"R",52162,"A",,"R",5363,"G",1739,"G",223,"G",1739,"G",223,2
175430,"R",11185,"A",,"A",,"G",373,"A",,"G",373,"A",,2
175494,"A",,"R",199800,"A",,"G",222,"A",,"G",222,"A",,1
175519,"R",44776,"A",,"A",,"G",1493,"A",,"G",1493,"A",,2
175528,"R",12577,"A",,"A",,"G",279,"A",,"G",279,"A",,2
175564,"R",19963,"R",45276,"A",,"G",716,"A",,"G",716,"A",,3
175573,"R",44978,"R",130272,"A",,"G",1644,"A",,"G",1644,"A",,3
175591,"A",,"R",75331,"A",,"G",84,"A",,"G",84,"A",,1
175607,"A",,"R",135686,"A",,"G",151,"A",,"G",151,"A",,1
175616,"R",85490,"A",,"R",13867,"G",2850,"G",578,"G",2850,"G",578,2
175643,"R",66532,"A",,"A",,"G",2218,"A",,"G",2218,"A",,2
175652,"R",109568,"A",,"A",,"G",3652,"A",,"G",3652,"A",,2
175698,"A",,"R",19605,"A",,"G",22,"A",,"G",22,"A",,1
175713,"A",,"R",41850,"A",,"G",47,"A",,"G",47,"A",,1
175722,"A",,"R",27251,"A",,"G",30,"A",,"G",30,"A",,1
175786,"R",290010,"A",,"A",,"G",9667,"A",,"G",9667,"A",,2
175810,"R",100168,"A",,"A",,"G",3339,"A",,"G",3339,"A",,2
175829,"R",102394,"A",,"A",,"G",3413,"A",,"G",3413,"A",,2
175856,"R",173197,"A",,"R",25006,"G",5773,"G",1042,"R",6635,"R",1205,2
175883,"R",130384,"A",,"A",,"G",4346,"A",,"G",4346,"A",,2
175917,"R",711,"A",,"A",,"G",24,"A",,"G",24,"A",,2
175935,"R",74805,"A",,"A",,"G",2494,"A",,"G",2494,"A",,2
175980,"R",34346,"A",,"R",1337,"G",1145,"G",56,"G",1145,"G",56,2
176008,"R",80280,"A",,"A",,"G",2676,"A",,"G",2676,"A",,2
176017,"R",372526,"A",,"R",35533,"G",12418,"G",1481,"G",12418,"G",1481,2
176026,"R",28890,"R",39750,"R",18008,"G",686,"G",500,"G",686,"G",500,3
176035,"R",58740,"A",,"R",3991,"G",1958,"G",166,"G",1958,"G",166,2
176044,"R",79957,"A",,"R",7954,"G",2665,"G",331,"G",2665,"G",331,2
176053,"R",71379,"A",,"R",12002,"G",2379,"G",500,"G",2379,"G",500,2
176062,"A",,"R",62864,"A",,"G",70,"A",,"G",70,"A",,1
176071,"R",153900,"A",,"A",,"G",5130,"A",,"G",5130,"A",,2
176080,"R",358392,"A",,"R",57419,"G",11946,"G",2392,"G",11946,"G",2392,2
176169,"R",84876,"A",,"A",,"G",2829,"A",,"G",2829,"A",,2
176178,"R",118567,"A",,"A",,"G",3952,"A",,"G",3952,"A",,2
176239,"R",76111,"A",,"A",,"G",2537,"A",,"G",2537,"A",,2
176318,"R",28739,"R",532456,"A",,"G",1550,"A",,"G",1550,"A",,3
176336,"R",1793,"A",,"A",,"G",60,"A",,"R",67,"A",,2
176354,"R",47593,"A",,"A",,"G",1586,"A",,"G",1586,"A",,2
176372,"R",357205,"A",,"R",57837,"G",11907,"G",2410,"G",11907,"G",2410,2
176390,"A",,"R",132362,"A",,"G",147,"A",,"G",147,"A",,1
176406,"R",29283,"A",,"A",,"G",976,"A",,"G",976,"A",,2
176415,"A",,"R",26746,"A",,"G",30,"A",,"G",30,"A",,1
176451,"A",,"A",,"R",481,"A",,"G",20,"A",,"G",20,2
176460,"R",2568,"A",,"A",,"G",86,"A",,"G",86,"A",,2
176479,"R",53958,"A",,"R",16012,"G",1799,"G",667,"G",1799,"G",667,2
176497,"R",3560,"R",1200,"A",,"G",120,"A",,"G",120,"A",,3
176549,"A",,"R",1023800,"A",,"G",1138,"A",,"G",1138,"A",,1
176600,"A",,"A",,"R",3120,"A",,"G",130,"A",,"R",141,2
176619,"A",,"A",,"R",7519,"A",,"G",313,"A",,"G",313,2
176628,"R",31805,"A",,"R",8189,"G",1060,"G",341,"G",1060,"G",341,2
176637,"R",27288,"A",,"A",,"G",606,"A",,"G",606,"A",,2
176664,"R",17053,"A",,"R",944,"G",568,"G",39,"G",568,"G",39,2
176716,"A",,"R",150456,"A",,"G",167,"A",,"G",167,"A",,1
176734,"A",,"R",22100,"A",,"G",25,"A",,"G",25,"A",,1
176770,"R",13759,"A",,"A",,"G",459,"A",,"G",459,"A",,2
176789,"R",7469,"A",,"R",597,"G",249,"G",25,"G",249,"G",25,2
176798,"A",,"R",134500,"A",,"G",149,"A",,"G",149,"A",,1
176910,"R",15426,"A",,"A",,"G",514,"A",,"G",514,"A",,2
176938,"R",15863,"R",102435,"A",,"G",643,"A",,"G",643,"A",,3
176947,"R",24448,"A",,"A",,"G",815,"A",,"G",815,"A",,2
176965,"R",243367,"A",,"R",25995,"G",8112,"G",1083,"G",8112,"G",1083,2
176983,"A",,"R",59628,"A",,"G",66,"A",,"G",66,"A",,1
176992,"A",,"R",14875,"A",,"G",17,"A",,"G",17,"A",,1
177038,"R",3655,"R",0,"A",,"G",122,"A",,"G",122,"A",,3
177056,"A",,"R",126404,"A",,"G",140,"A",,"G",140,"A",,1
177065,"R",278059,"A",,"R",5402,"G",9269,"G",225,"G",9269,"G",225,2
177083,"R",2375,"A",,"R",504,"G",79,"G",21,"R",78,"R",18,2
177092,"A",,"A",,"R",1236,"A",,"G",34,"A",,"G",34,2
177117,"R",9178,"A",,"A",,"G",306,"A",,"G",306,"A",,2
177126,"A",,"A",,"R",5309,"A",,"G",221,"A",,"G",221,2
177135,"R",55889,"A",,"A",,"G",1863,"A",,"G",1863,"A",,2
177144,"R",24466,"A",,"A",,"G",816,"A",,"G",816,"A",,2
177153,"R",9837,"A",,"A",,"G",328,"A",,"G",328,"A",,2
177162,"R",36334,"A",,"R",4326,"G",1211,"G",180,"G",1211,"G",180,2
177214,"R",112070,"A",,"R",6292,"G",3736,"G",262,"G",3736,"G",262,2
177250,"R",64532,"A",,"A",,"G",2151,"A",,"G",2151,"A",,2
177278,"A",,"A",,"R",2586,"A",,"G",108,"A",,"G",108,2
177287,"A",,"R",194418,"A",,"G",216,"A",,"G",216,"A",,1
177302,"R",5047,"A",,"A",,"G",112,"A",,"G",112,"A",,2
177339,"R",26696,"A",,"R",623,"G",890,"G",26,"R",1112,"R",36,2
177418,"R",49933,"A",,"R",16518,"G",1664,"G",688,"G",1664,"G",688,2
177427,"A",,"A",,"R",7675,"A",,"G",213,"A",,"G",213,2
177436,"A",,"R",42120,"A",,"G",47,"A",,"G",47,"A",,1
177472,"R",194962,"A",,"A",,"G",6499,"A",,"G",6499,"A",,2
177542,"R",30041,"A",,"A",,"G",1001,"A",,"G",1001,"A",,2
177551,"R",36879,"A",,"A",,"G",1229,"A",,"G",1229,"A",,2
177579,"R",16243,"A",,"A",,"G",541,"A",,"G",541,"A",,2
177588,"A",,"R",78834,"A",,"G",88,"A",,"G",88,"A",,1
177603,"A",,"R",177762,"A",,"G",198,"A",,"G",198,"A",,1
177676,"R",88038,"A",,"A",,"G",2935,"A",,"G",2935,"A",,2
177685,"A",,"R",51073,"A",,"G",57,"A",,"G",57,"A",,1
177719,"R",27312,"A",,"R",1668,"G",910,"G",70,"G",910,"G",70,2
177746,"R",20500,"A",,"A",,"G",683,"A",,"G",683,"A",,2
177807,"A",,"R",27000,"A",,"G",30,"A",,"G",30,"A",,1
177816,"A",,"A",,"R",1623,"A",,"G",68,"A",,"R",59,2
177834,"A",,"A",,"R",20396,"A",,"G",850,"A",,"G",850,2
177870,"A",,"R",16830,"A",,"G",19,"A",,"G",19,"A",,1
177922,"A",,"R",89463,"A",,"G",99,"A",,"G",99,"A",,1
177931,"A",,"R",41615,"A",,"G",46,"A",,"R",34,"A",,1
177940,"R",66644,"A",,"R",3439,"G",2221,"G",143,"G",2221,"G",143,2
177968,"R",172527,"A",,"R",71733,"G",5751,"G",2989,"G",5751,"G",2989,2
177977,"R",30041,"A",,"A",,"G",1001,"A",,"G",1001,"A",,2
177986,"R",3480,"A",,"R",0,"G",116,"Z",0,"G",116,"Z",0,2
177995,"R",107330,"A",,"A",,"G",3578,"A",,"G",3578,"A",,2
178004,"R",3918,"A",,"A",,"G",131,"A",,"G",131,"A",,2
178022,"R",82488,"A",,"A",,"G",2750,"A",,"G",2750,"A",,2
178059,"R",64559,"A",,"R",12795,"G",2152,"G",533,"G",2152,"G",533,2
178077,"A",,"R",125697,"A",,"G",140,"A",,"G",140,"A",,1
178110,"R",9680,"A",,"A",,"G",215,"A",,"G",215,"A",,2
178183,"R",5739,"A",,"A",,"G",191,"A",,"G",191,"A",,2
178208,"R",2635,"A",,"R",2111,"G",88,"G",88,"G",88,"G",88,2
178217,"R",73158,"A",,"A",,"G",2439,"A",,"G",2439,"A",,2
178226,"A",,"R",374974,"A",,"G",417,"A",,"G",417,"A",,1
178244,"R",61605,"A",,"R",23504,"G",2054,"G",979,"G",2054,"G",979,2
178262,"R",5775,"R",600,"A",,"G",193,"A",,"G",193,"A",,3
178305,"R",20514,"A",,"A",,"G",684,"A",,"G",684,"A",,2
178314,"A",,"R",41889,"A",,"G",47,"A",,"R",61,"A",,1
178332,"A",,"R",34164,"A",,"G",38,"A",,"G",38,"A",,1
178341,"R",133951,"A",,"R",84,"G",4465,"G",4,"G",4465,"G",4,2
178350,"R",3847,"A",,"A",,"G",128,"A",,"G",128,"A",,2
178369,"R",44467,"A",,"A",,"G",1482,"A",,"G",1482,"A",,2
178387,"R",123550,"A",,"R",0,"G",4118,"R",0,"G",4118,"Z",0,2
178396,"R",587580,"A",,"R",89225,"G",19586,"G",3718,"G",19586,"G",3718,2
178402,"R",208994,"A",,"R",48662,"G",6966,"G",2028,"G",6966,"G",2028,2
178411,"R",118357,"A",,"R",21323,"G",3945,"G",888,"G",3945,"G",888,2
178420,"R",238643,"A",,"R",43618,"G",7955,"G",1817,"G",7955,"G",1817,2
178448,"R",76278,"A",,"A",,"G",2543,"A",,"G",2543,"A",,2
178466,"A",,"R",149483,"A",,"G",166,"A",,"R",118,"A",,1
178484,"A",,"R",371736,"A",,"G",413,"A",,"G",413,"A",,1
178518,"A",,"A",,"R",6803,"A",,"G",283,"A",,"G",283,2
178527,"A",,"R",26249,"A",,"G",29,"A",,"G",29,"A",,1
178563,"A",,"R",147870,"A",,"G",164,"A",,"G",164,"A",,1
178606,"A",,"R",1050,"A",,"G",1,"A",,"G",1,"A",,1
178615,"R",160088,"A",,"R",8824,"G",5336,"G",368,"G",5336,"G",368,2
178624,"R",143764,"A",,"R",13734,"G",4792,"G",572,"G",4792,"G",572,2
178679,"R",21973,"A",,"A",,"G",732,"A",,"G",732,"A",,2
178697,"R",42476,"A",,"A",,"G",1416,"A",,"G",1416,"A",,2
178721,"R",291143,"A",,"R",9108,"G",9705,"G",380,"G",9705,"G",380,2
178767,"R",11800,"A",,"A",,"G",262,"A",,"G",262,"A",,2
178785,"R",91292,"A",,"A",,"G",3043,"A",,"G",3043,"A",,2
178828,"A",,"R",32550,"A",,"G",36,"A",,"R",25,"A",,1
178891,"R",47415,"A",,"A",,"G",1581,"A",,"G",1581,"A",,2
178989,"R",9131,"A",,"R",432,"G",304,"G",18,"G",304,"G",18,2
178998,"A",,"R",8460,"A",,"G",9,"A",,"R",5,"A",,1
179025,"A",,"R",45800,"A",,"G",51,"A",,"G",51,"A",,1
179043,"R",48010,"A",,"R",18630,"G",1600,"G",776,"G",1600,"G",776,2
179052,"A",,"R",243495,"A",,"G",271,"A",,"G",271,"A",,1
179070,"A",,"R",92970,"A",,"G",103,"A",,"G",103,"A",,1
179113,"R",242615,"A",,"A",,"G",8087,"A",,"G",8087,"A",,2
179159,"R",211616,"A",,"R",47236,"G",7054,"G",1968,"G",7054,"G",1968,2
179195,"A",,"R",29500,"A",,"G",33,"A",,"G",33,"A",,1
179201,"R",42760,"A",,"A",,"G",950,"A",,"G",950,"A",,2
179229,"A",,"R",55390,"A",,"G",62,"A",,"G",62,"A",,1
179238,"A",,"R",74400,"A",,"G",83,"A",,"R",56,"A",,1
179256,"R",4019,"A",,"A",,"G",134,"A",,"G",134,"A",,2
179265,"R",12017,"A",,"R",20417,"G",401,"G",851,"G",401,"G",851,2
179292,"R",129963,"A",,"A",,"G",4332,"A",,"G",4332,"A",,2
179308,"R",145116,"A",,"A",,"G",4837,"A",,"G",4837,"A",,2
179317,"A",,"A",,"R",524,"A",,"G",22,"A",,"R",38,2
179326,"R",64288,"A",,"R",15351,"G",2143,"G",640,"G",2143,"G",640,2
179344,"R",29950,"A",,"A",,"G",998,"A",,"G",998,"A",,2
179399,"A",,"R",44225,"A",,"G",49,"A",,"G",49,"A",,1
179450,"R",3181,"A",,"A",,"G",106,"A",,"G",106,"A",,2
179511,"R",8880,"A",,"A",,"G",296,"A",,"G",296,"A",,2
179539,"R",67099,"A",,"A",,"G",2237,"A",,"G",2237,"A",,2
179548,"R",22587,"A",,"R",1242,"G",753,"G",52,"G",753,"G",52,2
179557,"R",226369,"A",,"R",16014,"G",7546,"G",667,"G",7546,"G",667,2
179566,"R",407847,"A",,"R",47903,"G",13595,"G",1996,"G",13595,"G",1996,2
179645,"R",64372,"A",,"A",,"G",2146,"A",,"G",2146,"A",,2
179715,"R",29987,"A",,"A",,"G",1000,"A",,"G",1000,"A",,2
179724,"A",,"R",43624,"A",,"G",48,"A",,"G",48,"A",,1
179742,"A",,"A",,"R",1008,"A",,"G",42,"A",,"R",36,2
179812,"A",,"A",,"R",704,"A",,"G",29,"A",,"G",29,2
179867,"R",204324,"A",,"R",100058,"G",6811,"G",4169,"G",6811,"G",4169,2
179894,"R",95881,"A",,"R",233247,"G",3196,"G",9719,"G",3196,"G",9719,2
179919,"R",11269,"A",,"A",,"G",376,"A",,"G",376,"A",,2
179946,"R",27856,"A",,"A",,"G",929,"A",,"G",929,"A",,2
179955,"R",62988,"A",,"A",,"G",2100,"A",,"G",2100,"A",,2
179964,"R",30620,"A",,"R",37204,"G",1021,"G",1550,"G",1021,"G",1550,2
179991,"A",,"R",55500,"A",,"G",62,"A",,"G",62,"A",,1
180045,"R",19795,"A",,"A",,"G",660,"A",,"R",668,"A",,2
180054,"R",12767,"A",,"A",,"G",426,"A",,"G",426,"A",,2
180063,"A",,"R",126000,"A",,"G",140,"A",,"G",140,"A",,1
180081,"R",9102,"A",,"A",,"G",303,"A",,"G",303,"A",,2
180106,"R",41524,"A",,"A",,"G",1384,"A",,"G",1384,"A",,2
180124,"R",2000,"A",,"A",,"G",67,"A",,"G",67,"A",,2
180142,"A",,"R",1862,"A",,"G",2,"A",,"G",2,"A",,1
180151,"R",14995,"A",,"A",,"G",500,"A",,"G",500,"A",,2
180160,"R",4829,"A",,"A",,"G",161,"A",,"G",161,"A",,2
180179,"R",96925,"A",,"R",7485,"G",3231,"G",312,"G",3231,"G",312,2
180197,"R",37406,"A",,"A",,"G",1247,"A",,"G",1247,"A",,2
180203,"R",4425,"A",,"A",,"G",148,"A",,"R",149,"A",,2
180212,"R",9918,"A",,"A",,"G",331,"A",,"G",331,"A",,2
180249,"R",35538,"A",,"A",,"G",1185,"A",,"G",1185,"A",,2
180258,"R",16390,"A",,"R",1651,"G",546,"G",69,"G",546,"G",69,2
180276,"R",21984,"A",,"A",,"G",733,"A",,"G",733,"A",,2
180328,"R",7879,"A",,"A",,"G",263,"A",,"R",263,"A",,2
180373,"R",14007,"A",,"A",,"G",467,"A",,"G",467,"A",,2
180391,"A",,"R",42679,"A",,"G",47,"A",,"G",47,"A",,1
180416,"R",48278,"A",,"R",1673,"G",1609,"G",70,"G",1609,"G",70,2
180461,"R",292295,"A",,"R",21586,"G",9743,"G",899,"G",9743,"G",899,2
180489,"R",309022,"A",,"R",40305,"G",10301,"G",1679,"G",10301,"G",1679,2
180522,"R",34533,"A",,"R",1470,"G",1151,"G",61,"G",1151,"G",61,2
180595,"R",26879,"A",,"R",2277,"G",896,"G",95,"G",896,"G",95,2
180647,"R",36825,"A",,"A",,"G",818,"A",,"G",818,"A",,2
180692,"R",32898,"A",,"A",,"G",1097,"A",,"G",1097,"A",,2
180771,"A",,"R",97961,"A",,"G",109,"A",,"G",109,"A",,1
180814,"R",99837,"A",,"R",28264,"G",3328,"G",1178,"G",3328,"G",1178,2
180832,"R",15872,"A",,"R",1518,"G",529,"G",63,"G",529,"G",63,2
180878,"R",3036,"R",107184,"R",0,"G",220,"Z",0,"G",220,"Z",0,3
180902,"R",110406,"A",,"A",,"G",3680,"A",,"G",3680,"A",,2
180948,"R",57200,"A",,"R",4606,"G",1907,"G",192,"G",1907,"G",192,2
180957,"A",,"R",437400,"A",,"G",486,"A",,"R",243,"A",,1
180984,"R",34890,"A",,"R",3607,"G",1163,"G",150,"G",1163,"G",150,2
181002,"R",125593,"A",,"R",9587,"G",4186,"G",399,"G",4186,"G",399,2
181011,"R",19886,"A",,"A",,"G",663,"A",,"G",663,"A",,2
181020,"R",29300,"A",,"Z",0,"G",977,"A",,"G",977,"A",,2
181093,"R",8065,"A",,"R",1262,"G",269,"G",53,"G",269,"G",53,2
181127,"R",36398,"A",,"R",1363,"G",1213,"G",57,"G",1213,"G",57,2
181136,"A",,"R",11000,"A",,"G",12,"A",,"G",12,"A",,1
181145,"R",1377,"A",,"A",,"G",46,"A",,"R",27,"A",,2
181190,"A",,"R",492300,"A",,"G",547,"A",,"G",547,"A",,1
181215,"R",152879,"A",,"R",14737,"G",5096,"G",614,"G",5096,"G",614,2
181242,"R",27779,"A",,"A",,"G",617,"A",,"R",595,"A",,2
181251,"A",,"R",1920,"A",,"G",2,"A",,"G",2,"A",,1
181297,"R",14063,"R",33290,"R",923,"G",506,"G",38,"G",506,"G",38,3
181303,"R",415977,"A",,"A",,"G",9244,"A",,"G",9244,"A",,2
181312,"R",43727,"A",,"A",,"G",1458,"A",,"G",1458,"A",,2
181330,"R",28061,"A",,"A",,"G",935,"A",,"G",935,"A",,2
181376,"R",3743,"A",,"A",,"G",125,"A",,"G",125,"A",,2
181394,"R",289724,"A",,"R",36128,"G",9657,"G",1505,"G",9657,"G",1505,2
181400,"R",48978,"A",,"A",,"G",1088,"A",,"G",1088,"A",,2
181419,"R",2792,"A",,"A",,"G",93,"A",,"G",93,"A",,2
181428,"R",22670,"A",,"R",19405,"G",756,"G",809,"G",756,"G",809,2
181446,"R",56836,"A",,"R",3415,"G",1895,"G",142,"G",1895,"G",142,2
181464,"R",477567,"A",,"R",66802,"G",15919,"G",2783,"G",15919,"G",2783,2
181491,"R",91853,"A",,"A",,"G",3062,"A",,"R",3265,"A",,2
181534,"R",40493,"A",,"R",5652,"G",1350,"G",236,"G",1350,"G",236,2
181543,"R",1762,"A",,"A",,"G",59,"A",,"G",59,"A",,2
181604,"R",20723,"A",,"R",1377,"G",691,"G",57,"G",691,"G",57,2
181640,"R",398860,"A",,"A",,"G",8864,"A",,"G",8864,"A",,2
181738,"R",24285,"A",,"R",2092,"G",810,"G",87,"G",810,"G",87,2
181756,"R",68400,"R",28692,"A",,"G",1552,"A",,"G",1552,"A",,3
181765,"R",4608,"A",,"A",,"G",154,"A",,"G",154,"A",,2
181783,"R",76811,"A",,"R",11748,"G",2560,"G",490,"G",2560,"G",490,2
181792,"R",489,"A",,"A",,"G",16,"A",,"R",13,"A",,2
181817,"R",51833,"A",,"A",,"G",1728,"A",,"G",1728,"A",,2
181853,"R",12625,"A",,"A",,"G",421,"A",,"G",421,"A",,2
181880,"A",,"R",272600,"A",,"G",303,"A",,"G",303,"A",,1
181941,"A",,"R",270457,"A",,"G",301,"A",,"G",301,"A",,1
182005,"R",581279,"A",,"A",,"G",19376,"A",,"G",19376,"A",,2
182111,"R",56289,"A",,"A",,"G",1251,"A",,"G",1251,"A",,2
182148,"A",,"R",146182,"A",,"G",162,"A",,"G",162,"A",,1
182209,"A",,"R",412864,"A",,"G",459,"A",,"G",459,"A",,1
182281,"R",611188,"A",,"R",72523,"G",20373,"G",3022,"G",20373,"G",3022,2
182290,"R",326745,"A",,"R",46521,"G",10892,"G",1938,"G",10892,"G",1938,2
182306,"R",40772,"A",,"A",,"G",1359,"A",,"G",1359,"A",,2
182430,"R",6450,"A",,"R",1325,"G",143,"G",37,"G",143,"G",37,2
182458,"R",9518,"A",,"R",7301,"G",317,"G",304,"G",317,"G",304,2
182485,"A",,"R",72000,"A",,"G",80,"A",,"G",80,"A",,1
182500,"R",196523,"A",,"A",,"G",6551,"A",,"G",6551,"A",,2
182564,"R",72731,"A",,"A",,"G",2424,"A",,"G",2424,"A",,2
182634,"R",28587,"A",,"A",,"G",953,"A",,"G",953,"A",,2
182652,"A",,"R",107611,"A",,"G",120,"A",,"R",108,"A",,1
182661,"R",24623,"A",,"R",1308,"G",821,"G",55,"G",821,"G",55,2
182670,"R",198340,"A",,"R",49277,"G",4408,"G",1369,"G",4408,"G",1369,2
182704,"A",,"R",180642,"A",,"G",201,"A",,"G",201,"A",,1
182722,"A",,"R",351491,"A",,"G",391,"A",,"G",391,"A",,1
182795,"R",69058,"A",,"R",5855,"G",2302,"G",244,"G",2302,"G",244,2
182829,"A",,"A",,"R",14267,"A",,"G",594,"A",,"R",475,2
182865,"R",98600,"A",,"A",,"G",3287,"A",,"G",3287,"A",,2
182883,"A",,"R",61573,"A",,"G",68,"A",,"G",68,"A",,1
182892,"A",,"R",42601,"A",,"G",47,"A",,"G",47,"A",,1
182908,"R",32976,"A",,"A",,"G",1099,"A",,"G",1099,"A",,2
182917,"R",2176,"A",,"A",,"G",73,"A",,"G",73,"A",,2
182944,"R",39643,"A",,"A",,"G",1321,"A",,"G",1321,"A",,2
182953,"A",,"R",248700,"A",,"G",276,"A",,"G",276,"A",,1
182980,"R",29003,"A",,"R",6799,"G",967,"G",283,"G",967,"G",283,2
182999,"A",,"R",67160,"A",,"G",75,"A",,"G",75,"A",,1
183026,"R",116088,"A",,"R",43167,"G",3870,"G",1799,"G",3870,"G",1799,2
183035,"R",1876,"A",,"A",,"G",63,"A",,"R",54,"A",,2
183044,"R",353363,"A",,"R",37952,"G",11779,"G",1581,"G",11779,"G",1581,2
183062,"R",133965,"A",,"R",2428,"G",4466,"G",101,"G",4466,"G",101,2
183071,"R",23787,"A",,"R",7007,"G",793,"G",292,"G",793,"G",292,2
183080,"R",120576,"A",,"R",18680,"G",4019,"G",778,"G",4019,"G",778,2
183099,"R",79173,"A",,"A",,"G",2639,"A",,"G",2639,"A",,2
183105,"R",12068,"A",,"A",,"G",402,"A",,"G",402,"A",,2
183114,"R",29545,"A",,"A",,"G",985,"A",,"G",985,"A",,2
183123,"R",21455,"A",,"A",,"G",715,"A",,"G",715,"A",,2
183132,"R",34257,"A",,"A",,"G",1142,"A",,"G",1142,"A",,2
183141,"R",16619,"A",,"A",,"G",554,"A",,"G",554,"A",,2
183150,"R",24806,"A",,"A",,"G",827,"A",,"G",827,"A",,2
183202,"A",,"R",82500,"A",,"G",92,"A",,"G",92,"A",,1
183211,"R",33430,"A",,"R",10256,"G",1114,"G",427,"G",1114,"G",427,2
183239,"R",63013,"A",,"A",,"G",2100,"A",,"G",2100,"A",,2
183248,"R",3628,"A",,"A",,"G",121,"A",,"G",121,"A",,2
183257,"R",26943,"A",,"R",2912,"G",898,"G",121,"G",898,"G",121,2
183275,"R",2544,"A",,"A",,"G",85,"A",,"G",85,"A",,2
183345,"R",5795,"A",,"A",,"G",193,"A",,"G",193,"A",,2
183488,"R",8160,"A",,"A",,"G",181,"A",,"G",181,"A",,2
183600,"R",900,"A",,"A",,"G",30,"A",,"G",30,"A",,2
183655,"R",140978,"A",,"A",,"G",4699,"A",,"G",4699,"A",,2
183725,"R",18630,"A",,"A",,"G",621,"A",,"G",621,"A",,2
183743,"R",311145,"A",,"A",,"G",10372,"A",,"G",10372,"A",,2
183789,"R",101611,"A",,"A",,"G",2258,"A",,"G",2258,"A",,2
183804,"R",59039,"A",,"R",67281,"G",1968,"G",2803,"R",1968,"R",2243,2
183822,"R",58800,"A",,"A",,"G",1960,"A",,"G",1960,"A",,2
183859,"R",289530,"A",,"A",,"G",9651,"A",,"G",9651,"A",,2
183877,"R",166592,"A",,"A",,"G",5553,"A",,"G",5553,"A",,2
183910,"R",39262,"A",,"R",8223,"G",1309,"G",343,"G",1309,"G",343,2
183938,"R",310253,"A",,"A",,"G",10342,"A",,"G",10342,"A",,2
183974,"R",39084,"A",,"R",6110,"G",1303,"G",255,"G",1303,"G",255,2
183983,"A",,"R",64800,"A",,"G",72,"A",,"G",72,"A",,1
184010,"R",2760,"A",,"A",,"G",92,"A",,"G",92,"A",,2
184047,"A",,"R",927900,"A",,"G",1031,"A",,"G",1031,"A",,1
184056,"A",,"R",510300,"A",,"G",567,"A",,"R",567,"A",,1
184092,"R",96,"R",1080,"A",,"G",4,"A",,"R",20,"A",,3
184135,"R",17609,"A",,"A",,"G",391,"A",,"G",391,"A",,2
184144,"A",,"R",97685,"A",,"G",109,"A",,"G",109,"A",,1
184153,"Z",,"R",77020,"R",360,"G",86,"G",15,"G",86,"G",15,1
184180,"R",171467,"A",,"A",,"G",5716,"A",,"G",5716,"A",,2
184205,"R",65737,"A",,"A",,"G",2191,"A",,"G",2191,"A",,2
184269,"R",52455,"A",,"A",,"G",1749,"A",,"G",1749,"A",,2
184278,"A",,"R",133200,"A",,"G",148,"A",,"G",148,"A",,1
184320,"R",11616,"A",,"A",,"G",387,"A",,"G",387,"A",,2
184348,"R",52037,"A",,"R",5681,"G",1735,"G",237,"G",1735,"G",237,2
184357,"R",1020,"A",,"A",,"G",34,"A",,"G",34,"A",,2
184427,"A",,"R",129624,"A",,"G",144,"A",,"G",144,"A",,1
184481,"R",292758,"A",,"A",,"G",9759,"A",,"G",9759,"A",,2
184506,"A",,"R",147353,"A",,"G",164,"A",,"G",164,"A",,1
184603,"R",94261,"A",,"R",36805,"G",3142,"G",1534,"G",3142,"G",1534,2
184612,"R",36173,"A",,"R",2800,"G",1206,"G",117,"G",1206,"G",117,2
184694,"R",73570,"A",,"R",13528,"G",2452,"G",564,"G",2452,"G",564,2
184746,"A",,"R",59490,"A",,"G",66,"A",,"G",66,"A",,1
184773,"R",48748,"A",,"R",16786,"G",1625,"G",699,"G",1625,"G",699,2
184782,"R",233086,"A",,"R",17368,"G",7770,"G",724,"G",7770,"G",724,2
184791,"R",120191,"A",,"A",,"G",4006,"A",,"G",4006,"A",,2
184816,"A",,"R",107543,"A",,"G",119,"A",,"G",119,"A",,1
184870,"R",4991,"A",,"A",,"G",166,"A",,"G",166,"A",,2
184959,"R",23940,"A",,"A",,"G",532,"A",,"G",532,"A",,2
184968,"R",1926,"A",,"A",,"G",64,"A",,"G",64,"A",,2
184995,"R",141649,"A",,"A",,"G",4722,"A",,"G",4722,"A",,2
185129,"R",146392,"A",,"R",28872,"G",4880,"G",1203,"G",4880,"G",1203,2
185174,"R",3675,"A",,"A",,"G",123,"A",,"G",123,"A",,2
185235,"R",15072,"A",,"A",,"G",335,"A",,"G",335,"A",,2
185244,"A",,"R",992700,"A",,"G",1103,"A",,"G",1103,"A",,1
185262,"R",270618,"A",,"R",39496,"G",9021,"G",1646,"G",9021,"G",1646,2
185332,"R",5898,"R",135550,"A",,"G",347,"A",,"R",131,"A",,3
185396,"A",,"R",1942203,"A",,"G",2158,"A",,"G",2158,"A",,1
185466,"A",,"R",175000,"A",,"G",194,"A",,"G",194,"A",,1
185509,"R",173878,"A",,"A",,"G",5796,"A",,"G",5796,"A",,2
185536,"R",263946,"A",,"A",,"G",8798,"A",,"R",8798,"A",,2
185572,"R",136131,"A",,"R",25796,"G",4538,"G",1075,"G",4538,"G",1075,2
185590,"R",338196,"A",,"R",51412,"G",11273,"G",2142,"G",11273,"G",2142,2
185624,"A",,"R",79995,"A",,"G",89,"A",,"G",89,"A",,1
185651,"R",1417,"A",,"A",,"G",47,"A",,"G",47,"A",,2
185679,"R",4025,"A",,"A",,"G",134,"A",,"G",134,"A",,2
185721,"R",26448,"A",,"A",,"G",588,"A",,"G",588,"A",,2
185730,"A",,"R",88835,"A",,"G",99,"A",,"G",99,"A",,1
185758,"A",,"A",,"R",748,"A",,"G",31,"A",,"G",31,2
185767,"A",,"R",174925,"A",,"G",194,"A",,"G",194,"A",,1
185828,"R",146430,"A",,"R",42827,"G",4881,"G",1784,"G",4881,"G",1784,2
185873,"R",176639,"A",,"A",,"G",5888,"A",,"G",5888,"A",,2
185916,"A",,"R",114756,"A",,"G",128,"A",,"G",128,"A",,1
185970,"A",,"R",155016,"A",,"G",172,"A",,"G",172,"A",,1
186016,"A",,"R",225503,"A",,"G",251,"A",,"G",251,"A",,1
186034,"R",115946,"A",,"A",,"G",3865,"A",,"G",3865,"A",,2
186052,"A",,"R",496120,"A",,"G",551,"A",,"G",551,"A",,1
186122,"A",,"A",,"R",18904,"A",,"G",788,"A",,"G",788,2
186131,"R",148900,"A",,"R",26284,"G",4963,"G",1095,"R",4800,"R",2295,2
186186,"R",9210,"A",,"A",,"G",307,"A",,"G",307,"A",,2
186201,"R",152201,"A",,"R",3998,"G",5073,"G",167,"G",5073,"G",167,2
186274,"A",,"R",188449,"A",,"G",209,"A",,"G",209,"A",,1
186283,"R",118992,"A",,"R",16777,"G",3966,"G",699,"G",3966,"G",699,2
186335,"A",,"R",109291,"A",,"G",121,"A",,"G",121,"A",,1
186371,"R",100648,"A",,"R",9222,"G",3355,"G",384,"G",3355,"G",384,2
186380,"R",799601,"A",,"R",109014,"G",26653,"G",4542,"G",26653,"G",4542,2
186399,"R",175252,"A",,"R",47018,"G",5842,"G",1959,"G",5842,"G",1959,2
186405,"A",,"R",20800,"A",,"G",23,"A",,"R",16,"A",,1
186423,"R",1214,"A",,"A",,"G",40,"A",,"G",40,"A",,2
186432,"R",63328,"A",,"R",11667,"G",2111,"G",486,"G",2111,"G",486,2
186469,"R",27038,"A",,"A",,"G",901,"A",,"G",901,"A",,2
186584,"R",164347,"A",,"R",51893,"G",5478,"G",2162,"G",5478,"G",2162,2
186593,"A",,"R",49835,"A",,"G",55,"A",,"G",55,"A",,1
186618,"R",27637,"A",,"R",9865,"G",921,"G",411,"G",921,"G",411,2
186645,"R",120172,"A",,"A",,"G",4006,"A",,"G",4006,"A",,2
186849,"P",,"P",134892,"P",0,"P",150,"P",0,"P",150,"P",0,1
186867,"R",59512,"A",,"R",39035,"G",1984,"G",1626,"R",1829,"R",2169,2
186876,"R",193852,"A",,"R",7032,"G",6462,"G",293,"R",6058,"R",293,2
186885,"R",4027,"A",,"A",,"G",134,"A",,"G",134,"A",,2
186900,"R",1545,"A",,"A",,"G",52,"A",,"G",52,"A",,2
187000,"A",,"R",74154,"A",,"G",82,"A",,"G",82,"A",,1
187046,"R",88608,"A",,"R",3552,"G",2954,"G",148,"G",2954,"G",148,2
187134,"R",178859,"A",,"R",10883,"G",5962,"G",453,"R",5589,"R",453,2
187161,"R",27268,"A",,"A",,"G",909,"A",,"G",909,"A",,2
187198,"R",202582,"A",,"A",,"G",6753,"A",,"G",6753,"A",,2
187222,"R",28096,"A",,"R",41821,"G",937,"G",1743,"G",937,"G",1743,2
187444,"R",252980,"A",,"R",21739,"G",8433,"G",906,"G",8433,"G",906,2
187505,"A",,"R",588261,"A",,"G",654,"A",,"G",654,"A",,1
187532,"R",434922,"A",,"A",,"G",14497,"A",,"G",14497,"A",,2
187596,"R",10042,"A",,"A",,"G",335,"A",,"G",335,"A",,2
187602,"A",,"R",117472,"A",,"G",131,"A",,"G",131,"A",,1
187620,"R",118733,"A",,"A",,"G",3958,"A",,"G",3958,"A",,2
187639,"R",57818,"A",,"A",,"G",1927,"A",,"G",1927,"A",,2
187648,"R",84404,"A",,"R",9114,"G",2813,"G",380,"G",2813,"G",380,2
187666,"R",77333,"A",,"A",,"G",2578,"A",,"G",2578,"A",,2
187745,"R",4403,"A",,"A",,"G",147,"A",,"R",147,"A",,2
187754,"A",,"R",124470,"A",,"G",138,"A",,"G",138,"A",,1
187897,"R",44368,"A",,"R",25635,"G",1479,"G",1068,"G",1479,"G",1068,2
187903,"R",52556,"A",,"A",,"G",1752,"A",,"G",1752,"A",,2
187912,"R",15468,"A",,"A",,"G",516,"A",,"G",516,"A",,2
187958,"R",52824,"A",,"A",,"G",1761,"A",,"G",1761,"A",,2
187967,"R",17255,"A",,"R",3824,"G",575,"G",159,"G",575,"G",159,2
187976,"R",13298,"A",,"A",,"G",443,"A",,"G",443,"A",,2
187985,"R",501241,"A",,"R",84645,"G",16708,"G",3527,"G",16708,"G",3527,2
187994,"R",34958,"A",,"A",,"G",1165,"A",,"G",1165,"A",,2
188003,"R",24604,"A",,"A",,"G",820,"A",,"G",820,"A",,2
188021,"R",13420,"A",,"A",,"G",447,"A",,"G",447,"A",,2
188030,"R",331609,"A",,"R",48951,"G",11054,"G",2040,"G",11054,"G",2040,2
188049,"R",30445,"A",,"A",,"G",1015,"A",,"G",1015,"A",,2
188058,"R",25736,"A",,"A",,"G",858,"A",,"G",858,"A",,2
188100,"R",131265,"A",,"A",,"G",4376,"A",,"G",4376,"A",,2
188137,"R",71093,"A",,"A",,"G",2370,"A",,"G",2370,"A",,2
188146,"R",18147,"A",,"R",0,"G",605,"R",0,"G",605,"Z",0,2
188182,"R",11960,"A",,"R",1204,"G",399,"G",50,"G",399,"G",50,2
188207,"A",,"A",,"R",5183,"A",,"G",144,"A",,"G",144,2
188216,"R",16989,"A",,"A",,"G",566,"A",,"G",566,"A",,2
188225,"R",17228,"A",,"A",,"G",574,"A",,"G",574,"A",,2
188261,"R",11464,"A",,"A",,"G",382,"A",,"G",382,"A",,2
188304,"R",48673,"A",,"R",5358,"G",1622,"G",223,"G",1622,"G",223,2
188340,"R",29406,"A",,"A",,"G",980,"A",,"G",980,"A",,2
188429,"R",129685,"A",,"R",66686,"G",4323,"G",2779,"G",4323,"G",2779,2
188438,"R",70825,"A",,"A",,"G",2361,"A",,"G",2361,"A",,2
188465,"R",38815,"A",,"A",,"G",1294,"A",,"G",1294,"A",,2
188517,"R",15237,"A",,"A",,"G",508,"A",,"G",508,"A",,2
188526,"R",29280,"A",,"A",,"G",976,"A",,"R",935,"A",,2
188535,"A",,"A",,"R",258,"A",,"G",11,"A",,"G",11,2
188580,"A",,"A",,"R",4804,"A",,"G",200,"A",,"G",200,2
188641,"R",63270,"A",,"R",8688,"G",2109,"G",362,"G",2109,"G",362,2
188650,"A",,"R",441375,"A",,"G",490,"A",,"G",490,"A",,1
188669,"A",,"R",69300,"A",,"G",77,"A",,"G",77,"A",,1
188678,"R",8340,"A",,"A",,"G",278,"A",,"G",278,"A",,2
188687,"R",2921,"A",,"A",,"G",97,"A",,"G",97,"A",,2
188696,"A",,"R",52200,"A",,"G",58,"A",,"G",58,"A",,1
188854,"A",,"R",1030500,"A",,"G",1145,"A",,"G",1145,"A",,1
188890,"A",,"R",1227352,"A",,"G",1364,"A",,"G",1364,"A",,1
188915,"R",1554,"A",,"A",,"G",52,"A",,"G",52,"A",,2
188942,"R",1624,"A",,"A",,"G",54,"A",,"G",54,"A",,2
188988,"A",,"R",95103,"A",,"G",106,"A",,"G",106,"A",,1
189015,"A",,"A",,"R",18946,"A",,"G",789,"A",,"R",804,2
189088,"R",56394,"A",,"R",5734,"G",1880,"G",239,"G",1880,"G",239,2
189097,"R",68156,"A",,"A",,"G",2272,"A",,"G",2272,"A",,2
189219,"A",,"R",91800,"A",,"G",102,"A",,"G",102,"A",,1
189228,"R",146969,"A",,"A",,"G",3266,"A",,"G",3266,"A",,2
189264,"R",2318,"A",,"A",,"G",77,"A",,"G",77,"A",,2
189273,"R",1340,"A",,"R",1080,"G",45,"G",45,"G",45,"G",45,2
189282,"R",3881,"A",,"A",,"G",129,"A",,"G",129,"A",,2
189404,"A",,"R",110676,"A",,"G",123,"A",,"G",123,"A",,1
189413,"R",23664,"A",,"R",1056,"G",789,"G",44,"G",789,"G",44,2
189422,"R",17802,"R",333777,"A",,"G",964,"A",,"G",964,"A",,3
189459,"R",88625,"A",,"A",,"G",2954,"A",,"G",2954,"A",,2
189468,"A",,"R",261285,"A",,"G",290,"A",,"G",290,"A",,1
189477,"A",,"R",96000,"A",,"G",107,"A",,"G",107,"A",,1
189547,"R",143082,"A",,"A",,"G",4769,"A",,"G",4769,"A",,2
189556,"R",10230,"A",,"A",,"G",341,"A",,"G",341,"A",,2
189565,"R",14535,"A",,"A",,"G",485,"A",,"G",485,"A",,2
189574,"R",20637,"A",,"A",,"G",688,"A",,"G",688,"A",,2
189583,"R",15373,"A",,"A",,"G",512,"A",,"G",512,"A",,2
189592,"R",8900,"A",,"A",,"G",297,"A",,"R",331,"A",,2
189653,"R",5027,"A",,"A",,"G",112,"A",,"G",112,"A",,2
189705,"R",105676,"A",,"R",28420,"G",3523,"G",1184,"G",3523,"G",1184,2
189714,"A",,"R",68600,"A",,"G",76,"A",,"G",76,"A",,1
189769,"A",,"R",211145,"A",,"G",235,"A",,"G",235,"A",,1
189787,"A",,"R",389094,"A",,"G",432,"A",,"G",432,"A",,1
189802,"R",0,"R",5000,"R",106,"G",6,"G",4,"G",6,"G",4,3
189811,"R",1982,"A",,"A",,"G",66,"A",,"G",66,"A",,2
189839,"R",79572,"A",,"A",,"G",2652,"A",,"G",2652,"A",,2
189848,"R",26110,"A",,"A",,"G",870,"A",,"G",870,"A",,2
189857,"R",15424,"A",,"R",1932,"G",514,"G",81,"G",514,"G",81,2
189954,"A",,"R",23750,"A",,"G",26,"A",,"G",26,"A",,1
189981,"A",,"A",,"R",1362,"A",,"G",57,"A",,"G",57,2
190008,"A",,"R",91390,"A",,"G",102,"A",,"G",102,"A",,1
190044,"R",79871,"A",,"R",10788,"G",2662,"G",450,"G",2662,"G",450,2
190053,"R",43173,"A",,"A",,"G",1439,"A",,"G",1439,"A",,2
190071,"R",3163,"A",,"A",,"G",105,"A",,"G",105,"A",,2
190080,"A",,"A",,"R",351,"A",,"G",15,"A",,"G",15,2
190099,"R",86274,"A",,"R",238,"G",2876,"G",10,"R",2739,"R",5,2
190114,"R",47901,"A",,"R",15167,"G",1597,"G",632,"R",998,"R",340,2
190150,"R",225693,"A",,"R",282832,"G",7523,"G",11785,"G",7523,"G",11785,2
190169,"R",34071,"A",,"A",,"G",1136,"A",,"G",1136,"A",,2
190239,"A",,"R",157910,"A",,"G",175,"A",,"G",175,"A",,1
190248,"R",20179,"A",,"A",,"G",673,"A",,"G",673,"A",,2
190293,"A",,"R",99294,"A",,"G",110,"A",,"G",110,"A",,1
190309,"A",,"R",49504,"A",,"G",55,"A",,"G",55,"A",,1
190318,"A",,"R",208492,"A",,"G",232,"A",,"G",232,"A",,1
190372,"R",29552,"A",,"R",1831,"G",985,"G",76,"G",985,"G",76,2
190415,"R",422216,"A",,"R",110704,"G",14074,"G",4613,"G",14074,"G",4613,2
190424,"A",,"A",,"R",8304,"A",,"G",346,"A",,"R",346,2
190442,"R",97544,"A",,"A",,"G",3251,"A",,"G",3251,"A",,2
190451,"R",5722,"A",,"A",,"G",191,"A",,"G",191,"A",,2
190503,"R",126816,"A",,"A",,"G",4227,"A",,"R",3963,"A",,2
190512,"R",350790,"A",,"R",55222,"G",11693,"G",2301,"G",11693,"G",2301,2
190521,"R",319451,"A",,"A",,"G",10648,"A",,"G",10648,"A",,2
190530,"R",143264,"A",,"A",,"G",4775,"A",,"G",4775,"A",,2
190549,"R",285761,"A",,"R",58189,"G",9525,"G",2425,"G",9525,"G",2425,2
190558,"R",238651,"A",,"R",17090,"G",7955,"G",712,"G",7955,"G",712,2
190567,"R",228399,"A",,"R",41839,"G",7613,"G",1743,"G",7613,"G",1743,2
190576,"R",108,"A",,"R",43664,"G",4,"G",1819,"G",4,"G",1819,2
190585,"R",80543,"A",,"A",,"G",2685,"A",,"G",2685,"A",,2
190594,"R",372567,"A",,"R",83591,"G",12419,"G",3483,"G",12419,"G",3483,2
190600,"R",290853,"A",,"R",27933,"G",9695,"G",1164,"G",9695,"G",1164,2
190619,"R",270015,"A",,"A",,"G",9001,"A",,"G",9001,"A",,2
190628,"R",219246,"A",,"A",,"G",7308,"A",,"G",7308,"A",,2
190637,"R",197152,"A",,"R",29412,"G",6572,"G",1226,"G",6572,"G",1226,2
190646,"R",99287,"A",,"A",,"G",3310,"A",,"G",3310,"A",,2
190655,"R",248051,"A",,"A",,"G",8268,"A",,"G",8268,"A",,2
190664,"R",324272,"A",,"R",63284,"G",10809,"G",2637,"G",10809,"G",2637,2
190673,"R",199014,"A",,"A",,"G",6634,"A",,"G",6634,"A",,2
190691,"R",137852,"A",,"R",533,"G",4595,"G",22,"G",4595,"G",22,2
190707,"A",,"R",23400,"A",,"G",26,"A",,"G",26,"A",,1
190716,"R",38987,"A",,"R",38200,"G",1300,"G",1592,"G",1300,"G",1592,2
190725,"R",41396,"A",,"R",17494,"G",1380,"G",729,"G",1380,"G",729,2
190734,"R",270,"A",,"R",270,"G",9,"G",11,"G",9,"G",11,2
190761,"R",37425,"A",,"R",3950,"G",1248,"G",165,"G",1248,"G",165,2
190770,"R",65746,"A",,"R",35088,"G",2192,"G",1462,"G",2192,"G",1462,2
190840,"R",153362,"A",,"A",,"G",5112,"A",,"G",5112,"A",,2
190956,"R",1508,"A",,"A",,"G",50,"A",,"G",50,"A",,2
190974,"R",5565,"A",,"A",,"G",186,"A",,"G",186,"A",,2
190983,"R",42484,"A",,"R",6032,"G",1416,"G",251,"G",1416,"G",251,2
191083,"R",277043,"A",,"A",,"G",9235,"A",,"G",9235,"A",,2
191126,"R",259652,"A",,"R",3076,"G",8655,"G",128,"G",8655,"G",128,2
191199,"R",100259,"A",,"A",,"G",3342,"A",,"G",3342,"A",,2
191205,"R",30939,"A",,"R",1158,"G",1031,"G",48,"G",1031,"G",48,2
191241,"R",225467,"A",,"R",109917,"G",7516,"G",4580,"R",8105,"R",5449,2
191287,"A",,"R",584400,"A",,"G",649,"A",,"G",649,"A",,1
191302,"R",48179,"A",,"A",,"G",1606,"A",,"G",1606,"A",,2
191311,"A",,"R",145086,"A",,"G",161,"A",,"G",161,"A",,1
191320,"A",,"A",,"R",3328,"A",,"G",139,"A",,"G",139,2
191339,"R",118169,"A",,"A",,"G",3939,"A",,"G",3939,"A",,2
191384,"R",9624,"A",,"A",,"G",321,"A",,"G",321,"A",,2
191393,"R",18901,"A",,"A",,"G",630,"A",,"G",630,"A",,2
191515,"R",54146,"A",,"A",,"G",1805,"A",,"G",1805,"A",,2
191533,"R",43286,"A",,"A",,"G",1443,"A",,"G",1443,"A",,2
191597,"R",16173,"A",,"A",,"G",359,"A",,"G",359,"A",,2
191612,"R",82687,"A",,"A",,"G",2756,"A",,"G",2756,"A",,2
191621,"R",27191,"A",,"A",,"G",906,"A",,"G",906,"A",,2
191630,"R",60608,"A",,"R",452,"G",2020,"G",19,"G",2020,"G",19,2
191649,"R",259861,"A",,"R",51252,"G",8662,"G",2136,"R",9046,"R",2201,2
191676,"R",42634,"A",,"R",218,"G",1421,"G",9,"G",1421,"G",9,2
191719,"R",247986,"A",,"A",,"G",8266,"A",,"G",8266,"A",,2
191728,"A",,"R",256911,"A",,"G",285,"A",,"G",285,"A",,1
191764,"R",2976,"A",,"A",,"G",99,"A",,"R",124,"A",,2
191834,"A",,"R",851400,"A",,"G",946,"A",,"R",900,"A",,1
191870,"R",142800,"A",,"A",,"G",4760,"A",,"R",5905,"A",,2
191931,"R",97076,"A",,"R",14286,"G",3236,"G",595,"G",3236,"G",595,2
191940,"A",,"R",82800,"A",,"G",92,"A",,"G",92,"A",,1
191959,"R",6495,"A",,"A",,"G",217,"A",,"R",245,"A",,2
191968,"R",184436,"A",,"R",8624,"G",6148,"G",359,"G",6148,"G",359,2
191986,"R",82062,"A",,"A",,"G",2735,"A",,"G",2735,"A",,2
192004,"R",14052,"A",,"A",,"G",312,"A",,"G",312,"A",,2
192022,"R",65768,"A",,"A",,"G",2192,"A",,"G",2192,"A",,2
192040,"R",6511,"A",,"R",3539,"G",217,"G",147,"G",217,"G",147,2
192110,"R",18889,"A",,"R",9153,"G",630,"G",381,"G",630,"G",381,2
192147,"R",54758,"A",,"A",,"G",1217,"A",,"G",1217,"A",,2
192156,"R",33718,"A",,"A",,"G",749,"A",,"G",749,"A",,2
192165,"R",3540,"A",,"A",,"G",118,"A",,"G",118,"A",,2
192192,"R",36649,"R",0,"R",2219,"G",1222,"G",92,"G",1222,"G",92,3
192244,"R",496,"A",,"R",192,"G",17,"G",8,"G",17,"G",8,2
192271,"R",26007,"A",,"A",,"G",867,"A",,"G",867,"A",,2
192323,"R",76746,"A",,"R",14031,"G",2558,"G",585,"G",2558,"G",585,2
192439,"R",121664,"A",,"R",42274,"G",4055,"G",1761,"G",4055,"G",1761,2
192448,"R",72716,"A",,"R",18959,"G",2424,"G",790,"G",2424,"G",790,2
192466,"Z",,"A",,"R",3470,"A",,"G",145,"A",,"G",145,2
192475,"R",3778,"A",,"A",,"G",126,"A",,"G",126,"A",,2
192484,"A",,"R",150967,"A",,"G",168,"A",,"G",168,"A",,1
192509,"R",29628,"A",,"A",,"G",988,"A",,"G",988,"A",,2
192536,"A",,"R",16500,"A",,"G",18,"A",,"G",18,"A",,1
192554,"A",,"A",,"R",2637,"A",,"G",110,"A",,"G",110,2
192563,"R",771,"A",,"R",5088,"G",26,"G",212,"G",26,"G",212,2
192624,"R",3570,"A",,"A",,"G",119,"A",,"G",119,"A",,2
192688,"R",10860,"R",99411,"A",,"G",472,"A",,"G",472,"A",,3
192703,"R",88307,"A",,"R",11214,"G",2944,"G",467,"G",2944,"G",467,2
192712,"R",12894,"A",,"R",13962,"G",430,"G",582,"R",392,"R",456,2
192749,"R",54577,"A",,"R",16586,"G",1819,"G",691,"G",1819,"G",691,2
192785,"R",15225,"A",,"A",,"G",508,"A",,"G",508,"A",,2
192800,"R",800,"R",49200,"A",,"G",81,"A",,"G",81,"A",,3
192819,"R",140787,"A",,"R",9939,"G",4693,"G",414,"R",4660,"R",397,2
192828,"A",,"R",138352,"A",,"G",154,"A",,"G",154,"A",,1
192855,"R",27033,"A",,"A",,"G",901,"A",,"R",1040,"A",,2
192864,"R",51104,"A",,"A",,"G",1703,"A",,"R",1825,"A",,2
192925,"R",44545,"A",,"R",33994,"G",1485,"G",1416,"G",1485,"G",1416,2
192961,"R",2194,"A",,"A",,"G",73,"A",,"G",73,"A",,2
192970,"A",,"R",28715,"A",,"G",32,"A",,"G",32,"A",,1
192998,"R",2016,"A",,"A",,"G",45,"A",,"G",45,"A",,2
193016,"R",131029,"A",,"R",73104,"G",4368,"G",3046,"R",4368,"R",4061,2
193052,"R",7668,"A",,"A",,"G",256,"A",,"G",256,"A",,2
193061,"R",880,"A",,"R",352,"G",29,"G",15,"G",29,"G",15,2
193070,"R",1334,"A",,"R",899,"G",44,"G",37,"G",44,"G",37,2
193122,"A",,"R",117720,"A",,"G",131,"A",,"G",131,"A",,1
193186,"A",,"R",100725,"A",,"G",112,"A",,"G",112,"A",,1
193201,"R",12600,"R",5750,"A",,"G",426,"A",,"G",426,"A",,3
193247,"R",6695,"A",,"R",1344,"G",223,"G",56,"G",223,"G",56,2
193265,"A",,"R",98100,"A",,"G",109,"A",,"G",109,"A",,1
193283,"R",126014,"A",,"A",,"G",4200,"A",,"G",4200,"A",,2
193292,"R",70651,"A",,"R",10828,"G",2355,"G",451,"G",2355,"G",451,2
193308,"R",153408,"A",,"R",1056,"G",5114,"G",44,"G",5114,"G",44,2
193317,"R",61282,"A",,"R",375,"G",2043,"G",16,"G",2043,"R",24,2
193326,"R",415536,"A",,"A",,"G",13851,"A",,"G",13851,"A",,2
193353,"R",53713,"A",,"R",9050,"G",1790,"G",377,"G",1790,"G",377,2
193380,"A",,"R",120255,"A",,"G",134,"A",,"G",134,"A",,1
193399,"R",42386,"A",,"R",4573,"G",1413,"G",191,"G",1413,"G",191,2
193405,"A",,"A",,"R",11604,"A",,"G",484,"A",,"G",484,2
193478,"R",455533,"A",,"A",,"G",15184,"A",,"G",15184,"A",,2
193584,"R",58537,"A",,"R",21060,"G",1951,"G",878,"G",1951,"G",878,2
193609,"A",,"R",100432,"A",,"G",112,"A",,"G",112,"A",,1
193645,"R",154646,"A",,"R",23511,"G",5155,"G",980,"G",5155,"G",980,2
193654,"R",162628,"A",,"R",50676,"G",5421,"G",2112,"G",5421,"G",2112,2
193672,"A",,"R",41580,"A",,"G",46,"A",,"G",46,"A",,1
193751,"R",75,"A",,"R",1901,"G",3,"G",79,"G",3,"G",79,2
193760,"A",,"R",314100,"A",,"G",349,"A",,"G",349,"A",,1
193788,"A",,"R",130236,"A",,"G",145,"A",,"G",145,"A",,1
193821,"A",,"A",,"R",239,"A",,"G",10,"A",,"R",14,2
193830,"A",,"A",,"R",9235,"A",,"G",385,"A",,"R",403,2
193858,"A",,"R",264000,"A",,"G",293,"A",,"G",293,"A",,1
193900,"R",667566,"R",0,"R",336081,"G",22252,"G",14003,"G",22252,"G",14003,3
193946,"R",117947,"A",,"A",,"G",3932,"A",,"G",3932,"A",,2
193973,"R",84444,"A",,"R",19468,"G",2815,"G",811,"R",2873,"R",748,2
193991,"A",,"R",48600,"A",,"G",54,"A",,"G",54,"A",,1
194028,"R",32482,"A",,"A",,"G",1083,"A",,"G",1083,"A",,2
194091,"R",131998,"A",,"R",48355,"G",4400,"G",2015,"G",4400,"G",2015,2
194107,"R",49310,"A",,"R",11679,"G",1644,"G",487,"G",1644,"G",487,2
194116,"R",4833,"A",,"R",570,"G",161,"G",24,"G",161,"G",24,2
194161,"R",58425,"A",,"R",16642,"G",1948,"G",693,"G",1948,"G",693,2
194189,"R",2884,"A",,"A",,"G",96,"A",,"G",96,"A",,2
194204,"R",2266,"A",,"A",,"G",76,"A",,"G",76,"A",,2
194222,"R",168509,"A",,"A",,"G",5617,"A",,"G",5617,"A",,2
194240,"R",126370,"A",,"A",,"G",4212,"A",,"G",4212,"A",,2
194259,"A",,"R",48160,"A",,"G",54,"A",,"G",54,"A",,1
194310,"R",259215,"A",,"R",79724,"G",8641,"G",3322,"G",8641,"G",3322,2
194392,"R",24556,"A",,"A",,"G",819,"A",,"G",819,"A",,2
194435,"A",,"R",126076,"A",,"G",140,"A",,"G",140,"A",,1
194453,"A",,"R",221823,"A",,"G",246,"A",,"G",246,"A",,1
194499,"R",35730,"A",,"A",,"G",1191,"A",,"G",1191,"A",,2
194541,"R",48913,"A",,"R",19282,"G",1630,"G",803,"G",1630,"G",803,2
194569,"R",7261,"A",,"A",,"G",242,"A",,"G",242,"A",,2
194578,"R",98817,"A",,"R",28233,"G",3294,"G",1176,"G",3294,"G",1176,2
194611,"R",23651,"A",,"A",,"G",788,"A",,"G",788,"A",,2
194657,"R",5490,"A",,"R",1638,"G",183,"G",68,"G",183,"G",68,2
194666,"R",6000,"A",,"A",,"G",200,"A",,"R",200,"A",,2
194675,"R",1800,"A",,"R",768,"G",60,"G",32,"G",60,"G",32,2
194693,"R",1230,"A",,"R",0,"G",41,"R",0,"G",41,"Z",0,2
194709,"R",2190,"A",,"R",96,"G",73,"G",4,"G",73,"G",4,2
194718,"R",975,"A",,"R",165,"G",33,"G",7,"G",33,"G",7,2
194736,"R",3536,"A",,"A",,"G",118,"A",,"G",118,"A",,2
194763,"R",9270,"A",,"R",4800,"G",309,"G",200,"G",309,"G",200,2
194824,"R",160917,"A",,"R",32551,"G",5364,"G",1356,"G",5364,"G",1356,2
194879,"A",,"R",81100,"A",,"G",90,"A",,"G",90,"A",,1
194958,"R",39454,"A",,"R",11714,"G",1315,"G",488,"R",1288,"R",400,2
194967,"A",,"R",919750,"A",,"G",1022,"A",,"G",1022,"A",,1
195003,"R",470185,"A",,"R",56455,"G",10449,"G",1568,"R",9796,"R",1568,2
195030,"R",154463,"A",,"R",69177,"G",5149,"G",2882,"G",5149,"G",2882,2
195049,"A",,"A",,"R",948,"A",,"G",40,"A",,"G",40,2
195058,"R",130776,"A",,"A",,"G",4359,"A",,"G",4359,"A",,2
195067,"A",,"R",528926,"A",,"G",588,"A",,"G",588,"A",,1
195128,"R",22560,"A",,"A",,"G",752,"A",,"G",752,"A",,2
195137,"R",21895,"A",,"R",17758,"G",730,"G",740,"G",730,"G",740,2
195155,"A",,"A",,"R",1735,"A",,"G",72,"A",,"G",72,2
195164,"R",61384,"A",,"R",8866,"G",2046,"G",369,"G",2046,"G",369,2
195173,"R",7388,"A",,"R",24,"G",246,"G",1,"G",246,"G",1,2
195191,"R",6367,"A",,"A",,"G",212,"A",,"G",212,"A",,2
195216,"R",64938,"A",,"R",2772,"G",2165,"G",116,"R",2094,"R",78,2
195234,"R",87430,"A",,"R",42539,"G",2914,"G",1772,"G",2914,"G",1772,2
195243,"R",44481,"A",,"R",3549,"G",1483,"G",148,"G",1483,"G",148,2
195289,"R",2454,"A",,"A",,"G",82,"A",,"G",82,"A",,2
195304,"R",37024,"A",,"R",7147,"G",1234,"G",298,"G",1234,"G",298,2
195322,"R",79858,"A",,"A",,"G",2662,"A",,"G",2662,"A",,2
195429,"A",,"A",,"R",1260,"A",,"G",53,"A",,"G",53,2
195438,"R",3510,"A",,"R",264,"G",117,"G",11,"G",117,"G",11,2
195474,"R",93295,"A",,"A",,"G",3110,"A",,"G",3110,"A",,2
195492,"R",2110,"A",,"A",,"G",70,"A",,"R",59,"A",,2
195526,"R",72667,"A",,"R",330,"G",2422,"G",14,"R",2836,"R",37,2
195544,"R",25275,"A",,"R",3124,"G",843,"G",130,"G",843,"G",130,2
195562,"R",97759,"A",,"R",4155,"G",3259,"G",173,"G",3259,"G",173,2
195571,"A",,"A",,"R",1050,"A",,"G",44,"A",,"G",44,2
195580,"A",,"A",,"R",282,"A",,"G",12,"A",,"G",12,2
195623,"A",,"R",31871,"A",,"G",35,"A",,"G",35,"A",,1
195669,"A",,"R",22665,"A",,"G",25,"A",,"G",25,"A",,1
195687,"R",4650,"A",,"A",,"G",155,"A",,"G",155,"A",,2
195702,"A",,"R",15075,"A",,"G",17,"A",,"G",17,"A",,1
195720,"R",77264,"A",,"R",14199,"G",2575,"G",592,"G",2575,"G",592,2
195784,"R",2038,"A",,"A",,"G",68,"A",,"G",68,"A",,2
195793,"R",1740,"A",,"A",,"G",58,"A",,"R",30,"A",,2
195809,"R",392334,"A",,"R",58077,"G",13078,"G",2420,"G",13078,"G",2420,2
195845,"R",16138,"A",,"A",,"G",538,"A",,"G",538,"A",,2
195924,"A",,"R",75940,"A",,"G",84,"A",,"G",84,"A",,1
195933,"A",,"R",160706,"A",,"G",179,"A",,"G",179,"A",,1
195988,"R",35206,"A",,"A",,"G",1174,"A",,"G",1174,"A",,2
196006,"R",96069,"A",,"A",,"G",3202,"A",,"G",3202,"A",,2
196015,"R",63863,"A",,"A",,"G",2129,"A",,"G",2129,"A",,2
196024,"R",68018,"A",,"A",,"G",2267,"A",,"G",2267,"A",,2
196033,"R",72230,"A",,"A",,"G",2408,"A",,"G",2408,"A",,2
196042,"R",150057,"A",,"A",,"G",5002,"A",,"G",5002,"A",,2
196051,"R",84641,"A",,"A",,"G",2821,"A",,"G",2821,"A",,2
196060,"R",349717,"A",,"R",80544,"G",11657,"G",3356,"G",11657,"G",3356,2
196079,"R",350479,"A",,"R",45710,"G",11683,"G",1905,"G",11683,"G",1905,2
196088,"R",554747,"A",,"R",125074,"G",18492,"G",5211,"G",18492,"G",5211,2
196097,"R",434808,"A",,"R",118110,"G",14494,"G",4921,"G",14494,"G",4921,2
196103,"R",43099,"A",,"R",7370,"G",1437,"G",307,"G",1437,"G",307,2
196112,"R",45361,"A",,"R",6693,"G",1512,"G",279,"G",1512,"G",279,2
196121,"R",190165,"A",,"R",23629,"G",6339,"G",985,"G",6339,"G",985,2
196130,"R",250542,"A",,"R",32198,"G",8351,"G",1342,"G",8351,"G",1342,2
196149,"R",173289,"A",,"R",20151,"G",5776,"G",840,"G",5776,"G",840,2
196158,"R",147932,"A",,"R",8029,"G",4931,"G",335,"G",4931,"G",335,2
196167,"R",156649,"A",,"R",3797,"G",5222,"G",158,"G",5222,"G",158,2
196176,"R",179042,"A",,"R",22541,"G",5968,"G",939,"G",5968,"G",939,2
196185,"R",170484,"A",,"R",3176,"G",5683,"G",132,"G",5683,"G",132,2
196194,"R",202955,"A",,"R",20321,"G",6765,"G",847,"G",6765,"G",847,2
196200,"R",110782,"A",,"R",20024,"G",3693,"G",834,"G",3693,"G",834,2
196219,"R",114828,"A",,"R",4113,"G",3828,"G",171,"G",3828,"G",171,2
196228,"A",,"A",,"R",348,"A",,"G",10,"A",,"G",10,2
196237,"R",85558,"A",,"R",516,"G",2852,"G",22,"G",2852,"G",22,2
196246,"R",154578,"A",,"R",12963,"G",5153,"G",540,"G",5153,"G",540,2
196255,"R",11273,"A",,"R",8106,"G",376,"G",338,"G",376,"G",338,2
196264,"R",204203,"A",,"R",6554,"G",6807,"G",273,"G",6807,"G",273,2
196291,"R",42909,"A",,"R",2721,"G",1430,"G",113,"G",1430,"G",113,2
196307,"R",6463,"A",,"R",7197,"G",215,"G",300,"G",215,"G",300,2
196389,"R",9236,"A",,"R",1350,"G",308,"G",56,"G",308,"G",56,2
196413,"R",383229,"A",,"R",81770,"G",12774,"G",3407,"G",12774,"G",3407,2
196431,"R",7744,"A",,"A",,"G",258,"A",,"G",258,"A",,2
196440,"R",339,"A",,"R",219,"G",11,"G",9,"G",11,"G",9,2
196468,"A",,"A",,"R",83337,"A",,"G",3472,"A",,"G",3472,2
196477,"R",121301,"A",,"A",,"G",4043,"A",,"G",4043,"A",,2
196565,"R",82287,"A",,"A",,"G",2743,"A",,"G",2743,"A",,2
196583,"R",6120,"A",,"R",240,"G",204,"G",10,"G",204,"G",10,2
196592,"R",337080,"A",,"R",201568,"G",11236,"G",8399,"G",11236,"G",8399,2
196653,"R",25659,"A",,"A",,"G",855,"A",,"G",855,"A",,2
196680,"R",37891,"A",,"R",2944,"G",1263,"G",123,"G",1263,"G",123,2
196699,"R",59474,"A",,"A",,"G",1982,"A",,"G",1982,"A",,2
196857,"A",,"R",677313,"A",,"G",753,"A",,"G",753,"A",,1
196866,"R",64932,"A",,"A",,"G",2164,"A",,"G",2164,"A",,2
196884,"A",,"A",,"R",1608,"A",,"G",67,"A",,"G",67,2
197018,"R",38700,"A",,"R",2952,"G",1290,"G",123,"G",1290,"G",123,2
197027,"R",41668,"A",,"A",,"G",1389,"A",,"G",1389,"A",,2
197036,"P",129221,"A",,"P",0,"P",4307,"P",0,"P",4307,"P",0,2
197045,"R",63182,"A",,"R",7463,"G",2106,"G",311,"R",2203,"R",311,2
197081,"R",16213,"A",,"A",,"G",540,"A",,"G",540,"A",,2
197133,"R",73533,"A",,"R",4,"G",2451,"R",0,"G",2451,"Z",0,2
197142,"R",12768,"A",,"A",,"G",426,"A",,"G",426,"A",,2
197151,"R",89805,"A",,"R",11753,"G",2994,"G",490,"G",2994,"G",490,2
197197,"R",57271,"A",,"R",6226,"G",1909,"G",259,"G",1909,"G",259,2
197221,"R",2946,"A",,"A",,"G",98,"A",,"G",98,"A",,2
197230,"R",12165,"A",,"A",,"G",406,"A",,"G",406,"A",,2
197285,"R",71356,"A",,"A",,"G",1586,"A",,"G",1586,"A",,2
197294,"R",211002,"A",,"A",,"G",7033,"A",,"G",7033,"A",,2
197337,"A",,"R",52538,"A",,"G",58,"A",,"G",58,"A",,1
197522,"A",,"R",391090,"A",,"G",435,"A",,"G",435,"A",,1
197531,"A",,"R",350354,"A",,"G",389,"A",,"G",389,"A",,1
197601,"R",2595,"A",,"Z",0,"G",87,"A",,"G",87,"A",,2
197610,"R",2460,"A",,"R",284,"G",82,"G",12,"G",82,"G",12,2
197647,"R",3404,"A",,"R",1599,"G",113,"G",67,"G",113,"G",67,2
197674,"R",5700,"A",,"R",504,"G",190,"G",21,"G",190,"G",21,2
197692,"R",2730,"A",,"R",585,"G",91,"G",24,"G",91,"G",24,2
197708,"R",69403,"A",,"R",22738,"G",2313,"G",947,"G",2313,"G",947,2
197735,"R",8708,"A",,"R",3220,"G",290,"G",134,"G",290,"G",134,2
197744,"R",3720,"A",,"R",772,"G",124,"G",32,"G",124,"G",32,2
197814,"R",42203,"A",,"A",,"G",1407,"A",,"G",1407,"A",,2
197832,"R",39572,"A",,"A",,"G",879,"A",,"G",879,"A",,2
197850,"R",46440,"A",,"A",,"G",1548,"A",,"G",1548,"A",,2
197869,"R",389630,"A",,"R",30922,"G",12988,"G",1288,"G",12988,"G",1288,2
197887,"A",,"R",4700547,"A",,"G",5223,"A",,"G",5223,"A",,1
197902,"A",,"R",79621,"A",,"G",88,"A",,"G",88,"A",,1
197911,"R",35807,"A",,"R",0,"G",1194,"Z",0,"G",1194,"Z",0,2
197957,"A",,"R",60109,"A",,"G",67,"A",,"G",67,"A",,1
197966,"R",31657,"A",,"A",,"G",1055,"A",,"G",1055,"A",,2
197984,"R",24335,"A",,"A",,"G",811,"A",,"R",950,"A",,2
197993,"R",16573,"A",,"A",,"G",552,"A",,"R",591,"A",,2
198011,"R",32485,"A",,"A",,"G",1083,"A",,"G",1083,"A",,2
198039,"R",52110,"A",,"A",,"G",1737,"A",,"R",1737,"A",,2
198066,"R",17335,"A",,"A",,"G",578,"A",,"G",578,"A",,2
198075,"A",,"R",124416,"A",,"G",138,"A",,"G",138,"A",,1
198084,"R",22471,"A",,"A",,"G",749,"A",,"R",745,"A",,2
198109,"R",8073,"A",,"A",,"G",269,"A",,"G",269,"A",,2
198118,"R",98009,"A",,"A",,"G",3267,"A",,"G",3267,"A",,2
198136,"R",126763,"A",,"R",10455,"G",4225,"G",436,"G",4225,"G",436,2
198154,"R",104378,"A",,"A",,"G",3479,"A",,"G",3479,"A",,2
198206,"A",,"R",720828,"A",,"G",801,"A",,"G",801,"A",,1
198215,"R",34783,"A",,"R",306,"G",1159,"G",13,"G",1159,"G",13,2
198233,"R",102170,"R",0,"A",,"G",3406,"A",,"R",3690,"A",,3
198242,"R",7027,"A",,"A",,"G",156,"A",,"G",156,"A",,2
198251,"R",93162,"A",,"A",,"G",3105,"A",,"G",3105,"A",,2
198260,"R",349025,"A",,"A",,"G",11634,"A",,"G",11634,"A",,2
198303,"R",22729,"A",,"A",,"G",758,"A",,"G",758,"A",,2
198321,"A",,"R",1345548,"A",,"G",1495,"A",,"G",1495,"A",,1
198330,"R",97185,"A",,"A",,"G",3240,"A",,"G",3240,"A",,2
198367,"R",61948,"A",,"A",,"G",2065,"A",,"G",2065,"A",,2
198376,"R",79871,"A",,"A",,"G",2662,"A",,"G",2662,"A",,2
198385,"R",52896,"A",,"A",,"G",1763,"A",,"R",1686,"A",,2
198419,"R",233094,"A",,"R",153755,"G",7770,"G",6406,"G",7770,"G",6406,2
198455,"R",116730,"A",,"A",,"G",3891,"A",,"G",3891,"A",,2
198464,"R",520921,"A",,"R",92609,"G",17364,"G",3859,"G",17364,"G",3859,2
198491,"R",49203,"A",,"A",,"G",1640,"A",,"G",1640,"A",,2
198507,"R",78159,"A",,"R",890,"G",2605,"G",37,"G",2605,"G",37,2
198516,"R",162173,"A",,"R",9105,"G",5406,"G",379,"G",5406,"G",379,2
198525,"R",1500,"A",,"A",,"G",50,"A",,"G",50,"A",,2
198534,"R",306817,"A",,"A",,"G",10227,"A",,"G",10227,"A",,2
198543,"R",146334,"A",,"R",15144,"G",4878,"G",631,"G",4878,"G",631,2
198552,"R",149066,"A",,"A",,"G",4969,"A",,"G",4969,"A",,2
198561,"R",78169,"A",,"R",14567,"G",2606,"G",607,"G",2606,"G",607,2
198570,"R",110917,"A",,"A",,"G",3697,"A",,"G",3697,"A",,2
198589,"A",,"R",91731,"A",,"G",102,"A",,"G",102,"A",,1
198598,"R",15383,"A",,"R",2327,"G",513,"G",97,"G",513,"G",97,2
198613,"R",77543,"A",,"A",,"G",2585,"A",,"G",2585,"A",,2
198622,"R",233760,"A",,"A",,"G",7792,"A",,"G",7792,"A",,2
198631,"A",,"R",51952,"A",,"G",58,"A",,"G",58,"A",,1
198640,"R",42413,"A",,"A",,"G",1414,"A",,"G",1414,"A",,2
198668,"R",50123,"A",,"A",,"G",1671,"A",,"G",1671,"A",,2
198677,"R",2681,"A",,"A",,"G",89,"A",,"G",89,"A",,2
198695,"R",74543,"A",,"R",4317,"G",2485,"G",180,"G",2485,"G",180,2
198710,"R",60150,"A",,"A",,"G",2005,"A",,"G",2005,"A",,2
198729,"R",29414,"A",,"A",,"G",980,"A",,"G",980,"A",,2
198747,"R",3462,"A",,"A",,"G",115,"A",,"G",115,"A",,2
198756,"R",44790,"A",,"A",,"G",1493,"A",,"G",1493,"A",,2
198774,"R",82268,"A",,"A",,"G",2742,"A",,"R",3102,"A",,2
198808,"R",25774,"A",,"A",,"G",859,"A",,"G",859,"A",,2
198817,"R",59780,"A",,"A",,"G",1993,"A",,"G",1993,"A",,2
198835,"R",44108,"A",,"R",2215,"G",1470,"G",92,"G",1470,"G",92,2
198844,"A",,"R",151200,"A",,"G",168,"A",,"G",168,"A",,1
198862,"R",26467,"A",,"A",,"G",882,"A",,"G",882,"A",,2
198871,"R",20956,"A",,"A",,"G",699,"A",,"G",699,"A",,2
198899,"R",38436,"A",,"A",,"G",1281,"A",,"G",1281,"A",,2
198905,"R",25560,"A",,"A",,"G",852,"A",,"G",852,"A",,2
198914,"R",29316,"A",,"A",,"G",977,"A",,"G",977,"A",,2
198923,"R",28808,"A",,"A",,"G",960,"A",,"G",960,"A",,2
198941,"R",3550,"A",,"A",,"G",118,"A",,"G",118,"A",,2
198950,"R",56272,"A",,"R",1951,"G",1876,"G",81,"G",1876,"G",81,2
198969,"R",57549,"A",,"R",3918,"G",1918,"G",163,"G",1918,"G",163,2
198978,"R",26500,"A",,"A",,"G",589,"A",,"G",589,"A",,2
198987,"R",64921,"A",,"A",,"G",2164,"A",,"G",2164,"A",,2
198996,"A",,"R",0,"A",,"R",0,"A",,"Z",0,"A",,1
199005,"A",,"R",0,"A",,"R",0,"A",,"Z",0,"A",,1
199023,"R",20520,"A",,"A",,"G",684,"A",,"G",684,"A",,2
199032,"R",27331,"A",,"R",1340,"G",911,"G",56,"G",911,"G",56,2
199069,"R",79034,"A",,"A",,"G",2634,"A",,"G",2634,"A",,2
199078,"A",,"R",47700,"A",,"G",53,"A",,"G",53,"A",,1
199087,"R",19650,"A",,"A",,"G",655,"A",,"G",655,"A",,2
199102,"R",299226,"A",,"R",23705,"G",9974,"G",988,"G",9974,"G",988,2
199111,"R",92449,"A",,"R",326,"G",3082,"G",14,"G",3082,"G",14,2
199120,"R",501657,"A",,"R",152021,"G",16722,"G",6334,"G",16722,"G",6334,2
199139,"R",452690,"A",,"R",60648,"G",15090,"G",2527,"G",15090,"G",2527,2
199148,"R",343674,"A",,"R",58561,"G",11456,"G",2440,"G",11456,"G",2440,2
199157,"R",175693,"A",,"R",21883,"G",5856,"G",912,"G",5856,"G",912,2
199184,"R",31653,"A",,"R",3736,"G",1055,"G",156,"G",1055,"G",156,2
199193,"R",647744,"A",,"R",105333,"G",21591,"G",4389,"G",21591,"G",4389,2
199209,"R",41186,"A",,"A",,"G",1373,"A",,"G",1373,"A",,2
199218,"R",308123,"A",,"R",16907,"G",10271,"G",704,"G",10271,"G",704,2
199263,"R",7904,"R",0,"A",,"G",263,"A",,"G",263,"A",,3
199272,"R",19612,"A",,"A",,"G",654,"A",,"G",654,"A",,2
199281,"R",133797,"A",,"R",9385,"G",4460,"G",391,"G",4460,"G",391,2
199306,"R",34666,"A",,"R",16551,"G",1156,"G",690,"G",1156,"G",690,2
199315,"R",8576,"A",,"R",1142,"G",286,"G",48,"G",286,"G",48,2
199324,"R",68151,"A",,"A",,"G",2272,"A",,"G",2272,"A",,2
199333,"R",164909,"A",,"A",,"G",5497,"A",,"G",5497,"A",,2
199412,"R",42392,"A",,"R",8121,"G",1413,"G",338,"G",1413,"G",338,2
199421,"R",49000,"A",,"A",,"G",1633,"A",,"G",1633,"A",,2
199449,"R",37890,"A",,"A",,"G",1263,"A",,"G",1263,"A",,2
199458,"R",3940,"A",,"A",,"G",131,"A",,"R",137,"A",,2
199467,"R",23757,"A",,"A",,"G",792,"A",,"G",792,"A",,2
199476,"R",57330,"R",60349,"A",,"G",1978,"A",,"G",1978,"A",,3
199485,"R",52315,"A",,"A",,"G",1744,"A",,"G",1744,"A",,2
199494,"R",35906,"A",,"A",,"G",1197,"A",,"G",1197,"A",,2
199582,"R",37362,"A",,"A",,"G",1245,"A",,"G",1245,"A",,2
199607,"R",30564,"A",,"R",2646,"G",1019,"G",110,"G",1019,"G",110,2
199625,"R",32317,"A",,"A",,"G",1077,"A",,"G",1077,"A",,2
199634,"R",87660,"A",,"A",,"G",2922,"A",,"G",2922,"A",,2
199643,"R",43857,"A",,"R",728,"G",1462,"G",30,"R",2830,"R",57,2
199689,"A",,"R",114000,"A",,"G",127,"A",,"G",127,"A",,1
199698,"R",22355,"A",,"A",,"G",745,"A",,"G",745,"A",,2
199713,"A",,"R",108925,"A",,"G",121,"A",,"G",121,"A",,1
199722,"R",44365,"R",55511,"A",,"G",1541,"A",,"G",1541,"A",,3
199731,"R",40773,"R",3237,"A",,"G",1363,"A",,"G",1363,"A",,3
199740,"R",61890,"A",,"A",,"G",2063,"A",,"G",2063,"A",,2
199768,"A",,"R",1136098,"A",,"G",1262,"A",,"R",2219,"A",,1
199786,"R",87801,"A",,"A",,"G",2927,"A",,"G",2927,"A",,2
199795,"R",21582,"A",,"A",,"G",719,"A",,"R",826,"A",,2
199838,"R",92826,"A",,"A",,"G",3094,"A",,"G",3094,"A",,2
199847,"R",120975,"A",,"R",32385,"G",4033,"G",1349,"R",4281,"R",1297,2
199856,"R",282008,"A",,"A",,"G",9400,"A",,"G",9400,"A",,2
199865,"R",25443,"A",,"R",2100,"G",848,"G",88,"G",848,"G",88,2
199883,"R",3171,"A",,"A",,"G",106,"A",,"G",106,"A",,2
199892,"R",72191,"A",,"A",,"G",2406,"A",,"G",2406,"A",,2
199908,"R",70680,"A",,"A",,"G",2356,"A",,"G",2356,"A",,2
199926,"R",58292,"A",,"A",,"G",1943,"A",,"G",1943,"A",,2
199953,"R",64850,"A",,"A",,"G",2162,"A",,"G",2162,"A",,2
199962,"R",40663,"A",,"R",1359,"G",1355,"G",57,"G",1355,"G",57,2
199971,"R",1022,"A",,"A",,"G",34,"A",,"R",39,"A",,2
199980,"A",,"R",176000,"A",,"G",196,"A",,"G",196,"A",,1
199999,"R",151439,"A",,"R",5775,"G",5048,"G",241,"G",5048,"G",241,2
200004,"R",204371,"A",,"R",31380,"G",6812,"G",1308,"G",6812,"G",1308,2
200013,"R",10900,"A",,"A",,"G",242,"A",,"G",242,"A",,2
200022,"R",83446,"A",,"A",,"G",2782,"A",,"G",2782,"A",,2
200059,"R",58304,"A",,"A",,"G",1943,"A",,"G",1943,"A",,2
200086,"R",2090,"A",,"A",,"G",70,"A",,"G",70,"A",,2
200110,"A",,"R",84600,"A",,"G",94,"A",,"G",94,"A",,1
200129,"A",,"R",64702,"A",,"G",72,"A",,"G",72,"A",,1
200156,"R",31849,"A",,"A",,"G",1062,"A",,"G",1062,"A",,2
200165,"A",,"R",199800,"A",,"G",222,"A",,"G",222,"A",,1
200192,"R",26852,"A",,"A",,"G",895,"A",,"G",895,"A",,2
200208,"R",4782,"A",,"A",,"G",159,"A",,"G",159,"A",,2
200217,"R",65991,"A",,"R",16574,"G",2200,"G",691,"G",2200,"G",691,2
200226,"R",21347,"A",,"A",,"G",712,"A",,"G",712,"A",,2
200244,"R",3087,"A",,"A",,"G",103,"A",,"G",103,"A",,2
200253,"R",88098,"A",,"R",5508,"G",2937,"G",230,"G",2937,"G",230,2
200262,"A",,"R",21700,"A",,"G",24,"A",,"G",24,"A",,1
200280,"R",304632,"A",,"R",35381,"G",10154,"G",1474,"G",10154,"G",1474,2
200305,"R",62895,"A",,"A",,"G",2097,"A",,"G",2097,"A",,2
200314,"R",10739,"A",,"A",,"G",358,"A",,"G",358,"A",,2
200332,"R",282742,"A",,"R",21643,"G",9425,"G",902,"G",9425,"G",902,2
200341,"R",20084,"A",,"A",,"G",669,"A",,"R",637,"A",,2
200387,"A",,"R",45000,"A",,"G",50,"A",,"G",50,"A",,1
200466,"R",7638,"A",,"A",,"G",255,"A",,"G",255,"A",,2
200484,"R",8630,"A",,"A",,"G",288,"A",,"G",288,"A",,2
200527,"R",18175,"A",,"A",,"G",606,"A",,"G",606,"A",,2
200554,"R",14057,"A",,"A",,"G",469,"A",,"G",469,"A",,2
200572,"R",26059,"A",,"R",420,"G",869,"G",18,"G",869,"G",18,2
200590,"R",9144,"R",94265,"A",,"G",410,"A",,"G",410,"A",,3
200624,"R",4680,"A",,"A",,"G",104,"A",,"G",104,"A",,2
200633,"R",28942,"A",,"A",,"G",643,"A",,"G",643,"A",,2
200697,"A",,"A",,"R",31774,"A",,"G",883,"A",,"G",883,2
200721,"A",,"R",384300,"A",,"G",427,"A",,"G",427,"A",,1
200785,"R",25857,"A",,"A",,"G",862,"A",,"G",862,"A",,2
200794,"A",,"R",187200,"A",,"G",208,"A",,"G",208,"A",,1
200800,"R",445206,"A",,"R",64464,"G",14840,"G",2686,"G",14840,"G",2686,2
200828,"A",,"R",114000,"A",,"G",127,"A",,"G",127,"A",,1
200846,"R",32546,"A",,"A",,"G",1085,"A",,"G",1085,"A",,2
200873,"R",1461,"A",,"A",,"G",49,"A",,"G",49,"A",,2
201007,"R",18814,"A",,"A",,"G",627,"A",,"G",627,"A",,2
201016,"R",19037,"A",,"A",,"G",423,"A",,"G",423,"A",,2
201034,"A",,"R",150918,"A",,"G",168,"A",,"G",168,"A",,1
201061,"R",5070,"A",,"R",85,"G",169,"G",4,"R",162,"R",8,2
201098,"A",,"R",60300,"A",,"G",67,"A",,"G",67,"A",,1
201104,"R",82195,"A",,"R",68492,"G",2740,"G",2854,"G",2740,"G",2854,2
201131,"A",,"R",155310,"A",,"G",173,"A",,"G",173,"A",,1
201140,"R",1425,"A",,"R",1344,"G",32,"G",37,"G",32,"G",37,2
201159,"A",,"R",72000,"A",,"G",80,"A",,"G",80,"A",,1
201177,"R",2372,"A",,"A",,"G",79,"A",,"G",79,"A",,2
201195,"R",96896,"A",,"R",12428,"G",3230,"G",518,"G",3230,"G",518,2
201229,"A",,"R",32100,"A",,"G",36,"A",,"G",36,"A",,1
201283,"R",59335,"A",,"A",,"G",1319,"A",,"G",1319,"A",,2
201371,"R",28268,"A",,"R",1869,"G",942,"G",78,"G",942,"G",78,2
201399,"R",18114,"A",,"A",,"G",403,"A",,"G",403,"A",,2
201432,"R",42332,"A",,"R",829,"G",1411,"G",35,"G",1411,"G",35,2
201441,"R",473391,"A",,"R",66036,"G",15780,"G",2752,"G",15780,"G",2752,2
201469,"R",7689,"A",,"A",,"G",256,"A",,"G",256,"A",,2
201478,"A",,"R",108000,"A",,"G",120,"A",,"G",120,"A",,1
201496,"A",,"R",815166,"A",,"G",906,"A",,"G",906,"A",,1
201539,"A",,"R",161448,"A",,"G",179,"A",,"G",179,"A",,1
201548,"R",75890,"A",,"R",22249,"G",2530,"G",927,"G",2530,"G",927,2
201584,"A",,"R",29500,"A",,"G",33,"A",,"G",33,"A",,1
201609,"A",,"R",91366,"A",,"G",102,"A",,"G",102,"A",,1
201618,"A",,"R",52434,"A",,"G",58,"A",,"G",58,"A",,1
201627,"A",,"R",93117,"A",,"G",103,"A",,"G",103,"A",,1
201645,"R",122575,"A",,"R",72307,"G",4086,"G",3013,"G",4086,"G",3013,2
201654,"R",95601,"A",,"R",555,"G",3187,"G",23,"G",3187,"G",23,2
201672,"R",103271,"A",,"A",,"G",2295,"A",,"G",2295,"A",,2
201681,"A",,"R",97960,"A",,"G",109,"A",,"R",79,"A",,1
201690,"R",45558,"A",,"R",110,"G",1519,"G",5,"G",1519,"G",5,2
201751,"R",4286,"A",,"A",,"G",143,"A",,"G",143,"A",,2
201803,"A",,"R",167794,"A",,"G",186,"A",,"G",186,"A",,1
201821,"R",14411,"A",,"A",,"G",320,"A",,"G",320,"A",,2
201858,"R",22858,"A",,"R",4664,"G",762,"G",194,"G",762,"G",194,2
201867,"R",4050,"A",,"A",,"G",90,"A",,"G",90,"A",,2
201885,"R",769849,"A",,"R",219714,"G",17108,"G",6103,"G",17108,"G",6103,2
201928,"R",343029,"A",,"A",,"G",7623,"A",,"G",7623,"A",,2
201946,"R",94367,"A",,"A",,"G",2097,"A",,"G",2097,"A",,2
201955,"R",134074,"A",,"A",,"G",2979,"A",,"G",2979,"A",,2
201964,"R",11219,"A",,"A",,"G",374,"A",,"G",374,"A",,2
201973,"R",103117,"A",,"A",,"G",2291,"A",,"G",2291,"A",,2
201982,"A",,"R",62364,"A",,"G",69,"A",,"G",69,"A",,1
201991,"A",,"R",38704,"A",,"G",43,"A",,"G",43,"A",,1
202019,"R",262,"A",,"R",958,"G",9,"G",40,"G",9,"G",40,2
202046,"R",15370,"A",,"R",243,"G",512,"G",10,"G",512,"G",10,2
202055,"A",,"R",330300,"A",,"G",367,"A",,"G",367,"A",,1
202073,"R",7520,"A",,"R",4344,"G",251,"G",181,"G",251,"G",181,2
202134,"R",255962,"A",,"R",103261,"G",8532,"G",4303,"G",8532,"G",4303,2
202152,"A",,"R",386700,"A",,"G",430,"A",,"G",430,"A",,1
202161,"R",17499,"A",,"A",,"G",583,"A",,"R",494,"A",,2
202170,"R",39655,"A",,"A",,"G",1322,"A",,"G",1322,"A",,2
202189,"A",,"R",1314050,"A",,"G",1460,"A",,"G",1460,"A",,1
202204,"A",,"R",192300,"A",,"G",214,"A",,"G",214,"A",,1
202222,"R",721194,"A",,"A",,"G",16027,"A",,"G",16027,"A",,2
202268,"R",5452,"A",,"A",,"G",182,"A",,"G",182,"A",,2
202356,"R",496358,"A",,"A",,"G",16545,"A",,"G",16545,"A",,2
202435,"R",15375,"A",,"A",,"G",342,"A",,"G",342,"A",,2
202453,"A",,"R",206700,"A",,"G",230,"A",,"G",230,"A",,1
202480,"R",220251,"A",,"R",59004,"G",7342,"G",2459,"G",7342,"G",2459,2
202514,"R",23102,"A",,"R",1457,"G",770,"G",61,"G",770,"G",61,2
202523,"R",69684,"A",,"A",,"G",2323,"A",,"G",2323,"A",,2
202541,"R",75703,"A",,"R",5779,"G",2523,"G",241,"G",2523,"G",241,2
202611,"R",21162,"A",,"R",1896,"G",705,"G",79,"G",705,"G",79,2
202639,"A",,"R",135000,"A",,"G",150,"A",,"G",150,"A",,1
202648,"R",57768,"A",,"R",43,"G",1926,"G",2,"G",1926,"G",2,2
202657,"A",,"R",217065,"A",,"G",241,"A",,"G",241,"A",,1
202684,"R",11283,"A",,"A",,"G",376,"A",,"G",376,"A",,2
202736,"A",,"R",80756,"A",,"G",90,"A",,"G",90,"A",,1
202763,"R",94331,"A",,"R",25620,"G",3144,"G",1068,"G",3144,"G",1068,2
202806,"R",123344,"A",,"R",19993,"G",4111,"G",833,"G",4111,"G",833,2
202888,"A",,"R",31272,"A",,"G",35,"A",,"G",35,"A",,1
202903,"R",6769,"A",,"A",,"G",226,"A",,"G",226,"A",,2
202912,"R",7211,"A",,"A",,"G",240,"A",,"G",240,"A",,2
202949,"A",,"R",623073,"A",,"G",692,"A",,"G",692,"A",,1
202985,"A",,"R",142800,"A",,"G",159,"A",,"G",159,"A",,1
203030,"A",,"R",225000,"A",,"G",250,"A",,"G",250,"A",,1
203049,"A",,"A",,"R",1394,"A",,"G",58,"A",,"G",58,2
203067,"A",,"A",,"R",3360,"A",,"G",140,"A",,"G",140,2
203076,"A",,"A",,"R",125,"A",,"G",5,"A",,"G",5,2
203085,"R",37505,"A",,"R",3413,"G",1250,"G",142,"G",1250,"G",142,2
203128,"R",24930,"A",,"R",300,"G",831,"G",13,"G",831,"G",13,2
203146,"A",,"R",84840,"A",,"G",94,"A",,"G",94,"A",,1
203155,"R",215220,"A",,"A",,"G",4783,"A",,"G",4783,"A",,2
203164,"R",4785,"A",,"A",,"G",160,"A",,"G",160,"A",,2
203225,"P",8616,"A",,"P",0,"P",287,"P",0,"P",287,"P",0,2
203234,"R",2011,"R",27916,"A",,"G",98,"A",,"G",98,"A",,3
203289,"R",5040,"A",,"A",,"G",168,"A",,"G",168,"A",,2
203313,"R",16844,"A",,"A",,"G",374,"A",,"G",374,"A",,2
203331,"R",36695,"A",,"A",,"G",1223,"A",,"G",1223,"A",,2
203368,"R",96609,"A",,"R",11087,"G",3220,"G",462,"G",3220,"G",462,2
203438,"A",,"R",214500,"A",,"G",238,"A",,"G",238,"A",,1
203447,"R",30943,"A",,"R",36,"G",1031,"G",2,"G",1031,"G",2,2
203456,"R",15708,"A",,"R",3,"G",524,"R",0,"G",524,"Z",0,2
203465,"R",81672,"A",,"R",282,"G",2722,"G",12,"G",2722,"G",12,2
203474,"R",40719,"A",,"R",78,"G",1357,"G",3,"G",1357,"G",3,2
203483,"R",41036,"A",,"R",407,"G",1368,"G",17,"G",1368,"G",17,2
203492,"R",26339,"A",,"R",150,"G",878,"G",6,"G",878,"G",6,2
203517,"R",525558,"A",,"R",99215,"G",17519,"G",4134,"G",17519,"G",4134,2
203526,"R",17596,"A",,"R",59,"G",587,"G",2,"G",587,"G",2,2
203535,"R",55768,"A",,"A",,"G",1859,"A",,"G",1859,"A",,2
203544,"R",20822,"A",,"R",1416,"G",694,"G",59,"G",694,"G",59,2
203580,"R",18616,"A",,"R",1420,"G",621,"G",59,"G",621,"G",59,2
203599,"R",164237,"A",,"A",,"G",5475,"A",,"G",5475,"A",,2
203614,"A",,"R",234900,"A",,"G",261,"A",,"G",261,"A",,1
203678,"R",101300,"A",,"A",,"G",2251,"A",,"G",2251,"A",,2
203720,"R",8669,"A",,"A",,"G",193,"A",,"G",193,"A",,2
203739,"R",10571,"A",,"A",,"G",235,"A",,"G",235,"A",,2
203748,"R",194245,"A",,"A",,"G",6475,"A",,"G",6475,"A",,2
203757,"R",32440,"A",,"R",1424,"G",1081,"G",59,"G",1081,"G",59,2
203775,"R",54952,"A",,"R",6862,"G",1832,"G",286,"G",1832,"G",286,2
203818,"R",15473,"A",,"A",,"G",344,"A",,"G",344,"A",,2
203845,"R",40852,"A",,"R",3741,"G",1362,"G",156,"G",1362,"G",156,2
203881,"R",62371,"A",,"A",,"G",1386,"A",,"G",1386,"A",,2
203942,"A",,"R",55790,"A",,"G",62,"A",,"G",62,"A",,1
203951,"A",,"A",,"R",15595,"A",,"G",650,"A",,"G",650,2
203960,"R",18202,"A",,"A",,"G",607,"A",,"G",607,"A",,2
203997,"A",,"A",,"R",1481,"A",,"G",62,"A",,"G",62,2
204006,"R",60375,"A",,"R",1699,"G",2013,"G",71,"G",2013,"G",71,2
204015,"R",47720,"A",,"R",1347,"G",1591,"G",56,"G",1591,"G",56,2
204024,"R",461783,"A",,"R",56058,"G",15393,"G",2336,"G",15393,"G",2336,2
204060,"R",30714,"A",,"A",,"G",683,"A",,"G",683,"A",,2
204121,"A",,"R",75350,"A",,"G",84,"A",,"G",84,"A",,1
204158,"A",,"R",563477,"A",,"G",626,"A",,"G",626,"A",,1
204167,"A",,"R",57600,"A",,"G",64,"A",,"G",64,"A",,1
204176,"R",17281,"R",10016,"R",290,"G",587,"G",12,"G",587,"G",12,3
204185,"R",64302,"A",,"A",,"G",2143,"A",,"G",2143,"A",,2
204194,"R",63018,"A",,"R",5025,"G",2101,"G",209,"G",2101,"G",209,2
204200,"R",49425,"A",,"R",9604,"G",1648,"G",400,"G",1648,"G",400,2
204255,"R",63524,"A",,"A",,"G",1412,"A",,"G",1412,"A",,2
204264,"R",47141,"A",,"R",10441,"G",1571,"G",435,"G",1571,"G",435,2
204307,"A",,"R",321000,"A",,"G",357,"A",,"G",357,"A",,1
204316,"A",,"R",1534572,"A",,"G",1705,"A",,"G",1705,"A",,1
204334,"A",,"R",124130,"A",,"G",138,"A",,"G",138,"A",,1
204422,"R",88718,"A",,"A",,"G",1972,"A",,"G",1972,"A",,2
204431,"A",,"R",43500,"A",,"G",48,"A",,"G",48,"A",,1
204440,"R",61355,"A",,"A",,"G",2045,"A",,"G",2045,"A",,2
204459,"A",,"R",280099,"A",,"G",311,"A",,"G",311,"A",,1
204468,"R",25109,"A",,"R",2343,"G",837,"G",98,"G",837,"G",98,2
204486,"R",119496,"A",,"R",120,"G",2655,"G",3,"G",2655,"G",3,2
204501,"R",80754,"A",,"R",379,"G",2692,"G",16,"R",2824,"G",16,2
204592,"R",7886,"A",,"A",,"G",263,"A",,"G",263,"A",,2
204608,"R",9027,"R",742905,"A",,"G",1126,"A",,"G",1126,"A",,3
204617,"R",65781,"A",,"R",7348,"G",2193,"G",306,"G",2193,"G",306,2
204626,"R",34409,"A",,"A",,"G",765,"A",,"R",538,"A",,2
204635,"R",123232,"A",,"R",30,"G",2738,"G",1,"G",2738,"G",1,2
204662,"R",31347,"A",,"A",,"G",697,"A",,"G",697,"A",,2
204671,"R",44951,"A",,"R",3085,"G",999,"G",86,"G",999,"G",86,2
204680,"R",57226,"A",,"R",2939,"G",1272,"G",82,"G",1272,"G",82,2
204699,"R",59297,"A",,"R",3391,"G",1318,"G",94,"G",1318,"G",94,2
204705,"R",84861,"A",,"R",3794,"G",1886,"G",105,"G",1886,"G",105,2
204714,"A",,"R",120660,"A",,"G",134,"A",,"G",134,"A",,1
204723,"A",,"R",95511,"A",,"G",106,"A",,"G",106,"A",,1
204741,"A",,"R",77400,"A",,"G",86,"A",,"G",86,"A",,1
204769,"A",,"R",57000,"A",,"G",63,"A",,"G",63,"A",,1
204778,"A",,"R",124200,"A",,"G",138,"A",,"G",138,"A",,1
204796,"R",1759705,"A",,"R",406263,"G",39105,"G",11285,"G",39105,"G",11285,2
204802,"R",29269,"A",,"R",1221,"G",650,"G",34,"G",650,"G",34,2
204820,"R",67840,"A",,"R",1726,"G",1508,"G",48,"G",1508,"G",48,2
204839,"R",64771,"A",,"R",2708,"G",1439,"G",75,"G",1439,"G",75,2
204848,"R",53464,"A",,"R",2304,"G",1188,"G",64,"G",1188,"G",64,2
204857,"R",803193,"A",,"R",111587,"G",17849,"G",3100,"G",17849,"G",3100,2
204866,"R",64344,"A",,"R",1780,"G",1430,"G",49,"G",1430,"G",49,2
204884,"R",7925,"A",,"A",,"G",264,"A",,"G",264,"A",,2
204893,"R",4501,"A",,"A",,"G",150,"A",,"G",150,"A",,2
204909,"R",62506,"A",,"A",,"G",2084,"A",,"G",2084,"A",,2
204936,"R",117902,"A",,"R",8931,"G",2620,"G",248,"G",2620,"G",248,2
204945,"R",323526,"A",,"A",,"G",10784,"A",,"G",10784,"A",,2
204963,"A",,"R",143400,"A",,"G",159,"A",,"G",159,"A",,1
204981,"A",,"R",109800,"A",,"G",122,"A",,"G",122,"A",,1
205027,"R",2273,"A",,"R",1273,"G",76,"G",53,"G",76,"G",53,2
205054,"R",19043,"A",,"A",,"G",423,"A",,"G",423,"A",,2
205090,"R",3454,"A",,"A",,"G",115,"A",,"G",115,"A",,2
205124,"R",1792,"A",,"R",608,"G",60,"G",25,"G",60,"G",25,2
205142,"A",,"R",126525,"A",,"G",141,"A",,"G",141,"A",,1
205179,"R",32657,"A",,"A",,"G",1089,"A",,"R",980,"A",,2
205203,"R",56915,"A",,"R",3898,"G",1897,"G",162,"G",1897,"G",162,2
205391,"R",8880,"A",,"A",,"G",197,"A",,"R",150,"A",,2
205443,"R",149959,"A",,"R",0,"G",3332,"R",0,"G",3332,"Z",0,2
205470,"R",572722,"A",,"A",,"G",12727,"A",,"G",12727,"A",,2
205513,"R",7172,"A",,"A",,"G",159,"A",,"G",159,"A",,2
205522,"R",3304,"A",,"A",,"G",73,"A",,"G",73,"A",,2
205531,"R",3444,"A",,"A",,"G",77,"A",,"G",77,"A",,2
205559,"R",2856,"A",,"A",,"G",63,"A",,"G",63,"A",,2
205568,"R",3224,"A",,"A",,"G",72,"A",,"G",72,"A",,2
205610,"R",65472,"A",,"A",,"G",1455,"A",,"G",1455,"A",,2
205647,"R",29236,"A",,"A",,"G",650,"A",,"G",650,"A",,2
205692,"R",15984,"A",,"A",,"G",355,"A",,"G",355,"A",,2
205708,"R",23840,"A",,"A",,"G",530,"A",,"G",530,"A",,2
205717,"R",26539,"A",,"A",,"G",590,"A",,"R",578,"A",,2
205726,"R",18737,"A",,"A",,"G",416,"A",,"G",416,"A",,2
205841,"R",139140,"A",,"A",,"G",4638,"A",,"R",4693,"A",,2
205887,"R",28728,"A",,"A",,"G",638,"A",,"G",638,"A",,2
205957,"R",61039,"A",,"R",8841,"G",2035,"G",368,"G",2035,"G",368,2
205966,"R",79111,"R",61920,"A",,"G",1827,"A",,"G",1827,"A",,3
206002,"R",2859,"A",,"A",,"G",64,"A",,"G",64,"A",,2
206011,"R",70074,"A",,"A",,"G",2336,"A",,"R",1557,"A",,2
206039,"A",,"R",100620,"A",,"G",112,"A",,"G",112,"A",,1
206048,"R",38033,"A",,"R",6050,"G",1268,"G",252,"G",1268,"G",252,2
206084,"R",455453,"A",,"R",47395,"G",15182,"G",1975,"G",15182,"G",1975,2
206093,"R",30166,"A",,"A",,"G",670,"A",,"G",670,"A",,2
206154,"R",519,"A",,"A",,"G",17,"A",,"G",17,"A",,2
206172,"A",,"R",55200,"A",,"G",61,"A",,"G",61,"A",,1
206181,"A",,"R",10389,"A",,"G",12,"A",,"G",12,"A",,1
206215,"A",,"A",,"R",1200,"A",,"G",33,"A",,"G",33,2
206224,"R",18438,"A",,"A",,"G",410,"A",,"G",410,"A",,2
206279,"R",36239,"A",,"R",24420,"G",1208,"G",1018,"G",1208,"G",1018,2
206288,"A",,"A",,"R",4007,"A",,"G",167,"A",,"G",167,2
206321,"A",,"R",111790,"A",,"G",124,"A",,"G",124,"A",,1
206330,"R",37990,"A",,"R",1370,"G",1266,"G",57,"G",1266,"G",57,2
206349,"R",29079,"A",,"R",18291,"G",969,"G",762,"G",969,"G",762,2
206358,"A",,"R",25000,"A",,"G",28,"A",,"G",28,"A",,1
206394,"R",12076,"A",,"A",,"G",268,"A",,"G",268,"A",,2
206428,"A",,"R",39794,"A",,"G",44,"A",,"G",44,"A",,1
206437,"R",48948,"A",,"R",6714,"G",1632,"G",280,"G",1632,"G",280,2
206446,"R",79215,"A",,"A",,"G",1760,"A",,"G",1760,"A",,2
206482,"A",,"R",420570,"A",,"G",467,"A",,"G",467,"A",,1
206491,"R",31461,"A",,"R",138,"G",1049,"G",6,"G",1049,"G",6,2
206507,"R",45950,"A",,"R",353,"G",1532,"G",15,"G",1532,"G",15,2
206516,"Z",,"A",,"R",1839,"A",,"G",77,"A",,"G",77,2
206525,"R",62244,"A",,"R",211,"G",2075,"G",9,"R",2045,"R",13,2
206589,"R",58092,"A",,"A",,"G",1936,"A",,"R",1802,"A",,2
206604,"R",511508,"A",,"R",94337,"G",11367,"G",2620,"R",11367,"R",2096,2
206613,"R",29921,"A",,"R",2150,"G",665,"G",60,"R",665,"R",48,2
206622,"R",115408,"A",,"R",49068,"G",3847,"G",2045,"G",3847,"G",2045,2
206631,"R",17652,"A",,"A",,"G",392,"A",,"G",392,"A",,2
206695,"R",309729,"A",,"R",18974,"G",10324,"G",791,"G",10324,"G",791,2
206783,"R",1961,"A",,"A",,"G",65,"A",,"G",65,"A",,2
206817,"R",22839,"A",,"A",,"G",761,"A",,"G",761,"A",,2
206835,"R",26808,"A",,"R",644,"G",894,"G",27,"R",894,"R",27,2
206862,"R",52450,"A",,"R",11162,"G",1748,"G",465,"G",1748,"G",465,2
206880,"A",,"R",50100,"A",,"G",56,"A",,"G",56,"A",,1
206905,"A",,"R",166877,"A",,"G",185,"A",,"R",254,"A",,1
206914,"R",125473,"A",,"R",7256,"G",4182,"G",302,"G",4182,"G",302,2
206923,"R",115408,"A",,"A",,"G",3847,"A",,"G",3847,"A",,2
206932,"R",2490,"A",,"A",,"G",83,"A",,"G",83,"A",,2
206941,"R",342706,"A",,"R",24379,"G",11424,"G",1016,"G",11424,"G",1016,2
206969,"A",,"R",15000,"A",,"G",17,"A",,"G",17,"A",,1
206996,"R",47466,"A",,"A",,"G",1582,"A",,"G",1582,"A",,2
207041,"R",101887,"A",,"R",12982,"G",3396,"G",541,"G",3396,"G",541,2
207050,"R",38094,"A",,"A",,"G",1270,"A",,"G",1270,"A",,2
207069,"R",42853,"A",,"A",,"G",1428,"A",,"G",1428,"A",,2
207087,"A",,"R",65700,"A",,"G",73,"A",,"G",73,"A",,1
207102,"A",,"R",94500,"A",,"G",105,"A",,"G",105,"A",,1
207157,"R",8835,"A",,"R",354,"G",295,"G",15,"G",295,"G",15,2
207166,"A",,"R",18000,"A",,"G",20,"A",,"G",20,"A",,1
207209,"R",75021,"A",,"R",3398,"G",2501,"G",142,"G",2501,"G",142,2
207236,"R",49364,"A",,"A",,"G",1645,"A",,"G",1645,"A",,2
207254,"R",38400,"A",,"A",,"G",1280,"A",,"R",1280,"A",,2
207263,"R",211693,"A",,"R",19900,"G",7056,"G",829,"G",7056,"G",829,2
207272,"A",,"R",62500,"A",,"G",69,"A",,"G",69,"A",,1
207281,"R",105132,"A",,"A",,"G",3504,"A",,"G",3504,"A",,2
207290,"R",48945,"A",,"A",,"G",1632,"A",,"G",1632,"A",,2
207306,"R",49840,"A",,"R",4062,"G",1661,"G",169,"G",1661,"G",169,2
207315,"A",,"A",,"R",779,"A",,"G",32,"A",,"G",32,2
207324,"R",48810,"A",,"R",5574,"G",1627,"G",232,"R",72,"G",232,2
207342,"R",29229,"A",,"R",27849,"G",974,"G",1160,"G",974,"G",1160,2
207351,"R",46318,"A",,"A",,"G",1544,"A",,"G",1544,"A",,2
207388,"R",526523,"A",,"R",76853,"G",17551,"G",3202,"G",17551,"G",3202,2
207397,"R",106939,"A",,"A",,"G",3565,"A",,"G",3565,"A",,2
207403,"R",45008,"A",,"R",1,"G",1500,"R",0,"G",1500,"Z",0,2
207449,"R",372266,"A",,"A",,"G",12409,"A",,"G",12409,"A",,2
207458,"R",54426,"A",,"R",39750,"G",1814,"G",1656,"G",1814,"G",1656,2
207500,"R",550199,"A",,"R",107446,"G",18340,"G",4477,"G",18340,"G",4477,2
207537,"R",2227,"A",,"A",,"G",74,"A",,"R",50,"A",,2
207564,"R",77807,"A",,"A",,"G",2594,"A",,"G",2594,"A",,2
207582,"R",85097,"A",,"R",9893,"G",2837,"G",412,"G",2837,"G",412,2
207607,"A",,"R",236177,"A",,"G",262,"A",,"G",262,"A",,1
207625,"A",,"R",204288,"A",,"G",227,"A",,"G",227,"A",,1
207634,"A",,"R",154800,"A",,"G",172,"A",,"G",172,"A",,1
207661,"R",82596,"A",,"A",,"G",2753,"A",,"G",2753,"A",,2
207670,"R",147926,"A",,"A",,"G",4931,"A",,"G",4931,"A",,2
207689,"R",23161,"A",,"R",468,"G",772,"G",20,"G",772,"G",20,2
207704,"A",,"R",175944,"A",,"G",195,"A",,"G",195,"A",,1
207722,"R",36497,"A",,"A",,"G",1217,"A",,"G",1217,"A",,2
207740,"R",45443,"A",,"A",,"G",1515,"A",,"G",1515,"A",,2
207786,"A",,"R",51000,"A",,"G",57,"A",,"G",57,"A",,1
207838,"A",,"R",29700,"A",,"G",33,"A",,"G",33,"A",,1
207847,"R",94805,"A",,"R",5885,"G",3160,"G",245,"G",3160,"G",245,2
207856,"R",5087,"A",,"R",1563,"G",170,"G",65,"G",170,"G",65,2
207865,"R",117681,"A",,"R",18722,"G",3923,"G",780,"G",3923,"G",780,2
207935,"R",317600,"A",,"A",,"G",10587,"A",,"G",10587,"A",,2
207962,"A",,"R",447550,"A",,"G",497,"A",,"G",497,"A",,1
207971,"R",82487,"A",,"R",9318,"G",2750,"G",388,"G",2750,"G",388,2
208017,"A",,"R",44790,"A",,"G",50,"A",,"G",50,"A",,1
208026,"A",,"R",145950,"A",,"G",162,"A",,"R",138,"A",,1
208035,"R",39583,"A",,"A",,"G",1319,"A",,"G",1319,"A",,2
208044,"A",,"R",37000,"A",,"G",41,"A",,"G",41,"A",,1
208053,"A",,"R",278129,"A",,"G",309,"A",,"G",309,"A",,1
208080,"A",,"R",110650,"A",,"G",123,"A",,"G",123,"A",,1
208123,"A",,"R",66340,"A",,"G",74,"A",,"G",74,"A",,1
208187,"A",,"R",28850,"A",,"G",32,"A",,"G",32,"A",,1
208239,"R",65949,"A",,"A",,"G",1466,"A",,"G",1466,"A",,2
208248,"A",,"R",240214,"A",,"G",267,"A",,"G",267,"A",,1
208275,"R",36099,"R",478550,"A",,"G",1334,"A",,"G",1334,"A",,3
208318,"R",115033,"A",,"A",,"G",2556,"A",,"G",2556,"A",,2
208390,"R",336623,"A",,"A",,"G",7481,"A",,"G",7481,"A",,2
208406,"R",203410,"A",,"A",,"G",4520,"A",,"G",4520,"A",,2
208415,"A",,"R",1300500,"A",,"G",1445,"A",,"G",1445,"A",,1
208433,"A",,"R",88671,"A",,"G",99,"A",,"G",99,"A",,1
208479,"A",,"R",430715,"A",,"G",479,"A",,"G",479,"A",,1
208488,"R",26276,"A",,"R",10767,"G",876,"G",449,"G",876,"G",449,2
208512,"R",2376,"R",119700,"A",,"G",212,"A",,"R",199,"A",,3
208637,"R",12287,"A",,"A",,"G",410,"A",,"G",410,"A",,2
208646,"R",114563,"A",,"R",6906,"G",2546,"G",192,"G",2546,"G",192,2
208655,"A",,"R",179100,"A",,"G",199,"A",,"G",199,"A",,1
208725,"R",7928,"A",,"A",,"G",176,"A",,"G",176,"A",,2
208822,"R",54165,"A",,"R",25523,"G",1806,"G",1063,"G",1806,"G",1063,2
208859,"A",,"R",143796,"A",,"G",160,"A",,"R",92,"A",,1
208965,"R",21600,"A",,"A",,"G",480,"A",,"G",480,"A",,2
209038,"R",272467,"A",,"A",,"G",6055,"A",,"G",6055,"A",,2
209056,"R",63340,"A",,"R",12974,"G",2111,"G",541,"G",2111,"G",541,2
209065,"R",53839,"A",,"A",,"G",1795,"A",,"G",1795,"A",,2
209074,"R",185026,"A",,"A",,"G",4112,"A",,"G",4112,"A",,2
209083,"A",,"R",98080,"A",,"G",109,"A",,"G",109,"A",,1
209108,"R",23246,"A",,"R",6950,"G",517,"G",193,"G",517,"G",193,2
209153,"A",,"R",175056,"A",,"G",195,"A",,"R",112,"A",,1
209205,"A",,"R",165360,"A",,"G",184,"A",,"G",184,"A",,1
209241,"R",3232,"A",,"R",1276,"G",108,"G",53,"G",108,"G",53,2
209250,"A",,"R",4332832,"A",,"G",4814,"A",,"G",4814,"A",,1
209287,"R",16461,"A",,"R",4368,"G",549,"G",182,"G",549,"G",182,2
209296,"A",,"A",,"R",6303,"A",,"G",175,"A",,"G",175,2
209348,"A",,"R",43248,"A",,"G",48,"A",,"G",48,"A",,1
209409,"R",12240,"A",,"R",2040,"G",408,"G",85,"G",408,"G",85,2
209490,"R",22846,"A",,"R",37535,"G",508,"G",1043,"G",508,"G",1043,2
209506,"R",106323,"A",,"R",464,"G",2363,"G",13,"G",2363,"G",13,2
209533,"R",3354,"A",,"R",218,"G",112,"G",9,"G",112,"G",9,2
209542,"R",663616,"A",,"R",93512,"G",14747,"G",2598,"G",14747,"G",2598,2
209551,"R",727818,"A",,"R",121654,"G",16174,"G",3379,"G",16174,"G",3379,2
209603,"R",7671,"A",,"A",,"G",256,"A",,"G",256,"A",,2
209612,"R",39908,"A",,"R",39980,"G",1330,"G",1666,"G",1330,"G",1666,2
209667,"A",,"R",178182,"A",,"G",198,"A",,"R",114,"A",,1
209676,"A",,"R",273525,"A",,"G",304,"A",,"R",175,"A",,1
209694,"A",,"R",145359,"A",,"G",162,"A",,"R",93,"A",,1
209700,"A",,"R",75600,"A",,"G",84,"A",,"G",84,"A",,1
209719,"A",,"R",52346,"A",,"G",58,"A",,"G",58,"A",,1
209746,"R",652993,"A",,"A",,"G",14511,"A",,"G",14511,"A",,2
209807,"R",632846,"A",,"R",160807,"G",14063,"G",4467,"G",14063,"G",4467,2
209825,"R",93151,"A",,"R",9773,"G",3105,"G",407,"G",3105,"G",407,2
209922,"R",35702,"A",,"R",262,"G",1190,"G",11,"G",1190,"G",11,2
209940,"R",76337,"R",655128,"A",,"G",2424,"A",,"G",2424,"A",,3
209986,"A",,"R",54002,"A",,"G",60,"A",,"G",60,"A",,1
210076,"R",46353,"A",,"A",,"G",1545,"A",,"G",1545,"A",,2
210100,"A",,"R",101953,"A",,"G",113,"A",,"G",113,"A",,1
210146,"R",172416,"A",,"R",18762,"G",3831,"G",521,"G",3831,"G",521,2
210155,"R",97188,"A",,"A",,"G",2160,"A",,"G",2160,"A",,2
210234,"R",63946,"A",,"A",,"G",1421,"A",,"G",1421,"A",,2
210270,"R",61358,"A",,"A",,"G",1364,"A",,"R",1634,"A",,2
210304,"R",17553,"A",,"R",127,"G",585,"G",5,"G",585,"G",5,2
210331,"R",24715,"A",,"R",776,"G",824,"G",32,"R",788,"R",32,2
210340,"A",,"R",105709,"A",,"G",117,"A",,"G",117,"A",,1
210359,"A",,"R",147230,"A",,"G",164,"A",,"G",164,"A",,1
210368,"A",,"A",,"R",6972,"A",,"G",291,"A",,"G",291,2
210401,"R",60032,"A",,"R",8512,"G",2001,"G",355,"R",1894,"R",292,2
210429,"R",169163,"A",,"R",15713,"G",3759,"G",436,"G",3759,"G",436,2
210438,"A",,"R",2002,"A",,"G",2,"A",,"R",2,"A",,1
210456,"R",6992,"A",,"A",,"G",233,"A",,"G",233,"A",,2
210474,"A",,"R",15200,"A",,"G",17,"A",,"G",17,"A",,1
210483,"R",9336,"A",,"A",,"G",311,"A",,"G",311,"A",,2
210492,"R",4587,"A",,"R",60,"G",153,"G",3,"G",153,"G",3,2
210508,"A",,"A",,"R",48600,"A",,"G",2025,"A",,"G",2025,2
210571,"R",65209,"A",,"R",876,"G",2174,"G",37,"G",2174,"G",37,2
210599,"P",,"P",256041,"P",0,"P",284,"P",0,"P",284,"P",0,1
210605,"R",373275,"A",,"A",,"G",12443,"A",,"G",12443,"A",,2
210669,"R",66825,"A",,"A",,"G",2228,"A",,"R",1997,"A",,2
210711,"A",,"R",131250,"A",,"G",146,"A",,"G",146,"A",,1
210739,"R",62937,"A",,"R",12696,"G",2098,"G",529,"G",2098,"G",529,2
210748,"A",,"R",120000,"A",,"G",133,"A",,"G",133,"A",,1
210775,"R",58532,"A",,"R",12339,"G",1951,"G",514,"G",1951,"G",514,2
210784,"A",,"R",169600,"A",,"G",188,"A",,"G",188,"A",,1
210809,"A",,"A",,"R",4719,"A",,"G",197,"A",,"R",262,2
210890,"R",5373,"A",,"A",,"G",179,"A",,"G",179,"A",,2
210906,"R",22038,"A",,"A",,"G",490,"A",,"G",490,"A",,2
210942,"R",147462,"A",,"A",,"G",3277,"A",,"G",3277,"A",,2
210951,"R",6466,"A",,"A",,"G",216,"A",,"G",216,"A",,2
210960,"R",241048,"A",,"A",,"G",5357,"A",,"G",5357,"A",,2
211006,"A",,"R",509400,"A",,"G",566,"A",,"G",566,"A",,1
211024,"R",21977,"A",,"R",2446,"G",733,"G",102,"G",733,"G",102,2
211079,"R",56572,"A",,"A",,"G",1886,"A",,"G",1886,"A",,2
211088,"R",56397,"A",,"R",29205,"G",1880,"G",1217,"G",1880,"G",1217,2
211112,"R",2961,"R",192450,"A",,"G",313,"A",,"G",313,"A",,3
211130,"A",,"A",,"R",5938,"A",,"G",247,"A",,"G",247,2
211149,"A",,"R",168423,"A",,"G",187,"A",,"G",187,"A",,1
211158,"R",228936,"A",,"R",16370,"G",7631,"G",682,"G",7631,"G",682,2
211200,"R",13650,"A",,"A",,"G",455,"A",,"G",455,"A",,2
211246,"R",464,"A",,"A",,"G",15,"A",,"G",15,"A",,2
211273,"R",36416,"A",,"R",7684,"G",1214,"G",320,"G",1214,"G",320,2
211291,"R",112101,"A",,"R",2458,"G",3737,"G",102,"R",3536,"R",109,2
211307,"R",183090,"A",,"A",,"G",6103,"A",,"G",6103,"A",,2
211316,"A",,"R",56832,"A",,"G",63,"A",,"G",63,"A",,1
211334,"A",,"R",73320,"A",,"G",81,"A",,"G",81,"A",,1
211343,"R",77235,"A",,"A",,"G",2575,"A",,"G",2575,"A",,2
211352,"R",52183,"A",,"R",6970,"G",1739,"G",290,"R",1672,"R",294,2
211361,"R",179244,"A",,"R",29089,"G",5975,"G",1212,"G",5975,"G",1212,2
211370,"A",,"A",,"R",401,"A",,"G",17,"A",,"R",29,2
211398,"R",11583,"A",,"A",,"G",257,"A",,"G",257,"A",,2
211431,"R",40942,"A",,"R",7914,"G",1365,"G",330,"G",1365,"G",330,2
211440,"R",173392,"A",,"R",134095,"G",5780,"G",5587,"R",5469,"R",3622,2
211468,"R",44562,"A",,"R",1647,"G",1485,"G",69,"G",1485,"G",69,2
211477,"R",35039,"A",,"A",,"G",1168,"A",,"G",1168,"A",,2
211495,"A",,"R",99900,"A",,"G",111,"A",,"G",111,"A",,1
211556,"R",16790,"A",,"R",16506,"G",560,"G",688,"G",560,"G",688,2
211583,"R",27754,"A",,"R",10478,"G",925,"G",437,"G",925,"G",437,2
211608,"R",43714,"A",,"R",3250,"G",1457,"G",135,"G",1457,"G",135,2
211617,"R",55171,"A",,"A",,"G",1839,"A",,"G",1839,"A",,2
211635,"A",,"R",85062,"A",,"G",95,"A",,"G",95,"A",,1
211644,"R",161617,"A",,"R",11131,"G",5387,"G",464,"G",5387,"G",464,2
211750,"A",,"R",426048,"A",,"G",473,"A",,"G",473,"A",,1
211802,"R",7896,"A",,"A",,"G",263,"A",,"G",263,"A",,2
211820,"R",5967,"A",,"A",,"G",199,"A",,"G",199,"A",,2
211893,"Z",,"R",0,"R",400,"Z",0,"G",17,"Z",0,"G",17,1
211909,"R",3813,"R",119200,"A",,"G",217,"A",,"G",217,"A",,3
211927,"R",109921,"A",,"A",,"G",3664,"A",,"G",3664,"A",,2
211954,"R",7029,"A",,"A",,"G",234,"A",,"G",234,"A",,2
211981,"R",55877,"A",,"R",698,"G",1863,"G",29,"G",1863,"G",29,2
212009,"R",77192,"A",,"A",,"G",2573,"A",,"G",2573,"A",,2
212018,"A",,"A",,"R",288,"A",,"G",12,"A",,"G",12,2
212045,"R",10930,"A",,"A",,"G",364,"A",,"G",364,"A",,2
212054,"R",565782,"A",,"R",108987,"G",12573,"G",3027,"G",12573,"G",3027,2
212072,"R",10656,"A",,"A",,"G",237,"A",,"R",222,"A",,2
212090,"R",48635,"R",642884,"A",,"G",1795,"A",,"G",1795,"A",,3
212106,"R",170196,"A",,"R",63342,"G",5673,"G",2639,"G",5673,"G",2639,2
212115,"R",163769,"A",,"R",20015,"G",5459,"G",834,"G",5459,"G",834,2
212133,"R",62450,"A",,"R",21203,"G",2082,"G",883,"G",2082,"G",883,2
212160,"R",177158,"A",,"R",19900,"G",5905,"G",829,"G",5905,"G",829,2
212197,"R",62888,"A",,"R",899,"G",2096,"G",37,"G",2096,"G",37,2
212212,"A",,"R",33003,"A",,"G",37,"A",,"G",37,"A",,1
212230,"A",,"R",27999,"A",,"G",31,"A",,"G",31,"A",,1
212267,"A",,"R",127916,"A",,"G",142,"A",,"G",142,"A",,1
212276,"A",,"R",75459,"A",,"G",84,"A",,"G",84,"A",,1
212285,"A",,"R",92820,"A",,"G",103,"A",,"G",103,"A",,1
212294,"A",,"R",73772,"A",,"G",82,"A",,"G",82,"A",,1
212300,"A",,"R",47998,"A",,"G",53,"A",,"G",53,"A",,1
212328,"A",,"R",193853,"A",,"G",215,"A",,"G",215,"A",,1
212337,"A",,"R",83378,"A",,"G",93,"A",,"G",93,"A",,1
212355,"A",,"R",192994,"A",,"G",214,"A",,"G",214,"A",,1
212373,"A",,"R",74647,"A",,"G",83,"A",,"G",83,"A",,1
212382,"A",,"R",144651,"A",,"G",161,"A",,"G",161,"A",,1
212391,"A",,"R",124773,"A",,"G",139,"A",,"G",139,"A",,1
212407,"R",3552,"R",58154,"A",,"G",183,"A",,"G",183,"A",,3
212425,"R",13650,"R",708,"A",,"G",456,"A",,"G",456,"A",,3
212434,"R",9660,"A",,"A",,"G",215,"A",,"G",215,"A",,2
212443,"A",,"A",,"R",2624,"A",,"G",109,"A",,"G",109,2
212568,"R",2837,"A",,"A",,"G",95,"A",,"G",95,"A",,2
212577,"R",65593,"A",,"A",,"G",2186,"A",,"G",2186,"A",,2
212601,"R",73084,"A",,"R",22796,"G",2436,"G",950,"G",2436,"G",950,2
212656,"R",51838,"A",,"R",4553,"G",1728,"G",190,"G",1728,"G",190,2
212674,"R",80102,"A",,"A",,"G",2670,"A",,"G",2670,"A",,2
212683,"A",,"R",125427,"A",,"G",139,"A",,"G",139,"A",,1
212708,"A",,"R",89106,"A",,"G",99,"A",,"G",99,"A",,1
212753,"A",,"R",192329,"A",,"G",214,"A",,"G",214,"A",,1
212771,"R",108,"A",,"R",6675,"G",4,"G",278,"G",4,"G",278,2
212805,"R",75105,"A",,"A",,"G",2504,"A",,"G",2504,"A",,2
212832,"R",59999,"A",,"R",9813,"G",2000,"G",409,"G",2000,"G",409,2
212869,"R",17781,"A",,"A",,"G",593,"A",,"G",593,"A",,2
212878,"R",187440,"A",,"A",,"G",6248,"A",,"G",6248,"A",,2
212911,"R",33344,"A",,"A",,"G",1111,"A",,"G",1111,"A",,2
212975,"R",10530,"A",,"A",,"G",351,"A",,"G",351,"A",,2
212984,"R",56072,"A",,"R",16360,"G",1869,"G",682,"G",1869,"G",682,2
212993,"R",4836,"A",,"A",,"G",161,"A",,"G",161,"A",,2
213002,"R",88037,"R",121230,"A",,"G",2091,"A",,"R",2035,"A",,3
213011,"R",59423,"A",,"R",14279,"G",1981,"G",595,"G",1981,"G",595,2
213020,"R",348453,"A",,"R",38049,"G",11615,"G",1585,"G",11615,"G",1585,2
213057,"R",2881,"A",,"A",,"G",96,"A",,"G",96,"A",,2
213163,"R",2945,"A",,"A",,"G",98,"A",,"G",98,"A",,2
213181,"A",,"R",420409,"A",,"G",467,"A",,"G",467,"A",,1
213215,"A",,"R",68750,"A",,"G",76,"A",,"G",76,"A",,1
213233,"R",11006,"A",,"A",,"G",367,"A",,"G",367,"A",,2
213251,"R",43156,"A",,"A",,"G",1439,"A",,"G",1439,"A",,2
213303,"R",54243,"A",,"R",1027,"G",1808,"G",43,"G",1808,"G",43,2
213312,"A",,"R",732600,"A",,"G",814,"A",,"G",814,"A",,1
213321,"R",58924,"A",,"R",5617,"G",1964,"G",234,"G",1964,"G",234,2
213330,"A",,"R",47940,"A",,"G",53,"A",,"G",53,"A",,1
213349,"R",247573,"A",,"R",17224,"G",8252,"G",718,"G",8252,"G",718,2
213358,"R",43926,"A",,"R",3651,"G",1464,"G",152,"G",1464,"G",152,2
213367,"R",118003,"A",,"R",27762,"G",3933,"G",1157,"G",3933,"G",1157,2
213376,"R",30043,"R",239979,"A",,"G",1268,"A",,"G",1268,"A",,3
213385,"R",72947,"A",,"A",,"G",2432,"A",,"G",2432,"A",,2
213400,"R",17968,"A",,"R",1830,"G",599,"G",76,"G",599,"G",76,2
213428,"R",3222,"A",,"A",,"G",107,"A",,"G",107,"A",,2
213446,"A",,"A",,"R",2838,"A",,"G",118,"A",,"G",118,2
213455,"A",,"R",142500,"A",,"G",158,"A",,"G",158,"A",,1
213473,"R",10520,"A",,"A",,"G",351,"A",,"G",351,"A",,2
213491,"A",,"R",43800,"A",,"G",49,"A",,"G",49,"A",,1
213507,"R",51275,"A",,"R",2688,"G",1709,"G",112,"G",1709,"G",112,2
213525,"R",119107,"A",,"A",,"G",3970,"A",,"G",3970,"A",,2
213534,"R",49200,"A",,"A",,"G",1093,"A",,"G",1093,"A",,2
213543,"R",146060,"A",,"R",29590,"G",4869,"G",1233,"G",4869,"G",1233,2
213552,"A",,"R",99167,"A",,"G",110,"A",,"G",110,"A",,1
213570,"R",12888,"A",,"A",,"G",430,"A",,"G",430,"A",,2
213589,"R",6880,"R",82560,"A",,"G",321,"A",,"G",321,"A",,3
213598,"R",51978,"A",,"R",12570,"G",1733,"G",524,"G",1733,"G",524,2
213613,"R",142839,"A",,"R",7543,"G",4761,"G",314,"G",4761,"G",314,2
213622,"R",4560,"A",,"A",,"G",152,"A",,"G",152,"A",,2
213631,"A",,"A",,"R",4158,"A",,"G",173,"A",,"G",173,2
213640,"A",,"A",,"R",919,"A",,"G",38,"A",,"G",38,2
213659,"R",132285,"A",,"A",,"G",4410,"A",,"G",4410,"A",,2
213668,"R",46290,"A",,"A",,"G",1543,"A",,"G",1543,"A",,2
213686,"R",3846,"A",,"A",,"G",128,"A",,"G",128,"A",,2
213774,"R",17597,"A",,"A",,"G",587,"A",,"G",587,"A",,2
213783,"R",85629,"A",,"R",6905,"G",2854,"G",288,"G",2854,"G",288,2
213826,"R",53514,"A",,"R",20658,"G",1784,"G",861,"G",1784,"G",861,2
213914,"R",11955,"A",,"A",,"G",399,"A",,"G",399,"A",,2
213932,"A",,"R",137448,"A",,"G",153,"A",,"G",153,"A",,1
213987,"R",125520,"A",,"R",9648,"G",4184,"G",402,"G",4184,"G",402,2
213996,"R",86317,"A",,"A",,"G",2877,"A",,"G",2877,"A",,2
214023,"R",4408,"A",,"A",,"G",147,"A",,"G",147,"A",,2
214041,"R",203716,"A",,"R",23315,"G",6791,"G",971,"G",6791,"G",971,2
214069,"R",57826,"A",,"R",2961,"G",1928,"G",123,"G",1928,"G",123,2
214111,"R",170514,"A",,"A",,"G",5684,"A",,"G",5684,"A",,2
214148,"R",14398,"A",,"R",619,"G",480,"G",26,"G",480,"G",26,2
214157,"R",54394,"A",,"R",2072,"G",1813,"G",86,"G",1813,"G",86,2
214166,"R",39286,"A",,"R",869,"G",1310,"G",36,"G",1310,"G",36,2
214175,"R",81384,"A",,"A",,"G",2713,"A",,"G",2713,"A",,2
214227,"R",59472,"A",,"A",,"G",1322,"A",,"G",1322,"A",,2
214254,"R",57240,"A",,"A",,"G",1908,"A",,"G",1908,"A",,2
214272,"R",64538,"A",,"R",9063,"G",2151,"G",378,"G",2151,"G",378,2
214290,"A",,"R",450000,"A",,"G",500,"A",,"G",500,"A",,1
214315,"R",3300,"A",,"A",,"G",73,"A",,"G",73,"A",,2
214379,"R",135764,"A",,"A",,"G",4525,"A",,"G",4525,"A",,2
214476,"R",2350,"A",,"A",,"G",78,"A",,"G",78,"A",,2
214528,"R",12779,"R",160190,"A",,"G",604,"A",,"G",604,"A",,3
214546,"A",,"R",54800,"A",,"G",61,"A",,"G",61,"A",,1
214564,"Z",,"A",,"R",20655,"A",,"G",861,"A",,"R",20655,2
214582,"R",15931,"A",,"A",,"G",531,"A",,"G",531,"A",,2
214591,"R",103667,"A",,"R",2376,"G",3456,"G",99,"G",3456,"G",99,2
214607,"A",,"A",,"R",17684,"A",,"G",737,"A",,"G",737,2
214616,"A",,"A",,"R",4385,"A",,"G",183,"A",,"G",183,2
214625,"R",22229,"A",,"R",375,"G",741,"G",16,"G",741,"G",16,2
214634,"R",18924,"A",,"R",153,"G",631,"G",6,"G",631,"G",6,2
214643,"R",18410,"A",,"R",814,"G",614,"G",34,"G",614,"G",34,2
214652,"R",34458,"A",,"R",417,"G",1149,"G",17,"G",1149,"G",17,2
214670,"R",18426,"A",,"R",602,"G",614,"G",25,"G",614,"G",25,2
214689,"R",113968,"A",,"R",55,"G",3799,"G",2,"G",3799,"G",2,2
214698,"R",18738,"A",,"R",441,"G",625,"G",18,"G",625,"G",18,2
214704,"R",72028,"A",,"R",585,"G",2401,"G",24,"G",2401,"G",24,2
214713,"R",58056,"A",,"R",20312,"G",1935,"G",846,"G",1935,"G",846,2
214731,"R",44879,"A",,"R",0,"G",1496,"R",0,"G",1496,"Z",0,2
214740,"R",21624,"A",,"R",117,"G",721,"G",5,"G",721,"G",5,2
214759,"R",26291,"A",,"R",32,"G",876,"G",1,"G",876,"G",1,2
214768,"R",32564,"A",,"R",75,"G",1085,"G",3,"G",1085,"G",3,2
214777,"R",1084895,"A",,"R",130526,"G",36163,"G",5439,"G",36163,"G",5439,2
214786,"R",19941,"A",,"R",0,"G",665,"R",0,"G",665,"Z",0,2
214795,"R",24796,"A",,"R",11,"G",827,"R",0,"G",827,"Z",0,2
214801,"R",88416,"A",,"R",15,"G",2947,"G",1,"G",2947,"G",1,2
214810,"R",25313,"A",,"R",491,"G",844,"G",20,"G",844,"G",20,2
214829,"R",31924,"A",,"R",1840,"G",1064,"G",77,"G",1064,"G",77,2
214838,"A",,"R",90514,"A",,"G",101,"A",,"G",101,"A",,1
214883,"R",41593,"A",,"A",,"G",1386,"A",,"G",1386,"A",,2
214892,"R",20723,"A",,"A",,"G",461,"A",,"G",461,"A",,2
214908,"A",,"R",41250,"A",,"G",46,"A",,"G",46,"A",,1
214944,"A",,"R",494280,"A",,"G",549,"A",,"G",549,"A",,1
214962,"A",,"R",73000,"A",,"G",81,"A",,"G",81,"A",,1
214971,"R",5570,"A",,"R",1980,"G",186,"G",83,"G",186,"G",83,2
215008,"A",,"R",76564,"A",,"G",85,"A",,"R",41,"A",,1
215026,"A",,"R",34960,"A",,"G",39,"A",,"G",39,"A",,1
215044,"A",,"R",69854,"A",,"G",78,"A",,"G",78,"A",,1
215053,"R",6302,"A",,"A",,"G",210,"A",,"G",210,"A",,2
215062,"R",415666,"A",,"R",250902,"G",13856,"G",10454,"G",13856,"G",10454,2
215099,"R",79674,"A",,"R",12973,"G",2656,"G",541,"G",2656,"G",541,2
215105,"R",63183,"A",,"R",4867,"G",2106,"G",203,"G",2106,"G",203,2
215114,"R",30110,"A",,"R",5067,"G",1004,"G",211,"G",1004,"G",211,2
215123,"A",,"A",,"R",19902,"A",,"G",553,"A",,"G",553,2
215132,"R",47830,"A",,"R",4541,"G",1594,"G",189,"R",1594,"R",233,2
215239,"R",406263,"A",,"A",,"G",13542,"A",,"G",13542,"A",,2
215266,"R",33314,"A",,"A",,"G",1110,"A",,"G",1110,"A",,2
215275,"R",50081,"A",,"A",,"G",1669,"A",,"G",1669,"A",,2
215284,"R",89775,"A",,"A",,"G",2993,"A",,"G",2993,"A",,2
215293,"R",501532,"A",,"R",234503,"G",16718,"G",9771,"G",16718,"G",9771,2
215309,"R",12979,"A",,"A",,"G",433,"A",,"G",433,"A",,2
215336,"A",,"R",135360,"A",,"G",150,"A",,"G",150,"A",,1
215381,"R",5733,"R",102560,"A",,"G",241,"A",,"G",241,"A",,3
215390,"R",6496,"A",,"A",,"G",217,"A",,"G",217,"A",,2
215415,"R",125370,"A",,"A",,"G",2786,"A",,"G",2786,"A",,2
215424,"A",,"A",,"R",10368,"A",,"G",288,"A",,"G",288,2
215433,"R",14872,"A",,"A",,"G",496,"A",,"G",496,"A",,2
215442,"R",78361,"A",,"R",11227,"G",2612,"G",468,"G",2612,"G",468,2
215479,"R",2730,"A",,"A",,"G",91,"A",,"G",91,"A",,2
215530,"A",,"R",36264,"A",,"G",40,"A",,"G",40,"A",,1
215567,"A",,"R",31020,"A",,"G",34,"A",,"G",34,"A",,1
215585,"R",83102,"A",,"A",,"G",1847,"A",,"G",1847,"A",,2
215594,"A",,"R",399990,"A",,"G",444,"A",,"G",444,"A",,1
215619,"A",,"A",,"R",1,"A",,"R",0,"A",,"Z",0,2
215628,"A",,"A",,"R",186,"A",,"G",5,"A",,"G",5,2
215637,"R",10575,"A",,"A",,"G",353,"A",,"G",353,"A",,2
215646,"R",106578,"A",,"A",,"G",2368,"A",,"G",2368,"A",,2
215655,"R",107383,"A",,"R",18844,"G",3579,"G",785,"G",3579,"G",785,2
215682,"R",21187,"A",,"A",,"G",706,"A",,"R",339,"A",,2
215691,"R",17700,"A",,"R",6586,"G",590,"G",274,"G",590,"G",274,2
215743,"R",44274,"A",,"R",9580,"G",1476,"G",399,"G",1476,"G",399,2
215770,"R",144085,"A",,"R",41831,"G",4803,"G",1743,"R",4537,"R",1212,2
215798,"R",46625,"A",,"R",2179,"G",1554,"G",91,"G",1554,"G",91,2
215813,"A",,"A",,"R",509,"A",,"G",21,"A",,"R",23,2
215868,"R",29519,"A",,"A",,"G",656,"A",,"G",656,"A",,2
215886,"A",,"R",79811,"A",,"G",89,"A",,"G",89,"A",,1
215895,"R",6240,"A",,"A",,"G",208,"A",,"G",208,"A",,2
215929,"R",63690,"A",,"R",8669,"G",2123,"G",361,"G",2123,"G",361,2
215947,"R",40871,"A",,"R",6640,"G",1362,"G",277,"G",1362,"G",277,2
215956,"A",,"R",25200,"A",,"G",28,"A",,"G",28,"A",,1
215965,"R",720,"R",90029,"A",,"G",124,"A",,"G",124,"A",,3
215974,"R",10520,"A",,"A",,"G",351,"A",,"G",351,"A",,2
215983,"R",1500,"A",,"A",,"G",50,"A",,"G",50,"A",,2
215992,"R",7825,"A",,"A",,"G",174,"A",,"G",174,"A",,2
216010,"R",188711,"A",,"R",16727,"G",6290,"G",697,"G",6290,"G",697,2
216038,"R",219109,"A",,"R",13811,"G",7304,"G",575,"G",7304,"G",575,2
216047,"R",3360,"A",,"R",2882,"G",112,"G",120,"G",112,"G",120,2
216074,"A",,"R",89467,"A",,"G",99,"A",,"R",73,"A",,1
216083,"A",,"R",858306,"A",,"G",954,"A",,"G",954,"A",,1
216162,"R",4872,"A",,"A",,"G",162,"A",,"G",162,"A",,2
216180,"R",444,"A",,"R",1536,"G",15,"G",64,"G",15,"G",64,2
216223,"A",,"R",78750,"A",,"G",88,"A",,"G",88,"A",,1
216278,"R",65026,"A",,"A",,"G",2168,"A",,"G",2168,"A",,2
216287,"R",46588,"A",,"A",,"G",1553,"A",,"R",1452,"A",,2
216296,"R",20214,"A",,"A",,"G",674,"A",,"G",674,"A",,2
216311,"R",4621,"A",,"A",,"G",154,"A",,"R",112,"A",,2
216339,"R",762938,"A",,"R",93225,"G",25431,"G",3884,"G",25431,"G",3884,2
216357,"R",35726,"A",,"A",,"G",1191,"A",,"R",1489,"A",,2
216366,"R",29906,"A",,"R",17141,"G",997,"G",714,"G",997,"G",714,2
216418,"R",24454,"A",,"A",,"G",543,"A",,"G",543,"A",,2
216427,"R",4228,"A",,"A",,"G",141,"A",,"G",141,"A",,2
216436,"R",12955,"A",,"A",,"G",432,"A",,"G",432,"A",,2
216445,"R",12155,"A",,"A",,"G",405,"A",,"G",405,"A",,2
216454,"R",11941,"A",,"A",,"G",398,"A",,"R",425,"A",,2
216463,"Z",,"A",,"R",5213,"A",,"G",217,"A",,"G",217,2
216524,"R",49454,"A",,"A",,"G",1648,"A",,"R",1569,"A",,2
216542,"R",26574,"A",,"A",,"G",886,"A",,"G",886,"A",,2
216551,"R",6500,"A",,"A",,"G",217,"A",,"G",217,"A",,2
216579,"A",,"R",119939,"A",,"G",133,"A",,"G",133,"A",,1
216597,"R",220574,"A",,"R",34206,"G",7352,"G",1425,"G",7352,"G",1425,2
216630,"R",2038,"R",58222,"A",,"G",110,"A",,"R",110,"A",,3
216649,"A",,"R",52992,"A",,"G",59,"A",,"R",66,"A",,1
216667,"R",50053,"A",,"A",,"G",1668,"A",,"G",1668,"A",,2
216694,"R",48393,"A",,"R",10029,"G",1613,"G",418,"G",1613,"G",418,2
216746,"A",,"R",31855,"A",,"G",35,"A",,"G",35,"A",,1
216764,"R",312301,"A",,"R",32629,"G",10410,"G",1360,"G",10410,"G",1360,2
216773,"R",3536,"A",,"A",,"G",118,"A",,"G",118,"A",,2
216782,"R",16518,"R",230309,"A",,"G",806,"A",,"G",806,"A",,3
216807,"R",45884,"A",,"R",1206,"G",1529,"G",50,"G",1529,"G",50,2
216816,"A",,"A",,"R",3752,"A",,"G",156,"A",,"G",156,2
216825,"R",123494,"A",,"A",,"G",4116,"A",,"G",4116,"A",,2
216852,"R",80861,"A",,"R",27765,"G",2695,"G",1157,"G",2695,"G",1157,2
216931,"R",66234,"A",,"R",39787,"G",2208,"G",1658,"G",2208,"G",1658,2
216986,"R",4440,"A",,"A",,"G",99,"A",,"G",99,"A",,2
217013,"R",16634,"A",,"R",13,"G",554,"G",1,"G",554,"G",1,2
217040,"R",1560,"A",,"R",0,"G",52,"R",0,"G",52,"Z",0,2
217059,"R",144440,"A",,"R",3353,"G",4815,"G",140,"G",4815,"G",140,2
217077,"R",80413,"A",,"A",,"G",2680,"A",,"G",2680,"A",,2
217086,"R",9879,"A",,"A",,"G",329,"A",,"G",329,"A",,2
217095,"A",,"R",238124,"A",,"G",265,"A",,"G",265,"A",,1
217156,"R",194154,"A",,"R",28590,"G",6472,"G",1191,"R",5896,"R",1649,2
217165,"R",95465,"A",,"R",5600,"G",3182,"G",233,"G",3182,"G",233,2
217235,"R",406552,"A",,"R",19403,"G",9034,"G",539,"G",9034,"G",539,2
217244,"R",16049,"A",,"A",,"G",357,"A",,"G",357,"A",,2
217305,"R",158109,"A",,"A",,"G",3514,"A",,"G",3514,"A",,2
217323,"A",,"R",358080,"A",,"G",398,"A",,"G",398,"A",,1
217350,"A",,"R",31440,"A",,"G",35,"A",,"G",35,"A",,1
217402,"R",125716,"A",,"R",12205,"G",4191,"G",509,"G",4191,"G",509,2
217420,"R",176879,"A",,"R",18445,"G",5896,"G",769,"G",5896,"G",769,2
217475,"R",275885,"A",,"A",,"G",9196,"A",,"G",9196,"A",,2
217484,"R",332869,"A",,"R",36441,"G",11096,"G",1518,"G",11096,"G",1518,2
217493,"R",65658,"A",,"R",6728,"G",2189,"G",280,"G",2189,"G",280,2
217518,"R",113028,"A",,"R",3432,"G",3768,"G",143,"G",3768,"G",143,2
217536,"R",63905,"A",,"R",5749,"G",2130,"G",240,"G",2130,"G",240,2
217545,"R",28800,"A",,"A",,"G",960,"A",,"G",960,"A",,2
217572,"R",24,"R",107670,"A",,"G",120,"A",,"G",120,"A",,3
217581,"A",,"R",131700,"A",,"G",146,"A",,"G",146,"A",,1
217606,"R",8649,"A",,"A",,"G",288,"A",,"G",288,"A",,2
217615,"R",54122,"A",,"A",,"G",1804,"A",,"G",1804,"A",,2
217624,"R",7341,"A",,"A",,"G",245,"A",,"G",245,"A",,2
217633,"R",41928,"A",,"R",111,"G",1398,"G",5,"G",1398,"G",5,2
217688,"R",73470,"A",,"R",5726,"G",2449,"G",239,"G",2449,"G",239,2
217712,"R",35925,"A",,"A",,"G",1198,"A",,"G",1198,"A",,2
217721,"R",61520,"A",,"A",,"G",2051,"A",,"R",2455,"A",,2
217749,"R",114766,"A",,"R",10560,"G",3826,"G",440,"G",3826,"G",440,2
217776,"R",46895,"A",,"R",15532,"G",1563,"G",647,"G",1563,"G",647,2
217794,"A",,"R",176660,"A",,"G",196,"A",,"G",196,"A",,1
217819,"R",288447,"A",,"R",16846,"G",9615,"G",702,"G",9615,"G",702,2
217828,"A",,"R",107000,"A",,"G",119,"A",,"G",119,"A",,1
217837,"R",24909,"A",,"A",,"G",830,"A",,"G",830,"A",,2
217864,"R",79827,"A",,"R",16908,"G",2661,"G",705,"G",2661,"G",705,2
217873,"R",51144,"A",,"R",759,"G",1705,"G",32,"G",1705,"G",32,2
217882,"R",422185,"A",,"R",60383,"G",14073,"G",2516,"G",14073,"G",2516,2
217891,"R",1788,"A",,"A",,"G",60,"A",,"G",60,"A",,2
217907,"R",28842,"A",,"A",,"G",961,"A",,"G",961,"A",,2
217925,"R",16192,"A",,"R",7329,"G",540,"G",305,"G",540,"G",305,2
217934,"R",29409,"A",,"R",10886,"G",980,"G",454,"G",980,"G",454,2
217961,"R",21249,"A",,"R",19136,"G",708,"G",797,"G",708,"G",797,2
217989,"R",37972,"A",,"A",,"G",1266,"A",,"G",1266,"A",,2
217998,"R",17842,"A",,"R",5123,"G",595,"G",213,"G",595,"G",213,2
218025,"R",99106,"A",,"A",,"G",3304,"A",,"G",3304,"A",,2
218043,"R",4920,"A",,"A",,"G",109,"A",,"G",109,"A",,2
218061,"R",94375,"A",,"R",6632,"G",3146,"G",276,"G",3146,"G",276,2
218070,"R",86158,"A",,"R",5412,"G",2872,"G",226,"R",2644,"R",199,2
218089,"R",3626,"A",,"R",467,"G",121,"G",19,"G",121,"G",19,2
218113,"R",266407,"A",,"A",,"G",8880,"A",,"G",8880,"A",,2
218140,"R",118531,"A",,"A",,"G",3951,"A",,"G",3951,"A",,2
218159,"A",,"R",81900,"A",,"G",91,"A",,"G",91,"A",,1
218195,"A",,"R",162600,"A",,"G",181,"A",,"G",181,"A",,1
218229,"R",73284,"A",,"R",604,"G",2443,"G",25,"G",2443,"G",25,2
218238,"R",77998,"A",,"A",,"G",2600,"A",,"G",2600,"A",,2
218265,"A",,"A",,"R",469,"A",,"G",20,"A",,"G",20,2
218317,"R",15,"A",,"R",105,"G",1,"G",4,"R",1,"R",4,2
218335,"R",9609,"A",,"R",39358,"G",320,"G",1640,"G",320,"G",1640,2
218353,"R",233113,"A",,"A",,"G",7770,"A",,"G",7770,"A",,2
218399,"R",27797,"A",,"A",,"G",927,"A",,"G",927,"A",,2
218414,"R",26041,"A",,"A",,"G",868,"A",,"G",868,"A",,2
218441,"R",59000,"A",,"R",1125,"G",1967,"G",47,"G",1967,"G",47,2
218487,"R",59662,"A",,"A",,"G",1989,"A",,"G",1989,"A",,2
218520,"R",102658,"A",,"A",,"G",3422,"A",,"G",3422,"A",,2
218539,"R",35805,"A",,"A",,"G",1194,"A",,"G",1194,"A",,2
218645,"R",79014,"A",,"R",2163,"G",2634,"G",90,"G",2634,"G",90,2
218654,"R",29709,"A",,"A",,"G",990,"A",,"G",990,"A",,2
218663,"R",542122,"A",,"R",119540,"G",18071,"G",4981,"G",18071,"G",4981,2
218672,"R",23448,"A",,"A",,"G",782,"A",,"G",782,"A",,2
218681,"R",13705,"A",,"A",,"G",457,"A",,"G",457,"A",,2
218690,"R",22636,"A",,"A",,"G",755,"A",,"G",755,"A",,2
218706,"R",6970,"A",,"A",,"G",232,"A",,"G",232,"A",,2
218724,"R",184191,"A",,"R",12705,"G",6140,"G",529,"G",6140,"G",529,2
218733,"R",118964,"A",,"R",9782,"G",3965,"G",408,"G",3965,"G",408,2
218742,"R",122492,"A",,"R",1114,"G",4083,"G",46,"G",4083,"G",46,2
218821,"R",22171,"A",,"A",,"G",739,"A",,"G",739,"A",,2
218830,"R",104120,"A",,"A",,"G",3471,"A",,"G",3471,"A",,2
218858,"R",61203,"A",,"A",,"G",2040,"A",,"G",2040,"A",,2
218867,"A",,"R",39618,"A",,"G",44,"A",,"G",44,"A",,1
218885,"R",105992,"A",,"A",,"G",3533,"A",,"G",3533,"A",,2
218894,"R",245596,"A",,"A",,"G",8187,"A",,"G",8187,"A",,2
218919,"R",19820,"A",,"A",,"G",661,"A",,"G",661,"A",,2
218955,"R",13474,"A",,"A",,"G",449,"A",,"G",449,"A",,2
218964,"R",146347,"A",,"R",15187,"G",4878,"G",633,"G",4878,"G",633,2
218973,"R",34288,"A",,"A",,"G",1143,"A",,"G",1143,"A",,2
218991,"R",92318,"A",,"A",,"G",3077,"A",,"G",3077,"A",,2
219000,"R",51897,"A",,"R",556,"G",1730,"G",23,"G",1730,"G",23,2
219037,"A",,"R",122100,"A",,"G",136,"A",,"G",136,"A",,1
219046,"R",85502,"A",,"R",3529,"G",2850,"G",147,"G",2850,"G",147,2
219055,"R",13345,"A",,"A",,"G",445,"A",,"G",445,"A",,2
219082,"R",59060,"A",,"R",3954,"G",1969,"G",165,"G",1969,"G",165,2
219091,"R",24097,"A",,"R",896,"G",803,"G",37,"G",803,"G",37,2
219125,"A",,"R",74044,"A",,"G",82,"A",,"G",82,"A",,1
219143,"R",42488,"A",,"A",,"G",1416,"A",,"G",1416,"A",,2
219170,"A",,"R",38400,"A",,"G",43,"A",,"G",43,"A",,1
219189,"R",23580,"A",,"A",,"G",786,"A",,"G",786,"A",,2
219198,"R",27137,"A",,"R",2522,"G",905,"G",105,"G",905,"G",105,2
219204,"R",68917,"A",,"R",3034,"G",1531,"G",84,"G",1531,"G",84,2
219213,"R",12518,"A",,"A",,"G",278,"A",,"G",278,"A",,2
219240,"A",,"A",,"R",2357,"A",,"G",98,"A",,"R",93,2
219259,"R",55612,"A",,"R",3186,"G",1854,"G",133,"G",1854,"G",133,2
219277,"R",24639,"A",,"R",828,"G",821,"G",35,"G",821,"G",35,2
219295,"R",19405,"A",,"A",,"G",647,"A",,"G",647,"A",,2
219338,"A",,"R",1630,"A",,"G",2,"A",,"G",2,"A",,1
219347,"R",52281,"A",,"R",3796,"G",1743,"G",158,"G",1743,"G",158,2
219356,"R",253752,"A",,"R",16073,"G",8458,"G",670,"G",8458,"G",670,2
219374,"R",12647,"A",,"R",875,"G",422,"G",36,"G",422,"G",36,2
219383,"R",36656,"A",,"R",4668,"G",1222,"G",195,"G",1222,"G",195,2
219392,"A",,"R",25620,"A",,"G",28,"A",,"G",28,"A",,1
219408,"R",5758,"A",,"A",,"G",192,"A",,"G",192,"A",,2
219426,"R",63214,"A",,"A",,"G",2107,"A",,"G",2107,"A",,2
219453,"A",,"R",154400,"A",,"G",172,"A",,"G",172,"A",,1
219471,"R",152191,"A",,"R",31067,"G",5073,"G",1294,"G",5073,"G",1294,2
219480,"R",28659,"A",,"A",,"G",955,"A",,"G",955,"A",,2
219505,"R",2680,"A",,"A",,"G",89,"A",,"R",84,"A",,2
219578,"R",11900,"A",,"R",679,"G",397,"G",28,"G",397,"G",28,2
219587,"A",,"R",68237,"A",,"G",76,"A",,"G",76,"A",,1
219596,"A",,"R",223227,"A",,"G",248,"A",,"G",248,"A",,1
219602,"R",217848,"A",,"R",12181,"G",7262,"G",508,"G",7262,"G",508,2
219639,"R",23672,"A",,"A",,"G",789,"A",,"G",789,"A",,2
219709,"R",106372,"A",,"R",17744,"G",3546,"G",739,"G",3546,"G",739,2
219718,"R",55044,"A",,"R",4615,"G",1835,"G",192,"G",1835,"G",192,2
219790,"R",23326,"A",,"R",1,"G",778,"R",0,"G",778,"Z",0,2
219806,"R",56520,"A",,"R",3117,"G",1884,"G",130,"G",1884,"G",130,2
219824,"R",284195,"A",,"A",,"G",9473,"A",,"R",10695,"A",,2
219833,"R",41518,"A",,"R",4768,"G",1384,"G",199,"G",1384,"G",199,2
219842,"A",,"A",,"R",4900,"A",,"G",204,"A",,"G",204,2
219879,"R",62881,"A",,"A",,"G",2096,"A",,"G",2096,"A",,2
219888,"R",96776,"A",,"A",,"G",3226,"A",,"G",3226,"A",,2
219903,"A",,"R",791981,"A",,"G",880,"A",,"G",880,"A",,1
219921,"A",,"R",144162,"A",,"G",160,"A",,"R",137,"A",,1
219949,"R",30715,"A",,"R",7928,"G",1024,"G",330,"G",1024,"G",330,2
219976,"R",67381,"A",,"R",3618,"G",2246,"G",151,"G",2246,"G",151,2
219994,"A",,"R",460616,"A",,"G",512,"A",,"G",512,"A",,1
220002,"R",18232,"A",,"A",,"G",608,"A",,"G",608,"A",,2
220057,"R",52068,"A",,"A",,"G",1736,"A",,"G",1736,"A",,2
220075,"R",270807,"A",,"R",37077,"G",9027,"G",1545,"G",9027,"G",1545,2
220118,"R",7344,"A",,"A",,"G",163,"A",,"G",163,"A",,2
220127,"A",,"R",410384,"A",,"G",456,"A",,"G",456,"A",,1
220136,"A",,"A",,"R",2430,"A",,"G",101,"A",,"R",116,2
220163,"A",,"R",111450,"A",,"G",124,"A",,"R",118,"A",,1
220181,"R",29552,"A",,"R",572,"G",985,"G",24,"G",985,"G",24,2
220206,"R",9674,"A",,"A",,"G",322,"A",,"G",322,"A",,2
220215,"R",45834,"A",,"R",9823,"G",1528,"G",409,"G",1528,"G",409,2
220251,"A",,"R",192539,"A",,"G",214,"A",,"G",214,"A",,1
220279,"A",,"R",200757,"A",,"G",223,"A",,"G",223,"A",,1
220312,"R",8314,"A",,"A",,"G",277,"A",,"G",277,"A",,2
220321,"A",,"R",371799,"A",,"G",413,"A",,"R",354,"A",,1
220394,"A",,"R",174561,"A",,"G",194,"A",,"G",194,"A",,1
220400,"R",85158,"A",,"A",,"G",2839,"A",,"G",2839,"A",,2
220464,"R",1710,"A",,"A",,"G",57,"A",,"G",57,"A",,2
220473,"R",23789,"A",,"R",1818,"G",793,"G",76,"G",793,"G",76,2
220491,"A",,"R",20728,"A",,"G",23,"A",,"G",23,"A",,1
220516,"R",26497,"A",,"R",1664,"G",883,"G",69,"G",883,"G",69,2
220552,"R",26283,"A",,"R",1982,"G",584,"G",55,"G",584,"G",55,2
220589,"R",24046,"A",,"A",,"G",802,"A",,"G",802,"A",,2
220598,"R",21044,"A",,"A",,"G",701,"A",,"G",701,"A",,2
220604,"R",21517,"A",,"A",,"G",717,"A",,"R",650,"A",,2
220613,"R",104680,"A",,"R",5250,"G",3489,"G",219,"R",3505,"R",222,2
220631,"R",33206,"A",,"R",37018,"G",1107,"G",1542,"G",1107,"G",1542,2
220640,"A",,"R",394558,"A",,"G",438,"A",,"G",438,"A",,1
220701,"R",21063,"A",,"A",,"G",702,"A",,"G",702,"A",,2
220710,"R",36042,"A",,"A",,"G",1201,"A",,"G",1201,"A",,2
220747,"A",,"R",129600,"A",,"G",144,"A",,"G",144,"A",,1
220756,"A",,"R",262979,"A",,"G",292,"A",,"G",292,"A",,1
220765,"A",,"R",54403,"A",,"G",60,"A",,"G",60,"A",,1
220792,"A",,"A",,"R",1896,"A",,"G",79,"A",,"R",79,2
220808,"R",8160,"A",,"R",312,"G",272,"G",13,"R",272,"R",13,2
220853,"A",,"R",949950,"A",,"G",1056,"A",,"G",1056,"A",,1
220862,"R",405268,"A",,"R",72444,"G",13509,"G",3019,"G",13509,"G",3019,2
220871,"A",,"A",,"R",6141,"A",,"G",256,"A",,"G",256,2
220941,"R",22876,"A",,"A",,"G",763,"A",,"G",763,"A",,2
220978,"R",560605,"A",,"R",36672,"G",18687,"G",1528,"G",18687,"G",1528,2
220996,"A",,"A",,"R",9784,"A",,"G",272,"A",,"G",272,2
221014,"R",22954,"A",,"R",5141,"G",765,"G",214,"G",765,"G",214,2
221050,"A",,"R",627687,"A",,"G",697,"A",,"G",697,"A",,1
221096,"R",72041,"A",,"A",,"G",2401,"A",,"G",2401,"A",,2
221102,"A",,"R",284754,"A",,"G",316,"A",,"R",271,"A",,1
221148,"A",,"R",298045,"A",,"G",331,"A",,"G",331,"A",,1
221157,"R",14904,"A",,"A",,"G",497,"A",,"G",497,"A",,2
221184,"R",133245,"A",,"A",,"G",4442,"A",,"G",4442,"A",,2
221236,"A",,"R",195431,"A",,"G",217,"A",,"G",217,"A",,1
221254,"R",5867,"A",,"A",,"G",196,"A",,"G",196,"A",,2
221281,"A",,"R",366700,"A",,"G",407,"A",,"G",407,"A",,1
221290,"A",,"R",167388,"A",,"G",186,"A",,"G",186,"A",,1
221333,"A",,"R",413818,"A",,"G",460,"A",,"G",460,"A",,1
221351,"R",46565,"A",,"R",434,"G",1552,"G",18,"G",1552,"G",18,2
221388,"A",,"R",162637,"A",,"G",181,"A",,"G",181,"A",,1
221397,"R",105764,"A",,"A",,"G",3525,"A",,"G",3525,"A",,2
221430,"A",,"R",201779,"A",,"G",224,"A",,"G",224,"A",,1
221485,"R",250268,"A",,"A",,"G",8342,"A",,"G",8342,"A",,2
221494,"A",,"R",491004,"A",,"G",546,"A",,"G",546,"A",,1
221519,"R",46564,"A",,"R",448,"G",1552,"G",19,"R",1455,"R",19,2
221582,"A",,"R",117926,"A",,"G",131,"A",,"G",131,"A",,1
221591,"A",,"R",295744,"A",,"G",329,"A",,"G",329,"A",,1
221607,"A",,"R",255097,"A",,"G",283,"A",,"R",243,"A",,1
221616,"A",,"R",505554,"A",,"G",562,"A",,"G",562,"A",,1
221625,"A",,"R",412790,"A",,"G",459,"A",,"G",459,"A",,1
221634,"A",,"R",172530,"A",,"G",192,"A",,"G",192,"A",,1
221643,"R",158171,"A",,"A",,"G",5272,"A",,"G",5272,"A",,2
221661,"R",63747,"A",,"R",3754,"G",2125,"G",156,"G",2125,"G",156,2
221731,"R",25190,"A",,"A",,"G",840,"A",,"G",840,"A",,2
221740,"R",204199,"A",,"R",23212,"G",6807,"G",967,"G",6807,"G",967,2
221759,"R",582094,"A",,"R",130554,"G",19403,"G",5440,"G",19403,"G",5440,2
221768,"R",171946,"A",,"R",9425,"G",5732,"G",393,"G",5732,"G",393,2
221795,"A",,"R",145000,"A",,"G",161,"A",,"G",161,"A",,1
221829,"A",,"R",303985,"A",,"G",338,"A",,"G",338,"A",,1
221838,"R",189682,"A",,"R",32204,"G",6323,"G",1342,"G",6323,"G",1342,2
221847,"R",200756,"A",,"R",28696,"G",6692,"G",1196,"G",6692,"G",1196,2
221856,"R",12781,"A",,"R",84,"G",426,"G",4,"G",426,"G",4,2
221892,"R",35473,"A",,"R",20345,"G",1182,"G",848,"G",1182,"G",848,2
221908,"R",100512,"A",,"A",,"G",3350,"A",,"G",3350,"A",,2
221953,"R",67419,"A",,"R",6392,"G",2247,"G",266,"G",2247,"G",266,2
221971,"R",79779,"A",,"R",19344,"G",2659,"G",806,"G",2659,"G",806,2
221980,"A",,"R",18048,"A",,"G",20,"A",,"G",20,"A",,1
221999,"R",185363,"A",,"R",67491,"G",6179,"G",2812,"G",6179,"G",2812,2
222026,"A",,"R",81720,"A",,"G",91,"A",,"G",91,"A",,1
222053,"R",144791,"A",,"A",,"G",4826,"A",,"G",4826,"A",,2
222062,"R",117340,"A",,"A",,"G",3911,"A",,"G",3911,"A",,2
222099,"R",5048,"R",60106,"A",,"G",235,"A",,"G",235,"A",,3
222105,"R",81,"R",64562,"A",,"G",74,"A",,"R",74,"A",,3
222178,"R",118662,"A",,"R",10196,"G",3955,"G",425,"G",3955,"G",425,2
222567,"R",90435,"A",,"A",,"G",3015,"A",,"G",3015,"A",,2
222576,"R",191053,"A",,"A",,"G",6368,"A",,"G",6368,"A",,2
222628,"R",10233,"A",,"R",17076,"G",341,"G",712,"G",341,"G",712,2
222673,"R",7694,"A",,"A",,"G",256,"A",,"G",256,"A",,2
222682,"A",,"R",87840,"A",,"G",98,"A",,"G",98,"A",,1
222691,"A",,"R",77798,"A",,"G",86,"A",,"G",86,"A",,1
222707,"P",,"P",133040,"P",0,"P",148,"P",0,"P",148,"P",0,1
222761,"A",,"R",518880,"A",,"G",577,"A",,"G",577,"A",,1
222822,"A",,"R",1986882,"A",,"G",2208,"A",,"G",2208,"A",,1
222831,"R",156692,"A",,"R",8773,"G",5223,"G",366,"G",5223,"G",366,2
222877,"R",4910,"A",,"A",,"G",164,"A",,"G",164,"A",,2
222886,"R",264,"R",238000,"A",,"G",273,"A",,"G",273,"A",,3
222938,"R",70107,"A",,"A",,"G",1558,"A",,"G",1558,"A",,2
222983,"R",47909,"A",,"R",868,"G",1597,"G",36,"R",1295,"R",27,2
222992,"R",609564,"A",,"A",,"G",20319,"A",,"G",20319,"A",,2
223001,"A",,"A",,"R",6627,"A",,"G",276,"A",,"R",276,2
223056,"A",,"R",98018,"A",,"G",109,"A",,"G",109,"A",,1
223117,"R",1212,"A",,"R",573,"G",40,"G",24,"G",40,"G",24,2
223214,"R",2114,"A",,"R",7226,"G",70,"G",301,"G",70,"G",301,2
223223,"A",,"A",,"R",16464,"A",,"G",686,"A",,"G",686,2
223232,"R",354802,"A",,"R",49283,"G",11827,"G",2053,"G",11827,"G",2053,2
223320,"R",65725,"A",,"A",,"G",2191,"A",,"G",2191,"A",,2
223427,"A",,"R",6089323,"A",,"G",6766,"A",,"G",6766,"A",,1
223463,"R",53433,"A",,"A",,"G",1187,"A",,"G",1187,"A",,2
223472,"R",8290,"A",,"A",,"G",276,"A",,"G",276,"A",,2
223506,"R",66918,"A",,"A",,"G",2231,"A",,"G",2231,"A",,2
223524,"R",185532,"A",,"A",,"G",6184,"A",,"G",6184,"A",,2
223658,"A",,"R",191065,"A",,"G",212,"A",,"G",212,"A",,1
223667,"A",,"R",61410,"A",,"G",68,"A",,"G",68,"A",,1
223773,"R",86481,"A",,"A",,"G",2883,"A",,"G",2883,"A",,2
223816,"R",411420,"A",,"A",,"G",13714,"A",,"G",13714,"A",,2
223852,"A",,"R",54000,"A",,"G",60,"A",,"R",59,"A",,1
223870,"A",,"R",76050,"A",,"G",85,"A",,"G",85,"A",,1
223898,"R",48238,"R",1498536,"A",,"G",3273,"A",,"G",3273,"A",,3
223922,"R",25433,"A",,"A",,"G",848,"A",,"G",848,"A",,2
224004,"R",29436,"A",,"R",1575,"G",981,"G",66,"G",981,"G",66,2
224013,"A",,"R",39397,"A",,"G",44,"A",,"G",44,"A",,1
224110,"R",91166,"A",,"A",,"G",3039,"A",,"G",3039,"A",,2
224147,"R",187686,"A",,"R",26295,"G",6256,"G",1096,"G",6256,"G",1096,2
224156,"A",,"R",162082,"A",,"G",180,"A",,"G",180,"A",,1
224183,"R",56501,"A",,"A",,"G",1256,"A",,"G",1256,"A",,2
224226,"R",84885,"A",,"R",23362,"G",2830,"G",973,"G",2830,"G",973,2
224244,"R",8172,"A",,"R",729,"G",272,"G",30,"G",272,"R",27,2
224271,"R",8792,"A",,"A",,"G",195,"A",,"G",195,"A",,2
224305,"A",,"A",,"R",35644,"A",,"G",1485,"A",,"G",1485,2
224323,"R",33988,"A",,"R",27958,"G",1133,"G",1165,"G",1133,"G",1165,2
224350,"A",,"R",5085672,"A",,"G",5651,"A",,"G",5651,"A",,1
224402,"R",67336,"A",,"R",7761,"G",2245,"G",323,"G",2245,"G",323,2
224439,"R",33372,"A",,"A",,"G",742,"A",,"G",742,"A",,2
224527,"R",36742,"A",,"A",,"G",1225,"A",,"G",1225,"A",,2
224536,"A",,"R",58784,"A",,"G",65,"A",,"G",65,"A",,1
224545,"R",22692,"A",,"R",8307,"G",756,"G",346,"G",756,"G",346,2
224554,"R",142276,"A",,"R",53774,"G",4743,"G",2241,"G",4743,"G",2241,2
224572,"R",217979,"A",,"A",,"G",7266,"A",,"G",7266,"A",,2
224615,"R",111363,"A",,"A",,"G",3712,"A",,"G",3712,"A",,2
224642,"R",513923,"A",,"A",,"G",17131,"A",,"G",17131,"A",,2
224660,"R",11200,"A",,"A",,"G",373,"A",,"G",373,"A",,2
224679,"A",,"R",665704,"A",,"G",740,"A",,"G",740,"A",,1
224712,"A",,"A",,"R",767,"A",,"G",32,"A",,"G",32,2
224758,"A",,"R",158550,"A",,"G",176,"A",,"G",176,"A",,1
224776,"R",63552,"A",,"A",,"G",1412,"A",,"G",1412,"A",,2
224828,"A",,"R",126000,"A",,"G",140,"A",,"G",140,"A",,1
224891,"R",21094,"R",180212,"A",,"G",903,"A",,"G",903,"A",,3
224907,"A",,"R",124200,"A",,"G",138,"A",,"G",138,"A",,1
224961,"R",42237,"A",,"A",,"G",1408,"A",,"G",1408,"A",,2
225070,"A",,"R",1736648,"A",,"G",1930,"A",,"G",1930,"A",,1
225201,"R",35730,"A",,"A",,"G",1191,"A",,"R",572,"A",,2
225247,"R",55039,"A",,"R",7036,"G",1835,"G",293,"G",1835,"G",293,2
225308,"A",,"R",3117680,"A",,"G",3464,"A",,"G",3464,"A",,1
225371,"R",48653,"R",507424,"A",,"G",2186,"A",,"G",2186,"A",,3
225399,"R",51899,"A",,"R",5801,"G",1153,"G",161,"G",1153,"G",161,2
225414,"R",97461,"A",,"R",54158,"G",3249,"G",2257,"G",3249,"G",2257,2
225423,"R",787166,"A",,"A",,"G",26239,"A",,"G",26239,"A",,2
225432,"R",254046,"A",,"R",1791,"G",8468,"G",75,"G",8468,"G",75,2
225502,"R",27259,"A",,"R",19347,"G",909,"G",806,"G",909,"G",806,2
225511,"R",675022,"A",,"R",155973,"G",22501,"G",6499,"G",22501,"G",6499,2
225520,"A",,"R",1213508,"A",,"G",1348,"A",,"G",1348,"A",,1
225548,"R",33927,"A",,"R",0,"G",1131,"R",0,"G",1131,"Z",0,2
225575,"R",18088,"A",,"R",678,"G",603,"G",28,"G",603,"G",28,2
225627,"R",113956,"A",,"R",14016,"G",3799,"G",584,"G",3799,"G",584,2
225779,"A",,"R",327600,"A",,"G",364,"A",,"G",364,"A",,1
225788,"A",,"R",242964,"A",,"G",270,"A",,"G",270,"A",,1
225849,"R",30444,"A",,"A",,"G",677,"A",,"G",677,"A",,2
225858,"R",15840,"A",,"A",,"G",352,"A",,"G",352,"A",,2
225867,"R",18075,"A",,"A",,"G",402,"A",,"G",402,"A",,2
225876,"R",6837,"A",,"A",,"G",228,"A",,"G",228,"A",,2
225885,"R",18075,"A",,"A",,"G",603,"A",,"G",603,"A",,2
225991,"R",5642,"A",,"A",,"G",188,"A",,"G",188,"A",,2
226019,"R",110260,"A",,"A",,"G",3675,"A",,"G",3675,"A",,2
226091,"R",232413,"A",,"R",22111,"G",7747,"G",921,"G",7747,"G",921,2
226107,"R",40543,"A",,"A",,"G",1351,"A",,"G",1351,"A",,2
226116,"A",,"R",1051952,"A",,"G",1169,"A",,"G",1169,"A",,1
226125,"A",,"R",96300,"A",,"G",107,"A",,"G",107,"A",,1
226134,"R",169205,"A",,"A",,"G",5640,"A",,"G",5640,"A",,2
226152,"R",89972,"A",,"R",14464,"G",2999,"G",603,"G",2999,"G",603,2
226204,"R",71191,"R",1106352,"A",,"G",3602,"A",,"G",3602,"A",,3
226231,"R",77968,"A",,"R",5112,"G",2599,"G",213,"G",2599,"G",213,2
226277,"A",,"R",7800,"A",,"G",9,"A",,"G",9,"A",,1
226329,"R",12215,"A",,"A",,"G",407,"A",,"G",407,"A",,2
226374,"A",,"R",34049,"A",,"G",38,"A",,"G",38,"A",,1
226383,"R",50096,"A",,"R",3799,"G",1670,"G",158,"G",1670,"G",158,2
226408,"R",64362,"R",451424,"A",,"G",2647,"A",,"G",2647,"A",,3
226471,"R",67199,"A",,"R",2491,"G",2240,"G",104,"G",2240,"G",104,2
226578,"R",129456,"R",1210848,"A",,"G",5661,"A",,"R",5595,"A",,3
226587,"R",39316,"A",,"A",,"G",1311,"A",,"G",1311,"A",,2
226675,"A",,"R",253624,"A",,"G",282,"A",,"G",282,"A",,1
226772,"A",,"R",202500,"A",,"G",225,"A",,"G",225,"A",,1
226790,"R",12180,"A",,"A",,"G",406,"A",,"G",406,"A",,2
226806,"A",,"R",718400,"A",,"G",798,"A",,"G",798,"A",,1
226833,"R",148807,"A",,"R",8990,"G",4960,"G",375,"G",4960,"G",375,2
226860,"A",,"R",78272,"A",,"G",87,"A",,"G",87,"A",,1
226879,"R",8865,"A",,"A",,"G",296,"A",,"R",197,"A",,2
226903,"A",,"R",239400,"A",,"G",266,"A",,"G",266,"A",,1
226930,"R",118812,"A",,"A",,"G",3960,"A",,"G",3960,"A",,2
227003,"A",,"R",628760,"A",,"G",699,"A",,"G",699,"A",,1
227058,"A",,"R",78750,"A",,"G",88,"A",,"G",88,"A",,1
227146,"R",149374,"A",,"A",,"G",4979,"A",,"G",4979,"A",,2
227155,"A",,"R",61200,"A",,"G",68,"A",,"G",68,"A",,1
227182,"R",769335,"A",,"A",,"G",25645,"A",,"G",25645,"A",,2
227191,"R",168474,"A",,"A",,"G",5616,"A",,"G",5616,"A",,2
227216,"R",685975,"A",,"R",118161,"G",22866,"G",4923,"G",22866,"G",4923,2
227225,"A",,"R",1070510,"A",,"G",1189,"A",,"G",1189,"A",,1
227243,"R",42238,"A",,"A",,"G",939,"A",,"G",939,"A",,2
227289,"A",,"A",,"R",14707,"A",,"G",613,"A",,"G",613,2
227298,"R",13225,"A",,"A",,"G",441,"A",,"G",441,"A",,2
227304,"R",70020,"R",712784,"A",,"G",3126,"A",,"G",3126,"A",,3
227313,"A",,"R",259929,"A",,"G",289,"A",,"G",289,"A",,1
227322,"A",,"R",219433,"A",,"G",244,"A",,"G",244,"A",,1
227331,"R",41769,"A",,"R",18179,"G",1392,"G",757,"G",1392,"G",757,2
227368,"R",404028,"A",,"R",34373,"G",13468,"G",1432,"G",13468,"G",1432,2
227377,"R",261596,"A",,"R",10692,"G",8720,"G",446,"G",8720,"G",446,2
227386,"R",41477,"A",,"A",,"G",1383,"A",,"R",1728,"A",,2
227401,"R",88672,"A",,"A",,"G",2956,"A",,"G",2956,"A",,2
227429,"R",21754,"A",,"A",,"G",725,"A",,"R",690,"A",,2
227526,"R",167092,"A",,"R",39040,"G",5570,"G",1627,"G",5570,"G",1627,2
227687,"R",18973,"A",,"A",,"G",632,"A",,"G",632,"A",,2
227748,"A",,"R",411582,"A",,"G",457,"A",,"G",457,"A",,1
227757,"R",87339,"A",,"R",57847,"G",2911,"G",2410,"G",2911,"G",2410,2
227766,"R",270442,"A",,"A",,"G",9015,"A",,"G",9015,"A",,2
227836,"A",,"R",1715976,"A",,"G",1907,"A",,"G",1907,"A",,1
227845,"R",102016,"A",,"R",16381,"G",3401,"G",683,"G",3401,"G",683,2
227854,"A",,"R",4654615,"A",,"G",5172,"A",,"G",5172,"A",,1
227863,"R",46667,"A",,"R",24655,"G",1556,"G",1027,"G",1556,"G",1027,2
227881,"R",346858,"A",,"R",26999,"G",11562,"G",1125,"G",11562,"G",1125,2
227924,"A",,"R",7870033,"A",,"G",8744,"A",,"G",8744,"A",,1
227979,"A",,"R",10018998,"A",,"G",11132,"A",,"G",11132,"A",,1
228042,"R",21443,"A",,"R",1266,"G",715,"G",53,"G",715,"G",53,2
228088,"A",,"R",88911,"A",,"G",99,"A",,"G",99,"A",,1
228149,"R",68894,"A",,"R",11321,"G",2296,"G",472,"G",2296,"G",472,2
228158,"R",153581,"R",1244304,"A",,"G",6502,"A",,"G",6502,"A",,3
228185,"A",,"R",31815,"A",,"G",35,"A",,"R",35,"A",,1
228200,"R",0,"R",378361,"A",,"G",420,"A",,"G",420,"A",,3
228219,"R",0,"R",375611,"A",,"G",417,"A",,"G",417,"A",,3
228246,"R",193933,"A",,"R",51980,"G",6464,"G",2166,"G",6464,"G",2166,2
228282,"A",,"R",140980,"A",,"G",157,"A",,"G",157,"A",,1
228291,"A",,"R",47484,"A",,"G",53,"A",,"G",53,"A",,1
228316,"R",100804,"A",,"A",,"G",3360,"A",,"G",3360,"A",,2
228325,"R",38927,"A",,"R",2968,"G",1298,"G",124,"G",1298,"G",124,2
228343,"R",38910,"A",,"A",,"G",1297,"A",,"G",1297,"A",,2
228431,"R",286722,"A",,"R",27625,"G",9557,"G",1151,"G",9557,"G",1151,2
228459,"R",633981,"A",,"R",60971,"G",21133,"G",2540,"G",21133,"G",2540,2
228468,"R",23804,"A",,"R",763,"G",793,"G",32,"G",793,"G",32,2
228477,"R",2087,"A",,"R",47093,"G",70,"G",1962,"G",70,"G",1962,2
228486,"R",7205,"A",,"A",,"G",240,"A",,"G",240,"A",,2
228501,"R",54754,"A",,"R",13902,"G",1825,"G",579,"G",1825,"G",579,2
228529,"R",204627,"A",,"R",25873,"G",6821,"G",1078,"G",6821,"G",1078,2
228547,"R",698381,"A",,"A",,"G",23279,"A",,"G",23279,"A",,2
228608,"R",76504,"A",,"A",,"G",2550,"A",,"G",2550,"A",,2
228635,"R",5108,"R",0,"R",25784,"G",170,"G",1074,"G",170,"G",1074,3
228644,"R",20509,"A",,"R",21680,"G",684,"G",903,"R",684,"R",980,2
228653,"R",14400,"A",,"R",22010,"G",480,"G",917,"G",480,"G",917,2
228680,"A",,"R",4007908,"A",,"G",4453,"A",,"G",4453,"A",,1
228699,"R",82119,"A",,"A",,"G",2737,"A",,"G",2737,"A",,2
228705,"R",134388,"A",,"R",27788,"G",4480,"G",1158,"G",4480,"G",1158,2
228714,"R",44435,"A",,"R",463,"G",1481,"G",19,"G",1481,"G",19,2
228723,"R",1031786,"A",,"R",151583,"G",35715,"G",6316,"G",35715,"G",6316,2
228769,"R",493175,"A",,"R",96850,"G",16439,"G",4035,"G",16439,"G",4035,2
228778,"R",1011247,"A",,"R",264579,"G",33708,"G",11024,"G",33708,"G",11024,2
228787,"R",190855,"A",,"R",139650,"G",6362,"G",5819,"G",6362,"G",5819,2
228796,"R",398067,"A",,"R",45036,"G",13269,"G",1877,"G",13269,"G",1877,2
228802,"R",122025,"A",,"R",13243,"G",4068,"G",552,"G",4068,"G",552,2
228866,"R",1635,"A",,"A",,"G",55,"A",,"R",117,"A",,2
228875,"R",208344,"A",,"R",23704,"G",6945,"G",988,"G",6945,"G",988,2
228884,"R",24302,"A",,"R",214,"G",810,"G",9,"G",810,"G",9,2
228909,"A",,"A",,"R",13398,"A",,"G",558,"A",,"G",558,2
228981,"R",38006,"A",,"A",,"G",1267,"A",,"G",1267,"A",,2
229018,"R",70379,"A",,"R",8750,"G",2346,"G",365,"G",2346,"G",365,2
229027,"R",593097,"A",,"R",52598,"G",19770,"G",2192,"G",19770,"G",2192,2
229036,"A",,"R",413546,"A",,"G",459,"A",,"G",459,"A",,1
229063,"R",137246,"A",,"R",8733,"G",4575,"G",364,"G",4575,"G",364,2
229115,"R",663838,"A",,"R",104337,"G",22128,"G",4347,"G",22128,"G",4347,2
229151,"A",,"R",83627,"A",,"G",93,"A",,"G",93,"A",,1
229160,"R",37771,"A",,"R",32558,"G",1259,"G",1357,"G",1259,"G",1357,2
229179,"R",169626,"A",,"R",87856,"G",5654,"G",3661,"G",5654,"G",3661,2
229267,"R",72457,"A",,"R",4771,"G",2415,"G",199,"G",2415,"G",199,2
229300,"R",12804,"A",,"R",39516,"G",427,"G",1647,"G",427,"G",1647,2
229319,"A",,"R",2586128,"A",,"G",2873,"A",,"G",2873,"A",,1
229328,"A",,"R",1315008,"A",,"G",1461,"A",,"G",1461,"A",,1
229337,"R",22995,"A",,"R",24724,"G",767,"G",1030,"G",767,"G",1030,2
229355,"A",,"R",4394880,"A",,"G",4883,"A",,"G",4883,"A",,1
229416,"R",200218,"A",,"A",,"G",6674,"A",,"G",6674,"A",,2
229425,"A",,"R",392430,"A",,"G",436,"A",,"G",436,"A",,1
229504,"R",52687,"R",184648,"A",,"G",1961,"A",,"G",1961,"A",,3
229522,"A",,"R",64811,"A",,"G",72,"A",,"G",72,"A",,1
229540,"R",77412,"A",,"A",,"G",2580,"A",,"G",2580,"A",,2
229638,"A",,"R",126000,"A",,"G",140,"A",,"G",140,"A",,1
229780,"R",123594,"A",,"R",15114,"G",4120,"G",630,"G",4120,"G",630,2
229799,"R",82080,"A",,"A",,"G",2736,"A",,"G",2736,"A",,2
229814,"R",151144,"A",,"R",26981,"G",5038,"G",1124,"G",5038,"G",1124,2
229832,"A",,"R",777471,"A",,"G",864,"A",,"G",864,"A",,1
229841,"R",125861,"A",,"A",,"G",4195,"A",,"G",4195,"A",,2
229887,"R",23293,"A",,"A",,"G",776,"A",,"G",776,"A",,2
229957,"A",,"R",127350,"A",,"G",142,"A",,"G",142,"A",,1
230010,"A",,"R",413554,"A",,"G",460,"A",,"G",460,"A",,1
230038,"R",893472,"A",,"R",70635,"G",29782,"G",2943,"G",29782,"G",2943,2
230047,"R",82238,"A",,"A",,"G",2741,"A",,"G",2741,"A",,2
230056,"R",20720,"A",,"A",,"G",460,"A",,"G",460,"A",,2
230065,"A",,"R",33542,"A",,"G",37,"A",,"G",37,"A",,1
230074,"R",5056,"A",,"A",,"G",169,"A",,"R",169,"A",,2
230092,"R",52390,"A",,"A",,"G",1746,"A",,"G",1746,"A",,2
230135,"A",,"R",60000,"A",,"G",67,"A",,"G",67,"A",,1
230144,"A",,"R",46000,"A",,"G",51,"A",,"G",51,"A",,1
230162,"A",,"R",1146289,"A",,"G",1274,"A",,"G",1274,"A",,1
230171,"R",130114,"A",,"A",,"G",4337,"A",,"G",4337,"A",,2
230199,"A",,"R",41000,"A",,"G",46,"A",,"R",46,"A",,1
230205,"A",,"R",42000,"A",,"G",47,"A",,"G",47,"A",,1
230214,"A",,"R",224887,"A",,"G",250,"A",,"G",250,"A",,1
230223,"A",,"R",29000,"A",,"G",32,"A",,"G",32,"A",,1
230366,"R",16794,"A",,"A",,"G",373,"A",,"G",373,"A",,2
230384,"R",28896,"A",,"A",,"G",642,"A",,"G",642,"A",,2
230418,"R",34576,"A",,"A",,"G",1153,"A",,"G",1153,"A",,2
230472,"R",40284,"R",488248,"A",,"G",1438,"A",,"G",1438,"A",,3
230490,"A",,"R",1192476,"A",,"G",1325,"A",,"G",1325,"A",,1
230560,"A",,"R",432597,"A",,"G",481,"A",,"R",480,"A",,1
230597,"R",88233,"A",,"A",,"G",2941,"A",,"R",3068,"A",,2
230603,"R",174833,"A",,"R",9096,"G",5828,"G",379,"G",5828,"G",379,2
230621,"R",28962,"A",,"R",0,"G",965,"R",0,"G",965,"Z",0,2
230630,"R",24523,"A",,"A",,"G",817,"A",,"G",817,"A",,2
230676,"A",,"R",257043,"A",,"G",286,"A",,"G",286,"A",,1
230728,"R",340247,"A",,"R",29407,"G",11342,"G",1225,"R",11342,"R",1470,2
230737,"R",495233,"A",,"A",,"G",16508,"A",,"G",16508,"A",,2
230746,"R",474570,"A",,"A",,"G",15819,"A",,"G",15819,"A",,2
230764,"R",596237,"A",,"R",146232,"G",19875,"G",6093,"G",19875,"G",6093,2
230782,"R",420635,"A",,"R",5940,"G",14021,"G",248,"R",14021,"R",297,2
230807,"R",52583,"A",,"R",8590,"G",1753,"G",358,"G",1753,"G",358,2
230816,"R",18129,"A",,"R",4042,"G",604,"G",168,"G",604,"G",168,2
230825,"R",4082,"A",,"A",,"G",136,"A",,"G",136,"A",,2
230834,"R",52364,"A",,"R",5050,"G",1745,"G",210,"G",1745,"G",210,2
230852,"R",63668,"A",,"R",771,"G",2122,"G",32,"G",2122,"G",32,2
230861,"R",86024,"A",,"A",,"G",2867,"A",,"G",2867,"A",,2
230889,"R",5438,"A",,"R",9465,"G",181,"G",394,"G",181,"G",394,2
230898,"R",19586,"A",,"R",0,"G",653,"R",0,"G",653,"Z",0,2
230913,"R",36687,"A",,"R",4886,"G",1223,"G",204,"G",1223,"G",204,2
230931,"R",35515,"A",,"R",994,"G",1184,"G",41,"G",1184,"G",41,2
230940,"R",10063,"A",,"R",0,"G",335,"R",0,"G",335,"Z",0,2
230959,"R",2117,"A",,"R",24003,"G",71,"G",1000,"R",2667,"R",235,2
230977,"R",18675,"R",9100,"A",,"G",633,"A",,"G",633,"A",,3
230995,"R",59441,"A",,"R",14998,"G",1981,"G",625,"G",1981,"G",625,2
231004,"A",,"R",58500,"A",,"G",65,"A",,"G",65,"A",,1
231059,"R",61378,"A",,"R",7257,"G",2046,"G",302,"G",2046,"G",302,2
231068,"A",,"A",,"R",12522,"A",,"G",522,"A",,"G",522,2
231077,"R",6881,"A",,"R",3306,"G",229,"G",138,"R",459,"R",367,2
231086,"R",11246,"A",,"A",,"G",375,"A",,"G",375,"A",,2
231095,"R",3140,"A",,"A",,"G",105,"A",,"G",105,"A",,2
231147,"A",,"A",,"R",18519,"A",,"G",772,"A",,"G",772,2
231165,"R",33577,"A",,"A",,"G",1119,"A",,"G",1119,"A",,2
231174,"R",276795,"A",,"R",18964,"G",9227,"G",790,"G",9227,"G",790,2
231192,"R",3077,"A",,"R",521,"G",103,"G",22,"G",103,"G",22,2
231280,"A",,"R",50301,"A",,"G",56,"A",,"G",56,"A",,1
231411,"R",24547,"A",,"A",,"G",818,"A",,"G",818,"A",,2
231420,"R",48330,"A",,"R",11492,"G",1611,"G",479,"G",1611,"G",479,2
231536,"R",73533,"A",,"A",,"G",2451,"A",,"G",2451,"A",,2
231554,"R",24783,"A",,"A",,"G",826,"A",,"G",826,"A",,2
231572,"R",1092,"A",,"A",,"G",36,"A",,"R",40,"A",,2
231581,"R",48512,"A",,"A",,"G",1617,"A",,"R",1516,"A",,2
231624,"R",170799,"A",,"R",32045,"G",5693,"G",1335,"G",5693,"G",1335,2
231642,"R",63333,"A",,"A",,"G",2111,"A",,"G",2111,"A",,2
231651,"R",17442,"A",,"R",31400,"G",581,"G",1308,"G",581,"G",1308,2
231697,"R",66806,"A",,"A",,"G",2227,"A",,"G",2227,"A",,2
231712,"R",126259,"A",,"R",2716,"G",4209,"G",113,"G",4209,"G",113,2
231721,"A",,"R",61178,"A",,"G",68,"A",,"G",68,"A",,1
231785,"R",13285,"A",,"A",,"G",443,"A",,"G",443,"A",,2
231828,"R",12161,"A",,"A",,"G",405,"A",,"G",405,"A",,2
231837,"R",23094,"A",,"R",390,"G",770,"G",16,"G",770,"G",16,2
231873,"R",21392,"A",,"A",,"G",713,"A",,"G",713,"A",,2
231882,"R",74312,"A",,"A",,"G",2477,"A",,"G",2477,"A",,2
231970,"R",576,"R",0,"R",6570,"G",19,"G",274,"G",19,"G",274,3
232016,"R",77265,"A",,"A",,"G",2576,"A",,"G",2576,"A",,2
232025,"R",28062,"A",,"R",1316,"G",935,"G",55,"G",935,"G",55,2
232043,"R",31546,"A",,"R",6393,"G",1052,"G",266,"G",1052,"G",266,2
232052,"R",13290,"A",,"A",,"G",443,"A",,"G",443,"A",,2
232089,"R",29894,"A",,"A",,"G",996,"A",,"G",996,"A",,2
232186,"R",484898,"A",,"R",138445,"G",16163,"G",5769,"G",16163,"G",5769,2
232195,"R",85181,"A",,"A",,"G",2839,"A",,"G",2839,"A",,2
232256,"R",16980,"A",,"A",,"G",566,"A",,"G",566,"A",,2
232265,"R",145581,"A",,"R",9308,"G",4853,"G",388,"G",4853,"G",388,2
232292,"R",3000,"A",,"A",,"G",100,"A",,"G",100,"A",,2
232308,"R",29130,"A",,"R",6117,"G",971,"G",255,"G",971,"G",255,2
232414,"R",192253,"A",,"A",,"G",6408,"A",,"G",6408,"A",,2
232423,"R",469931,"A",,"R",25741,"G",15664,"G",1073,"G",15664,"G",1073,2
232450,"R",108573,"A",,"A",,"G",3619,"A",,"G",3619,"A",,2
232502,"A",,"R",437440,"A",,"G",486,"A",,"G",486,"A",,1
232557,"R",360352,"A",,"R",59034,"G",12012,"G",2460,"G",12012,"G",2460,2
232566,"R",113035,"A",,"R",7783,"G",3768,"G",324,"G",3768,"G",324,2
232575,"R",93090,"A",,"A",,"G",3103,"A",,"G",3103,"A",,2
232593,"A",,"R",28458,"A",,"G",32,"A",,"G",32,"A",,1
232609,"R",58147,"A",,"R",5648,"G",1938,"G",235,"G",1938,"G",235,2
232618,"R",8043,"A",,"A",,"G",179,"A",,"G",179,"A",,2
232672,"R",40053,"A",,"R",3381,"G",1335,"G",141,"G",1335,"G",141,2
232681,"R",119369,"A",,"R",8959,"G",3979,"G",373,"R",3941,"R",411,2
232706,"R",63758,"A",,"R",21679,"G",2125,"G",903,"G",2125,"G",903,2
232724,"R",4206,"A",,"A",,"G",140,"A",,"G",140,"A",,2
232788,"R",55307,"A",,"A",,"G",1844,"A",,"G",1844,"A",,2
232797,"R",162360,"A",,"R",3254,"G",3608,"G",90,"G",3608,"G",90,2
232867,"R",78147,"A",,"A",,"G",2605,"A",,"G",2605,"A",,2
232885,"R",8613,"A",,"A",,"G",287,"A",,"G",287,"A",,2
232919,"A",,"R",10710,"A",,"G",12,"A",,"R",12,"A",,1
232937,"R",134335,"A",,"R",13049,"G",4478,"G",544,"G",4478,"G",544,2
232946,"R",732526,"A",,"A",,"G",24418,"A",,"G",24418,"A",,2
232982,"R",390247,"A",,"R",77582,"G",13008,"G",3233,"G",13008,"G",3233,2
233019,"R",60192,"A",,"A",,"G",2006,"A",,"G",2006,"A",,2
233037,"R",25046,"A",,"A",,"G",835,"A",,"G",835,"A",,2
233082,"R",6228,"A",,"A",,"G",208,"A",,"G",208,"A",,2
233091,"R",13360,"A",,"A",,"G",297,"A",,"R",284,"A",,2
233116,"R",69783,"A",,"A",,"G",2326,"A",,"G",2326,"A",,2
233189,"R",7357,"R",93437,"A",,"G",349,"A",,"G",349,"A",,3
233277,"R",254515,"A",,"R",19781,"G",8484,"G",824,"G",8484,"G",824,2
233286,"A",,"R",28506,"A",,"G",32,"A",,"G",32,"A",,1
233295,"R",34148,"A",,"A",,"G",1138,"A",,"G",1138,"A",,2
233301,"R",19446,"A",,"R",344,"G",648,"G",14,"G",648,"G",14,2
233310,"R",44098,"A",,"A",,"G",1470,"A",,"G",1470,"A",,2
233329,"A",,"R",214190,"A",,"G",238,"A",,"G",238,"A",,1
233338,"R",27706,"A",,"A",,"G",924,"A",,"G",924,"A",,2
233356,"R",10129,"A",,"A",,"G",338,"A",,"G",338,"A",,2
233374,"R",101287,"A",,"R",3936,"G",3376,"G",164,"G",3376,"G",164,2
233408,"R",5436,"A",,"A",,"G",181,"A",,"R",172,"A",,2
233426,"R",55524,"A",,"A",,"G",1851,"A",,"G",1851,"A",,2
233499,"R",21723,"A",,"A",,"G",724,"A",,"G",724,"A",,2
233541,"R",48682,"A",,"R",21508,"G",1623,"G",896,"G",1623,"G",896,2
233611,"R",19380,"A",,"A",,"G",646,"A",,"G",646,"A",,2
233639,"R",90364,"A",,"A",,"G",3012,"A",,"G",3012,"A",,2
233648,"R",71072,"A",,"A",,"G",2369,"A",,"G",2369,"A",,2
233657,"A",,"R",240874,"A",,"G",268,"A",,"G",268,"A",,1
233666,"A",,"R",58500,"A",,"G",65,"A",,"G",65,"A",,1
233718,"R",21262,"A",,"R",373,"G",709,"G",16,"G",709,"G",16,2
233754,"R",156049,"A",,"A",,"G",5202,"A",,"G",5202,"A",,2
233772,"R",468384,"A",,"A",,"G",15613,"A",,"G",15613,"A",,2
233842,"A",,"A",,"R",6937,"A",,"G",289,"A",,"R",307,2
233897,"R",48908,"A",,"A",,"G",1630,"A",,"G",1630,"A",,2
233903,"R",45384,"A",,"A",,"G",1513,"A",,"G",1513,"A",,2
233912,"R",29984,"A",,"A",,"G",999,"A",,"G",999,"A",,2
233921,"R",676876,"A",,"R",118001,"G",22563,"G",4917,"G",22563,"G",4917,2
233949,"R",125293,"A",,"A",,"G",4176,"A",,"G",4176,"A",,2
234030,"R",536288,"A",,"R",113453,"G",17876,"G",4727,"G",17876,"G",4727,2
234076,"R",422064,"A",,"R",172685,"G",14069,"G",7195,"G",14069,"G",7195,2
234085,"R",45938,"A",,"A",,"G",1531,"A",,"G",1531,"A",,2
234119,"A",,"R",52879,"A",,"G",59,"A",,"G",59,"A",,1
234137,"R",1188,"A",,"R",792,"G",40,"G",33,"R",40,"R",33,2
234155,"R",133803,"A",,"R",10362,"G",4460,"G",432,"R",4438,"R",459,2
234164,"R",34906,"A",,"R",7684,"G",1164,"G",320,"G",1164,"G",320,2
234173,"R",34340,"A",,"A",,"G",1145,"A",,"G",1145,"A",,2
234191,"A",,"R",163488,"A",,"G",182,"A",,"G",182,"A",,1
234207,"R",54798,"A",,"R",645,"G",1827,"G",27,"G",1827,"G",27,2
234216,"R",33358,"A",,"A",,"G",741,"A",,"G",741,"A",,2
234225,"A",,"R",79077,"A",,"G",88,"A",,"G",88,"A",,1
234359,"A",,"R",199350,"A",,"G",222,"A",,"G",222,"A",,1
234377,"R",45863,"A",,"A",,"G",1529,"A",,"G",1529,"A",,2
234401,"A",,"R",115247,"A",,"G",128,"A",,"G",128,"A",,1
234492,"R",104340,"A",,"A",,"G",2319,"A",,"G",2319,"A",,2
234650,"A",,"R",121130,"A",,"G",135,"A",,"R",115,"A",,1
234669,"R",398433,"A",,"A",,"G",8854,"A",,"G",8854,"A",,2
234687,"A",,"R",1200,"A",,"G",1,"A",,"G",1,"A",,1
234696,"R",73890,"A",,"A",,"G",1642,"A",,"G",1642,"A",,2
234711,"R",65884,"A",,"A",,"G",1464,"A",,"G",1464,"A",,2
234739,"A",,"R",293120,"A",,"G",326,"A",,"G",326,"A",,1
234784,"A",,"R",428400,"A",,"G",476,"A",,"G",476,"A",,1
234827,"R",420702,"A",,"R",15317,"G",9349,"G",425,"G",9349,"G",425,2
234845,"R",90550,"A",,"A",,"G",2012,"A",,"G",2012,"A",,2
234915,"R",64168,"A",,"R",53796,"G",1426,"G",1494,"R",1604,"R",2242,2
234924,"A",,"R",63267,"A",,"G",70,"A",,"G",70,"A",,1
234933,"R",295579,"A",,"A",,"G",6568,"A",,"G",6568,"A",,2
234951,"R",174342,"A",,"A",,"G",3874,"A",,"G",3874,"A",,2
234979,"R",191661,"A",,"A",,"G",4259,"A",,"G",4259,"A",,2
235024,"R",23325,"A",,"A",,"G",778,"A",,"G",778,"A",,2
235088,"A",,"R",351000,"A",,"G",390,"A",,"G",390,"A",,1
235097,"R",421547,"A",,"R",47808,"G",9368,"G",1328,"R",9403,"R",1562,2
235103,"R",237666,"A",,"A",,"G",5281,"A",,"G",5281,"A",,2
235149,"R",208523,"A",,"A",,"G",4634,"A",,"G",4634,"A",,2
235158,"A",,"R",140700,"A",,"G",156,"A",,"G",156,"A",,1
235167,"R",188323,"A",,"R",9623,"G",4185,"G",267,"R",3862,"R",291,2
235237,"R",228123,"A",,"A",,"G",5069,"A",,"G",5069,"A",,2
235273,"A",,"R",39600,"A",,"G",44,"A",,"R",44,"A",,1
235307,"A",,"R",223510,"A",,"G",248,"A",,"G",248,"A",,1
235316,"R",133926,"A",,"R",26672,"G",4464,"G",1111,"G",4464,"G",1111,2
235334,"R",72880,"A",,"A",,"G",1620,"A",,"G",1620,"A",,2
235343,"R",261342,"A",,"A",,"G",5808,"A",,"G",5808,"A",,2
235352,"A",,"R",279800,"A",,"G",311,"A",,"G",311,"A",,1
235422,"R",20018,"A",,"R",9383,"G",667,"G",391,"G",667,"G",391,2
235431,"R",208597,"A",,"A",,"G",4635,"A",,"G",4635,"A",,2
235495,"R",3582,"A",,"A",,"G",119,"A",,"G",119,"A",,2
235501,"R",10709,"A",,"A",,"G",357,"A",,"R",351,"A",,2
235510,"R",24328,"A",,"A",,"G",541,"A",,"G",541,"A",,2
235529,"R",18508,"A",,"A",,"G",411,"A",,"G",411,"A",,2
235547,"R",10196,"A",,"R",8464,"G",227,"G",235,"G",227,"G",235,2
235583,"A",,"R",356680,"A",,"G",396,"A",,"G",396,"A",,1
235671,"R",226370,"A",,"A",,"G",5030,"A",,"G",5030,"A",,2
235699,"R",123732,"A",,"A",,"G",2750,"A",,"G",2750,"A",,2
235750,"R",98731,"A",,"A",,"G",2194,"A",,"G",2194,"A",,2
235769,"R",3605,"A",,"Z",0,"G",80,"A",,"G",80,"A",,2
236018,"A",,"R",111200,"A",,"G",124,"A",,"G",124,"A",,1
236027,"A",,"R",295200,"A",,"G",328,"A",,"G",328,"A",,1
236072,"R",165451,"A",,"A",,"G",3677,"A",,"G",3677,"A",,2
236090,"A",,"A",,"R",120,"A",,"G",3,"A",,"G",3,2
236133,"R",32606,"A",,"R",2840,"G",1087,"G",118,"G",1087,"G",118,2
236188,"R",217587,"A",,"A",,"G",4835,"A",,"G",4835,"A",,2
236212,"R",11950,"A",,"A",,"G",398,"A",,"G",398,"A",,2
236230,"R",102685,"A",,"R",7433,"G",3423,"G",310,"R",3300,"R",270,2
236258,"R",99037,"A",,"A",,"G",2201,"A",,"G",2201,"A",,2
236267,"A",,"R",42847,"A",,"G",48,"A",,"G",48,"A",,1
236300,"R",3585,"A",,"A",,"G",120,"A",,"G",120,"A",,2
236328,"R",79671,"A",,"R",6180,"G",2656,"G",258,"R",2490,"R",203,2
236382,"R",125207,"A",,"A",,"G",2782,"A",,"G",2782,"A",,2
236452,"R",32362,"A",,"R",5497,"G",1079,"G",229,"G",1079,"G",229,2
236504,"R",175429,"A",,"A",,"G",3898,"A",,"G",3898,"A",,2
236513,"R",221056,"A",,"A",,"G",4912,"A",,"G",4912,"A",,2
236531,"R",8450,"A",,"A",,"G",188,"A",,"G",188,"A",,2
236559,"R",2585,"R",10894,"A",,"G",70,"A",,"G",70,"A",,3
236577,"R",138591,"A",,"R",18776,"G",3080,"G",522,"G",3080,"G",522,2
236595,"R",182939,"A",,"R",42338,"G",4065,"G",1176,"G",4065,"G",1176,2
236610,"R",223959,"A",,"A",,"G",4977,"A",,"G",4977,"A",,2
236638,"R",167184,"A",,"A",,"G",3715,"A",,"G",3715,"A",,2
236656,"R",165057,"A",,"A",,"G",3668,"A",,"G",3668,"A",,2
236692,"R",278907,"A",,"A",,"G",6198,"A",,"G",6198,"A",,2
236708,"R",263707,"A",,"A",,"G",5860,"A",,"G",5860,"A",,2
236744,"A",,"R",45578,"A",,"G",51,"A",,"G",51,"A",,1
236753,"R",227882,"A",,"A",,"G",5064,"A",,"G",5064,"A",,2
236887,"R",151962,"A",,"A",,"G",3377,"A",,"G",3377,"A",,2
236896,"R",70954,"A",,"R",10794,"G",1577,"G",300,"G",1577,"G",300,2
236939,"R",488308,"A",,"R",98504,"G",16277,"G",4104,"G",16277,"G",4104,2
236948,"R",1148130,"A",,"R",331498,"G",25514,"G",9208,"G",25514,"G",9208,2
236975,"R",114058,"A",,"A",,"G",2535,"A",,"G",2535,"A",,2
236993,"A",,"R",69200,"A",,"G",77,"A",,"G",77,"A",,1
237011,"R",577736,"A",,"R",24034,"G",12839,"G",668,"G",12839,"G",668,2
237039,"R",121218,"A",,"A",,"G",2694,"A",,"G",2694,"A",,2
237057,"R",46872,"A",,"A",,"G",1562,"A",,"R",1450,"A",,2
237066,"R",68918,"A",,"R",5787,"G",2297,"G",241,"R",2125,"R",143,2
237109,"R",161626,"A",,"A",,"G",3592,"A",,"G",3592,"A",,2
237118,"R",19982,"A",,"R",4637,"G",666,"G",193,"G",666,"G",193,2
237127,"A",,"R",36000,"A",,"G",40,"A",,"G",40,"A",,1
237136,"R",6382,"A",,"R",1,"G",213,"R",0,"R",230,"Z",0,2
237145,"A",,"R",34134,"A",,"G",38,"A",,"G",38,"A",,1
237154,"R",102669,"A",,"R",13551,"G",3422,"G",565,"G",3422,"G",565,2
237172,"A",,"R",125000,"A",,"G",139,"A",,"G",139,"A",,1
237181,"R",24562,"A",,"A",,"G",819,"A",,"G",819,"A",,2
237215,"R",47974,"A",,"A",,"G",1599,"A",,"G",1599,"A",,2
237242,"A",,"R",382320,"A",,"G",425,"A",,"R",425,"A",,1
237303,"A",,"R",151079,"A",,"G",168,"A",,"G",168,"A",,1
237312,"R",11356,"A",,"R",96,"G",379,"G",4,"G",379,"G",4,2
237321,"A",,"R",97234,"A",,"G",108,"A",,"G",108,"A",,1
237330,"R",82833,"A",,"R",2046,"G",2761,"G",85,"G",2761,"G",85,2
237358,"R",18052,"A",,"A",,"G",602,"A",,"G",602,"A",,2
237367,"R",119262,"A",,"R",2693,"G",3975,"G",112,"G",3975,"G",112,2
237385,"R",37375,"A",,"A",,"G",1246,"A",,"G",1246,"A",,2
237419,"A",,"R",5764,"A",,"G",6,"A",,"G",6,"A",,1
237437,"R",32760,"A",,"A",,"G",728,"A",,"G",728,"A",,2
237473,"A",,"R",142560,"A",,"G",158,"A",,"G",158,"A",,1
237491,"A",,"R",36720,"A",,"G",41,"A",,"G",41,"A",,1
237516,"A",,"R",18360,"A",,"G",20,"A",,"G",20,"A",,1
237525,"R",270374,"A",,"R",62236,"G",9012,"G",2593,"G",9012,"G",2593,2
237543,"A",,"R",78840,"A",,"G",88,"A",,"G",88,"A",,1
237552,"R",3097,"A",,"A",,"G",69,"A",,"G",69,"A",,2
237561,"A",,"R",89100,"A",,"G",99,"A",,"G",99,"A",,1
237570,"A",,"R",152780,"A",,"G",170,"A",,"G",170,"A",,1
237598,"R",6144,"A",,"A",,"G",137,"A",,"G",137,"A",,2
237604,"A",,"R",482480,"A",,"G",536,"A",,"G",536,"A",,1
237613,"A",,"R",79200,"A",,"G",88,"A",,"G",88,"A",,1
237640,"R",17223,"A",,"A",,"G",574,"A",,"G",574,"A",,2
237686,"R",82014,"A",,"A",,"G",2734,"A",,"G",2734,"A",,2
237701,"R",30064,"A",,"A",,"G",1002,"A",,"G",1002,"A",,2
237729,"A",,"R",202766,"A",,"G",225,"A",,"G",225,"A",,1
237783,"R",19040,"A",,"R",9174,"G",635,"G",382,"G",635,"G",382,2
237792,"R",98678,"A",,"R",1486,"G",3289,"G",62,"G",3289,"G",62,2
237817,"R",48928,"A",,"A",,"G",1631,"A",,"G",1631,"A",,2
237844,"A",,"R",104760,"A",,"G",116,"A",,"G",116,"A",,1
237899,"R",80760,"A",,"R",548,"G",2692,"G",23,"G",2692,"G",23,2
237905,"A",,"R",73800,"A",,"G",82,"A",,"G",82,"A",,1
237932,"R",62430,"A",,"R",252,"G",2081,"G",11,"G",2081,"G",11,2
237950,"R",36358,"A",,"R",207,"G",1212,"G",9,"G",1212,"G",9,2
237969,"R",39513,"A",,"R",1287,"G",1317,"G",54,"G",1317,"G",54,2
237978,"R",1312,"A",,"A",,"G",29,"A",,"G",29,"A",,2
237987,"R",8266,"A",,"A",,"G",184,"A",,"G",184,"A",,2
237996,"R",4126,"A",,"A",,"G",92,"A",,"G",92,"A",,2
238005,"A",,"R",110700,"A",,"G",123,"A",,"G",123,"A",,1
238014,"R",60168,"A",,"A",,"G",2006,"A",,"G",2006,"A",,2
238032,"R",598941,"A",,"R",111390,"G",19965,"G",4641,"G",19965,"G",4641,2
238078,"R",33933,"A",,"R",4807,"G",1131,"G",200,"G",1131,"G",200,2
238096,"A",,"R",40180,"A",,"G",45,"A",,"G",45,"A",,1
238166,"A",,"R",177901,"A",,"G",198,"A",,"G",198,"A",,1
238175,"A",,"R",178974,"A",,"G",199,"A",,"G",199,"A",,1
238193,"R",52177,"A",,"R",2690,"G",1739,"G",112,"G",1739,"G",112,2
238263,"R",510280,"A",,"A",,"G",17009,"A",,"G",17009,"A",,2
238315,"R",583,"A",,"A",,"G",19,"A",,"G",19,"A",,2
238324,"R",3203,"A",,"R",123,"G",107,"G",5,"G",107,"G",5,2
238333,"R",40073,"A",,"A",,"G",1336,"A",,"G",1336,"A",,2
238397,"R",44718,"A",,"A",,"G",1491,"A",,"G",1491,"A",,2
238421,"A",,"R",135000,"A",,"G",150,"A",,"G",150,"A",,1
238430,"R",71871,"A",,"R",49340,"G",2396,"G",2056,"R",2962,"R",2581,2
238458,"R",73957,"A",,"R",3522,"G",2465,"G",147,"G",2465,"G",147,2
238476,"R",83450,"A",,"R",2343,"G",2782,"G",98,"G",2782,"G",98,2
238616,"R",81675,"A",,"R",18632,"G",2723,"G",776,"G",2723,"G",776,2
238661,"R",53286,"A",,"R",8104,"G",1776,"G",338,"G",1776,"G",338,2
238722,"R",151506,"A",,"A",,"G",5050,"A",,"G",5050,"A",,2
238759,"R",117627,"A",,"A",,"G",3921,"A",,"G",3921,"A",,2
238786,"A",,"R",203400,"A",,"G",226,"A",,"G",226,"A",,1
238810,"A",,"R",116877,"A",,"G",130,"A",,"G",130,"A",,1
238892,"R",31976,"A",,"A",,"G",711,"A",,"G",711,"A",,2
238935,"R",1303,"A",,"R",2527,"G",43,"G",105,"G",43,"G",105,2
238971,"A",,"R",75000,"A",,"G",83,"A",,"G",83,"A",,1
238980,"R",75189,"A",,"R",9560,"G",2506,"G",398,"G",2506,"G",398,2
239008,"R",46532,"A",,"A",,"G",1551,"A",,"G",1551,"A",,2
239017,"R",80610,"A",,"A",,"G",2687,"A",,"R",1430,"A",,2
239071,"R",22778,"A",,"R",546,"G",759,"G",23,"G",759,"G",23,2
239080,"R",62473,"A",,"R",20721,"G",2082,"G",863,"G",2082,"G",863,2
239105,"R",235932,"A",,"R",39734,"G",7864,"G",1656,"R",7729,"R",1687,2
239132,"A",,"R",231268,"A",,"G",257,"A",,"R",129,"A",,1
239169,"A",,"A",,"R",391,"A",,"G",16,"A",,"G",16,2
239187,"R",240,"R",11520,"A",,"G",21,"A",,"G",21,"A",,3
239220,"R",53507,"A",,"A",,"G",1784,"A",,"G",1784,"A",,2
239248,"R",318680,"A",,"A",,"G",10623,"A",,"G",10623,"A",,2
239309,"R",17740,"A",,"A",,"G",591,"A",,"R",600,"A",,2
239318,"R",87923,"A",,"R",3329,"G",1954,"G",92,"G",1954,"G",92,2
239372,"R",78854,"A",,"A",,"G",2628,"A",,"R",2936,"A",,2
239390,"R",34414,"A",,"R",4068,"G",1147,"G",170,"G",1147,"G",170,2
239424,"A",,"A",,"R",1839,"A",,"G",77,"A",,"G",77,2
239442,"R",25020,"A",,"A",,"G",834,"A",,"G",834,"A",,2
239460,"R",68164,"A",,"A",,"G",2272,"A",,"G",2272,"A",,2
239488,"R",151182,"A",,"A",,"G",5039,"A",,"G",5039,"A",,2
239503,"R",19750,"A",,"R",1040,"G",658,"G",43,"G",658,"G",43,2
239512,"R",21471,"A",,"R",305,"G",716,"G",13,"G",716,"G",13,2
239628,"R",30356,"A",,"A",,"G",1012,"A",,"G",1012,"A",,2
239637,"A",,"A",,"R",3672,"A",,"G",153,"A",,"G",153,2
239716,"R",65156,"A",,"R",819,"G",2172,"G",34,"G",2172,"G",34,2
239725,"A",,"R",180000,"A",,"G",200,"A",,"G",200,"A",,1
239743,"R",11908,"A",,"R",4046,"G",397,"G",169,"G",397,"G",169,2
239877,"R",648,"A",,"A",,"G",22,"A",,"G",22,"A",,2
239910,"R",39816,"A",,"A",,"G",1327,"A",,"G",1327,"A",,2
239929,"A",,"R",759299,"A",,"G",844,"A",,"G",844,"A",,1
240055,"R",263293,"A",,"A",,"G",8776,"A",,"G",8776,"A",,2
240107,"R",48764,"A",,"R",37152,"G",1625,"G",1548,"G",1625,"G",1548,2
240116,"R",35012,"A",,"A",,"G",1167,"A",,"R",1167,"A",,2
240125,"R",96681,"A",,"A",,"G",3223,"A",,"G",3223,"A",,2
240170,"R",110280,"A",,"A",,"G",3676,"A",,"G",3676,"A",,2
240189,"R",259746,"A",,"R",21733,"G",8658,"G",906,"G",8658,"G",906,2
240198,"R",69874,"A",,"A",,"G",2329,"A",,"G",2329,"A",,2
240213,"A",,"A",,"R",505,"A",,"G",21,"A",,"G",21,2
240240,"A",,"R",124950,"A",,"G",139,"A",,"G",139,"A",,1
240268,"R",279710,"A",,"R",7099,"G",9324,"G",296,"G",9324,"G",296,2
240277,"R",139710,"A",,"R",2751,"G",4657,"G",115,"G",4657,"G",115,2
240329,"R",237383,"A",,"R",24511,"G",7913,"G",1021,"G",7913,"G",1021,2
240338,"R",21845,"A",,"A",,"G",728,"A",,"G",728,"A",,2
240365,"R",264412,"A",,"R",17203,"G",8814,"G",717,"G",8814,"G",717,2
240374,"R",112626,"A",,"R",1269,"G",3754,"G",53,"G",3754,"G",53,2
240392,"R",46767,"A",,"A",,"G",1559,"A",,"G",1559,"A",,2
240417,"R",205557,"A",,"R",14429,"G",6852,"G",601,"G",6852,"G",601,2
240426,"R",65217,"A",,"R",4455,"G",2174,"G",186,"G",2174,"G",186,2
240444,"R",808502,"A",,"R",141761,"G",26950,"G",5907,"G",26950,"G",5907,2
240453,"R",592380,"A",,"R",68275,"G",19746,"G",2845,"G",19746,"G",2845,2
240462,"R",158516,"A",,"R",8076,"G",5284,"G",337,"G",5284,"G",337,2
240471,"R",157667,"A",,"R",8127,"G",5256,"G",339,"G",5256,"G",339,2
240480,"R",234841,"A",,"R",7164,"G",7828,"G",299,"G",7828,"G",299,2
240505,"R",79635,"A",,"A",,"G",2655,"A",,"G",2655,"A",,2
240514,"R",29929,"A",,"A",,"G",998,"A",,"R",1247,"A",,2
240596,"R",22663,"A",,"A",,"G",755,"A",,"R",944,"A",,2
240620,"R",83422,"A",,"A",,"G",2781,"A",,"R",3476,"A",,2
240657,"R",41125,"A",,"A",,"G",1371,"A",,"G",1371,"A",,2
240666,"R",46496,"A",,"A",,"G",1550,"A",,"R",1937,"A",,2
240693,"R",53034,"A",,"A",,"G",1768,"A",,"R",2209,"A",,2
240709,"A",,"R",53990,"A",,"G",60,"A",,"G",60,"A",,1
240718,"R",76228,"R",2335500,"A",,"G",5136,"A",,"R",2422,"A",,3
240727,"R",256852,"A",,"R",38865,"G",8562,"G",1619,"G",8562,"G",1619,2
240736,"R",34865,"A",,"A",,"G",1162,"A",,"G",1162,"A",,2
240745,"R",20685,"A",,"A",,"G",690,"A",,"G",690,"A",,2
240754,"R",69383,"A",,"R",3001,"G",2313,"G",125,"G",2313,"G",125,2
240790,"R",19370,"A",,"A",,"G",646,"A",,"G",646,"A",,2
240879,"R",17220,"A",,"A",,"G",574,"A",,"G",574,"A",,2
240985,"R",17379,"A",,"A",,"G",579,"A",,"G",579,"A",,2
241100,"R",40000,"A",,"R",700,"G",1333,"G",29,"G",1333,"G",29,2
241128,"R",38500,"A",,"A",,"G",1283,"A",,"G",1283,"A",,2
241146,"R",19450,"A",,"A",,"G",648,"A",,"G",648,"A",,2
241182,"R",2972,"A",,"A",,"G",99,"A",,"R",99,"A",,2
241191,"R",22887,"A",,"R",866,"G",763,"G",36,"G",763,"G",36,2
241216,"R",28512,"A",,"R",1746,"G",950,"G",73,"G",950,"G",73,2
241225,"R",60138,"A",,"R",17367,"G",2005,"G",724,"G",2005,"G",724,2
241304,"R",22580,"A",,"R",1410,"G",753,"G",59,"G",753,"G",59,2
241331,"R",2040,"A",,"R",3618,"G",68,"G",151,"G",68,"G",151,2
241377,"R",32978,"A",,"R",8667,"G",1099,"G",361,"G",1099,"G",361,2
241386,"R",10538,"A",,"R",9198,"G",351,"G",383,"G",351,"G",383,2
241395,"R",5359,"A",,"R",1366,"G",179,"G",57,"G",179,"G",57,2
241410,"R",147584,"A",,"R",22446,"G",4919,"G",935,"R",4919,"R",1247,2
241517,"R",55829,"A",,"A",,"G",1861,"A",,"G",1861,"A",,2
241614,"R",2127,"A",,"A",,"G",71,"A",,"R",80,"A",,2
241702,"P",9813,"A",,"P",0,"P",327,"P",0,"P",327,"P",0,2
241720,"R",22635,"A",,"A",,"G",755,"A",,"G",755,"A",,2
241739,"R",220231,"A",,"R",45095,"G",7341,"G",1879,"G",7341,"G",1879,2
241766,"R",4438,"A",,"R",112,"G",148,"G",5,"G",148,"G",5,2
241793,"A",,"A",,"R",4619,"A",,"G",192,"A",,"R",192,2
241836,"R",18458,"A",,"A",,"G",615,"A",,"G",615,"A",,2
241906,"A",,"R",825030,"A",,"G",917,"A",,"G",917,"A",,1
241951,"R",12962,"A",,"A",,"G",432,"A",,"G",432,"A",,2
242042,"R",22116,"A",,"A",,"G",737,"A",,"G",737,"A",,2
242112,"R",67239,"A",,"A",,"G",2241,"A",,"G",2241,"A",,2
242121,"R",14511,"A",,"A",,"G",484,"A",,"R",484,"A",,2
242130,"R",13020,"A",,"A",,"G",434,"A",,"G",434,"A",,2
242149,"R",14730,"A",,"A",,"G",491,"A",,"G",491,"A",,2
242316,"A",,"R",158700,"A",,"G",176,"A",,"G",176,"A",,1
242413,"R",11700,"A",,"A",,"G",390,"A",,"G",390,"A",,2
242422,"R",600000,"A",,"A",,"G",20000,"A",,"G",20000,"A",,2
242556,"R",17580,"A",,"A",,"G",586,"A",,"G",586,"A",,2
242565,"R",21735,"A",,"A",,"G",725,"A",,"G",725,"A",,2
242583,"R",13332,"A",,"A",,"G",444,"A",,"G",444,"A",,2
242617,"R",122384,"R",6652,"R",15817,"G",4087,"G",659,"G",4087,"G",659,3
242626,"R",96511,"R",5407,"R",1318,"G",3223,"G",55,"G",3223,"G",55,3
242635,"R",108708,"R",1598,"R",3350,"G",3625,"G",140,"G",3625,"G",140,3
242644,"R",57537,"A",,"R",574,"G",1918,"G",24,"G",1918,"G",24,2
242653,"R",165386,"R",718,"R",48369,"G",5514,"G",2015,"G",5514,"G",2015,3
242662,"R",122149,"R",3883,"R",2773,"G",4076,"G",116,"G",4076,"G",116,3
242680,"R",55054,"R",86,"R",134,"G",1835,"G",6,"G",1835,"G",6,3
242699,"R",55984,"R",981,"R",692,"G",1867,"G",29,"G",1867,"G",29,3
242705,"R",127600,"R",2035,"R",740,"G",4256,"G",31,"G",4256,"G",31,3
242741,"A",,"R",195600,"A",,"G",217,"A",,"G",217,"A",,1
242750,"R",4320,"A",,"A",,"G",144,"A",,"G",144,"A",,2
242820,"R",61416,"A",,"A",,"G",2047,"A",,"G",2047,"A",,2
242884,"R",50000,"A",,"A",,"G",1667,"A",,"G",1667,"A",,2
242945,"A",,"R",280600,"A",,"G",312,"A",,"G",312,"A",,1
242954,"A",,"R",87800,"A",,"G",98,"A",,"G",98,"A",,1
242972,"R",69240,"A",,"A",,"G",2308,"A",,"G",2308,"A",,2
242981,"R",45498,"R",0,"A",,"G",1517,"A",,"G",1517,"A",,3
243072,"R",69132,"A",,"A",,"G",2304,"A",,"G",2304,"A",,2
243081,"A",,"A",,"R",11531,"A",,"G",480,"A",,"G",480,2
243106,"R",84821,"A",,"A",,"G",2827,"A",,"R",2971,"A",,2
243115,"R",108729,"A",,"A",,"G",3624,"A",,"R",3823,"A",,2
243133,"R",105168,"R",71825,"A",,"G",3585,"A",,"R",4188,"A",,3
243142,"R",107460,"A",,"A",,"G",2388,"A",,"G",2388,"A",,2
243151,"R",92662,"A",,"A",,"G",3089,"A",,"R",3261,"A",,2
243179,"R",114959,"A",,"A",,"G",3832,"A",,"R",3824,"A",,2
243188,"R",39979,"A",,"A",,"G",1333,"A",,"G",1333,"A",,2
243197,"R",337051,"A",,"R",10665,"G",11235,"G",444,"G",11235,"G",444,2
243203,"R",12995,"R",0,"R",23662,"G",433,"G",986,"G",433,"G",986,3
243212,"R",92384,"A",,"A",,"G",3079,"A",,"R",3232,"A",,2
243221,"R",391498,"A",,"R",37367,"G",13050,"G",1557,"R",13641,"R",2640,2
243346,"R",238247,"A",,"R",4439,"G",7942,"G",185,"G",7942,"G",185,2
243382,"R",16107,"A",,"A",,"G",537,"A",,"G",537,"A",,2
243407,"A",,"R",20268,"A",,"G",23,"A",,"R",23,"A",,1
243416,"A",,"R",336000,"A",,"G",373,"A",,"G",373,"A",,1
243443,"R",138240,"A",,"R",11256,"G",4608,"G",469,"G",4608,"G",469,2
243498,"A",,"A",,"R",2891,"A",,"G",120,"A",,"R",240,2
243568,"R",2833,"A",,"R",487,"G",94,"G",20,"G",94,"G",20,2
243577,"R",148463,"A",,"R",8760,"G",4949,"G",365,"G",4949,"G",365,2
243586,"R",18320,"A",,"R",1293,"G",611,"G",54,"G",611,"G",54,2
243601,"R",429611,"A",,"R",73569,"G",14320,"G",3065,"G",14320,"G",3065,2
243638,"R",57592,"A",,"A",,"G",1920,"A",,"G",1920,"A",,2
243647,"R",20370,"A",,"A",,"G",679,"A",,"R",679,"A",,2
243665,"R",50713,"A",,"R",2820,"G",1690,"G",118,"G",1690,"G",118,2
243744,"R",315343,"A",,"R",218833,"G",7008,"G",6079,"G",7008,"G",6079,2
243780,"R",945442,"A",,"R",162964,"G",31515,"G",6790,"G",31515,"G",6790,2
243799,"A",,"R",60237,"A",,"G",67,"A",,"G",67,"A",,1
243823,"R",2268,"A",,"A",,"G",76,"A",,"G",76,"A",,2
243832,"R",27776,"A",,"R",1260,"G",926,"G",53,"G",926,"G",53,2
243841,"R",12192,"A",,"A",,"G",406,"A",,"G",406,"A",,2
243902,"P",,"P",42176,"P",0,"P",47,"P",0,"P",47,"P",0,1
244011,"R",41048,"A",,"A",,"G",912,"A",,"G",912,"A",,2
244154,"R",20220,"A",,"A",,"G",449,"A",,"G",449,"A",,2
244190,"R",3085,"A",,"R",832,"G",103,"G",35,"G",103,"G",35,2
244233,"R",50155,"A",,"A",,"G",1115,"A",,"G",1115,"A",,2
244279,"A",,"R",64577,"A",,"G",72,"A",,"G",72,"A",,1
244437,"R",470777,"A",,"A",,"G",15693,"A",,"G",15693,"A",,2
244446,"R",147554,"A",,"A",,"G",3279,"A",,"G",3279,"A",,2
244464,"R",252,"A",,"R",559,"G",8,"G",23,"G",8,"G",23,2
244491,"A",,"R",117530,"A",,"G",131,"A",,"G",131,"A",,1
244561,"A",,"R",477367,"A",,"G",530,"A",,"G",530,"A",,1
244613,"A",,"R",256728,"A",,"G",285,"A",,"G",285,"A",,1
245032,"R",26362,"A",,"A",,"G",586,"A",,"G",586,"A",,2
245069,"A",,"R",48600,"A",,"G",54,"A",,"G",54,"A",,1
245281,"A",,"R",75600,"A",,"G",84,"A",,"G",84,"A",,1
245290,"A",,"R",192000,"A",,"G",213,"A",,"G",213,"A",,1
245342,"R",29568,"A",,"A",,"G",657,"A",,"G",657,"A",,2
245625,"R",25247,"A",,"A",,"G",842,"A",,"G",842,"A",,2
245652,"R",15232,"A",,"R",2505,"G",508,"G",104,"G",508,"G",104,2
245731,"R",610,"A",,"R",285,"G",20,"G",12,"G",20,"G",12,2
245777,"R",630,"A",,"R",390,"G",21,"G",16,"G",21,"G",16,2
245838,"R",5524,"A",,"R",16126,"G",123,"G",448,"G",123,"G",448,2
245847,"R",3839,"A",,"R",7974,"G",85,"G",222,"G",85,"G",222,2
245865,"A",,"A",,"R",17868,"A",,"G",745,"A",,"R",807,2
245883,"R",7319,"A",,"R",19421,"G",163,"G",539,"G",163,"G",539,2
245892,"R",4726,"A",,"R",13218,"G",105,"G",367,"G",105,"G",367,2
245953,"R",18158,"A",,"R",285,"G",605,"G",12,"G",605,"G",12,2
245962,"A",,"R",857715,"A",,"G",953,"A",,"G",953,"A",,1
245980,"A",,"R",55500,"A",,"G",62,"A",,"G",62,"A",,1
245999,"A",,"R",1155908,"A",,"G",1284,"A",,"G",1284,"A",,1
246008,"R",15600,"A",,"A",,"G",520,"A",,"G",520,"A",,2
246017,"A",,"R",526484,"A",,"G",585,"A",,"G",585,"A",,1
246035,"R",35208,"A",,"A",,"G",1174,"A",,"G",1174,"A",,2
246071,"A",,"R",115640,"A",,"G",128,"A",,"G",128,"A",,1
246202,"R",13221,"A",,"R",2333,"G",441,"G",97,"R",441,"R",97,2
246266,"A",,"R",792240,"A",,"G",880,"A",,"G",880,"A",,1
246345,"A",,"A",,"R",3664,"A",,"G",153,"A",,"G",153,2
246354,"A",,"R",3029680,"A",,"G",3366,"A",,"G",3366,"A",,1
246406,"A",,"R",40164,"A",,"G",45,"A",,"G",45,"A",,1
246415,"A",,"R",111880,"A",,"G",124,"A",,"G",124,"A",,1
246460,"A",,"R",13540,"A",,"G",15,"A",,"G",15,"A",,1
246594,"A",,"R",89840,"A",,"G",100,"A",,"R",50,"A",,1
246789,"A",,"A",,"R",2570,"A",,"G",107,"A",,"G",107,2
246813,"R",125666,"A",,"A",,"G",2793,"A",,"G",2793,"A",,2
246895,"A",,"R",319723,"A",,"G",355,"A",,"G",355,"A",,1
246974,"R",26752,"A",,"A",,"G",892,"A",,"G",892,"A",,2
247010,"A",,"R",51849,"A",,"G",58,"A",,"G",58,"A",,1
247047,"A",,"R",26706,"A",,"G",30,"A",,"G",30,"A",,1
247065,"R",20139,"A",,"A",,"G",448,"A",,"G",448,"A",,2
247153,"R",7832,"A",,"A",,"G",174,"A",,"G",174,"A",,2
247162,"R",237,"A",,"R",864,"G",5,"G",24,"R",22,"R",36,2
247409,"R",9122,"A",,"A",,"G",304,"A",,"G",304,"A",,2
247603,"R",60110,"A",,"A",,"G",2004,"A",,"G",2004,"A",,2
247649,"R",9457,"A",,"A",,"G",315,"A",,"R",394,"A",,2
247700,"R",9448,"A",,"A",,"G",210,"A",,"G",210,"A",,2
247773,"R",1204,"A",,"R",120,"G",40,"G",5,"G",40,"G",5,2
247825,"R",363,"A",,"R",364,"G",12,"G",15,"G",12,"G",15,2
247834,"R",370956,"A",,"A",,"G",12365,"A",,"G",12365,"A",,2
247922,"A",,"A",,"R",1190,"A",,"G",50,"A",,"G",50,2
247940,"R",72278,"A",,"A",,"G",2409,"A",,"G",2409,"A",,2
248165,"A",,"R",14400,"A",,"G",16,"A",,"G",16,"A",,1
248192,"A",,"R",33300,"A",,"G",37,"A",,"G",37,"A",,1
248305,"A",,"R",145214,"A",,"G",161,"A",,"G",161,"A",,1
248314,"A",,"R",45900,"A",,"G",51,"A",,"G",51,"A",,1
248527,"A",,"R",55785,"A",,"G",62,"A",,"G",62,"A",,1
248606,"A",,"R",584466,"A",,"G",649,"A",,"G",649,"A",,1
248624,"A",,"R",188034,"A",,"G",209,"A",,"G",209,"A",,1
248633,"A",,"R",93380,"A",,"G",104,"A",,"G",104,"A",,1
248660,"A",,"R",47880,"A",,"G",53,"A",,"G",53,"A",,1
248703,"A",,"R",196810,"A",,"G",219,"A",,"G",219,"A",,1
248776,"R",59136,"A",,"A",,"G",1314,"A",,"G",1314,"A",,2
248794,"R",35677,"A",,"A",,"G",793,"A",,"G",793,"A",,2
248846,"R",10260,"A",,"A",,"G",228,"A",,"G",228,"A",,2
248882,"R",10774,"A",,"A",,"G",239,"A",,"G",239,"A",,2
248925,"A",,"R",608465,"A",,"G",676,"A",,"G",676,"A",,1
248934,"R",184561,"A",,"A",,"G",6152,"A",,"G",6152,"A",,2
248943,"R",30226,"A",,"A",,"G",1008,"A",,"G",1008,"A",,2
248970,"R",18411,"A",,"A",,"G",614,"A",,"G",614,"A",,2
249061,"A",,"R",487500,"A",,"G",542,"A",,"G",542,"A",,1
249140,"A",,"R",1184400,"A",,"G",1316,"A",,"G",1316,"A",,1
249238,"A",,"R",94960,"A",,"G",106,"A",,"G",106,"A",,1
249247,"R",536752,"A",,"A",,"G",17892,"A",,"R",17743,"A",,2
249566,"A",,"R",115216,"A",,"G",128,"A",,"G",128,"A",,1
249609,"A",,"R",202903,"A",,"G",225,"A",,"G",225,"A",,1
249779,"R",3363,"A",,"A",,"G",112,"A",,"G",112,"A",,2
250027,"A",,"R",219655,"A",,"G",244,"A",,"G",244,"A",,1
250072,"R",4599,"R",4600,"A",,"G",158,"A",,"G",158,"A",,3
250285,"R",22940,"A",,"A",,"G",765,"A",,"R",765,"A",,2
250407,"R",31610,"A",,"A",,"G",1054,"A",,"G",1054,"A",,2
250498,"A",,"R",97869,"A",,"G",109,"A",,"G",109,"A",,1
250744,"R",12951,"A",,"A",,"G",288,"A",,"G",288,"A",,2
250832,"A",,"R",72719,"A",,"G",81,"A",,"G",81,"A",,1
250902,"A",,"R",94500,"A",,"G",105,"A",,"G",105,"A",,1
250920,"A",,"R",1143900,"A",,"G",1271,"A",,"G",1271,"A",,1
250993,"A",,"R",126000,"A",,"G",140,"A",,"G",140,"A",,1
251075,"A",,"R",395988,"A",,"G",440,"A",,"G",440,"A",,1
251251,"R",12136,"A",,"A",,"G",270,"A",,"G",270,"A",,2
251260,"R",119837,"A",,"A",,"G",3995,"A",,"G",3995,"A",,2
251312,"R",18636,"A",,"R",2793,"G",414,"G",78,"R",414,"R",78,2
260293,"R",152445,"R",1646146,"R",9124,"G",5217,"G",253,"G",5217,"G",253,3
260336,"A",,"R",1044,"A",,"G",1,"A",,"G",1,"A",,1
260354,"R",6622,"A",,"A",,"G",221,"A",,"G",221,"A",,2
260363,"A",,"R",44072,"A",,"G",49,"A",,"R",35,"A",,1
260372,"R",10284,"A",,"A",,"G",343,"A",,"G",343,"A",,2
260664,"R",3616,"A",,"A",,"G",121,"A",,"G",121,"A",,2
260691,"A",,"R",846656,"A",,"G",941,"A",,"G",941,"A",,1
260789,"R",7952,"A",,"A",,"G",265,"A",,"G",265,"A",,2
260804,"R",7140,"A",,"A",,"G",238,"A",,"G",238,"A",,2
260813,"R",6270,"A",,"A",,"G",209,"A",,"G",209,"A",,2
260901,"R",1013498,"A",,"R",14692,"G",22522,"G",408,"G",22522,"G",408,2
260910,"R",34299,"A",,"A",,"G",762,"A",,"G",762,"A",,2
260929,"A",,"R",306000,"A",,"G",340,"A",,"G",340,"A",,1
260947,"R",2091,"A",,"A",,"G",70,"A",,"G",70,"A",,2
260956,"A",,"A",,"R",852,"A",,"G",36,"A",,"G",36,2
260965,"A",,"R",138450,"A",,"G",154,"A",,"G",154,"A",,1
260974,"R",24071,"A",,"A",,"G",535,"A",,"G",535,"A",,2
260992,"R",32278,"A",,"A",,"G",717,"A",,"G",717,"A",,2
261375,"A",,"R",468381,"A",,"G",520,"A",,"G",520,"A",,1
261384,"A",,"R",274901,"A",,"G",305,"A",,"G",305,"A",,1
261393,"A",,"R",229390,"A",,"G",255,"A",,"G",255,"A",,1
261436,"A",,"R",472399,"A",,"G",525,"A",,"G",525,"A",,1
261472,"R",29752,"A",,"A",,"G",661,"A",,"G",661,"A",,2
261676,"R",10235,"A",,"A",,"G",341,"A",,"G",341,"A",,2
261685,"R",6586,"A",,"A",,"G",220,"A",,"G",220,"A",,2
261719,"A",,"R",26283,"A",,"G",29,"A",,"G",29,"A",,1
261773,"A",,"R",40870,"A",,"G",45,"A",,"R",38,"A",,1
261861,"R",7314,"A",,"A",,"G",163,"A",,"G",163,"A",,2
261931,"R",9899,"A",,"A",,"G",330,"A",,"G",330,"A",,2
262013,"R",2706,"A",,"R",62,"G",90,"G",3,"G",90,"G",3,2
262022,"A",,"A",,"R",4264,"A",,"G",118,"A",,"G",118,2
262031,"R",139742,"A",,"A",,"G",4658,"A",,"G",4658,"A",,2
262086,"R",62329,"A",,"R",76573,"G",2078,"G",3191,"G",2078,"G",3191,2
262129,"R",26724,"A",,"A",,"G",891,"A",,"G",891,"A",,2
262235,"A",,"R",77970,"A",,"G",87,"A",,"G",87,"A",,1
262299,"A",,"R",113722,"A",,"G",126,"A",,"G",126,"A",,1
262305,"R",17912,"A",,"A",,"G",398,"A",,"G",398,"A",,2
262332,"R",52604,"A",,"A",,"G",1753,"A",,"G",1753,"A",,2
262341,"A",,"R",579600,"A",,"G",644,"A",,"G",644,"A",,1
262402,"A",,"R",275640,"A",,"G",306,"A",,"G",306,"A",,1
262457,"R",29652,"A",,"A",,"G",988,"A",,"G",988,"A",,2
262509,"R",31022,"A",,"A",,"G",1034,"A",,"G",1034,"A",,2
262660,"A",,"R",58500,"A",,"G",65,"A",,"G",65,"A",,1
362700,"A",,"R",159772,"A",,"G",178,"A",,"G",178,"A",,1
362782,"A",,"R",51060,"A",,"G",57,"A",,"G",57,"A",,1
363013,"R",7520,"A",,"A",,"G",251,"A",,"G",251,"A",,2
363077,"A",,"R",127816,"A",,"G",142,"A",,"G",142,"A",,1
363147,"A",,"R",68100,"A",,"G",76,"A",,"G",76,"A",,1
363165,"A",,"R",787485,"A",,"G",875,"A",,"R",1500,"A",,1
363217,"A",,"R",26155,"A",,"G",29,"A",,"G",29,"A",,1
363387,"R",20827,"A",,"A",,"G",463,"A",,"R",463,"A",,2
363439,"R",15500,"A",,"A",,"G",517,"A",,"G",517,"A",,2
363457,"R",23658,"A",,"A",,"G",526,"A",,"G",526,"A",,2
363527,"A",,"R",191040,"A",,"G",212,"A",,"G",212,"A",,1
363590,"A",,"R",255900,"A",,"G",284,"A",,"G",284,"A",,1
363633,"R",28782,"A",,"A",,"G",959,"A",,"G",959,"A",,2
363679,"A",,"R",220719,"A",,"G",245,"A",,"G",245,"A",,1
363712,"R",1100,"A",,"R",1000,"G",37,"G",42,"G",37,"G",42,2
363882,"A",,"R",80100,"A",,"G",89,"A",,"G",89,"A",,1
363907,"R",25288,"A",,"R",11079,"G",843,"G",462,"G",843,"G",462,2
363916,"R",18465,"A",,"R",12615,"G",616,"G",526,"G",616,"G",526,2
363934,"R",38798,"A",,"R",600,"G",1293,"G",25,"G",1293,"G",25,2
364016,"R",129716,"A",,"A",,"G",4324,"A",,"G",4324,"A",,2
364025,"R",135507,"A",,"A",,"G",4517,"A",,"G",4517,"A",,2
364122,"R",192,"A",,"A",,"G",6,"A",,"G",6,"A",,2
364168,"R",7530,"A",,"A",,"G",251,"A",,"G",251,"A",,2
364308,"R",10270,"A",,"A",,"G",342,"A",,"G",342,"A",,2
364317,"A",,"R",135066,"A",,"G",150,"A",,"G",150,"A",,1
364326,"A",,"R",461346,"A",,"G",513,"A",,"G",513,"A",,1
364335,"A",,"R",537734,"A",,"G",597,"A",,"G",597,"A",,1
364548,"A",,"R",318865,"A",,"G",354,"A",,"G",354,"A",,1
364566,"A",,"R",137751,"A",,"G",153,"A",,"G",153,"A",,1
364575,"A",,"R",52300,"A",,"G",58,"A",,"G",58,"A",,1
364584,"A",,"R",74250,"A",,"G",83,"A",,"G",83,"A",,1
364593,"R",21999,"A",,"A",,"G",733,"A",,"R",84,"A",,2
364609,"A",,"R",28071,"A",,"G",31,"A",,"G",31,"A",,1
364618,"A",,"R",61500,"A",,"G",68,"A",,"G",68,"A",,1
364627,"A",,"R",233796,"A",,"G",260,"A",,"G",260,"A",,1
364636,"A",,"R",65880,"A",,"G",73,"A",,"G",73,"A",,1
364751,"A",,"R",13568,"A",,"G",15,"A",,"G",15,"A",,1
364760,"A",,"R",38720,"A",,"G",43,"A",,"G",43,"A",,1
364812,"A",,"R",96100,"A",,"G",107,"A",,"G",107,"A",,1
364885,"R",44112,"A",,"A",,"G",980,"A",,"G",980,"A",,2
364946,"A",,"R",605712,"A",,"G",673,"A",,"G",673,"A",,1
364955,"R",38253,"A",,"A",,"G",1275,"A",,"G",1275,"A",,2
364964,"A",,"R",53704,"A",,"G",60,"A",,"G",60,"A",,1
364973,"R",39843,"A",,"A",,"G",1328,"A",,"G",1328,"A",,2
365055,"R",65991,"A",,"A",,"G",1466,"A",,"G",1466,"A",,2
365073,"A",,"R",122959,"A",,"G",137,"A",,"G",137,"A",,1
365091,"A",,"R",260814,"A",,"G",290,"A",,"G",290,"A",,1
365107,"A",,"R",121950,"A",,"G",136,"A",,"G",136,"A",,1
365125,"A",,"R",226775,"A",,"G",252,"A",,"G",252,"A",,1
365198,"A",,"R",304169,"A",,"G",338,"A",,"G",338,"A",,1
365204,"A",,"R",339300,"A",,"G",377,"A",,"G",377,"A",,1
365213,"A",,"R",408738,"A",,"G",454,"A",,"G",454,"A",,1
365277,"A",,"R",20690,"A",,"G",23,"A",,"G",23,"A",,1
365310,"R",8189,"A",,"A",,"G",182,"A",,"G",182,"A",,2
365374,"A",,"R",805350,"A",,"G",895,"A",,"G",895,"A",,1
365383,"A",,"R",174000,"A",,"G",193,"A",,"G",193,"A",,1
365426,"A",,"A",,"R",9328,"A",,"G",259,"A",,"R",237,2
365453,"A",,"R",58500,"A",,"G",65,"A",,"G",65,"A",,1
365480,"A",,"R",485899,"A",,"G",540,"A",,"G",540,"A",,1
365505,"A",,"R",153696,"A",,"G",171,"A",,"G",171,"A",,1
365569,"A",,"R",56580,"A",,"G",63,"A",,"G",63,"A",,1
365693,"A",,"R",138600,"A",,"G",154,"A",,"R",89,"A",,1
365824,"R",6274,"A",,"A",,"G",209,"A",,"G",209,"A",,2
365833,"R",6942,"A",,"A",,"G",231,"A",,"G",231,"A",,2
365912,"P",12972,"A",,"P",0,"P",432,"P",0,"P",432,"P",0,2
365930,"R",2832,"A",,"A",,"G",94,"A",,"G",94,"A",,2
366155,"A",,"R",34580,"A",,"G",38,"A",,"G",38,"A",,1
366191,"R",170888,"A",,"A",,"G",5696,"A",,"G",5696,"A",,2
366252,"R",176367,"A",,"A",,"G",5879,"A",,"G",5879,"A",,2
366261,"A",,"R",95251,"A",,"G",106,"A",,"G",106,"A",,1
366270,"A",,"R",699000,"A",,"G",777,"A",,"G",777,"A",,1
366289,"R",4187,"A",,"A",,"G",140,"A",,"G",140,"A",,2
366340,"R",5014,"A",,"A",,"G",167,"A",,"G",167,"A",,2
366368,"A",,"A",,"R",2568,"A",,"G",107,"A",,"R",107,2
366395,"R",425947,"A",,"A",,"G",14198,"A",,"G",14198,"A",,2
366401,"R",125335,"R",43028,"A",,"G",4226,"A",,"G",4226,"A",,3
366438,"A",,"R",86700,"A",,"G",96,"A",,"G",96,"A",,1
366447,"R",35277,"A",,"A",,"G",784,"A",,"G",784,"A",,2
366456,"R",69365,"A",,"A",,"G",1541,"A",,"G",1541,"A",,2
366465,"R",80157,"A",,"A",,"G",1781,"A",,"G",1781,"A",,2
366535,"R",24747,"A",,"A",,"G",550,"A",,"G",550,"A",,2
366544,"A",,"R",1049400,"A",,"G",1166,"A",,"G",1166,"A",,1
366553,"R",93586,"A",,"A",,"G",2080,"A",,"G",2080,"A",,2
366571,"R",1879,"A",,"A",,"G",63,"A",,"G",63,"A",,2
366580,"R",11819,"A",,"A",,"G",263,"A",,"G",263,"A",,2
366605,"A",,"A",,"R",4418,"A",,"G",184,"A",,"R",80,2
366623,"A",,"R",30975,"A",,"G",34,"A",,"G",34,"A",,1
366632,"A",,"R",106500,"A",,"G",118,"A",,"G",118,"A",,1
366650,"R",30793,"A",,"A",,"G",684,"A",,"G",684,"A",,2
366678,"R",30676,"A",,"A",,"G",682,"A",,"G",682,"A",,2
366696,"R",15644,"A",,"A",,"G",348,"A",,"G",348,"A",,2
366711,"R",163160,"A",,"R",24913,"G",5439,"G",1038,"G",5439,"G",1038,2
366748,"R",1209,"A",,"R",8277,"G",40,"G",345,"G",40,"G",345,2
366784,"Z",,"A",,"R",1038,"A",,"G",43,"A",,"G",43,2
366793,"A",,"A",,"R",216,"A",,"G",9,"A",,"R",17,2
366960,"R",21648,"A",,"A",,"G",722,"A",,"G",722,"A",,2
367024,"R",37168,"A",,"A",,"G",826,"A",,"G",826,"A",,2
367051,"A",,"R",136500,"A",,"G",152,"A",,"G",152,"A",,1
367088,"A",,"R",37580,"A",,"G",42,"A",,"G",42,"A",,1
367097,"A",,"R",124800,"A",,"G",139,"A",,"G",139,"A",,1
367103,"R",1830,"A",,"A",,"G",61,"A",,"G",61,"A",,2
367112,"R",25008,"A",,"A",,"G",556,"A",,"G",556,"A",,2
367130,"A",,"R",176050,"A",,"G",196,"A",,"G",196,"A",,1
367158,"R",4005,"A",,"A",,"G",134,"A",,"G",134,"A",,2
367176,"A",,"R",126000,"A",,"G",140,"A",,"G",140,"A",,1
367194,"R",13383,"A",,"A",,"G",446,"A",,"G",446,"A",,2
367264,"A",,"R",388800,"A",,"G",432,"A",,"G",432,"A",,1
367316,"A",,"R",367640,"A",,"G",408,"A",,"G",408,"A",,1
367334,"A",,"R",164993,"A",,"G",183,"A",,"G",183,"A",,1
367343,"A",,"R",54000,"A",,"G",60,"A",,"G",60,"A",,1
367361,"A",,"R",18000,"A",,"G",20,"A",,"G",20,"A",,1
367398,"R",9367,"R",200650,"A",,"G",535,"A",,"R",208,"A",,3
367413,"R",57472,"A",,"A",,"G",1916,"A",,"G",1916,"A",,2
367431,"A",,"R",66270,"A",,"G",74,"A",,"G",74,"A",,1
367459,"R",101363,"A",,"A",,"G",3379,"A",,"G",3379,"A",,2
367662,"A",,"R",92248,"A",,"G",102,"A",,"G",102,"A",,1
367723,"R",831,"A",,"A",,"G",28,"A",,"G",28,"A",,2
367839,"R",10997,"A",,"A",,"G",367,"A",,"G",367,"A",,2
367875,"A",,"R",122549,"A",,"G",136,"A",,"G",136,"A",,1
367884,"R",43147,"A",,"R",3382,"G",1438,"G",141,"G",1438,"G",141,2
367893,"R",313,"A",,"R",496,"G",10,"G",21,"G",10,"G",21,2
367909,"R",40849,"R",452640,"R",514,"G",1411,"G",14,"G",1411,"G",14,3
367936,"R",882,"A",,"R",15737,"G",29,"G",656,"G",29,"G",656,2
367972,"A",,"R",352450,"A",,"G",392,"A",,"G",392,"A",,1
367981,"A",,"R",172358,"A",,"G",192,"A",,"G",192,"A",,1
368036,"A",,"R",56764,"A",,"G",63,"A",,"G",63,"A",,1
368160,"A",,"R",75134,"A",,"G",83,"A",,"G",83,"A",,1
368188,"A",,"R",140165,"A",,"G",156,"A",,"G",156,"A",,1
368203,"A",,"R",124286,"A",,"G",138,"A",,"G",138,"A",,1
368230,"A",,"R",198627,"A",,"G",221,"A",,"G",221,"A",,1
368364,"A",,"R",173452,"A",,"G",193,"A",,"G",193,"A",,1
368407,"A",,"R",87010,"A",,"G",97,"A",,"G",97,"A",,1
368443,"R",19709,"A",,"A",,"G",657,"A",,"G",657,"A",,2
368452,"R",13800,"A",,"A",,"G",460,"A",,"G",460,"A",,2
368540,"A",,"R",92346,"A",,"G",103,"A",,"G",103,"A",,1
368601,"R",29072,"A",,"A",,"G",646,"A",,"G",646,"A",,2
368629,"A",,"R",308920,"A",,"G",343,"A",,"G",343,"A",,1
368771,"R",720,"A",,"A",,"G",24,"A",,"G",24,"A",,2
368780,"A",,"R",82111,"A",,"G",91,"A",,"G",91,"A",,1
368799,"A",,"R",434700,"A",,"G",483,"A",,"G",483,"A",,1
368805,"A",,"R",371200,"A",,"G",412,"A",,"G",412,"A",,1
368832,"A",,"R",48410,"A",,"G",54,"A",,"G",54,"A",,1
368911,"R",37372,"A",,"A",,"G",830,"A",,"G",830,"A",,2
368993,"A",,"R",48106,"A",,"G",53,"A",,"G",53,"A",,1
369020,"A",,"R",51000,"A",,"G",57,"A",,"G",57,"A",,1
369084,"R",22864,"A",,"A",,"G",508,"A",,"G",508,"A",,2
369109,"A",,"R",108281,"A",,"G",120,"A",,"G",120,"A",,1
369172,"R",91220,"A",,"A",,"G",3041,"A",,"G",3041,"A",,2
369181,"R",18599,"A",,"A",,"G",620,"A",,"G",620,"A",,2
369400,"R",153215,"A",,"A",,"G",5107,"A",,"G",5107,"A",,2
369419,"A",,"R",903100,"A",,"G",1003,"A",,"G",1003,"A",,1
369446,"A",,"R",151500,"A",,"G",168,"A",,"G",168,"A",,1
369455,"R",9400,"A",,"A",,"G",209,"A",,"G",209,"A",,2
369516,"R",12015,"A",,"A",,"G",267,"A",,"G",267,"A",,2
369622,"A",,"R",67244,"A",,"G",75,"A",,"G",75,"A",,1
369659,"A",,"A",,"R",15291,"A",,"G",425,"A",,"R",237,2
369668,"A",,"R",78940,"A",,"G",88,"A",,"R",82,"A",,1
369686,"A",,"R",153740,"A",,"G",171,"A",,"G",171,"A",,1
369695,"A",,"R",121309,"A",,"G",135,"A",,"G",135,"A",,1
369783,"A",,"R",595411,"A",,"G",662,"A",,"G",662,"A",,1
369792,"A",,"R",35992,"A",,"G",40,"A",,"G",40,"A",,1
369817,"A",,"A",,"R",1871,"A",,"G",52,"A",,"G",52,2
369853,"R",16764,"A",,"A",,"G",373,"A",,"G",373,"A",,2
369862,"R",13196,"A",,"A",,"G",293,"A",,"G",293,"A",,2
369905,"R",11727,"A",,"A",,"G",391,"A",,"G",391,"A",,2
369950,"A",,"R",71628,"A",,"G",80,"A",,"G",80,"A",,1
371034,"A",,"R",42000,"A",,"G",47,"A",,"G",47,"A",,1
371052,"A",,"R",621400,"A",,"G",690,"A",,"G",690,"A",,1
371140,"A",,"R",6450,"A",,"G",7,"A",,"G",7,"A",,1
371265,"A",,"R",654472,"A",,"G",727,"A",,"G",727,"A",,1
371760,"R",31756,"A",,"A",,"G",706,"A",,"R",706,"A",,2
371779,"R",46496,"A",,"A",,"G",1033,"A",,"R",1033,"A",,2
371830,"A",,"R",21600,"A",,"G",24,"A",,"G",24,"A",,1
371928,"A",,"R",430900,"A",,"G",479,"A",,"G",479,"A",,1
371964,"A",,"R",285120,"A",,"G",317,"A",,"G",317,"A",,1
371982,"R",0,"R",588431,"A",,"G",654,"A",,"G",654,"A",,3
372000,"A",,"R",83960,"A",,"G",93,"A",,"G",93,"A",,1
372028,"A",,"R",210080,"A",,"G",233,"A",,"G",233,"A",,1
372037,"A",,"R",720000,"A",,"G",800,"A",,"G",800,"A",,1
372073,"P",7205,"A",,"P",0,"P",240,"P",0,"P",240,"P",0,2
372082,"A",,"R",424036,"A",,"G",471,"A",,"G",471,"A",,1
372143,"A",,"R",699887,"A",,"G",778,"A",,"R",778,"A",,1
372213,"R",1717815,"A",,"R",836212,"G",57261,"G",34842,"G",57261,"G",34842,2
372222,"R",67786,"A",,"R",17435,"G",2260,"G",726,"G",2260,"G",726,2
372240,"A",,"R",53300,"A",,"G",59,"A",,"G",59,"A",,1
372329,"R",16875,"A",,"A",,"G",375,"A",,"G",375,"A",,2
372356,"P",440,"P",175493,"P",0,"P",210,"P",0,"P",210,"P",0,3
372462,"A",,"R",75660,"A",,"G",84,"A",,"G",84,"A",,1
372480,"R",12587,"A",,"A",,"G",420,"A",,"G",420,"A",,2
372523,"A",,"R",508585,"A",,"G",565,"A",,"G",565,"A",,1
372578,"R",22985,"A",,"A",,"G",511,"A",,"G",511,"A",,2
372718,"A",,"R",115150,"A",,"G",128,"A",,"G",128,"A",,1
372772,"R",18220,"A",,"A",,"G",607,"A",,"G",607,"A",,2
372921,"A",,"R",908170,"A",,"G",1009,"A",,"G",1009,"A",,1
372958,"R",27578,"A",,"A",,"G",613,"A",,"G",613,"A",,2
373058,"R",4397,"A",,"A",,"G",98,"A",,"G",98,"A",,2
373085,"R",5996,"A",,"A",,"G",133,"A",,"G",133,"A",,2
373119,"A",,"R",121806,"A",,"G",135,"A",,"G",135,"A",,1
373216,"A",,"R",282616,"A",,"G",314,"A",,"G",314,"A",,1
373340,"A",,"R",104556,"A",,"G",116,"A",,"G",116,"A",,1
373447,"R",1064,"A",,"A",,"G",35,"A",,"G",35,"A",,2
373526,"R",5792,"A",,"A",,"G",193,"A",,"G",193,"A",,2
373605,"A",,"R",45000,"A",,"G",50,"A",,"G",50,"A",,1
373678,"A",,"R",1000,"A",,"G",1,"A",,"G",1,"A",,1
373696,"A",,"R",221000,"A",,"G",246,"A",,"G",246,"A",,1
373711,"A",,"R",49016,"A",,"G",54,"A",,"R",44,"A",,1
373784,"A",,"R",679720,"A",,"G",755,"A",,"G",755,"A",,1
373827,"R",8394,"A",,"A",,"G",280,"A",,"G",280,"A",,2
373890,"A",,"R",493760,"A",,"G",549,"A",,"G",549,"A",,1
374024,"A",,"A",,"R",2795,"A",,"G",78,"A",,"G",78,2
374112,"A",,"R",29372,"A",,"G",33,"A",,"G",33,"A",,1
374291,"A",,"R",92896,"A",,"G",103,"A",,"G",103,"A",,1
374316,"A",,"R",85997,"A",,"G",96,"A",,"G",96,"A",,1
374440,"A",,"R",0,"A",,"R",0,"A",,"R",0,"A",,1
374574,"R",9989,"A",,"A",,"G",333,"A",,"G",333,"A",,2
374592,"A",,"R",100550,"A",,"G",112,"A",,"G",112,"A",,1
374680,"P",,"P",65259,"P",0,"P",73,"P",0,"P",73,"P",0,1
374699,"P",,"P",96494,"P",0,"P",107,"P",0,"P",107,"P",0,1
374875,"A",,"R",648640,"A",,"G",721,"A",,"G",721,"A",,1
374927,"A",,"R",121150,"A",,"G",135,"A",,"G",135,"A",,1
374972,"R",16395,"A",,"A",,"G",547,"A",,"G",547,"A",,2
374990,"A",,"R",84740,"A",,"G",94,"A",,"G",94,"A",,1
375106,"A",,"R",81210,"A",,"G",90,"A",,"G",90,"A",,1
375230,"R",5250,"A",,"A",,"G",175,"A",,"G",175,"A",,2
375300,"A",,"R",436500,"A",,"G",485,"A",,"G",485,"A",,1
375319,"A",,"R",211500,"A",,"G",235,"A",,"G",235,"A",,1
375373,"A",,"R",112500,"A",,"G",125,"A",,"G",125,"A",,1
375407,"A",,"R",31751,"A",,"G",35,"A",,"G",35,"A",,1
375416,"R",38503,"A",,"A",,"G",1283,"A",,"G",1283,"A",,2
375489,"R",75504,"A",,"A",,"G",1678,"A",,"G",1678,"A",,2
375540,"A",,"R",54145,"A",,"G",60,"A",,"G",60,"A",,1
375559,"A",,"R",113726,"A",,"G",126,"A",,"G",126,"A",,1
375568,"A",,"R",20931,"A",,"G",23,"A",,"G",23,"A",,1
375647,"R",11736,"A",,"A",,"G",391,"A",,"G",391,"A",,2
375656,"A",,"R",65032,"A",,"G",72,"A",,"G",72,"A",,1
375683,"A",,"R",534611,"A",,"G",594,"A",,"G",594,"A",,1
375692,"A",,"R",99000,"A",,"G",110,"A",,"G",110,"A",,1
375708,"A",,"R",118650,"A",,"G",132,"A",,"R",140,"A",,1
375717,"A",,"R",127525,"A",,"G",142,"A",,"G",142,"A",,1
375726,"A",,"R",297900,"A",,"G",331,"A",,"G",331,"A",,1
375735,"A",,"R",166176,"A",,"G",185,"A",,"G",185,"A",,1
375744,"A",,"R",263963,"A",,"G",293,"A",,"G",293,"A",,1
375753,"A",,"R",25226,"A",,"G",28,"A",,"G",28,"A",,1
375762,"A",,"R",94633,"A",,"G",105,"A",,"G",105,"A",,1
375841,"R",72628,"A",,"A",,"G",2421,"A",,"G",2421,"A",,2
375902,"A",,"R",14850,"A",,"G",17,"A",,"G",17,"A",,1
375939,"A",,"R",290000,"A",,"G",322,"A",,"G",322,"A",,1
375948,"A",,"R",1016690,"A",,"G",1130,"A",,"G",1130,"A",,1
375966,"A",,"R",115539,"A",,"G",128,"A",,"G",128,"A",,1
375984,"A",,"R",339147,"A",,"G",377,"A",,"G",377,"A",,1
376039,"R",2592,"A",,"A",,"G",58,"A",,"G",58,"A",,2
376136,"R",11327,"R",208719,"A",,"G",609,"A",,"G",609,"A",,3
376224,"R",31263,"A",,"A",,"G",1042,"A",,"G",1042,"A",,2
376242,"A",,"R",350100,"A",,"G",389,"A",,"G",389,"A",,1
376288,"A",,"R",31680,"A",,"G",35,"A",,"G",35,"A",,1
376321,"R",18813,"A",,"A",,"G",627,"A",,"G",627,"A",,2
376330,"R",21024,"A",,"A",,"G",467,"A",,"G",467,"A",,2
376349,"A",,"R",199800,"A",,"G",222,"A",,"G",222,"A",,1
376385,"R",9146,"R",985575,"A",,"G",1400,"A",,"G",1400,"A",,3
376446,"A",,"R",149874,"A",,"G",167,"A",,"G",167,"A",,1
376631,"A",,"R",26397,"A",,"G",29,"A",,"G",29,"A",,1
376668,"A",,"R",79200,"A",,"G",88,"A",,"G",88,"A",,1
376677,"A",,"R",139472,"A",,"G",155,"A",,"G",155,"A",,1
376695,"R",8051,"A",,"A",,"G",268,"A",,"G",268,"A",,2
376710,"A",,"R",78358,"A",,"G",87,"A",,"G",87,"A",,1
376950,"A",,"R",74000,"A",,"G",82,"A",,"G",82,"A",,1
376987,"A",,"R",167000,"A",,"G",186,"A",,"G",186,"A",,1
377069,"R",32419,"A",,"A",,"G",720,"A",,"G",720,"A",,2
377111,"R",36075,"A",,"A",,"G",1203,"A",,"G",1203,"A",,2
377193,"A",,"R",54450,"A",,"G",61,"A",,"G",61,"A",,1
377218,"A",,"R",71775,"A",,"G",80,"A",,"G",80,"A",,1
377236,"A",,"R",45900,"A",,"G",51,"A",,"G",51,"A",,1
377272,"A",,"R",32700,"A",,"G",36,"A",,"G",36,"A",,1
377281,"A",,"R",52800,"A",,"G",59,"A",,"G",59,"A",,1
377315,"A",,"R",124758,"A",,"G",139,"A",,"G",139,"A",,1
377342,"R",6000,"A",,"A",,"G",200,"A",,"R",200,"A",,2
377403,"A",,"R",46800,"A",,"G",52,"A",,"G",52,"A",,1
377421,"R",6564,"R",115720,"A",,"G",347,"A",,"G",347,"A",,3
377449,"R",12580,"A",,"A",,"G",419,"A",,"R",419,"A",,2
377458,"R",17280,"A",,"A",,"G",576,"A",,"R",576,"A",,2
377485,"A",,"R",21672,"A",,"G",24,"A",,"G",24,"A",,1
377519,"R",5910,"A",,"A",,"G",197,"A",,"R",197,"A",,2
377546,"R",5730,"A",,"A",,"G",191,"A",,"G",191,"A",,2
377555,"R",52343,"A",,"R",5584,"G",1163,"G",155,"G",1163,"G",155,2
377564,"R",69088,"A",,"R",8886,"G",1535,"G",247,"G",1535,"G",247,2
377634,"R",407,"R",17532,"A",,"G",33,"A",,"G",33,"A",,3
377643,"A",,"R",170802,"A",,"G",190,"A",,"G",190,"A",,1
377652,"R",2424,"A",,"A",,"G",81,"A",,"G",81,"A",,2
377661,"R",2139,"A",,"A",,"G",71,"A",,"G",71,"A",,2
377670,"R",731,"A",,"A",,"G",24,"A",,"G",24,"A",,2
377722,"A",,"R",307459,"A",,"G",342,"A",,"G",342,"A",,1
377759,"R",3558,"A",,"A",,"G",119,"A",,"R",119,"A",,2
378105,"A",,"R",134972,"A",,"G",150,"A",,"G",150,"A",,1
378406,"R",21600,"A",,"A",,"G",480,"A",,"G",480,"A",,2
378576,"R",1605,"R",22468,"R",17965,"G",78,"G",749,"G",78,"G",749,3
378886,"A",,"R",228000,"A",,"G",253,"A",,"G",253,"A",,1
378956,"A",,"R",378000,"A",,"G",420,"A",,"G",420,"A",,1
379029,"R",21634,"A",,"A",,"G",721,"A",,"G",721,"A",,2
379074,"A",,"R",18900,"A",,"G",21,"A",,"G",21,"A",,1
379135,"A",,"R",342000,"A",,"G",380,"A",,"G",380,"A",,1
379463,"R",0,"R",206400,"A",,"G",229,"A",,"G",229,"A",,3
379621,"A",,"R",129838,"A",,"G",144,"A",,"R",144,"A",,1
379685,"A",,"R",322200,"A",,"G",358,"A",,"G",358,"A",,1
379782,"R",4104,"A",,"R",1440,"G",137,"G",60,"R",110,"R",50,2
380067,"A",,"R",126992,"A",,"G",141,"A",,"G",141,"A",,1
380094,"R",38196,"A",,"A",,"G",849,"A",,"G",849,"A",,2
380359,"R",8610,"A",,"A",,"G",287,"A",,"G",287,"A",,2
380368,"R",35700,"A",,"A",,"G",1190,"A",,"G",1190,"A",,2
380377,"R",11613,"A",,"A",,"G",258,"A",,"G",258,"A",,2
380401,"A",,"R",274375,"A",,"G",305,"A",,"G",305,"A",,1
380410,"A",,"R",235000,"A",,"G",261,"A",,"G",261,"A",,1
380438,"R",21204,"A",,"A",,"G",471,"A",,"G",471,"A",,2
380447,"A",,"R",121500,"A",,"G",135,"A",,"G",135,"A",,1
380456,"A",,"R",382296,"A",,"G",425,"A",,"G",425,"A",,1
380465,"R",57442,"A",,"R",25756,"G",1915,"G",1073,"G",1915,"G",1073,2
380474,"R",18181,"R",289503,"A",,"G",928,"A",,"G",928,"A",,3
381237,"A",,"R",106830,"A",,"G",119,"A",,"G",119,"A",,1
381255,"A",,"R",159300,"A",,"G",177,"A",,"G",177,"A",,1
381282,"A",,"R",182990,"A",,"G",203,"A",,"G",203,"A",,1
381325,"A",,"R",229650,"A",,"G",255,"A",,"G",255,"A",,1
381334,"A",,"R",155350,"A",,"G",173,"A",,"G",173,"A",,1
381343,"A",,"R",25200,"A",,"G",28,"A",,"G",28,"A",,1
381352,"A",,"A",,"R",4314,"A",,"G",180,"A",,"R",180,2
381361,"A",,"R",14533,"A",,"G",16,"A",,"G",16,"A",,1
381370,"A",,"R",478650,"A",,"G",532,"A",,"G",532,"A",,1
381404,"A",,"R",233218,"A",,"G",259,"A",,"G",259,"A",,1
381486,"A",,"R",18000,"A",,"G",20,"A",,"G",20,"A",,1
381529,"R",26441,"A",,"A",,"G",588,"A",,"G",588,"A",,2
381617,"R",49671,"A",,"R",44,"G",1104,"G",1,"G",1104,"G",1,2
381635,"A",,"R",125200,"A",,"G",139,"A",,"G",139,"A",,1
381644,"A",,"R",131520,"A",,"G",146,"A",,"G",146,"A",,1
381699,"R",1040,"A",,"A",,"G",35,"A",,"G",35,"A",,2
381705,"R",1100,"A",,"A",,"G",37,"A",,"G",37,"A",,2
381732,"R",3725,"R",120945,"A",,"G",217,"A",,"G",217,"A",,3
381741,"R",10648,"A",,"A",,"G",237,"A",,"G",237,"A",,2
381750,"A",,"R",95812,"A",,"G",106,"A",,"G",106,"A",,1
381787,"A",,"R",288853,"A",,"G",321,"A",,"G",321,"A",,1
381796,"R",14885,"A",,"A",,"G",496,"A",,"G",496,"A",,2
381909,"R",41912,"A",,"A",,"G",931,"A",,"G",931,"A",,2
381945,"A",,"R",52644,"A",,"G",58,"A",,"G",58,"A",,1
381990,"R",9660,"A",,"A",,"G",322,"A",,"G",322,"A",,2
382027,"R",14220,"R",15600,"A",,"G",491,"A",,"G",491,"A",,3
382054,"A",,"R",558119,"A",,"G",620,"A",,"G",620,"A",,1
382063,"R",21696,"A",,"R",33837,"G",723,"G",1410,"G",723,"G",1410,2
382258,"A",,"R",180075,"A",,"G",200,"A",,"G",200,"A",,1
382267,"A",,"R",164773,"A",,"G",183,"A",,"G",183,"A",,1
382276,"A",,"R",290500,"A",,"G",323,"A",,"G",323,"A",,1
382382,"A",,"R",193920,"A",,"G",215,"A",,"G",215,"A",,1
382461,"A",,"R",74195,"A",,"G",82,"A",,"G",82,"A",,1
382504,"R",19026,"A",,"A",,"G",634,"A",,"G",634,"A",,2
382531,"R",5220,"A",,"A",,"G",116,"A",,"G",116,"A",,2
382708,"A",,"R",99600,"A",,"G",111,"A",,"G",111,"A",,1
382771,"R",17420,"A",,"A",,"G",387,"A",,"G",387,"A",,2
382780,"A",,"R",41529,"A",,"G",46,"A",,"G",46,"A",,1
382896,"A",,"R",164878,"A",,"G",183,"A",,"R",186,"A",,1
382902,"A",,"R",100434,"A",,"G",112,"A",,"G",112,"A",,1
382911,"R",2449,"A",,"A",,"G",82,"A",,"G",82,"A",,2
382957,"A",,"R",180000,"A",,"G",200,"A",,"R",250,"A",,1
383020,"A",,"A",,"R",5595,"A",,"G",155,"A",,"G",155,2
383084,"A",,"R",830817,"A",,"G",923,"A",,"G",923,"A",,1
383163,"A",,"R",163020,"A",,"G",181,"A",,"G",181,"A",,1
383172,"A",,"R",6486,"A",,"G",7,"A",,"G",7,"A",,1
383190,"R",42087,"A",,"A",,"G",1403,"A",,"G",1403,"A",,2
383251,"A",,"R",225000,"A",,"G",250,"A",,"G",250,"A",,1
383279,"A",,"R",99434,"A",,"G",110,"A",,"G",110,"A",,1
383297,"A",,"R",207412,"A",,"G",230,"A",,"G",230,"A",,1
383312,"A",,"R",106688,"A",,"G",119,"A",,"G",119,"A",,1
383330,"A",,"R",66977,"A",,"G",74,"A",,"G",74,"A",,1
383367,"A",,"R",235906,"A",,"G",262,"A",,"G",262,"A",,1
383400,"R",2404,"A",,"A",,"G",53,"A",,"R",100,"A",,2
383464,"R",6200,"A",,"A",,"G",207,"A",,"G",207,"A",,2
383507,"R",876,"A",,"A",,"G",29,"A",,"G",29,"A",,2
383525,"A",,"R",265824,"A",,"G",295,"A",,"G",295,"A",,1
383765,"A",,"R",216101,"A",,"G",240,"A",,"G",240,"A",,1
383792,"A",,"R",138855,"A",,"G",154,"A",,"G",154,"A",,1
383899,"R",19646,"R",451110,"A",,"G",1156,"A",,"R",437,"A",,3
383950,"A",,"R",509850,"A",,"G",567,"A",,"G",567,"A",,1
383996,"R",8596,"A",,"A",,"G",287,"A",,"G",287,"A",,2
384184,"A",,"R",362880,"A",,"G",403,"A",,"G",403,"A",,1
384193,"A",,"R",367920,"A",,"G",409,"A",,"G",409,"A",,1
384209,"A",,"R",1830600,"A",,"G",2034,"A",,"G",2034,"A",,1
384254,"R",3534,"A",,"A",,"G",118,"A",,"G",118,"A",,2
384306,"A",,"A",,"R",6210,"A",,"G",259,"A",,"G",259,2
384333,"R",86606,"A",,"A",,"G",2887,"A",,"G",2887,"A",,2
384342,"R",89966,"A",,"A",,"G",2999,"A",,"G",2999,"A",,2
384360,"R",56596,"A",,"A",,"G",1258,"A",,"G",1258,"A",,2
384379,"R",39574,"A",,"A",,"G",879,"A",,"G",879,"A",,2
384388,"R",22925,"A",,"A",,"G",509,"A",,"G",509,"A",,2
384397,"R",31254,"A",,"A",,"G",695,"A",,"G",695,"A",,2
384412,"R",6996,"A",,"A",,"G",233,"A",,"G",233,"A",,2
384421,"R",1125,"A",,"A",,"G",38,"A",,"G",38,"A",,2
385008,"R",7625,"A",,"A",,"G",254,"A",,"G",254,"A",,2
385132,"A",,"R",55800,"A",,"G",62,"A",,"G",62,"A",,1
385503,"R",11594,"A",,"A",,"G",386,"A",,"G",386,"A",,2
385549,"A",,"R",252850,"A",,"G",281,"A",,"G",281,"A",,1
385619,"R",16283,"A",,"R",849,"G",543,"G",35,"G",543,"G",35,2
385929,"A",,"R",72320,"A",,"G",80,"A",,"R",70,"A",,1
386153,"R",10416,"A",,"A",,"G",347,"A",,"G",347,"A",,2
386472,"R",1188,"A",,"A",,"G",40,"A",,"G",40,"A",,2
387235,"A",,"R",9400,"A",,"G",10,"A",,"G",10,"A",,1
387660,"A",,"R",1400,"A",,"G",2,"A",,"G",2,"A",,1
387819,"A",,"R",151500,"A",,"G",168,"A",,"G",168,"A",,1
387925,"R",7057,"A",,"A",,"G",235,"A",,"G",235,"A",,2
388043,"R",25617,"A",,"A",,"G",569,"A",,"G",569,"A",,2
388098,"A",,"R",7552,"A",,"G",8,"A",,"G",8,"A",,1
388520,"R",22676,"A",,"A",,"G",756,"A",,"G",756,"A",,2
388663,"A",,"R",155000,"A",,"G",172,"A",,"G",172,"A",,1
388681,"A",,"R",91400,"A",,"G",102,"A",,"G",102,"A",,1
389727,"R",10395,"A",,"A",,"G",231,"A",,"G",231,"A",,2
389860,"A",,"R",219840,"A",,"G",244,"A",,"G",244,"A",,1
390394,"A",,"R",322000,"A",,"G",358,"A",,"G",358,"A",,1
390701,"Z",,"R",11700860,"R",960,"G",13001,"G",27,"G",13001,"G",27,1
390905,"A",,"R",64500,"A",,"G",72,"A",,"G",72,"A",,1
391005,"A",,"R",70200,"A",,"G",78,"A",,"R",78,"A",,1
391333,"A",,"R",79200,"A",,"G",88,"A",,"R",100,"A",,1
391546,"A",,"R",56180,"A",,"G",62,"A",,"G",62,"A",,1
391564,"R",4511,"A",,"A",,"G",150,"A",,"G",150,"A",,2
391582,"R",31813,"A",,"A",,"G",1060,"A",,"R",1060,"A",,2
391616,"A",,"R",129600,"A",,"G",144,"A",,"G",144,"A",,1
391759,"A",,"R",65100,"A",,"G",72,"A",,"G",72,"A",,1
391810,"A",,"R",80623,"A",,"G",90,"A",,"G",90,"A",,1
392257,"A",,"R",363105,"A",,"G",403,"A",,"G",403,"A",,1
392354,"A",,"R",18760,"A",,"G",21,"A",,"G",21,"A",,1
392415,"A",,"R",642240,"A",,"G",714,"A",,"G",714,"A",,1
392798,"A",,"R",108970,"A",,"G",121,"A",,"G",121,"A",,1
392840,"R",8177,"A",,"R",270,"G",273,"G",11,"G",273,"G",11,2
393180,"A",,"R",409710,"A",,"G",455,"A",,"G",455,"A",,1
393524,"A",,"R",175067,"A",,"G",195,"A",,"G",195,"A",,1
393649,"R",4075,"A",,"A",,"G",91,"A",,"G",91,"A",,2
393861,"A",,"R",593800,"A",,"G",660,"A",,"R",606,"A",,1
393977,"A",,"R",64755,"A",,"G",72,"A",,"R",65,"A",,1
394679,"A",,"R",171660,"A",,"G",191,"A",,"G",191,"A",,1
394846,"A",,"R",95400,"A",,"G",106,"A",,"G",106,"A",,1
395362,"R",27114,"R",9039,"A",,"G",914,"A",,"G",914,"A",,3
395733,"A",,"R",83520,"A",,"G",93,"A",,"G",93,"A",,1
396000,"P",,"P",180484,"P",0,"P",201,"P",0,"P",201,"P",0,1
396310,"A",,"R",53095,"A",,"G",59,"A",,"G",59,"A",,1
397270,"A",,"R",12960,"A",,"G",14,"A",,"G",14,"A",,1
397641,"A",,"R",479700,"A",,"G",533,"A",,"G",533,"A",,1
397942,"R",6444,"A",,"A",,"G",215,"A",,"G",215,"A",,2
398130,"R",30138,"A",,"A",,"G",670,"A",,"G",670,"A",,2
398574,"R",106984,"R",1354652,"A",,"G",5071,"A",,"G",5071,"A",,3
399212,"R",197183,"R",91312,"A",,"G",6674,"A",,"G",6674,"A",,3
399869,"R",1010,"A",,"Z",0,"G",34,"A",,"G",34,"A",,2
399911,"R",1,"A",,"R",1,"R",0,"R",0,"R",354,"R",10,2
400080,"A",,"R",1176603,"A",,"G",1307,"A",,"G",1307,"A",,1
400187,"A",,"R",477313,"A",,"G",530,"A",,"G",530,"A",,1
400637,"R",32217,"A",,"A",,"G",1074,"A",,"G",1074,"A",,2
401223,"R",2332,"A",,"R",577,"G",78,"G",24,"G",78,"G",24,2
401250,"A",,"A",,"R",4341,"A",,"G",181,"A",,"R",124,2
401481,"A",,"R",123150,"A",,"G",137,"A",,"G",137,"A",,1
402563,"A",,"R",267345,"A",,"G",297,"A",,"G",297,"A",,1
402615,"R",51252,"A",,"R",3328,"G",1139,"G",92,"G",1139,"G",92,2
402633,"R",2571,"A",,"A",,"G",86,"A",,"G",86,"A",,2
402776,"R",9350,"A",,"A",,"G",312,"A",,"G",312,"A",,2
402800,"A",,"R",302690,"A",,"G",336,"A",,"G",336,"A",,1
402828,"A",,"A",,"R",1254,"A",,"G",52,"A",,"G",52,2
403405,"A",,"R",115200,"A",,"G",128,"A",,"R",128,"A",,1
403414,"A",,"R",127500,"A",,"G",142,"A",,"G",142,"A",,1
403469,"R",29081,"A",,"A",,"G",969,"A",,"G",969,"A",,2
403478,"R",38082,"A",,"A",,"G",1269,"A",,"G",1269,"A",,2
403487,"R",68662,"A",,"A",,"G",2289,"A",,"G",2289,"A",,2
404055,"A",,"R",293587,"A",,"G",326,"A",,"G",326,"A",,1
404073,"R",101535,"A",,"R",848,"G",2256,"G",24,"G",2256,"G",24,2
404082,"R",150046,"A",,"R",615,"G",3334,"G",17,"G",3334,"G",17,2
404329,"R",87,"A",,"A",,"G",2,"A",,"G",2,"A",,2
404338,"R",2792,"A",,"R",1639,"G",93,"G",68,"G",93,"G",68,2
404365,"R",12567,"A",,"A",,"G",279,"A",,"G",279,"A",,2
404374,"R",7732,"R",86200,"A",,"G",268,"A",,"G",268,"A",,3
404383,"R",30247,"A",,"A",,"G",672,"A",,"G",672,"A",,2
404426,"R",59129,"A",,"A",,"G",1971,"A",,"G",1971,"A",,2
404499,"A",,"R",423480,"A",,"G",471,"A",,"G",471,"A",,1
404505,"R",13382,"A",,"A",,"G",446,"A",,"G",446,"A",,2
404514,"R",21934,"A",,"A",,"G",731,"A",,"G",731,"A",,2
404532,"A",,"R",56700,"A",,"G",63,"A",,"G",63,"A",,1
404648,"R",47342,"A",,"R",118,"G",1052,"G",3,"G",1052,"G",3,2
404657,"A",,"A",,"R",989,"A",,"G",41,"A",,"G",41,2
404684,"R",13128,"A",,"A",,"G",438,"A",,"G",438,"A",,2
404718,"A",,"R",38700,"A",,"G",43,"A",,"G",43,"A",,1
404806,"R",11437,"A",,"A",,"G",381,"A",,"G",381,"A",,2
404912,"A",,"R",876916,"A",,"G",974,"A",,"G",974,"A",,1
404921,"A",,"R",485848,"A",,"G",540,"A",,"G",540,"A",,1
404994,"R",127810,"A",,"A",,"G",4260,"A",,"G",4260,"A",,2
405003,"A",,"R",73800,"A",,"G",82,"A",,"G",82,"A",,1
405012,"A",,"R",136800,"A",,"G",152,"A",,"G",152,"A",,1
405021,"A",,"R",138600,"A",,"G",154,"A",,"G",154,"A",,1
405058,"R",3300,"A",,"A",,"G",110,"A",,"G",110,"A",,2
405076,"A",,"R",549000,"A",,"G",610,"A",,"G",610,"A",,1
405748,"A",,"R",161700,"A",,"G",180,"A",,"G",180,"A",,1
405854,"R",4770,"A",,"A",,"G",159,"A",,"G",159,"A",,2
405872,"R",59051,"A",,"A",,"G",1968,"A",,"G",1968,"A",,2
405979,"R",48801,"A",,"R",17332,"G",1627,"G",722,"G",1627,"G",722,2
405988,"R",42437,"A",,"R",30908,"G",1415,"G",1288,"G",1415,"G",1288,2
405997,"R",88868,"A",,"R",20249,"G",2962,"G",844,"G",2962,"G",844,2
406006,"R",51222,"A",,"R",18535,"G",1707,"G",772,"G",1707,"G",772,2
406015,"R",264781,"A",,"R",61495,"G",8826,"G",2562,"G",8826,"G",2562,2
406024,"R",2600,"R",183600,"A",,"G",291,"A",,"G",291,"A",,3
406033,"A",,"R",174600,"A",,"G",194,"A",,"G",194,"A",,1
406051,"A",,"R",52500,"A",,"G",58,"A",,"G",58,"A",,1
406060,"A",,"R",52500,"A",,"G",58,"A",,"G",58,"A",,1
406149,"A",,"R",66368,"A",,"G",74,"A",,"G",74,"A",,1
406194,"A",,"R",468516,"A",,"G",521,"A",,"G",521,"A",,1
406200,"A",,"R",1560563,"A",,"G",1734,"A",,"G",1734,"A",,1
406219,"R",12628,"A",,"A",,"G",281,"A",,"G",281,"A",,2
406264,"R",35524,"A",,"A",,"G",1184,"A",,"G",1184,"A",,2
406273,"A",,"R",44776,"A",,"G",50,"A",,"G",50,"A",,1
406325,"A",,"R",90040,"A",,"G",100,"A",,"G",100,"A",,1
406361,"A",,"R",49080,"A",,"G",55,"A",,"G",55,"A",,1
406413,"R",5430,"A",,"A",,"G",181,"A",,"G",181,"A",,2
406422,"A",,"R",85165,"A",,"G",95,"A",,"G",95,"A",,1
406486,"R",6180,"A",,"A",,"G",206,"A",,"R",186,"A",,2
406495,"A",,"R",345000,"A",,"G",383,"A",,"G",383,"A",,1
406547,"R",11035,"A",,"A",,"G",245,"A",,"G",245,"A",,2
406556,"A",,"R",108864,"A",,"G",121,"A",,"G",121,"A",,1
407009,"R",153080,"A",,"R",13304,"G",5103,"G",554,"G",5103,"G",554,2
407054,"R",5297,"A",,"A",,"G",118,"A",,"R",147,"A",,2
407063,"R",27663,"A",,"A",,"G",615,"A",,"G",615,"A",,2
407090,"A",,"R",32875,"A",,"G",37,"A",,"G",37,"A",,1
407106,"A",,"R",61106,"A",,"G",68,"A",,"G",68,"A",,1
407142,"A",,"R",108000,"A",,"G",120,"A",,"G",120,"A",,1
407151,"A",,"R",95450,"A",,"G",106,"A",,"G",106,"A",,1
407179,"A",,"R",221650,"A",,"G",246,"A",,"G",246,"A",,1
407285,"R",27403,"A",,"A",,"G",609,"A",,"G",609,"A",,2
407319,"R",20225,"A",,"A",,"G",449,"A",,"G",449,"A",,2
407328,"A",,"R",99360,"A",,"G",110,"A",,"G",110,"A",,1
407355,"A",,"R",184500,"A",,"G",205,"A",,"G",205,"A",,1
407382,"A",,"R",33900,"A",,"G",38,"A",,"G",38,"A",,1
407391,"A",,"R",183310,"A",,"G",204,"A",,"G",204,"A",,1
407407,"A",,"R",92312,"A",,"G",103,"A",,"G",103,"A",,1
407425,"A",,"R",158798,"A",,"G",176,"A",,"G",176,"A",,1
407434,"A",,"R",161000,"A",,"G",179,"A",,"G",179,"A",,1
407452,"A",,"R",71153,"A",,"G",79,"A",,"G",79,"A",,1
407461,"A",,"R",146000,"A",,"G",162,"A",,"G",162,"A",,1
407470,"A",,"R",144576,"A",,"G",161,"A",,"G",161,"A",,1
407489,"A",,"R",25543,"A",,"G",28,"A",,"G",28,"A",,1
407504,"A",,"R",72846,"A",,"G",81,"A",,"G",81,"A",,1
407513,"A",,"R",108937,"A",,"G",121,"A",,"G",121,"A",,1
407522,"A",,"R",23800,"A",,"G",26,"A",,"G",26,"A",,1
407568,"A",,"R",79425,"A",,"G",88,"A",,"G",88,"A",,1
407577,"A",,"R",352447,"A",,"G",392,"A",,"G",392,"A",,1
407595,"A",,"R",145770,"A",,"G",162,"A",,"R",154,"A",,1
407601,"A",,"R",23918,"A",,"G",27,"A",,"G",27,"A",,1
407629,"A",,"A",,"R",48180,"A",,"G",2008,"A",,"G",2008,2
407638,"R",31094,"A",,"A",,"G",1036,"A",,"G",1036,"A",,2
407665,"R",1240,"A",,"A",,"G",41,"A",,"R",46,"A",,2
407683,"A",,"R",129910,"A",,"G",144,"A",,"G",144,"A",,1
407708,"A",,"R",356776,"A",,"G",396,"A",,"G",396,"A",,1
407726,"A",,"R",195742,"A",,"G",217,"A",,"R",109,"A",,1
407735,"A",,"R",251299,"A",,"G",279,"A",,"R",140,"A",,1
407744,"A",,"R",41276,"A",,"G",46,"A",,"G",46,"A",,1
407832,"A",,"R",67432,"A",,"G",75,"A",,"G",75,"A",,1
408039,"R",39456,"A",,"A",,"G",877,"A",,"G",877,"A",,2
408057,"A",,"R",68736,"A",,"G",76,"A",,"G",76,"A",,1
408066,"A",,"R",78500,"A",,"G",87,"A",,"G",87,"A",,1
408163,"A",,"R",87300,"A",,"G",97,"A",,"G",97,"A",,1
408312,"R",3487,"A",,"A",,"G",116,"A",,"G",116,"A",,2
408385,"A",,"R",552600,"A",,"G",614,"A",,"G",614,"A",,1
408394,"R",14677,"A",,"A",,"G",489,"A",,"G",489,"A",,2
408437,"R",1361,"A",,"A",,"G",45,"A",,"G",45,"A",,2
408844,"R",106770,"A",,"A",,"G",3559,"A",,"G",3559,"A",,2
408862,"A",,"R",162000,"A",,"G",180,"A",,"G",180,"A",,1
409032,"A",,"R",194400,"A",,"G",216,"A",,"G",216,"A",,1
409069,"R",23588,"A",,"A",,"G",524,"A",,"G",524,"A",,2
409120,"R",786,"R",178752,"A",,"G",225,"A",,"G",225,"A",,3
409166,"A",,"R",135071,"A",,"G",150,"A",,"R",162,"A",,1
409193,"A",,"R",659700,"A",,"G",733,"A",,"G",733,"A",,1
409209,"A",,"R",244800,"A",,"G",272,"A",,"G",272,"A",,1
409245,"A",,"R",22540,"A",,"G",25,"A",,"G",25,"A",,1
409254,"A",,"A",,"R",3600,"A",,"G",150,"A",,"G",150,2
409281,"R",7668,"R",161650,"A",,"G",435,"A",,"R",170,"A",,3
409315,"R",339703,"A",,"A",,"G",11323,"A",,"G",11323,"A",,2
409324,"A",,"R",25610,"A",,"G",28,"A",,"G",28,"A",,1
409333,"R",1724,"A",,"A",,"G",38,"A",,"G",38,"A",,2
409537,"A",,"R",170328,"A",,"G",189,"A",,"G",189,"A",,1
409546,"A",,"R",235000,"A",,"G",261,"A",,"G",261,"A",,1
409591,"A",,"R",93840,"A",,"G",104,"A",,"G",104,"A",,1
409670,"R",95126,"R",1227669,"A",,"G",4535,"A",,"G",4535,"A",,3
409698,"R",99040,"A",,"R",6074,"G",3301,"G",253,"G",3301,"G",253,2
409829,"R",27468,"A",,"A",,"G",610,"A",,"G",610,"A",,2
409838,"R",29705,"A",,"A",,"G",660,"A",,"G",660,"A",,2
409874,"R",24350,"A",,"A",,"G",541,"A",,"R",541,"A",,2
410070,"R",35001,"A",,"A",,"G",1167,"A",,"G",1167,"A",,2
410256,"A",,"R",750,"A",,"G",1,"A",,"G",1,"A",,1
410283,"R",8448,"A",,"A",,"G",188,"A",,"G",188,"A",,2
410496,"R",14000,"A",,"A",,"G",467,"A",,"R",431,"A",,2
410502,"P",10286,"P",73575,"P",0,"P",310,"P",0,"P",310,"P",0,3
410520,"A",,"R",190176,"A",,"G",211,"A",,"G",211,"A",,1
410539,"A",,"R",753150,"A",,"G",837,"A",,"G",837,"A",,1
410788,"R",9300,"A",,"A",,"G",310,"A",,"G",310,"A",,2
410797,"A",,"R",222672,"A",,"G",247,"A",,"G",247,"A",,1
410964,"A",,"R",49908,"A",,"G",55,"A",,"G",55,"A",,1
411055,"R",6303,"A",,"A",,"G",210,"A",,"G",210,"A",,2
411374,"R",22720,"R",461090,"A",,"G",1270,"A",,"G",1270,"A",,3
411684,"A",,"R",207870,"A",,"G",231,"A",,"G",231,"A",,1
411754,"A",,"R",58065,"A",,"G",65,"A",,"G",65,"A",,1
412003,"R",2688,"R",20503,"A",,"G",112,"A",,"G",112,"A",,3
412173,"A",,"R",398886,"A",,"G",443,"A",,"G",443,"A",,1
412535,"A",,"R",43200,"A",,"G",48,"A",,"G",48,"A",,1
412544,"A",,"R",131008,"A",,"G",146,"A",,"G",146,"A",,1
412599,"R",44161,"A",,"A",,"G",981,"A",,"G",981,"A",,2
412650,"A",,"R",41260,"A",,"G",46,"A",,"R",219,"A",,1
413176,"A",,"R",25900,"A",,"G",29,"A",,"G",29,"A",,1
413185,"R",2528,"A",,"A",,"G",84,"A",,"G",84,"A",,2
413343,"A",,"R",58800,"A",,"G",65,"A",,"R",65,"A",,1
413413,"R",77142,"A",,"R",280297,"G",1714,"G",7786,"G",1714,"G",7786,2
413617,"R",9630,"A",,"A",,"G",321,"A",,"G",321,"A",,2
413626,"R",3675,"A",,"A",,"G",123,"A",,"G",123,"A",,2
413635,"A",,"R",1044900,"A",,"G",1161,"A",,"G",1161,"A",,1
413644,"A",,"A",,"R",5697,"A",,"G",237,"A",,"R",103,2
413680,"A",,"R",761264,"A",,"G",846,"A",,"G",846,"A",,1
413723,"R",8097,"A",,"A",,"G",270,"A",,"G",270,"A",,2
413778,"R",14523,"A",,"A",,"G",484,"A",,"G",484,"A",,2
413802,"A",,"R",130500,"A",,"G",145,"A",,"G",145,"A",,1
413820,"A",,"R",36900,"A",,"G",41,"A",,"R",41,"A",,1
413839,"R",18160,"A",,"A",,"G",404,"A",,"G",404,"A",,2
413848,"R",22172,"A",,"A",,"G",493,"A",,"G",493,"A",,2
413857,"R",28800,"A",,"A",,"G",640,"A",,"G",640,"A",,2
413866,"R",16523,"A",,"A",,"G",367,"A",,"G",367,"A",,2
413884,"R",24508,"A",,"A",,"G",545,"A",,"G",545,"A",,2
413918,"R",959,"A",,"A",,"G",32,"A",,"G",32,"A",,2
413945,"A",,"R",160734,"A",,"G",179,"A",,"G",179,"A",,1
413972,"A",,"R",116100,"A",,"G",129,"A",,"G",129,"A",,1
414027,"R",7033,"A",,"A",,"G",156,"A",,"G",156,"A",,2
414036,"R",14238,"A",,"A",,"G",316,"A",,"G",316,"A",,2
414054,"A",,"R",65000,"A",,"G",72,"A",,"G",72,"A",,1
414063,"A",,"R",178074,"A",,"G",198,"A",,"G",198,"A",,1
414124,"R",4898,"A",,"A",,"G",163,"A",,"G",163,"A",,2
414160,"R",49508,"A",,"R",111,"G",1100,"G",3,"G",1100,"G",3,2
414179,"R",9210,"A",,"A",,"G",307,"A",,"G",307,"A",,2
414452,"A",,"R",85965,"A",,"G",96,"A",,"R",55,"A",,1
414461,"R",170976,"A",,"A",,"G",3799,"A",,"R",3562,"A",,2
414489,"A",,"R",139352,"A",,"G",155,"A",,"G",155,"A",,1
414531,"R",14068,"A",,"A",,"G",313,"A",,"G",313,"A",,2
414540,"A",,"R",463600,"A",,"G",515,"A",,"G",515,"A",,1
414559,"A",,"R",46800,"A",,"G",52,"A",,"G",52,"A",,1
414568,"R",28884,"A",,"A",,"G",642,"A",,"G",642,"A",,2
414586,"R",16668,"A",,"A",,"G",370,"A",,"G",370,"A",,2
414595,"R",0,"A",,"R",17190,"R",0,"G",716,"Z",0,"G",716,2
414708,"R",105616,"A",,"R",5970,"G",2347,"G",166,"G",2347,"G",166,2
414823,"R",107403,"A",,"A",,"G",2387,"A",,"G",2387,"A",,2
414841,"R",17280,"A",,"A",,"G",384,"A",,"G",384,"A",,2
414850,"R",37524,"A",,"A",,"G",834,"A",,"G",834,"A",,2
414878,"R",3457,"A",,"A",,"G",115,"A",,"G",115,"A",,2
414911,"R",42628,"A",,"A",,"G",1421,"A",,"G",1421,"A",,2
414939,"A",,"R",254112,"A",,"G",282,"A",,"R",338,"A",,1
414966,"A",,"A",,"R",684,"A",,"G",29,"A",,"R",24,2
415039,"A",,"R",79192,"A",,"G",88,"A",,"G",88,"A",,1
415057,"A",,"R",90600,"A",,"G",101,"A",,"G",101,"A",,1
415376,"P",,"P",410616,"P",0,"P",456,"P",0,"P",456,"P",0,1
415561,"A",,"R",7909,"A",,"G",9,"A",,"R",9,"A",,1
415729,"A",,"R",10242,"A",,"G",11,"A",,"G",11,"A",,1
415774,"R",17306,"A",,"A",,"G",577,"A",,"G",577,"A",,2
415987,"A",,"R",325075,"A",,"G",361,"A",,"G",361,"A",,1
416458,"R",28719,"A",,"A",,"G",957,"A",,"G",957,"A",,2
416670,"R",1500,"A",,"A",,"G",50,"A",,"G",50,"A",,2
416801,"R",3941,"A",,"A",,"G",131,"A",,"R",86,"A",,2
416962,"R",55186,"A",,"R",19090,"G",1840,"G",795,"G",1840,"G",795,2
416971,"A",,"R",61832,"A",,"G",69,"A",,"G",69,"A",,1
416980,"A",,"R",111543,"A",,"G",124,"A",,"G",124,"A",,1
417062,"A",,"R",121782,"A",,"G",135,"A",,"G",135,"A",,1
417105,"A",,"R",419036,"A",,"G",466,"A",,"R",798,"A",,1
417114,"R",5670,"A",,"A",,"G",189,"A",,"G",189,"A",,2
417123,"A",,"R",218852,"A",,"G",243,"A",,"G",243,"A",,1
417132,"A",,"R",577179,"A",,"G",641,"A",,"R",676,"A",,1
417318,"R",6568,"A",,"A",,"G",219,"A",,"G",219,"A",,2
417327,"R",6457,"A",,"A",,"G",143,"A",,"G",143,"A",,2
417345,"A",,"A",,"R",17520,"A",,"G",730,"A",,"G",730,2
417381,"A",,"R",98382,"A",,"G",109,"A",,"G",109,"A",,1
417390,"A",,"R",31500,"A",,"G",35,"A",,"G",35,"A",,1
417406,"A",,"R",35631,"A",,"G",40,"A",,"G",40,"A",,1
417442,"A",,"R",111761,"A",,"G",124,"A",,"G",124,"A",,1
417497,"A",,"R",196500,"A",,"G",218,"A",,"G",218,"A",,1
417503,"A",,"R",282652,"A",,"G",314,"A",,"G",314,"A",,1
417549,"R",11183,"R",155250,"A",,"G",545,"A",,"G",545,"A",,3
417567,"R",7918,"A",,"A",,"G",264,"A",,"G",264,"A",,2
417576,"A",,"R",128700,"A",,"G",143,"A",,"G",143,"A",,1
417628,"A",,"R",51504,"A",,"G",57,"A",,"G",57,"A",,1
417637,"A",,"R",101289,"A",,"G",113,"A",,"G",113,"A",,1
417646,"A",,"R",28664,"A",,"G",32,"A",,"G",32,"A",,1
417673,"A",,"R",48225,"A",,"G",54,"A",,"G",54,"A",,1
417682,"A",,"R",30810,"A",,"G",34,"A",,"R",25,"A",,1
417725,"A",,"R",79600,"A",,"G",88,"A",,"G",88,"A",,1
417734,"R",3883,"A",,"A",,"G",129,"A",,"R",65,"A",,2
417752,"R",2752,"A",,"A",,"G",92,"A",,"G",92,"A",,2
417789,"R",1500,"A",,"A",,"G",50,"A",,"G",50,"A",,2
417798,"A",,"R",69000,"A",,"G",77,"A",,"G",77,"A",,1
417804,"A",,"R",69461,"A",,"G",77,"A",,"G",77,"A",,1
417822,"R",10192,"R",23151,"A",,"G",365,"A",,"G",365,"A",,3
417840,"A",,"R",192825,"A",,"G",214,"A",,"G",214,"A",,1
417868,"A",,"R",38400,"A",,"G",43,"A",,"G",43,"A",,1
417886,"A",,"R",84600,"A",,"G",94,"A",,"G",94,"A",,1
417901,"R",420,"A",,"R",0,"G",14,"Z",0,"R",12,"Z",0,2
417910,"A",,"R",213120,"A",,"G",237,"A",,"G",237,"A",,1
417947,"A",,"R",86740,"A",,"G",96,"A",,"G",96,"A",,1
417974,"A",,"R",102484,"A",,"G",114,"A",,"G",114,"A",,1
417983,"A",,"R",57847,"A",,"G",64,"A",,"G",64,"A",,1
417992,"A",,"R",97356,"A",,"G",108,"A",,"G",108,"A",,1
418001,"A",,"R",147000,"A",,"G",163,"A",,"G",163,"A",,1
418010,"A",,"R",45600,"A",,"G",51,"A",,"R",38,"A",,1
418029,"A",,"R",79400,"A",,"G",88,"A",,"R",66,"A",,1
418038,"A",,"R",110000,"A",,"G",122,"A",,"R",100,"A",,1
418056,"A",,"R",161100,"A",,"G",179,"A",,"G",179,"A",,1
418065,"A",,"R",330842,"A",,"G",368,"A",,"G",368,"A",,1
418074,"A",,"R",31500,"A",,"G",35,"A",,"G",35,"A",,1
418083,"A",,"R",63720,"A",,"G",71,"A",,"G",71,"A",,1
418126,"R",19893,"A",,"R",3380,"G",663,"G",141,"G",663,"G",141,2
418162,"A",,"R",297876,"A",,"G",331,"A",,"G",331,"A",,1
418171,"A",,"R",19950,"A",,"G",22,"A",,"G",22,"A",,1
418199,"A",,"R",71148,"A",,"G",79,"A",,"R",75,"A",,1
418205,"A",,"R",115291,"A",,"G",128,"A",,"G",128,"A",,1
418223,"A",,"R",64965,"A",,"G",72,"A",,"G",72,"A",,1
418250,"A",,"R",115520,"A",,"G",128,"A",,"G",128,"A",,1
418269,"R",1976,"A",,"A",,"G",44,"A",,"G",44,"A",,2
418278,"A",,"R",45706,"A",,"G",51,"A",,"G",51,"A",,1
418287,"A",,"R",435940,"A",,"G",484,"A",,"G",484,"A",,1
418296,"A",,"R",116670,"A",,"G",130,"A",,"R",143,"A",,1
418302,"A",,"R",333595,"A",,"G",371,"A",,"G",371,"A",,1
418320,"A",,"R",534643,"A",,"G",594,"A",,"G",594,"A",,1
418339,"A",,"R",165006,"A",,"G",183,"A",,"G",183,"A",,1
418348,"A",,"R",62333,"A",,"G",69,"A",,"G",69,"A",,1
418357,"A",,"R",202127,"A",,"G",225,"A",,"G",225,"A",,1
418409,"A",,"R",92400,"A",,"G",103,"A",,"G",103,"A",,1
418418,"A",,"R",78000,"A",,"G",87,"A",,"G",87,"A",,1
418427,"A",,"R",105619,"A",,"G",117,"A",,"G",117,"A",,1
418445,"A",,"R",43674,"A",,"G",49,"A",,"G",49,"A",,1
418463,"A",,"A",,"R",3030,"A",,"G",126,"A",,"R",3,2
418481,"A",,"R",53384,"A",,"G",59,"A",,"G",59,"A",,1
418506,"A",,"R",60060,"A",,"G",67,"A",,"G",67,"A",,1
418515,"A",,"R",104895,"A",,"G",117,"A",,"G",117,"A",,1
418524,"A",,"R",44037,"A",,"G",49,"A",,"G",49,"A",,1
418533,"A",,"R",263528,"A",,"G",293,"A",,"G",293,"A",,1
418542,"A",,"R",83700,"A",,"G",93,"A",,"G",93,"A",,1
418560,"A",,"R",21341,"A",,"G",24,"A",,"G",24,"A",,1
418588,"A",,"R",47120,"A",,"G",52,"A",,"G",52,"A",,1
418603,"A",,"R",64063,"A",,"G",71,"A",,"G",71,"A",,1
418612,"A",,"R",48769,"A",,"G",54,"A",,"R",43,"A",,1
418658,"A",,"R",43680,"A",,"G",49,"A",,"G",49,"A",,1
418676,"A",,"R",48050,"A",,"G",53,"A",,"G",53,"A",,1
418700,"A",,"R",512100,"A",,"G",569,"A",,"G",569,"A",,1
418719,"P",6857,"A",,"P",0,"P",229,"P",0,"P",229,"P",0,2
418737,"R",8100,"A",,"A",,"G",270,"A",,"G",270,"A",,2
418755,"A",,"R",60200,"A",,"G",67,"A",,"G",67,"A",,1
418764,"A",,"R",95400,"A",,"G",106,"A",,"G",106,"A",,1
418773,"R",98000,"A",,"A",,"G",3267,"A",,"R",3267,"A",,2
418782,"R",7704,"A",,"A",,"G",257,"A",,"G",257,"A",,2
418791,"A",,"R",205200,"A",,"G",228,"A",,"G",228,"A",,1
418870,"A",,"R",405360,"A",,"G",450,"A",,"G",450,"A",,1
418889,"R",1187,"R",141920,"A",,"G",197,"A",,"G",197,"A",,3
418898,"A",,"R",64800,"A",,"G",72,"A",,"G",72,"A",,1
418904,"R",1500,"A",,"A",,"G",50,"A",,"G",50,"A",,2
418913,"A",,"R",56445,"A",,"G",63,"A",,"R",63,"A",,1
418968,"A",,"R",316500,"A",,"G",352,"A",,"G",352,"A",,1
419004,"A",,"R",109560,"A",,"G",122,"A",,"G",122,"A",,1
419022,"P",37315,"A",,"P",0,"P",1244,"P",0,"P",1244,"P",0,2
419031,"A",,"R",35316,"A",,"G",39,"A",,"G",39,"A",,1
419101,"A",,"R",70171,"A",,"G",78,"A",,"G",78,"A",,1
419147,"A",,"R",76500,"A",,"G",85,"A",,"G",85,"A",,1
419156,"A",,"R",190172,"A",,"G",211,"A",,"G",211,"A",,1
419183,"A",,"R",571657,"A",,"G",635,"A",,"G",635,"A",,1
419217,"A",,"R",93535,"A",,"G",104,"A",,"R",90,"A",,1
419226,"A",,"R",660508,"A",,"G",734,"A",,"G",734,"A",,1
419235,"A",,"R",189626,"A",,"G",211,"A",,"G",211,"A",,1
419244,"A",,"R",90900,"A",,"G",101,"A",,"G",101,"A",,1
419253,"A",,"R",202608,"A",,"G",225,"A",,"G",225,"A",,1
419262,"A",,"R",64240,"A",,"G",71,"A",,"G",71,"A",,1
419271,"A",,"R",46800,"A",,"G",52,"A",,"G",52,"A",,1
419280,"A",,"R",57000,"A",,"G",63,"A",,"G",63,"A",,1
419314,"A",,"R",31000,"A",,"G",34,"A",,"G",34,"A",,1
419341,"A",,"R",68400,"A",,"G",76,"A",,"G",76,"A",,1
419350,"P",8616,"A",,"P",0,"P",287,"P",0,"P",287,"P",0,2
419411,"A",,"R",163000,"A",,"G",181,"A",,"G",181,"A",,1
419420,"A",,"R",84780,"A",,"G",94,"A",,"R",104,"A",,1
419439,"A",,"R",131287,"A",,"G",146,"A",,"G",146,"A",,1
419457,"R",879,"A",,"R",19810,"G",29,"G",825,"G",29,"G",825,2
419484,"A",,"R",37500,"A",,"G",42,"A",,"R",25,"A",,1
419509,"R",77297,"A",,"R",18921,"G",2577,"G",788,"G",2577,"G",788,2
419572,"R",8532,"A",,"A",,"G",190,"A",,"G",190,"A",,2
419633,"A",,"R",59374,"A",,"G",66,"A",,"G",66,"A",,1
419660,"A",,"R",290789,"A",,"G",323,"A",,"G",323,"A",,1
419688,"A",,"R",26400,"A",,"G",29,"A",,"G",29,"A",,1
419703,"R",18480,"A",,"A",,"G",616,"A",,"G",616,"A",,2
419712,"R",7776,"A",,"A",,"G",259,"A",,"G",259,"A",,2
419721,"R",10584,"A",,"A",,"G",353,"A",,"G",353,"A",,2
420006,"R",42795,"R",451530,"R",460,"G",1453,"G",13,"G",1453,"G",13,3
420024,"R",18228,"A",,"A",,"G",608,"A",,"R",294,"A",,2
420042,"R",19345,"A",,"R",7423,"G",645,"G",309,"G",645,"G",309,2
420103,"R",4287,"A",,"A",,"G",143,"A",,"G",143,"A",,2
420130,"A",,"R",56160,"A",,"G",62,"A",,"G",62,"A",,1
420194,"A",,"R",321856,"A",,"G",358,"A",,"G",358,"A",,1
420200,"A",,"R",375600,"A",,"G",417,"A",,"G",417,"A",,1
420255,"A",,"R",96380,"A",,"G",107,"A",,"R",107,"A",,1
420307,"R",72494,"A",,"R",1456,"G",1611,"G",40,"G",1611,"G",40,2
420316,"R",41902,"A",,"A",,"G",931,"A",,"G",931,"A",,2
420325,"R",2295,"A",,"R",120,"G",77,"G",5,"G",77,"G",5,2
420343,"R",31440,"A",,"A",,"G",1048,"A",,"G",1048,"A",,2
420352,"R",1014,"A",,"A",,"G",34,"A",,"G",34,"A",,2
420370,"A",,"R",83337,"A",,"G",93,"A",,"G",93,"A",,1
420398,"A",,"R",3227584,"A",,"G",3586,"A",,"G",3586,"A",,1
420404,"R",31748,"A",,"A",,"G",706,"A",,"G",706,"A",,2
420431,"R",24122,"A",,"A",,"G",536,"A",,"G",536,"A",,2
420440,"R",14328,"A",,"A",,"G",478,"A",,"G",478,"A",,2
420459,"A",,"R",112674,"A",,"G",125,"A",,"G",125,"A",,1
420468,"A",,"R",464366,"A",,"G",516,"A",,"G",516,"A",,1
420495,"R",30578,"A",,"A",,"G",1019,"A",,"G",1019,"A",,2
420501,"R",29056,"A",,"A",,"G",969,"A",,"G",969,"A",,2
420510,"R",1939,"A",,"A",,"G",43,"A",,"G",43,"A",,2
420538,"R",26265,"A",,"A",,"G",876,"A",,"G",876,"A",,2
420556,"R",26170,"R",379231,"A",,"G",1003,"A",,"G",1003,"A",,3
420574,"R",69895,"A",,"R",10129,"G",2330,"G",422,"G",2330,"G",422,2
420608,"A",,"R",310091,"A",,"G",345,"A",,"G",345,"A",,1
420723,"R",6334,"A",,"A",,"G",141,"A",,"G",141,"A",,2
420866,"R",1954,"A",,"R",10632,"G",65,"G",443,"G",65,"G",443,2
420981,"A",,"R",462600,"A",,"G",514,"A",,"G",514,"A",,1
421009,"R",36126,"A",,"R",8253,"G",1204,"G",344,"G",1204,"G",344,2
421018,"R",66701,"A",,"R",19636,"G",2223,"G",818,"G",2223,"G",818,2
421513,"R",15792,"A",,"A",,"G",351,"A",,"G",351,"A",,2
421540,"A",,"R",107127,"A",,"G",119,"A",,"R",105,"A",,1
421559,"A",,"R",69100,"A",,"G",77,"A",,"R",77,"A",,1
421586,"A",,"R",88380,"A",,"G",98,"A",,"G",98,"A",,1
421601,"A",,"R",47145,"A",,"G",52,"A",,"G",52,"A",,1
421610,"A",,"R",106000,"A",,"G",118,"A",,"G",118,"A",,1
421647,"A",,"R",63770,"A",,"G",71,"A",,"G",71,"A",,1
421665,"A",,"R",32000,"A",,"G",36,"A",,"G",36,"A",,1
421708,"R",3985,"A",,"A",,"G",133,"A",,"G",133,"A",,2
421717,"A",,"R",13500,"A",,"G",15,"A",,"G",15,"A",,1
421771,"A",,"R",119660,"A",,"G",133,"A",,"G",133,"A",,1
421832,"R",15300,"A",,"A",,"G",340,"A",,"G",340,"A",,2
421841,"A",,"R",156886,"A",,"G",174,"A",,"G",174,"A",,1
421878,"R",11414,"A",,"A",,"G",380,"A",,"G",380,"A",,2
421896,"A",,"R",278400,"A",,"G",309,"A",,"G",309,"A",,1
421902,"P",,"P",33945,"P",0,"P",38,"P",0,"P",38,"P",0,1
421939,"R",803,"A",,"A",,"G",27,"A",,"G",27,"A",,2
421975,"A",,"A",,"R",8640,"A",,"G",360,"A",,"G",360,2
422020,"R",3505,"A",,"A",,"G",117,"A",,"G",117,"A",,2
422695,"A",,"R",368400,"A",,"G",409,"A",,"G",409,"A",,1
422835,"A",,"R",33520,"A",,"G",37,"A",,"G",37,"A",,1
423120,"R",26976,"A",,"A",,"G",899,"A",,"G",899,"A",,2
423397,"A",,"R",93200,"A",,"G",104,"A",,"G",104,"A",,1
423412,"A",,"R",138000,"A",,"G",153,"A",,"G",153,"A",,1
423476,"R",7369,"A",,"A",,"G",164,"A",,"G",164,"A",,2
423582,"A",,"R",118080,"A",,"G",131,"A",,"G",131,"A",,1
423643,"R",2212,"A",,"R",16801,"G",49,"G",467,"G",49,"G",467,2
423652,"A",,"R",197880,"A",,"G",220,"A",,"R",388,"A",,1
423670,"R",16735,"A",,"A",,"G",372,"A",,"G",372,"A",,2
423980,"R",129078,"A",,"A",,"G",2868,"A",,"G",2868,"A",,2
424424,"R",19090,"A",,"A",,"G",636,"A",,"R",424,"A",,2
425250,"R",4263,"A",,"A",,"G",142,"A",,"G",142,"A",,2
425296,"R",2856,"A",,"R",2047,"G",95,"G",85,"G",95,"G",85,2
425393,"A",,"R",45300,"A",,"G",50,"A",,"G",50,"A",,1
425889,"R",12294,"A",,"A",,"G",410,"A",,"G",410,"A",,2
425986,"A",,"R",164430,"A",,"G",183,"A",,"G",183,"A",,1
426314,"R",197628,"A",,"R",50220,"G",6588,"G",2093,"G",6588,"G",2093,2
427308,"A",,"R",154169,"A",,"G",171,"A",,"G",171,"A",,1
427335,"A",,"R",53404,"A",,"G",59,"A",,"G",59,"A",,1
427663,"R",15124,"A",,"A",,"G",336,"A",,"G",336,"A",,2
427894,"A",,"R",172080,"A",,"G",191,"A",,"G",191,"A",,1
427919,"A",,"R",120480,"A",,"G",134,"A",,"G",134,"A",,1
427973,"R",13508,"A",,"A",,"G",450,"A",,"R",466,"A",,2
427982,"R",6945,"A",,"A",,"G",232,"A",,"R",232,"A",,2
427991,"A",,"R",425278,"A",,"G",473,"A",,"G",473,"A",,1
428000,"R",7680,"A",,"A",,"G",171,"A",,"G",171,"A",,2
428019,"A",,"R",168375,"A",,"G",187,"A",,"G",187,"A",,1
428037,"A",,"R",17400,"A",,"G",19,"A",,"G",19,"A",,1
428055,"R",9923,"A",,"A",,"G",331,"A",,"G",331,"A",,2
428073,"A",,"R",40500,"A",,"G",45,"A",,"G",45,"A",,1
428091,"A",,"R",169200,"A",,"G",188,"A",,"G",188,"A",,1
428125,"A",,"R",116616,"A",,"G",130,"A",,"G",130,"A",,1
428143,"P",,"P",174903,"P",0,"P",194,"P",0,"P",194,"P",0,1
428170,"R",20192,"A",,"A",,"G",673,"A",,"G",673,"A",,2
428259,"R",10092,"A",,"R",534,"G",336,"G",22,"R",336,"R",30,2
428268,"R",1191,"A",,"R",17126,"G",40,"G",714,"G",40,"G",714,2
428286,"R",55392,"A",,"A",,"G",1231,"A",,"G",1231,"A",,2
428295,"A",,"R",57910,"A",,"G",64,"A",,"R",303,"A",,1
428329,"R",6156,"A",,"A",,"G",137,"A",,"G",137,"A",,2
428392,"R",24874,"A",,"A",,"G",553,"A",,"G",553,"A",,2
428444,"R",60660,"A",,"A",,"G",1348,"A",,"G",1348,"A",,2
429003,"A",,"R",81000,"A",,"G",90,"A",,"R",90,"A",,1
429076,"R",251,"A",,"R",1359,"G",8,"G",57,"G",8,"G",57,2
429085,"A",,"A",,"R",3511,"A",,"G",146,"A",,"G",146,2
429094,"A",,"A",,"R",10810,"A",,"G",300,"A",,"R",215,2
429100,"A",,"R",110400,"A",,"G",123,"A",,"G",123,"A",,1
429128,"R",8202,"A",,"A",,"G",273,"A",,"G",273,"A",,2
429216,"R",15970,"A",,"A",,"G",532,"A",,"R",792,"A",,2
429599,"R",29584,"A",,"A",,"G",657,"A",,"G",657,"A",,2
430050,"A",,"R",1033200,"A",,"G",1148,"A",,"G",1148,"A",,1
430087,"R",15922,"A",,"R",5838,"G",354,"G",162,"G",354,"G",162,2
430096,"R",4243,"A",,"A",,"G",141,"A",,"G",141,"A",,2
430102,"R",2741,"A",,"A",,"G",91,"A",,"G",91,"A",,2
430148,"R",7209,"A",,"A",,"G",160,"A",,"R",160,"A",,2
430157,"R",12507,"A",,"A",,"G",417,"A",,"G",417,"A",,2
430166,"R",12837,"A",,"A",,"G",428,"A",,"G",428,"A",,2
430175,"A",,"R",709959,"A",,"G",789,"A",,"G",789,"A",,1
430218,"A",,"R",97143,"A",,"G",108,"A",,"G",108,"A",,1
430227,"A",,"R",153404,"A",,"G",170,"A",,"G",170,"A",,1
430245,"A",,"R",378000,"A",,"G",420,"A",,"G",420,"A",,1
430254,"R",5370,"A",,"A",,"G",179,"A",,"G",179,"A",,2
430263,"R",20132,"A",,"A",,"G",447,"A",,"G",447,"A",,2
430342,"A",,"R",142665,"A",,"G",159,"A",,"G",159,"A",,1
430351,"R",12495,"A",,"A",,"G",278,"A",,"G",278,"A",,2
430360,"R",14716,"A",,"A",,"G",327,"A",,"G",327,"A",,2
430379,"R",22970,"A",,"A",,"G",510,"A",,"G",510,"A",,2
430388,"R",25140,"A",,"A",,"G",559,"A",,"G",559,"A",,2
430403,"R",0,"R",176596,"A",,"G",196,"A",,"G",196,"A",,3
430421,"R",7880,"A",,"A",,"G",263,"A",,"R",263,"A",,2
430485,"R",4334,"A",,"A",,"G",144,"A",,"G",144,"A",,2
430500,"A",,"R",3132,"A",,"G",3,"A",,"R",3,"A",,1
430564,"A",,"R",31834,"A",,"G",35,"A",,"G",35,"A",,1
430582,"A",,"R",261924,"A",,"G",291,"A",,"G",291,"A",,1
430591,"A",,"A",,"R",12600,"A",,"G",350,"A",,"R",324,2
430704,"A",,"A",,"R",4333,"A",,"G",181,"A",,"G",181,2
430795,"A",,"R",31680,"A",,"G",35,"A",,"G",35,"A",,1
430810,"R",5001,"A",,"A",,"G",167,"A",,"G",167,"A",,2
430847,"A",,"R",123948,"A",,"G",138,"A",,"G",138,"A",,1
430883,"A",,"R",43200,"A",,"G",48,"A",,"G",48,"A",,1
430908,"A",,"R",41860,"A",,"G",47,"A",,"G",47,"A",,1
430917,"A",,"R",192600,"A",,"G",214,"A",,"G",214,"A",,1
430935,"R",13643,"A",,"A",,"G",455,"A",,"G",455,"A",,2
430971,"A",,"R",120000,"A",,"G",133,"A",,"G",133,"A",,1
430980,"A",,"R",214880,"A",,"G",239,"A",,"G",239,"A",,1
430999,"A",,"R",5400,"A",,"G",6,"A",,"G",6,"A",,1
431017,"A",,"R",67200,"A",,"G",75,"A",,"G",75,"A",,1
431026,"R",175360,"R",566080,"A",,"G",6474,"A",,"R",824,"A",,3
431044,"R",798,"A",,"A",,"G",27,"A",,"G",27,"A",,2
431071,"A",,"R",155296,"A",,"G",173,"A",,"G",173,"A",,1
431099,"A",,"R",34000,"A",,"G",38,"A",,"G",38,"A",,1
431105,"A",,"R",103200,"A",,"G",115,"A",,"G",115,"A",,1
431123,"R",12456,"A",,"A",,"G",415,"A",,"G",415,"A",,2
431141,"A",,"R",1402414,"A",,"G",1558,"A",,"G",1558,"A",,1
431169,"A",,"R",140910,"A",,"G",157,"A",,"G",157,"A",,1
431178,"A",,"R",220032,"A",,"G",244,"A",,"G",244,"A",,1
431196,"A",,"R",76500,"A",,"G",85,"A",,"G",85,"A",,1
431248,"R",171,"A",,"R",969,"G",6,"G",40,"R",3,"R",17,2
431266,"A",,"R",122850,"A",,"G",137,"A",,"G",137,"A",,1
431275,"A",,"R",52920,"A",,"G",59,"A",,"R",42,"A",,1
431284,"A",,"R",99696,"A",,"G",111,"A",,"G",111,"A",,1
431309,"R",48036,"A",,"A",,"G",1601,"A",,"G",1601,"A",,2
431558,"A",,"R",277380,"A",,"G",308,"A",,"G",308,"A",,1
431594,"A",,"A",,"R",1722,"A",,"G",72,"A",,"R",11,2
431600,"R",1010,"R",98682,"A",,"G",132,"A",,"R",114,"A",,3
431637,"A",,"R",264000,"A",,"G",293,"A",,"G",293,"A",,1
431664,"A",,"R",136350,"A",,"G",152,"A",,"G",152,"A",,1
431691,"A",,"R",53280,"A",,"G",59,"A",,"R",59,"A",,1
431716,"A",,"R",341580,"A",,"G",380,"A",,"G",380,"A",,1
431770,"A",,"R",98400,"A",,"G",109,"A",,"G",109,"A",,1
431859,"A",,"R",55353,"A",,"G",62,"A",,"G",62,"A",,1
431877,"A",,"R",68904,"A",,"G",77,"A",,"G",77,"A",,1
431886,"A",,"R",580408,"A",,"G",645,"A",,"G",645,"A",,1
431929,"R",10803,"A",,"A",,"G",360,"A",,"G",360,"A",,2
431956,"R",1733,"A",,"A",,"G",58,"A",,"R",56,"A",,2
431965,"A",,"R",235500,"A",,"G",262,"A",,"G",262,"A",,1
431974,"A",,"R",68891,"A",,"G",77,"A",,"G",77,"A",,1
431983,"R",3390,"A",,"A",,"G",113,"A",,"G",113,"A",,2
432074,"A",,"R",84372,"A",,"G",94,"A",,"G",94,"A",,1
432117,"A",,"R",40237,"A",,"G",45,"A",,"G",45,"A",,1
432199,"R",45328,"A",,"R",5601,"G",1511,"G",233,"G",1511,"G",233,2
432214,"R",3038,"A",,"R",2078,"G",101,"G",87,"G",101,"G",87,2
432223,"R",36290,"A",,"R",7158,"G",1210,"G",298,"G",1210,"G",298,2
432232,"R",34958,"A",,"R",10290,"G",1165,"G",429,"G",1165,"G",429,2
432241,"R",36700,"A",,"R",7021,"G",1223,"G",293,"G",1223,"G",293,2
432269,"A",,"R",189270,"A",,"G",210,"A",,"G",210,"A",,1
432296,"A",,"R",316800,"A",,"G",352,"A",,"G",352,"A",,1
432302,"A",,"R",763056,"A",,"G",848,"A",,"G",848,"A",,1
432311,"R",24816,"A",,"A",,"G",827,"A",,"G",827,"A",,2
432357,"A",,"A",,"R",2726,"A",,"G",114,"A",,"G",114,2
432384,"R",12365,"A",,"A",,"G",412,"A",,"G",412,"A",,2
432524,"R",5454,"A",,"A",,"G",182,"A",,"G",182,"A",,2
432533,"R",101553,"A",,"A",,"G",2257,"A",,"G",2257,"A",,2
433004,"A",,"R",46750,"Z",0,"G",52,"A",,"G",52,"A",,1
433013,"R",17285,"A",,"A",,"G",576,"A",,"G",576,"A",,2
433040,"A",,"R",30000,"A",,"G",33,"A",,"G",33,"A",,1
433068,"A",,"R",219240,"A",,"G",244,"A",,"G",244,"A",,1
433101,"A",,"R",826500,"A",,"G",918,"A",,"G",918,"A",,1
433138,"A",,"R",128222,"A",,"G",142,"A",,"G",142,"A",,1
433165,"A",,"R",8000,"A",,"G",9,"A",,"G",9,"A",,1
433174,"R",8264,"R",53458,"A",,"G",335,"A",,"G",335,"A",,3
433217,"A",,"A",,"R",160,"A",,"G",7,"A",,"R",7,2
433387,"R",109955,"A",,"R",32993,"G",3665,"G",1375,"G",3665,"G",1375,2
433420,"A",,"R",140692,"A",,"G",156,"A",,"G",156,"A",,1
433466,"A",,"R",38963,"A",,"G",43,"A",,"G",43,"A",,1
433536,"R",3580,"A",,"A",,"G",119,"A",,"G",119,"A",,2
433563,"R",14816,"A",,"A",,"G",329,"A",,"G",329,"A",,2
433660,"R",155142,"A",,"R",9956,"G",5171,"G",415,"G",5171,"G",415,2
433864,"A",,"R",10725,"A",,"G",12,"A",,"G",12,"A",,1
433970,"R",2139,"A",,"A",,"G",71,"A",,"G",71,"A",,2
434016,"R",2195,"A",,"A",,"G",73,"A",,"G",73,"A",,2
434034,"R",4624,"A",,"A",,"G",154,"A",,"G",154,"A",,2
434052,"R",29920,"A",,"A",,"G",665,"A",,"G",665,"A",,2
434061,"R",41555,"A",,"A",,"G",1385,"A",,"G",1385,"A",,2
434113,"A",,"R",90000,"A",,"G",100,"A",,"G",100,"A",,1
434122,"A",,"R",29040,"A",,"G",32,"A",,"G",32,"A",,1
434140,"A",,"R",516242,"A",,"G",574,"A",,"G",574,"A",,1
434159,"R",9000,"A",,"A",,"G",300,"A",,"G",300,"A",,2
434274,"A",,"R",110300,"A",,"G",123,"A",,"G",123,"A",,1
434283,"A",,"R",77831,"A",,"G",86,"A",,"G",86,"A",,1
434292,"A",,"R",11700,"A",,"G",13,"A",,"R",13,"A",,1
434308,"R",8265,"A",,"A",,"G",276,"A",,"G",276,"A",,2
434317,"R",7208,"A",,"A",,"G",240,"A",,"G",240,"A",,2
434326,"A",,"R",120960,"A",,"G",134,"A",,"G",134,"A",,1
434344,"A",,"R",44000,"A",,"G",49,"A",,"G",49,"A",,1
434362,"A",,"R",28800,"A",,"G",32,"A",,"G",32,"A",,1
434371,"A",,"R",65000,"A",,"G",72,"A",,"R",70,"A",,1
434380,"A",,"R",106250,"A",,"G",118,"A",,"G",118,"A",,1
434399,"A",,"R",7670,"A",,"G",9,"A",,"R",11,"A",,1
434414,"R",1239,"A",,"A",,"G",41,"A",,"G",41,"A",,2
434432,"R",3312,"R",7000,"A",,"G",81,"A",,"G",81,"A",,3
434441,"A",,"A",,"R",6197,"A",,"G",258,"A",,"R",128,2
434469,"A",,"R",221175,"A",,"G",246,"A",,"G",246,"A",,1
434496,"A",,"R",54120,"A",,"G",60,"A",,"G",60,"A",,1
434502,"A",,"R",61690,"A",,"G",69,"A",,"G",69,"A",,1
434520,"R",4676,"A",,"A",,"G",156,"A",,"G",156,"A",,2
434539,"R",20150,"A",,"A",,"G",448,"A",,"G",448,"A",,2
434548,"R",28352,"A",,"A",,"G",630,"A",,"G",630,"A",,2
434557,"R",15392,"A",,"A",,"G",342,"A",,"G",342,"A",,2
434566,"R",12633,"A",,"A",,"G",281,"A",,"G",281,"A",,2
434575,"R",17584,"A",,"A",,"G",391,"A",,"G",391,"A",,2
434584,"R",2628,"R",4846,"A",,"G",93,"A",,"G",93,"A",,3
434672,"R",360303,"A",,"A",,"G",12010,"A",,"G",12010,"A",,2
434690,"R",19899,"A",,"A",,"G",663,"A",,"G",663,"A",,2
434751,"R",849,"A",,"A",,"G",28,"A",,"G",28,"A",,2
434812,"R",10260,"A",,"A",,"G",342,"A",,"R",342,"A",,2
434821,"R",2804,"A",,"A",,"G",62,"A",,"G",62,"A",,2
434830,"R",363,"R",103043,"A",,"G",127,"A",,"G",127,"A",,3
434900,"R",35964,"A",,"A",,"G",1199,"A",,"G",1199,"A",,2
434937,"R",1664,"A",,"A",,"G",55,"A",,"G",55,"A",,2
434946,"R",48246,"A",,"R",13954,"G",1608,"G",581,"G",1608,"G",581,2
434955,"R",36852,"A",,"R",11041,"G",1228,"G",460,"G",1228,"G",460,2
434964,"R",43371,"A",,"R",11979,"G",1446,"G",499,"G",1446,"G",499,2
434973,"R",33910,"A",,"R",7571,"G",1130,"G",315,"G",1130,"G",315,2
434982,"R",20337,"A",,"R",4904,"G",678,"G",204,"G",678,"G",204,2
434991,"R",27144,"A",,"R",3675,"G",905,"G",153,"G",905,"G",153,2
435000,"R",3551,"A",,"R",5587,"G",118,"G",233,"G",118,"G",233,2
435213,"A",,"R",162648,"A",,"G",181,"A",,"G",181,"A",,1
436003,"A",,"R",64700,"A",,"G",72,"A",,"G",72,"A",,1
436012,"A",,"R",520200,"A",,"G",578,"A",,"G",578,"A",,1
436021,"A",,"A",,"R",350,"A",,"G",15,"A",,"G",15,2
436030,"A",,"R",72000,"A",,"G",80,"A",,"G",80,"A",,1
436067,"A",,"R",100000,"A",,"G",111,"A",,"G",111,"A",,1
436076,"A",,"R",28600,"A",,"G",32,"A",,"G",32,"A",,1
436094,"R",1105,"A",,"R",12434,"G",37,"G",518,"G",37,"G",518,2
436100,"A",,"R",2000,"A",,"G",2,"A",,"G",2,"A",,1
436182,"R",16092,"R",231700,"A",,"G",615,"A",,"G",615,"A",,3
436191,"R",29736,"A",,"A",,"G",661,"A",,"G",661,"A",,2
436225,"A",,"R",1367100,"A",,"G",1519,"A",,"G",1519,"A",,1
436261,"A",,"A",,"R",8656,"A",,"G",361,"A",,"R",150,2
436270,"R",9988,"R",200613,"A",,"G",556,"A",,"G",556,"A",,3
436289,"A",,"R",45000,"A",,"G",50,"A",,"G",50,"A",,1
436304,"R",18437,"A",,"A",,"G",615,"A",,"R",615,"A",,2
436429,"A",,"R",348700,"A",,"G",387,"A",,"G",387,"A",,1
436438,"R",4176,"A",,"R",16245,"G",139,"G",677,"G",139,"G",677,2
436465,"R",30744,"A",,"A",,"G",1025,"A",,"G",1025,"A",,2
436474,"R",9005,"A",,"A",,"G",300,"A",,"G",300,"A",,2
436483,"R",6170,"A",,"A",,"G",137,"A",,"G",137,"A",,2
436526,"A",,"R",157388,"A",,"G",175,"A",,"G",175,"A",,1
436553,"R",16920,"A",,"A",,"G",564,"A",,"G",564,"A",,2
436562,"R",12706,"A",,"A",,"G",424,"A",,"G",424,"A",,2
436599,"R",1603,"A",,"A",,"G",53,"A",,"G",53,"A",,2
436614,"R",903,"A",,"R",14,"G",30,"G",1,"G",30,"G",1,2
436632,"A",,"R",48660,"A",,"G",54,"A",,"G",54,"A",,1
436641,"A",,"R",169280,"A",,"G",188,"A",,"R",188,"A",,1
436650,"A",,"R",385578,"A",,"G",428,"A",,"G",428,"A",,1
436702,"R",15372,"A",,"A",,"G",512,"A",,"G",512,"A",,2
436748,"A",,"R",48480,"A",,"G",54,"A",,"G",54,"A",,1
436775,"A",,"R",142200,"A",,"G",158,"A",,"G",158,"A",,1
436784,"R",22752,"A",,"A",,"G",758,"A",,"G",758,"A",,2
436793,"A",,"R",51000,"A",,"G",57,"A",,"R",34,"A",,1
436809,"A",,"R",86400,"A",,"G",96,"A",,"G",96,"A",,1
436818,"R",56593,"A",,"A",,"G",1886,"A",,"G",1886,"A",,2
436827,"R",15924,"A",,"A",,"G",531,"A",,"G",531,"A",,2
436836,"R",29057,"A",,"A",,"G",969,"A",,"G",969,"A",,2
436854,"A",,"R",77146,"A",,"G",86,"A",,"G",86,"A",,1
437042,"R",14184,"A",,"A",,"G",315,"A",,"G",315,"A",,2
437051,"R",19416,"A",,"A",,"G",431,"A",,"G",431,"A",,2
437060,"R",10896,"A",,"A",,"G",242,"A",,"G",242,"A",,2
437088,"A",,"R",69000,"A",,"G",77,"A",,"G",77,"A",,1
437103,"R",148214,"A",,"A",,"G",4940,"A",,"G",4940,"A",,2
437112,"A",,"R",22683,"A",,"G",25,"A",,"G",25,"A",,1
437219,"R",28020,"A",,"A",,"G",623,"A",,"G",623,"A",,2
437237,"A",,"R",41335,"A",,"G",46,"A",,"R",31,"A",,1
437246,"R",26628,"A",,"A",,"G",888,"A",,"G",888,"A",,2
437316,"R",11856,"A",,"A",,"G",395,"A",,"G",395,"A",,2
437325,"R",9662,"A",,"R",229,"G",322,"G",10,"G",322,"G",10,2
437501,"A",,"R",198280,"A",,"G",220,"A",,"G",220,"A",,1
437510,"R",21738,"A",,"Z",0,"G",483,"A",,"G",483,"A",,2
437529,"A",,"R",217800,"A",,"G",242,"A",,"G",242,"A",,1
437538,"R",9055,"A",,"A",,"G",302,"A",,"G",302,"A",,2
437556,"A",,"R",177030,"A",,"G",197,"A",,"G",197,"A",,1
437565,"R",12464,"A",,"A",,"G",415,"A",,"G",415,"A",,2
437574,"R",3115,"A",,"A",,"G",104,"A",,"G",104,"A",,2
437583,"A",,"R",184244,"A",,"G",205,"A",,"G",205,"A",,1
437608,"A",,"R",120000,"A",,"G",133,"A",,"G",133,"A",,1
437635,"A",,"R",185996,"A",,"G",207,"A",,"G",207,"A",,1
437653,"R",4190,"A",,"A",,"G",140,"A",,"R",150,"A",,2
437662,"A",,"R",1407789,"A",,"G",1564,"A",,"G",1564,"A",,1
437705,"A",,"R",9076,"A",,"G",10,"A",,"G",10,"A",,1
437723,"A",,"R",45052,"A",,"G",50,"A",,"G",50,"A",,1
437732,"R",1586,"A",,"A",,"G",53,"A",,"G",53,"A",,2
437750,"R",950,"A",,"A",,"G",32,"A",,"G",32,"A",,2
437769,"R",30007,"A",,"A",,"G",1000,"A",,"G",1000,"A",,2
437778,"A",,"R",357500,"A",,"G",397,"A",,"G",397,"A",,1
437848,"A",,"R",684027,"A",,"G",760,"A",,"G",760,"A",,1
437857,"A",,"R",131094,"A",,"G",146,"A",,"G",146,"A",,1
437866,"R",1155,"A",,"A",,"G",39,"A",,"G",39,"A",,2
437884,"R",4699,"A",,"A",,"G",157,"A",,"G",157,"A",,2
437927,"R",15862,"A",,"A",,"G",529,"A",,"G",529,"A",,2
437936,"R",17482,"A",,"A",,"G",583,"A",,"G",583,"A",,2
437945,"A",,"R",4320,"A",,"G",5,"A",,"G",5,"A",,1
438036,"R",4366,"A",,"A",,"G",146,"A",,"G",146,"A",,2
438133,"P",5149,"A",,"P",0,"P",172,"P",0,"P",172,"P",0,2
438151,"R",34959,"A",,"R",0,"G",1165,"Z",0,"G",1165,"Z",0,2
438179,"A",,"R",290497,"A",,"G",323,"A",,"G",323,"A",,1
438197,"A",,"R",737041,"A",,"G",819,"A",,"G",819,"A",,1
438212,"R",45457,"A",,"A",,"G",1010,"A",,"G",1010,"A",,2
438249,"R",374,"A",,"A",,"G",12,"A",,"G",12,"A",,2
438258,"R",18135,"A",,"A",,"G",605,"A",,"G",605,"A",,2
438267,"A",,"R",113900,"A",,"G",127,"A",,"G",127,"A",,1
438276,"R",7581,"R",433500,"A",,"G",734,"A",,"G",734,"A",,3
438285,"R",10984,"A",,"A",,"G",366,"A",,"G",366,"A",,2
438294,"R",4789,"A",,"A",,"G",160,"A",,"G",160,"A",,2
438337,"A",,"R",309090,"A",,"G",343,"A",,"G",343,"A",,1
438382,"R",15749,"A",,"R",8608,"G",525,"G",359,"G",525,"G",359,2
438416,"R",18803,"A",,"R",3817,"G",627,"G",159,"G",627,"G",159,2
438498,"R",19244,"A",,"R",1508,"G",428,"G",42,"R",475,"R",56,2
438504,"R",169219,"A",,"A",,"G",5641,"A",,"G",5641,"A",,2
438586,"R",72290,"A",,"R",9904,"G",1606,"G",275,"G",1606,"G",275,2
438601,"R",18729,"A",,"R",2094,"G",416,"G",58,"G",416,"G",58,2
438610,"R",25744,"A",,"R",7356,"G",858,"G",307,"G",858,"G",307,2
438629,"R",8192,"A",,"R",2331,"G",273,"G",97,"G",273,"G",97,2
438638,"A",,"R",480110,"A",,"G",533,"A",,"G",533,"A",,1
438647,"A",,"R",421880,"A",,"G",469,"A",,"G",469,"A",,1
438656,"A",,"R",643280,"A",,"G",715,"A",,"G",715,"A",,1
438674,"A",,"R",67360,"A",,"G",75,"A",,"G",75,"A",,1
438708,"R",6977,"A",,"A",,"G",233,"A",,"G",233,"A",,2
438735,"R",4018,"A",,"A",,"G",134,"A",,"R",134,"A",,2
438805,"R",4540,"A",,"A",,"G",151,"A",,"G",151,"A",,2
438850,"A",,"R",341424,"A",,"G",379,"A",,"G",379,"A",,1
438869,"R",25699,"A",,"A",,"G",571,"A",,"G",571,"A",,2
438887,"A",,"R",252399,"A",,"G",280,"A",,"G",280,"A",,1
438902,"R",45912,"R",0,"R",2398,"G",1020,"G",67,"G",1020,"G",67,3
438966,"R",23745,"A",,"A",,"G",528,"A",,"G",528,"A",,2
438984,"R",4392,"A",,"A",,"G",146,"A",,"G",146,"A",,2
439020,"A",,"A",,"R",7642,"A",,"G",212,"A",,"G",212,2
439039,"R",13292,"A",,"A",,"G",443,"A",,"G",443,"A",,2
439057,"R",1807,"A",,"R",9762,"G",60,"G",407,"G",60,"G",407,2
439127,"A",,"R",919981,"A",,"G",1022,"A",,"G",1022,"A",,1
439136,"R",15156,"A",,"A",,"G",337,"A",,"G",337,"A",,2
439145,"R",88671,"A",,"A",,"G",1970,"A",,"G",1970,"A",,2
439163,"R",56264,"A",,"R",6847,"G",1875,"G",285,"G",1875,"G",285,2
439190,"R",65860,"A",,"A",,"G",1464,"A",,"G",1464,"A",,2
439279,"R",19584,"A",,"R",2640,"G",653,"G",110,"G",653,"G",110,2
439288,"R",71878,"A",,"A",,"G",1597,"A",,"G",1597,"A",,2
439297,"R",14906,"A",,"R",4123,"G",497,"G",172,"G",497,"G",172,2
439303,"R",3360,"A",,"A",,"G",75,"A",,"R",70,"A",,2
439312,"R",2976,"A",,"A",,"G",66,"A",,"R",62,"A",,2
439321,"R",1683,"A",,"A",,"G",56,"A",,"G",56,"A",,2
439330,"R",1174,"A",,"R",1391,"G",39,"G",58,"G",39,"G",58,2
439367,"A",,"R",512160,"A",,"G",569,"A",,"G",569,"A",,1
439394,"R",60,"A",,"R",60,"G",2,"G",3,"G",2,"G",3,2
439400,"A",,"R",39000,"A",,"G",43,"A",,"G",43,"A",,1
439437,"R",257,"R",202093,"A",,"G",233,"A",,"G",233,"A",,3
439446,"Z",,"A",,"R",172,"A",,"G",7,"A",,"G",7,2
439455,"R",23760,"R",34200,"A",,"G",566,"A",,"G",566,"A",,3
439473,"A",,"R",104400,"A",,"G",116,"A",,"G",116,"A",,1
439482,"R",6436,"A",,"A",,"G",143,"A",,"G",143,"A",,2
439491,"R",2809,"A",,"A",,"G",62,"A",,"G",62,"A",,2
439507,"R",3857,"A",,"A",,"G",129,"A",,"G",129,"A",,2
439525,"A",,"R",337200,"A",,"G",375,"A",,"G",375,"A",,1
439534,"A",,"R",158020,"A",,"G",176,"A",,"G",176,"A",,1
439543,"A",,"R",42140,"A",,"G",47,"A",,"G",47,"A",,1
439570,"R",19020,"A",,"A",,"G",634,"A",,"R",634,"A",,2
439589,"A",,"R",79044,"A",,"G",88,"A",,"G",88,"A",,1
439598,"P",1170,"A",,"P",0,"P",39,"P",0,"P",39,"P",0,2
439604,"A",,"R",45000,"A",,"G",50,"A",,"G",50,"A",,1
439613,"R",5588,"A",,"A",,"G",186,"A",,"R",201,"A",,2
439622,"A",,"R",156200,"A",,"G",174,"A",,"G",174,"A",,1
439631,"R",1500,"A",,"A",,"G",50,"A",,"G",50,"A",,2
439659,"A",,"R",54900,"A",,"G",61,"A",,"G",61,"A",,1
439668,"P",,"P",96015,"P",0,"P",107,"P",0,"P",107,"P",0,1
439686,"A",,"R",214275,"A",,"G",238,"A",,"G",238,"A",,1
439695,"A",,"R",112859,"A",,"G",125,"A",,"G",125,"A",,1
439701,"R",5977,"A",,"R",7048,"G",133,"G",196,"G",133,"G",196,2
439729,"A",,"R",58630,"A",,"G",65,"A",,"G",65,"A",,1
439738,"A",,"R",532800,"A",,"G",592,"A",,"G",592,"A",,1
439747,"A",,"R",165400,"A",,"G",184,"A",,"G",184,"A",,1
439756,"A",,"R",54635,"A",,"G",61,"A",,"G",61,"A",,1
439774,"A",,"R",1000,"A",,"G",1,"A",,"G",1,"A",,1
439783,"R",2361,"A",,"R",3420,"G",79,"G",143,"G",79,"G",143,2
439792,"R",23408,"A",,"A",,"G",780,"A",,"G",780,"A",,2
439817,"A",,"A",,"R",2400,"A",,"G",100,"A",,"G",100,2
439826,"R",18018,"A",,"A",,"G",601,"A",,"G",601,"A",,2
439844,"A",,"R",59354,"A",,"G",66,"A",,"G",66,"A",,1
439862,"R",4008,"A",,"A",,"G",134,"A",,"G",134,"A",,2
439871,"R",4187,"A",,"A",,"G",140,"A",,"G",140,"A",,2
439899,"R",2348,"A",,"A",,"G",78,"A",,"R",79,"A",,2
439905,"A",,"R",900,"A",,"G",1,"A",,"G",1,"A",,1
439914,"A",,"A",,"R",990,"A",,"G",41,"A",,"G",41,2
439932,"A",,"R",77500,"A",,"G",86,"A",,"G",86,"A",,1
439969,"R",8208,"A",,"R",800,"G",274,"G",33,"G",274,"G",33,2
439978,"A",,"R",82800,"A",,"G",92,"A",,"G",92,"A",,1
439987,"A",,"R",111600,"A",,"G",124,"A",,"G",124,"A",,1
439996,"A",,"R",200000,"A",,"G",222,"A",,"G",222,"A",,1
440004,"A",,"A",,"C",1120,"A",,"C",47,"A",,"C",40,2
440031,"A",,"A",,"R",2100,"A",,"G",88,"A",,"R",84,2
440059,"R",1976,"A",,"A",,"G",44,"A",,"R",44,"A",,2
440077,"R",3010,"A",,"A",,"G",100,"A",,"G",100,"A",,2
440086,"R",11569,"R",248150,"A",,"G",661,"A",,"R",257,"A",,3
440101,"A",,"R",67268,"A",,"G",75,"A",,"G",75,"A",,1
440110,"A",,"R",1802700,"A",,"G",2003,"A",,"G",2003,"A",,1
440129,"A",,"R",1741500,"A",,"G",1935,"A",,"G",1935,"A",,1
440147,"A",,"R",612914,"A",,"G",681,"A",,"G",681,"A",,1
440165,"R",27224,"A",,"A",,"G",605,"A",,"G",605,"A",,2
440174,"A",,"R",51400,"A",,"G",57,"A",,"G",57,"A",,1
440217,"A",,"R",33414,"A",,"G",37,"A",,"G",37,"A",,1
440226,"A",,"R",146880,"A",,"G",163,"A",,"G",163,"A",,1
440235,"A",,"R",84530,"A",,"G",94,"A",,"G",94,"A",,1
440244,"R",74018,"A",,"A",,"G",2467,"A",,"G",2467,"A",,2
440253,"R",3000,"A",,"R",10000,"G",100,"G",417,"G",100,"G",417,2
440262,"A",,"R",891036,"A",,"G",990,"A",,"G",990,"A",,1
440271,"R",23239,"A",,"A",,"G",775,"A",,"G",775,"A",,2
440299,"A",,"R",124430,"A",,"G",138,"A",,"G",138,"A",,1
440305,"R",51470,"A",,"A",,"G",1716,"A",,"G",1716,"A",,2
440323,"A",,"R",449240,"A",,"G",499,"A",,"R",499,"A",,1
440332,"K",,"K",355409,"K",0,"K",395,"K",0,"K",476,"K",0,1
440341,"R",56492,"A",,"A",,"G",1255,"A",,"G",1255,"A",,2
440369,"R",62678,"R",828520,"A",,"G",3010,"A",,"G",3010,"A",,3
440378,"R",4640,"A",,"A",,"G",155,"A",,"R",155,"A",,2
440402,"R",21189,"A",,"A",,"G",706,"A",,"G",706,"A",,2
440411,"R",198,"A",,"R",1237,"G",7,"G",52,"G",7,"G",52,2
440420,"R",9915,"A",,"R",3075,"G",331,"G",128,"G",331,"G",128,2
440439,"R",48644,"A",,"R",11268,"G",1621,"G",470,"G",1621,"G",470,2
440448,"R",88716,"A",,"R",16800,"G",2957,"G",700,"G",2957,"G",700,2
440457,"R",22947,"A",,"R",4806,"G",765,"G",200,"G",765,"G",200,2
440466,"R",13968,"A",,"R",2026,"G",466,"G",84,"G",466,"G",84,2
440484,"A",,"R",846400,"A",,"G",940,"A",,"G",940,"A",,1
440536,"R",13849,"A",,"R",1848,"G",462,"G",77,"G",462,"G",77,2
440545,"R",22883,"A",,"R",2049,"G",763,"G",85,"G",763,"G",85,2
440590,"R",20678,"A",,"R",1981,"G",689,"G",83,"G",689,"G",83,2
440615,"R",11799,"A",,"A",,"G",262,"A",,"G",262,"A",,2
440624,"R",22157,"A",,"A",,"G",739,"A",,"G",739,"A",,2
440642,"R",10876,"A",,"A",,"G",242,"A",,"G",242,"A",,2
440651,"A",,"R",789460,"A",,"G",877,"A",,"G",877,"A",,1
440679,"R",1848,"A",,"A",,"G",62,"A",,"G",62,"A",,2
440721,"A",,"R",174655,"A",,"G",194,"A",,"R",194,"A",,1
440730,"A",,"R",478107,"A",,"G",531,"A",,"G",531,"A",,1
440749,"R",6748,"A",,"A",,"G",150,"A",,"G",150,"A",,2
440758,"R",6441,"A",,"A",,"G",143,"A",,"G",143,"A",,2
440767,"R",5417,"A",,"A",,"G",120,"A",,"G",120,"A",,2
440776,"A",,"R",42300,"A",,"G",47,"A",,"G",47,"A",,1
440794,"R",2099,"A",,"A",,"G",70,"A",,"G",70,"A",,2
440800,"R",3984,"A",,"A",,"G",89,"A",,"G",89,"A",,2
440819,"R",5580,"A",,"A",,"G",124,"A",,"G",124,"A",,2
440828,"R",9276,"A",,"R",2405,"G",206,"G",67,"G",206,"G",67,2
440837,"R",2150,"A",,"A",,"G",48,"A",,"G",48,"A",,2
440846,"A",,"R",253120,"A",,"G",281,"A",,"G",281,"A",,1
440855,"A",,"R",125280,"A",,"G",139,"A",,"G",139,"A",,1
440864,"A",,"R",232330,"A",,"G",258,"A",,"G",258,"A",,1
440873,"R",8362,"A",,"A",,"G",186,"A",,"G",186,"A",,2
440882,"R",10392,"A",,"A",,"G",231,"A",,"G",231,"A",,2
440891,"R",6840,"A",,"A",,"G",152,"A",,"G",152,"A",,2
440907,"R",9365,"R",201350,"A",,"G",536,"A",,"R",208,"A",,3
440925,"R",60402,"A",,"A",,"G",1342,"A",,"G",1342,"A",,2
440952,"R",16546,"A",,"A",,"G",552,"A",,"G",552,"A",,2
440961,"A",,"R",442512,"A",,"G",492,"A",,"G",492,"A",,1
440970,"A",,"R",248118,"A",,"G",276,"A",,"G",276,"A",,1
440989,"A",,"R",481186,"A",,"G",535,"A",,"G",535,"A",,1
441016,"A",,"R",439600,"A",,"G",488,"A",,"G",488,"A",,1
441025,"R",27546,"A",,"A",,"G",612,"A",,"G",612,"A",,2
441052,"A",,"R",885488,"A",,"G",984,"A",,"G",984,"A",,1
441061,"R",15860,"A",,"A",,"G",352,"A",,"G",352,"A",,2
441070,"R",2158,"A",,"A",,"G",72,"A",,"G",72,"A",,2
441089,"R",97890,"R",1855200,"A",,"G",5324,"A",,"G",5324,"A",,3
441104,"A",,"A",,"R",5845,"A",,"G",244,"A",,"G",244,2
441131,"A",,"A",,"R",69975,"A",,"G",2916,"A",,"G",2916,2
441168,"A",,"R",14628,"A",,"G",16,"A",,"G",16,"A",,1
441186,"R",14991,"A",,"R",3817,"G",500,"G",159,"G",500,"G",159,2
441195,"R",3199,"A",,"A",,"G",107,"A",,"G",107,"A",,2
441201,"R",23688,"A",,"A",,"G",526,"A",,"G",526,"A",,2
441210,"A",,"R",87300,"A",,"G",97,"A",,"G",97,"A",,1
441229,"R",11340,"A",,"A",,"G",252,"A",,"G",252,"A",,2
441238,"A",,"A",,"R",2242,"A",,"G",93,"A",,"R",56,2
441247,"A",,"R",10440,"A",,"G",12,"A",,"G",12,"A",,1
441256,"A",,"R",98500,"A",,"G",109,"A",,"G",109,"A",,1
441274,"A",,"R",57752,"A",,"G",64,"A",,"G",64,"A",,1
441308,"A",,"A",,"R",4242,"A",,"G",177,"A",,"R",117,2
441362,"A",,"R",76802,"A",,"G",85,"A",,"G",85,"A",,1
441371,"A",,"R",241608,"A",,"G",268,"A",,"G",268,"A",,1
441380,"A",,"R",129600,"A",,"G",144,"A",,"G",144,"A",,1
441399,"R",6060,"A",,"A",,"G",202,"A",,"R",101,"A",,2
441405,"A",,"R",122400,"A",,"G",136,"A",,"G",136,"A",,1
441414,"A",,"R",424968,"A",,"G",472,"A",,"G",472,"A",,1
441423,"R",7243,"A",,"A",,"G",241,"A",,"G",241,"A",,2
441432,"A",,"R",27900,"A",,"G",31,"A",,"G",31,"A",,1
441441,"R",10184,"A",,"A",,"G",339,"A",,"G",339,"A",,2
441450,"A",,"R",900,"A",,"G",1,"A",,"G",1,"A",,1
441478,"A",,"A",,"R",7032,"A",,"G",293,"A",,"R",206,2
441487,"R",5214,"R",238,"A",,"G",174,"A",,"G",174,"A",,3
441496,"R",14045,"A",,"A",,"G",312,"A",,"G",312,"A",,2
441502,"R",2240,"A",,"A",,"G",50,"A",,"G",50,"A",,2
441511,"R",735,"A",,"R",156,"G",25,"G",7,"G",25,"G",7,2
441548,"A",,"R",74400,"A",,"G",83,"A",,"G",83,"A",,1
441557,"A",,"R",104160,"A",,"G",116,"A",,"G",116,"A",,1
441566,"A",,"R",98340,"A",,"G",109,"A",,"R",105,"A",,1
441575,"A",,"R",183325,"A",,"G",204,"A",,"G",204,"A",,1
441584,"A",,"R",884700,"A",,"G",983,"A",,"G",983,"A",,1
441609,"R",1290,"A",,"A",,"G",43,"A",,"G",43,"A",,2
441618,"A",,"R",96127,"A",,"G",107,"A",,"G",107,"A",,1
441627,"A",,"R",43200,"A",,"G",48,"A",,"R",24,"A",,1
441636,"A",,"R",117439,"A",,"G",130,"A",,"G",130,"A",,1
441645,"A",,"R",266700,"A",,"G",296,"A",,"G",296,"A",,1
441654,"R",160,"R",27500,"A",,"G",36,"A",,"G",36,"A",,3
441663,"R",2660,"A",,"A",,"G",89,"A",,"G",89,"A",,2
441672,"A",,"R",15275,"A",,"G",17,"A",,"G",17,"A",,1
441681,"R",7308,"A",,"A",,"G",244,"A",,"G",244,"A",,2
441690,"R",6528,"A",,"A",,"G",218,"A",,"G",218,"A",,2
441706,"R",5136,"A",,"A",,"G",171,"A",,"G",171,"A",,2
441715,"R",10871,"A",,"A",,"G",362,"A",,"G",362,"A",,2
441733,"R",1170,"A",,"A",,"G",39,"A",,"G",39,"A",,2
441742,"A",,"R",721847,"A",,"G",802,"A",,"G",802,"A",,1
441751,"A",,"R",29000,"A",,"G",32,"A",,"G",32,"A",,1
441760,"A",,"R",1318784,"A",,"G",1465,"A",,"G",1465,"A",,1
441779,"A",,"R",84377,"A",,"G",94,"A",,"G",94,"A",,1
441788,"R",3072,"A",,"A",,"G",102,"A",,"R",102,"A",,2
441797,"A",,"R",171000,"A",,"G",190,"A",,"G",190,"A",,1
441821,"A",,"R",44100,"A",,"G",49,"A",,"G",49,"A",,1
441830,"A",,"R",25740,"A",,"G",29,"A",,"R",33,"A",,1
441858,"R",6648,"A",,"A",,"G",222,"A",,"G",222,"A",,2
441876,"A",,"R",132277,"A",,"G",147,"A",,"G",147,"A",,1
441900,"R",36622,"A",,"A",,"G",1221,"A",,"G",1221,"A",,2
441919,"R",15936,"A",,"A",,"G",531,"A",,"G",531,"A",,2
441928,"P",42840,"A",,"P",0,"P",952,"P",0,"P",952,"P",0,2
441937,"R",59110,"A",,"R",4583,"G",1970,"G",191,"G",1970,"G",191,2
441955,"R",15112,"A",,"A",,"G",336,"A",,"G",336,"A",,2
441964,"R",11232,"A",,"A",,"G",250,"A",,"G",250,"A",,2
441973,"R",92773,"A",,"A",,"G",2062,"A",,"G",2062,"A",,2
441982,"R",8194,"A",,"A",,"G",273,"A",,"G",273,"A",,2
442000,"R",10921,"A",,"A",,"G",364,"A",,"G",364,"A",,2
442028,"A",,"R",24300,"A",,"G",27,"A",,"G",27,"A",,1
442037,"A",,"R",434880,"A",,"G",483,"A",,"G",483,"A",,1
442046,"R",34190,"A",,"A",,"G",1140,"A",,"G",1140,"A",,2
442055,"A",,"R",315731,"A",,"G",351,"A",,"R",351,"A",,1
442064,"A",,"A",,"R",527,"A",,"G",22,"A",,"G",22,2
442073,"R",25621,"A",,"A",,"G",854,"A",,"G",854,"A",,2
442091,"A",,"R",9380,"A",,"G",10,"A",,"G",10,"A",,1
442134,"A",,"R",355470,"A",,"G",395,"A",,"G",395,"A",,1
442143,"R",22731,"A",,"R",5010,"G",758,"G",209,"G",758,"G",209,2
442152,"R",41516,"A",,"R",14631,"G",1384,"G",610,"G",1384,"G",610,2
442161,"R",31023,"A",,"R",5733,"G",1034,"G",239,"G",1034,"G",239,2
442170,"R",20166,"A",,"R",7005,"G",672,"G",292,"G",672,"G",292,2
442189,"R",19512,"A",,"R",4977,"G",650,"G",207,"G",650,"G",207,2
442204,"A",,"R",148316,"A",,"G",165,"A",,"G",165,"A",,1
442213,"A",,"R",23100,"A",,"G",26,"A",,"G",26,"A",,1
442222,"R",1175,"A",,"R",9874,"G",39,"G",411,"G",39,"G",411,2
442231,"R",65534,"A",,"A",,"G",2184,"A",,"G",2184,"A",,2
442240,"A",,"R",197415,"A",,"G",219,"A",,"G",219,"A",,1
442310,"A",,"R",437680,"A",,"G",486,"A",,"G",486,"A",,1
442329,"A",,"R",150900,"A",,"G",168,"A",,"G",168,"A",,1
442338,"R",32472,"A",,"A",,"G",722,"A",,"G",722,"A",,2
442347,"R",14201,"A",,"A",,"G",316,"A",,"G",316,"A",,2
442356,"R",8342,"A",,"A",,"G",278,"A",,"G",278,"A",,2
442365,"R",2452,"A",,"R",1507,"G",82,"G",63,"G",82,"G",63,2
442383,"R",14958,"A",,"A",,"G",332,"A",,"G",332,"A",,2
442392,"A",,"A",,"R",923,"A",,"G",38,"A",,"R",96,2
442408,"R",5088,"A",,"A",,"G",113,"A",,"G",113,"A",,2
442417,"A",,"R",301520,"A",,"G",335,"A",,"G",335,"A",,1
442426,"R",2970,"A",,"A",,"G",99,"A",,"G",99,"A",,2
442435,"R",1020,"A",,"A",,"G",34,"A",,"G",34,"A",,2
442444,"R",31759,"A",,"A",,"G",1059,"A",,"G",1059,"A",,2
442462,"A",,"R",714600,"A",,"G",794,"A",,"G",794,"A",,1
442480,"A",,"R",354510,"A",,"G",394,"A",,"G",394,"A",,1
442499,"A",,"R",313378,"A",,"G",348,"A",,"G",348,"A",,1
442505,"A",,"R",428771,"A",,"G",476,"A",,"G",476,"A",,1
442514,"A",,"R",14124,"A",,"G",16,"A",,"G",16,"A",,1
442569,"R",0,"Z",,"R",0,"R",0,"R",0,"R",0,"R",0,2
442578,"R",18486,"A",,"A",,"G",411,"A",,"G",411,"A",,2
442611,"R",128849,"A",,"A",,"G",4295,"A",,"G",4295,"A",,2
442620,"R",42374,"A",,"A",,"G",942,"A",,"G",942,"A",,2
442639,"R",2043,"A",,"A",,"G",68,"A",,"G",68,"A",,2
442648,"A",,"R",829800,"A",,"G",922,"A",,"G",922,"A",,1
442657,"A",,"R",139010,"A",,"G",154,"A",,"G",154,"A",,1
442684,"R",6600,"A",,"A",,"G",220,"A",,"G",220,"A",,2
442718,"R",6037,"A",,"A",,"G",134,"A",,"G",134,"A",,2
442727,"A",,"R",613930,"A",,"G",682,"A",,"G",682,"A",,1
442736,"A",,"R",682880,"A",,"G",759,"A",,"G",759,"A",,1
442745,"A",,"R",517680,"A",,"G",575,"A",,"G",575,"A",,1
442781,"R",4155,"A",,"A",,"G",139,"A",,"G",139,"A",,2
442790,"R",59791,"R",693640,"A",,"G",2099,"A",,"G",2099,"A",,3
442815,"R",4567,"A",,"A",,"G",152,"A",,"G",152,"A",,2
442824,"R",29156,"A",,"R",2862,"G",972,"G",119,"G",972,"G",119,2
442833,"R",120412,"A",,"R",21811,"G",4014,"G",909,"R",4014,"R",1091,2
442842,"A",,"A",,"R",18170,"A",,"G",757,"A",,"G",757,2
442851,"A",,"R",175500,"A",,"G",195,"A",,"G",195,"A",,1
442879,"R",58681,"A",,"A",,"G",1956,"A",,"R",1900,"A",,2
442888,"R",7135,"A",,"A",,"G",238,"A",,"G",238,"A",,2
442897,"R",1998,"A",,"A",,"G",67,"A",,"G",67,"A",,2
442903,"P",4263,"A",,"P",0,"P",142,"P",0,"P",142,"P",0,2
442912,"A",,"R",12525,"A",,"G",14,"A",,"G",14,"A",,1
442921,"R",2300,"A",,"A",,"G",77,"A",,"G",77,"A",,2
442930,"R",11799,"R",13230,"A",,"G",408,"A",,"G",408,"A",,3
442949,"R",993,"A",,"A",,"G",33,"A",,"G",33,"A",,2
442958,"A",,"R",46920,"A",,"G",52,"A",,"G",52,"A",,1
442967,"A",,"R",10080,"A",,"G",11,"A",,"G",11,"A",,1
442976,"A",,"R",151980,"A",,"G",169,"A",,"G",169,"A",,1
442985,"R",4752,"A",,"A",,"G",158,"A",,"G",158,"A",,2
443012,"R",3312,"A",,"A",,"G",74,"A",,"R",54,"A",,2
443021,"A",,"R",127500,"A",,"G",142,"A",,"G",142,"A",,1
443030,"A",,"A",,"R",1872,"A",,"G",52,"A",,"R",52,2
443049,"R",1890,"A",,"R",6516,"G",42,"G",181,"R",37,"R",167,2
443058,"R",756,"A",,"A",,"G",25,"A",,"G",25,"A",,2
443076,"R",189,"A",,"R",916,"G",6,"G",38,"G",6,"G",38,2
443094,"P",,"P",24861,"P",0,"P",28,"P",0,"P",28,"P",0,1
443100,"A",,"R",87750,"A",,"G",98,"A",,"G",98,"A",,1
443137,"A",,"R",174000,"A",,"G",193,"A",,"G",193,"A",,1
443146,"A",,"R",187200,"A",,"G",208,"A",,"G",208,"A",,1
443164,"R",3620,"A",,"A",,"G",121,"A",,"G",121,"A",,2
443173,"A",,"R",54492,"A",,"G",61,"A",,"G",61,"A",,1
443182,"A",,"R",39360,"A",,"G",44,"A",,"G",44,"A",,1
443207,"R",18919,"A",,"A",,"G",631,"A",,"G",631,"A",,2
443216,"A",,"R",138960,"A",,"G",154,"A",,"R",154,"A",,1
443225,"A",,"R",96480,"A",,"G",107,"A",,"G",107,"A",,1
443234,"R",10135,"A",,"A",,"G",338,"A",,"G",338,"A",,2
443252,"R",6012,"A",,"A",,"G",200,"A",,"G",200,"A",,2
443261,"A",,"R",37000,"A",,"G",41,"A",,"G",41,"A",,1
443270,"R",1548,"A",,"A",,"G",52,"A",,"G",52,"A",,2
443289,"R",5660,"A",,"A",,"G",189,"A",,"G",189,"A",,2
443298,"A",,"R",73500,"A",,"G",82,"A",,"G",82,"A",,1
443304,"A",,"R",12000,"A",,"G",13,"A",,"G",13,"A",,1
443313,"A",,"R",137700,"A",,"G",153,"A",,"G",153,"A",,1
443322,"A",,"R",303750,"A",,"G",338,"A",,"R",300,"A",,1
443331,"A",,"R",133249,"A",,"G",148,"A",,"G",148,"A",,1
443340,"R",1740,"A",,"A",,"G",58,"A",,"G",58,"A",,2
443359,"A",,"R",106110,"A",,"G",118,"A",,"G",118,"A",,1
443377,"R",6147,"A",,"A",,"G",205,"A",,"G",205,"A",,2
443410,"R",26505,"A",,"R",611,"G",884,"G",25,"G",884,"G",25,2
443429,"A",,"R",720,"A",,"G",1,"A",,"R",1,"A",,1
443438,"A",,"R",536400,"A",,"G",596,"A",,"G",596,"A",,1
443456,"R",9420,"A",,"R",3822,"G",314,"G",159,"G",314,"G",159,2
443465,"R",7308,"A",,"R",1203,"G",244,"G",50,"G",244,"G",50,2
443474,"R",22500,"A",,"R",9684,"G",750,"G",404,"G",750,"G",404,2
443483,"R",3380,"A",,"A",,"G",75,"A",,"R",93,"A",,2
443492,"R",59107,"A",,"A",,"G",1970,"A",,"G",1970,"A",,2
443517,"A",,"R",75200,"A",,"G",84,"A",,"G",84,"A",,1
443526,"R",17552,"A",,"A",,"G",390,"A",,"G",390,"A",,2
443535,"R",23620,"A",,"A",,"G",525,"A",,"G",525,"A",,2
443544,"R",11034,"A",,"R",2319,"G",368,"G",97,"G",368,"G",97,2
443553,"A",,"R",305616,"A",,"G",340,"A",,"G",340,"A",,1
443562,"R",51192,"A",,"A",,"G",1706,"A",,"G",1706,"A",,2
443571,"R",6017,"A",,"A",,"G",201,"A",,"G",201,"A",,2
443580,"A",,"R",233550,"A",,"G",260,"A",,"G",260,"A",,1
443605,"A",,"R",551001,"A",,"G",612,"A",,"G",612,"A",,1
443614,"A",,"R",730356,"A",,"G",812,"A",,"R",416,"A",,1
443623,"R",61785,"A",,"A",,"G",2060,"A",,"G",2060,"A",,2
443632,"R",7884,"A",,"A",,"G",263,"A",,"G",263,"A",,2
443641,"A",,"R",256175,"A",,"G",285,"A",,"G",285,"A",,1
443650,"R",24756,"A",,"A",,"G",550,"A",,"G",550,"A",,2
443669,"A",,"R",120210,"A",,"G",134,"A",,"G",134,"A",,1
443678,"A",,"R",143000,"A",,"G",159,"A",,"G",159,"A",,1
443687,"A",,"R",420070,"A",,"G",467,"A",,"G",467,"A",,1
443696,"A",,"R",21600,"A",,"G",24,"A",,"G",24,"A",,1
443702,"A",,"A",,"R",132,"A",,"G",6,"A",,"G",6,2
443720,"A",,"R",1106100,"A",,"G",1229,"A",,"G",1229,"A",,1
443739,"A",,"R",622540,"A",,"G",692,"A",,"G",692,"A",,1
443748,"A",,"R",520560,"A",,"G",578,"A",,"G",578,"A",,1
443827,"A",,"R",869418,"A",,"G",966,"A",,"G",966,"A",,1
443836,"A",,"R",587520,"A",,"G",653,"A",,"G",653,"A",,1
443845,"R",315,"A",,"A",,"G",11,"A",,"G",11,"A",,2
443854,"A",,"R",127890,"A",,"G",142,"A",,"G",142,"A",,1
443863,"A",,"R",41777,"A",,"G",46,"A",,"G",46,"A",,1
443872,"R",6369,"A",,"R",849,"G",212,"G",35,"G",212,"G",35,2
443881,"R",15237,"A",,"R",1488,"G",508,"G",62,"G",508,"G",62,2
443890,"R",11721,"A",,"R",4932,"G",391,"G",206,"G",391,"G",206,2
443906,"R",7824,"A",,"R",2907,"G",261,"G",121,"G",261,"G",121,2
443915,"R",5186,"A",,"R",1602,"G",173,"G",67,"G",173,"G",67,2
443924,"R",6690,"A",,"R",3336,"G",223,"G",139,"G",223,"G",139,2
443933,"R",2136,"A",,"A",,"G",71,"A",,"G",71,"A",,2
443942,"P",,"P",172941,"P",0,"P",192,"P",0,"P",192,"P",0,1
443951,"R",2827,"A",,"A",,"G",94,"A",,"R",105,"A",,2
443979,"A",,"R",253150,"A",,"G",281,"A",,"G",281,"A",,1
443997,"R",2540,"A",,"R",348,"G",85,"G",15,"G",85,"G",15,2
444015,"A",,"R",1164080,"A",,"G",1293,"A",,"G",1293,"A",,1
444024,"A",,"R",489000,"A",,"G",543,"A",,"G",543,"A",,1
444033,"R",343,"A",,"R",468,"G",11,"G",20,"G",11,"G",20,2
444042,"R",30561,"A",,"A",,"G",1019,"A",,"G",1019,"A",,2
444051,"R",549,"R",132580,"A",,"G",166,"A",,"R",147,"A",,3
444060,"A",,"R",235973,"A",,"G",262,"A",,"G",262,"A",,1
444079,"R",7975,"A",,"A",,"G",266,"A",,"G",266,"A",,2
444088,"A",,"R",246729,"A",,"G",274,"A",,"G",274,"A",,1
444103,"A",,"A",,"R",240,"A",,"G",10,"A",,"G",10,2
444121,"R",25395,"A",,"A",,"G",847,"A",,"G",847,"A",,2
444158,"R",549152,"A",,"R",49112,"G",12203,"G",1364,"G",12203,"G",1364,2
444167,"R",48125,"A",,"A",,"G",1069,"A",,"G",1069,"A",,2
444176,"A",,"R",82560,"A",,"G",92,"A",,"G",92,"A",,1
444194,"R",6764,"A",,"A",,"G",150,"A",,"G",150,"A",,2
444200,"A",,"R",203600,"A",,"G",226,"A",,"G",226,"A",,1
444219,"R",90249,"R",3528,"A",,"G",3012,"A",,"G",3012,"A",,3
444228,"A",,"R",31422,"A",,"G",35,"A",,"R",21,"A",,1
444237,"A",,"R",584160,"A",,"G",649,"A",,"G",649,"A",,1
444255,"R",17229,"A",,"A",,"G",574,"A",,"G",574,"A",,2
444264,"A",,"R",47400,"A",,"G",53,"A",,"R",53,"A",,1
444273,"A",,"R",218700,"A",,"G",243,"A",,"G",243,"A",,1
444282,"A",,"R",79211,"A",,"G",88,"A",,"G",88,"A",,1
444291,"A",,"R",127198,"A",,"G",141,"A",,"G",141,"A",,1
444307,"A",,"R",124570,"A",,"G",138,"A",,"G",138,"A",,1
444316,"A",,"R",90543,"A",,"G",101,"A",,"G",101,"A",,1
444325,"P",4445,"P",128305,"P",0,"P",291,"P",0,"P",291,"P",0,3
444334,"A",,"R",230400,"A",,"G",256,"A",,"G",256,"A",,1
444343,"A",,"R",72260,"A",,"G",80,"A",,"G",80,"A",,1
444352,"A",,"R",58200,"A",,"G",65,"A",,"R",65,"A",,1
444361,"A",,"R",560,"A",,"G",1,"A",,"G",1,"A",,1
444370,"A",,"R",66840,"A",,"G",74,"A",,"G",74,"A",,1
444389,"R",18480,"A",,"A",,"G",616,"A",,"G",616,"A",,2
444398,"R",4815,"A",,"A",,"G",161,"A",,"R",172,"A",,2
444404,"A",,"R",67500,"A",,"G",75,"A",,"G",75,"A",,1
444413,"R",2370,"A",,"R",390,"G",79,"G",16,"G",79,"G",16,2
444422,"A",,"R",116688,"A",,"G",130,"A",,"G",130,"A",,1
444440,"A",,"R",155250,"A",,"G",173,"A",,"G",173,"A",,1
444459,"A",,"R",15000,"A",,"G",17,"A",,"G",17,"A",,1
444468,"A",,"R",32292,"A",,"G",36,"A",,"G",36,"A",,1
444477,"R",0,"R",86952,"A",,"G",97,"A",,"G",97,"A",,3
444486,"A",,"R",435300,"A",,"G",484,"A",,"G",484,"A",,1
444501,"A",,"R",30801,"A",,"G",34,"A",,"G",34,"A",,1
444529,"R",4404,"A",,"A",,"G",147,"A",,"G",147,"A",,2
444547,"A",,"R",66971,"A",,"G",74,"A",,"G",74,"A",,1
444556,"A",,"R",33768,"A",,"G",38,"A",,"G",38,"A",,1
444565,"R",648,"R",112200,"A",,"G",146,"A",,"G",146,"A",,3
444574,"A",,"R",141692,"A",,"G",157,"A",,"G",157,"A",,1
444583,"R",5591,"A",,"A",,"G",186,"A",,"G",186,"A",,2
444592,"A",,"R",75600,"A",,"G",84,"A",,"G",84,"A",,1
444608,"A",,"R",13058,"A",,"G",15,"A",,"G",15,"A",,1
444617,"A",,"R",14500,"A",,"G",16,"A",,"G",16,"A",,1
444626,"A",,"R",21265,"A",,"G",24,"A",,"G",24,"A",,1
444635,"A",,"R",48150,"A",,"G",54,"A",,"R",54,"A",,1
444644,"R",904,"A",,"A",,"G",30,"A",,"G",30,"A",,2
444653,"A",,"R",81000,"A",,"G",90,"A",,"G",90,"A",,1
444662,"R",1196,"A",,"A",,"G",40,"A",,"G",40,"A",,2
444671,"R",1260,"A",,"A",,"G",28,"A",,"G",28,"A",,2
444680,"A",,"R",169200,"A",,"G",188,"A",,"G",188,"A",,1
444699,"A",,"A",,"R",834,"A",,"G",35,"A",,"G",35,2
444705,"A",,"R",50100,"A",,"G",56,"A",,"G",56,"A",,1
444714,"R",11712,"A",,"A",,"G",390,"A",,"G",390,"A",,2
444723,"R",3630,"A",,"R",14832,"G",121,"G",618,"R",101,"R",824,2
444732,"A",,"R",136000,"A",,"G",151,"A",,"G",151,"A",,1
444741,"A",,"R",113640,"A",,"G",126,"A",,"G",126,"A",,1
444750,"A",,"R",20502,"A",,"G",23,"A",,"G",23,"A",,1
444769,"A",,"R",42340,"A",,"G",47,"A",,"G",47,"A",,1
444778,"R",864,"A",,"R",170,"G",29,"G",7,"G",29,"G",7,2
444787,"A",,"R",16540,"A",,"G",18,"A",,"G",18,"A",,1
444796,"R",24,"A",,"A",,"G",1,"A",,"G",1,"A",,2
444802,"R",3768,"R",22923,"A",,"G",151,"A",,"G",151,"A",,3
444848,"R",222,"A",,"R",793,"G",7,"G",33,"G",7,"G",33,2
444857,"A",,"R",74400,"A",,"G",83,"A",,"G",83,"A",,1
444866,"A",,"R",39000,"A",,"G",43,"A",,"G",43,"A",,1
444875,"A",,"R",27404,"A",,"G",30,"A",,"G",30,"A",,1
444884,"A",,"R",5380,"A",,"G",6,"A",,"G",6,"A",,1
444893,"R",2790,"A",,"A",,"G",93,"A",,"G",93,"A",,2
444909,"A",,"R",17112,"A",,"G",19,"A",,"G",19,"A",,1
444927,"R",6614,"A",,"A",,"G",147,"A",,"G",147,"A",,2
444936,"A",,"R",62400,"A",,"G",69,"A",,"G",69,"A",,1
444945,"A",,"R",236208,"A",,"G",262,"A",,"R",262,"A",,1
444954,"R",48636,"A",,"A",,"G",1621,"A",,"G",1621,"A",,2
444972,"R",10290,"A",,"A",,"G",343,"A",,"R",343,"A",,2
444981,"A",,"R",31500,"A",,"G",35,"A",,"G",35,"A",,1
444990,"R",10687,"A",,"A",,"G",356,"A",,"G",356,"A",,2
445009,"R",37970,"A",,"A",,"G",1266,"A",,"G",1266,"A",,2
445018,"R",36434,"A",,"A",,"G",1214,"A",,"G",1214,"A",,2
445027,"R",1093015,"A",,"R",143911,"G",24289,"G",3998,"G",24289,"G",3998,2
445054,"A",,"A",,"R",48,"A",,"G",1,"A",,"G",1,2
445072,"A",,"R",158430,"A",,"G",176,"A",,"G",176,"A",,1
445081,"R",9988,"A",,"A",,"G",222,"A",,"G",222,"A",,2
445090,"R",7392,"A",,"A",,"G",164,"A",,"R",164,"A",,2
445106,"R",9287,"A",,"A",,"G",206,"A",,"G",206,"A",,2
445115,"R",51117,"A",,"A",,"G",1704,"A",,"G",1704,"A",,2
445124,"R",30975,"A",,"A",,"G",688,"A",,"G",688,"A",,2
445133,"R",22830,"A",,"R",2256,"G",507,"G",63,"G",507,"G",63,2
445142,"A",,"R",912850,"A",,"G",1014,"A",,"G",1014,"A",,1
445188,"R",25054,"A",,"R",915,"G",835,"G",38,"G",835,"G",38,2
445197,"R",62390,"A",,"A",,"G",1386,"A",,"G",1386,"A",,2
445203,"R",25737,"A",,"A",,"G",572,"A",,"G",572,"A",,2
445212,"A",,"R",128330,"A",,"G",143,"A",,"G",143,"A",,1
445221,"A",,"R",85992,"A",,"G",96,"A",,"G",96,"A",,1
445230,"A",,"R",553800,"A",,"G",615,"A",,"G",615,"A",,1
445249,"R",18323,"A",,"A",,"G",611,"A",,"G",611,"A",,2
445258,"A",,"R",265000,"A",,"G",294,"A",,"R",294,"A",,1
445267,"R",29418,"A",,"R",1716,"G",981,"G",72,"G",981,"G",72,2
445276,"A",,"R",151721,"A",,"G",169,"A",,"G",169,"A",,1
445300,"R",7954,"A",,"A",,"G",265,"A",,"G",265,"A",,2
445319,"R",8535,"A",,"R",2613,"G",285,"G",109,"G",285,"G",109,2
445328,"R",16604,"A",,"A",,"G",553,"A",,"G",553,"A",,2
445337,"A",,"R",546140,"A",,"G",607,"A",,"G",607,"A",,1
445346,"A",,"R",330727,"A",,"G",367,"A",,"R",324,"A",,1
445355,"R",18585,"A",,"A",,"G",620,"A",,"G",620,"A",,2
445364,"A",,"R",419051,"A",,"G",466,"A",,"G",466,"A",,1
445373,"A",,"R",328000,"A",,"G",364,"A",,"G",364,"A",,1
445382,"A",,"R",540059,"A",,"G",600,"A",,"G",600,"A",,1
445391,"R",4926,"A",,"R",1599,"G",164,"G",67,"G",164,"G",67,2
445407,"R",781,"A",,"R",751,"G",26,"G",31,"G",26,"G",31,2
445416,"R",18516,"A",,"A",,"G",617,"A",,"G",617,"A",,2
445434,"R",28535,"R",299120,"A",,"G",966,"A",,"G",966,"A",,3
445443,"A",,"R",342214,"A",,"G",380,"A",,"G",380,"A",,1
445452,"R",13870,"R",706500,"A",,"G",1247,"A",,"G",1247,"A",,3
445461,"A",,"R",129900,"A",,"G",144,"A",,"G",144,"A",,1
445470,"A",,"R",79500,"A",,"G",88,"A",,"G",88,"A",,1
445489,"A",,"R",110138,"A",,"G",122,"A",,"G",122,"A",,1
445498,"A",,"R",44420,"A",,"G",49,"A",,"G",49,"A",,1
445504,"A",,"R",119800,"A",,"G",133,"A",,"G",133,"A",,1
445522,"A",,"R",153600,"A",,"G",171,"A",,"R",182,"A",,1
445531,"A",,"R",103500,"A",,"G",115,"A",,"G",115,"A",,1
445540,"A",,"R",172500,"A",,"G",192,"A",,"G",192,"A",,1
445559,"R",14904,"R",105000,"A",,"G",448,"A",,"R",484,"A",,3
445577,"A",,"R",845100,"A",,"G",939,"A",,"G",939,"A",,1
445586,"A",,"R",615600,"A",,"G",684,"A",,"G",684,"A",,1
445595,"A",,"R",398153,"A",,"G",442,"A",,"G",442,"A",,1
445601,"A",,"R",1670400,"A",,"G",1856,"A",,"G",1856,"A",,1
445610,"A",,"R",954000,"A",,"G",1060,"A",,"G",1060,"A",,1
445629,"A",,"R",116520,"A",,"G",129,"A",,"G",129,"A",,1
445638,"A",,"R",62340,"A",,"G",69,"A",,"G",69,"A",,1
445647,"A",,"R",62100,"A",,"G",69,"A",,"G",69,"A",,1
445656,"A",,"R",64200,"A",,"G",71,"A",,"G",71,"A",,1
445665,"A",,"R",349000,"A",,"G",388,"A",,"G",388,"A",,1
445674,"R",16148,"A",,"A",,"G",538,"A",,"G",538,"A",,2
445683,"A",,"R",85108,"A",,"G",95,"A",,"G",95,"A",,1
445692,"R",12735,"A",,"R",385,"G",283,"G",11,"G",283,"G",11,2
445708,"R",100210,"A",,"A",,"G",2227,"A",,"G",2227,"A",,2
445717,"R",37282,"A",,"R",5777,"G",1243,"G",241,"G",1243,"G",241,2
445726,"R",6348,"A",,"A",,"G",141,"A",,"G",141,"A",,2
445735,"R",3390,"A",,"R",423,"G",113,"G",18,"R",65,"G",18,2
445744,"A",,"R",209520,"A",,"G",233,"A",,"G",233,"A",,1
445753,"A",,"R",315360,"A",,"G",350,"A",,"G",350,"A",,1
445762,"R",10368,"A",,"A",,"G",346,"A",,"R",346,"A",,2
445771,"R",30252,"A",,"A",,"G",1008,"A",,"G",1008,"A",,2
445780,"A",,"R",80200,"A",,"G",89,"A",,"G",89,"A",,1
445799,"R",125179,"A",,"A",,"G",4173,"A",,"G",4173,"A",,2
445805,"A",,"R",63360,"A",,"G",70,"A",,"R",70,"A",,1
445814,"R",34125,"A",,"A",,"G",1138,"A",,"G",1138,"A",,2
445823,"R",1947,"A",,"A",,"G",65,"A",,"G",65,"A",,2
445832,"R",4734,"A",,"A",,"G",158,"A",,"G",158,"A",,2
445841,"A",,"R",128700,"A",,"G",143,"A",,"G",143,"A",,1
445850,"A",,"R",108000,"A",,"G",120,"A",,"G",120,"A",,1
445869,"A",,"A",,"R",822,"A",,"G",34,"A",,"G",34,2
445896,"A",,"R",147237,"A",,"G",164,"A",,"G",164,"A",,1
445911,"R",18948,"A",,"A",,"G",632,"A",,"G",632,"A",,2
445920,"R",28299,"A",,"R",0,"G",629,"Z",0,"G",629,"Z",0,2
445939,"R",10651,"A",,"Z",0,"G",237,"A",,"G",237,"A",,2
445948,"R",5665,"A",,"A",,"G",189,"A",,"G",189,"A",,2
445957,"A",,"R",89568,"A",,"G",100,"A",,"R",188,"A",,1
445966,"A",,"A",,"R",79,"A",,"G",3,"A",,"G",3,2
445984,"A",,"R",20200,"A",,"G",22,"A",,"G",22,"A",,1
445993,"A",,"R",91395,"A",,"G",102,"A",,"G",102,"A",,1
446002,"A",,"A",,"R",71,"A",,"G",3,"A",,"G",3,2
446011,"R",36,"R",29970,"A",,"G",35,"A",,"G",35,"A",,3
446020,"A",,"R",51840,"A",,"G",58,"A",,"G",58,"A",,1
446039,"A",,"A",,"R",30168,"A",,"G",1257,"A",,"G",1257,2
446048,"R",10234,"A",,"R",857,"G",341,"G",36,"G",341,"G",36,2
446057,"A",,"R",119428,"A",,"G",133,"A",,"G",133,"A",,1
446066,"A",,"R",9532,"A",,"G",11,"A",,"G",11,"A",,1
446075,"A",,"R",31300,"A",,"G",35,"A",,"G",35,"A",,1
446084,"R",2579,"A",,"A",,"G",86,"A",,"G",86,"A",,2
446093,"A",,"R",38720,"A",,"G",43,"A",,"R",121,"A",,1
446109,"A",,"R",62822,"A",,"G",70,"A",,"G",70,"A",,1
446118,"A",,"R",372132,"A",,"G",413,"A",,"G",413,"A",,1
446127,"A",,"R",95401,"A",,"G",106,"A",,"G",106,"A",,1
446136,"R",2828,"A",,"A",,"G",94,"A",,"G",94,"A",,2
446145,"R",1281,"A",,"A",,"G",43,"A",,"R",20,"A",,2
446154,"R",5707,"A",,"A",,"G",190,"A",,"G",190,"A",,2
446163,"R",1326,"A",,"A",,"G",29,"A",,"G",29,"A",,2
446172,"A",,"R",31500,"A",,"G",35,"A",,"G",35,"A",,1
446190,"A",,"R",51000,"A",,"G",57,"A",,"G",57,"A",,1
446206,"P",,"P",34832,"P",0,"P",39,"P",0,"P",39,"P",0,1
446215,"A",,"R",42745,"A",,"G",47,"A",,"G",47,"A",,1
446224,"A",,"R",98678,"A",,"G",110,"A",,"G",110,"A",,1
446233,"R",2256,"A",,"A",,"G",75,"A",,"G",75,"A",,2
446242,"R",1718,"A",,"A",,"G",57,"A",,"G",57,"A",,2
446251,"R",1780,"A",,"A",,"G",59,"A",,"G",59,"A",,2
446260,"A",,"R",1800,"A",,"G",2,"A",,"G",2,"A",,1
446279,"R",8220,"A",,"A",,"G",274,"A",,"G",274,"A",,2
446288,"A",,"R",111354,"A",,"G",124,"A",,"G",124,"A",,1
446297,"A",,"R",33000,"A",,"G",37,"A",,"G",37,"A",,1
446303,"A",,"R",77994,"A",,"G",87,"A",,"G",87,"A",,1
446312,"R",11340,"A",,"A",,"G",252,"A",,"G",252,"A",,2
446321,"A",,"R",38400,"A",,"G",43,"A",,"G",43,"A",,1
446349,"A",,"R",27200,"A",,"G",30,"A",,"R",20,"A",,1
446358,"A",,"R",59000,"A",,"G",66,"A",,"G",66,"A",,1
446367,"R",1664,"A",,"A",,"G",55,"A",,"G",55,"A",,2
446385,"R",8148,"A",,"A",,"G",181,"A",,"G",181,"A",,2
446394,"R",3112,"A",,"R",1500,"G",104,"G",63,"G",104,"G",63,2
446400,"A",,"R",260360,"A",,"G",289,"A",,"G",289,"A",,1
446419,"A",,"R",14336,"A",,"G",16,"A",,"G",16,"A",,1
446428,"A",,"R",23400,"A",,"G",26,"A",,"G",26,"A",,1
446437,"P",,"P",56638,"P",0,"P",63,"P",0,"P",63,"P",0,1
446446,"R",395,"A",,"A",,"G",13,"A",,"R",13,"A",,2
446455,"A",,"R",57912,"A",,"G",64,"A",,"G",64,"A",,1
446464,"A",,"R",58200,"A",,"G",65,"A",,"G",65,"A",,1
446473,"A",,"R",154500,"A",,"G",172,"A",,"G",172,"A",,1
446482,"A",,"R",23400,"A",,"G",26,"A",,"G",26,"A",,1
446491,"A",,"R",49680,"A",,"G",55,"A",,"G",55,"A",,1
446507,"A",,"R",9945,"A",,"G",11,"A",,"G",11,"A",,1
446516,"A",,"R",50400,"A",,"G",56,"A",,"G",56,"A",,1
446525,"A",,"R",279900,"A",,"G",311,"A",,"G",311,"A",,1
446534,"A",,"R",20000,"A",,"G",22,"A",,"G",22,"A",,1
446543,"A",,"R",58656,"A",,"G",65,"A",,"G",65,"A",,1
446552,"A",,"R",25664,"A",,"G",29,"A",,"G",29,"A",,1
446561,"R",0,"R",207360,"A",,"G",230,"A",,"G",230,"A",,3
446570,"A",,"R",20000,"A",,"G",22,"A",,"G",22,"A",,1
446589,"A",,"R",59156,"A",,"G",66,"A",,"G",66,"A",,1
446598,"A",,"R",96000,"A",,"G",107,"A",,"G",107,"A",,1
446604,"R",36645,"A",,"A",,"G",1222,"A",,"G",1222,"A",,2
446613,"R",1653,"A",,"A",,"G",55,"A",,"G",55,"A",,2
446622,"R",2258,"A",,"A",,"G",75,"A",,"R",98,"A",,2
446631,"A",,"R",46557,"A",,"G",52,"A",,"G",52,"A",,1
446640,"R",2182,"A",,"R",46,"G",73,"G",2,"G",73,"G",2,2
446668,"R",14208,"A",,"A",,"G",316,"A",,"G",316,"A",,2
446677,"R",13124,"A",,"R",149,"G",437,"G",6,"R",235,"G",6,2
446701,"R",1836,"A",,"R",653,"G",61,"G",27,"G",61,"G",27,2
446710,"R",5556,"A",,"R",777,"G",185,"G",32,"G",185,"G",32,2
446729,"R",3690,"A",,"R",1944,"G",123,"G",81,"G",123,"G",81,2
446738,"R",9099,"A",,"R",2919,"G",303,"G",122,"G",303,"G",122,2
446747,"R",5124,"A",,"R",1365,"G",171,"G",57,"G",171,"G",57,2
446756,"R",5451,"A",,"R",1713,"G",182,"G",71,"G",182,"G",71,2
446765,"R",4585,"A",,"R",2649,"G",153,"G",110,"G",153,"G",110,2
446774,"R",22550,"A",,"A",,"G",752,"A",,"G",752,"A",,2
446783,"R",10120,"A",,"A",,"G",337,"A",,"G",337,"A",,2
446792,"R",19554,"A",,"A",,"G",435,"A",,"G",435,"A",,2
446808,"R",23052,"A",,"A",,"G",512,"A",,"G",512,"A",,2
446817,"R",15917,"A",,"A",,"G",354,"A",,"G",354,"A",,2
446835,"R",42702,"A",,"A",,"G",1423,"A",,"G",1423,"A",,2
446844,"R",12965,"A",,"A",,"G",288,"A",,"R",288,"A",,2
446853,"A",,"R",749700,"A",,"G",833,"A",,"G",833,"A",,1
446862,"A",,"R",308700,"A",,"G",343,"A",,"G",343,"A",,1
446871,"A",,"R",272700,"A",,"G",303,"A",,"G",303,"A",,1
446880,"R",8712,"A",,"A",,"G",194,"A",,"G",194,"A",,2
446899,"R",8676,"A",,"A",,"G",193,"A",,"G",193,"A",,2
446905,"R",6648,"A",,"A",,"G",148,"A",,"G",148,"A",,2
446914,"R",8328,"A",,"A",,"G",185,"A",,"G",185,"A",,2
446923,"R",4184,"A",,"A",,"G",93,"A",,"G",93,"A",,2
446932,"A",,"A",,"R",9876,"A",,"G",412,"A",,"G",412,2
446969,"R",39951,"A",,"R",23114,"G",1332,"G",963,"G",1332,"G",963,2
446996,"A",,"R",49500,"A",,"G",55,"A",,"G",55,"A",,1
447014,"R",662,"A",,"A",,"G",22,"A",,"G",22,"A",,2
447023,"A",,"R",244760,"A",,"G",272,"A",,"G",272,"A",,1
447050,"R",651,"A",,"R",399,"G",22,"G",17,"G",22,"G",17,2
447069,"A",,"R",33612,"A",,"G",37,"A",,"G",37,"A",,1
447102,"R",19831,"A",,"A",,"G",661,"A",,"G",661,"A",,2
447111,"R",28850,"A",,"A",,"G",962,"A",,"G",962,"A",,2
447120,"R",10646,"A",,"A",,"G",355,"A",,"G",355,"A",,2
447139,"R",16293,"A",,"A",,"G",362,"A",,"G",362,"A",,2
447148,"A",,"R",99050,"A",,"G",110,"A",,"G",110,"A",,1
447157,"A",,"R",197305,"A",,"G",219,"A",,"G",219,"A",,1
447166,"A",,"R",96930,"A",,"G",108,"A",,"G",108,"A",,1
447175,"A",,"R",70038,"A",,"G",78,"A",,"G",78,"A",,1
447209,"A",,"R",132400,"A",,"G",147,"A",,"G",147,"A",,1
447218,"A",,"R",251680,"A",,"G",280,"A",,"G",280,"A",,1
447227,"R",19440,"A",,"A",,"G",648,"A",,"G",648,"A",,2
447236,"R",6062,"R",74630,"A",,"G",218,"A",,"G",218,"A",,3
447245,"R",18120,"R",241600,"A",,"G",872,"A",,"G",872,"A",,3
447254,"A",,"R",36960,"A",,"G",41,"A",,"G",41,"A",,1
447263,"A",,"R",30480,"A",,"G",34,"A",,"G",34,"A",,1
447290,"R",16550,"A",,"A",,"G",368,"A",,"G",368,"A",,2
447315,"A",,"R",70886,"A",,"G",79,"A",,"G",79,"A",,1
447324,"A",,"R",72889,"A",,"G",81,"A",,"G",81,"A",,1
447333,"A",,"R",48827,"A",,"G",54,"A",,"G",54,"A",,1
447342,"A",,"R",40999,"A",,"G",46,"A",,"G",46,"A",,1
447351,"R",11015,"A",,"A",,"G",367,"A",,"G",367,"A",,2
447360,"R",6630,"A",,"A",,"G",221,"A",,"G",221,"A",,2
447379,"R",0,"R",127646,"A",,"G",142,"A",,"G",142,"A",,3
447388,"A",,"R",92772,"A",,"G",103,"A",,"G",103,"A",,1
447397,"R",4328,"A",,"A",,"G",96,"A",,"G",96,"A",,2
447403,"R",41429,"A",,"A",,"G",1381,"A",,"G",1381,"A",,2
447421,"R",11525,"A",,"A",,"G",256,"A",,"G",256,"A",,2
447430,"A",,"R",78177,"A",,"G",87,"A",,"G",87,"A",,1
447449,"A",,"R",62700,"A",,"G",70,"A",,"G",70,"A",,1
447458,"A",,"R",992750,"A",,"G",1103,"A",,"G",1103,"A",,1
447467,"A",,"R",274962,"A",,"G",306,"A",,"G",306,"A",,1
447476,"R",400,"A",,"A",,"G",9,"A",,"G",9,"A",,2
447485,"R",261,"A",,"R",120,"G",9,"G",5,"G",9,"G",5,2
447494,"R",3260,"A",,"A",,"G",109,"A",,"G",109,"A",,2
447500,"R",2265,"A",,"A",,"G",76,"A",,"G",76,"A",,2
447519,"R",1819,"A",,"A",,"G",61,"A",,"G",61,"A",,2
447528,"A",,"R",228900,"A",,"G",254,"A",,"G",254,"A",,1
447582,"R",39783,"A",,"A",,"G",1326,"A",,"G",1326,"A",,2
447591,"A",,"R",209762,"A",,"G",233,"A",,"G",233,"A",,1
447625,"R",6300,"A",,"A",,"G",140,"A",,"G",140,"A",,2
447634,"R",40509,"A",,"A",,"G",1350,"A",,"G",1350,"A",,2
447643,"R",26448,"A",,"A",,"G",588,"A",,"G",588,"A",,2
447652,"R",3093,"A",,"R",864,"G",103,"G",36,"G",103,"G",36,2
447661,"R",10332,"A",,"R",4787,"G",344,"G",199,"G",344,"G",199,2
447670,"R",7145,"A",,"A",,"G",159,"A",,"G",159,"A",,2
447698,"A",,"A",,"R",2238,"A",,"G",93,"A",,"G",93,2
447704,"A",,"R",47200,"A",,"G",52,"A",,"G",52,"A",,1
447713,"A",,"R",166950,"A",,"G",186,"A",,"G",186,"A",,1
447722,"R",756,"A",,"A",,"G",25,"A",,"G",25,"A",,2
447731,"A",,"R",22800,"A",,"G",25,"A",,"G",25,"A",,1
447759,"A",,"R",67680,"A",,"G",75,"A",,"G",75,"A",,1
447768,"A",,"R",229798,"A",,"G",255,"A",,"G",255,"A",,1
447777,"A",,"R",124125,"A",,"G",138,"A",,"G",138,"A",,1
447786,"K",,"K",20632,"K",0,"K",23,"K",0,"K",23,"K",0,1
447795,"A",,"R",30936,"A",,"G",34,"A",,"R",34,"A",,1
447801,"A",,"A",,"R",2400,"A",,"G",100,"A",,"G",100,2
447810,"R",3360,"R",12018,"A",,"G",125,"A",,"G",125,"A",,3
447829,"A",,"R",37477,"A",,"G",42,"A",,"G",42,"A",,1
447838,"R",1740,"A",,"A",,"G",58,"A",,"G",58,"A",,2
447847,"A",,"R",56700,"A",,"G",63,"A",,"R",63,"A",,1
447856,"R",264,"A",,"A",,"G",6,"A",,"G",6,"A",,2
447865,"A",,"R",46800,"A",,"G",52,"A",,"G",52,"A",,1
447874,"A",,"R",71360,"A",,"G",79,"A",,"G",79,"A",,1
447883,"A",,"R",112800,"A",,"G",125,"A",,"G",125,"A",,1
447892,"A",,"R",97060,"A",,"G",108,"A",,"G",108,"A",,1
447908,"A",,"R",17818,"A",,"G",20,"A",,"G",20,"A",,1
447917,"A",,"R",25800,"A",,"G",29,"A",,"R",43,"A",,1
447926,"A",,"R",15000,"A",,"G",17,"A",,"G",17,"A",,1
447935,"R",14640,"A",,"A",,"G",325,"A",,"G",325,"A",,2
447953,"R",1487,"A",,"A",,"G",50,"A",,"G",50,"A",,2
447962,"A",,"R",105000,"A",,"G",117,"A",,"G",117,"A",,1
447971,"R",1500,"A",,"A",,"G",50,"A",,"G",50,"A",,2
447980,"A",,"R",40785,"A",,"G",45,"A",,"G",45,"A",,1
447999,"R",6920,"A",,"A",,"G",231,"A",,"G",231,"A",,2
448008,"A",,"R",28094,"A",,"G",31,"A",,"G",31,"A",,1
448017,"A",,"R",12198,"A",,"G",14,"A",,"G",14,"A",,1
448026,"A",,"R",102172,"A",,"G",114,"A",,"G",114,"A",,1
448035,"A",,"R",50400,"A",,"G",56,"A",,"G",56,"A",,1
448044,"A",,"R",20250,"A",,"G",23,"A",,"R",23,"A",,1
448053,"A",,"R",42000,"A",,"G",47,"A",,"G",47,"A",,1
448062,"K",,"K",5201,"K",0,"K",6,"K",0,"K",7,"K",0,1
448071,"A",,"R",165866,"A",,"G",184,"A",,"G",184,"A",,1
448080,"K",,"K",19342,"K",0,"K",21,"K",0,"K",22,"K",0,1
448099,"A",,"R",44200,"A",,"G",49,"A",,"G",49,"A",,1
448105,"A",,"R",47200,"A",,"G",52,"A",,"G",52,"A",,1
448114,"R",5326,"A",,"A",,"G",178,"A",,"R",178,"A",,2
448123,"R",1320,"A",,"A",,"G",44,"A",,"G",44,"A",,2
448132,"A",,"R",20500,"A",,"G",23,"A",,"G",23,"A",,1
448141,"A",,"R",40589,"A",,"G",45,"A",,"G",45,"A",,1
448150,"A",,"R",91875,"A",,"G",102,"A",,"G",102,"A",,1
448169,"A",,"R",39000,"A",,"G",43,"A",,"G",43,"A",,1
448178,"A",,"R",62700,"A",,"G",70,"A",,"G",70,"A",,1
448187,"A",,"R",54600,"A",,"G",61,"A",,"G",61,"A",,1
448196,"R",3490,"R",37011,"A",,"G",157,"A",,"G",157,"A",,3
448202,"A",,"R",27276,"A",,"G",30,"A",,"G",30,"A",,1
448211,"A",,"R",75600,"A",,"G",84,"A",,"R",84,"A",,1
448220,"A",,"R",12612,"A",,"G",14,"A",,"G",14,"A",,1
448239,"A",,"R",29400,"A",,"G",33,"A",,"G",33,"A",,1
448248,"A",,"R",190448,"A",,"G",212,"A",,"G",212,"A",,1
448257,"A",,"R",18576,"A",,"G",21,"A",,"G",21,"A",,1
448266,"A",,"R",39600,"A",,"G",44,"A",,"G",44,"A",,1
448275,"A",,"R",31137,"A",,"G",35,"A",,"G",35,"A",,1
448284,"R",3759,"A",,"R",3199,"G",125,"G",133,"G",125,"G",133,2
448309,"R",36351,"A",,"R",3993,"G",1212,"G",166,"G",1212,"G",166,2
448318,"R",17094,"A",,"R",9061,"G",570,"G",378,"G",570,"G",378,2
448345,"R",1828,"A",,"A",,"G",41,"A",,"R",41,"A",,2
448354,"K",,"K",154520,"K",0,"K",172,"K",0,"K",178,"K",0,1
448363,"R",17084,"A",,"A",,"G",569,"A",,"G",569,"A",,2
448372,"R",6333,"A",,"A",,"G",211,"A",,"G",211,"A",,2
448406,"A",,"R",182700,"A",,"G",203,"A",,"G",203,"A",,1
448415,"R",14569,"A",,"A",,"G",324,"A",,"G",324,"A",,2
448424,"A",,"R",48000,"A",,"G",53,"A",,"G",53,"A",,1
448433,"R",11757,"A",,"A",,"G",392,"A",,"G",392,"A",,2
448442,"R",0,"A",,"A",,"R",0,"A",,"Z",0,"A",,2
448451,"R",1008,"A",,"A",,"G",22,"A",,"G",22,"A",,2
448460,"R",0,"A",,"A",,"R",0,"A",,"Z",0,"A",,2
448479,"R",2860,"A",,"A",,"G",64,"A",,"G",64,"A",,2
448488,"R",270,"A",,"A",,"G",6,"A",,"G",6,"A",,2
448497,"R",0,"A",,"A",,"R",0,"A",,"Z",0,"A",,2
448503,"R",420,"A",,"A",,"G",9,"A",,"G",9,"A",,2
448512,"R",3700,"A",,"A",,"G",82,"A",,"G",82,"A",,2
448521,"R",438,"A",,"R",294,"G",15,"G",12,"G",15,"G",12,2
448530,"R",1533,"A",,"R",222,"G",51,"G",9,"G",51,"G",9,2
448549,"R",222,"A",,"R",0,"G",7,"R",0,"G",7,"Z",0,2
448558,"R",213,"A",,"R",144,"G",7,"G",6,"G",7,"G",6,2
448567,"R",2514,"A",,"R",678,"G",84,"G",28,"G",84,"G",28,2
448576,"R",1857,"A",,"A",,"G",41,"A",,"G",41,"A",,2
448585,"R",7636,"A",,"A",,"G",170,"A",,"G",170,"A",,2
448594,"R",0,"R",0,"A",,"R",0,"A",,"Z",0,"A",,3
448600,"R",2385,"A",,"A",,"G",53,"A",,"G",53,"A",,2
448619,"R",0,"A",,"A",,"R",0,"A",,"Z",0,"A",,2
448628,"A",,"R",15246,"A",,"G",17,"A",,"G",17,"A",,1
448646,"A",,"R",5402,"A",,"G",6,"A",,"G",6,"A",,1
448655,"A",,"R",5366,"A",,"G",6,"A",,"G",6,"A",,1
448664,"R",9744,"A",,"A",,"G",217,"A",,"G",217,"A",,2
448673,"R",112,"A",,"A",,"G",2,"A",,"R",2,"A",,2
448682,"A",,"A",,"R",1148,"A",,"G",48,"A",,"G",48,2
448691,"A",,"A",,"R",0,"A",,"R",0,"A",,"R",0,2
448707,"R",11011,"A",,"A",,"G",367,"A",,"G",367,"A",,2
448716,"R",10351,"A",,"A",,"G",345,"A",,"G",345,"A",,2
448752,"R",16309,"A",,"A",,"G",544,"A",,"G",544,"A",,2
448761,"R",3315,"A",,"A",,"G",111,"A",,"G",111,"A",,2
448770,"A",,"R",189000,"A",,"G",210,"A",,"G",210,"A",,1
448789,"R",10172,"A",,"A",,"G",339,"A",,"G",339,"A",,2
448798,"A",,"R",244976,"A",,"G",272,"A",,"R",136,"A",,1
448804,"R",1608,"A",,"A",,"G",54,"A",,"G",54,"A",,2
448822,"R",9,"A",,"R",0,"R",0,"R",0,"Z",0,"Z",0,2
448831,"R",0,"A",,"R",24,"Z",0,"Z",0,"Z",0,"Z",0,2
448859,"R",722,"A",,"A",,"G",24,"A",,"G",24,"A",,2
448877,"R",76,"A",,"R",27,"G",3,"G",1,"G",3,"G",1,2
448886,"R",0,"A",,"R",0,"R",0,"R",0,"Z",0,"Z",0,2
448895,"A",,"R",148800,"A",,"G",165,"A",,"G",165,"A",,1
448965,"A",,"R",48202,"A",,"G",54,"A",,"G",54,"A",,1
448974,"A",,"R",9076,"A",,"G",10,"A",,"G",10,"A",,1
448983,"R",2144,"A",,"A",,"G",71,"A",,"G",71,"A",,2
449001,"R",7226,"A",,"A",,"G",161,"A",,"G",161,"A",,2
449074,"A",,"R",241500,"A",,"G",268,"A",,"G",268,"A",,1
449083,"R",6500,"A",,"A",,"G",217,"A",,"G",217,"A",,2
449092,"R",804,"A",,"A",,"G",27,"A",,"G",27,"A",,2
449117,"R",18598,"R",4640,"A",,"G",418,"A",,"R",387,"A",,3
449126,"R",2845,"A",,"A",,"G",63,"A",,"G",63,"A",,2
449135,"R",3456,"A",,"A",,"G",115,"A",,"G",115,"A",,2
449144,"R",5292,"A",,"A",,"G",176,"A",,"G",176,"A",,2
449153,"R",5940,"A",,"A",,"G",198,"A",,"G",198,"A",,2
449162,"A",,"R",2941,"A",,"G",3,"A",,"G",3,"A",,1
449171,"A",,"R",6375,"A",,"G",7,"A",,"G",7,"A",,1
449180,"A",,"R",6785,"A",,"G",8,"A",,"G",8,"A",,1
449199,"A",,"R",2459,"A",,"G",3,"A",,"G",3,"A",,1
449205,"A",,"R",5691,"A",,"G",6,"A",,"G",6,"A",,1
449214,"A",,"R",1363,"A",,"G",2,"A",,"G",2,"A",,1
449223,"A",,"R",1776,"A",,"G",2,"A",,"G",2,"A",,1
449232,"A",,"R",1570,"A",,"G",2,"A",,"G",2,"A",,1
449241,"A",,"R",1465,"A",,"G",2,"A",,"G",2,"A",,1
449250,"A",,"R",44886,"A",,"G",50,"A",,"G",50,"A",,1
449269,"A",,"R",58960,"A",,"G",66,"A",,"G",66,"A",,1
449278,"A",,"R",178560,"A",,"G",198,"A",,"R",248,"A",,1
449287,"A",,"R",60600,"A",,"G",67,"A",,"G",67,"A",,1
449302,"R",2370,"A",,"A",,"G",79,"A",,"G",79,"A",,2
449311,"A",,"R",36678,"A",,"G",41,"A",,"G",41,"A",,1
449320,"A",,"R",370080,"A",,"G",411,"A",,"G",411,"A",,1
