unitid,"xcdactua",cdactua,"xcnactua",cnactua,"xcdactga",cdactga
100654,"R",151059,"R",124273,"R",20920
100663,"R",286326,"R",0,"R",94469
100690,"R",9759,"R",0,"R",5062
100706,"R",131203,"R",0,"R",22571
100724,"R",154349,"R",0,"R",14453
100751,"R",445512,"R",0,"R",85379
100760,"R",48607,"R",0,"A",
100812,"R",59189,"R",0,"A",
100830,"R",111356,"R",0,"R",13386
100858,"R",584759,"R",0,"R",80076
100919,"R",32631,"R",0,"A",
100937,"R",0,"R",0,"R",0
100973,"R",8838,"R",0,"A",
101028,"R",49984,"R",0,"A",
101073,"R",14715,"R",0,"A",
101107,"R",14565,"R",0,"A",
101116,"R",13434,"R",0,"A",
101143,"R",40728,"R",0,"A",
101161,"R",87980,"R",0,"A",
101189,"R",76834,"R",0,"R",6900
101231,"R",5564,"R",0,"A",
101240,"R",125773,"R",0,"A",
101286,"R",90311,"R",1895281,"A",
101295,"R",138843,"R",0,"A",
101301,"R",46446,"R",0,"A",
101365,"R",18709,"R",0,"A",
101435,"R",17060,"R",0,"A",
101453,"R",2430,"R",0,"R",93
101462,"R",21467,"R",0,"A",
101471,"R",23340,"R",0,"A",
101480,"R",203625,"R",0,"R",27443
101499,"R",28422,"R",0,"A",
101505,"R",148899,"R",0,"A",
101514,"R",183960,"R",0,"A",
101523,"R",26222,"R",0,"A",
101541,"R",12485,"R",0,"A",
101569,"R",59031,"R",0,"A",
101587,"R",44660,"R",0,"R",7970
101602,"R",22953,"R",0,"A",
101648,"R",4386,"R",0,"A",
101675,"R",43975,"R",0,"A",
101693,"R",45977,"R",0,"R",3299
101709,"R",72858,"R",0,"R",7397
101736,"R",112262,"R",0,"A",
101879,"R",134442,"R",0,"R",9534
101897,"R",45728,"R",0,"A",
101912,"R",49328,"R",0,"A",
101949,"R",21951,"R",15318,"A",
101958,"R",3841,"R",0,"A",
101994,"R",22723,"R",0,"A",
102030,"R",111526,"R",0,"A",
102049,"R",90589,"R",0,"R",7376
102067,"R",134009,"R",0,"A",
102076,"R",43282,"R",0,"A",
102094,"R",270302,"R",0,"R",44422
102216,"R",5510,"R",0,"A",
102234,"R",34221,"R",0,"R",2754
102261,"R",4903,"R",0,"A",
102270,"R",2228,"R",0,"A",
102298,"R",13456,"R",0,"A",
102313,"R",20388,"R",0,"A",
102322,"R",38655,"R",0,"R",5749
102359,"R",57080,"R",0,"R",8018
102368,"R",219195,"R",0,"R",108876
102377,"R",43564,"R",0,"R",6300
102395,"A",,"A",,"R",8313
102429,"R",100933,"R",0,"A",
102553,"R",281937,"R",0,"R",16730
102614,"R",146121,"R",0,"R",15629
102632,"R",50218,"R",0,"R",4423
102669,"R",11578,"R",0,"R",3775
102711,"R",0,"R",259591,"A",
102845,"R",19526,"R",190600,"A",
103361,"R",10463,"R",0,"A",
103440,"R",4303,"R",0,"A",
103501,"R",0,"R",294070,"A",
103644,"R",17614,"R",0,"A",
103723,"R",0,"R",1365735,"A",
103732,"R",0,"R",116200,"A",
103741,"R",0,"R",295000,"A",
103778,"A",,"A",,"R",44581
103787,"R",2269,"R",0,"A",
103811,"R",0,"R",369520,"A",
103893,"R",54309,"R",54309,"A",
103945,"R",0,"R",111360,"A",
103954,"R",0,"R",137600,"A",
103963,"R",666000,"R",1200,"A",
104090,"R",14075,"R",270240,"A",
104151,"R",975220,"R",0,"R",156285
104160,"R",111490,"R",0,"A",
104179,"R",649935,"R",0,"R",118294
104188,"R",17700,"R",0,"A",
104294,"R",0,"R",351000,"A",
104346,"R",154102,"R",58289,"A",
104364,"R",22570,"R",9000,"A",
104391,"R",0,"R",11200,"A",
104425,"R",91118,"R",0,"A",
104434,"R",0,"R",74400,"A",
104443,"R",0,"R",168800,"A",
104504,"R",0,"R",152328,"A",
104522,"R",0,"R",63900,"A",
104531,"R",108821,"R",0,"R",9533
104568,"R",0,"R",192000,"A",
104577,"R",107564,"R",0,"A",
104586,"R",47961,"R",0,"R",433
104708,"R",330525,"R",0,"A",
104717,"R",40513,"R",0,"R",42200
104805,"R",70252,"R",1345016,"A",
104911,"R",0,"R",111353,"A",
104984,"R",0,"R",327600,"A",
105118,"R",376368,"R",127800,"A",
105127,"R",0,"R",156058,"A",
105145,"R",105776,"R",0,"A",
105154,"R",447596,"R",0,"A",
105163,"R",12757,"R",0,"A",
105172,"R",22524,"R",0,"A",
105206,"R",65524,"R",0,"A",
105215,"R",0,"R",3161025,"A",
105242,"R",0,"R",66600,"A",
105297,"R",44993,"R",0,"A",
105330,"R",374044,"R",0,"R",104232
105349,"R",86538,"R",0,"A",
105367,"R",26230,"R",0,"R",20060
105419,"R",0,"R",244900,"A",
105428,"R",206073,"R",0,"A",
105482,"R",0,"R",180120,"A",
105516,"R",86595,"R",0,"R",63206
105525,"R",559724,"R",361594,"A",
105534,"R",0,"R",1214044,"A",
105543,"R",0,"R",1024530,"A",
105589,"R",36650,"R",32880,"R",7732
105659,"R",3552,"R",335300,"A",
105668,"R",272162,"R",0,"A",
105677,"R",0,"R",59840,"A",
105701,"R",0,"R",66000,"A",
105747,"R",190539,"R",0,"A",
105792,"R",58888,"R",0,"A",
105880,"R",0,"R",53900,"R",0
105899,"R",7602,"R",0,"A",
105987,"R",199440,"R",254160,"A",
106041,"R",0,"R",5924069,"A",
106050,"R",6000,"R",24800,"A",
106102,"R",45303,"R",0,"R",11895
106111,"R",0,"R",217450,"A",
106148,"R",97206,"R",0,"A",
106245,"R",216067,"R",97214,"R",37481
106263,"R",18929,"R",0,"R",7390
106281,"R",0,"R",20197,"A",
106306,"R",8849,"R",0,"A",
106315,"R",0,"R",82200,"A",
106342,"R",14721,"R",0,"A",
106351,"R",0,"R",36808,"A",
106360,"R",0,"R",10560,"A",
106397,"R",362248,"R",0,"R",60713
106412,"R",89498,"R",0,"R",1799
106449,"R",70627,"R",0,"A",
106458,"R",251191,"R",0,"R",18184
106467,"R",154066,"R",0,"R",9231
106485,"R",65158,"R",136437,"R",2688
106494,"R",0,"R",68301,"A",
106546,"R",115823,"R",2954367,"A",
106607,"R",0,"R",61200,"A",
106625,"R",42505,"R",0,"A",
106704,"R",224165,"R",0,"R",20499
106713,"R",10431,"R",0,"A",
106759,"R",0,"R",19540,"A",
106795,"R",20398,"R",0,"A",
106810,"R",3521,"R",0,"A",
106829,"R",10462,"R",252331,"A",
106838,"R",0,"R",37500,"A",
106883,"R",32264,"R",0,"A",
106892,"R",0,"R",271904,"A",
106908,"R",0,"R",69000,"A",
106980,"R",25026,"R",987165,"A",
106999,"R",28977,"R",0,"A",
107035,"A",,"A",,"R",2687
107044,"R",122133,"R",0,"R",11075
107071,"R",87966,"R",0,"R",5421
107080,"R",32880,"R",0,"R",260
107099,"R",0,"R",1500,"A",
107123,"R",0,"R",61536,"A",
107141,"R",45992,"R",0,"R",2689
107211,"R",0,"R",68100,"A",
107220,"R",0,"R",104700,"A",
107275,"R",0,"R",17512,"A",
107293,"R",0,"R",11625,"A",
107309,"R",0,"R",30,"A",
107318,"R",19774,"R",0,"A",
107327,"R",45570,"R",0,"A",
107363,"R",0,"R",63000,"A",
107442,"R",0,"R",67500,"A",
107460,"R",46111,"R",0,"A",
107488,"R",16458,"R",134169,"A",
107512,"R",28880,"R",0,"A",
107521,"R",23583,"R",0,"A",
107549,"R",22192,"R",0,"A",
107558,"R",20196,"R",0,"A",
107585,"R",35962,"R",0,"A",
107600,"R",23723,"R",0,"A",
107619,"R",46564,"R",0,"A",
107637,"R",50830,"R",0,"A",
107655,"R",0,"R",16200,"A",
107664,"R",122237,"R",0,"A",
107725,"R",25694,"R",0,"A",
107743,"R",18397,"R",0,"A",
107789,"R",0,"R",44625,"A",
107831,"R",0,"R",140000,"A",
107877,"R",15976,"R",0,"A",
107886,"R",0,"R",43500,"A",
107974,"R",6349,"R",2985,"A",
107983,"R",82210,"R",0,"R",2664
107992,"R",24864,"R",0,"A",
108065,"R",0,"R",51000,"A",
108092,"R",134337,"R",0,"A",
108232,"R",137617,"R",0,"R",20331
108250,"R",23376,"R",0,"A",
108269,"A",,"A",,"R",1000
108287,"R",11330,"R",226600,"A",
108348,"R",4068,"R",81360,"A",
108393,"R",4212,"R",114000,"A",
108649,"R",0,"R",66047,"A",
108667,"R",84844,"R",9944,"A",
108807,"R",172248,"R",274424,"A",
108852,"R",0,"R",153000,"A",
108861,"A",,"A",,"R",193
108870,"A",,"A",,"R",7918
108977,"R",0,"R",43597,"A",
109013,"R",75000,"R",0,"R",300
109040,"R",0,"R",1262992,"A",
109086,"R",1151,"R",0,"R",1660
109208,"R",458592,"R",101232,"A",
109332,"R",0,"R",3200,"A",
109350,"R",199367,"R",12076,"A",
109651,"R",61964,"R",0,"R",5529
109721,"R",0,"R",335160,"A",
109730,"R",0,"R",122400,"A",
109749,"R",0,"R",48240,"A",
109785,"R",116202,"R",0,"R",74042
109819,"R",261059,"R",141622,"A",
109907,"R",49795,"R",20936,"A",
109934,"R",0,"R",262660,"A",
110051,"R",13094,"R",0,"R",1162
110060,"R",192000,"R",0,"R",80000
110097,"R",92781,"R",0,"R",22282
110176,"R",45,"R",60,"A",
110185,"R",67169,"R",0,"R",967
110194,"R",0,"R",73428,"A",
110219,"R",7903,"R",158064,"A",
110246,"R",233984,"R",183904,"A",
110307,"A",,"A",,"R",8129
110316,"R",1517,"R",0,"R",13643
110334,"R",253891,"R",74014,"A",
110361,"R",45724,"R",0,"R",10433
110370,"R",4936,"R",0,"R",1812
110398,"A",,"A",,"R",432
110404,"R",32066,"R",0,"R",52272
110413,"R",52585,"R",0,"R",16031
110422,"R",768769,"R",0,"R",23340
110440,"A",,"A",,"R",7350
110459,"A",,"A",,"R",16504
110468,"R",21021,"R",0,"R",29912
110477,"A",,"A",,"R",14293
110486,"R",263270,"R",0,"R",30399
110495,"R",182604,"R",0,"R",13488
110510,"R",515257,"R",0,"R",93931
110529,"R",761905,"R",0,"R",31661
110538,"R",422315,"R",0,"R",14879
110547,"R",237831,"R",0,"R",41997
110556,"R",466070,"R",0,"R",32976
110565,"R",693586,"R",0,"R",45396
110574,"R",492985,"R",0,"R",59010
110583,"R",774704,"R",0,"R",55084
110592,"R",706586,"R",0,"R",65189
110608,"R",639001,"R",0,"R",95979
110617,"R",602267,"R",0,"R",69560
110635,"R",741741,"R",0,"R",192719
110644,"R",1014512,"R",0,"R",146291
110653,"R",905566,"R",0,"R",142601
110662,"R",1140314,"R",0,"R",356204
110671,"R",610361,"R",0,"R",69638
110680,"R",880018,"R",0,"R",136427
110699,"R",1575,"R",0,"R",41268
110705,"R",821749,"R",0,"R",115154
110714,"R",577322,"R",0,"R",48219
110778,"A",,"A",,"R",8808
110875,"R",0,"R",290000,"A",
110918,"R",2085,"R",0,"A",
110945,"R",3042,"R",0,"A",
111009,"R",0,"R",8471042,"A",
111054,"R",0,"R",208278,"A",
111081,"R",24150,"R",0,"R",12075
111188,"R",24533,"R",0,"A",
111391,"A",,"A",,"R",759
111434,"R",68261,"R",21140,"A",
111461,"R",208243,"R",35989,"A",
111513,"R",0,"R",210172,"A",
111638,"R",0,"R",496290,"A",
111708,"R",0,"R",228600,"A",
111717,"R",0,"R",799260,"A",
111726,"R",0,"R",423870,"A",
111744,"R",0,"R",127570,"A",
111762,"R",0,"R",209340,"A",
111771,"R",0,"R",228735,"A",
111799,"R",0,"R",126540,"A",
111805,"R",0,"R",15460,"A",
111887,"R",388624,"R",170194,"A",
111896,"R",67307,"R",81806,"A",
111920,"R",228987,"R",110021,"A",
111939,"R",327802,"R",119671,"A",
111948,"R",98321,"R",0,"R",22571
111966,"R",1357,"R",0,"R",9
112075,"R",36583,"R",0,"R",7285
112084,"R",15131,"R",0,"R",1625
112127,"A",,"A",,"R",899
112172,"R",242144,"R",30427,"A",
112190,"R",492579,"R",1768477,"A",
112233,"R",1800,"R",1800,"R",972
112251,"A",,"A",,"R",26486
112260,"R",32831,"R",0,"A",
112288,"R",19076,"R",381520,"A",
112312,"R",1281,"R",0,"A",
112367,"R",0,"R",162407,"A",
112385,"R",94225,"R",15843,"A",
112394,"R",2960,"R",0,"A",
112446,"R",18936,"R",0,"R",2900
112455,"R",0,"R",148800,"A",
112516,"R",22816,"R",1400,"A",
112525,"A",,"A",,"R",15659
112561,"R",44523,"R",13775,"A",
112570,"R",7084,"R",0,"A",
112686,"R",111389,"R",330599,"A",
112783,"R",0,"R",401753,"A",
112826,"R",119609,"R",205743,"A",
113096,"R",264950,"R",7336,"A",
113111,"R",95100,"R",9508,"A",
113193,"R",201664,"R",2729,"A",
113218,"R",107917,"R",52303,"A",
113227,"R",0,"R",458794,"A",
113236,"R",248196,"R",721918,"A",
113245,"R",5696,"R",0,"A",
113333,"R",690274,"R",1379,"A",
113397,"R",0,"R",186970,"A",
113537,"R",0,"R",30600,"R",276
113573,"R",114268,"R",18438,"A",
113582,"R",11000,"R",0,"A",
113607,"R",346032,"R",0,"R",21346
113634,"R",395268,"R",130751,"A",
113698,"R",26288,"R",0,"R",13212
113704,"R",243,"R",0,"R",1246
113713,"R",8653,"R",0,"A",
113856,"R",354219,"R",1618004,"A",
113908,"R",0,"R",112600,"A",
113980,"R",435532,"R",243429,"A",
114044,"R",0,"R",29400,"A",
114062,"R",0,"R",65482,"A",
114071,"R",0,"R",62538,"A",
114080,"R",0,"R",124057,"A",
114114,"R",300,"R",0,"R",14640
114123,"R",0,"R",1677000,"A",
114266,"R",146789,"R",206663,"A",
114354,"R",124475,"R",0,"A",
114372,"R",1155,"R",0,"A",
114390,"R",32301,"R",0,"A",
114415,"R",11943,"R",0,"A",
114433,"R",35403,"R",21757,"A",
114460,"R",0,"R",259265,"A",
114549,"A",,"A",,"R",27727
114585,"A",,"A",,"R",119238
114716,"R",406041,"R",135985,"A",
114734,"A",,"A",,"R",1247
114761,"R",0,"R",79423,"A",
114789,"R",296886,"R",7595773,"A",
114813,"R",37998,"R",0,"R",14553
114840,"A",,"A",,"R",83570
114859,"R",386541,"R",22898,"A",
114886,"R",0,"R",94687,"A",
114895,"R",0,"R",162984,"A",
114901,"R",0,"R",33140,"A",
114938,"R",75348,"R",204945,"A",
114947,"R",0,"R",546168,"A",
115001,"R",291597,"R",263391,"A",
115010,"R",0,"R",384379,"A",
115047,"A",,"A",,"R",232
115083,"R",19162,"R",0,"R",34484
115126,"R",242270,"R",8951,"A",
115214,"A",,"A",,"R",5722
115296,"R",335863,"R",171539,"A",
115357,"R",0,"R",82961,"A",
115393,"R",139855,"R",262353,"A",
115409,"R",21903,"R",0,"Z",0
115454,"R",37406,"R",0,"A",
115472,"R",44875,"R",0,"A",
115490,"R",52200,"R",0,"A",
115515,"R",44625,"R",0,"A",
115533,"R",54761,"R",0,"A",
115658,"R",0,"R",199709,"A",
115728,"R",13533,"R",0,"R",5313
115746,"A",,"A",,"R",14562
115755,"R",209095,"R",0,"R",9409
115773,"R",40560,"R",0,"A",
115861,"R",110404,"R",329308,"A",
115931,"R",12982,"R",389460,"A",
116040,"R",24264,"R",0,"A",
116226,"R",9383,"R",32700,"A",
116235,"R",7676,"R",155394,"A",
116350,"R",0,"R",70534,"A",
116439,"R",180859,"R",0,"A",
116466,"R",39996,"R",0,"A",
116475,"R",10200,"R",0,"A",
116484,"R",30361,"R",0,"A",
116563,"R",0,"R",239516,"A",
116624,"A",,"A",,"R",1381
116712,"R",4765,"R",0,"R",31317
116846,"R",4260,"R",0,"R",5800
117052,"R",197053,"R",4257325,"A",
117104,"R",10765,"R",0,"Z",0
117113,"R",44942,"R",0,"A",
117140,"R",98226,"R",0,"R",68495
117168,"R",6762,"R",0,"A",
117186,"R",0,"R",9871,"A",
117195,"R",60460,"R",30900,"A",
117238,"R",0,"R",249497,"A",
117247,"R",177548,"R",82398,"A",
117274,"R",38930,"R",57044,"A",
117557,"R",252,"R",0,"R",684
117575,"R",2502,"R",0,"R",2313
117627,"R",63460,"R",0,"R",9717
117636,"R",41600,"R",0,"R",41166
117645,"R",220944,"R",9200002,"A",
117672,"A",,"A",,"R",4132
117690,"R",150360,"R",373536,"A",
117706,"R",279800,"R",717496,"A",
117715,"R",96183,"R",316926,"A",
117724,"R",166368,"R",2681501,"A",
117733,"R",260886,"R",876620,"A",
117751,"R",35889,"R",0,"R",8239
117788,"R",285745,"R",2999047,"A",
117797,"R",552,"R",0,"A",
117803,"R",5242,"R",0,"A",
117867,"R",114255,"R",657017,"A",
117894,"R",122135,"R",387093,"A",
117928,"R",25994,"R",0,"A",
117946,"R",163467,"R",0,"R",23724
118116,"R",0,"R",69052,"A",
118125,"R",0,"R",63945,"A",
118134,"R",0,"R",259600,"A",
118143,"R",0,"R",108800,"A",
118161,"R",0,"R",45,"A",
118189,"R",11389,"R",212855,"A",
118198,"R",0,"R",525436,"A",
118259,"R",19776,"R",217536,"A",
118277,"R",25607,"R",793884,"A",
118286,"R",39533,"R",0,"A",
118338,"R",0,"R",119869,"A",
118347,"R",110843,"R",29113,"A",
118356,"R",0,"R",72000,"A",
118374,"R",0,"R",48000,"A",
118383,"R",0,"R",60000,"A",
118392,"R",0,"R",78000,"A",
118417,"R",0,"R",150000,"A",
118426,"R",0,"R",91200,"A",
118435,"R",0,"R",85200,"A",
118444,"R",0,"R",50400,"A",
118453,"R",0,"R",153600,"A",
118480,"R",0,"R",85200,"A",
118541,"R",20001,"R",0,"A",
118684,"R",58976,"R",45488,"A",
118693,"R",18858,"R",0,"A",
118709,"A",,"A",,"R",221
118718,"R",154394,"R",309266,"A",
118772,"R",97715,"R",22342,"A",
118888,"R",5597,"R",0,"R",2584
118912,"R",251222,"R",28087,"A",
118921,"R",0,"R",152714,"A",
118930,"R",155957,"R",11257,"A",
118958,"R",0,"R",120521,"A",
118967,"R",0,"R",200449,"A",
118976,"R",297735,"R",325403,"A",
118994,"R",0,"R",40500,"A",
119058,"R",288,"R",0,"R",23804
119067,"R",124506,"R",935052,"A",
119137,"R",299719,"R",956,"A",
119155,"R",0,"R",205697,"A",
119164,"R",481765,"R",610952,"A",
119173,"R",42853,"R",0,"R",4019
119216,"R",189535,"R",819,"A",
119270,"R",28110,"R",71400,"A",
119331,"R",111471,"R",156206,"A",
119340,"R",0,"R",965785,"A",
119359,"R",0,"R",832320,"A",
119368,"R",0,"R",517680,"A",
119438,"R",0,"R",389520,"A",
119456,"R",0,"R",655000,"A",
119465,"R",0,"R",1152000,"A",
119508,"R",0,"R",1299260,"A",
119544,"R",9153,"R",0,"R",3189
119553,"R",0,"R",370080,"A",
119605,"R",28782,"R",5991481,"R",88578
119678,"A",,"A",,"R",127055
119711,"R",1365,"R",0,"R",1776
119775,"R",2382,"R",680,"R",2504
119827,"R",0,"R",124800,"A",
119845,"R",0,"R",257188,"A",
119951,"R",0,"R",135150,"A",
120069,"R",0,"R",253600,"A",
120078,"R",0,"R",489969,"A",
120087,"R",0,"R",158816,"A",
120166,"R",3108,"R",0,"R",5562
120184,"R",24225,"R",436,"R",12700
120254,"R",57372,"R",0,"R",617
120272,"R",0,"R",159502,"A",
120290,"R",154034,"R",24414,"A",
120333,"R",31680,"R",153923,"A",
120342,"R",480638,"R",3392,"A",
120403,"R",30123,"R",0,"R",989
120421,"R",123843,"R",16727,"A",
120537,"R",24323,"R",0,"R",5159
120661,"R",0,"R",299400,"A",
120698,"A",,"A",,"R",8027
120740,"A",,"A",,"R",702
120768,"R",2935,"R",0,"R",9558
120795,"A",,"A",,"R",762
120838,"R",500,"R",0,"R",330
120865,"R",62582,"R",0,"R",341
120883,"R",103516,"R",0,"R",11504
120953,"R",40063,"R",66074,"A",
120971,"R",513967,"R",33044,"A",
121008,"R",0,"R",80167,"A",
121017,"R",0,"R",274800,"A",
121044,"R",485843,"R",313970,"A",
121071,"R",11586,"R",0,"R",1209
121150,"R",98979,"R",0,"R",104796
121257,"R",26555,"R",0,"A",
121275,"R",15920,"R",530640,"A",
121309,"R",71798,"R",0,"R",14733
121345,"R",46604,"R",0,"A",
121363,"R",70478,"R",85500,"A",
121381,"R",114,"R",1365,"A",
121433,"R",0,"R",204710,"A",
121600,"A",,"A",,"R",135
121619,"R",308792,"R",933664,"A",
121628,"A",,"A",,"R",12537
121691,"R",91776,"R",0,"R",30604
121707,"R",121938,"R",1458,"A",
121859,"R",0,"R",62500,"A",
121868,"R",0,"R",30216,"A",
121886,"R",260448,"R",411844,"A",
121901,"R",526538,"R",11128482,"A",
121983,"R",957,"R",0,"R",4447
121992,"R",0,"R",294301,"A",
122117,"A",,"A",,"R",19380
122180,"R",351090,"R",133189,"A",
122205,"R",318828,"R",426516,"A",
122223,"R",2673,"R",0,"Z",0
122250,"A",,"A",,"R",241
122287,"R",2700,"R",0,"R",4356
122296,"R",4990,"R",0,"R",19976
122339,"R",227996,"R",545,"A",
122366,"R",13200,"R",0,"A",
122375,"R",397960,"R",1750,"A",
122384,"R",144030,"R",58256,"A",
122409,"R",733996,"R",0,"R",93876
122436,"R",141481,"R",0,"R",33366
122454,"R",11923,"R",0,"R",5906
122506,"R",5400,"R",0,"R",3900
122597,"R",593585,"R",0,"R",92365
122603,"A",,"A",,"R",4476
122612,"R",137770,"R",0,"R",68482
122649,"R",888,"R",0,"A",
122658,"R",319228,"R",124000,"A",
122685,"R",20526,"R",0,"A",
122694,"R",23892,"R",0,"A",
122728,"R",13059,"R",0,"A",
122746,"R",137395,"R",36274,"A",
122755,"R",602376,"R",0,"R",87409
122791,"R",177681,"R",4485,"A",
122834,"R",0,"R",307941,"A",
122843,"R",37886,"R",0,"Z",0
122852,"R",0,"R",204758,"A",
122889,"R",282283,"R",282139,"A",
122931,"R",237785,"R",0,"R",51113
122977,"R",555211,"R",39808,"A",
123013,"R",383820,"R",135739,"A",
123095,"A",,"A",,"R",5724
123165,"R",30701,"R",0,"R",536
123208,"R",0,"R",619592,"A",
123217,"R",194923,"R",37892,"A",
123280,"R",2630,"R",0,"R",459
123299,"R",180891,"R",15980,"A",
123341,"R",309250,"R",184,"A",
123350,"R",0,"R",94400,"A",
123396,"R",0,"R",150766,"A",
123457,"R",28539,"R",0,"R",5001
123484,"R",44389,"R",54458,"A",
123493,"R",0,"R",1049349,"A",
123509,"R",147757,"R",0,"A",
123527,"R",272875,"R",39218,"A",
123554,"R",66807,"R",0,"R",12000
123563,"R",191052,"R",25731,"A",
123572,"R",199835,"R",0,"R",9080
123581,"R",0,"R",38160,"A",
123633,"R",1606,"R",1423587,"R",1045
123642,"R",22320,"R",106512,"A",
123651,"R",46822,"R",0,"R",4668
123679,"R",0,"R",579420,"A",
123800,"R",288864,"R",0,"A",
123855,"A",,"A",,"R",41
123916,"A",,"A",,"R",28
123952,"R",3511,"R",0,"R",5203
123961,"R",521515,"R",0,"R",291809
124113,"R",48129,"R",15515,"A",
124283,"A",,"A",,"R",5463
124292,"R",11822,"R",0,"A",
124344,"R",0,"R",50581,"A",
124399,"R",18826,"R",376520,"A",
124432,"R",454,"R",28990,"A",
124487,"R",4131,"R",0,"A",
124681,"R",0,"R",3860199,"A",
124706,"R",0,"R",626621,"A",
124779,"R",0,"R",15532,"A",
124919,"R",0,"R",64800,"A",
124937,"R",0,"R",691125,"A",
125028,"R",209653,"R",135252,"A",
125082,"R",0,"R",161854,"A",
125091,"R",182069,"R",94029,"A",
125170,"R",58582,"R",0,"A",
125231,"R",1198,"R",0,"R",94239
125462,"R",82015,"R",49041,"A",
125471,"R",137626,"R",670945,"A",
125480,"R",810,"R",0,"R",552
125499,"R",195373,"R",3757,"A",
125532,"R",34218,"R",752812,"A",
125718,"A",,"A",,"R",894
125727,"R",39528,"R",0,"R",726
125763,"R",34688,"R",0,"R",2998
125897,"R",34927,"R",0,"R",3674
126012,"A",,"A",,"R",11658
126076,"R",3270,"R",0,"A",
126119,"R",166229,"R",79911,"A",
126164,"R",0,"R",111550,"A",
126182,"R",59804,"R",0,"R",40127
126207,"R",99640,"R",614855,"A",
126261,"R",0,"R",201600,"A",
126289,"R",185050,"R",0,"A",
126359,"R",14588,"R",0,"A",
126401,"R",28080,"R",0,"A",
126410,"R",15106,"R",178948,"A",
126562,"R",198150,"R",0,"R",103448
126571,"R",14007,"R",0,"R",50774
126580,"R",155722,"R",0,"R",30269
126605,"R",0,"R",807150,"A",
126614,"R",714102,"R",0,"R",89122
126669,"R",48286,"R",0,"R",3031
126678,"R",78592,"R",0,"R",11680
126687,"R",0,"R",475462,"A",
126702,"R",105106,"R",0,"A",
126711,"R",82801,"R",0,"A",
126748,"R",28356,"R",0,"A",
126775,"R",83501,"R",0,"R",14785
126784,"R",0,"R",156125,"A",
126818,"R",587440,"R",0,"R",60459
126827,"R",70071,"R",0,"R",27044
126854,"R",0,"R",185100,"A",
126863,"R",92479,"R",0,"A",
126872,"R",16128,"R",184320,"A",
126915,"R",0,"R",225762,"A",
126924,"R",14820,"R",0,"A",
126942,"R",140152,"R",0,"A",
126951,"R",46425,"R",0,"A",
126979,"A",,"A",,"R",10876
127024,"R",79766,"R",0,"Z",0
127060,"R",196439,"R",0,"R",123400
127158,"R",9928,"R",1484337,"A",
127185,"R",126341,"R",0,"A",
127200,"R",282159,"R",0,"A",
127219,"R",0,"R",84672,"A",
127228,"R",0,"R",120000,"A",
127273,"A",,"A",,"R",6024
127316,"R",0,"R",267840,"A",
127389,"R",22879,"R",0,"A",
127556,"R",139145,"R",0,"R",771
127565,"R",425630,"R",0,"A",
127617,"R",26354,"R",0,"A",
127653,"R",11295,"R",0,"R",12790
127680,"R",7918,"R",0,"A",
127699,"R",6676,"R",0,"A",
127714,"R",21039,"R",0,"A",
127732,"R",48408,"R",0,"A",
127741,"R",289009,"R",0,"R",46843
127778,"R",33750,"R",0,"A",
127787,"R",3307,"R",51580,"A",
127820,"R",206484,"R",0,"A",
127839,"R",0,"R",282240,"A",
127884,"R",117074,"R",0,"A",
127909,"R",136565,"R",0,"A",
127918,"R",54802,"R",0,"R",29716
127945,"R",13717,"R",0,"A",
127954,"R",0,"R",67500,"Z",0
128036,"R",18775,"R",291842,"A",
128106,"R",127455,"R",0,"R",6367
128151,"R",0,"R",602904,"A",
128179,"R",0,"R",409920,"A",
128188,"R",0,"R",362700,"A",
128203,"R",0,"R",152420,"A",
128258,"R",16486,"R",535167,"A",
128328,"R",165052,"R",0,"A",
128337,"R",0,"R",239250,"A",
128391,"R",61507,"R",0,"A",
128425,"R",750,"R",0,"Z",0
128498,"R",51076,"R",0,"R",8221
128540,"R",0,"R",141916,"A",
128577,"R",24484,"R",0,"A",
128586,"R",1890,"R",0,"A",
128674,"R",0,"R",328800,"A",
128683,"R",6822,"R",0,"A",
128726,"R",1152,"R",0,"A",
128744,"R",28538,"R",0,"R",38067
128762,"R",17520,"R",350400,"A",
128771,"R",220561,"R",0,"R",42950
128780,"R",0,"R",0,"A",
128896,"R",8392,"R",0,"A",
128902,"R",60977,"R",0,"R",369
128957,"R",0,"R",245115,"A",
129002,"R",7080,"R",0,"A",
129020,"R",429887,"R",0,"R",106886
129154,"R",31518,"R",0,"A",
129181,"R",0,"R",1292700,"A",
129215,"R",124862,"R",0,"R",5278
129242,"R",128393,"R",0,"R",16218
129349,"R",1500,"R",169500,"A",
129367,"R",53245,"R",0,"A",
129428,"A",,"A",,"R",15430
129446,"R",1355,"R",0,"A",
129482,"R",8458,"R",0,"A",
129491,"A",,"A",,"R",1600
129525,"R",147253,"R",0,"R",26498
129534,"R",543,"R",0,"R",1359
129543,"R",74399,"R",0,"A",
129613,"R",38723,"R",0,"A",
129640,"R",0,"R",46800,"A",
129686,"R",1479,"R",0,"A",
129695,"R",99075,"R",0,"A",
129729,"R",89303,"R",0,"A",
129756,"R",38214,"R",0,"A",
129774,"R",19007,"R",0,"A",
129808,"R",58481,"R",0,"A",
129880,"R",0,"R",111000,"A",
129923,"R",0,"R",1030847,"A",
129932,"R",0,"R",265384,"A",
129941,"R",62620,"R",0,"R",35335
129969,"R",17135,"R",174620,"A",
130004,"R",99920,"R",0,"A",
130040,"R",22540,"R",0,"A",
130110,"R",3331,"R",0,"A",
130129,"R",0,"R",74425,"A",
130174,"R",34140,"R",0,"A",
130183,"R",28078,"R",0,"Z",0
130217,"R",23783,"R",0,"A",
130226,"R",155339,"R",0,"R",22100
130253,"R",107840,"R",0,"R",34833
130271,"R",474,"R",0,"A",
130314,"R",18443,"R",0,"R",6609
130396,"R",88310,"R",0,"A",
130448,"R",5455,"R",0,"A",
130493,"R",208133,"R",0,"R",60475
130509,"R",13073,"R",0,"A",
130581,"A",,"A",,"R",4785
130590,"R",55151,"R",0,"R",2532
130606,"R",64870,"R",0,"A",
130624,"R",16660,"R",0,"A",
130697,"R",92620,"R",0,"R",6865
130776,"R",131724,"R",0,"R",10289
130785,"A",,"A",,"R",17664
130794,"R",146614,"R",0,"R",112791
130837,"R",0,"R",43044,"A",
130873,"R",7740,"R",154800,"A",
130891,"R",73444,"R",0,"A",
130907,"R",45302,"R",0,"A",
130916,"R",144294,"R",0,"A",
130934,"R",77373,"R",0,"R",5813
130943,"R",502675,"R",0,"R",56555
130989,"R",31915,"R",0,"R",5112
131061,"R",0,"R",157776,"A",
131098,"R",49881,"R",0,"R",2025
131113,"R",91501,"R",0,"R",47407
131159,"R",171749,"R",0,"R",57951
131283,"R",83260,"R",0,"R",54277
131308,"R",6547,"R",0,"R",15
131399,"R",46191,"R",0,"R",1422
131405,"A",,"A",,"R",1148
131450,"R",34999,"R",0,"R",9689
131469,"R",291684,"R",0,"R",231467
131496,"R",192090,"R",0,"R",67497
131511,"R",0,"R",87567,"A",
131520,"R",203166,"R",0,"R",87329
131566,"R",0,"R",192000,"A",
131742,"R",0,"R",1637739,"A",
131788,"R",16996,"R",0,"R",8955
131803,"R",469444,"R",0,"R",89748
131830,"R",1200,"R",28800,"A",
131876,"R",21442,"R",0,"R",10803
131973,"A",,"A",,"R",1385
132268,"R",0,"R",389600,"A",
132338,"R",147324,"R",0,"A",
132374,"R",0,"R",1448100,"A",
132408,"R",14028,"R",0,"A",
132471,"R",141935,"R",0,"R",62751
132523,"A",,"A",,"R",431
132602,"R",76189,"R",0,"A",
132657,"R",55838,"R",0,"R",7174
132666,"R",0,"R",115000,"A",
132675,"R",0,"R",111408,"A",
132693,"R",264158,"R",1242335,"A",
132709,"R",636004,"R",468515,"A",
132806,"R",24217,"Z",0,"A",
132842,"R",10865,"R",0,"R",12852
132851,"R",117017,"R",351720,"A",
132879,"R",4447,"R",0,"A",
132903,"R",858632,"R",0,"R",108608
132976,"R",0,"R",1035000,"A",
133021,"R",39012,"R",148620,"A",
133085,"R",20770,"R",0,"A",
133155,"R",0,"R",822945,"A",
133261,"R",8912,"R",0,"A",
133386,"R",221156,"R",1109207,"A",
133465,"R",19258,"R",0,"A",
133492,"R",52188,"R",0,"A",
133508,"R",196040,"R",6210,"A",
133526,"R",35859,"R",0,"A",
133553,"R",132078,"R",0,"R",4980
133650,"R",163317,"R",0,"R",10536
133669,"R",460585,"R",0,"R",67156
133702,"R",427150,"R",2949995,"A",
133711,"R",57004,"R",0,"A",
133739,"R",0,"R",118624,"A",
133809,"R",14006,"R",0,"A",
133845,"R",0,"R",384170,"A",
133854,"R",0,"R",415337,"A",
133863,"R",0,"R",456585,"A",
133872,"R",27913,"R",0,"A",
133881,"R",66199,"R",0,"R",31393
133942,"R",2016,"R",2016,"A",
133951,"R",296813,"Z",0,"R",39644
133960,"R",26397,"R",34554,"A",
133979,"R",8377,"R",500789,"A",
133997,"R",65184,"R",712080,"A",
134079,"R",58193,"R",0,"R",660
134097,"R",858658,"R",0,"R",150882
134112,"R",63000,"R",466006,"A",
134121,"R",15840,"R",202752,"A",
134130,"R",987259,"R",0,"R",289322
134149,"R",36229,"R",0,"R",1408
134228,"R",0,"R",33600,"A",
134237,"R",294706,"R",53382,"A",
134291,"R",0,"R",843600,"A",
134307,"R",1440,"R",416880,"A",
134343,"R",120853,"R",150475,"A",
134422,"R",4923,"R",0,"A",
134495,"R",395007,"R",1353990,"A",
134510,"R",2275,"R",0,"A",
134574,"R",0,"R",115944,"A",
134608,"R",196899,"R",1711109,"A",
134680,"R",186432,"R",848805,"A",
134714,"R",0,"R",222560,"A",
134811,"R",17756,"R",0,"R",778
134875,"R",8136,"R",0,"A",
134909,"R",24196,"R",0,"A",
134945,"R",69042,"R",0,"R",6067
135063,"R",5118,"R",0,"A",
135081,"R",114097,"R",0,"A",
135124,"R",0,"R",163800,"A",
135142,"R",5,"R",474362,"A",
135160,"R",49347,"R",412664,"A",
135179,"R",0,"R",602970,"A",
135188,"R",60146,"R",4650,"A",
135267,"R",0,"R",1106036,"A",
135276,"R",0,"R",710163,"A",
135294,"R",0,"R",1775181,"A",
135337,"R",0,"R",146563,"A",
135364,"R",10670,"R",0,"R",14253
135391,"R",179404,"R",0,"A",
135407,"R",0,"R",908361,"A",
135416,"R",0,"R",298772,"A",
135434,"R",0,"R",369041,"A",
135522,"R",0,"R",725400,"A",
135610,"R",4327,"R",0,"R",1331
135647,"R",0,"R",1813181,"A",
135717,"R",1314778,"R",1259139,"A",
135726,"R",287747,"R",0,"R",60162
135735,"R",0,"R",2074724,"A",
135771,"R",0,"R",633935,"A",
135939,"R",38149,"R",8906,"A",
135957,"R",0,"R",1433100,"A",
136011,"R",0,"R",1434000,"A",
136048,"R",0,"R",254004,"A",
136066,"R",24452,"R",1559424,"A",
136075,"R",4350,"R",0,"A",
136109,"R",0,"R",52200,"A",
136145,"R",21686,"R",175512,"A",
136172,"R",298186,"Z",0,"R",30193
136206,"R",39713,"R",0,"A",
136215,"R",126518,"R",0,"R",302183
136233,"R",136766,"R",113040,"A",
136288,"R",68544,"R",0,"R",3565
136303,"R",0,"R",499550,"A",
136330,"R",67291,"R",0,"R",6213
136358,"R",379166,"R",1900983,"A",
136400,"R",116043,"R",339717,"A",
136473,"R",211638,"R",314370,"A",
136491,"R",5616,"R",736382,"A",
136516,"R",121242,"R",95238,"A",
136659,"R",0,"R",193007,"A",
136701,"A",,"A",,"R",1636
136738,"R",21184,"R",0,"A",
136747,"R",6876,"R",91680,"A",
136765,"R",0,"R",875127,"A",
136774,"R",14157,"R",0,"A",
136783,"R",0,"R",123600,"A",
136826,"R",0,"R",1892117,"A",
136950,"R",93606,"R",0,"R",17297
136996,"R",0,"R",120120,"A",
137023,"R",0,"R",458916,"A",
137032,"R",283459,"R",0,"R",8301
137078,"R",441972,"R",40725,"A",
137087,"R",830,"R",1968300,"A",
137096,"R",310291,"R",628638,"A",
137120,"R",0,"R",885303,"A",
137148,"R",1143,"R",0,"R",28449
137209,"R",224176,"R",1322655,"A",
137245,"R",0,"R",2534401,"A",
137272,"R",1890,"R",0,"R",70
137281,"R",84758,"R",501486,"A",
137315,"R",39415,"R",554891,"A",
137351,"R",757326,"Z",0,"R",144852
137421,"R",873,"R",10880,"A",
137476,"R",38313,"R",0,"R",15578
137537,"R",24321,"R",0,"A",
137546,"R",60726,"R",0,"R",5900
137564,"R",49072,"R",0,"A",
137591,"R",0,"R",177600,"A",
137625,"R",0,"R",14130,"A",
137713,"R",0,"R",139585,"A",
137759,"R",253715,"R",168280,"A",
137777,"R",1023,"R",15624,"R",106
137801,"R",25497,"R",0,"R",891
137810,"R",33336,"R",0,"R",5104
137847,"R",58755,"R",0,"R",3645
137856,"R",1635,"R",245109,"A",
137865,"R",0,"R",277792,"A",
137892,"R",0,"R",649000,"A",
137953,"R",11384,"R",0,"R",326
137962,"R",3793,"R",0,"A",
138132,"R",0,"R",169040,"A",
138187,"R",617102,"R",200576,"A",
138275,"R",33199,"R",0,"R",923
138284,"R",0,"R",343900,"A",
138293,"R",15489,"R",0,"R",1044
138309,"R",9645,"R",0,"A",
138336,"R",5835,"R",0,"A",
138354,"R",196465,"R",0,"R",23089
138372,"R",0,"R",702274,"A",
138479,"R",0,"R",1153444,"A",
138488,"R",0,"R",391211,"A",
138497,"R",0,"R",268922,"A",
138558,"R",73934,"R",0,"A",
138594,"R",0,"R",868580,"A",
138600,"R",26295,"R",0,"R",878
138655,"R",5688,"R",0,"A",
138664,"R",2772,"R",0,"A",
138682,"R",129029,"R",0,"A",
138691,"R",82731,"R",0,"A",
138716,"R",91495,"R",0,"R",9039
138725,"R",376218,"R",0,"R",65168
138761,"R",11883,"R",0,"A",
138789,"R",129882,"R",0,"R",13134
138813,"R",122592,"R",0,"A",
138822,"R",0,"R",331600,"A",
138840,"R",151684,"R",0,"A",
138868,"R",10060,"R",0,"A",
138877,"R",8764,"R",0,"A",
138901,"R",48805,"R",0,"A",
138938,"R",0,"R",150880,"A",
138947,"R",123505,"R",0,"R",20229
138956,"R",160489,"R",0,"A",
138983,"R",132915,"R",0,"R",7476
139010,"R",44513,"R",0,"A",
139074,"R",4496,"R",0,"A",
139092,"R",0,"R",107937,"A",
139126,"R",65126,"R",0,"A",
139144,"R",43149,"R",0,"R",2068
139153,"R",17472,"R",1456,"A",
139199,"R",17802,"R",0,"R",3408
139205,"R",32830,"R",0,"A",
139214,"R",4992,"R",0,"A",
139250,"R",49111,"R",0,"A",
139278,"R",88527,"R",0,"A",
139311,"R",125338,"R",0,"A",
139348,"A",,"A",,"R",6726
139357,"R",149397,"R",0,"A",
139366,"R",138835,"R",0,"R",16152
139384,"R",112608,"R",0,"A",
139393,"R",28890,"R",0,"R",456
139463,"R",81887,"R",0,"A",
139506,"R",0,"R",80000,"A",
139533,"R",159247,"R",0,"R",34671
139579,"R",23341,"R",0,"R",3782
139621,"R",32396,"R",0,"A",
139630,"R",20630,"R",0,"A",
139658,"R",211482,"R",0,"R",159034
139700,"R",66626,"R",0,"A",
139719,"R",65518,"R",0,"R",4393
139746,"R",5733,"R",0,"A",
139755,"R",352495,"R",0,"R",173921
139764,"R",55248,"R",0,"R",7017
139773,"R",96899,"R",0,"A",
139861,"R",125823,"R",0,"R",19356
139898,"R",21045,"R",484901,"A",
139904,"R",44839,"R",0,"A",
139931,"R",385615,"R",0,"R",27205
139940,"R",529551,"R",0,"R",158012
139959,"R",712193,"R",0,"R",151227
139968,"R",78079,"R",0,"A",
139986,"R",142186,"R",0,"A",
139995,"R",15000,"R",0,"A",
140003,"R",10876,"R",0,"A",
140012,"R",168506,"R",0,"A",
140076,"R",54763,"R",0,"A",
140085,"R",104867,"R",0,"A",
140146,"A",,"A",,"R",1351
140164,"R",351988,"R",0,"R",28939
140191,"R",21977,"R",138855,"A",
140234,"R",25962,"R",0,"R",1040
140243,"R",102034,"R",0,"A",
140252,"R",26666,"R",0,"R",1835
140304,"R",200641,"R",0,"A",
140322,"R",110359,"R",0,"A",
140331,"R",185351,"R",0,"A",
140340,"R",12417,"R",203940,"A",
140401,"R",24836,"R",0,"R",8678
140447,"R",135442,"R",0,"R",22326
140483,"R",55964,"R",0,"A",
140553,"R",83715,"R",0,"A",
140562,"A",,"A",,"R",1073
140599,"R",76580,"R",0,"A",
140669,"R",103410,"R",0,"R",9167
140678,"R",78178,"R",0,"A",
140696,"R",30674,"R",0,"R",2029
140711,"R",0,"R",72000,"A",
140720,"R",22225,"R",0,"A",
140809,"R",38812,"R",0,"A",
140818,"R",28536,"R",1369728,"R",26827
140827,"R",10104,"R",0,"A",
140872,"R",33319,"R",0,"A",
140942,"R",138400,"R",0,"A",
140951,"R",233530,"R",0,"R",30960
140960,"R",65178,"R",0,"R",3288
140988,"R",58275,"R",0,"R",1274
140997,"R",32555,"R",0,"A",
141006,"R",77493,"R",0,"A",
141015,"R",2478,"R",0,"A",
141060,"R",62718,"R",0,"A",
141097,"R",79479,"R",0,"R",10059
141121,"R",30554,"R",0,"A",
141158,"R",63807,"R",0,"A",
141167,"R",17671,"R",0,"R",1630
141185,"R",24975,"R",0,"A",
141228,"R",72676,"R",0,"A",
141237,"R",34320,"R",0,"A",
141255,"R",104013,"R",0,"A",
141264,"R",230579,"R",0,"R",24899
141273,"R",81167,"R",0,"A",
141307,"R",18647,"R",0,"A",
141325,"R",18289,"R",0,"R",711
141334,"R",210837,"R",0,"R",28279
141361,"R",18180,"R",0,"A",
141468,"R",68541,"R",0,"A",
141486,"R",58427,"R",0,"R",11500
141565,"R",77320,"R",0,"R",2450
141574,"R",359340,"R",0,"R",107696
141583,"R",447,"R",4917,"A",
141608,"R",0,"R",138600,"A",
141644,"R",157993,"R",0,"R",20801
141671,"R",0,"R",49260,"A",
141680,"R",81727,"R",0,"A",
141796,"R",135405,"R",0,"A",
141802,"R",19307,"R",0,"A",
141811,"R",110109,"R",0,"A",
141839,"R",50269,"R",0,"A",
141848,"R",0,"R",98425,"A",
141857,"R",0,"R",258000,"A",
141936,"Z",0,"A",,"R",2329
141945,"R",11004,"R",71100,"A",
141981,"R",14964,"R",0,"A",
141990,"R",31821,"R",0,"A",
142054,"R",7162,"R",453760,"A",
142090,"R",3178,"R",0,"A",
142115,"R",366131,"R",26457,"R",27783
142124,"R",0,"R",71749,"A",
142179,"R",17358,"R",0,"A",
142276,"R",244608,"R",35225,"R",34756
142285,"R",254601,"R",0,"R",45270
142294,"R",25687,"R",0,"R",496
142328,"R",73562,"R",0,"A",
142337,"R",14995,"R",0,"A",
142407,"R",0,"R",63099,"A",
142416,"R",2000,"R",2000,"A",
142443,"R",97474,"R",0,"A",
142461,"R",37870,"R",0,"R",7453
142489,"R",0,"R",94467,"A",
142522,"R",398354,"R",0,"A",
142559,"R",121921,"R",0,"A",
142832,"A",,"A",,"R",7839
142869,"R",0,"R",1540,"A",
142878,"R",0,"R",1540,"A",
142887,"R",11518,"R",0,"R",0
142957,"R",40,"R",0,"A",
143048,"R",55335,"R",0,"R",14007
143075,"R",50793,"R",684295,"A",
143084,"R",68622,"R",0,"A",
143118,"R",38259,"R",0,"R",53917
143163,"R",9812,"R",0,"R",671
143181,"R",0,"R",48449,"A",
143215,"R",258852,"R",0,"A",
143233,"A",,"A",,"R",1249
143279,"R",157224,"R",0,"A",
143288,"R",17676,"R",0,"A",
143297,"R",2580,"R",0,"A",
143303,"R",0,"R",40000,"A",
143358,"R",150579,"R",0,"R",13794
143376,"R",0,"R",369475,"A",
143464,"R",0,"R",187500,"A",
143473,"R",0,"R",242680,"A",
143482,"R",0,"R",256000,"A",
143491,"R",0,"R",394887,"A",
143507,"R",0,"R",184150,"A",
143516,"R",0,"R",238000,"A",
143534,"R",33000,"R",33000,"A",
143543,"R",0,"R",146816,"A",
143552,"R",0,"R",77897,"A",
143613,"R",75131,"R",0,"A",
143659,"A",,"A",,"R",3900
143695,"R",0,"R",66600,"A",
143853,"R",12910,"R",0,"R",13301
143880,"R",7128,"R",0,"A",
143941,"A",,"A",,"R",2288
143978,"A",,"A",,"R",7628
144005,"R",113182,"R",0,"R",29741
144014,"A",,"A",,"R",718
144050,"R",223833,"R",0,"R",281521
144157,"R",137399,"R",0,"A",
144166,"R",222538,"R",0,"A",
144175,"R",125325,"R",0,"A",
144184,"R",332847,"R",0,"A",
144193,"R",237468,"R",0,"A",
144209,"R",168958,"R",0,"A",
144218,"R",235770,"R",0,"A",
144281,"R",242648,"R",0,"R",9734
144351,"R",33732,"R",0,"R",8098
144467,"R",55314,"R",0,"A",
144485,"R",0,"R",359770,"A",
144564,"R",59143,"R",0,"A",
144573,"R",0,"R",49250,"A",
144616,"R",1500,"R",0,"A",
144740,"R",560937,"R",0,"R",197822
144759,"R",342677,"R",0,"R",93379
144795,"R",0,"R",133500,"A",
144856,"R",0,"R",44080,"A",
144865,"R",555456,"R",0,"A",
144883,"R",29098,"R",0,"A",
144892,"R",274203,"R",0,"R",33583
144944,"R",187611,"R",0,"A",
144962,"R",71373,"R",0,"R",2583
144971,"R",3277,"R",0,"A",
145099,"R",2136,"R",48000,"A",
145239,"R",19012,"R",0,"A",
145275,"A",,"A",,"R",2158
145309,"R",1940,"R",0,"A",
145336,"R",56016,"R",0,"R",46164
145354,"R",1343,"R",0,"A",
145372,"R",34982,"R",0,"R",806
145406,"R",0,"R",366000,"A",
145424,"R",0,"R",74160,"A",
145433,"R",0,"R",92367,"A",
145460,"R",22315,"R",0,"A",
145497,"R",8292,"R",0,"A",
145521,"R",54595,"R",0,"A",
145558,"R",42,"R",0,"R",14678
145600,"R",468521,"R",0,"R",171431
145619,"R",56959,"R",0,"R",22232
145637,"R",864233,"R",0,"R",281578
145646,"R",72532,"R",0,"A",
145682,"R",227314,"R",0,"A",
145691,"R",27697,"R",0,"A",
145707,"R",39941,"R",0,"A",
145725,"R",52470,"R",0,"R",54263
145761,"R",159,"R",0,"A",
145770,"R",711,"R",0,"R",12731
145813,"R",510376,"R",0,"R",49891
145831,"R",83690,"R",0,"A",
145886,"A",,"A",,"R",1025
146010,"R",119949,"R",0,"A",
146205,"R",108330,"R",0,"A",
146214,"R",0,"R",46650,"A",
146241,"A",,"A",,"R",2349
146278,"R",51495,"R",0,"A",
146296,"R",242988,"R",0,"A",
146339,"R",35374,"R",0,"R",405
146348,"R",89582,"R",0,"A",
146366,"R",89224,"R",0,"A",
146393,"R",2466,"R",24723,"A",
146418,"R",81718,"R",0,"A",
146427,"R",9542,"R",0,"A",
146454,"R",0,"R",36892,"A",
146472,"R",253623,"R",0,"A",
146481,"R",40566,"R",0,"R",156
146490,"A",,"A",,"R",4140
146506,"R",169964,"R",0,"A",
146524,"R",0,"R",34200,"A",
146533,"R",2368,"R",0,"A",
146603,"R",113175,"R",0,"A",
146612,"R",80159,"R",0,"R",18660
146621,"R",1120,"R",0,"A",
146667,"R",19503,"R",0,"R",3619
146676,"R",24621,"R",0,"A",
146685,"R",145313,"R",0,"A",
146700,"R",0,"R",1164360,"A",
146719,"R",214906,"R",0,"R",61515
146728,"Z",0,"A",,"R",3411
146755,"R",616,"R",0,"A",
146791,"R",0,"R",321030,"A",
146807,"R",0,"R",10000,"A",
146816,"R",10605,"R",0,"A",
146825,"R",19306,"R",0,"A",
146977,"A",,"A",,"R",5736
147004,"R",115741,"R",0,"A",
147013,"R",60247,"R",0,"A",
147031,"A",,"A",,"R",101
147129,"R",696,"R",0,"A",
147165,"R",4801,"R",0,"A",
147244,"R",78040,"R",0,"R",1085
147341,"R",31709,"R",0,"A",
147369,"R",19673,"R",0,"R",2303
147378,"R",301235,"R",0,"A",
147396,"R",4908,"R",0,"A",
147411,"R",74408,"R",0,"A",
147439,"R",0,"R",145850,"A",
147518,"R",1028,"R",0,"A",
147536,"R",84871,"R",0,"R",68588
147590,"R",3305,"R",0,"R",72
147642,"R",0,"R",279000,"A",
147660,"R",58424,"R",0,"R",5429
147679,"R",45823,"R",0,"R",12667
147703,"R",492574,"R",0,"R",94373
147749,"R",27929,"R",0,"A",
147767,"R",367413,"R",0,"R",191791
147776,"R",198865,"R",0,"R",38522
147800,"R",239899,"R",0,"A",
147819,"R",0,"R",91500,"A",
147828,"R",68857,"R",0,"R",26225
147916,"R",202708,"R",0,"A",
147970,"R",0,"R",183724,"A",
148007,"R",106956,"R",0,"A",
148016,"R",23727,"R",0,"A",
148098,"R",0,"R",93000,"A",
148131,"R",31552,"R",0,"R",3570
148140,"R",15356,"R",0,"A",
148177,"R",90028,"R",2095500,"A",
148256,"R",77675,"R",0,"A",
148292,"R",77258,"R",0,"A",
148335,"R",307742,"R",0,"A",
148380,"R",169187,"R",0,"A",
148399,"R",24373,"R",0,"A",
148405,"R",10062,"R",0,"R",13686
148487,"R",86696,"R",0,"R",46199
148496,"R",32491,"R",0,"R",23386
148511,"R",6996,"R",0,"R",16365
148575,"R",4424,"R",0,"R",339
148584,"R",49865,"R",0,"R",37275
148593,"R",2178,"R",0,"A",
148627,"R",72253,"R",0,"R",34957
148654,"R",57847,"R",0,"R",30542
148672,"R",54448,"R",0,"A",
148724,"A",,"A",,"R",1248
148821,"R",51271,"R",0,"A",
148849,"R",3345,"R",0,"A",
148876,"R",36512,"R",4050,"A",
148885,"A",,"A",,"R",816
148919,"R",77,"R",1765,"A",
148937,"R",61006,"R",0,"A",
148955,"R",4053,"R",55319,"A",
148973,"R",41685,"R",0,"A",
148982,"A",,"A",,"R",1765
148991,"R",43360,"R",0,"A",
149019,"R",9112,"R",0,"A",
149028,"R",2273,"R",0,"A",
149204,"R",0,"R",76090,"A",
149222,"R",404996,"R",0,"R",72137
149231,"R",275621,"R",0,"R",42447
149310,"R",15792,"R",0,"A",
149329,"R",1590,"R",0,"R",396
149365,"R",167793,"R",0,"A",
149499,"R",0,"R",30000,"A",
149505,"R",32056,"R",0,"A",
149514,"R",16393,"R",0,"R",8565
149532,"R",264528,"R",0,"A",
149550,"R",0,"R",63500,"A",
149639,"R",2466,"R",0,"R",6025
149727,"R",159429,"R",0,"A",
149763,"R",1340,"R",0,"A",
149772,"R",302956,"R",0,"R",40164
149781,"R",76426,"R",0,"R",10773
149842,"R",275378,"R",0,"A",
150048,"R",13209,"R",0,"A",
150066,"R",62898,"R",0,"R",6781
150075,"R",0,"R",43500,"A",
150127,"R",1314,"R",0,"A",
150136,"R",502797,"R",0,"R",56043
150145,"R",41767,"R",0,"R",1589
150163,"R",119444,"R",0,"R",9427
150172,"R",25710,"R",0,"R",1504
150215,"A",,"A",,"R",4471
150251,"R",7623,"R",0,"A",
150288,"A",,"A",,"R",12611
150303,"R",0,"R",47558,"A",
150367,"R",17510,"R",0,"R",132
150376,"R",23195,"R",0,"R",128
150400,"R",72540,"R",0,"A",
150428,"R",0,"R",87400,"A",
150437,"R",0,"R",63260,"A",
150455,"R",28982,"R",0,"R",1414
150525,"R",0,"R",116,"A",
150534,"R",73865,"R",432,"R",1256
150561,"R",17877,"R",0,"R",0
150604,"R",15987,"R",0,"A",
150640,"R",264,"R",13048,"A",
150668,"R",25577,"R",0,"A",
150677,"R",31833,"R",0,"R",2351
150695,"R",0,"R",127500,"A",
150710,"R",0,"R",17250,"A",
150756,"R",45359,"R",0,"A",
150765,"R",0,"R",81000,"A",
150774,"R",14673,"R",0,"A",
150853,"R",0,"R",208500,"A",
150941,"R",28760,"R",0,"R",522
150978,"R",80250,"R",0,"A",
150987,"R",202410,"R",0,"A",
150996,"R",36240,"R",0,"A",
151005,"R",105660,"R",0,"A",
151014,"R",44100,"R",0,"A",
151023,"R",88380,"R",0,"A",
151032,"R",106410,"R",0,"A",
151041,"R",54060,"R",0,"A",
151050,"R",80940,"R",0,"A",
151069,"R",80760,"R",0,"A",
151078,"R",29490,"R",0,"A",
151087,"R",120630,"R",0,"A",
151096,"R",33210,"R",0,"A",
151102,"R",232554,"R",0,"R",11847
151111,"R",493902,"R",0,"R",89964
151157,"R",11116,"R",0,"A",
151166,"R",45828,"R",0,"A",
151184,"R",9819,"R",0,"A",
151193,"R",14373,"R",0,"A",
151209,"R",9743,"R",0,"A",
151236,"R",15675,"R",0,"A",
151245,"R",11886,"R",0,"A",
151263,"R",75943,"R",0,"R",17783
151290,"R",62501,"R",0,"R",7873
151306,"R",228192,"R",0,"R",9728
151324,"R",282897,"R",0,"R",30547
151333,"R",53287,"R",0,"R",2894
151342,"R",132757,"R",0,"R",20231
151351,"R",903942,"R",0,"R",139038
151360,"R",97645,"R",0,"R",9755
151379,"R",128523,"R",0,"R",12146
151388,"R",50509,"R",0,"R",670
151458,"R",19955,"R",0,"A",
151467,"R",10464,"R",0,"A",
151494,"R",34297,"R",0,"A",
151500,"R",15827,"R",0,"A",
151519,"R",38044,"R",0,"A",
151537,"R",1959,"R",0,"A",
151564,"R",0,"R",58096,"A",
151607,"R",0,"R",153000,"A",
151616,"R",20304,"R",0,"A",
151625,"R",9600,"R",0,"A",
151652,"R",0,"R",49368,"A",
151661,"R",57327,"R",1115120,"A",
151777,"R",35447,"R",0,"R",405
151786,"R",37974,"R",0,"R",702
151801,"R",160881,"R",0,"R",79679
151810,"R",11096,"R",0,"R",2154
151829,"R",43378,"R",39943,"A",
151865,"A",,"A",,"R",2695
151874,"R",0,"R",263400,"A",
151944,"R",22210,"R",0,"A",
151962,"R",137,"R",0,"A",
152044,"R",0,"R",224640,"A",
152080,"R",247822,"R",0,"R",46421
152099,"R",63324,"R",0,"R",13596
152150,"R",0,"R",54000,"A",
152220,"R",0,"R",39212,"A",
152248,"R",170257,"R",0,"R",12776
152266,"R",74732,"R",0,"R",264
152275,"R",0,"R",377900,"A",
152309,"R",0,"R",147000,"A",
152318,"R",75787,"R",0,"R",3193
152327,"R",0,"R",74453,"A",
152336,"R",37044,"R",0,"R",3815
152363,"R",27586,"R",0,"R",166
152381,"R",24873,"R",0,"R",925
152390,"R",47234,"R",0,"R",421
152415,"R",10441,"R",0,"A",
152424,"R",16878,"R",0,"A",
152451,"A",,"A",,"R",890
152497,"R",4872,"R",0,"A",
152530,"R",59796,"R",0,"R",0
152567,"R",35897,"R",0,"R",12
152600,"R",87155,"R",0,"R",4052
152628,"R",0,"R",48769,"A",
152637,"R",207837,"R",0,"A",
152673,"R",32396,"R",0,"A",
152798,"R",4026,"R",0,"R",690
152822,"R",42196,"R",0,"A",
152992,"R",28589,"R",0,"R",389
153001,"R",81765,"R",0,"R",1065
153038,"R",0,"R",50400,"A",
153074,"R",3621,"R",0,"A",
153083,"R",5158,"R",0,"A",
153092,"R",0,"R",31271,"A",
153108,"R",22764,"R",0,"A",
153126,"R",25233,"R",0,"R",1729
153144,"R",37472,"R",0,"R",162
153162,"R",33873,"R",0,"A",
153171,"R",0,"R",67200,"A",
153214,"R",274666,"R",0,"A",
153241,"R",2660,"R",0,"A",
153250,"R",39030,"R",0,"R",224
153269,"R",106619,"R",0,"R",57347
153278,"R",23193,"R",0,"R",5720
153296,"R",21526,"R",0,"A",
153302,"R",8157,"R",0,"A",
153311,"R",94207,"R",1736290,"A",
153320,"R",12198,"R",0,"R",1043
153339,"R",0,"R",11479,"A",
153366,"R",49667,"R",0,"R",4017
153375,"R",37680,"R",0,"R",12
153384,"R",42839,"R",0,"A",
153409,"R",71210,"R",284842,"A",
153418,"R",27140,"R",0,"A",
153427,"R",22380,"R",760920,"A",
153445,"R",118987,"R",0,"A",
153472,"R",102622,"R",0,"A",
153524,"R",68196,"R",816046,"A",
153533,"R",63550,"R",0,"A",
153542,"R",432,"R",33280,"A",
153588,"R",0,"R",34053,"A",
153597,"R",0,"R",208320,"A",
153603,"R",671318,"R",0,"R",68987
153621,"R",19431,"R",0,"A",
153630,"R",88688,"R",0,"A",
153658,"R",544574,"R",0,"R",176111
153737,"R",181250,"R",2898841,"A",
153746,"R",0,"R",138125,"A",
153764,"R",0,"R",209550,"A",
153773,"R",0,"R",168200,"A",
153782,"R",0,"R",57975,"A",
153825,"R",47787,"R",0,"R",1670
153834,"R",79693,"R",0,"A",
153861,"R",8356,"R",0,"R",13964
153922,"R",33842,"R",0,"A",
153977,"R",13982,"R",0,"A",
154004,"R",23973,"R",0,"R",1113
154013,"R",37020,"R",0,"A",
154022,"R",12450,"R",0,"R",1130
154059,"R",64098,"R",0,"A",
154095,"R",344513,"R",0,"R",29781
154101,"R",37915,"R",0,"A",
154110,"R",94172,"R",2131877,"A",
154129,"R",25164,"R",131659,"A",
154156,"Z",0,"A",,"R",5184
154165,"R",0,"R",72240,"A",
154174,"R",1507,"R",0,"R",66
154208,"R",0,"R",184183,"A",
154235,"R",62709,"R",0,"R",14447
154262,"R",3400,"R",0,"A",
154332,"R",0,"R",133275,"A",
154341,"R",0,"R",245575,"A",
154350,"R",53013,"R",0,"R",126
154378,"R",74632,"R",0,"A",
154396,"R",30969,"R",0,"A",
154439,"R",32,"R",1840,"R",32
154448,"R",3853,"R",0,"A",
154457,"R",0,"R",67200,"A",
154466,"R",0,"R",96600,"A",
154484,"R",0,"R",25200,"A",
154493,"R",95642,"R",0,"R",2616
154509,"R",2046,"R",0,"A",
154518,"R",16823,"R",0,"A",
154527,"R",53093,"R",0,"A",
154536,"A",,"A",,"R",1115
154545,"R",0,"R",53232,"A",
154572,"R",100609,"R",0,"A",
154590,"R",36519,"R",0,"A",
154633,"R",0,"R",133050,"A",
154642,"R",46124,"R",0,"A",
154651,"R",80,"R",80,"A",
154688,"R",26880,"R",0,"A",
154697,"R",91560,"R",0,"A",
154712,"R",31639,"R",0,"R",1385
154721,"R",26478,"R",0,"A",
154749,"R",13951,"R",0,"A",
154767,"R",8364,"R",0,"A",
154776,"R",11148,"R",0,"A",
154794,"R",4314,"R",0,"A",
154800,"R",167406,"R",0,"A",
154819,"R",0,"R",117000,"A",
154837,"R",213,"R",0,"R",179
154855,"R",9114,"R",0,"A",
154907,"R",46743,"R",0,"A",
154925,"R",32169,"R",0,"A",
154934,"R",37626,"R",0,"A",
154943,"R",0,"R",78641,"A",
154952,"R",98030,"R",0,"A",
154970,"R",0,"R",147150,"A",
154998,"R",37947,"R",0,"A",
155007,"R",9170,"R",0,"A",
155025,"R",127282,"R",0,"R",21443
155052,"R",10301,"R",0,"A",
155061,"R",128009,"R",0,"R",21053
155070,"R",4599,"R",0,"A",
155089,"R",65244,"R",0,"R",9705
155098,"R",46639,"R",0,"A",
155104,"R",43139,"R",0,"A",
155140,"R",25661,"R",0,"A",
155159,"R",0,"R",50200,"A",
155177,"R",12095,"R",0,"A",
155186,"R",45813,"R",0,"A",
155195,"R",76880,"R",144340,"A",
155201,"R",24784,"R",0,"A",
155210,"R",301628,"R",173175,"A",
155265,"R",0,"R",431468,"A",
155283,"R",0,"R",415605,"A",
155292,"R",95774,"R",0,"A",
155317,"R",565646,"R",0,"R",85167
155326,"R",11498,"R",0,"R",13063
155335,"R",37687,"R",0,"R",6404
155353,"R",0,"R",146250,"A",
155399,"R",494892,"R",0,"R",68237
155414,"R",19908,"R",0,"R",774
155423,"R",19488,"R",0,"A",
155441,"R",0,"R",60482,"A",
155450,"R",36720,"R",3565,"A",
155478,"R",0,"R",318696,"A",
155487,"R",0,"R",306304,"A",
155496,"R",7853,"R",0,"A",
155511,"R",10510,"R",0,"A",
155520,"R",42843,"R",0,"R",15897
155566,"R",33639,"R",0,"A",
155593,"R",0,"R",513313,"A",
155609,"R",0,"R",246077,"A",
155618,"R",0,"R",512080,"A",
155627,"R",14569,"R",0,"A",
155636,"R",11950,"R",0,"R",13666
155681,"R",163163,"R",0,"R",21478
155715,"R",29154,"R",0,"A",
155812,"R",13055,"R",0,"R",6006
155830,"R",0,"R",274378,"A",
155858,"R",29817,"R",32984,"A",
155867,"R",0,"R",2426111,"A",
155876,"R",0,"R",156277,"A",
155900,"R",31612,"R",0,"R",2527
155937,"R",6814,"R",0,"A",
155946,"R",3145,"R",0,"A",
155973,"R",17029,"R",0,"R",273
156082,"R",128407,"R",0,"R",21691
156107,"R",30475,"R",902067,"A",
156125,"R",282507,"R",0,"R",46288
156134,"R",13104,"R",0,"A",
156189,"R",18773,"R",0,"A",
156213,"R",37847,"R",0,"R",898
156222,"A",,"A",,"R",33096
156231,"R",47889,"R",0,"A",
156240,"R",17529,"R",0,"A",
156277,"R",0,"R",90280,"A",
156286,"R",62669,"R",0,"R",12406
156295,"R",52224,"R",56332,"A",
156310,"R",0,"R",361500,"A",
156338,"R",27926,"R",0,"A",
156356,"R",17546,"R",0,"R",378
156365,"R",38884,"R",0,"R",3967
156392,"R",58008,"R",0,"A",
156408,"R",30200,"R",0,"A",
156417,"R",5103,"R",0,"A",
156426,"R",0,"R",61000,"A",
156444,"R",0,"R",16350,"A",
156471,"R",0,"R",172800,"A",
156541,"R",42109,"R",0,"R",2270
156611,"R",0,"R",75600,"A",
156620,"R",335115,"R",0,"R",36262
156648,"R",74758,"R",0,"A",
156657,"R",17916,"R",0,"A",
156675,"R",0,"R",28153,"A",
156727,"A",,"A",,"R",3396
156745,"R",38702,"R",0,"R",2009
156754,"R",0,"R",95400,"A",
156790,"R",76003,"R",0,"A",
156842,"R",0,"R",86507,"A",
156851,"R",27739,"R",0,"A",
156860,"R",55638,"R",0,"A",
156903,"R",2160,"R",110400,"A",
156921,"R",171843,"R",0,"A",
156930,"R",34857,"R",0,"A",
156949,"R",0,"R",39600,"A",
156967,"P",0,"P",107550,"P",0
157021,"R",85140,"R",0,"A",
157030,"R",906,"R",0,"A",
157058,"R",27536,"R",0,"R",1176
157076,"R",19999,"R",0,"A",
157085,"R",501855,"R",0,"R",138675
157100,"R",17367,"R",0,"R",184
157119,"R",12328,"R",0,"A",
157173,"R",182381,"R",0,"A",
157207,"A",,"A",,"R",1947
157216,"R",37786,"R",0,"R",3201
157270,"R",25605,"R",0,"A",
157289,"R",359880,"R",0,"R",73862
157298,"A",,"A",,"R",4111
157304,"R",61236,"R",0,"A",
157322,"R",24850,"R",0,"A",
157331,"R",36921,"R",0,"A",
157359,"R",15697,"R",0,"A",
157377,"R",26404,"R",0,"A",
157386,"R",214568,"R",0,"R",22158
157395,"R",0,"R",28612,"A",
157401,"R",234422,"R",0,"R",21890
157438,"R",38333,"R",0,"A",
157447,"R",205114,"R",0,"R",15106
157456,"R",0,"R",43200,"A",
157465,"R",20792,"R",0,"A",
157483,"R",60641,"R",0,"A",
157508,"R",0,"R",86700,"A",
157535,"R",26728,"R",0,"A",
157553,"R",54253,"R",0,"A",
157599,"R",15696,"R",0,"A",
157605,"R",9946,"R",0,"A",
157614,"R",0,"R",87176,"A",
157632,"R",16541,"R",0,"A",
157650,"R",0,"R",98805,"A",
157669,"R",0,"R",15307,"A",
157678,"R",0,"R",75513,"A",
157696,"R",23472,"R",0,"A",
157711,"R",68749,"R",0,"A",
157720,"R",22541,"R",0,"A",
157739,"R",70410,"R",0,"A",
157748,"R",13370,"R",0,"R",30794
157757,"R",25668,"R",0,"R",17448
157766,"R",55969,"R",0,"A",
157793,"R",126920,"R",0,"R",4528
157809,"R",31215,"R",0,"R",3019
157818,"R",39440,"R",0,"A",
157827,"R",0,"R",108000,"A",
157863,"R",16987,"R",0,"R",7624
157942,"R",36762,"R",0,"A",
157951,"R",410626,"R",0,"R",41516
158079,"R",0,"R",123000,"A",
158088,"R",10304,"R",58095,"A",
158158,"R",4140,"R",107280,"A",
158219,"R",3642,"R",51521,"A",
158237,"R",16495,"R",0,"A",
158246,"R",6912,"R",138240,"A",
158282,"R",0,"R",71850,"A",
158307,"R",6558,"R",17952,"A",
158325,"R",1937,"R",0,"A",
158334,"R",120,"R",920,"A",
158343,"R",0,"R",153,"A",
158352,"R",25977,"R",0,"A",
158431,"R",91890,"R",0,"A",
158440,"R",15285,"R",292104,"A",
158477,"R",27068,"R",0,"R",2072
158538,"R",0,"R",76500,"A",
158583,"R",6766,"R",21554,"A",
158617,"R",7012,"R",175161,"A",
158644,"R",0,"R",71100,"A",
158662,"R",324358,"R",4220369,"A",
158723,"R",12150,"R",64150,"A",
158769,"R",13982,"R",54716,"A",
158778,"R",0,"R",60814,"A",
158787,"R",0,"R",163500,"A",
158802,"R",68710,"R",0,"A",
158884,"R",47621,"R",0,"A",
158893,"R",4131,"R",0,"A",
158936,"R",1080,"R",178277,"A",
158945,"R",888,"R",154388,"A",
158954,"R",5782,"R",0,"A",
159009,"R",129491,"R",0,"R",10427
159018,"R",11746,"R",0,"A",
159027,"R",0,"R",192000,"A",
159045,"R",6457,"R",35883,"A",
159090,"R",5765,"R",0,"A",
159197,"R",0,"R",429046,"A",
159249,"R",1386,"R",0,"A",
159258,"R",8761,"R",0,"A",
159267,"R",6516,"R",38463,"A",
159319,"R",0,"R",11400,"A",
159328,"R",0,"R",68400,"A",
159373,"R",18871,"R",0,"R",19535
159382,"R",64294,"R",0,"A",
159391,"R",766855,"R",0,"R",90979
159407,"R",69628,"R",0,"A",
159416,"R",85820,"R",0,"R",10640
159443,"R",33533,"R",0,"A",
159513,"R",0,"R",154500,"A",
159522,"R",0,"R",154500,"A",
159531,"R",0,"R",99840,"A",
159568,"R",29796,"R",0,"A",
159601,"R",0,"R",138000,"A",
159647,"R",270961,"R",0,"R",29320
159656,"R",109368,"R",0,"R",29024
159692,"R",5921,"R",0,"A",
159717,"R",202797,"R",0,"R",15813
159780,"R",0,"R",88500,"A",
159799,"R",0,"R",132000,"A",
159823,"R",10060,"R",51970,"A",
159939,"R",336286,"R",0,"R",64966
159948,"R",23760,"R",0,"R",17682
159966,"R",173953,"R",0,"R",10784
159984,"R",2833,"R",12051,"A",
159993,"R",210995,"R",0,"R",20398
160001,"R",6078,"R",30338,"A",
160010,"R",20953,"R",92007,"A",
160029,"A",,"A",,"R",3596
160038,"R",263775,"R",0,"R",16680
160047,"R",7463,"R",50816,"A",
160065,"R",26828,"R",0,"R",1973
160074,"R",32773,"R",0,"A",
160117,"R",0,"R",78300,"A",
160126,"R",0,"R",41400,"A",
160135,"R",0,"R",33600,"A",
160144,"R",0,"R",34500,"A",
160199,"R",0,"R",68850,"A",
160214,"R",7523,"R",46164,"A",
160250,"R",19440,"R",4860,"A",
160311,"R",8363,"R",267737,"A",
160320,"R",0,"R",295500,"A",
160348,"R",0,"R",35917,"A",
160366,"R",3048,"R",0,"A",
160384,"R",5521,"R",16709,"A",
160409,"R",1435,"R",0,"A",
160427,"R",18859,"R",94388,"A",
160436,"R",17116,"R",113559,"A",
160445,"R",0,"R",99180,"A",
160454,"R",4303,"R",0,"A",
160472,"R",0,"R",182700,"A",
160481,"R",11853,"R",267867,"A",
160524,"R",32880,"R",0,"A",
160560,"R",3022,"R",0,"A",
160579,"R",40769,"R",95627,"A",
160597,"R",0,"R",318600,"A",
160612,"R",372663,"R",0,"R",24305
160621,"R",232161,"R",0,"R",24081
160630,"R",79060,"R",0,"R",11857
160649,"R",45084,"R",0,"A",
160658,"R",396413,"R",0,"R",27241
160667,"R",18405,"R",5385,"A",
160676,"R",18305,"R",601189,"A",
160685,"R",8459,"R",0,"A",
160694,"R",13147,"R",26392,"A",
160719,"R",5771,"R",23358,"A",
160755,"R",226316,"R",0,"R",51659
160816,"R",1515,"R",0,"A",
160843,"R",12570,"R",0,"A",
160870,"R",6516,"R",575374,"A",
160904,"R",98212,"R",0,"R",20277
160913,"R",10381,"R",459548,"A",
160940,"R",17955,"R",0,"A",
160959,"R",10230,"R",0,"R",360
160968,"R",456,"R",0,"R",1460
160977,"R",14931,"R",0,"A",
160995,"R",10091,"R",0,"A",
161004,"R",39891,"R",0,"A",
161022,"R",2563,"R",0,"A",
161059,"R",610,"R",0,"A",
161077,"R",28249,"R",0,"A",
161086,"R",58351,"R",0,"A",
161138,"R",35158,"R",0,"A",
161165,"R",57780,"R",0,"R",2250
161192,"R",30133,"R",0,"A",
161208,"R",0,"R",104450,"A",
161217,"R",94814,"R",0,"R",151
161226,"R",31728,"R",0,"A",
161235,"R",22291,"R",0,"A",
161244,"R",21395,"R",0,"A",
161253,"R",231706,"R",0,"R",27820
161299,"R",22676,"R",0,"R",336
161341,"R",34649,"R",0,"A",
161378,"R",756,"R",0,"A",
161448,"R",939,"R",0,"A",
161457,"R",42077,"R",0,"R",31310
161484,"R",21550,"R",0,"A",
161493,"R",0,"R",681900,"A",
161509,"R",12623,"R",0,"R",900
161518,"R",52959,"R",0,"R",14653
161527,"R",0,"R",249600,"A",
161545,"R",55815,"R",0,"A",
161554,"R",182233,"R",0,"R",38733
161563,"R",16903,"R",0,"R",1587
161572,"R",13297,"R",0,"A",
161581,"R",11192,"R",0,"A",
161615,"R",0,"R",43590,"A",
161624,"R",1812,"R",36240,"A",
161651,"R",0,"R",42930,"A",
161688,"R",66572,"R",0,"A",
161767,"R",245794,"R",278925,"A",
161776,"R",0,"R",417696,"A",
161800,"R",0,"R",87000,"A",
161837,"R",1110,"R",0,"R",822
161855,"R",0,"R",89232,"A",
161864,"R",94009,"R",0,"A",
161873,"R",40707,"R",0,"R",51729
161882,"R",19444,"R",0,"A",
162007,"R",101394,"R",0,"R",20060
162061,"R",8944,"R",0,"R",7278
162104,"R",29805,"R",0,"A",
162122,"R",115877,"R",0,"A",
162168,"R",38930,"R",0,"A",
162210,"R",30546,"R",0,"R",355
162283,"R",81464,"R",0,"R",9206
162335,"R",0,"R",256500,"A",
162371,"R",1092,"R",28756,"A",
162557,"R",79515,"R",0,"A",
162584,"R",125685,"R",0,"R",13150
162609,"R",12692,"R",14286,"A",
162654,"R",35878,"R",0,"R",10570
162681,"R",48497,"R",0,"A",
162690,"R",56203,"R",0,"A",
162706,"R",96583,"R",0,"A",
162760,"R",21563,"R",0,"R",9008
162779,"R",109308,"R",0,"A",
162830,"R",0,"R",56110,"A",
162928,"R",184451,"R",0,"R",230789
162982,"R",0,"R",2904,"A",
163028,"R",62504,"R",1479840,"A",
163046,"R",101926,"R",0,"R",38091
163107,"R",0,"R",37760,"A",
163116,"R",986,"R",0,"A",
163204,"R",279368,"R",0,"R",77094
163259,"R",23989,"R",0,"R",41203
163268,"R",268070,"R",0,"R",25882
163286,"R",743118,"R",0,"R",122973
163295,"R",39355,"R",115425,"R",4189
163338,"R",97421,"R",0,"R",6232
163347,"R",22800,"R",522400,"A",
163408,"R",0,"R",226500,"A",
163426,"R",347099,"R",202589,"A",
163453,"R",169059,"R",8949,"R",9679
163462,"R",44590,"R",0,"R",8165
163532,"R",11832,"R",0,"R",5365
163541,"R",0,"R",240000,"A",
163578,"R",34413,"R",0,"R",19119
163657,"R",217100,"R",0,"A",
163736,"R",12024,"R",588640,"A",
163754,"R",0,"R",90700,"A",
163815,"R",0,"R",49212,"A",
163842,"R",111,"R",0,"R",3956
163851,"R",174410,"R",0,"R",8706
163912,"R",55283,"R",0,"A",
163921,"R",35069,"R",0,"R",1488
163976,"R",15958,"R",0,"R",1932
164058,"R",37799,"R",672132,"A",
164076,"R",398589,"R",0,"R",41316
164085,"A",,"A",,"R",10350
164100,"R",0,"R",57600,"A",
164155,"R",152327,"R",181082,"A",
164173,"R",63821,"R",0,"R",909
164207,"R",3459,"R",0,"R",4054
164216,"R",40936,"R",0,"R",516
164243,"A",,"A",,"R",2821
164270,"R",53535,"R",0,"R",21491
164313,"R",54949,"R",0,"A",
164447,"R",30585,"R",0,"R",6487
164465,"R",52672,"R",0,"A",
164474,"A",,"A",,"R",2395
164492,"R",20515,"R",0,"R",7011
164526,"R",14874,"R",0,"R",776
164562,"R",32561,"R",0,"R",2271
164571,"R",17403,"R",0,"R",939
164580,"R",55154,"R",0,"R",33530
164599,"R",0,"R",171798,"A",
164614,"R",2802,"R",0,"A",
164632,"R",25474,"R",0,"R",1413
164641,"R",16650,"R",0,"A",
164678,"R",0,"R",229040,"A",
164720,"R",32888,"R",0,"A",
164739,"R",119727,"R",1461654,"R",6123
164748,"R",110434,"R",0,"A",
164775,"R",40965,"R",0,"A",
164845,"R",0,"R",286000,"A",
164872,"R",7052,"R",0,"R",4747
164915,"A",,"A",,"R",919
164924,"R",143235,"R",0,"R",32887
164933,"R",13408,"R",48021,"R",2078
164988,"R",560857,"R",0,"R",246001
165015,"R",100951,"R",0,"R",45591
165024,"R",196249,"R",0,"R",20730
165033,"R",118572,"R",0,"A",
165060,"R",0,"R",58145,"A",
165112,"R",141313,"R",0,"A",
165149,"R",900,"R",0,"A",
165167,"R",4712,"R",0,"R",34574
165194,"R",64918,"R",0,"A",
165255,"R",0,"R",142341,"A",
165264,"R",6026,"R",0,"A",
165334,"R",65875,"R",0,"R",19520
165495,"A",,"A",,"R",672
165529,"R",61830,"R",0,"R",2110
165556,"R",0,"R",510480,"A",
165574,"R",30602,"R",0,"A",
165608,"R",0,"R",58618,"A",
165635,"R",0,"R",424200,"A",
165644,"R",31385,"R",0,"R",3187
165662,"R",100234,"R",0,"R",20345
165671,"R",39194,"R",0,"R",2454
165680,"R",0,"R",133400,"A",
165699,"R",50809,"R",0,"R",16431
165705,"A",,"A",,"R",129
165750,"R",0,"R",97083,"A",
165802,"R",29791,"R",0,"A",
165820,"R",81427,"R",0,"R",46538
165866,"R",108836,"R",0,"R",41645
165884,"R",6487,"R",0,"A",
165936,"R",47482,"R",0,"R",1060
165945,"A",,"A",,"R",29677
165981,"R",41991,"R",0,"A",
166009,"R",0,"R",222250,"A",
166018,"R",9864,"R",0,"A",
166027,"R",112544,"R",0,"R",276685
166045,"R",38,"R",0,"R",943
166054,"R",2460,"R",29520,"R",648
166063,"R",0,"R",44024,"A",
166124,"R",90260,"R",71605,"A",
166133,"R",121470,"R",0,"A",
166276,"R",51312,"R",150000,"A",
166294,"R",0,"R",33638,"A",
166319,"R",0,"R",84000,"A",
166328,"R",0,"R",107000,"A",
166391,"R",30906,"R",0,"R",177
166407,"R",3167,"R",0,"A",
166452,"R",35830,"R",0,"R",111324
166489,"R",1268,"R",0,"R",1594
166498,"R",0,"R",79000,"A",
166513,"R",212032,"R",0,"R",30770
166586,"R",0,"R",21503,"A",
166595,"R",0,"R",58540,"A",
166601,"R",6660,"R",0,"A",
166629,"R",534784,"R",0,"R",83046
166638,"R",236384,"R",0,"R",37323
166647,"R",108458,"R",0,"A",
166656,"R",64496,"R",0,"R",8468
166674,"R",45216,"R",0,"R",2988
166683,"R",437828,"R",0,"R",640385
166692,"R",31840,"R",0,"A",
166708,"A",,"A",,"R",5890
166717,"A",,"A",,"R",4122
166805,"R",0,"R",81734,"A",
166823,"R",132451,"R",0,"A",
166850,"R",65502,"R",0,"R",252
166869,"A",,"A",,"R",13670
166887,"R",150683,"R",0,"A",
166911,"R",11551,"R",0,"A",
166939,"R",50409,"R",0,"R",40
166948,"R",34420,"R",0,"A",
166957,"R",70240,"R",0,"A",
166975,"R",0,"R",153600,"A",
166984,"R",11223,"R",0,"R",2460
167020,"R",0,"R",462240,"A",
167039,"R",0,"R",58082,"A",
167057,"R",11245,"R",0,"R",7214
167181,"A",,"A",,"R",2414
167224,"R",0,"R",111600,"A",
167251,"R",30357,"R",0,"A",
167260,"R",32169,"R",0,"R",3414
167288,"R",39278,"R",0,"R",9637
167297,"R",0,"R",171039,"A",
167312,"R",117164,"R",0,"A",
167321,"R",29535,"R",0,"A",
167358,"R",643512,"R",0,"R",94406
167376,"R",114484,"R",0,"A",
167394,"R",17733,"R",0,"R",1932
167455,"R",7424,"R",0,"A",
167464,"A",,"A",,"R",2185
167525,"R",95624,"R",0,"A",
167534,"R",128612,"R",0,"A",
167543,"R",0,"R",183000,"A",
167598,"R",25370,"R",0,"R",4774
167631,"R",35316,"R",164985,"A",
167677,"R",156,"R",0,"Z",0
167729,"R",162059,"R",0,"R",41326
167738,"R",6096,"R",182867,"A",
167774,"R",4148,"R",0,"A",
167783,"R",42333,"R",0,"R",50132
167792,"R",12165,"R",0,"A",
167835,"R",85525,"R",0,"R",14395
167871,"R",5715,"R",0,"A",
167899,"R",112368,"R",0,"R",33587
167905,"R",123376,"R",0,"A",
167987,"R",193765,"R",0,"R",12086
167996,"R",71771,"R",0,"R",324
168005,"R",99692,"R",0,"R",31899
168032,"R",0,"R",67065,"A",
168148,"R",142996,"R",0,"R",103504
168218,"R",74825,"R",0,"A",
168227,"R",102345,"R",0,"A",
168254,"R",83383,"R",0,"R",13900
168263,"R",119643,"R",0,"R",7377
168272,"A",,"A",,"R",3780
168281,"R",49272,"R",0,"A",
168290,"R",20118,"R",0,"R",10165
168342,"R",18409,"R",0,"R",413
168421,"R",101033,"R",0,"R",11412
168430,"R",115251,"R",0,"R",14947
168519,"R",0,"R",100200,"A",
168528,"R",28896,"R",0,"A",
168546,"R",50439,"R",0,"A",
168555,"R",0,"R",63000,"A",
168573,"R",12724,"R",254480,"A",
168591,"R",42139,"R",0,"A",
168607,"R",25510,"R",338944,"A",
168740,"R",47228,"R",0,"R",24320
168786,"R",47408,"R",0,"R",9837
168838,"R",73491,"R",0,"R",117
168847,"R",168622,"R",0,"A",
168883,"R",38026,"R",492215,"A",
168892,"R",0,"R",187500,"A",
169080,"R",132385,"R",0,"R",787
169099,"A",,"A",,"R",7326
169187,"R",9200,"R",0,"A",
169220,"A",,"A",,"R",3321
169248,"R",536153,"R",0,"R",129823
169275,"R",199547,"R",4098263,"A",
169284,"R",0,"R",274558,"A",
169327,"R",27717,"R",0,"R",1304
169363,"R",11853,"R",0,"R",696
169424,"A",,"A",,"R",4320
169442,"R",30601,"R",0,"A",
169479,"R",67087,"R",0,"R",4074
169488,"R",26953,"R",0,"R",36
169497,"R",32058,"R",0,"R",881
169503,"R",0,"R",128863,"A",
169521,"R",193673,"R",1494880,"A",
169567,"R",0,"R",142352,"A",
169576,"R",4997,"R",0,"A",
169594,"R",81920,"R",0,"R",7758
169600,"R",64178,"R",0,"R",3940
169655,"R",0,"R",567776,"A",
169716,"R",82612,"R",0,"R",23568
169734,"R",6524,"R",0,"A",
169761,"R",7947,"R",0,"A",
169798,"R",508703,"R",0,"R",59292
169831,"R",1564,"R",0,"A",
169910,"R",270606,"Z",0,"R",6492
169947,"R",0,"R",72561,"A",
169956,"R",0,"R",144560,"A",
169974,"R",33200,"R",492215,"A",
169983,"R",82359,"R",0,"R",10272
169992,"R",22410,"R",3840,"A",
170000,"R",3254,"R",0,"A",
170037,"R",21839,"R",0,"R",1523
170046,"R",0,"R",1338000,"A",
170055,"R",266563,"R",1912391,"A",
170082,"R",458324,"R",0,"R",54917
170091,"R",5429,"R",0,"A",
170240,"R",240978,"R",0,"A",
170301,"R",93288,"R",0,"A",
170338,"R",0,"R",73600,"A",
170417,"R",25364,"R",0,"A",
170444,"R",40882,"R",72080,"A",
170514,"R",0,"R",213900,"A",
170532,"R",46725,"R",0,"A",
170541,"R",47732,"R",869647,"A",
170550,"R",106969,"R",871273,"A",
170587,"R",32309,"R",366506,"A",
170611,"R",0,"R",258800,"A",
170620,"R",42386,"R",408952,"A",
170639,"R",86217,"R",0,"R",711
170657,"R",354610,"R",3075947,"A",
170675,"R",62669,"R",0,"R",18171
170693,"R",6303,"R",0,"A",
170736,"R",0,"R",54875,"A",
170790,"R",217396,"R",3362341,"A",
170806,"R",66514,"R",0,"R",11832
170824,"R",0,"R",28800,"A",
170842,"R",18400,"R",0,"R",95591
170967,"R",24583,"R",0,"A",
170976,"R",721082,"R",0,"R",286447
171012,"R",0,"R",586430,"A",
171100,"R",991953,"R",0,"R",207537
171128,"R",163656,"R",0,"R",9992
171137,"R",155865,"R",0,"R",27132
171146,"R",139064,"R",0,"R",9197
171155,"R",53606,"R",8247,"A",
171225,"R",68150,"R",0,"A",
171234,"R",27425,"R",258956,"A",
171261,"R",0,"R",132000,"A",
171298,"R",107390,"R",0,"R",102
171304,"R",95545,"R",1865696,"A",
171313,"R",0,"R",698400,"A",
171322,"R",0,"R",1959524,"A",
171395,"R",33604,"R",191022,"A",
171456,"R",226635,"R",0,"R",11714
171465,"R",0,"R",1500,"A",
171483,"R",86523,"R",0,"A",
171492,"R",84025,"R",0,"R",4973
171535,"R",444839,"R",2421457,"A",
171571,"R",325191,"R",0,"R",51923
171599,"R",7603,"R",0,"R",210
171775,"R",0,"R",120200,"A",
171881,"R",7011,"R",0,"R",0
171988,"R",0,"R",108720,"A",
171997,"R",0,"R",73440,"A",
172015,"R",0,"R",117360,"A",
172033,"R",2262,"R",0,"R",1741
172051,"R",186707,"R",0,"R",20834
172200,"R",194617,"R",3400625,"A",
172264,"R",18293,"R",0,"R",1346
172291,"R",0,"R",4394265,"A",
172307,"R",54756,"R",0,"A",
172325,"R",10752,"R",322560,"A",
172334,"R",64213,"R",0,"R",17455
172422,"R",15132,"R",0,"A",
172440,"R",7275,"R",0,"A",
172495,"R",0,"R",75000,"A",
172556,"R",0,"R",171000,"A",
172574,"R",0,"R",172500,"A",
172583,"R",0,"R",246000,"A",
172608,"R",23981,"R",0,"R",31490
172617,"R",231264,"R",0,"A",
172635,"R",182106,"R",5405901,"A",
172644,"R",419849,"R",0,"R",149904
172671,"R",25568,"R",0,"A",
172699,"R",648322,"R",0,"R",87665
172705,"A",,"A",,"R",636
172778,"R",9362,"R",0,"A",
172802,"R",0,"R",900,"A",
172866,"R",8443,"R",0,"A",
172918,"R",64740,"R",0,"A",
172927,"R",875,"R",0,"A",
172954,"R",47820,"R",0,"A",
172963,"R",126300,"R",0,"A",
172972,"R",2646,"R",0,"A",
173045,"R",74152,"R",0,"R",6112
173063,"R",75390,"R",0,"A",
173115,"R",139950,"R",0,"A",
173124,"R",171124,"R",0,"R",5187
173142,"R",8500,"R",0,"A",
173160,"R",82113,"R",0,"R",5526
173179,"A",,"A",,"R",18044
173203,"R",77130,"R",0,"A",
173258,"R",101367,"R",0,"A",
173300,"R",88232,"R",0,"A",
173328,"R",52383,"R",0,"R",7421
173416,"R",63990,"R",0,"A",
173452,"R",28794,"R",0,"A",
173461,"R",92400,"R",0,"A",
173470,"R",0,"R",40707,"A",
173489,"R",12033,"R",0,"A",
173559,"R",37350,"R",0,"A",
173629,"R",52500,"R",0,"A",
173638,"R",64320,"R",0,"A",
173647,"R",90709,"R",0,"A",
173665,"R",61329,"R",0,"R",54278
173708,"R",113520,"R",0,"A",
173726,"R",0,"R",27961,"A",
173735,"R",42420,"R",0,"A",
173744,"R",0,"R",650080,"A",
173799,"R",93060,"R",0,"A",
173805,"R",29160,"R",0,"A",
173887,"R",15923,"R",0,"A",
173896,"A",,"A",,"R",11514
173902,"R",57152,"R",0,"A",
173911,"R",81450,"R",0,"A",
173920,"R",361203,"R",0,"R",25796
173939,"R",0,"R",205363,"A",
173966,"R",0,"R",223300,"R",8215
173984,"R",36739,"R",0,"R",7017
173993,"R",39360,"R",0,"A",
174020,"R",124736,"R",0,"R",8439
174066,"R",964571,"R",0,"R",165492
174075,"R",42907,"R",0,"A",
174118,"R",10500,"R",112600,"A",
174127,"R",17072,"R",0,"R",891
174136,"R",160740,"R",0,"A",
174154,"R",14442,"R",0,"A",
174190,"R",0,"R",33290,"A",
174206,"R",3065,"R",0,"A",
174233,"R",261912,"R",0,"R",4518
174251,"R",57178,"R",0,"A",
174279,"R",33346,"R",3633027,"A",
174321,"R",0,"R",147600,"A",
174358,"R",201563,"R",0,"R",5565
174376,"R",118560,"R",0,"A",
174385,"R",7837,"R",0,"A",
174394,"R",43920,"R",252256,"A",
174428,"R",165810,"R",0,"A",
174437,"R",34353,"R",0,"A",
174464,"R",14229,"R",0,"A",
174473,"R",44220,"R",0,"A",
174482,"R",5520,"R",0,"A",
174491,"R",69606,"R",0,"A",
174507,"R",2036,"R",0,"R",3858
174525,"R",2192,"R",37344,"A",
174534,"R",0,"R",115913,"A",
174561,"R",5360,"R",0,"A",
174570,"R",12060,"R",0,"A",
174604,"R",9180,"R",0,"A",
174622,"R",18045,"R",0,"A",
174631,"R",15420,"R",0,"A",
174659,"R",42060,"R",0,"A",
174686,"R",200,"R",16500,"A",
174738,"R",120330,"R",0,"A",
174747,"R",65994,"R",0,"A",
174756,"R",78930,"R",0,"A",
174765,"R",0,"R",149847,"A",
174783,"R",391230,"R",0,"R",23320
174792,"R",59902,"R",0,"R",2724
174817,"R",44084,"R",0,"R",54665
174844,"R",87415,"R",0,"A",
174862,"R",24775,"R",0,"R",183
174899,"R",29983,"R",0,"R",4752
174914,"R",161794,"R",0,"R",77511
174932,"R",5781,"R",0,"A",
174978,"R",0,"R",596570,"A",
175005,"R",86986,"R",0,"R",17137
175014,"R",18246,"R",0,"A",
175023,"R",45,"R",0,"A",
175041,"R",90060,"R",0,"A",
175078,"R",87375,"R",0,"R",7782
175120,"R",5340,"R",400,"A",
175139,"A",,"A",,"R",2473
175148,"R",0,"R",352450,"A",
175157,"R",21480,"R",0,"A",
175227,"R",76275,"R",0,"A",
175236,"R",96630,"R",0,"A",
175263,"R",42060,"R",0,"A",
175272,"R",216839,"R",0,"R",8299
175315,"R",174720,"R",0,"A",
175342,"R",80164,"R",0,"R",10062
175421,"R",50792,"R",0,"R",5332
175430,"R",11876,"R",0,"A",
175476,"R",0,"R",31122,"A",
175494,"R",0,"R",179600,"A",
175519,"R",25826,"R",300094,"A",
175528,"R",12104,"R",0,"A",
175564,"R",20896,"R",29160,"A",
175573,"R",56459,"R",104922,"A",
175591,"R",0,"R",54000,"A",
175607,"R",0,"R",99248,"A",
175616,"R",85483,"R",0,"R",10988
175643,"R",66204,"R",0,"A",
175652,"R",101370,"R",207417,"A",
175698,"R",0,"R",21111,"A",
175713,"R",0,"R",116250,"A",
175722,"R",0,"R",1588500,"A",
175786,"R",101492,"R",1514375,"A",
175810,"R",97097,"R",0,"A",
175829,"R",86884,"R",0,"A",
175856,"R",165897,"R",0,"R",24197
175883,"R",137945,"R",0,"A",
175917,"R",1164,"R",0,"A",
175935,"R",85043,"R",0,"A",
175980,"R",36823,"R",0,"R",654
176008,"R",94469,"R",0,"A",
176017,"R",315552,"R",0,"R",54185
176026,"R",11891,"R",438750,"R",7526
176035,"R",53452,"R",0,"R",2811
176044,"R",91501,"R",0,"R",9206
176053,"R",61656,"R",0,"R",19136
176062,"R",0,"R",45494,"A",
176071,"R",482240,"R",0,"A",
176080,"R",366649,"R",0,"R",52496
176169,"R",89510,"R",0,"A",
176178,"R",148804,"R",0,"A",
176239,"R",34433,"R",0,"A",
176318,"R",26306,"R",484193,"A",
176336,"R",1684,"R",0,"A",
176354,"R",51273,"R",0,"A",
176372,"R",345806,"R",0,"R",59540
176390,"R",0,"R",127078,"A",
176406,"R",14291,"R",0,"A",
176415,"R",0,"R",12000,"A",
176451,"A",,"A",,"R",1833
176460,"R",1875,"R",0,"A",
176479,"R",50077,"R",0,"R",17179
176497,"R",0,"R",84000,"A",
176549,"R",0,"R",355260,"A",
176600,"A",,"A",,"R",2079
176619,"A",,"A",,"R",8429
176628,"R",30265,"R",0,"R",8369
176637,"R",24996,"R",0,"A",
176664,"R",18911,"R",0,"R",462
176716,"R",0,"R",87300,"A",
176734,"R",0,"R",32400,"A",
176770,"R",10430,"R",0,"A",
176789,"R",6459,"R",0,"R",399
176798,"R",0,"R",113868,"A",
176910,"R",7284,"R",0,"A",
176938,"R",22623,"R",384591,"A",
176947,"R",37600,"R",0,"R",1209
176965,"R",241592,"R",0,"R",24821
176983,"R",0,"R",91860,"A",
176992,"R",0,"R",28500,"A",
177038,"R",2002,"R",0,"A",
177056,"R",0,"R",140546,"A",
177065,"R",226502,"R",0,"R",4281
177074,"R",0,"R",29000,"A",
177083,"R",2683,"R",0,"R",610
177092,"A",,"A",,"R",3378
177117,"R",9559,"R",0,"A",
177126,"A",,"A",,"R",12704
177135,"R",47989,"R",0,"A",
177144,"R",12557,"R",0,"A",
177153,"R",1296,"R",0,"A",
177162,"R",91931,"R",0,"R",8846
177214,"R",104447,"R",0,"R",5961
177250,"R",60831,"R",0,"A",
177278,"A",,"A",,"R",3214
177287,"R",0,"R",132348,"A",
177302,"R",8990,"R",0,"A",
177339,"R",45352,"R",0,"R",1138
177418,"R",40031,"R",0,"R",14315
177427,"A",,"A",,"R",81080
177436,"R",0,"R",53352,"A",
177472,"R",159715,"R",0,"A",
177542,"R",25664,"R",0,"A",
177551,"R",32378,"R",0,"A",
177579,"R",15702,"R",0,"A",
177588,"R",0,"R",63000,"A",
177603,"R",0,"R",309100,"A",
177676,"R",81140,"R",0,"A",
177685,"R",0,"R",76500,"A",
177719,"R",11148,"R",0,"R",1018
177746,"R",17153,"R",0,"A",
177807,"R",0,"R",25650,"A",
177816,"A",,"A",,"R",1950
177834,"A",,"A",,"R",20387
177870,"R",0,"R",16800,"A",
177889,"R",12,"R",900,"A",
177922,"R",729,"R",54912,"A",
177931,"R",0,"R",52830,"A",
177940,"R",68434,"R",0,"R",3242
177968,"R",130253,"R",0,"R",53654
177977,"R",26668,"R",0,"A",
177986,"R",3068,"R",0,"A",
177995,"R",109741,"R",0,"A",
178004,"R",2768,"R",0,"A",
178022,"R",89231,"R",0,"A",
178059,"R",61663,"R",0,"R",11941
178077,"R",0,"R",30000,"A",
178110,"R",34073,"R",0,"A",
178183,"R",5809,"R",150683,"A",
178208,"R",706,"R",0,"R",6592
178217,"R",78764,"R",0,"A",
178226,"R",17093,"R",0,"A",
178244,"R",43020,"R",0,"R",10449
178262,"R",0,"R",57400,"A",
178305,"R",23162,"R",0,"A",
178314,"R",0,"R",44637,"A",
178332,"R",0,"R",43854,"A",
178341,"R",135221,"R",0,"A",
178350,"R",5004,"R",85050,"A",
178369,"R",41908,"R",0,"A",
178387,"R",128764,"R",0,"A",
178396,"R",532083,"R",0,"R",82449
178402,"R",186708,"R",0,"R",51744
178411,"R",106135,"R",0,"R",25606
178420,"R",237801,"R",0,"R",41286
178448,"R",67972,"R",0,"A",
178457,"R",0,"R",7875,"A",
178466,"R",0,"R",167320,"A",
178484,"R",0,"R",153750,"A",
178518,"A",,"A",,"R",6224
178527,"R",0,"R",39255,"A",
178563,"R",0,"R",131788,"A",
178606,"R",0,"R",47950,"A",
178615,"R",166514,"R",0,"R",13040
178624,"R",150764,"R",0,"R",12464
178679,"R",20905,"R",0,"A",
178697,"R",42808,"R",0,"A",
178721,"R",262088,"R",0,"R",4576
178767,"R",10771,"R",0,"A",
178785,"R",86366,"R",0,"A",
178828,"R",0,"R",32550,"A",
178891,"R",21623,"R",0,"A",
178989,"R",6108,"R",0,"R",324
178998,"R",0,"R",13552,"A",
179025,"R",0,"R",57040,"A",
179043,"R",43346,"R",0,"R",13861
179052,"R",0,"R",299430,"A",
179070,"R",30554,"R",0,"A",
179113,"R",251616,"R",0,"A",
179159,"R",210312,"R",0,"R",34826
179195,"R",0,"R",40155,"A",
179201,"R",17100,"R",0,"A",
179229,"R",0,"R",45400,"A",
179238,"R",0,"R",61103,"A",
179256,"R",4788,"R",0,"A",
179265,"A",,"A",,"R",84
179292,"R",139613,"R",0,"A",
179308,"R",144254,"R",0,"A",
179317,"A",,"A",,"R",688
179326,"R",64992,"R",0,"R",17838
179344,"R",33938,"R",0,"A",
179399,"R",0,"R",54140,"A",
179450,"R",2500,"R",0,"A",
179511,"R",7822,"R",166725,"A",
179539,"R",76138,"R",0,"A",
179548,"R",15142,"R",0,"R",1088
179557,"R",212850,"R",0,"R",15328
179566,"R",408441,"R",0,"R",35225
179645,"R",59094,"R",0,"A",
179715,"R",30496,"R",0,"A",
179724,"R",0,"R",119568,"A",
179742,"A",,"A",,"R",456
179867,"R",199070,"R",0,"R",82873
179894,"R",96639,"R",0,"R",230960
179919,"R",7552,"R",0,"A",
179946,"R",23708,"R",0,"A",
179955,"R",38638,"R",0,"A",
179964,"R",27425,"R",0,"R",26709
179991,"R",0,"R",74000,"A",
180045,"R",17336,"R",0,"A",
180054,"R",4154,"R",0,"A",
180063,"R",0,"R",56000,"A",
180081,"R",6971,"R",0,"A",
180106,"R",39459,"R",0,"A",
180124,"R",0,"R",72000,"A",
180142,"R",0,"R",1888,"A",
180151,"R",12685,"R",0,"A",
180160,"R",4635,"R",0,"A",
180179,"R",92677,"R",0,"R",6986
180197,"R",42473,"R",0,"A",
180203,"R",7976,"R",0,"A",
180212,"R",10825,"R",0,"A",
180249,"R",31650,"R",31408,"A",
180258,"R",17734,"R",0,"R",2126
180276,"R",22570,"R",33586,"A",
180328,"R",8855,"R",0,"A",
180373,"R",13759,"R",0,"A",
180391,"R",0,"R",102495,"A",
180416,"R",49913,"R",0,"R",2019
180461,"R",293795,"R",0,"R",21151
180489,"R",308138,"R",0,"R",37103
180522,"R",39636,"R",0,"R",3052
180595,"R",24201,"R",0,"R",135
180647,"R",38908,"R",0,"A",
180692,"R",29883,"R",0,"A",
180717,"R",1092,"R",12844,"A",
180771,"R",0,"R",124452,"A",
180814,"R",76131,"R",0,"R",15351
180832,"R",11349,"R",0,"R",821
180878,"R",31,"R",269280,"A",
180902,"R",110940,"R",0,"A",
180948,"R",60473,"R",0,"R",4819
180957,"R",0,"R",243740,"A",
180984,"R",37208,"R",0,"R",1750
181002,"R",112912,"R",0,"R",9142
181011,"R",17986,"R",0,"A",
181020,"R",47602,"R",0,"R",13942
181093,"R",11365,"R",0,"R",996
181127,"R",33025,"R",0,"R",869
181136,"R",0,"R",56700,"A",
181145,"R",1026,"R",0,"A",
181190,"R",0,"R",858600,"A",
181215,"R",153656,"R",0,"R",14477
181242,"R",24220,"R",242200,"A",
181251,"R",0,"R",1728,"A",
181297,"R",8732,"R",42248,"R",617
181303,"R",362863,"R",0,"A",
181312,"R",48800,"R",0,"A",
181330,"R",29717,"R",0,"A",
181376,"R",4492,"R",0,"A",
181394,"R",284813,"R",0,"R",40310
181400,"R",31278,"R",0,"A",
181419,"R",3997,"R",0,"A",
181428,"R",18502,"R",0,"R",31585
181446,"R",47347,"R",0,"R",2157
181464,"R",488730,"R",0,"R",86942
181491,"R",84076,"R",0,"A",
181534,"R",33026,"R",0,"R",2979
181543,"R",895,"R",0,"A",
181604,"R",22136,"R",0,"R",135
181640,"R",359366,"R",0,"A",
181738,"R",27596,"R",0,"A",
181756,"R",33603,"R",0,"A",
181765,"R",8879,"R",0,"A",
181783,"R",77667,"R",0,"R",8305
181792,"R",54,"R",3288,"A",
181817,"R",38528,"R",0,"A",
181853,"R",12785,"R",0,"A",
181880,"R",0,"R",169061,"A",
181941,"R",12038,"R",288912,"A",
182005,"R",564765,"R",0,"A",
182111,"R",23272,"R",0,"A",
182148,"R",38016,"R",0,"A",
182209,"R",0,"R",228800,"A",
182281,"R",533586,"R",0,"R",62254
182290,"R",308682,"R",0,"R",42338
182306,"R",1290,"R",38713,"A",
182430,"R",5621,"R",0,"R",292
182458,"R",8632,"R",0,"R",7256
182485,"R",0,"R",176394,"A",
182500,"R",170866,"R",0,"A",
182564,"R",67254,"R",0,"A",
182634,"R",27165,"R",0,"A",
182652,"R",0,"R",65942,"A",
182661,"R",28516,"R",0,"R",414
182670,"R",130342,"R",0,"R",57704
182704,"R",0,"R",79500,"A",
182722,"R",0,"R",120000,"A",
182795,"R",44095,"R",0,"A",
182810,"R",22546,"R",0,"R",4652
182829,"A",,"A",,"R",15601
182865,"R",84378,"R",0,"A",
182883,"R",0,"R",33180,"A",
182892,"R",0,"R",44182,"A",
182908,"R",924,"R",0,"A",
182917,"R",131,"R",0,"A",
182944,"R",84830,"R",0,"A",
182953,"R",0,"R",219600,"A",
182980,"R",23670,"R",0,"R",3570
182999,"R",0,"R",113492,"A",
183026,"R",116278,"R",0,"R",48483
183044,"R",370427,"R",0,"R",41733
183062,"R",129117,"R",0,"R",3074
183080,"R",109469,"R",0,"R",17502
183099,"R",70976,"R",0,"A",
183105,"R",33347,"R",0,"A",
183132,"R",52008,"R",0,"A",
183141,"R",37570,"R",0,"A",
183202,"R",0,"R",51000,"A",
183211,"R",33697,"R",0,"R",11278
183239,"R",61090,"R",0,"A",
183248,"R",0,"R",151452,"A",
183257,"R",32847,"R",0,"R",931
183275,"R",2358,"R",0,"A",
183345,"R",4344,"R",0,"A",
183488,"R",10125,"R",169200,"A",
183600,"R",600,"R",0,"A",
183655,"R",123535,"R",0,"A",
183725,"R",12870,"R",300300,"A",
183743,"R",285472,"R",0,"A",
183789,"R",103916,"R",0,"A",
183804,"R",50801,"R",0,"R",55005
183822,"R",50479,"R",0,"A",
183831,"R",0,"R",311896,"A",
183859,"R",263580,"R",0,"A",
183877,"R",144822,"R",0,"A",
183901,"R",6995,"R",93230,"A",
183910,"R",42431,"R",0,"R",5305
183938,"R",281153,"R",0,"A",
183974,"R",38560,"R",0,"R",3879
183983,"R",0,"R",92878,"A",
184010,"R",2760,"R",0,"A",
184047,"R",27006,"R",540120,"A",
184056,"R",28329,"R",0,"A",
184135,"R",14108,"R",282132,"A",
184144,"R",0,"R",72900,"A",
184153,"R",0,"R",52208,"R",0
184180,"R",174703,"R",0,"A",
184205,"R",61745,"R",0,"A",
184269,"R",110724,"R",0,"A",
184278,"R",0,"R",105840,"A",
184320,"R",24,"R",740,"A",
184348,"R",51264,"R",0,"R",5898
184357,"R",900,"R",0,"A",
184427,"R",0,"R",97042,"A",
184481,"R",216895,"R",0,"A",
184506,"R",0,"R",171550,"A",
184603,"R",75432,"R",0,"R",29129
184612,"R",36022,"R",0,"R",944
184694,"R",68878,"R",0,"R",17023
184746,"R",0,"R",32400,"A",
184773,"R",46250,"R",0,"R",12603
184782,"R",214161,"R",0,"R",14140
184791,"R",108250,"R",0,"A",
184816,"R",0,"R",82306,"A",
184870,"R",0,"R",227700,"A",
184959,"R",15850,"R",697500,"A",
184968,"R",4682,"R",0,"A",
184995,"R",96485,"R",96485,"A",
185129,"R",156059,"R",0,"R",38000
185174,"R",4125,"R",0,"A",
185235,"R",12254,"R",0,"A",
185244,"R",11557,"R",0,"A",
185262,"R",261775,"R",0,"R",36725
185332,"R",10267,"R",216450,"A",
185396,"R",69382,"R",1665660,"A",
185466,"R",0,"R",147863,"A",
185509,"R",149001,"R",0,"A",
185536,"R",211389,"R",0,"A",
185572,"R",126118,"R",0,"R",24115
185590,"R",312885,"R",0,"R",52699
185624,"R",2494,"R",0,"A",
185651,"R",1222,"R",0,"A",
185679,"R",3797,"R",0,"A",
185721,"R",38794,"R",569200,"A",
185730,"R",0,"R",123600,"A",
185758,"A",,"A",,"R",3973
185767,"R",0,"R",522000,"A",
185828,"R",156860,"R",0,"R",48445
185873,"R",165445,"R",0,"A",
185916,"R",0,"R",93157,"A",
185970,"R",0,"R",1200,"A",
186016,"R",0,"R",162200,"A",
186034,"R",109603,"R",48776,"A",
186052,"R",0,"R",403428,"A",
186122,"A",,"A",,"R",10897
186131,"R",148772,"R",0,"R",28268
186186,"R",7100,"R",0,"A",
186201,"R",70042,"R",0,"R",1845
186274,"R",0,"R",132672,"A",
186283,"R",108373,"R",0,"R",15457
186335,"R",0,"R",148406,"A",
186371,"R",101514,"R",0,"R",10089
186380,"R",835153,"R",0,"R",104684
186399,"R",181682,"R",0,"R",49611
186405,"R",71,"R",3500,"A",
186423,"R",1224,"R",0,"A",
186432,"R",67106,"R",0,"R",12063
186469,"R",24160,"R",0,"A",
186584,"R",152187,"R",0,"R",48811
186593,"R",0,"R",40652,"A",
186618,"R",26620,"R",0,"R",6195
186645,"R",117427,"R",0,"A",
186830,"R",0,"R",140392,"A",
186849,"R",0,"R",223760,"A",
186867,"R",60511,"R",0,"R",37506
186876,"R",184072,"R",0,"R",5178
186885,"R",0,"R",153150,"A",
186900,"R",1050,"R",0,"A",
187000,"R",0,"R",155364,"A",
187046,"R",47997,"R",0,"R",2472
187134,"R",175837,"R",0,"R",11938
187161,"R",0,"R",623700,"A",
187198,"R",181493,"R",0,"A",
187222,"R",999,"R",0,"R",999
187444,"R",245385,"R",0,"R",22233
187505,"R",0,"R",125513,"A",
187514,"R",0,"R",63600,"A",
187532,"R",406287,"R",0,"A",
187596,"R",3456,"R",55296,"A",
187602,"R",0,"R",135800,"A",
187620,"R",88903,"R",0,"A",
187639,"R",60726,"R",0,"A",
187648,"R",81815,"R",0,"R",6697
187666,"R",61271,"R",0,"A",
187675,"R",0,"R",50600,"A",
187745,"R",3402,"R",0,"A",
187754,"R",0,"R",93567,"A",
187897,"R",43687,"R",0,"R",23298
187903,"R",57853,"R",0,"A",
187912,"R",12971,"R",0,"A",
187958,"R",53208,"R",0,"A",
187967,"R",32622,"R",0,"R",8268
187976,"R",14161,"R",0,"A",
187985,"R",467356,"R",0,"R",83353
187994,"R",34876,"R",0,"A",
188003,"R",22789,"R",0,"A",
188021,"R",13146,"R",0,"A",
188030,"R",342499,"R",0,"R",43365
188049,"R",32699,"R",0,"A",
188058,"R",27169,"R",0,"A",
188100,"R",125363,"R",0,"A",
188137,"R",37943,"R",0,"A",
188146,"R",40581,"R",0,"R",8144
188182,"R",15852,"R",0,"R",2800
188207,"A",,"A",,"R",4968
188216,"R",24786,"R",0,"A",
188225,"R",20513,"R",0,"A",
188261,"R",2229,"R",2229,"A",
188304,"R",51973,"R",49844,"R",5462
188340,"R",23282,"R",0,"A",
188429,"R",101076,"R",0,"R",74021
188438,"R",71837,"R",0,"A",
188465,"R",15759,"R",0,"A",
188517,"R",11791,"R",13275,"A",
188526,"R",20370,"R",0,"R",5661
188535,"A",,"A",,"R",113
188580,"A",,"A",,"R",2524
188641,"R",62520,"R",0,"R",7998
188650,"R",0,"R",658141,"A",
188669,"R",1956,"R",0,"A",
188678,"R",5910,"R",0,"A",
188687,"R",5734,"R",0,"A",
188696,"R",0,"R",29700,"A",
188854,"R",450,"R",567900,"A",
188890,"R",0,"R",1411852,"A",
188915,"R",1684,"R",0,"A",
188924,"R",348,"R",0,"A",
188942,"R",3168,"R",0,"A",
188988,"R",0,"R",109710,"A",
189015,"A",,"A",,"R",17713
189088,"R",45450,"R",0,"R",3934
189097,"R",66659,"R",0,"A",
189103,"R",0,"R",64480,"A",
189219,"R",0,"R",143400,"A",
189228,"R",89315,"R",0,"A",
189246,"R",25761,"R",0,"A",
189264,"R",1950,"R",0,"A",
189273,"R",3114,"R",0,"R",1095
189282,"R",2849,"R",0,"A",
189404,"R",0,"R",110610,"A",
189413,"R",43048,"R",0,"R",618
189422,"R",11580,"R",236040,"A",
189459,"R",79640,"R",0,"A",
189468,"R",0,"R",106696,"A",
189547,"R",149990,"R",0,"A",
189556,"R",9030,"R",70950,"A",
189565,"R",10782,"R",0,"A",
189574,"R",13222,"R",0,"A",
189583,"R",19184,"R",163936,"A",
189592,"R",4101,"R",0,"A",
189653,"R",7428,"R",0,"A",
189705,"R",97622,"R",0,"R",34646
189714,"R",0,"R",61642,"A",
189787,"R",0,"R",1026337,"A",
189802,"R",91,"R",4500,"R",191
189811,"R",1898,"R",0,"A",
189839,"R",65537,"R",0,"A",
189848,"R",14047,"R",0,"A",
189857,"R",14897,"R",0,"R",1400
189954,"R",0,"R",22615,"A",
189981,"A",,"A",,"R",1126
190008,"R",0,"R",91390,"A",
190044,"R",83388,"R",0,"R",5619
190053,"R",43235,"R",0,"A",
190071,"R",2833,"R",0,"A",
190080,"A",,"A",,"R",484
190099,"R",86376,"R",0,"R",104
190114,"R",58408,"R",0,"R",13125
190150,"R",211730,"R",0,"R",255955
190169,"R",34445,"R",0,"A",
190239,"R",0,"R",257099,"A",
190248,"R",20072,"R",0,"Z",0
190293,"R",0,"R",77244,"A",
190309,"R",0,"R",29046,"A",
190318,"R",0,"R",176410,"A",
190372,"R",29909,"R",0,"R",671
190381,"R",0,"R",56298,"A",
190415,"R",428255,"R",0,"R",110285
190424,"Z",0,"A",,"R",8112
190442,"R",89521,"R",0,"A",
190451,"R",4840,"R",0,"A",
190503,"R",96490,"R",0,"A",
190512,"R",339187,"Z",0,"R",49967
190521,"R",314675,"Z",0,"A",
190530,"R",124184,"Z",0,"A",
190549,"R",264601,"Z",0,"R",60466
190558,"R",231160,"Z",0,"R",18899
190567,"R",204334,"Z",0,"R",47608
190576,"Z",0,"A",,"R",39176
190585,"R",69306,"Z",0,"A",
190594,"R",358064,"Z",0,"R",74688
190600,"R",257943,"Z",0,"R",19266
190619,"R",270495,"Z",0,"A",
190628,"R",208544,"Z",0,"A",
190637,"R",166344,"Z",0,"R",29114
190646,"R",86384,"Z",0,"A",
190655,"R",235555,"Z",0,"A",
190664,"R",297974,"Z",0,"R",61042
190673,"R",191450,"Z",0,"A",
190691,"R",127933,"Z",0,"A",
190707,"R",0,"R",42000,"A",
190716,"R",23439,"R",0,"R",38089
190725,"R",50954,"R",11760,"R",2479
190734,"R",1260,"R",0,"R",330
190761,"R",10036,"R",0,"R",708
190770,"R",69668,"R",0,"R",58757
190789,"R",0,"R",675270,"A",
190798,"R",0,"R",687470,"A",
190804,"R",0,"R",1029950,"A",
190840,"R",137012,"R",0,"A",
190956,"R",2227,"R",0,"A",
190974,"R",12589,"R",40534,"A",
190983,"R",41892,"R",0,"R",5168
191083,"R",274985,"R",0,"A",
191126,"R",253055,"R",0,"R",1726
191153,"R",0,"R",63120,"A",
191199,"R",96023,"R",0,"A",
191205,"R",28510,"R",0,"R",1353
191241,"R",215009,"R",0,"R",149738
191287,"R",0,"R",284325,"A",
191302,"R",47644,"R",0,"A",
191311,"R",0,"R",115071,"A",
191320,"A",,"A",,"R",1042
191339,"R",91766,"R",0,"A",
191384,"R",0,"R",351000,"A",
191393,"R",0,"R",411750,"A",
191515,"R",14339,"R",0,"A",
191533,"R",40702,"R",0,"A",
191597,"R",14476,"R",0,"A",
191612,"R",77340,"R",0,"A",
191621,"R",22334,"R",0,"A",
191630,"R",60832,"R",0,"A",
191649,"R",271679,"R",0,"R",54602
191676,"R",41751,"R",0,"R",0
191719,"R",226745,"R",0,"A",
191728,"R",0,"R",220000,"A",
191764,"R",3801,"R",0,"A",
191834,"R",0,"R",458176,"A",
191870,"R",20740,"R",0,"A",
191931,"R",95038,"R",0,"R",15718
191940,"R",0,"R",142300,"A",
191959,"R",7932,"R",0,"A",
191968,"R",187892,"R",0,"R",6985
191986,"R",74709,"R",0,"A",
192004,"R",13542,"R",0,"A",
192022,"R",71777,"R",0,"A",
192040,"R",5700,"R",0,"R",9400
192110,"R",19575,"R",0,"R",9909
192147,"R",0,"R",2900521,"A",
192156,"R",82800,"R",0,"A",
192165,"R",3480,"R",0,"Z",0
192192,"R",32392,"R",0,"R",330
192244,"R",624,"R",0,"R",96
192271,"R",13842,"R",0,"A",
192323,"R",72460,"R",0,"R",12406
192439,"R",129857,"R",165169,"R",59083
192448,"R",125859,"R",0,"R",68555
192466,"R",44583,"R",0,"R",9543
192475,"R",2953,"R",0,"A",
192484,"R",0,"R",113185,"A",
192509,"R",26413,"R",0,"A",
192536,"R",0,"R",28500,"A",
192554,"A",,"A",,"R",8589
192563,"R",1073,"R",0,"R",16125
192624,"R",4170,"R",0,"A",
192688,"R",0,"R",580560,"A",
192703,"R",93312,"R",0,"R",4993
192712,"R",6000,"R",0,"R",6165
192749,"R",48390,"R",0,"R",13118
192785,"R",14376,"R",32400,"A",
192800,"R",0,"R",39360,"A",
192819,"R",135153,"R",0,"R",14777
192828,"R",0,"R",88000,"A",
192855,"R",26058,"R",0,"A",
192864,"R",53137,"R",0,"A",
192925,"R",47971,"R",0,"R",7451
192961,"R",1831,"R",0,"A",
192970,"R",225,"R",4950,"A",
192998,"R",2832,"R",33984,"A",
193016,"R",165228,"R",2493,"R",62985
193052,"R",7050,"R",0,"A",
193061,"R",768,"R",0,"R",464
193070,"R",1420,"R",0,"R",690
193089,"R",0,"R",41060,"A",
193122,"R",0,"R",57480,"A",
193186,"R",0,"R",155000,"A",
193201,"R",13105,"R",17925,"A",
193247,"R",7306,"R",0,"R",1236
193265,"R",0,"R",81000,"A",
193283,"R",125658,"R",0,"A",
193292,"R",55932,"R",0,"R",7933
193308,"R",140425,"R",0,"A",
193317,"R",44994,"R",0,"A",
193326,"R",375513,"R",0,"A",
193353,"R",56146,"R",0,"R",11809
193380,"R",2856,"R",0,"A",
193399,"R",34338,"R",0,"R",7984
193405,"A",,"A",,"R",11584
193478,"R",460035,"R",0,"A",
193584,"R",51880,"R",0,"R",22024
193609,"R",0,"R",106340,"A",
193645,"R",146908,"R",0,"R",33245
193654,"R",136830,"R",0,"R",55402
193751,"A",,"A",,"A",
193788,"R",0,"R",127482,"A",
193830,"A",,"A",,"R",32365
193858,"R",0,"R",316800,"A",
193894,"A",,"A",,"R",936
193900,"R",612567,"R",0,"R",311891
193946,"R",104894,"R",0,"A",
193973,"R",76630,"R",0,"R",16445
193991,"R",0,"R",46000,"A",
194028,"R",31190,"R",289476,"A",
194091,"R",73443,"R",0,"R",32420
194107,"R",47284,"R",0,"R",12537
194116,"R",9000,"R",0,"R",500
194161,"R",58843,"R",0,"R",7495
194189,"R",2422,"R",0,"A",
194204,"R",6225,"R",65925,"A",
194222,"R",164035,"R",0,"A",
194240,"R",116294,"R",0,"A",
194259,"R",0,"R",40936,"A",
194310,"R",251443,"R",0,"R",69809
194392,"R",28008,"R",0,"A",
194435,"R",0,"R",86268,"A",
194453,"R",0,"R",100153,"A",
194499,"R",38430,"R",0,"A",
194541,"R",53324,"R",0,"R",18607
194569,"R",7750,"R",0,"A",
194578,"R",96377,"R",0,"R",23974
194611,"R",0,"R",520253,"A",
194657,"R",5730,"R",0,"R",1975
194666,"R",7530,"R",0,"A",
194675,"R",3510,"R",0,"R",888
194693,"R",1080,"R",0,"R",0
194709,"R",2880,"R",0,"R",72
194718,"R",702,"R",0,"R",150
194736,"R",4096,"R",0,"A",
194763,"R",9427,"R",0,"R",4282
194824,"R",165913,"R",0,"R",36171
194879,"R",0,"R",130200,"A",
194958,"R",36857,"R",0,"R",10348
194967,"R",15708,"R",0,"A",
195003,"R",478702,"R",0,"R",56623
195030,"R",148783,"R",0,"R",70291
195049,"A",,"A",,"R",4449
195058,"R",135530,"R",0,"A",
195067,"R",0,"R",598492,"A",
195128,"R",23822,"R",0,"A",
195137,"R",29883,"R",0,"R",15764
195155,"A",,"A",,"R",1773
195164,"R",64339,"R",0,"R",8855
195173,"R",63754,"R",0,"A",
195191,"R",6216,"R",0,"A",
195216,"R",65363,"R",0,"R",2525
195234,"R",28016,"R",0,"R",75968
195243,"R",46140,"R",0,"R",4239
195289,"R",2502,"R",0,"A",
195304,"R",35187,"R",0,"R",7828
195322,"R",68403,"R",0,"A",
195429,"A",,"A",,"R",858
195438,"R",5430,"R",0,"R",480
195474,"R",93477,"R",0,"Z",0
195492,"R",62,"R",0,"A",
195526,"R",68377,"R",0,"R",212
195544,"R",24725,"R",0,"R",1668
195562,"R",85181,"R",0,"R",2220
195571,"A",,"A",,"R",2496
195580,"A",,"A",,"R",464
195623,"R",0,"R",26398,"A",
195669,"R",0,"R",42560,"A",
195687,"R",5178,"R",0,"A",
195702,"R",0,"R",20147,"A",
195720,"R",66482,"R",0,"R",9893
195784,"R",1620,"R",0,"A",
195793,"R",0,"R",14976,"A",
195809,"R",393354,"R",0,"R",51532
195845,"R",15798,"R",236970,"A",
195924,"R",0,"R",214500,"A",
195933,"R",0,"R",464684,"A",
195988,"R",37228,"R",0,"A",
196006,"R",93139,"R",0,"A",
196015,"R",58604,"R",0,"A",
196024,"R",63191,"R",0,"A",
196033,"R",69564,"R",0,"A",
196042,"R",128454,"R",0,"A",
196051,"R",83155,"R",0,"A",
196060,"R",342273,"R",0,"R",84892
196079,"R",328780,"R",0,"R",45061
196088,"R",507644,"R",0,"R",124525
196097,"R",425044,"R",0,"R",121613
196103,"R",37515,"R",0,"R",7642
196112,"R",46522,"R",0,"R",8533
196121,"R",188387,"R",0,"R",28679
196130,"R",250118,"R",0,"R",35196
196149,"R",166424,"R",0,"R",26255
196158,"R",143365,"R",0,"R",8346
196167,"R",159795,"R",0,"R",5159
196176,"R",168746,"R",0,"R",28883
196185,"R",165251,"R",0,"R",4004
196194,"R",203467,"R",0,"R",22529
196200,"R",106804,"R",0,"R",22753
196219,"R",117003,"R",0,"R",3974
196228,"A",,"A",,"R",444
196237,"R",79480,"R",0,"R",0
196246,"R",153700,"R",0,"R",14289
196255,"R",7612,"R",0,"R",6402
196264,"R",200260,"R",0,"R",5841
196291,"R",27629,"R",0,"R",3205
196307,"R",6592,"R",0,"R",4420
196389,"R",10151,"R",0,"A",
196413,"R",401717,"R",0,"R",90913
196431,"R",10592,"R",0,"A",
196440,"R",390,"R",0,"R",270
196459,"R",29280,"R",532733,"A",
196468,"A",,"A",,"R",78990
196477,"R",152874,"R",0,"A",
196565,"R",68916,"R",0,"A",
196583,"R",5520,"R",0,"R",150
196592,"R",229871,"R",0,"R",86693
196644,"R",0,"R",57250,"A",
196653,"R",19807,"R",0,"A",
196662,"K",0,"K",37612,"K",0
196680,"R",1428,"R",0,"R",1355
196699,"R",57885,"R",0,"A",
196857,"R",0,"R",792005,"A",
196866,"R",94128,"R",0,"R",11110
196884,"A",,"A",,"R",2997
197018,"R",41088,"R",0,"R",3240
197027,"R",37552,"R",0,"A",
197036,"R",46135,"R",0,"A",
197045,"R",58987,"R",0,"R",4184
197081,"R",19312,"R",0,"A",
197133,"R",20998,"R",0,"R",0
197142,"R",9490,"R",0,"A",
197151,"R",96302,"R",0,"R",10178
197197,"R",53414,"R",0,"R",6668
197221,"R",2594,"R",0,"A",
197230,"R",12109,"R",0,"A",
197285,"R",72064,"R",0,"A",
197294,"R",207300,"R",0,"A",
197337,"R",0,"R",63440,"A",
197522,"R",15941,"R",0,"A",
197531,"R",36609,"R",387870,"A",
197601,"R",2580,"R",0,"R",240
197610,"R",3008,"R",0,"R",768
197647,"R",3825,"R",0,"R",1323
197674,"R",5371,"R",0,"R",888
197692,"R",1318,"R",0,"R",600
197708,"R",115155,"R",0,"R",18681
197735,"R",9408,"R",0,"R",3052
197744,"R",4065,"R",0,"R",746
197814,"R",63773,"R",0,"A",
197832,"R",8866,"R",0,"A",
197850,"R",35380,"R",52168,"A",
197869,"R",378651,"R",0,"R",25571
197887,"R",103466,"R",0,"A",
197902,"R",0,"R",136500,"A",
197911,"R",34538,"R",0,"A",
197948,"R",18185,"R",0,"A",
197957,"R",0,"R",145500,"A",
197966,"R",36018,"R",0,"A",
197984,"R",24154,"R",0,"A",
197993,"R",7890,"R",0,"A",
198011,"R",29851,"R",0,"A",
198039,"R",47510,"R",0,"A",
198066,"R",19482,"R",0,"A",
198075,"R",0,"R",125760,"A",
198084,"R",22182,"R",0,"A",
198109,"R",8290,"R",0,"A",
198118,"R",76888,"R",0,"A",
198136,"R",133449,"R",0,"R",10264
198154,"R",147413,"R",0,"A",
198206,"R",36633,"R",0,"A",
198215,"R",41743,"R",0,"R",198
198233,"R",99947,"R",0,"A",
198242,"R",6260,"R",0,"A",
198251,"R",94732,"R",158403,"A",
198260,"R",235543,"R",0,"A",
198303,"R",21581,"R",0,"A",
198321,"R",55236,"R",0,"A",
198330,"R",92700,"R",0,"A",
198367,"R",82323,"R",1317168,"A",
198376,"R",48162,"R",0,"A",
198385,"R",51800,"R",0,"A",
198419,"R",219438,"R",0,"R",177758
198455,"R",102285,"R",0,"A",
198464,"R",485193,"R",0,"R",69285
198491,"R",48591,"R",1049565,"A",
198507,"R",64904,"R",0,"R",286
198516,"R",144878,"R",0,"R",6177
198525,"R",0,"R",74300,"A",
198534,"R",202815,"R",0,"A",
198543,"R",126759,"R",0,"R",14270
198552,"R",135366,"R",0,"A",
198561,"R",35357,"R",0,"R",5285
198570,"R",118139,"R",0,"A",
198589,"R",0,"R",90000,"A",
198598,"R",28410,"R",0,"R",522
198613,"R",48725,"R",0,"A",
198622,"R",81744,"R",0,"A",
198631,"R",0,"R",67232,"A",
198640,"R",39947,"R",0,"A",
198668,"R",41609,"R",0,"A",
198677,"R",994,"R",994,"A",
198695,"R",70250,"R",0,"R",2567
198710,"R",44889,"R",0,"A",
198729,"R",32892,"R",0,"A",
198747,"R",3544,"R",0,"A",
198756,"R",55649,"R",0,"A",
198774,"R",73384,"R",0,"A",
198808,"R",24320,"R",0,"A",
198817,"R",55246,"R",0,"A",
198835,"R",40631,"R",0,"R",1667
198844,"R",0,"R",207000,"A",
198862,"R",29745,"R",0,"Z",0
198871,"R",12548,"R",0,"A",
198899,"R",36857,"R",0,"A",
198905,"R",19520,"R",0,"A",
198914,"R",36505,"R",0,"A",
198923,"R",29012,"R",0,"A",
198941,"R",3050,"R",0,"A",
198950,"R",58733,"R",0,"R",2012
198969,"R",58452,"R",0,"R",644
198978,"R",21600,"R",0,"A",
198987,"R",57747,"R",0,"A",
198996,"R",0,"R",144000,"A",
199005,"R",0,"R",90000,"A",
199023,"R",19339,"R",0,"A",
199032,"R",27438,"R",0,"R",1349
199069,"R",34164,"R",0,"A",
199078,"R",0,"R",138000,"A",
199087,"R",45056,"R",0,"A",
199102,"R",247928,"R",0,"R",20684
199111,"R",87528,"R",0,"R",394
199120,"R",479490,"R",0,"R",144888
199139,"R",409003,"R",0,"R",52653
199148,"R",302688,"R",0,"R",55619
199157,"R",137446,"R",0,"R",21613
199184,"R",31720,"R",0,"R",2916
199193,"R",637908,"R",0,"R",96337
199209,"R",44367,"R",0,"A",
199218,"R",285588,"R",0,"R",14518
199263,"R",8513,"R",136208,"A",
199272,"R",9863,"R",0,"A",
199281,"R",106499,"R",0,"R",6272
199306,"R",34450,"R",0,"R",13848
199315,"R",8030,"R",0,"R",153
199324,"R",47392,"R",65982,"A",
199333,"R",123732,"R",2293521,"A",
199351,"R",5622,"R",0,"A",
199412,"R",31475,"R",0,"R",8812
199421,"R",48069,"R",0,"A",
199449,"R",38767,"R",0,"A",
199458,"R",4937,"R",0,"A",
199467,"R",23087,"R",0,"A",
199476,"R",46926,"R",64419,"A",
199485,"R",40438,"R",58319,"A",
199494,"R",96881,"R",0,"A",
199582,"R",45383,"R",0,"A",
199607,"R",26274,"R",0,"R",1934
199625,"R",26786,"R",0,"A",
199634,"R",81008,"R",0,"A",
199643,"R",98866,"R",0,"R",2298
199689,"R",0,"R",180000,"A",
199698,"R",17384,"R",0,"A",
199713,"R",0,"R",116616,"A",
199722,"R",83754,"R",48396,"A",
199731,"R",42495,"R",0,"A",
199740,"R",40761,"R",0,"A",
199759,"R",10841,"R",0,"R",27876
199768,"R",78066,"R",0,"A",
199786,"R",78144,"R",0,"A",
199795,"R",13994,"R",0,"A",
199838,"R",88758,"R",733455,"A",
199847,"R",123087,"R",0,"R",32916
199856,"R",191007,"R",0,"A",
199865,"R",23300,"R",0,"R",1410
199883,"R",2658,"R",64395,"A",
199892,"R",72762,"R",0,"A",
199908,"R",62048,"R",0,"A",
199926,"R",61599,"R",0,"A",
199953,"R",43208,"R",0,"A",
199962,"R",40349,"R",0,"R",1503
199971,"R",613,"R",0,"A",
199980,"R",0,"R",70716,"A",
199999,"R",97813,"R",0,"R",1976
200004,"R",161438,"R",0,"R",22743
200013,"R",6288,"R",0,"A",
200022,"R",83382,"R",0,"A",
200059,"R",57202,"R",0,"A",
200086,"R",6610,"R",0,"A",
200110,"R",0,"R",115200,"A",
200129,"R",0,"R",37158,"A",
200156,"R",36759,"R",0,"A",
200165,"R",0,"R",203400,"A",
200192,"R",27087,"R",0,"A",
200208,"R",3662,"R",550,"A",
200217,"R",70092,"R",0,"R",12212
200226,"R",19946,"R",0,"A",
200244,"R",2861,"R",0,"A",
200253,"R",83156,"R",0,"R",4152
200262,"R",0,"R",32000,"A",
200280,"R",298444,"R",0,"R",32081
200305,"R",64642,"R",93483,"A",
200314,"R",7099,"R",0,"A",
200332,"R",281154,"R",0,"R",18258
200341,"R",15141,"R",6121,"A",
200387,"R",0,"R",82800,"A",
200466,"R",3609,"R",0,"A",
200484,"R",8420,"R",0,"A",
200527,"R",10290,"R",0,"A",
200554,"R",12051,"R",0,"A",
200572,"R",25527,"R",0,"A",
200590,"R",2750,"R",63890,"A",
200624,"R",4320,"Z",0,"A",
200633,"R",0,"R",165798,"A",
200721,"R",0,"R",21270,"A",
200785,"R",0,"R",198325,"A",
200794,"R",0,"R",67,"A",
200800,"R",540821,"R",0,"R",106867
200828,"R",0,"R",44800,"A",
200846,"R",22740,"R",0,"A",
200873,"R",1386,"R",0,"A",
201007,"R",22736,"R",0,"R",160
201016,"R",16430,"R",0,"A",
201034,"R",10000,"R",1800000,"A",
201061,"R",5649,"R",0,"R",202
201070,"R",1518,"R",0,"A",
201098,"R",0,"R",900,"A",
201104,"R",70831,"R",7914,"R",68678
201131,"R",0,"R",112920,"A",
201140,"R",1446,"R",0,"R",2835
201159,"R",0,"R",51000,"A",
201177,"R",5114,"R",0,"A",
201195,"R",104415,"R",0,"R",11972
201229,"R",0,"R",18000,"A",
201283,"R",60015,"R",0,"A",
201371,"R",27564,"R",0,"R",1101
201399,"R",14005,"R",0,"A",
201432,"R",33413,"R",0,"R",447
201441,"R",457767,"R",0,"R",66641
201469,"R",5053,"R",5366,"A",
201478,"R",0,"R",108000,"A",
201487,"R",0,"R",38745,"A",
201496,"R",0,"R",241318,"A",
201539,"R",0,"R",110160,"A",
201548,"R",74117,"R",0,"R",25374
201584,"R",0,"R",63000,"A",
201609,"R",0,"R",88301,"A",
201618,"R",0,"R",85303,"A",
201627,"R",0,"R",73777,"A",
201645,"R",106871,"R",0,"R",71961
201654,"R",92532,"R",0,"R",286
201672,"R",72442,"R",0,"A",
201681,"R",1240,"R",0,"A",
201690,"R",58978,"R",0,"R",282
201751,"R",5481,"R",0,"A",
201803,"R",0,"R",168520,"A",
201821,"R",10102,"R",0,"A",
201858,"R",17959,"R",0,"R",4559
201867,"R",75,"R",9150,"A",
201885,"R",740248,"R",0,"R",271092
201928,"R",307118,"R",0,"A",
201946,"R",76563,"R",0,"A",
201955,"R",118828,"R",0,"A",
201964,"R",8843,"R",0,"A",
201973,"R",89543,"R",0,"A",
201982,"R",0,"R",98000,"A",
201991,"R",0,"R",33575,"A",
202019,"R",204,"R",0,"R",1332
202046,"R",18710,"R",0,"R",116
202055,"R",0,"R",444600,"A",
202073,"R",7817,"R",0,"R",3780
202134,"R",283480,"R",0,"R",104017
202152,"R",0,"R",244000,"A",
202161,"R",12422,"R",0,"A",
202170,"R",36474,"R",0,"A",
202189,"R",13800,"R",0,"A",
202204,"R",0,"R",232200,"A",
202222,"R",703551,"R",0,"A",
202268,"R",3817,"R",0,"A",
202356,"R",449738,"R",0,"A",
202426,"R",0,"R",540,"A",
202435,"R",13179,"R",0,"A",
202453,"R",0,"R",229300,"A",
202480,"R",206167,"R",0,"R",57975
202514,"R",24294,"R",0,"R",1704
202523,"R",65344,"R",0,"A",
202541,"R",137528,"R",0,"R",7081
202611,"R",22551,"R",0,"R",1353
202639,"R",0,"R",121590,"A",
202648,"R",52922,"R",0,"A",
202657,"R",0,"R",174950,"A",
202684,"R",6433,"R",0,"A",
202736,"R",0,"R",50022,"A",
202763,"R",93491,"R",0,"R",26441
202806,"R",87664,"R",0,"R",22312
202888,"R",0,"R",82750,"A",
202903,"R",6702,"R",0,"A",
202912,"R",6624,"R",0,"A",
202949,"R",0,"R",349619,"A",
202985,"R",0,"R",78320,"A",
203030,"R",0,"R",10392,"A",
203049,"A",,"A",,"R",2349
203067,"A",,"A",,"R",1416
203076,"A",,"A",,"R",1665
203085,"R",34198,"R",0,"R",3341
203128,"R",31453,"R",0,"A",
203146,"R",0,"R",150080,"A",
203155,"R",205389,"R",1687712,"A",
203164,"R",4132,"R",0,"A",
203225,"R",9412,"R",0,"A",
203234,"R",0,"R",109620,"A",
203289,"R",3000,"R",0,"A",
203313,"R",15878,"R",0,"A",
203331,"R",33334,"R",0,"A",
203368,"R",105641,"R",0,"R",14196
203438,"R",0,"R",140400,"A",
203447,"R",28432,"R",0,"R",6
203456,"R",13437,"R",0,"R",87
203465,"R",77079,"R",0,"R",203
203474,"R",44612,"R",0,"R",15
203483,"R",40465,"R",0,"R",104
203492,"R",23512,"R",0,"R",92
203517,"R",509640,"R",0,"R",94584
203526,"R",12911,"R",0,"R",117
203535,"R",52259,"R",0,"A",
203544,"R",16678,"R",0,"A",
203580,"R",18422,"R",0,"R",3385
203599,"R",156085,"R",0,"A",
203614,"R",0,"R",264300,"A",
203678,"R",98457,"R",0,"A",
203702,"R",0,"R",59190,"A",
203720,"R",2772,"R",0,"A",
203739,"R",16520,"R",0,"A",
203748,"R",188384,"R",0,"A",
203757,"R",22384,"R",0,"R",495
203775,"R",54029,"R",0,"R",4411
203818,"R",2805,"R",0,"A",
203845,"R",36967,"R",0,"R",1278
203881,"R",55814,"R",0,"A",
203942,"R",0,"R",63108,"A",
203951,"A",,"A",,"R",9050
203960,"R",15592,"R",0,"A",
203997,"A",,"A",,"R",4051
204006,"R",54801,"R",0,"R",521
204015,"R",47376,"R",0,"R",750
204024,"R",460707,"R",0,"R",27640
204060,"R",14448,"R",144480,"A",
204121,"R",0,"R",116000,"A",
204158,"R",0,"R",156672,"A",
204167,"R",0,"R",87360,"A",
204176,"R",11812,"R",0,"R",0
204185,"R",68347,"R",0,"A",
204194,"R",57825,"R",0,"R",1737
204200,"R",48739,"R",0,"R",5453
204219,"R",2945,"R",0,"A",
204255,"R",63676,"R",0,"A",
204264,"R",50964,"R",0,"R",7083
204307,"R",12788,"R",160673,"A",
204316,"R",26060,"R",0,"A",
204334,"R",0,"R",136500,"A",
204422,"R",89822,"R",0,"A",
204431,"R",0,"R",49500,"A",
204440,"R",60980,"R",0,"A",
204459,"R",0,"R",203400,"A",
204468,"R",15876,"R",0,"R",8955
204486,"R",107472,"R",0,"A",
204501,"R",81435,"R",0,"R",236
204592,"R",7014,"R",110000,"A",
204608,"R",4035,"R",307211,"A",
204617,"R",58795,"R",0,"R",1884
204626,"R",22256,"R",0,"A",
204635,"R",104449,"R",0,"R",129
204662,"R",34975,"R",0,"A",
204671,"R",51302,"R",0,"R",3413
204680,"R",55493,"R",0,"R",2111
204699,"R",55059,"R",0,"R",2342
204705,"R",75949,"R",0,"R",4260
204714,"R",0,"R",359608,"A",
204723,"R",0,"R",131400,"A",
204741,"R",0,"R",1800,"A",
204769,"R",0,"R",750,"A",
204778,"R",0,"R",1800,"A",
204796,"R",1697542,"R",0,"R",395788
204802,"R",38378,"R",0,"R",1435
204820,"R",58901,"R",0,"R",2588
204839,"R",60939,"R",0,"R",4266
204848,"R",51730,"R",0,"R",3193
204857,"R",810644,"R",0,"R",163821
204866,"R",61473,"R",0,"R",2359
204884,"R",5778,"R",0,"A",
204893,"R",4409,"R",0,"A",
204909,"R",62571,"R",0,"A",
204936,"R",107543,"R",0,"R",9925
204945,"R",293622,"R",0,"A",
204963,"R",0,"R",93600,"A",
204981,"R",0,"R",78080,"A",
204990,"A",,"A",,"R",1254
205027,"R",2333,"R",0,"R",30
205054,"R",11488,"R",141763,"A",
205081,"R",0,"R",14720,"A",
205090,"R",3192,"R",0,"A",
205124,"R",1248,"R",0,"R",768
205142,"R",0,"R",66861,"A",
205179,"R",16230,"R",0,"A",
205197,"R",0,"R",329500,"A",
205203,"R",62893,"R",9403,"R",7866
205319,"A",,"A",,"R",1860
205391,"R",7930,"R",124215,"A",
205443,"R",137547,"R",0,"A",
205470,"R",570390,"R",0,"A",
205513,"R",7404,"R",0,"A",
205522,"R",4500,"R",0,"A",
205559,"R",2760,"R",0,"A",
205568,"R",4988,"R",0,"A",
205610,"R",71568,"R",0,"A",
205647,"R",19608,"R",0,"A",
205692,"R",7824,"R",0,"A",
205708,"R",8448,"R",0,"A",
205717,"R",28176,"R",0,"A",
205726,"R",12192,"R",0,"A",
205841,"R",99292,"R",120940,"A",
205887,"R",11424,"R",1162000,"A",
205957,"R",55170,"R",0,"R",8102
205966,"R",71981,"R",0,"A",
206002,"R",5040,"R",0,"A",
206011,"R",69178,"R",0,"A",
206039,"R",0,"R",91800,"A",
206048,"R",31286,"R",0,"R",6179
206084,"R",476766,"R",8107385,"R",55665
206093,"R",0,"R",259,"A",
206154,"R",388,"R",0,"A",
206172,"R",0,"R",41782,"A",
206181,"R",0,"R",118625,"A",
206215,"A",,"A",,"R",1040
206224,"R",20033,"R",0,"A",
206279,"R",33562,"R",0,"R",37746
206288,"A",,"A",,"R",5745
206321,"R",0,"R",194418,"A",
206330,"R",36369,"R",0,"R",1152
206349,"R",24969,"R",0,"R",6091
206358,"R",0,"R",63000,"A",
206394,"R",9635,"R",0,"A",
206428,"R",0,"R",46800,"A",
206437,"R",39412,"R",0,"R",4166
206446,"R",64873,"R",0,"A",
206482,"R",0,"R",125760,"A",
206491,"R",35504,"R",0,"A",
206507,"R",51888,"R",0,"R",574
206516,"Z",0,"A",,"R",1729
206525,"R",76298,"R",0,"R",732
206589,"R",61259,"R",0,"A",
206604,"R",478239,"R",0,"R",80589
206613,"R",34146,"R",0,"R",2497
206622,"R",116119,"R",0,"R",46530
206631,"R",22627,"R",0,"A",
206695,"R",307960,"R",0,"R",19978
206783,"R",5140,"R",0,"A",
206817,"R",12546,"R",0,"A",
206835,"R",20242,"R",0,"A",
206862,"R",47146,"R",0,"R",7481
206880,"R",0,"R",54750,"A",
206905,"R",0,"R",229575,"A",
206914,"R",120771,"R",0,"R",9229
206923,"R",50490,"R",0,"A",
206932,"R",0,"R",3450,"A",
206941,"R",313342,"R",0,"R",35599
206969,"R",0,"R",48000,"A",
206996,"R",50258,"R",0,"A",
207041,"R",97248,"R",0,"R",13520
207050,"R",46314,"R",0,"A",
207069,"R",42795,"R",0,"A",
207087,"R",0,"R",62250,"A",
207102,"R",0,"R",105000,"A",
207157,"R",6724,"R",0,"R",82
207166,"R",0,"R",51000,"A",
207209,"R",75448,"R",0,"R",1764
207236,"R",44159,"R",0,"A",
207254,"R",81504,"R",0,"A",
207263,"R",203813,"R",0,"R",20952
207272,"R",0,"R",61500,"A",
207281,"R",72749,"R",0,"A",
207290,"R",48373,"R",0,"A",
207306,"R",47641,"R",0,"R",4025
207315,"A",,"A",,"R",799
207324,"R",43824,"R",0,"R",2014
207342,"R",19345,"R",0,"R",24686
207351,"R",10572,"R",0,"A",
207388,"R",504803,"R",0,"R",83909
207397,"R",96754,"R",0,"A",
207403,"R",46202,"R",0,"R",315
207449,"R",219753,"R",0,"A",
207458,"R",44280,"R",0,"R",34820
207500,"R",533684,"R",0,"R",111408
207537,"R",3211,"R",54720,"A",
207564,"R",75185,"R",0,"A",
207582,"R",110889,"R",0,"R",12832
207607,"R",0,"R",56175,"A",
207625,"R",0,"R",521260,"A",
207634,"R",0,"R",40796,"A",
207661,"R",71875,"R",0,"A",
207670,"R",143436,"R",0,"A",
207689,"R",20335,"R",0,"A",
207704,"R",0,"R",182100,"A",
207722,"R",36607,"R",0,"A",
207740,"R",43558,"R",0,"A",
207786,"R",0,"R",792000,"A",
207838,"R",0,"R",49500,"A",
207847,"R",93625,"R",0,"R",6411
207856,"R",4197,"R",53685,"R",1998
207865,"R",121127,"R",0,"R",15437
207935,"R",315929,"R",0,"A",
207962,"R",16089,"R",402225,"A",
207971,"R",80089,"R",0,"R",11323
208017,"R",0,"R",69600,"A",
208026,"R",0,"R",182529,"A",
208035,"R",40473,"R",0,"A",
208044,"R",0,"R",36000,"A",
208053,"R",0,"R",86646,"A",
208080,"R",0,"R",64610,"A",
208187,"R",0,"R",110550,"A",
208239,"R",13572,"R",0,"A",
208248,"R",0,"R",349440,"A",
208275,"R",60322,"R",0,"A",
208318,"R",124638,"R",0,"A",
208390,"R",96460,"R",1587880,"A",
208406,"R",165181,"R",3077309,"A",
208415,"R",52418,"R",0,"A",
208433,"R",0,"R",90609,"A",
208479,"R",0,"R",505055,"A",
208488,"R",23811,"R",0,"R",6822
208512,"R",0,"R",71265,"A",
208646,"R",102316,"R",0,"R",3458
208655,"R",0,"R",247250,"A",
208725,"R",6425,"R",57254,"A",
208822,"R",46163,"R",0,"R",22596
208859,"R",0,"R",198501,"A",
208965,"R",22014,"R",0,"A",
209038,"R",311690,"R",170344,"A",
209056,"R",56128,"R",0,"R",14529
209065,"R",47399,"R",0,"Z",0
209074,"R",190695,"R",0,"A",
209083,"R",0,"R",13225,"A",
209108,"R",20573,"R",0,"R",7815
209153,"R",0,"R",168804,"A",
209205,"R",0,"R",176700,"A",
209241,"R",956,"R",0,"R",262
209250,"R",122365,"R",1555039,"A",
209287,"R",17200,"R",0,"R",5066
209296,"A",,"A",,"R",3900
209348,"R",1357,"R",32652,"A",
209409,"R",16617,"R",0,"R",2182
209490,"R",20835,"R",0,"R",38989
209506,"R",102087,"R",0,"R",8
209533,"R",2376,"R",0,"R",132
209542,"R",668062,"R",0,"R",115625
209551,"R",658636,"R",0,"R",122514
209603,"R",8113,"R",0,"A",
209612,"R",37818,"R",0,"R",51881
209667,"R",0,"R",159426,"A",
209676,"R",0,"R",286029,"A",
209694,"R",0,"R",182871,"A",
209700,"R",0,"R",46250,"A",
209719,"R",0,"R",69274,"A",
209746,"R",700680,"R",0,"A",
209807,"R",512070,"R",0,"R",133894
209825,"R",83248,"R",0,"R",10475
209922,"R",36652,"R",0,"R",188
209940,"R",77305,"R",762647,"A",
209986,"R",0,"R",45085,"A",
210076,"R",57140,"R",0,"A",
210100,"R",0,"R",176800,"A",
210146,"R",175749,"R",0,"R",11670
210155,"R",31579,"R",328215,"A",
210234,"R",51861,"R",268646,"A",
210270,"R",66369,"R",13379,"A",
210304,"R",14166,"R",0,"R",103
210331,"R",21213,"R",0,"A",
210340,"R",0,"R",97150,"A",
210359,"R",31200,"R",0,"A",
210368,"A",,"A",,"R",9002
210401,"R",52133,"R",0,"R",7971
210429,"R",173174,"R",0,"R",11784
210456,"R",4673,"R",0,"A",
210474,"R",0,"R",24900,"A",
210483,"R",206736,"R",206736,"A",
210492,"R",4085,"R",0,"R",111
210508,"A",,"A",,"R",12150
210571,"R",60223,"R",0,"R",210
210599,"R",0,"R",231840,"A",
210605,"R",177303,"R",0,"A",
210669,"R",61872,"R",0,"A",
210711,"R",0,"R",137850,"A",
210739,"R",58569,"R",0,"R",12422
210748,"R",0,"R",72500,"A",
210775,"R",51666,"R",0,"R",8196
210784,"R",0,"R",240250,"A",
210809,"A",,"A",,"R",5187
210890,"R",5880,"R",0,"A",
210906,"R",15290,"R",0,"A",
210942,"R",127255,"R",0,"A",
210951,"R",0,"R",71600,"A",
210960,"R",122907,"R",0,"A",
211006,"R",0,"R",611520,"A",
211024,"R",23288,"R",0,"R",1911
211079,"R",55714,"R",0,"A",
211088,"R",46373,"R",0,"R",25922
211112,"R",2629,"R",117900,"A",
211130,"A",,"A",,"R",5222
211149,"R",0,"R",149000,"A",
211158,"R",217746,"R",0,"R",13906
211185,"R",0,"R",28440,"A",
211200,"R",14264,"R",0,"A",
211246,"R",1972,"R",36000,"A",
211273,"R",10247,"R",0,"R",8123
211291,"R",118052,"R",0,"R",2266
211307,"R",162745,"R",1369,"A",
211316,"R",0,"R",67601,"A",
211325,"R",1845,"R",0,"A",
211334,"R",0,"R",91980,"A",
211343,"R",70658,"R",0,"A",
211352,"R",47441,"R",0,"R",6162
211361,"R",149523,"R",0,"R",20117
211370,"A",,"A",,"R",1899
211398,"R",12330,"R",0,"A",
211431,"R",41636,"R",15000,"R",4494
211440,"R",170937,"R",0,"R",123668
211468,"R",41326,"R",0,"R",673
211477,"R",25967,"R",0,"A",
211495,"R",0,"R",89240,"A",
211556,"R",17225,"R",0,"R",12031
211583,"R",18432,"R",0,"R",7130
211608,"R",35411,"R",0,"R",5571
211617,"R",0,"R",741600,"A",
211635,"R",0,"R",76325,"A",
211644,"R",172380,"R",0,"R",9917
211750,"R",0,"R",402240,"A",
211802,"R",4586,"R",41208,"A",
211820,"R",9270,"R",0,"A",
211893,"R",3976,"R",0,"R",418
211909,"R",3813,"R",119200,"A",
211927,"R",196517,"R",0,"A",
211954,"R",7072,"R",0,"A",
211981,"R",50766,"R",0,"R",858
212009,"R",76064,"R",0,"A",
212018,"A",,"A",,"R",155
212045,"R",12100,"R",330000,"A",
212054,"R",451365,"R",0,"R",82211
212072,"R",1200,"R",507600,"A",
212090,"R",20000,"R",611120,"A",
212106,"R",162280,"R",0,"R",44658
212115,"R",150531,"R",0,"R",22450
212124,"A",,"A",,"R",3553
212133,"R",56982,"R",0,"R",16917
212160,"R",196143,"R",0,"R",16460
212179,"R",2690,"R",45696,"A",
212197,"R",55116,"R",0,"R",162
212212,"R",0,"R",54307,"A",
212230,"R",0,"R",36185,"A",
212267,"R",0,"R",97655,"A",
212276,"R",0,"R",69496,"A",
212285,"R",0,"R",81544,"A",
212294,"R",0,"R",58858,"A",
212300,"R",0,"R",49757,"A",
212328,"R",0,"R",121279,"A",
212337,"R",0,"R",106406,"A",
212346,"R",0,"R",1714,"A",
212355,"R",0,"R",176485,"A",
212364,"R",0,"R",55269,"A",
212373,"R",0,"R",67096,"A",
212382,"R",0,"R",100410,"A",
212391,"R",0,"R",84639,"A",
212407,"R",2500,"R",54500,"A",
212425,"R",14901,"R",0,"A",
212434,"R",208,"R",0,"A",
212443,"A",,"A",,"R",2135
212568,"R",7837,"R",0,"A",
212577,"R",62468,"R",0,"A",
212601,"R",70105,"R",0,"R",20761
212656,"R",56795,"R",0,"R",6334
212674,"R",69563,"R",0,"A",
212683,"R",0,"R",85329,"A",
212708,"R",0,"R",81671,"A",
212726,"R",0,"R",14357,"A",
212744,"R",0,"R",8207,"A",
212753,"R",0,"R",207769,"A",
212771,"R",100,"R",0,"R",2200
212805,"R",70342,"R",0,"Z",0
212832,"R",53663,"R",0,"R",2409
212869,"R",12012,"R",0,"A",
212878,"R",170486,"R",0,"A",
212911,"R",30660,"R",0,"A",
212939,"R",0,"R",46130,"A",
212975,"R",10090,"R",0,"A",
212984,"R",43422,"R",0,"R",12533
212993,"R",4416,"R",0,"A",
213002,"R",51343,"R",26940,"A",
213011,"R",65029,"R",0,"R",11450
213020,"R",342300,"R",0,"R",33128
213057,"R",1200,"R",0,"A",
213163,"R",2032,"R",0,"A",
213181,"R",0,"R",391393,"A",
213215,"R",0,"R",26250,"A",
213233,"R",11919,"R",0,"A",
213251,"R",40052,"R",0,"A",
213303,"R",37798,"R",0,"A",
213312,"R",26124,"R",508108,"A",
213321,"R",56128,"R",0,"R",4132
213330,"R",0,"R",42840,"A",
213349,"R",216588,"R",0,"R",14683
213358,"R",55982,"R",0,"R",4237
213367,"R",111069,"R",0,"R",24485
213376,"R",25942,"R",280320,"A",
213385,"R",71425,"R",0,"A",
213400,"R",17918,"R",0,"R",1167
213428,"R",6504,"R",0,"A",
213446,"A",,"A",,"R",3120
213455,"R",0,"R",93500,"A",
213473,"R",11250,"R",0,"A",
213491,"R",0,"R",64450,"A",
213507,"R",49604,"R",0,"R",2455
213525,"R",99673,"R",0,"A",
213534,"R",22256,"R",0,"A",
213543,"R",146075,"R",0,"R",25947
213552,"R",0,"R",112354,"A",
213570,"R",21468,"R",0,"A",
213589,"R",9576,"R",609940,"A",
213598,"R",45424,"R",0,"R",8059
213613,"R",126031,"R",0,"R",6104
213622,"R",4810,"R",133250,"A",
213631,"A",,"A",,"R",4340
213640,"A",,"A",,"R",672
213659,"R",28353,"R",0,"A",
213668,"R",44771,"R",0,"A",
213686,"R",2712,"R",0,"A",
213738,"R",0,"R",1725,"A",
213774,"R",19235,"R",0,"A",
213783,"R",89363,"R",0,"R",5608
213826,"R",49204,"R",0,"R",21059
213871,"R",6819,"R",137285,"A",
213914,"R",16522,"R",0,"A",
213932,"R",3240,"R",118575,"A",
213987,"R",95675,"R",0,"R",3275
213996,"R",89310,"R",0,"A",
214005,"R",2344,"R",0,"A",
214023,"R",4905,"R",0,"A",
214041,"R",193129,"R",0,"R",28675
214069,"R",50096,"R",0,"R",2035
214111,"R",190047,"R",0,"A",
214148,"R",16208,"R",284,"Z",0
214157,"R",53742,"R",0,"R",2117
214166,"R",35871,"R",0,"R",120
214175,"R",78272,"R",0,"Z",0
214227,"R",72296,"R",0,"A",
214254,"R",0,"R",1011600,"A",
214272,"R",44123,"R",0,"R",6770
214290,"R",0,"R",428800,"A",
214315,"R",5535,"R",0,"A",
214379,"R",113849,"R",0,"A",
214476,"R",108,"R",0,"A",
214528,"R",0,"R",366093,"A",
214546,"R",0,"R",87500,"A",
214564,"A",,"A",,"R",2039
214582,"R",6365,"R",0,"A",
214591,"R",108138,"R",0,"R",1483
214607,"A",,"A",,"R",22204
214616,"A",,"A",,"R",2208
214625,"R",28382,"R",0,"R",183
214634,"R",22306,"R",0,"R",112
214643,"R",22152,"R",0,"R",1126
214652,"R",38106,"R",0,"R",1587
214670,"R",19606,"R",0,"R",399
214689,"R",118450,"R",0,"R",257
214698,"R",22442,"R",0,"R",328
214704,"R",70928,"R",0,"R",524
214713,"R",42968,"R",0,"R",19952
214731,"R",47822,"R",0,"R",6
214740,"R",25922,"R",0,"R",192
214759,"R",29522,"R",0,"R",0
214768,"R",37970,"R",0,"R",30
214777,"R",1091673,"R",0,"R",134842
214786,"R",27083,"R",0,"R",15
214795,"R",28394,"R",0,"R",363
214801,"R",93180,"R",0,"R",3
214810,"R",30098,"R",0,"R",561
214829,"R",37936,"R",0,"R",2293
214838,"R",7800,"R",0,"A",
214883,"R",35589,"R",0,"A",
214892,"R",16272,"R",339025,"A",
214908,"R",0,"R",36000,"A",
214944,"R",0,"R",447066,"A",
214962,"R",0,"R",88050,"A",
214971,"R",6443,"R",0,"R",1353
215008,"R",0,"R",57994,"A",
215026,"R",0,"R",41400,"A",
215053,"R",5378,"R",0,"A",
215062,"R",401419,"R",0,"R",222249
215099,"R",75651,"R",0,"R",9517
215105,"R",56836,"R",0,"R",3853
215114,"R",28319,"R",0,"R",4893
215123,"A",,"A",,"R",15357
215132,"R",39081,"R",0,"R",4302
215239,"R",367427,"R",1525427,"A",
215266,"R",32438,"R",0,"A",
215275,"R",50890,"R",0,"A",
215284,"R",84849,"R",0,"A",
215293,"R",516219,"R",0,"R",222126
215309,"R",11954,"R",0,"A",
215336,"R",0,"R",90720,"A",
215381,"R",15019,"R",697149,"A",
215390,"R",6556,"R",0,"A",
215415,"R",138864,"R",0,"A",
215424,"A",,"A",,"R",6507
215433,"R",15638,"R",0,"A",
215442,"R",68519,"R",0,"R",9859
215479,"R",2457,"R",0,"A",
215488,"R",2484,"R",17577,"A",
215530,"R",0,"R",51172,"A",
215567,"R",0,"R",47880,"A",
215585,"R",74233,"R",0,"A",
215594,"R",2427,"R",0,"A",
215619,"A",,"A",,"R",16
215628,"A",,"A",,"R",1573
215637,"R",7808,"R",0,"A",
215646,"R",93056,"R",1744800,"A",
215655,"R",94950,"R",0,"R",16362
215682,"R",21024,"R",0,"A",
215691,"R",19115,"R",0,"R",5744
215743,"R",41008,"R",0,"R",8906
215752,"R",1330,"R",0,"A",
215770,"R",127946,"R",0,"R",42556
215798,"R",37655,"R",0,"R",1084
215813,"A",,"A",,"R",2442
215868,"R",45393,"R",0,"A",
215886,"R",10620,"R",348825,"A",
215895,"R",62944,"R",0,"A",
215929,"R",129574,"R",0,"R",10286
215947,"R",30239,"R",0,"R",6627
215956,"R",0,"R",18000,"A",
215965,"R",450,"R",0,"A",
215974,"R",9100,"R",0,"A",
215983,"R",0,"R",37500,"A",
215992,"R",7755,"R",0,"A",
216010,"R",189619,"R",0,"R",15172
216038,"R",198128,"R",0,"R",13781
216047,"R",3613,"R",0,"R",1344
216074,"R",1250,"R",1250,"A",
216083,"R",35440,"R",776838,"A",
216108,"R",0,"R",30550,"A",
216162,"R",5520,"R",162000,"A",
216180,"R",771,"R",0,"A",
216223,"R",0,"R",97750,"A",
216278,"R",65537,"R",0,"A",
216287,"R",45998,"R",0,"A",
216296,"R",20655,"R",0,"A",
216311,"R",3838,"R",0,"A",
216339,"R",659108,"R",0,"R",118811
216357,"R",35821,"R",0,"A",
216366,"R",19450,"R",0,"R",15689
216418,"R",4500,"R",0,"A",
216427,"R",9882,"R",0,"A",
216436,"R",16632,"R",0,"A",
216445,"R",11829,"R",0,"A",
216454,"R",17316,"R",0,"A",
216463,"A",,"A",,"R",3906
216524,"R",46473,"R",0,"A",
216542,"R",22167,"R",0,"A",
216551,"R",6840,"R",0,"A",
216579,"R",0,"R",152452,"A",
216597,"R",223305,"R",0,"R",57461
216630,"R",2039,"R",58222,"A",
216649,"R",720,"R",56460,"A",
216667,"R",41711,"R",0,"A",
216694,"R",36096,"R",0,"R",5298
216746,"R",0,"R",34831,"A",
216764,"R",308120,"R",0,"R",31492
216773,"R",4906,"R",0,"A",
216782,"R",12952,"R",323812,"A",
216807,"R",45464,"R",0,"R",2028
216816,"A",,"A",,"R",8882
216825,"R",112009,"R",0,"A",
216852,"R",77605,"R",0,"R",29309
216931,"R",56807,"R",0,"R",34204
216986,"R",8640,"R",0,"A",
217013,"R",5410,"R",0,"A",
217040,"R",1350,"R",0,"R",0
217059,"R",158558,"R",0,"R",2606
217077,"R",60465,"R",0,"A",
217086,"R",12116,"R",0,"A",
217095,"R",0,"R",151500,"A",
217156,"R",191552,"R",0,"R",35580
217165,"R",83648,"R",0,"R",6051
217235,"R",405769,"R",0,"R",18911
217244,"R",78070,"R",1097342,"A",
217305,"R",150332,"R",0,"A",
217350,"R",0,"R",750,"A",
217369,"R",0,"R",750,"A",
217402,"R",118699,"R",0,"R",12254
217420,"R",173378,"R",0,"R",23459
217475,"R",272220,"R",0,"A",
217484,"R",331210,"R",0,"R",36489
217493,"R",40657,"R",0,"R",7645
217518,"R",113138,"R",0,"R",2769
217536,"R",59311,"R",0,"R",4439
217545,"R",66336,"R",1326720,"A",
217572,"R",12384,"R",43817,"A",
217581,"R",0,"R",257100,"A",
217606,"R",8541,"R",0,"A",
217615,"R",55061,"R",0,"A",
217624,"R",13755,"R",0,"A",
217633,"R",40412,"R",0,"A",
217688,"R",66591,"R",0,"R",4956
217712,"R",36277,"R",0,"A",
217721,"R",89672,"R",0,"A",
217749,"R",109873,"R",0,"R",11698
217776,"R",41051,"R",0,"R",7620
217794,"R",0,"R",218380,"A",
217819,"R",294537,"R",0,"R",16521
217828,"R",0,"R",145000,"A",
217837,"R",25935,"R",0,"A",
217864,"R",75859,"R",0,"R",24918
217873,"R",23670,"R",0,"R",1164
217882,"R",422202,"R",0,"R",58507
217891,"R",1720,"R",12,"A",
217907,"R",26413,"R",0,"A",
217916,"R",0,"R",32094,"A",
217925,"R",18618,"R",0,"R",9116
217934,"R",35488,"R",0,"R",7696
217961,"R",19258,"R",0,"R",20272
217989,"R",39536,"R",0,"A",
217998,"R",17596,"R",0,"R",5330
218025,"R",98227,"R",0,"A",
218043,"R",14720,"R",0,"A",
218061,"R",86372,"R",0,"R",6012
218070,"R",86239,"R",0,"R",6251
218089,"R",2979,"R",0,"R",283
218113,"R",249247,"R",0,"A",
218140,"R",105970,"R",0,"A",
218159,"R",0,"R",117480,"A",
218168,"R",65863,"R",0,"A",
218195,"R",0,"R",168340,"A",
218229,"R",72460,"R",0,"R",3988
218238,"R",66684,"R",0,"A",
218265,"A",,"A",,"R",1500
218317,"R",30,"R",7280,"R",90
218335,"R",11459,"R",0,"R",29135
218353,"R",228131,"R",0,"A",
218399,"R",34791,"R",0,"A",
218414,"R",23083,"R",0,"A",
218441,"R",47541,"R",0,"A",
218487,"R",60617,"R",0,"A",
218520,"R",112800,"R",0,"A",
218539,"R",34725,"R",0,"A",
218645,"R",81139,"R",0,"R",1636
218654,"R",22145,"R",0,"A",
218663,"R",479734,"R",0,"R",127881
218672,"R",19587,"R",0,"A",
218681,"R",13868,"R",0,"A",
218690,"R",24916,"R",0,"A",
218706,"R",5929,"R",0,"A",
218724,"R",149687,"R",0,"R",10673
218733,"R",105893,"R",0,"R",16129
218742,"R",116359,"R",0,"R",1143
218821,"R",19943,"R",0,"A",
218830,"R",90606,"R",0,"A",
218858,"R",64248,"R",0,"A",
218867,"R",0,"R",53837,"A",
218885,"R",96702,"R",0,"A",
218894,"R",256413,"R",0,"A",
218919,"R",2628,"R",0,"A",
218955,"R",13918,"R",0,"A",
218964,"R",145046,"R",0,"R",17257
218973,"R",32409,"R",0,"A",
218991,"R",84592,"R",0,"A",
219000,"R",53758,"R",0,"R",473
219037,"R",0,"R",115500,"A",
219046,"R",85580,"R",0,"R",3108
219055,"R",11594,"R",0,"A",
219073,"R",6651,"R",277,"Z",0
219082,"R",46283,"R",0,"R",2730
219091,"R",17868,"R",0,"R",2080
219125,"R",0,"R",72503,"A",
219134,"R",13154,"R",0,"Z",0
219143,"R",41306,"R",0,"A",
219170,"R",0,"R",42944,"A",
219189,"R",25276,"R",0,"A",
219198,"R",25680,"R",0,"R",2193
219204,"R",49302,"R",0,"R",736
219213,"R",12016,"R",0,"A",
219240,"A",,"A",,"R",2805
219259,"R",58392,"R",875880,"R",2458
219277,"R",26075,"R",0,"R",1387
219295,"R",7653,"R",0,"A",
219338,"R",0,"R",1551,"A",
219347,"R",53227,"R",0,"R",5668
219356,"R",225022,"R",0,"R",16527
219374,"R",22611,"R",0,"R",658
219383,"R",34175,"R",0,"R",2864
219392,"R",0,"R",25620,"A",
219408,"R",5219,"R",0,"A",
219426,"R",33695,"R",0,"A",
219471,"R",143420,"R",0,"R",46749
219480,"R",28012,"R",0,"A",
219505,"R",147,"R",5900,"Z",0
219578,"R",5164,"R",0,"Z",0
219587,"R",0,"R",62662,"A",
219596,"R",0,"R",208909,"A",
219602,"R",187236,"R",0,"R",8419
219639,"R",19517,"R",31076,"A",
219709,"R",79912,"R",0,"R",13425
219718,"R",34888,"R",0,"R",3827
219790,"R",18875,"R",0,"A",
219806,"R",59808,"R",0,"R",3910
219824,"R",160668,"R",0,"A",
219833,"R",43365,"R",0,"R",6162
219842,"A",,"A",,"R",5058
219879,"R",67247,"R",0,"A",
219888,"R",101155,"R",0,"A",
219903,"R",0,"R",959342,"A",
219921,"R",0,"R",125997,"A",
219949,"R",26240,"R",0,"R",9216
219976,"R",64693,"R",0,"R",1723
219994,"R",0,"R",417520,"A",
220002,"R",53850,"R",0,"A",
220057,"R",50279,"R",0,"A",
220075,"R",263453,"R",0,"R",32867
220118,"R",7040,"R",0,"A",
220127,"R",0,"R",360560,"A",
220136,"A",,"A",,"R",2485
220163,"R",0,"R",80730,"A",
220181,"R",22915,"R",0,"R",239
220206,"R",8265,"R",0,"A",
220215,"R",46029,"R",0,"R",8618
220251,"R",0,"R",244341,"A",
220279,"R",0,"R",172517,"A",
220312,"R",11415,"R",0,"A",
220321,"R",0,"R",280108,"A",
220394,"R",0,"R",193814,"A",
220400,"R",85494,"R",2300,"A",
220464,"R",2916,"R",0,"A",
220473,"R",15179,"R",0,"R",735
220491,"R",0,"R",60750,"A",
220516,"R",18662,"R",0,"R",710
220552,"R",17689,"R",0,"A",
220589,"R",25174,"R",0,"A",
220598,"R",23086,"R",0,"A",
220604,"R",19476,"R",0,"A",
220613,"R",114123,"R",0,"R",5409
220631,"R",23178,"R",0,"R",29975
220640,"R",0,"R",390603,"A",
220701,"R",17522,"R",0,"A",
220710,"R",32068,"R",0,"A",
220747,"R",900,"R",1500,"A",
220756,"R",0,"R",220793,"A",
220765,"R",0,"R",24000,"A",
220792,"Z",0,"A",,"R",1681
220808,"R",8947,"R",0,"R",876
220853,"R",0,"R",852315,"A",
220862,"R",404480,"R",0,"R",88811
220871,"A",,"A",,"R",3163
220899,"R",1132,"R",90721,"A",
220941,"R",36120,"R",0,"A",
220978,"R",541963,"R",0,"R",32437
220996,"A",,"A",,"R",8700
221014,"R",21919,"R",0,"R",2288
221050,"R",0,"R",677939,"A",
221096,"R",77326,"R",0,"A",
221102,"R",0,"R",279063,"A",
221148,"R",7315,"R",2356201,"A",
221157,"R",15192,"R",303840,"A",
221184,"R",125348,"R",0,"A",
221236,"R",0,"R",201775,"A",
221254,"R",3199,"R",0,"A",
221281,"R",0,"R",327137,"A",
221290,"R",0,"R",133500,"A",
221333,"R",0,"R",288888,"A",
221351,"R",42787,"R",0,"R",261
221388,"R",0,"R",140012,"A",
221397,"R",120010,"R",1753780,"A",
221430,"R",0,"R",184756,"A",
221485,"R",253412,"R",0,"A",
221494,"R",0,"R",414908,"A",
221519,"R",42430,"R",0,"R",288
221582,"R",0,"R",204427,"A",
221591,"R",0,"R",266190,"A",
221607,"R",0,"R",192971,"A",
221616,"R",0,"R",517207,"A",
221625,"R",0,"R",542222,"A",
221634,"R",0,"R",116873,"A",
221643,"R",168795,"R",37350,"A",
221661,"R",56926,"R",0,"R",3636
221731,"R",22642,"R",0,"A",
221740,"R",200725,"R",0,"R",26391
221759,"R",573488,"R",0,"R",193888
221768,"R",159577,"R",0,"R",6597
221795,"R",1890,"R",99000,"A",
221829,"R",0,"R",406500,"A",
221838,"R",59962,"R",0,"R",9358
221847,"R",208148,"R",0,"R",23502
221856,"R",16898,"R",0,"R",135
221892,"R",36093,"R",0,"R",15041
221908,"R",95145,"R",0,"A",
221953,"R",47065,"R",0,"R",3553
221971,"R",52582,"R",0,"R",9312
221999,"R",187654,"R",0,"R",61442
222026,"R",0,"R",96000,"A",
222053,"R",147406,"R",0,"A",
222062,"R",122113,"R",0,"A",
222099,"R",8124,"R",78538,"A",
222105,"R",168,"R",89890,"A",
222178,"R",119151,"R",0,"R",9174
222567,"R",117501,"R",0,"A",
222576,"R",179476,"R",0,"A",
222628,"R",13491,"R",0,"R",17928
222673,"R",32400,"R",64800,"A",
222682,"R",0,"R",170640,"A",
222691,"R",4125,"R",45720,"A",
222707,"R",0,"R",143280,"A",
222761,"R",0,"R",502560,"A",
222822,"R",104992,"R",2133761,"A",
222831,"R",144233,"R",0,"R",7811
222877,"R",4864,"R",0,"A",
222886,"R",0,"R",219600,"A",
222938,"R",68354,"R",0,"A",
222983,"R",44958,"R",0,"R",948
222992,"R",521940,"R",0,"A",
223001,"A",,"A",,"R",4487
223056,"R",0,"R",110410,"A",
223117,"R",915,"R",0,"R",399
223214,"R",1912,"R",0,"R",6257
223223,"A",,"A",,"R",45000
223232,"R",353950,"R",0,"R",50701
223320,"R",51550,"R",716784,"A",
223427,"R",305203,"R",5782857,"A",
223463,"R",76052,"R",1200960,"A",
223472,"R",6680,"R",170500,"A",
223506,"R",47600,"R",659536,"A",
223524,"R",192872,"R",0,"A",
223658,"R",9368,"R",187360,"A",
223667,"R",4575,"R",92300,"A",
223773,"R",78076,"R",0,"A",
223816,"R",417757,"R",8075685,"A",
223852,"R",2370,"R",118500,"A",
223870,"R",0,"R",81684,"A",
223898,"R",65860,"R",0,"A",
223922,"R",20064,"R",426528,"A",
224004,"R",24619,"R",0,"R",1455
224013,"R",0,"R",34482,"A",
224110,"R",104138,"R",532064,"A",
224147,"R",174271,"R",0,"R",23096
224156,"R",0,"R",195225,"A",
224183,"R",39475,"R",0,"A",
224226,"R",78011,"R",0,"R",15859
224244,"R",7722,"R",0,"A",
224271,"R",20370,"R",0,"A",
224305,"A",,"A",,"R",31982
224323,"R",37224,"R",0,"R",30454
224350,"R",145581,"R",2292341,"A",
224402,"R",111691,"R",0,"R",6685
224439,"R",0,"R",940000,"A",
224527,"R",38314,"R",0,"A",
224536,"R",0,"R",46733,"A",
224545,"R",19355,"R",0,"R",7644
224554,"R",140857,"R",0,"R",52595
224572,"R",212381,"R",0,"A",
224615,"R",107114,"R",0,"A",
224642,"R",425778,"R",0,"A",
224660,"R",0,"R",592000,"A",
224679,"R",0,"R",423750,"A",
224712,"A",,"A",,"R",621
224758,"R",0,"R",121500,"A",
224776,"R",69471,"R",0,"A",
224828,"R",0,"R",328500,"A",
224891,"R",19769,"R",230472,"A",
224907,"R",0,"R",147700,"A",
224961,"R",42732,"R",1011186,"A",
225070,"R",79356,"R",1705587,"A",
225201,"R",31141,"R",636055,"A",
225247,"R",52163,"R",0,"R",7068
225308,"R",127292,"R",0,"A",
225371,"R",69621,"R",1603027,"A",
225399,"R",56484,"R",0,"R",9082
225414,"R",93587,"R",0,"R",52752
225423,"R",778912,"R",2222303,"A",
225432,"R",229937,"R",0,"R",1833
225502,"R",23332,"R",0,"R",18915
225511,"R",672793,"R",0,"R",168152
225520,"R",55890,"R",0,"A",
225548,"R",36342,"R",0,"A",
225575,"R",16098,"R",0,"A",
225627,"R",91726,"R",0,"R",12101
225760,"R",0,"R",286731,"A",
225779,"R",33309,"R",457380,"A",
225788,"R",0,"R",484890,"A",
225849,"R",20349,"R",0,"A",
225858,"R",24028,"R",0,"A",
225867,"R",15250,"R",292800,"A",
225876,"R",5201,"R",0,"A",
225885,"R",11800,"R",0,"A",
225991,"R",4300,"R",0,"A",
226019,"R",83414,"R",714128,"A",
226091,"R",217802,"R",0,"R",25584
226107,"R",25742,"R",315696,"A",
226116,"R",51627,"R",1086272,"A",
226125,"R",0,"R",219000,"A",
226134,"R",123113,"R",930384,"A",
226152,"R",80261,"R",0,"R",9638
226204,"R",129995,"R",2792929,"A",
226231,"R",74564,"R",0,"R",7176
226277,"R",0,"R",1330277,"A",
226329,"R",12094,"R",0,"A",
226374,"R",0,"R",41589,"A",
226383,"R",48595,"R",0,"R",3474
226408,"R",64119,"R",576151,"A",
226471,"R",65294,"R",0,"R",3226
226578,"R",113209,"R",1146768,"A",
226587,"R",39206,"R",0,"A",
226675,"R",0,"R",313994,"A",
226772,"R",0,"R",83634,"A",
226790,"R",29106,"R",0,"A",
226806,"R",85918,"R",644384,"A",
226833,"R",147106,"R",0,"R",10134
226860,"R",0,"R",89579,"A",
226879,"R",8055,"R",0,"A",
226903,"R",0,"R",363600,"A",
226930,"R",121106,"R",0,"A",
227003,"R",0,"R",529500,"A",
227058,"R",0,"R",166350,"A",
227146,"R",121731,"R",2614525,"A",
227155,"R",0,"R",48000,"A",
227182,"R",627351,"R",0,"A",
227191,"R",165796,"R",0,"A",
227216,"R",638431,"R",0,"R",102903
227225,"R",54595,"R",0,"A",
227243,"R",26775,"R",0,"A",
227289,"A",,"A",,"R",14729
227298,"R",4750,"R",142500,"A",
227304,"R",71041,"R",853088,"A",
227313,"R",0,"R",272653,"A",
227322,"R",0,"R",152886,"A",
227331,"R",47189,"R",0,"R",17622
227368,"R",350481,"R",0,"R",26931
227377,"R",221888,"R",0,"R",9086
227386,"R",30470,"R",323600,"A",
227401,"R",63020,"R",558485,"A",
227429,"R",10543,"R",0,"A",
227526,"R",166430,"R",0,"R",31561
227687,"R",20579,"R",0,"A",
227757,"R",81000,"R",0,"R",55804
227766,"R",276023,"R",0,"A",
227836,"R",0,"R",906300,"A",
227845,"R",87202,"R",0,"R",13524
227854,"R",110022,"R",4613849,"A",
227863,"R",46521,"R",0,"R",37107
227872,"R",0,"R",45891,"A",
227881,"R",320232,"R",0,"R",28968
227924,"R",276091,"R",7132401,"A",
227979,"R",335100,"R",3256155,"A",
228042,"R",23452,"R",0,"R",996
228088,"R",0,"R",66000,"A",
228149,"R",74223,"R",0,"R",12391
228158,"R",150691,"R",1192800,"A",
228200,"R",0,"R",284979,"A",
228219,"R",0,"R",394993,"A",
228246,"R",189628,"R",0,"R",85260
228282,"R",0,"R",435280,"A",
228291,"R",3607,"R",56160,"A",
228316,"R",62337,"R",665504,"A",
228325,"R",43201,"R",0,"R",2475
228343,"R",36310,"R",0,"A",
228431,"R",292889,"R",0,"R",27336
228459,"R",591497,"R",0,"R",61809
228468,"R",22840,"R",0,"R",467
228477,"R",3757,"R",0,"R",48471
228486,"R",5671,"R",0,"A",
228501,"R",55657,"R",0,"R",15755
228529,"R",197324,"R",0,"R",20075
228547,"R",637051,"R",0,"A",
228608,"R",54410,"R",561780,"A",
228635,"R",6145,"R",0,"R",17218
228644,"R",28589,"R",0,"R",15291
228653,"R",14904,"R",0,"R",16160
228680,"R",635776,"R",3327683,"A",
228699,"R",56344,"R",705818,"A",
228705,"R",146983,"R",0,"R",21776
228714,"R",43152,"R",0,"R",458
228723,"R",1022616,"R",0,"R",149412
228769,"R",457956,"R",0,"R",99175
228778,"R",1080421,"R",0,"R",268589
228787,"R",206572,"R",0,"R",90576
228796,"R",365068,"R",0,"R",42271
228802,"R",83569,"R",0,"R",12045
228820,"R",0,"R",324247,"A",
228866,"R",2107,"R",0,"A",
228875,"R",194848,"R",0,"R",20631
228884,"R",23424,"R",0,"A",
228909,"Z",0,"A",,"R",12284
228981,"R",38476,"R",0,"A",
229018,"R",54264,"R",0,"R",7190
229027,"R",476485,"R",0,"R",55386
229036,"R",0,"R",470987,"A",
229063,"R",200280,"R",0,"R",44137
229115,"R",644027,"R",0,"R",100413
229151,"R",0,"R",85285,"A",
229160,"R",20881,"R",0,"R",13157
229179,"R",66716,"R",0,"R",28145
229267,"R",72219,"R",0,"R",4581
229300,"R",11863,"R",0,"R",35496
229319,"R",57351,"R",1681920,"A",
229328,"R",51489,"R",1531480,"A",
229337,"R",14734,"R",0,"R",17417
229355,"R",208234,"R",0,"A",
229416,"R",0,"R",5069609,"A",
229425,"R",0,"R",335850,"A",
229504,"R",59068,"R",224863,"A",
229522,"R",0,"R",252750,"A",
229540,"R",78753,"R",0,"A",
229780,"R",128471,"R",0,"R",10286
229799,"R",79421,"R",0,"A",
229814,"R",147006,"R",0,"R",23824
229832,"R",30712,"R",683936,"A",
229841,"R",124404,"R",2445249,"A",
229887,"R",18641,"R",0,"A",
229957,"R",0,"R",211500,"A",
229984,"K",4008,"K",0,"K",0
230010,"R",0,"R",435601,"A",
230038,"R",922180,"R",0,"R",74448
230047,"R",85605,"R",0,"A",
230056,"R",15818,"R",0,"A",
230074,"R",2857,"R",85722,"A",
230092,"R",64279,"R",0,"A",
230135,"R",0,"R",206000,"A",
230144,"R",0,"R",232000,"A",
230162,"R",0,"R",654348,"A",
230171,"R",128229,"R",0,"A",
230199,"R",0,"R",82000,"A",
230205,"R",2000,"R",2000,"A",
230214,"R",0,"R",222000,"A",
230223,"R",0,"R",74000,"A",
230366,"R",15589,"R",54420,"A",
230384,"R",18679,"R",0,"A",
230418,"R",32351,"R",0,"A",
230472,"R",47760,"R",0,"A",
230490,"R",0,"R",953613,"A",
230560,"R",0,"R",409327,"A",
230597,"R",87332,"R",7216,"A",
230603,"R",162402,"R",0,"R",4475
230621,"R",35490,"R",324000,"A",
230630,"R",19092,"R",0,"A",
230676,"R",0,"R",238222,"A",
230728,"R",377245,"R",0,"R",31189
230737,"R",539599,"R",0,"A",
230746,"R",486570,"R",0,"A",
230764,"R",598986,"R",0,"R",107506
230782,"R",454524,"R",0,"R",6567
230807,"R",55503,"R",0,"R",7114
230816,"R",19712,"R",0,"R",5600
230825,"R",7091,"R",0,"A",
230834,"R",39662,"R",0,"R",2211
230852,"R",57070,"R",0,"R",531
230861,"R",80752,"R",0,"A",
230889,"R",3825,"R",0,"R",4728
230898,"R",20279,"R",0,"A",
230913,"R",35980,"R",0,"R",3908
230931,"R",34106,"R",0,"R",1266
230940,"R",9718,"R",0,"R",0
230959,"R",61159,"R",0,"R",20172
230977,"R",14408,"R",10400,"A",
230995,"R",54335,"R",0,"R",11538
231004,"R",0,"R",61500,"A",
231059,"R",61492,"R",0,"R",9142
231068,"A",,"A",,"R",20880
231077,"R",3591,"R",0,"R",1509
231086,"R",11462,"R",0,"A",
231095,"R",2795,"R",0,"A",
231147,"A",,"A",,"R",2648
231165,"R",31888,"R",0,"A",
231174,"R",244460,"R",0,"R",20993
231192,"R",4186,"R",0,"Z",0
231280,"R",0,"R",94245,"A",
231402,"A",,"A",,"R",821
231411,"R",17293,"R",0,"A",
231420,"R",51895,"R",0,"R",10736
231536,"R",66539,"R",0,"A",
231554,"R",20285,"R",0,"A",
231572,"R",0,"R",71726,"A",
231581,"R",43595,"R",0,"A",
231624,"R",173256,"R",0,"R",49227
231642,"R",23085,"R",0,"A",
231651,"R",2227,"R",0,"R",57890
231697,"R",72972,"R",0,"A",
231712,"R",131810,"R",0,"R",2320
231721,"R",0,"R",52500,"A",
231785,"R",9935,"R",0,"A",
231828,"R",12360,"R",11439,"A",
231837,"R",18453,"R",0,"A",
231873,"R",22887,"R",0,"A",
231882,"R",72331,"R",0,"A",
231970,"Z",0,"A",,"R",5280
232016,"R",19965,"R",229200,"A",
232025,"R",26084,"R",0,"R",916
232043,"R",32487,"R",0,"R",5543
232052,"R",15169,"R",0,"A",
232089,"R",26313,"R",0,"A",
232186,"R",442228,"R",0,"R",117742
232195,"R",73095,"R",0,"A",
232256,"R",30326,"R",0,"A",
232265,"R",151626,"R",0,"R",13662
232292,"R",3840,"R",96210,"A",
232308,"R",30170,"R",0,"R",4956
232353,"R",0,"R",21000,"A",
232414,"R",191511,"R",0,"A",
232423,"R",440160,"R",0,"R",16769
232450,"R",96368,"R",0,"A",
232469,"R",35592,"R",0,"A",
232502,"R",0,"R",652920,"A",
232557,"R",202531,"R",0,"R",29632
232566,"R",110433,"R",0,"R",7868
232575,"R",84016,"R",0,"A",
232609,"R",48088,"R",0,"R",3568
232618,"R",5998,"R",0,"A",
232672,"R",41636,"R",0,"R",2049
232681,"R",117188,"R",0,"R",6024
232706,"R",57023,"R",0,"R",22633
232724,"R",2767,"R",0,"A",
232788,"R",61817,"R",0,"A",
232797,"R",127710,"R",0,"A",
232867,"R",80207,"R",0,"A",
232885,"R",5211,"R",0,"A",
232919,"R",0,"R",87444,"A",
232937,"R",146780,"R",0,"R",12993
232946,"R",742982,"R",0,"A",
232982,"R",346188,"R",0,"R",83353
233019,"R",69184,"R",0,"A",
233037,"R",24819,"R",0,"A",
233082,"R",2970,"R",0,"A",
233091,"R",15648,"R",0,"A",
233116,"R",68774,"R",0,"A",
233189,"R",0,"R",86400,"A",
233277,"R",213778,"R",0,"R",13238
233286,"R",0,"R",19439,"A",
233295,"R",35369,"R",0,"A",
233301,"R",21957,"R",0,"A",
233310,"R",41117,"R",0,"A",
233329,"R",0,"R",236268,"A",
233338,"R",27074,"R",0,"A",
233356,"R",11340,"R",0,"A",
233374,"R",99205,"R",0,"R",17471
233408,"R",5054,"R",113715,"A",
233417,"R",1419,"R",59598,"A",
233426,"R",57957,"R",0,"A",
233499,"R",18284,"R",0,"A",
233541,"R",42292,"R",0,"R",36050
233611,"R",15293,"R",0,"A",
233639,"R",91508,"R",0,"A",
233648,"R",85958,"R",0,"A",
233657,"R",0,"R",199500,"A",
233666,"R",0,"R",40009,"A",
233718,"R",19170,"R",0,"A",
233754,"R",153665,"R",0,"A",
233772,"R",438612,"R",0,"A",
233842,"A",,"A",,"R",6639
233897,"R",42734,"R",0,"Z",0
233903,"R",50010,"R",0,"A",
233912,"R",40120,"R",0,"A",
233921,"R",673301,"R",0,"R",104014
233949,"R",130598,"R",0,"A",
234030,"R",451477,"R",0,"R",100339
234076,"R",402288,"R",0,"R",171039
234085,"R",44930,"R",0,"A",
234119,"R",0,"R",53863,"A",
234155,"R",120266,"R",0,"R",10638
234164,"R",39336,"R",0,"R",711
234173,"R",18854,"R",0,"A",
234191,"R",0,"R",78687,"A",
234207,"R",64241,"R",0,"R",11160
234216,"R",29632,"R",465707,"A",
234225,"R",0,"R",155400,"A",
234359,"R",0,"R",238803,"A",
234377,"R",52798,"R",0,"A",
234401,"R",0,"R",116115,"A",
234492,"R",114057,"R",0,"A",
234650,"R",0,"R",143959,"A",
234669,"R",416673,"R",0,"A",
234687,"R",0,"R",169200,"A",
234696,"R",76933,"R",0,"A",
234711,"R",74222,"R",0,"A",
234739,"R",0,"R",145940,"A",
234784,"R",0,"R",1161360,"A",
234827,"R",384831,"R",0,"R",15922
234845,"R",95822,"R",0,"A",
234915,"R",69122,"R",0,"R",61979
234924,"R",0,"R",99000,"A",
234933,"R",298765,"R",0,"A",
234951,"R",191864,"R",0,"A",
234960,"R",6839,"R",0,"A",
234979,"R",198605,"R",0,"A",
235024,"R",20113,"R",0,"A",
235088,"R",0,"R",338400,"A",
235097,"R",388046,"R",0,"R",39988
235103,"R",257453,"R",0,"A",
235149,"R",210763,"R",0,"A",
235158,"R",0,"R",156400,"A",
235167,"R",186621,"R",0,"R",9009
235237,"R",233002,"R",0,"A",
235273,"R",0,"R",10800,"A",
235307,"R",0,"R",120170,"A",
235316,"R",114180,"R",0,"R",17180
235334,"R",74107,"R",0,"A",
235343,"R",250280,"R",0,"A",
235352,"R",0,"R",282600,"A",
235422,"R",16688,"R",0,"R",10297
235431,"R",233500,"R",0,"A",
235495,"R",0,"R",35928,"A",
235501,"R",13659,"R",277662,"A",
235510,"R",19052,"R",0,"A",
235529,"R",20992,"R",0,"A",
235547,"R",9489,"R",0,"R",14602
235583,"R",0,"R",293567,"A",
235671,"R",249097,"R",0,"A",
235699,"R",130255,"R",0,"A",
235750,"R",111551,"R",0,"A",
235769,"R",6298,"R",0,"Z",0
236018,"R",0,"R",112800,"A",
236027,"R",0,"R",271000,"A",
236072,"R",185959,"R",0,"A",
236090,"A",,"A",,"R",44
236133,"R",31037,"R",0,"R",1744
236188,"R",212560,"R",0,"A",
236212,"R",0,"R",1028761,"A",
236230,"R",94448,"R",0,"R",10632
236258,"R",111209,"R",0,"A",
236267,"R",0,"R",44535,"A",
236300,"R",3552,"R",0,"A",
236328,"R",80102,"R",0,"R",6030
236382,"R",130135,"R",0,"A",
236452,"R",15659,"R",0,"R",1416
236504,"R",177273,"R",0,"A",
236513,"R",263125,"R",0,"A",
236531,"R",22142,"R",0,"A",
236559,"R",1832,"R",11877,"A",
236577,"R",125081,"R",0,"R",17123
236595,"R",149528,"R",0,"R",77990
236610,"R",256992,"R",0,"A",
236638,"R",182665,"R",0,"A",
236656,"R",161786,"R",0,"A",
236692,"R",298383,"R",0,"A",
236708,"R",291389,"R",0,"A",
236744,"R",0,"R",81000,"A",
236753,"R",246562,"R",0,"A",
236887,"R",142241,"R",0,"A",
236896,"R",68679,"R",0,"R",9862
236939,"R",509291,"R",0,"R",97678
236948,"R",1187432,"R",0,"R",324853
236975,"R",111244,"R",0,"A",
236993,"R",24240,"R",0,"A",
237011,"R",560912,"R",0,"R",25799
237039,"R",137615,"R",0,"A",
237057,"R",45345,"R",0,"A",
237066,"R",62419,"R",0,"R",5763
237109,"R",173047,"R",0,"A",
237118,"R",19121,"R",0,"R",3206
237127,"R",0,"R",43860,"A",
237136,"R",6505,"R",0,"A",
237145,"R",0,"R",30020,"A",
237154,"R",97286,"R",0,"R",10479
237172,"R",1045,"R",241800,"A",
237181,"R",27687,"R",0,"A",
237215,"R",72752,"R",0,"A",
237242,"R",6,"R",1200,"A",
237303,"R",0,"R",368600,"A",
237312,"R",24819,"R",0,"R",758
237321,"R",0,"R",140000,"A",
237330,"R",79331,"R",0,"R",225
237358,"R",18844,"R",0,"A",
237367,"R",103746,"R",0,"R",0
237385,"R",52502,"R",0,"A",
237419,"R",0,"R",13145,"A",
237437,"R",39348,"R",0,"A",
237473,"R",0,"R",223280,"A",
237491,"R",0,"R",51300,"A",
237525,"R",313018,"R",0,"R",63552
237543,"R",0,"R",65700,"A",
237552,"R",4266,"R",71100,"A",
237561,"R",913,"R",117525,"A",
237570,"R",0,"R",57429,"A",
237598,"R",48,"R",0,"A",
237604,"R",0,"R",930480,"A",
237613,"R",0,"R",60425,"A",
237640,"R",16933,"R",0,"A",
237686,"R",71207,"R",65385,"A",
237701,"R",29346,"R",0,"A",
237729,"R",0,"R",138941,"A",
237783,"R",13374,"R",0,"R",3171
237792,"R",109417,"R",0,"R",0
237817,"R",52842,"R",0,"A",
237844,"R",624,"R",437400,"A",
237899,"R",111146,"R",0,"R",39
237905,"R",0,"R",84600,"A",
237932,"R",70645,"R",0,"R",153
237950,"R",56533,"R",671760,"R",372
237969,"R",47295,"R",0,"R",891
237978,"R",6225,"R",0,"A",
237987,"R",5460,"R",0,"A",
237996,"R",2783,"R",0,"A",
238005,"R",0,"R",142000,"A",
238014,"R",52515,"R",0,"A",
238032,"R",507389,"R",0,"R",113048
238078,"R",35389,"R",0,"R",3569
238096,"R",0,"R",1436,"A",
238166,"R",0,"R",75337,"A",
238175,"R",0,"R",123017,"A",
238193,"R",42435,"R",0,"R",2514
238263,"R",63365,"R",0,"A",
238315,"R",490,"R",14490,"A",
238324,"R",3452,"R",0,"A",
238333,"R",39165,"R",0,"A",
238397,"R",46367,"R",457228,"A",
238421,"R",0,"R",107436,"A",
238430,"R",74711,"R",0,"R",55290
238458,"R",73495,"R",0,"R",3478
238476,"R",72426,"R",0,"R",2118
238616,"R",82386,"R",0,"R",13276
238661,"R",47887,"R",0,"R",7733
238722,"R",150771,"R",0,"A",
238759,"R",112464,"R",0,"A",
238786,"R",0,"R",180000,"A",
238810,"R",0,"R",100051,"A",
238892,"R",21412,"R",0,"A",
238935,"R",97,"R",0,"R",6420
238971,"R",0,"R",1224000,"A",
238980,"R",75137,"R",0,"R",4473
239008,"R",46703,"R",0,"A",
239017,"R",39070,"R",0,"A",
239071,"R",22375,"R",0,"R",268
239080,"R",46799,"R",0,"R",13932
239105,"R",228328,"R",0,"R",67094
239132,"R",0,"R",293400,"A",
239169,"A",,"A",,"R",5281
239187,"R",570,"R",0,"A",
239220,"R",56178,"R",0,"A",
239248,"R",312292,"R",0,"A",
239309,"R",17738,"R",0,"A",
239318,"R",92031,"R",0,"R",4104
239372,"R",77873,"R",0,"A",
239390,"R",12541,"R",0,"R",3238
239424,"A",,"A",,"R",1130
239442,"R",35741,"R",0,"A",
239460,"R",70737,"R",0,"A",
239488,"R",119465,"R",0,"A",
239512,"R",23980,"R",0,"R",558
239628,"R",29814,"R",0,"A",
239637,"A",,"A",,"R",111
239716,"R",64512,"R",0,"R",493
239725,"R",0,"R",192600,"A",
239743,"R",12158,"R",0,"R",5695
239752,"A",,"A",,"R",993
239877,"R",0,"R",97520,"A",
239910,"R",31656,"R",0,"A",
239929,"R",23000,"R",24000,"A",
240055,"R",270313,"R",0,"A",
240107,"R",48840,"R",0,"R",31141
240116,"R",59284,"R",0,"A",
240125,"R",91292,"R",2318655,"A",
240170,"R",106830,"R",0,"A",
240189,"R",262570,"R",0,"R",21662
240198,"R",73188,"R",0,"A",
240213,"A",,"A",,"R",336
240240,"R",0,"R",149700,"A",
240268,"R",289367,"R",0,"R",7269
240277,"R",132719,"R",0,"R",3221
240329,"R",238616,"R",0,"R",26847
240338,"R",20626,"R",0,"A",
240365,"R",258431,"R",0,"R",17823
240374,"R",111076,"R",0,"R",1839
240392,"R",33201,"R",963900,"A",
240417,"R",206637,"R",0,"R",14092
240426,"R",64805,"R",0,"R",5658
240444,"R",810817,"R",0,"R",144266
240453,"R",519120,"R",0,"R",64509
240462,"R",154168,"R",0,"R",6776
240471,"R",150196,"R",0,"R",8635
240480,"R",232160,"R",0,"R",8562
240505,"R",78112,"R",0,"A",
240514,"R",33352,"R",0,"A",
240596,"R",23401,"R",0,"A",
240620,"R",74512,"R",0,"A",
240657,"R",39360,"R",0,"A",
240666,"R",42372,"R",0,"A",
240693,"R",45124,"R",0,"A",
240709,"R",0,"R",62700,"A",
240718,"R",174449,"R",3794501,"A",
240727,"R",250273,"R",0,"R",53083
240736,"R",29013,"R",0,"A",
240745,"R",33336,"R",0,"A",
240754,"R",32357,"R",0,"R",2603
240790,"R",22412,"R",0,"A",
240879,"R",0,"R",352560,"A",
240985,"R",13356,"R",0,"A",
241100,"R",55334,"R",0,"R",777
241128,"R",47920,"R",0,"A",
241146,"R",10788,"R",318780,"A",
241182,"R",12576,"R",0,"A",
241191,"R",22849,"R",0,"R",522
241216,"R",25542,"R",0,"R",1764
241225,"R",68818,"R",0,"R",9202
241304,"R",22885,"R",0,"R",709
241331,"R",2242,"R",0,"R",4923
241377,"R",27356,"R",0,"R",3912
241386,"R",15603,"R",0,"R",4887
241395,"R",13896,"R",0,"R",6156
241410,"R",161286,"R",0,"R",31064
241517,"R",5220,"R",404744,"A",
241614,"R",2317,"R",0,"A",
241702,"R",2680,"R",162000,"A",
241720,"R",11914,"R",0,"A",
241739,"R",165223,"R",0,"R",21547
241766,"R",4174,"R",0,"A",
241793,"A",,"A",,"R",1815
241836,"R",23208,"R",208152,"A",
241906,"R",0,"R",800850,"A",
241951,"R",8149,"R",0,"A",
242042,"R",20165,"R",0,"A",
242112,"R",57344,"R",0,"A",
242121,"R",13018,"R",0,"A",
242130,"R",12048,"R",0,"A",
242149,"R",17514,"R",0,"A",
242316,"R",0,"R",245500,"A",
242413,"R",0,"R",63000,"A",
242422,"R",0,"R",21600005,"A",
242556,"R",17888,"R",0,"A",
242565,"R",20165,"R",0,"A",
242583,"R",15625,"R",0,"A",
242617,"R",132491,"R",0,"R",13661
242626,"R",104083,"R",0,"R",56
242635,"R",108685,"R",0,"R",7336
242644,"R",51984,"R",0,"A",
242653,"R",174134,"R",0,"R",43466
242662,"R",125921,"R",0,"A",
242680,"R",55463,"R",0,"A",
242699,"R",57953,"R",0,"R",736
242705,"R",136530,"R",0,"A",
242741,"R",3142,"R",65835,"A",
242750,"R",8787,"R",2366,"A",
242820,"R",16320,"R",626400,"A",
242884,"R",0,"R",1949400,"A",
242945,"R",0,"R",281600,"A",
242954,"R",0,"R",71400,"A",
242972,"R",79403,"R",0,"A",
242981,"R",48489,"R",0,"A",
243072,"R",4336,"R",1313771,"A",
243081,"A",,"A",,"R",34680
243090,"R",40,"R",1500,"A",
243106,"R",88943,"R",0,"A",
243115,"R",143541,"R",0,"A",
243133,"R",75900,"R",4435501,"A",
243142,"R",129977,"R",0,"A",
243151,"R",111641,"R",0,"A",
243179,"R",117680,"R",0,"A",
243188,"R",48093,"R",0,"A",
243197,"R",335528,"R",0,"R",7009
243203,"R",7513,"R",0,"R",12027
243212,"R",100706,"R",0,"A",
243221,"R",230037,"R",0,"R",26607
243346,"R",214420,"R",0,"R",1475
243382,"R",20745,"R",0,"A",
243407,"R",0,"R",36800,"A",
243416,"R",0,"R",549000,"A",
243443,"R",165330,"R",0,"R",7560
243498,"A",,"A",,"R",1257
243568,"R",2670,"R",0,"R",467
243577,"R",150554,"R",0,"R",7848
243586,"R",40919,"R",0,"R",1491
243601,"R",228897,"R",0,"R",27458
243638,"R",33482,"R",0,"A",
243647,"R",9000,"R",0,"A",
243665,"R",15187,"R",0,"R",802
243674,"R",9832,"R",0,"R",502
243744,"R",315917,"R",0,"R",219289
243780,"R",946254,"R",0,"R",160026
243799,"R",0,"R",66942,"A",
243805,"R",2574,"R",0,"R",540
243832,"R",21098,"R",0,"R",1317
243841,"R",13176,"R",0,"A",
243902,"R",0,"R",40500,"A",
244011,"R",34757,"R",0,"A",
244154,"R",18430,"R",0,"A",
244190,"R",4389,"R",0,"R",695
244233,"R",37140,"R",0,"A",
244279,"R",0,"R",46560,"A",
244437,"R",427109,"R",57629,"A",
244446,"R",173388,"R",0,"A",
244464,"R",443,"R",0,"R",323
244491,"R",0,"R",71796,"A",
244561,"R",0,"R",5522,"A",
244613,"R",0,"R",242944,"A",
245032,"R",13993,"R",207180,"A",
245069,"R",0,"R",105400,"A",
245245,"R",39002,"R",0,"R",0
245281,"R",0,"R",6300,"A",
245290,"R",0,"R",151500,"A",
245342,"R",59193,"R",0,"A",
245625,"R",18729,"R",0,"A",
245652,"R",15579,"R",0,"R",2518
245731,"R",615,"R",0,"R",660
245777,"R",1320,"R",0,"R",780
245838,"R",6072,"R",0,"R",13494
245847,"R",5079,"R",0,"R",7674
245865,"A",,"A",,"R",18126
245883,"R",6305,"R",0,"R",20152
245892,"R",5354,"R",0,"R",14706
245953,"R",16603,"R",0,"A",
245962,"R",0,"R",266304,"A",
245980,"R",0,"R",34500,"A",
245999,"R",0,"R",978925,"A",
246008,"R",0,"R",377000,"A",
246017,"R",0,"R",236775,"A",
246035,"R",22652,"R",0,"A",
246071,"R",1520,"R",0,"A",
246202,"R",10377,"R",0,"Z",0
246266,"R",0,"R",970200,"A",
246354,"R",110974,"R",2777185,"A",
246406,"R",0,"R",31892,"A",
246415,"R",0,"R",52800,"A",
246460,"R",0,"R",132000,"A",
246594,"R",0,"R",99000,"A",
246600,"R",10818,"R",0,"A",
246789,"A",,"A",,"R",4309
246813,"R",125905,"R",0,"A",
246895,"R",0,"R",621211,"A",
246974,"R",15615,"R",411385,"A",
247010,"R",0,"R",90000,"A",
247047,"R",0,"R",38715,"A",
247056,"A",,"A",,"R",72
247065,"R",13820,"R",0,"A",
247153,"R",5249,"R",0,"A",
247162,"A",,"A",,"R",1644
247232,"R",2633,"R",64380,"A",
247409,"R",0,"R",108000,"A",
247603,"R",45801,"R",0,"A",
247649,"R",6840,"R",0,"A",
247700,"R",9650,"R",0,"A",
247764,"R",0,"R",0,"R",7173
247773,"R",1036,"R",0,"R",82
247825,"R",588,"R",0,"R",474
247834,"R",276053,"R",0,"A",
247870,"R",0,"R",195228,"A",
247922,"A",,"A",,"R",9360
247940,"R",55809,"R",0,"A",
248031,"R",0,"R",50180,"A",
248165,"R",0,"R",2400,"A",
248192,"R",0,"R",52200,"A",
248305,"R",0,"R",78629,"A",
248314,"R",0,"R",30600,"A",
248527,"R",0,"R",67500,"A",
248606,"R",3391,"R",373800,"A",
248624,"R",0,"R",206682,"A",
248633,"R",0,"R",218960,"A",
248660,"R",0,"R",59280,"A",
248703,"R",0,"R",221924,"A",
248776,"R",69778,"R",0,"A",
248794,"R",45706,"R",0,"A",
248846,"R",9489,"R",0,"A",
248882,"R",10337,"R",0,"A",
248925,"R",0,"R",656986,"A",
248934,"R",105693,"R",0,"A",
248943,"R",37924,"R",0,"A",
248970,"R",15660,"R",222300,"A",
249061,"R",0,"R",154500,"A",
249140,"R",7200,"R",24480,"A",
249238,"R",0,"R",133464,"A",
249247,"R",13248,"R",813520,"A",
249566,"R",0,"R",243330,"A",
249609,"R",0,"R",136910,"A",
249636,"R",0,"R",88645,"A",
249779,"R",3420,"R",0,"A",
250027,"R",13882,"R",265845,"A",
250072,"R",5635,"R",5800,"A",
250285,"R",0,"R",72000,"A",
250407,"R",0,"R",284300,"A",
250498,"R",17426,"R",358620,"A",
250744,"R",10302,"R",0,"A",
250832,"R",0,"R",35276,"A",
250902,"R",0,"R",121000,"A",
250920,"R",25680,"R",513600,"A",
250993,"R",0,"R",55120,"A",
251075,"R",21977,"R",0,"A",
251251,"R",17090,"R",0,"A",
251260,"R",126820,"R",0,"A",
251312,"R",14064,"R",0,"A",
260293,"R",41216,"R",0,"R",1704
260336,"R",0,"R",1044,"A",
260354,"R",8580,"R",0,"A",
260363,"R",0,"R",33026,"A",
260372,"R",10937,"R",0,"A",
260585,"R",0,"R",69361,"A",
260691,"R",0,"R",1363154,"A",
260789,"R",14950,"R",119600,"A",
260804,"R",15413,"R",123300,"A",
260813,"R",13140,"R",13140,"A",
260901,"R",163366,"R",0,"A",
260910,"R",31214,"R",0,"A",
260929,"R",0,"R",520800,"A",
260947,"R",1894,"R",0,"A",
260956,"A",,"A",,"R",840
260965,"R",0,"R",61307,"A",
260974,"R",23444,"R",0,"A",
260992,"R",11688,"R",0,"A",
261375,"R",0,"R",281925,"A",
261384,"R",0,"R",244650,"A",
261393,"R",0,"R",33075,"A",
261436,"R",0,"R",254713,"A",
261472,"R",30492,"R",0,"A",
261676,"R",0,"R",66240,"A",
261685,"R",0,"R",67680,"A",
261719,"R",0,"R",152500,"A",
261773,"R",0,"R",51350,"A",
261861,"R",3058,"R",0,"A",
261931,"R",10701,"R",0,"A",
262013,"R",22755,"R",0,"R",2146
262022,"A",,"A",,"R",4573
262031,"R",129019,"R",0,"A",
262086,"R",67069,"R",0,"R",98921
262129,"R",22500,"R",0,"A",
262156,"R",15205,"R",0,"A",
262235,"R",0,"R",129600,"A",
262299,"R",0,"R",81200,"A",
262305,"R",20496,"R",101280,"A",
262332,"R",0,"R",3395281,"A",
262341,"R",0,"R",367200,"A",
262369,"R",0,"R",116160,"A",
262402,"R",0,"R",224276,"A",
262457,"R",24222,"R",0,"A",
262509,"R",125773,"R",1565840,"A",
262660,"R",0,"R",67133,"A",
362700,"R",0,"R",126964,"A",
362782,"R",0,"R",38700,"A",
363013,"R",0,"R",97200,"A",
363077,"R",0,"R",80439,"A",
363147,"R",0,"R",27869,"A",
363165,"R",0,"R",239372,"A",
363217,"R",0,"R",23168,"A",
363387,"R",41462,"R",0,"A",
363439,"R",16467,"R",0,"A",
363457,"R",0,"R",196480,"A",
363527,"R",10080,"R",147840,"A",
363590,"R",0,"R",294000,"A",
363606,"R",0,"R",212960,"A",
363633,"R",25838,"R",0,"A",
363679,"R",0,"R",66027,"A",
363712,"R",2088,"R",0,"R",2088
363882,"R",0,"R",28733,"A",
363907,"R",11629,"R",0,"R",6579
363916,"R",12933,"R",0,"R",6153
363934,"R",27139,"R",0,"R",243
364016,"R",118550,"R",0,"A",
364025,"R",125033,"R",0,"A",
364122,"R",32,"R",0,"Z",0
364131,"A",,"A",,"R",0
364168,"R",3600,"R",0,"A",
364308,"R",0,"R",252296,"A",
364317,"R",0,"R",900,"A",
364326,"R",0,"R",410800,"A",
364335,"R",0,"R",335700,"A",
364548,"R",0,"R",580109,"A",
364566,"R",0,"R",238829,"A",
364575,"R",1560,"R",78589,"A",
364593,"R",11040,"R",220800,"A",
364609,"R",0,"R",108172,"A",
364618,"R",0,"R",61500,"A",
364627,"R",0,"R",87298,"A",
364636,"R",0,"R",77340,"A",
364751,"R",0,"R",212560,"A",
364760,"R",0,"R",50000,"A",
364812,"R",0,"R",297240,"A",
364876,"R",1356,"R",40680,"A",
364885,"R",31185,"R",50400,"A",
364946,"R",0,"R",457000,"A",
364955,"R",0,"R",906300,"A",
364964,"R",0,"R",90202,"A",
364973,"R",29264,"R",733584,"A",
365055,"R",56976,"R",0,"A",
365073,"R",0,"R",114819,"A",
365091,"R",0,"R",189358,"A",
365125,"R",0,"R",212413,"A",
365198,"R",2625,"R",76125,"A",
365204,"R",18630,"R",372600,"A",
365213,"R",0,"R",626334,"A",
365240,"R",0,"R",42000,"A",
365277,"R",0,"R",10196,"A",
365310,"R",19155,"R",0,"A",
365374,"R",0,"R",707700,"A",
365383,"R",0,"R",218400,"A",
365392,"R",0,"R",27500,"A",
365426,"A",,"A",,"R",6910
365453,"R",0,"R",35000,"A",
365480,"R",0,"R",529500,"A",
365505,"R",0,"R",61283,"A",
365569,"R",0,"R",33245,"A",
365639,"R",8392,"R",83920,"A",
365693,"R",0,"R",180050,"A",
365824,"R",0,"R",79920,"A",
365833,"R",0,"R",89280,"A",
365912,"R",0,"R",415800,"A",
365930,"R",0,"R",56304,"A",
366155,"R",0,"R",57000,"A",
366191,"R",0,"R",4028761,"A",
366252,"R",158215,"R",0,"A",
366261,"R",9100,"R",80276,"A",
366270,"R",0,"R",893910,"A",
366289,"R",4584,"R",0,"A",
366340,"R",2635,"R",0,"A",
366368,"A",,"A",,"R",3725
366395,"R",396496,"R",0,"A",
366401,"R",121374,"R",15257,"A",
366438,"R",0,"R",35520,"A",
366447,"R",53810,"R",0,"A",
366456,"R",62062,"R",0,"A",
366465,"R",86063,"R",0,"A",
366535,"R",53136,"R",0,"A",
366544,"R",34010,"R",371510,"A",
366553,"R",10789,"R",0,"A",
366571,"R",0,"R",63920,"A",
366580,"R",10933,"R",0,"A",
366605,"A",,"A",,"R",4730
366614,"R",0,"R",246900,"A",
366623,"R",0,"R",53550,"A",
366632,"R",70805,"R",1500,"A",
366650,"R",22888,"R",0,"A",
366678,"R",26162,"R",0,"A",
366696,"R",29923,"R",0,"A",
366711,"R",173106,"R",0,"R",8536
366748,"R",276,"R",0,"R",6412
366784,"R",36,"R",0,"R",1274
366793,"A",,"A",,"R",528
366906,"R",13175,"R",252960,"A",
366960,"R",29162,"R",0,"A",
367024,"R",36932,"R",0,"A",
367051,"R",0,"R",114000,"A",
367088,"R",0,"R",35497,"A",
367097,"R",2935,"R",31900,"A",
367103,"R",3996,"R",63825,"A",
367112,"R",30288,"R",1211520,"A",
367130,"R",0,"R",172700,"A",
367158,"R",0,"R",82800,"A",
367176,"R",0,"R",225000,"A",
367194,"R",13725,"R",0,"A",
367316,"R",25500,"R",546000,"A",
367334,"R",0,"R",101520,"A",
367343,"R",19720,"R",43500,"A",
367361,"R",1258,"R",27380,"A",
367389,"R",18855,"R",0,"A",
367398,"R",11399,"R",242750,"A",
367413,"R",69405,"R",0,"A",
367431,"R",0,"R",63000,"A",
367459,"R",83174,"R",0,"A",
367608,"R",0,"R",112360,"A",
367662,"R",0,"R",78289,"A",
367723,"R",0,"R",8829,"A",
367839,"R",801,"R",0,"A",
367875,"R",0,"R",143650,"A",
367884,"R",36312,"R",0,"R",2643
367893,"R",363,"R",0,"R",474
367909,"R",9412,"R",0,"R",2581
367936,"R",861,"R",0,"R",13972
367972,"R",0,"R",172900,"A",
367981,"R",0,"R",102025,"A",
367990,"R",0,"R",179340,"A",
368036,"R",0,"R",68704,"A",
368160,"R",0,"R",93060,"A",
368188,"R",0,"R",157500,"A",
368203,"R",0,"R",127500,"A",
368230,"R",0,"R",176400,"A",
368364,"R",1050,"R",90000,"A",
368407,"R",0,"R",61698,"A",
368443,"R",14827,"R",0,"A",
368452,"R",76,"R",8100,"A",
368540,"R",0,"R",36000,"A",
368601,"R",16280,"R",0,"A",
368629,"R",0,"R",776334,"A",
368771,"R",4272,"R",128160,"A",
368780,"R",0,"R",262271,"A",
368799,"R",0,"R",284072,"A",
368805,"R",0,"R",934920,"A",
368832,"R",0,"R",114995,"A",
368911,"R",55282,"R",0,"A",
368993,"R",0,"R",68887,"A",
369020,"R",0,"R",56000,"A",
369084,"R",19051,"R",0,"A",
369109,"R",0,"R",73560,"A",
369172,"R",51014,"R",0,"A",
369181,"R",15869,"R",0,"A",
369242,"R",0,"R",174000,"A",
369400,"R",0,"R",3047551,"A",
369419,"R",0,"R",2150201,"A",
369446,"R",0,"R",248250,"A",
369455,"R",80,"R",1200,"A",
369516,"R",6936,"R",0,"A",
369622,"R",0,"R",126000,"A",
369659,"A",,"A",,"R",10959
369668,"R",0,"R",58,"A",
369686,"R",0,"R",171608,"A",
369695,"R",0,"R",194554,"A",
369783,"R",0,"R",759557,"A",
369792,"R",0,"R",49080,"A",
369817,"A",,"A",,"R",1830
369853,"R",0,"R",138629,"A",
369862,"R",0,"R",125388,"A",
369905,"R",4659,"R",6212,"A",
369950,"R",0,"R",70972,"A",
371034,"R",0,"R",31500,"A",
371052,"R",0,"R",1369860,"A",
371140,"R",0,"R",85800,"A",
371186,"R",2952,"R",59040,"A",
371265,"R",0,"R",671730,"A",
371760,"R",36932,"R",0,"A",
371779,"R",70688,"R",0,"A",
371830,"R",0,"R",92111,"A",
371928,"R",1159,"R",198189,"A",
371964,"R",7167,"R",215000,"A",
371982,"R",40898,"R",586800,"A",
372028,"R",0,"R",70348,"A",
372037,"R",0,"R",409536,"A",
372073,"R",0,"R",159687,"A",
372082,"R",0,"R",9670,"A",
372143,"R",0,"R",636860,"A",
372161,"R",6840,"R",136800,"A",
372213,"R",611311,"R",0,"R",286736
372222,"R",66122,"R",0,"R",14233
372240,"R",0,"R",19260,"A",
372329,"R",6360,"R",128808,"A",
372356,"R",0,"R",250155,"A",
372462,"R",0,"R",40390,"A",
372480,"R",0,"R",272957,"A",
372505,"R",0,"R",66304,"A",
372578,"R",21228,"R",0,"A",
372718,"R",0,"R",54506,"A",
372772,"R",0,"R",230039,"A",
372833,"R",0,"R",104640,"A",
372921,"R",9956,"R",298680,"A",
372958,"R",22752,"R",324216,"A",
373058,"R",34164,"R",0,"A",
373085,"R",7928,"R",0,"A",
373119,"R",0,"R",192424,"A",
373216,"R",0,"R",128593,"A",
373261,"R",1500,"R",1080,"A",
373340,"R",0,"R",163581,"A",
373447,"R",1824,"R",0,"A",
373535,"R",0,"R",112108,"A",
373605,"R",0,"R",48876,"A",
373669,"R",0,"R",1044,"A",
373678,"R",0,"R",99000,"A",
373696,"R",0,"R",201110,"A",
373711,"R",556,"R",540,"A",
373784,"R",0,"R",197238,"A",
373827,"R",5658,"R",0,"A",
373890,"R",0,"R",366480,"A",
373906,"R",0,"R",72900,"A",
373951,"R",0,"R",32079,"A",
374024,"A",,"A",,"R",950
374060,"R",0,"R",10050,"A",
374112,"R",0,"R",28390,"A",
374291,"R",0,"R",67500,"A",
374316,"R",0,"R",4193625,"A",
374440,"R",0,"R",61500,"A",
374495,"R",0,"R",57000,"A",
374574,"R",21744,"R",0,"A",
374592,"R",0,"R",105546,"A",
374680,"R",0,"R",196352,"A",
374699,"R",0,"R",144364,"A",
374875,"R",23922,"R",514064,"A",
374927,"R",0,"R",99600,"A",
374972,"R",16197,"R",105287,"A",
374990,"R",0,"R",56580,"A",
375009,"R",0,"R",28140,"A",
375106,"R",0,"R",40570,"A",
375230,"R",4170,"R",0,"A",
375300,"R",0,"R",423000,"A",
375319,"R",0,"R",168300,"A",
375373,"R",0,"R",81900,"A",
375407,"R",0,"R",18084,"A",
375416,"R",15648,"R",222984,"A",
375470,"R",0,"R",5760,"Z",0
375489,"R",28656,"R",0,"A",
375540,"R",0,"R",122400,"A",
375559,"R",0,"R",118000,"A",
375568,"R",0,"R",14172,"A",
375647,"R",5320,"R",0,"A",
375656,"R",0,"R",93173,"A",
375683,"R",0,"R",294000,"A",
375692,"R",0,"R",100800,"A",
375708,"R",0,"R",250000,"A",
375717,"R",0,"R",157000,"A",
375726,"R",0,"R",179550,"A",
375735,"R",888,"R",191925,"A",
375744,"R",0,"R",560950,"A",
375753,"R",0,"R",26647,"A",
375762,"R",0,"R",49644,"A",
375841,"R",96942,"R",1035648,"A",
375878,"R",0,"R",168250,"A",
375902,"R",0,"R",15300,"A",
375939,"R",14740,"R",294800,"A",
375948,"R",0,"R",1538200,"A",
375966,"R",0,"R",103275,"A",
375984,"R",0,"R",157796,"A",
376039,"R",2034,"R",109890,"A",
376109,"R",0,"R",23242,"A",
376118,"R",0,"R",247576,"A",
376127,"R",0,"R",183432,"A",
376136,"R",12588,"R",300752,"A",
376224,"R",2340,"R",311484,"A",
376242,"R",0,"R",147600,"A",
376288,"R",1296,"R",38880,"A",
376321,"R",18900,"R",0,"A",
376330,"R",26892,"R",0,"A",
376349,"R",0,"R",337050,"A",
376385,"R",10882,"R",746414,"A",
376446,"R",0,"R",154600,"A",
376631,"R",0,"R",89600,"A",
376668,"R",0,"R",157500,"A",
376677,"R",0,"R",94800,"A",
376695,"R",16700,"R",0,"A",
376950,"R",4103,"R",118000,"A",
376987,"R",0,"R",141000,"A",
377069,"R",37728,"R",0,"A",
377111,"R",14400,"R",728000,"A",
377193,"R",0,"R",9000,"A",
377218,"R",0,"R",74880,"A",
377236,"R",0,"R",54934,"A",
377272,"R",0,"R",42450,"A",
377281,"R",0,"R",164400,"A",
377315,"R",0,"R",151254,"A",
377342,"R",5714,"R",171444,"A",
377403,"R",1500,"R",1500,"A",
377421,"R",0,"R",147750,"A",
377449,"R",0,"R",221760,"A",
377458,"R",0,"R",496128,"A",
377485,"R",0,"R",1494,"A",
377519,"R",16218,"R",326904,"A",
377546,"R",6075,"R",109350,"A",
377555,"R",53781,"R",0,"R",6387
377564,"R",65566,"R",0,"R",8956
377634,"R",402,"R",17224,"A",
377643,"R",0,"R",142460,"A",
377652,"R",3112,"R",0,"A",
377661,"R",2808,"R",0,"A",
377670,"R",1405,"R",0,"A",
377722,"R",0,"R",345328,"A",
377759,"R",0,"R",131520,"A",
378105,"R",7810,"R",0,"A",
378406,"R",28400,"R",0,"A",
378576,"A",,"A",,"R",15334
378956,"R",0,"R",295680,"A",
379029,"R",0,"R",409648,"A",
379074,"R",0,"R",35700,"A",
379135,"R",0,"R",279000,"A",
379463,"R",0,"R",122560,"A",
379621,"R",0,"R",194589,"A",
379685,"R",900,"R",505500,"A",
379746,"R",0,"R",1694,"A",
379782,"R",6594,"R",105504,"R",2010
379889,"R",30,"R",16,"R",30
380067,"R",1293,"R",203647,"A",
380094,"R",16032,"R",288200,"A",
380137,"R",0,"R",137700,"A",
380298,"R",21733,"R",0,"A",
380359,"R",7304,"R",0,"A",
380368,"R",25860,"R",0,"A",
380377,"R",11414,"R",0,"A",
380401,"R",0,"R",211327,"A",
380410,"R",0,"R",447500,"A",
380438,"R",22473,"R",0,"A",
380447,"R",0,"R",163520,"A",
380456,"R",0,"R",235440,"A",
380465,"R",39158,"R",0,"R",18324
380474,"R",42710,"R",718050,"A",
380836,"R",17561,"R",0,"A",
380845,"R",16943,"R",0,"A",
380854,"R",25441,"R",0,"A",
380863,"R",14523,"R",0,"A",
380872,"R",27089,"R",0,"A",
381237,"R",0,"R",136290,"A",
381255,"R",0,"R",113070,"A",
381282,"R",0,"R",193720,"A",
381325,"R",0,"R",151950,"A",
381334,"R",0,"R",48870,"A",
381343,"R",0,"R",60570,"A",
381352,"A",,"A",,"R",3897
381370,"R",0,"R",514680,"A",
381404,"R",0,"R",159842,"A",
381486,"R",0,"R",18975,"A",
381501,"R",24,"R",1000,"A",
381529,"R",28540,"R",0,"A",
381617,"R",39970,"R",410877,"A",
381635,"R",0,"R",125350,"A",
381644,"R",0,"R",298368,"A",
381699,"R",0,"R",46000,"A",
381705,"R",0,"R",65250,"A",
381732,"R",2108,"R",126955,"A",
381741,"R",16912,"R",0,"A",
381750,"R",0,"R",105450,"A",
381787,"R",40830,"R",471810,"Z",0
381796,"R",20743,"R",265680,"A",
381848,"R",5439,"R",8272,"A",
381909,"R",33643,"R",0,"A",
381945,"R",0,"R",200160,"A",
381990,"R",10836,"R",0,"A",
382018,"R",0,"R",30448,"A",
382027,"R",11922,"R",0,"A",
382054,"R",0,"R",445283,"A",
382063,"R",6920,"R",0,"R",24183
382106,"R",0,"R",21000,"A",
382258,"R",0,"R",194250,"A",
382267,"R",0,"R",250343,"A",
382276,"R",0,"R",13000,"A",
382382,"R",0,"R",183060,"A",
382416,"R",0,"R",866663,"A",
382443,"R",0,"R",3832,"A",
382461,"R",0,"R",2081600,"A",
382504,"R",17950,"R",0,"A",
382531,"R",29646,"R",0,"A",
382708,"R",5292,"R",0,"A",
382771,"R",13632,"R",267740,"A",
382780,"R",0,"R",103500,"A",
382896,"R",99,"R",600,"Z",0
382902,"R",0,"R",45342,"A",
382911,"R",3394,"R",0,"A",
382957,"R",0,"R",105660,"A",
382975,"R",0,"R",279726,"A",
383020,"A",,"A",,"R",4576
383084,"R",0,"R",2800001,"A",
383163,"R",0,"R",436520,"A",
383172,"R",0,"R",194320,"A",
383190,"R",41822,"R",0,"A",
383251,"R",0,"R",111000,"A",
383279,"R",0,"R",82920,"A",
383297,"R",0,"R",120449,"A",
383312,"R",0,"R",75480,"A",
383330,"R",0,"R",18909,"A",
383367,"R",0,"R",253008,"A",
383376,"R",0,"R",71665,"A",
383400,"R",2822,"R",0,"A",
383419,"R",0,"R",42469,"A",
383464,"R",0,"R",45000,"A",
383507,"R",876,"R",0,"A",
383525,"R",0,"R",120330,"A",
383765,"R",0,"R",228681,"A",
383792,"R",1293,"R",232238,"A",
383880,"R",0,"R",392326,"A",
383899,"R",14941,"R",346230,"A",
383950,"R",11457,"R",0,"A",
383996,"R",9814,"R",0,"A",
384184,"R",0,"R",427380,"A",
384193,"R",0,"R",298680,"A",
384209,"R",124310,"R",1891680,"A",
384254,"R",2334,"R",0,"A",
384306,"A",,"A",,"R",2549
384333,"R",78544,"R",0,"A",
384342,"R",93312,"R",0,"A",
384360,"R",58812,"R",0,"A",
384379,"R",30026,"R",0,"A",
384388,"R",18400,"R",0,"A",
384397,"R",21272,"R",0,"A",
384412,"R",1835,"R",0,"A",
384421,"R",1860,"R",0,"A",
385008,"R",0,"R",765406,"A",
385132,"R",0,"R",46888,"A",
385503,"R",11498,"R",237250,"A",
385549,"R",0,"R",212050,"A",
385619,"R",7006,"R",0,"R",1120
385929,"R",0,"R",62880,"A",
386153,"R",15630,"R",0,"A",
386472,"R",896,"R",0,"A",
387235,"R",0,"R",17424,"A",
387660,"R",0,"R",5760,"A",
387819,"R",0,"R",60000,"A",
387837,"R",870,"R",0,"R",360
387925,"R",0,"R",199505,"A",
388043,"R",14190,"R",0,"A",
388098,"R",0,"R",944,"A",
388511,"R",0,"R",119400,"A",
388520,"R",19097,"R",0,"A",
388663,"R",0,"R",108090,"A",
388681,"R",0,"R",94500,"A",
389620,"R",0,"R",38220,"A",
389727,"R",0,"R",710558,"A",
389860,"R",0,"R",185649,"A",
390394,"R",0,"R",193000,"A",
390701,"R",154992,"R",1859904,"R",4256
390905,"R",0,"R",58800,"A",
391333,"R",0,"R",70800,"A",
391564,"R",2091,"R",62722,"A",
391582,"R",0,"R",26110,"A",
391616,"R",0,"R",49290,"A",
391759,"R",0,"R",15000,"A",
391810,"R",0,"R",73420,"A",
392257,"R",6732,"R",235620,"A",
392415,"R",1584,"R",0,"A",
392798,"R",0,"R",99000,"A",
392840,"R",7190,"R",0,"R",350
393180,"R",0,"R",359232,"A",
393524,"R",0,"R",170823,"A",
393861,"R",0,"R",268543,"A",
393977,"R",0,"R",39715,"A",
394679,"R",0,"R",163048,"A",
394846,"R",0,"R",130860,"A",
395283,"R",11412,"R",228240,"A",
395362,"R",28039,"R",14333,"A",
395733,"R",2935,"R",88050,"A",
396000,"R",0,"R",95350,"A",
396152,"R",30368,"R",3796,"A",
396310,"R",0,"R",90800,"A",
397270,"R",0,"R",15840,"A",
397641,"R",0,"R",262800,"A",
397942,"R",0,"R",101520,"A",
398130,"R",47886,"R",0,"A",
398574,"R",81702,"R",980424,"A",
399212,"R",191423,"R",49010,"A",
399869,"R",19740,"R",223380,"R",52
399911,"R",8275,"R",0,"R",243
400080,"R",0,"R",381307,"A",
400637,"R",0,"R",619020,"A",
401250,"A",,"A",,"R",8484
401481,"R",0,"R",231650,"A",
402493,"R",22465,"R",0,"R",29177
402563,"R",0,"R",173620,"A",
402615,"R",50923,"R",0,"R",5212
402633,"R",5118,"R",0,"A",
402776,"R",17000,"R",0,"A",
402800,"R",0,"R",672600,"A",
402828,"A",,"A",,"R",725
403405,"R",900,"R",129000,"A",
403414,"R",0,"R",90000,"A",
403469,"R",28485,"R",0,"A",
403478,"R",34354,"R",0,"A",
403487,"R",63723,"R",0,"A",
404055,"R",13550,"R",260160,"A",
404073,"R",78894,"R",0,"R",0
404082,"R",119301,"R",0,"R",0
404329,"R",308,"R",0,"A",
404338,"R",4114,"R",0,"R",2130
404365,"R",24717,"R",0,"A",
404374,"R",7524,"R",16500,"A",
404383,"R",22494,"R",58704,"A",
404426,"R",50491,"R",0,"A",
404499,"R",0,"R",694860,"A",
404505,"R",78500,"R",136800,"A",
404514,"R",0,"R",510919,"A",
404532,"R",0,"R",90000,"A",
404648,"R",37608,"R",0,"A",
404657,"A",,"A",,"R",1320
404675,"R",0,"R",606,"A",
404684,"R",0,"R",613080,"A",
404718,"R",0,"R",102000,"A",
404806,"R",9372,"R",0,"A",
404912,"R",0,"R",1196728,"A",
404921,"R",25221,"R",378320,"A",
404949,"R",58787,"R",0,"R",61486
404994,"R",44280,"R",0,"A",
405003,"R",0,"R",1800,"A",
405012,"R",0,"R",1800,"A",
405021,"R",0,"R",1800,"A",
405058,"R",3510,"R",0,"A",
405076,"R",0,"R",494100,"A",
405173,"R",3396,"R",0,"A",
405562,"R",0,"R",556800,"A",
405748,"R",0,"R",50683,"A",
405784,"A",,"A",,"R",1800
405854,"R",4740,"R",0,"A",
405872,"R",51558,"R",0,"A",
405979,"R",40849,"R",0,"R",19122
405988,"R",38737,"R",0,"R",21364
405997,"R",57306,"R",0,"R",13134
406006,"R",78461,"R",0,"R",19962
406015,"R",181560,"R",0,"R",42196
406024,"R",0,"R",197280,"A",
406033,"R",0,"R",73440,"A",
406051,"R",0,"R",124500,"A",
406060,"R",0,"R",66000,"A",
406149,"R",0,"R",82560,"A",
406194,"R",1385710,"R",18404613,"A",
406200,"R",35684,"R",0,"A",
406219,"R",15712,"R",158425,"A",
406264,"R",32100,"R",348600,"A",
406273,"R",0,"R",43008,"A",
406325,"R",0,"R",78520,"A",
406361,"R",0,"R",59598,"A",
406398,"R",0,"R",416517,"A",
406413,"R",0,"R",60840,"A",
406422,"R",0,"R",84915,"A",
406486,"R",5200,"R",104000,"A",
406495,"R",1500,"R",292500,"A",
406547,"R",17606,"R",0,"A",
406556,"R",0,"R",1944,"A",
407009,"R",122809,"R",0,"R",17752
407054,"R",5275,"R",0,"A",
407063,"R",29882,"R",0,"A",
407090,"R",0,"R",477000,"A",
407106,"R",0,"R",119776,"A",
407142,"R",0,"R",95550,"A",
407151,"R",0,"R",147000,"A",
407179,"R",0,"R",307950,"A",
407258,"R",18187,"R",0,"R",53
407285,"R",27954,"R",0,"A",
407319,"R",14268,"R",0,"A",
407328,"R",0,"R",131000,"A",
407355,"R",0,"R",263790,"A",
407382,"R",0,"R",18819,"A",
407391,"R",0,"R",70412,"A",
407407,"R",0,"R",63351,"A",
407425,"R",0,"R",88872,"A",
407434,"R",0,"R",144900,"A",
407452,"R",0,"R",55472,"A",
407461,"R",0,"R",189900,"A",
407470,"R",0,"R",141855,"A",
407489,"R",1500,"R",67500,"A",
407504,"R",0,"R",108760,"A",
407513,"R",0,"R",148715,"A",
407522,"R",1939,"R",27750,"A",
407568,"R",0,"R",22961,"A",
407577,"R",0,"R",290312,"A",
407595,"R",0,"R",6400,"A",
407601,"R",0,"R",22050,"A",
407629,"A",,"A",,"R",1530
407638,"R",21062,"R",0,"A",
407665,"R",2556,"R",0,"A",
407683,"R",0,"R",107800,"A",
407692,"R",16943,"R",0,"A",
407708,"R",0,"R",315184,"A",
407726,"R",0,"R",147600,"A",
407735,"R",0,"R",187200,"A",
407744,"R",0,"R",101118,"A",
407832,"R",0,"R",24635,"A",
407975,"R",16866,"R",0,"A",
407984,"R",7322,"R",0,"A",
408002,"R",3918,"R",0,"A",
408039,"R",22272,"R",139200,"A",
408057,"R",0,"R",94088,"A",
408066,"R",0,"R",65227,"A",
408163,"R",0,"R",56400,"A",
408312,"R",0,"R",92400,"A",
408385,"R",0,"R",450000,"A",
408394,"R",18333,"R",493160,"A",
408437,"R",1416,"R",0,"A",
408747,"R",770,"R",13090,"A",
408844,"R",87960,"R",0,"A",
408862,"R",0,"R",118800,"A",
408914,"R",19447,"R",0,"A",
409032,"R",0,"R",226800,"A",
409069,"R",28270,"R",0,"A",
409120,"R",780,"R",168180,"A",
409166,"R",0,"R",162071,"A",
409193,"R",0,"R",583200,"A",
409209,"R",0,"R",246000,"A",
409245,"R",0,"R",52800,"A",
409254,"A",,"A",,"R",2768
409281,"R",7732,"R",161250,"A",
409315,"R",262548,"R",0,"A",
409324,"R",0,"R",172198,"A",
409333,"R",1872,"R",0,"A",
409537,"R",0,"R",56232,"A",
409546,"R",0,"R",132480,"A",
409591,"R",0,"R",178900,"A",
409670,"R",0,"R",1735200,"A",
409689,"R",6165,"R",0,"R",2925
409698,"R",94576,"R",0,"R",6838
409829,"R",24623,"R",213760,"A",
409838,"R",37346,"R",146100,"A",
409874,"R",38494,"R",0,"A",
410070,"R",0,"R",187190,"A",
410283,"R",6000,"R",0,"A",
410496,"R",7551,"R",0,"A",
410502,"R",41475,"R",553000,"A",
410520,"R",0,"R",388656,"A",
410539,"R",26992,"R",404880,"A",
410788,"R",0,"R",451200,"A",
410797,"R",0,"R",181188,"A",
411055,"R",20352,"R",217620,"A",
411374,"R",0,"R",238350,"A",
411684,"R",0,"R",516140,"A",
411754,"R",0,"R",59827,"A",
411806,"R",10032,"R",14400,"A",
412003,"R",0,"R",72640,"A",
412173,"R",0,"R",115116,"A",
412535,"R",0,"R",44280,"A",
412544,"R",0,"R",159550,"A",
412599,"R",26992,"R",641800,"A",
412650,"R",0,"R",36485,"A",
412854,"R",0,"R",53200,"A",
413176,"R",0,"R",18034,"A",
413185,"R",4579,"R",0,"A",
413343,"R",0,"R",50400,"A",
413413,"R",10474,"R",0,"R",90688
413501,"R",0,"R",1493,"A",
413565,"R",4212,"R",63180,"A",
413617,"R",8743,"R",0,"A",
413626,"R",4577,"R",0,"A",
413635,"R",378840,"R",441980,"A",
413644,"A",,"A",,"R",3903
413680,"R",0,"R",1500,"A",
413723,"R",9554,"R",0,"A",
413778,"R",1805,"R",0,"A",
413802,"R",175157,"R",525472,"A",
413820,"R",0,"R",57000,"A",
413839,"R",14195,"R",0,"A",
413848,"R",23633,"R",0,"A",
413857,"R",19520,"R",0,"A",
413866,"R",14774,"R",0,"A",
413875,"R",8980,"R",0,"A",
413884,"R",16373,"R",0,"A",
413909,"R",183,"R",0,"A",
413918,"R",1287,"R",0,"A",
413945,"R",0,"R",171756,"A",
413972,"R",0,"R",189000,"A",
414027,"R",13307,"R",0,"A",
414036,"R",15406,"R",0,"A",
414054,"R",0,"R",39200,"A",
414063,"R",0,"R",104400,"A",
414124,"R",0,"R",142447,"A",
414160,"R",41127,"R",0,"R",0
414452,"R",0,"R",92217,"A",
414461,"R",104688,"R",0,"A",
414489,"R",0,"R",143680,"A",
414531,"R",12701,"R",0,"A",
414540,"R",0,"R",193500,"A",
414559,"R",0,"R",57400,"A",
414568,"R",20376,"R",0,"A",
414586,"R",17480,"R",0,"A",
414595,"A",,"A",,"R",19592
414708,"R",79560,"R",0,"R",31300
414823,"R",101015,"R",0,"A",
414832,"R",7428,"R",0,"A",
414841,"R",16032,"R",0,"A",
414850,"R",34177,"R",0,"A",
414878,"R",2896,"R",0,"A",
414911,"R",21694,"R",0,"A",
414939,"R",0,"R",235843,"A",
414966,"A",,"A",,"R",2951
415011,"R",13761,"R",0,"A",
415039,"R",0,"R",48480,"A",
415048,"R",0,"R",107088,"A",
415057,"R",0,"R",52200,"A",
415376,"R",0,"R",480000,"A",
415729,"R",0,"R",23485,"A",
415774,"R",10603,"R",113876,"A",
415987,"R",0,"R",658141,"A",
416458,"R",13517,"R",317945,"A",
416670,"R",0,"R",154500,"A",
416801,"R",2795,"R",0,"Z",0
416962,"R",39806,"R",0,"R",18890
416971,"R",0,"R",67257,"A",
416980,"R",0,"R",103759,"A",
417062,"R",0,"R",100058,"A",
417105,"R",0,"R",1464690,"A",
417114,"R",30054,"R",0,"A",
417123,"R",0,"R",1330,"A",
417132,"R",0,"R",146346,"A",
417318,"R",4115,"R",61719,"A",
417327,"R",15979,"R",0,"A",
417345,"A",,"A",,"R",23360
417381,"R",0,"R",107866,"A",
417406,"R",0,"R",85345,"A",
417415,"P",0,"P",18046,"P",0
417433,"R",0,"R",22500,"A",
417442,"R",0,"R",91318,"A",
417497,"R",0,"R",189000,"A",
417503,"R",0,"R",175000,"A",
417549,"R",8542,"R",297500,"A",
417567,"R",0,"R",146475,"A",
417576,"R",0,"R",1500,"A",
417628,"R",0,"R",41492,"A",
417637,"R",0,"R",95319,"A",
417646,"R",0,"R",32138,"A",
417655,"R",0,"R",56640,"A",
417673,"R",0,"R",66900,"A",
417682,"R",0,"R",28440,"A",
417691,"R",0,"R",1050,"A",
417725,"R",0,"R",40404,"A",
417734,"R",1895,"R",0,"A",
417743,"R",0,"R",1044,"A",
417752,"R",2615,"R",0,"A",
417761,"R",2560,"R",0,"A",
417789,"R",0,"R",141000,"A",
417798,"R",0,"R",64800,"A",
417822,"R",10885,"R",6274,"A",
417831,"R",742,"R",47520,"A",
417840,"R",0,"R",32400,"A",
417868,"R",0,"R",32400,"A",
417886,"R",1768,"R",88410,"A",
417901,"R",0,"R",20400,"R",0
417910,"R",1110,"R",219780,"A",
417947,"R",0,"R",67368,"A",
417974,"R",0,"R",76745,"A",
417983,"R",0,"R",55491,"A",
417992,"R",0,"R",80784,"A",
418001,"R",0,"R",96600,"A",
418010,"R",0,"R",43800,"A",
418029,"R",0,"R",170400,"A",
418038,"R",1100,"R",90200,"A",
418056,"R",0,"R",106800,"A",
418065,"R",0,"R",144905,"A",
418074,"R",0,"R",49200,"A",
418083,"R",0,"R",51840,"A",
418126,"R",27891,"R",0,"R",3600
418162,"R",0,"R",223927,"A",
418171,"R",0,"R",36900,"A",
418199,"R",0,"R",50544,"A",
418205,"R",0,"R",75354,"A",
418223,"R",0,"R",87780,"A",
418250,"R",0,"R",87840,"A",
418269,"R",9216,"R",0,"A",
418278,"R",0,"R",67207,"A",
418287,"R",0,"R",152855,"A",
418296,"R",0,"R",193848,"A",
418302,"R",0,"R",287700,"A",
418320,"R",0,"R",106371,"A",
418339,"R",1059,"R",63550,"A",
418348,"R",0,"R",71511,"A",
418357,"R",0,"R",245011,"A",
418384,"R",0,"R",3100,"A",
418393,"R",1552,"R",1552,"A",
418409,"R",0,"R",1540,"A",
418418,"R",0,"R",79860,"A",
418427,"R",0,"R",100510,"A",
418445,"R",0,"R",44352,"A",
418463,"A",,"A",,"R",3430
418481,"R",0,"R",62263,"A",
418506,"R",0,"R",82367,"A",
418515,"R",0,"R",127428,"A",
418524,"R",0,"R",40663,"A",
418533,"R",0,"R",310142,"A",
418542,"R",0,"R",94290,"A",
418588,"R",0,"R",42560,"A",
418603,"R",0,"R",50592,"A",
418612,"R",0,"R",42142,"A",
418658,"R",0,"R",43680,"A",
418700,"R",0,"R",714000,"A",
418719,"R",2500,"R",0,"A",
418737,"R",0,"R",136800,"A",
418755,"R",0,"R",97300,"A",
418764,"R",0,"R",115200,"A",
418773,"R",73332,"R",0,"A",
418782,"R",8544,"R",0,"A",
418791,"R",0,"R",43200,"A",
418870,"R",18206,"R",0,"A",
418889,"R",1375,"R",43103,"A",
418898,"R",0,"R",133500,"A",
418904,"R",0,"R",46500,"A",
418913,"R",0,"R",46800,"A",
418968,"R",0,"R",366000,"A",
419004,"R",0,"R",240840,"A",
419022,"R",31668,"R",504175,"A",
419031,"R",0,"R",1308,"A",
419095,"R",1176,"R",0,"A",
419101,"R",0,"R",102593,"A",
419147,"R",0,"R",80656,"A",
419156,"R",0,"R",302850,"A",
419183,"R",0,"R",253135,"A",
419217,"R",0,"R",116559,"A",
419226,"R",0,"R",272208,"A",
419235,"R",0,"R",147600,"A",
419244,"R",0,"R",132300,"A",
419253,"R",36,"R",7776,"A",
419262,"R",0,"R",58880,"A",
419271,"R",0,"R",51000,"A",
419280,"R",0,"R",70500,"A",
419305,"R",3,"R",0,"A",
419314,"R",0,"R",31500,"A",
419332,"R",0,"R",12600,"A",
419341,"R",0,"R",146160,"A",
419350,"R",1968,"R",0,"A",
419378,"R",4986,"R",0,"A",
419411,"R",650,"R",159900,"A",
419420,"R",0,"R",36180,"A",
419439,"R",0,"R",139000,"A",
419457,"R",238,"R",0,"R",10473
419466,"R",0,"R",117000,"A",
419484,"R",0,"R",45000,"A",
419509,"R",50478,"R",0,"R",12519
419572,"R",15087,"R",0,"A",
419633,"R",0,"R",83598,"A",
419660,"R",0,"R",473414,"A",
419688,"R",0,"R",108140,"A",
419703,"R",16824,"R",0,"A",
419712,"R",6120,"R",0,"A",
419721,"R",7512,"R",0,"A",
420006,"R",37392,"R",545000,"R",1216
420024,"R",0,"R",144000,"A",
420042,"R",15199,"R",0,"R",7138
420103,"R",0,"R",175968,"A",
420130,"R",0,"R",46200,"A",
420194,"R",0,"R",84812,"A",
420200,"R",0,"R",208000,"A",
420255,"R",0,"R",166560,"A",
420307,"R",94526,"R",0,"R",941
420316,"R",44558,"R",0,"A",
420325,"R",3390,"R",0,"R",180
420343,"R",41400,"R",1428700,"A",
420352,"R",295,"R",0,"A",
420398,"R",137405,"R",2673601,"A",
420404,"R",29282,"R",0,"A",
420431,"R",30904,"R",0,"A",
420440,"R",14844,"R",0,"A",
420459,"R",1525,"R",91500,"A",
420468,"R",9793,"R",476834,"A",
420495,"R",46784,"R",698424,"A",
420501,"R",0,"R",565020,"A",
420538,"R",25382,"R",0,"A",
420556,"R",27345,"R",0,"A",
420574,"R",44926,"R",0,"R",8108
420583,"R",9648,"R",0,"A",
420608,"R",0,"R",271530,"A",
420723,"R",4682,"R",0,"A",
420796,"R",0,"R",77719,"A",
420857,"R",9792,"R",195840,"A",
420866,"R",711,"R",0,"R",12731
420945,"R",0,"R",24673,"A",
420981,"R",0,"R",95625,"A",
421009,"R",28061,"R",0,"R",8634
421018,"R",57012,"R",0,"R",12906
421513,"R",6936,"R",0,"A",
421540,"R",0,"R",94350,"A",
421559,"R",0,"R",83784,"A",
421586,"R",1250,"R",1250,"A",
421601,"R",0,"R",52200,"A",
421610,"R",0,"R",178000,"A",
421647,"R",0,"R",152878,"A",
421665,"R",0,"R",16328,"A",
421708,"R",0,"R",399520,"A",
421717,"R",0,"R",23400,"A",
421771,"R",0,"R",144000,"A",
421805,"R",0,"R",62000,"A",
421832,"R",13478,"R",0,"A",
421841,"R",5775,"R",0,"A",
421878,"R",0,"R",235500,"A",
421896,"R",0,"R",255000,"A",
421902,"R",0,"R",112700,"A",
421920,"R",0,"R",64320,"A",
421939,"R",90,"R",0,"A",
421975,"A",,"A",,"R",9300
422020,"R",540,"R",0,"A",
422039,"R",0,"R",346800,"A",
422118,"R",415,"R",1048,"A",
422543,"P",0,"P",22449,"P",0
422695,"R",20900,"R",419000,"A",
423120,"R",11748,"R",0,"A",
423397,"R",0,"R",178100,"A",
423412,"R",0,"R",130000,"A",
423476,"R",5612,"R",0,"A",
423582,"R",4710,"R",0,"A",
423643,"R",6314,"R",0,"R",8796
423652,"R",9796,"R",125361,"A",
423661,"R",0,"R",49200,"A",
423670,"R",13018,"R",0,"A",
423980,"R",1690,"R",1520,"A",
424424,"R",18936,"R",378720,"A",
425250,"R",0,"R",113042,"A",
425296,"R",1260,"R",0,"R",261
425393,"R",0,"R",31890,"A",
425889,"R",0,"R",279990,"A",
425986,"R",0,"R",147460,"A",
426314,"R",154979,"R",0,"R",45902
427308,"R",0,"R",232803,"A",
427335,"R",0,"R",112800,"A",
427663,"R",22231,"R",0,"A",
427894,"R",0,"R",146610,"A",
427919,"R",0,"R",178620,"A",
427973,"R",0,"R",238800,"A",
427982,"R",0,"R",266760,"A",
427991,"R",0,"R",472977,"A",
428000,"R",8628,"R",0,"A",
428019,"R",0,"R",109725,"A",
428037,"R",0,"R",26400,"A",
428055,"R",3316,"R",17705,"A",
428073,"R",0,"R",40500,"A",
428091,"R",0,"R",98022,"A",
428107,"A",,"A",,"R",5398
428125,"R",0,"R",166863,"A",
428134,"R",2976,"R",74400,"A",
428143,"R",0,"R",195605,"A",
428170,"R",24593,"R",0,"A",
428222,"R",112293,"R",4185241,"A",
428259,"R",8674,"R",0,"A",
428268,"R",1269,"R",0,"R",5349
428286,"R",51384,"R",0,"A",
428295,"R",0,"R",56450,"A",
428329,"R",6615,"R",0,"A",
428347,"R",0,"R",72900,"A",
428392,"R",27001,"R",0,"A",
428444,"R",62007,"R",0,"A",
429003,"R",0,"R",279720,"A",
429012,"R",0,"R",134815,"A",
429021,"R",0,"R",110286,"A",
429076,"R",0,"R",0,"R",2767
429085,"A",,"A",,"R",5552
429094,"A",,"A",,"R",7970
429100,"R",0,"R",97960,"A",
429128,"R",6369,"R",0,"A",
429216,"R",14113,"R",423390,"A",
429599,"R",18673,"R",0,"A",
430050,"R",101710,"R",1220520,"A",
430087,"R",11813,"R",0,"R",7168
430096,"R",0,"R",345480,"A",
430102,"R",3188,"R",0,"A",
430148,"R",24480,"R",0,"A",
430157,"R",13050,"R",0,"A",
430166,"R",11950,"R",0,"A",
430175,"R",862560,"R",525240,"A",
430218,"R",0,"R",75867,"A",
430227,"R",0,"R",88345,"A",
430245,"R",0,"R",337500,"A",
430254,"R",0,"R",278784,"A",
430263,"R",18170,"R",0,"A",
430342,"R",0,"R",183795,"A",
430351,"R",15398,"R",0,"A",
430360,"R",25995,"R",0,"A",
430379,"R",25680,"R",0,"A",
430388,"R",25960,"R",0,"A",
430403,"R",0,"R",28200,"A",
430421,"R",583019,"R",583019,"A",
430485,"R",9701,"R",0,"A",
430500,"R",0,"R",1044,"A",
430564,"R",0,"R",25769,"A",
430582,"R",0,"R",252306,"A",
430591,"A",,"A",,"R",3504
430616,"R",0,"R",152400,"A",
430643,"R",0,"R",13520,"A",
430704,"A",,"A",,"R",1015
430722,"R",0,"R",33600,"A",
430795,"R",0,"R",31680,"A",
430810,"R",2400,"R",0,"A",
430847,"R",0,"R",71017,"A",
430883,"R",0,"R",43200,"A",
430908,"R",0,"R",37267,"A",
430917,"R",0,"R",117900,"A",
430935,"R",4590,"R",0,"A",
430962,"R",231,"R",56185,"A",
430971,"R",0,"R",106500,"A",
430980,"R",0,"R",144000,"A",
430999,"R",0,"R",31219,"A",
431017,"R",0,"R",86100,"A",
431044,"R",1319,"R",0,"A",
431071,"R",0,"R",156138,"A",
431099,"R",0,"R",63000,"A",
431105,"R",7600,"R",1000,"A",
431114,"A",,"A",,"R",305
431123,"R",22356,"R",670680,"A",
431141,"R",0,"R",968407,"A",
431169,"R",0,"R",227664,"A",
431178,"R",0,"R",235008,"A",
431196,"R",0,"R",94800,"A",
431248,"R",76,"R",0,"R",76
431266,"R",255,"R",203580,"A",
431275,"R",0,"R",81900,"A",
431284,"R",0,"R",147954,"A",
431309,"R",543000,"R",0,"A",
431558,"R",0,"R",224742,"A",
431567,"R",0,"R",1500,"A",
431594,"A",,"A",,"R",22903
431600,"R",1269,"R",67425,"A",
431637,"R",0,"R",59250,"A",
431664,"R",900,"R",1500,"A",
431691,"R",0,"R",51255,"A",
431716,"R",0,"R",295210,"A",
431770,"R",0,"R",85960,"A",
431804,"R",84,"R",3360,"A",
431859,"R",0,"R",101304,"A",
431877,"R",0,"R",41580,"A",
431886,"R",0,"R",1532640,"A",
431929,"R",12183,"R",226808,"A",
431956,"R",2540,"R",76170,"A",
431965,"R",0,"R",253500,"A",
431974,"R",0,"R",97070,"A",
431983,"R",3660,"R",0,"A",
432074,"R",428,"R",25725,"A",
432083,"R",0,"R",38680,"A",
432108,"R",3540,"R",0,"A",
432117,"R",0,"R",58500,"A",
432199,"R",82475,"R",0,"R",1602
432214,"R",271,"R",0,"R",2307
432223,"R",25469,"R",0,"R",6664
432232,"R",21354,"R",0,"R",6746
432241,"R",24311,"R",0,"R",4497
432269,"R",0,"R",134280,"A",
432278,"R",0,"R",113912,"A",
432296,"R",0,"R",361440,"A",
432302,"R",25992,"R",519840,"A",
432311,"R",11700,"R",218160,"A",
432357,"A",,"A",,"R",1580
432384,"R",43263,"R",346100,"A",
432436,"R",0,"R",191040,"A",
432524,"R",5292,"R",0,"A",
432533,"R",91921,"R",0,"A",
433004,"R",0,"R",98113,"A",
433013,"R",0,"R",141120,"A",
433040,"R",0,"R",47988,"A",
433068,"R",0,"R",388400,"A",
433101,"R",6732,"R",0,"A",
433138,"R",0,"R",115145,"A",
433156,"A",,"A",,"R",108
433165,"R",0,"R",4000,"A",
433174,"R",7062,"R",43180,"A",
433217,"A",,"A",,"R",36
433299,"R",1424,"R",55536,"A",
433387,"R",0,"R",0,"R",0
433420,"R",0,"R",93720,"A",
433536,"R",7130,"R",0,"A",
433563,"R",19683,"R",0,"A",
433660,"R",102165,"R",0,"R",14995
433688,"R",89552,"R",880080,"A",
433970,"R",0,"R",163080,"A",
434016,"R",2487,"R",0,"A",
434034,"R",3219,"R",0,"A",
434052,"R",29008,"R",0,"A",
434061,"R",19898,"R",0,"A",
434113,"R",0,"R",298800,"A",
434122,"R",0,"R",10903,"A",
434140,"R",0,"R",1105338,"A",
434159,"R",8440,"R",151920,"A",
434274,"R",0,"R",130950,"A",
434283,"R",0,"R",141150,"A",
434292,"R",0,"R",9094,"A",
434308,"R",0,"R",317526,"A",
434317,"R",0,"R",71680,"A",
434326,"R",156700,"R",112400,"A",
434344,"R",0,"R",3740,"A",
434353,"R",0,"R",23400,"A",
434362,"R",0,"R",24975,"A",
434371,"R",0,"R",105374,"A",
434380,"R",0,"R",31250,"A",
434399,"R",0,"R",6763,"A",
434414,"R",1009,"R",0,"A",
434432,"R",4416,"R",7000,"A",
434441,"A",,"A",,"R",1785
434469,"R",0,"R",274500,"A",
434496,"R",0,"R",56120,"A",
434502,"R",2750,"R",82500,"A",
434520,"R",0,"R",783000,"A",
434539,"R",3984,"R",0,"A",
434548,"R",20700,"R",0,"A",
434557,"R",13076,"R",0,"A",
434566,"R",14023,"R",0,"A",
434575,"R",13998,"R",0,"A",
434584,"R",3537,"R",0,"A",
434672,"R",333752,"R",0,"A",
434690,"R",16350,"R",0,"A",
434751,"R",1390,"R",0,"A",
434812,"R",19260,"R",385200,"A",
434821,"R",0,"R",65400,"A",
434830,"R",515,"R",104328,"A",
434849,"R",22425,"R",732750,"A",
434900,"R",50832,"R",0,"A",
434937,"R",1888,"R",0,"A",
434946,"R",27814,"R",0,"R",8973
434955,"R",21995,"R",0,"R",6326
434964,"R",23371,"R",0,"R",9616
434973,"R",21998,"R",0,"R",7005
434982,"R",12588,"R",0,"R",3815
434991,"R",17502,"R",0,"R",3858
435116,"R",0,"R",167560,"A",
436003,"R",0,"R",72000,"A",
436012,"R",0,"R",149546,"A",
436021,"A",,"A",,"R",350
436030,"R",0,"R",45000,"A",
436067,"R",0,"R",53200,"A",
436076,"R",0,"R",68400,"A",
436094,"R",499,"R",0,"R",5402
436100,"R",2000,"R",2000,"A",
436182,"R",46908,"R",162800,"A",
436191,"R",70578,"R",0,"A",
436225,"R",15060,"R",253157,"A",
436261,"A",,"A",,"R",8487
436270,"R",13124,"R",220643,"A",
436289,"R",0,"R",132000,"A",
436304,"R",10925,"R",0,"A",
436438,"R",1569,"R",0,"R",10358
436465,"R",31320,"R",0,"A",
436474,"R",17901,"R",93600,"A",
436483,"R",10193,"R",0,"A",
436517,"R",0,"R",24764,"A",
436526,"R",0,"R",144400,"A",
436553,"R",13950,"R",0,"A",
436562,"R",9000,"R",0,"A",
436571,"R",0,"R",87300,"A",
436599,"R",1674,"R",22320,"A",
436605,"R",0,"R",136500,"A",
436614,"R",1530,"R",0,"R",74
436632,"R",0,"R",45156,"A",
436641,"R",0,"R",109200,"A",
436650,"R",0,"R",289500,"A",
436702,"R",0,"R",209508,"A",
436748,"R",0,"R",15623,"A",
436757,"R",0,"R",115680,"A",
436775,"R",0,"R",106180,"A",
436784,"R",32022,"R",0,"A",
436793,"R",0,"R",115500,"A",
436809,"R",0,"R",71040,"A",
436818,"R",45269,"R",0,"Z",0
436827,"R",15468,"R",0,"Z",0
436836,"R",25769,"R",0,"Z",0
436854,"R",0,"R",30782,"A",
437042,"R",27233,"R",0,"A",
437051,"R",11387,"R",0,"A",
437060,"R",21576,"R",0,"A",
437079,"R",25080,"R",0,"A",
437088,"R",0,"R",40000,"A",
437103,"R",97668,"R",0,"A",
437112,"R",0,"R",27697,"A",
437149,"R",0,"R",75687,"A",
437219,"R",18285,"R",0,"A",
437237,"R",0,"R",33110,"A",
437246,"R",18592,"R",0,"A",
437255,"R",0,"R",179609,"A",
437316,"R",10201,"R",0,"A",
437325,"R",10827,"R",0,"R",0
437431,"R",11226,"R",15,"A",
437501,"R",0,"R",360464,"A",
437510,"R",12500,"R",0,"R",480
437529,"R",0,"R",150300,"A",
437538,"R",5952,"R",0,"A",
437556,"R",8606,"R",188863,"A",
437565,"R",14583,"R",84581,"A",
437574,"R",0,"R",51120,"A",
437583,"R",0,"R",288235,"A",
437608,"R",0,"R",67500,"A",
437635,"R",0,"R",179124,"A",
437644,"R",0,"R",7404,"A",
437653,"R",4103,"R",0,"A",
437662,"R",0,"R",290880,"A",
437671,"R",1809,"R",0,"A",
437699,"A",,"A",,"R",41
437705,"R",0,"R",9540,"A",
437723,"R",0,"R",263440,"A",
437732,"R",7917,"R",160156,"A",
437750,"R",1335,"R",1335,"A",
437769,"R",26070,"R",0,"A",
437778,"R",0,"R",167400,"A",
437848,"R",44666,"R",528041,"Z",0
437857,"R",0,"R",103833,"A",
437866,"R",1123,"R",0,"A",
437884,"R",9314,"R",0,"A",
437927,"R",32853,"R",0,"A",
437936,"R",28670,"R",0,"A",
437945,"R",0,"R",47140,"A",
438036,"R",0,"R",331980,"A",
438133,"R",4230,"R",0,"A",
438151,"R",6118,"R",244720,"A",
438179,"R",11150,"R",214080,"A",
438188,"R",0,"R",36154954,"A",
438197,"R",60260,"R",622527,"A",
438212,"R",13050,"R",236138,"A",
438221,"R",16015,"R",318295,"A",
438249,"R",0,"R",51980,"A",
438258,"R",12420,"R",275699,"A",
438267,"R",0,"R",142000,"A",
438276,"R",0,"R",482100,"A",
438285,"R",0,"R",297360,"A",
438294,"R",0,"R",175622,"A",
438337,"R",0,"R",300000,"A",
438382,"R",15872,"R",0,"R",6636
438416,"R",13808,"R",0,"R",3685
438452,"R",3687,"R",73740,"A",
438498,"R",32026,"R",0,"R",769
438504,"R",0,"R",1532160,"A",
438586,"R",31951,"R",0,"R",6544
438601,"R",210954,"R",0,"R",4301
438610,"R",17356,"R",0,"R",6412
438629,"R",8240,"R",0,"R",2301
438638,"R",47428,"R",728320,"A",
438647,"R",0,"R",684240,"A",
438656,"R",33229,"R",483800,"A",
438674,"R",0,"R",124425,"A",
438708,"R",4200,"R",0,"A",
438735,"R",0,"R",320000,"A",
438805,"R",0,"R",324600,"A",
438850,"R",14076,"R",281520,"A",
438869,"R",18315,"R",278640,"A",
438878,"R",0,"R",12292,"A",
438887,"R",0,"R",383020,"A",
438902,"R",16682,"R",0,"R",1742
438911,"A",,"A",,"R",3975
438966,"R",12812,"R",0,"A",
438975,"R",0,"R",15,"A",
438984,"R",0,"R",99600,"A",
439020,"A",,"A",,"R",4576
439039,"R",0,"R",233766,"A",
439057,"R",531,"R",0,"R",4215
439127,"R",0,"R",301032,"A",
439136,"R",15564,"R",0,"A",
439145,"R",85449,"R",0,"A",
439163,"R",55524,"R",0,"R",6766
439190,"R",66414,"R",0,"A",
439279,"R",7545,"R",0,"R",1859
439288,"R",63627,"R",0,"A",
439297,"R",9715,"R",0,"R",3697
439303,"R",1200,"R",139200,"A",
439312,"R",1200,"R",118800,"A",
439321,"R",6628,"R",0,"A",
439330,"R",0,"R",0,"R",2099
439367,"R",0,"R",448560,"A",
439394,"R",0,"R",0,"R",24653
439400,"R",0,"R",26742,"A",
439437,"R",0,"R",189670,"A",
439446,"R",4505,"R",0,"R",4505
439455,"R",2862,"R",121500,"A",
439473,"R",0,"R",202500,"A",
439482,"R",0,"R",62000,"A",
439491,"R",0,"R",42000,"A",
439507,"R",0,"R",55561,"A",
439516,"R",0,"R",95990,"A",
439525,"R",0,"R",73500,"A",
439534,"R",0,"R",169772,"A",
439543,"R",0,"R",33110,"A",
439561,"R",0,"R",15000,"A",
439570,"R",14911,"R",299832,"A",
439589,"R",0,"R",99562,"A",
439598,"R",2613,"R",78390,"A",
439604,"R",0,"R",48600,"A",
439613,"R",2991,"R",0,"A",
439622,"R",0,"R",90068,"A",
439631,"R",0,"R",105000,"A",
439659,"R",0,"R",39600,"A",
439668,"R",0,"R",121360,"A",
439686,"R",0,"R",213750,"A",
439695,"R",0,"R",23893,"A",
439701,"R",6670,"R",0,"R",4806
439710,"R",0,"R",5653,"A",
439729,"R",0,"R",57410,"A",
439738,"R",17835,"R",0,"A",
439747,"R",0,"R",268200,"A",
439756,"R",0,"R",61121,"A",
439774,"R",0,"R",1500,"A",
439783,"R",2482,"R",0,"R",3242
439792,"R",40686,"R",0,"A",
439817,"A",,"A",,"R",1916
439826,"R",0,"R",171200,"A",
439844,"R",0,"R",68100,"A",
439862,"R",2934,"R",0,"A",
439871,"R",0,"R",75840,"A",
439899,"R",2292,"R",0,"A",
439905,"R",0,"R",1532,"A",
439914,"A",,"A",,"R",34224
439932,"R",0,"R",58700,"A",
439969,"R",2825,"R",0,"A",
439978,"R",0,"R",183000,"A",
439987,"R",0,"R",231600,"A",
439996,"R",0,"R",94120,"A",
440004,"A",,"A",,"R",2112
440022,"R",105,"R",112950,"A",
440031,"A",,"A",,"R",2277
440059,"R",0,"R",281730,"A",
440068,"R",0,"R",292320,"A",
440077,"R",0,"R",205500,"A",
440086,"R",7939,"R",163740,"A",
440101,"R",0,"R",69560,"A",
440110,"R",59178,"R",1183560,"A",
440129,"R",45547,"R",1001014,"A",
440147,"R",37781,"R",0,"Z",0
440156,"R",0,"R",77120,"A",
440165,"R",11594,"R",0,"A",
440174,"R",0,"R",19200,"A",
440192,"R",1000,"R",1000,"R",1000
440217,"R",0,"R",43685,"A",
440226,"R",0,"R",162430,"A",
440235,"R",0,"R",56066,"A",
440244,"R",58350,"R",0,"A",
440253,"A",,"A",,"R",7104
440262,"R",0,"R",198720,"A",
440271,"R",140,"R",256090,"A",
440299,"R",45744,"R",0,"A",
440305,"R",46318,"R",0,"A",
440323,"R",0,"R",756480,"A",
440332,"R",0,"R",460171,"A",
440341,"R",35144,"R",0,"A",
440369,"R",0,"R",385200,"A",
440378,"R",5580,"R",1112600,"A",
440387,"R",0,"R",315810,"A",
440402,"R",20545,"R",0,"A",
440411,"R",288,"R",0,"R",2210
440420,"R",5934,"R",0,"R",2130
440439,"R",24117,"R",0,"R",6893
440448,"R",30954,"R",0,"R",10847
440457,"R",10197,"R",0,"R",3314
440466,"R",5556,"R",0,"R",1015
440484,"R",103682,"R",0,"Z",0
440536,"R",19877,"R",0,"R",5111
440545,"R",34499,"R",0,"R",1661
440590,"R",26056,"R",0,"R",3212
440615,"R",11553,"R",17314,"A",
440624,"R",6029,"R",0,"A",
440642,"R",6177,"R",0,"A",
440651,"R",0,"R",321362,"A",
440679,"R",0,"R",83160,"A",
440721,"R",0,"R",90226,"A",
440730,"R",0,"R",280908,"A",
440749,"R",9655,"R",0,"A",
440758,"R",10001,"R",0,"A",
440767,"R",7717,"R",0,"A",
440776,"R",0,"R",68850,"A",
440794,"R",1572,"R",0,"A",
440800,"R",1392,"R",0,"A",
440819,"R",2064,"R",0,"A",
440828,"R",6933,"R",0,"R",274
440837,"R",1248,"R",59904,"A",
440846,"R",15341,"R",306820,"A",
440855,"R",11304,"R",174240,"A",
440864,"R",13352,"R",267040,"A",
440873,"R",13968,"R",0,"A",
440882,"R",20868,"R",0,"A",
440891,"R",25128,"R",0,"A",
440907,"R",5686,"R",120200,"A",
440925,"R",37872,"R",0,"A",
440943,"R",0,"R",72609,"A",
440952,"R",9087,"R",189321,"A",
440961,"R",357,"R",6496,"A",
440970,"R",9003,"R",180064,"A",
441016,"R",0,"R",358560,"A",
441025,"R",30820,"R",0,"A",
441052,"R",0,"R",685952,"A",
441061,"R",24000,"R",60000,"A",
441070,"R",881,"R",0,"A",
441089,"R",14460,"R",318000,"A",
441104,"A",,"A",,"R",3564
441122,"R",0,"R",242288,"A",
441131,"A",,"A",,"R",3300
441168,"R",0,"R",36087,"A",
441186,"R",15511,"R",0,"R",3849
441195,"R",7560,"R",0,"A",
441201,"R",0,"R",115565,"A",
441210,"R",0,"R",81389,"A",
441229,"R",0,"R",118800,"A",
441238,"A",,"A",,"R",1611
441247,"R",1390,"R",0,"A",
441256,"R",0,"R",48600,"A",
441265,"R",0,"R",61020,"A",
441274,"R",0,"R",38550,"A",
441308,"A",,"A",,"R",1870
441362,"R",0,"R",24001,"A",
441371,"R",0,"R",106036,"A",
441380,"R",0,"R",129600,"A",
441399,"R",0,"R",63633,"A",
441405,"R",0,"R",122400,"A",
441414,"R",0,"R",639788,"A",
441423,"R",6921,"R",19685,"A",
441432,"R",0,"R",62541,"A",
441441,"R",4779,"R",81090,"A",
441450,"R",76500,"R",76500,"A",
441478,"A",,"A",,"R",5187
441487,"R",0,"R",65883,"A",
441496,"R",0,"R",147000,"A",
441502,"R",67,"R",67,"A",
441511,"R",216,"R",0,"R",63
441548,"R",0,"R",89286,"A",
441557,"R",2706,"R",37430,"A",
441566,"R",6650,"R",128558,"A",
441575,"R",0,"R",219600,"A",
441584,"R",0,"R",346400,"A",
441609,"R",540,"R",0,"A",
441618,"R",0,"R",79022,"A",
441627,"R",385,"R",1415,"A",
441636,"R",0,"R",90219,"A",
441645,"R",0,"R",118937,"A",
441654,"R",0,"R",11868,"A",
441663,"R",0,"R",32986,"A",
441672,"R",0,"R",7500,"A",
441681,"R",0,"R",203040,"A",
441690,"R",1559,"R",0,"Z",0
441706,"R",720,"R",0,"A",
441715,"R",18931,"R",0,"A",
441724,"R",5,"R",38400,"A",
441733,"R",300,"R",0,"A",
441742,"R",0,"R",187317,"A",
441751,"R",2000,"R",0,"A",
441760,"R",14493,"R",972480,"A",
441779,"R",0,"R",195300,"A",
441788,"R",0,"R",80040,"A",
441797,"R",0,"R",70350,"A",
441803,"R",2520,"R",55440,"A",
441812,"R",0,"R",46500,"A",
441821,"R",0,"R",94500,"A",
441830,"R",0,"R",22320,"A",
441858,"R",0,"R",61356,"A",
441867,"R",0,"R",15300,"A",
441876,"R",0,"R",85500,"A",
441885,"R",0,"R",121520,"A",
441894,"R",0,"R",168300,"A",
441900,"R",5442,"R",0,"A",
441919,"R",48,"R",645,"A",
441928,"R",27372,"R",0,"A",
441937,"R",13920,"R",0,"R",2791
441955,"R",9590,"R",0,"A",
441964,"R",2239,"R",0,"A",
441973,"R",51740,"R",1084160,"A",
441982,"R",2322,"R",0,"A",
442000,"R",7269,"R",0,"A",
442028,"R",9600,"R",288000,"A",
442037,"R",15984,"R",319680,"A",
442046,"R",10632,"R",0,"A",
442055,"R",0,"R",187457,"A",
442064,"A",,"A",,"R",144
442073,"R",18972,"R",344959,"A",
442091,"R",0,"R",10402,"A",
442134,"R",0,"R",358826,"A",
442143,"R",5826,"R",0,"R",2015
442152,"R",10335,"R",0,"R",5294
442161,"R",4491,"R",0,"R",1267
442170,"R",4113,"R",0,"R",1796
442189,"R",3624,"R",0,"R",1004
442204,"R",0,"R",117227,"A",
442213,"R",0,"R",11124,"A",
442222,"R",156,"R",0,"R",1056
442231,"R",0,"R",1254600,"A",
442240,"R",0,"R",325715,"A",
442259,"R",3,"R",45,"A",
442268,"R",12,"R",504,"R",36
442277,"R",120,"R",1800,"A",
442310,"R",2464,"R",0,"A",
442329,"R",6196,"R",154900,"A",
442338,"R",5111,"R",0,"A",
442347,"R",1066,"R",0,"A",
442356,"R",3707,"R",0,"A",
442365,"R",0,"R",0,"R",1729
442383,"R",6525,"R",0,"A",
442392,"A",,"A",,"R",576
442408,"R",8100,"R",0,"A",
442417,"R",0,"R",443520,"A",
442426,"R",7611,"R",168795,"A",
442435,"R",3708,"R",0,"A",
442444,"R",10230,"R",0,"A",
442462,"R",0,"R",106989,"A",
442480,"R",0,"R",231300,"A",
442499,"R",22847,"R",0,"A",
442505,"R",14020,"R",0,"A",
442514,"R",141,"R",14692,"A",
442532,"R",1988,"R",0,"A",
442578,"R",0,"R",145298,"A",
442611,"R",0,"R",1573650,"A",
442620,"R",0,"R",100043,"A",
442639,"R",1835,"R",0,"A",
442648,"R",18602,"R",283080,"A",
442657,"R",9651,"R",193030,"A",
442666,"R",7920,"R",158400,"A",
442675,"R",9252,"R",185040,"A",
442684,"R",180240,"R",0,"A",
442718,"R",2985,"R",0,"A",
442727,"R",0,"R",394560,"A",
442736,"R",0,"R",263520,"A",
442745,"R",30333,"R",0,"A",
442781,"R",2357,"R",0,"A",
442790,"R",1328,"R",0,"A",
442815,"R",2090,"R",62722,"A",
442824,"R",12471,"R",0,"R",1171
442833,"R",112488,"R",0,"R",19760
442842,"A",,"A",,"R",2142
442851,"R",0,"R",1500,"A",
442879,"R",5540,"R",93800,"A",
442888,"R",5911,"R",0,"A",
442897,"R",432,"R",0,"A",
442903,"R",1312,"R",26240,"A",
442912,"R",0,"R",84225,"A",
442921,"R",1883,"R",0,"A",
442930,"R",0,"R",250,"A",
442949,"R",614,"R",0,"A",
442958,"R",0,"R",40500,"A",
442967,"R",720,"R",900,"A",
442976,"R",0,"R",217210,"A",
442985,"R",0,"R",33587,"A",
442994,"R",0,"R",36690,"A",
443003,"R",0,"R",272287,"A",
443012,"R",2376,"R",89850,"A",
443021,"R",0,"R",125500,"A",
443030,"A",,"A",,"R",568
443049,"R",504,"R",0,"R",504
443058,"R",1191,"R",0,"A",
443076,"R",136,"R",0,"R",521
443085,"R",0,"R",37700,"A",
443094,"R",0,"R",90500,"A",
443100,"R",0,"R",264000,"A",
443119,"R",1800,"R",0,"A",
443128,"R",441,"R",0,"R",1650
443137,"R",0,"R",177000,"A",
443146,"R",0,"R",88689,"A",
443155,"R",0,"R",7500,"A",
443164,"R",0,"R",646,"A",
443173,"R",0,"R",61347,"A",
443191,"R",0,"R",66807,"A",
443207,"R",1229,"R",24580,"A",
443216,"R",0,"R",32081,"A",
443225,"R",0,"R",37031,"A",
443234,"R",0,"R",33740,"A",
443243,"R",0,"R",33320,"A",
443252,"R",384,"R",11520,"A",
443261,"R",0,"R",500,"A",
443270,"R",0,"R",50500,"A",
443289,"R",0,"R",87612,"A",
443298,"R",0,"R",23335,"A",
443304,"R",0,"R",10920,"A",
443313,"R",0,"R",93750,"A",
443322,"R",0,"R",178951,"A",
443331,"R",2520,"R",0,"A",
443340,"R",986,"R",0,"A",
443359,"R",0,"R",76050,"A",
443377,"R",378,"R",0,"A",
443395,"R",885,"R",19851,"A",
443401,"R",0,"R",117621,"A",
443410,"R",15641,"R",0,"A",
443456,"R",777,"R",0,"R",377
443465,"R",420,"R",0,"R",130
443474,"R",1320,"R",0,"R",13
443483,"R",187,"R",0,"A",
443492,"R",64333,"R",0,"A",
443517,"R",0,"R",64000,"A",
443526,"R",318,"R",0,"A",
443535,"R",0,"R",0,"A",
443544,"R",18,"R",0,"R",0
443553,"R",0,"R",234767,"A",
443562,"R",145470,"R",0,"A",
443571,"R",1303,"R",0,"A",
443580,"R",0,"R",404757,"A",
443605,"R",0,"R",135713,"A",
443614,"R",3320,"R",55200,"A",
443632,"R",0,"R",119538,"A",
443641,"R",0,"R",29640,"A",
443650,"R",1576,"R",0,"A",
443669,"R",1627,"R",32550,"A",
443678,"R",0,"R",92200,"A",
443687,"R",70,"R",816,"A",
443696,"R",4752,"R",28512,"A",
443702,"A",,"A",,"R",300
443720,"R",14221,"R",213360,"A",
443739,"R",7412,"R",154855,"A",
443748,"R",0,"R",95760,"A",
443809,"R",4196,"R",156384,"A",
443818,"R",42,"R",1078,"A",
443827,"R",24003,"R",369990,"A",
443836,"R",8500,"R",89776,"A",
443845,"R",2760,"R",66600,"A",
443854,"R",86,"R",216,"A",
443863,"R",0,"R",6090,"A",
443881,"R",501,"R",0,"R",27
443915,"R",855,"R",0,"R",6
443933,"R",0,"R",11520,"A",
443979,"R",0,"R",50755,"A",
444006,"R",720,"R",0,"R",315
444015,"R",0,"R",5120,"A",
444024,"R",1836,"R",53280,"A",
444042,"R",1479,"R",0,"A",
444051,"R",375,"R",54169,"A",
444060,"R",181,"R",0,"A",
444079,"R",0,"R",944,"A",
444088,"R",3350,"R",64320,"A",
