UNITID,XCDACTUA,CDACTUA,XCNACTUA,CNACTUA,XCDACTGA,CDACTGA,XEFTEUG,EFTEUG,XEFTEGD,EFTEGD,XFTEUG,FTEUG,XFTEGD,FTEGD,ACTTYPE 
100654,"R",138125,"A",,"R",15340,"G",4604,"G",639,"G",4604,"G",639,2
100663,"R",297795,"A",,"R",143790,"G",9927,"G",5991,"G",9927,"G",5991,2
100690,"R",9936,"A",,"R",6518,"G",331,"G",272,"G",331,"G",272,2
100706,"R",156318,"A",,"R",22266,"G",5211,"G",928,"R",5211,"R",988,2
100724,"R",147874,"A",,"R",15479,"G",4929,"G",645,"G",4929,"G",645,2
100751,"R",716492,"A",,"R",107102,"G",23883,"G",4463,"G",23883,"G",4463,2
100760,"R",62836,"A",,"A",,"G",2095,"A",,"R",2095,"A",,2
100812,"R",87498,"A",,"A",,"G",2917,"A",,"R",2917,"A",,2
100830,"R",122177,"A",,"R",16337,"G",4073,"G",681,"G",4073,"G",681,2
100858,"R",589768,"A",,"R",106831,"G",19659,"G",4451,"G",19659,"G",4451,2
100937,"R",54968,"A",,"R",234,"G",1832,"G",10,"R",1527,"R",10,2
101028,"R",42338,"A",,"A",,"G",1411,"A",,"G",1411,"A",,2
101073,"R",14699,"A",,"A",,"G",490,"A",,"G",490,"A",,2
101116,"R",54864,"A",,"R",1444,"G",1219,"G",40,"G",1219,"G",40,2
101143,"R",83355,"A",,"A",,"G",2779,"A",,"G",2779,"A",,2
101161,"R",120956,"A",,"A",,"G",4032,"A",,"G",4032,"A",,2
101189,"R",85100,"A",,"R",14860,"G",2837,"G",619,"G",2837,"G",619,2
101240,"R",179904,"A",,"A",,"G",5997,"A",,"G",5997,"A",,2
101277,"A",,"R",70326,"A",,"G",78,"A",,"R",52,"A",,1
101286,"R",126194,"A",,"A",,"G",4206,"A",,"G",4206,"A",,2
101295,"R",168729,"A",,"A",,"G",5624,"A",,"G",5624,"A",,2
101301,"R",61489,"A",,"A",,"G",2050,"A",,"G",2050,"A",,2
101365,"R",15093,"A",,"A",,"G",503,"A",,"G",503,"A",,2
101435,"R",30932,"A",,"A",,"G",1031,"A",,"G",1031,"A",,2
101453,"R",1082,"A",,"R",279,"G",36,"G",12,"G",36,"G",12,2
101462,"R",34836,"A",,"A",,"G",1161,"A",,"G",1161,"A",,2
101471,"R",20711,"A",,"A",,"G",690,"A",,"G",690,"A",,2
101480,"R",215396,"A",,"R",20160,"G",7180,"G",840,"G",7180,"G",840,2
101499,"R",32799,"A",,"A",,"G",1093,"A",,"G",1093,"A",,2
101505,"R",205813,"A",,"A",,"G",6860,"A",,"G",6860,"A",,2
101514,"R",264433,"A",,"A",,"G",8814,"A",,"G",8814,"A",,2
101541,"R",9276,"A",,"A",,"G",309,"A",,"R",387,"A",,2
101569,"R",119328,"A",,"A",,"G",3978,"A",,"G",3978,"A",,2
101587,"R",50926,"A",,"R",47802,"G",1698,"G",1992,"G",1698,"G",1992,2
101602,"R",49416,"A",,"A",,"G",1647,"A",,"G",1647,"A",,2
101648,"R",13697,"A",,"A",,"G",457,"A",,"G",457,"A",,2
101675,"R",51728,"A",,"A",,"G",1724,"A",,"G",1724,"A",,2
101693,"R",40299,"A",,"R",2854,"G",1343,"G",119,"G",1343,"G",119,2
101709,"R",72462,"A",,"R",9890,"G",2415,"G",412,"G",2415,"G",412,2
101736,"R",100794,"A",,"A",,"G",3360,"A",,"G",3360,"A",,2
101879,"R",163046,"A",,"R",16367,"G",5435,"G",682,"G",5435,"G",682,2
101897,"R",87097,"A",,"A",,"G",2903,"A",,"G",2903,"A",,2
101912,"R",54057,"A",,"R",1031,"G",1802,"G",43,"G",1802,"G",43,2
101949,"R",41568,"A",,"A",,"G",1386,"A",,"G",1386,"A",,2
101958,"A",,"R",67145,"A",,"G",75,"A",,"G",75,"A",,1
101994,"R",22055,"A",,"A",,"G",735,"A",,"G",735,"A",,2
102030,"R",87294,"A",,"A",,"G",2910,"A",,"G",2910,"A",,2
102049,"R",93156,"A",,"R",48722,"G",3105,"G",2030,"G",3105,"G",2030,2
102058,"R",11975,"A",,"R",612,"G",399,"G",26,"G",399,"G",26,2
102067,"R",146943,"A",,"A",,"G",4898,"A",,"G",4898,"A",,2
102076,"R",60267,"A",,"A",,"G",2009,"A",,"G",2009,"A",,2
102094,"R",315401,"A",,"R",60593,"G",10513,"G",2525,"R",10513,"R",2992,2
102234,"R",42058,"A",,"R",3035,"G",1402,"G",126,"G",1402,"G",126,2
102261,"R",4474,"A",,"A",,"G",149,"A",,"G",149,"A",,2
102270,"R",36016,"A",,"A",,"G",1201,"A",,"G",1201,"A",,2
102298,"R",16598,"A",,"A",,"G",553,"A",,"R",610,"A",,2
102313,"R",50110,"A",,"A",,"G",1670,"A",,"G",1670,"A",,2
102368,"R",498178,"A",,"R",96061,"G",16606,"G",4003,"G",16606,"G",4003,2
102377,"R",75755,"A",,"R",11500,"G",2525,"G",479,"G",2525,"G",479,2
102395,"R",3435,"A",,"R",8247,"G",115,"G",344,"G",115,"G",344,2
102429,"R",115214,"A",,"A",,"G",3840,"A",,"G",3840,"A",,2
102553,"R",342291,"A",,"R",26500,"G",11410,"G",1104,"G",11410,"G",1104,2
102580,"R",1069,"A",,"A",,"G",36,"A",,"G",36,"A",,2
102614,"R",166363,"A",,"R",18108,"G",5545,"G",755,"G",5545,"G",755,2
102632,"R",47375,"A",,"R",11027,"G",1579,"G",459,"G",1579,"G",459,2
102669,"R",12627,"A",,"R",3840,"G",421,"G",160,"G",421,"G",160,2
102711,"A",,"R",309452,"A",,"G",344,"A",,"G",344,"A",,1
102845,"R",120157,"A",,"A",,"G",2670,"A",,"G",2670,"A",,2
103361,"R",8907,"A",,"A",,"G",297,"A",,"G",297,"A",,2
103501,"A",,"R",427475,"A",,"G",475,"A",,"G",475,"A",,1
103644,"R",219320,"A",,"A",,"G",7311,"A",,"R",5948,"A",,2
103723,"R",75510,"A",,"A",,"G",1678,"A",,"G",1678,"A",,2
103732,"A",,"R",189495,"A",,"G",211,"A",,"G",211,"A",,1
103741,"A",,"R",343582,"A",,"G",382,"A",,"G",382,"A",,1
103778,"R",21,"A",,"R",26997,"G",1,"G",1125,"G",1,"G",1125,2
103787,"R",2603,"A",,"A",,"G",87,"A",,"G",87,"A",,2
103811,"R",44640,"R",134240,"A",,"G",1637,"A",,"R",1673,"A",,3
103893,"R",27081,"A",,"A",,"G",903,"A",,"G",903,"A",,2
103909,"R",35727,"A",,"A",,"G",1191,"A",,"G",1191,"A",,2
103927,"R",21801,"A",,"A",,"G",727,"A",,"G",727,"A",,2
103945,"R",9990,"A",,"A",,"G",333,"A",,"G",333,"A",,2
103954,"A",,"R",88125,"A",,"G",98,"A",,"G",98,"A",,1
103963,"A",,"R",3317680,"A",,"G",3686,"A",,"G",3686,"A",,1
104090,"R",46314,"A",,"A",,"G",1544,"A",,"G",1544,"A",,2
104151,"R",1582852,"A",,"R",264477,"G",52762,"G",11020,"G",52762,"G",11020,2
104160,"R",168318,"R",138751,"A",,"G",5765,"A",,"R",5828,"A",,3
104179,"R",868142,"A",,"R",178894,"G",28938,"G",7454,"G",28938,"G",7454,2
104188,"R",10330,"A",,"A",,"G",344,"A",,"G",344,"A",,2
104294,"A",,"R",287581,"A",,"G",320,"A",,"G",320,"A",,1
104346,"R",153875,"A",,"A",,"G",5129,"A",,"R",5129,"A",,2
104364,"R",37850,"A",,"A",,"G",841,"A",,"G",841,"A",,2
104391,"A",,"R",81897,"A",,"G",91,"A",,"G",91,"A",,1
104425,"R",308159,"A",,"A",,"G",10272,"A",,"R",9378,"A",,2
104434,"A",,"R",87081,"A",,"G",97,"A",,"G",97,"A",,1
104443,"A",,"R",310809,"A",,"G",345,"A",,"G",345,"A",,1
104504,"A",,"R",238500,"A",,"G",265,"A",,"G",265,"A",,1
104531,"R",63129,"A",,"A",,"G",2104,"A",,"R",1754,"A",,2
104568,"A",,"R",256743,"A",,"G",285,"A",,"G",285,"A",,1
104577,"R",134250,"A",,"A",,"G",4475,"A",,"G",4475,"A",,2
104586,"R",49257,"A",,"R",839,"G",1642,"G",35,"G",1642,"G",35,2
104665,"A",,"R",3800,"R",650,"G",4,"G",27,"G",4,"G",27,1
104708,"R",383307,"A",,"A",,"G",12777,"A",,"G",12777,"A",,2
104717,"R",596610,"A",,"R",350201,"G",19887,"G",14592,"G",19887,"G",14592,2
104805,"R",102330,"A",,"A",,"G",3411,"A",,"G",3411,"A",,2
104911,"A",,"R",242934,"A",,"G",270,"A",,"G",270,"A",,1
104984,"R",10747,"A",,"A",,"G",358,"A",,"G",358,"A",,2
105118,"R",30082,"A",,"A",,"G",1003,"A",,"G",1003,"A",,2
105127,"A",,"R",107336,"A",,"G",119,"A",,"G",119,"A",,1
105145,"R",116932,"A",,"A",,"G",3898,"A",,"G",3898,"A",,2
105154,"R",482920,"A",,"A",,"G",16097,"A",,"G",16097,"A",,2
105163,"R",22632,"A",,"A",,"G",503,"A",,"G",503,"A",,2
105172,"R",34672,"A",,"A",,"G",770,"A",,"G",770,"A",,2
105206,"R",125325,"A",,"A",,"G",4178,"A",,"G",4178,"A",,2
105215,"R",107563,"A",,"A",,"G",3585,"A",,"R",4455,"A",,2
105297,"R",52200,"A",,"A",,"G",1740,"A",,"G",1740,"A",,2
105330,"R",536302,"A",,"R",84210,"G",17877,"G",3509,"R",19747,"R",4211,2
105349,"R",65252,"A",,"A",,"G",2175,"A",,"G",2175,"A",,2
105367,"R",16283,"A",,"R",17351,"G",543,"G",723,"R",543,"R",964,2
105428,"R",227262,"A",,"A",,"G",7575,"A",,"G",7575,"A",,2
105482,"A",,"R",84230,"A",,"G",94,"A",,"G",94,"A",,1
105516,"R",108833,"A",,"R",35210,"G",3628,"G",1467,"G",3628,"G",1467,2
105525,"R",655179,"R",218854,"A",,"G",22082,"A",,"R",22907,"A",,3
105534,"A",,"R",1884358,"A",,"G",2094,"A",,"G",2094,"A",,1
105543,"A",,"R",1534153,"A",,"G",1705,"A",,"G",1705,"A",,1
105589,"R",25340,"A",,"R",7457,"G",845,"G",311,"G",845,"G",311,2
105659,"R",36240,"A",,"A",,"G",1208,"A",,"G",1208,"A",,2
105668,"R",431358,"A",,"A",,"G",14379,"A",,"G",14379,"A",,2
105677,"A",,"R",61600,"A",,"G",68,"A",,"G",68,"A",,1
105701,"A",,"R",67966,"A",,"G",76,"A",,"G",76,"A",,1
105747,"R",191901,"A",,"A",,"G",6397,"A",,"G",6397,"A",,2
105792,"R",88603,"A",,"A",,"G",2953,"A",,"G",2953,"A",,2
105899,"R",12164,"A",,"A",,"G",405,"A",,"G",405,"A",,2
105987,"R",9926,"A",,"A",,"G",331,"A",,"G",331,"A",,2
106041,"R",177629,"A",,"A",,"G",5921,"A",,"R",4352,"A",,2
106102,"R",33957,"A",,"R",9993,"G",1132,"G",416,"G",1132,"G",416,2
106111,"A",,"R",404073,"A",,"G",449,"A",,"G",449,"A",,1
106148,"R",116560,"A",,"A",,"G",3885,"A",,"G",3885,"A",,2
106245,"R",224983,"A",,"R",62762,"G",7499,"G",2615,"G",7499,"G",2615,2
106263,"R",25510,"A",,"R",52607,"G",850,"G",2192,"G",850,"G",2192,2
106281,"A",,"R",133800,"A",,"G",149,"A",,"R",91,"A",,1
106306,"R",29503,"A",,"A",,"G",983,"A",,"G",983,"A",,2
106315,"A",,"R",105000,"A",,"G",117,"A",,"G",117,"A",,1
106324,"A",,"R",25197,"A",,"G",28,"A",,"G",28,"A",,1
106342,"R",17986,"A",,"A",,"G",600,"A",,"G",600,"A",,2
106351,"A",,"R",99289,"A",,"G",110,"A",,"G",110,"A",,1
106360,"A",,"R",42134,"A",,"G",47,"A",,"G",47,"A",,1
106397,"R",494279,"A",,"R",77135,"G",16476,"G",3214,"G",16476,"G",3214,2
106412,"R",90692,"A",,"R",1939,"G",3023,"G",81,"G",3023,"G",81,2
106449,"R",106712,"A",,"A",,"G",3557,"A",,"G",3557,"A",,2
106458,"R",275134,"A",,"R",79590,"G",9171,"G",3316,"G",9171,"G",3316,2
106467,"R",239928,"A",,"R",12424,"G",7998,"G",518,"G",7998,"G",518,2
106485,"R",92979,"A",,"R",2241,"G",3099,"G",93,"G",3099,"G",93,2
106494,"A",,"R",85808,"A",,"G",95,"A",,"G",95,"A",,1
106546,"R",31903,"A",,"A",,"G",1063,"A",,"G",1063,"A",,2
106607,"A",,"R",52436,"A",,"G",58,"A",,"G",58,"A",,1
106625,"R",62406,"A",,"A",,"G",2080,"A",,"G",2080,"A",,2
106704,"R",272110,"A",,"R",33027,"G",9070,"G",1376,"G",9070,"G",1376,2
106713,"R",20851,"A",,"A",,"G",695,"A",,"R",781,"A",,2
106795,"R",32449,"A",,"A",,"G",1082,"A",,"G",1082,"A",,2
106810,"R",4820,"A",,"A",,"G",161,"A",,"G",161,"A",,2
106829,"R",10622,"R",49036,"A",,"G",409,"A",,"G",409,"A",,3
106883,"R",30956,"A",,"A",,"G",1032,"A",,"G",1032,"A",,2
106892,"A",,"R",330480,"A",,"G",367,"A",,"G",367,"A",,1
106908,"A",,"R",520657,"A",,"G",579,"A",,"G",579,"A",,1
106980,"R",83064,"A",,"A",,"G",2769,"A",,"G",2769,"A",,2
106999,"R",40219,"A",,"A",,"G",1341,"A",,"G",1341,"A",,2
107044,"R",125184,"A",,"R",30229,"G",4173,"G",1260,"G",4173,"G",1260,2
107071,"R",96801,"A",,"R",8217,"G",3227,"G",342,"G",3227,"G",342,2
107080,"R",43836,"A",,"R",396,"G",1461,"G",17,"R",1481,"R",13,2
107099,"A",,"R",68362,"A",,"G",76,"A",,"G",76,"A",,1
107123,"R",21,"R",51072,"A",,"G",57,"A",,"G",57,"A",,3
107141,"R",49918,"A",,"R",7574,"G",1664,"G",316,"G",1664,"G",316,2
107211,"A",,"R",34765,"A",,"G",39,"A",,"G",39,"A",,1
107220,"A",,"R",491804,"A",,"G",546,"A",,"G",546,"A",,1
107275,"A",,"R",10188,"A",,"G",11,"A",,"G",11,"A",,1
107293,"A",,"R",146100,"A",,"G",162,"A",,"G",162,"A",,1
107318,"R",40499,"A",,"A",,"G",1350,"A",,"G",1350,"A",,2
107327,"R",42524,"A",,"A",,"G",1417,"A",,"G",1417,"A",,2
107363,"A",,"R",72726,"A",,"G",81,"A",,"G",81,"A",,1
107442,"A",,"R",89490,"A",,"G",99,"A",,"G",99,"A",,1
107460,"R",57713,"A",,"A",,"G",1924,"A",,"G",1924,"A",,2
107488,"R",10085,"A",,"A",,"G",336,"A",,"G",336,"A",,2
107512,"R",44043,"A",,"A",,"G",1468,"A",,"G",1468,"A",,2
107521,"R",29832,"A",,"A",,"G",994,"A",,"G",994,"A",,2
107549,"R",37598,"A",,"A",,"G",1253,"A",,"G",1253,"A",,2
107558,"R",18900,"A",,"A",,"G",630,"A",,"G",630,"A",,2
107585,"R",59332,"A",,"A",,"G",1978,"A",,"G",1978,"A",,2
107600,"R",19312,"A",,"A",,"G",644,"A",,"G",644,"A",,2
107619,"R",40246,"A",,"A",,"G",1342,"A",,"G",1342,"A",,2
107637,"R",47080,"A",,"A",,"G",1569,"A",,"G",1569,"A",,2
107655,"A",,"R",82081,"A",,"G",91,"A",,"G",91,"A",,1
107664,"R",253752,"A",,"A",,"G",8458,"A",,"G",8458,"A",,2
107725,"R",33554,"A",,"A",,"G",1118,"A",,"G",1118,"A",,2
107743,"R",19842,"A",,"A",,"G",661,"A",,"G",661,"A",,2
107789,"A",,"R",128615,"A",,"G",143,"A",,"G",143,"A",,1
107831,"A",,"R",82770,"A",,"G",92,"A",,"R",80,"A",,1
107877,"R",17017,"A",,"A",,"G",567,"A",,"R",554,"A",,2
107974,"R",42140,"A",,"A",,"G",1405,"A",,"G",1405,"A",,2
107983,"R",83708,"A",,"R",7560,"G",2790,"G",315,"G",2790,"G",315,2
107992,"R",40866,"A",,"A",,"G",1362,"A",,"G",1362,"A",,2
108065,"A",,"R",18816,"A",,"G",21,"A",,"R",21,"A",,1
108092,"R",193119,"A",,"A",,"G",6437,"A",,"G",6437,"A",,2
108199,"A",,"R",9796527,"A",,"G",10885,"A",,"G",10885,"A",,1
108232,"R",268113,"A",,"R",100800,"G",8937,"G",4200,"G",8937,"G",4200,2
108250,"R",32380,"A",,"A",,"G",720,"A",,"G",720,"A",,2
108269,"A",,"A",,"R",4295,"A",,"G",179,"A",,"G",179,-2
108348,"R",3208,"A",,"A",,"G",107,"A",,"G",107,"A",,2
108649,"A",,"R",188370,"A",,"G",209,"A",,"G",209,"A",,1
108667,"R",113677,"A",,"A",,"G",3789,"A",,"G",3789,"A",,2
108807,"R",219692,"A",,"A",,"G",7323,"A",,"G",7323,"A",,2
108852,"R",7151,"A",,"A",,"G",238,"A",,"G",238,"A",,2
108861,"A",,"A",,"R",1490,"A",,"G",62,"A",,"G",62,-2
108870,"A",,"A",,"R",8982,"A",,"G",374,"A",,"R",356,-2
108977,"A",,"R",48525,"A",,"G",54,"A",,"G",54,"A",,1
109040,"A",,"R",1563862,"A",,"G",1738,"A",,"G",1738,"A",,1
109086,"R",377,"A",,"R",1319,"G",13,"G",55,"G",13,"G",55,2
109208,"R",559462,"A",,"A",,"G",18649,"A",,"G",18649,"A",,2
109332,"R",14441,"A",,"A",,"G",481,"A",,"R",307,"A",,2
109350,"A",,"R",6196200,"A",,"G",6885,"A",,"G",6885,"A",,1
109651,"R",59442,"A",,"R",5926,"G",1981,"G",247,"G",1981,"G",247,2
109721,"R",17520,"A",,"A",,"G",584,"A",,"G",584,"A",,2
109730,"R",4250,"A",,"A",,"G",142,"A",,"G",142,"A",,2
109785,"R",174359,"A",,"R",93065,"G",5812,"G",3878,"G",5812,"G",3878,2
109819,"R",355239,"A",,"A",,"G",11841,"A",,"G",11841,"A",,2
109891,"A",,"R",21978,"A",,"G",24,"A",,"G",24,"A",,1
109907,"R",97140,"A",,"A",,"G",3238,"A",,"R",3240,"A",,2
109934,"A",,"R",233112,"A",,"G",259,"A",,"G",259,"A",,1
110060,"R",6322,"A",,"R",2224,"G",211,"G",93,"G",211,"G",93,2
110097,"R",128214,"A",,"R",28025,"G",4274,"G",1168,"G",4274,"G",1168,2
110185,"R",35446,"A",,"R",1316,"G",1182,"G",55,"G",1182,"G",55,2
110194,"R",5014,"A",,"A",,"G",167,"A",,"G",167,"A",,2
110219,"R",55260,"A",,"A",,"G",1228,"A",,"G",1228,"A",,2
110246,"R",293397,"A",,"A",,"G",9780,"A",,"G",9780,"A",,2
110307,"A",,"A",,"R",7386,"A",,"G",308,"A",,"G",308,-2
110316,"R",3597,"A",,"R",29697,"G",120,"G",1237,"G",120,"G",1237,2
110334,"R",248244,"A",,"A",,"G",8275,"A",,"G",8275,"A",,2
110361,"R",112834,"A",,"R",18797,"G",3761,"G",783,"G",3761,"G",783,2
110370,"R",40983,"A",,"R",10927,"G",1366,"G",455,"G",1366,"G",455,2
110398,"A",,"A",,"R",36654,"A",,"G",1527,"A",,"G",1527,-2
110404,"R",43530,"A",,"R",44543,"G",967,"G",1237,"G",967,"G",1237,2
110413,"R",75068,"A",,"R",27095,"G",2502,"G",1129,"G",2502,"G",1129,2
110422,"R",733754,"A",,"R",25746,"G",16306,"G",715,"G",16306,"G",715,2
110468,"R",4142,"A",,"R",84579,"G",138,"G",3524,"G",138,"G",3524,2
110486,"R",288336,"A",,"R",25889,"G",6407,"G",719,"G",6407,"G",719,2
110495,"R",178506,"A",,"R",19940,"G",5950,"G",831,"G",5950,"G",831,2
110510,"R",565549,"A",,"R",45540,"G",12568,"G",1265,"G",12568,"G",1265,2
110529,"R",737480,"A",,"R",30104,"G",16388,"G",836,"G",16388,"G",836,2
110538,"R",419834,"A",,"R",15133,"G",13994,"G",631,"G",13994,"G",631,2
110547,"R",255615,"A",,"R",34424,"G",8521,"G",1434,"G",8521,"G",1434,2
110556,"R",487707,"A",,"R",38718,"G",16257,"G",1613,"G",16257,"G",1613,2
110565,"R",757949,"A",,"R",55107,"G",25265,"G",2296,"G",25265,"G",2296,2
110574,"R",419541,"A",,"R",70593,"G",9323,"G",1961,"G",9323,"G",1961,2
110583,"R",735419,"A",,"R",64215,"G",24514,"G",2676,"G",24514,"G",2676,2
110592,"R",623332,"A",,"R",64062,"G",13852,"G",1780,"G",13852,"G",1780,2
110608,"R",714075,"A",,"R",74205,"G",23803,"G",3092,"G",23803,"G",3092,2
110617,"R",596669,"A",,"R",46076,"G",19889,"G",1920,"G",19889,"G",1920,2
110635,"R",819202,"A",,"R",265105,"G",27307,"G",11046,"G",27307,"G",11046,2
110644,"R",1124595,"A",,"R",238368,"G",24991,"G",6621,"G",24991,"G",6621,2
110653,"R",1049282,"A",,"R",195645,"G",23317,"G",5435,"G",23317,"G",5435,2
110662,"R",1195248,"A",,"R",447234,"G",26561,"G",12423,"G",26561,"G",12423,2
110671,"R",810658,"A",,"R",94560,"G",18015,"G",2627,"G",18015,"G",2627,2
110680,"R",1111925,"A",,"R",219764,"G",24709,"G",6105,"G",24709,"G",6105,2
110699,"A",,"A",,"R",105876,"A",,"G",2941,"A",,"G",2941,-2
110705,"R",903144,"A",,"R",121764,"G",20070,"G",3382,"G",20070,"G",3382,2
110714,"R",719675,"A",,"R",59400,"G",15993,"G",1650,"G",15993,"G",1650,2
110778,"A",,"A",,"R",13526,"A",,"G",376,"A",,"G",376,-2
110875,"A",,"R",126871,"A",,"G",141,"A",,"G",141,"A",,1
110918,"R",612,"A",,"A",,"G",20,"A",,"G",20,"A",,2
110945,"R",66720,"A",,"A",,"G",2224,"A",,"G",2224,"A",,2
111009,"R",38528,"A",,"A",,"G",1284,"A",,"G",1284,"A",,2
111054,"A",,"R",290665,"A",,"G",323,"A",,"G",323,"A",,1
111081,"R",27570,"A",,"R",13728,"G",919,"G",572,"G",919,"G",572,2
111188,"R",31986,"A",,"A",,"G",1066,"A",,"G",1066,"A",,2
111391,"A",,"A",,"R",29875,"A",,"G",1245,"A",,"G",1245,-2
111434,"R",99849,"A",,"A",,"G",3328,"A",,"G",3328,"A",,2
111461,"R",345763,"A",,"A",,"G",11525,"A",,"G",11525,"A",,2
111513,"A",,"R",424125,"A",,"G",471,"A",,"G",471,"A",,1
111638,"R",10639,"R",393156,"A",,"G",791,"A",,"G",791,"A",,3
111708,"A",,"R",308994,"A",,"G",343,"A",,"G",343,"A",,1
111717,"A",,"R",835771,"A",,"G",929,"A",,"G",929,"A",,1
111726,"A",,"R",344657,"A",,"G",383,"A",,"G",383,"A",,1
111744,"A",,"R",268115,"A",,"G",298,"A",,"G",298,"A",,1
111762,"A",,"R",177023,"A",,"G",197,"A",,"G",197,"A",,1
111771,"A",,"R",242964,"A",,"G",270,"A",,"G",270,"A",,1
111799,"A",,"R",117187,"A",,"G",130,"A",,"G",130,"A",,1
111887,"R",414148,"A",,"A",,"G",13805,"A",,"G",13805,"A",,2
111896,"R",94139,"A",,"A",,"G",3138,"A",,"G",3138,"A",,2
111920,"R",255377,"A",,"A",,"G",8513,"A",,"G",8513,"A",,2
111939,"R",359037,"A",,"A",,"G",11968,"A",,"G",11968,"A",,2
111948,"R",155490,"A",,"R",53545,"G",5183,"G",2231,"G",5183,"G",2231,2
111966,"R",3910,"A",,"R",3966,"G",130,"G",165,"G",130,"G",165,2
112075,"R",51476,"A",,"R",28091,"G",1716,"G",1170,"R",1738,"R",1539,2
112084,"R",14644,"A",,"R",600,"G",488,"G",25,"G",488,"G",25,2
112127,"A",,"A",,"R",1479,"A",,"G",62,"A",,"G",62,-2
112172,"R",264745,"A",,"A",,"G",8825,"A",,"G",8825,"A",,2
112190,"R",560934,"A",,"A",,"G",18698,"A",,"G",18698,"A",,2
112251,"A",,"A",,"R",25684,"A",,"G",1070,"A",,"R",1300,-2
112260,"R",37179,"A",,"R",504,"G",1239,"G",21,"G",1239,"G",21,2
112288,"A",,"R",437150,"A",,"G",486,"A",,"G",486,"A",,1
112312,"R",2739,"A",,"R",11576,"G",91,"G",482,"G",91,"G",482,2
112367,"A",,"R",575400,"A",,"G",639,"A",,"G",639,"A",,1
112385,"R",149444,"A",,"A",,"G",4981,"A",,"G",4981,"A",,2
112394,"R",5785,"A",,"A",,"G",193,"A",,"G",193,"A",,2
112446,"R",34340,"A",,"R",5580,"G",763,"G",155,"G",763,"G",155,2
112455,"A",,"R",55332,"A",,"G",61,"A",,"G",61,"A",,1
112525,"A",,"A",,"R",73600,"A",,"G",3067,"A",,"R",2884,-2
112561,"R",54558,"A",,"A",,"G",1819,"A",,"G",1819,"A",,2
112570,"R",14488,"A",,"A",,"G",322,"A",,"G",322,"A",,2
112686,"R",156901,"A",,"A",,"G",5230,"A",,"G",5230,"A",,2
112783,"A",,"R",481675,"A",,"G",535,"A",,"G",535,"A",,1
112826,"R",147243,"A",,"A",,"G",4908,"A",,"G",4908,"A",,2
113096,"R",260030,"A",,"A",,"G",8668,"A",,"G",8668,"A",,2
113111,"R",114835,"A",,"A",,"G",3828,"A",,"G",3828,"A",,2
113193,"R",213288,"A",,"A",,"G",7110,"A",,"G",7110,"A",,2
113218,"R",146627,"A",,"A",,"G",4888,"A",,"G",4888,"A",,2
113227,"A",,"R",293106,"A",,"G",326,"A",,"G",326,"A",,1
113236,"R",286712,"A",,"A",,"G",9557,"A",,"G",9557,"A",,2
113333,"R",763028,"A",,"A",,"G",16956,"A",,"G",16956,"A",,2
113397,"A",,"R",828110,"A",,"G",920,"A",,"G",920,"A",,1
113449,"A",,"R",262253,"A",,"G",291,"A",,"G",291,"A",,1
113537,"R",1518,"A",,"R",598,"G",51,"G",25,"G",51,"G",25,2
113573,"R",182950,"A",,"A",,"G",6098,"A",,"G",6098,"A",,2
113582,"R",9735,"A",,"A",,"G",325,"A",,"G",325,"A",,2
113607,"R",339694,"A",,"A",,"G",11323,"A",,"R",9436,"A",,2
113634,"R",394926,"A",,"A",,"G",13164,"A",,"G",13164,"A",,2
113698,"R",43558,"A",,"R",12909,"G",1452,"G",538,"G",1452,"G",538,2
113704,"A",,"A",,"R",1591,"A",,"G",66,"A",,"G",66,-2
113856,"R",552265,"A",,"A",,"G",18409,"A",,"R",17421,"A",,2
113908,"A",,"R",1226043,"A",,"G",1362,"A",,"G",1362,"A",,1
113953,"A",,"R",3521225,"A",,"G",3912,"A",,"G",3912,"A",,1
113980,"R",450728,"A",,"A",,"G",15024,"A",,"G",15024,"A",,2
114044,"R",3024,"A",,"A",,"G",101,"A",,"G",101,"A",,2
114062,"A",,"R",199041,"A",,"G",221,"A",,"G",221,"A",,1
114071,"A",,"R",682781,"A",,"G",759,"A",,"G",759,"A",,1
114080,"A",,"R",624053,"A",,"G",693,"A",,"G",693,"A",,1
114114,"A",,"A",,"R",2800,"A",,"G",78,"A",,"G",78,-2
114123,"A",,"R",768300,"A",,"G",854,"A",,"G",854,"A",,1
114266,"R",182985,"A",,"A",,"G",6100,"A",,"G",6100,"A",,2
114354,"R",181162,"A",,"A",,"G",4026,"A",,"G",4026,"A",,2
114372,"R",5332,"A",,"A",,"G",118,"A",,"G",118,"A",,2
114390,"R",38550,"A",,"A",,"G",857,"A",,"G",857,"A",,2
114415,"R",15201,"A",,"A",,"G",338,"A",,"G",338,"A",,2
114433,"R",32755,"A",,"A",,"G",1092,"A",,"G",1092,"A",,2
114460,"R",120,"R",510487,"A",,"G",571,"A",,"G",571,"A",,3
114549,"A",,"A",,"R",33345,"A",,"G",1389,"A",,"R",1198,-2
114585,"A",,"A",,"R",14055,"A",,"G",586,"A",,"R",452,-2
114628,"A",,"R",218201,"A",,"G",242,"A",,"G",242,"A",,1
114716,"R",453164,"A",,"A",,"G",10070,"A",,"G",10070,"A",,2
114734,"A",,"A",,"R",1136,"A",,"G",47,"A",,"G",47,-2
114761,"A",,"R",100112,"A",,"G",111,"A",,"G",111,"A",,1
114789,"R",431806,"A",,"A",,"G",14394,"A",,"G",14394,"A",,2
114813,"R",70418,"A",,"R",18030,"G",2347,"G",751,"G",2347,"G",751,2
114840,"A",,"A",,"R",84964,"A",,"G",2360,"A",,"G",2360,-2
114859,"R",444419,"A",,"A",,"G",14814,"A",,"G",14814,"A",,2
114895,"R",4800,"A",,"A",,"G",160,"A",,"G",160,"A",,2
114938,"R",126420,"A",,"A",,"G",4214,"A",,"G",4214,"A",,2
114947,"A",,"R",613083,"A",,"G",681,"A",,"G",681,"A",,1
115001,"R",377074,"A",,"A",,"G",12569,"A",,"G",12569,"A",,2
115010,"A",,"R",282142,"A",,"G",313,"A",,"G",313,"A",,1
115083,"R",11839,"A",,"R",58394,"G",395,"G",2433,"G",395,"G",2433,2
115126,"R",249607,"A",,"A",,"G",8320,"A",,"G",8320,"A",,2
115214,"A",,"A",,"R",5698,"A",,"G",237,"A",,"G",237,-2
115296,"R",363721,"A",,"A",,"G",12124,"A",,"G",12124,"A",,2
115357,"A",,"R",58354,"A",,"G",65,"A",,"G",65,"A",,1
115393,"R",158117,"A",,"A",,"G",5271,"A",,"G",5271,"A",,2
115409,"R",26094,"A",,"A",,"G",870,"A",,"R",777,"A",,2
115454,"R",69445,"A",,"A",,"G",1543,"A",,"G",1543,"A",,2
115472,"R",105905,"A",,"A",,"G",2353,"A",,"G",2353,"A",,2
115490,"R",88331,"A",,"A",,"G",1963,"A",,"G",1963,"A",,2
115515,"R",73116,"A",,"A",,"G",1625,"A",,"G",1625,"A",,2
115533,"R",88842,"A",,"A",,"G",1974,"A",,"G",1974,"A",,2
115658,"A",,"R",250228,"A",,"G",278,"A",,"G",278,"A",,1
115728,"R",20868,"A",,"R",7491,"G",696,"G",312,"G",696,"G",312,2
115746,"A",,"A",,"R",26540,"A",,"G",737,"A",,"R",640,-2
115755,"R",206457,"A",,"R",7900,"G",6882,"G",329,"G",6882,"G",329,2
115773,"R",59640,"A",,"R",9600,"G",1325,"G",267,"G",1325,"G",267,2
115861,"R",182308,"A",,"A",,"G",6077,"A",,"G",6077,"A",,2
115931,"A",,"R",369661,"A",,"G",411,"A",,"G",411,"A",,1
116040,"R",28731,"A",,"A",,"G",958,"A",,"G",958,"A",,2
116226,"R",9464,"A",,"R",275,"G",210,"G",8,"G",210,"G",8,2
116350,"A",,"R",294041,"A",,"G",327,"A",,"G",327,"A",,1
116439,"R",258679,"A",,"A",,"G",8623,"A",,"G",8623,"A",,2
116466,"R",73481,"A",,"A",,"G",1633,"A",,"G",1633,"A",,2
116475,"R",34652,"A",,"A",,"G",770,"A",,"G",770,"A",,2
116484,"R",44358,"A",,"A",,"G",986,"A",,"G",986,"A",,2
116563,"A",,"R",93320,"A",,"G",104,"A",,"G",104,"A",,1
116712,"R",8870,"A",,"R",54832,"G",197,"G",1523,"G",197,"G",1523,2
116846,"R",3932,"A",,"R",3475,"G",131,"G",145,"G",131,"G",145,2
117052,"R",278643,"A",,"A",,"G",9288,"A",,"G",9288,"A",,2
117104,"R",10988,"A",,"A",,"G",366,"A",,"G",366,"A",,2
117113,"R",108143,"A",,"A",,"G",2403,"A",,"G",2403,"A",,2
117140,"R",110726,"A",,"R",67466,"G",3691,"G",2811,"G",3691,"G",2811,2
117168,"R",11469,"A",,"R",859,"G",382,"G",36,"G",382,"G",36,2
117195,"R",64611,"A",,"A",,"G",1436,"A",,"R",1890,"A",,2
117238,"A",,"R",152679,"A",,"G",170,"A",,"G",170,"A",,1
117247,"R",237348,"A",,"A",,"G",7912,"A",,"G",7912,"A",,2
117274,"R",50890,"A",,"A",,"G",1696,"A",,"G",1696,"A",,2
117520,"A",,"A",,"R",31679,"A",,"G",880,"A",,"G",880,-2
117557,"R",2310,"R",344,"R",2864,"G",77,"G",119,"G",77,"G",119,3
117575,"R",1962,"A",,"R",2401,"G",65,"G",100,"G",65,"G",100,2
117627,"R",69761,"A",,"R",10099,"G",1550,"G",281,"G",1550,"G",281,2
117636,"R",47718,"A",,"R",51861,"G",1060,"G",1441,"G",1060,"G",1441,2
117645,"R",457319,"A",,"A",,"G",15244,"A",,"G",15244,"A",,2
117672,"R",7201,"R",119441,"R",28358,"G",373,"G",1182,"G",373,"G",1182,3
117690,"R",183921,"A",,"A",,"G",6131,"A",,"R",6131,"A",,2
117706,"R",374691,"A",,"A",,"G",12490,"A",,"R",12490,"A",,2
117715,"R",118787,"A",,"A",,"G",3960,"A",,"R",3960,"A",,2
117724,"R",251463,"A",,"A",,"G",8382,"A",,"R",8382,"A",,2
117733,"R",324533,"A",,"A",,"G",10818,"A",,"R",10818,"A",,2
117751,"R",38522,"A",,"R",10273,"G",1284,"G",428,"G",1284,"G",428,2
117788,"R",337443,"A",,"A",,"G",11248,"A",,"R",11248,"A",,2
117803,"R",5109,"A",,"A",,"G",170,"A",,"G",170,"A",,2
117867,"R",175341,"A",,"A",,"G",5845,"A",,"R",5845,"A",,2
117894,"R",180054,"A",,"A",,"G",6002,"A",,"G",6002,"A",,2
117928,"R",68045,"A",,"R",492,"G",1512,"G",14,"G",1512,"G",14,2
117946,"R",175172,"A",,"R",81125,"G",5839,"G",3380,"R",5746,"R",2936,2
117955,"A",,"R",193519,"A",,"G",215,"A",,"G",215,"A",,1
118116,"A",,"R",81835,"A",,"G",91,"A",,"G",91,"A",,1
118125,"A",,"R",50041,"A",,"G",56,"A",,"G",56,"A",,1
118134,"A",,"R",118437,"A",,"G",132,"A",,"G",132,"A",,1
118143,"A",,"R",88957,"A",,"G",99,"A",,"G",99,"A",,1
118161,"A",,"R",127182,"A",,"G",141,"A",,"G",141,"A",,1
118189,"A",,"R",140555,"A",,"G",156,"A",,"G",156,"A",,1
118198,"A",,"R",813950,"A",,"G",904,"A",,"R",878,"A",,1
118259,"R",29531,"A",,"A",,"G",984,"A",,"G",984,"A",,2
118277,"R",62778,"A",,"A",,"G",2093,"A",,"G",2093,"A",,2
118286,"R",60243,"A",,"A",,"G",2008,"A",,"G",2008,"A",,2
118347,"R",147703,"A",,"A",,"G",4923,"A",,"G",4923,"A",,2
118356,"A",,"R",3941924,"A",,"G",4380,"A",,"R",4439,"A",,1
118541,"R",22869,"A",,"A",,"G",762,"A",,"G",762,"A",,2
118684,"R",72784,"A",,"A",,"G",2426,"A",,"G",2426,"A",,2
118693,"R",19662,"A",,"A",,"G",655,"A",,"G",655,"A",,2
118718,"R",234625,"A",,"A",,"G",7821,"A",,"G",7821,"A",,2
118772,"R",119991,"A",,"A",,"G",4000,"A",,"G",4000,"A",,2
118888,"R",28071,"A",,"R",16906,"G",936,"G",704,"G",936,"G",704,2
118912,"R",349062,"A",,"A",,"G",11635,"A",,"G",11635,"A",,2
118921,"A",,"R",635443,"A",,"G",706,"A",,"G",706,"A",,1
118930,"R",179232,"A",,"A",,"G",5974,"A",,"G",5974,"A",,2
118958,"A",,"R",74697,"A",,"G",83,"A",,"G",83,"A",,1
118967,"R",63336,"A",,"A",,"G",2111,"A",,"G",2111,"A",,2
118976,"R",347684,"A",,"A",,"G",11589,"A",,"G",11589,"A",,2
118994,"A",,"R",45017,"A",,"G",50,"A",,"G",50,"A",,1
119058,"R",377,"A",,"R",21962,"G",13,"G",915,"G",13,"G",915,2
119067,"R",148999,"A",,"A",,"G",4967,"A",,"G",4967,"A",,2
119137,"R",315793,"A",,"A",,"G",10526,"A",,"G",10526,"A",,2
119164,"R",615983,"A",,"A",,"G",20533,"A",,"G",20533,"A",,2
119173,"R",58722,"A",,"R",8386,"G",1957,"G",349,"G",1957,"G",349,2
119216,"R",327989,"A",,"A",,"G",10933,"A",,"G",10933,"A",,2
119234,"A",,"R",141934,"A",,"G",158,"A",,"G",158,"A",,1
119270,"R",67806,"A",,"A",,"G",1507,"A",,"G",1507,"A",,2
119331,"R",105809,"A",,"A",,"G",3527,"A",,"G",3527,"A",,2
119340,"R",20456,"A",,"A",,"G",682,"A",,"R",435,"A",,2
119359,"R",42789,"A",,"A",,"G",1426,"A",,"R",922,"A",,2
119368,"R",14911,"A",,"A",,"G",497,"A",,"R",325,"A",,2
119438,"R",21008,"A",,"A",,"G",700,"A",,"R",447,"A",,2
119456,"R",32634,"A",,"A",,"G",1088,"A",,"R",694,"A",,2
119465,"R",29397,"A",,"A",,"G",980,"A",,"R",625,"A",,2
119508,"R",39282,"A",,"A",,"G",1309,"A",,"R",895,"A",,2
119544,"R",9627,"A",,"R",2313,"G",321,"G",96,"G",321,"G",96,2
119553,"R",24131,"A",,"A",,"G",804,"A",,"G",804,"A",,2
119605,"R",269554,"A",,"R",319352,"G",8985,"G",13306,"G",8985,"G",13306,2
119678,"A",,"A",,"R",130070,"A",,"G",3613,"A",,"R",2032,-2
119775,"R",16802,"A",,"R",10553,"G",373,"G",293,"G",373,"G",293,2
119845,"A",,"R",194434,"A",,"G",216,"A",,"G",216,"A",,1
119951,"A",,"R",278982,"A",,"G",310,"A",,"G",310,"A",,1
120069,"A",,"R",341184,"A",,"G",379,"A",,"G",379,"A",,1
120078,"A",,"R",573416,"A",,"G",637,"A",,"G",637,"A",,1
120087,"A",,"R",226732,"A",,"G",252,"A",,"G",252,"A",,1
120166,"R",7682,"A",,"R",17884,"G",256,"G",745,"G",256,"G",745,2
120184,"R",25670,"A",,"R",12667,"G",856,"G",528,"G",856,"G",528,2
120254,"R",64860,"A",,"R",244,"G",2162,"G",10,"G",2162,"G",10,2
120272,"A",,"R",126629,"A",,"G",141,"A",,"R",155,"A",,1
120290,"R",194501,"A",,"A",,"G",6483,"A",,"G",6483,"A",,2
120342,"R",449981,"A",,"A",,"G",14999,"A",,"G",14999,"A",,2
120403,"R",36905,"A",,"R",2127,"G",1230,"G",89,"G",1230,"G",89,2
120421,"R",127724,"A",,"A",,"G",4257,"A",,"G",4257,"A",,2
120537,"R",19088,"A",,"R",6916,"G",636,"G",288,"G",636,"G",288,2
120661,"A",,"R",649510,"A",,"G",722,"A",,"R",722,"A",,1
120698,"R",5130,"A",,"R",21175,"G",114,"G",588,"G",114,"G",588,2
120740,"A",,"A",,"R",2553,"A",,"G",106,"A",,"G",106,-2
120768,"R",1957,"A",,"R",3820,"G",65,"G",159,"G",65,"G",159,2
120795,"A",,"A",,"R",3750,"A",,"G",156,"A",,"G",156,-2
120838,"R",900,"A",,"R",9824,"G",20,"G",273,"G",20,"G",273,2
120865,"R",64131,"A",,"R",190,"G",1425,"G",5,"G",1425,"G",5,2
120883,"R",121788,"A",,"R",85914,"G",4060,"G",3580,"R",4060,"R",3168,2
120953,"R",38376,"A",,"A",,"G",1279,"A",,"G",1279,"A",,2
120971,"R",496538,"A",,"A",,"G",16551,"A",,"G",16551,"A",,2
121008,"A",,"R",373152,"A",,"G",415,"A",,"G",415,"A",,1
121017,"A",,"R",121800,"A",,"G",135,"A",,"G",135,"A",,1
121044,"R",541640,"A",,"A",,"G",18055,"A",,"G",18055,"A",,2
121071,"R",18054,"A",,"R",876,"G",602,"G",37,"G",602,"G",37,2
121150,"R",112735,"A",,"R",101352,"G",3758,"G",4223,"R",3523,"R",4223,2
121257,"R",33102,"A",,"A",,"G",1103,"A",,"R",994,"A",,2
121275,"R",11400,"A",,"A",,"G",380,"A",,"G",380,"A",,2
121309,"R",72586,"A",,"R",24690,"G",2420,"G",1029,"G",2420,"G",1029,2
121345,"R",48230,"A",,"A",,"G",1608,"A",,"R",1546,"A",,2
121363,"R",83653,"A",,"A",,"G",2788,"A",,"G",2788,"A",,2
121381,"R",51896,"A",,"A",,"G",1153,"A",,"G",1153,"A",,2
121433,"A",,"R",160813,"A",,"G",179,"A",,"G",179,"A",,1
121619,"R",339696,"A",,"A",,"G",11323,"A",,"G",11323,"A",,2
121628,"A",,"A",,"R",4370,"A",,"G",121,"A",,"G",121,-2
121637,"A",,"R",141800,"A",,"G",158,"A",,"G",158,"A",,1
121691,"R",91801,"A",,"R",29799,"G",3060,"G",1242,"G",3060,"G",1242,2
121707,"R",121535,"A",,"A",,"G",4051,"A",,"G",4051,"A",,2
121859,"A",,"R",152811,"A",,"G",170,"A",,"G",170,"A",,1
121868,"A",,"R",89909,"A",,"G",100,"A",,"G",100,"A",,1
121877,"A",,"R",337053,"A",,"G",375,"A",,"G",375,"A",,1
121886,"R",287106,"A",,"A",,"G",9570,"A",,"G",9570,"A",,2
121901,"R",381390,"A",,"A",,"G",12713,"A",,"G",12713,"A",,2
121983,"R",2703,"A",,"R",19528,"G",90,"G",814,"G",90,"G",814,2
121992,"A",,"R",265400,"A",,"G",295,"A",,"G",295,"A",,1
122117,"R",3744,"A",,"R",8736,"G",83,"G",243,"G",83,"G",243,2
122180,"R",419681,"A",,"A",,"G",13989,"A",,"G",13989,"A",,2
122205,"R",422789,"A",,"A",,"G",14093,"A",,"G",14093,"A",,2
122296,"R",14288,"A",,"R",12296,"G",476,"G",512,"G",476,"G",512,2
122339,"R",344130,"A",,"A",,"G",11471,"A",,"R",11417,"A",,2
122366,"R",15379,"A",,"A",,"G",513,"A",,"G",513,"A",,2
122375,"R",482340,"A",,"A",,"G",16078,"A",,"R",16078,"A",,2
122384,"R",238470,"A",,"A",,"G",7949,"A",,"R",7949,"A",,2
122409,"R",708513,"A",,"R",82952,"G",23617,"G",3456,"G",23617,"G",3456,2
122436,"R",163212,"A",,"R",66604,"G",5440,"G",2775,"R",5440,"R",2600,2
122454,"R",10066,"A",,"R",6490,"G",336,"G",270,"R",393,"R",249,2
122506,"R",7504,"A",,"R",7514,"G",250,"G",313,"R",192,"R",182,2
122597,"R",638314,"A",,"R",67595,"G",21277,"G",2816,"G",21277,"G",2816,2
122603,"A",,"A",,"R",3727,"A",,"G",155,"A",,"G",155,-2
122612,"R",180159,"A",,"R",79360,"G",6005,"G",3307,"G",6005,"G",3307,2
122649,"A",,"A",,"R",4269,"A",,"G",178,"A",,"G",178,-2
122658,"R",402653,"A",,"A",,"G",13422,"A",,"G",13422,"A",,2
122685,"A",,"R",1282824,"A",,"G",1425,"A",,"G",1425,"A",,1
122694,"A",,"R",851592,"A",,"G",946,"A",,"G",946,"A",,1
122728,"R",22562,"A",,"R",724,"G",752,"G",30,"G",752,"G",30,2
122746,"R",190568,"A",,"A",,"G",6352,"A",,"G",6352,"A",,2
122755,"R",571691,"A",,"R",72065,"G",19056,"G",3003,"G",19056,"G",3003,2
122791,"R",168043,"A",,"A",,"G",5601,"A",,"G",5601,"A",,2
122834,"R",57018,"A",,"A",,"G",1901,"A",,"G",1901,"A",,2
122843,"R",283533,"A",,"R",6325,"G",6301,"G",176,"G",6301,"G",176,2
122852,"R",18625,"A",,"A",,"G",621,"A",,"G",621,"A",,2
122889,"A",,"R",14565600,"A",,"G",16184,"A",,"R",16184,"A",,1
122931,"R",255445,"A",,"R",103532,"G",5677,"G",2876,"G",5677,"G",2876,2
122977,"R",644128,"A",,"A",,"G",21471,"A",,"G",21471,"A",,2
123013,"R",444784,"A",,"A",,"G",14826,"A",,"G",14826,"A",,2
123095,"A",,"A",,"R",15425,"A",,"G",643,"A",,"G",643,-2
123165,"R",24290,"A",,"R",280,"G",810,"G",12,"R",938,"R",10,2
123208,"R",106897,"A",,"A",,"G",3563,"A",,"R",2275,"A",,2
123217,"R",264498,"A",,"A",,"G",8817,"A",,"G",8817,"A",,2
123280,"R",1312,"A",,"R",252,"G",44,"G",11,"G",44,"G",11,2
123299,"R",187288,"A",,"A",,"G",6243,"A",,"G",6243,"A",,2
123341,"R",374481,"A",,"A",,"G",12483,"A",,"G",12483,"A",,2
123350,"R",5654,"A",,"A",,"G",188,"A",,"G",188,"A",,2
123396,"A",,"R",171000,"A",,"G",190,"A",,"G",190,"A",,1
123448,"A",,"A",,"R",1852,"A",,"G",77,"A",,"G",77,-2
123457,"R",26645,"A",,"R",4463,"G",888,"G",186,"G",888,"G",186,2
123484,"R",47681,"A",,"A",,"G",1589,"A",,"G",1589,"A",,2
123493,"A",,"R",1352805,"A",,"G",1503,"A",,"G",1503,"A",,1
123509,"R",177228,"A",,"A",,"G",5908,"A",,"G",5908,"A",,2
123527,"R",309409,"A",,"A",,"G",10314,"A",,"R",10315,"A",,2
123554,"R",76908,"A",,"R",22204,"G",2564,"G",925,"R",2761,"R",930,2
123563,"R",229621,"A",,"A",,"G",7654,"A",,"G",7654,"A",,2
123572,"R",212620,"A",,"R",9095,"G",7087,"G",379,"G",7087,"G",379,2
123581,"A",,"R",189120,"A",,"G",210,"A",,"G",210,"A",,1
123633,"R",22645,"A",,"R",11469,"G",503,"G",319,"G",503,"G",319,2
123642,"A",,"R",316800,"A",,"G",352,"A",,"G",352,"A",,1
123651,"R",51901,"A",,"R",4664,"G",1730,"G",194,"G",1730,"G",194,2
123679,"A",,"R",760378,"A",,"G",845,"A",,"R",845,"A",,1
123800,"R",373602,"A",,"A",,"G",12453,"A",,"G",12453,"A",,2
123855,"A",,"A",,"R",2107,"A",,"G",88,"A",,"G",88,-2
123916,"A",,"A",,"R",1693,"A",,"G",71,"A",,"G",71,-2
123943,"A",,"A",,"R",25815,"A",,"G",717,"A",,"R",586,-2
123952,"R",7690,"A",,"R",5555,"G",256,"G",231,"G",256,"G",231,2
123961,"R",562545,"A",,"R",373097,"G",18752,"G",15546,"G",18752,"G",15546,2
123970,"A",,"A",,"R",39661,"A",,"G",1653,"A",,"G",1653,-2
124113,"R",66239,"A",,"A",,"G",2208,"A",,"G",2208,"A",,2
124283,"A",,"A",,"R",4183,"A",,"G",174,"A",,"G",174,-2
124292,"R",12783,"A",,"A",,"G",426,"A",,"G",426,"A",,2
124344,"A",,"R",222027,"A",,"G",247,"A",,"G",247,"A",,1
124487,"R",9998,"A",,"A",,"G",222,"A",,"G",222,"A",,2
124681,"R",691796,"A",,"A",,"G",23060,"A",,"G",23060,"A",,2
124706,"A",,"R",831150,"A",,"G",924,"A",,"R",924,"A",,1
124779,"A",,"R",41254,"A",,"G",46,"A",,"G",46,"A",,1
124937,"A",,"R",697188,"A",,"G",775,"A",,"R",775,"A",,1
125028,"R",266715,"A",,"A",,"G",8891,"A",,"G",8891,"A",,2
125037,"A",,"A",,"R",2293,"A",,"G",96,"A",,"G",96,-2
125082,"A",,"R",212105,"A",,"G",236,"A",,"G",236,"A",,1
125091,"R",245148,"A",,"A",,"G",8172,"A",,"G",8172,"A",,2
125170,"R",124577,"A",,"A",,"G",4153,"A",,"G",4153,"A",,2
125231,"R",372961,"A",,"R",1106795,"G",12432,"G",46116,"G",12432,"G",46116,2
125301,"A",,"R",779700,"A",,"G",866,"A",,"G",866,"A",,1
125462,"R",57599,"A",,"A",,"G",1920,"A",,"G",1920,"A",,2
125471,"R",185344,"A",,"A",,"G",6178,"A",,"R",6178,"A",,2
125499,"R",210711,"A",,"A",,"G",7024,"A",,"G",7024,"A",,2
125532,"R",63029,"A",,"A",,"G",2101,"A",,"G",2101,"A",,2
125718,"A",,"A",,"R",4640,"A",,"G",193,"A",,"R",155,-2
125727,"R",45516,"A",,"R",360,"G",1517,"G",15,"G",1517,"G",15,2
125763,"R",44426,"A",,"R",20818,"G",1481,"G",867,"G",1481,"G",867,2
125897,"R",39259,"A",,"R",8618,"G",1309,"G",359,"G",1309,"G",359,2
126012,"A",,"A",,"R",10025,"A",,"G",418,"A",,"G",418,-2
126030,"A",,"A",,"R",12326,"A",,"G",514,"A",,"G",514,-2
126049,"A",,"A",,"R",23250,"A",,"G",969,"A",,"G",969,-2
126076,"R",3889,"A",,"A",,"G",130,"A",,"G",130,"A",,2
126119,"R",155925,"A",,"A",,"G",5198,"A",,"G",5198,"A",,2
126164,"A",,"R",113352,"A",,"G",126,"A",,"G",126,"A",,1
126182,"R",41017,"A",,"R",7811,"G",1367,"G",325,"G",1367,"G",325,2
126207,"R",110767,"A",,"A",,"G",3692,"A",,"G",3692,"A",,2
126289,"R",189984,"A",,"A",,"G",6333,"A",,"R",5950,"A",,2
126359,"R",46855,"A",,"A",,"G",1041,"A",,"G",1041,"A",,2
126401,"R",28707,"A",,"A",,"G",957,"A",,"R",679,"A",,2
126410,"R",7640,"A",,"A",,"G",170,"A",,"G",170,"A",,2
126562,"R",296580,"A",,"R",225781,"G",9886,"G",9408,"G",9886,"G",9408,2
126580,"R",201436,"A",,"R",29949,"G",6715,"G",1248,"G",6715,"G",1248,2
126605,"R",30653,"R",505500,"A",,"G",1243,"A",,"G",1243,"A",,3
126614,"R",767114,"A",,"R",97396,"G",25570,"G",4058,"G",25570,"G",4058,2
126669,"R",64560,"A",,"R",6808,"G",2152,"G",284,"G",2152,"G",284,2
126678,"R",70744,"A",,"R",1408,"G",2358,"G",59,"R",2211,"R",59,2
126687,"A",,"R",682604,"A",,"G",758,"A",,"R",758,"A",,1
126702,"R",95789,"A",,"A",,"G",2129,"A",,"G",2129,"A",,2
126711,"R",104018,"A",,"A",,"G",3467,"A",,"G",3467,"A",,2
126748,"R",27052,"A",,"A",,"G",902,"A",,"G",902,"A",,2
126775,"R",120689,"A",,"R",25134,"G",4023,"G",1047,"G",4023,"G",1047,2
126784,"R",4480,"A",,"A",,"G",149,"A",,"G",149,"A",,2
126818,"R",630922,"A",,"R",118838,"G",21031,"G",4952,"G",21031,"G",4952,2
126827,"R",75685,"A",,"R",24626,"G",1682,"G",684,"G",1682,"G",684,2
126854,"R",6160,"A",,"A",,"G",205,"A",,"G",205,"A",,2
126863,"R",140797,"A",,"A",,"G",4693,"A",,"G",4693,"A",,2
126872,"R",36910,"A",,"A",,"G",1230,"A",,"G",1230,"A",,2
126915,"R",11027,"A",,"A",,"G",368,"A",,"G",368,"A",,2
126924,"R",9967,"A",,"A",,"G",221,"A",,"G",221,"A",,2
126942,"R",242019,"A",,"A",,"G",8067,"A",,"R",8390,"A",,2
126951,"A",,"R",963247,"A",,"G",1070,"A",,"G",1070,"A",,1
126979,"A",,"A",,"R",16331,"A",,"G",680,"A",,"G",680,-2
127024,"R",43112,"A",,"A",,"G",958,"A",,"G",958,"A",,2
127060,"R",243515,"A",,"R",197248,"G",5411,"G",5479,"G",5411,"G",5479,2
127158,"R",92845,"A",,"A",,"G",3095,"A",,"G",3095,"A",,2
127185,"R",107318,"A",,"A",,"G",3577,"A",,"G",3577,"A",,2
127200,"R",421542,"A",,"A",,"G",14051,"A",,"G",14051,"A",,2
127219,"R",2167,"A",,"A",,"G",72,"A",,"G",72,"A",,2
127228,"R",8418,"A",,"A",,"G",281,"A",,"G",281,"A",,2
127273,"A",,"A",,"R",6768,"A",,"G",188,"A",,"R",203,-2
127316,"R",5065,"A",,"A",,"G",169,"A",,"G",169,"A",,2
127389,"R",22493,"A",,"A",,"G",750,"A",,"G",750,"A",,2
127556,"R",201616,"A",,"R",3517,"G",6721,"G",147,"G",6721,"G",147,2
127565,"R",533681,"A",,"R",936,"G",17789,"G",39,"R",17789,"R",31,2
127617,"R",34466,"A",,"A",,"G",1149,"A",,"R",1210,"A",,2
127653,"R",11911,"A",,"R",12370,"G",397,"G",515,"G",397,"G",515,2
127680,"R",13876,"A",,"A",,"G",308,"A",,"G",308,"A",,2
127699,"R",13483,"A",,"A",,"G",300,"A",,"G",300,"A",,2
127714,"R",13313,"A",,"A",,"G",444,"A",,"G",444,"A",,2
127732,"R",45574,"A",,"A",,"G",1519,"A",,"G",1519,"A",,2
127741,"R",286664,"A",,"R",46016,"G",9555,"G",1917,"G",9555,"G",1917,2
127778,"R",38861,"A",,"A",,"G",1295,"A",,"R",1338,"A",,2
127787,"R",29892,"A",,"A",,"G",996,"A",,"R",714,"A",,2
127820,"R",326449,"A",,"A",,"G",10882,"A",,"G",10882,"A",,2
127839,"R",33882,"A",,"A",,"G",1129,"A",,"G",1129,"A",,2
127884,"R",172847,"A",,"A",,"G",5762,"A",,"G",5762,"A",,2
127909,"R",198126,"A",,"A",,"G",6604,"A",,"R",6650,"A",,2
127918,"R",129590,"A",,"R",85208,"G",4320,"G",3550,"R",4050,"R",4734,2
127945,"R",19349,"A",,"A",,"G",645,"A",,"G",645,"A",,2
127954,"A",,"R",7800,"R",1700,"G",9,"G",71,"G",9,"G",71,1
128106,"R",143726,"A",,"R",39912,"G",4791,"G",1663,"G",4791,"G",1663,2
128151,"R",38899,"A",,"A",,"G",1297,"A",,"G",1297,"A",,2
128179,"A",,"R",815555,"A",,"G",906,"A",,"G",906,"A",,1
128188,"R",25440,"A",,"A",,"G",848,"A",,"G",848,"A",,2
128258,"R",48419,"A",,"A",,"G",1614,"A",,"G",1614,"A",,2
128328,"R",167281,"A",,"A",,"G",5576,"A",,"G",5576,"A",,2
128337,"R",8785,"A",,"A",,"G",293,"A",,"G",293,"A",,2
128391,"R",58844,"A",,"R",2786,"G",1961,"G",116,"G",1961,"G",116,2
128425,"R",645,"A",,"R",60,"G",22,"G",3,"G",22,"G",3,2
128498,"R",44528,"A",,"R",9271,"G",1484,"G",386,"G",1484,"G",386,2
128540,"A",,"R",98564,"A",,"G",110,"A",,"G",110,"A",,1
128577,"R",32159,"A",,"A",,"G",1072,"A",,"G",1072,"A",,2
128586,"R",1800,"A",,"A",,"G",60,"A",,"G",60,"A",,2
128674,"R",18485,"A",,"A",,"G",616,"A",,"G",616,"A",,2
128683,"R",20042,"A",,"A",,"G",668,"A",,"G",668,"A",,2
128726,"R",4445,"A",,"A",,"G",148,"A",,"G",148,"A",,2
128744,"R",61800,"A",,"R",53017,"G",2060,"G",2209,"G",2060,"G",2209,2
128762,"R",12450,"A",,"A",,"G",415,"A",,"G",415,"A",,2
128771,"R",263447,"A",,"R",37396,"G",8782,"G",1558,"G",8782,"G",1558,2
128780,"R",34579,"A",,"A",,"G",1153,"A",,"G",1153,"A",,2
128896,"R",10306,"A",,"A",,"G",344,"A",,"G",344,"A",,2
128902,"R",61591,"A",,"R",154,"G",2053,"G",6,"G",2053,"G",6,2
128957,"A",,"R",163137,"A",,"G",181,"A",,"G",181,"A",,1
129002,"R",15077,"A",,"A",,"G",335,"A",,"G",335,"A",,2
129020,"R",526277,"A",,"R",142865,"G",17543,"G",5953,"G",17543,"G",5953,2
129154,"R",63808,"A",,"A",,"G",2127,"A",,"G",2127,"A",,2
129181,"A",,"R",1077314,"A",,"G",1197,"A",,"G",1197,"A",,1
129215,"R",144147,"A",,"R",4614,"G",4805,"G",192,"G",4805,"G",192,2
129242,"R",115626,"A",,"R",19550,"G",3854,"G",815,"G",3854,"G",815,2
129349,"A",,"R",217653,"A",,"G",242,"A",,"G",242,"A",,1
129367,"R",80317,"A",,"A",,"G",2677,"A",,"G",2677,"A",,2
129428,"A",,"A",,"R",5030,"A",,"G",210,"A",,"G",210,-2
129482,"R",15319,"A",,"A",,"G",511,"A",,"G",511,"A",,2
129491,"A",,"A",,"R",2097,"A",,"G",87,"A",,"R",116,-2
129525,"R",159760,"A",,"R",30825,"G",5325,"G",1284,"R",4965,"R",1116,2
129534,"R",962,"A",,"R",4709,"G",32,"G",196,"R",40,"R",261,2
129543,"R",115723,"A",,"A",,"G",3857,"A",,"G",3857,"A",,2
129613,"R",16409,"A",,"A",,"G",365,"A",,"G",365,"A",,2
129640,"A",,"R",42700,"A",,"G",47,"A",,"G",47,"A",,1
129686,"R",2097,"A",,"R",51,"G",70,"G",2,"G",70,"G",2,2
129695,"R",143100,"A",,"A",,"G",4770,"A",,"G",4770,"A",,2
129729,"R",135321,"A",,"A",,"G",4511,"A",,"G",4511,"A",,2
129756,"R",53869,"A",,"A",,"G",1796,"A",,"G",1796,"A",,2
129774,"R",27362,"A",,"A",,"G",912,"A",,"G",912,"A",,2
129808,"R",90183,"A",,"A",,"G",3006,"A",,"G",3006,"A",,2
129923,"A",,"R",799508,"A",,"G",888,"A",,"G",888,"A",,1
129932,"A",,"R",415000,"A",,"G",461,"A",,"G",461,"A",,1
129941,"R",119773,"A",,"R",37212,"G",3992,"G",1551,"G",3992,"G",1551,2
129969,"R",13925,"A",,"A",,"G",464,"A",,"G",464,"A",,2
130004,"R",123425,"A",,"A",,"G",4114,"A",,"G",4114,"A",,2
130040,"R",27533,"A",,"A",,"G",918,"A",,"G",918,"A",,2
130110,"R",5707,"A",,"A",,"G",190,"A",,"G",190,"A",,2
130129,"A",,"R",114382,"A",,"G",127,"A",,"G",127,"A",,1
130174,"R",122358,"A",,"A",,"G",2719,"A",,"G",2719,"A",,2
130183,"R",101287,"A",,"R",12552,"G",3376,"G",523,"G",3376,"G",523,2
130217,"R",38045,"A",,"A",,"G",1268,"A",,"G",1268,"A",,2
130226,"R",182706,"A",,"R",50003,"G",6090,"G",2083,"G",6090,"G",2083,2
130253,"R",121687,"A",,"R",41322,"G",4056,"G",1722,"G",4056,"G",1722,2
130314,"R",27542,"A",,"R",18701,"G",918,"G",779,"G",918,"G",779,2
130396,"R",132950,"A",,"A",,"G",4432,"A",,"G",4432,"A",,2
130448,"R",12494,"A",,"A",,"G",416,"A",,"G",416,"A",,2
130493,"R",222103,"A",,"R",49552,"G",7403,"G",2065,"G",7403,"G",2065,2
130509,"R",13754,"A",,"A",,"G",458,"A",,"G",458,"A",,2
130581,"A",,"A",,"R",5970,"A",,"G",249,"A",,"G",249,-2
130590,"R",68682,"A",,"R",1516,"G",2289,"G",63,"G",2289,"G",63,2
130606,"R",85904,"A",,"A",,"G",2863,"A",,"G",2863,"A",,2
130624,"R",35807,"A",,"A",,"G",1194,"A",,"G",1194,"A",,2
130697,"R",96819,"A",,"R",4883,"G",3227,"G",203,"R",3026,"R",203,2
130776,"R",156934,"A",,"R",8717,"G",5231,"G",363,"G",5231,"G",363,2
130785,"A",,"A",,"R",432,"A",,"G",12,"A",,"G",12,-2
130794,"R",204636,"A",,"R",164759,"G",6821,"G",6865,"G",6821,"G",6865,2
130837,"A",,"R",60214,"A",,"G",67,"A",,"G",67,"A",,1
130873,"R",51900,"A",,"A",,"G",1730,"A",,"G",1730,"A",,2
130891,"R",107166,"A",,"A",,"G",3572,"A",,"G",3572,"A",,2
130907,"R",74329,"A",,"A",,"G",2478,"A",,"G",2478,"A",,2
130916,"R",160578,"A",,"A",,"G",5353,"A",,"G",5353,"A",,2
130934,"R",92260,"A",,"R",8136,"G",3075,"G",339,"R",3417,"R",452,2
130943,"R",520063,"A",,"R",55022,"G",17335,"G",2293,"R",17466,"R",3455,2
130989,"R",20018,"A",,"R",7613,"G",667,"G",317,"G",667,"G",317,2
131061,"A",,"R",172808,"A",,"G",192,"A",,"G",192,"A",,1
131098,"R",48656,"A",,"R",2346,"G",1622,"G",98,"G",1622,"G",98,2
131113,"R",167434,"A",,"R",81110,"G",5581,"G",3380,"G",5581,"G",3380,2
131159,"R",208120,"A",,"R",109793,"G",6937,"G",4575,"R",6714,"R",5490,2
131283,"R",109760,"A",,"R",59810,"G",3659,"G",2492,"G",3659,"G",2492,2
131308,"R",10834,"A",,"R",4961,"G",361,"G",207,"G",361,"G",207,2
131399,"R",110998,"A",,"R",3651,"G",3700,"G",152,"G",3700,"G",152,2
131405,"A",,"A",,"R",1849,"A",,"G",77,"A",,"G",77,-2
131450,"R",31041,"A",,"R",8928,"G",1035,"G",372,"G",1035,"G",372,2
131469,"R",304583,"A",,"R",280825,"G",10153,"G",11701,"G",10153,"G",11701,2
131496,"R",222318,"A",,"R",212824,"G",7411,"G",8868,"G",7411,"G",8868,2
131520,"R",208759,"A",,"R",95873,"G",6959,"G",3995,"G",6959,"G",3995,2
131742,"A",,"R",1060471,"A",,"G",1178,"A",,"G",1178,"A",,1
131803,"R",50711,"A",,"R",13649,"G",1127,"G",379,"G",1127,"G",379,2
131830,"R",1444,"A",,"A",,"G",48,"A",,"G",48,"A",,2
131876,"R",40065,"A",,"R",11692,"G",1336,"G",487,"G",1336,"G",487,2
131973,"A",,"A",,"R",11720,"A",,"G",488,"A",,"G",488,-2
132268,"R",97020,"A",,"A",,"G",3234,"A",,"R",1617,"A",,2
132338,"R",116286,"A",,"A",,"G",2584,"A",,"G",2584,"A",,2
132374,"A",,"R",1284059,"A",,"G",1427,"A",,"G",1427,"A",,1
132408,"R",14329,"A",,"R",173,"G",478,"G",7,"G",478,"G",7,2
132471,"R",137468,"A",,"R",100306,"G",4582,"G",4179,"G",4582,"G",4179,2
132523,"A",,"A",,"R",1411,"A",,"G",59,"A",,"G",59,-2
132602,"R",106309,"A",,"R",568,"G",3544,"G",24,"G",3544,"G",24,2
132657,"R",49477,"A",,"R",9968,"G",1649,"G",415,"G",1649,"G",415,2
132666,"A",,"R",125400,"A",,"G",139,"A",,"G",139,"A",,1
132675,"A",,"R",128263,"A",,"G",143,"A",,"G",143,"A",,1
132693,"R",369967,"R",982640,"A",,"G",13424,"A",,"G",13424,"A",,3
132709,"R",904969,"R",397750,"A",,"G",30608,"A",,"G",30608,"A",,3
132806,"A",,"R",304898,"A",,"G",339,"A",,"G",339,"A",,1
132842,"R",9678,"A",,"R",14927,"G",323,"G",622,"G",323,"G",622,2
132851,"R",185735,"R",393664,"A",,"G",6629,"A",,"G",6629,"A",,3
132879,"R",7412,"A",,"A",,"G",247,"A",,"R",331,"A",,2
132903,"R",1306166,"A",,"R",142949,"G",43539,"G",5956,"G",43539,"G",5956,2
132976,"A",,"R",337319,"A",,"G",375,"A",,"G",375,"A",,1
133021,"R",46155,"R",121234,"A",,"G",1673,"A",,"G",1673,"A",,3
133085,"R",17313,"A",,"R",153,"G",577,"G",6,"G",577,"G",6,2
133155,"A",,"R",511319,"A",,"G",568,"A",,"G",568,"A",,1
133386,"R",407890,"R",810674,"A",,"G",14497,"A",,"G",14497,"A",,3
133465,"R",41283,"A",,"R",2383,"G",917,"G",66,"G",917,"G",66,2
133492,"R",74659,"A",,"A",,"G",2489,"A",,"G",2489,"A",,2
133508,"R",370102,"R",13980,"A",,"G",12352,"A",,"G",12352,"A",,3
133526,"R",24013,"A",,"A",,"G",800,"A",,"G",800,"A",,2
133553,"R",137185,"A",,"R",8736,"G",4573,"G",364,"G",4573,"G",364,2
133650,"R",338988,"A",,"R",49803,"G",11300,"G",2075,"G",11300,"G",2075,2
133669,"R",578877,"A",,"R",80850,"G",19296,"G",3369,"G",19296,"G",3369,2
133702,"R",682069,"R",1245454,"A",,"G",24119,"A",,"G",24119,"A",,3
133711,"R",88260,"A",,"A",,"G",2942,"A",,"G",2942,"A",,2
133809,"R",13154,"A",,"A",,"G",438,"A",,"G",438,"A",,2
133845,"A",,"R",468667,"A",,"G",521,"A",,"R",521,"A",,1
133854,"A",,"R",405164,"A",,"G",450,"A",,"R",450,"A",,1
133863,"A",,"R",371480,"A",,"G",413,"A",,"R",413,"A",,1
133872,"R",58895,"A",,"R",1615,"G",1963,"G",67,"G",1963,"G",67,2
133881,"R",165229,"A",,"R",55534,"G",5508,"G",2314,"G",5508,"G",2314,2
133942,"R",6250,"A",,"A",,"G",208,"A",,"G",208,"A",,2
133951,"R",926373,"A",,"R",180160,"G",30879,"G",7507,"G",30879,"G",7507,2
133960,"R",28165,"R",22878,"A",,"G",964,"A",,"G",964,"A",,3
133979,"R",53994,"A",,"R",1107,"G",1800,"G",46,"G",1800,"G",46,2
133997,"R",425025,"A",,"A",,"G",9445,"A",,"G",9445,"A",,2
134024,"A",,"R",114153,"A",,"G",127,"A",,"G",127,"A",,1
134079,"R",69579,"A",,"R",2919,"G",2319,"G",122,"G",2319,"G",122,2
134097,"R",932272,"A",,"R",185063,"G",31076,"G",7711,"R",23307,"R",5783,2
134112,"R",87980,"A",,"A",,"G",2933,"A",,"G",2933,"A",,2
134121,"R",10354,"A",,"A",,"G",345,"A",,"G",345,"A",,2
134130,"R",978883,"A",,"R",358773,"G",32629,"G",14949,"G",32629,"G",14949,2
134149,"R",51873,"A",,"R",8040,"G",1729,"G",335,"R",1327,"R",336,2
134228,"A",,"R",34800,"A",,"G",39,"A",,"G",39,"A",,1
134237,"R",790263,"A",,"R",87887,"G",26342,"G",3662,"G",26342,"G",3662,2
134291,"A",,"R",519804,"A",,"G",578,"A",,"G",578,"A",,1
134307,"A",,"R",576652,"A",,"G",641,"A",,"G",641,"A",,1
134343,"R",136798,"R",226168,"A",,"G",4811,"A",,"G",4811,"A",,3
134422,"A",,"R",61116,"A",,"G",68,"A",,"G",68,"A",,1
134495,"R",606299,"R",392747,"A",,"G",20646,"A",,"G",20646,"A",,3
134510,"R",3214,"A",,"A",,"G",107,"A",,"G",107,"A",,2
134529,"A",,"R",279822,"A",,"G",311,"A",,"G",311,"A",,1
134574,"R",11549,"A",,"A",,"G",257,"A",,"G",257,"A",,2
134608,"R",339623,"R",907420,"A",,"G",12329,"A",,"G",12329,"A",,3
134680,"R",74261,"A",,"R",0,"G",1650,"R",0,"G",1650,"Z",0,2
134714,"A",,"R",467820,"A",,"G",520,"A",,"G",520,"A",,1
134811,"R",188641,"A",,"R",3199,"G",4192,"G",89,"G",4192,"G",89,2
134875,"R",43443,"R",1091544,"A",,"G",2661,"A",,"G",2661,"A",,3
134909,"R",38445,"A",,"A",,"G",854,"A",,"G",854,"A",,2
134945,"R",84038,"A",,"R",8048,"G",2801,"G",335,"G",2801,"G",335,2
135063,"R",18564,"A",,"A",,"G",619,"A",,"G",619,"A",,2
135081,"R",569199,"A",,"R",14143,"G",18973,"G",589,"G",18973,"G",589,2
135124,"R",38057,"A",,"A",,"G",1269,"A",,"G",1269,"A",,2
135142,"A",,"R",254952,"A",,"G",283,"A",,"G",283,"A",,1
135160,"R",58235,"R",331948,"A",,"G",2310,"A",,"G",2310,"A",,3
135179,"A",,"R",500565,"A",,"G",556,"A",,"G",556,"A",,1
135188,"R",97947,"A",,"A",,"G",3265,"A",,"G",3265,"A",,2
135267,"A",,"R",660431,"A",,"G",734,"A",,"G",734,"A",,1
135276,"A",,"R",673062,"A",,"G",748,"A",,"G",748,"A",,1
135294,"A",,"R",647620,"A",,"G",720,"A",,"G",720,"A",,1
135337,"A",,"R",161279,"A",,"G",179,"A",,"G",179,"A",,1
135364,"R",9291,"A",,"R",12036,"G",310,"G",502,"G",310,"G",502,2
135391,"R",267255,"A",,"A",,"G",8909,"A",,"G",8909,"A",,2
135407,"A",,"R",963284,"A",,"G",1070,"A",,"G",1070,"A",,1
135416,"A",,"R",481962,"A",,"G",536,"A",,"G",536,"A",,1
135434,"A",,"R",540128,"A",,"G",600,"A",,"R",488,"A",,1
135522,"A",,"R",598725,"A",,"G",665,"A",,"G",665,"A",,1
135610,"R",4744,"A",,"R",2231,"G",158,"G",93,"G",158,"G",93,2
135647,"A",,"R",854940,"A",,"G",950,"A",,"G",950,"A",,1
135717,"R",1630589,"R",693123,"A",,"G",55123,"A",,"G",55123,"A",,3
135726,"R",311094,"A",,"R",136346,"G",10370,"G",5681,"G",10370,"G",5681,2
135735,"A",,"R",1013995,"A",,"G",1127,"A",,"G",1127,"A",,1
135771,"A",,"R",617579,"A",,"G",686,"A",,"G",686,"A",,1
135939,"R",10106,"R",58290,"A",,"G",402,"A",,"G",402,"A",,3
135957,"R",39168,"A",,"A",,"G",1306,"A",,"R",926,"A",,2
136011,"R",35640,"A",,"A",,"G",1188,"A",,"R",833,"A",,2
136048,"A",,"R",112924,"A",,"G",125,"A",,"G",125,"A",,1
136066,"R",112925,"A",,"A",,"G",2509,"A",,"G",2509,"A",,2
136075,"A",,"R",298668,"A",,"G",332,"A",,"G",332,"A",,1
136109,"A",,"R",198630,"A",,"G",221,"A",,"G",221,"A",,1
136145,"R",26363,"R",126113,"A",,"G",1019,"A",,"G",1019,"A",,3
136172,"R",380722,"A",,"R",33000,"G",12691,"G",1375,"G",12691,"G",1375,2
136206,"R",18754,"A",,"R",645,"G",625,"G",27,"G",625,"G",27,2
136215,"R",167006,"A",,"R",530512,"G",5567,"G",22105,"G",5567,"G",22105,2
136233,"R",167976,"R",134952,"A",,"G",5749,"A",,"G",5749,"A",,3
136251,"A",,"R",115080,"A",,"G",128,"A",,"G",128,"A",,1
136288,"R",48233,"A",,"R",1308,"G",1608,"G",55,"R",1241,"R",55,2
136303,"A",,"R",533053,"A",,"G",592,"A",,"G",592,"A",,1
136330,"R",71476,"A",,"R",21166,"G",2383,"G",882,"G",2383,"G",882,2
136358,"R",585171,"R",899070,"A",,"G",20505,"A",,"G",20505,"A",,3
136400,"R",216716,"R",486481,"A",,"G",7764,"A",,"G",7764,"A",,3
136473,"R",245806,"R",422460,"A",,"G",8663,"A",,"G",8663,"A",,3
136491,"A",,"R",808906,"A",,"G",899,"A",,"G",899,"A",,1
136516,"R",214425,"R",95698,"A",,"G",7254,"A",,"G",7254,"A",,3
136659,"A",,"R",125927,"A",,"G",140,"A",,"G",140,"A",,1
136701,"A",,"A",,"R",2046,"A",,"G",85,"A",,"G",85,-2
136738,"A",,"R",2256032,"A",,"G",2507,"A",,"G",2507,"A",,1
136747,"A",,"R",2508240,"A",,"G",2787,"A",,"G",2787,"A",,1
136765,"A",,"R",459591,"A",,"G",511,"A",,"G",511,"A",,1
136774,"R",38426,"A",,"A",,"G",1281,"A",,"G",1281,"A",,2
136783,"A",,"R",55730,"A",,"G",62,"A",,"G",62,"A",,1
136826,"A",,"R",803318,"A",,"G",893,"A",,"G",893,"A",,1
136950,"R",84533,"A",,"R",16143,"G",2818,"G",673,"G",2818,"G",673,2
137023,"A",,"R",472952,"A",,"G",526,"A",,"G",526,"A",,1
137032,"R",356611,"A",,"R",52818,"G",11887,"G",2201,"G",11887,"G",2201,2
137078,"R",675000,"R",113599,"A",,"G",22626,"A",,"G",22626,"A",,3
137087,"A",,"R",686499,"A",,"G",763,"A",,"G",763,"A",,1
137096,"R",365321,"R",282847,"A",,"G",12492,"A",,"G",12492,"A",,3
137120,"A",,"R",671831,"A",,"G",746,"A",,"G",746,"A",,1
137148,"R",2481,"A",,"R",31783,"G",83,"G",1324,"G",83,"G",1324,2
137209,"R",418015,"R",345611,"A",,"G",14318,"A",,"G",14318,"A",,3
137245,"A",,"R",1587061,"A",,"G",1763,"A",,"R",1763,"A",,1
137272,"R",1622,"A",,"R",443,"G",54,"G",18,"G",54,"G",18,2
137281,"R",141513,"R",129517,"A",,"G",4861,"A",,"G",4861,"A",,3
137315,"R",48065,"R",480392,"A",,"G",2136,"A",,"G",2136,"A",,3
137351,"R",836634,"A",,"R",171326,"G",27888,"G",7139,"G",27888,"G",7139,2
137476,"R",46992,"A",,"R",34782,"G",1566,"G",1449,"G",1566,"G",1449,2
137537,"R",9870,"A",,"A",,"G",329,"A",,"G",329,"A",,2
137546,"R",67648,"A",,"R",40457,"G",2255,"G",1686,"G",2255,"G",1686,2
137564,"R",70881,"A",,"R",5150,"G",2363,"G",215,"G",2363,"G",215,2
137591,"A",,"R",168800,"A",,"G",188,"A",,"G",188,"A",,1
137713,"A",,"R",136102,"A",,"G",151,"A",,"G",151,"A",,1
137759,"R",346898,"R",288860,"A",,"G",11884,"A",,"G",11884,"A",,3
137777,"R",1333,"A",,"R",378,"G",44,"G",16,"R",43,"R",14,2
137801,"R",66760,"A",,"R",808,"G",2225,"G",34,"R",1643,"R",34,2
137810,"R",28789,"A",,"R",556,"G",960,"G",23,"R",721,"R",23,2
137847,"R",178840,"A",,"R",15973,"G",5961,"G",666,"G",5961,"G",666,2
137856,"A",,"R",152318,"A",,"G",169,"A",,"G",169,"A",,1
137865,"A",,"R",385625,"A",,"G",428,"A",,"G",428,"A",,1
137892,"R",6193,"R",1342360,"A",,"G",1698,"A",,"G",1698,"A",,3
137953,"R",6421,"A",,"R",24,"G",214,"G",1,"G",214,"G",1,2
137962,"R",4963,"A",,"A",,"G",165,"A",,"G",165,"A",,2
138132,"A",,"R",184380,"A",,"G",205,"A",,"G",205,"A",,1
138187,"R",940614,"R",189215,"A",,"G",31564,"A",,"G",31564,"A",,3
138275,"R",30812,"A",,"R",2975,"G",1027,"G",124,"R",1048,"R",116,2
138284,"A",,"R",425982,"A",,"G",473,"A",,"G",473,"A",,1
138293,"R",20350,"A",,"R",1347,"G",678,"G",56,"R",652,"R",46,2
138309,"R",230465,"A",,"A",,"G",5121,"A",,"G",5121,"A",,2
138354,"R",251149,"A",,"R",32166,"G",8372,"G",1340,"G",8372,"G",1340,2
138372,"A",,"R",855679,"A",,"G",951,"A",,"G",951,"A",,1
138479,"A",,"R",850488,"A",,"G",945,"A",,"G",945,"A",,1
138488,"A",,"R",717059,"A",,"G",797,"A",,"G",797,"A",,1
138497,"A",,"R",361101,"A",,"G",401,"A",,"G",401,"A",,1
138558,"R",81976,"A",,"A",,"G",2733,"A",,"G",2733,"A",,2
138594,"R",136609,"A",,"A",,"G",4554,"A",,"G",4554,"A",,2
138600,"R",27608,"A",,"R",880,"G",920,"G",37,"G",920,"G",37,2
138655,"R",15520,"A",,"A",,"G",517,"A",,"G",517,"A",,2
138664,"R",1075,"A",,"A",,"G",36,"A",,"G",36,"A",,2
138682,"R",212993,"A",,"A",,"G",4733,"A",,"G",4733,"A",,2
138691,"R",142094,"A",,"A",,"G",4736,"A",,"G",4736,"A",,2
138716,"R",123859,"A",,"R",8156,"G",4129,"G",340,"G",4129,"G",340,2
138761,"R",7892,"A",,"A",,"G",263,"A",,"G",263,"A",,2
138789,"R",179121,"A",,"R",14536,"G",5971,"G",606,"G",5971,"G",606,2
138813,"R",185819,"A",,"A",,"G",4129,"A",,"G",4129,"A",,2
138822,"A",,"R",804549,"A",,"G",894,"A",,"G",894,"A",,1
138840,"R",215871,"A",,"A",,"G",4797,"A",,"G",4797,"A",,2
138868,"R",28662,"A",,"A",,"G",955,"A",,"G",955,"A",,2
138901,"R",82374,"A",,"A",,"G",2746,"A",,"G",2746,"A",,2
138929,"A",,"A",,"R",8032,"A",,"G",335,"A",,"R",576,-2
138938,"A",,"R",160000,"A",,"G",178,"A",,"G",178,"A",,1
138947,"R",96221,"A",,"R",10998,"G",3207,"G",458,"G",3207,"G",458,2
138956,"R",193920,"A",,"A",,"G",4309,"A",,"G",4309,"A",,2
138983,"R",154782,"A",,"R",17248,"G",5159,"G",719,"G",5159,"G",719,2
139010,"R",101258,"A",,"A",,"G",3375,"A",,"G",3375,"A",,2
139074,"R",37964,"A",,"A",,"G",1265,"A",,"G",1265,"A",,2
139092,"A",,"R",159404,"A",,"G",177,"A",,"G",177,"A",,1
139144,"R",57303,"A",,"R",2794,"G",1910,"G",116,"G",1910,"G",116,2
139153,"R",21600,"A",,"R",5184,"G",720,"G",216,"G",720,"G",216,2
139199,"R",46217,"A",,"R",19256,"G",1541,"G",802,"G",1541,"G",802,2
139205,"R",18406,"A",,"A",,"G",614,"A",,"G",614,"A",,2
139214,"R",10637,"A",,"A",,"G",236,"A",,"G",236,"A",,2
139250,"R",82763,"A",,"A",,"G",2759,"A",,"G",2759,"A",,2
139278,"R",284951,"A",,"A",,"G",6332,"A",,"G",6332,"A",,2
139287,"R",2763,"A",,"A",,"G",92,"A",,"G",92,"A",,2
139311,"R",167990,"A",,"R",4357,"G",5600,"G",182,"G",5600,"G",182,2
139348,"A",,"A",,"R",7439,"A",,"G",310,"A",,"G",310,-2
139357,"R",156012,"A",,"A",,"G",3467,"A",,"G",3467,"A",,2
139366,"R",185353,"A",,"R",21054,"G",6178,"G",877,"G",6178,"G",877,2
139384,"R",269253,"A",,"A",,"G",5983,"A",,"G",5983,"A",,2
139393,"R",33259,"A",,"R",534,"G",1109,"G",22,"R",1193,"R",55,2
139463,"R",139319,"A",,"A",,"G",4644,"A",,"G",4644,"A",,2
139506,"A",,"R",278100,"A",,"G",309,"A",,"G",309,"A",,1
139533,"R",150212,"A",,"A",,"G",5007,"A",,"R",4173,"A",,2
139579,"R",42892,"A",,"R",29931,"G",953,"G",831,"G",953,"G",831,2
139621,"R",76191,"A",,"A",,"G",2540,"A",,"G",2540,"A",,2
139630,"R",21004,"A",,"A",,"G",700,"A",,"G",700,"A",,2
139658,"R",245156,"A",,"R",186978,"G",8172,"G",7791,"G",8172,"G",7791,2
139700,"R",122796,"A",,"A",,"G",4093,"A",,"G",4093,"A",,2
139719,"R",100553,"A",,"R",3854,"G",3352,"G",161,"G",3352,"G",161,2
139746,"R",3752,"A",,"A",,"G",83,"A",,"G",83,"A",,2
139755,"R",411407,"A",,"R",232610,"G",13714,"G",9692,"R",14196,"R",7021,2
139764,"R",77888,"A",,"R",5763,"G",2596,"G",240,"G",2596,"G",240,2
139773,"R",208355,"A",,"A",,"G",6945,"A",,"G",6945,"A",,2
139861,"R",166139,"A",,"R",19690,"G",5538,"G",820,"G",5538,"G",820,2
139904,"R",64627,"A",,"A",,"G",1436,"A",,"G",1436,"A",,2
139931,"R",500435,"A",,"R",44389,"G",16681,"G",1850,"G",16681,"G",1850,2
139940,"R",644367,"A",,"R",226729,"G",21479,"G",9447,"G",21479,"G",9447,2
139959,"R",748682,"A",,"R",243012,"G",24956,"G",10126,"R",24956,"R",9619,2
139968,"R",126455,"A",,"A",,"G",4215,"A",,"G",4215,"A",,2
139986,"R",243967,"A",,"A",,"G",5421,"A",,"G",5421,"A",,2
139995,"R",11050,"A",,"A",,"G",246,"A",,"G",246,"A",,2
140003,"R",21465,"A",,"A",,"G",477,"A",,"G",477,"A",,2
140012,"R",273042,"A",,"A",,"G",6068,"A",,"G",6068,"A",,2
140085,"R",186317,"A",,"A",,"G",4140,"A",,"G",4140,"A",,2
140146,"A",,"A",,"R",4465,"A",,"G",186,"A",,"G",186,-2
140164,"R",590037,"A",,"R",37451,"G",19668,"G",1560,"G",19668,"G",1560,2
140234,"R",25588,"A",,"R",4569,"G",853,"G",190,"G",853,"G",190,2
140243,"R",162128,"A",,"A",,"G",3603,"A",,"G",3603,"A",,2
140252,"R",36978,"A",,"R",132857,"G",822,"G",3690,"G",822,"G",3690,2
140304,"R",309920,"A",,"A",,"G",6887,"A",,"G",6887,"A",,2
140322,"R",152745,"A",,"A",,"G",5092,"A",,"G",5092,"A",,2
140331,"R",502536,"A",,"A",,"G",11167,"A",,"G",11167,"A",,2
140340,"R",21455,"A",,"A",,"G",715,"A",,"G",715,"A",,2
140401,"R",15124,"A",,"R",150875,"G",504,"G",6286,"G",504,"G",6286,2
140447,"R",127283,"A",,"R",100887,"G",4243,"G",4204,"G",4243,"G",4204,2
140483,"R",93655,"A",,"A",,"G",3122,"A",,"G",3122,"A",,2
140553,"R",78408,"A",,"A",,"G",2614,"A",,"G",2614,"A",,2
140562,"A",,"A",,"R",6454,"A",,"G",269,"A",,"G",269,-2
140599,"R",106941,"A",,"A",,"G",2376,"A",,"G",2376,"A",,2
140669,"R",151661,"A",,"R",11264,"G",5055,"G",469,"G",5055,"G",469,2
140678,"R",119040,"A",,"A",,"G",2645,"A",,"G",2645,"A",,2
140696,"R",32183,"A",,"R",1499,"G",1073,"G",62,"G",1073,"G",62,2
140720,"R",27125,"A",,"A",,"G",904,"A",,"G",904,"A",,2
140818,"R",36883,"A",,"R",32887,"G",1229,"G",1370,"G",1229,"G",1370,2
140827,"R",4635,"A",,"A",,"G",103,"A",,"G",103,"A",,2
140872,"R",31899,"A",,"R",2460,"G",1063,"G",103,"G",1063,"G",103,2
140942,"R",216156,"A",,"A",,"G",4803,"A",,"G",4803,"A",,2
140951,"R",350912,"A",,"R",67355,"G",7798,"G",1871,"G",7798,"G",1871,2
140960,"R",113591,"A",,"R",2867,"G",3786,"G",119,"G",3786,"G",119,2
140988,"R",49366,"A",,"R",520,"G",1646,"G",22,"G",1646,"G",22,2
140997,"R",58118,"A",,"A",,"G",1937,"A",,"G",1937,"A",,2
141006,"R",120958,"A",,"A",,"G",2688,"A",,"G",2688,"A",,2
141015,"R",12565,"A",,"A",,"G",279,"A",,"G",279,"A",,2
141060,"R",73297,"A",,"A",,"G",2443,"A",,"G",2443,"A",,2
141097,"R",130792,"A",,"R",11273,"G",4360,"G",470,"G",4360,"G",470,2
141158,"R",62007,"A",,"A",,"G",1378,"A",,"G",1378,"A",,2
141167,"R",22547,"A",,"R",4295,"G",752,"G",179,"G",752,"G",179,2
141185,"R",23148,"A",,"A",,"G",772,"A",,"G",772,"A",,2
141237,"R",17990,"A",,"A",,"G",600,"A",,"G",600,"A",,2
141255,"R",225720,"A",,"A",,"G",5016,"A",,"G",5016,"A",,2
141264,"R",301930,"A",,"R",39360,"G",10064,"G",1640,"G",10064,"G",1640,2
141307,"R",25909,"A",,"A",,"G",864,"A",,"G",864,"A",,2
141325,"R",14170,"A",,"R",1338,"G",472,"G",56,"G",472,"G",56,2
141334,"R",274637,"A",,"R",25389,"G",9155,"G",1058,"G",9155,"G",1058,2
141361,"R",26269,"A",,"A",,"G",876,"A",,"R",803,"A",,2
141468,"R",92038,"A",,"A",,"G",2045,"A",,"G",2045,"A",,2
141486,"R",56378,"A",,"R",15128,"G",1879,"G",630,"R",1354,"R",630,2
141565,"R",92441,"A",,"R",14233,"G",3081,"G",593,"G",3081,"G",593,2
141574,"R",396774,"A",,"R",94581,"G",13226,"G",3941,"G",13226,"G",3941,2
141608,"A",,"R",123490,"A",,"G",137,"A",,"G",137,"A",,1
141644,"R",160722,"A",,"R",23302,"G",5357,"G",971,"G",5357,"G",971,2
141680,"R",78055,"A",,"A",,"G",2602,"A",,"G",2602,"A",,2
141796,"R",162097,"A",,"A",,"G",5403,"A",,"G",5403,"A",,2
141802,"R",23388,"A",,"A",,"G",780,"A",,"G",780,"A",,2
141811,"R",134931,"A",,"A",,"G",4498,"A",,"G",4498,"A",,2
141839,"R",79407,"A",,"A",,"G",2647,"A",,"G",2647,"A",,2
141848,"R",9504,"A",,"A",,"G",317,"A",,"G",317,"A",,2
141936,"A",,"A",,"R",1650,"A",,"G",69,"A",,"G",69,-2
141945,"R",840,"R",180900,"A",,"G",229,"A",,"G",229,"A",,3
141981,"R",25738,"A",,"A",,"G",858,"A",,"G",858,"A",,2
141990,"R",42516,"A",,"A",,"G",1417,"A",,"G",1417,"A",,2
142054,"R",27990,"A",,"A",,"G",933,"A",,"G",933,"A",,2
142090,"R",5062,"A",,"A",,"G",169,"A",,"G",169,"A",,2
142115,"R",447937,"A",,"R",46285,"G",14931,"G",1929,"G",14931,"G",1929,2
142179,"R",17908,"A",,"A",,"G",597,"A",,"G",597,"A",,2
142276,"R",268828,"A",,"R",49435,"G",8961,"G",2060,"G",8961,"G",2060,2
142285,"R",288190,"A",,"R",48589,"G",9606,"G",2025,"G",9606,"G",2025,2
142294,"R",30185,"A",,"R",715,"G",1006,"G",30,"R",1118,"R",26,2
142328,"R",96513,"A",,"A",,"G",3217,"A",,"G",3217,"A",,2
142337,"R",23295,"A",,"A",,"G",518,"A",,"G",518,"A",,2
142407,"A",,"R",49894,"A",,"G",55,"A",,"G",55,"A",,1
142416,"A",,"R",38000,"A",,"G",42,"A",,"G",42,"A",,1
142443,"R",144131,"A",,"A",,"G",4804,"A",,"G",4804,"A",,2
142461,"R",38962,"A",,"R",12014,"G",1299,"G",501,"G",1299,"G",501,2
142489,"A",,"R",101700,"A",,"G",113,"A",,"G",113,"A",,1
142522,"R",587414,"A",,"A",,"G",19580,"A",,"G",19580,"A",,2
142559,"R",165122,"A",,"A",,"G",5504,"A",,"G",5504,"A",,2
142832,"A",,"A",,"R",24541,"A",,"G",1023,"A",,"R",731,-2
142869,"A",,"R",34320,"A",,"G",38,"A",,"G",38,"A",,1
142878,"A",,"R",51790,"A",,"G",58,"A",,"G",58,"A",,1
142887,"R",13616,"A",,"A",,"G",454,"A",,"G",454,"A",,2
143048,"R",73216,"A",,"R",19832,"G",2441,"G",826,"G",2441,"G",826,2
143075,"R",24430,"A",,"A",,"G",814,"A",,"R",698,"A",,2
143084,"R",75560,"A",,"A",,"G",2519,"A",,"G",2519,"A",,2
143118,"R",75289,"A",,"R",42275,"G",2510,"G",1761,"G",2510,"G",1761,2
143181,"A",,"R",72000,"A",,"G",80,"A",,"G",80,"A",,1
143215,"R",301076,"A",,"A",,"G",10036,"A",,"G",10036,"A",,2
143233,"A",,"A",,"R",1264,"A",,"G",53,"A",,"G",53,-2
143279,"R",161488,"A",,"A",,"G",5383,"A",,"G",5383,"A",,2
143288,"R",17302,"A",,"A",,"G",577,"A",,"G",577,"A",,2
143297,"R",6429,"A",,"R",158,"G",214,"G",7,"G",214,"G",7,2
143303,"R",622,"A",,"A",,"G",21,"A",,"G",21,"A",,2
143358,"R",146642,"A",,"R",15176,"G",4888,"G",632,"G",4888,"G",632,2
143376,"A",,"R",332282,"A",,"G",369,"A",,"G",369,"A",,1
143464,"A",,"R",136162,"A",,"G",151,"A",,"G",151,"A",,1
143473,"A",,"R",81900,"A",,"G",91,"A",,"G",91,"A",,1
143482,"A",,"R",24300,"A",,"G",27,"A",,"G",27,"A",,1
143491,"A",,"R",125100,"A",,"G",139,"A",,"G",139,"A",,1
143516,"A",,"R",98240,"A",,"G",109,"A",,"G",109,"A",,1
143534,"A",,"R",111687,"A",,"G",124,"A",,"G",124,"A",,1
143543,"A",,"R",206196,"A",,"G",229,"A",,"G",229,"A",,1
143552,"A",,"R",110639,"A",,"G",123,"A",,"G",123,"A",,1
143613,"R",57525,"A",,"A",,"G",1918,"A",,"G",1918,"A",,2
143659,"A",,"A",,"R",4965,"A",,"G",207,"A",,"G",207,-2
143695,"A",,"R",48000,"A",,"G",53,"A",,"G",53,"A",,1
143853,"A",,"A",,"R",109959,"A",,"G",3054,"A",,"G",3054,-2
143978,"A",,"A",,"R",59476,"A",,"G",2478,"A",,"G",2478,-2
144005,"R",138858,"A",,"R",33464,"G",4629,"G",1394,"G",4629,"G",1394,2
144014,"A",,"A",,"R",2595,"A",,"G",108,"A",,"G",108,-2
144050,"R",186616,"A",,"R",245663,"G",4147,"G",6824,"R",4885,"R",8254,2
144157,"R",146026,"A",,"A",,"G",4868,"A",,"G",4868,"A",,2
144166,"R",184282,"A",,"A",,"G",6143,"A",,"G",6143,"A",,2
144175,"R",114666,"A",,"A",,"G",3822,"A",,"G",3822,"A",,2
144184,"R",284638,"A",,"A",,"G",9488,"A",,"G",9488,"A",,2
144193,"R",225706,"A",,"A",,"G",7524,"A",,"G",7524,"A",,2
144209,"R",209973,"A",,"A",,"G",6999,"A",,"G",6999,"A",,2
144218,"R",261573,"A",,"A",,"G",8719,"A",,"G",8719,"A",,2
144281,"R",315313,"A",,"R",8981,"G",10510,"G",374,"G",10510,"G",374,2
144351,"R",38080,"A",,"R",57666,"G",1269,"G",2403,"G",1269,"G",2403,2
144467,"R",60001,"A",,"A",,"G",2000,"A",,"G",2000,"A",,2
144485,"R",54330,"A",,"A",,"G",1811,"A",,"G",1811,"A",,2
144564,"R",76837,"A",,"A",,"G",2561,"A",,"G",2561,"A",,2
144573,"A",,"R",84600,"A",,"G",94,"A",,"G",94,"A",,1
144616,"A",,"R",28000,"A",,"G",31,"A",,"R",31,"A",,1
144740,"R",695409,"A",,"R",212588,"G",15454,"G",5905,"G",15454,"G",5905,2
144759,"R",838958,"A",,"R",3800,"G",27965,"G",158,"R",23304,"R",141,2
144795,"A",,"R",175303,"A",,"G",195,"A",,"R",200,"A",,1
144865,"R",574018,"A",,"A",,"G",19134,"A",,"G",19134,"A",,2
144883,"R",39866,"A",,"A",,"G",886,"A",,"G",886,"A",,2
144892,"R",278087,"A",,"R",32119,"G",9270,"G",1338,"G",9270,"G",1338,2
144944,"R",255296,"A",,"A",,"G",8510,"A",,"G",8510,"A",,2
144962,"R",101401,"A",,"R",4329,"G",3380,"G",180,"G",3380,"G",180,2
144971,"R",22246,"A",,"A",,"G",742,"A",,"G",742,"A",,2
145099,"A",,"R",112320,"A",,"G",125,"A",,"G",125,"A",,1
145239,"R",15983,"A",,"A",,"G",533,"A",,"G",533,"A",,2
145275,"A",,"A",,"R",6198,"A",,"G",258,"A",,"R",273,-2
145309,"R",2485,"A",,"A",,"G",83,"A",,"G",83,"A",,2
145336,"R",67369,"A",,"R",47496,"G",2246,"G",1979,"G",2246,"G",1979,2
145354,"R",1836,"A",,"A",,"G",61,"A",,"G",61,"A",,2
145372,"R",41769,"A",,"R",4828,"G",1392,"G",201,"G",1392,"G",201,2
145406,"A",,"R",226127,"A",,"G",251,"A",,"G",251,"A",,1
145424,"A",,"R",63408,"A",,"G",70,"A",,"G",70,"A",,1
145433,"A",,"R",94570,"A",,"G",105,"A",,"G",105,"A",,1
145460,"R",26627,"A",,"R",3015,"G",888,"G",126,"G",888,"G",126,2
145497,"R",16513,"A",,"R",266,"G",550,"G",11,"G",550,"G",11,2
145521,"R",52309,"A",,"A",,"G",1744,"A",,"G",1744,"A",,2
145558,"A",,"A",,"R",69732,"A",,"G",1937,"A",,"G",1937,-2
145600,"R",485537,"A",,"R",292316,"G",16185,"G",12180,"G",16185,"G",12180,2
145619,"R",107251,"A",,"R",66261,"G",3575,"G",2761,"G",3575,"G",2761,2
145628,"A",,"A",,"R",11888,"A",,"G",330,"A",,"G",330,-2
145637,"R",1005627,"A",,"R",349231,"G",33521,"G",14551,"G",33521,"G",14551,2
145646,"R",72100,"A",,"A",,"G",2403,"A",,"R",2090,"A",,2
145682,"R",259057,"A",,"A",,"G",8635,"A",,"G",8635,"A",,2
145691,"R",27055,"A",,"A",,"G",902,"A",,"G",902,"A",,2
145707,"R",45042,"A",,"A",,"G",1501,"A",,"G",1501,"A",,2
145725,"R",78549,"A",,"R",94401,"G",2618,"G",3933,"G",2618,"G",3933,2
145770,"R",7720,"A",,"R",26576,"G",257,"G",1107,"G",257,"G",1107,2
145813,"R",522093,"A",,"R",46334,"G",17403,"G",1931,"G",17403,"G",1931,2
145831,"R",105097,"A",,"A",,"G",3503,"A",,"G",3503,"A",,2
145886,"A",,"A",,"R",1235,"A",,"G",51,"A",,"G",51,-2
146010,"R",81560,"A",,"A",,"G",1812,"A",,"G",1812,"A",,2
146205,"R",132194,"A",,"A",,"G",4406,"A",,"G",4406,"A",,2
146241,"A",,"A",,"R",42788,"A",,"G",1783,"A",,"G",1783,-2
146278,"R",59974,"A",,"A",,"G",1999,"A",,"G",1999,"A",,2
146296,"R",356231,"A",,"A",,"G",11874,"A",,"G",11874,"A",,2
146339,"R",31401,"A",,"R",3203,"G",1047,"G",133,"G",1047,"G",133,2
146348,"R",109806,"A",,"A",,"G",3660,"A",,"G",3660,"A",,2
146366,"R",117491,"A",,"A",,"G",3916,"A",,"G",3916,"A",,2
146384,"A",,"A",,"R",158925,"A",,"G",6622,"A",,"R",5886,-2
146393,"R",102846,"A",,"A",,"G",2285,"A",,"G",2285,"A",,2
146418,"R",105695,"A",,"A",,"G",3523,"A",,"G",3523,"A",,2
146427,"R",41821,"A",,"A",,"G",1394,"A",,"G",1394,"A",,2
146454,"A",,"R",56240,"A",,"G",62,"A",,"G",62,"A",,1
146472,"R",341444,"A",,"A",,"G",11381,"A",,"G",11381,"A",,2
146481,"R",43852,"A",,"R",196,"G",1462,"G",8,"G",1462,"G",8,2
146490,"A",,"A",,"R",14496,"A",,"G",403,"A",,"G",403,-2
146506,"R",208177,"A",,"A",,"G",6939,"A",,"G",6939,"A",,2
146533,"R",5417,"A",,"A",,"G",181,"A",,"G",181,"A",,2
146603,"R",133237,"A",,"A",,"G",4441,"A",,"G",4441,"A",,2
146612,"R",121585,"A",,"R",29569,"G",4053,"G",1232,"G",4053,"G",1232,2
146621,"R",1611,"A",,"A",,"G",54,"A",,"G",54,"A",,2
146667,"R",16461,"A",,"R",5167,"G",549,"G",215,"G",549,"G",215,2
146676,"R",34592,"A",,"A",,"G",1153,"A",,"G",1153,"A",,2
146685,"R",174628,"A",,"A",,"G",5821,"A",,"G",5821,"A",,2
146700,"A",,"R",1381315,"A",,"G",1535,"A",,"G",1535,"A",,1
146719,"R",307317,"A",,"R",116266,"G",10244,"G",4844,"G",10244,"G",4844,2
146728,"A",,"A",,"R",1808,"A",,"G",75,"A",,"G",75,-2
146755,"R",5329,"A",,"A",,"G",178,"A",,"G",178,"A",,2
146791,"A",,"R",504989,"A",,"G",561,"A",,"G",561,"A",,1
146807,"A",,"R",56909,"A",,"G",63,"A",,"G",63,"A",,1
146816,"R",3771,"A",,"A",,"G",126,"A",,"G",126,"A",,2
146825,"R",13288,"A",,"A",,"G",443,"A",,"G",443,"A",,2
146977,"A",,"A",,"R",3810,"A",,"G",159,"A",,"G",159,-2
147004,"R",154737,"A",,"A",,"G",5158,"A",,"G",5158,"A",,2
147013,"R",66427,"A",,"R",15591,"G",2214,"G",650,"G",2214,"G",650,2
147031,"A",,"A",,"R",2177,"A",,"G",91,"A",,"G",91,-2
147129,"R",16329,"A",,"A",,"G",544,"A",,"G",544,"A",,2
147165,"R",26152,"A",,"A",,"G",581,"A",,"G",581,"A",,2
147244,"R",70081,"A",,"R",1598,"G",2336,"G",67,"G",2336,"G",67,2
147341,"R",38536,"A",,"A",,"G",1285,"A",,"G",1285,"A",,2
147369,"R",74204,"A",,"R",7541,"G",2473,"G",314,"G",2473,"G",314,2
147378,"R",390135,"A",,"A",,"G",13005,"A",,"G",13005,"A",,2
147396,"R",3282,"A",,"A",,"G",109,"A",,"G",109,"A",,2
147411,"R",95324,"A",,"A",,"G",3177,"A",,"G",3177,"A",,2
147439,"A",,"R",70528,"A",,"G",78,"A",,"G",78,"A",,1
147536,"R",52093,"A",,"R",88523,"G",1158,"G",2459,"R",1158,"R",3688,2
147590,"R",3953,"A",,"R",40217,"G",132,"G",1676,"G",132,"G",1676,2
147642,"A",,"R",95093,"A",,"G",106,"A",,"G",106,"A",,1
147660,"R",113936,"A",,"R",6852,"G",2532,"G",190,"G",2532,"G",190,2
147679,"R",59256,"A",,"R",16024,"G",1975,"G",668,"G",1975,"G",668,2
147697,"C",0,"A",,"R",3119,"A",,"G",87,"A",,"G",87,-2
147703,"R",476899,"A",,"R",102680,"G",15897,"G",4278,"G",15897,"G",4278,2
147749,"R",26596,"A",,"A",,"G",591,"A",,"G",591,"A",,2
147767,"R",404898,"A",,"R",353979,"G",8998,"G",9833,"G",8998,"G",9833,2
147776,"R",219058,"A",,"R",32624,"G",7302,"G",1359,"G",7302,"G",1359,2
147800,"R",236131,"A",,"A",,"G",7871,"A",,"G",7871,"A",,2
147819,"A",,"R",75030,"A",,"G",83,"A",,"G",83,"A",,1
147828,"R",97309,"A",,"R",31541,"G",3244,"G",1314,"G",3244,"G",1314,2
147916,"R",218021,"A",,"A",,"G",7267,"A",,"G",7267,"A",,2
147970,"A",,"R",252900,"A",,"G",281,"A",,"G",281,"A",,1
148007,"R",137716,"A",,"A",,"G",4591,"A",,"G",4591,"A",,2
148016,"R",23933,"A",,"A",,"G",532,"A",,"G",532,"A",,2
148098,"A",,"R",82500,"A",,"G",92,"A",,"G",92,"A",,1
148131,"R",36537,"A",,"R",14097,"G",1218,"G",587,"G",1218,"G",587,2
148140,"R",15200,"R",53890,"A",,"G",567,"A",,"G",567,"A",,3
148177,"R",133072,"A",,"A",,"G",2957,"A",,"G",2957,"A",,2
148256,"R",101984,"A",,"A",,"G",3399,"A",,"G",3399,"A",,2
148292,"R",80961,"A",,"A",,"G",2699,"A",,"G",2699,"A",,2
148335,"R",214732,"A",,"R",15736,"G",4772,"G",437,"G",4772,"G",437,2
148380,"R",202754,"A",,"A",,"G",6758,"A",,"G",6758,"A",,2
148399,"R",36611,"A",,"A",,"G",814,"A",,"G",814,"A",,2
148405,"R",27144,"A",,"R",10206,"G",905,"G",425,"G",905,"G",425,2
148487,"R",93871,"A",,"R",44495,"G",3129,"G",1854,"G",3129,"G",1854,2
148496,"R",54901,"A",,"R",29957,"G",1830,"G",1248,"G",1830,"G",1248,2
148511,"R",3143,"A",,"R",36185,"G",70,"G",1005,"G",70,"G",1005,2
148575,"R",8591,"A",,"R",1738,"G",286,"G",72,"G",286,"G",72,2
148584,"R",46786,"A",,"R",25146,"G",1560,"G",1048,"G",1560,"G",1048,2
148593,"R",2988,"A",,"A",,"G",100,"A",,"G",100,"A",,2
148627,"R",80706,"A",,"R",30773,"G",2690,"G",1282,"G",2690,"G",1282,2
148654,"R",78071,"A",,"R",31337,"G",2602,"G",1306,"G",2602,"G",1306,2
148672,"R",59143,"A",,"A",,"G",1971,"A",,"G",1971,"A",,2
148724,"A",,"A",,"R",393,"A",,"G",16,"A",,"G",16,-2
148821,"R",60547,"A",,"A",,"G",2018,"A",,"G",2018,"A",,2
148849,"R",3388,"A",,"A",,"G",113,"A",,"G",113,"A",,2
148876,"R",39097,"A",,"A",,"G",1303,"A",,"G",1303,"A",,2
148885,"A",,"A",,"R",2433,"A",,"G",68,"A",,"G",68,-2
148937,"R",50066,"A",,"A",,"G",1669,"A",,"G",1669,"A",,2
148955,"R",4417,"A",,"A",,"G",147,"A",,"G",147,"A",,2
148982,"A",,"A",,"R",5486,"A",,"G",152,"A",,"G",152,-2
148991,"R",36910,"A",,"A",,"G",1230,"A",,"G",1230,"A",,2
149019,"R",2879,"A",,"A",,"G",96,"A",,"G",96,"A",,2
149028,"R",4962,"A",,"R",375,"G",165,"G",16,"G",165,"G",16,2
149204,"A",,"R",144000,"A",,"G",160,"A",,"G",160,"A",,1
149222,"R",362287,"A",,"R",77329,"G",12076,"G",3222,"G",12076,"G",3222,2
149231,"R",313865,"A",,"R",57752,"G",10462,"G",2406,"G",10462,"G",2406,2
149310,"R",16380,"R",30320,"A",,"G",580,"A",,"G",580,"A",,3
149329,"R",2040,"A",,"R",360,"G",68,"G",15,"G",68,"G",15,2
149365,"R",174747,"A",,"A",,"G",5825,"A",,"R",5959,"A",,2
149499,"A",,"R",23480,"A",,"G",26,"A",,"G",26,"A",,1
149505,"R",39933,"A",,"A",,"G",1331,"A",,"G",1331,"A",,2
149514,"R",27070,"A",,"R",20654,"G",902,"G",861,"G",902,"G",861,2
149532,"R",272529,"A",,"A",,"G",9084,"A",,"G",9084,"A",,2
149550,"A",,"R",309096,"A",,"G",343,"A",,"G",343,"A",,1
149639,"R",4569,"A",,"R",5195,"G",152,"G",216,"G",152,"G",216,2
149727,"R",230653,"A",,"A",,"G",7688,"A",,"G",7688,"A",,2
149763,"R",7038,"A",,"R",480,"G",235,"G",20,"G",235,"G",20,2
149772,"R",296510,"A",,"R",32079,"G",9884,"G",1337,"G",9884,"G",1337,2
149781,"R",76213,"A",,"R",10692,"G",2540,"G",446,"G",2540,"G",446,2
149842,"R",355628,"A",,"A",,"G",11854,"A",,"G",11854,"A",,2
150048,"R",13468,"A",,"A",,"G",449,"A",,"G",449,"A",,2
150066,"R",60774,"A",,"R",9598,"G",2026,"G",400,"G",2026,"G",400,2
150075,"A",,"R",17500,"A",,"G",19,"A",,"G",19,"A",,1
150136,"R",546324,"A",,"R",73142,"G",18211,"G",3048,"G",18211,"G",3048,2
150145,"R",52820,"A",,"R",3478,"G",1761,"G",145,"G",1761,"G",145,2
150163,"R",122213,"A",,"R",18055,"G",4074,"G",752,"G",4074,"G",752,2
150172,"R",21427,"A",,"R",2491,"G",714,"G",104,"G",714,"G",104,2
150215,"A",,"A",,"R",3921,"A",,"G",163,"A",,"G",163,-2
150251,"R",6860,"A",,"A",,"G",229,"A",,"G",229,"A",,2
150288,"A",,"A",,"R",9125,"A",,"G",253,"A",,"G",253,-2
150303,"A",,"R",99979,"A",,"G",111,"A",,"G",111,"A",,1
150400,"R",74352,"A",,"A",,"G",2478,"A",,"G",2478,"A",,2
150428,"A",,"R",51999,"A",,"G",58,"A",,"G",58,"A",,1
150437,"A",,"R",60053,"A",,"G",67,"A",,"G",67,"A",,1
150455,"R",31674,"A",,"R",2579,"G",1056,"G",107,"G",1056,"G",107,2
150534,"R",81612,"A",,"R",4979,"G",2720,"G",207,"G",2720,"G",207,2
150604,"R",32186,"A",,"A",,"G",1073,"A",,"G",1073,"A",,2
150640,"A",,"R",16200,"A",,"G",18,"A",,"R",18,"A",,1
150668,"R",28665,"A",,"R",725,"G",956,"G",30,"G",956,"G",30,2
150677,"R",38899,"A",,"R",5465,"G",1297,"G",228,"G",1297,"G",228,2
150695,"A",,"R",72493,"A",,"G",81,"A",,"G",81,"A",,1
150710,"A",,"R",84250,"A",,"G",94,"A",,"G",94,"A",,1
150756,"R",34809,"A",,"A",,"G",1160,"A",,"R",1013,"A",,2
150765,"A",,"R",87525,"A",,"G",97,"A",,"G",97,"A",,1
150774,"R",13889,"A",,"A",,"G",463,"A",,"G",463,"A",,2
150853,"A",,"R",174408,"A",,"G",194,"A",,"G",194,"A",,1
150941,"R",34551,"A",,"R",1313,"G",1152,"G",55,"G",1152,"G",55,2
150978,"R",167692,"A",,"A",,"G",5590,"A",,"G",5590,"A",,2
150987,"R",440830,"A",,"A",,"G",14694,"A",,"G",14694,"A",,2
150996,"R",117942,"A",,"A",,"G",3931,"A",,"G",3931,"A",,2
151005,"R",198617,"A",,"A",,"G",6621,"A",,"G",6621,"A",,2
151014,"R",121062,"A",,"A",,"G",4035,"A",,"G",4035,"A",,2
151023,"R",171663,"A",,"A",,"G",5722,"A",,"G",5722,"A",,2
151032,"R",236729,"A",,"A",,"G",7891,"A",,"G",7891,"A",,2
151041,"R",108162,"A",,"A",,"G",3605,"A",,"G",3605,"A",,2
151050,"R",134522,"A",,"A",,"G",4484,"A",,"G",4484,"A",,2
151069,"R",129716,"A",,"A",,"G",4324,"A",,"G",4324,"A",,2
151078,"R",83656,"A",,"A",,"G",2789,"A",,"G",2789,"A",,2
151087,"R",204037,"A",,"A",,"G",6801,"A",,"G",6801,"A",,2
151096,"R",68227,"A",,"A",,"G",2274,"A",,"G",2274,"A",,2
151102,"R",296414,"A",,"R",12000,"G",9880,"G",500,"G",9880,"G",500,2
151111,"R",568178,"A",,"R",199322,"G",18939,"G",8305,"G",18939,"G",8305,2
151157,"R",16344,"A",,"A",,"G",363,"A",,"G",363,"A",,2
151166,"R",142685,"A",,"A",,"G",3171,"A",,"G",3171,"A",,2
151193,"R",14054,"A",,"A",,"G",312,"A",,"G",312,"A",,2
151209,"R",12784,"A",,"A",,"G",284,"A",,"G",284,"A",,2
151236,"R",18402,"A",,"A",,"G",409,"A",,"G",409,"A",,2
151245,"R",16366,"A",,"A",,"G",364,"A",,"G",364,"A",,2
151263,"R",116982,"A",,"R",28309,"G",3899,"G",1180,"G",3899,"G",1180,2
151290,"R",95807,"A",,"R",7833,"G",3194,"G",326,"G",3194,"G",326,2
151306,"R",267294,"A",,"R",12952,"G",8910,"G",540,"G",8910,"G",540,2
151324,"R",264251,"A",,"R",35498,"G",8808,"G",1479,"G",8808,"G",1479,2
151333,"R",62697,"A",,"R",2170,"G",2090,"G",90,"G",2090,"G",90,2
151342,"R",166101,"A",,"R",11759,"G",5537,"G",490,"G",5537,"G",490,2
151351,"R",969797,"A",,"R",199322,"G",32327,"G",8305,"G",32327,"G",8305,2
151360,"R",124743,"A",,"R",10766,"G",4158,"G",449,"G",4158,"G",449,2
151379,"R",149039,"A",,"R",11241,"G",4968,"G",468,"G",4968,"G",468,2
151388,"R",70900,"A",,"R",1450,"G",2363,"G",60,"G",2363,"G",60,2
151458,"A",,"R",323702,"A",,"G",360,"A",,"G",360,"A",,1
151467,"A",,"R",439000,"A",,"G",488,"A",,"G",488,"A",,1
151494,"R",40736,"A",,"A",,"G",905,"A",,"G",905,"A",,2
151500,"R",29603,"A",,"A",,"G",658,"A",,"G",658,"A",,2
151519,"R",275062,"A",,"R",5496,"G",6112,"G",153,"G",6112,"G",153,2
151537,"R",1700,"A",,"A",,"G",57,"A",,"R",68,"A",,2
151564,"A",,"R",40395,"A",,"G",45,"A",,"G",45,"A",,1
151607,"A",,"R",115900,"A",,"G",129,"A",,"G",129,"A",,1
151616,"R",36436,"A",,"A",,"G",810,"A",,"G",810,"A",,2
151625,"R",23620,"A",,"A",,"G",525,"A",,"G",525,"A",,2
151652,"A",,"R",395264,"A",,"G",439,"A",,"G",439,"A",,1
151661,"A",,"R",1889943,"A",,"G",2100,"A",,"G",2100,"A",,1
151777,"R",39737,"A",,"R",96,"G",1325,"G",4,"G",1325,"G",4,2
151786,"R",59438,"A",,"R",5143,"G",1981,"G",214,"G",1981,"G",214,2
151801,"R",289035,"A",,"R",89118,"G",9635,"G",3713,"G",9635,"G",3713,2
151810,"R",18421,"A",,"R",1392,"G",614,"G",58,"G",614,"G",58,2
151829,"A",,"R",133722,"A",,"G",149,"A",,"G",149,"A",,1
151865,"A",,"A",,"R",2145,"A",,"G",89,"A",,"G",89,-2
151874,"A",,"R",86332,"A",,"G",96,"A",,"G",96,"A",,1
151944,"R",56270,"A",,"A",,"G",1250,"A",,"G",1250,"A",,2
151962,"R",16198,"A",,"A",,"G",360,"A",,"G",360,"A",,2
152044,"A",,"R",115555,"A",,"G",128,"A",,"G",128,"A",,1
152080,"R",274373,"A",,"R",73663,"G",9146,"G",3069,"R",8436,"R",3427,2
152099,"R",52883,"A",,"R",4054,"G",1763,"G",169,"G",1763,"G",169,2
152150,"A",,"R",39208,"A",,"G",44,"A",,"G",44,"A",,1
152220,"R",25627,"A",,"A",,"G",854,"A",,"G",854,"A",,2
152248,"R",201903,"A",,"R",16912,"G",6730,"G",705,"G",6730,"G",705,2
152266,"R",103060,"A",,"R",1395,"G",3435,"G",58,"G",3435,"G",58,2
152275,"A",,"R",233815,"A",,"G",260,"A",,"G",260,"A",,1
152309,"A",,"R",121500,"A",,"G",135,"A",,"G",135,"A",,1
152318,"R",83118,"A",,"R",2368,"G",1847,"G",66,"G",1847,"G",66,2
152327,"A",,"R",81440,"A",,"G",90,"A",,"G",90,"A",,1
152336,"R",48166,"A",,"R",7407,"G",1606,"G",309,"G",1606,"G",309,2
152363,"R",30756,"A",,"R",136,"G",1025,"G",6,"G",1025,"G",6,2
152381,"R",22698,"A",,"R",2615,"G",757,"G",109,"R",757,"R",145,2
152390,"R",49652,"A",,"A",,"G",1655,"A",,"G",1655,"A",,2
152415,"R",28248,"A",,"A",,"G",942,"A",,"G",942,"A",,2
152424,"R",10772,"A",,"A",,"G",359,"A",,"G",359,"A",,2
152451,"A",,"A",,"R",4509,"A",,"G",188,"A",,"G",188,-2
152497,"R",8798,"A",,"A",,"G",293,"A",,"G",293,"A",,2
152530,"R",68588,"A",,"R",2313,"G",2286,"G",96,"G",2286,"G",96,2
152567,"R",48266,"A",,"R",86,"G",1609,"G",4,"G",1609,"G",4,2
152600,"R",87538,"A",,"R",28381,"G",2918,"G",1183,"G",2918,"G",1183,2
152628,"A",,"R",66139,"A",,"G",73,"A",,"G",73,"A",,1
152637,"R",313445,"A",,"A",,"G",10448,"A",,"G",10448,"A",,2
152673,"R",28238,"A",,"A",,"G",941,"A",,"G",941,"A",,2
152798,"R",9537,"A",,"R",2042,"G",318,"G",85,"G",318,"G",85,2
152822,"R",53033,"A",,"A",,"G",1179,"A",,"G",1179,"A",,2
152992,"R",29307,"A",,"R",964,"G",977,"G",40,"G",977,"G",40,2
153001,"R",84666,"A",,"R",1194,"G",2822,"G",50,"G",2822,"G",50,2
153074,"R",5190,"R",1334,"A",,"G",174,"A",,"G",174,"A",,3
153083,"R",6441,"R",1108,"A",,"G",216,"A",,"G",216,"A",,3
153092,"A",,"R",18299,"A",,"G",20,"A",,"R",10,"A",,1
153108,"R",48330,"A",,"A",,"G",1611,"A",,"G",1611,"A",,2
153126,"R",27171,"A",,"R",5788,"G",906,"G",241,"G",906,"G",241,2
153144,"R",43452,"A",,"R",232,"G",1448,"G",10,"G",1448,"G",10,2
153162,"R",40344,"A",,"A",,"G",1345,"A",,"R",1260,"A",,2
153171,"A",,"R",44590,"A",,"G",50,"A",,"G",50,"A",,1
153214,"R",499585,"A",,"A",,"G",16653,"A",,"G",16653,"A",,2
153241,"R",3358,"A",,"A",,"G",112,"A",,"G",112,"A",,2
153250,"R",41893,"A",,"R",279,"G",1396,"G",12,"G",1396,"G",12,2
153269,"R",102414,"A",,"R",52489,"G",3414,"G",2187,"G",3414,"G",2187,2
153278,"R",49105,"A",,"R",6810,"G",1637,"G",284,"G",1637,"G",284,2
153296,"R",25142,"A",,"A",,"G",838,"A",,"G",838,"A",,2
153302,"R",7437,"A",,"A",,"G",248,"A",,"G",248,"A",,2
153311,"R",192596,"A",,"A",,"G",6420,"A",,"G",6420,"A",,2
153320,"R",10002,"A",,"R",824,"G",333,"G",34,"G",333,"G",34,2
153339,"A",,"R",43741,"A",,"G",49,"A",,"G",49,"A",,1
153366,"R",41440,"A",,"R",12890,"G",1381,"G",537,"G",1381,"G",537,2
153375,"R",54321,"A",,"R",413,"G",1811,"G",17,"R",1910,"R",17,2
153384,"R",49718,"A",,"A",,"G",1657,"A",,"R",1597,"A",,2
153409,"R",20071,"A",,"R",291,"G",669,"G",12,"G",669,"G",12,2
153418,"R",42659,"A",,"R",448,"G",1422,"G",19,"G",1422,"G",19,2
153427,"R",17190,"A",,"A",,"G",573,"A",,"G",573,"A",,2
153445,"R",145035,"R",2778448,"A",,"G",7922,"A",,"G",7922,"A",,3
153463,"A",,"R",43495,"A",,"G",48,"A",,"G",48,"A",,1
153472,"R",139838,"A",,"A",,"G",4661,"A",,"G",4661,"A",,2
153524,"R",145116,"A",,"A",,"G",4837,"A",,"G",4837,"A",,2
153533,"R",85787,"A",,"A",,"G",2860,"A",,"G",2860,"A",,2
153542,"R",593,"A",,"A",,"G",20,"A",,"G",20,"A",,2
153588,"A",,"R",43454,"A",,"G",48,"A",,"R",24,"A",,1
153597,"A",,"R",271260,"A",,"G",301,"A",,"R",327,"A",,1
153603,"R",673991,"A",,"R",103698,"G",22466,"G",4321,"G",22466,"G",4321,2
153621,"R",19657,"A",,"A",,"G",655,"A",,"G",655,"A",,2
153630,"R",154220,"A",,"A",,"G",5141,"A",,"G",5141,"A",,2
153658,"R",668699,"A",,"R",104831,"G",22290,"G",4368,"G",22290,"G",4368,2
153737,"R",406155,"A",,"A",,"G",13539,"A",,"G",13539,"A",,2
153746,"A",,"R",240860,"A",,"G",268,"A",,"G",268,"A",,1
153764,"A",,"R",240860,"A",,"G",268,"A",,"G",268,"A",,1
153773,"A",,"R",118845,"A",,"G",132,"A",,"G",132,"A",,1
153782,"A",,"R",193380,"A",,"G",215,"A",,"G",215,"A",,1
153825,"R",45149,"A",,"R",703,"G",1505,"G",29,"G",1505,"G",29,2
153834,"R",81802,"A",,"A",,"G",2727,"A",,"G",2727,"A",,2
153861,"R",13196,"A",,"R",18258,"G",440,"G",761,"G",440,"G",761,2
153922,"R",43838,"A",,"A",,"G",1461,"A",,"G",1461,"A",,2
153977,"R",24151,"A",,"A",,"G",805,"A",,"G",805,"A",,2
154004,"R",36228,"A",,"R",10533,"G",1208,"G",439,"G",1208,"G",439,2
154013,"R",35236,"A",,"R",3503,"G",1175,"G",146,"G",1175,"G",146,2
154022,"R",1987587,"A",,"R",176996,"G",66253,"G",7375,"G",66253,"G",7375,2
154059,"R",78489,"A",,"A",,"G",2616,"A",,"G",2616,"A",,2
154095,"R",319228,"A",,"R",31254,"G",10641,"G",1302,"R",10641,"R",1736,2
154101,"R",35962,"A",,"A",,"G",1199,"A",,"G",1199,"A",,2
154110,"R",112594,"A",,"A",,"G",3753,"A",,"G",3753,"A",,2
154129,"R",35570,"A",,"A",,"G",1186,"A",,"G",1186,"A",,2
154156,"A",,"A",,"R",58575,"A",,"G",2441,"A",,"R",1629,-2
154165,"A",,"R",102158,"A",,"G",114,"A",,"R",106,"A",,1
154174,"R",1776,"A",,"R",218986,"G",59,"G",9124,"G",59,"G",9124,2
154208,"A",,"R",96156,"A",,"G",107,"A",,"G",107,"A",,1
154235,"R",73072,"A",,"R",17789,"G",2436,"G",741,"G",2436,"G",741,2
154262,"R",4971,"A",,"A",,"G",166,"A",,"G",166,"A",,2
154332,"A",,"R",107610,"A",,"G",120,"A",,"G",120,"A",,1
154341,"A",,"R",144880,"A",,"G",161,"A",,"G",161,"A",,1
154350,"R",53529,"A",,"R",1232,"G",1784,"G",51,"G",1784,"G",51,2
154378,"R",80883,"A",,"A",,"G",2696,"A",,"G",2696,"A",,2
154396,"R",39082,"A",,"A",,"G",1303,"A",,"G",1303,"A",,2
154448,"R",4713,"R",5760,"A",,"G",164,"A",,"G",164,"A",,3
154457,"A",,"R",91587,"A",,"G",102,"A",,"R",93,"A",,1
154466,"A",,"R",82984,"A",,"G",92,"A",,"G",92,"A",,1
154493,"R",153080,"A",,"R",8432,"G",5103,"G",351,"G",5103,"G",351,2
154518,"R",17551,"A",,"A",,"G",585,"A",,"G",585,"A",,2
154527,"R",56585,"A",,"A",,"G",1886,"A",,"G",1886,"A",,2
154536,"A",,"A",,"R",4189,"A",,"G",175,"A",,"G",175,-2
154545,"A",,"R",53354,"A",,"G",59,"A",,"G",59,"A",,1
154572,"R",124995,"A",,"A",,"G",4167,"A",,"G",4167,"A",,2
154590,"R",52232,"A",,"R",4244,"G",1741,"G",177,"G",1741,"G",177,2
154642,"R",64062,"A",,"A",,"G",2135,"A",,"G",2135,"A",,2
154651,"A",,"R",37700,"A",,"G",42,"A",,"G",42,"A",,1
154688,"R",60722,"A",,"R",30391,"G",2024,"G",1266,"G",2024,"G",1266,2
154697,"R",109936,"A",,"A",,"G",3665,"A",,"G",3665,"A",,2
154712,"R",48918,"A",,"R",1332,"G",1631,"G",56,"G",1631,"G",56,2
154721,"R",17470,"A",,"A",,"G",582,"A",,"G",582,"A",,2
154749,"R",14162,"A",,"A",,"G",472,"A",,"G",472,"A",,2
154767,"R",28548,"A",,"A",,"G",634,"A",,"G",634,"A",,2
154776,"R",26373,"A",,"A",,"G",586,"A",,"G",586,"A",,2
154794,"R",13785,"A",,"A",,"G",306,"A",,"G",306,"A",,2
154800,"R",205067,"A",,"A",,"G",6836,"A",,"G",6836,"A",,2
154837,"R",75,"A",,"R",1757,"G",3,"G",73,"G",3,"G",73,2
154855,"R",10889,"A",,"A",,"G",363,"A",,"G",363,"A",,2
154907,"R",51201,"A",,"A",,"G",1707,"A",,"G",1707,"A",,2
154925,"R",46304,"A",,"A",,"G",1543,"A",,"G",1543,"A",,2
154934,"R",29156,"A",,"A",,"G",972,"A",,"G",972,"A",,2
154943,"A",,"R",111745,"A",,"G",124,"A",,"G",124,"A",,1
154952,"R",98248,"A",,"A",,"G",3275,"A",,"G",3275,"A",,2
154970,"A",,"R",99345,"A",,"G",110,"A",,"G",110,"A",,1
154998,"R",40767,"A",,"A",,"G",1359,"A",,"G",1359,"A",,2
155007,"R",13971,"A",,"A",,"G",466,"A",,"G",466,"A",,2
155025,"R",111374,"A",,"R",34125,"G",3712,"G",1422,"G",3712,"G",1422,2
155052,"R",17237,"A",,"A",,"G",575,"A",,"G",575,"A",,2
155061,"R",203651,"A",,"R",24175,"G",6788,"G",1007,"G",6788,"G",1007,2
155070,"R",6369,"A",,"A",,"G",212,"A",,"G",212,"A",,2
155089,"R",51348,"A",,"R",13555,"G",1712,"G",565,"G",1712,"G",565,2
155098,"R",52054,"A",,"A",,"G",1735,"A",,"G",1735,"A",,2
155104,"R",45185,"A",,"A",,"G",1506,"A",,"G",1506,"A",,2
155140,"R",23715,"A",,"A",,"G",791,"A",,"G",791,"A",,2
155159,"A",,"R",71355,"A",,"G",79,"A",,"G",79,"A",,1
155177,"R",12244,"A",,"A",,"G",408,"A",,"G",408,"A",,2
155186,"R",70377,"A",,"A",,"G",2346,"A",,"G",2346,"A",,2
155195,"R",120070,"A",,"A",,"G",4002,"A",,"G",4002,"A",,2
155201,"R",27492,"A",,"A",,"G",916,"A",,"G",916,"A",,2
155210,"R",386396,"A",,"A",,"G",12880,"A",,"G",12880,"A",,2
155283,"A",,"R",603653,"A",,"G",671,"A",,"R",671,"A",,1
155292,"R",148329,"A",,"A",,"G",4944,"A",,"G",4944,"A",,2
155317,"R",589251,"A",,"R",177488,"G",19642,"G",7395,"G",19642,"G",7395,2
155335,"R",43086,"A",,"R",13399,"G",1436,"G",558,"G",1436,"G",558,2
155353,"A",,"R",141000,"A",,"G",157,"A",,"G",157,"A",,1
155399,"R",519442,"A",,"R",79800,"G",17315,"G",3325,"G",17315,"G",3325,2
155414,"R",21347,"A",,"R",1065,"G",712,"G",44,"G",712,"G",44,2
155423,"R",23631,"A",,"A",,"G",788,"A",,"G",788,"A",,2
155441,"A",,"R",55149,"A",,"G",61,"A",,"G",61,"A",,1
155450,"R",37370,"A",,"A",,"G",1246,"A",,"G",1246,"A",,2
155487,"R",16224,"A",,"A",,"G",541,"A",,"G",541,"A",,2
155496,"R",8920,"A",,"A",,"G",297,"A",,"G",297,"A",,2
155511,"R",19794,"A",,"A",,"G",660,"A",,"G",660,"A",,2
155520,"R",42969,"A",,"R",6633,"G",1432,"G",276,"G",1432,"G",276,2
155566,"R",45690,"A",,"A",,"G",1523,"A",,"G",1523,"A",,2
155593,"R",20991,"A",,"A",,"G",700,"A",,"G",700,"A",,2
155618,"R",13303,"A",,"A",,"G",443,"A",,"G",443,"A",,2
155627,"R",15770,"A",,"R",102,"G",526,"G",4,"R",526,"R",6,2
155636,"R",8466,"A",,"R",4316,"G",282,"G",180,"R",323,"R",240,2
155681,"R",177628,"A",,"R",22855,"G",5921,"G",952,"G",5921,"G",952,2
155715,"R",34795,"A",,"A",,"G",1160,"A",,"G",1160,"A",,2
155812,"R",20050,"A",,"R",3988,"G",668,"G",166,"G",668,"G",166,2
155830,"R",11793,"A",,"A",,"G",393,"A",,"G",393,"A",,2
155858,"R",36732,"A",,"A",,"G",1224,"A",,"G",1224,"A",,2
155867,"A",,"R",69963,"A",,"G",78,"A",,"G",78,"A",,1
155900,"R",43771,"A",,"R",7032,"G",1459,"G",293,"G",1459,"G",293,2
155937,"R",20733,"A",,"A",,"G",691,"A",,"G",691,"A",,2
155973,"R",18831,"A",,"R",331,"G",628,"G",14,"G",628,"G",14,2
156082,"R",142034,"A",,"R",21488,"G",4734,"G",895,"R",4734,"R",996,2
156107,"R",56551,"A",,"A",,"G",1885,"A",,"G",1885,"A",,2
156125,"R",293881,"A",,"R",44695,"G",9796,"G",1862,"G",9796,"G",1862,2
156134,"A",,"R",2427840,"A",,"G",2698,"A",,"G",2698,"A",,1
156189,"R",17453,"A",,"A",,"G",582,"A",,"R",598,"A",,2
156213,"R",41862,"A",,"R",2974,"G",1395,"G",124,"G",1395,"G",124,2
156222,"A",,"A",,"R",26122,"A",,"G",1088,"A",,"G",1088,-2
156231,"R",87355,"A",,"A",,"G",2912,"A",,"G",2912,"A",,2
156277,"A",,"R",58690,"A",,"G",65,"A",,"G",65,"A",,1
156286,"R",76784,"A",,"R",17430,"G",2559,"G",726,"G",2559,"G",726,2
156295,"R",54182,"A",,"A",,"G",1806,"A",,"R",1621,"A",,2
156310,"A",,"R",447512,"A",,"G",497,"A",,"G",497,"A",,1
156338,"R",67988,"A",,"A",,"G",2266,"A",,"G",2266,"A",,2
156356,"R",15045,"A",,"R",464,"G",502,"G",19,"G",502,"G",19,2
156365,"R",67321,"A",,"R",10887,"G",2244,"G",454,"G",2244,"G",454,2
156392,"R",282401,"A",,"A",,"G",9413,"A",,"G",9413,"A",,2
156408,"R",36272,"A",,"A",,"G",1209,"A",,"G",1209,"A",,2
156417,"R",4072,"A",,"A",,"G",136,"A",,"G",136,"A",,2
156426,"A",,"R",125972,"A",,"G",140,"A",,"G",140,"A",,1
156444,"A",,"R",15254,"A",,"G",17,"A",,"G",17,"A",,1
156471,"R",51595,"A",,"A",,"G",1720,"A",,"G",1720,"A",,2
156541,"R",45423,"A",,"R",31240,"G",1514,"G",1302,"G",1514,"G",1302,2
156620,"R",376308,"A",,"R",37292,"G",12544,"G",1554,"G",12544,"G",1554,2
156648,"R",129361,"A",,"A",,"G",4312,"A",,"G",4312,"A",,2
156675,"A",,"R",117600,"A",,"G",131,"A",,"G",131,"A",,1
156727,"A",,"A",,"R",24669,"A",,"G",685,"A",,"G",685,-2
156745,"R",35802,"A",,"R",8626,"G",1193,"G",359,"G",1193,"G",359,2
156754,"A",,"R",86528,"A",,"G",96,"A",,"G",96,"A",,1
156790,"R",69207,"A",,"A",,"G",2307,"A",,"G",2307,"A",,2
156842,"A",,"R",341184,"A",,"G",379,"A",,"G",379,"A",,1
156851,"R",44581,"A",,"A",,"G",1486,"A",,"G",1486,"A",,2
156860,"R",75903,"A",,"A",,"G",2530,"A",,"G",2530,"A",,2
156903,"R",12375,"A",,"A",,"G",413,"A",,"G",413,"A",,2
156921,"R",272514,"A",,"A",,"G",9084,"A",,"G",9084,"A",,2
156949,"A",,"R",23400,"A",,"G",26,"A",,"G",26,"A",,1
156967,"A",,"R",158996,"A",,"G",177,"A",,"G",177,"A",,1
157021,"R",113132,"A",,"A",,"G",2514,"A",,"G",2514,"A",,2
157030,"R",2101,"A",,"A",,"G",70,"A",,"R",72,"A",,2
157058,"R",67169,"A",,"R",3869,"G",2239,"G",161,"G",2239,"G",161,2
157076,"R",22644,"A",,"A",,"G",755,"A",,"G",755,"A",,2
157085,"R",568933,"A",,"R",155098,"G",18964,"G",6462,"G",18964,"G",6462,2
157100,"R",15653,"A",,"R",315,"G",522,"G",13,"G",522,"G",13,2
157207,"A",,"A",,"R",873,"A",,"G",36,"A",,"G",36,-2
157216,"R",59074,"A",,"R",12541,"G",1969,"G",523,"G",1969,"G",523,2
157270,"R",38485,"A",,"A",,"G",855,"A",,"G",855,"A",,2
157289,"R",409861,"A",,"R",129648,"G",13662,"G",5402,"G",13662,"G",5402,2
157298,"A",,"A",,"R",4236,"A",,"G",177,"A",,"R",193,-2
157304,"R",64773,"A",,"A",,"G",2159,"A",,"G",2159,"A",,2
157331,"R",103614,"A",,"A",,"G",3454,"A",,"G",3454,"A",,2
157359,"R",50296,"A",,"R",1542,"G",1677,"G",64,"R",1677,"R",86,2
157377,"R",36120,"A",,"R",1149,"G",1204,"G",48,"G",1204,"G",48,2
157386,"R",181011,"A",,"R",22514,"G",6034,"G",938,"G",6034,"G",938,2
157395,"A",,"R",17228,"A",,"G",19,"A",,"G",19,"A",,1
157401,"R",225494,"A",,"R",28352,"G",7516,"G",1181,"G",7516,"G",1181,2
157438,"R",73442,"A",,"A",,"G",2448,"A",,"G",2448,"A",,2
157447,"R",336210,"A",,"R",39137,"G",11207,"G",1631,"G",11207,"G",1631,2
157456,"A",,"R",33300,"A",,"G",37,"A",,"G",37,"A",,1
157465,"R",18848,"A",,"A",,"G",419,"A",,"G",419,"A",,2
157483,"R",126216,"A",,"A",,"G",4207,"A",,"G",4207,"A",,2
157508,"A",,"R",118000,"A",,"G",131,"A",,"G",131,"A",,1
157535,"R",28751,"A",,"R",7284,"G",958,"G",304,"G",958,"G",304,2
157553,"R",92955,"A",,"A",,"G",3099,"A",,"G",3099,"A",,2
157599,"R",97966,"A",,"A",,"G",2177,"A",,"G",2177,"A",,2
157614,"A",,"R",287029,"A",,"G",319,"A",,"G",319,"A",,1
157632,"R",20795,"A",,"A",,"G",693,"A",,"G",693,"A",,2
157650,"A",,"R",371847,"A",,"G",413,"A",,"G",413,"A",,1
157669,"A",,"R",289228,"A",,"G",321,"A",,"G",321,"A",,1
157678,"A",,"R",360435,"A",,"G",400,"A",,"G",400,"A",,1
157696,"R",41621,"A",,"A",,"G",925,"A",,"G",925,"A",,2
157711,"R",171077,"A",,"A",,"G",5703,"A",,"G",5703,"A",,2
157739,"R",74072,"A",,"A",,"G",2469,"A",,"G",2469,"A",,2
157748,"R",12145,"A",,"R",35302,"G",405,"G",1471,"G",405,"G",1471,2
157757,"R",29484,"A",,"R",20787,"G",983,"G",866,"G",983,"G",866,2
157766,"R",59156,"A",,"A",,"G",1315,"A",,"G",1315,"A",,2
157793,"R",267801,"A",,"R",45390,"G",5951,"G",1261,"G",5951,"G",1261,2
157809,"R",43357,"A",,"R",3532,"G",1445,"G",147,"G",1445,"G",147,2
157818,"R",40357,"A",,"A",,"G",1345,"A",,"G",1345,"A",,2
157827,"A",,"R",193230,"A",,"G",215,"A",,"G",215,"A",,1
157863,"R",24638,"A",,"R",11510,"G",821,"G",480,"G",821,"G",480,2
157951,"R",464461,"A",,"R",47364,"G",15482,"G",1974,"G",15482,"G",1974,2
158088,"R",76865,"A",,"A",,"G",2562,"A",,"G",2562,"A",,2
158158,"R",3360,"A",,"A",,"G",112,"A",,"G",112,"A",,2
158246,"A",,"R",406800,"A",,"G",452,"A",,"G",452,"A",,1
158325,"R",2077,"A",,"A",,"G",69,"A",,"G",69,"A",,2
158334,"A",,"R",44000,"A",,"G",49,"A",,"R",11,"A",,1
158343,"R",2325,"A",,"A",,"G",78,"A",,"G",78,"A",,2
158352,"R",76767,"A",,"A",,"G",2559,"A",,"G",2559,"A",,2
158431,"R",151925,"A",,"A",,"G",5064,"A",,"G",5064,"A",,2
158440,"R",3851,"A",,"A",,"G",128,"A",,"G",128,"A",,2
158477,"R",23761,"A",,"R",2040,"G",792,"G",85,"G",792,"G",85,2
158538,"A",,"R",53100,"A",,"G",59,"A",,"G",59,"A",,1
158617,"R",35224,"R",338630,"A",,"G",1550,"A",,"G",1550,"A",,3
158644,"A",,"R",50953,"A",,"G",57,"A",,"G",57,"A",,1
158662,"R",410653,"A",,"A",,"G",13688,"A",,"G",13688,"A",,2
158723,"R",26685,"A",,"A",,"G",593,"A",,"G",593,"A",,2
158769,"R",41170,"A",,"A",,"G",1372,"A",,"G",1372,"A",,2
158778,"A",,"R",34034,"A",,"G",38,"A",,"G",38,"A",,1
158787,"A",,"R",78598,"A",,"G",87,"A",,"G",87,"A",,1
158802,"R",35071,"A",,"A",,"G",1169,"A",,"G",1169,"A",,2
158884,"R",42157,"A",,"A",,"G",1405,"A",,"G",1405,"A",,2
159009,"R",132413,"A",,"R",12629,"G",4414,"G",526,"G",4414,"G",526,2
159027,"A",,"R",79315,"A",,"G",88,"A",,"R",88,"A",,1
159197,"R",15950,"A",,"A",,"G",532,"A",,"G",532,"A",,2
159319,"A",,"R",35940,"A",,"G",40,"A",,"G",40,"A",,1
159328,"A",,"R",112446,"A",,"G",125,"A",,"G",125,"A",,1
159373,"R",25604,"A",,"R",87764,"G",853,"G",3657,"G",853,"G",3657,2
159382,"R",56493,"A",,"A",,"G",1883,"A",,"G",1883,"A",,2
159391,"R",690450,"A",,"R",135964,"G",23015,"G",5665,"G",23015,"G",5665,2
159407,"R",56744,"A",,"A",,"G",1891,"A",,"G",1891,"A",,2
159416,"R",90903,"A",,"R",6784,"G",3030,"G",283,"G",3030,"G",283,2
159443,"R",103589,"A",,"A",,"G",3453,"A",,"G",3453,"A",,2
159513,"A",,"R",101900,"A",,"G",113,"A",,"G",113,"A",,1
159522,"A",,"R",89100,"A",,"G",99,"A",,"G",99,"A",,1
159531,"A",,"R",64006,"A",,"G",71,"A",,"G",71,"A",,1
159568,"R",30603,"A",,"R",13160,"G",1020,"G",548,"G",1020,"G",548,2
159601,"A",,"R",39984,"A",,"G",44,"A",,"G",44,"A",,1
159647,"R",233409,"A",,"R",32257,"G",5187,"G",896,"R",7780,"R",1344,2
159656,"R",89724,"A",,"R",40303,"G",2991,"G",1679,"R",2991,"R",1775,2
159717,"R",218802,"A",,"R",14569,"G",7293,"G",607,"G",7293,"G",607,2
159939,"R",219163,"A",,"R",47350,"G",7305,"G",1973,"G",7305,"G",1973,2
159948,"R",17350,"A",,"R",26026,"G",578,"G",1084,"G",578,"G",1084,2
159966,"R",181325,"A",,"R",12605,"G",6044,"G",525,"G",6044,"G",525,2
159993,"R",181749,"A",,"R",28445,"G",6058,"G",1185,"G",6058,"G",1185,2
160010,"R",69891,"A",,"A",,"G",2330,"A",,"G",2330,"A",,2
160029,"A",,"A",,"R",2718,"A",,"G",113,"A",,"G",113,-2
160038,"R",216720,"A",,"R",18038,"G",7224,"G",752,"G",7224,"G",752,2
160065,"R",22864,"A",,"R",4640,"G",762,"G",193,"G",762,"G",193,2
160074,"R",39280,"A",,"R",3869,"G",1309,"G",161,"R",1367,"R",185,2
160117,"A",,"R",57000,"A",,"G",63,"A",,"G",63,"A",,1
160126,"A",,"R",14413,"A",,"G",16,"A",,"G",16,"A",,1
160135,"A",,"R",92100,"A",,"G",102,"A",,"G",102,"A",,1
160199,"A",,"R",64410,"A",,"G",72,"A",,"G",72,"A",,1
160320,"A",,"R",624600,"A",,"G",694,"A",,"G",694,"A",,1
160409,"R",2000,"A",,"A",,"G",67,"A",,"R",74,"A",,2
160445,"A",,"R",133000,"A",,"G",148,"A",,"G",148,"A",,1
160472,"A",,"R",90125,"A",,"G",100,"A",,"G",100,"A",,1
160481,"R",43246,"R",25995,"A",,"G",1470,"A",,"G",1470,"A",,3
160524,"R",15790,"R",85500,"A",,"G",621,"A",,"G",621,"A",,3
160579,"R",61575,"A",,"A",,"G",2053,"A",,"G",2053,"A",,2
160597,"A",,"R",69300,"A",,"G",77,"A",,"G",77,"A",,1
160612,"R",372517,"A",,"R",20738,"G",12417,"G",864,"G",12417,"G",864,2
160621,"R",184504,"A",,"R",25786,"G",6150,"G",1074,"G",6150,"G",1074,2
160630,"R",75305,"A",,"R",9964,"G",2510,"G",415,"G",2510,"G",415,2
160649,"R",67261,"A",,"A",,"G",2242,"A",,"G",2242,"A",,2
160658,"R",411384,"A",,"R",24019,"G",13713,"G",1001,"G",13713,"G",1001,2
160667,"R",61356,"A",,"A",,"G",2045,"A",,"G",2045,"A",,2
160755,"R",234068,"A",,"R",104687,"G",7802,"G",4362,"G",7802,"G",4362,2
160904,"R",83142,"A",,"R",20581,"G",2771,"G",858,"G",2771,"G",858,2
160913,"R",79269,"R",50914,"A",,"G",2699,"A",,"G",2699,"A",,3
160940,"R",59088,"A",,"A",,"G",1970,"A",,"G",1970,"A",,2
160959,"R",10133,"A",,"R",368,"G",338,"G",15,"G",338,"G",15,2
160968,"R",26,"A",,"R",1345,"G",1,"G",56,"G",1,"G",56,2
160977,"R",14901,"A",,"A",,"G",497,"A",,"G",497,"A",,2
160995,"R",17524,"A",,"A",,"G",584,"A",,"G",584,"A",,2
161004,"R",52560,"A",,"A",,"G",1752,"A",,"R",1767,"A",,2
161022,"R",4765,"A",,"A",,"G",159,"A",,"G",159,"A",,2
161077,"R",58420,"A",,"A",,"G",1947,"A",,"G",1947,"A",,2
161086,"R",60605,"A",,"A",,"G",2020,"A",,"G",2020,"A",,2
161138,"R",50862,"A",,"A",,"G",1695,"A",,"G",1695,"A",,2
161165,"R",64990,"A",,"R",13085,"G",2166,"G",545,"G",2166,"G",545,2
161192,"R",45337,"A",,"A",,"G",1511,"A",,"G",1511,"A",,2
161208,"R",2619,"A",,"A",,"G",87,"A",,"G",87,"A",,2
161217,"R",93630,"A",,"R",357,"G",3121,"G",15,"G",3121,"G",15,2
161226,"R",63139,"A",,"R",648,"G",2105,"G",27,"G",2105,"G",27,2
161235,"R",24155,"A",,"A",,"G",805,"A",,"G",805,"A",,2
161244,"R",17790,"A",,"A",,"G",593,"A",,"G",593,"A",,2
161253,"R",245650,"A",,"R",25844,"G",8188,"G",1077,"G",8188,"G",1077,2
161299,"R",31025,"A",,"R",438,"G",1034,"G",18,"G",1034,"G",18,2
161341,"R",32803,"A",,"A",,"G",1093,"A",,"G",1093,"A",,2
161457,"R",48093,"A",,"R",85285,"G",1603,"G",3554,"G",1603,"G",3554,2
161484,"R",26322,"A",,"A",,"G",877,"A",,"G",877,"A",,2
161493,"A",,"R",714016,"A",,"G",793,"A",,"G",793,"A",,1
161509,"R",9318,"A",,"R",1289,"G",311,"G",54,"R",325,"R",34,2
161518,"R",40655,"A",,"R",10555,"G",1355,"G",440,"G",1355,"G",440,2
161527,"A",,"R",187392,"A",,"G",208,"A",,"R",174,"A",,1
161545,"R",140156,"A",,"A",,"G",4672,"A",,"G",4672,"A",,2
161554,"R",169035,"A",,"R",40180,"G",5635,"G",1674,"G",5635,"G",1674,2
161563,"R",21804,"A",,"R",2469,"G",727,"G",103,"G",727,"G",103,2
161572,"R",16757,"A",,"A",,"G",559,"A",,"R",601,"A",,2
161581,"R",10854,"A",,"A",,"G",362,"A",,"G",362,"A",,2
161615,"A",,"R",49728,"A",,"G",55,"A",,"G",55,"A",,1
161651,"A",,"R",60000,"A",,"G",67,"A",,"G",67,"A",,1
161688,"R",82461,"A",,"A",,"G",2749,"A",,"G",2749,"A",,2
161767,"R",323831,"A",,"A",,"G",10794,"A",,"G",10794,"A",,2
161776,"R",23530,"A",,"A",,"G",784,"A",,"G",784,"A",,2
161800,"A",,"R",155250,"A",,"G",173,"A",,"G",173,"A",,1
161855,"A",,"R",111600,"A",,"G",124,"A",,"G",124,"A",,1
161864,"R",149267,"A",,"A",,"G",4976,"A",,"G",4976,"A",,2
161873,"R",71037,"A",,"R",57870,"G",2368,"G",2411,"G",2368,"G",2411,2
161882,"R",16026,"A",,"R",231,"G",534,"G",10,"G",534,"G",10,2
162007,"R",123437,"A",,"R",16010,"G",4115,"G",667,"G",4115,"G",667,2
162061,"R",9350,"A",,"R",6249,"G",312,"G",260,"G",312,"G",260,2
162104,"R",44263,"A",,"A",,"G",1475,"A",,"G",1475,"A",,2
162122,"R",162846,"A",,"A",,"G",5428,"A",,"G",5428,"A",,2
162168,"R",53828,"A",,"A",,"G",1794,"A",,"G",1794,"A",,2
162210,"R",30681,"A",,"R",2993,"G",1023,"G",125,"G",1023,"G",125,2
162283,"R",90315,"A",,"R",6962,"G",3011,"G",290,"G",3011,"G",290,2
162335,"A",,"R",83130,"A",,"G",92,"A",,"G",92,"A",,1
162371,"A",,"R",880092,"A",,"G",978,"A",,"G",978,"A",,1
162557,"R",122599,"A",,"A",,"G",4087,"A",,"G",4087,"A",,2
162584,"R",138656,"A",,"R",10952,"G",4622,"G",456,"G",4622,"G",456,2
162609,"R",20354,"A",,"A",,"G",678,"A",,"G",678,"A",,2
162654,"R",42964,"A",,"R",11545,"G",1432,"G",481,"G",1432,"G",481,2
162681,"R",54071,"A",,"A",,"G",1802,"A",,"G",1802,"A",,2
162690,"R",95123,"A",,"A",,"G",3171,"A",,"G",3171,"A",,2
162706,"R",133509,"A",,"A",,"G",4450,"A",,"G",4450,"A",,2
162760,"R",41253,"A",,"R",10421,"G",1375,"G",434,"G",1375,"G",434,2
162779,"R",186314,"A",,"A",,"G",6210,"A",,"G",6210,"A",,2
162830,"A",,"R",37500,"A",,"G",42,"A",,"G",42,"A",,1
162928,"R",192125,"A",,"R",352480,"G",6404,"G",14687,"G",6404,"G",14687,2
162982,"A",,"R",209930,"A",,"G",233,"A",,"G",233,"A",,1
163028,"A",,"R",1154442,"A",,"G",1283,"A",,"G",1283,"A",,1
163046,"R",112799,"A",,"R",38193,"G",3760,"G",1591,"R",3843,"R",1497,2
163107,"A",,"R",39600,"A",,"G",44,"A",,"G",44,"A",,1
163204,"R",429891,"A",,"R",185184,"G",14330,"G",7716,"R",14330,"R",7759,2
163259,"R",19848,"A",,"R",144725,"G",662,"G",6030,"G",662,"G",6030,2
163268,"R",293772,"A",,"R",34942,"G",9792,"G",1456,"G",9792,"G",1456,2
163286,"R",801230,"A",,"R",157323,"G",26708,"G",6555,"G",26708,"G",6555,2
163295,"R",55470,"A",,"R",5861,"G",1849,"G",244,"R",1849,"R",195,2
163338,"R",115240,"A",,"R",13002,"G",3841,"G",542,"G",3841,"G",542,2
163347,"A",,"R",775539,"A",,"G",862,"A",,"G",862,"A",,1
163408,"A",,"R",115200,"A",,"G",128,"A",,"G",128,"A",,1
163426,"R",532196,"A",,"A",,"G",17740,"A",,"G",17740,"A",,2
163453,"R",194398,"A",,"R",19908,"G",6480,"G",830,"G",6480,"G",830,2
163462,"R",48244,"A",,"R",10080,"G",1608,"G",420,"G",1608,"G",420,2
163532,"R",12124,"A",,"R",4986,"G",404,"G",208,"G",404,"G",208,2
163541,"A",,"R",329850,"A",,"G",367,"A",,"G",367,"A",,1
163578,"R",27797,"A",,"R",23195,"G",927,"G",966,"G",927,"G",966,2
163657,"R",279586,"A",,"A",,"G",9320,"A",,"G",9320,"A",,2
163736,"R",40223,"A",,"A",,"G",1341,"A",,"G",1341,"A",,2
163754,"A",,"R",101672,"A",,"G",113,"A",,"G",113,"A",,1
163815,"A",,"R",117000,"A",,"G",130,"A",,"G",130,"A",,1
163842,"R",152,"A",,"R",3468,"G",5,"G",145,"G",5,"G",145,2
163851,"R",232601,"A",,"R",12134,"G",7753,"G",506,"G",7753,"G",506,2
163912,"R",60583,"A",,"R",1382,"G",2019,"G",58,"G",2019,"G",58,2
163921,"R",43733,"A",,"R",1143,"G",1458,"G",48,"G",1458,"G",48,2
163976,"R",15616,"A",,"R",1629,"G",521,"G",68,"G",521,"G",68,2
164058,"R",33342,"A",,"A",,"G",1111,"A",,"G",1111,"A",,2
164076,"R",508478,"A",,"R",59086,"G",16949,"G",2462,"G",16949,"G",2462,2
164085,"A",,"A",,"R",11462,"A",,"G",478,"A",,"G",478,-2
164100,"A",,"R",115500,"A",,"G",128,"A",,"G",128,"A",,1
164155,"R",158739,"A",,"A",,"G",5291,"A",,"R",4535,"A",,2
164173,"R",98574,"A",,"R",4864,"G",3286,"G",203,"G",3286,"G",203,2
164207,"R",6047,"A",,"R",3853,"G",202,"G",161,"R",252,"R",214,2
164216,"R",46635,"A",,"R",597,"G",1555,"G",25,"G",1555,"G",25,2
164243,"A",,"A",,"R",1771,"A",,"G",74,"A",,"G",74,-2
164270,"R",51059,"A",,"R",23233,"G",1702,"G",968,"G",1702,"G",968,2
164313,"R",76915,"A",,"A",,"G",2564,"A",,"G",2564,"A",,2
164438,"R",14859,"A",,"R",2436,"G",495,"G",102,"G",495,"G",102,2
164447,"R",43915,"A",,"R",28454,"G",1464,"G",1186,"R",1830,"R",1581,2
164465,"R",57950,"A",,"A",,"G",1932,"A",,"G",1932,"A",,2
164474,"A",,"A",,"R",2223,"A",,"G",93,"A",,"G",93,-2
164492,"R",28623,"A",,"R",6592,"G",954,"G",275,"G",954,"G",275,2
164535,"A",,"R",45570,"A",,"G",51,"A",,"G",51,"A",,1
164562,"R",65087,"A",,"R",10123,"G",2170,"G",422,"R",2170,"R",562,2
164580,"R",61437,"A",,"R",28945,"G",2048,"G",1206,"G",2048,"G",1206,2
164599,"R",1759,"A",,"A",,"G",59,"A",,"G",59,"A",,2
164614,"R",3212,"A",,"A",,"G",107,"A",,"G",107,"A",,2
164632,"R",42076,"A",,"R",14052,"G",1403,"G",586,"G",1403,"G",586,2
164641,"R",32896,"A",,"A",,"G",1097,"A",,"G",1097,"A",,2
164678,"R",7826,"R",710160,"A",,"G",1050,"A",,"G",1050,"A",,3
164720,"R",47337,"A",,"A",,"G",1578,"A",,"G",1578,"A",,2
164739,"R",124262,"A",,"R",23103,"G",4142,"G",963,"G",4142,"G",963,2
164748,"R",135062,"A",,"A",,"G",4502,"A",,"R",4030,"A",,2
164775,"R",49543,"A",,"A",,"G",1651,"A",,"G",1651,"A",,2
164845,"A",,"R",345932,"A",,"G",384,"A",,"G",384,"A",,1
164872,"R",20778,"A",,"R",15906,"G",693,"G",663,"G",693,"G",663,2
164915,"A",,"A",,"R",2723,"A",,"G",113,"A",,"G",113,-2
164924,"R",286676,"A",,"R",86219,"G",9556,"G",3592,"G",9556,"G",3592,2
164933,"R",15480,"A",,"R",3940,"G",516,"G",164,"G",516,"G",164,2
164988,"R",636735,"A",,"R",263353,"G",21225,"G",10973,"G",21225,"G",10973,2
165015,"R",113640,"A",,"R",64054,"G",3788,"G",2669,"G",3788,"G",2669,2
165024,"R",254648,"A",,"R",26604,"G",8488,"G",1109,"G",8488,"G",1109,2
165033,"R",168855,"A",,"A",,"G",5629,"A",,"G",5629,"A",,2
165060,"R",6557,"A",,"A",,"G",219,"A",,"G",219,"A",,2
165112,"R",239735,"A",,"A",,"G",7991,"A",,"G",7991,"A",,2
165167,"R",24097,"A",,"R",70790,"G",803,"G",2950,"G",803,"G",2950,2
165194,"R",82500,"A",,"A",,"G",2750,"A",,"G",2750,"A",,2
165255,"A",,"R",265800,"A",,"G",295,"A",,"G",295,"A",,1
165264,"R",6463,"A",,"A",,"G",215,"A",,"R",316,"A",,2
165334,"R",73800,"A",,"R",29529,"G",2460,"G",1230,"G",2460,"G",1230,2
165495,"A",,"A",,"R",432,"A",,"G",18,"A",,"G",18,-2
165529,"R",77973,"A",,"R",5407,"G",2599,"G",225,"G",2599,"G",225,2
165556,"A",,"R",537082,"A",,"G",597,"A",,"G",597,"A",,1
165574,"R",35333,"A",,"A",,"G",1178,"A",,"G",1178,"A",,2
165608,"A",,"R",69125,"A",,"G",77,"A",,"G",77,"A",,1
165635,"A",,"R",304200,"A",,"G",338,"A",,"G",338,"A",,1
165644,"R",23765,"A",,"R",3557,"G",792,"G",148,"G",792,"G",148,2
165662,"R",112333,"A",,"R",17581,"G",3744,"G",733,"R",3510,"R",733,2
165671,"R",62884,"A",,"R",4026,"G",2096,"G",168,"G",2096,"G",168,2
165699,"R",71284,"A",,"R",30893,"G",2376,"G",1287,"R",2228,"R",1144,2
165705,"A",,"A",,"R",721,"A",,"G",30,"A",,"G",30,-2
165750,"A",,"R",103250,"A",,"G",115,"A",,"G",115,"A",,1
165802,"R",40249,"A",,"A",,"G",1342,"A",,"G",1342,"A",,2
165820,"R",110861,"A",,"R",38356,"G",3695,"G",1598,"G",3695,"G",1598,2
165866,"R",113004,"A",,"R",33815,"G",3767,"G",1409,"G",3767,"G",1409,2
165884,"R",18280,"A",,"A",,"G",609,"A",,"G",609,"A",,2
165936,"R",46265,"A",,"R",2733,"G",1542,"G",114,"R",1485,"R",110,2
165945,"A",,"A",,"R",29269,"A",,"G",1220,"A",,"R",1030,-2
165981,"R",47473,"A",,"A",,"G",1582,"A",,"G",1582,"A",,2
166009,"A",,"R",144900,"A",,"G",161,"A",,"G",161,"A",,1
166018,"R",45150,"A",,"A",,"G",1505,"A",,"G",1505,"A",,2
166027,"R",285990,"A",,"R",316397,"G",9533,"G",13183,"G",9533,"G",13183,2
166045,"R",109,"A",,"R",3466,"G",4,"G",144,"R",4,"R",165,2
166054,"R",2331,"A",,"R",4220,"G",78,"G",176,"G",78,"G",176,2
166063,"A",,"R",33930,"A",,"G",38,"A",,"G",38,"A",,1
166124,"R",93661,"A",,"A",,"G",3122,"A",,"G",3122,"A",,2
166133,"R",152642,"A",,"A",,"G",5088,"A",,"G",5088,"A",,2
166276,"R",20129,"A",,"A",,"G",447,"A",,"G",447,"A",,2
166294,"A",,"R",78000,"A",,"G",87,"A",,"G",87,"A",,1
166319,"A",,"R",92700,"A",,"G",103,"A",,"G",103,"A",,1
166328,"A",,"R",47662,"A",,"G",53,"A",,"G",53,"A",,1
166391,"R",47221,"A",,"R",2658,"G",1574,"G",111,"G",1574,"G",111,2
166407,"R",6565,"A",,"A",,"G",219,"A",,"G",219,"A",,2
166452,"R",46619,"A",,"R",82202,"G",1554,"G",3425,"G",1554,"G",3425,2
166489,"R",1207,"A",,"R",3130,"G",40,"G",130,"G",40,"G",130,2
166498,"A",,"R",82733,"A",,"G",92,"A",,"G",92,"A",,1
166513,"R",285001,"A",,"R",41820,"G",9500,"G",1743,"G",9500,"G",1743,2
166586,"A",,"R",34394,"A",,"G",38,"A",,"G",38,"A",,1
166595,"A",,"R",59985,"A",,"G",67,"A",,"G",67,"A",,1
166601,"R",6450,"A",,"A",,"G",215,"A",,"G",215,"A",,2
166629,"R",658502,"A",,"R",90774,"G",21950,"G",3782,"R",21950,"R",5043,2
166638,"R",288058,"A",,"R",54849,"G",9602,"G",2285,"G",9602,"G",2285,2
166647,"R",110137,"A",,"A",,"G",3671,"A",,"G",3671,"A",,2
166656,"R",44014,"A",,"R",101051,"G",1467,"G",4210,"G",1467,"G",4210,2
166674,"R",54919,"A",,"R",3996,"G",1831,"G",167,"G",1831,"G",167,2
166683,"R",140362,"A",,"R",191301,"G",4679,"G",7971,"R",4268,"R",6161,2
166692,"R",43192,"A",,"R",1206,"G",1440,"G",50,"G",1440,"G",50,2
166708,"A",,"A",,"R",25596,"A",,"G",1067,"A",,"G",1067,-2
166717,"A",,"A",,"R",14627,"A",,"G",609,"A",,"G",609,-2
166805,"A",,"R",57370,"A",,"G",64,"A",,"G",64,"A",,1
166823,"R",158632,"A",,"A",,"G",5288,"A",,"G",5288,"A",,2
166850,"R",65362,"A",,"R",1455,"G",2179,"G",61,"G",2179,"G",61,2
166869,"R",9305,"A",,"R",25679,"G",310,"G",1070,"G",310,"G",1070,2
166887,"R",182204,"A",,"A",,"G",6073,"A",,"G",6073,"A",,2
166911,"R",10820,"A",,"A",,"G",361,"A",,"G",361,"A",,2
166939,"R",75009,"A",,"R",646,"G",2500,"G",27,"G",2500,"G",27,2
166948,"R",41852,"A",,"R",237,"G",1395,"G",10,"G",1395,"G",10,2
166957,"R",98861,"A",,"A",,"G",3295,"A",,"G",3295,"A",,2
166975,"A",,"R",132924,"A",,"G",148,"A",,"G",148,"A",,1
166984,"R",17353,"A",,"R",3968,"G",578,"G",165,"G",578,"G",165,2
167020,"R",22345,"A",,"A",,"G",745,"A",,"R",475,"A",,2
167039,"A",,"R",25246,"A",,"G",28,"A",,"G",28,"A",,1
167057,"R",12088,"A",,"R",6819,"G",403,"G",284,"R",390,"R",365,2
167093,"A",,"A",,"R",33303,"A",,"G",1388,"A",,"R",476,-2
167181,"A",,"A",,"R",7957,"A",,"G",332,"A",,"R",140,-2
167215,"A",,"A",,"R",29605,"A",,"G",1234,"A",,"R",1034,-2
167224,"A",,"R",109200,"A",,"G",121,"A",,"G",121,"A",,1
167251,"R",28236,"A",,"A",,"G",941,"A",,"G",941,"A",,2
167260,"R",36605,"A",,"R",3933,"G",1220,"G",164,"G",1220,"G",164,2
167288,"R",47212,"A",,"R",6520,"G",1574,"G",272,"G",1574,"G",272,2
167297,"A",,"R",160479,"A",,"G",178,"A",,"R",141,"A",,1
167312,"R",163022,"A",,"A",,"G",5434,"A",,"G",5434,"A",,2
167321,"R",46515,"A",,"A",,"G",1551,"A",,"G",1551,"A",,2
167358,"R",586555,"A",,"R",201942,"G",19552,"G",8414,"R",18458,"R",8115,2
167376,"R",141696,"A",,"A",,"G",4723,"A",,"G",4723,"A",,2
167394,"R",29032,"A",,"R",3635,"G",968,"G",151,"G",968,"G",151,2
167455,"R",13046,"A",,"R",493,"G",435,"G",21,"G",435,"G",21,2
167464,"A",,"A",,"R",1584,"A",,"G",66,"A",,"G",66,-2
167525,"R",93860,"A",,"A",,"G",3129,"A",,"G",3129,"A",,2
167534,"R",174620,"A",,"A",,"G",5821,"A",,"G",5821,"A",,2
167543,"R",24292,"A",,"A",,"G",810,"A",,"G",810,"A",,2
167598,"R",28081,"A",,"R",10772,"G",936,"G",449,"R",1014,"R",598,2
167631,"R",54303,"A",,"A",,"G",1810,"A",,"G",1810,"A",,2
167677,"R",545,"A",,"R",1502,"G",18,"G",63,"G",18,"G",63,2
167729,"R",205952,"A",,"R",34520,"G",6865,"G",1438,"G",6865,"G",1438,2
167738,"R",37472,"A",,"A",,"G",1249,"A",,"G",1249,"A",,2
167783,"R",59615,"A",,"R",61250,"G",1987,"G",2552,"G",1987,"G",2552,2
167792,"R",11264,"A",,"A",,"G",375,"A",,"G",375,"A",,2
167835,"R",84464,"A",,"R",15027,"G",2815,"G",626,"R",2640,"R",501,2
167871,"A",,"R",93200,"A",,"G",104,"A",,"G",104,"A",,1
167899,"R",70509,"A",,"R",27055,"G",2350,"G",1127,"G",2350,"G",1127,2
167905,"R",129396,"A",,"A",,"G",4313,"A",,"G",4313,"A",,2
167987,"R",208974,"A",,"R",26832,"G",6966,"G",1118,"R",6966,"R",1321,2
167996,"R",74822,"A",,"A",,"G",2494,"A",,"G",2494,"A",,2
168005,"R",166196,"A",,"R",82386,"G",5540,"G",3433,"G",5540,"G",3433,2
168032,"A",,"R",30153,"A",,"G",34,"A",,"G",34,"A",,1
168148,"R",189614,"A",,"R",312752,"G",6320,"G",13031,"R",5226,"R",5043,2
168218,"R",78632,"A",,"A",,"G",2621,"A",,"G",2621,"A",,2
168227,"R",118343,"A",,"R",3392,"G",3945,"G",141,"G",3945,"G",141,2
168254,"R",78932,"A",,"R",25515,"G",2631,"G",1063,"G",2631,"G",1063,2
168263,"R",148098,"A",,"R",9937,"G",4937,"G",414,"G",4937,"G",414,2
168281,"R",53045,"A",,"A",,"G",1768,"A",,"R",1630,"A",,2
168290,"R",28466,"A",,"R",8456,"G",949,"G",352,"G",949,"G",352,2
168342,"R",62418,"A",,"R",1508,"G",2081,"G",63,"G",2081,"G",63,2
168421,"R",133802,"A",,"R",21261,"G",2973,"G",591,"G",2973,"G",591,2
168430,"R",133986,"A",,"R",16128,"G",4466,"G",672,"G",4466,"G",672,2
168519,"A",,"R",38976,"A",,"G",43,"A",,"R",29,"A",,1
168528,"R",47289,"A",,"A",,"G",1576,"A",,"G",1576,"A",,2
168546,"R",49930,"A",,"A",,"G",1664,"A",,"G",1664,"A",,2
168555,"A",,"R",60000,"A",,"G",67,"A",,"G",67,"A",,1
168573,"R",19010,"A",,"A",,"G",634,"A",,"G",634,"A",,2
168591,"R",46795,"A",,"A",,"G",1560,"A",,"R",1403,"A",,2
168607,"R",45568,"A",,"A",,"G",1519,"A",,"G",1519,"A",,2
168740,"R",54509,"A",,"R",29123,"G",1817,"G",1213,"R",1758,"R",1096,2
168786,"R",49402,"A",,"R",2962,"G",1647,"G",123,"G",1647,"G",123,2
168838,"R",107905,"A",,"R",272,"G",2398,"G",8,"G",2398,"G",8,2
168847,"R",227613,"A",,"R",947,"G",5058,"G",26,"G",5058,"G",26,2
168883,"R",39454,"R",432664,"A",,"G",1796,"A",,"G",1796,"A",,3
168892,"A",,"R",48947,"A",,"G",54,"A",,"R",54,"A",,1
169080,"R",122056,"A",,"R",1176,"G",4069,"G",49,"G",4069,"G",49,2
169099,"A",,"A",,"R",5393,"A",,"G",225,"A",,"R",225,-2
169187,"R",11931,"A",,"A",,"G",265,"A",,"G",265,"A",,2
169220,"A",,"A",,"R",4456,"A",,"G",186,"A",,"R",186,-2
169248,"R",578507,"A",,"R",110398,"G",19284,"G",4600,"R",19284,"R",4859,2
169275,"A",,"R",5139900,"A",,"G",5711,"A",,"G",5711,"A",,1
169284,"A",,"R",972186,"A",,"G",1080,"A",,"G",1080,"A",,1
169327,"R",20858,"A",,"R",2604,"G",464,"G",72,"G",464,"G",72,2
169363,"R",12519,"A",,"R",3493,"G",417,"G",146,"G",417,"G",146,2
169424,"A",,"A",,"R",4875,"A",,"G",203,"A",,"G",203,-2
169442,"R",34006,"A",,"R",1125,"G",1134,"G",47,"G",1134,"G",47,2
169479,"R",219962,"A",,"R",27260,"G",7332,"G",1136,"G",7332,"G",1136,2
169503,"A",,"R",260576,"A",,"G",290,"A",,"G",290,"A",,1
169521,"R",249421,"A",,"A",,"G",8314,"A",,"G",8314,"A",,2
169576,"R",4771,"A",,"A",,"G",106,"A",,"G",106,"A",,2
169628,"A",,"A",,"R",25909,"A",,"G",1080,"A",,"G",1080,-2
169655,"R",75251,"A",,"A",,"G",1672,"A",,"G",1672,"A",,2
169716,"R",88948,"A",,"R",62379,"G",2965,"G",2599,"G",2965,"G",2599,2
169734,"R",11196,"A",,"A",,"G",249,"A",,"G",249,"A",,2
169761,"R",12684,"A",,"A",,"G",282,"A",,"G",282,"A",,2
169798,"R",480283,"A",,"R",65488,"G",16009,"G",2729,"G",16009,"G",2729,2
169910,"R",325073,"A",,"R",33276,"G",10836,"G",1387,"G",10836,"G",1387,2
169947,"A",,"R",66154,"A",,"G",74,"A",,"G",74,"A",,1
169974,"R",33124,"A",,"A",,"G",1104,"A",,"G",1104,"A",,2
169983,"R",61359,"A",,"R",6270,"G",2045,"G",261,"R",1826,"R",261,2
169992,"R",30191,"A",,"A",,"G",1006,"A",,"G",1006,"A",,2
170000,"R",5990,"A",,"A",,"G",200,"A",,"R",239,"A",,2
170037,"R",60376,"A",,"R",12465,"G",2013,"G",519,"G",2013,"G",519,2
170046,"R",33817,"A",,"A",,"G",1127,"A",,"R",720,"A",,2
170055,"R",384787,"A",,"A",,"G",12826,"A",,"G",12826,"A",,2
170082,"R",592958,"A",,"R",59782,"G",19765,"G",2491,"G",19765,"G",2491,2
170091,"R",5412,"A",,"A",,"G",180,"A",,"G",180,"A",,2
170240,"R",413242,"A",,"A",,"G",13775,"A",,"G",13775,"A",,2
170301,"R",101478,"A",,"A",,"G",3383,"A",,"G",3383,"A",,2
170417,"R",36950,"A",,"A",,"G",821,"A",,"G",821,"A",,2
170444,"R",170119,"A",,"A",,"G",5671,"A",,"G",5671,"A",,2
170514,"A",,"R",100000,"A",,"G",111,"A",,"G",111,"A",,1
170532,"R",65517,"A",,"A",,"G",1456,"A",,"G",1456,"A",,2
170541,"R",242126,"A",,"A",,"G",8071,"A",,"G",8071,"A",,2
170550,"R",133463,"R",2421976,"A",,"G",7140,"A",,"R",6608,"A",,3
170587,"R",39624,"A",,"A",,"G",1321,"A",,"G",1321,"A",,2
170611,"A",,"R",234000,"A",,"G",260,"A",,"G",260,"A",,1
170620,"R",80738,"A",,"A",,"G",2691,"A",,"G",2691,"A",,2
170639,"R",71488,"A",,"R",382,"G",2383,"G",16,"G",2383,"G",16,2
170657,"R",450934,"A",,"A",,"G",15031,"A",,"G",15031,"A",,2
170675,"R",58431,"A",,"R",17942,"G",1948,"G",748,"G",1948,"G",748,2
170736,"A",,"R",165000,"A",,"G",183,"A",,"G",183,"A",,1
170790,"R",498152,"A",,"A",,"G",16605,"A",,"G",16605,"A",,2
170806,"R",74067,"A",,"R",16727,"G",2469,"G",697,"G",2469,"G",697,2
170842,"R",23882,"A",,"R",26355,"G",796,"G",1098,"G",796,"G",1098,2
170967,"R",29120,"A",,"R",218,"G",971,"G",9,"G",971,"G",9,2
170976,"R",808335,"A",,"R",365298,"G",26945,"G",15221,"R",26945,"R",19294,2
171012,"A",,"R",263763,"A",,"G",293,"A",,"G",293,"A",,1
171100,"R",1040063,"A",,"R",251856,"G",34669,"G",10494,"G",34669,"G",10494,2
171128,"R",167878,"A",,"R",16615,"G",5596,"G",692,"R",5639,"R",952,2
171137,"R",173552,"A",,"R",20816,"G",5785,"G",867,"G",5785,"G",867,2
171146,"R",169093,"A",,"R",23051,"G",5636,"G",960,"R",5636,"R",1112,2
171155,"R",143269,"A",,"A",,"G",4776,"A",,"G",4776,"A",,2
171225,"R",90312,"A",,"A",,"G",3010,"A",,"G",3010,"A",,2
171234,"R",43673,"R",802076,"A",,"G",2347,"A",,"G",2347,"A",,3
171261,"A",,"R",286500,"A",,"G",318,"A",,"G",318,"A",,1
171298,"R",194275,"A",,"R",552,"G",4317,"G",15,"G",4317,"G",15,2
171304,"R",111702,"A",,"A",,"G",3723,"A",,"G",3723,"A",,2
171313,"R",38796,"A",,"A",,"G",1293,"A",,"R",825,"A",,2
171322,"R",57103,"A",,"A",,"G",1903,"A",,"R",1215,"A",,2
171395,"R",49072,"A",,"A",,"G",1636,"A",,"G",1636,"A",,2
171456,"R",246682,"A",,"R",9308,"G",8223,"G",388,"G",8223,"G",388,2
171465,"A",,"R",51325,"A",,"G",57,"A",,"G",57,"A",,1
171483,"R",114393,"A",,"A",,"G",3813,"A",,"G",3813,"A",,2
171492,"R",82365,"A",,"R",6448,"G",2746,"G",269,"G",2746,"G",269,2
171535,"R",616630,"A",,"A",,"G",20554,"A",,"G",20554,"A",,2
171571,"R",411783,"A",,"R",56029,"G",13726,"G",2335,"G",13726,"G",2335,2
171599,"R",31864,"A",,"R",630,"G",1062,"G",26,"G",1062,"G",26,2
171775,"A",,"R",99000,"A",,"G",110,"A",,"G",110,"A",,1
171881,"R",9461,"A",,"R",32,"G",315,"G",1,"G",315,"G",1,2
171988,"A",,"R",214560,"A",,"G",238,"A",,"G",238,"A",,1
171997,"A",,"R",213120,"A",,"G",237,"A",,"G",237,"A",,1
172015,"A",,"R",312480,"A",,"G",347,"A",,"G",347,"A",,1
172033,"R",3068,"A",,"R",2729,"G",102,"G",114,"G",102,"G",114,2
172051,"R",240361,"A",,"R",24235,"G",8012,"G",1010,"G",8012,"G",1010,2
172200,"R",309993,"A",,"A",,"G",10333,"A",,"G",10333,"A",,2
172264,"R",48579,"A",,"R",5074,"G",1619,"G",211,"G",1619,"G",211,2
172291,"R",106849,"A",,"A",,"G",3562,"A",,"G",3562,"A",,2
172307,"R",70861,"A",,"A",,"G",2362,"A",,"G",2362,"A",,2
172325,"R",34752,"A",,"A",,"G",1158,"A",,"G",1158,"A",,2
172334,"R",78903,"A",,"R",21227,"G",2630,"G",884,"R",2630,"R",1179,2
172422,"R",14484,"A",,"A",,"G",322,"A",,"R",536,"A",,2
172440,"R",18259,"A",,"A",,"G",609,"A",,"G",609,"A",,2
172477,"A",,"A",,"R",115573,"A",,"G",4816,"A",,"G",4816,-2
172495,"A",,"R",213000,"A",,"G",237,"A",,"G",237,"A",,1
172608,"R",25341,"A",,"R",32759,"G",845,"G",1365,"G",845,"G",1365,2
172617,"R",296040,"A",,"A",,"G",9868,"A",,"G",9868,"A",,2
172635,"R",437825,"A",,"A",,"G",14594,"A",,"G",14594,"A",,2
172644,"R",494953,"A",,"R",212274,"G",16498,"G",8845,"G",16498,"G",8845,2
172671,"R",31596,"A",,"A",,"G",1053,"A",,"G",1053,"A",,2
172699,"R",559764,"A",,"R",76229,"G",18659,"G",3176,"G",18659,"G",3176,2
172705,"A",,"A",,"R",3986,"A",,"G",166,"A",,"G",166,-2
172802,"A",,"R",58500,"A",,"G",65,"A",,"G",65,"A",,1
172866,"R",6578,"A",,"A",,"G",146,"A",,"G",146,"A",,2
172918,"R",68693,"A",,"A",,"G",2290,"A",,"G",2290,"A",,2
172927,"R",3611,"A",,"A",,"G",120,"A",,"G",120,"A",,2
172954,"R",56272,"A",,"A",,"G",1876,"A",,"G",1876,"A",,2
172963,"R",189820,"A",,"A",,"G",6327,"A",,"G",6327,"A",,2
172972,"R",2544,"A",,"A",,"G",85,"A",,"G",85,"A",,2
173045,"R",84523,"A",,"R",16878,"G",2817,"G",703,"G",2817,"G",703,2
173063,"R",76882,"A",,"A",,"G",2563,"A",,"G",2563,"A",,2
173115,"R",27535,"A",,"A",,"G",918,"A",,"G",918,"A",,2
173124,"R",132461,"A",,"R",5988,"G",4415,"G",250,"G",4415,"G",250,2
173142,"R",19057,"A",,"A",,"G",635,"A",,"G",635,"A",,2
173160,"R",104281,"A",,"R",14538,"G",3476,"G",606,"G",3476,"G",606,2
173179,"A",,"A",,"R",17523,"A",,"G",487,"A",,"G",487,-2
173203,"R",106742,"A",,"A",,"G",3558,"A",,"G",3558,"A",,2
173258,"R",58088,"A",,"A",,"G",1936,"A",,"R",1956,"A",,2
173300,"R",89395,"A",,"R",417,"G",2980,"G",17,"R",2806,"R",17,2
173328,"R",49463,"A",,"R",18751,"G",1649,"G",781,"R",1646,"R",987,2
173416,"R",76457,"A",,"A",,"G",2549,"A",,"G",2549,"A",,2
173452,"R",26631,"A",,"R",495,"G",888,"G",21,"G",888,"G",21,2
173461,"R",110243,"A",,"A",,"G",3675,"A",,"G",3675,"A",,2
173470,"A",,"R",59958,"A",,"G",67,"A",,"G",67,"A",,1
173489,"R",13887,"A",,"A",,"G",309,"A",,"G",309,"A",,2
173559,"R",153466,"A",,"A",,"G",5116,"A",,"G",5116,"A",,2
173629,"R",55817,"A",,"R",1297,"G",1240,"G",36,"G",1240,"G",36,2
173638,"R",74078,"A",,"A",,"G",2469,"A",,"G",2469,"A",,2
173647,"R",77121,"A",,"A",,"G",2571,"A",,"G",2571,"A",,2
173665,"R",64952,"A",,"R",63173,"G",2165,"G",2632,"G",2165,"G",2632,2
173683,"A",,"A",,"R",4052,"A",,"G",169,"A",,"G",169,-2
173708,"R",143358,"A",,"A",,"G",4779,"A",,"G",4779,"A",,2
173726,"A",,"R",49885,"A",,"G",55,"A",,"G",55,"A",,1
173735,"R",40470,"A",,"A",,"G",1349,"A",,"G",1349,"A",,2
173744,"A",,"R",562068,"A",,"G",625,"A",,"G",625,"A",,1
173799,"R",129896,"A",,"A",,"G",4330,"A",,"G",4330,"A",,2
173805,"R",33526,"A",,"A",,"G",1118,"A",,"G",1118,"A",,2
173887,"R",88001,"A",,"A",,"G",1956,"A",,"G",1956,"A",,2
173896,"A",,"A",,"R",12878,"A",,"G",537,"A",,"G",537,-2
173902,"R",63911,"A",,"A",,"G",2130,"A",,"G",2130,"A",,2
173911,"R",92964,"A",,"A",,"G",3099,"A",,"G",3099,"A",,2
173920,"R",383474,"A",,"R",32603,"G",12782,"G",1358,"G",12782,"G",1358,2
173939,"A",,"R",158401,"A",,"G",176,"A",,"G",176,"A",,1
173957,"A",,"A",,"R",6790,"A",,"G",283,"A",,"G",283,-2
173966,"R",3190,"A",,"R",4895,"G",106,"G",204,"G",106,"G",204,2
173984,"R",68567,"A",,"R",20348,"G",2286,"G",848,"G",2286,"G",848,2
173993,"R",36516,"A",,"A",,"G",1217,"A",,"G",1217,"A",,2
174020,"R",157287,"A",,"R",12397,"G",5243,"G",517,"G",5243,"G",517,2
174066,"R",1064564,"A",,"R",320744,"G",35485,"G",13364,"G",35485,"G",13364,2
174075,"R",50835,"A",,"A",,"G",1695,"A",,"G",1695,"A",,2
174118,"A",,"R",350000,"A",,"G",389,"A",,"G",389,"A",,1
174127,"R",18243,"A",,"R",1347,"G",608,"G",56,"G",608,"G",56,2
174136,"R",219058,"A",,"A",,"G",7302,"A",,"G",7302,"A",,2
174154,"R",15279,"A",,"A",,"G",509,"A",,"G",509,"A",,2
174190,"A",,"R",208642,"A",,"G",232,"A",,"G",232,"A",,1
174206,"R",4482,"A",,"A",,"G",149,"A",,"G",149,"A",,2
174233,"R",308375,"A",,"R",22003,"G",10279,"G",917,"G",10279,"G",917,2
174251,"R",52466,"A",,"A",,"G",1749,"A",,"G",1749,"A",,2
174279,"R",63781,"A",,"R",2870,"G",1417,"G",80,"G",1417,"G",80,2
174321,"A",,"R",154184,"A",,"G",171,"A",,"G",171,"A",,1
174358,"R",193046,"A",,"R",8396,"G",6435,"G",350,"G",6435,"G",350,2
174376,"R",151754,"A",,"A",,"G",5058,"A",,"G",5058,"A",,2
174385,"R",18769,"A",,"A",,"G",417,"A",,"G",417,"A",,2
174394,"R",50052,"A",,"A",,"G",1112,"A",,"G",1112,"A",,2
174428,"R",222943,"A",,"A",,"G",7431,"A",,"G",7431,"A",,2
174437,"R",36354,"A",,"A",,"G",1212,"A",,"G",1212,"A",,2
174473,"R",84826,"A",,"A",,"G",2828,"A",,"G",2828,"A",,2
174482,"R",2574,"A",,"A",,"G",86,"A",,"G",86,"A",,2
174491,"R",78573,"A",,"R",1774,"G",2619,"G",74,"G",2619,"G",74,2
174507,"R",5096,"A",,"R",53053,"G",170,"G",2211,"G",170,"G",2211,2
174525,"R",3979,"A",,"A",,"G",133,"A",,"G",133,"A",,2
174534,"A",,"R",164337,"A",,"G",183,"A",,"G",183,"A",,1
174570,"R",19542,"A",,"A",,"G",651,"A",,"G",651,"A",,2
174604,"R",9201,"A",,"A",,"G",307,"A",,"G",307,"A",,2
174738,"R",139420,"A",,"A",,"G",4647,"A",,"G",4647,"A",,2
174747,"R",61173,"A",,"A",,"G",2039,"A",,"G",2039,"A",,2
174756,"R",110038,"A",,"A",,"G",3668,"A",,"G",3668,"A",,2
174765,"A",,"R",106268,"A",,"G",118,"A",,"G",118,"A",,1
174783,"R",401920,"A",,"R",31569,"G",13397,"G",1315,"G",13397,"G",1315,2
174792,"R",56077,"A",,"R",1426,"G",1869,"G",59,"G",1869,"G",59,2
174817,"R",55041,"A",,"R",61369,"G",1835,"G",2557,"G",1835,"G",2557,2
174844,"R",93072,"A",,"A",,"G",3102,"A",,"R",3122,"A",,2
174862,"R",25474,"A",,"R",2977,"G",849,"G",124,"G",849,"G",124,2
174899,"R",89677,"A",,"R",21432,"G",2989,"G",893,"G",2989,"G",893,2
174914,"R",192223,"A",,"R",72774,"G",6407,"G",3032,"G",6407,"G",3032,2
174932,"R",6498,"A",,"A",,"G",217,"A",,"G",217,"A",,2
174978,"A",,"R",338053,"A",,"G",376,"A",,"G",376,"A",,1
175005,"R",92889,"A",,"R",25471,"G",3096,"G",1061,"G",3096,"G",1061,2
175014,"R",284346,"A",,"A",,"G",6319,"A",,"G",6319,"A",,2
175041,"R",137686,"A",,"A",,"G",4590,"A",,"G",4590,"A",,2
175078,"R",100701,"A",,"R",8140,"G",3357,"G",339,"G",3357,"G",339,2
175120,"R",8580,"A",,"A",,"G",286,"A",,"R",429,"A",,2
175139,"A",,"A",,"R",2299,"A",,"G",96,"A",,"G",96,-2
175157,"R",19286,"A",,"A",,"G",643,"A",,"G",643,"A",,2
175227,"R",63794,"A",,"A",,"G",1418,"A",,"G",1418,"A",,2
175236,"R",106114,"A",,"A",,"G",3537,"A",,"G",3537,"A",,2
175263,"R",59561,"A",,"A",,"G",1985,"A",,"G",1985,"A",,2
175272,"R",238003,"A",,"R",7203,"G",7933,"G",300,"G",7933,"G",300,2
175281,"A",,"A",,"R",26820,"A",,"G",1118,"A",,"G",1118,-2
175315,"R",236367,"A",,"A",,"G",7879,"A",,"G",7879,"A",,2
175342,"R",90023,"A",,"R",12933,"G",3001,"G",539,"G",3001,"G",539,2
175421,"R",65085,"A",,"R",11192,"G",2170,"G",466,"G",2170,"G",466,2
175430,"R",15651,"A",,"R",390,"G",522,"G",16,"G",522,"G",16,2
175494,"A",,"R",196197,"A",,"G",218,"A",,"G",218,"A",,1
175519,"R",69613,"R",5158,"A",,"G",2326,"A",,"G",2326,"A",,3
175528,"R",31308,"A",,"A",,"G",696,"A",,"G",696,"A",,2
175573,"R",84155,"A",,"A",,"G",2805,"A",,"R",3506,"A",,2
175591,"A",,"R",69954,"A",,"G",78,"A",,"G",78,"A",,1
175607,"A",,"R",77914,"A",,"G",87,"A",,"G",87,"A",,1
175616,"R",79473,"A",,"R",19867,"G",2649,"G",828,"G",2649,"G",828,2
175643,"R",77702,"A",,"A",,"G",2590,"A",,"G",2590,"A",,2
175652,"R",196278,"A",,"A",,"G",6543,"A",,"G",6543,"A",,2
175698,"A",,"R",21863,"A",,"G",24,"A",,"G",24,"A",,1
175722,"A",,"R",39104,"A",,"G",43,"A",,"G",43,"A",,1
175786,"R",358505,"A",,"A",,"G",11950,"A",,"G",11950,"A",,2
175810,"R",174267,"A",,"A",,"G",5809,"A",,"R",7261,"A",,2
175829,"R",234508,"A",,"A",,"G",7817,"A",,"G",7817,"A",,2
175856,"R",176136,"A",,"R",35393,"G",5871,"G",1475,"G",5871,"G",1475,2
175883,"R",145161,"A",,"A",,"G",4839,"A",,"G",4839,"A",,2
175935,"R",88692,"A",,"A",,"G",2956,"A",,"G",2956,"A",,2
175980,"R",31231,"A",,"R",2082,"G",1041,"G",87,"G",1041,"G",87,2
176008,"R",76867,"A",,"A",,"G",2562,"A",,"G",2562,"A",,2
176017,"R",433986,"A",,"R",68061,"G",14466,"G",2836,"G",14466,"G",2836,2
176026,"R",16459,"A",,"R",77963,"G",549,"G",3248,"G",549,"G",3248,2
176035,"R",71086,"A",,"R",4373,"G",2370,"G",182,"G",2370,"G",182,2
176044,"R",64422,"A",,"R",7005,"G",2147,"G",292,"G",2147,"G",292,2
176053,"R",90701,"A",,"R",37874,"G",3023,"G",1578,"G",3023,"G",1578,2
176062,"A",,"R",92750,"A",,"G",103,"A",,"G",103,"A",,1
176071,"R",257855,"A",,"A",,"G",8595,"A",,"G",8595,"A",,2
176080,"R",450056,"A",,"R",81242,"G",15002,"G",3385,"G",15002,"G",3385,2
176169,"R",100251,"A",,"A",,"G",3342,"A",,"G",3342,"A",,2
176178,"R",213935,"A",,"A",,"G",7131,"A",,"G",7131,"A",,2
176239,"R",96333,"A",,"A",,"G",3211,"A",,"R",3300,"A",,2
176318,"R",27790,"A",,"A",,"G",926,"A",,"G",926,"A",,2
176336,"R",1489,"A",,"A",,"G",50,"A",,"R",54,"A",,2
176354,"R",61458,"A",,"A",,"G",2049,"A",,"G",2049,"A",,2
176372,"R",344424,"A",,"R",58683,"G",11481,"G",2445,"G",11481,"G",2445,2
176390,"A",,"R",179576,"A",,"G",200,"A",,"G",200,"A",,1
176406,"R",31543,"A",,"A",,"G",1051,"A",,"G",1051,"A",,2
176451,"A",,"A",,"R",1551,"A",,"G",65,"A",,"G",65,-2
176479,"R",73290,"A",,"R",29839,"G",2443,"G",1243,"G",2443,"G",1243,2
176549,"R",16380,"A",,"A",,"G",546,"A",,"G",546,"A",,2
176600,"A",,"A",,"R",2179,"A",,"G",91,"A",,"G",91,-2
176619,"A",,"A",,"R",6381,"A",,"G",266,"A",,"G",266,-2
176628,"R",33808,"A",,"R",10242,"G",1127,"G",427,"G",1127,"G",427,2
176637,"R",43132,"A",,"A",,"G",958,"A",,"G",958,"A",,2
176664,"R",13125,"A",,"R",938,"G",438,"G",39,"G",438,"G",39,2
176716,"A",,"R",142281,"A",,"G",158,"A",,"G",158,"A",,1
176734,"A",,"R",32508,"A",,"G",36,"A",,"G",36,"A",,1
176770,"R",9234,"A",,"R",329,"G",308,"G",14,"R",296,"R",17,2
176789,"R",6551,"A",,"R",701,"G",218,"G",29,"G",218,"G",29,2
176798,"A",,"R",155650,"A",,"G",173,"A",,"G",173,"A",,1
176910,"R",9209,"A",,"A",,"G",307,"A",,"G",307,"A",,2
176938,"R",9700,"A",,"A",,"G",323,"A",,"G",323,"A",,2
176947,"R",34417,"A",,"A",,"G",1147,"A",,"G",1147,"A",,2
176965,"R",241928,"A",,"R",31800,"G",8064,"G",1325,"G",8064,"G",1325,2
176983,"A",,"R",97020,"A",,"G",108,"A",,"G",108,"A",,1
176992,"A",,"R",40500,"A",,"G",45,"A",,"G",45,"A",,1
177038,"R",4461,"A",,"R",29230,"G",149,"G",1218,"G",149,"G",1218,2
177056,"A",,"R",68712,"A",,"G",76,"A",,"G",76,"A",,1
177065,"R",404237,"A",,"R",13152,"G",13475,"G",548,"G",13475,"G",548,2
177083,"R",3169,"A",,"R",144,"G",106,"G",6,"G",106,"G",6,2
177092,"A",,"A",,"R",11539,"A",,"G",321,"A",,"G",321,-2
177117,"R",9545,"A",,"A",,"G",318,"A",,"G",318,"A",,2
177126,"A",,"A",,"R",14533,"A",,"G",606,"A",,"G",606,-2
177135,"R",86856,"A",,"A",,"G",2895,"A",,"G",2895,"A",,2
177144,"R",22959,"A",,"A",,"G",765,"A",,"G",765,"A",,2
177162,"R",51028,"A",,"A",,"G",1701,"A",,"R",1417,"A",,2
177214,"R",124652,"A",,"R",8012,"G",4155,"G",334,"G",4155,"G",334,2
177250,"R",93012,"A",,"A",,"G",3100,"A",,"G",3100,"A",,2
177278,"A",,"A",,"R",2822,"A",,"G",118,"A",,"G",118,-2
177287,"A",,"R",200524,"A",,"G",223,"A",,"G",223,"A",,1
177302,"R",84241,"A",,"A",,"G",1872,"A",,"G",1872,"A",,2
177339,"R",52903,"A",,"R",4878,"G",1763,"G",203,"G",1763,"G",203,2
177418,"R",41427,"A",,"R",16398,"G",1381,"G",683,"G",1381,"G",683,2
177427,"A",,"A",,"R",7039,"A",,"G",293,"A",,"G",293,-2
177436,"A",,"R",48340,"A",,"G",54,"A",,"G",54,"A",,1
177472,"R",294345,"A",,"A",,"G",9812,"A",,"G",9812,"A",,2
177542,"R",27125,"A",,"R",258,"G",904,"G",11,"G",904,"G",11,2
177551,"R",40311,"A",,"A",,"G",1344,"A",,"G",1344,"A",,2
177579,"R",18965,"A",,"A",,"G",632,"A",,"G",632,"A",,2
177588,"A",,"R",86100,"A",,"G",96,"A",,"G",96,"A",,1
177603,"A",,"R",104431,"A",,"G",116,"A",,"G",116,"A",,1
177676,"R",136376,"A",,"A",,"G",4546,"A",,"G",4546,"A",,2
177685,"A",,"R",50373,"A",,"G",56,"A",,"G",56,"A",,1
177719,"R",21234,"A",,"R",2036,"G",708,"G",85,"G",708,"G",85,2
177746,"R",22641,"A",,"A",,"G",755,"A",,"G",755,"A",,2
177807,"A",,"R",26737,"A",,"G",30,"A",,"G",30,"A",,1
177816,"R",1500,"A",,"R",1760,"G",50,"G",73,"R",50,"R",73,2
177834,"A",,"A",,"R",97661,"A",,"G",4069,"A",,"G",4069,-2
177870,"A",,"R",16480,"A",,"G",18,"A",,"G",18,"A",,1
177931,"A",,"R",44185,"A",,"G",49,"A",,"G",49,"A",,1
177940,"R",73774,"A",,"R",2891,"G",2459,"G",120,"G",2459,"G",120,2
177968,"R",218461,"A",,"R",87293,"G",7282,"G",3637,"G",7282,"G",3637,2
177977,"R",35100,"A",,"A",,"G",1170,"A",,"G",1170,"A",,2
177986,"R",2840,"A",,"R",77796,"G",95,"G",3242,"R",79,"R",1294,2
177995,"R",129460,"A",,"A",,"G",4315,"A",,"G",4315,"A",,2
178004,"R",4128,"A",,"A",,"G",138,"A",,"G",138,"A",,2
178022,"R",104937,"A",,"A",,"G",3498,"A",,"G",3498,"A",,2
178059,"R",74538,"A",,"R",12916,"G",2485,"G",538,"G",2485,"G",538,2
178077,"A",,"R",168380,"A",,"G",187,"A",,"G",187,"A",,1
178110,"R",11246,"A",,"A",,"G",250,"A",,"G",250,"A",,2
178183,"R",7370,"A",,"A",,"G",246,"A",,"G",246,"A",,2
178208,"R",5526,"A",,"R",9527,"G",184,"G",397,"G",184,"G",397,2
178217,"R",104746,"A",,"A",,"G",3492,"A",,"G",3492,"A",,2
178226,"R",50690,"A",,"A",,"G",1126,"A",,"G",1126,"A",,2
178244,"R",60481,"A",,"R",22978,"G",2016,"G",957,"G",2016,"G",957,2
178262,"A",,"R",253691,"A",,"G",282,"A",,"G",282,"A",,1
178305,"R",53584,"A",,"A",,"G",1786,"A",,"G",1786,"A",,2
178314,"A",,"R",24030,"A",,"G",27,"A",,"G",27,"A",,1
178341,"R",142125,"A",,"R",1011,"G",4738,"G",42,"G",4738,"G",42,2
178350,"R",2984,"A",,"A",,"G",99,"A",,"G",99,"A",,2
178369,"R",48159,"A",,"A",,"G",1605,"A",,"G",1605,"A",,2
178387,"R",142762,"A",,"R",1775,"G",4759,"G",74,"G",4759,"G",74,2
178396,"R",698993,"A",,"R",147410,"G",23300,"G",6142,"G",23300,"G",6142,2
178402,"R",237983,"A",,"R",129634,"G",7933,"G",5401,"G",7933,"G",5401,2
178411,"R",151010,"A",,"R",28103,"G",5034,"G",1171,"G",5034,"G",1171,2
178420,"R",250731,"A",,"R",57876,"G",8358,"G",2412,"G",8358,"G",2412,2
178448,"R",120267,"A",,"A",,"G",4009,"A",,"G",4009,"A",,2
178466,"A",,"R",191072,"A",,"G",212,"A",,"R",212,"A",,1
178484,"A",,"R",360345,"A",,"G",400,"A",,"G",400,"A",,1
178518,"A",,"A",,"R",3979,"A",,"G",166,"A",,"G",166,-2
178527,"A",,"R",49087,"A",,"G",55,"A",,"G",55,"A",,1
178563,"A",,"R",62680,"A",,"G",70,"A",,"G",70,"A",,1
178606,"A",,"R",12600,"A",,"G",14,"A",,"G",14,"A",,1
178615,"R",157863,"A",,"R",9005,"G",5262,"G",375,"G",5262,"G",375,2
178624,"R",166270,"A",,"R",15968,"G",5542,"G",665,"G",5542,"G",665,2
178679,"R",17815,"A",,"A",,"G",594,"A",,"G",594,"A",,2
178697,"R",45320,"A",,"A",,"G",1511,"A",,"G",1511,"A",,2
178721,"R",260256,"A",,"R",12447,"G",8675,"G",519,"G",8675,"G",519,2
178767,"R",12050,"A",,"A",,"G",268,"A",,"G",268,"A",,2
178785,"R",106302,"A",,"A",,"G",3543,"A",,"G",3543,"A",,2
178828,"A",,"R",77681,"A",,"G",86,"A",,"R",79,"A",,1
178891,"R",64144,"A",,"A",,"G",2138,"A",,"G",2138,"A",,2
178989,"R",14497,"A",,"R",2000,"G",483,"G",83,"G",483,"G",83,2
179043,"R",48280,"A",,"R",14629,"G",1609,"G",610,"G",1609,"G",610,2
179052,"A",,"R",241205,"A",,"G",268,"A",,"G",268,"A",,1
179070,"R",19686,"A",,"A",,"G",656,"A",,"R",482,"A",,2
179159,"R",266200,"A",,"R",117996,"G",8873,"G",4917,"G",8873,"G",4917,2
179195,"A",,"R",57505,"A",,"G",64,"A",,"G",64,"A",,1
179201,"R",86185,"A",,"A",,"G",1915,"A",,"G",1915,"A",,2
179229,"A",,"R",57670,"A",,"G",64,"A",,"G",64,"A",,1
179238,"A",,"R",52181,"A",,"G",58,"A",,"G",58,"A",,1
179256,"R",8327,"A",,"A",,"G",278,"A",,"R",295,"A",,2
179265,"R",21225,"A",,"R",16553,"G",708,"G",690,"G",708,"G",690,2
179308,"R",627020,"A",,"A",,"G",20901,"A",,"G",20901,"A",,2
179317,"A",,"A",,"R",3811,"A",,"G",159,"A",,"G",159,-2
179326,"R",64808,"A",,"R",16428,"G",2160,"G",685,"G",2160,"G",685,2
179344,"R",47586,"A",,"A",,"G",1586,"A",,"G",1586,"A",,2
179399,"A",,"R",39440,"A",,"G",44,"A",,"G",44,"A",,1
179450,"R",3731,"A",,"A",,"G",124,"A",,"G",124,"A",,2
179511,"R",11700,"A",,"A",,"G",390,"A",,"G",390,"A",,2
179539,"R",109807,"A",,"A",,"G",3660,"A",,"G",3660,"A",,2
179548,"R",26577,"A",,"R",4693,"G",886,"G",196,"G",886,"G",196,2
179557,"R",258196,"A",,"R",16804,"G",8607,"G",700,"G",8607,"G",700,2
179566,"R",422177,"A",,"R",65417,"G",14073,"G",2726,"G",14073,"G",2726,2
179645,"R",89415,"A",,"A",,"G",2981,"A",,"G",2981,"A",,2
179715,"R",41045,"A",,"A",,"G",1368,"A",,"G",1368,"A",,2
179724,"A",,"R",46944,"A",,"G",52,"A",,"G",52,"A",,1
179742,"A",,"A",,"R",1500,"A",,"G",63,"A",,"G",63,-2
179812,"A",,"A",,"R",54089,"A",,"G",2254,"A",,"R",1082,-2
179867,"R",209698,"A",,"R",94690,"G",6990,"G",3945,"G",6990,"G",3945,2
179894,"R",93587,"A",,"R",239341,"G",3120,"G",9973,"G",3120,"G",9973,2
179919,"R",13034,"A",,"A",,"G",434,"A",,"G",434,"A",,2
179946,"R",35118,"A",,"A",,"G",1171,"A",,"R",1097,"A",,2
179955,"R",32668,"A",,"A",,"G",1089,"A",,"G",1089,"A",,2
179964,"R",28178,"A",,"R",21808,"G",939,"G",909,"G",939,"G",909,2
179991,"A",,"R",41707,"A",,"G",46,"A",,"R",41,"A",,1
180054,"R",13281,"A",,"A",,"G",443,"A",,"G",443,"A",,2
180063,"A",,"R",66896,"A",,"G",74,"A",,"G",74,"A",,1
180081,"R",15701,"A",,"A",,"G",523,"A",,"G",523,"A",,2
180090,"A",,"R",87770,"A",,"G",98,"A",,"G",98,"A",,1
180106,"R",40263,"A",,"A",,"G",1342,"A",,"G",1342,"A",,2
180151,"R",12790,"A",,"A",,"G",426,"A",,"G",426,"A",,2
180160,"R",5630,"A",,"A",,"G",188,"A",,"G",188,"A",,2
180179,"R",126450,"A",,"R",8184,"G",4215,"G",341,"G",4215,"G",341,2
180197,"R",63216,"A",,"A",,"G",2107,"A",,"R",2105,"A",,2
180203,"R",5148,"A",,"A",,"G",172,"A",,"G",172,"A",,2
180212,"R",10407,"A",,"A",,"G",347,"A",,"G",347,"A",,2
180249,"R",42434,"A",,"A",,"G",1414,"A",,"G",1414,"A",,2
180258,"R",23731,"A",,"R",1199,"G",791,"G",50,"G",791,"G",50,2
180276,"R",34340,"A",,"A",,"G",1145,"A",,"G",1145,"A",,2
180328,"R",10877,"A",,"A",,"G",363,"A",,"G",363,"A",,2
180373,"R",13201,"A",,"A",,"G",440,"A",,"G",440,"A",,2
180391,"A",,"R",54799,"A",,"G",61,"A",,"G",61,"A",,1
180416,"R",59554,"A",,"R",2432,"G",1985,"G",101,"G",1985,"G",101,2
180461,"R",322270,"A",,"R",25819,"G",10742,"G",1076,"G",10742,"G",1076,2
180489,"R",362352,"A",,"R",44000,"G",12078,"G",1833,"G",12078,"G",1833,2
180522,"R",32858,"A",,"R",1328,"G",1095,"G",55,"G",1095,"G",55,2
180595,"R",27814,"A",,"R",3902,"G",927,"G",163,"G",927,"G",163,2
180647,"R",35773,"A",,"A",,"G",795,"A",,"G",795,"A",,2
180692,"R",40845,"A",,"A",,"G",1362,"A",,"G",1362,"A",,2
180771,"A",,"R",78960,"A",,"G",88,"A",,"G",88,"A",,1
180814,"R",188475,"A",,"R",52441,"G",6283,"G",2185,"G",6283,"G",2185,2
180832,"R",20370,"A",,"R",4175,"G",679,"G",174,"G",679,"G",174,2
180878,"R",11152,"A",,"R",1132,"G",372,"G",47,"G",372,"G",47,2
180902,"R",136348,"A",,"A",,"G",4545,"A",,"R",4611,"A",,2
180948,"R",57354,"A",,"R",7846,"G",1912,"G",327,"G",1912,"G",327,2
180957,"A",,"R",184950,"A",,"G",206,"A",,"G",206,"A",,1
180984,"R",38402,"A",,"R",11231,"G",1280,"G",468,"G",1280,"G",468,2
181002,"R",135180,"A",,"R",129914,"G",4506,"G",5413,"R",4504,"R",3282,2
181020,"R",31825,"A",,"A",,"G",1061,"A",,"G",1061,"A",,2
181093,"R",10620,"A",,"R",1618,"G",354,"G",67,"G",354,"G",67,2
181127,"R",36804,"A",,"R",1420,"G",1227,"G",59,"G",1227,"G",59,2
181136,"A",,"R",53375,"A",,"G",59,"A",,"G",59,"A",,1
181145,"R",1111,"A",,"A",,"G",37,"A",,"G",37,"A",,2
181190,"A",,"R",548100,"A",,"G",609,"A",,"G",609,"A",,1
181215,"R",145100,"A",,"R",21496,"G",4837,"G",896,"G",4837,"G",896,2
181242,"R",32781,"A",,"R",225,"G",1093,"G",9,"G",1093,"G",9,2
181297,"R",19671,"A",,"R",1607,"G",656,"G",67,"G",656,"G",67,2
181303,"R",615010,"A",,"A",,"G",13667,"A",,"G",13667,"A",,2
181312,"R",51768,"R",42918,"A",,"G",1773,"A",,"G",1773,"A",,3
181330,"R",20268,"A",,"R",225,"G",676,"G",9,"R",955,"R",10,2
181376,"R",3486,"A",,"A",,"G",116,"A",,"R",145,"A",,2
181394,"R",312779,"A",,"R",37914,"G",10426,"G",1580,"G",10426,"G",1580,2
181400,"R",50111,"A",,"R",496,"G",1670,"G",21,"G",1670,"G",21,2
181419,"R",2650,"A",,"A",,"G",88,"A",,"G",88,"A",,2
181428,"R",26153,"A",,"R",65320,"G",872,"G",2722,"G",872,"G",2722,2
181446,"R",58047,"A",,"R",4147,"G",1935,"G",173,"G",1935,"G",173,2
181464,"R",535999,"A",,"R",91055,"G",17867,"G",3794,"G",17867,"G",3794,2
181491,"R",99520,"R",151021,"A",,"G",3485,"A",,"G",3485,"A",,3
181534,"R",47528,"A",,"R",4891,"G",1584,"G",204,"G",1584,"G",204,2
181543,"R",830,"A",,"A",,"G",28,"A",,"G",28,"A",,2
181604,"R",22776,"A",,"R",6393,"G",759,"G",266,"G",759,"G",266,2
181640,"R",465662,"A",,"A",,"G",10348,"A",,"G",10348,"A",,2
181738,"R",21857,"A",,"R",2574,"G",729,"G",107,"R",729,"R",73,2
181756,"R",26577,"R",103648,"A",,"G",1001,"A",,"G",1001,"A",,3
181765,"R",9720,"A",,"A",,"G",324,"A",,"G",324,"A",,2
181783,"R",82157,"A",,"R",10016,"G",2739,"G",417,"G",2739,"G",417,2
181792,"R",348,"A",,"A",,"G",12,"A",,"G",12,"A",,2
181817,"R",57620,"A",,"A",,"G",1921,"A",,"G",1921,"A",,2
181853,"R",13479,"A",,"A",,"G",449,"A",,"G",449,"A",,2
181880,"A",,"R",181423,"A",,"G",202,"A",,"G",202,"A",,1
181941,"R",35135,"A",,"A",,"G",1171,"A",,"G",1171,"A",,2
182005,"R",736969,"A",,"A",,"G",24566,"A",,"G",24566,"A",,2
182111,"R",66687,"A",,"A",,"G",1482,"A",,"G",1482,"A",,2
182148,"R",56080,"A",,"A",,"G",1869,"A",,"R",1392,"A",,2
182209,"A",,"R",584408,"A",,"G",649,"A",,"G",649,"A",,1
182281,"R",588995,"A",,"R",117560,"G",19633,"G",4898,"G",19633,"G",4898,2
182290,"R",379118,"A",,"R",46032,"G",12637,"G",1918,"G",12637,"G",1918,2
182306,"R",58858,"A",,"A",,"G",1962,"A",,"G",1962,"A",,2
182397,"A",,"R",240203,"A",,"G",267,"A",,"G",267,"A",,1
182430,"R",11220,"A",,"R",1632,"G",374,"G",68,"G",374,"G",68,2
182458,"R",13732,"A",,"R",9297,"G",458,"G",387,"G",458,"G",387,2
182500,"R",233349,"A",,"A",,"G",7778,"A",,"G",7778,"A",,2
182564,"R",92663,"A",,"A",,"G",3089,"A",,"R",3089,"A",,2
182634,"R",35115,"A",,"A",,"G",1171,"A",,"G",1171,"A",,2
182652,"A",,"R",101780,"A",,"G",113,"A",,"G",113,"A",,1
182661,"R",21203,"A",,"R",978,"G",707,"G",41,"G",707,"G",41,2
182670,"R",192525,"A",,"R",73377,"G",4278,"G",2038,"G",4278,"G",2038,2
182704,"A",,"R",165078,"A",,"G",183,"A",,"G",183,"A",,1
182722,"A",,"R",168408,"A",,"G",187,"A",,"G",187,"A",,1
182795,"R",51287,"A",,"R",14408,"G",1710,"G",600,"G",1710,"G",600,2
182829,"A",,"A",,"R",13839,"A",,"G",577,"A",,"R",495,-2
182865,"R",98168,"A",,"A",,"G",3272,"A",,"G",3272,"A",,2
182883,"A",,"R",25072,"A",,"G",28,"A",,"G",28,"A",,1
182892,"A",,"R",46122,"A",,"G",51,"A",,"G",51,"A",,1
182908,"R",3890,"A",,"A",,"G",130,"A",,"G",130,"A",,2
182917,"R",1837,"A",,"A",,"G",61,"A",,"G",61,"A",,2
182953,"A",,"R",249100,"A",,"G",277,"A",,"G",277,"A",,1
182980,"R",30251,"A",,"R",19752,"G",1008,"G",823,"G",1008,"G",823,2
182999,"A",,"R",51323,"A",,"G",57,"A",,"G",57,"A",,1
183026,"R",171678,"A",,"R",60246,"G",5723,"G",2510,"G",5723,"G",2510,2
183035,"A",,"R",49600,"A",,"G",55,"A",,"R",64,"A",,1
183044,"R",403468,"A",,"R",39095,"G",13449,"G",1629,"G",13449,"G",1629,2
183062,"R",157873,"A",,"R",1818,"G",5262,"G",76,"G",5262,"G",76,2
183071,"R",25798,"A",,"R",5234,"G",860,"G",218,"G",860,"G",218,2
183080,"R",126254,"A",,"R",21207,"G",4208,"G",884,"R",4208,"R",1178,2
183099,"R",92834,"A",,"A",,"G",3094,"A",,"G",3094,"A",,2
183105,"R",19616,"A",,"A",,"G",654,"A",,"G",654,"A",,2
183114,"R",21835,"A",,"A",,"G",728,"A",,"G",728,"A",,2
183123,"R",26576,"A",,"A",,"G",886,"A",,"G",886,"A",,2
183132,"R",50721,"A",,"A",,"G",1691,"A",,"G",1691,"A",,2
183141,"R",44357,"A",,"A",,"G",1479,"A",,"G",1479,"A",,2
183150,"R",34301,"A",,"A",,"G",1143,"A",,"G",1143,"A",,2
183202,"A",,"R",38719,"A",,"G",43,"A",,"G",43,"A",,1
183211,"R",36811,"A",,"R",13483,"G",1227,"G",562,"G",1227,"G",562,2
183239,"R",60309,"A",,"A",,"G",2010,"A",,"G",2010,"A",,2
183248,"R",3949,"A",,"A",,"G",132,"A",,"G",132,"A",,2
183257,"R",34953,"A",,"R",3752,"G",1165,"G",156,"R",1344,"R",151,2
183275,"R",2291,"A",,"A",,"G",76,"A",,"R",78,"A",,2
183345,"R",4533,"A",,"A",,"G",151,"A",,"G",151,"A",,2
183488,"R",24600,"A",,"A",,"G",820,"A",,"G",820,"A",,2
183600,"R",1518,"A",,"A",,"G",51,"A",,"G",51,"A",,2
183655,"R",171709,"A",,"A",,"G",5724,"A",,"G",5724,"A",,2
183725,"A",,"R",414830,"A",,"G",461,"A",,"G",461,"A",,1
183743,"R",354905,"A",,"A",,"G",11830,"A",,"G",11830,"A",,2
183789,"R",174738,"A",,"A",,"G",3883,"A",,"G",3883,"A",,2
183804,"R",83143,"A",,"R",90686,"G",2771,"G",3779,"G",2771,"G",3779,2
183822,"R",60528,"A",,"R",236,"G",2018,"G",10,"G",2018,"G",10,2
183859,"R",360784,"A",,"A",,"G",12026,"A",,"G",12026,"A",,2
183877,"R",250240,"A",,"A",,"G",8341,"A",,"G",8341,"A",,2
183910,"R",43150,"A",,"R",9828,"G",1438,"G",410,"G",1438,"G",410,2
183938,"R",325743,"A",,"A",,"G",10858,"A",,"G",10858,"A",,2
183974,"R",58183,"A",,"R",11440,"G",1939,"G",477,"G",1939,"G",477,2
183983,"A",,"R",86400,"A",,"G",96,"A",,"G",96,"A",,1
184047,"R",17160,"A",,"A",,"G",572,"A",,"G",572,"A",,2
184056,"A",,"R",918038,"A",,"G",1020,"A",,"G",1020,"A",,1
184092,"R",23542,"R",9780,"A",,"G",796,"A",,"G",796,"A",,3
184135,"R",65819,"A",,"A",,"G",1463,"A",,"G",1463,"A",,2
184144,"A",,"R",213557,"A",,"G",237,"A",,"G",237,"A",,1
184153,"A",,"R",128646,"R",195,"G",143,"G",8,"G",143,"G",8,1
184180,"R",196740,"A",,"A",,"G",6558,"A",,"G",6558,"A",,2
184205,"R",94371,"A",,"A",,"G",3146,"A",,"G",3146,"A",,2
184269,"R",64472,"A",,"A",,"G",2149,"A",,"R",1791,"A",,2
184278,"A",,"R",142560,"A",,"G",158,"A",,"G",158,"A",,1
184320,"A",,"R",1032000,"A",,"G",1147,"A",,"G",1147,"A",,1
184348,"R",58462,"A",,"R",12442,"G",1949,"G",518,"G",1949,"G",518,2
184357,"R",1380,"A",,"A",,"G",46,"A",,"G",46,"A",,2
184427,"A",,"R",245144,"A",,"G",272,"A",,"G",272,"A",,1
184481,"R",320018,"A",,"A",,"G",10667,"A",,"G",10667,"A",,2
184506,"A",,"R",200074,"A",,"G",222,"A",,"G",222,"A",,1
184603,"R",113163,"A",,"R",40975,"G",3772,"G",1707,"G",3772,"G",1707,2
184612,"R",47875,"A",,"R",4901,"G",1596,"G",204,"G",1596,"G",204,2
184694,"R",71148,"A",,"R",12887,"G",2372,"G",537,"G",2372,"G",537,2
184746,"R",5088,"A",,"A",,"G",170,"A",,"G",170,"A",,2
184773,"R",47923,"A",,"R",14775,"G",1597,"G",616,"G",1597,"G",616,2
184782,"R",267711,"A",,"R",23721,"G",8924,"G",988,"G",8924,"G",988,2
184791,"R",157093,"A",,"A",,"G",5236,"A",,"G",5236,"A",,2
184816,"A",,"R",295371,"A",,"G",328,"A",,"G",328,"A",,1
184870,"R",19921,"A",,"A",,"G",664,"A",,"G",664,"A",,2
184959,"R",49262,"A",,"A",,"G",1095,"A",,"G",1095,"A",,2
184968,"R",4398,"A",,"A",,"G",147,"A",,"G",147,"A",,2
184995,"R",217951,"A",,"A",,"G",7265,"A",,"G",7265,"A",,2
185129,"R",176656,"A",,"R",25666,"G",5889,"G",1069,"G",5889,"G",1069,2
185174,"R",2925,"A",,"A",,"G",98,"A",,"G",98,"A",,2
185262,"R",349996,"A",,"R",46089,"G",11667,"G",1920,"G",11667,"G",1920,2
185332,"R",8729,"A",,"A",,"G",291,"A",,"G",291,"A",,2
185396,"A",,"R",1492694,"A",,"G",1659,"A",,"G",1659,"A",,1
185466,"A",,"R",238601,"A",,"G",265,"A",,"G",265,"A",,1
185509,"R",216238,"A",,"A",,"G",7208,"A",,"G",7208,"A",,2
185536,"R",296398,"A",,"A",,"G",9880,"A",,"G",9880,"A",,2
185572,"R",140924,"A",,"R",30235,"G",4697,"G",1260,"G",4697,"G",1260,2
185590,"R",413720,"A",,"R",58299,"G",13791,"G",2429,"G",13791,"G",2429,2
185624,"R",1456,"A",,"A",,"G",49,"A",,"G",49,"A",,2
185651,"R",1968,"A",,"A",,"G",66,"A",,"G",66,"A",,2
185679,"R",7000,"A",,"A",,"G",233,"A",,"G",233,"A",,2
185721,"R",22505,"A",,"A",,"G",750,"A",,"G",750,"A",,2
185730,"A",,"R",130164,"A",,"G",145,"A",,"G",145,"A",,1
185758,"A",,"A",,"R",3657,"A",,"G",152,"A",,"G",152,-2
185767,"A",,"R",170825,"A",,"G",190,"A",,"G",190,"A",,1
185828,"R",163794,"A",,"R",42058,"G",5460,"G",1752,"G",5460,"G",1752,2
185873,"R",257413,"A",,"A",,"G",8580,"A",,"G",8580,"A",,2
185916,"A",,"R",127108,"A",,"G",141,"A",,"G",141,"A",,1
185970,"A",,"R",176034,"A",,"G",196,"A",,"G",196,"A",,1
186016,"A",,"R",267104,"A",,"G",297,"A",,"G",297,"A",,1
186034,"R",186772,"A",,"A",,"G",6226,"A",,"G",6226,"A",,2
186052,"A",,"R",810690,"A",,"G",901,"A",,"G",901,"A",,1
186122,"A",,"A",,"R",12120,"A",,"G",505,"A",,"G",505,-2
186131,"R",163152,"A",,"R",30468,"G",5438,"G",1270,"R",5216,"R",2788,2
186186,"R",8520,"A",,"A",,"G",284,"A",,"G",284,"A",,2
186201,"R",179092,"A",,"R",3091,"G",5970,"G",129,"G",5970,"G",129,2
186274,"A",,"R",157997,"A",,"G",176,"A",,"G",176,"A",,1
186283,"R",134163,"A",,"R",17320,"G",4472,"G",722,"G",4472,"G",722,2
186335,"A",,"R",134400,"A",,"G",149,"A",,"G",149,"A",,1
186371,"R",125343,"A",,"R",36499,"G",4178,"G",1521,"G",4178,"G",1521,2
186380,"R",956635,"A",,"R",159668,"G",31888,"G",6653,"G",31888,"G",6653,2
186399,"R",213511,"A",,"R",80472,"G",7117,"G",3353,"G",7117,"G",3353,2
186405,"A",,"R",17276,"A",,"G",19,"A",,"R",14,"A",,1
186423,"R",2130,"A",,"A",,"G",71,"A",,"R",71,"A",,2
186432,"R",70204,"A",,"R",9233,"G",2340,"G",385,"G",2340,"G",385,2
186469,"R",35466,"A",,"A",,"G",1182,"A",,"G",1182,"A",,2
186584,"R",156483,"A",,"R",87369,"G",5216,"G",3640,"G",5216,"G",3640,2
186593,"A",,"R",158785,"A",,"G",176,"A",,"G",176,"A",,1
186618,"R",24337,"A",,"R",10329,"G",811,"G",430,"G",811,"G",430,2
186645,"R",189873,"A",,"A",,"G",6329,"A",,"G",6329,"A",,2
186867,"R",78940,"A",,"R",45389,"G",2631,"G",1891,"G",2631,"G",1891,2
186876,"R",221016,"A",,"R",12066,"G",7367,"G",503,"G",7367,"G",503,2
186900,"R",2088,"A",,"A",,"G",70,"A",,"G",70,"A",,2
187000,"A",,"R",201600,"A",,"G",224,"A",,"G",224,"A",,1
187046,"R",118527,"A",,"R",8637,"G",3951,"G",360,"G",3951,"G",360,2
187134,"R",222553,"A",,"R",14521,"G",7418,"G",605,"R",6955,"R",605,2
187161,"R",60333,"A",,"A",,"G",2011,"A",,"G",2011,"A",,2
187198,"R",228102,"A",,"A",,"G",7603,"A",,"G",7603,"A",,2
187222,"R",28401,"A",,"R",127909,"G",947,"G",5330,"G",947,"G",5330,2
187444,"R",275661,"A",,"R",20382,"G",9189,"G",849,"G",9189,"G",849,2
187505,"A",,"R",1064192,"A",,"G",1182,"A",,"G",1182,"A",,1
187532,"R",617113,"A",,"A",,"G",20570,"A",,"G",20570,"A",,2
187596,"R",22443,"A",,"A",,"G",748,"A",,"G",748,"A",,2
187602,"A",,"R",113944,"A",,"G",127,"A",,"G",127,"A",,1
187620,"R",175901,"A",,"A",,"G",5863,"A",,"G",5863,"A",,2
187639,"R",52149,"A",,"A",,"G",1738,"A",,"G",1738,"A",,2
187648,"R",103218,"A",,"R",12714,"G",3441,"G",530,"G",3441,"G",530,2
187666,"R",79832,"A",,"A",,"G",2661,"A",,"G",2661,"A",,2
187745,"R",7656,"A",,"A",,"G",255,"A",,"G",255,"A",,2
187897,"R",55870,"A",,"R",25633,"G",1862,"G",1068,"G",1862,"G",1068,2
187903,"R",63308,"A",,"A",,"G",2110,"A",,"G",2110,"A",,2
187912,"R",16443,"A",,"A",,"G",548,"A",,"G",548,"A",,2
187958,"R",62547,"A",,"A",,"G",2085,"A",,"G",2085,"A",,2
187967,"R",36358,"A",,"R",8955,"G",1212,"G",373,"G",1212,"G",373,2
187976,"R",13073,"A",,"A",,"G",436,"A",,"G",436,"A",,2
187985,"R",569462,"A",,"R",126321,"G",18982,"G",5263,"G",18982,"G",5263,2
187994,"R",58570,"A",,"A",,"G",1952,"A",,"G",1952,"A",,2
188003,"R",30384,"A",,"A",,"G",1013,"A",,"G",1013,"A",,2
188021,"R",23866,"A",,"A",,"G",796,"A",,"G",796,"A",,2
188030,"R",375706,"A",,"R",62102,"G",12524,"G",2588,"G",12524,"G",2588,2
188049,"R",47610,"A",,"A",,"G",1587,"A",,"G",1587,"A",,2
188058,"R",43380,"A",,"R",544,"G",1446,"G",23,"G",1446,"G",23,2
188100,"R",149984,"A",,"A",,"G",4999,"A",,"G",4999,"A",,2
188137,"R",87957,"A",,"A",,"G",2932,"A",,"G",2932,"A",,2
188146,"R",12715,"A",,"R",30,"G",424,"G",1,"G",424,"G",1,2
188182,"R",7304,"A",,"R",3526,"G",243,"G",147,"G",243,"G",147,2
188207,"A",,"A",,"R",4625,"A",,"G",128,"A",,"G",128,-2
188216,"R",16915,"A",,"A",,"G",564,"A",,"G",564,"A",,2
188225,"R",28535,"A",,"A",,"G",951,"A",,"G",951,"A",,2
188261,"R",23490,"A",,"A",,"G",783,"A",,"R",783,"A",,2
188304,"R",62583,"A",,"R",8014,"G",2086,"G",334,"G",2086,"G",334,2
188340,"R",43366,"A",,"R",342,"G",1446,"G",14,"G",1446,"G",14,2
188429,"R",137462,"A",,"R",66020,"G",4582,"G",2751,"G",4582,"G",2751,2
188438,"R",85466,"A",,"A",,"G",2849,"A",,"G",2849,"A",,2
188465,"R",15653,"R",234990,"A",,"G",783,"A",,"G",783,"A",,3
188517,"R",27089,"A",,"A",,"G",903,"A",,"G",903,"A",,2
188526,"R",37343,"A",,"R",16653,"G",1245,"G",694,"R",1114,"R",472,2
188535,"A",,"A",,"R",22686,"A",,"G",945,"A",,"G",945,-2
188580,"A",,"A",,"R",27240,"A",,"G",1135,"A",,"G",1135,-2
188641,"R",57841,"A",,"R",11764,"G",1928,"G",490,"G",1928,"G",490,2
188650,"A",,"R",764230,"A",,"G",849,"A",,"G",849,"A",,1
188669,"R",2880,"A",,"A",,"G",96,"A",,"G",96,"A",,2
188678,"R",7500,"A",,"A",,"G",250,"A",,"G",250,"A",,2
188687,"R",10259,"A",,"A",,"G",342,"A",,"G",342,"A",,2
188696,"A",,"R",133200,"A",,"G",148,"A",,"G",148,"A",,1
188854,"A",,"R",1314000,"A",,"G",1460,"A",,"G",1460,"A",,1
188890,"A",,"R",1584612,"A",,"G",1761,"A",,"G",1761,"A",,1
188915,"R",1915,"A",,"A",,"G",64,"A",,"G",64,"A",,2
188942,"R",2449,"A",,"A",,"G",82,"A",,"G",82,"A",,2
188988,"A",,"R",279040,"A",,"G",310,"A",,"G",310,"A",,1
189015,"A",,"A",,"R",17610,"A",,"G",734,"A",,"G",734,-2
189088,"R",79293,"A",,"R",8283,"G",2643,"G",345,"G",2643,"G",345,2
189097,"R",69760,"A",,"A",,"G",2325,"A",,"G",2325,"A",,2
189219,"A",,"R",103512,"A",,"G",115,"A",,"G",115,"A",,1
189228,"R",254363,"A",,"A",,"G",5653,"A",,"G",5653,"A",,2
189264,"R",1908,"A",,"A",,"G",64,"A",,"G",64,"A",,2
189273,"R",1128,"A",,"R",210,"G",38,"G",9,"G",38,"G",9,2
189282,"R",5047,"A",,"A",,"G",168,"A",,"G",168,"A",,2
189404,"A",,"R",112540,"A",,"G",125,"A",,"G",125,"A",,1
189413,"A",,"R",1238261,"R",2368,"G",1376,"G",99,"G",1376,"G",99,1
189422,"R",32593,"A",,"A",,"G",1086,"A",,"G",1086,"A",,2
189459,"R",62207,"A",,"A",,"G",2074,"A",,"G",2074,"A",,2
189468,"A",,"R",156976,"A",,"G",174,"A",,"G",174,"A",,1
189477,"A",,"R",289000,"A",,"G",321,"A",,"G",321,"A",,1
189501,"A",,"A",,"R",41118,"A",,"G",1713,"A",,"G",1713,-2
189547,"R",154853,"A",,"A",,"G",5162,"A",,"G",5162,"A",,2
189556,"R",15825,"A",,"A",,"G",528,"A",,"G",528,"A",,2
189565,"R",19782,"A",,"A",,"G",659,"A",,"G",659,"A",,2
189574,"R",23599,"A",,"A",,"G",787,"A",,"G",787,"A",,2
189583,"R",27850,"A",,"A",,"G",928,"A",,"G",928,"A",,2
189592,"R",7331,"A",,"A",,"G",244,"A",,"G",244,"A",,2
189653,"R",4218,"A",,"A",,"G",94,"A",,"G",94,"A",,2
189705,"R",93264,"A",,"R",35386,"G",3109,"G",1474,"G",3109,"G",1474,2
189714,"A",,"R",228891,"A",,"G",254,"A",,"G",254,"A",,1
189811,"R",9600,"A",,"A",,"G",320,"A",,"G",320,"A",,2
189839,"R",105021,"A",,"A",,"G",3501,"A",,"G",3501,"A",,2
189848,"R",32472,"A",,"A",,"G",1082,"A",,"G",1082,"A",,2
189857,"R",19604,"A",,"R",1920,"G",653,"G",80,"G",653,"G",80,2
189954,"A",,"R",102000,"A",,"G",113,"A",,"R",85,"A",,1
189981,"A",,"A",,"R",737,"A",,"G",31,"A",,"G",31,-2
190008,"A",,"R",93314,"A",,"G",104,"A",,"G",104,"A",,1
190044,"R",86327,"A",,"R",9893,"G",2878,"G",412,"G",2878,"G",412,2
190053,"R",48915,"A",,"A",,"G",1631,"A",,"G",1631,"A",,2
190071,"R",4027,"A",,"A",,"G",134,"A",,"R",82,"A",,2
190080,"A",,"A",,"R",1519,"A",,"G",63,"A",,"G",63,-2
190099,"R",93038,"A",,"R",304,"G",3101,"G",13,"R",2875,"R",12,2
190114,"R",33130,"A",,"R",13831,"G",1104,"G",576,"G",1104,"G",576,2
190150,"R",245280,"A",,"R",389664,"G",8176,"G",16236,"G",8176,"G",16236,2
190169,"R",42263,"A",,"A",,"G",1409,"A",,"G",1409,"A",,2
190239,"A",,"R",335070,"A",,"G",372,"A",,"G",372,"A",,1
190248,"R",21884,"A",,"A",,"G",729,"A",,"G",729,"A",,2
190293,"A",,"R",89252,"A",,"G",99,"A",,"G",99,"A",,1
190309,"A",,"R",47120,"A",,"G",52,"A",,"G",52,"A",,1
190318,"A",,"R",296852,"A",,"G",330,"A",,"G",330,"A",,1
190372,"R",31126,"A",,"R",1922,"G",1038,"G",80,"G",1038,"G",80,2
190415,"R",438020,"A",,"R",165938,"G",14601,"G",6914,"G",14601,"G",6914,2
190424,"A",,"A",,"R",35112,"A",,"G",1463,"A",,"G",1463,-2
190442,"R",103542,"A",,"A",,"G",3451,"A",,"G",3451,"A",,2
190451,"R",5278,"A",,"A",,"G",176,"A",,"G",176,"A",,2
190503,"R",120646,"A",,"A",,"G",4022,"A",,"G",4022,"A",,2
190512,"R",364311,"A",,"R",71480,"G",12144,"G",2978,"G",12144,"G",2978,2
190521,"R",545058,"A",,"A",,"G",18169,"A",,"G",18169,"A",,2
190530,"R",246405,"A",,"A",,"G",8214,"A",,"G",8214,"A",,2
190549,"R",332706,"A",,"R",60374,"G",11090,"G",2516,"G",11090,"G",2516,2
190558,"R",319661,"A",,"R",15793,"G",10655,"G",658,"G",10655,"G",658,2
190567,"R",309590,"A",,"R",48134,"G",10320,"G",2006,"G",10320,"G",2006,2
190576,"R",19305,"A",,"R",56923,"G",644,"G",2372,"G",644,"G",2372,2
190585,"R",150144,"A",,"A",,"G",5005,"A",,"G",5005,"A",,2
190594,"R",392046,"A",,"R",112804,"G",13068,"G",4700,"G",13068,"G",4700,2
190600,"R",325247,"A",,"R",30698,"G",10842,"G",1279,"G",10842,"G",1279,2
190619,"R",419757,"A",,"A",,"G",13992,"A",,"G",13992,"A",,2
190628,"R",397796,"A",,"A",,"G",13260,"A",,"G",13260,"A",,2
190637,"R",233665,"A",,"R",36619,"G",7789,"G",1526,"G",7789,"G",1526,2
190646,"R",167306,"A",,"A",,"G",5577,"A",,"G",5577,"A",,2
190655,"R",352416,"A",,"A",,"G",11747,"A",,"G",11747,"A",,2
190664,"R",417481,"A",,"R",65895,"G",13916,"G",2746,"G",13916,"G",2746,2
190673,"R",346995,"A",,"A",,"G",11567,"A",,"G",11567,"A",,2
190682,"A",,"A",,"R",13123,"A",,"G",547,"A",,"G",547,-2
190691,"R",173488,"A",,"R",794,"G",5783,"G",33,"G",5783,"G",33,2
190707,"A",,"R",40144,"A",,"G",45,"A",,"R",26,"A",,1
190716,"R",55134,"A",,"R",26980,"G",1838,"G",1124,"G",1838,"G",1124,2
190725,"R",51870,"A",,"R",19700,"G",1729,"G",821,"G",1729,"G",821,2
190734,"R",300,"A",,"R",240,"G",10,"G",10,"G",10,"G",10,2
190761,"R",48431,"A",,"R",7336,"G",1614,"G",306,"G",1614,"G",306,2
190770,"R",70874,"A",,"R",29986,"G",2362,"G",1249,"G",2362,"G",1249,2
190840,"R",201240,"A",,"A",,"G",6708,"A",,"G",6708,"A",,2
190956,"R",2757,"A",,"A",,"G",92,"A",,"G",92,"A",,2
190974,"R",12653,"A",,"A",,"G",422,"A",,"G",422,"A",,2
190983,"R",44017,"A",,"R",3950,"G",1467,"G",165,"G",1467,"G",165,2
191083,"R",391461,"A",,"A",,"G",13049,"A",,"G",13049,"A",,2
191126,"R",268057,"A",,"R",3052,"G",8935,"G",127,"G",8935,"G",127,2
191199,"R",146973,"A",,"A",,"G",4899,"A",,"G",4899,"A",,2
191205,"R",30759,"A",,"R",1113,"G",1025,"G",46,"G",1025,"G",46,2
191241,"R",256783,"A",,"R",154126,"G",8559,"G",6422,"R",8319,"R",6370,2
191287,"A",,"R",537843,"A",,"G",598,"A",,"G",598,"A",,1
191302,"R",65748,"A",,"A",,"G",2192,"A",,"G",2192,"A",,2
191311,"A",,"R",133950,"A",,"G",149,"A",,"G",149,"A",,1
191320,"A",,"A",,"R",3387,"A",,"G",141,"A",,"G",141,-2
191339,"R",138592,"A",,"A",,"G",4620,"A",,"G",4620,"A",,2
191384,"R",10200,"A",,"A",,"G",340,"A",,"G",340,"A",,2
191393,"R",26280,"A",,"A",,"G",876,"A",,"G",876,"A",,2
191515,"R",54735,"A",,"A",,"G",1825,"A",,"G",1825,"A",,2
191533,"R",46171,"A",,"A",,"G",1539,"A",,"G",1539,"A",,2
191597,"R",16620,"A",,"A",,"G",369,"A",,"G",369,"A",,2
191612,"R",92533,"A",,"A",,"G",3084,"A",,"G",3084,"A",,2
191621,"R",27533,"A",,"A",,"G",918,"A",,"G",918,"A",,2
191630,"R",69408,"A",,"R",256,"G",2314,"G",11,"R",2114,"R",7,2
191649,"R",232302,"A",,"R",74447,"G",7743,"G",3102,"R",7434,"R",3722,2
191676,"R",37866,"A",,"R",285,"G",1262,"G",12,"G",1262,"G",12,2
191719,"R",309553,"A",,"A",,"G",10318,"A",,"G",10318,"A",,2
191728,"A",,"R",952432,"A",,"G",1058,"A",,"G",1058,"A",,1
191764,"R",2613,"A",,"A",,"G",87,"A",,"G",87,"A",,2
191834,"A",,"R",474283,"A",,"G",527,"A",,"G",527,"A",,1
191931,"R",100181,"A",,"R",21149,"G",3339,"G",881,"G",3339,"G",881,2
191940,"A",,"R",73339,"A",,"G",81,"A",,"G",81,"A",,1
191959,"R",4425,"A",,"A",,"G",148,"A",,"G",148,"A",,2
191968,"R",193101,"A",,"R",16190,"G",6437,"G",675,"G",6437,"G",675,2
191986,"R",115866,"A",,"A",,"G",3862,"A",,"G",3862,"A",,2
192004,"R",17394,"A",,"A",,"G",387,"A",,"G",387,"A",,2
192022,"R",83466,"A",,"A",,"G",2782,"A",,"G",2782,"A",,2
192040,"R",3909,"A",,"R",5198,"G",130,"G",217,"G",130,"G",217,2
192110,"R",19848,"A",,"R",9189,"G",662,"G",383,"G",662,"G",383,2
192156,"R",39205,"A",,"A",,"G",871,"A",,"G",871,"A",,2
192165,"R",3510,"A",,"A",,"G",117,"A",,"G",117,"A",,2
192192,"R",50080,"R",7632,"R",5515,"G",1678,"G",230,"G",1678,"G",230,3
192244,"R",690,"A",,"R",60,"G",23,"G",3,"G",23,"G",3,2
192271,"R",47818,"A",,"R",1987,"G",1594,"G",83,"G",1594,"G",83,2
192323,"R",77730,"A",,"R",13897,"G",2591,"G",579,"G",2591,"G",579,2
192439,"R",143407,"A",,"R",60316,"G",4780,"G",2513,"G",4780,"G",2513,2
192448,"R",149498,"A",,"R",49323,"G",4983,"G",2055,"G",4983,"G",2055,2
192475,"R",6072,"A",,"A",,"G",202,"A",,"G",202,"A",,2
192484,"A",,"R",156011,"A",,"G",173,"A",,"G",173,"A",,1
192509,"R",43001,"A",,"A",,"G",1433,"A",,"G",1433,"A",,2
192536,"A",,"R",61200,"A",,"G",68,"A",,"G",68,"A",,1
192554,"A",,"A",,"R",7554,"A",,"G",315,"A",,"G",315,-2
192563,"R",783,"A",,"R",8685,"G",26,"G",362,"G",26,"G",362,2
192624,"R",2736,"A",,"A",,"G",91,"A",,"G",91,"A",,2
192688,"R",39323,"A",,"A",,"G",1311,"A",,"G",1311,"A",,2
192703,"R",88761,"A",,"R",5456,"G",2959,"G",227,"G",2959,"G",227,2
192712,"R",12688,"A",,"R",15729,"G",423,"G",655,"R",400,"R",520,2
192749,"R",48054,"A",,"R",18692,"G",1602,"G",779,"G",1602,"G",779,2
192785,"R",16953,"A",,"A",,"G",565,"A",,"G",565,"A",,2
192800,"A",,"R",53760,"A",,"G",60,"A",,"R",42,"A",,1
192819,"R",151609,"A",,"R",15315,"G",5054,"G",638,"G",5054,"G",638,2
192828,"A",,"R",48736,"A",,"G",54,"A",,"G",54,"A",,1
192864,"R",55142,"A",,"A",,"G",1838,"A",,"G",1838,"A",,2
192925,"R",50557,"A",,"R",30559,"G",1685,"G",1273,"G",1685,"G",1273,2
192961,"R",2029,"A",,"A",,"G",68,"A",,"G",68,"A",,2
192970,"A",,"R",16185,"A",,"G",18,"A",,"G",18,"A",,1
193016,"R",162880,"A",,"R",71334,"G",5429,"G",2972,"G",5429,"G",2972,2
193052,"R",3880,"A",,"R",2790,"G",129,"G",116,"G",129,"G",116,2
193061,"R",1224,"A",,"R",144,"G",41,"G",6,"G",41,"G",6,2
193070,"R",1680,"A",,"R",728,"G",56,"G",30,"R",60,"R",26,2
193122,"A",,"R",137160,"A",,"G",152,"A",,"G",152,"A",,1
193186,"A",,"R",103419,"A",,"G",115,"A",,"G",115,"A",,1
193201,"R",27663,"A",,"A",,"G",922,"A",,"G",922,"A",,2
193247,"R",6058,"A",,"R",1790,"G",202,"G",75,"G",202,"G",75,2
193265,"A",,"R",108000,"A",,"G",120,"A",,"G",120,"A",,1
193283,"R",170300,"A",,"A",,"G",5677,"A",,"G",5677,"A",,2
193292,"R",96043,"A",,"R",13754,"G",3201,"G",573,"G",3201,"G",573,2
193308,"R",196864,"A",,"R",5690,"G",6562,"G",237,"G",6562,"G",237,2
193317,"R",87641,"A",,"R",5453,"G",2921,"G",227,"G",2921,"G",227,2
193326,"R",479313,"A",,"A",,"G",15977,"A",,"G",15977,"A",,2
193353,"R",58807,"A",,"R",7213,"G",1960,"G",301,"G",1960,"G",301,2
193380,"R",2226,"A",,"A",,"G",74,"A",,"G",74,"A",,2
193399,"R",43222,"A",,"R",3739,"G",1441,"G",156,"G",1441,"G",156,2
193405,"A",,"A",,"R",23810,"A",,"G",992,"A",,"G",992,-2
193478,"R",578865,"A",,"A",,"G",19296,"A",,"G",19296,"A",,2
193584,"R",63760,"A",,"R",22133,"G",2125,"G",922,"G",2125,"G",922,2
193609,"A",,"R",91580,"A",,"G",102,"A",,"G",102,"A",,1
193645,"R",106184,"A",,"R",15043,"G",3539,"G",627,"G",3539,"G",627,2
193654,"R",198258,"A",,"R",62530,"G",6609,"G",2605,"R",6609,"R",3474,2
193672,"A",,"R",82530,"A",,"G",92,"A",,"G",92,"A",,1
193751,"A",,"A",,"R",45846,"A",,"G",1910,"A",,"R",898,-2
193760,"A",,"R",702940,"A",,"G",781,"A",,"G",781,"A",,1
193788,"A",,"R",1399680,"A",,"G",1555,"A",,"G",1555,"A",,1
193821,"A",,"A",,"R",54304,"A",,"G",2263,"A",,"R",1810,-2
193830,"A",,"A",,"R",32544,"A",,"G",1356,"A",,"G",1356,-2
193858,"A",,"R",292040,"A",,"G",324,"A",,"G",324,"A",,1
193894,"A",,"A",,"R",5134,"A",,"G",214,"A",,"G",214,-2
193900,"R",723197,"A",,"R",509915,"G",24107,"G",21246,"G",24107,"G",21246,2
193946,"R",158078,"A",,"A",,"G",5269,"A",,"G",5269,"A",,2
193973,"R",91809,"A",,"R",19571,"G",3060,"G",815,"G",3060,"G",815,2
193991,"A",,"R",66461,"A",,"G",74,"A",,"G",74,"A",,1
194028,"R",40734,"A",,"A",,"G",1358,"A",,"G",1358,"A",,2
194073,"A",,"A",,"R",16984,"A",,"G",708,"A",,"G",708,-2
194091,"R",145244,"A",,"R",92682,"G",4841,"G",3862,"G",4841,"G",3862,2
194116,"R",10235,"A",,"R",3078,"G",341,"G",128,"G",341,"G",128,2
194161,"R",55333,"A",,"R",21825,"G",1844,"G",909,"G",1844,"G",909,2
194189,"R",3456,"A",,"A",,"G",115,"A",,"G",115,"A",,2
194204,"R",2536,"A",,"A",,"G",85,"A",,"G",85,"A",,2
194222,"R",251978,"A",,"A",,"G",8399,"A",,"G",8399,"A",,2
194240,"R",142585,"A",,"A",,"G",4753,"A",,"G",4753,"A",,2
194259,"A",,"R",52976,"A",,"G",59,"A",,"G",59,"A",,1
194310,"R",235040,"A",,"R",89137,"G",7835,"G",3714,"G",7835,"G",3714,2
194392,"R",30513,"A",,"A",,"G",1017,"A",,"G",1017,"A",,2
194435,"A",,"R",107868,"A",,"G",120,"A",,"G",120,"A",,1
194453,"A",,"R",107332,"A",,"G",119,"A",,"R",119,"A",,1
194499,"R",33915,"A",,"A",,"G",1131,"A",,"G",1131,"A",,2
194541,"R",53154,"A",,"R",42534,"G",1772,"G",1772,"G",1772,"G",1772,2
194569,"R",6472,"A",,"A",,"G",216,"A",,"G",216,"A",,2
194578,"R",91375,"A",,"R",36565,"G",3046,"G",1524,"G",3046,"G",1524,2
194611,"R",22607,"R",16123,"A",,"G",771,"A",,"G",771,"A",,3
194657,"R",4305,"A",,"R",2016,"G",144,"G",84,"G",144,"G",84,2
194666,"R",7800,"A",,"R",1410,"G",260,"G",59,"G",260,"G",59,2
194675,"R",1050,"A",,"R",288,"G",35,"G",12,"G",35,"G",12,2
194693,"R",1428,"A",,"A",,"G",48,"A",,"G",48,"A",,2
194718,"R",1352,"A",,"R",90,"G",45,"G",4,"G",45,"G",4,2
194736,"R",3720,"A",,"A",,"G",124,"A",,"G",124,"A",,2
194763,"R",7628,"A",,"R",7127,"G",254,"G",297,"G",254,"G",297,2
194824,"R",171756,"A",,"R",27905,"G",5725,"G",1163,"G",5725,"G",1163,2
194879,"A",,"R",166552,"A",,"G",185,"A",,"G",185,"A",,1
194958,"R",38304,"A",,"R",10629,"G",1277,"G",443,"G",1277,"G",443,2
194967,"R",50803,"A",,"A",,"G",1693,"A",,"R",1411,"A",,2
195003,"R",541115,"A",,"R",63098,"G",12025,"G",1753,"G",12025,"G",1753,2
195030,"R",191241,"A",,"R",82975,"G",6375,"G",3457,"G",6375,"G",3457,2
195049,"A",,"A",,"R",1158,"A",,"G",48,"A",,"G",48,-2
195058,"R",186839,"A",,"A",,"G",6228,"A",,"G",6228,"A",,2
195067,"A",,"R",1081312,"A",,"G",1201,"A",,"G",1201,"A",,1
195128,"R",40480,"A",,"R",24262,"G",1349,"G",1011,"R",1480,"R",939,2
195155,"A",,"A",,"R",1259,"A",,"G",52,"A",,"G",52,-2
195164,"R",57521,"A",,"R",11028,"G",1917,"G",460,"G",1917,"G",460,2
195173,"R",70679,"A",,"R",609,"G",2356,"G",25,"G",2356,"G",25,2
195191,"R",8865,"A",,"A",,"G",296,"A",,"G",296,"A",,2
195216,"R",70704,"A",,"R",1680,"G",2357,"G",70,"R",2293,"R",52,2
195234,"R",87366,"A",,"R",36125,"G",2912,"G",1505,"G",2912,"G",1505,2
195243,"R",36995,"A",,"R",2369,"G",1233,"G",99,"G",1233,"G",99,2
195289,"A",,"R",78743,"A",,"G",87,"A",,"G",87,"A",,1
195304,"R",36770,"A",,"R",8576,"G",1226,"G",357,"G",1226,"G",357,2
195322,"R",110588,"A",,"A",,"G",3686,"A",,"G",3686,"A",,2
195429,"A",,"A",,"R",1700,"A",,"G",71,"A",,"G",71,-2
195438,"R",6180,"A",,"R",432,"G",206,"G",18,"G",206,"G",18,2
195474,"R",97203,"A",,"R",654,"G",3240,"G",27,"G",3240,"G",27,2
195492,"R",647,"A",,"A",,"G",22,"A",,"G",22,"A",,2
195526,"R",86304,"A",,"R",356,"G",2877,"G",15,"G",2877,"G",15,2
195544,"R",133347,"A",,"R",10173,"G",4445,"G",424,"G",4445,"G",424,2
195571,"A",,"A",,"R",1959,"A",,"G",82,"A",,"G",82,-2
195580,"A",,"A",,"R",1182,"A",,"G",49,"A",,"G",49,-2
195623,"A",,"R",18480,"A",,"G",21,"A",,"G",21,"A",,1
195669,"A",,"R",39690,"A",,"G",44,"A",,"G",44,"A",,1
195687,"R",5014,"A",,"A",,"G",167,"A",,"G",167,"A",,2
195702,"A",,"R",26863,"A",,"G",30,"A",,"G",30,"A",,1
195720,"R",82873,"A",,"R",25737,"G",2762,"G",1072,"G",2762,"G",1072,2
195784,"A",,"R",226150,"A",,"G",251,"A",,"G",251,"A",,1
195793,"R",1690,"A",,"A",,"G",56,"A",,"R",26,"A",,2
195809,"R",395829,"A",,"R",107467,"G",13194,"G",4478,"G",13194,"G",4478,2
195845,"R",20763,"A",,"A",,"G",692,"A",,"G",692,"A",,2
195924,"A",,"R",370160,"A",,"G",411,"A",,"G",411,"A",,1
195933,"A",,"R",830240,"A",,"G",922,"A",,"G",922,"A",,1
195988,"R",39902,"A",,"A",,"G",1330,"A",,"G",1330,"A",,2
196006,"R",108057,"A",,"A",,"G",3602,"A",,"G",3602,"A",,2
196015,"R",89979,"A",,"A",,"G",2999,"A",,"G",2999,"A",,2
196024,"R",86857,"A",,"A",,"G",2895,"A",,"G",2895,"A",,2
196033,"R",76671,"A",,"A",,"G",2556,"A",,"G",2556,"A",,2
196042,"R",184320,"A",,"A",,"G",6144,"A",,"G",6144,"A",,2
196051,"R",92951,"A",,"A",,"G",3098,"A",,"G",3098,"A",,2
196060,"R",379533,"A",,"R",67679,"G",12651,"G",2820,"G",12651,"G",2820,2
196079,"R",375974,"A",,"R",48012,"G",12532,"G",2001,"G",12532,"G",2001,2
196088,"R",596648,"A",,"R",216139,"G",19888,"G",9006,"G",19888,"G",9006,2
196097,"R",503789,"A",,"R",151239,"G",16793,"G",6302,"R",16793,"R",6302,2
196103,"R",51816,"A",,"R",8135,"G",1727,"G",339,"G",1727,"G",339,2
196112,"R",52216,"A",,"R",8316,"G",1741,"G",347,"G",1741,"G",347,2
196121,"R",206568,"A",,"R",15901,"G",6886,"G",663,"G",6886,"G",663,2
196130,"R",279651,"A",,"R",30021,"G",9322,"G",1251,"G",9322,"G",1251,2
196149,"R",184544,"A",,"R",19080,"G",6151,"G",795,"G",6151,"G",795,2
196158,"R",165180,"A",,"R",5943,"G",5506,"G",248,"G",5506,"G",248,2
196167,"R",162668,"A",,"R",4865,"G",5422,"G",203,"G",5422,"G",203,2
196176,"R",196625,"A",,"R",17571,"G",6554,"G",732,"G",6554,"G",732,2
196185,"R",179213,"A",,"R",2918,"G",5974,"G",122,"G",5974,"G",122,2
196194,"R",215644,"A",,"R",12674,"G",7188,"G",528,"G",7188,"G",528,2
196200,"R",120786,"A",,"R",11464,"G",4026,"G",478,"G",4026,"G",478,2
196219,"R",127858,"A",,"R",3228,"G",4262,"G",135,"G",4262,"G",135,2
196228,"A",,"A",,"R",11740,"A",,"G",489,"A",,"R",300,-2
196237,"R",118504,"A",,"R",3126,"G",3950,"G",130,"G",3950,"G",130,2
196246,"R",173624,"A",,"R",10706,"G",5787,"G",446,"G",5787,"G",446,2
196255,"R",11611,"A",,"R",35261,"G",387,"G",1469,"G",387,"G",1469,2
196264,"R",267805,"A",,"R",11260,"G",8927,"G",469,"G",8927,"G",469,2
196291,"R",60792,"A",,"R",3397,"G",2026,"G",142,"G",2026,"G",142,2
196307,"R",8637,"A",,"R",39911,"G",288,"G",1663,"G",288,"G",1663,2
196389,"R",19915,"A",,"R",647,"G",664,"G",27,"G",664,"G",27,2
196413,"R",477094,"A",,"R",109201,"G",15903,"G",4550,"G",15903,"G",4550,2
196431,"R",10140,"A",,"A",,"G",338,"A",,"G",338,"A",,2
196440,"R",684,"A",,"R",168,"G",23,"G",7,"G",23,"G",7,2
196468,"A",,"A",,"R",91732,"A",,"G",3822,"A",,"G",3822,-2
196477,"R",154050,"A",,"A",,"G",5135,"A",,"G",5135,"A",,2
196565,"R",118058,"A",,"A",,"G",3935,"A",,"G",3935,"A",,2
196583,"R",6864,"A",,"C",0,"G",229,"A",,"G",229,"A",,2
196592,"R",255741,"A",,"R",187055,"G",8525,"G",7794,"G",8525,"G",7794,2
196653,"R",32511,"A",,"A",,"G",1084,"A",,"G",1084,"A",,2
196680,"R",87209,"A",,"R",9962,"G",2907,"G",415,"R",11778,"R",415,2
196699,"R",68354,"A",,"A",,"G",2278,"A",,"G",2278,"A",,2
196857,"A",,"R",2124060,"A",,"G",2360,"A",,"G",2360,"A",,1
196866,"R",64874,"A",,"A",,"G",2162,"A",,"G",2162,"A",,2
196884,"A",,"A",,"R",5520,"A",,"G",230,"A",,"G",230,-2
197018,"R",35736,"A",,"R",4224,"G",1191,"G",176,"G",1191,"G",176,2
197027,"R",45578,"A",,"R",102,"G",1519,"G",4,"G",1519,"G",4,2
197036,"R",173351,"A",,"A",,"G",5778,"A",,"R",4728,"A",,2
197045,"R",69580,"A",,"R",16470,"G",2319,"G",686,"G",2319,"G",686,2
197081,"R",14184,"A",,"A",,"G",473,"A",,"G",473,"A",,2
197133,"R",73831,"A",,"A",,"G",2461,"A",,"G",2461,"A",,2
197142,"R",12025,"A",,"A",,"G",401,"A",,"G",401,"A",,2
197151,"R",103571,"A",,"R",17266,"G",3452,"G",719,"R",3454,"R",576,2
197197,"R",51600,"A",,"R",7063,"G",1720,"G",294,"G",1720,"G",294,2
197221,"R",2830,"A",,"A",,"G",94,"A",,"G",94,"A",,2
197230,"R",16732,"A",,"A",,"G",558,"A",,"G",558,"A",,2
197285,"R",59148,"A",,"A",,"G",1972,"A",,"G",1972,"A",,2
197294,"R",309678,"A",,"A",,"G",10323,"A",,"G",10323,"A",,2
197337,"A",,"R",70267,"A",,"G",78,"A",,"G",78,"A",,1
197522,"R",20912,"A",,"A",,"G",697,"A",,"G",697,"A",,2
197531,"A",,"R",537260,"A",,"G",597,"A",,"G",597,"A",,1
197601,"R",2460,"A",,"A",,"G",82,"A",,"G",82,"A",,2
197610,"R",2712,"A",,"R",240,"G",90,"G",10,"G",90,"G",10,2
197647,"R",3037,"A",,"R",1845,"G",101,"G",77,"G",101,"G",77,2
197674,"R",6810,"A",,"R",550,"G",227,"G",23,"G",227,"G",23,2
197692,"R",2096,"A",,"R",420,"G",70,"G",18,"G",70,"G",18,2
197708,"R",80337,"A",,"R",87221,"G",2678,"G",3634,"G",2678,"G",3634,2
197735,"R",11368,"A",,"R",3920,"G",379,"G",163,"G",379,"G",163,2
197744,"R",4935,"A",,"R",870,"G",165,"G",36,"G",165,"G",36,2
197814,"R",63448,"A",,"A",,"G",2115,"A",,"G",2115,"A",,2
197832,"R",55846,"A",,"A",,"G",1241,"A",,"G",1241,"A",,2
197850,"R",56747,"A",,"A",,"G",1892,"A",,"G",1892,"A",,2
197869,"R",458919,"A",,"R",38704,"G",15297,"G",1613,"G",15297,"G",1613,2
197887,"R",194665,"A",,"A",,"G",6489,"A",,"G",6489,"A",,2
197911,"R",33017,"A",,"R",1043,"G",1101,"G",43,"G",1101,"G",43,2
197966,"R",51780,"A",,"A",,"G",1726,"A",,"G",1726,"A",,2
197984,"R",47803,"A",,"A",,"G",1593,"A",,"G",1593,"A",,2
197993,"R",21889,"A",,"A",,"G",730,"A",,"R",738,"A",,2
198011,"R",48785,"A",,"A",,"G",1626,"A",,"R",1548,"A",,2
198039,"R",63720,"A",,"A",,"G",2124,"A",,"G",2124,"A",,2
198066,"R",18437,"A",,"A",,"G",615,"A",,"G",615,"A",,2
198075,"A",,"R",144000,"A",,"G",160,"A",,"G",160,"A",,1
198084,"R",37400,"A",,"A",,"G",1247,"A",,"G",1247,"A",,2
198109,"R",10338,"A",,"A",,"G",345,"A",,"G",345,"A",,2
198118,"R",131970,"A",,"A",,"G",4399,"A",,"G",4399,"A",,2
198136,"R",130772,"A",,"R",42338,"G",4359,"G",1764,"G",4359,"G",1764,2
198154,"R",268770,"A",,"A",,"G",8959,"A",,"G",8959,"A",,2
198190,"A",,"R",63714,"A",,"G",71,"A",,"G",71,"A",,1
198206,"A",,"R",1361619,"A",,"G",1513,"A",,"G",1513,"A",,1
198215,"R",36765,"A",,"R",348,"G",1226,"G",15,"G",1226,"G",15,2
198233,"R",143891,"A",,"A",,"G",4796,"A",,"R",4796,"A",,2
198242,"R",12656,"A",,"A",,"G",281,"A",,"G",281,"A",,2
198251,"R",124720,"A",,"A",,"G",4157,"A",,"G",4157,"A",,2
198260,"R",479498,"A",,"A",,"G",15983,"A",,"R",16535,"A",,2
198303,"R",34142,"A",,"R",552,"G",1138,"G",23,"G",1138,"G",23,2
198321,"R",91936,"A",,"A",,"G",3065,"A",,"G",3065,"A",,2
198330,"R",145627,"A",,"A",,"G",4854,"A",,"G",4854,"A",,2
198367,"R",81025,"A",,"A",,"G",2701,"A",,"R",3181,"A",,2
198376,"R",117960,"A",,"A",,"G",3932,"A",,"G",3932,"A",,2
198385,"R",56544,"A",,"A",,"G",1885,"A",,"R",1901,"A",,2
198419,"R",244321,"A",,"R",183943,"G",8144,"G",7664,"G",8144,"G",7664,2
198455,"R",128765,"A",,"A",,"G",4292,"A",,"G",4292,"A",,2
198464,"R",625373,"A",,"R",109516,"G",20846,"G",4563,"G",20846,"G",4563,2
198491,"R",79964,"A",,"A",,"G",2665,"A",,"R",2750,"A",,2
198507,"R",99995,"A",,"R",1190,"G",3333,"G",50,"G",3333,"G",50,2
198516,"R",178670,"A",,"R",20680,"G",5956,"G",862,"G",5956,"G",862,2
198525,"A",,"R",97600,"A",,"G",108,"A",,"G",108,"A",,1
198534,"R",275129,"A",,"A",,"G",9171,"A",,"G",9171,"A",,2
198543,"R",142295,"A",,"R",12428,"G",4743,"G",518,"G",4743,"G",518,2
198552,"R",247231,"A",,"A",,"G",8241,"A",,"G",8241,"A",,2
198561,"R",82815,"A",,"R",26110,"G",2761,"G",1088,"G",2761,"G",1088,2
198570,"R",120442,"A",,"A",,"G",4015,"A",,"G",4015,"A",,2
198598,"R",29152,"A",,"R",1533,"G",972,"G",64,"G",972,"G",64,2
198613,"R",82808,"A",,"A",,"G",2760,"A",,"G",2760,"A",,2
198622,"R",412290,"A",,"A",,"G",13743,"A",,"G",13743,"A",,2
198631,"A",,"R",106728,"A",,"G",119,"A",,"G",119,"A",,1
198640,"R",45664,"A",,"A",,"G",1522,"A",,"G",1522,"A",,2
198668,"R",64096,"A",,"A",,"G",2137,"A",,"G",2137,"A",,2
198677,"R",1544,"A",,"A",,"G",51,"A",,"G",51,"A",,2
198695,"R",111382,"A",,"R",4752,"G",3713,"G",198,"G",3713,"G",198,2
198710,"R",79680,"A",,"A",,"G",2656,"A",,"G",2656,"A",,2
198729,"R",36574,"A",,"A",,"G",1219,"A",,"G",1219,"A",,2
198747,"R",4783,"A",,"R",1281,"G",159,"G",53,"G",159,"G",53,2
198756,"R",45722,"A",,"A",,"G",1524,"A",,"G",1524,"A",,2
198774,"R",111870,"A",,"A",,"G",3729,"A",,"G",3729,"A",,2
198808,"R",25751,"A",,"A",,"G",858,"A",,"G",858,"A",,2
198817,"R",96523,"A",,"A",,"G",3217,"A",,"G",3217,"A",,2
198835,"R",47636,"A",,"R",5481,"G",1588,"G",228,"G",1588,"G",228,2
198844,"A",,"R",165600,"A",,"G",184,"A",,"R",184,"A",,1
198862,"R",35871,"A",,"A",,"G",1196,"A",,"G",1196,"A",,2
198871,"R",20410,"A",,"A",,"G",680,"A",,"G",680,"A",,2
198899,"R",35519,"A",,"A",,"G",1184,"A",,"G",1184,"A",,2
198905,"R",19070,"A",,"A",,"G",636,"A",,"R",688,"A",,2
198914,"R",31680,"A",,"A",,"G",1056,"A",,"G",1056,"A",,2
198923,"R",38816,"A",,"A",,"G",1294,"A",,"G",1294,"A",,2
198941,"R",3901,"A",,"A",,"G",130,"A",,"G",130,"A",,2
198950,"R",54201,"A",,"R",4108,"G",1807,"G",171,"G",1807,"G",171,2
198969,"R",63163,"A",,"R",5936,"G",2105,"G",247,"R",2105,"R",167,2
198978,"R",57828,"A",,"A",,"G",1285,"A",,"G",1285,"A",,2
198987,"R",82441,"A",,"A",,"G",2748,"A",,"G",2748,"A",,2
198996,"A",,"R",9500,"A",,"G",11,"A",,"G",11,"A",,1
199005,"A",,"R",20500,"A",,"G",23,"A",,"G",23,"A",,1
199014,"A",,"R",39000,"A",,"G",43,"A",,"R",43,"A",,1
199023,"R",23219,"A",,"A",,"G",774,"A",,"R",787,"A",,2
199032,"R",23028,"A",,"R",3609,"G",768,"G",150,"G",768,"G",150,2
199069,"R",102872,"A",,"A",,"G",3429,"A",,"G",3429,"A",,2
199078,"A",,"R",66750,"A",,"G",74,"A",,"G",74,"A",,1
199087,"R",71606,"A",,"A",,"G",2387,"A",,"G",2387,"A",,2
199102,"R",275047,"A",,"R",28225,"G",9168,"G",1176,"G",9168,"G",1176,2
199111,"R",103817,"A",,"R",526,"G",3461,"G",22,"G",3461,"G",22,2
199120,"R",546353,"A",,"R",256813,"G",18212,"G",10701,"G",18212,"G",10701,2
199139,"R",555282,"A",,"R",77045,"G",18509,"G",3210,"G",18509,"G",3210,2
199148,"R",433203,"A",,"R",59949,"G",14440,"G",2498,"G",14440,"G",2498,2
199157,"R",192005,"A",,"R",43706,"G",6400,"G",1821,"G",6400,"G",1821,2
199184,"R",27210,"A",,"R",3539,"G",907,"G",147,"G",907,"G",147,2
199193,"R",732165,"A",,"R",152248,"G",24406,"G",6344,"G",24406,"G",6344,2
199209,"R",35455,"A",,"A",,"G",1182,"A",,"G",1182,"A",,2
199218,"R",345614,"A",,"R",20862,"G",11520,"G",869,"G",11520,"G",869,2
199263,"R",14142,"A",,"A",,"G",471,"A",,"G",471,"A",,2
199272,"R",20967,"A",,"A",,"G",699,"A",,"G",699,"A",,2
199281,"R",166282,"A",,"R",11435,"G",5543,"G",476,"G",5543,"G",476,2
199306,"R",30129,"A",,"R",15636,"G",1004,"G",652,"G",1004,"G",652,2
199315,"R",8013,"A",,"R",1545,"G",267,"G",64,"G",267,"G",64,2
199324,"R",63180,"A",,"A",,"G",2106,"A",,"G",2106,"A",,2
199333,"R",256385,"A",,"A",,"G",8546,"A",,"G",8546,"A",,2
199412,"R",54605,"A",,"R",10432,"G",1820,"G",435,"G",1820,"G",435,2
199421,"R",79200,"A",,"A",,"G",2640,"A",,"G",2640,"A",,2
199449,"R",59018,"A",,"A",,"G",1967,"A",,"G",1967,"A",,2
199458,"R",4246,"A",,"A",,"G",142,"A",,"G",142,"A",,2
199467,"R",20279,"A",,"A",,"G",676,"A",,"G",676,"A",,2
199476,"R",52186,"A",,"A",,"G",1740,"A",,"G",1740,"A",,2
199485,"R",66012,"A",,"A",,"G",2200,"A",,"G",2200,"A",,2
199494,"R",200326,"A",,"A",,"G",6678,"A",,"G",6678,"A",,2
199582,"R",49807,"A",,"A",,"G",1660,"A",,"G",1660,"A",,2
199607,"R",25806,"A",,"R",2969,"G",860,"G",124,"G",860,"G",124,2
199625,"R",34234,"A",,"A",,"G",1141,"A",,"G",1141,"A",,2
199634,"R",120300,"A",,"A",,"G",4010,"A",,"G",4010,"A",,2
199643,"R",70229,"A",,"R",3209,"G",2341,"G",134,"G",2341,"G",134,2
199689,"A",,"R",149618,"A",,"G",166,"A",,"G",166,"A",,1
199698,"R",12981,"A",,"A",,"G",433,"A",,"G",433,"A",,2
199713,"A",,"R",256828,"A",,"G",285,"A",,"G",285,"A",,1
199722,"R",60755,"A",,"A",,"G",2025,"A",,"G",2025,"A",,2
199731,"R",69480,"A",,"A",,"G",2316,"A",,"G",2316,"A",,2
199740,"R",81233,"A",,"A",,"G",2708,"A",,"G",2708,"A",,2
199768,"R",86395,"A",,"A",,"G",2880,"A",,"R",2989,"A",,2
199786,"R",133626,"A",,"A",,"G",4454,"A",,"G",4454,"A",,2
199795,"R",30481,"A",,"A",,"G",1016,"A",,"R",1204,"A",,2
199838,"R",105312,"A",,"A",,"G",3510,"A",,"G",3510,"A",,2
199847,"R",134853,"A",,"R",74104,"G",4495,"G",3088,"G",4495,"G",3088,2
199856,"R",433601,"A",,"A",,"G",14453,"A",,"G",14453,"A",,2
199865,"R",28265,"A",,"R",2100,"G",942,"G",88,"G",942,"G",88,2
199883,"R",4420,"A",,"A",,"G",147,"A",,"G",147,"A",,2
199892,"R",106440,"A",,"A",,"G",3548,"A",,"G",3548,"A",,2
199908,"R",65407,"A",,"A",,"G",2180,"A",,"G",2180,"A",,2
199926,"R",76059,"A",,"A",,"G",2535,"A",,"G",2535,"A",,2
199953,"R",62069,"A",,"A",,"G",2069,"A",,"G",2069,"A",,2
199962,"R",49103,"A",,"R",19480,"G",1637,"G",812,"G",1637,"G",812,2
199971,"R",1720,"A",,"A",,"G",57,"A",,"G",57,"A",,2
199980,"A",,"R",68000,"A",,"G",76,"A",,"G",76,"A",,1
199999,"R",173058,"A",,"R",11401,"G",5769,"G",475,"G",5769,"G",475,2
200004,"R",213919,"A",,"R",33912,"G",7131,"G",1413,"G",7131,"G",1413,2
200013,"R",71544,"A",,"A",,"G",1590,"A",,"G",1590,"A",,2
200022,"R",90676,"A",,"A",,"G",3023,"A",,"G",3023,"A",,2
200059,"R",60777,"A",,"A",,"G",2026,"A",,"G",2026,"A",,2
200086,"R",5475,"A",,"A",,"G",183,"A",,"G",183,"A",,2
200110,"A",,"R",125000,"A",,"G",139,"A",,"G",139,"A",,1
200129,"A",,"R",55518,"A",,"G",62,"A",,"G",62,"A",,1
200156,"R",28737,"A",,"R",102,"G",958,"G",4,"G",958,"G",4,2
200165,"A",,"R",85000,"A",,"G",94,"A",,"G",94,"A",,1
200192,"R",31980,"A",,"A",,"G",1066,"A",,"G",1066,"A",,2
200208,"R",6218,"A",,"A",,"G",207,"A",,"G",207,"A",,2
200217,"R",67763,"A",,"R",23946,"G",2259,"G",998,"G",2259,"G",998,2
200226,"R",21938,"A",,"A",,"G",731,"A",,"R",704,"A",,2
200244,"R",3045,"A",,"A",,"G",102,"A",,"G",102,"A",,2
200253,"R",86910,"A",,"R",5782,"G",2897,"G",241,"G",2897,"G",241,2
200262,"A",,"R",25600,"A",,"G",28,"A",,"G",28,"A",,1
200280,"R",305954,"A",,"R",68932,"G",10198,"G",2872,"G",10198,"G",2872,2
200305,"R",66702,"A",,"A",,"G",2223,"A",,"G",2223,"A",,2
200314,"R",14923,"A",,"A",,"G",497,"A",,"G",497,"A",,2
200332,"R",338484,"A",,"R",47709,"G",11283,"G",1988,"G",11283,"G",1988,2
200341,"R",16978,"A",,"A",,"G",566,"A",,"G",566,"A",,2
200387,"A",,"R",72120,"A",,"G",80,"A",,"G",80,"A",,1
200466,"R",8482,"A",,"A",,"G",283,"A",,"G",283,"A",,2
200484,"R",7891,"A",,"A",,"G",263,"A",,"G",263,"A",,2
200527,"R",21025,"A",,"A",,"G",701,"A",,"G",701,"A",,2
200554,"R",20364,"A",,"A",,"G",679,"A",,"G",679,"A",,2
200572,"R",27992,"A",,"R",1956,"G",933,"G",82,"G",933,"G",82,2
200590,"R",13000,"A",,"A",,"G",433,"A",,"G",433,"A",,2
200624,"R",3024,"A",,"A",,"G",67,"A",,"G",67,"A",,2
200633,"R",14994,"A",,"A",,"G",333,"A",,"G",333,"A",,2
200697,"A",,"A",,"R",33156,"A",,"G",921,"A",,"G",921,-2
200785,"R",30420,"A",,"A",,"G",1014,"A",,"G",1014,"A",,2
200800,"R",592491,"A",,"R",92873,"G",19750,"G",3870,"G",19750,"G",3870,2
200828,"A",,"R",56026,"A",,"G",62,"A",,"G",62,"A",,1
200846,"R",44837,"A",,"A",,"G",1495,"A",,"G",1495,"A",,2
200873,"R",1223,"A",,"A",,"G",41,"A",,"G",41,"A",,2
201016,"R",15879,"A",,"A",,"G",353,"A",,"G",353,"A",,2
201034,"A",,"R",379931,"A",,"G",422,"A",,"G",422,"A",,1
201061,"R",6266,"A",,"R",106,"G",209,"G",4,"R",209,"R",9,2
201098,"A",,"R",109900,"A",,"G",122,"A",,"G",122,"A",,1
201104,"R",92059,"A",,"R",61651,"G",3069,"G",2569,"G",3069,"G",2569,2
201131,"A",,"R",111268,"A",,"G",124,"A",,"G",124,"A",,1
201140,"R",1460,"A",,"R",2053,"G",32,"G",57,"G",32,"G",57,2
201159,"A",,"R",134519,"A",,"G",149,"A",,"R",250,"A",,1
201177,"R",5322,"A",,"A",,"G",177,"A",,"G",177,"A",,2
201195,"R",102297,"A",,"R",10987,"G",3410,"G",458,"G",3410,"G",458,2
201283,"R",88119,"A",,"A",,"G",1958,"A",,"G",1958,"A",,2
201371,"R",28360,"A",,"R",2602,"G",945,"G",108,"G",945,"G",108,2
201399,"A",,"R",316354,"A",,"G",352,"A",,"G",352,"A",,1
201432,"R",54077,"A",,"A",,"G",1803,"A",,"G",1803,"A",,2
201441,"R",431170,"A",,"R",61029,"G",14372,"G",2543,"G",14372,"G",2543,2
201469,"R",36088,"A",,"A",,"G",1203,"A",,"G",1203,"A",,2
201478,"A",,"R",146510,"A",,"G",163,"A",,"G",163,"A",,1
201496,"A",,"R",327625,"A",,"G",364,"A",,"G",364,"A",,1
201539,"A",,"R",102108,"A",,"G",113,"A",,"G",113,"A",,1
201548,"R",82992,"A",,"R",21852,"G",2766,"G",911,"G",2766,"G",911,2
201584,"A",,"R",70200,"A",,"G",78,"A",,"G",78,"A",,1
201609,"A",,"R",56179,"A",,"G",62,"A",,"G",62,"A",,1
201618,"A",,"R",28936,"A",,"G",32,"A",,"G",32,"A",,1
201627,"A",,"R",76350,"A",,"G",85,"A",,"G",85,"A",,1
201645,"R",131664,"A",,"R",95976,"G",4389,"G",3999,"G",4389,"G",3999,2
201654,"R",96072,"A",,"R",697,"G",3202,"G",29,"G",3202,"G",29,2
201672,"R",161929,"A",,"A",,"G",3598,"A",,"G",3598,"A",,2
201681,"A",,"R",161100,"A",,"G",179,"A",,"G",179,"A",,1
201690,"R",67998,"A",,"R",640,"G",2267,"G",27,"G",2267,"G",27,2
201751,"R",9323,"A",,"A",,"G",311,"A",,"R",258,"A",,2
201803,"A",,"R",215000,"A",,"G",239,"A",,"G",239,"A",,1
201821,"R",8513,"A",,"A",,"G",284,"A",,"G",284,"A",,2
201858,"R",19508,"A",,"R",5439,"G",650,"G",227,"G",650,"G",227,2
201867,"R",6883,"A",,"A",,"G",153,"A",,"G",153,"A",,2
201885,"R",902810,"A",,"R",343893,"G",20062,"G",9553,"G",20062,"G",9553,2
201928,"R",468078,"A",,"A",,"G",10402,"A",,"G",10402,"A",,2
201946,"R",133041,"A",,"R",781,"G",2956,"G",22,"G",2956,"G",22,2
201955,"R",161954,"A",,"R",797,"G",3599,"G",22,"G",3599,"G",22,2
201964,"R",43081,"A",,"R",209,"G",1436,"G",9,"G",1436,"G",9,2
201973,"R",167452,"A",,"A",,"G",3721,"A",,"G",3721,"A",,2
201982,"A",,"R",61940,"A",,"G",69,"A",,"G",69,"A",,1
202046,"R",16600,"A",,"A",,"G",553,"A",,"G",553,"A",,2
202055,"A",,"R",375300,"A",,"G",417,"A",,"G",417,"A",,1
202073,"R",7644,"A",,"R",5096,"G",255,"G",212,"G",255,"G",212,2
202134,"R",300117,"A",,"R",108507,"G",10004,"G",4521,"G",10004,"G",4521,2
202152,"A",,"R",306554,"A",,"G",341,"A",,"G",341,"A",,1
202161,"R",33887,"A",,"A",,"G",1130,"A",,"R",986,"A",,2
202170,"R",39100,"A",,"R",333,"G",1303,"G",14,"R",1303,"R",11,2
202189,"R",23575,"A",,"A",,"G",786,"A",,"G",786,"A",,2
202222,"R",1027340,"A",,"A",,"G",22830,"A",,"G",22830,"A",,2
202268,"R",2412,"A",,"A",,"G",80,"A",,"G",80,"A",,2
202356,"R",653131,"A",,"A",,"G",21771,"A",,"G",21771,"A",,2
202435,"R",19857,"A",,"A",,"G",441,"A",,"G",441,"A",,2
202453,"A",,"R",82800,"A",,"G",92,"A",,"G",92,"A",,1
202480,"R",229533,"A",,"R",64502,"G",7651,"G",2688,"G",7651,"G",2688,2
202514,"R",27796,"A",,"R",1689,"G",927,"G",70,"G",927,"G",70,2
202523,"R",68075,"A",,"A",,"G",2269,"A",,"R",2222,"A",,2
202541,"R",143513,"A",,"A",,"G",4784,"A",,"R",3986,"A",,2
202611,"R",11712,"A",,"R",3153,"G",390,"G",131,"G",390,"G",131,2
202639,"A",,"R",202790,"A",,"G",225,"A",,"G",225,"A",,1
202648,"R",72768,"A",,"R",69,"G",2426,"G",3,"G",2426,"G",3,2
202657,"A",,"R",274614,"A",,"G",305,"A",,"G",305,"A",,1
202684,"R",27960,"A",,"A",,"G",932,"A",,"G",932,"A",,2
202736,"A",,"R",110831,"A",,"G",123,"A",,"G",123,"A",,1
202763,"R",97759,"A",,"R",25820,"G",3259,"G",1076,"G",3259,"G",1076,2
202806,"R",168697,"A",,"R",21283,"G",5623,"G",887,"G",5623,"G",887,2
202888,"A",,"R",62800,"A",,"G",70,"A",,"G",70,"A",,1
202903,"R",7448,"A",,"A",,"G",248,"A",,"G",248,"A",,2
202912,"R",7116,"A",,"A",,"G",237,"A",,"G",237,"A",,2
202949,"A",,"R",293053,"A",,"G",326,"A",,"G",326,"A",,1
202985,"A",,"R",110297,"A",,"G",123,"A",,"R",123,"A",,1
203030,"A",,"R",124200,"A",,"G",138,"A",,"G",138,"A",,1
203067,"A",,"A",,"R",9200,"A",,"G",383,"A",,"G",383,-2
203085,"R",36275,"A",,"R",3653,"G",1209,"G",152,"G",1209,"G",152,2
203128,"R",39521,"A",,"R",594,"G",1317,"G",25,"G",1317,"G",25,2
203146,"A",,"R",393505,"A",,"G",437,"A",,"G",437,"A",,1
203155,"R",254400,"A",,"A",,"G",5653,"A",,"G",5653,"A",,2
203225,"R",9507,"A",,"A",,"G",317,"A",,"G",317,"A",,2
203234,"A",,"R",142560,"A",,"G",158,"A",,"G",158,"A",,1
203289,"R",2766,"A",,"A",,"G",92,"A",,"G",92,"A",,2
203313,"R",21852,"A",,"A",,"G",486,"A",,"G",486,"A",,2
203331,"R",51074,"A",,"A",,"G",1702,"A",,"G",1702,"A",,2
203368,"R",87618,"A",,"R",12913,"G",2921,"G",538,"G",2921,"G",538,2
203386,"R",49465,"A",,"A",,"G",1099,"A",,"G",1099,"A",,2
203438,"A",,"R",104338,"A",,"G",116,"A",,"G",116,"A",,1
203447,"R",47247,"A",,"R",48,"G",1575,"G",2,"G",1575,"G",2,2
203456,"R",22538,"A",,"R",0,"G",751,"R",0,"G",751,"Z",0,2
203465,"R",100835,"A",,"R",662,"G",3361,"G",28,"G",3361,"G",28,2
203474,"R",58260,"A",,"R",117,"G",1942,"G",5,"G",1942,"G",5,2
203483,"R",55496,"A",,"R",140,"G",1850,"G",6,"G",1850,"G",6,2
203492,"R",38286,"A",,"R",3,"G",1276,"R",0,"G",1276,"Z",0,2
203517,"R",588356,"A",,"R",110639,"G",19612,"G",4610,"G",19612,"G",4610,2
203526,"R",34684,"A",,"R",98,"G",1156,"G",4,"G",1156,"G",4,2
203535,"R",55536,"A",,"A",,"G",1851,"A",,"G",1851,"A",,2
203544,"R",20859,"A",,"R",4242,"G",695,"G",177,"G",695,"G",177,2
203580,"R",29287,"A",,"R",2615,"G",976,"G",109,"G",976,"G",109,2
203599,"R",201596,"A",,"A",,"G",6720,"A",,"G",6720,"A",,2
203614,"A",,"R",368366,"A",,"G",409,"A",,"G",409,"A",,1
203678,"R",149243,"A",,"A",,"G",3317,"A",,"G",3317,"A",,2
203720,"R",19688,"A",,"A",,"G",438,"A",,"G",438,"A",,2
203739,"R",20364,"A",,"A",,"G",453,"A",,"G",453,"A",,2
203748,"R",261464,"A",,"A",,"G",8715,"A",,"G",8715,"A",,2
203757,"R",41085,"A",,"R",3093,"G",1370,"G",129,"G",1370,"G",129,2
203775,"R",58780,"A",,"R",9415,"G",1959,"G",392,"G",1959,"G",392,2
203845,"R",44814,"A",,"R",4325,"G",1494,"G",180,"G",1494,"G",180,2
203881,"R",85696,"A",,"A",,"G",1904,"A",,"G",1904,"A",,2
203942,"A",,"R",61482,"A",,"G",68,"A",,"G",68,"A",,1
203960,"R",26615,"A",,"A",,"G",887,"A",,"G",887,"A",,2
203997,"A",,"A",,"R",4615,"A",,"G",192,"A",,"G",192,-2
204006,"R",94192,"A",,"R",538,"G",3140,"G",22,"G",3140,"G",22,2
204015,"R",55714,"A",,"R",235,"G",1857,"G",10,"G",1857,"G",10,2
204024,"R",468045,"A",,"R",48199,"G",15602,"G",2008,"G",15602,"G",2008,2
204060,"R",24848,"A",,"A",,"G",552,"A",,"G",552,"A",,2
204121,"A",,"R",33500,"A",,"G",37,"A",,"G",37,"A",,1
204158,"A",,"R",270441,"A",,"G",300,"A",,"G",300,"A",,1
204176,"R",25548,"A",,"R",1220,"G",852,"G",51,"G",852,"G",51,2
204185,"R",68448,"A",,"R",1312,"G",2282,"G",55,"G",2282,"G",55,2
204194,"R",53244,"A",,"R",10356,"G",1775,"G",432,"G",1775,"G",432,2
204200,"R",50998,"A",,"R",11755,"G",1700,"G",490,"G",1700,"G",490,2
204255,"R",110742,"A",,"A",,"G",2461,"A",,"G",2461,"A",,2
204264,"R",45005,"A",,"R",10135,"G",1500,"G",422,"G",1500,"G",422,2
204307,"A",,"R",510053,"A",,"G",567,"A",,"G",567,"A",,1
204316,"R",50614,"A",,"A",,"G",1125,"A",,"G",1125,"A",,2
204334,"A",,"R",204225,"A",,"G",227,"A",,"G",227,"A",,1
204422,"R",108981,"A",,"A",,"G",2422,"A",,"G",2422,"A",,2
204431,"A",,"R",40500,"A",,"G",45,"A",,"G",45,"A",,1
204440,"R",95785,"A",,"A",,"G",3193,"A",,"G",3193,"A",,2
204459,"A",,"R",111911,"A",,"G",124,"A",,"G",124,"A",,1
204468,"R",43077,"A",,"R",4913,"G",1436,"G",205,"G",1436,"G",205,2
204477,"A",,"A",,"R",36113,"A",,"G",1505,"A",,"G",1505,-2
204486,"R",198134,"A",,"R",972,"G",4403,"G",27,"G",4403,"G",27,2
204501,"R",83143,"A",,"R",377,"G",2771,"G",16,"G",2771,"G",16,2
204547,"A",,"A",,"R",15304,"A",,"G",638,"A",,"G",638,-2
204592,"R",1762,"A",,"A",,"G",59,"A",,"G",59,"A",,2
204608,"A",,"R",1323900,"A",,"G",1471,"A",,"G",1471,"A",,1
204617,"R",58399,"A",,"R",13310,"G",1947,"G",555,"G",1947,"G",555,2
204626,"R",33949,"A",,"A",,"G",1132,"A",,"G",1132,"A",,2
204635,"R",113975,"A",,"R",57101,"G",2533,"G",1586,"R",2437,"R",991,2
204662,"R",29062,"A",,"A",,"G",646,"A",,"G",646,"A",,2
204671,"R",57253,"A",,"R",3094,"G",1272,"G",86,"G",1272,"G",86,2
204680,"R",56799,"A",,"R",1723,"G",1262,"G",48,"G",1262,"G",48,2
204699,"R",73578,"A",,"R",2541,"G",1635,"G",71,"G",1635,"G",71,2
204705,"R",104253,"A",,"R",3062,"G",2317,"G",85,"G",2317,"G",85,2
204714,"A",,"R",244052,"A",,"G",271,"A",,"G",271,"A",,1
204723,"A",,"R",142603,"A",,"G",158,"A",,"G",158,"A",,1
204741,"A",,"R",28000,"A",,"G",31,"A",,"G",31,"A",,1
204769,"A",,"R",69000,"A",,"G",77,"A",,"G",77,"A",,1
204778,"A",,"R",73000,"A",,"G",81,"A",,"G",81,"A",,1
204796,"R",1986684,"A",,"R",580959,"G",44149,"G",16138,"G",44149,"G",16138,2
204802,"R",31778,"A",,"A",,"G",706,"A",,"G",706,"A",,2
204820,"R",96926,"A",,"A",,"G",2154,"A",,"G",2154,"A",,2
204839,"R",76520,"A",,"A",,"G",1700,"A",,"G",1700,"A",,2
204848,"R",84927,"A",,"A",,"G",1887,"A",,"G",1887,"A",,2
204857,"R",955363,"A",,"R",191900,"G",21230,"G",5331,"G",21230,"G",5331,2
204866,"R",68124,"A",,"A",,"G",1514,"A",,"G",1514,"A",,2
204884,"R",8933,"A",,"A",,"G",298,"A",,"G",298,"A",,2
204893,"R",3607,"A",,"A",,"G",120,"A",,"G",120,"A",,2
204909,"R",61121,"A",,"A",,"G",2037,"A",,"G",2037,"A",,2
204936,"R",113973,"A",,"R",9029,"G",2533,"G",251,"G",2533,"G",251,2
204945,"R",340524,"A",,"A",,"G",11351,"A",,"G",11351,"A",,2
204963,"A",,"R",231724,"A",,"G",257,"A",,"G",257,"A",,1
204981,"A",,"R",105000,"A",,"G",117,"A",,"R",117,"A",,1
204990,"A",,"A",,"R",3588,"A",,"G",150,"A",,"G",150,-2
205027,"R",2595,"A",,"R",1736,"G",87,"G",72,"G",87,"G",72,2
205054,"R",25953,"A",,"A",,"G",577,"A",,"G",577,"A",,2
205090,"R",2856,"A",,"A",,"G",95,"A",,"G",95,"A",,2
205124,"R",1792,"A",,"R",576,"G",60,"G",24,"G",60,"G",24,2
205142,"A",,"R",181500,"A",,"G",202,"A",,"G",202,"A",,1
205179,"R",138897,"A",,"A",,"G",4630,"A",,"G",4630,"A",,2
205203,"R",54607,"A",,"R",2967,"G",1820,"G",124,"G",1820,"G",124,2
205391,"R",6497,"A",,"A",,"G",144,"A",,"G",144,"A",,2
205443,"R",125577,"A",,"R",2331,"G",4186,"G",97,"G",4186,"G",97,2
205470,"R",734541,"A",,"A",,"G",16323,"A",,"G",16323,"A",,2
205513,"R",6295,"A",,"A",,"G",140,"A",,"G",140,"A",,2
205522,"R",14064,"A",,"A",,"G",313,"A",,"G",313,"A",,2
205531,"R",10039,"A",,"A",,"G",223,"A",,"G",223,"A",,2
205559,"R",6376,"A",,"A",,"G",142,"A",,"G",142,"A",,2
205568,"R",13214,"A",,"A",,"G",294,"A",,"G",294,"A",,2
205610,"R",88144,"A",,"A",,"G",1959,"A",,"G",1959,"A",,2
205647,"R",55820,"A",,"A",,"G",1240,"A",,"G",1240,"A",,2
205692,"R",18579,"A",,"A",,"G",413,"A",,"G",413,"A",,2
205708,"R",55564,"A",,"A",,"G",1235,"A",,"G",1235,"A",,2
205717,"R",50156,"A",,"A",,"G",1115,"A",,"G",1115,"A",,2
205726,"R",52406,"A",,"A",,"G",1165,"A",,"G",1165,"A",,2
205841,"R",256749,"A",,"A",,"G",8558,"A",,"G",8558,"A",,2
205887,"R",40489,"A",,"A",,"G",900,"A",,"G",900,"A",,2
205957,"R",63299,"A",,"R",11758,"G",2110,"G",490,"G",2110,"G",490,2
205966,"R",117884,"A",,"A",,"G",2620,"A",,"G",2620,"A",,2
206002,"R",2151,"A",,"A",,"G",48,"A",,"G",48,"A",,2
206011,"R",73783,"A",,"A",,"G",2459,"A",,"G",2459,"A",,2
206039,"A",,"R",66289,"A",,"G",74,"A",,"G",74,"A",,1
206048,"R",102217,"A",,"R",21217,"G",3407,"G",884,"G",3407,"G",884,2
206084,"R",504450,"A",,"R",140937,"G",16815,"G",5872,"G",16815,"G",5872,2
206093,"R",25634,"A",,"A",,"G",854,"A",,"G",854,"A",,2
206154,"R",1096,"A",,"A",,"G",37,"A",,"G",37,"A",,2
206172,"A",,"R",62570,"A",,"G",70,"A",,"G",70,"A",,1
206181,"A",,"R",155171,"A",,"G",172,"A",,"G",172,"A",,1
206215,"A",,"A",,"R",3445,"A",,"G",144,"A",,"G",144,-2
206224,"R",19845,"A",,"A",,"G",441,"A",,"G",441,"A",,2
206279,"R",31526,"A",,"R",8112,"G",1051,"G",338,"G",1051,"G",338,2
206288,"A",,"A",,"R",7257,"A",,"G",302,"A",,"G",302,-2
206321,"A",,"R",438200,"A",,"G",487,"A",,"G",487,"A",,1
206330,"R",37739,"A",,"R",3721,"G",1258,"G",155,"G",1258,"G",155,2
206349,"R",26044,"A",,"R",9335,"G",868,"G",389,"G",868,"G",389,2
206358,"A",,"R",56700,"A",,"G",63,"A",,"G",63,"A",,1
206394,"R",10556,"A",,"A",,"G",235,"A",,"G",235,"A",,2
206419,"A",,"R",73609,"A",,"G",82,"A",,"G",82,"A",,1
206428,"A",,"R",37562,"A",,"G",42,"A",,"G",42,"A",,1
206437,"R",64075,"A",,"R",11935,"G",2136,"G",497,"G",2136,"G",497,2
206446,"R",85972,"A",,"A",,"G",1910,"A",,"G",1910,"A",,2
206482,"A",,"R",441030,"A",,"G",490,"A",,"G",490,"A",,1
206491,"R",22240,"A",,"R",204,"G",741,"G",9,"G",741,"G",9,2
206507,"R",42532,"A",,"R",981,"G",1418,"G",41,"G",1418,"G",41,2
206516,"A",,"A",,"R",1299,"A",,"G",54,"A",,"G",54,-2
206525,"R",58929,"A",,"R",483,"G",1964,"G",20,"G",1964,"G",20,2
206589,"R",61311,"A",,"A",,"G",2044,"A",,"R",1965,"A",,2
206604,"R",580115,"A",,"R",126772,"G",12891,"G",3521,"G",12891,"G",3521,2
206613,"R",42699,"A",,"R",2155,"G",949,"G",60,"G",949,"G",60,2
206622,"R",130799,"A",,"R",46945,"G",4360,"G",1956,"G",4360,"G",1956,2
206631,"R",31076,"A",,"A",,"G",691,"A",,"G",691,"A",,2
206695,"R",348226,"A",,"R",28308,"G",11608,"G",1180,"R",11606,"R",943,2
206783,"A",,"R",55800,"A",,"G",62,"A",,"G",62,"A",,1
206817,"R",31492,"A",,"A",,"G",1050,"A",,"G",1050,"A",,2
206835,"R",28949,"A",,"R",1873,"G",965,"G",78,"G",965,"G",78,2
206862,"R",44055,"A",,"R",11893,"G",1469,"G",496,"G",1469,"G",496,2
206880,"A",,"R",159751,"A",,"G",178,"A",,"G",178,"A",,1
206905,"A",,"R",320250,"A",,"G",356,"A",,"G",356,"A",,1
206914,"R",138610,"A",,"R",7327,"G",4620,"G",305,"G",4620,"G",305,2
206923,"R",65224,"A",,"A",,"G",2174,"A",,"G",2174,"A",,2
206932,"R",3346,"A",,"A",,"G",112,"A",,"G",112,"A",,2
206941,"R",368786,"A",,"R",30965,"G",12293,"G",1290,"G",12293,"G",1290,2
206969,"A",,"R",22500,"A",,"G",25,"A",,"G",25,"A",,1
206996,"R",59578,"A",,"A",,"G",1986,"A",,"G",1986,"A",,2
207041,"R",106811,"A",,"R",17529,"G",3560,"G",730,"G",3560,"G",730,2
207050,"R",46762,"A",,"A",,"G",1559,"A",,"G",1559,"A",,2
207069,"R",49601,"A",,"A",,"G",1653,"A",,"G",1653,"A",,2
207087,"A",,"R",63845,"A",,"G",71,"A",,"G",71,"A",,1
207102,"A",,"R",67435,"A",,"G",75,"A",,"G",75,"A",,1
207157,"R",5718,"A",,"R",99,"G",191,"G",4,"G",191,"G",4,2
207166,"A",,"R",20000,"A",,"G",22,"A",,"G",22,"A",,1
207209,"R",61047,"A",,"R",9585,"G",2035,"G",399,"G",2035,"G",399,2
207236,"R",60915,"A",,"A",,"G",2031,"A",,"G",2031,"A",,2
207254,"R",49728,"A",,"A",,"G",1658,"A",,"G",1658,"A",,2
207263,"R",209736,"A",,"R",22495,"G",6991,"G",937,"G",6991,"G",937,2
207272,"A",,"R",49500,"A",,"G",55,"A",,"G",55,"A",,1
207281,"R",113782,"A",,"A",,"G",3793,"A",,"G",3793,"A",,2
207290,"R",60697,"A",,"A",,"G",2023,"A",,"G",2023,"A",,2
207306,"R",47756,"A",,"R",2702,"G",1592,"G",113,"G",1592,"G",113,2
207315,"A",,"A",,"R",8660,"A",,"G",361,"A",,"G",361,-2
207324,"R",51748,"A",,"R",7136,"G",1725,"G",297,"G",1725,"G",297,2
207342,"R",36607,"A",,"R",89974,"G",1220,"G",3749,"G",1220,"G",3749,2
207351,"R",37433,"A",,"A",,"G",1248,"A",,"G",1248,"A",,2
207388,"R",550323,"A",,"R",92865,"G",18344,"G",3869,"G",18344,"G",3869,2
207397,"R",170760,"A",,"A",,"G",5692,"A",,"G",5692,"A",,2
207403,"R",47245,"A",,"R",1294,"G",1575,"G",54,"G",1575,"G",54,2
207449,"R",293683,"A",,"A",,"G",9789,"A",,"G",9789,"A",,2
207458,"R",68699,"A",,"R",33424,"G",2290,"G",1393,"G",2290,"G",1393,2
207500,"R",533313,"A",,"R",110923,"G",17777,"G",4622,"G",17777,"G",4622,2
207537,"R",2250,"A",,"A",,"G",75,"A",,"G",75,"A",,2
207564,"R",94545,"A",,"A",,"G",3152,"A",,"G",3152,"A",,2
207582,"R",82481,"A",,"R",9314,"G",2749,"G",388,"G",2749,"G",388,2
207607,"A",,"R",308207,"A",,"G",342,"A",,"G",342,"A",,1
207625,"A",,"R",234334,"A",,"G",260,"A",,"G",260,"A",,1
207661,"R",101150,"A",,"A",,"G",3372,"A",,"G",3372,"A",,2
207670,"R",169440,"A",,"A",,"G",5648,"A",,"G",5648,"A",,2
207689,"R",17539,"A",,"R",950,"G",585,"G",40,"G",585,"G",40,2
207704,"A",,"R",144790,"A",,"G",161,"A",,"G",161,"A",,1
207722,"R",30533,"A",,"A",,"G",1018,"A",,"G",1018,"A",,2
207740,"R",46529,"A",,"A",,"G",1551,"A",,"G",1551,"A",,2
207786,"A",,"R",24500,"A",,"G",27,"A",,"G",27,"A",,1
207847,"R",97784,"A",,"R",6529,"G",3259,"G",272,"G",3259,"G",272,2
207856,"R",9669,"A",,"R",987,"G",322,"G",41,"G",322,"G",41,2
207865,"R",117134,"A",,"R",21055,"G",3904,"G",877,"G",3904,"G",877,2
207935,"R",403283,"A",,"A",,"G",13443,"A",,"G",13443,"A",,2
207962,"R",1792,"R",978465,"A",,"G",1147,"A",,"G",1147,"A",,3
207971,"R",93361,"A",,"R",22102,"G",3112,"G",921,"G",3112,"G",921,2
208017,"A",,"R",35529,"A",,"G",39,"A",,"G",39,"A",,1
208026,"A",,"R",185734,"A",,"G",206,"A",,"G",206,"A",,1
208035,"R",60747,"A",,"A",,"G",2025,"A",,"G",2025,"A",,2
208044,"A",,"R",32825,"A",,"G",36,"A",,"G",36,"A",,1
208053,"A",,"R",214573,"A",,"G",238,"A",,"G",238,"A",,1
208080,"A",,"R",74100,"A",,"G",82,"A",,"G",82,"A",,1
208123,"A",,"R",85320,"A",,"G",95,"A",,"G",95,"A",,1
208239,"R",74526,"A",,"A",,"G",1656,"A",,"G",1656,"A",,2
208248,"A",,"R",242691,"A",,"G",270,"A",,"G",270,"A",,1
208275,"R",86580,"A",,"A",,"G",1924,"A",,"G",1924,"A",,2
208318,"R",232795,"A",,"A",,"G",5173,"A",,"R",6436,"A",,2
208390,"A",,"R",9622931,"A",,"G",10692,"A",,"G",10692,"A",,1
208406,"A",,"R",4030836,"A",,"G",4479,"A",,"G",4479,"A",,1
208415,"R",39264,"A",,"A",,"G",873,"A",,"G",873,"A",,2
208433,"A",,"R",87786,"A",,"G",98,"A",,"G",98,"A",,1
208479,"A",,"R",741903,"A",,"G",824,"A",,"R",824,"A",,1
208488,"R",34062,"A",,"R",24906,"G",1135,"G",1038,"G",1135,"G",1038,2
208512,"R",12250,"A",,"A",,"G",408,"A",,"G",408,"A",,2
208637,"A",,"R",200445,"A",,"G",223,"A",,"G",223,"A",,1
208646,"R",127704,"A",,"R",8268,"G",2838,"G",230,"G",2838,"G",230,2
208655,"A",,"R",189418,"A",,"G",210,"A",,"G",210,"A",,1
208725,"R",3785,"A",,"A",,"G",126,"A",,"G",126,"A",,2
208822,"R",62884,"A",,"R",26067,"G",2096,"G",1086,"G",2096,"G",1086,2
208859,"A",,"R",61212,"A",,"G",68,"A",,"R",40,"A",,1
208965,"R",40724,"A",,"A",,"G",905,"A",,"G",905,"A",,2
209038,"A",,"R",6332041,"A",,"G",7036,"A",,"G",7036,"A",,1
209056,"R",63542,"A",,"R",38354,"G",2118,"G",1598,"G",2118,"G",1598,2
209065,"R",52013,"A",,"A",,"G",1734,"A",,"G",1734,"A",,2
209074,"R",239978,"A",,"A",,"G",5333,"A",,"G",5333,"A",,2
209083,"A",,"R",80430,"A",,"G",89,"A",,"G",89,"A",,1
209108,"R",27452,"A",,"R",26041,"G",610,"G",723,"G",610,"G",723,2
209153,"A",,"R",88740,"A",,"G",99,"A",,"R",58,"A",,1
209205,"A",,"R",180102,"A",,"G",200,"A",,"G",200,"A",,1
209241,"R",1552,"A",,"R",1255,"G",52,"G",52,"G",52,"G",52,2
209250,"A",,"R",4478820,"A",,"G",4976,"A",,"G",4976,"A",,1
209287,"R",17179,"A",,"R",6520,"G",573,"G",272,"G",573,"G",272,2
209296,"A",,"A",,"R",44155,"A",,"G",1227,"A",,"R",570,-2
209348,"R",1258,"A",,"A",,"G",42,"A",,"G",42,"A",,2
209409,"R",14474,"A",,"R",2982,"G",482,"G",124,"R",460,"R",143,2
209490,"R",23712,"A",,"R",85086,"G",527,"G",2364,"R",527,"R",1885,2
209506,"R",119420,"A",,"R",668,"G",2654,"G",19,"G",2654,"G",19,2
209533,"R",3218,"A",,"R",170,"G",107,"G",7,"G",107,"G",7,2
209542,"R",813527,"A",,"R",141038,"G",18078,"G",3918,"G",18078,"G",3918,2
209551,"R",862407,"A",,"R",146042,"G",19165,"G",4057,"G",19165,"G",4057,2
209603,"R",15920,"A",,"R",1654,"G",531,"G",69,"G",531,"G",69,2
209612,"R",55235,"A",,"R",79924,"G",1841,"G",3330,"R",1556,"R",1581,2
209667,"A",,"R",81792,"A",,"G",91,"A",,"R",53,"A",,1
209676,"A",,"R",162636,"A",,"G",181,"A",,"R",111,"A",,1
209694,"A",,"R",88188,"A",,"G",98,"A",,"R",64,"A",,1
209700,"A",,"R",118068,"A",,"G",131,"A",,"G",131,"A",,1
209719,"A",,"R",42487,"A",,"G",47,"A",,"G",47,"A",,1
209746,"R",1015833,"A",,"A",,"G",22574,"A",,"G",22574,"A",,2
209807,"R",787729,"A",,"R",166205,"G",17505,"G",4617,"G",17505,"G",4617,2
209825,"R",106919,"A",,"R",12001,"G",3564,"G",500,"G",3564,"G",500,2
209922,"R",39780,"A",,"R",266,"G",1326,"G",11,"G",1326,"G",11,2
209940,"R",128325,"R",978825,"A",,"G",3939,"A",,"G",3939,"A",,3
209986,"A",,"R",43988,"A",,"G",49,"A",,"G",49,"A",,1
210076,"R",106071,"A",,"A",,"G",3536,"A",,"G",3536,"A",,2
210100,"A",,"R",135962,"A",,"G",151,"A",,"G",151,"A",,1
210146,"R",187974,"A",,"R",18565,"G",4177,"G",516,"G",4177,"G",516,2
210155,"R",74028,"A",,"A",,"G",1645,"A",,"G",1645,"A",,2
210234,"R",104767,"A",,"A",,"G",2328,"A",,"G",2328,"A",,2
210270,"R",124239,"A",,"A",,"G",2761,"A",,"G",2761,"A",,2
210304,"R",39965,"A",,"R",3818,"G",1332,"G",159,"G",1332,"G",159,2
210331,"R",27789,"A",,"R",3379,"G",926,"G",141,"G",926,"G",141,2
210340,"A",,"R",105655,"A",,"G",117,"A",,"G",117,"A",,1
210359,"R",28618,"A",,"A",,"G",954,"A",,"R",779,"A",,2
210368,"A",,"A",,"R",9529,"A",,"G",397,"A",,"G",397,-2
210401,"R",59040,"A",,"R",24870,"G",1968,"G",1036,"G",1968,"G",1036,2
210429,"R",209592,"A",,"R",19908,"G",4658,"G",553,"G",4658,"G",553,2
210438,"R",1560,"A",,"R",57709,"G",35,"G",1603,"G",35,"G",1603,2
210456,"R",9108,"A",,"A",,"G",304,"A",,"G",304,"A",,2
210474,"A",,"R",34163,"A",,"G",38,"A",,"G",38,"A",,1
210483,"R",20370,"A",,"A",,"G",679,"A",,"G",679,"A",,2
210492,"R",6461,"A",,"R",407,"G",215,"G",17,"G",215,"G",17,2
210508,"A",,"A",,"R",672,"A",,"G",28,"A",,"G",28,-2
210571,"R",68059,"A",,"R",1116,"G",2269,"G",47,"G",2269,"G",47,2
210599,"A",,"R",272623,"A",,"G",303,"A",,"G",303,"A",,1
210605,"R",448052,"A",,"A",,"G",14935,"A",,"G",14935,"A",,2
210669,"R",68025,"A",,"A",,"G",2268,"A",,"R",2081,"A",,2
210711,"A",,"R",142725,"A",,"G",159,"A",,"G",159,"A",,1
210739,"R",67303,"A",,"R",12933,"G",2243,"G",539,"G",2243,"G",539,2
210748,"A",,"R",176450,"A",,"G",196,"A",,"G",196,"A",,1
210775,"R",61442,"A",,"R",12163,"G",2048,"G",507,"G",2048,"G",507,2
210784,"A",,"R",207200,"A",,"G",230,"A",,"G",230,"A",,1
210809,"A",,"A",,"R",5226,"A",,"G",218,"A",,"G",218,-2
210890,"R",5829,"A",,"A",,"G",194,"A",,"G",194,"A",,2
210906,"R",29714,"A",,"A",,"G",660,"A",,"G",660,"A",,2
210942,"R",136734,"A",,"A",,"G",3039,"A",,"G",3039,"A",,2
210951,"A",,"R",67416,"A",,"G",75,"A",,"G",75,"A",,1
210960,"R",116264,"A",,"A",,"G",2584,"A",,"G",2584,"A",,2
211006,"A",,"R",503100,"A",,"G",559,"A",,"G",559,"A",,1
211024,"R",17736,"A",,"R",3647,"G",591,"G",152,"G",591,"G",152,2
211079,"R",65136,"A",,"A",,"G",2171,"A",,"G",2171,"A",,2
211088,"R",63909,"A",,"R",41493,"G",2130,"G",1729,"G",2130,"G",1729,2
211130,"A",,"A",,"R",5457,"A",,"G",227,"A",,"G",227,-2
211149,"A",,"R",180295,"A",,"G",200,"A",,"G",200,"A",,1
211158,"R",268763,"A",,"R",19522,"G",8959,"G",813,"G",8959,"G",813,2
211200,"R",20881,"A",,"A",,"G",696,"A",,"G",696,"A",,2
211273,"R",41618,"A",,"R",8788,"G",1387,"G",366,"G",1387,"G",366,2
211291,"R",119096,"A",,"R",1858,"G",3970,"G",77,"G",3970,"G",77,2
211307,"R",247413,"A",,"A",,"G",8247,"A",,"G",8247,"A",,2
211316,"A",,"R",51091,"A",,"G",57,"A",,"G",57,"A",,1
211334,"A",,"R",119880,"A",,"G",133,"A",,"G",133,"A",,1
211343,"R",91269,"A",,"A",,"G",3042,"A",,"G",3042,"A",,2
211352,"R",42280,"A",,"R",31951,"G",1409,"G",1331,"G",1409,"G",1331,2
211361,"R",211611,"A",,"R",46864,"G",7054,"G",1953,"G",7054,"G",1953,2
211370,"A",,"A",,"R",1232,"A",,"G",51,"A",,"G",51,-2
211398,"R",10772,"A",,"A",,"G",239,"A",,"R",266,"A",,2
211431,"R",39513,"A",,"R",17614,"G",1317,"G",734,"G",1317,"G",734,2
211440,"R",180494,"A",,"R",175387,"G",6016,"G",7308,"R",5702,"R",4907,2
211468,"R",37747,"A",,"R",3156,"G",1258,"G",132,"G",1258,"G",132,2
211477,"R",46470,"A",,"A",,"G",1549,"A",,"G",1549,"A",,2
211556,"R",26717,"A",,"R",30940,"G",891,"G",1289,"G",891,"G",1289,2
211583,"R",43281,"A",,"R",12653,"G",1443,"G",527,"G",1443,"G",527,2
211608,"R",42155,"A",,"R",1020,"G",1405,"G",43,"G",1405,"G",43,2
211617,"R",46513,"A",,"A",,"G",1550,"A",,"G",1550,"A",,2
211635,"A",,"R",159390,"A",,"G",177,"A",,"G",177,"A",,1
211644,"R",165377,"A",,"R",15414,"G",5513,"G",642,"G",5513,"G",642,2
211750,"R",7161,"A",,"A",,"G",239,"A",,"G",239,"A",,2
211802,"R",4913,"R",21296,"A",,"G",187,"A",,"G",187,"A",,3
211820,"R",5614,"A",,"A",,"G",187,"A",,"G",187,"A",,2
211893,"R",2952,"A",,"R",720,"G",98,"G",30,"G",98,"G",30,2
211909,"A",,"R",137700,"A",,"G",153,"A",,"G",153,"A",,1
211927,"R",266675,"A",,"A",,"G",8889,"A",,"G",8889,"A",,2
211981,"R",58913,"A",,"R",3961,"G",1964,"G",165,"G",1964,"G",165,2
212009,"R",76410,"A",,"A",,"G",2547,"A",,"G",2547,"A",,2
212018,"A",,"A",,"R",6980,"A",,"G",291,"A",,"G",291,-2
212045,"R",17368,"A",,"A",,"G",579,"A",,"G",579,"A",,2
212054,"R",687132,"A",,"R",202945,"G",15270,"G",5637,"G",15270,"G",5637,2
212072,"R",12375,"A",,"A",,"G",275,"A",,"G",275,"A",,2
212090,"R",34507,"A",,"A",,"G",1150,"A",,"R",861,"A",,2
212106,"R",188436,"A",,"R",84157,"G",6281,"G",3507,"G",6281,"G",3507,2
212115,"R",183242,"A",,"R",18796,"G",6108,"G",783,"G",6108,"G",783,2
212133,"R",71007,"A",,"R",24461,"G",2367,"G",1019,"R",2390,"R",1259,2
212160,"R",182698,"A",,"R",32360,"G",6090,"G",1348,"G",6090,"G",1348,2
212197,"R",67948,"A",,"R",962,"G",2265,"G",40,"G",2265,"G",40,2
212212,"A",,"R",71268,"A",,"G",79,"A",,"G",79,"A",,1
212230,"A",,"R",96482,"A",,"G",107,"A",,"G",107,"A",,1
212267,"A",,"R",270876,"A",,"G",301,"A",,"G",301,"A",,1
212276,"A",,"R",238235,"A",,"G",265,"A",,"G",265,"A",,1
212285,"A",,"R",98408,"A",,"G",109,"A",,"G",109,"A",,1
212294,"A",,"R",119095,"A",,"G",132,"A",,"G",132,"A",,1
212300,"A",,"R",91458,"A",,"G",102,"A",,"G",102,"A",,1
212328,"A",,"R",307722,"A",,"G",342,"A",,"G",342,"A",,1
212337,"A",,"R",292379,"A",,"G",325,"A",,"G",325,"A",,1
212355,"A",,"R",301853,"A",,"G",335,"A",,"G",335,"A",,1
212373,"A",,"R",151007,"A",,"G",168,"A",,"G",168,"A",,1
212382,"A",,"R",307661,"A",,"G",342,"A",,"G",342,"A",,1
212391,"A",,"R",229614,"A",,"G",255,"A",,"G",255,"A",,1
212425,"R",6688,"R",53290,"A",,"G",282,"A",,"G",282,"A",,3
212434,"R",22050,"A",,"A",,"G",490,"A",,"G",490,"A",,2
212443,"A",,"A",,"R",2316,"A",,"G",97,"A",,"G",97,-2
212568,"R",6568,"A",,"A",,"G",219,"A",,"G",219,"A",,2
212577,"R",75514,"A",,"A",,"G",2517,"A",,"G",2517,"A",,2
212601,"R",83102,"A",,"R",24281,"G",2770,"G",1012,"G",2770,"G",1012,2
212656,"R",56747,"A",,"R",5978,"G",1892,"G",249,"G",1892,"G",249,2
212674,"R",79846,"A",,"A",,"G",2662,"A",,"G",2662,"A",,2
212683,"A",,"R",201442,"A",,"G",224,"A",,"G",224,"A",,1
212708,"A",,"R",216451,"A",,"G",241,"A",,"G",241,"A",,1
212753,"A",,"R",365646,"A",,"G",406,"A",,"G",406,"A",,1
212771,"R",2415,"A",,"R",29808,"G",81,"G",1242,"G",81,"G",1242,2
212805,"R",77547,"A",,"A",,"G",2585,"A",,"G",2585,"A",,2
212832,"R",60517,"A",,"R",7552,"G",2017,"G",315,"G",2017,"G",315,2
212869,"R",35990,"A",,"A",,"G",1200,"A",,"G",1200,"A",,2
212878,"R",438617,"A",,"A",,"G",14621,"A",,"G",14621,"A",,2
212911,"R",36660,"A",,"A",,"G",1222,"A",,"G",1222,"A",,2
212975,"A",,"R",259352,"A",,"G",288,"A",,"G",288,"A",,1
212984,"R",53294,"A",,"R",15657,"G",1776,"G",652,"G",1776,"G",652,2
212993,"R",4832,"A",,"A",,"G",161,"A",,"G",161,"A",,2
213002,"R",49537,"A",,"A",,"G",1651,"A",,"G",1651,"A",,2
213011,"R",74479,"A",,"R",20076,"G",2483,"G",837,"G",2483,"G",837,2
213020,"R",378337,"A",,"R",39691,"G",12611,"G",1654,"G",12611,"G",1654,2
213057,"R",32112,"A",,"A",,"G",714,"A",,"G",714,"A",,2
213163,"R",2677,"A",,"A",,"G",89,"A",,"G",89,"A",,2
213181,"A",,"R",502866,"A",,"G",559,"A",,"G",559,"A",,1
213215,"A",,"R",249400,"A",,"G",277,"A",,"G",277,"A",,1
213233,"R",14812,"A",,"A",,"G",494,"A",,"R",464,"A",,2
213251,"R",46287,"A",,"A",,"G",1543,"A",,"G",1543,"A",,2
213303,"R",54090,"A",,"R",1035,"G",1803,"G",43,"G",1803,"G",43,2
213312,"R",17700,"A",,"A",,"G",590,"A",,"G",590,"A",,2
213321,"R",64538,"A",,"R",8501,"G",2151,"G",354,"G",2151,"G",354,2
213330,"A",,"R",55440,"A",,"G",62,"A",,"G",62,"A",,1
213349,"R",272946,"A",,"R",16710,"G",9098,"G",696,"G",9098,"G",696,2
213358,"R",34449,"A",,"R",1940,"G",1148,"G",81,"G",1148,"G",81,2
213367,"R",122686,"A",,"R",33423,"G",4090,"G",1393,"G",4090,"G",1393,2
213376,"R",37683,"R",185512,"A",,"G",1462,"A",,"G",1462,"A",,3
213385,"R",76117,"A",,"A",,"G",2537,"A",,"G",2537,"A",,2
213400,"R",22951,"A",,"R",2654,"G",765,"G",111,"G",765,"G",111,2
213446,"A",,"A",,"R",3121,"A",,"G",130,"A",,"R",104,-2
213455,"A",,"R",117781,"A",,"G",131,"A",,"G",131,"A",,1
213473,"R",11828,"R",21253,"A",,"G",418,"A",,"G",418,"A",,3
213491,"A",,"R",110217,"A",,"G",122,"A",,"G",122,"A",,1
213507,"R",50031,"A",,"R",5383,"G",1668,"G",224,"G",1668,"G",224,2
213525,"R",147512,"A",,"A",,"G",4917,"A",,"G",4917,"A",,2
213534,"R",59628,"A",,"A",,"G",1325,"A",,"G",1325,"A",,2
213543,"R",155358,"A",,"R",31246,"G",5179,"G",1302,"G",5179,"G",1302,2
213552,"A",,"R",86135,"A",,"G",96,"A",,"G",96,"A",,1
213570,"A",,"R",599576,"A",,"G",666,"A",,"G",666,"A",,1
213589,"A",,"R",575814,"A",,"G",640,"A",,"G",640,"A",,1
213598,"R",51174,"A",,"R",12580,"G",1706,"G",524,"R",1793,"R",454,2
213613,"R",149942,"A",,"R",8691,"G",4998,"G",362,"G",4998,"G",362,2
213622,"R",8350,"A",,"A",,"G",278,"A",,"G",278,"A",,2
213631,"A",,"A",,"R",4087,"A",,"G",170,"A",,"G",170,-2
213640,"A",,"A",,"R",3856,"A",,"G",161,"A",,"R",176,-2
213659,"R",157455,"A",,"A",,"G",5249,"A",,"G",5249,"A",,2
213668,"R",41235,"A",,"A",,"G",1375,"A",,"G",1375,"A",,2
213686,"R",2781,"A",,"A",,"G",93,"A",,"G",93,"A",,2
213774,"R",19660,"A",,"A",,"G",655,"A",,"G",655,"A",,2
213783,"R",87294,"A",,"R",6499,"G",2910,"G",271,"G",2910,"G",271,2
213826,"R",67740,"A",,"R",23224,"G",2258,"G",968,"G",2258,"G",968,2
213914,"R",13230,"A",,"A",,"G",441,"A",,"G",441,"A",,2
213932,"A",,"R",112200,"A",,"G",125,"A",,"G",125,"A",,1
213987,"R",108646,"A",,"R",5810,"G",3622,"G",242,"G",3622,"G",242,2
213996,"R",85944,"A",,"R",2216,"G",2865,"G",92,"R",2865,"R",123,2
214023,"R",4714,"A",,"A",,"G",157,"A",,"G",157,"A",,2
214041,"R",218388,"A",,"R",21187,"G",7280,"G",883,"G",7280,"G",883,2
214069,"R",65504,"A",,"R",6465,"G",2183,"G",269,"G",2183,"G",269,2
214111,"R",220173,"A",,"A",,"G",7339,"A",,"G",7339,"A",,2
214148,"R",14134,"A",,"R",1217,"G",471,"G",51,"G",471,"G",51,2
214157,"R",53812,"A",,"R",3308,"G",1794,"G",138,"G",1794,"G",138,2
214166,"R",43842,"A",,"R",713,"G",1461,"G",30,"G",1461,"G",30,2
214175,"R",84666,"A",,"A",,"G",2822,"A",,"G",2822,"A",,2
214254,"R",41585,"A",,"A",,"G",1386,"A",,"G",1386,"A",,2
214272,"R",75549,"A",,"R",11642,"G",2518,"G",485,"R",2299,"R",384,2
214290,"R",18000,"A",,"A",,"G",600,"A",,"G",600,"A",,2
214315,"R",4041,"A",,"A",,"G",90,"A",,"R",133,"A",,2
214379,"R",226173,"A",,"A",,"G",7539,"A",,"G",7539,"A",,2
214476,"R",1080,"A",,"A",,"G",36,"A",,"G",36,"A",,2
214528,"R",23185,"R",15120,"A",,"G",790,"A",,"R",756,"A",,3
214546,"A",,"R",52797,"A",,"G",59,"A",,"G",59,"A",,1
214564,"A",,"A",,"R",31258,"A",,"G",1302,"A",,"G",1302,-2
214582,"R",34083,"A",,"A",,"G",1136,"A",,"G",1136,"A",,2
214591,"R",127400,"A",,"R",2072,"G",4247,"G",86,"G",4247,"G",86,2
214607,"A",,"A",,"R",12437,"A",,"G",518,"A",,"G",518,-2
214616,"A",,"A",,"R",31512,"A",,"G",1313,"A",,"G",1313,-2
214625,"R",22664,"A",,"R",66,"G",755,"G",3,"G",755,"G",3,2
214634,"R",17647,"A",,"A",,"G",588,"A",,"G",588,"A",,2
214643,"R",20526,"A",,"R",663,"G",684,"G",28,"G",684,"G",28,2
214652,"R",39132,"A",,"R",15,"G",1304,"G",1,"G",1304,"G",1,2
214670,"R",25254,"A",,"R",410,"G",842,"G",17,"G",842,"G",17,2
214689,"R",127384,"A",,"R",234,"G",4246,"G",10,"G",4246,"G",10,2
214698,"R",24138,"A",,"R",60,"G",805,"G",3,"G",805,"G",3,2
214704,"R",81810,"A",,"R",1023,"G",2727,"G",43,"G",2727,"G",43,2
214713,"R",86884,"A",,"R",15832,"G",2896,"G",660,"G",2896,"G",660,2
214731,"R",46688,"A",,"A",,"G",1556,"A",,"G",1556,"A",,2
214740,"R",25045,"A",,"R",16,"G",835,"G",1,"G",835,"G",1,2
214759,"R",28249,"A",,"A",,"G",942,"A",,"G",942,"A",,2
214768,"R",39394,"A",,"A",,"G",1313,"A",,"G",1313,"A",,2
214777,"R",1220552,"A",,"R",146940,"G",40685,"G",6123,"G",40685,"G",6123,2
214786,"R",22262,"A",,"A",,"G",742,"A",,"G",742,"A",,2
214795,"R",34138,"A",,"A",,"G",1138,"A",,"G",1138,"A",,2
214801,"R",101201,"A",,"R",1069,"G",3373,"G",45,"G",3373,"G",45,2
214810,"R",30298,"A",,"R",14,"G",1010,"G",1,"G",1010,"G",1,2
214829,"R",34293,"A",,"R",1939,"G",1143,"G",81,"G",1143,"G",81,2
214838,"R",10752,"A",,"A",,"G",358,"A",,"G",358,"A",,2
214883,"R",41608,"A",,"A",,"G",1387,"A",,"G",1387,"A",,2
214892,"R",23800,"A",,"A",,"G",529,"A",,"G",529,"A",,2
214944,"A",,"R",637108,"A",,"G",708,"A",,"G",708,"A",,1
214962,"A",,"R",45194,"A",,"G",50,"A",,"G",50,"A",,1
214971,"R",7436,"A",,"R",3254,"G",248,"G",136,"G",248,"G",136,2
215008,"A",,"R",105336,"A",,"G",117,"A",,"R",99,"A",,1
215026,"A",,"R",17480,"A",,"G",19,"A",,"G",19,"A",,1
215044,"R",9000,"A",,"A",,"G",300,"A",,"G",300,"A",,2
215053,"R",7898,"A",,"A",,"G",263,"A",,"G",263,"A",,2
215062,"R",426899,"A",,"R",391305,"G",14230,"G",16304,"R",12123,"R",12486,2
215099,"R",91064,"A",,"R",15665,"G",3035,"G",653,"G",3035,"G",653,2
215105,"R",66022,"A",,"R",6975,"G",2201,"G",291,"G",2201,"G",291,2
215114,"R",28380,"A",,"R",4906,"G",946,"G",204,"G",946,"G",204,2
215123,"A",,"A",,"R",215011,"A",,"G",8959,"A",,"R",3305,-2
215132,"R",47554,"A",,"R",43106,"G",1585,"G",1796,"G",1585,"G",1796,2
215239,"R",482705,"A",,"A",,"G",16090,"A",,"G",16090,"A",,2
215266,"R",45979,"A",,"A",,"G",1533,"A",,"G",1533,"A",,2
215275,"R",51402,"A",,"A",,"G",1713,"A",,"G",1713,"A",,2
215284,"R",85976,"A",,"A",,"G",2866,"A",,"G",2866,"A",,2
215293,"R",548022,"A",,"R",260958,"G",18267,"G",10873,"G",18267,"G",10873,2
215309,"R",13439,"A",,"A",,"G",448,"A",,"G",448,"A",,2
215336,"A",,"R",70375,"A",,"G",78,"A",,"G",78,"A",,1
215381,"A",,"R",337267,"A",,"G",375,"A",,"G",375,"A",,1
215390,"R",8369,"A",,"A",,"G",279,"A",,"G",279,"A",,2
215415,"R",145170,"A",,"A",,"G",3226,"A",,"G",3226,"A",,2
215424,"A",,"A",,"R",7871,"A",,"G",219,"A",,"R",230,-2
215433,"R",26796,"A",,"A",,"G",893,"A",,"G",893,"A",,2
215442,"R",94119,"A",,"R",10445,"G",3137,"G",435,"G",3137,"G",435,2
215479,"R",2275,"A",,"A",,"G",76,"A",,"R",63,"A",,2
215530,"A",,"R",40320,"A",,"G",45,"A",,"G",45,"A",,1
215585,"R",101094,"A",,"A",,"G",3370,"A",,"R",3567,"A",,2
215594,"A",,"R",246605,"A",,"G",274,"A",,"G",274,"A",,1
215619,"A",,"A",,"R",976,"A",,"G",41,"A",,"G",41,-2
215628,"A",,"A",,"R",2172,"A",,"G",60,"A",,"G",60,-2
215637,"R",12700,"A",,"A",,"G",282,"A",,"G",282,"A",,2
215646,"R",37585,"A",,"A",,"G",1253,"A",,"G",1253,"A",,2
215655,"R",112765,"A",,"R",19230,"G",3759,"G",801,"G",3759,"G",801,2
215682,"R",33714,"A",,"A",,"G",1124,"A",,"G",1124,"A",,2
215691,"R",13636,"A",,"R",6348,"G",455,"G",265,"G",455,"G",265,2
215743,"R",57863,"A",,"R",12801,"G",1929,"G",533,"G",1929,"G",533,2
215770,"R",154395,"A",,"R",54920,"G",5147,"G",2288,"R",4881,"R",1766,2
215798,"R",52765,"A",,"R",5026,"G",1759,"G",209,"G",1759,"G",209,2
215813,"A",,"A",,"R",1994,"A",,"G",83,"A",,"G",83,-2
215886,"A",,"R",251115,"A",,"G",279,"A",,"G",279,"A",,1
215929,"R",129563,"A",,"R",30022,"G",4319,"G",1251,"G",4319,"G",1251,2
215947,"R",52609,"A",,"R",10622,"G",1754,"G",443,"G",1754,"G",443,2
215965,"R",2840,"A",,"A",,"G",95,"A",,"G",95,"A",,2
215974,"R",13277,"A",,"A",,"G",443,"A",,"G",443,"A",,2
215983,"R",2433,"A",,"A",,"G",81,"A",,"G",81,"A",,2
215992,"R",14107,"A",,"A",,"G",470,"A",,"G",470,"A",,2
216010,"R",206384,"A",,"R",17160,"G",6879,"G",715,"G",6879,"G",715,2
216038,"R",240979,"A",,"R",19294,"G",8033,"G",804,"G",8033,"G",804,2
216047,"R",3093,"A",,"R",2268,"G",103,"G",95,"G",103,"G",95,2
216074,"A",,"R",83880,"A",,"G",93,"A",,"G",93,"A",,1
216083,"A",,"R",877500,"A",,"G",975,"A",,"G",975,"A",,1
216162,"R",6552,"A",,"A",,"G",218,"A",,"G",218,"A",,2
216223,"A",,"R",56700,"A",,"G",63,"A",,"G",63,"A",,1
216278,"R",77456,"A",,"A",,"G",2582,"A",,"G",2582,"A",,2
216287,"R",49791,"A",,"A",,"G",1660,"A",,"R",1556,"A",,2
216296,"R",28096,"A",,"A",,"G",937,"A",,"G",937,"A",,2
216311,"R",4824,"A",,"A",,"G",161,"A",,"R",116,"A",,2
216339,"R",809955,"A",,"R",216717,"G",26999,"G",9030,"R",26999,"R",7377,2
216357,"R",30468,"A",,"A",,"G",1016,"A",,"G",1016,"A",,2
216366,"R",31969,"A",,"R",103163,"G",1066,"G",4298,"R",925,"R",2100,2
216418,"A",,"R",1327668,"A",,"G",1475,"A",,"G",1475,"A",,1
216427,"R",8127,"A",,"A",,"G",271,"A",,"G",271,"A",,2
216436,"R",13446,"A",,"A",,"G",448,"A",,"G",448,"A",,2
216445,"R",13468,"A",,"A",,"G",449,"A",,"R",429,"A",,2
216454,"R",15072,"A",,"A",,"G",502,"A",,"G",502,"A",,2
216463,"A",,"A",,"R",3115,"A",,"G",130,"A",,"G",130,-2
216524,"R",55956,"A",,"A",,"G",1865,"A",,"R",1794,"A",,2
216542,"R",28007,"A",,"R",335,"G",934,"G",14,"G",934,"G",14,2
216551,"R",9930,"A",,"A",,"G",331,"A",,"R",331,"A",,2
216579,"A",,"R",64248,"A",,"G",71,"A",,"R",122,"A",,1
216597,"R",228139,"A",,"R",63513,"G",7605,"G",2646,"G",7605,"G",2646,2
216630,"R",1285,"R",96885,"A",,"G",136,"A",,"G",136,"A",,3
216649,"A",,"R",34250,"A",,"G",38,"A",,"G",38,"A",,1
216667,"R",49486,"A",,"A",,"G",1650,"A",,"R",1445,"A",,2
216694,"R",53127,"A",,"R",13749,"G",1771,"G",573,"G",1771,"G",573,2
216746,"A",,"R",70125,"A",,"G",78,"A",,"G",78,"A",,1
216764,"R",358621,"A",,"R",38256,"G",11954,"G",1594,"G",11954,"G",1594,2
216773,"R",3362,"A",,"A",,"G",112,"A",,"G",112,"A",,2
216782,"R",46408,"A",,"A",,"G",1547,"A",,"G",1547,"A",,2
216807,"R",49951,"A",,"R",904,"G",1665,"G",38,"G",1665,"G",38,2
216816,"A",,"A",,"R",9433,"A",,"G",393,"A",,"R",400,-2
216825,"R",163657,"A",,"A",,"G",5455,"A",,"G",5455,"A",,2
216852,"R",90251,"A",,"R",29840,"G",3008,"G",1243,"G",3008,"G",1243,2
216931,"R",66319,"A",,"R",59034,"G",2211,"G",2460,"G",2211,"G",2460,2
216986,"R",5148,"A",,"A",,"G",114,"A",,"G",114,"A",,2
217013,"R",17897,"A",,"R",779,"G",597,"G",32,"G",597,"G",32,2
217040,"R",2313,"A",,"A",,"G",77,"A",,"G",77,"A",,2
217059,"R",153131,"A",,"R",4196,"G",5104,"G",175,"G",5104,"G",175,2
217077,"R",112323,"A",,"A",,"G",3744,"A",,"G",3744,"A",,2
217086,"R",8503,"A",,"A",,"G",283,"A",,"G",283,"A",,2
217095,"A",,"R",327544,"A",,"G",364,"A",,"G",364,"A",,1
217156,"R",199927,"A",,"R",55665,"G",6664,"G",2319,"R",6094,"R",2272,2
217165,"R",93718,"A",,"R",7633,"G",3124,"G",318,"G",3124,"G",318,2
217235,"R",454402,"A",,"R",31619,"G",10098,"G",878,"G",10098,"G",878,2
217244,"R",38218,"A",,"A",,"G",1274,"A",,"G",1274,"A",,2
217305,"R",171859,"A",,"R",1416,"G",3819,"G",39,"G",3819,"G",39,2
217323,"R",8256,"R",165120,"A",,"G",459,"A",,"G",459,"A",,3
217350,"A",,"R",63900,"A",,"G",71,"A",,"G",71,"A",,1
217402,"R",120948,"A",,"R",10411,"G",4032,"G",434,"G",4032,"G",434,2
217420,"R",198916,"A",,"R",18167,"G",6631,"G",757,"G",6631,"G",757,2
217475,"R",318108,"A",,"A",,"G",10604,"A",,"G",10604,"A",,2
217484,"R",400400,"A",,"R",41361,"G",13347,"G",1723,"R",13184,"R",2068,2
217493,"R",62959,"A",,"R",14665,"G",2099,"G",611,"R",2099,"R",446,2
217518,"R",114119,"A",,"R",5507,"G",3804,"G",229,"G",3804,"G",229,2
217536,"R",58667,"A",,"R",8403,"G",1956,"G",350,"G",1956,"G",350,2
217545,"R",42060,"A",,"A",,"G",1402,"A",,"G",1402,"A",,2
217572,"A",,"R",96582,"A",,"G",107,"A",,"R",107,"A",,1
217581,"A",,"R",225736,"A",,"G",251,"A",,"G",251,"A",,1
217606,"R",7806,"A",,"A",,"G",260,"A",,"G",260,"A",,2
217615,"R",70648,"A",,"A",,"G",2355,"A",,"G",2355,"A",,2
217624,"R",34612,"A",,"A",,"G",1154,"A",,"R",1154,"A",,2
217633,"R",60677,"A",,"R",3724,"G",2023,"G",155,"G",2023,"G",155,2
217688,"R",81894,"A",,"R",7454,"G",2730,"G",311,"G",2730,"G",311,2
217712,"R",60768,"A",,"A",,"G",2026,"A",,"G",2026,"A",,2
217721,"R",95751,"A",,"A",,"G",3192,"A",,"G",3192,"A",,2
217749,"R",106887,"A",,"R",7512,"G",3563,"G",313,"G",3563,"G",313,2
217776,"R",38502,"A",,"R",9334,"G",1283,"G",389,"G",1283,"G",389,2
217794,"A",,"R",155600,"A",,"G",173,"A",,"R",173,"A",,1
217819,"R",293987,"A",,"R",19063,"G",9800,"G",794,"G",9800,"G",794,2
217828,"A",,"R",123200,"A",,"G",137,"A",,"G",137,"A",,1
217837,"R",29905,"A",,"A",,"G",997,"A",,"G",997,"A",,2
217864,"R",84075,"A",,"R",13229,"G",2803,"G",551,"G",2803,"G",551,2
217873,"R",54945,"A",,"R",1462,"G",1832,"G",61,"G",1832,"G",61,2
217882,"R",469280,"A",,"R",75448,"G",15643,"G",3144,"G",15643,"G",3144,2
217891,"R",4976,"A",,"A",,"G",166,"A",,"G",166,"A",,2
217907,"R",29783,"A",,"A",,"G",993,"A",,"G",993,"A",,2
217925,"R",17467,"A",,"R",9729,"G",582,"G",405,"G",582,"G",405,2
217934,"R",32664,"A",,"R",6660,"G",1089,"G",278,"G",1089,"G",278,2
217961,"R",21571,"A",,"R",19305,"G",719,"G",804,"G",719,"G",804,2
217989,"R",27444,"A",,"A",,"G",915,"A",,"G",915,"A",,2
217998,"R",16971,"A",,"R",3945,"G",566,"G",164,"G",566,"G",164,2
218025,"R",141957,"A",,"A",,"G",4732,"A",,"G",4732,"A",,2
218043,"R",4985,"A",,"A",,"G",111,"A",,"G",111,"A",,2
218061,"R",104599,"A",,"R",4521,"G",3487,"G",188,"G",3487,"G",188,2
218070,"R",84744,"A",,"R",3188,"G",2825,"G",133,"G",2825,"G",133,2
218089,"R",4999,"A",,"R",1034,"G",167,"G",43,"G",167,"G",43,2
218113,"R",332958,"A",,"A",,"G",11099,"A",,"G",11099,"A",,2
218140,"R",174041,"A",,"A",,"G",5801,"A",,"G",5801,"A",,2
218159,"A",,"R",75850,"A",,"G",84,"A",,"G",84,"A",,1
218195,"A",,"R",141849,"A",,"G",158,"A",,"G",158,"A",,1
218229,"R",85124,"A",,"R",1920,"G",2837,"G",80,"G",2837,"G",80,2
218238,"R",81728,"A",,"A",,"G",2724,"A",,"G",2724,"A",,2
218265,"A",,"A",,"R",3272,"A",,"G",136,"A",,"G",136,-2
218335,"R",8609,"A",,"R",106740,"G",287,"G",4448,"R",287,"R",4655,2
218353,"R",278234,"A",,"A",,"G",9274,"A",,"R",9274,"A",,2
218399,"R",38049,"A",,"A",,"G",1268,"A",,"G",1268,"A",,2
218414,"R",34899,"A",,"A",,"G",1163,"A",,"G",1163,"A",,2
218441,"R",64062,"A",,"R",2748,"G",2135,"G",115,"G",2135,"G",115,2
218487,"R",71833,"A",,"A",,"G",2394,"A",,"G",2394,"A",,2
218520,"R",137267,"A",,"A",,"G",4576,"A",,"G",4576,"A",,2
218539,"R",34580,"A",,"R",2640,"G",1153,"G",110,"G",1153,"G",110,2
218645,"R",84920,"A",,"R",1159,"G",2831,"G",48,"G",2831,"G",48,2
218654,"R",46929,"A",,"A",,"G",1564,"A",,"G",1564,"A",,2
218663,"R",645785,"A",,"R",168018,"G",21526,"G",7001,"R",21526,"R",8085,2
218672,"R",34913,"A",,"A",,"G",1164,"A",,"G",1164,"A",,2
218681,"R",24137,"A",,"A",,"G",805,"A",,"G",805,"A",,2
218690,"R",26405,"A",,"A",,"G",880,"A",,"G",880,"A",,2
218706,"R",11890,"A",,"A",,"G",396,"A",,"G",396,"A",,2
218724,"R",241307,"A",,"R",8786,"G",8044,"G",366,"G",8044,"G",366,2
218733,"R",112264,"A",,"R",10540,"G",3742,"G",439,"G",3742,"G",439,2
218742,"R",150761,"A",,"R",1494,"G",5025,"G",62,"G",5025,"G",62,2
218751,"A",,"A",,"R",19644,"A",,"G",546,"A",,"R",353,-2
218821,"R",23718,"A",,"A",,"G",791,"A",,"G",791,"A",,2
218830,"R",137704,"A",,"A",,"G",4590,"A",,"G",4590,"A",,2
218858,"R",92407,"A",,"A",,"G",3080,"A",,"G",3080,"A",,2
218867,"A",,"R",64800,"A",,"G",72,"A",,"G",72,"A",,1
218885,"R",170937,"A",,"A",,"G",5698,"A",,"G",5698,"A",,2
218894,"R",372062,"A",,"A",,"G",12402,"A",,"G",12402,"A",,2
218919,"R",22090,"A",,"A",,"G",736,"A",,"G",736,"A",,2
218955,"R",17205,"A",,"A",,"G",574,"A",,"G",574,"A",,2
218964,"R",142365,"A",,"R",18163,"G",4746,"G",757,"G",4746,"G",757,2
218973,"R",49813,"A",,"A",,"G",1660,"A",,"G",1660,"A",,2
218991,"R",134283,"A",,"A",,"G",4476,"A",,"G",4476,"A",,2
219000,"R",54192,"A",,"R",500,"G",1806,"G",21,"G",1806,"G",21,2
219037,"A",,"R",229240,"A",,"G",255,"A",,"R",218,"A",,1
219046,"R",93339,"A",,"R",6012,"G",3111,"G",251,"G",3111,"G",251,2
219055,"R",8758,"A",,"A",,"G",292,"A",,"G",292,"A",,2
219082,"R",53110,"A",,"R",3351,"G",1770,"G",140,"G",1770,"G",140,2
219091,"R",21451,"A",,"R",936,"G",715,"G",39,"G",715,"G",39,2
219125,"A",,"R",102004,"A",,"G",113,"A",,"G",113,"A",,1
219143,"R",48129,"A",,"A",,"G",1604,"A",,"G",1604,"A",,2
219170,"A",,"R",34000,"A",,"G",38,"A",,"G",38,"A",,1
219189,"R",36902,"A",,"A",,"G",1230,"A",,"G",1230,"A",,2
219198,"R",23613,"A",,"R",1698,"G",787,"G",71,"G",787,"G",71,2
219204,"R",60100,"A",,"R",9459,"G",1336,"G",263,"G",1336,"G",263,2
219213,"R",31298,"A",,"A",,"G",696,"A",,"G",696,"A",,2
219240,"A",,"A",,"R",2408,"A",,"G",100,"A",,"G",100,-2
219259,"R",60023,"A",,"R",4000,"G",2001,"G",167,"G",2001,"G",167,2
219277,"R",33978,"A",,"R",1575,"G",1133,"G",66,"G",1133,"G",66,2
219295,"R",16193,"A",,"A",,"G",540,"A",,"G",540,"A",,2
219338,"A",,"R",21778,"A",,"G",24,"A",,"G",24,"A",,1
219347,"R",53396,"A",,"R",4808,"G",1780,"G",200,"G",1780,"G",200,2
219356,"R",292840,"A",,"R",24505,"G",9761,"G",1021,"G",9761,"G",1021,2
219374,"R",15404,"A",,"R",1002,"G",513,"G",42,"G",513,"G",42,2
219383,"R",36574,"A",,"R",4575,"G",1219,"G",191,"G",1219,"G",191,2
219392,"A",,"R",50400,"A",,"G",56,"A",,"G",56,"A",,1
219408,"R",6029,"A",,"A",,"G",201,"A",,"G",201,"A",,2
219426,"R",69717,"A",,"A",,"G",2324,"A",,"G",2324,"A",,2
219453,"A",,"R",251458,"A",,"G",279,"A",,"G",279,"A",,1
219471,"R",166695,"A",,"R",53224,"G",5557,"G",2218,"G",5557,"G",2218,2
219480,"R",36817,"A",,"A",,"G",1227,"A",,"G",1227,"A",,2
219505,"R",2115,"A",,"R",147,"G",71,"G",6,"G",71,"G",6,2
219578,"R",15292,"A",,"C",0,"G",510,"A",,"G",510,"A",,2
219587,"A",,"R",55419,"A",,"G",62,"A",,"G",62,"A",,1
219596,"A",,"R",228940,"A",,"G",254,"A",,"G",254,"A",,1
219602,"R",241978,"A",,"R",14509,"G",8066,"G",605,"G",8066,"G",605,2
219639,"R",25920,"A",,"A",,"G",864,"A",,"G",864,"A",,2
219709,"R",139792,"A",,"R",30538,"G",4660,"G",1272,"G",4660,"G",1272,2
219718,"R",117407,"R",13402,"R",10187,"G",3928,"G",424,"G",3928,"G",424,3
219790,"R",37525,"A",,"R",1947,"G",1251,"G",81,"G",1251,"G",81,2
219806,"R",52278,"A",,"R",5307,"G",1743,"G",221,"G",1743,"G",221,2
219824,"R",214135,"A",,"A",,"G",7138,"A",,"G",7138,"A",,2
219833,"R",43568,"A",,"R",8545,"G",1452,"G",356,"G",1452,"G",356,2
219842,"A",,"A",,"R",4082,"A",,"G",170,"A",,"G",170,-2
219879,"R",80583,"A",,"A",,"G",2686,"A",,"G",2686,"A",,2
219888,"R",112226,"A",,"A",,"G",3741,"A",,"G",3741,"A",,2
219903,"A",,"R",800559,"A",,"G",890,"A",,"R",890,"A",,1
219921,"A",,"R",174568,"A",,"G",194,"A",,"G",194,"A",,1
219949,"R",32977,"A",,"R",4837,"G",1099,"G",202,"G",1099,"G",202,2
219976,"R",81887,"A",,"R",26658,"G",2730,"G",1111,"G",2730,"G",1111,2
219994,"A",,"R",536690,"A",,"G",596,"A",,"G",596,"A",,1
220002,"R",26576,"A",,"A",,"G",591,"A",,"G",591,"A",,2
220057,"R",72950,"A",,"A",,"G",2432,"A",,"G",2432,"A",,2
220075,"R",331169,"A",,"R",70372,"G",11039,"G",2932,"G",11039,"G",2932,2
220118,"R",14686,"A",,"A",,"G",326,"A",,"R",326,"A",,2
220127,"A",,"R",501621,"A",,"G",557,"A",,"G",557,"A",,1
220136,"A",,"A",,"R",2282,"A",,"G",95,"A",,"G",95,-2
220163,"A",,"R",114825,"A",,"G",128,"A",,"G",128,"A",,1
220181,"R",14758,"A",,"R",1132,"G",492,"G",47,"G",492,"G",47,2
220206,"R",6512,"A",,"A",,"G",217,"A",,"G",217,"A",,2
220215,"R",44683,"A",,"R",9146,"G",1489,"G",381,"G",1489,"G",381,2
220251,"A",,"R",271514,"A",,"G",302,"A",,"G",302,"A",,1
220279,"A",,"R",401045,"A",,"G",446,"A",,"G",446,"A",,1
220312,"R",4513,"A",,"A",,"G",150,"A",,"G",150,"A",,2
220321,"A",,"R",421278,"A",,"G",468,"A",,"G",468,"A",,1
220394,"A",,"R",192026,"A",,"G",213,"A",,"G",213,"A",,1
220400,"R",108649,"A",,"A",,"G",3622,"A",,"G",3622,"A",,2
220464,"R",3841,"A",,"A",,"G",128,"A",,"G",128,"A",,2
220473,"R",20638,"A",,"R",2119,"G",688,"G",88,"G",688,"G",88,2
220491,"A",,"R",315136,"A",,"G",350,"A",,"G",350,"A",,1
220516,"R",51087,"A",,"R",7503,"G",1703,"G",313,"G",1703,"G",313,2
220552,"R",43138,"A",,"R",9100,"G",959,"G",253,"G",959,"G",253,2
220570,"A",,"R",75640,"A",,"G",84,"A",,"R",80,"A",,1
220598,"R",68631,"A",,"A",,"G",2288,"A",,"G",2288,"A",,2
220604,"R",31348,"A",,"A",,"G",1045,"A",,"G",1045,"A",,2
220613,"R",107364,"A",,"R",5062,"G",3579,"G",211,"G",3579,"G",211,2
220631,"R",47186,"A",,"R",97144,"G",1573,"G",4048,"G",1573,"G",4048,2
220640,"A",,"R",388120,"A",,"G",431,"A",,"G",431,"A",,1
220701,"R",30601,"A",,"A",,"G",1020,"A",,"G",1020,"A",,2
220710,"R",33939,"A",,"A",,"G",1131,"A",,"G",1131,"A",,2
220756,"A",,"R",230336,"A",,"G",256,"A",,"G",256,"A",,1
220765,"A",,"R",298360,"A",,"G",332,"A",,"G",332,"A",,1
220792,"A",,"A",,"R",4810,"A",,"G",200,"A",,"G",200,-2
220808,"R",10385,"A",,"R",1288,"G",346,"G",54,"G",346,"G",54,2
220853,"A",,"R",777744,"A",,"G",864,"A",,"G",864,"A",,1
220862,"R",438576,"A",,"R",87340,"G",14619,"G",3639,"G",14619,"G",3639,2
220871,"A",,"A",,"R",5194,"A",,"G",216,"A",,"G",216,-2
220941,"R",15860,"A",,"R",132,"G",529,"G",6,"G",529,"G",6,2
220978,"R",628873,"A",,"R",49335,"G",20962,"G",2056,"G",20962,"G",2056,2
220996,"A",,"A",,"R",4711,"A",,"G",131,"A",,"R",211,-2
221014,"R",25814,"A",,"R",4905,"G",860,"G",204,"G",860,"G",204,2
221050,"A",,"R",610813,"A",,"G",679,"A",,"G",679,"A",,1
221096,"R",102502,"A",,"A",,"G",3417,"A",,"G",3417,"A",,2
221102,"A",,"R",396532,"A",,"G",441,"A",,"G",441,"A",,1
221148,"A",,"R",2005754,"A",,"G",2229,"A",,"G",2229,"A",,1
221157,"R",11160,"A",,"A",,"G",372,"A",,"G",372,"A",,2
221184,"R",191010,"A",,"A",,"G",6367,"A",,"G",6367,"A",,2
221236,"A",,"R",234298,"A",,"G",260,"A",,"G",260,"A",,1
221254,"R",5696,"A",,"A",,"G",190,"A",,"G",190,"A",,2
221281,"A",,"R",319118,"A",,"G",355,"A",,"G",355,"A",,1
221290,"A",,"R",168288,"A",,"G",187,"A",,"G",187,"A",,1
221333,"A",,"R",445162,"A",,"G",495,"A",,"G",495,"A",,1
221351,"R",54908,"A",,"R",525,"G",1830,"G",22,"R",1800,"R",18,2
221388,"A",,"R",168281,"A",,"G",187,"A",,"G",187,"A",,1
221397,"R",135944,"A",,"A",,"G",4531,"A",,"G",4531,"A",,2
221430,"A",,"R",238331,"A",,"G",265,"A",,"G",265,"A",,1
221485,"R",284594,"A",,"A",,"G",9486,"A",,"G",9486,"A",,2
221494,"A",,"R",450179,"A",,"G",500,"A",,"G",500,"A",,1
221519,"R",47083,"A",,"R",2830,"G",1569,"G",118,"G",1569,"G",118,2
221582,"A",,"R",316525,"A",,"G",352,"A",,"G",352,"A",,1
221591,"A",,"R",317863,"A",,"G",353,"A",,"G",353,"A",,1
221607,"A",,"R",242770,"A",,"G",270,"A",,"G",270,"A",,1
221616,"A",,"R",541859,"A",,"G",602,"A",,"G",602,"A",,1
221625,"A",,"R",596098,"A",,"G",662,"A",,"G",662,"A",,1
221634,"A",,"R",180716,"A",,"G",201,"A",,"G",201,"A",,1
221643,"R",230333,"A",,"A",,"G",7678,"A",,"G",7678,"A",,2
221661,"R",73406,"A",,"R",6438,"G",2447,"G",268,"G",2447,"G",268,2
221670,"A",,"A",,"R",28877,"A",,"G",1203,"A",,"R",487,-2
221731,"R",33016,"A",,"A",,"G",1101,"A",,"G",1101,"A",,2
221740,"R",257876,"A",,"R",27020,"G",8596,"G",1126,"G",8596,"G",1126,2
221759,"R",599262,"A",,"R",273629,"G",19975,"G",11401,"G",19975,"G",11401,2
221768,"R",206259,"A",,"R",8243,"G",6875,"G",343,"G",6875,"G",343,2
221795,"R",7050,"A",,"A",,"G",235,"A",,"R",235,"A",,2
221829,"A",,"R",292391,"A",,"G",325,"A",,"G",325,"A",,1
221838,"R",181763,"A",,"R",35911,"G",6059,"G",1496,"G",6059,"G",1496,2
221847,"R",255930,"A",,"R",22980,"G",8531,"G",958,"G",8531,"G",958,2
221856,"R",16133,"A",,"R",3134,"G",538,"G",131,"G",538,"G",131,2
221892,"R",38204,"A",,"R",23544,"G",1273,"G",981,"G",1273,"G",981,2
221908,"R",147658,"A",,"A",,"G",4922,"A",,"G",4922,"A",,2
221953,"R",58295,"A",,"R",4187,"G",1943,"G",174,"G",1943,"G",174,2
221971,"R",81021,"A",,"R",31583,"G",2701,"G",1316,"G",2701,"G",1316,2
221980,"A",,"R",69526,"A",,"G",77,"A",,"G",77,"A",,1
221999,"R",200806,"A",,"R",122247,"G",6694,"G",5094,"G",6694,"G",5094,2
222026,"A",,"R",108940,"A",,"G",121,"A",,"G",121,"A",,1
222053,"R",187309,"A",,"A",,"G",6244,"A",,"G",6244,"A",,2
222062,"R",147873,"A",,"A",,"G",4929,"A",,"G",4929,"A",,2
222099,"R",6621,"R",41852,"A",,"G",267,"A",,"G",267,"A",,3
222105,"R",184,"R",84978,"A",,"G",101,"A",,"G",101,"A",,3
222178,"R",105248,"A",,"R",15711,"G",3508,"G",655,"R",3509,"R",872,2
222567,"R",132067,"A",,"A",,"G",4402,"A",,"G",4402,"A",,2
222576,"R",218825,"A",,"A",,"G",7294,"A",,"G",7294,"A",,2
222628,"R",7077,"A",,"R",18015,"G",236,"G",751,"G",236,"G",751,2
222673,"A",,"R",309600,"A",,"G",344,"A",,"G",344,"A",,1
222682,"A",,"R",356400,"A",,"G",396,"A",,"R",396,"A",,1
222691,"A",,"R",342000,"A",,"G",380,"A",,"G",380,"A",,1
222707,"R",8632,"A",,"A",,"G",288,"A",,"G",288,"A",,2
222761,"A",,"R",1948080,"A",,"G",2165,"A",,"G",2165,"A",,1
222822,"R",121340,"A",,"A",,"G",4045,"A",,"G",4045,"A",,2
222831,"R",162331,"A",,"R",16700,"G",5411,"G",696,"G",5411,"G",696,2
222877,"R",5853,"A",,"R",237,"G",195,"G",10,"G",195,"G",10,2
222886,"A",,"R",247280,"A",,"G",275,"A",,"G",275,"A",,1
222938,"R",117029,"A",,"A",,"G",2601,"A",,"G",2601,"A",,2
222983,"R",51579,"A",,"R",629,"G",1719,"G",26,"R",1312,"R",20,2
222992,"R",893512,"A",,"A",,"G",29784,"A",,"G",29784,"A",,2
223001,"A",,"A",,"R",3046,"A",,"G",127,"A",,"G",127,-2
223056,"A",,"R",72069,"A",,"G",80,"A",,"G",80,"A",,1
223083,"R",16306,"A",,"A",,"G",544,"A",,"G",544,"A",,2
223117,"R",1040,"A",,"R",879,"G",35,"G",37,"G",35,"G",37,2
223214,"R",5063,"A",,"R",21822,"G",169,"G",909,"G",169,"G",909,2
223223,"A",,"A",,"R",17868,"A",,"G",745,"A",,"G",745,-2
223232,"R",378547,"A",,"R",60764,"G",12618,"G",2532,"G",12618,"G",2532,2
223320,"R",85479,"A",,"A",,"G",2849,"A",,"G",2849,"A",,2
223427,"R",407619,"A",,"A",,"G",13587,"A",,"G",13587,"A",,2
223463,"R",63240,"R",94375,"A",,"G",2213,"A",,"G",2213,"A",,3
223472,"R",12084,"A",,"A",,"G",403,"A",,"G",403,"A",,2
223506,"R",84381,"A",,"A",,"G",2813,"A",,"G",2813,"A",,2
223524,"R",227574,"A",,"A",,"G",7586,"A",,"G",7586,"A",,2
223658,"A",,"R",143118,"A",,"G",159,"A",,"R",140,"A",,1
223667,"A",,"R",13565,"A",,"G",15,"A",,"G",15,"A",,1
223773,"R",118608,"A",,"A",,"G",3954,"A",,"G",3954,"A",,2
223816,"R",488375,"A",,"A",,"G",16279,"A",,"G",16279,"A",,2
223852,"A",,"R",48000,"A",,"G",53,"A",,"G",53,"A",,1
223898,"R",76771,"R",547400,"A",,"G",3167,"A",,"G",3167,"A",,3
223922,"R",32989,"R",755503,"A",,"G",1939,"A",,"G",1939,"A",,3
224004,"R",36769,"A",,"R",21637,"G",1226,"G",902,"G",1226,"G",902,2
224013,"A",,"R",41379,"A",,"G",46,"A",,"G",46,"A",,1
224110,"R",184466,"A",,"A",,"G",6149,"A",,"G",6149,"A",,2
224147,"R",220974,"A",,"R",35528,"G",7366,"G",1480,"G",7366,"G",1480,2
224156,"A",,"R",332448,"A",,"G",369,"A",,"G",369,"A",,1
224183,"R",12325,"A",,"A",,"G",274,"A",,"G",274,"A",,2
224226,"R",85742,"A",,"R",30921,"G",2858,"G",1288,"G",2858,"G",1288,2
224244,"R",7752,"A",,"R",165,"G",258,"G",7,"G",258,"G",7,2
224271,"R",9936,"A",,"A",,"G",221,"A",,"G",221,"A",,2
224305,"A",,"A",,"R",35354,"A",,"G",1473,"A",,"G",1473,-2
224323,"R",41522,"A",,"R",22805,"G",1384,"G",950,"G",1384,"G",950,2
224350,"A",,"R",5482581,"A",,"G",6092,"A",,"G",6092,"A",,1
224402,"R",160003,"A",,"A",,"G",5333,"A",,"R",4445,"A",,2
224439,"R",79764,"A",,"A",,"G",2659,"A",,"G",2659,"A",,2
224527,"R",31244,"A",,"A",,"G",1041,"A",,"G",1041,"A",,2
224545,"R",29974,"A",,"R",9778,"G",999,"G",407,"G",999,"G",407,2
224554,"R",157724,"R",129683,"R",64068,"G",5402,"G",2670,"G",5402,"G",2670,3
224572,"R",243384,"A",,"A",,"G",8113,"A",,"G",8113,"A",,2
224615,"R",187257,"A",,"A",,"G",6242,"A",,"G",6242,"A",,2
224642,"R",610264,"A",,"A",,"G",20342,"A",,"G",20342,"A",,2
224660,"A",,"R",885339,"A",,"G",984,"A",,"G",984,"A",,1
224679,"A",,"R",1601525,"A",,"G",1779,"A",,"G",1779,"A",,1
224712,"A",,"A",,"R",2680,"A",,"G",112,"A",,"G",112,-2
224758,"A",,"R",169200,"A",,"G",188,"A",,"G",188,"A",,1
224776,"R",89672,"A",,"A",,"G",1993,"A",,"G",1993,"A",,2
224828,"A",,"R",206550,"A",,"G",230,"A",,"G",230,"A",,1
224891,"R",26149,"A",,"A",,"G",872,"A",,"G",872,"A",,2
224907,"A",,"R",171000,"A",,"G",190,"A",,"G",190,"A",,1
224961,"R",49701,"A",,"A",,"G",1657,"A",,"G",1657,"A",,2
225070,"A",,"R",2611575,"A",,"G",2902,"A",,"G",2902,"A",,1
225201,"A",,"R",681458,"A",,"G",757,"A",,"G",757,"A",,1
225247,"R",50757,"A",,"R",10371,"G",1692,"G",432,"G",1692,"G",432,2
225308,"R",171777,"A",,"A",,"G",5726,"A",,"G",5726,"A",,2
225371,"R",91481,"A",,"A",,"G",3049,"A",,"G",3049,"A",,2
225399,"R",60401,"A",,"R",6694,"G",2013,"G",279,"G",2013,"G",279,2
225414,"R",107163,"A",,"R",54126,"G",3572,"G",2255,"G",3572,"G",2255,2
225423,"R",1196405,"A",,"A",,"G",39880,"A",,"G",39880,"A",,2
225432,"R",282702,"A",,"R",2079,"G",9423,"G",87,"G",9423,"G",87,2
225502,"R",54420,"A",,"R",27264,"G",1814,"G",1136,"G",1814,"G",1136,2
225511,"R",772499,"A",,"R",181023,"G",25750,"G",7543,"G",25750,"G",7543,2
225520,"R",84423,"A",,"A",,"G",2814,"A",,"G",2814,"A",,2
225548,"R",32502,"A",,"R",288,"G",1083,"G",12,"G",1083,"G",12,2
225575,"R",23244,"A",,"R",603,"G",775,"G",25,"G",775,"G",25,2
225627,"R",154414,"A",,"R",40694,"G",5147,"G",1696,"G",5147,"G",1696,2
225779,"A",,"R",214000,"A",,"G",238,"A",,"G",238,"A",,1
225788,"A",,"R",225000,"A",,"G",250,"A",,"G",250,"A",,1
225849,"R",34700,"A",,"A",,"G",771,"A",,"G",771,"A",,2
225858,"R",30768,"A",,"A",,"G",684,"A",,"G",684,"A",,2
225876,"R",8712,"A",,"A",,"G",290,"A",,"G",290,"A",,2
225885,"R",7984,"A",,"A",,"G",266,"A",,"G",266,"A",,2
225991,"R",5312,"A",,"A",,"G",177,"A",,"G",177,"A",,2
226019,"A",,"R",3127848,"A",,"G",3475,"A",,"G",3475,"A",,1
226091,"R",234580,"A",,"R",79422,"G",7819,"G",3309,"G",7819,"G",3309,2
226107,"R",39175,"R",548832,"A",,"G",1916,"A",,"G",1916,"A",,3
226116,"A",,"R",1356123,"A",,"G",1507,"A",,"G",1507,"A",,1
226125,"A",,"R",180050,"A",,"G",200,"A",,"G",200,"A",,1
226134,"R",196256,"R",3822368,"A",,"G",10789,"A",,"G",10789,"A",,3
226152,"R",138084,"A",,"R",13290,"G",4603,"G",554,"G",4603,"G",554,2
226204,"R",143437,"A",,"A",,"G",4781,"A",,"G",4781,"A",,2
226231,"R",74604,"A",,"R",5899,"G",2487,"G",246,"G",2487,"G",246,2
226277,"A",,"R",1636399,"A",,"G",1818,"A",,"G",1818,"A",,1
226329,"R",29519,"A",,"A",,"G",984,"A",,"G",984,"A",,2
226374,"A",,"R",56274,"A",,"G",63,"A",,"G",63,"A",,1
226383,"R",48859,"A",,"R",7174,"G",1629,"G",299,"G",1629,"G",299,2
226408,"R",69868,"R",577288,"A",,"G",2970,"A",,"G",2970,"A",,3
226471,"R",70452,"A",,"R",5709,"G",2348,"G",238,"G",2348,"G",238,2
226578,"R",179505,"R",1273960,"A",,"G",7399,"A",,"G",7399,"A",,3
226587,"R",38492,"A",,"A",,"G",1283,"A",,"G",1283,"A",,2
226675,"A",,"R",390052,"A",,"G",433,"A",,"G",433,"A",,1
226772,"A",,"R",136201,"A",,"G",151,"A",,"G",151,"A",,1
226806,"R",130011,"A",,"A",,"G",4334,"A",,"R",4270,"A",,2
226833,"R",146735,"A",,"R",9655,"G",4891,"G",402,"G",4891,"G",402,2
226860,"A",,"R",49013,"A",,"G",54,"A",,"G",54,"A",,1
226879,"R",10212,"A",,"A",,"G",340,"A",,"R",258,"A",,2
226903,"R",17730,"A",,"A",,"G",591,"A",,"G",591,"A",,2
226930,"R",152653,"A",,"A",,"G",5088,"A",,"G",5088,"A",,2
227003,"R",40400,"A",,"A",,"G",1347,"A",,"R",860,"A",,2
227058,"A",,"R",63229,"A",,"G",70,"A",,"G",70,"A",,1
227146,"R",248209,"A",,"A",,"G",8274,"A",,"G",8274,"A",,2
227155,"A",,"R",90000,"A",,"G",100,"A",,"G",100,"A",,1
227182,"R",1178792,"A",,"A",,"G",39293,"A",,"G",39293,"A",,2
227191,"R",212062,"A",,"A",,"G",7069,"A",,"G",7069,"A",,2
227216,"R",781878,"A",,"R",141427,"G",26063,"G",5893,"G",26063,"G",5893,2
227225,"R",73254,"A",,"A",,"G",2442,"A",,"R",2568,"A",,2
227243,"R",18952,"A",,"R",972,"G",632,"G",41,"G",632,"G",41,2
227289,"A",,"A",,"R",2450,"A",,"G",102,"A",,"G",102,-2
227298,"R",11337,"A",,"A",,"G",378,"A",,"G",378,"A",,2
227304,"R",75333,"R",714096,"A",,"G",3305,"A",,"G",3305,"A",,3
227313,"A",,"R",275272,"A",,"G",306,"A",,"G",306,"A",,1
227322,"A",,"R",306430,"A",,"G",340,"A",,"G",340,"A",,1
227331,"R",39714,"A",,"R",19219,"G",1324,"G",801,"G",1324,"G",801,2
227368,"R",443702,"A",,"R",52046,"G",14790,"G",2169,"G",14790,"G",2169,2
227377,"R",301869,"A",,"R",13151,"G",10062,"G",548,"G",10062,"G",548,2
227386,"R",46878,"A",,"A",,"G",1563,"A",,"G",1563,"A",,2
227401,"R",140722,"A",,"A",,"G",4691,"A",,"G",4691,"A",,2
227429,"R",5854,"A",,"A",,"G",195,"A",,"G",195,"A",,2
227526,"R",193335,"A",,"R",29387,"G",6445,"G",1224,"G",6445,"G",1224,2
227687,"R",26112,"A",,"A",,"G",870,"A",,"G",870,"A",,2
227748,"A",,"R",240240,"A",,"G",267,"A",,"G",267,"A",,1
227757,"R",104576,"A",,"R",65837,"G",3486,"G",2743,"G",3486,"G",2743,2
227766,"R",367317,"A",,"A",,"G",12244,"A",,"G",12244,"A",,2
227836,"R",45017,"A",,"A",,"G",1501,"A",,"G",1501,"A",,2
227845,"R",116405,"A",,"R",16268,"G",3880,"G",678,"G",3880,"G",678,2
227854,"R",213264,"R",4719168,"A",,"G",12352,"A",,"G",12352,"A",,3
227863,"R",40843,"A",,"R",30725,"G",1361,"G",1280,"G",1361,"G",1280,2
227881,"R",412659,"A",,"R",66747,"G",13755,"G",2781,"G",13755,"G",2781,2
227924,"R",517363,"R",9853712,"A",,"G",28194,"A",,"G",28194,"A",,3
227979,"A",,"R",12479608,"A",,"G",13866,"A",,"G",13866,"A",,1
228042,"R",32110,"A",,"R",1317,"G",1070,"G",55,"G",1070,"G",55,2
228088,"A",,"R",36104,"A",,"G",40,"A",,"G",40,"A",,1
228149,"R",71281,"A",,"R",39140,"G",2376,"G",1631,"G",2376,"G",1631,2
228158,"R",221382,"A",,"A",,"G",7379,"A",,"G",7379,"A",,2
228185,"A",,"R",45000,"A",,"G",50,"A",,"R",47,"A",,1
228194,"A",,"A",,"R",37560,"A",,"G",1565,"A",,"R",1283,-2
228200,"A",,"R",1287070,"A",,"G",1430,"A",,"G",1430,"A",,1
228219,"A",,"R",1933102,"A",,"G",2148,"A",,"G",2148,"A",,1
228246,"R",190367,"A",,"R",88511,"G",6346,"G",3688,"G",6346,"G",3688,2
228282,"R",13075,"A",,"A",,"G",436,"A",,"G",436,"A",,2
228291,"A",,"R",22819,"A",,"G",25,"A",,"G",25,"A",,1
228316,"R",118664,"A",,"A",,"G",3955,"A",,"G",3955,"A",,2
228325,"R",45557,"A",,"R",4020,"G",1519,"G",168,"G",1519,"G",168,2
228343,"R",42222,"A",,"A",,"G",1407,"A",,"G",1407,"A",,2
228431,"R",311655,"A",,"R",25211,"G",10389,"G",1050,"G",10389,"G",1050,2
228459,"R",734696,"A",,"R",90800,"G",24490,"G",3783,"G",24490,"G",3783,2
228468,"R",20987,"A",,"R",807,"G",700,"G",34,"G",700,"G",34,2
228486,"R",6568,"A",,"A",,"G",219,"A",,"G",219,"A",,2
228501,"R",55330,"A",,"R",14407,"G",1844,"G",600,"G",1844,"G",600,2
228529,"R",242134,"A",,"R",33732,"G",8071,"G",1406,"G",8071,"G",1406,2
228547,"R",1009594,"A",,"A",,"G",33653,"A",,"G",33653,"A",,2
228608,"R",124986,"A",,"A",,"G",4166,"A",,"G",4166,"A",,2
228635,"R",1995,"A",,"R",53950,"G",67,"G",2248,"G",67,"G",2248,2
228644,"R",27228,"A",,"R",85666,"G",908,"G",3569,"G",908,"G",3569,2
228653,"R",21997,"A",,"R",68736,"G",733,"G",2864,"R",733,"R",2195,2
228680,"R",157319,"A",,"A",,"G",5244,"A",,"G",5244,"A",,2
228699,"R",89652,"A",,"A",,"G",2988,"A",,"G",2988,"A",,2
228705,"R",196562,"A",,"R",36429,"G",6552,"G",1518,"G",6552,"G",1518,2
228714,"R",53073,"A",,"R",1133,"G",1769,"G",47,"G",1769,"G",47,2
228723,"R",1090261,"R",1250214,"R",182276,"G",37731,"G",7595,"G",37731,"G",7595,3
228769,"R",642774,"A",,"R",153169,"G",21426,"G",6382,"G",21426,"G",6382,2
228778,"R",1051844,"A",,"R",269769,"G",35061,"G",11240,"G",35061,"G",11240,2
228787,"R",282619,"A",,"R",120437,"G",9421,"G",5018,"G",9421,"G",5018,2
228796,"R",455323,"A",,"R",61381,"G",15177,"G",2558,"G",15177,"G",2558,2
228802,"R",125457,"A",,"R",22736,"G",4182,"G",947,"G",4182,"G",947,2
228866,"A",,"A",,"R",16542,"A",,"G",689,"A",,"G",689,-2
228875,"R",231343,"A",,"R",22762,"G",7711,"G",948,"G",7711,"G",948,2
228884,"R",26708,"A",,"R",177,"G",890,"G",7,"G",890,"G",7,2
228909,"A",,"A",,"R",24706,"A",,"G",1029,"A",,"R",1757,-2
228981,"R",35443,"A",,"A",,"G",1181,"A",,"G",1181,"A",,2
229018,"R",78555,"A",,"R",9601,"G",2619,"G",400,"G",2619,"G",400,2
229027,"R",668508,"A",,"R",66726,"G",22284,"G",2780,"G",22284,"G",2780,2
229036,"R",27505,"A",,"A",,"G",917,"A",,"G",917,"A",,2
229063,"R",188977,"A",,"R",62124,"G",6299,"G",2589,"G",6299,"G",2589,2
229115,"R",708537,"A",,"R",119529,"G",23618,"G",4980,"G",23618,"G",4980,2
229151,"A",,"R",94636,"A",,"G",105,"A",,"G",105,"A",,1
229160,"R",41156,"A",,"R",35108,"G",1372,"G",1463,"R",1740,"R",1455,2
229179,"R",198917,"A",,"R",121455,"G",6631,"G",5061,"G",6631,"G",5061,2
229267,"R",72466,"A",,"R",4490,"G",2416,"G",187,"G",2416,"G",187,2
229300,"R",21384,"A",,"R",65255,"G",713,"G",2719,"R",594,"R",3114,2
229319,"R",120327,"A",,"A",,"G",4011,"A",,"G",4011,"A",,2
229328,"R",36740,"A",,"A",,"G",1225,"A",,"G",1225,"A",,2
229337,"R",37369,"A",,"R",89890,"G",1246,"G",3745,"G",1246,"G",3745,2
229355,"R",263416,"A",,"A",,"G",8781,"A",,"G",8781,"A",,2
229416,"R",132967,"A",,"A",,"G",4432,"A",,"R",3728,"A",,2
229425,"A",,"R",400170,"A",,"G",445,"A",,"G",445,"A",,1
229504,"R",65741,"R",483525,"A",,"G",2729,"A",,"G",2729,"A",,3
229522,"A",,"R",80441,"A",,"G",89,"A",,"G",89,"A",,1
229540,"R",85393,"A",,"A",,"G",2846,"A",,"G",2846,"A",,2
229638,"A",,"R",43783,"A",,"G",49,"A",,"G",49,"A",,1
229780,"R",121864,"A",,"R",28828,"G",4062,"G",1201,"G",4062,"G",1201,2
229799,"R",126815,"A",,"A",,"G",4227,"A",,"G",4227,"A",,2
229814,"R",169266,"A",,"R",23860,"G",5642,"G",994,"G",5642,"G",994,2
229832,"A",,"R",1061040,"A",,"G",1179,"A",,"G",1179,"A",,1
229841,"R",150031,"A",,"A",,"G",5001,"A",,"G",5001,"A",,2
229887,"R",39504,"A",,"R",606,"G",1317,"G",25,"G",1317,"G",25,2
229957,"R",2592,"A",,"A",,"G",86,"A",,"G",86,"A",,2
230010,"A",,"R",645027,"A",,"G",717,"A",,"G",717,"A",,1
230038,"R",948287,"A",,"R",80518,"G",31610,"G",3355,"G",31610,"G",3355,2
230047,"R",102659,"A",,"C",0,"G",3422,"A",,"G",3422,"A",,2
230056,"R",23297,"A",,"R",9,"G",518,"R",0,"G",518,"Z",0,2
230065,"A",,"R",323135,"A",,"G",359,"A",,"G",359,"A",,1
230092,"R",55635,"A",,"A",,"G",1855,"A",,"G",1855,"A",,2
230135,"A",,"R",65000,"A",,"G",72,"A",,"G",72,"A",,1
230144,"A",,"R",60000,"A",,"G",67,"A",,"G",67,"A",,1
230162,"A",,"R",1708421,"A",,"G",1898,"A",,"G",1898,"A",,1
230171,"R",188052,"A",,"A",,"G",6268,"A",,"G",6268,"A",,2
230199,"A",,"R",72805,"A",,"G",81,"A",,"G",81,"A",,1
230205,"A",,"R",66000,"A",,"G",73,"A",,"G",73,"A",,1
230214,"A",,"R",370353,"A",,"G",412,"A",,"G",412,"A",,1
230223,"R",2000,"A",,"A",,"G",67,"A",,"G",67,"A",,2
230366,"R",22802,"A",,"A",,"G",507,"A",,"G",507,"A",,2
230384,"R",36068,"A",,"A",,"G",802,"A",,"G",802,"A",,2
230418,"R",54214,"A",,"A",,"G",1807,"A",,"G",1807,"A",,2
230472,"R",21935,"A",,"A",,"G",731,"A",,"R",536,"A",,2
230490,"A",,"R",1256677,"A",,"G",1396,"A",,"G",1396,"A",,1
230597,"R",99106,"A",,"A",,"G",3304,"A",,"R",3406,"A",,2
230603,"R",192047,"A",,"R",15177,"G",6402,"G",632,"G",6402,"G",632,2
230621,"R",33785,"A",,"R",300,"G",1126,"G",13,"G",1126,"G",13,2
230630,"A",,"R",664750,"A",,"G",739,"A",,"G",739,"A",,1
230676,"A",,"R",644652,"A",,"G",716,"A",,"G",716,"A",,1
230728,"R",525510,"A",,"R",49435,"G",17517,"G",2060,"G",17517,"G",2060,2
230737,"R",714230,"A",,"R",1380,"G",23808,"G",58,"R",23808,"R",69,2
230746,"R",643800,"R",694899,"A",,"G",22232,"A",,"G",22232,"A",,3
230764,"R",629099,"A",,"R",174309,"G",20970,"G",7263,"G",20970,"G",7263,2
230782,"R",492186,"A",,"R",12980,"G",16406,"G",541,"G",16406,"G",541,2
230807,"R",68041,"A",,"R",14119,"G",2268,"G",588,"G",2268,"G",588,2
230816,"R",20993,"A",,"R",4268,"G",700,"G",178,"R",643,"R",134,2
230825,"R",5030,"A",,"A",,"G",168,"A",,"G",168,"A",,2
230834,"R",58405,"A",,"R",3834,"G",1947,"G",160,"G",1947,"G",160,2
230852,"R",79810,"A",,"R",5197,"G",2660,"G",217,"G",2660,"G",217,2
230861,"R",111286,"A",,"A",,"G",3710,"A",,"G",3710,"A",,2
230889,"R",8176,"A",,"R",12189,"G",273,"G",508,"G",273,"G",508,2
230898,"R",20699,"A",,"R",2241,"G",690,"G",93,"G",690,"G",93,2
230913,"R",39714,"A",,"R",3919,"G",1324,"G",163,"G",1324,"G",163,2
230931,"R",37024,"A",,"R",962,"G",1234,"G",40,"G",1234,"G",40,2
230940,"R",8268,"A",,"A",,"G",276,"A",,"G",276,"A",,2
230959,"R",84339,"A",,"R",5873,"G",2811,"G",245,"G",2811,"G",245,2
230977,"R",20910,"R",85788,"A",,"G",792,"A",,"G",792,"A",,3
230995,"R",72968,"A",,"R",26834,"G",2432,"G",1118,"G",2432,"G",1118,2
231004,"A",,"R",64170,"A",,"G",71,"A",,"G",71,"A",,1
231059,"R",56910,"A",,"R",7354,"G",1897,"G",306,"G",1897,"G",306,2
231068,"A",,"A",,"R",8741,"A",,"G",364,"A",,"G",364,-2
231077,"R",5858,"A",,"R",2870,"G",195,"G",120,"G",195,"G",120,2
231086,"R",12806,"A",,"A",,"G",427,"A",,"G",427,"A",,2
231095,"R",3400,"A",,"A",,"G",113,"A",,"G",113,"A",,2
231147,"A",,"A",,"R",22334,"A",,"G",931,"A",,"R",900,-2
231165,"R",43996,"A",,"A",,"G",1467,"A",,"G",1467,"A",,2
231174,"R",333039,"A",,"R",21342,"G",11101,"G",889,"R",11101,"R",1340,2
231280,"A",,"R",73101,"A",,"G",81,"A",,"G",81,"A",,1
231411,"R",41563,"A",,"A",,"G",1385,"A",,"G",1385,"A",,2
231420,"R",27645,"A",,"R",387,"G",922,"G",16,"G",922,"G",16,2
231536,"R",96825,"A",,"A",,"G",3228,"A",,"G",3228,"A",,2
231554,"R",20374,"A",,"A",,"G",679,"A",,"G",679,"A",,2
231581,"R",53948,"A",,"A",,"G",1798,"A",,"G",1798,"A",,2
231624,"R",172739,"A",,"R",54358,"G",5758,"G",2265,"G",5758,"G",2265,2
231651,"R",46351,"A",,"R",57358,"G",1545,"G",2390,"G",1545,"G",2390,2
231688,"A",,"R",32895,"A",,"G",37,"A",,"G",37,"A",,1
231697,"R",88594,"A",,"A",,"G",2953,"A",,"G",2953,"A",,2
231712,"R",139891,"A",,"R",3164,"G",4663,"G",132,"G",4663,"G",132,2
231721,"A",,"R",86520,"A",,"G",96,"A",,"G",96,"A",,1
231785,"R",23569,"A",,"A",,"G",786,"A",,"G",786,"A",,2
231828,"R",22245,"A",,"A",,"G",742,"A",,"G",742,"A",,2
231837,"R",23502,"A",,"R",5106,"G",783,"G",213,"G",783,"G",213,2
231873,"R",26587,"A",,"A",,"G",886,"A",,"G",886,"A",,2
231882,"R",87312,"A",,"A",,"G",2910,"A",,"G",2910,"A",,2
231970,"A",,"A",,"R",11337,"A",,"G",472,"A",,"G",472,-2
232016,"R",77968,"A",,"A",,"G",2599,"A",,"G",2599,"A",,2
232025,"R",25776,"A",,"R",785,"G",859,"G",33,"G",859,"G",33,2
232043,"R",31430,"A",,"R",7665,"G",1048,"G",319,"G",1048,"G",319,2
232052,"R",20630,"A",,"A",,"G",688,"A",,"G",688,"A",,2
232089,"R",41796,"A",,"A",,"G",1393,"A",,"G",1393,"A",,2
232186,"R",560305,"A",,"R",174526,"G",18677,"G",7272,"R",18677,"R",7101,2
232195,"R",137470,"A",,"A",,"G",4582,"A",,"G",4582,"A",,2
232256,"R",30813,"A",,"A",,"G",1027,"A",,"G",1027,"A",,2
232265,"R",154309,"A",,"R",21459,"G",5144,"G",894,"G",5144,"G",894,2
232308,"R",28108,"A",,"R",6281,"G",937,"G",262,"G",937,"G",262,2
232414,"R",251457,"A",,"A",,"G",8382,"A",,"G",8382,"A",,2
232423,"R",529921,"A",,"R",34428,"G",17664,"G",1435,"G",17664,"G",1435,2
232450,"R",188656,"A",,"A",,"G",6289,"A",,"G",6289,"A",,2
232502,"R",24852,"A",,"A",,"G",828,"A",,"R",566,"A",,2
232557,"R",940798,"A",,"R",420454,"G",31360,"G",17519,"G",31360,"G",17519,2
232566,"R",125299,"A",,"R",8022,"G",4177,"G",334,"G",4177,"G",334,2
232575,"R",121370,"A",,"A",,"G",4046,"A",,"G",4046,"A",,2
232593,"A",,"R",27600,"A",,"G",31,"A",,"G",31,"A",,1
232609,"R",66092,"A",,"R",9076,"G",2203,"G",378,"G",2203,"G",378,2
232618,"R",8239,"A",,"A",,"G",183,"A",,"G",183,"A",,2
232672,"R",40767,"A",,"R",5344,"G",1359,"G",223,"G",1359,"G",223,2
232681,"R",126648,"A",,"R",10029,"G",4222,"G",418,"G",4222,"G",418,2
232706,"R",67171,"A",,"R",22925,"G",2239,"G",955,"G",2239,"G",955,2
232724,"R",3602,"A",,"A",,"G",120,"A",,"G",120,"A",,2
232788,"R",67570,"A",,"A",,"G",2252,"A",,"G",2252,"A",,2
232797,"R",203032,"A",,"R",880,"G",4512,"G",24,"G",4512,"G",24,2
232867,"R",99499,"A",,"A",,"G",3317,"A",,"G",3317,"A",,2
232885,"R",9039,"A",,"A",,"G",301,"A",,"G",301,"A",,2
232919,"R",14124,"A",,"A",,"G",471,"A",,"G",471,"A",,2
232937,"R",158648,"A",,"R",14213,"G",5288,"G",592,"G",5288,"G",592,2
232946,"R",1040898,"A",,"A",,"G",34697,"A",,"G",34697,"A",,2
232982,"R",497134,"A",,"R",77156,"G",16571,"G",3215,"R",16343,"R",3500,2
233019,"R",74370,"A",,"A",,"G",2479,"A",,"G",2479,"A",,2
233037,"R",32935,"A",,"A",,"G",1098,"A",,"G",1098,"A",,2
233082,"R",3867,"A",,"A",,"G",129,"A",,"G",129,"A",,2
233091,"R",23178,"A",,"A",,"G",515,"A",,"G",515,"A",,2
233116,"R",91756,"A",,"A",,"G",3059,"A",,"G",3059,"A",,2
233277,"R",238854,"A",,"R",20959,"G",7962,"G",873,"R",7944,"R",881,2
233286,"A",,"R",46011,"A",,"G",51,"A",,"R",31,"A",,1
233295,"R",37215,"A",,"A",,"G",1241,"A",,"G",1241,"A",,2
233301,"R",15563,"A",,"R",243,"G",519,"G",10,"G",519,"G",10,2
233310,"R",61421,"A",,"A",,"G",2047,"A",,"G",2047,"A",,2
233329,"A",,"R",336740,"A",,"G",374,"A",,"G",374,"A",,1
233338,"R",35236,"A",,"A",,"G",1175,"A",,"G",1175,"A",,2
233356,"R",7773,"A",,"A",,"G",259,"A",,"G",259,"A",,2
233374,"R",103149,"A",,"R",21617,"G",3438,"G",901,"G",3438,"G",901,2
233408,"R",11677,"A",,"A",,"G",389,"A",,"G",389,"A",,2
233426,"R",70466,"A",,"A",,"G",2349,"A",,"G",2349,"A",,2
233480,"R",1826,"A",,"A",,"G",61,"A",,"G",61,"A",,2
233499,"R",19265,"A",,"A",,"G",642,"A",,"R",597,"A",,2
233541,"R",61460,"A",,"R",44069,"G",2049,"G",1836,"G",2049,"G",1836,2
233611,"R",21308,"A",,"A",,"G",710,"A",,"G",710,"A",,2
233639,"R",117820,"A",,"A",,"G",3927,"A",,"G",3927,"A",,2
233648,"R",70579,"A",,"A",,"G",2353,"A",,"G",2353,"A",,2
233657,"A",,"R",114500,"A",,"G",127,"A",,"G",127,"A",,1
233666,"A",,"R",38880,"A",,"G",43,"A",,"G",43,"A",,1
233684,"R",283730,"A",,"R",82620,"G",6305,"G",2295,"G",6305,"G",2295,2
233718,"R",18771,"A",,"R",304,"G",626,"G",13,"G",626,"G",13,2
233754,"R",215366,"A",,"A",,"G",7179,"A",,"G",7179,"A",,2
233772,"R",681055,"A",,"A",,"G",22702,"A",,"G",22702,"A",,2
233842,"A",,"A",,"R",4900,"A",,"G",204,"A",,"G",204,-2
233897,"R",52874,"A",,"A",,"G",1762,"A",,"G",1762,"A",,2
233903,"R",56394,"A",,"A",,"G",1880,"A",,"G",1880,"A",,2
233912,"R",16117,"A",,"A",,"G",537,"A",,"G",537,"A",,2
233921,"R",747189,"A",,"R",160372,"G",24906,"G",6682,"G",24906,"G",6682,2
233949,"R",149228,"A",,"A",,"G",4974,"A",,"G",4974,"A",,2
234030,"R",639119,"A",,"R",192582,"G",21304,"G",8024,"G",21304,"G",8024,2
234076,"R",465686,"A",,"R",220856,"G",15523,"G",9202,"G",15523,"G",9202,2
234085,"R",53152,"A",,"A",,"G",1772,"A",,"G",1772,"A",,2
234119,"A",,"R",77279,"A",,"G",86,"A",,"G",86,"A",,1
234137,"R",8650,"A",,"R",1970,"G",288,"G",82,"G",288,"G",82,2
234155,"R",156903,"A",,"R",9855,"G",5230,"G",411,"R",5207,"R",439,2
234164,"R",41493,"A",,"R",8487,"G",1383,"G",354,"R",1383,"R",354,2
234173,"R",36222,"A",,"A",,"G",1207,"A",,"G",1207,"A",,2
234191,"A",,"R",178283,"A",,"G",198,"A",,"G",198,"A",,1
234207,"R",50267,"A",,"R",12026,"G",1676,"G",501,"G",1676,"G",501,2
234216,"R",60698,"A",,"A",,"G",1349,"A",,"G",1349,"A",,2
234225,"A",,"R",64484,"A",,"G",72,"A",,"G",72,"A",,1
234359,"A",,"R",193338,"A",,"G",215,"A",,"G",215,"A",,1
234377,"R",74677,"A",,"A",,"G",2489,"A",,"G",2489,"A",,2
234401,"A",,"R",151112,"A",,"G",168,"A",,"G",168,"A",,1
234492,"R",93270,"A",,"A",,"G",2073,"A",,"G",2073,"A",,2
234526,"R",1374,"A",,"A",,"G",31,"A",,"G",31,"A",,2
234650,"A",,"R",130398,"A",,"G",145,"A",,"G",145,"A",,1
234669,"R",524575,"A",,"A",,"G",11657,"A",,"G",11657,"A",,2
234687,"A",,"R",64580,"A",,"G",72,"A",,"G",72,"A",,1
234696,"R",103185,"A",,"A",,"G",2293,"A",,"G",2293,"A",,2
234711,"R",84500,"A",,"A",,"G",1878,"A",,"G",1878,"A",,2
234739,"R",20997,"A",,"A",,"G",700,"A",,"R",452,"A",,2
234784,"R",35298,"A",,"A",,"G",1177,"A",,"R",751,"A",,2
234827,"R",470579,"A",,"R",15713,"G",10457,"G",436,"G",10457,"G",436,2
234845,"R",113317,"A",,"A",,"G",2518,"A",,"G",2518,"A",,2
234915,"R",40100,"A",,"R",33825,"G",891,"G",940,"R",1002,"R",1409,2
234924,"A",,"R",132018,"A",,"G",147,"A",,"G",147,"A",,1
234933,"R",440157,"A",,"A",,"G",9781,"A",,"G",9781,"A",,2
234951,"R",246281,"A",,"A",,"G",5473,"A",,"G",5473,"A",,2
234979,"R",234024,"A",,"A",,"G",5201,"A",,"G",5201,"A",,2
235024,"R",25178,"A",,"A",,"G",839,"A",,"G",839,"A",,2
235088,"A",,"R",487800,"A",,"G",542,"A",,"G",542,"A",,1
235097,"R",446440,"A",,"R",47702,"G",9921,"G",1325,"G",9921,"G",1325,2
235103,"R",348751,"A",,"A",,"G",7750,"A",,"G",7750,"A",,2
235149,"R",273712,"A",,"A",,"G",6082,"A",,"G",6082,"A",,2
235158,"A",,"R",135526,"A",,"G",151,"A",,"G",151,"A",,1
235167,"R",205347,"A",,"R",10307,"G",4563,"G",286,"G",4563,"G",286,2
235237,"R",278696,"A",,"A",,"G",6193,"A",,"G",6193,"A",,2
235307,"A",,"R",257904,"A",,"G",287,"A",,"G",287,"A",,1
235316,"R",157512,"A",,"R",50186,"G",5250,"G",2091,"G",5250,"G",2091,2
235334,"R",93410,"A",,"A",,"G",2076,"A",,"G",2076,"A",,2
235343,"R",351822,"A",,"A",,"G",7818,"A",,"G",7818,"A",,2
235352,"A",,"R",62311,"A",,"G",69,"A",,"G",69,"A",,1
235422,"R",21374,"A",,"R",6049,"G",712,"G",252,"G",712,"G",252,2
235431,"R",277692,"A",,"A",,"G",6171,"A",,"G",6171,"A",,2
235495,"R",4707,"A",,"A",,"G",157,"A",,"G",157,"A",,2
235501,"R",37500,"A",,"A",,"G",1250,"A",,"G",1250,"A",,2
235510,"R",33539,"A",,"A",,"G",745,"A",,"G",745,"A",,2
235529,"R",21729,"A",,"A",,"G",483,"A",,"G",483,"A",,2
235547,"R",9786,"A",,"R",45206,"G",217,"G",1256,"G",217,"G",1256,2
235583,"A",,"R",310903,"A",,"G",345,"A",,"G",345,"A",,1
235671,"R",191183,"A",,"A",,"G",4249,"A",,"G",4249,"A",,2
235699,"R",161098,"A",,"A",,"G",3580,"A",,"G",3580,"A",,2
235750,"R",149770,"A",,"A",,"G",3328,"A",,"G",3328,"A",,2
235769,"R",3923,"A",,"C",0,"G",131,"A",,"G",131,"A",,2
235954,"A",,"R",28500,"A",,"G",32,"A",,"R",37,"A",,1
236018,"A",,"R",105212,"A",,"G",117,"A",,"G",117,"A",,1
236027,"A",,"R",544000,"A",,"G",604,"A",,"G",604,"A",,1
236072,"R",203101,"A",,"A",,"G",4513,"A",,"G",4513,"A",,2
236133,"R",31112,"A",,"R",6052,"G",1037,"G",252,"G",1037,"G",252,2
236188,"R",283732,"A",,"A",,"G",6305,"A",,"G",6305,"A",,2
236212,"A",,"R",1061328,"A",,"G",1179,"A",,"R",1024,"A",,1
236230,"R",99277,"A",,"R",6240,"G",3309,"G",260,"G",3309,"G",260,2
236258,"R",111488,"A",,"A",,"G",2478,"A",,"G",2478,"A",,2
236328,"R",79278,"A",,"R",5874,"G",2643,"G",245,"R",2477,"R",193,2
236382,"R",130870,"A",,"A",,"G",2908,"A",,"G",2908,"A",,2
236452,"R",40463,"A",,"R",5763,"G",1349,"G",240,"G",1349,"G",240,2
236504,"R",194210,"A",,"A",,"G",4316,"A",,"G",4316,"A",,2
236513,"R",276921,"A",,"A",,"G",6154,"A",,"G",6154,"A",,2
236531,"R",15216,"A",,"A",,"G",507,"A",,"R",324,"A",,2
236577,"R",143585,"A",,"R",23215,"G",3191,"G",645,"G",3191,"G",645,2
236595,"R",199874,"A",,"R",82698,"G",4442,"G",2297,"R",4442,"R",3194,2
236610,"R",229929,"A",,"A",,"G",5110,"A",,"G",5110,"A",,2
236638,"R",199742,"A",,"A",,"G",4439,"A",,"G",4439,"A",,2
236656,"R",207624,"A",,"A",,"G",4614,"A",,"G",4614,"A",,2
236692,"R",310548,"A",,"A",,"G",6901,"A",,"G",6901,"A",,2
236708,"R",315783,"A",,"A",,"G",7017,"A",,"G",7017,"A",,2
236744,"A",,"R",91200,"A",,"G",101,"A",,"G",101,"A",,1
236753,"R",286178,"A",,"A",,"G",6360,"A",,"G",6360,"A",,2
236887,"R",199278,"A",,"A",,"G",4428,"A",,"G",4428,"A",,2
236896,"R",67133,"A",,"R",9164,"G",1492,"G",255,"G",1492,"G",255,2
236939,"R",611501,"A",,"R",117657,"G",20383,"G",4902,"G",20383,"G",4902,2
236948,"R",1322173,"A",,"R",458703,"G",29382,"G",12742,"R",29382,"R",15290,2
236975,"R",138456,"A",,"A",,"G",3077,"A",,"G",3077,"A",,2
236993,"R",19248,"A",,"A",,"G",642,"A",,"R",518,"A",,2
237011,"R",601647,"A",,"R",21733,"G",13370,"G",604,"G",13370,"G",604,2
237039,"R",165350,"A",,"A",,"G",3674,"A",,"G",3674,"A",,2
237057,"R",49171,"A",,"A",,"G",1639,"A",,"R",1533,"A",,2
237066,"R",73197,"A",,"R",6309,"G",2440,"G",263,"G",2440,"G",263,2
237109,"R",169696,"A",,"A",,"G",3771,"A",,"G",3771,"A",,2
237118,"R",18256,"A",,"R",3713,"G",609,"G",155,"R",609,"R",81,2
237127,"A",,"R",12720,"A",,"G",14,"A",,"G",14,"A",,1
237136,"R",7648,"A",,"R",72,"G",255,"G",3,"G",255,"G",3,2
237145,"A",,"R",55912,"A",,"G",62,"A",,"R",38,"A",,1
237154,"R",107414,"A",,"R",18956,"G",3580,"G",790,"G",3580,"G",790,2
237172,"A",,"R",152000,"A",,"G",169,"A",,"G",169,"A",,1
237181,"R",26998,"A",,"R",405,"G",900,"G",17,"G",900,"G",17,2
237215,"R",54695,"A",,"A",,"G",1823,"A",,"G",1823,"A",,2
237242,"A",,"R",105030,"A",,"G",117,"A",,"G",117,"A",,1
237303,"A",,"R",146097,"A",,"G",162,"A",,"G",162,"A",,1
237312,"R",35876,"A",,"R",12495,"G",1196,"G",521,"G",1196,"G",521,2
237321,"A",,"R",187188,"A",,"G",208,"A",,"G",208,"A",,1
237330,"R",80915,"A",,"R",3215,"G",2697,"G",134,"G",2697,"G",134,2
237358,"R",21233,"A",,"A",,"G",708,"A",,"G",708,"A",,2
237367,"R",113541,"A",,"R",4063,"G",3785,"G",169,"G",3785,"G",169,2
237385,"R",46206,"A",,"A",,"G",1540,"A",,"G",1540,"A",,2
237419,"A",,"R",18580,"A",,"G",21,"A",,"G",21,"A",,1
237437,"R",47012,"A",,"A",,"G",1045,"A",,"G",1045,"A",,2
237473,"A",,"R",160280,"A",,"G",178,"A",,"G",178,"A",,1
237491,"A",,"R",33920,"A",,"G",38,"A",,"R",31,"A",,1
237525,"R",280329,"A",,"R",72321,"G",9344,"G",3013,"G",9344,"G",3013,2
237543,"A",,"R",124261,"A",,"G",138,"A",,"G",138,"A",,1
237552,"R",10200,"A",,"A",,"G",227,"A",,"G",227,"A",,2
237561,"A",,"R",108900,"A",,"G",121,"A",,"G",121,"A",,1
237570,"A",,"R",90474,"A",,"G",101,"A",,"G",101,"A",,1
237598,"R",8260,"A",,"A",,"G",184,"A",,"G",184,"A",,2
237604,"R",23656,"A",,"A",,"G",789,"A",,"R",503,"A",,2
237613,"A",,"R",76420,"A",,"G",85,"A",,"G",85,"A",,1
237640,"R",11288,"A",,"R",489,"G",376,"G",20,"G",376,"G",20,2
237686,"R",106160,"A",,"A",,"G",3539,"A",,"G",3539,"A",,2
237701,"R",45095,"A",,"A",,"G",1503,"A",,"G",1503,"A",,2
237729,"A",,"R",179664,"A",,"G",200,"A",,"G",200,"A",,1
237783,"R",18053,"A",,"R",9172,"G",602,"G",382,"G",602,"G",382,2
237792,"R",110147,"A",,"R",3419,"G",3672,"G",142,"G",3672,"G",142,2
237817,"R",50421,"A",,"A",,"G",1681,"A",,"G",1681,"A",,2
237844,"A",,"R",61098,"A",,"G",68,"A",,"G",68,"A",,1
237880,"A",,"A",,"R",43903,"A",,"G",1829,"A",,"G",1829,-2
237899,"R",72331,"A",,"R",759,"G",2411,"G",32,"G",2411,"G",32,2
237905,"A",,"R",44100,"R",168,"G",49,"G",7,"G",49,"G",7,1
237932,"R",76838,"A",,"R",1697,"G",2561,"G",71,"G",2561,"G",71,2
237950,"R",31437,"A",,"A",,"G",1048,"A",,"G",1048,"A",,2
237969,"R",38949,"A",,"R",1288,"G",1298,"G",54,"G",1298,"G",54,2
237978,"R",4280,"A",,"A",,"G",95,"A",,"G",95,"A",,2
237987,"R",13809,"A",,"A",,"G",307,"A",,"G",307,"A",,2
237996,"R",9269,"A",,"A",,"G",206,"A",,"G",206,"A",,2
238005,"A",,"R",59486,"A",,"G",66,"A",,"G",66,"A",,1
238014,"R",76610,"A",,"A",,"G",2554,"A",,"G",2554,"A",,2
238032,"R",681683,"A",,"R",161310,"G",22723,"G",6721,"G",22723,"G",6721,2
238078,"R",28549,"A",,"R",6566,"G",952,"G",274,"G",952,"G",274,2
238096,"A",,"R",42600,"A",,"G",47,"A",,"G",47,"A",,1
238166,"A",,"R",117958,"A",,"G",131,"A",,"G",131,"A",,1
238175,"A",,"R",177325,"A",,"G",197,"A",,"G",197,"A",,1
238193,"R",54734,"A",,"R",5873,"G",1824,"G",245,"G",1824,"G",245,2
238263,"R",307249,"A",,"R",858,"G",10242,"G",36,"G",10242,"G",36,2
238324,"R",9521,"A",,"R",431,"G",317,"G",18,"G",317,"G",18,2
238333,"R",40557,"A",,"A",,"G",1352,"A",,"R",1267,"A",,2
238397,"R",66624,"A",,"A",,"G",2221,"A",,"G",2221,"A",,2
238421,"R",2920,"A",,"A",,"G",97,"A",,"G",97,"A",,2
238430,"R",70627,"A",,"R",44618,"G",2354,"G",1859,"G",2354,"G",1859,2
238458,"R",92778,"A",,"R",6636,"G",3093,"G",277,"G",3093,"G",277,2
238476,"R",97971,"A",,"R",1446,"G",3266,"G",60,"G",3266,"G",60,2
238573,"R",45,"A",,"A",,"G",2,"A",,"G",2,"A",,2
238616,"R",98382,"A",,"R",40717,"G",3279,"G",1697,"G",3279,"G",1697,2
238661,"R",55665,"A",,"R",12155,"G",1856,"G",506,"G",1856,"G",506,2
238722,"R",198964,"A",,"A",,"G",6632,"A",,"G",6632,"A",,2
238759,"R",164889,"A",,"A",,"G",5496,"A",,"G",5496,"A",,2
238786,"A",,"R",212631,"A",,"G",236,"A",,"G",236,"A",,1
238810,"A",,"R",118855,"A",,"G",132,"A",,"G",132,"A",,1
238892,"R",48188,"A",,"A",,"G",1071,"A",,"G",1071,"A",,2
238935,"R",7326,"A",,"A",,"G",244,"A",,"R",204,"A",,2
238980,"R",60703,"A",,"R",13276,"G",2023,"G",553,"G",2023,"G",553,2
239008,"R",61560,"A",,"A",,"G",2052,"A",,"G",2052,"A",,2
239017,"R",85778,"A",,"A",,"G",2859,"A",,"R",1588,"A",,2
239071,"R",24106,"A",,"R",1279,"G",804,"G",53,"G",804,"G",53,2
239080,"R",53334,"A",,"R",13598,"G",1778,"G",567,"G",1778,"G",567,2
239105,"R",245094,"A",,"R",78653,"G",8170,"G",3277,"G",8170,"G",3277,2
239132,"A",,"R",300451,"A",,"G",334,"A",,"G",334,"A",,1
239169,"A",,"A",,"R",9074,"A",,"G",378,"A",,"R",1198,-2
239220,"R",77185,"A",,"A",,"G",2573,"A",,"G",2573,"A",,2
239248,"R",374958,"A",,"A",,"G",12499,"A",,"G",12499,"A",,2
239309,"R",22728,"A",,"A",,"G",758,"A",,"G",758,"A",,2
239318,"R",103194,"A",,"R",2855,"G",2293,"G",79,"G",2293,"G",79,2
239372,"R",94944,"A",,"A",,"G",3165,"A",,"G",3165,"A",,2
239390,"R",31972,"A",,"R",10284,"G",1066,"G",429,"G",1066,"G",429,2
239424,"A",,"A",,"R",1980,"A",,"G",83,"A",,"G",83,-2
239442,"R",31582,"A",,"A",,"G",1053,"A",,"G",1053,"A",,2
239460,"R",100565,"A",,"A",,"G",3352,"A",,"G",3352,"A",,2
239488,"R",198036,"A",,"A",,"G",6601,"A",,"R",7560,"A",,2
239503,"R",15918,"A",,"R",1037,"G",531,"G",43,"G",531,"G",43,2
239512,"R",16698,"A",,"A",,"G",557,"A",,"G",557,"A",,2
239628,"R",33315,"A",,"A",,"G",1111,"A",,"G",1111,"A",,2
239637,"A",,"A",,"R",2414,"A",,"G",101,"A",,"G",101,-2
239716,"R",68521,"A",,"R",600,"G",2284,"G",25,"G",2284,"G",25,2
239743,"R",9131,"A",,"R",4331,"G",304,"G",180,"G",304,"G",180,2
239877,"A",,"R",120900,"A",,"G",134,"A",,"R",73,"A",,1
239910,"R",49982,"A",,"A",,"G",1666,"A",,"G",1666,"A",,2
239929,"R",36250,"A",,"A",,"G",1208,"A",,"G",1208,"A",,2
240055,"R",317038,"A",,"A",,"G",10568,"A",,"G",10568,"A",,2
240107,"R",58246,"A",,"R",30180,"G",1942,"G",1258,"G",1942,"G",1258,2
240116,"R",130255,"A",,"A",,"G",4342,"A",,"G",4342,"A",,2
240125,"R",139821,"A",,"A",,"G",4661,"A",,"G",4661,"A",,2
240170,"R",109176,"A",,"A",,"G",3639,"A",,"R",3672,"A",,2
240189,"R",290075,"A",,"R",25626,"G",9669,"G",1068,"G",9669,"G",1068,2
240198,"R",77365,"A",,"A",,"G",2579,"A",,"G",2579,"A",,2
240213,"A",,"A",,"R",1452,"A",,"G",61,"A",,"G",61,-2
240240,"A",,"R",104820,"A",,"G",116,"A",,"G",116,"A",,1
240268,"R",297114,"A",,"R",8063,"G",9904,"G",336,"G",9904,"G",336,2
240277,"R",162089,"A",,"R",2945,"G",5403,"G",123,"G",5403,"G",123,2
240329,"R",262857,"A",,"R",21279,"G",8762,"G",887,"G",8762,"G",887,2
240338,"R",27114,"A",,"A",,"G",904,"A",,"G",904,"A",,2
240365,"R",297965,"A",,"R",15712,"G",9932,"G",655,"G",9932,"G",655,2
240374,"R",121899,"A",,"R",1842,"G",4063,"G",77,"G",4063,"G",77,2
240392,"R",127262,"A",,"R",3503,"G",4242,"G",146,"G",4242,"G",146,2
240417,"R",223757,"A",,"R",17165,"G",7459,"G",715,"G",7459,"G",715,2
240426,"R",69473,"A",,"R",3197,"G",2316,"G",133,"G",2316,"G",133,2
240444,"R",825280,"A",,"R",239046,"G",27509,"G",9960,"G",27509,"G",9960,2
240453,"R",663883,"A",,"R",83938,"G",22129,"G",3497,"G",22129,"G",3497,2
240462,"R",203152,"A",,"R",8449,"G",6772,"G",352,"G",6772,"G",352,2
240471,"R",176751,"A",,"R",8464,"G",5892,"G",353,"G",5892,"G",353,2
240480,"R",257524,"A",,"R",6692,"G",8584,"G",279,"G",8584,"G",279,2
240505,"R",92373,"A",,"A",,"G",3079,"A",,"G",3079,"A",,2
240514,"R",43350,"A",,"A",,"G",1445,"A",,"R",1806,"A",,2
240596,"R",28047,"A",,"A",,"G",935,"A",,"R",1169,"A",,2
240620,"R",104633,"A",,"A",,"G",3488,"A",,"G",3488,"A",,2
240657,"R",50795,"A",,"A",,"G",1693,"A",,"R",2116,"A",,2
240666,"R",60471,"A",,"A",,"G",2016,"A",,"R",2520,"A",,2
240693,"R",65303,"A",,"A",,"G",2177,"A",,"R",2715,"A",,2
240709,"A",,"R",43000,"A",,"G",48,"A",,"G",48,"A",,1
240718,"R",104057,"A",,"A",,"G",3469,"A",,"R",2222,"A",,2
240727,"R",279361,"A",,"R",50824,"G",9312,"G",2118,"G",9312,"G",2118,2
240736,"R",44010,"A",,"A",,"G",1467,"A",,"G",1467,"A",,2
240745,"R",47535,"A",,"A",,"G",1585,"A",,"G",1585,"A",,2
240754,"R",85200,"A",,"R",6412,"G",2840,"G",267,"G",2840,"G",267,2
240790,"R",28548,"A",,"A",,"G",952,"A",,"G",952,"A",,2
240879,"R",17352,"A",,"A",,"G",578,"A",,"G",578,"A",,2
240985,"R",13926,"A",,"A",,"G",464,"A",,"G",464,"A",,2
241100,"R",32118,"A",,"R",2241,"G",1071,"G",93,"G",1071,"G",93,2
241128,"R",29375,"A",,"R",948,"G",979,"G",40,"G",979,"G",40,2
241146,"R",28922,"A",,"A",,"G",964,"A",,"R",1200,"A",,2
241182,"R",24744,"A",,"A",,"G",825,"A",,"G",825,"A",,2
241191,"R",34815,"A",,"R",802,"G",1161,"G",33,"G",1161,"G",33,2
241216,"R",52128,"A",,"R",864,"G",1738,"G",36,"G",1738,"G",36,2
241225,"R",59745,"A",,"R",5246,"G",1992,"G",219,"G",1992,"G",219,2
241304,"R",41459,"A",,"R",1792,"G",1382,"G",75,"G",1382,"G",75,2
241331,"R",4233,"A",,"R",12035,"G",141,"G",501,"G",141,"G",501,2
241377,"R",46640,"A",,"R",6624,"G",1555,"G",276,"G",1555,"G",276,2
241386,"R",13972,"A",,"R",1680,"G",466,"G",70,"G",466,"G",70,2
241395,"R",13836,"A",,"R",3612,"G",461,"G",151,"R",461,"R",201,2
241410,"R",169513,"A",,"R",41768,"G",5650,"G",1740,"R",5650,"R",2320,2
241517,"R",57090,"A",,"A",,"G",1903,"A",,"G",1903,"A",,2
241614,"R",5824,"A",,"A",,"G",194,"A",,"R",176,"A",,2
241720,"R",42107,"A",,"A",,"G",1404,"A",,"G",1404,"A",,2
241739,"R",281952,"A",,"R",37369,"G",9398,"G",1557,"G",9398,"G",1557,2
241766,"R",10195,"A",,"R",249,"G",340,"G",10,"G",340,"G",10,2
241793,"A",,"A",,"R",4277,"A",,"G",178,"A",,"G",178,-2
241836,"R",27789,"A",,"A",,"G",926,"A",,"G",926,"A",,2
241906,"R",8131,"R",31285,"A",,"G",306,"A",,"G",306,"A",,3
241951,"R",16494,"A",,"A",,"G",550,"A",,"R",458,"A",,2
242042,"R",24286,"A",,"A",,"G",810,"A",,"G",810,"A",,2
242112,"R",84135,"A",,"A",,"G",2805,"A",,"G",2805,"A",,2
242121,"R",21214,"A",,"A",,"G",707,"A",,"G",707,"A",,2
242130,"R",9822,"A",,"A",,"G",327,"A",,"G",327,"A",,2
242149,"R",8784,"A",,"A",,"G",293,"A",,"G",293,"A",,2
242316,"R",4860,"A",,"A",,"G",162,"A",,"G",162,"A",,2
242413,"R",13044,"A",,"A",,"G",435,"A",,"G",435,"A",,2
242422,"R",819385,"A",,"A",,"G",27313,"A",,"G",27313,"A",,2
242556,"R",25020,"A",,"A",,"G",834,"A",,"G",834,"A",,2
242565,"R",20491,"A",,"A",,"G",683,"A",,"G",683,"A",,2
242583,"A",,"R",565956,"A",,"G",629,"A",,"G",629,"A",,1
242617,"R",114941,"A",,"R",9509,"G",3831,"G",396,"R",4789,"R",528,2
242626,"R",103073,"A",,"R",4092,"G",3436,"G",171,"R",4295,"R",227,2
242635,"R",113285,"A",,"R",5624,"G",3776,"G",234,"R",4720,"R",312,2
242644,"R",57572,"A",,"R",1568,"G",1919,"G",65,"R",2399,"R",87,2
242653,"R",207162,"A",,"R",44875,"G",6905,"G",1870,"R",8632,"R",2493,2
242662,"R",143746,"A",,"R",4573,"G",4792,"G",191,"R",5989,"R",254,2
242680,"R",53307,"A",,"R",956,"G",1777,"G",40,"R",2221,"R",53,2
242699,"R",57044,"A",,"R",1051,"G",1901,"G",44,"R",2377,"R",58,2
242705,"R",124157,"A",,"R",1463,"G",4139,"G",61,"R",5173,"R",81,2
242723,"A",,"A",,"R",22013,"A",,"G",917,"A",,"R",734,-2
242750,"R",4138,"A",,"A",,"G",138,"A",,"G",138,"A",,2
242820,"R",22352,"A",,"A",,"G",745,"A",,"G",745,"A",,2
242884,"R",67949,"A",,"A",,"G",2265,"A",,"G",2265,"A",,2
242945,"A",,"R",538000,"A",,"G",598,"A",,"G",598,"A",,1
242954,"A",,"R",83200,"A",,"G",92,"A",,"G",92,"A",,1
242972,"R",95127,"A",,"A",,"G",3171,"A",,"G",3171,"A",,2
242981,"R",54863,"A",,"A",,"G",1829,"A",,"G",1829,"A",,2
243072,"R",101715,"A",,"A",,"G",3391,"A",,"G",3391,"A",,2
243081,"A",,"A",,"R",19122,"A",,"G",797,"A",,"R",650,-2
243106,"R",79213,"A",,"A",,"G",2640,"A",,"G",2640,"A",,2
243115,"R",104777,"A",,"A",,"G",3493,"A",,"R",3859,"A",,2
243133,"R",144075,"R",28832,"A",,"G",4835,"A",,"G",4835,"A",,3
243142,"R",123620,"A",,"A",,"G",2747,"A",,"G",2747,"A",,2
243151,"R",95807,"A",,"A",,"G",3194,"A",,"G",3194,"A",,2
243179,"R",117191,"A",,"A",,"G",3906,"A",,"G",3906,"A",,2
243188,"R",40844,"A",,"A",,"G",1361,"A",,"G",1361,"A",,2
243197,"R",350187,"A",,"R",10701,"G",11673,"G",446,"G",11673,"G",446,2
243203,"R",16523,"A",,"R",52738,"G",551,"G",2197,"G",551,"G",2197,2
243212,"R",94628,"A",,"A",,"G",3154,"A",,"R",2978,"A",,2
243221,"R",354203,"A",,"R",29020,"G",11807,"G",1209,"G",11807,"G",1209,2
243346,"R",312951,"A",,"R",18537,"G",10432,"G",772,"G",10432,"G",772,2
243407,"A",,"R",14400,"A",,"G",16,"A",,"G",16,"A",,1
243416,"R",5115,"A",,"A",,"G",171,"A",,"G",171,"A",,2
243443,"R",137079,"A",,"R",12647,"G",4569,"G",527,"G",4569,"G",527,2
243498,"A",,"A",,"R",2966,"A",,"G",124,"A",,"G",124,-2
243568,"R",4374,"A",,"R",8989,"G",146,"G",375,"G",146,"G",375,2
243577,"R",131093,"A",,"R",10832,"G",4370,"G",451,"G",4370,"G",451,2
243586,"R",37902,"A",,"R",1818,"G",1263,"G",76,"R",1263,"R",101,2
243601,"R",332157,"A",,"R",47810,"G",11072,"G",1992,"G",11072,"G",1992,2
243638,"R",61358,"A",,"A",,"G",2045,"A",,"G",2045,"A",,2
243647,"R",16953,"A",,"A",,"G",565,"A",,"G",565,"A",,2
243665,"R",60784,"A",,"R",2701,"G",2026,"G",113,"G",2026,"G",113,2
243744,"R",334633,"A",,"R",292429,"G",7436,"G",8123,"G",7436,"G",8123,2
243780,"R",948465,"A",,"R",212117,"G",31616,"G",8838,"G",31616,"G",8838,2
243799,"A",,"R",56474,"A",,"G",63,"A",,"G",63,"A",,1
243823,"R",3109,"R",52090,"R",54628,"G",162,"G",2276,"R",104,"R",910,3
243832,"R",29324,"A",,"R",1293,"G",977,"G",54,"G",977,"G",54,2
243841,"R",20676,"A",,"A",,"G",689,"A",,"G",689,"A",,2
244011,"R",44646,"A",,"A",,"G",992,"A",,"G",992,"A",,2
244154,"R",23400,"A",,"A",,"G",520,"A",,"G",520,"A",,2
244190,"R",3514,"A",,"R",28862,"G",117,"G",1203,"G",117,"G",1203,2
244233,"R",59400,"A",,"A",,"G",1320,"A",,"G",1320,"A",,2
244279,"R",10932,"A",,"A",,"G",364,"A",,"G",364,"A",,2
244437,"R",581665,"A",,"A",,"G",19389,"A",,"G",19389,"A",,2
244446,"R",200182,"A",,"A",,"G",4448,"A",,"G",4448,"A",,2
244491,"A",,"R",168950,"A",,"G",188,"A",,"G",188,"A",,1
244561,"R",16946,"A",,"A",,"G",565,"A",,"G",565,"A",,2
244613,"A",,"R",166400,"A",,"G",185,"A",,"G",185,"A",,1
245032,"R",28405,"A",,"A",,"G",631,"A",,"G",631,"A",,2
245069,"A",,"R",45200,"A",,"G",50,"A",,"G",50,"A",,1
245281,"A",,"R",48050,"A",,"G",53,"A",,"G",53,"A",,1
245290,"A",,"R",245000,"A",,"G",272,"A",,"R",272,"A",,1
245342,"R",63267,"R",155451,"A",,"G",2282,"A",,"G",2282,"A",,3
245421,"R",7380,"A",,"A",,"G",164,"A",,"G",164,"A",,2
245430,"R",11246,"A",,"A",,"G",250,"A",,"G",250,"A",,2
245625,"R",43288,"A",,"A",,"G",1443,"A",,"G",1443,"A",,2
245652,"R",13781,"A",,"R",2009,"G",459,"G",84,"G",459,"G",84,2
245731,"R",864,"A",,"R",372,"G",29,"G",16,"G",29,"G",16,2
245777,"R",360,"A",,"R",118,"G",12,"G",5,"G",12,"G",5,2
245838,"R",7279,"A",,"R",21983,"G",162,"G",611,"G",162,"G",611,2
245847,"R",5212,"A",,"R",8495,"G",116,"G",236,"G",116,"G",236,2
245865,"A",,"A",,"R",16776,"A",,"G",699,"A",,"R",801,-2
245883,"R",8172,"A",,"R",17967,"G",182,"G",499,"G",182,"G",499,2
245892,"R",5399,"A",,"R",14606,"G",120,"G",406,"G",120,"G",406,2
245953,"R",39473,"A",,"R",10887,"G",1316,"G",454,"G",1316,"G",454,2
245962,"A",,"R",934569,"A",,"G",1038,"A",,"G",1038,"A",,1
245980,"A",,"R",45900,"A",,"G",51,"A",,"G",51,"A",,1
245999,"A",,"R",1510436,"A",,"G",1678,"A",,"R",2877,"A",,1
246008,"R",9361,"A",,"A",,"G",312,"A",,"G",312,"A",,2
246017,"A",,"R",744835,"A",,"G",828,"A",,"G",828,"A",,1
246035,"R",26965,"A",,"A",,"G",899,"A",,"G",899,"A",,2
246071,"A",,"R",152400,"A",,"G",169,"A",,"G",169,"A",,1
246202,"R",28162,"A",,"A",,"G",939,"A",,"G",939,"A",,2
246266,"R",41904,"A",,"A",,"G",1397,"A",,"G",1397,"A",,2
246345,"A",,"A",,"R",3208,"A",,"G",134,"A",,"G",134,-2
246354,"R",152409,"R",2811744,"A",,"G",8204,"A",,"G",8204,"A",,3
246406,"A",,"R",25716,"A",,"G",29,"A",,"G",29,"A",,1
246415,"A",,"R",57290,"A",,"G",64,"A",,"G",64,"A",,1
246460,"A",,"R",108000,"A",,"G",120,"A",,"G",120,"A",,1
246594,"A",,"R",211484,"A",,"G",235,"A",,"G",235,"A",,1
246789,"A",,"A",,"R",1224,"A",,"G",51,"A",,"G",51,-2
246813,"R",194601,"A",,"A",,"G",4324,"A",,"G",4324,"A",,2
246895,"A",,"R",765568,"A",,"G",851,"A",,"R",1196,"A",,1
246974,"R",30426,"A",,"A",,"G",1014,"A",,"G",1014,"A",,2
247010,"A",,"R",55682,"A",,"G",62,"A",,"R",62,"A",,1
247047,"A",,"R",105400,"A",,"G",117,"A",,"G",117,"A",,1
247065,"R",44483,"A",,"C",0,"G",989,"A",,"G",989,"A",,2
247153,"R",12348,"A",,"A",,"G",274,"A",,"G",274,"A",,2
247162,"R",108,"A",,"R",3229,"G",2,"G",90,"G",2,"G",90,2
247409,"A",,"R",272880,"A",,"G",303,"A",,"G",303,"A",,1
247603,"R",77032,"A",,"A",,"G",2568,"A",,"G",2568,"A",,2
247649,"R",11382,"A",,"A",,"G",379,"A",,"R",488,"A",,2
247700,"R",28601,"A",,"A",,"G",636,"A",,"G",636,"A",,2
247773,"R",2667,"A",,"R",293,"G",89,"G",12,"G",89,"G",12,2
247825,"R",462,"A",,"R",330,"G",15,"G",14,"G",15,"G",14,2
247834,"R",537688,"A",,"A",,"G",17923,"A",,"G",17923,"A",,2
247922,"A",,"A",,"R",161,"A",,"G",7,"A",,"G",7,-2
247940,"R",99803,"A",,"A",,"G",3327,"A",,"G",3327,"A",,2
248165,"A",,"R",18900,"A",,"G",21,"A",,"G",21,"A",,1
248192,"A",,"R",21600,"A",,"G",24,"A",,"G",24,"A",,1
248305,"A",,"R",437524,"A",,"G",486,"A",,"G",486,"A",,1
248314,"A",,"R",46522,"A",,"G",52,"A",,"G",52,"A",,1
248527,"A",,"R",64800,"A",,"G",72,"A",,"G",72,"A",,1
248606,"A",,"R",631854,"A",,"G",702,"A",,"G",702,"A",,1
248624,"A",,"R",102116,"A",,"G",113,"A",,"G",113,"A",,1
248633,"A",,"R",59670,"A",,"G",66,"A",,"G",66,"A",,1
248660,"A",,"R",71135,"A",,"G",79,"A",,"R",80,"A",,1
248703,"A",,"R",178715,"A",,"G",199,"A",,"G",199,"A",,1
248776,"R",60868,"A",,"A",,"G",1353,"A",,"G",1353,"A",,2
248846,"R",11013,"A",,"A",,"G",245,"A",,"G",245,"A",,2
248882,"R",20681,"A",,"A",,"G",460,"A",,"G",460,"A",,2
248925,"A",,"R",761162,"A",,"G",846,"A",,"G",846,"A",,1
248934,"R",483157,"A",,"A",,"G",16105,"A",,"G",16105,"A",,2
249061,"A",,"R",39912,"A",,"G",44,"A",,"G",44,"A",,1
249140,"R",33150,"A",,"A",,"G",1105,"A",,"G",1105,"A",,2
249238,"A",,"R",322180,"A",,"G",358,"A",,"G",358,"A",,1
249247,"R",10116,"R",1476360,"A",,"G",1978,"A",,"G",1978,"A",,3
249566,"A",,"R",155088,"A",,"G",172,"A",,"G",172,"A",,1
249609,"A",,"R",288649,"A",,"G",321,"A",,"G",321,"A",,1
250027,"R",12147,"A",,"A",,"G",405,"A",,"G",405,"A",,2
250072,"R",5193,"R",5600,"A",,"G",179,"A",,"G",179,"A",,3
250285,"A",,"R",391560,"A",,"G",435,"A",,"G",435,"A",,1
250407,"R",70136,"R",400,"A",,"G",2338,"A",,"G",2338,"A",,3
250498,"A",,"R",136010,"A",,"G",151,"A",,"G",151,"A",,1
250601,"R",29391,"A",,"A",,"G",980,"A",,"G",980,"A",,2
250744,"R",19482,"A",,"A",,"G",433,"A",,"G",433,"A",,2
250832,"A",,"R",67804,"A",,"G",75,"A",,"G",75,"A",,1
250902,"A",,"R",51250,"A",,"G",57,"A",,"G",57,"A",,1
250920,"A",,"R",3293437,"A",,"G",3659,"A",,"G",3659,"A",,1
250993,"A",,"R",78111,"A",,"G",87,"A",,"G",87,"A",,1
251075,"R",29606,"A",,"A",,"G",987,"A",,"G",987,"A",,2
251251,"R",23266,"A",,"A",,"G",517,"A",,"G",517,"A",,2
251260,"R",130406,"A",,"A",,"G",4347,"A",,"G",4347,"A",,2
251312,"R",53160,"A",,"R",12815,"G",1181,"G",356,"G",1181,"G",356,2
260293,"R",364000,"A",,"R",3992,"G",12133,"G",166,"R",10032,"R",166,2
260336,"A",,"R",26100,"A",,"G",29,"A",,"G",29,"A",,1
260354,"R",4763,"A",,"A",,"G",159,"A",,"G",159,"A",,2
260363,"A",,"R",57960,"A",,"G",64,"A",,"R",64,"A",,1
260372,"R",9336,"A",,"A",,"G",311,"A",,"G",311,"A",,2
260664,"R",8304,"A",,"A",,"G",277,"A",,"G",277,"A",,2
260691,"A",,"R",1917544,"A",,"G",2131,"A",,"G",2131,"A",,1
260789,"R",17232,"A",,"A",,"G",574,"A",,"G",574,"A",,2
260813,"R",10260,"A",,"A",,"G",228,"A",,"R",228,"A",,2
260901,"R",2396668,"A",,"R",223841,"G",79889,"G",9327,"G",79889,"G",9327,2
260910,"R",35919,"A",,"R",576,"G",1197,"G",24,"G",1197,"G",24,2
260929,"A",,"R",279231,"A",,"G",310,"A",,"G",310,"A",,1
260947,"R",1080,"A",,"A",,"G",36,"A",,"G",36,"A",,2
260956,"A",,"A",,"R",1820,"A",,"G",76,"A",,"G",76,-2
260965,"A",,"R",85000,"A",,"G",94,"A",,"G",94,"A",,1
260974,"R",21508,"A",,"A",,"G",478,"A",,"G",478,"A",,2
260992,"R",35558,"A",,"A",,"G",790,"A",,"G",790,"A",,2
261375,"A",,"R",1029683,"A",,"G",1144,"A",,"G",1144,"A",,1
261384,"A",,"R",439142,"A",,"G",488,"A",,"G",488,"A",,1
261393,"A",,"R",269383,"A",,"G",299,"A",,"G",299,"A",,1
261436,"A",,"R",939840,"A",,"G",1044,"A",,"G",1044,"A",,1
261472,"R",57980,"A",,"A",,"G",1288,"A",,"G",1288,"A",,2
261676,"A",,"R",205920,"A",,"G",229,"A",,"G",229,"A",,1
261685,"A",,"R",208080,"A",,"G",231,"A",,"G",231,"A",,1
261719,"A",,"R",27709,"A",,"G",31,"A",,"G",31,"A",,1
261773,"A",,"R",46170,"A",,"G",51,"A",,"G",51,"A",,1
261861,"R",10612,"A",,"A",,"G",236,"A",,"G",236,"A",,2
261931,"R",10262,"A",,"A",,"G",342,"A",,"G",342,"A",,2
262022,"A",,"A",,"R",4756,"A",,"G",132,"A",,"G",132,-2
262031,"R",171775,"A",,"A",,"G",5726,"A",,"G",5726,"A",,2
262086,"R",90221,"A",,"R",81343,"G",3007,"G",3389,"G",3007,"G",3389,2
262129,"R",27500,"A",,"A",,"G",917,"A",,"G",917,"A",,2
262235,"A",,"R",73445,"A",,"G",82,"A",,"G",82,"A",,1
262299,"A",,"R",201861,"A",,"G",224,"A",,"G",224,"A",,1
262332,"R",85052,"A",,"A",,"G",2835,"A",,"G",2835,"A",,2
262341,"A",,"R",666600,"A",,"G",741,"A",,"G",741,"A",,1
262369,"A",,"R",198824,"A",,"G",221,"A",,"G",221,"A",,1
262402,"A",,"R",138960,"A",,"G",154,"A",,"G",154,"A",,1
262457,"A",,"R",778880,"A",,"G",865,"A",,"G",865,"A",,1
262466,"A",,"R",39737,"A",,"G",44,"A",,"G",44,"A",,1
262509,"R",26819,"A",,"A",,"G",894,"A",,"R",1008,"A",,2
262660,"A",,"R",261645,"A",,"G",291,"A",,"G",291,"A",,1
362700,"R",18017,"R",1152,"A",,"G",602,"A",,"G",602,"A",,3
362782,"A",,"R",73720,"A",,"G",82,"A",,"G",82,"A",,1
363013,"A",,"R",177120,"A",,"G",197,"A",,"G",197,"A",,1
363077,"A",,"R",219733,"A",,"G",244,"A",,"G",244,"A",,1
363147,"A",,"R",67500,"A",,"G",75,"A",,"G",75,"A",,1
363165,"A",,"R",994025,"A",,"G",1104,"A",,"R",1893,"A",,1
363387,"R",76580,"A",,"A",,"G",1702,"A",,"G",1702,"A",,2
363439,"R",51216,"A",,"A",,"G",1138,"A",,"G",1138,"A",,2
363457,"R",9243,"A",,"A",,"G",205,"A",,"G",205,"A",,2
363590,"R",34979,"A",,"A",,"G",1166,"A",,"R",753,"A",,2
363633,"R",34184,"A",,"A",,"G",1139,"A",,"G",1139,"A",,2
363679,"A",,"R",107451,"A",,"G",119,"A",,"G",119,"A",,1
363712,"R",1380,"A",,"A",,"G",46,"A",,"G",46,"A",,2
363721,"A",,"A",,"R",9632,"A",,"G",401,"A",,"G",401,-2
363882,"A",,"R",63900,"A",,"G",71,"A",,"G",71,"A",,1
363907,"R",28316,"A",,"R",6072,"G",944,"G",253,"G",944,"G",253,2
363916,"R",11278,"A",,"R",2364,"G",376,"G",99,"G",376,"G",99,2
363934,"R",31396,"A",,"R",972,"G",1047,"G",41,"G",1047,"G",41,2
364016,"R",171435,"A",,"A",,"G",5715,"A",,"G",5715,"A",,2
364025,"R",216184,"A",,"A",,"G",7206,"A",,"G",7206,"A",,2
364122,"R",96,"A",,"A",,"G",3,"A",,"G",3,"A",,2
364168,"R",20128,"A",,"A",,"G",671,"A",,"G",671,"A",,2
364317,"A",,"R",964804,"A",,"G",1072,"A",,"G",1072,"A",,1
364326,"A",,"R",747165,"A",,"G",830,"A",,"G",830,"A",,1
364335,"A",,"R",1270308,"A",,"G",1411,"A",,"G",1411,"A",,1
364548,"A",,"R",354600,"A",,"G",394,"A",,"G",394,"A",,1
364566,"A",,"R",152616,"A",,"G",170,"A",,"G",170,"A",,1
364575,"A",,"R",50090,"A",,"G",56,"A",,"G",56,"A",,1
364584,"A",,"R",124853,"A",,"G",139,"A",,"G",139,"A",,1
364593,"R",5100,"A",,"A",,"G",170,"A",,"R",170,"A",,2
364618,"A",,"R",158600,"A",,"G",176,"A",,"G",176,"A",,1
364627,"A",,"R",222211,"A",,"G",247,"A",,"G",247,"A",,1
364636,"A",,"R",80000,"A",,"G",89,"A",,"G",89,"A",,1
364751,"A",,"R",205744,"A",,"G",229,"A",,"G",229,"A",,1
364760,"A",,"R",36762,"A",,"G",41,"A",,"G",41,"A",,1
364812,"A",,"R",74700,"A",,"G",83,"A",,"G",83,"A",,1
364885,"R",27540,"A",,"A",,"G",612,"A",,"G",612,"A",,2
364946,"A",,"R",228933,"A",,"G",254,"A",,"G",254,"A",,1
364955,"R",49418,"A",,"A",,"G",1647,"A",,"G",1647,"A",,2
364964,"A",,"R",43200,"A",,"G",48,"A",,"G",48,"A",,1
364973,"R",40678,"A",,"A",,"G",1356,"A",,"G",1356,"A",,2
365055,"R",65964,"A",,"A",,"G",1466,"A",,"G",1466,"A",,2
365073,"A",,"R",211500,"A",,"G",235,"A",,"R",235,"A",,1
365091,"A",,"R",267787,"A",,"G",298,"A",,"G",298,"A",,1
365107,"A",,"R",77400,"A",,"G",86,"A",,"G",86,"A",,1
365125,"A",,"R",173191,"A",,"G",192,"A",,"R",256,"A",,1
365198,"A",,"R",406487,"A",,"G",452,"A",,"G",452,"A",,1
365204,"R",53592,"A",,"A",,"G",1786,"A",,"G",1786,"A",,2
365213,"A",,"R",499516,"A",,"G",555,"A",,"G",555,"A",,1
365240,"A",,"R",128975,"A",,"G",143,"A",,"G",143,"A",,1
365374,"A",,"R",823725,"A",,"G",915,"A",,"G",915,"A",,1
365383,"A",,"R",168947,"A",,"G",188,"A",,"G",188,"A",,1
365426,"A",,"A",,"R",12785,"A",,"G",355,"A",,"R",352,-2
365453,"A",,"R",20220,"A",,"G",22,"A",,"G",22,"A",,1
365480,"A",,"R",450581,"A",,"G",501,"A",,"G",501,"A",,1
365505,"A",,"R",62740,"A",,"G",70,"A",,"G",70,"A",,1
365569,"A",,"R",46291,"A",,"G",51,"A",,"G",51,"A",,1
365693,"A",,"R",101156,"A",,"G",112,"A",,"G",112,"A",,1
365763,"A",,"R",55440,"A",,"G",62,"A",,"G",62,"A",,1
365824,"A",,"R",226080,"A",,"G",251,"A",,"G",251,"A",,1
365833,"A",,"R",208080,"A",,"G",231,"A",,"G",231,"A",,1
366003,"R",1272,"A",,"R",204,"G",42,"G",9,"G",42,"G",9,2
366155,"A",,"R",54000,"A",,"G",60,"A",,"G",60,"A",,1
366191,"R",99674,"A",,"A",,"G",3322,"A",,"R",2638,"A",,2
366252,"R",173524,"A",,"A",,"G",5784,"A",,"G",5784,"A",,2
366261,"R",10367,"A",,"A",,"G",230,"A",,"G",230,"A",,2
366270,"A",,"R",902574,"A",,"G",1003,"A",,"G",1003,"A",,1
366289,"R",8533,"A",,"A",,"G",284,"A",,"G",284,"A",,2
366340,"R",8846,"A",,"A",,"G",295,"A",,"G",295,"A",,2
366368,"A",,"A",,"R",3320,"A",,"G",138,"A",,"G",138,-2
366395,"A",,"R",17386950,"A",,"G",19319,"A",,"G",19319,"A",,1
366401,"R",163678,"A",,"A",,"G",5456,"A",,"G",5456,"A",,2
366438,"A",,"R",93600,"A",,"G",104,"A",,"G",104,"A",,1
366447,"R",62233,"A",,"A",,"G",1383,"A",,"G",1383,"A",,2
366465,"R",118524,"A",,"A",,"G",2634,"A",,"G",2634,"A",,2
366535,"R",26779,"R",47500,"A",,"G",945,"A",,"G",945,"A",,3
366544,"R",32129,"A",,"A",,"G",1071,"A",,"R",746,"A",,2
366553,"R",120756,"A",,"A",,"G",2683,"A",,"G",2683,"A",,2
366571,"R",1311,"A",,"A",,"G",44,"A",,"G",44,"A",,2
366580,"R",25404,"A",,"A",,"G",565,"A",,"G",565,"A",,2
366605,"A",,"A",,"R",3149,"A",,"G",131,"A",,"G",131,-2
366623,"A",,"R",55840,"A",,"G",62,"A",,"R",58,"A",,1
366632,"A",,"R",78000,"A",,"G",87,"A",,"G",87,"A",,1
366650,"R",38812,"A",,"A",,"G",862,"A",,"G",862,"A",,2
366678,"R",32869,"A",,"A",,"G",730,"A",,"G",730,"A",,2
366696,"R",42772,"A",,"A",,"G",950,"A",,"G",950,"A",,2
366702,"A",,"A",,"R",9740,"A",,"G",406,"A",,"R",361,-2
366711,"R",223472,"A",,"R",5978,"G",7449,"G",249,"G",7449,"G",249,2
366748,"R",3390,"A",,"R",9612,"G",113,"G",401,"G",113,"G",401,2
366757,"A",,"A",,"R",8825,"A",,"G",368,"A",,"R",327,-2
366793,"A",,"A",,"R",2231,"A",,"G",93,"A",,"G",93,-2
366960,"R",44846,"A",,"A",,"G",1495,"A",,"G",1495,"A",,2
367024,"R",60719,"A",,"R",1199,"G",2024,"G",50,"G",2024,"G",50,2
367051,"A",,"R",103500,"A",,"G",115,"A",,"G",115,"A",,1
367088,"A",,"R",46161,"A",,"G",51,"A",,"G",51,"A",,1
367097,"A",,"R",110505,"A",,"G",123,"A",,"G",123,"A",,1
367103,"R",2010,"A",,"A",,"G",67,"A",,"G",67,"A",,2
367112,"R",40816,"A",,"A",,"G",907,"A",,"G",907,"A",,2
367130,"A",,"R",203168,"A",,"G",226,"A",,"G",226,"A",,1
367158,"A",,"R",92160,"A",,"G",102,"A",,"G",102,"A",,1
367194,"R",19835,"A",,"A",,"G",661,"A",,"G",661,"A",,2
367316,"A",,"R",362700,"A",,"G",403,"A",,"R",403,"A",,1
367334,"A",,"R",197657,"A",,"G",220,"A",,"G",220,"A",,1
367361,"A",,"R",41225,"A",,"G",46,"A",,"G",46,"A",,1
367398,"R",11543,"A",,"A",,"G",385,"A",,"G",385,"A",,2
367413,"R",41719,"A",,"A",,"G",1391,"A",,"G",1391,"A",,2
367431,"A",,"R",80160,"A",,"G",89,"A",,"G",89,"A",,1
367459,"R",173282,"A",,"A",,"G",5776,"A",,"G",5776,"A",,2
367662,"A",,"R",67608,"A",,"G",75,"A",,"G",75,"A",,1
367839,"R",961,"A",,"R",783,"G",32,"G",33,"G",32,"G",33,2
367875,"A",,"R",285206,"A",,"G",317,"A",,"G",317,"A",,1
367884,"R",68666,"A",,"R",4734,"G",2289,"G",197,"G",2289,"G",197,2
367909,"R",33566,"A",,"A",,"G",1119,"A",,"R",838,"A",,2
367936,"R",9318,"A",,"R",40166,"G",311,"G",1674,"G",311,"G",1674,2
367954,"A",,"A",,"R",48548,"A",,"G",2023,"A",,"R",1547,-2
367972,"A",,"R",239400,"A",,"G",266,"A",,"G",266,"A",,1
367981,"A",,"R",85273,"A",,"G",95,"A",,"G",95,"A",,1
368036,"A",,"R",45512,"A",,"G",51,"A",,"G",51,"A",,1
368160,"A",,"R",76586,"A",,"G",85,"A",,"R",51,"A",,1
368230,"A",,"R",296804,"A",,"G",330,"A",,"G",330,"A",,1
368364,"A",,"R",232200,"A",,"G",258,"A",,"G",258,"A",,1
368407,"A",,"R",128590,"A",,"G",143,"A",,"G",143,"A",,1
368443,"R",34820,"A",,"A",,"G",774,"A",,"G",774,"A",,2
368452,"R",16300,"A",,"A",,"G",543,"A",,"G",543,"A",,2
368540,"A",,"R",55826,"A",,"G",62,"A",,"G",62,"A",,1
368601,"R",55246,"A",,"A",,"G",1228,"A",,"G",1228,"A",,2
368629,"A",,"R",1103640,"A",,"G",1226,"A",,"G",1226,"A",,1
368647,"A",,"R",32685,"A",,"G",36,"A",,"G",36,"A",,1
368771,"A",,"R",90600,"A",,"G",101,"A",,"G",101,"A",,1
368780,"A",,"R",192756,"A",,"G",214,"A",,"G",214,"A",,1
368799,"A",,"R",355200,"A",,"G",395,"A",,"G",395,"A",,1
368805,"R",24798,"A",,"A",,"G",827,"A",,"R",575,"A",,2
368832,"A",,"R",49574,"A",,"G",55,"A",,"G",55,"A",,1
368911,"R",76809,"A",,"A",,"G",1707,"A",,"G",1707,"A",,2
369002,"A",,"A",,"R",9854,"A",,"G",411,"A",,"R",379,-2
369020,"A",,"R",54090,"A",,"G",60,"A",,"R",60,"A",,1
369084,"R",40961,"A",,"A",,"G",910,"A",,"G",910,"A",,2
369109,"A",,"R",106225,"A",,"G",118,"A",,"G",118,"A",,1
369400,"R",160767,"A",,"A",,"G",5359,"A",,"R",6162,"A",,2
369419,"A",,"R",808578,"A",,"G",898,"A",,"G",898,"A",,1
369446,"A",,"R",128753,"A",,"G",143,"A",,"G",143,"A",,1
369455,"R",6400,"A",,"A",,"G",142,"A",,"G",142,"A",,2
369516,"R",38948,"A",,"A",,"G",866,"A",,"G",866,"A",,2
369659,"A",,"A",,"R",12744,"A",,"G",354,"A",,"G",354,-2
369668,"A",,"R",145268,"A",,"G",161,"A",,"G",161,"A",,1
369686,"A",,"R",268751,"A",,"G",299,"A",,"G",299,"A",,1
369695,"A",,"R",142927,"A",,"G",159,"A",,"R",147,"A",,1
369783,"A",,"R",1294200,"A",,"G",1438,"A",,"G",1438,"A",,1
369792,"A",,"R",22316,"A",,"G",25,"A",,"R",21,"A",,1
369817,"A",,"A",,"R",1470,"A",,"G",41,"A",,"G",41,-2
369862,"R",19639,"A",,"A",,"G",436,"A",,"G",436,"A",,2
369905,"R",30040,"A",,"A",,"G",1001,"A",,"G",1001,"A",,2
369950,"R",492,"R",123940,"A",,"G",154,"A",,"G",154,"A",,3
371034,"A",,"R",28419,"A",,"G",32,"A",,"G",32,"A",,1
371052,"A",,"R",253468,"A",,"G",282,"A",,"G",282,"A",,1
371140,"A",,"R",106200,"A",,"G",118,"A",,"G",118,"A",,1
371265,"R",41837,"A",,"A",,"G",1395,"A",,"R",890,"A",,2
371690,"A",,"R",483404,"A",,"G",537,"A",,"G",537,"A",,1
371760,"R",100756,"A",,"A",,"G",2239,"A",,"G",2239,"A",,2
371779,"R",99143,"A",,"A",,"G",2203,"A",,"G",2203,"A",,2
371830,"A",,"R",80500,"A",,"G",89,"A",,"G",89,"A",,1
371928,"A",,"R",174470,"A",,"G",194,"A",,"G",194,"A",,1
371964,"R",9770,"A",,"A",,"G",326,"A",,"G",326,"A",,2
371982,"R",35974,"A",,"A",,"G",1199,"A",,"R",804,"A",,2
372000,"A",,"R",57636,"A",,"G",64,"A",,"G",64,"A",,1
372028,"A",,"R",188904,"A",,"G",210,"A",,"G",210,"A",,1
372037,"R",52924,"A",,"A",,"G",1764,"A",,"R",1195,"A",,2
372073,"R",17524,"A",,"A",,"G",584,"A",,"G",584,"A",,2
372082,"A",,"R",1190385,"A",,"G",1323,"A",,"G",1323,"A",,1
372213,"R",6586706,"A",,"R",1098394,"G",219557,"G",45766,"G",219557,"G",45766,2
372222,"R",122212,"A",,"R",16829,"G",4074,"G",701,"G",4074,"G",701,2
372240,"A",,"R",58568,"A",,"G",65,"A",,"G",65,"A",,1
372329,"R",47119,"A",,"A",,"G",1047,"A",,"G",1047,"A",,2
372356,"R",6059,"A",,"A",,"G",202,"A",,"G",202,"A",,2
372462,"A",,"R",110480,"A",,"G",123,"A",,"G",123,"A",,1
372523,"R",15056,"A",,"A",,"G",502,"A",,"R",340,"A",,2
372578,"R",27433,"A",,"A",,"G",610,"A",,"G",610,"A",,2
372718,"R",9810,"R",624,"A",,"G",328,"A",,"G",328,"A",,3
372772,"R",16457,"A",,"A",,"G",549,"A",,"G",549,"A",,2
372921,"A",,"R",615753,"A",,"G",684,"A",,"G",684,"A",,1
372958,"R",34905,"R",101250,"A",,"G",1276,"A",,"G",1276,"A",,3
373058,"R",21506,"A",,"A",,"G",717,"A",,"G",717,"A",,2
373085,"R",16536,"A",,"A",,"G",367,"A",,"G",367,"A",,2
373119,"A",,"R",170291,"A",,"G",189,"A",,"G",189,"A",,1
373216,"A",,"R",246600,"A",,"G",274,"A",,"G",274,"A",,1
373340,"A",,"R",107145,"A",,"G",119,"A",,"G",119,"A",,1
373447,"R",1290,"A",,"A",,"G",43,"A",,"G",43,"A",,2
373526,"R",8512,"A",,"A",,"G",284,"A",,"G",284,"A",,2
373605,"A",,"R",38040,"A",,"G",42,"A",,"G",42,"A",,1
373678,"A",,"R",186454,"A",,"G",207,"A",,"G",207,"A",,1
373696,"A",,"R",128976,"A",,"G",143,"A",,"G",143,"A",,1
373711,"A",,"R",62876,"A",,"G",70,"A",,"G",70,"A",,1
373784,"A",,"R",945035,"A",,"G",1050,"A",,"G",1050,"A",,1
373827,"R",14409,"A",,"A",,"G",480,"A",,"R",490,"A",,2
373890,"R",30963,"A",,"A",,"G",1032,"A",,"R",659,"A",,2
374024,"A",,"A",,"R",6231,"A",,"G",173,"A",,"G",173,-2
374112,"A",,"R",38416,"A",,"G",43,"A",,"G",43,"A",,1
374291,"A",,"R",67500,"A",,"G",75,"A",,"G",75,"A",,1
374316,"A",,"R",59007,"A",,"G",66,"A",,"G",66,"A",,1
374440,"A",,"R",4500,"A",,"G",5,"A",,"G",5,"A",,1
374574,"A",,"R",1020551,"A",,"G",1134,"A",,"G",1134,"A",,1
374592,"A",,"R",93467,"A",,"G",104,"A",,"G",104,"A",,1
374875,"R",45013,"A",,"A",,"G",1500,"A",,"G",1500,"A",,2
374927,"A",,"R",106805,"A",,"G",119,"A",,"G",119,"A",,1
374972,"R",67416,"A",,"A",,"G",2247,"A",,"G",2247,"A",,2
374990,"A",,"R",106063,"A",,"G",118,"A",,"G",118,"A",,1
375106,"A",,"R",102383,"A",,"G",114,"A",,"G",114,"A",,1
375230,"R",3480,"A",,"A",,"G",116,"A",,"G",116,"A",,2
375300,"A",,"R",482400,"A",,"G",536,"A",,"G",536,"A",,1
375319,"A",,"R",223200,"A",,"G",248,"A",,"G",248,"A",,1
375373,"A",,"R",170649,"A",,"G",190,"A",,"G",190,"A",,1
375407,"A",,"R",103743,"A",,"G",115,"A",,"G",115,"A",,1
375416,"R",24365,"R",126500,"A",,"G",953,"A",,"G",953,"A",,3
375489,"R",48795,"A",,"A",,"G",1084,"A",,"G",1084,"A",,2
375540,"A",,"R",90896,"A",,"G",101,"A",,"G",101,"A",,1
375559,"A",,"R",98036,"A",,"G",109,"A",,"G",109,"A",,1
375568,"A",,"R",7828,"A",,"G",9,"A",,"G",9,"A",,1
375647,"R",6188,"A",,"A",,"G",206,"A",,"G",206,"A",,2
375656,"A",,"R",150444,"A",,"G",167,"A",,"G",167,"A",,1
375683,"A",,"R",955500,"A",,"G",1062,"A",,"R",1050,"A",,1
375692,"A",,"R",109225,"A",,"G",121,"A",,"G",121,"A",,1
375708,"A",,"R",181200,"A",,"G",201,"A",,"G",201,"A",,1
375717,"A",,"R",147059,"A",,"G",163,"A",,"R",163,"A",,1
375726,"A",,"R",249737,"A",,"G",277,"A",,"G",277,"A",,1
375735,"A",,"R",174749,"A",,"G",194,"A",,"G",194,"A",,1
375744,"A",,"R",264286,"A",,"G",294,"A",,"G",294,"A",,1
375753,"A",,"R",24478,"A",,"G",27,"A",,"G",27,"A",,1
375762,"A",,"R",41738,"A",,"G",46,"A",,"G",46,"A",,1
375799,"A",,"R",26545,"A",,"G",29,"A",,"G",29,"A",,1
375841,"R",31796,"A",,"A",,"G",1060,"A",,"G",1060,"A",,2
375939,"R",16065,"A",,"A",,"G",536,"A",,"G",536,"A",,2
375948,"R",40373,"A",,"A",,"G",1346,"A",,"G",1346,"A",,2
375966,"A",,"R",110950,"A",,"G",123,"A",,"G",123,"A",,1
375984,"A",,"R",777987,"A",,"G",864,"A",,"G",864,"A",,1
376039,"R",1512,"A",,"A",,"G",34,"A",,"R",34,"A",,2
376136,"R",30839,"A",,"A",,"G",1028,"A",,"G",1028,"A",,2
376224,"R",28730,"A",,"A",,"G",958,"A",,"G",958,"A",,2
376242,"A",,"R",445500,"A",,"G",495,"A",,"R",495,"A",,1
376288,"R",3365,"A",,"A",,"G",112,"A",,"R",112,"A",,2
376321,"R",60336,"A",,"A",,"G",2011,"A",,"G",2011,"A",,2
376330,"R",37575,"A",,"A",,"G",835,"A",,"G",835,"A",,2
376385,"R",45549,"A",,"A",,"G",1518,"A",,"G",1518,"A",,2
376446,"A",,"R",145710,"A",,"G",162,"A",,"G",162,"A",,1
376631,"A",,"R",36034,"A",,"G",40,"A",,"G",40,"A",,1
376668,"A",,"R",111000,"A",,"G",123,"A",,"G",123,"A",,1
376677,"A",,"R",168408,"A",,"G",187,"A",,"G",187,"A",,1
376695,"R",21545,"A",,"A",,"G",718,"A",,"G",718,"A",,2
376987,"R",4000,"A",,"A",,"G",133,"A",,"R",133,"A",,2
377069,"R",34520,"A",,"A",,"G",767,"A",,"G",767,"A",,2
377111,"R",36003,"R",8750,"A",,"G",1210,"A",,"G",1210,"A",,3
377193,"A",,"R",59070,"A",,"G",66,"A",,"G",66,"A",,1
377218,"R",2784,"A",,"A",,"G",93,"A",,"G",93,"A",,2
377272,"A",,"R",63900,"A",,"G",71,"A",,"G",71,"A",,1
377281,"A",,"R",74400,"A",,"G",83,"A",,"G",83,"A",,1
377315,"A",,"R",123838,"A",,"G",138,"A",,"G",138,"A",,1
377342,"R",5201,"A",,"A",,"G",173,"A",,"G",173,"A",,2
377421,"R",7826,"A",,"A",,"G",261,"A",,"R",336,"A",,2
377449,"R",14498,"A",,"A",,"G",483,"A",,"G",483,"A",,2
377458,"R",14784,"A",,"A",,"G",493,"A",,"G",493,"A",,2
377485,"A",,"R",44076,"A",,"G",49,"A",,"G",49,"A",,1
377546,"R",3979,"A",,"A",,"G",133,"A",,"G",133,"A",,2
377555,"R",115643,"A",,"R",12864,"G",2570,"G",357,"R",2570,"R",429,2
377564,"R",118838,"A",,"R",16416,"G",2641,"G",456,"R",2641,"R",547,2
377634,"R",436,"A",,"A",,"G",15,"A",,"G",15,"A",,2
377643,"A",,"R",164502,"A",,"G",183,"A",,"G",183,"A",,1
377652,"R",2435,"A",,"A",,"G",81,"A",,"G",81,"A",,2
377661,"R",1409,"A",,"A",,"G",47,"A",,"G",47,"A",,2
377670,"R",1089,"A",,"A",,"G",36,"A",,"G",36,"A",,2
377722,"A",,"R",422349,"A",,"G",469,"A",,"G",469,"A",,1
377759,"A",,"R",94000,"A",,"G",104,"A",,"G",104,"A",,1
378105,"A",,"R",158628,"A",,"G",176,"A",,"G",176,"A",,1
378406,"R",38962,"A",,"A",,"G",866,"A",,"G",866,"A",,2
378576,"R",3640,"A",,"R",19014,"G",121,"G",792,"R",121,"R",543,2
378886,"A",,"R",505200,"A",,"G",561,"A",,"G",561,"A",,1
378956,"A",,"R",783900,"A",,"G",871,"A",,"G",871,"A",,1
379029,"R",77060,"A",,"A",,"G",2569,"A",,"G",2569,"A",,2
379135,"A",,"R",100875,"A",,"G",112,"A",,"G",112,"A",,1
379463,"A",,"R",106400,"A",,"G",118,"A",,"G",118,"A",,1
379621,"A",,"R",76413,"A",,"G",85,"A",,"G",85,"A",,1
379746,"A",,"R",34200,"A",,"G",38,"A",,"G",38,"A",,1
379782,"R",5286,"A",,"R",2939,"G",176,"G",122,"G",176,"G",122,2
380067,"A",,"R",183600,"A",,"G",204,"A",,"G",204,"A",,1
380094,"R",23213,"R",77625,"A",,"G",860,"A",,"G",860,"A",,3
380359,"R",14865,"A",,"A",,"G",496,"A",,"G",496,"A",,2
380368,"R",42625,"A",,"A",,"G",1421,"A",,"G",1421,"A",,2
380377,"R",27345,"A",,"A",,"G",608,"A",,"G",608,"A",,2
380401,"A",,"R",172000,"A",,"G",191,"A",,"G",191,"A",,1
380410,"A",,"R",167063,"A",,"G",186,"A",,"G",186,"A",,1
380438,"R",24706,"A",,"A",,"G",549,"A",,"G",549,"A",,2
380447,"A",,"R",187500,"A",,"G",208,"A",,"G",208,"A",,1
380456,"A",,"R",224567,"A",,"G",250,"A",,"G",250,"A",,1
380465,"R",35317,"A",,"R",24154,"G",1177,"G",1006,"G",1177,"G",1006,2
380474,"R",10231,"A",,"A",,"G",341,"A",,"G",341,"A",,2
381255,"A",,"R",188705,"A",,"G",210,"A",,"G",210,"A",,1
381282,"A",,"R",181833,"A",,"G",202,"A",,"G",202,"A",,1
381325,"A",,"R",276027,"A",,"G",307,"A",,"G",307,"A",,1
381334,"A",,"R",143646,"A",,"G",160,"A",,"G",160,"A",,1
381352,"A",,"A",,"R",2988,"A",,"G",125,"A",,"G",125,-2
381361,"R",3060,"A",,"A",,"G",102,"A",,"R",102,"A",,2
381370,"A",,"R",270080,"A",,"G",300,"A",,"R",348,"A",,1
381404,"A",,"R",257895,"A",,"G",287,"A",,"G",287,"A",,1
381459,"A",,"A",,"R",2413,"A",,"G",101,"A",,"G",101,-2
381486,"A",,"R",31000,"A",,"G",34,"A",,"G",34,"A",,1
381529,"R",23874,"A",,"A",,"G",531,"A",,"G",531,"A",,2
381617,"R",59798,"A",,"R",264,"G",1329,"G",7,"G",1329,"G",7,2
381635,"A",,"R",130338,"A",,"G",145,"A",,"G",145,"A",,1
381644,"A",,"R",183360,"A",,"G",204,"A",,"G",204,"A",,1
381699,"R",1000,"A",,"A",,"G",33,"A",,"G",33,"A",,2
381705,"R",1500,"A",,"A",,"G",50,"A",,"G",50,"A",,2
381732,"R",2384,"R",90312,"A",,"G",153,"A",,"G",153,"A",,3
381741,"R",8451,"A",,"A",,"G",282,"A",,"G",282,"A",,2
381750,"R",5215,"A",,"A",,"G",174,"A",,"G",174,"A",,2
381787,"R",23738,"A",,"A",,"G",528,"A",,"G",528,"A",,2
381796,"R",10193,"A",,"A",,"G",340,"A",,"G",340,"A",,2
381866,"A",,"R",16742,"A",,"G",19,"A",,"G",19,"A",,1
381909,"R",63928,"A",,"A",,"G",1421,"A",,"G",1421,"A",,2
381945,"A",,"R",72721,"A",,"G",81,"A",,"G",81,"A",,1
382054,"R",15406,"A",,"A",,"G",514,"A",,"G",514,"A",,2
382063,"R",24861,"A",,"R",26711,"G",829,"G",1113,"G",829,"G",1113,2
382258,"A",,"R",122581,"A",,"G",136,"A",,"G",136,"A",,1
382267,"A",,"R",84100,"A",,"G",93,"A",,"G",93,"A",,1
382276,"A",,"R",712740,"A",,"G",792,"A",,"G",792,"A",,1
382416,"A",,"R",96000,"A",,"G",107,"A",,"G",107,"A",,1
382461,"A",,"R",58383,"A",,"G",65,"A",,"G",65,"A",,1
382504,"R",27440,"A",,"A",,"G",915,"A",,"R",784,"A",,2
382771,"R",32720,"A",,"A",,"G",727,"A",,"G",727,"A",,2
382780,"A",,"R",307971,"A",,"G",342,"A",,"G",342,"A",,1
382896,"R",14895,"A",,"A",,"G",497,"A",,"G",497,"A",,2
382902,"A",,"R",93865,"A",,"G",104,"A",,"G",104,"A",,1
382911,"R",2230,"A",,"A",,"G",74,"A",,"G",74,"A",,2
382957,"A",,"R",355126,"A",,"G",395,"A",,"G",395,"A",,1
383020,"A",,"A",,"R",4776,"A",,"G",133,"A",,"G",133,-2
383084,"A",,"R",2011831,"A",,"G",2235,"A",,"G",2235,"A",,1
383163,"A",,"R",280920,"A",,"G",312,"A",,"G",312,"A",,1
383172,"A",,"R",44400,"A",,"G",49,"A",,"G",49,"A",,1
383190,"R",69226,"A",,"A",,"G",2308,"A",,"G",2308,"A",,2
383251,"A",,"R",133871,"A",,"G",149,"A",,"G",149,"A",,1
383279,"A",,"R",97431,"A",,"G",108,"A",,"G",108,"A",,1
383297,"A",,"R",218259,"A",,"G",243,"A",,"G",243,"A",,1
383312,"A",,"R",117000,"A",,"G",130,"A",,"G",130,"A",,1
383330,"A",,"R",122168,"A",,"G",136,"A",,"G",136,"A",,1
383367,"A",,"R",218794,"A",,"G",243,"A",,"G",243,"A",,1
383400,"R",2492,"A",,"A",,"G",55,"A",,"R",55,"A",,2
383464,"A",,"R",82000,"A",,"G",91,"A",,"R",105,"A",,1
383507,"A",,"R",10920,"A",,"G",12,"A",,"G",12,"A",,1
383525,"A",,"R",274372,"A",,"G",305,"A",,"G",305,"A",,1
383765,"A",,"R",212072,"A",,"G",236,"A",,"G",236,"A",,1
383792,"A",,"R",262800,"A",,"G",292,"A",,"G",292,"A",,1
383899,"R",20942,"A",,"A",,"G",698,"A",,"G",698,"A",,2
383950,"R",24153,"A",,"A",,"G",537,"A",,"G",537,"A",,2
383996,"R",16346,"A",,"A",,"G",545,"A",,"G",545,"A",,2
384184,"R",7830,"A",,"A",,"G",261,"A",,"G",261,"A",,2
384193,"R",22677,"A",,"A",,"G",756,"A",,"G",756,"A",,2
384209,"R",39420,"A",,"A",,"G",1314,"A",,"G",1314,"A",,2
384254,"R",4472,"A",,"A",,"G",149,"A",,"G",149,"A",,2
384306,"A",,"A",,"R",5200,"A",,"G",217,"A",,"G",217,-2
384333,"R",142172,"A",,"A",,"G",4739,"A",,"G",4739,"A",,2
384342,"R",122342,"A",,"A",,"G",4078,"A",,"G",4078,"A",,2
384360,"R",56844,"A",,"A",,"G",1263,"A",,"G",1263,"A",,2
384379,"R",57288,"A",,"A",,"G",1273,"A",,"G",1273,"A",,2
384388,"R",44620,"A",,"A",,"G",992,"A",,"G",992,"A",,2
384397,"R",56027,"A",,"A",,"G",1245,"A",,"G",1245,"A",,2
384412,"R",9157,"A",,"A",,"G",305,"A",,"G",305,"A",,2
384421,"R",2476,"A",,"A",,"G",83,"A",,"G",83,"A",,2
385008,"R",52581,"A",,"A",,"G",1753,"A",,"G",1753,"A",,2
385132,"A",,"R",114060,"A",,"G",127,"A",,"G",127,"A",,1
385503,"A",,"R",273052,"A",,"G",303,"A",,"G",303,"A",,1
385549,"A",,"R",586750,"A",,"G",652,"A",,"G",652,"A",,1
385619,"R",33780,"A",,"R",1233,"G",1126,"G",51,"G",1126,"G",51,2
386153,"R",11912,"A",,"A",,"G",397,"A",,"G",397,"A",,2
386472,"R",13816,"A",,"A",,"G",461,"A",,"G",461,"A",,2
387235,"A",,"R",32232,"A",,"G",36,"A",,"G",36,"A",,1
387660,"A",,"R",9100,"A",,"G",10,"A",,"G",10,"A",,1
387819,"A",,"R",88500,"A",,"G",98,"A",,"G",98,"A",,1
387925,"R",17775,"A",,"A",,"G",593,"A",,"G",593,"A",,2
388043,"R",73056,"A",,"A",,"G",1623,"A",,"G",1623,"A",,2
388520,"R",7942,"A",,"A",,"G",265,"A",,"R",265,"A",,2
388663,"A",,"R",86375,"A",,"G",96,"A",,"G",96,"A",,1
389727,"R",41845,"A",,"A",,"G",930,"A",,"G",930,"A",,2
389860,"A",,"R",345443,"A",,"G",384,"A",,"G",384,"A",,1
390701,"R",550501,"A",,"R",4172,"G",12233,"G",116,"R",15090,"R",174,2
390905,"A",,"R",191895,"A",,"G",213,"A",,"G",213,"A",,1
391005,"A",,"R",288355,"A",,"G",320,"A",,"G",320,"A",,1
391333,"A",,"R",99792,"A",,"G",111,"A",,"G",111,"A",,1
391546,"A",,"R",151700,"A",,"G",169,"A",,"G",169,"A",,1
391564,"R",11843,"A",,"A",,"G",395,"A",,"G",395,"A",,2
391582,"R",41884,"A",,"A",,"G",931,"A",,"G",931,"A",,2
391759,"A",,"R",72900,"A",,"G",81,"A",,"G",81,"A",,1
391810,"A",,"R",87140,"A",,"G",97,"A",,"G",97,"A",,1
392257,"A",,"R",351509,"A",,"G",391,"A",,"G",391,"A",,1
392354,"A",,"R",25488,"A",,"G",28,"A",,"G",28,"A",,1
392415,"A",,"R",474535,"A",,"G",527,"A",,"G",527,"A",,1
392798,"A",,"R",75530,"A",,"G",84,"A",,"G",84,"A",,1
392840,"R",8546,"A",,"A",,"G",285,"A",,"G",285,"A",,2
393180,"A",,"R",827440,"A",,"G",919,"A",,"G",919,"A",,1
393524,"A",,"R",216880,"A",,"G",241,"A",,"G",241,"A",,1
393649,"R",27626,"A",,"A",,"G",921,"A",,"G",921,"A",,2
393861,"A",,"R",248018,"A",,"G",276,"A",,"G",276,"A",,1
393977,"A",,"R",79171,"A",,"G",88,"A",,"G",88,"A",,1
395362,"R",39830,"A",,"A",,"G",1328,"A",,"G",1328,"A",,2
395690,"R",46030,"A",,"A",,"G",1534,"A",,"G",1534,"A",,2
397270,"A",,"R",38965,"A",,"G",43,"A",,"R",72,"A",,1
397641,"A",,"R",165115,"A",,"G",183,"A",,"G",183,"A",,1
397942,"R",27928,"A",,"A",,"G",931,"A",,"G",931,"A",,2
398130,"R",19137,"A",,"A",,"G",425,"A",,"G",425,"A",,2
398574,"R",94201,"A",,"A",,"G",3140,"A",,"R",2004,"A",,2
399212,"R",188936,"A",,"A",,"G",6298,"A",,"G",6298,"A",,2
399869,"R",34980,"A",,"A",,"G",1166,"A",,"G",1166,"A",,2
399911,"R",13257,"A",,"R",18,"G",442,"G",1,"G",442,"G",1,2
400080,"A",,"R",1672621,"A",,"G",1858,"A",,"G",1858,"A",,1
400187,"A",,"R",730537,"A",,"G",812,"A",,"G",812,"A",,1
400637,"R",104509,"A",,"A",,"G",3484,"A",,"G",3484,"A",,2
401223,"R",2676,"A",,"R",2807,"G",89,"G",117,"G",89,"G",117,2
401250,"A",,"A",,"R",6957,"A",,"G",290,"A",,"G",290,-2
401339,"R",29968,"A",,"A",,"G",999,"A",,"G",999,"A",,2
401481,"A",,"R",50400,"A",,"G",56,"A",,"G",56,"A",,1
402563,"A",,"R",520416,"A",,"G",578,"A",,"G",578,"A",,1
402615,"R",38693,"A",,"R",3042,"G",860,"G",85,"G",860,"G",85,2
402776,"R",10800,"A",,"A",,"G",360,"A",,"G",360,"A",,2
402800,"A",,"R",252080,"A",,"G",280,"A",,"G",280,"A",,1
402828,"A",,"A",,"R",14525,"A",,"G",605,"A",,"G",605,-2
403414,"A",,"R",31180,"A",,"G",35,"A",,"G",35,"A",,1
403469,"R",29213,"A",,"A",,"G",974,"A",,"G",974,"A",,2
403478,"R",23245,"A",,"A",,"G",775,"A",,"G",775,"A",,2
403487,"R",69596,"A",,"A",,"G",2320,"A",,"G",2320,"A",,2
404037,"R",960,"A",,"A",,"G",32,"A",,"G",32,"A",,2
404055,"R",17154,"A",,"A",,"G",572,"A",,"G",572,"A",,2
404073,"R",128017,"A",,"R",910,"G",2845,"G",25,"G",2845,"G",25,2
404082,"R",195147,"A",,"R",739,"G",4337,"G",21,"G",4337,"G",21,2
404222,"A",,"A",,"R",8446,"A",,"G",352,"A",,"R",225,-2
404338,"R",4677,"A",,"R",3033,"G",156,"G",126,"G",156,"G",126,2
404365,"R",21297,"A",,"A",,"G",710,"A",,"G",710,"A",,2
404374,"R",14273,"R",64265,"A",,"G",547,"A",,"G",547,"A",,3
404383,"R",36011,"A",,"A",,"G",1200,"A",,"G",1200,"A",,2
404426,"R",66723,"A",,"A",,"G",2224,"A",,"G",2224,"A",,2
404499,"R",63192,"R",40,"A",,"G",2106,"A",,"G",2106,"A",,3
404505,"R",60050,"A",,"A",,"G",2002,"A",,"G",2002,"A",,2
404514,"R",41910,"A",,"A",,"G",1397,"A",,"G",1397,"A",,2
404648,"R",61915,"A",,"R",76,"G",1376,"G",2,"G",1376,"G",2,2
404684,"R",18791,"A",,"A",,"G",626,"A",,"G",626,"A",,2
404718,"A",,"R",73024,"A",,"G",81,"A",,"G",81,"A",,1
404806,"R",17009,"A",,"A",,"G",567,"A",,"G",567,"A",,2
404912,"A",,"R",1528186,"A",,"G",1698,"A",,"G",1698,"A",,1
404921,"A",,"R",627264,"A",,"G",697,"A",,"G",697,"A",,1
404994,"R",235046,"A",,"A",,"G",7835,"A",,"G",7835,"A",,2
405003,"A",,"R",15300,"A",,"G",17,"A",,"G",17,"A",,1
405012,"A",,"R",47000,"A",,"G",52,"A",,"G",52,"A",,1
405021,"A",,"R",39000,"A",,"G",43,"A",,"G",43,"A",,1
405058,"R",4596,"A",,"A",,"G",153,"A",,"G",153,"A",,2
405076,"R",12450,"A",,"A",,"G",415,"A",,"G",415,"A",,2
405748,"A",,"R",86137,"A",,"G",96,"A",,"G",96,"A",,1
405854,"R",5310,"A",,"A",,"G",177,"A",,"G",177,"A",,2
405872,"R",81937,"A",,"A",,"G",2731,"A",,"G",2731,"A",,2
405979,"R",43757,"A",,"R",11270,"G",1459,"G",470,"G",1459,"G",470,2
405988,"R",35664,"A",,"R",16505,"G",1189,"G",688,"G",1189,"G",688,2
405997,"R",101226,"A",,"R",12444,"G",3374,"G",519,"G",3374,"G",519,2
406006,"R",43455,"A",,"R",7471,"G",1449,"G",311,"G",1449,"G",311,2
406015,"R",212241,"A",,"R",39597,"G",7075,"G",1650,"G",7075,"G",1650,2
406024,"R",29532,"A",,"A",,"G",984,"A",,"G",984,"A",,2
406033,"R",45746,"A",,"A",,"G",1525,"A",,"G",1525,"A",,2
406051,"A",,"R",125100,"A",,"G",139,"A",,"G",139,"A",,1
406060,"A",,"R",177300,"A",,"G",197,"A",,"G",197,"A",,1
406149,"A",,"R",61400,"A",,"G",68,"A",,"G",68,"A",,1
406194,"R",35466,"A",,"A",,"G",788,"A",,"G",788,"A",,2
406200,"R",90630,"A",,"A",,"G",3021,"A",,"G",3021,"A",,2
406219,"R",32228,"A",,"A",,"G",716,"A",,"G",716,"A",,2
406264,"R",66182,"A",,"A",,"G",1471,"A",,"G",1471,"A",,2
406325,"A",,"R",106664,"A",,"G",119,"A",,"G",119,"A",,1
406361,"A",,"R",75579,"A",,"G",84,"A",,"G",84,"A",,1
406413,"R",3984,"R",8640,"A",,"G",142,"A",,"G",142,"A",,3
406422,"A",,"R",109594,"A",,"G",122,"A",,"G",122,"A",,1
406486,"R",2488,"A",,"A",,"G",83,"A",,"G",83,"A",,2
406495,"A",,"R",220000,"A",,"G",244,"A",,"G",244,"A",,1
406547,"R",24278,"A",,"A",,"G",540,"A",,"G",540,"A",,2
407054,"R",6479,"A",,"A",,"G",216,"A",,"G",216,"A",,2
407063,"R",31270,"A",,"A",,"G",695,"A",,"G",695,"A",,2
407090,"A",,"R",255666,"A",,"G",284,"A",,"G",284,"A",,1
407142,"A",,"R",105618,"A",,"G",117,"A",,"G",117,"A",,1
407151,"A",,"R",121281,"A",,"G",135,"A",,"G",135,"A",,1
407179,"A",,"R",237982,"A",,"G",264,"A",,"G",264,"A",,1
407285,"R",20639,"A",,"R",110,"G",459,"G",3,"G",459,"G",3,2
407319,"R",31147,"A",,"A",,"G",692,"A",,"G",692,"A",,2
407328,"R",9236,"A",,"A",,"G",308,"A",,"G",308,"A",,2
407355,"A",,"R",373367,"A",,"G",415,"A",,"G",415,"A",,1
407391,"A",,"R",146516,"A",,"G",163,"A",,"G",163,"A",,1
407407,"A",,"R",128701,"A",,"G",143,"A",,"G",143,"A",,1
407425,"A",,"R",193004,"A",,"G",214,"A",,"G",214,"A",,1
407434,"A",,"R",123300,"A",,"G",137,"A",,"G",137,"A",,1
407452,"A",,"R",64698,"A",,"G",72,"A",,"G",72,"A",,1
407461,"A",,"R",173467,"A",,"G",193,"A",,"G",193,"A",,1
407470,"A",,"R",185942,"A",,"G",207,"A",,"G",207,"A",,1
407489,"A",,"R",41802,"A",,"G",46,"A",,"G",46,"A",,1
407504,"A",,"R",272000,"A",,"G",302,"A",,"G",302,"A",,1
407513,"A",,"R",299368,"A",,"G",333,"A",,"G",333,"A",,1
407522,"A",,"R",29800,"A",,"G",33,"A",,"G",33,"A",,1
407568,"A",,"R",84000,"A",,"G",93,"A",,"G",93,"A",,1
407577,"A",,"R",326928,"A",,"G",363,"A",,"G",363,"A",,1
407595,"A",,"R",137024,"A",,"G",152,"A",,"G",152,"A",,1
407601,"A",,"R",45284,"A",,"G",50,"A",,"R",45,"A",,1
407629,"A",,"A",,"R",226798,"A",,"G",9450,"A",,"G",9450,-2
407683,"A",,"R",119150,"A",,"G",132,"A",,"G",132,"A",,1
407708,"A",,"R",342425,"A",,"G",380,"A",,"G",380,"A",,1
407726,"A",,"R",187965,"A",,"G",209,"A",,"G",209,"A",,1
407735,"A",,"R",285993,"A",,"G",318,"A",,"G",318,"A",,1
407744,"A",,"R",72849,"A",,"G",81,"A",,"G",81,"A",,1
407832,"A",,"R",255666,"A",,"G",284,"A",,"G",284,"A",,1
408039,"R",82186,"A",,"A",,"G",1826,"A",,"G",1826,"A",,2
408057,"A",,"R",92156,"A",,"G",102,"A",,"G",102,"A",,1
408066,"A",,"R",127665,"A",,"G",142,"A",,"G",142,"A",,1
408163,"A",,"R",90254,"A",,"G",100,"A",,"G",100,"A",,1
408312,"A",,"R",55770,"A",,"G",62,"A",,"G",62,"A",,1
408385,"R",12960,"A",,"A",,"G",432,"A",,"G",432,"A",,2
408394,"R",23080,"A",,"A",,"G",769,"A",,"G",769,"A",,2
408437,"R",627,"A",,"A",,"G",21,"A",,"G",21,"A",,2
408844,"R",119418,"A",,"A",,"G",3981,"A",,"G",3981,"A",,2
408862,"A",,"R",299700,"A",,"G",333,"A",,"G",333,"A",,1
409032,"R",16018,"A",,"A",,"G",534,"A",,"G",534,"A",,2
409069,"R",33240,"A",,"A",,"G",739,"A",,"G",739,"A",,2
409120,"R",762,"R",164414,"A",,"G",208,"A",,"G",208,"A",,3
409166,"A",,"R",118640,"A",,"G",132,"A",,"G",132,"A",,1
409193,"R",15450,"A",,"A",,"G",515,"A",,"G",515,"A",,2
409209,"A",,"R",136800,"A",,"G",152,"A",,"G",152,"A",,1
409245,"A",,"R",15300,"A",,"G",17,"A",,"G",17,"A",,1
409254,"A",,"A",,"R",4255,"A",,"G",177,"A",,"G",177,-2
409315,"R",561301,"A",,"A",,"G",18710,"A",,"G",18710,"A",,2
409333,"R",3715,"A",,"A",,"G",124,"A",,"G",124,"A",,2
409537,"A",,"R",71952,"A",,"G",80,"A",,"G",80,"A",,1
409591,"A",,"R",127369,"A",,"G",142,"A",,"G",142,"A",,1
409616,"A",,"A",,"R",16153,"A",,"G",673,"A",,"G",673,-2
409670,"R",36575,"A",,"A",,"G",1219,"A",,"R",863,"A",,2
409698,"R",132645,"A",,"R",6329,"G",4422,"G",264,"G",4422,"G",264,2
409829,"R",45017,"A",,"A",,"G",1000,"A",,"G",1000,"A",,2
409838,"R",39107,"A",,"A",,"G",869,"A",,"G",869,"A",,2
409874,"R",74657,"A",,"A",,"G",1659,"A",,"G",1659,"A",,2
410034,"A",,"R",75606,"A",,"G",84,"A",,"G",84,"A",,1
410070,"R",34431,"A",,"A",,"G",1148,"A",,"R",1337,"A",,2
410256,"A",,"R",45600,"A",,"G",51,"A",,"G",51,"A",,1
410283,"R",43478,"A",,"A",,"G",966,"A",,"G",966,"A",,2
410496,"R",6443,"A",,"A",,"G",215,"A",,"G",215,"A",,2
410502,"R",80586,"A",,"A",,"G",1791,"A",,"G",1791,"A",,2
410520,"A",,"R",263427,"A",,"G",293,"A",,"G",293,"A",,1
410539,"R",15330,"A",,"A",,"G",511,"A",,"G",511,"A",,2
410788,"A",,"R",396551,"A",,"G",441,"A",,"G",441,"A",,1
410797,"R",6320,"A",,"A",,"G",211,"A",,"R",238,"A",,2
410964,"A",,"R",41700,"A",,"G",46,"A",,"G",46,"A",,1
411055,"A",,"R",379852,"A",,"G",422,"A",,"G",422,"A",,1
411374,"R",23293,"A",,"A",,"G",776,"A",,"G",776,"A",,2
411684,"A",,"R",130571,"A",,"G",145,"A",,"G",145,"A",,1
411754,"A",,"R",60012,"A",,"G",67,"A",,"G",67,"A",,1
412003,"R",2694,"A",,"A",,"G",90,"A",,"G",90,"A",,2
412173,"A",,"R",498078,"A",,"G",553,"A",,"G",553,"A",,1
412535,"A",,"R",39420,"A",,"G",44,"A",,"G",44,"A",,1
412544,"A",,"R",101136,"A",,"G",112,"A",,"G",112,"A",,1
412599,"R",51721,"R",62000,"A",,"G",1793,"A",,"G",1793,"A",,3
412650,"A",,"R",87900,"A",,"G",98,"A",,"G",98,"A",,1
413176,"A",,"R",43032,"A",,"G",48,"A",,"G",48,"A",,1
413185,"A",,"R",36900,"A",,"G",41,"A",,"G",41,"A",,1
413343,"A",,"R",30600,"A",,"G",34,"A",,"G",34,"A",,1
413413,"R",243307,"A",,"R",677151,"G",5407,"G",18810,"G",5407,"G",18810,2
413617,"R",13099,"A",,"A",,"G",437,"A",,"G",437,"A",,2
413626,"R",5225,"A",,"A",,"G",174,"A",,"G",174,"A",,2
413635,"R",31980,"A",,"A",,"G",1066,"A",,"G",1066,"A",,2
413644,"A",,"A",,"R",4928,"A",,"G",205,"A",,"G",205,-2
413680,"A",,"R",521648,"A",,"G",580,"A",,"G",580,"A",,1
413778,"R",9910,"A",,"A",,"G",330,"A",,"G",330,"A",,2
413802,"A",,"R",847800,"A",,"G",942,"A",,"G",942,"A",,1
413820,"A",,"R",36000,"A",,"G",40,"A",,"G",40,"A",,1
413839,"R",25280,"A",,"A",,"G",562,"A",,"G",562,"A",,2
413848,"R",20930,"A",,"A",,"G",465,"A",,"G",465,"A",,2
413857,"R",40465,"A",,"A",,"G",899,"A",,"G",899,"A",,2
413866,"R",28304,"A",,"A",,"G",629,"A",,"G",629,"A",,2
413884,"R",35464,"A",,"A",,"G",788,"A",,"G",788,"A",,2
413918,"R",733,"A",,"A",,"G",24,"A",,"G",24,"A",,2
413945,"A",,"R",123600,"A",,"G",137,"A",,"G",137,"A",,1
413972,"A",,"R",119700,"A",,"G",133,"A",,"G",133,"A",,1
414054,"A",,"R",41735,"A",,"G",46,"A",,"G",46,"A",,1
414063,"A",,"R",218502,"A",,"G",243,"A",,"G",243,"A",,1
414124,"R",7678,"A",,"A",,"G",256,"A",,"G",256,"A",,2
414160,"R",90055,"A",,"R",589,"G",2001,"G",16,"G",2001,"G",16,2
414452,"A",,"R",39528,"A",,"G",44,"A",,"R",26,"A",,1
414461,"R",169584,"A",,"A",,"G",3769,"A",,"G",3769,"A",,2
414489,"A",,"R",66501,"A",,"G",74,"A",,"G",74,"A",,1
414531,"R",23014,"A",,"A",,"G",511,"A",,"G",511,"A",,2
414540,"A",,"R",296972,"A",,"G",330,"A",,"G",330,"A",,1
414559,"A",,"R",52200,"A",,"G",58,"A",,"G",58,"A",,1
414568,"R",40372,"A",,"A",,"G",897,"A",,"G",897,"A",,2
414586,"R",24448,"A",,"A",,"G",543,"A",,"G",543,"A",,2
414595,"A",,"R",66600,"R",16245,"G",74,"G",677,"G",74,"G",677,1
414708,"R",144720,"A",,"R",18445,"G",3216,"G",512,"G",3216,"G",512,2
414823,"R",97095,"A",,"A",,"G",2158,"A",,"G",2158,"A",,2
414841,"R",15292,"A",,"A",,"G",340,"A",,"G",340,"A",,2
414850,"R",29230,"A",,"A",,"G",650,"A",,"G",650,"A",,2
414869,"A",,"R",151015,"A",,"G",168,"A",,"G",168,"A",,1
414878,"R",12801,"A",,"A",,"G",427,"A",,"G",427,"A",,2
414911,"R",40332,"A",,"A",,"G",1344,"A",,"G",1344,"A",,2
414939,"A",,"R",110125,"A",,"G",122,"A",,"G",122,"A",,1
414966,"A",,"A",,"R",2390,"A",,"G",100,"A",,"R",115,-2
415039,"A",,"R",186666,"A",,"G",207,"A",,"G",207,"A",,1
415057,"A",,"R",120336,"A",,"G",134,"A",,"G",134,"A",,1
415729,"R",1077,"A",,"A",,"G",36,"A",,"G",36,"A",,2
415774,"R",27396,"A",,"A",,"G",913,"A",,"G",913,"A",,2
415987,"A",,"R",630900,"A",,"G",701,"A",,"G",701,"A",,1
416458,"R",22261,"A",,"A",,"G",742,"A",,"G",742,"A",,2
416670,"A",,"R",99150,"A",,"G",110,"A",,"G",110,"A",,1
416801,"R",10830,"A",,"A",,"G",361,"A",,"G",361,"A",,2
416962,"R",54472,"A",,"R",14040,"G",1816,"G",585,"G",1816,"G",585,2
416971,"A",,"R",63181,"A",,"G",70,"A",,"G",70,"A",,1
416980,"A",,"R",91801,"A",,"G",102,"A",,"G",102,"A",,1
417008,"A",,"R",258540,"A",,"G",287,"A",,"G",287,"A",,1
417062,"A",,"R",171443,"A",,"G",190,"A",,"G",190,"A",,1
417105,"A",,"R",261408,"A",,"G",290,"A",,"G",290,"A",,1
417123,"A",,"R",214403,"A",,"G",238,"A",,"G",238,"A",,1
417132,"A",,"R",951400,"A",,"G",1057,"A",,"G",1057,"A",,1
417178,"A",,"R",59400,"A",,"G",66,"A",,"G",66,"A",,1
417187,"A",,"R",23400,"A",,"G",26,"A",,"G",26,"A",,1
417248,"A",,"R",44400,"A",,"G",49,"A",,"R",37,"A",,1
417257,"A",,"R",27801,"A",,"G",31,"A",,"G",31,"A",,1
417275,"A",,"R",20520,"A",,"G",23,"A",,"G",23,"A",,1
417318,"R",6312,"A",,"A",,"G",210,"A",,"G",210,"A",,2
417327,"R",25000,"A",,"A",,"G",556,"A",,"G",556,"A",,2
417345,"A",,"A",,"R",288,"A",,"G",12,"A",,"G",12,-2
417381,"A",,"R",341617,"A",,"G",380,"A",,"G",380,"A",,1
417390,"A",,"R",55500,"A",,"G",62,"A",,"G",62,"A",,1
417406,"A",,"R",89250,"A",,"G",99,"A",,"G",99,"A",,1
417442,"A",,"R",195912,"A",,"G",218,"A",,"G",218,"A",,1
417503,"A",,"R",285354,"A",,"G",317,"A",,"G",317,"A",,1
417549,"R",9752,"R",88770,"A",,"G",424,"A",,"G",424,"A",,3
417567,"R",5381,"A",,"A",,"G",179,"A",,"G",179,"A",,2
417576,"A",,"R",124263,"A",,"G",138,"A",,"G",138,"A",,1
417600,"A",,"R",27836,"A",,"G",31,"A",,"G",31,"A",,1
417628,"A",,"R",58608,"A",,"G",65,"A",,"G",65,"A",,1
417637,"A",,"R",119412,"A",,"G",133,"A",,"G",133,"A",,1
417646,"A",,"R",33524,"A",,"G",37,"A",,"R",23,"A",,1
417655,"A",,"R",24700,"A",,"G",27,"A",,"G",27,"A",,1
417673,"A",,"R",38407,"A",,"G",43,"A",,"G",43,"A",,1
417682,"A",,"R",33180,"A",,"G",37,"A",,"G",37,"A",,1
417716,"A",,"R",157020,"A",,"G",174,"A",,"G",174,"A",,1
417725,"A",,"R",113119,"A",,"G",126,"A",,"G",126,"A",,1
417734,"R",5350,"A",,"A",,"G",178,"A",,"G",178,"A",,2
417743,"A",,"R",8874,"A",,"G",10,"A",,"R",9,"A",,1
417752,"R",2372,"A",,"A",,"G",79,"A",,"G",79,"A",,2
417789,"A",,"R",62100,"A",,"G",69,"A",,"G",69,"A",,1
417804,"A",,"R",120010,"A",,"G",133,"A",,"G",133,"A",,1
417831,"A",,"R",146520,"A",,"G",163,"A",,"G",163,"A",,1
417840,"R",200,"R",431940,"A",,"G",487,"A",,"G",487,"A",,3
417868,"A",,"R",40600,"A",,"G",45,"A",,"R",35,"A",,1
417886,"A",,"R",78600,"A",,"G",87,"A",,"G",87,"A",,1
417901,"R",455,"A",,"A",,"G",15,"A",,"G",15,"A",,2
417910,"A",,"R",222000,"A",,"G",247,"A",,"G",247,"A",,1
417947,"A",,"R",36760,"A",,"G",41,"A",,"G",41,"A",,1
417983,"A",,"R",58397,"A",,"G",65,"A",,"G",65,"A",,1
417992,"A",,"R",77280,"A",,"G",86,"A",,"R",70,"A",,1
418001,"A",,"R",168070,"A",,"G",187,"A",,"G",187,"A",,1
418010,"A",,"R",51600,"A",,"G",57,"A",,"G",57,"A",,1
418029,"A",,"R",87043,"A",,"G",97,"A",,"G",97,"A",,1
418038,"A",,"R",153450,"A",,"G",171,"A",,"G",171,"A",,1
418056,"A",,"R",149640,"A",,"G",166,"A",,"G",166,"A",,1
418065,"A",,"R",390366,"A",,"G",434,"A",,"G",434,"A",,1
418083,"A",,"R",98820,"A",,"G",110,"A",,"G",110,"A",,1
418126,"R",17136,"A",,"R",4127,"G",571,"G",172,"G",571,"G",172,2
418162,"A",,"R",822113,"A",,"G",913,"A",,"G",913,"A",,1
418171,"A",,"R",37028,"A",,"G",41,"A",,"G",41,"A",,1
418199,"A",,"R",49548,"A",,"G",55,"A",,"G",55,"A",,1
418205,"A",,"R",206178,"A",,"G",229,"A",,"G",229,"A",,1
418223,"A",,"R",69312,"A",,"G",77,"A",,"G",77,"A",,1
418250,"A",,"R",223060,"A",,"G",248,"A",,"G",248,"A",,1
418269,"R",3132,"A",,"A",,"G",104,"A",,"G",104,"A",,2
418278,"A",,"R",75967,"A",,"G",84,"A",,"G",84,"A",,1
418287,"A",,"R",391069,"A",,"G",435,"A",,"G",435,"A",,1
418296,"A",,"R",407186,"A",,"G",452,"A",,"G",452,"A",,1
418302,"A",,"R",433971,"A",,"G",482,"A",,"G",482,"A",,1
418320,"A",,"R",451953,"A",,"G",502,"A",,"G",502,"A",,1
418339,"A",,"R",238224,"A",,"G",265,"A",,"G",265,"A",,1
418348,"A",,"R",203759,"A",,"G",226,"A",,"G",226,"A",,1
418357,"A",,"R",182212,"A",,"G",202,"A",,"G",202,"A",,1
418384,"A",,"R",49000,"A",,"G",54,"A",,"G",54,"A",,1
418409,"A",,"R",95480,"A",,"G",106,"A",,"R",171,"A",,1
418427,"A",,"R",170624,"A",,"G",190,"A",,"G",190,"A",,1
418445,"A",,"R",51184,"A",,"G",57,"A",,"G",57,"A",,1
418454,"A",,"R",438986,"A",,"G",488,"A",,"G",488,"A",,1
418481,"A",,"R",73224,"A",,"G",81,"A",,"G",81,"A",,1
418506,"A",,"R",59280,"A",,"G",66,"A",,"G",66,"A",,1
418515,"A",,"R",124044,"A",,"G",138,"A",,"G",138,"A",,1
418524,"A",,"R",76732,"A",,"G",85,"A",,"G",85,"A",,1
418533,"A",,"R",407995,"A",,"G",453,"A",,"G",453,"A",,1
418542,"A",,"R",170770,"A",,"G",190,"A",,"G",190,"A",,1
418560,"A",,"R",83080,"A",,"G",92,"A",,"G",92,"A",,1
418588,"A",,"R",50021,"A",,"G",56,"A",,"R",60,"A",,1
418603,"A",,"R",66976,"A",,"G",74,"A",,"G",74,"A",,1
418612,"A",,"R",93000,"A",,"G",103,"A",,"G",103,"A",,1
418658,"A",,"R",178410,"A",,"G",198,"A",,"G",198,"A",,1
418676,"A",,"R",52750,"A",,"G",59,"A",,"G",59,"A",,1
418700,"A",,"R",224100,"A",,"G",249,"A",,"G",249,"A",,1
418755,"A",,"R",81600,"A",,"G",91,"A",,"G",91,"A",,1
418764,"A",,"R",66377,"A",,"G",74,"A",,"G",74,"A",,1
418773,"R",45675,"A",,"A",,"G",1523,"A",,"R",1356,"A",,2
418782,"R",5976,"A",,"A",,"G",199,"A",,"G",199,"A",,2
418870,"A",,"R",251132,"A",,"G",279,"A",,"G",279,"A",,1
418889,"R",67,"R",84492,"A",,"G",96,"A",,"G",96,"A",,3
418913,"A",,"R",50400,"A",,"G",56,"A",,"G",56,"A",,1
418968,"A",,"R",334207,"A",,"G",371,"A",,"G",371,"A",,1
419022,"R",17228,"A",,"A",,"G",574,"A",,"G",574,"A",,2
419031,"A",,"R",31050,"A",,"G",35,"A",,"G",35,"A",,1
419095,"A",,"R",56650,"A",,"G",63,"A",,"R",66,"A",,1
419147,"A",,"R",56000,"A",,"G",62,"A",,"G",62,"A",,1
419156,"A",,"R",75101,"A",,"G",83,"A",,"R",91,"A",,1
419183,"R",12355,"A",,"A",,"G",412,"A",,"G",412,"A",,2
419217,"A",,"R",142461,"A",,"G",158,"A",,"G",158,"A",,1
419226,"A",,"R",438003,"A",,"G",487,"A",,"G",487,"A",,1
419235,"A",,"R",338923,"A",,"G",377,"A",,"G",377,"A",,1
419244,"A",,"R",130500,"A",,"G",145,"A",,"G",145,"A",,1
419253,"R",11900,"A",,"A",,"G",397,"A",,"G",397,"A",,2
419262,"A",,"R",64660,"A",,"G",72,"A",,"G",72,"A",,1
419271,"A",,"R",13898,"A",,"G",15,"A",,"G",15,"A",,1
419280,"A",,"R",52854,"A",,"G",59,"A",,"G",59,"A",,1
419314,"A",,"R",27100,"A",,"G",30,"A",,"G",30,"A",,1
419332,"A",,"R",8092,"A",,"G",9,"A",,"G",9,"A",,1
419341,"A",,"R",77770,"A",,"G",86,"A",,"G",86,"A",,1
419411,"R",16400,"A",,"A",,"G",547,"A",,"G",547,"A",,2
419420,"A",,"R",119880,"A",,"G",133,"A",,"G",133,"A",,1
419439,"A",,"R",94226,"A",,"G",105,"A",,"G",105,"A",,1
419457,"R",2532,"A",,"R",26415,"G",84,"G",1101,"G",84,"G",1101,2
419484,"A",,"R",38600,"A",,"G",43,"A",,"G",43,"A",,1
419509,"R",82519,"A",,"R",13676,"G",2751,"G",570,"G",2751,"G",570,2
419536,"A",,"A",,"R",36508,"A",,"G",1521,"A",,"R",1352,-2
419633,"A",,"R",79397,"A",,"G",88,"A",,"R",88,"A",,1
419660,"A",,"R",612214,"A",,"G",680,"A",,"G",680,"A",,1
419703,"R",19728,"A",,"A",,"G",658,"A",,"G",658,"A",,2
419712,"R",9360,"A",,"A",,"G",312,"A",,"G",312,"A",,2
419721,"R",7104,"A",,"A",,"G",237,"A",,"G",237,"A",,2
420006,"R",31875,"A",,"R",720,"G",1063,"G",30,"R",822,"R",30,2
420024,"R",8624,"A",,"A",,"G",287,"A",,"G",287,"A",,2
420042,"R",26410,"A",,"R",3748,"G",880,"G",156,"G",880,"G",156,2
420103,"R",14145,"A",,"A",,"G",472,"A",,"G",472,"A",,2
420130,"R",529,"R",606420,"A",,"G",691,"A",,"G",691,"A",,3
420194,"A",,"R",160000,"A",,"G",178,"A",,"R",188,"A",,1
420200,"A",,"R",103000,"A",,"G",114,"A",,"G",114,"A",,1
420246,"A",,"A",,"R",38779,"A",,"G",1077,"A",,"R",375,-2
420255,"A",,"R",93600,"A",,"G",104,"A",,"G",104,"A",,1
420307,"R",374634,"A",,"R",7760,"G",8325,"G",216,"G",8325,"G",216,2
420316,"R",38000,"A",,"A",,"G",844,"A",,"G",844,"A",,2
420325,"R",2484,"A",,"R",144,"G",83,"G",6,"G",83,"G",6,2
420343,"A",,"R",795847,"A",,"G",884,"A",,"G",884,"A",,1
420352,"R",503,"A",,"A",,"G",17,"A",,"G",17,"A",,2
420370,"A",,"R",241302,"A",,"G",268,"A",,"G",268,"A",,1
420398,"R",300694,"R",5607792,"A",,"G",16254,"A",,"G",16254,"A",,3
420404,"R",28072,"A",,"A",,"G",624,"A",,"G",624,"A",,2
420431,"R",105263,"A",,"A",,"G",2339,"A",,"G",2339,"A",,2
420440,"R",29925,"A",,"A",,"G",998,"A",,"G",998,"A",,2
420459,"A",,"R",226167,"A",,"G",251,"A",,"G",251,"A",,1
420468,"A",,"R",651519,"A",,"G",724,"A",,"G",724,"A",,1
420495,"R",67729,"R",48,"A",,"G",2258,"A",,"G",2258,"A",,3
420501,"R",57343,"A",,"A",,"G",1911,"A",,"G",1911,"A",,2
420538,"R",38481,"A",,"A",,"G",1283,"A",,"G",1283,"A",,2
420556,"R",37631,"A",,"A",,"G",836,"A",,"G",836,"A",,2
420608,"A",,"R",278011,"A",,"G",309,"A",,"G",309,"A",,1
420705,"A",,"A",,"R",2708,"A",,"G",113,"A",,"G",113,-2
420723,"R",14094,"A",,"A",,"G",313,"A",,"R",348,"A",,2
420866,"R",5573,"A",,"R",14476,"G",186,"G",603,"G",186,"G",603,2
420972,"A",,"A",,"R",40662,"A",,"G",1694,"A",,"R",1506,-2
420981,"A",,"R",655600,"A",,"G",728,"A",,"G",728,"A",,1
421009,"R",44248,"A",,"R",6593,"G",1475,"G",275,"G",1475,"G",275,2
421018,"R",42429,"A",,"R",6974,"G",1414,"G",291,"G",1414,"G",291,2
421513,"R",13825,"A",,"A",,"G",307,"A",,"G",307,"A",,2
421540,"A",,"R",154586,"A",,"G",172,"A",,"G",172,"A",,1
421559,"A",,"R",86037,"A",,"G",96,"A",,"G",96,"A",,1
421586,"R",6834,"R",126528,"A",,"G",368,"A",,"G",368,"A",,3
421610,"A",,"R",81000,"A",,"G",90,"A",,"G",90,"A",,1
421665,"A",,"R",17011,"A",,"G",19,"A",,"G",19,"A",,1
421708,"R",36274,"A",,"A",,"G",1209,"A",,"G",1209,"A",,2
421717,"A",,"R",29401,"A",,"G",33,"A",,"G",33,"A",,1
421771,"A",,"R",56520,"A",,"G",63,"A",,"G",63,"A",,1
421832,"R",30390,"A",,"A",,"G",675,"A",,"G",675,"A",,2
421841,"R",10516,"A",,"A",,"G",351,"A",,"G",351,"A",,2
421878,"R",1920,"R",201000,"A",,"G",287,"A",,"G",287,"A",,3
421896,"A",,"R",323100,"A",,"G",359,"A",,"G",359,"A",,1
422020,"A",,"R",154331,"A",,"G",171,"A",,"G",171,"A",,1
422190,"A",,"R",92364,"A",,"G",103,"A",,"G",103,"A",,1
422695,"A",,"R",256500,"A",,"G",285,"A",,"G",285,"A",,1
422835,"R",25261,"A",,"A",,"G",842,"A",,"G",842,"A",,2
423120,"R",30000,"A",,"A",,"G",1000,"A",,"G",1000,"A",,2
423397,"A",,"R",53100,"A",,"G",59,"A",,"G",59,"A",,1
423412,"A",,"R",108847,"A",,"G",121,"A",,"G",121,"A",,1
423476,"R",11702,"A",,"A",,"G",260,"A",,"G",260,"A",,2
423582,"A",,"R",365400,"A",,"G",406,"A",,"G",406,"A",,1
423643,"A",,"A",,"R",149840,"A",,"G",4162,"A",,"G",4162,-2
423652,"A",,"R",452826,"A",,"G",503,"A",,"G",503,"A",,1
423670,"R",12982,"A",,"A",,"G",288,"A",,"G",288,"A",,2
423980,"R",132258,"A",,"A",,"G",4409,"A",,"G",4409,"A",,2
424424,"R",9612,"A",,"A",,"G",320,"A",,"G",320,"A",,2
425250,"R",4574,"A",,"A",,"G",152,"A",,"G",152,"A",,2
425393,"A",,"R",9450,"A",,"G",11,"A",,"G",11,"A",,1
425870,"A",,"R",18672,"A",,"G",21,"A",,"G",21,"A",,1
425889,"A",,"R",405262,"A",,"G",450,"A",,"G",450,"A",,1
425986,"R",8122,"A",,"A",,"G",271,"A",,"G",271,"A",,2
426314,"R",193660,"A",,"R",64402,"G",6455,"G",2683,"G",6455,"G",2683,2
427025,"R",84096,"A",,"A",,"G",2803,"A",,"G",2803,"A",,2
427308,"A",,"R",291216,"A",,"G",324,"A",,"G",324,"A",,1
427335,"A",,"R",54600,"A",,"G",61,"A",,"G",61,"A",,1
427663,"R",21920,"A",,"A",,"G",487,"A",,"G",487,"A",,2
427894,"A",,"R",169157,"A",,"G",188,"A",,"G",188,"A",,1
427919,"A",,"R",155991,"A",,"G",173,"A",,"G",173,"A",,1
427973,"A",,"R",482040,"A",,"G",536,"A",,"G",536,"A",,1
427982,"R",12650,"A",,"A",,"G",422,"A",,"G",422,"A",,2
427991,"A",,"R",597423,"A",,"G",664,"A",,"G",664,"A",,1
428000,"R",9600,"A",,"A",,"G",213,"A",,"G",213,"A",,2
428019,"A",,"R",204750,"A",,"G",228,"A",,"G",228,"A",,1
428037,"A",,"R",30000,"A",,"G",33,"A",,"G",33,"A",,1
428055,"R",15162,"A",,"A",,"G",505,"A",,"G",505,"A",,2
428073,"A",,"R",24000,"A",,"G",27,"A",,"G",27,"A",,1
428125,"A",,"R",111515,"A",,"G",124,"A",,"G",124,"A",,1
428143,"A",,"R",231450,"A",,"G",257,"A",,"G",257,"A",,1
428170,"R",58105,"A",,"A",,"G",1937,"A",,"G",1937,"A",,2
428259,"R",10068,"A",,"R",1590,"G",336,"G",66,"R",320,"R",88,2
428268,"R",2571,"A",,"R",12453,"G",86,"G",519,"G",86,"G",519,2
428286,"R",67436,"A",,"A",,"G",1499,"A",,"G",1499,"A",,2
428295,"A",,"R",82800,"A",,"G",92,"A",,"G",92,"A",,1
428329,"R",8616,"A",,"A",,"G",191,"A",,"R",202,"A",,2
428338,"A",,"A",,"R",1715,"A",,"G",71,"A",,"G",71,-2
428392,"R",50680,"A",,"A",,"G",1126,"A",,"R",1958,"A",,2
428444,"R",67322,"A",,"A",,"G",1496,"A",,"G",1496,"A",,2
429012,"A",,"R",38700,"A",,"G",43,"A",,"G",43,"A",,1
429085,"A",,"A",,"R",3957,"A",,"G",165,"A",,"G",165,-2
429094,"A",,"A",,"R",10317,"A",,"G",287,"A",,"R",213,-2
429100,"A",,"R",157500,"A",,"G",175,"A",,"G",175,"A",,1
429128,"R",7509,"A",,"A",,"G",250,"A",,"G",250,"A",,2
429599,"R",38699,"A",,"A",,"G",860,"A",,"G",860,"A",,2
430050,"R",17670,"A",,"A",,"G",589,"A",,"G",589,"A",,2
430087,"R",40339,"A",,"R",6147,"G",896,"G",171,"G",896,"G",171,2
430096,"R",22923,"A",,"A",,"G",764,"A",,"G",764,"A",,2
430148,"R",55669,"A",,"A",,"G",1237,"A",,"G",1237,"A",,2
430157,"R",13291,"A",,"A",,"G",443,"A",,"G",443,"A",,2
430166,"R",11461,"A",,"A",,"G",382,"A",,"G",382,"A",,2
430175,"R",38943,"A",,"A",,"G",1298,"A",,"R",829,"A",,2
430184,"R",117900,"A",,"R",28355,"G",2620,"G",788,"G",2620,"G",788,2
430218,"A",,"R",245595,"A",,"G",273,"A",,"G",273,"A",,1
430227,"A",,"R",238104,"A",,"G",265,"A",,"G",265,"A",,1
430245,"R",31350,"R",95400,"A",,"G",1151,"A",,"G",1151,"A",,3
430254,"R",10730,"A",,"A",,"G",358,"A",,"G",358,"A",,2
430263,"R",33560,"A",,"A",,"G",746,"A",,"G",746,"A",,2
430306,"A",,"R",58800,"A",,"G",65,"A",,"G",65,"A",,1
430342,"A",,"R",228360,"A",,"G",254,"A",,"G",254,"A",,1
430351,"R",19772,"A",,"A",,"G",439,"A",,"G",439,"A",,2
430360,"R",13368,"A",,"A",,"G",297,"A",,"G",297,"A",,2
430379,"R",27588,"A",,"A",,"G",613,"A",,"G",613,"A",,2
430388,"R",21258,"A",,"A",,"G",472,"A",,"G",472,"A",,2
430403,"A",,"R",259270,"A",,"G",288,"A",,"G",288,"A",,1
430421,"R",22022,"A",,"A",,"G",734,"A",,"R",469,"A",,2
430485,"R",5550,"A",,"A",,"G",185,"A",,"G",185,"A",,2
430500,"A",,"R",6786,"A",,"G",8,"A",,"G",8,"A",,1
430564,"A",,"R",36624,"A",,"G",41,"A",,"G",41,"A",,1
430582,"A",,"R",232875,"A",,"G",259,"A",,"G",259,"A",,1
430591,"A",,"A",,"R",12960,"A",,"G",360,"A",,"G",360,-2
430643,"A",,"R",21592,"A",,"G",24,"A",,"G",24,"A",,1
430670,"A",,"A",,"R",6528,"A",,"G",272,"A",,"G",272,-2
430704,"R",143,"A",,"R",1581,"G",5,"G",66,"R",8,"R",114,2
430795,"A",,"R",197761,"A",,"G",220,"A",,"G",220,"A",,1
430810,"R",14252,"A",,"R",160,"G",475,"G",7,"G",475,"G",7,2
430847,"A",,"R",52723,"A",,"G",59,"A",,"G",59,"A",,1
430883,"A",,"R",39600,"A",,"G",44,"A",,"G",44,"A",,1
430908,"A",,"R",85016,"A",,"G",94,"A",,"R",94,"A",,1
430935,"R",15719,"A",,"A",,"G",524,"A",,"G",524,"A",,2
430971,"A",,"R",151672,"A",,"G",169,"A",,"G",169,"A",,1
430980,"R",11768,"A",,"A",,"G",392,"A",,"R",250,"A",,2
430999,"A",,"R",189000,"A",,"G",210,"A",,"G",210,"A",,1
431017,"A",,"R",100388,"A",,"G",112,"A",,"G",112,"A",,1
431026,"R",13140,"A",,"A",,"G",438,"A",,"G",438,"A",,2
431071,"A",,"R",154860,"A",,"G",172,"A",,"G",172,"A",,1
431099,"A",,"R",93763,"A",,"G",104,"A",,"G",104,"A",,1
431105,"A",,"R",120000,"A",,"G",133,"A",,"G",133,"A",,1
431123,"R",11118,"A",,"A",,"G",371,"A",,"G",371,"A",,2
431141,"A",,"R",3063137,"A",,"G",3403,"A",,"G",3403,"A",,1
431169,"A",,"R",206550,"A",,"G",230,"A",,"G",230,"A",,1
431187,"A",,"R",45600,"A",,"G",51,"A",,"G",51,"A",,1
431196,"A",,"R",221626,"A",,"G",246,"A",,"G",246,"A",,1
431202,"A",,"R",27225,"A",,"G",30,"A",,"G",30,"A",,1
431248,"R",30,"A",,"R",510,"G",1,"G",21,"R",1,"R",17,2
431266,"A",,"R",52598,"A",,"G",58,"A",,"G",58,"A",,1
431275,"A",,"R",95040,"A",,"G",106,"A",,"G",106,"A",,1
431284,"A",,"R",49210,"A",,"G",55,"A",,"G",55,"A",,1
431309,"R",21365,"A",,"A",,"G",712,"A",,"G",712,"A",,2
431558,"A",,"R",293907,"A",,"G",327,"A",,"G",327,"A",,1
431594,"A",,"A",,"R",787,"A",,"G",33,"A",,"R",11,-2
431600,"R",2310,"A",,"A",,"G",51,"A",,"G",51,"A",,2
431637,"A",,"R",1000748,"A",,"G",1112,"A",,"G",1112,"A",,1
431691,"A",,"R",46320,"A",,"G",51,"A",,"G",51,"A",,1
431707,"A",,"R",34200,"A",,"G",38,"A",,"G",38,"A",,1
431716,"R",5940,"R",263850,"A",,"G",491,"A",,"G",491,"A",,3
431770,"A",,"R",48360,"A",,"G",54,"A",,"G",54,"A",,1
431877,"A",,"R",70092,"A",,"G",78,"A",,"G",78,"A",,1
431886,"R",52029,"A",,"A",,"G",1734,"A",,"G",1734,"A",,2
431929,"R",10002,"A",,"A",,"G",333,"A",,"G",333,"A",,2
431956,"R",2089,"A",,"A",,"G",70,"A",,"G",70,"A",,2
431965,"A",,"R",174000,"A",,"G",193,"A",,"R",184,"A",,1
431983,"R",2595,"A",,"A",,"G",87,"A",,"G",87,"A",,2
432074,"A",,"R",161895,"A",,"G",180,"A",,"G",180,"A",,1
432117,"A",,"R",162564,"A",,"G",181,"A",,"G",181,"A",,1
432199,"R",58295,"A",,"A",,"G",1943,"A",,"R",1619,"A",,2
432214,"R",17594,"A",,"A",,"G",586,"A",,"R",489,"A",,2
432223,"R",16652,"A",,"R",3001,"G",555,"G",125,"G",555,"G",125,2
432232,"R",31268,"A",,"R",5709,"G",1042,"G",238,"G",1042,"G",238,2
432241,"R",24019,"A",,"R",3489,"G",801,"G",145,"G",801,"G",145,2
432269,"A",,"R",170183,"A",,"G",189,"A",,"G",189,"A",,1
432302,"R",25390,"A",,"A",,"G",846,"A",,"G",846,"A",,2
432348,"A",,"A",,"R",9113,"A",,"G",380,"A",,"R",304,-2
432357,"A",,"A",,"R",5214,"A",,"G",217,"A",,"G",217,-2
432384,"R",31233,"A",,"A",,"G",1041,"A",,"G",1041,"A",,2
432524,"R",7669,"A",,"A",,"G",256,"A",,"G",256,"A",,2
432533,"R",98905,"A",,"A",,"G",2198,"A",,"G",2198,"A",,2
433004,"R",5550,"A",,"R",650,"G",185,"G",27,"G",185,"G",27,2
433013,"R",19369,"R",19369,"A",,"G",667,"A",,"G",667,"A",,3
433040,"A",,"R",39960,"A",,"G",44,"A",,"G",44,"A",,1
433068,"A",,"R",285328,"A",,"G",317,"A",,"G",317,"A",,1
433101,"A",,"R",828403,"A",,"G",920,"A",,"G",920,"A",,1
433138,"A",,"R",156881,"A",,"G",174,"A",,"G",174,"A",,1
433165,"R",205,"A",,"A",,"G",7,"A",,"G",7,"A",,2
433174,"R",9173,"A",,"A",,"G",306,"A",,"G",306,"A",,2
433217,"A",,"A",,"R",170,"A",,"G",7,"A",,"R",6,-2
433387,"R",580054,"A",,"R",111480,"G",19335,"G",4645,"G",19335,"G",4645,2
433420,"R",23782,"A",,"A",,"G",793,"A",,"G",793,"A",,2
433466,"A",,"R",710837,"A",,"G",790,"A",,"G",790,"A",,1
433536,"R",15132,"A",,"A",,"G",504,"A",,"G",504,"A",,2
433563,"R",24243,"A",,"A",,"G",539,"A",,"G",539,"A",,2
433660,"R",277331,"A",,"R",24609,"G",9244,"G",1025,"G",9244,"G",1025,2
433970,"R",13687,"A",,"A",,"G",456,"A",,"G",456,"A",,2
434016,"R",2848,"A",,"A",,"G",95,"A",,"G",95,"A",,2
434034,"R",7225,"A",,"A",,"G",241,"A",,"G",241,"A",,2
434052,"R",31274,"A",,"A",,"G",695,"A",,"G",695,"A",,2
434061,"R",81643,"A",,"A",,"G",2721,"A",,"G",2721,"A",,2
434122,"A",,"R",18420,"A",,"G",20,"A",,"G",20,"A",,1
434140,"A",,"R",1397051,"A",,"G",1552,"A",,"G",1552,"A",,1
434159,"A",,"R",422643,"A",,"G",470,"A",,"G",470,"A",,1
434274,"A",,"R",230460,"A",,"G",256,"A",,"G",256,"A",,1
434283,"A",,"R",120875,"A",,"G",134,"A",,"G",134,"A",,1
434308,"R",19134,"A",,"A",,"G",638,"A",,"G",638,"A",,2
434317,"R",56998,"A",,"A",,"G",1900,"A",,"G",1900,"A",,2
434326,"A",,"R",83800,"A",,"G",93,"A",,"G",93,"A",,1
434344,"A",,"R",63228,"A",,"G",70,"A",,"G",70,"A",,1
434362,"A",,"R",40500,"A",,"G",45,"A",,"G",45,"A",,1
434380,"A",,"R",82800,"A",,"G",92,"A",,"G",92,"A",,1
434414,"R",14824,"A",,"A",,"G",494,"A",,"G",494,"A",,2
434432,"R",1656,"R",7000,"A",,"G",45,"A",,"G",45,"A",,3
434441,"A",,"A",,"R",7356,"A",,"G",307,"A",,"G",307,-2
434469,"A",,"R",70083,"A",,"G",78,"A",,"G",78,"A",,1
434496,"A",,"R",63950,"A",,"G",71,"A",,"G",71,"A",,1
434502,"A",,"R",203983,"A",,"G",227,"A",,"G",227,"A",,1
434520,"R",21155,"A",,"A",,"G",705,"A",,"G",705,"A",,2
434539,"R",28575,"A",,"A",,"G",635,"A",,"G",635,"A",,2
434548,"R",32124,"A",,"A",,"G",714,"A",,"G",714,"A",,2
434557,"R",20064,"A",,"A",,"G",446,"A",,"G",446,"A",,2
434566,"R",19316,"A",,"A",,"G",429,"A",,"G",429,"A",,2
434575,"R",16272,"A",,"A",,"G",362,"A",,"G",362,"A",,2
434584,"R",3690,"A",,"A",,"G",123,"A",,"G",123,"A",,2
434672,"R",480606,"A",,"A",,"G",16020,"A",,"G",16020,"A",,2
434690,"R",15617,"A",,"A",,"G",521,"A",,"G",521,"A",,2
434715,"A",,"A",,"R",51715,"A",,"G",2155,"A",,"G",2155,-2
434751,"R",2011,"A",,"A",,"G",67,"A",,"G",67,"A",,2
434812,"R",14586,"A",,"A",,"G",486,"A",,"G",486,"A",,2
434821,"R",20060,"A",,"A",,"G",446,"A",,"G",446,"A",,2
434830,"R",379,"R",336913,"A",,"G",387,"A",,"R",316,"A",,3
434900,"R",32685,"A",,"A",,"G",1090,"A",,"G",1090,"A",,2
434937,"R",1728,"A",,"A",,"G",58,"A",,"G",58,"A",,2
434946,"R",43648,"A",,"R",10198,"G",1455,"G",425,"G",1455,"G",425,2
434955,"R",27072,"A",,"R",4713,"G",902,"G",196,"G",902,"G",196,2
434964,"R",19402,"A",,"R",4672,"G",647,"G",195,"G",647,"G",195,2
434973,"R",13787,"A",,"R",2333,"G",460,"G",97,"G",460,"G",97,2
434982,"R",17507,"A",,"R",1628,"G",584,"G",68,"G",584,"G",68,2
434991,"R",16361,"A",,"R",1260,"G",545,"G",53,"G",545,"G",53,2
435000,"R",2379,"A",,"R",14498,"G",79,"G",604,"R",79,"R",854,2
436003,"A",,"R",107790,"A",,"G",120,"A",,"G",120,"A",,1
436012,"R",20212,"A",,"A",,"G",674,"A",,"G",674,"A",,2
436021,"A",,"A",,"R",1280,"A",,"G",53,"A",,"G",53,-2
436030,"A",,"R",32000,"A",,"G",36,"A",,"G",36,"A",,1
436067,"A",,"R",59400,"A",,"G",66,"A",,"G",66,"A",,1
436094,"R",4428,"A",,"R",18642,"G",148,"G",777,"G",148,"G",777,2
436100,"A",,"R",38000,"A",,"G",42,"A",,"G",42,"A",,1
436182,"R",11126,"R",84120,"A",,"G",464,"A",,"G",464,"A",,3
436191,"R",30411,"R",7743,"A",,"G",1022,"A",,"G",1022,"A",,3
436225,"R",25620,"A",,"A",,"G",854,"A",,"G",854,"A",,2
436261,"A",,"A",,"R",7926,"A",,"G",330,"A",,"G",330,-2
436270,"R",10503,"A",,"A",,"G",350,"A",,"G",350,"A",,2
436289,"A",,"R",97200,"A",,"G",108,"A",,"G",108,"A",,1
436304,"R",47799,"A",,"A",,"G",1593,"A",,"G",1593,"A",,2
436429,"R",75198,"A",,"A",,"G",2507,"A",,"G",2507,"A",,2
436438,"R",5034,"A",,"R",19784,"G",168,"G",824,"G",168,"G",824,2
436465,"R",25624,"A",,"A",,"G",854,"A",,"G",854,"A",,2
436483,"R",20949,"A",,"A",,"G",466,"A",,"G",466,"A",,2
436526,"A",,"R",91828,"A",,"G",102,"A",,"G",102,"A",,1
436553,"R",15630,"A",,"A",,"G",521,"A",,"G",521,"A",,2
436562,"R",5294,"A",,"A",,"G",176,"A",,"G",176,"A",,2
436599,"R",1707,"A",,"A",,"G",57,"A",,"G",57,"A",,2
436614,"R",1827,"A",,"R",197,"G",61,"G",8,"G",61,"G",8,2
436632,"R",17950,"A",,"A",,"G",598,"A",,"R",307,"A",,2
436641,"A",,"R",84731,"A",,"G",94,"A",,"G",94,"A",,1
436650,"A",,"R",437040,"A",,"G",486,"A",,"G",486,"A",,1
436702,"R",9350,"A",,"A",,"G",312,"A",,"G",312,"A",,2
436775,"A",,"R",269975,"A",,"G",300,"A",,"R",345,"A",,1
436784,"R",38500,"A",,"A",,"G",1283,"A",,"G",1283,"A",,2
436818,"R",63117,"A",,"A",,"G",2104,"A",,"G",2104,"A",,2
436827,"R",17405,"A",,"A",,"G",580,"A",,"G",580,"A",,2
436836,"R",31073,"A",,"A",,"G",1036,"A",,"G",1036,"A",,2
436854,"A",,"R",69310,"A",,"G",77,"A",,"G",77,"A",,1
437042,"R",32616,"A",,"A",,"G",725,"A",,"G",725,"A",,2
437051,"R",35066,"A",,"A",,"G",779,"A",,"G",779,"A",,2
437060,"R",19111,"A",,"A",,"G",637,"A",,"G",637,"A",,2
437097,"R",29061,"A",,"R",11433,"G",969,"G",476,"G",969,"G",476,2
437103,"R",161492,"A",,"A",,"G",5383,"A",,"G",5383,"A",,2
437219,"R",31180,"A",,"A",,"G",693,"A",,"G",693,"A",,2
437237,"A",,"R",77490,"A",,"G",86,"A",,"G",86,"A",,1
437316,"R",11433,"A",,"A",,"G",381,"A",,"G",381,"A",,2
437325,"R",10772,"A",,"R",984,"G",359,"G",41,"G",359,"G",41,2
437343,"A",,"A",,"R",10283,"A",,"G",428,"A",,"R",381,-2
437361,"A",,"A",,"R",3600,"A",,"G",150,"A",,"R",133,-2
437501,"A",,"R",136346,"A",,"G",151,"A",,"R",223,"A",,1
437529,"A",,"R",334420,"A",,"G",372,"A",,"G",372,"A",,1
437556,"R",17059,"R",6960,"A",,"G",576,"A",,"G",576,"A",,3
437565,"A",,"R",136015,"A",,"G",151,"A",,"G",151,"A",,1
437583,"A",,"R",158323,"A",,"G",176,"A",,"G",176,"A",,1
437608,"A",,"R",110000,"A",,"G",122,"A",,"G",122,"A",,1
437635,"A",,"R",131144,"A",,"G",146,"A",,"G",146,"A",,1
437653,"R",8421,"A",,"A",,"G",281,"A",,"G",281,"A",,2
437662,"A",,"R",3065586,"A",,"G",3406,"A",,"G",3406,"A",,1
437705,"A",,"R",7785,"A",,"G",9,"A",,"G",9,"A",,1
437723,"A",,"R",282673,"A",,"G",314,"A",,"G",314,"A",,1
437732,"R",2778,"R",2411904,"A",,"G",2772,"A",,"G",2772,"A",,3
437750,"R",22248,"A",,"A",,"G",742,"A",,"G",742,"A",,2
437769,"R",28119,"A",,"A",,"G",937,"A",,"G",937,"A",,2
437778,"A",,"R",794300,"A",,"G",883,"A",,"G",883,"A",,1
437848,"R",71570,"A",,"A",,"G",1590,"A",,"G",1590,"A",,2
437857,"A",,"R",182050,"A",,"G",202,"A",,"G",202,"A",,1
437884,"R",4893,"A",,"A",,"G",163,"A",,"G",163,"A",,2
437927,"R",17596,"A",,"A",,"G",587,"A",,"G",587,"A",,2
437936,"R",37530,"A",,"A",,"G",1251,"A",,"G",1251,"A",,2
438036,"A",,"R",77748,"A",,"G",86,"A",,"G",86,"A",,1
438151,"R",182000,"A",,"R",5096,"G",6067,"G",212,"G",6067,"G",212,2
438179,"R",27472,"A",,"A",,"G",916,"A",,"G",916,"A",,2
438197,"R",31940,"A",,"A",,"G",1065,"A",,"R",680,"A",,2
438212,"R",178999,"A",,"A",,"G",3978,"A",,"G",3978,"A",,2
438258,"R",20205,"A",,"A",,"G",674,"A",,"G",674,"A",,2
438267,"A",,"R",244526,"A",,"G",272,"A",,"G",272,"A",,1
438285,"R",25032,"A",,"A",,"G",834,"A",,"G",834,"A",,2
438294,"R",13456,"A",,"A",,"G",449,"A",,"G",449,"A",,2
438337,"A",,"R",478700,"A",,"G",532,"A",,"G",532,"A",,1
438382,"R",13345,"A",,"R",4356,"G",445,"G",182,"G",445,"G",182,2
438416,"R",15255,"A",,"R",672,"G",509,"G",28,"G",509,"G",28,2
438498,"R",50245,"A",,"R",17217,"G",1117,"G",478,"G",1117,"G",478,2
438504,"R",132864,"A",,"A",,"G",4429,"A",,"R",3914,"A",,2
438586,"R",86816,"A",,"R",6803,"G",1929,"G",189,"G",1929,"G",189,2
438601,"R",36197,"A",,"R",4363,"G",804,"G",121,"G",804,"G",121,2
438610,"R",18063,"A",,"R",1465,"G",602,"G",61,"G",602,"G",61,2
438629,"R",2572,"A",,"R",498,"G",86,"G",21,"G",86,"G",21,2
438638,"R",56434,"A",,"A",,"G",1881,"A",,"R",1219,"A",,2
438647,"R",43473,"A",,"A",,"G",1449,"A",,"R",958,"A",,2
438656,"R",33249,"A",,"A",,"G",1108,"A",,"R",707,"A",,2
438674,"A",,"R",150683,"A",,"G",167,"A",,"G",167,"A",,1
438708,"R",11083,"A",,"A",,"G",369,"A",,"G",369,"A",,2
438735,"A",,"R",327600,"A",,"G",364,"A",,"G",364,"A",,1
438805,"R",30848,"A",,"A",,"G",1028,"A",,"G",1028,"A",,2
438869,"R",19926,"A",,"A",,"G",664,"A",,"G",664,"A",,2
438887,"R",9630,"A",,"A",,"G",321,"A",,"G",321,"A",,2
438902,"R",42618,"A",,"R",1214,"G",1421,"G",51,"R",1039,"R",51,2
438966,"R",28384,"A",,"A",,"G",631,"A",,"G",631,"A",,2
438984,"R",4416,"A",,"A",,"G",147,"A",,"G",147,"A",,2
439020,"A",,"A",,"R",5677,"A",,"G",158,"A",,"G",158,-2
439039,"A",,"R",484142,"A",,"G",538,"A",,"G",538,"A",,1
439057,"R",3306,"A",,"R",9669,"G",110,"G",403,"G",110,"G",403,2
439118,"R",22779,"A",,"A",,"G",759,"A",,"G",759,"A",,2
439127,"R",15894,"A",,"A",,"G",530,"A",,"G",530,"A",,2
439136,"R",22532,"A",,"A",,"G",501,"A",,"G",501,"A",,2
439145,"R",116713,"A",,"A",,"G",2594,"A",,"G",2594,"A",,2
439163,"R",134729,"A",,"A",,"G",4491,"A",,"R",3742,"A",,2
439190,"R",103871,"A",,"A",,"G",2308,"A",,"G",2308,"A",,2
439279,"R",17769,"A",,"R",911,"G",592,"G",38,"G",592,"G",38,2
439288,"R",73182,"A",,"A",,"G",1626,"A",,"G",1626,"A",,2
439297,"R",11781,"A",,"R",1463,"G",393,"G",61,"G",393,"G",61,2
439303,"R",2592,"A",,"A",,"G",58,"A",,"G",58,"A",,2
439312,"R",1920,"A",,"A",,"G",43,"A",,"G",43,"A",,2
439330,"R",3545,"A",,"A",,"G",118,"A",,"R",99,"A",,2
439367,"A",,"R",272295,"A",,"G",303,"A",,"G",303,"A",,1
439394,"A",,"A",,"R",3003,"A",,"G",125,"A",,"R",141,-2
439400,"A",,"R",190500,"A",,"G",212,"A",,"R",212,"A",,1
439437,"A",,"R",413384,"A",,"G",459,"A",,"G",459,"A",,1
439446,"R",3960,"A",,"R",6180,"G",132,"G",258,"G",132,"G",258,2
439455,"R",15217,"A",,"A",,"G",507,"A",,"G",507,"A",,2
439473,"A",,"R",261000,"A",,"G",290,"A",,"G",290,"A",,1
439482,"R",864,"R",105300,"A",,"G",136,"A",,"G",136,"A",,3
439491,"R",20691,"R",135000,"A",,"G",610,"A",,"G",610,"A",,3
439507,"A",,"R",241651,"A",,"G",269,"A",,"G",269,"A",,1
439525,"R",20766,"A",,"A",,"G",692,"A",,"G",692,"A",,2
439570,"R",31328,"A",,"A",,"G",1044,"A",,"G",1044,"A",,2
439589,"A",,"R",108549,"A",,"G",121,"A",,"G",121,"A",,1
439604,"A",,"R",31500,"A",,"G",35,"A",,"G",35,"A",,1
439613,"R",5790,"A",,"A",,"G",193,"A",,"G",193,"A",,2
439622,"A",,"R",344300,"A",,"G",383,"A",,"G",383,"A",,1
439631,"A",,"R",41400,"A",,"G",46,"A",,"G",46,"A",,1
439668,"A",,"R",110900,"A",,"G",123,"A",,"G",123,"A",,1
439686,"A",,"R",254700,"A",,"G",283,"A",,"G",283,"A",,1
439695,"A",,"R",60535,"A",,"G",67,"A",,"G",67,"A",,1
439701,"R",6372,"A",,"R",4703,"G",142,"G",131,"G",142,"G",131,2
439729,"A",,"R",38781,"A",,"G",43,"A",,"G",43,"A",,1
439738,"A",,"R",478351,"A",,"G",532,"A",,"G",532,"A",,1
439747,"A",,"R",222400,"A",,"G",247,"A",,"R",215,"A",,1
439756,"A",,"R",33920,"A",,"G",38,"A",,"G",38,"A",,1
439774,"A",,"R",57700,"A",,"G",64,"A",,"G",64,"A",,1
439783,"R",3156,"A",,"R",2723,"G",105,"G",113,"G",105,"G",113,2
439792,"A",,"R",525014,"A",,"G",583,"A",,"G",583,"A",,1
439817,"A",,"A",,"R",2289,"A",,"G",95,"A",,"G",95,-2
439826,"R",58254,"A",,"A",,"G",1942,"A",,"G",1942,"A",,2
439844,"A",,"R",82137,"A",,"G",91,"A",,"G",91,"A",,1
439862,"R",1974,"A",,"R",81,"G",66,"G",3,"G",66,"G",3,2
439871,"R",6178,"A",,"A",,"G",206,"A",,"G",206,"A",,2
439899,"R",2507,"A",,"A",,"G",84,"A",,"G",84,"A",,2
439905,"A",,"R",185770,"A",,"G",206,"A",,"G",206,"A",,1
439914,"A",,"A",,"R",2083,"A",,"G",87,"A",,"G",87,-2
439932,"A",,"R",30600,"A",,"G",34,"A",,"G",34,"A",,1
439969,"R",2788,"A",,"R",5186,"G",93,"G",216,"G",93,"G",216,2
439978,"A",,"R",125100,"A",,"G",139,"A",,"G",139,"A",,1
439996,"R",2780,"A",,"A",,"G",93,"A",,"G",93,"A",,2
440004,"A",,"A",,"R",1420,"A",,"G",59,"A",,"R",56,-2
440031,"A",,"A",,"R",3504,"A",,"G",146,"A",,"G",146,-2
440059,"A",,"R",686400,"A",,"G",763,"A",,"G",763,"A",,1
440077,"R",2135,"A",,"A",,"G",71,"A",,"R",80,"A",,2
440086,"R",9281,"A",,"A",,"G",309,"A",,"G",309,"A",,2
440101,"A",,"R",322258,"A",,"G",358,"A",,"G",358,"A",,1
440110,"R",27810,"A",,"A",,"G",927,"A",,"G",927,"A",,2
440129,"R",26670,"A",,"A",,"G",889,"A",,"G",889,"A",,2
440147,"R",40140,"A",,"A",,"G",892,"A",,"G",892,"A",,2
440165,"R",35176,"A",,"A",,"G",782,"A",,"G",782,"A",,2
440174,"A",,"R",57280,"A",,"G",64,"A",,"G",64,"A",,1
440217,"A",,"R",28134,"A",,"G",31,"A",,"G",31,"A",,1
440226,"A",,"R",136035,"A",,"G",151,"A",,"G",151,"A",,1
440244,"R",128856,"A",,"A",,"G",4295,"A",,"G",4295,"A",,2
440262,"A",,"R",375072,"A",,"G",417,"A",,"G",417,"A",,1
440271,"R",17534,"R",87875,"A",,"G",682,"A",,"G",682,"A",,3
440299,"R",47260,"A",,"A",,"G",1575,"A",,"R",1313,"A",,2
440305,"R",72934,"A",,"A",,"G",2431,"A",,"G",2431,"A",,2
440323,"R",23479,"A",,"A",,"G",783,"A",,"G",783,"A",,2
440332,"R",15042,"A",,"A",,"G",501,"A",,"G",501,"A",,2
440341,"R",103475,"A",,"A",,"G",2299,"A",,"G",2299,"A",,2
440369,"R",47515,"A",,"A",,"G",1584,"A",,"R",1011,"A",,2
440378,"R",8228,"A",,"A",,"G",274,"A",,"G",274,"A",,2
440396,"R",3925,"A",,"R",132,"G",131,"G",6,"G",131,"G",6,2
440402,"R",78325,"A",,"A",,"G",2611,"A",,"G",2611,"A",,2
440411,"R",360,"A",,"R",2854,"G",12,"G",119,"G",12,"G",119,2
440420,"R",5223,"A",,"R",1422,"G",174,"G",59,"G",174,"G",59,2
440439,"R",27319,"A",,"R",5480,"G",911,"G",228,"G",911,"G",228,2
440448,"R",61381,"A",,"R",8245,"G",2046,"G",344,"G",2046,"G",344,2
440457,"R",10849,"A",,"R",741,"G",362,"G",31,"G",362,"G",31,2
440466,"R",12228,"A",,"R",1414,"G",408,"G",59,"G",408,"G",59,2
440484,"R",77083,"A",,"A",,"G",1713,"A",,"G",1713,"A",,2
440536,"R",39784,"A",,"A",,"G",1326,"A",,"R",1105,"A",,2
440545,"R",31283,"A",,"A",,"G",1043,"A",,"R",869,"A",,2
440572,"A",,"A",,"R",21008,"A",,"G",875,"A",,"R",778,-2
440581,"A",,"A",,"R",23633,"A",,"G",985,"A",,"R",875,-2
440590,"R",47119,"A",,"A",,"G",1571,"A",,"R",1309,"A",,2
440624,"R",56406,"A",,"A",,"G",1880,"A",,"G",1880,"A",,2
440642,"R",33336,"A",,"A",,"G",741,"A",,"G",741,"A",,2
440651,"R",49422,"A",,"A",,"G",1647,"A",,"G",1647,"A",,2
440721,"A",,"R",260352,"A",,"G",289,"A",,"R",407,"A",,1
440730,"A",,"R",826239,"A",,"G",918,"A",,"G",918,"A",,1
440749,"R",8785,"A",,"A",,"G",195,"A",,"G",195,"A",,2
440758,"R",10482,"A",,"A",,"G",233,"A",,"G",233,"A",,2
440767,"R",28550,"A",,"A",,"G",634,"A",,"G",634,"A",,2
440776,"A",,"R",64225,"A",,"G",71,"A",,"G",71,"A",,1
440794,"R",6978,"A",,"A",,"G",233,"A",,"G",233,"A",,2
440800,"R",1983,"A",,"A",,"G",44,"A",,"G",44,"A",,2
440819,"R",6690,"A",,"A",,"G",149,"A",,"G",149,"A",,2
440828,"R",14633,"A",,"R",4207,"G",325,"G",117,"G",325,"G",117,2
440846,"A",,"R",358820,"A",,"G",399,"A",,"G",399,"A",,1
440855,"A",,"R",296160,"A",,"G",329,"A",,"G",329,"A",,1
440873,"R",27528,"R",69502,"A",,"G",995,"A",,"G",995,"A",,3
440882,"R",15476,"A",,"A",,"G",516,"A",,"G",516,"A",,2
440891,"R",16473,"A",,"A",,"G",549,"A",,"G",549,"A",,2
440907,"R",10981,"A",,"A",,"G",366,"A",,"G",366,"A",,2
440916,"A",,"A",,"R",20703,"A",,"G",863,"A",,"G",863,-2
440925,"R",63434,"A",,"A",,"G",1410,"A",,"G",1410,"A",,2
440952,"A",,"R",434972,"A",,"G",483,"A",,"G",483,"A",,1
440970,"R",8500,"A",,"A",,"G",283,"A",,"R",181,"A",,2
440989,"A",,"R",1006651,"A",,"G",1119,"A",,"G",1119,"A",,1
441016,"R",39529,"A",,"A",,"G",1318,"A",,"R",841,"A",,2
441025,"R",35164,"A",,"A",,"G",781,"A",,"G",781,"A",,2
441052,"A",,"R",1627068,"A",,"G",1808,"A",,"G",1808,"A",,1
441070,"R",2389,"A",,"A",,"G",80,"A",,"G",80,"A",,2
441089,"R",108451,"A",,"A",,"G",3615,"A",,"R",2308,"A",,2
441104,"A",,"A",,"R",6174,"A",,"G",257,"A",,"R",224,-2
441131,"A",,"A",,"R",5140,"A",,"G",214,"A",,"G",214,-2
441159,"A",,"A",,"R",5078,"A",,"G",212,"A",,"R",188,-2
441168,"A",,"R",171288,"A",,"G",190,"A",,"G",190,"A",,1
441186,"R",13812,"A",,"R",1970,"G",460,"G",82,"G",460,"G",82,2
441195,"A",,"R",67500,"A",,"G",75,"A",,"G",75,"A",,1
441201,"R",7217,"A",,"A",,"G",160,"A",,"G",160,"A",,2
441210,"A",,"R",197958,"A",,"G",220,"A",,"G",220,"A",,1
441229,"R",34270,"A",,"A",,"G",762,"A",,"G",762,"A",,2
441238,"A",,"A",,"R",2062,"A",,"G",86,"A",,"R",86,-2
441256,"A",,"R",106345,"A",,"G",118,"A",,"G",118,"A",,1
441274,"A",,"R",165109,"A",,"G",183,"A",,"G",183,"A",,1
441308,"A",,"A",,"R",42574,"A",,"G",1774,"A",,"G",1774,-2
441317,"A",,"R",81589,"A",,"G",91,"A",,"G",91,"A",,1
441335,"A",,"R",37800,"A",,"G",42,"A",,"G",42,"A",,1
441353,"A",,"R",16200,"A",,"G",18,"A",,"G",18,"A",,1
441362,"R",34048,"A",,"A",,"G",1135,"A",,"G",1135,"A",,2
441371,"R",17593,"A",,"A",,"G",586,"A",,"G",586,"A",,2
441380,"A",,"R",315734,"A",,"G",351,"A",,"G",351,"A",,1
441399,"R",15596,"A",,"A",,"G",520,"A",,"G",520,"A",,2
441405,"A",,"R",135900,"A",,"G",151,"A",,"R",151,"A",,1
441414,"A",,"R",196152,"A",,"G",218,"A",,"G",218,"A",,1
441423,"R",13436,"A",,"A",,"G",448,"A",,"G",448,"A",,2
441432,"A",,"R",467220,"A",,"G",519,"A",,"G",519,"A",,1
441441,"A",,"R",320880,"A",,"G",357,"A",,"G",357,"A",,1
441478,"R",1296,"A",,"R",9759,"G",43,"G",407,"G",43,"G",407,2
441487,"R",3979,"R",5476,"A",,"G",139,"A",,"G",139,"A",,3
441496,"A",,"R",293280,"A",,"G",326,"A",,"G",326,"A",,1
441502,"R",10167,"R",292500,"A",,"G",551,"A",,"R",551,"A",,3
441511,"R",5338,"A",,"R",2789,"G",178,"G",116,"G",178,"G",116,2
441548,"A",,"R",99450,"A",,"G",111,"A",,"G",111,"A",,1
441575,"A",,"R",1121516,"A",,"G",1246,"A",,"G",1246,"A",,1
441584,"A",,"R",1170000,"A",,"G",1300,"A",,"G",1300,"A",,1
441593,"A",,"R",42845,"A",,"G",48,"A",,"R",48,"A",,1
441609,"R",270,"A",,"A",,"G",9,"A",,"G",9,"A",,2
441618,"A",,"R",74180,"A",,"G",82,"A",,"G",82,"A",,1
441627,"A",,"R",32400,"A",,"G",36,"A",,"G",36,"A",,1
441636,"R",3397,"R",106725,"A",,"G",194,"A",,"G",194,"A",,3
441645,"A",,"R",181923,"A",,"G",202,"A",,"G",202,"A",,1
441663,"R",7399,"A",,"A",,"G",247,"A",,"G",247,"A",,2
441672,"A",,"R",17100,"A",,"G",19,"A",,"G",19,"A",,1
441681,"R",2328,"A",,"A",,"G",78,"A",,"G",78,"A",,2
441690,"R",5765,"A",,"A",,"G",192,"A",,"G",192,"A",,2
441706,"R",3510,"A",,"A",,"G",117,"A",,"G",117,"A",,2
441733,"A",,"R",13892,"A",,"G",15,"A",,"G",15,"A",,1
441742,"A",,"R",694705,"A",,"G",772,"A",,"R",722,"A",,1
441751,"A",,"R",27000,"A",,"G",30,"A",,"G",30,"A",,1
441760,"R",66680,"A",,"A",,"G",2223,"A",,"G",2223,"A",,2
441779,"A",,"R",116565,"A",,"G",130,"A",,"G",130,"A",,1
441788,"A",,"R",572520,"A",,"G",636,"A",,"G",636,"A",,1
441797,"A",,"R",59250,"A",,"G",66,"A",,"G",66,"A",,1
441830,"R",3564,"A",,"A",,"G",119,"A",,"G",119,"A",,2
441858,"R",9986,"R",14940,"A",,"G",349,"A",,"G",349,"A",,3
441876,"A",,"R",222457,"A",,"G",247,"A",,"G",247,"A",,1
441894,"A",,"R",84600,"A",,"G",94,"A",,"R",93,"A",,1
441900,"R",68913,"A",,"A",,"G",2297,"A",,"G",2297,"A",,2
441919,"R",16488,"A",,"A",,"G",550,"A",,"G",550,"A",,2
441928,"R",36036,"A",,"A",,"G",801,"A",,"G",801,"A",,2
441937,"R",96975,"A",,"R",1387,"G",3233,"G",58,"G",3233,"G",58,2
441955,"R",41728,"A",,"A",,"G",927,"A",,"G",927,"A",,2
441964,"R",30320,"A",,"A",,"G",674,"A",,"G",674,"A",,2
441973,"R",95347,"A",,"A",,"G",2119,"A",,"G",2119,"A",,2
441982,"R",10446,"A",,"A",,"G",348,"A",,"G",348,"A",,2
442000,"R",16541,"A",,"A",,"G",551,"A",,"G",551,"A",,2
442037,"A",,"R",368075,"A",,"G",409,"A",,"G",409,"A",,1
442046,"A",,"R",819001,"A",,"G",910,"A",,"G",910,"A",,1
442064,"A",,"A",,"R",1346,"A",,"G",56,"A",,"G",56,-2
442073,"A",,"R",906602,"A",,"G",1007,"A",,"G",1007,"A",,1
442134,"A",,"R",879890,"A",,"G",978,"A",,"G",978,"A",,1
442143,"R",17854,"A",,"R",1716,"G",595,"G",72,"G",595,"G",72,2
442152,"R",37832,"A",,"R",6323,"G",1261,"G",263,"G",1261,"G",263,2
442161,"R",28917,"A",,"R",2912,"G",964,"G",121,"G",964,"G",121,2
442170,"R",34456,"A",,"R",2498,"G",1149,"G",104,"G",1149,"G",104,2
442189,"R",14992,"A",,"R",3267,"G",500,"G",136,"G",500,"G",136,2
442204,"A",,"R",141200,"A",,"G",157,"A",,"R",145,"A",,1
442213,"R",833,"A",,"A",,"G",28,"A",,"G",28,"A",,2
442222,"R",4143,"A",,"R",10075,"G",138,"G",420,"G",138,"G",420,2
442231,"R",72327,"A",,"A",,"G",2411,"A",,"G",2411,"A",,2
442240,"A",,"R",322929,"A",,"G",359,"A",,"G",359,"A",,1
442295,"A",,"A",,"R",14304,"A",,"G",596,"A",,"G",596,-2
442310,"R",28817,"A",,"A",,"G",961,"A",,"R",706,"A",,2
442329,"A",,"R",662475,"A",,"G",736,"A",,"G",736,"A",,1
442338,"R",32218,"A",,"A",,"G",716,"A",,"G",716,"A",,2
442347,"R",24056,"A",,"A",,"G",535,"A",,"G",535,"A",,2
442356,"R",24263,"A",,"A",,"G",809,"A",,"G",809,"A",,2
442365,"R",23255,"A",,"A",,"G",775,"A",,"R",646,"A",,2
442383,"R",20573,"A",,"A",,"G",457,"A",,"G",457,"A",,2
442392,"A",,"A",,"R",1204,"A",,"G",50,"A",,"R",50,-2
442408,"R",16544,"A",,"A",,"G",551,"A",,"G",551,"A",,2
442426,"R",7114,"A",,"A",,"G",237,"A",,"G",237,"A",,2
442435,"R",1325,"A",,"A",,"G",44,"A",,"G",44,"A",,2
442444,"A",,"R",894630,"A",,"G",994,"A",,"G",994,"A",,1
442462,"R",22980,"A",,"A",,"G",766,"A",,"G",766,"A",,2
442499,"R",20942,"A",,"A",,"G",465,"A",,"G",465,"A",,2
442505,"R",28335,"A",,"A",,"G",630,"A",,"G",630,"A",,2
442523,"R",1041,"A",,"A",,"G",35,"A",,"G",35,"A",,2
442569,"R",186321,"A",,"R",19535,"G",6211,"G",814,"G",6211,"G",814,2
442578,"R",16325,"A",,"A",,"G",363,"A",,"G",363,"A",,2
442602,"R",30051,"A",,"A",,"G",1002,"A",,"G",1002,"A",,2
442611,"R",93436,"A",,"A",,"G",3115,"A",,"R",2562,"A",,2
442620,"R",21300,"A",,"A",,"G",710,"A",,"R",453,"A",,2
442639,"R",1149,"A",,"A",,"G",38,"A",,"G",38,"A",,2
442648,"R",34290,"A",,"A",,"G",1143,"A",,"G",1143,"A",,2
442657,"A",,"R",296380,"A",,"G",329,"A",,"G",329,"A",,1
442684,"R",7360,"A",,"A",,"G",245,"A",,"G",245,"A",,2
442718,"R",17844,"A",,"A",,"G",397,"A",,"G",397,"A",,2
442727,"R",57852,"A",,"A",,"G",1928,"A",,"R",1231,"A",,2
442736,"R",23982,"A",,"A",,"G",799,"A",,"R",510,"A",,2
442745,"A",,"R",679947,"A",,"G",755,"A",,"G",755,"A",,1
442781,"R",4010,"A",,"A",,"G",134,"A",,"G",134,"A",,2
442790,"R",62464,"A",,"A",,"G",2082,"A",,"R",1556,"A",,2
442806,"A",,"A",,"R",43064,"A",,"G",1794,"A",,"R",717,-2
442815,"R",21985,"A",,"A",,"G",733,"A",,"G",733,"A",,2
442824,"R",70724,"A",,"A",,"G",2357,"A",,"R",1965,"A",,2
442842,"R",2400,"A",,"R",7470,"G",80,"G",311,"G",80,"G",311,2
442851,"A",,"R",462378,"A",,"G",514,"A",,"G",514,"A",,1
442879,"R",9960,"R",598763,"A",,"G",997,"A",,"G",997,"A",,3
442888,"R",13279,"A",,"A",,"G",443,"A",,"G",443,"A",,2
442897,"R",3434,"A",,"R",747,"G",114,"G",31,"R",101,"R",42,2
442930,"R",22955,"A",,"R",60,"G",765,"G",3,"G",765,"G",3,2
442949,"R",1850,"A",,"A",,"G",41,"A",,"R",34,"A",,2
442958,"A",,"R",84000,"A",,"G",93,"A",,"G",93,"A",,1
442967,"A",,"R",38160,"A",,"G",42,"A",,"G",42,"A",,1
442976,"A",,"R",71373,"A",,"G",79,"A",,"G",79,"A",,1
442985,"R",2342,"A",,"A",,"G",78,"A",,"G",78,"A",,2
443021,"A",,"R",230000,"A",,"G",256,"A",,"G",256,"A",,1
443030,"A",,"A",,"R",3024,"A",,"G",84,"A",,"G",84,-2
443049,"R",7075,"A",,"R",6372,"G",157,"G",177,"G",157,"G",177,2
443058,"R",785,"A",,"A",,"G",26,"A",,"G",26,"A",,2
443076,"R",149,"A",,"R",4424,"G",5,"G",184,"G",5,"G",184,2
443100,"A",,"R",119515,"A",,"G",133,"A",,"R",133,"A",,1
443128,"A",,"A",,"R",36141,"A",,"G",1506,"A",,"G",1506,-2
443137,"A",,"R",298125,"A",,"G",331,"A",,"G",331,"A",,1
443146,"A",,"R",112557,"A",,"G",125,"A",,"G",125,"A",,1
443173,"A",,"R",45436,"A",,"G",50,"A",,"G",50,"A",,1
443207,"A",,"R",427424,"A",,"G",475,"A",,"G",475,"A",,1
443216,"A",,"R",157500,"A",,"G",175,"A",,"G",175,"A",,1
443225,"A",,"R",119700,"A",,"G",133,"A",,"G",133,"A",,1
443234,"R",10688,"A",,"A",,"G",356,"A",,"G",356,"A",,2
443252,"R",31360,"A",,"A",,"G",1045,"A",,"G",1045,"A",,2
443261,"R",9152,"A",,"A",,"G",305,"A",,"G",305,"A",,2
443270,"R",6767,"A",,"A",,"G",226,"A",,"G",226,"A",,2
443289,"R",2250,"A",,"A",,"G",75,"A",,"G",75,"A",,2
443298,"A",,"R",197478,"A",,"G",219,"A",,"G",219,"A",,1
443304,"R",360,"A",,"A",,"G",12,"A",,"R",12,"A",,2
443322,"A",,"R",254236,"A",,"G",282,"A",,"G",282,"A",,1
443331,"R",29736,"A",,"R",552,"G",991,"G",23,"G",991,"G",23,2
443340,"R",6220,"A",,"A",,"G",207,"A",,"G",207,"A",,2
443359,"A",,"R",197732,"A",,"G",220,"A",,"G",220,"A",,1
443377,"R",7503,"A",,"A",,"G",250,"A",,"G",250,"A",,2
443410,"R",29324,"A",,"R",813,"G",977,"G",34,"G",977,"G",34,2
443429,"A",,"R",121792,"A",,"G",135,"A",,"G",135,"A",,1
443438,"A",,"R",378365,"A",,"G",420,"A",,"G",420,"A",,1
443456,"R",2455,"A",,"R",903,"G",82,"G",38,"G",82,"G",38,2
443465,"R",2499,"A",,"R",496,"G",83,"G",21,"G",83,"G",21,2
443474,"R",24873,"A",,"R",4247,"G",829,"G",177,"G",829,"G",177,2
443483,"R",4165,"A",,"A",,"G",139,"A",,"G",139,"A",,2
443492,"R",62007,"A",,"A",,"G",2067,"A",,"G",2067,"A",,2
443517,"A",,"R",123600,"A",,"G",137,"A",,"R",75,"A",,1
443526,"R",29200,"A",,"A",,"G",649,"A",,"G",649,"A",,2
443535,"R",23984,"A",,"A",,"G",533,"A",,"G",533,"A",,2
443544,"R",9989,"A",,"R",1775,"G",333,"G",74,"G",333,"G",74,2
443553,"A",,"R",328500,"A",,"G",365,"A",,"G",365,"A",,1
443562,"R",64625,"A",,"A",,"G",2154,"A",,"G",2154,"A",,2
443571,"R",8990,"A",,"A",,"G",300,"A",,"G",300,"A",,2
443605,"R",11841,"A",,"A",,"G",395,"A",,"G",395,"A",,2
443623,"R",62569,"A",,"A",,"G",2086,"A",,"G",2086,"A",,2
443632,"R",5320,"A",,"A",,"G",177,"A",,"G",177,"A",,2
443641,"A",,"R",227085,"A",,"G",252,"A",,"G",252,"A",,1
443650,"R",29114,"A",,"A",,"G",647,"A",,"G",647,"A",,2
443669,"A",,"R",437100,"A",,"G",486,"A",,"G",486,"A",,1
443678,"A",,"R",162131,"A",,"G",180,"A",,"G",180,"A",,1
443687,"R",53734,"A",,"A",,"G",1194,"A",,"G",1194,"A",,2
443696,"A",,"R",77825,"A",,"G",86,"A",,"G",86,"A",,1
443702,"A",,"A",,"R",258,"A",,"G",11,"A",,"G",11,-2
443739,"R",20640,"A",,"A",,"G",688,"A",,"G",688,"A",,2
443748,"R",33013,"A",,"A",,"G",1100,"A",,"R",706,"A",,2
443766,"R",60782,"A",,"R",18266,"G",1351,"G",507,"G",1351,"G",507,2
443784,"R",79920,"A",,"R",16853,"G",1776,"G",468,"G",1776,"G",468,2
443827,"R",26601,"A",,"A",,"G",887,"A",,"G",887,"A",,2
443836,"R",34510,"A",,"A",,"G",1150,"A",,"G",1150,"A",,2
443845,"R",23560,"A",,"A",,"G",785,"A",,"G",785,"A",,2
443854,"R",37503,"A",,"A",,"G",1250,"A",,"R",844,"A",,2
443881,"R",29037,"A",,"R",1308,"G",968,"G",55,"G",968,"G",55,2
443890,"R",28396,"A",,"R",2205,"G",947,"G",92,"G",947,"G",92,2
443906,"R",4090,"A",,"R",762,"G",136,"G",32,"G",136,"G",32,2
443924,"R",22375,"A",,"R",1828,"G",746,"G",76,"G",746,"G",76,2
443942,"A",,"R",211490,"A",,"G",235,"A",,"G",235,"A",,1
443951,"R",6408,"A",,"A",,"G",214,"A",,"G",214,"A",,2
443979,"A",,"R",78826,"A",,"G",88,"A",,"G",88,"A",,1
443988,"A",,"A",,"R",11818,"A",,"G",492,"A",,"R",438,-2
443997,"R",12549,"A",,"A",,"G",418,"A",,"R",349,"A",,2
444015,"R",50718,"A",,"A",,"G",1691,"A",,"R",1079,"A",,2
444024,"R",47156,"A",,"A",,"G",1572,"A",,"R",1022,"A",,2
444033,"R",6275,"A",,"A",,"G",209,"A",,"R",174,"A",,2
444042,"R",51087,"A",,"A",,"G",1703,"A",,"G",1703,"A",,2
444051,"R",572,"R",231800,"A",,"G",277,"A",,"R",243,"A",,3
444060,"R",24114,"A",,"A",,"G",536,"A",,"G",536,"A",,2
444079,"A",,"R",396544,"A",,"G",441,"A",,"G",441,"A",,1
444088,"R",17819,"A",,"A",,"G",594,"A",,"G",594,"A",,2
444103,"A",,"A",,"R",230,"A",,"G",10,"A",,"G",10,-2
444121,"R",24010,"A",,"A",,"G",800,"A",,"G",800,"A",,2
444130,"R",7632,"A",,"R",104552,"G",254,"G",4356,"G",254,"G",4356,2
444158,"R",1326423,"A",,"R",89771,"G",29476,"G",2494,"G",29476,"G",2494,2
444167,"R",124345,"A",,"A",,"G",2763,"A",,"G",2763,"A",,2
444176,"A",,"R",199806,"A",,"G",222,"A",,"G",222,"A",,1
444194,"R",9716,"A",,"A",,"G",324,"A",,"G",324,"A",,2
444200,"R",13954,"A",,"A",,"G",465,"A",,"G",465,"A",,2
444219,"R",145100,"A",,"A",,"G",4837,"A",,"G",4837,"A",,2
444228,"A",,"R",36584,"A",,"G",41,"A",,"G",41,"A",,1
444237,"R",27794,"A",,"A",,"G",926,"A",,"R",591,"A",,2
444255,"R",43488,"A",,"A",,"G",966,"A",,"G",966,"A",,2
444264,"R",5999,"A",,"A",,"G",200,"A",,"R",175,"A",,2
444282,"A",,"R",230058,"A",,"G",256,"A",,"G",256,"A",,1
444291,"A",,"R",260993,"A",,"G",290,"A",,"G",290,"A",,1
444307,"A",,"R",195552,"A",,"G",217,"A",,"G",217,"A",,1
444316,"A",,"R",189782,"A",,"G",211,"A",,"G",211,"A",,1
444325,"R",8540,"A",,"A",,"G",285,"A",,"G",285,"A",,2
444334,"A",,"R",163170,"A",,"G",181,"A",,"G",181,"A",,1
444343,"A",,"R",241920,"A",,"G",269,"A",,"G",269,"A",,1
444352,"R",12973,"A",,"A",,"G",432,"A",,"G",432,"A",,2
444361,"A",,"R",79920,"A",,"G",89,"A",,"G",89,"A",,1
444370,"A",,"R",124320,"A",,"G",138,"A",,"R",137,"A",,1
444389,"R",18322,"A",,"A",,"G",611,"A",,"G",611,"A",,2
444398,"R",4836,"A",,"A",,"G",161,"A",,"G",161,"A",,2
444404,"A",,"R",108000,"A",,"G",120,"A",,"G",120,"A",,1
444413,"R",3630,"A",,"R",348,"G",121,"G",15,"G",121,"G",15,2
444422,"A",,"R",212074,"A",,"G",236,"A",,"G",236,"A",,1
444440,"A",,"R",107500,"A",,"G",119,"A",,"G",119,"A",,1
444459,"A",,"R",10200,"A",,"G",11,"A",,"G",11,"A",,1
444468,"A",,"R",21038,"A",,"G",23,"A",,"G",23,"A",,1
444477,"R",8856,"A",,"A",,"G",295,"A",,"G",295,"A",,2
444486,"A",,"R",326610,"A",,"G",363,"A",,"G",363,"A",,1
444510,"R",1017,"A",,"A",,"G",34,"A",,"G",34,"A",,2
444529,"R",8952,"A",,"A",,"G",298,"A",,"G",298,"A",,2
444547,"A",,"R",32109,"A",,"G",36,"A",,"G",36,"A",,1
444556,"A",,"R",34495,"A",,"G",38,"A",,"G",38,"A",,1
444565,"R",8265,"A",,"A",,"G",276,"A",,"R",370,"A",,2
444574,"R",35019,"A",,"A",,"G",1167,"A",,"G",1167,"A",,2
444583,"R",27882,"A",,"A",,"G",929,"A",,"G",929,"A",,2
444592,"A",,"R",194400,"A",,"G",216,"A",,"G",216,"A",,1
444608,"A",,"R",62904,"A",,"G",70,"A",,"G",70,"A",,1
444626,"A",,"R",24000,"A",,"G",27,"A",,"R",13,"A",,1
444635,"A",,"R",23122,"A",,"G",26,"A",,"G",26,"A",,1
444644,"R",720,"A",,"A",,"G",24,"A",,"G",24,"A",,2
444653,"A",,"R",110200,"A",,"G",122,"A",,"R",145,"A",,1
444662,"R",2250,"A",,"A",,"G",75,"A",,"R",75,"A",,2
444671,"R",13860,"A",,"A",,"G",308,"A",,"G",308,"A",,2
444680,"R",5730,"A",,"A",,"G",191,"A",,"G",191,"A",,2
444699,"A",,"A",,"R",1100,"A",,"G",46,"A",,"G",46,-2
444705,"A",,"R",52200,"A",,"G",58,"A",,"G",58,"A",,1
444714,"R",46297,"A",,"A",,"G",1543,"A",,"G",1543,"A",,2
444723,"R",54675,"A",,"R",38599,"G",1823,"G",1608,"G",1823,"G",1608,2
444732,"A",,"R",109000,"A",,"G",121,"A",,"G",121,"A",,1
444750,"A",,"R",20052,"A",,"G",22,"A",,"G",22,"A",,1
444769,"A",,"R",101502,"A",,"G",113,"A",,"G",113,"A",,1
444778,"R",2202,"A",,"R",783,"G",73,"G",33,"G",73,"G",33,2
444796,"R",9864,"A",,"A",,"G",329,"A",,"G",329,"A",,2
444811,"A",,"R",244899,"A",,"G",272,"A",,"G",272,"A",,1
444857,"A",,"R",74400,"A",,"G",83,"A",,"G",83,"A",,1
444866,"R",5330,"A",,"A",,"G",178,"A",,"G",178,"A",,2
444893,"A",,"R",220556,"A",,"G",245,"A",,"G",245,"A",,1
444909,"A",,"R",16557,"A",,"G",18,"A",,"G",18,"A",,1
444927,"R",21902,"A",,"A",,"G",487,"A",,"G",487,"A",,2
444936,"A",,"R",61500,"A",,"G",68,"A",,"G",68,"A",,1
444945,"A",,"R",137509,"A",,"G",153,"A",,"G",153,"A",,1
444954,"R",61794,"A",,"A",,"G",2060,"A",,"G",2060,"A",,2
444972,"R",7062,"A",,"A",,"G",235,"A",,"G",235,"A",,2
444990,"R",14386,"A",,"A",,"G",480,"A",,"G",480,"A",,2
445009,"R",61266,"A",,"A",,"G",2042,"A",,"G",2042,"A",,2
445018,"R",28081,"A",,"A",,"G",936,"A",,"G",936,"A",,2
445027,"R",1211980,"A",,"R",124815,"G",26933,"G",3467,"G",26933,"G",3467,2
445072,"R",42815,"A",,"A",,"G",951,"A",,"G",951,"A",,2
445081,"R",27468,"A",,"A",,"G",610,"A",,"G",610,"A",,2
445090,"R",35120,"A",,"A",,"G",780,"A",,"G",780,"A",,2
445115,"R",36113,"A",,"A",,"G",1204,"A",,"G",1204,"A",,2
445124,"R",59576,"A",,"A",,"G",1324,"A",,"G",1324,"A",,2
445133,"R",22520,"A",,"R",4427,"G",500,"G",123,"G",500,"G",123,2
445142,"R",20132,"R",100,"A",,"G",671,"A",,"G",671,"A",,3
445188,"R",127675,"A",,"R",5927,"G",4256,"G",247,"G",4256,"G",247,2
445197,"R",32091,"A",,"A",,"G",1070,"A",,"R",725,"A",,2
445203,"R",28624,"R",109125,"A",,"G",1075,"A",,"G",1075,"A",,3
445212,"A",,"R",261438,"A",,"G",290,"A",,"G",290,"A",,1
445221,"A",,"R",84226,"A",,"G",94,"A",,"G",94,"A",,1
445230,"A",,"R",1585291,"A",,"G",1761,"A",,"G",1761,"A",,1
445249,"R",18689,"R",63625,"A",,"G",694,"A",,"G",694,"A",,3
445258,"A",,"R",352200,"A",,"G",391,"A",,"G",391,"A",,1
445267,"R",45176,"A",,"R",2648,"G",1004,"G",74,"G",1004,"G",74,2
445276,"R",33574,"A",,"A",,"G",746,"A",,"G",746,"A",,2
445300,"R",13553,"A",,"A",,"G",452,"A",,"G",452,"A",,2
445319,"R",4997,"A",,"R",813,"G",167,"G",34,"G",167,"G",34,2
445328,"R",20455,"A",,"A",,"G",682,"A",,"G",682,"A",,2
445337,"R",17557,"A",,"A",,"G",585,"A",,"G",585,"A",,2
445346,"R",23236,"A",,"A",,"G",775,"A",,"G",775,"A",,2
445355,"R",11293,"A",,"A",,"G",376,"A",,"G",376,"A",,2
445364,"A",,"R",364660,"A",,"G",405,"A",,"G",405,"A",,1
445373,"R",19138,"A",,"A",,"G",638,"A",,"R",407,"A",,2
445382,"R",30076,"A",,"A",,"G",1003,"A",,"R",640,"A",,2
445391,"R",4923,"A",,"R",605,"G",164,"G",25,"G",164,"G",25,2
445407,"R",15905,"A",,"A",,"G",530,"A",,"R",442,"A",,2
445416,"R",18032,"A",,"R",256,"G",601,"G",11,"G",601,"G",11,2
445434,"R",46158,"A",,"A",,"G",1539,"A",,"R",1126,"A",,2
445452,"R",74311,"A",,"A",,"G",2477,"A",,"R",1581,"A",,2
445461,"R",54111,"A",,"A",,"G",1804,"A",,"R",1151,"A",,2
445470,"R",22335,"A",,"A",,"G",745,"A",,"R",512,"A",,2
445489,"A",,"R",67617,"A",,"G",75,"A",,"G",75,"A",,1
445498,"A",,"R",47640,"A",,"G",53,"A",,"G",53,"A",,1
445504,"A",,"R",223642,"A",,"G",248,"A",,"G",248,"A",,1
445531,"A",,"R",36354,"A",,"G",40,"A",,"G",40,"A",,1
445540,"A",,"R",71450,"A",,"G",79,"A",,"G",79,"A",,1
445559,"R",14067,"R",34652,"A",,"G",507,"A",,"G",507,"A",,3
445577,"R",19170,"A",,"A",,"G",639,"A",,"G",639,"A",,2
445601,"R",39960,"A",,"A",,"G",1332,"A",,"G",1332,"A",,2
445610,"R",12090,"A",,"A",,"G",403,"A",,"G",403,"A",,2
445629,"A",,"R",133776,"A",,"G",149,"A",,"R",178,"A",,1
445638,"A",,"R",52416,"A",,"G",58,"A",,"G",58,"A",,1
445647,"A",,"R",102336,"A",,"G",114,"A",,"R",131,"A",,1
445656,"A",,"R",114720,"A",,"G",127,"A",,"R",145,"A",,1
445665,"A",,"R",659250,"A",,"G",733,"A",,"G",733,"A",,1
445674,"R",16858,"A",,"A",,"G",562,"A",,"G",562,"A",,2
445683,"A",,"R",94500,"A",,"G",105,"A",,"R",95,"A",,1
445692,"R",5346,"A",,"R",36,"G",119,"G",1,"G",119,"G",1,2
445708,"R",121396,"A",,"A",,"G",2698,"A",,"G",2698,"A",,2
445717,"R",55444,"A",,"R",7214,"G",1848,"G",301,"G",1848,"G",301,2
445726,"R",23280,"A",,"A",,"G",776,"A",,"G",776,"A",,2
445735,"R",9229,"A",,"R",44439,"G",308,"G",1852,"R",289,"R",774,2
445744,"A",,"R",330691,"A",,"G",367,"A",,"G",367,"A",,1
445753,"A",,"R",242584,"A",,"G",270,"A",,"G",270,"A",,1
445762,"A",,"R",352560,"A",,"G",392,"A",,"G",392,"A",,1
445771,"R",23146,"A",,"A",,"G",772,"A",,"R",492,"A",,2
445780,"A",,"R",56444,"A",,"G",63,"A",,"G",63,"A",,1
445799,"R",92187,"A",,"A",,"G",3073,"A",,"R",2339,"A",,2
445814,"R",29014,"A",,"A",,"G",967,"A",,"G",967,"A",,2
445832,"R",3000,"A",,"A",,"G",100,"A",,"G",100,"A",,2
445841,"A",,"R",131140,"A",,"G",146,"A",,"G",146,"A",,1
445850,"A",,"R",187550,"A",,"G",208,"A",,"G",208,"A",,1
445869,"A",,"A",,"R",1625,"A",,"G",68,"A",,"G",68,-2
445896,"A",,"R",141300,"A",,"G",157,"A",,"G",157,"A",,1
445911,"A",,"R",835801,"A",,"G",929,"A",,"G",929,"A",,1
445920,"R",36745,"A",,"A",,"G",817,"A",,"G",817,"A",,2
445939,"R",14746,"A",,"A",,"G",328,"A",,"G",328,"A",,2
445948,"R",5283,"A",,"A",,"G",176,"A",,"G",176,"A",,2
445957,"R",4880,"R",47106,"A",,"G",215,"A",,"G",215,"A",,3
445984,"A",,"R",29700,"A",,"G",33,"A",,"G",33,"A",,1
445993,"A",,"R",89963,"A",,"G",100,"A",,"G",100,"A",,1
446002,"A",,"A",,"R",1820,"A",,"G",76,"A",,"R",78,-2
446039,"A",,"A",,"R",1128,"A",,"G",31,"A",,"G",31,-2
446048,"R",21595,"A",,"R",1377,"G",720,"G",57,"G",720,"G",57,2
446057,"R",3756,"A",,"A",,"G",125,"A",,"G",125,"A",,2
446075,"A",,"R",37276,"A",,"G",41,"A",,"G",41,"A",,1
446084,"R",6853,"A",,"A",,"G",228,"A",,"R",153,"A",,2
446093,"R",8015,"A",,"A",,"G",267,"A",,"G",267,"A",,2
446109,"A",,"R",126197,"A",,"G",140,"A",,"G",140,"A",,1
446118,"A",,"R",561619,"A",,"G",624,"A",,"G",624,"A",,1
446127,"A",,"R",304200,"A",,"G",338,"A",,"G",338,"A",,1
446136,"R",15662,"A",,"A",,"G",522,"A",,"R",522,"A",,2
446145,"R",1179,"A",,"A",,"G",39,"A",,"G",39,"A",,2
446154,"R",56731,"A",,"A",,"G",1891,"A",,"G",1891,"A",,2
446163,"R",4203,"A",,"A",,"G",93,"A",,"G",93,"A",,2
446190,"A",,"R",58500,"A",,"G",65,"A",,"G",65,"A",,1
446206,"R",450,"A",,"A",,"G",15,"A",,"G",15,"A",,2
446215,"A",,"R",48681,"A",,"G",54,"A",,"G",54,"A",,1
446224,"R",2085,"A",,"A",,"G",70,"A",,"G",70,"A",,2
446233,"R",5670,"A",,"A",,"G",189,"A",,"G",189,"A",,2
446242,"R",6569,"R",10414,"A",,"G",231,"A",,"G",231,"A",,3
446251,"R",2980,"A",,"A",,"G",99,"A",,"G",99,"A",,2
446260,"A",,"R",174482,"A",,"G",194,"A",,"G",194,"A",,1
446288,"A",,"R",122187,"A",,"G",136,"A",,"G",136,"A",,1
446297,"A",,"R",13666,"A",,"G",15,"A",,"G",15,"A",,1
446303,"A",,"R",80845,"A",,"G",90,"A",,"G",90,"A",,1
446312,"R",3096,"A",,"A",,"G",103,"A",,"G",103,"A",,2
446321,"A",,"R",30300,"A",,"G",34,"A",,"G",34,"A",,1
446349,"A",,"R",36000,"A",,"G",40,"A",,"G",40,"A",,1
446358,"A",,"R",47452,"A",,"G",53,"A",,"G",53,"A",,1
446385,"R",6503,"A",,"A",,"G",145,"A",,"G",145,"A",,2
446394,"R",828,"A",,"R",439,"G",28,"G",18,"G",28,"G",18,2
446400,"A",,"R",192063,"A",,"G",213,"A",,"G",213,"A",,1
446419,"A",,"R",35646,"A",,"G",40,"A",,"G",40,"A",,1
446428,"R",12835,"A",,"A",,"G",428,"A",,"G",428,"A",,2
446437,"A",,"R",170000,"A",,"G",189,"A",,"G",189,"A",,1
446446,"R",7568,"A",,"A",,"G",252,"A",,"G",252,"A",,2
446455,"A",,"R",176228,"A",,"G",196,"A",,"G",196,"A",,1
446464,"A",,"R",69300,"A",,"G",77,"A",,"G",77,"A",,1
446491,"A",,"R",20000,"A",,"G",22,"A",,"G",22,"A",,1
446507,"R",966,"A",,"A",,"G",32,"A",,"G",32,"A",,2
446516,"R",1728,"A",,"A",,"G",58,"A",,"G",58,"A",,2
446525,"A",,"R",188025,"A",,"G",209,"A",,"G",209,"A",,1
446534,"A",,"R",71458,"A",,"G",79,"A",,"G",79,"A",,1
446543,"A",,"R",24633,"A",,"G",27,"A",,"G",27,"A",,1
446552,"R",36609,"A",,"A",,"G",1220,"A",,"G",1220,"A",,2
446561,"A",,"R",666164,"A",,"G",740,"A",,"G",740,"A",,1
446570,"A",,"R",46800,"A",,"G",52,"A",,"R",52,"A",,1
446589,"A",,"R",81540,"A",,"G",91,"A",,"G",91,"A",,1
446598,"R",1050,"R",23870,"A",,"G",62,"A",,"G",62,"A",,3
446604,"R",39450,"A",,"A",,"G",1315,"A",,"G",1315,"A",,2
446613,"R",927,"A",,"A",,"G",31,"A",,"G",31,"A",,2
446640,"R",6825,"A",,"R",1281,"G",228,"G",53,"G",228,"G",53,2
446668,"R",32832,"A",,"A",,"G",730,"A",,"G",730,"A",,2
446677,"R",9901,"A",,"A",,"G",330,"A",,"G",330,"A",,2
446710,"R",2935,"A",,"R",108,"G",98,"G",5,"G",98,"G",5,2
446729,"R",324,"A",,"A",,"G",11,"A",,"G",11,"A",,2
446738,"R",20998,"A",,"R",4134,"G",700,"G",172,"G",700,"G",172,2
446747,"R",10310,"A",,"R",867,"G",344,"G",36,"G",344,"G",36,2
446756,"R",10456,"A",,"R",858,"G",349,"G",36,"G",349,"G",36,2
446765,"R",11339,"A",,"R",2390,"G",378,"G",100,"G",378,"G",100,2
446774,"R",55538,"A",,"A",,"G",1851,"A",,"G",1851,"A",,2
446783,"A",,"R",137751,"A",,"G",153,"A",,"G",153,"A",,1
446792,"R",40898,"A",,"A",,"G",909,"A",,"G",909,"A",,2
446808,"R",30766,"A",,"A",,"G",684,"A",,"G",684,"A",,2
446817,"R",34172,"A",,"A",,"G",759,"A",,"G",759,"A",,2
446835,"R",72719,"A",,"A",,"G",2424,"A",,"G",2424,"A",,2
446844,"R",50957,"A",,"A",,"G",1699,"A",,"G",1699,"A",,2
446853,"R",26190,"A",,"A",,"G",873,"A",,"G",873,"A",,2
446880,"R",19048,"A",,"A",,"G",423,"A",,"G",423,"A",,2
446899,"R",33684,"A",,"A",,"G",749,"A",,"G",749,"A",,2
446905,"R",23608,"A",,"A",,"G",525,"A",,"G",525,"A",,2
446914,"R",59162,"A",,"A",,"G",1315,"A",,"G",1315,"A",,2
446923,"R",21542,"A",,"A",,"G",479,"A",,"G",479,"A",,2
446932,"A",,"A",,"R",10343,"A",,"G",431,"A",,"G",431,-2
446996,"A",,"R",78900,"A",,"G",88,"A",,"G",88,"A",,1
447014,"R",11523,"A",,"A",,"G",384,"A",,"G",384,"A",,2
447023,"R",13114,"R",146570,"A",,"G",600,"A",,"G",600,"A",,3
447050,"R",6974,"A",,"R",910,"G",232,"G",38,"G",232,"G",38,2
447069,"R",31816,"A",,"A",,"G",707,"A",,"G",707,"A",,2
447102,"R",35615,"A",,"A",,"G",1187,"A",,"G",1187,"A",,2
447120,"R",25558,"A",,"A",,"G",852,"A",,"G",852,"A",,2
447148,"A",,"R",498990,"A",,"G",554,"A",,"G",554,"A",,1
447157,"A",,"R",217171,"A",,"G",241,"A",,"G",241,"A",,1
447166,"R",5716,"A",,"A",,"G",191,"A",,"G",191,"A",,2
447175,"R",7805,"A",,"A",,"G",260,"A",,"G",260,"A",,2
447209,"R",36472,"A",,"A",,"G",1216,"A",,"R",776,"A",,2
447218,"R",35915,"A",,"A",,"G",1197,"A",,"R",764,"A",,2
447227,"R",34758,"A",,"A",,"G",1159,"A",,"R",740,"A",,2
447236,"R",22444,"A",,"A",,"G",748,"A",,"R",526,"A",,2
447245,"R",29760,"A",,"A",,"G",992,"A",,"R",633,"A",,2
447254,"A",,"R",28500,"A",,"G",32,"A",,"G",32,"A",,1
447263,"R",16348,"A",,"A",,"G",545,"A",,"G",545,"A",,2
447272,"R",4384,"A",,"R",10238,"G",146,"G",427,"G",146,"G",427,2
447290,"R",49348,"A",,"A",,"G",1097,"A",,"G",1097,"A",,2
447315,"A",,"R",76548,"A",,"G",85,"A",,"G",85,"A",,1
447324,"A",,"R",127521,"A",,"G",142,"A",,"G",142,"A",,1
447333,"A",,"R",87234,"A",,"G",97,"A",,"G",97,"A",,1
447342,"A",,"R",95936,"A",,"G",107,"A",,"G",107,"A",,1
447351,"A",,"R",474381,"A",,"G",527,"A",,"G",527,"A",,1
447360,"A",,"R",200642,"A",,"G",223,"A",,"G",223,"A",,1
447379,"A",,"R",180254,"A",,"G",200,"A",,"G",200,"A",,1
447388,"A",,"R",527400,"A",,"G",586,"A",,"G",586,"A",,1
447397,"R",16322,"A",,"A",,"G",363,"A",,"G",363,"A",,2
447403,"R",70844,"A",,"A",,"G",2361,"A",,"R",1892,"A",,2
447421,"R",22784,"A",,"A",,"G",506,"A",,"G",506,"A",,2
447430,"A",,"R",133626,"A",,"G",148,"A",,"G",148,"A",,1
447449,"A",,"R",43500,"A",,"G",48,"A",,"G",48,"A",,1
447458,"R",30129,"A",,"A",,"G",1004,"A",,"G",1004,"A",,2
447467,"A",,"R",132387,"A",,"G",147,"A",,"G",147,"A",,1
447476,"R",15504,"A",,"A",,"G",345,"A",,"G",345,"A",,2
447485,"R",5794,"A",,"A",,"G",193,"A",,"R",161,"A",,2
447494,"R",11433,"A",,"A",,"G",381,"A",,"G",381,"A",,2
447519,"R",17683,"A",,"A",,"G",589,"A",,"G",589,"A",,2
447528,"R",7050,"A",,"A",,"G",235,"A",,"G",235,"A",,2
447582,"R",65529,"A",,"A",,"G",2184,"A",,"G",2184,"A",,2
447591,"A",,"R",119680,"A",,"G",133,"A",,"G",133,"A",,1
447625,"R",13633,"A",,"A",,"G",303,"A",,"G",303,"A",,2
447634,"R",27337,"A",,"A",,"G",911,"A",,"G",911,"A",,2
447652,"R",17954,"A",,"R",1239,"G",598,"G",52,"G",598,"G",52,2
447661,"R",9613,"A",,"R",2428,"G",320,"G",101,"G",320,"G",101,2
447670,"R",26641,"A",,"A",,"G",592,"A",,"G",592,"A",,2
447689,"R",141354,"A",,"A",,"G",4712,"A",,"G",4712,"A",,2
447698,"A",,"A",,"R",3225,"A",,"G",134,"A",,"G",134,-2
447704,"A",,"R",78232,"A",,"G",87,"A",,"G",87,"A",,1
447713,"A",,"R",158340,"A",,"G",176,"A",,"G",176,"A",,1
447722,"R",3186,"A",,"A",,"G",106,"A",,"G",106,"A",,2
447731,"A",,"R",150381,"A",,"G",167,"A",,"G",167,"A",,1
447759,"R",13168,"A",,"A",,"G",439,"A",,"G",439,"A",,2
447768,"A",,"R",1318717,"A",,"G",1465,"A",,"G",1465,"A",,1
447777,"A",,"R",364694,"A",,"G",405,"A",,"G",405,"A",,1
447795,"A",,"R",32200,"A",,"G",36,"A",,"G",36,"A",,1
447801,"A",,"A",,"R",7275,"A",,"G",303,"A",,"R",303,-2
447810,"R",4754,"R",26540,"A",,"G",188,"A",,"R",187,"A",,3
447829,"A",,"R",62490,"A",,"G",69,"A",,"G",69,"A",,1
447838,"R",1225,"A",,"A",,"G",41,"A",,"R",36,"A",,2
447847,"R",1352,"R",13731,"A",,"G",60,"A",,"G",60,"A",,3
447856,"A",,"R",150660,"A",,"G",167,"A",,"G",167,"A",,1
447865,"A",,"R",53200,"A",,"G",59,"A",,"G",59,"A",,1
447874,"A",,"R",388240,"A",,"G",431,"A",,"G",431,"A",,1
447883,"A",,"R",163800,"A",,"G",182,"A",,"G",182,"A",,1
447892,"A",,"R",166485,"A",,"G",185,"A",,"G",185,"A",,1
447908,"A",,"R",40145,"A",,"G",45,"A",,"R",52,"A",,1
447917,"A",,"R",55200,"A",,"G",61,"A",,"G",61,"A",,1
447935,"R",42750,"A",,"A",,"G",950,"A",,"G",950,"A",,2
447953,"R",9377,"A",,"A",,"G",313,"A",,"R",272,"A",,2
447962,"A",,"R",138568,"A",,"G",154,"A",,"G",154,"A",,1
447971,"A",,"R",96000,"A",,"G",107,"A",,"R",127,"A",,1
447980,"A",,"R",83680,"A",,"G",93,"A",,"G",93,"A",,1
447999,"A",,"R",82634,"A",,"G",92,"A",,"G",92,"A",,1
448008,"A",,"R",23577,"A",,"G",26,"A",,"G",26,"A",,1
448017,"A",,"R",36294,"A",,"G",40,"A",,"G",40,"A",,1
448026,"A",,"R",134785,"A",,"G",150,"A",,"G",150,"A",,1
448035,"A",,"R",30719,"A",,"G",34,"A",,"G",34,"A",,1
448044,"A",,"R",16022,"A",,"G",18,"A",,"G",18,"A",,1
448053,"A",,"R",100200,"A",,"G",111,"A",,"G",111,"A",,1
448071,"A",,"R",217000,"A",,"G",241,"A",,"R",251,"A",,1
448080,"R",2243,"A",,"A",,"G",75,"A",,"G",75,"A",,2
448105,"A",,"R",80230,"A",,"G",89,"A",,"G",89,"A",,1
448114,"A",,"R",500000,"A",,"G",556,"A",,"G",556,"A",,1
448123,"R",7350,"A",,"A",,"G",245,"A",,"G",245,"A",,2
448141,"A",,"R",31308,"A",,"G",35,"A",,"G",35,"A",,1
448150,"A",,"R",169566,"A",,"G",188,"A",,"G",188,"A",,1
448196,"R",4944,"R",19935,"A",,"G",187,"A",,"G",187,"A",,3
448202,"A",,"R",74268,"A",,"G",83,"A",,"G",83,"A",,1
448211,"R",1500,"A",,"A",,"G",50,"A",,"G",50,"A",,2
448220,"A",,"R",70875,"A",,"G",79,"A",,"G",79,"A",,1
448239,"R",5203,"A",,"A",,"G",173,"A",,"G",173,"A",,2
448248,"A",,"R",804919,"A",,"G",894,"A",,"G",894,"A",,1
448257,"A",,"R",35595,"A",,"G",40,"A",,"G",40,"A",,1
448266,"A",,"R",57021,"A",,"G",63,"A",,"G",63,"A",,1
448275,"A",,"R",40847,"A",,"G",45,"A",,"G",45,"A",,1
448284,"R",20491,"A",,"R",18653,"G",683,"G",777,"G",683,"G",777,2
448309,"R",50079,"A",,"R",6950,"G",1669,"G",290,"G",1669,"G",290,2
448345,"R",54784,"A",,"A",,"G",1217,"A",,"G",1217,"A",,2
448354,"R",1920,"R",118000,"A",,"G",195,"A",,"G",195,"A",,3
448363,"A",,"R",597928,"A",,"G",664,"A",,"G",664,"A",,1
448372,"A",,"R",129105,"A",,"G",143,"A",,"G",143,"A",,1
448406,"R",10264,"A",,"A",,"G",342,"A",,"G",342,"A",,2
448415,"R",60128,"A",,"A",,"G",1336,"A",,"G",1336,"A",,2
448424,"A",,"R",99101,"A",,"G",110,"A",,"G",110,"A",,1
448433,"R",101761,"A",,"A",,"G",3392,"A",,"R",2633,"A",,2
448442,"R",32572,"A",,"A",,"G",724,"A",,"G",724,"A",,2
448451,"R",26640,"A",,"A",,"G",592,"A",,"G",592,"A",,2
448460,"R",13352,"A",,"A",,"G",297,"A",,"G",297,"A",,2
448479,"R",38668,"A",,"A",,"G",859,"A",,"G",859,"A",,2
448488,"R",21248,"A",,"A",,"G",472,"A",,"G",472,"A",,2
448497,"R",26224,"A",,"A",,"G",583,"A",,"G",583,"A",,2
448503,"R",20829,"A",,"A",,"G",463,"A",,"G",463,"A",,2
448512,"R",25582,"A",,"A",,"G",568,"A",,"G",568,"A",,2
448521,"R",1068,"A",,"R",462,"G",36,"G",19,"G",36,"G",19,2
448530,"R",16463,"A",,"R",723,"G",549,"G",30,"G",549,"G",30,2
448549,"R",2019,"A",,"R",107,"G",67,"G",4,"G",67,"G",4,2
448558,"R",4191,"A",,"R",336,"G",140,"G",14,"G",140,"G",14,2
448567,"R",19634,"A",,"R",1639,"G",654,"G",68,"G",654,"G",68,2
448576,"R",92578,"A",,"A",,"G",2057,"A",,"G",2057,"A",,2
448585,"R",17139,"A",,"A",,"G",381,"A",,"G",381,"A",,2
448594,"R",70800,"A",,"A",,"G",2360,"A",,"G",2360,"A",,2
448600,"R",15207,"A",,"A",,"G",338,"A",,"G",338,"A",,2
448619,"R",5901,"A",,"A",,"G",197,"A",,"G",197,"A",,2
448628,"R",27743,"A",,"A",,"G",617,"A",,"G",617,"A",,2
448646,"A",,"R",100061,"A",,"G",111,"A",,"G",111,"A",,1
448655,"R",18125,"A",,"A",,"G",604,"A",,"G",604,"A",,2
448664,"R",23366,"A",,"A",,"G",519,"A",,"G",519,"A",,2
448673,"R",88246,"A",,"A",,"G",1961,"A",,"G",1961,"A",,2
448691,"A",,"A",,"R",1184,"A",,"G",49,"A",,"G",49,-2
448707,"R",10039,"A",,"A",,"G",335,"A",,"G",335,"A",,2
448716,"R",9314,"A",,"A",,"G",310,"A",,"G",310,"A",,2
448734,"R",4344,"A",,"R",8653,"G",145,"G",361,"G",145,"G",361,2
448752,"R",36093,"A",,"A",,"G",1203,"A",,"G",1203,"A",,2
448761,"R",17408,"A",,"A",,"G",580,"A",,"R",568,"A",,2
448770,"A",,"R",522900,"A",,"G",581,"A",,"G",581,"A",,1
448789,"R",91153,"A",,"A",,"G",2026,"A",,"G",2026,"A",,2
448798,"A",,"R",586245,"A",,"G",651,"A",,"G",651,"A",,1
448804,"R",6708,"A",,"A",,"G",224,"A",,"G",224,"A",,2
448822,"R",696,"A",,"R",189,"G",23,"G",8,"G",23,"G",8,2
448831,"R",1842,"A",,"R",177,"G",61,"G",7,"G",61,"G",7,2
448840,"R",106754,"A",,"R",8598,"G",3558,"G",358,"G",3558,"G",358,2
448859,"R",6220,"A",,"A",,"G",207,"A",,"G",207,"A",,2
448877,"R",4513,"A",,"A",,"G",150,"A",,"R",125,"A",,2
448895,"A",,"R",962340,"A",,"G",1069,"A",,"G",1069,"A",,1
448965,"A",,"R",196451,"A",,"G",218,"A",,"G",218,"A",,1
448974,"A",,"R",268042,"A",,"G",298,"A",,"G",298,"A",,1
448983,"R",15766,"A",,"A",,"G",526,"A",,"G",526,"A",,2
449010,"R",51750,"A",,"A",,"G",1150,"A",,"G",1150,"A",,2
449038,"R",92678,"A",,"R",21501,"G",2060,"G",597,"G",2060,"G",597,2
449074,"A",,"R",981648,"A",,"G",1091,"A",,"G",1091,"A",,1
449083,"R",12360,"A",,"A",,"G",412,"A",,"G",412,"A",,2
449092,"R",10488,"A",,"A",,"G",350,"A",,"G",350,"A",,2
449117,"R",26658,"A",,"A",,"G",592,"A",,"G",592,"A",,2
449126,"R",14726,"A",,"A",,"G",327,"A",,"G",327,"A",,2
449135,"R",12165,"A",,"A",,"G",406,"A",,"G",406,"A",,2
449144,"R",12165,"A",,"A",,"G",406,"A",,"G",406,"A",,2
449153,"R",9465,"A",,"A",,"G",316,"A",,"G",316,"A",,2
449162,"A",,"R",103705,"A",,"G",115,"A",,"G",115,"A",,1
449171,"A",,"R",100330,"A",,"G",111,"A",,"G",111,"A",,1
449180,"A",,"R",99089,"A",,"G",110,"A",,"G",110,"A",,1
449199,"A",,"R",106447,"A",,"G",118,"A",,"G",118,"A",,1
449205,"A",,"R",56215,"A",,"G",62,"A",,"G",62,"A",,1
449214,"A",,"R",81394,"A",,"G",90,"A",,"G",90,"A",,1
449223,"A",,"R",131441,"A",,"G",146,"A",,"G",146,"A",,1
449232,"A",,"R",124413,"A",,"G",138,"A",,"G",138,"A",,1
449241,"A",,"R",76016,"A",,"G",84,"A",,"G",84,"A",,1
449250,"A",,"R",227264,"A",,"G",253,"A",,"G",253,"A",,1
449269,"R",31746,"A",,"A",,"G",1058,"A",,"R",675,"A",,2
449278,"R",24472,"A",,"A",,"G",816,"A",,"G",816,"A",,2
449302,"R",5280,"A",,"A",,"G",117,"A",,"G",117,"A",,2
449311,"A",,"R",196120,"A",,"G",218,"A",,"G",218,"A",,1
449320,"A",,"R",977806,"A",,"G",1086,"A",,"G",1086,"A",,1
449339,"R",727907,"A",,"R",170355,"G",24264,"G",7098,"G",24264,"G",7098,2
449348,"R",1410,"A",,"A",,"G",47,"A",,"G",47,"A",,2
449357,"A",,"R",76124,"A",,"G",85,"A",,"G",85,"A",,1
449366,"A",,"R",284417,"A",,"G",316,"A",,"G",316,"A",,1
449375,"A",,"R",245251,"A",,"G",273,"A",,"G",273,"A",,1
449384,"R",7365,"A",,"A",,"G",164,"A",,"G",164,"A",,2
449393,"A",,"R",162834,"A",,"G",181,"A",,"G",181,"A",,1
449418,"A",,"R",176703,"A",,"G",196,"A",,"G",196,"A",,1
449436,"R",3809,"A",,"A",,"G",127,"A",,"G",127,"A",,2
449445,"A",,"R",177240,"A",,"G",197,"A",,"G",197,"A",,1
449454,"A",,"R",39198,"A",,"G",44,"A",,"G",44,"A",,1
449463,"A",,"R",72500,"A",,"G",81,"A",,"G",81,"A",,1
449472,"A",,"R",76546,"A",,"G",85,"A",,"G",85,"A",,1
449481,"A",,"A",,"R",2612,"A",,"G",109,"A",,"G",109,-2
449490,"A",,"R",85820,"A",,"G",95,"A",,"G",95,"A",,1
449506,"R",40,"R",186218,"A",,"G",208,"A",,"G",208,"A",,3
449524,"R",3156,"R",59328,"A",,"G",171,"A",,"G",171,"A",,3
449533,"A",,"R",160304,"A",,"G",178,"A",,"G",178,"A",,1
449551,"A",,"R",13800,"A",,"G",15,"A",,"G",15,"A",,1
449579,"A",,"A",,"R",900,"A",,"G",38,"A",,"R",38,-2
449597,"A",,"R",45203,"A",,"G",50,"A",,"G",50,"A",,1
449603,"A",,"R",178430,"A",,"G",198,"A",,"G",198,"A",,1
449612,"R",4296,"A",,"A",,"G",143,"A",,"G",143,"A",,2
449658,"R",3682,"A",,"A",,"G",123,"A",,"R",108,"A",,2
449667,"A",,"R",114816,"A",,"G",128,"A",,"G",128,"A",,1
449676,"A",,"R",28285,"A",,"G",31,"A",,"G",31,"A",,1
449685,"A",,"R",66100,"A",,"G",73,"A",,"G",73,"A",,1
449700,"R",12496,"R",362178,"A",,"G",819,"A",,"G",819,"A",,3
449719,"R",21535,"A",,"A",,"G",479,"A",,"G",479,"A",,2
449728,"R",3073,"A",,"A",,"G",102,"A",,"G",102,"A",,2
449746,"A",,"R",415315,"A",,"G",461,"A",,"G",461,"A",,1
449755,"A",,"R",3900,"A",,"G",4,"A",,"G",4,"A",,1
449764,"R",3511,"A",,"A",,"G",117,"A",,"G",117,"A",,2
449773,"R",4384,"A",,"A",,"G",146,"A",,"G",146,"A",,2
449782,"A",,"R",20552,"A",,"G",23,"A",,"G",23,"A",,1
449791,"A",,"R",182844,"A",,"G",203,"A",,"G",203,"A",,1
449807,"A",,"R",84369,"A",,"G",94,"A",,"G",94,"A",,1
449816,"A",,"R",182084,"A",,"G",202,"A",,"G",202,"A",,1
449825,"A",,"R",51640,"A",,"G",57,"A",,"G",57,"A",,1
449852,"A",,"R",61616,"A",,"G",68,"A",,"G",68,"A",,1
449861,"A",,"R",297562,"A",,"G",331,"A",,"G",331,"A",,1
449870,"R",1328,"R",2784,"R",2001,"G",47,"G",83,"G",47,"G",83,3
449889,"A",,"A",,"R",95588,"A",,"G",2655,"A",,"G",2655,-2
449898,"R",29890,"A",,"R",3089,"G",664,"G",86,"G",664,"G",86,2
449904,"A",,"R",613950,"A",,"G",682,"A",,"G",682,"A",,1
449913,"A",,"R",98059,"A",,"G",109,"A",,"G",109,"A",,1
449922,"A",,"A",,"R",10108,"A",,"G",421,"A",,"R",289,-2
449931,"R",22972,"A",,"R",12719,"G",766,"G",530,"G",766,"G",530,2
449940,"A",,"R",45453,"A",,"G",51,"A",,"G",51,"A",,1
449959,"A",,"R",201765,"A",,"G",224,"A",,"G",224,"A",,1
449968,"A",,"R",339796,"A",,"G",378,"A",,"G",378,"A",,1
449977,"A",,"R",294203,"A",,"G",327,"A",,"G",327,"A",,1
449986,"A",,"R",323048,"A",,"G",359,"A",,"G",359,"A",,1
449995,"A",,"R",242180,"A",,"G",269,"A",,"G",269,"A",,1
450003,"R",27356,"A",,"A",,"G",608,"A",,"G",608,"A",,2
450012,"R",4265,"A",,"A",,"G",142,"A",,"G",142,"A",,2
450021,"R",7300,"R",41420,"A",,"G",208,"A",,"R",208,"A",,3
450049,"R",31552,"A",,"A",,"G",701,"A",,"G",701,"A",,2
450058,"A",,"R",588637,"A",,"G",654,"A",,"G",654,"A",,1
450067,"A",,"R",414155,"A",,"G",460,"A",,"G",460,"A",,1
450076,"A",,"R",705640,"A",,"G",784,"A",,"G",784,"A",,1
450085,"R",44918,"A",,"A",,"G",998,"A",,"G",998,"A",,2
450094,"R",46812,"A",,"A",,"G",1040,"A",,"G",1040,"A",,2
450119,"R",11295,"A",,"A",,"G",251,"A",,"R",242,"A",,2
450128,"A",,"R",553300,"A",,"G",615,"A",,"G",615,"A",,1
450146,"A",,"R",107381,"A",,"G",119,"A",,"G",119,"A",,1
450155,"R",16260,"A",,"A",,"G",542,"A",,"G",542,"A",,2
450173,"R",160200,"A",,"A",,"G",5340,"A",,"G",5340,"A",,2
450182,"A",,"R",355346,"A",,"G",395,"A",,"G",395,"A",,1
450191,"R",23040,"A",,"A",,"G",512,"A",,"G",512,"A",,2
450207,"R",13092,"A",,"A",,"G",291,"A",,"G",291,"A",,2
450216,"R",27833,"A",,"A",,"G",619,"A",,"G",619,"A",,2
450225,"R",26048,"A",,"A",,"G",579,"A",,"G",579,"A",,2
450234,"R",17676,"A",,"A",,"G",393,"A",,"G",393,"A",,2
450243,"R",30428,"A",,"A",,"G",676,"A",,"G",676,"A",,2
450252,"R",22004,"A",,"A",,"G",489,"A",,"G",489,"A",,2
450261,"R",13688,"A",,"A",,"G",304,"A",,"G",304,"A",,2
450270,"R",21732,"A",,"A",,"G",483,"A",,"G",483,"A",,2
450289,"R",27186,"A",,"A",,"G",604,"A",,"G",604,"A",,2
450298,"R",10953,"A",,"R",2021,"G",243,"G",56,"G",243,"G",56,2
450304,"A",,"A",,"R",3330,"A",,"G",139,"A",,"R",185,-2
450377,"R",20210,"A",,"R",10881,"G",449,"G",302,"G",449,"G",302,2
450386,"R",19836,"A",,"A",,"G",441,"A",,"G",441,"A",,2
450395,"A",,"R",181892,"A",,"G",202,"A",,"G",202,"A",,1
450401,"R",11111,"A",,"A",,"G",370,"A",,"G",370,"A",,2
450429,"R",13115,"A",,"A",,"G",291,"A",,"G",291,"A",,2
450438,"R",3180,"A",,"A",,"G",71,"A",,"G",71,"A",,2
450447,"R",37320,"A",,"A",,"G",829,"A",,"G",829,"A",,2
450456,"R",9505,"A",,"R",1344,"G",317,"G",56,"G",317,"G",56,2
450465,"R",49454,"A",,"A",,"G",1099,"A",,"G",1099,"A",,2
450474,"R",28954,"A",,"R",1597,"G",965,"G",67,"G",965,"G",67,2
450483,"R",2898,"A",,"R",288,"G",97,"G",12,"G",97,"G",12,2
450492,"R",12449,"A",,"R",483,"G",415,"G",20,"G",415,"G",20,2
450508,"R",5606,"A",,"A",,"G",187,"A",,"R",156,"A",,2
450517,"R",10077,"A",,"A",,"G",336,"A",,"R",280,"A",,2
450526,"R",7437,"A",,"R",9379,"G",248,"G",391,"G",248,"G",391,2
450535,"R",3225,"A",,"R",7095,"G",108,"G",296,"G",108,"G",296,2
450544,"R",3766,"A",,"R",6870,"G",126,"G",286,"G",126,"G",286,2
450553,"R",16473,"A",,"A",,"G",549,"A",,"G",549,"A",,2
450562,"R",6231,"R",169651,"A",,"G",396,"A",,"G",396,"A",,3
450571,"R",56246,"A",,"A",,"G",1250,"A",,"G",1250,"A",,2
450580,"A",,"R",259614,"A",,"G",288,"A",,"G",288,"A",,1
450599,"A",,"R",344647,"A",,"G",383,"A",,"G",383,"A",,1
450605,"A",,"R",257748,"A",,"G",286,"A",,"G",286,"A",,1
450614,"A",,"R",324215,"A",,"G",360,"A",,"G",360,"A",,1
450623,"A",,"R",270930,"A",,"G",301,"A",,"G",301,"A",,1
450632,"A",,"R",55808,"A",,"G",62,"A",,"G",62,"A",,1
450641,"A",,"R",169015,"A",,"G",188,"A",,"G",188,"A",,1
450650,"A",,"R",154914,"A",,"G",172,"A",,"G",172,"A",,1
450669,"R",9265,"A",,"A",,"G",309,"A",,"G",309,"A",,2
450678,"R",10056,"A",,"A",,"G",335,"A",,"G",335,"A",,2
450696,"R",23296,"A",,"A",,"G",777,"A",,"G",777,"A",,2
450702,"R",28982,"A",,"A",,"G",966,"A",,"G",966,"A",,2
450720,"A",,"R",305974,"A",,"G",340,"A",,"G",340,"A",,1
450739,"A",,"R",276602,"A",,"G",307,"A",,"G",307,"A",,1
450757,"A",,"R",144100,"A",,"G",160,"A",,"G",160,"A",,1
450766,"R",985,"A",,"R",3112,"G",33,"G",130,"G",33,"G",130,2
450775,"R",10230,"A",,"A",,"G",341,"A",,"G",341,"A",,2
450784,"A",,"R",95231,"A",,"G",106,"A",,"G",106,"A",,1
450793,"A",,"R",149654,"A",,"G",166,"A",,"G",166,"A",,1
450809,"A",,"R",85461,"A",,"G",95,"A",,"G",95,"A",,1
450818,"A",,"R",133978,"A",,"G",149,"A",,"G",149,"A",,1
450827,"A",,"R",127816,"A",,"G",142,"A",,"G",142,"A",,1
450836,"A",,"R",102714,"A",,"G",114,"A",,"G",114,"A",,1
450845,"A",,"R",95838,"A",,"G",106,"A",,"G",106,"A",,1
450854,"A",,"R",102989,"A",,"G",114,"A",,"G",114,"A",,1
450863,"A",,"R",77924,"A",,"G",87,"A",,"G",87,"A",,1
450872,"A",,"R",82011,"A",,"G",91,"A",,"G",91,"A",,1
450881,"A",,"R",52767,"A",,"G",59,"A",,"G",59,"A",,1
450933,"R",291071,"A",,"R",83839,"G",9702,"G",3493,"G",9702,"G",3493,2
450942,"A",,"A",,"R",22130,"A",,"G",922,"A",,"G",922,-2
450951,"R",6605,"A",,"A",,"G",147,"A",,"G",147,"A",,2
450960,"R",5844,"R",3016,"A",,"G",198,"A",,"R",245,"A",,3
450979,"R",141952,"A",,"R",106580,"G",4732,"G",4441,"G",4732,"G",4441,2
450988,"A",,"R",210771,"A",,"G",234,"A",,"G",234,"A",,1
450997,"A",,"R",115868,"A",,"G",129,"A",,"G",129,"A",,1
451006,"R",2160,"A",,"A",,"G",72,"A",,"G",72,"A",,2
451015,"R",7176,"A",,"A",,"G",239,"A",,"G",239,"A",,2
451024,"A",,"R",37830,"A",,"G",42,"A",,"G",42,"A",,1
451033,"A",,"R",10800,"A",,"G",12,"A",,"G",12,"A",,1
451042,"A",,"R",43624,"A",,"G",48,"A",,"G",48,"A",,1
451051,"A",,"R",34980,"A",,"G",39,"A",,"G",39,"A",,1
451060,"R",8567,"A",,"R",1060,"G",286,"G",44,"G",286,"G",44,2
451079,"A",,"A",,"R",2052,"A",,"G",86,"A",,"G",86,-2
451088,"A",,"R",111000,"A",,"G",123,"A",,"G",123,"A",,1
451097,"A",,"R",120060,"A",,"G",133,"A",,"G",133,"A",,1
451103,"R",32174,"A",,"A",,"G",1072,"A",,"G",1072,"A",,2
451112,"A",,"R",57480,"A",,"G",64,"A",,"G",64,"A",,1
451121,"A",,"R",151854,"A",,"G",169,"A",,"G",169,"A",,1
451130,"A",,"A",,"R",6676,"A",,"G",278,"A",,"G",278,-2
451149,"A",,"R",315000,"A",,"G",350,"A",,"G",350,"A",,1
451158,"A",,"R",141930,"A",,"G",158,"A",,"G",158,"A",,1
451167,"A",,"R",103642,"A",,"G",115,"A",,"G",115,"A",,1
451194,"A",,"R",37200,"A",,"G",41,"A",,"G",41,"A",,1
451200,"R",1100,"A",,"A",,"G",37,"A",,"G",37,"A",,2
451219,"A",,"R",26207,"A",,"G",29,"A",,"G",29,"A",,1
451228,"R",6000,"A",,"A",,"G",200,"A",,"G",200,"A",,2
451237,"A",,"R",33000,"A",,"G",37,"A",,"G",37,"A",,1
451246,"A",,"R",93000,"A",,"G",103,"A",,"G",103,"A",,1
451255,"A",,"R",70000,"A",,"G",78,"A",,"G",78,"A",,1
451264,"R",5047,"A",,"A",,"G",168,"A",,"G",168,"A",,2
451282,"A",,"R",253036,"A",,"G",281,"A",,"G",281,"A",,1
451291,"A",,"R",30960,"A",,"G",34,"A",,"G",34,"A",,1
451307,"A",,"R",58059,"A",,"G",65,"A",,"G",65,"A",,1
451316,"A",,"R",132000,"A",,"G",147,"A",,"R",147,"A",,1
451325,"A",,"R",27920,"A",,"G",31,"A",,"G",31,"A",,1
451334,"A",,"R",126065,"A",,"G",140,"A",,"G",140,"A",,1
451343,"A",,"R",110500,"A",,"G",123,"A",,"G",123,"A",,1
451352,"R",20675,"A",,"A",,"G",689,"A",,"G",689,"A",,2
451361,"A",,"R",20498,"A",,"G",23,"A",,"G",23,"A",,1
451370,"R",1611,"A",,"A",,"G",54,"A",,"G",54,"A",,2
451398,"R",7128,"A",,"A",,"G",238,"A",,"G",238,"A",,2
451404,"R",6984,"A",,"A",,"G",233,"A",,"G",233,"A",,2
451413,"R",7370,"A",,"A",,"G",246,"A",,"G",246,"A",,2
451422,"A",,"R",248712,"A",,"G",276,"A",,"R",172,"A",,1
451431,"A",,"R",24003,"A",,"G",27,"A",,"G",27,"A",,1
451440,"A",,"R",400500,"A",,"G",445,"A",,"G",445,"A",,1
451459,"A",,"R",104290,"A",,"G",116,"A",,"G",116,"A",,1
451468,"A",,"R",140769,"A",,"G",156,"A",,"G",156,"A",,1
451477,"R",6000,"A",,"A",,"G",200,"A",,"G",200,"A",,2
451486,"A",,"R",26560,"A",,"G",30,"A",,"G",30,"A",,1
451495,"A",,"R",84600,"A",,"G",94,"A",,"G",94,"A",,1
451501,"R",2077,"R",61864,"A",,"G",138,"A",,"R",142,"A",,3
451510,"A",,"A",,"R",20034,"A",,"G",835,"A",,"G",835,-2
451529,"A",,"R",85104,"A",,"G",95,"A",,"G",95,"A",,1
451538,"A",,"R",186000,"A",,"G",207,"A",,"G",207,"A",,1
451547,"A",,"R",106500,"A",,"G",118,"A",,"G",118,"A",,1
451556,"R",45810,"A",,"A",,"G",1018,"A",,"G",1018,"A",,2
451565,"A",,"R",218776,"A",,"G",243,"A",,"G",243,"A",,1
451574,"A",,"R",102007,"A",,"G",113,"A",,"G",113,"A",,1
451583,"A",,"R",128539,"A",,"G",143,"A",,"G",143,"A",,1
451592,"R",2882,"A",,"A",,"G",96,"A",,"G",96,"A",,2
451608,"R",3675,"A",,"A",,"G",123,"A",,"G",123,"A",,2
451617,"A",,"R",27750,"A",,"G",31,"A",,"G",31,"A",,1
451626,"A",,"R",117050,"A",,"G",130,"A",,"G",130,"A",,1
451635,"R",1920,"A",,"A",,"G",64,"A",,"R",80,"A",,2
451644,"A",,"R",10000,"A",,"G",11,"A",,"G",11,"A",,1
451653,"A",,"R",43680,"A",,"G",49,"A",,"G",49,"A",,1
451662,"R",296934,"A",,"A",,"G",6599,"A",,"G",6599,"A",,2
451671,"R",43579,"A",,"R",4160,"G",1453,"G",173,"G",1453,"G",173,2
451680,"R",33196,"A",,"R",3113,"G",1107,"G",130,"G",1107,"G",130,2
451699,"R",73431,"A",,"A",,"G",1632,"A",,"G",1632,"A",,2
451705,"R",4607,"A",,"A",,"G",154,"A",,"G",154,"A",,2
451714,"A",,"R",287060,"A",,"G",319,"A",,"G",319,"A",,1
451741,"R",40290,"A",,"A",,"G",1343,"A",,"G",1343,"A",,2
451750,"R",33818,"A",,"A",,"G",1127,"A",,"G",1127,"A",,2
451769,"R",35489,"A",,"A",,"G",789,"A",,"G",789,"A",,2
451778,"A",,"R",77786,"A",,"G",86,"A",,"G",86,"A",,1
451796,"R",39908,"A",,"A",,"G",887,"A",,"G",887,"A",,2
451802,"A",,"R",49100,"A",,"G",55,"A",,"G",55,"A",,1
451811,"A",,"R",38781,"A",,"G",43,"A",,"G",43,"A",,1
451820,"R",62498,"A",,"A",,"G",1389,"A",,"G",1389,"A",,2
451848,"R",34801,"A",,"A",,"G",773,"A",,"G",773,"A",,2
451857,"R",16812,"R",85250,"A",,"G",655,"A",,"G",655,"A",,3
451866,"R",22129,"A",,"A",,"G",738,"A",,"G",738,"A",,2
451875,"R",11725,"A",,"A",,"G",261,"A",,"G",261,"A",,2
451884,"R",18154,"A",,"A",,"G",403,"A",,"G",403,"A",,2
451893,"A",,"R",60800,"A",,"G",68,"A",,"G",68,"A",,1
451909,"A",,"R",306547,"A",,"G",341,"A",,"G",341,"A",,1
451918,"A",,"R",121226,"A",,"G",135,"A",,"G",135,"A",,1
451936,"R",18924,"A",,"A",,"G",421,"A",,"G",421,"A",,2
451945,"R",19940,"A",,"A",,"G",443,"A",,"G",443,"A",,2
451954,"R",12356,"A",,"A",,"G",275,"A",,"G",275,"A",,2
451963,"R",17688,"A",,"A",,"G",393,"A",,"G",393,"A",,2
451972,"R",23002,"A",,"A",,"G",511,"A",,"G",511,"A",,2
451981,"R",18116,"A",,"A",,"G",403,"A",,"G",403,"A",,2
451990,"R",17936,"A",,"A",,"G",399,"A",,"G",399,"A",,2
452009,"A",,"R",76080,"A",,"G",85,"A",,"G",85,"A",,1
452018,"R",28549,"A",,"A",,"G",634,"A",,"G",634,"A",,2
452027,"R",36216,"A",,"A",,"G",805,"A",,"G",805,"A",,2
452036,"R",25920,"A",,"A",,"G",864,"A",,"G",864,"A",,2
452045,"R",17932,"A",,"A",,"G",598,"A",,"G",598,"A",,2
452054,"R",39684,"A",,"A",,"G",1323,"A",,"G",1323,"A",,2
452063,"R",48173,"A",,"A",,"G",1606,"A",,"G",1606,"A",,2
452072,"A",,"R",168480,"A",,"G",187,"A",,"G",187,"A",,1
452081,"A",,"R",265680,"A",,"G",295,"A",,"G",295,"A",,1
452090,"R",3599,"A",,"R",5443,"G",120,"G",227,"G",120,"G",227,2
452106,"A",,"R",56250,"A",,"G",63,"A",,"G",63,"A",,1
452115,"A",,"R",863500,"A",,"G",959,"A",,"G",959,"A",,1
452124,"A",,"R",476961,"A",,"G",530,"A",,"G",530,"A",,1
452133,"R",14713,"A",,"R",2946,"G",490,"G",123,"G",490,"G",123,2
452230,"R",1465,"A",,"A",,"G",49,"A",,"G",49,"A",,2
452373,"R",14657,"A",,"A",,"G",326,"A",,"G",326,"A",,2
452540,"A",,"R",2461,"A",,"G",3,"A",,"G",3,"A",,1
452692,"A",,"R",720,"A",,"G",1,"A",,"G",1,"A",,1
452771,"A",,"R",2960,"A",,"G",3,"A",,"G",3,"A",,1
452780,"A",,"R",3360,"A",,"G",4,"A",,"G",4,"A",,1
452841,"R",6430,"A",,"A",,"G",214,"A",,"R",214,"A",,2
452948,"R",20461,"A",,"A",,"G",682,"A",,"G",682,"A",,2
453075,"A",,"R",115200,"A",,"G",128,"A",,"G",128,"A",,1
453109,"R",14303,"A",,"A",,"G",318,"A",,"G",318,"A",,2
453127,"R",26825,"A",,"R",3150,"G",596,"G",88,"G",596,"G",88,2
453163,"R",109296,"A",,"R",43934,"G",2429,"G",1220,"G",2429,"G",1220,2
453215,"R",19607,"A",,"R",3974,"G",436,"G",110,"G",436,"G",110,2
453297,"A",,"R",22584,"A",,"G",25,"A",,"G",25,"A",,1
453349,"R",20054,"A",,"A",,"G",668,"A",,"G",668,"A",,2
453455,"R",16896,"A",,"A",,"G",375,"A",,"G",375,"A",,2
453464,"R",26576,"A",,"A",,"G",591,"A",,"G",591,"A",,2
453473,"R",17048,"A",,"A",,"G",379,"A",,"G",379,"A",,2
453482,"R",12924,"A",,"A",,"G",287,"A",,"G",287,"A",,2
453507,"A",,"R",15000,"A",,"G",17,"A",,"G",17,"A",,1
453516,"A",,"R",15000,"A",,"G",17,"A",,"G",17,"A",,1
453552,"R",23291,"A",,"A",,"G",776,"A",,"G",776,"A",,2
453570,"A",,"R",112870,"A",,"G",125,"A",,"G",125,"A",,1
453747,"R",9535,"A",,"A",,"G",212,"A",,"G",212,"A",,2
453756,"R",8122,"A",,"A",,"G",180,"A",,"G",180,"A",,2
453792,"R",3690,"R",46725,"A",,"G",175,"A",,"G",175,"A",,3
453817,"A",,"R",374400,"A",,"G",416,"A",,"G",416,"A",,1
453923,"A",,"R",300,"A",,"R",0,"A",,"R",1,"A",,1
454032,"R",6000,"A",,"A",,"G",200,"A",,"G",200,"A",,2
454078,"A",,"R",19785,"A",,"G",22,"A",,"G",22,"A",,1
454175,"R",21182,"A",,"A",,"G",706,"A",,"G",706,"A",,2
454184,"R",11109,"A",,"A",,"G",370,"A",,"G",370,"A",,2
454209,"R",4476,"A",,"A",,"G",149,"A",,"R",124,"A",,2
454227,"R",36140,"A",,"R",10704,"G",1205,"G",446,"R",1004,"R",396,2
454236,"R",21228,"A",,"A",,"G",708,"A",,"R",590,"A",,2
454245,"R",12101,"A",,"A",,"G",403,"A",,"R",336,"A",,2
454263,"A",,"R",102207,"A",,"G",114,"A",,"G",114,"A",,1
454281,"A",,"R",25666,"A",,"G",29,"A",,"G",29,"A",,1
454290,"A",,"R",65170,"A",,"G",72,"A",,"G",72,"A",,1
454306,"R",6720,"A",,"A",,"G",224,"A",,"G",224,"A",,2
454315,"A",,"R",135220,"A",,"G",150,"A",,"G",150,"A",,1
454324,"A",,"R",104634,"A",,"G",116,"A",,"G",116,"A",,1
454333,"A",,"R",59837,"A",,"G",66,"A",,"G",66,"A",,1
454342,"A",,"R",113083,"A",,"G",126,"A",,"G",126,"A",,1
454351,"A",,"R",124698,"A",,"G",139,"A",,"G",139,"A",,1
454360,"A",,"R",135090,"A",,"G",150,"A",,"G",150,"A",,1
454379,"A",,"R",112708,"A",,"G",125,"A",,"G",125,"A",,1
454388,"A",,"R",101549,"A",,"G",113,"A",,"G",113,"A",,1
454397,"A",,"R",101274,"A",,"G",113,"A",,"G",113,"A",,1
454403,"A",,"R",87360,"A",,"G",97,"A",,"G",97,"A",,1
454412,"A",,"R",111000,"A",,"G",123,"A",,"G",123,"A",,1
454421,"A",,"R",87660,"A",,"G",97,"A",,"G",97,"A",,1
454430,"A",,"R",47400,"A",,"G",53,"A",,"G",53,"A",,1
454449,"A",,"R",25860,"A",,"G",29,"A",,"G",29,"A",,1
454458,"R",18500,"A",,"A",,"G",411,"A",,"G",411,"A",,2
454467,"A",,"R",98308,"A",,"G",109,"A",,"G",109,"A",,1
454476,"A",,"R",112312,"A",,"G",125,"A",,"G",125,"A",,1
454485,"A",,"R",43869,"A",,"G",49,"A",,"G",49,"A",,1
454494,"A",,"R",101731,"A",,"G",113,"A",,"G",113,"A",,1
454500,"A",,"R",112551,"A",,"G",125,"A",,"G",125,"A",,1
454519,"A",,"R",108282,"A",,"G",120,"A",,"G",120,"A",,1
454528,"A",,"R",87090,"A",,"G",97,"A",,"G",97,"A",,1
454537,"A",,"R",98522,"A",,"G",109,"A",,"G",109,"A",,1
454546,"A",,"R",455780,"A",,"G",506,"A",,"G",506,"A",,1
454555,"A",,"R",614600,"A",,"G",683,"A",,"G",683,"A",,1
454564,"A",,"R",966656,"A",,"G",1074,"A",,"G",1074,"A",,1
454573,"A",,"R",735000,"A",,"G",817,"A",,"G",817,"A",,1
454582,"R",9692,"A",,"R",1569,"G",323,"G",65,"R",323,"R",87,2
454591,"R",9837,"A",,"A",,"G",219,"A",,"G",219,"A",,2
454607,"A",,"R",290325,"A",,"G",323,"A",,"G",323,"A",,1
454616,"R",22270,"A",,"A",,"G",495,"A",,"G",495,"A",,2
454625,"R",42440,"A",,"A",,"G",943,"A",,"G",943,"A",,2
454634,"A",,"R",1415768,"A",,"G",1573,"A",,"G",1573,"A",,1
454652,"A",,"R",176755,"A",,"G",196,"A",,"G",196,"A",,1
454689,"R",96,"A",,"R",13896,"G",3,"G",579,"G",3,"G",579,2
454698,"R",9624,"A",,"A",,"G",321,"A",,"G",321,"A",,2
454704,"A",,"R",65700,"A",,"G",73,"A",,"G",73,"A",,1
454713,"A",,"R",480500,"A",,"G",534,"A",,"R",596,"A",,1
454722,"A",,"R",54706,"A",,"G",61,"A",,"G",61,"A",,1
454731,"R",9323,"A",,"A",,"G",311,"A",,"G",311,"A",,2
454740,"R",5283,"A",,"A",,"G",117,"A",,"G",117,"A",,2
454759,"A",,"R",19557,"A",,"G",22,"A",,"G",22,"A",,1
454768,"A",,"R",163847,"A",,"G",182,"A",,"G",182,"A",,1
454777,"A",,"R",212236,"A",,"G",236,"A",,"G",236,"A",,1
454786,"A",,"R",236400,"A",,"G",263,"A",,"G",263,"A",,1
454795,"A",,"R",54000,"A",,"G",60,"A",,"G",60,"A",,1
454801,"A",,"R",82380,"A",,"G",92,"A",,"G",92,"A",,1
454810,"A",,"R",38674,"A",,"G",43,"A",,"G",43,"A",,1
454829,"R",1818,"A",,"R",11649,"G",61,"G",485,"G",61,"G",485,2
454838,"A",,"A",,"R",400,"A",,"G",11,"A",,"G",11,-2
454847,"A",,"R",192000,"A",,"G",213,"A",,"G",213,"A",,1
454856,"A",,"R",243870,"A",,"G",271,"A",,"G",271,"A",,1
454865,"R",9648,"R",132800,"A",,"G",469,"A",,"G",469,"A",,3
454874,"A",,"R",90800,"A",,"G",101,"A",,"G",101,"A",,1
454883,"R",54281,"R",14000,"A",,"G",1825,"A",,"G",1825,"A",,3
454892,"A",,"R",24790,"A",,"G",28,"A",,"G",28,"A",,1
454908,"A",,"R",379200,"A",,"G",421,"A",,"G",421,"A",,1
454917,"A",,"R",236030,"A",,"G",262,"A",,"G",262,"A",,1
454926,"A",,"R",301886,"A",,"G",335,"A",,"G",335,"A",,1
454935,"A",,"R",49820,"A",,"G",55,"A",,"G",55,"A",,1
454944,"A",,"R",251100,"A",,"G",279,"A",,"G",279,"A",,1
454953,"A",,"R",20728,"A",,"G",23,"A",,"G",23,"A",,1
454962,"A",,"R",7713,"A",,"G",9,"A",,"G",9,"A",,1
454971,"A",,"R",232470,"A",,"G",258,"A",,"G",258,"A",,1
454980,"A",,"R",100550,"A",,"G",112,"A",,"G",112,"A",,1
454999,"A",,"R",99948,"A",,"G",111,"A",,"G",111,"A",,1
455008,"A",,"R",198578,"A",,"G",221,"A",,"G",221,"A",,1
455017,"A",,"R",26242,"A",,"G",29,"A",,"G",29,"A",,1
455026,"A",,"R",29500,"A",,"G",33,"A",,"G",33,"A",,1
455035,"A",,"R",17575,"A",,"G",20,"A",,"G",20,"A",,1
455053,"A",,"R",259300,"A",,"G",288,"A",,"G",288,"A",,1
455062,"A",,"R",96800,"A",,"G",108,"A",,"G",108,"A",,1
455071,"A",,"R",118584,"A",,"G",132,"A",,"G",132,"A",,1
455080,"A",,"R",207130,"A",,"G",230,"A",,"G",230,"A",,1
455099,"A",,"A",,"R",820,"A",,"G",34,"A",,"G",34,-2
455105,"A",,"R",72104,"A",,"G",80,"A",,"G",80,"A",,1
455114,"R",157372,"A",,"A",,"G",5246,"A",,"G",5246,"A",,2
455141,"A",,"R",270924,"A",,"G",301,"A",,"G",301,"A",,1
455169,"A",,"A",,"R",23308,"A",,"G",971,"A",,"G",971,-2
455178,"A",,"A",,"R",2566,"A",,"G",107,"A",,"R",41,-2
455187,"A",,"R",163800,"A",,"G",182,"A",,"G",182,"A",,1
455196,"R",11632,"R",803462,"A",,"G",1280,"A",,"G",1280,"A",,3
455202,"A",,"R",246310,"A",,"G",274,"A",,"G",274,"A",,1
455211,"A",,"R",146475,"A",,"G",163,"A",,"G",163,"A",,1
455220,"A",,"R",68500,"A",,"G",76,"A",,"G",76,"A",,1
455239,"A",,"R",46148,"A",,"G",51,"A",,"G",51,"A",,1
455248,"A",,"R",14350,"A",,"G",16,"A",,"G",16,"A",,1
455257,"R",7700,"A",,"A",,"G",257,"A",,"G",257,"A",,2
455275,"A",,"R",231730,"A",,"G",257,"A",,"G",257,"A",,1
455284,"A",,"R",314580,"A",,"G",350,"A",,"G",350,"A",,1
455293,"A",,"R",16109,"A",,"G",18,"A",,"G",18,"A",,1
455318,"A",,"R",36953,"A",,"G",41,"A",,"G",41,"A",,1
455327,"A",,"R",57950,"A",,"G",64,"A",,"G",64,"A",,1
455336,"R",5112,"A",,"A",,"G",170,"A",,"G",170,"A",,2
455345,"A",,"R",59878,"A",,"G",67,"A",,"G",67,"A",,1
455354,"A",,"R",360900,"A",,"G",401,"A",,"R",395,"A",,1
455372,"A",,"R",25122,"A",,"G",28,"A",,"G",28,"A",,1
455381,"A",,"R",69480,"A",,"G",77,"A",,"G",77,"A",,1
455390,"R",3630,"R",8960,"A",,"G",131,"A",,"G",131,"A",,3
455406,"A",,"A",,"R",22476,"A",,"G",937,"A",,"R",224,-2
455415,"A",,"R",27035,"A",,"G",30,"A",,"R",23,"A",,1
455424,"A",,"R",203700,"A",,"G",226,"A",,"G",226,"A",,1
455433,"A",,"A",,"R",3191,"A",,"G",133,"A",,"G",133,-2
455460,"A",,"R",168607,"A",,"G",187,"A",,"G",187,"A",,1
455479,"A",,"R",466275,"A",,"G",518,"A",,"G",518,"A",,1
455488,"A",,"R",377057,"A",,"G",419,"A",,"G",419,"A",,1
455497,"A",,"R",151857,"A",,"G",169,"A",,"G",169,"A",,1
455503,"A",,"R",52000,"A",,"G",58,"A",,"R",85,"A",,1
455512,"R",51498,"A",,"A",,"G",1717,"A",,"G",1717,"A",,2
455530,"A",,"R",1208904,"A",,"G",1343,"A",,"G",1343,"A",,1
455549,"R",7230,"A",,"A",,"G",161,"A",,"G",161,"A",,2
455558,"R",10110,"A",,"A",,"G",225,"A",,"G",225,"A",,2
455567,"R",14486,"R",34019,"A",,"G",521,"A",,"G",521,"A",,3
455585,"R",13864,"A",,"A",,"G",308,"A",,"G",308,"A",,2
455600,"R",39208,"A",,"A",,"G",871,"A",,"G",871,"A",,2
455619,"R",18755,"A",,"A",,"G",625,"A",,"G",625,"A",,2
455628,"A",,"R",533934,"A",,"G",593,"A",,"G",593,"A",,1
455646,"R",11800,"A",,"A",,"G",262,"A",,"G",262,"A",,2
455655,"R",32084,"A",,"A",,"G",713,"A",,"G",713,"A",,2
455664,"A",,"A",,"R",12269,"A",,"G",511,"A",,"G",511,-2
455673,"R",7600,"A",,"A",,"G",169,"A",,"G",169,"A",,2
455682,"A",,"A",,"R",5204,"A",,"G",217,"A",,"G",217,-2
455707,"A",,"R",86400,"A",,"G",96,"A",,"G",96,"A",,1
455716,"R",35520,"A",,"A",,"G",789,"A",,"G",789,"A",,2
455725,"A",,"R",117707,"A",,"G",131,"A",,"G",131,"A",,1
455734,"A",,"R",102200,"A",,"G",114,"A",,"G",114,"A",,1
455743,"A",,"R",99900,"A",,"G",111,"A",,"G",111,"A",,1
455752,"R",1422,"R",1560,"A",,"G",49,"A",,"G",49,"A",,3
455761,"A",,"R",343500,"A",,"G",382,"A",,"G",382,"A",,1
455770,"R",2059,"A",,"A",,"G",69,"A",,"G",69,"A",,2
455789,"R",820,"A",,"A",,"G",27,"A",,"R",25,"A",,2
455798,"A",,"R",56069,"A",,"G",62,"A",,"G",62,"A",,1
455804,"A",,"A",,"R",3272,"A",,"G",136,"A",,"G",136,-2
455813,"A",,"A",,"R",1173,"A",,"G",49,"A",,"G",49,-2
455822,"A",,"R",89000,"A",,"G",99,"A",,"G",99,"A",,1
455831,"A",,"R",91892,"A",,"G",102,"A",,"G",102,"A",,1
455840,"R",2500,"A",,"A",,"G",83,"A",,"G",83,"A",,2
455859,"A",,"R",154836,"A",,"G",172,"A",,"G",172,"A",,1
455868,"R",2280,"A",,"A",,"G",76,"A",,"G",76,"A",,2
455877,"A",,"R",289000,"A",,"G",321,"A",,"G",321,"A",,1
455886,"A",,"R",157320,"A",,"G",175,"A",,"G",175,"A",,1
455895,"A",,"R",180468,"A",,"G",201,"A",,"G",201,"A",,1
455901,"A",,"R",239465,"A",,"G",266,"A",,"G",266,"A",,1
455910,"A",,"R",38000,"A",,"G",42,"A",,"G",42,"A",,1
455929,"A",,"R",62726,"A",,"G",70,"A",,"G",70,"A",,1
455938,"R",755,"A",,"A",,"G",25,"A",,"G",25,"A",,2
455947,"A",,"R",155545,"A",,"G",173,"A",,"G",173,"A",,1
455956,"R",4277,"A",,"A",,"G",143,"A",,"R",150,"A",,2
455965,"A",,"R",198075,"A",,"G",220,"A",,"G",220,"A",,1
455974,"R",2860,"A",,"A",,"G",64,"A",,"G",64,"A",,2
455983,"R",2556,"R",111985,"A",,"G",210,"A",,"G",210,"A",,3
455992,"A",,"A",,"R",8515,"A",,"G",355,"A",,"R",340,-2
456001,"A",,"R",28144,"A",,"G",31,"A",,"R",38,"A",,1
456010,"R",6313,"A",,"A",,"G",140,"A",,"G",140,"A",,2
456029,"A",,"R",165150,"A",,"G",184,"A",,"G",184,"A",,1
456038,"A",,"R",595480,"A",,"G",662,"A",,"G",662,"A",,1
456056,"R",44580,"A",,"A",,"G",991,"A",,"R",929,"A",,2
456065,"A",,"R",235565,"A",,"G",262,"A",,"R",262,"A",,1
456074,"A",,"R",179965,"A",,"G",200,"A",,"G",200,"A",,1
456092,"A",,"R",101820,"A",,"G",113,"A",,"G",113,"A",,1
456117,"R",4192,"A",,"A",,"G",93,"A",,"G",93,"A",,2
456126,"A",,"R",179963,"A",,"G",200,"A",,"G",200,"A",,1
456135,"A",,"R",265039,"A",,"G",294,"A",,"G",294,"A",,1
456144,"R",3312,"A",,"A",,"G",110,"A",,"G",110,"A",,2
456153,"R",3708,"A",,"A",,"G",124,"A",,"G",124,"A",,2
456171,"A",,"A",,"R",315,"A",,"G",13,"A",,"G",13,-2
456180,"A",,"R",198278,"A",,"G",220,"A",,"G",220,"A",,1
456205,"R",33214,"A",,"A",,"G",738,"A",,"G",738,"A",,2
456214,"A",,"R",231143,"A",,"G",257,"A",,"G",257,"A",,1
456250,"A",,"R",299085,"A",,"G",332,"A",,"G",332,"A",,1
456278,"R",40907,"A",,"A",,"G",909,"A",,"G",909,"A",,2
456287,"A",,"R",193125,"A",,"G",215,"A",,"G",215,"A",,1
456296,"R",113792,"A",,"A",,"G",2529,"A",,"G",2529,"A",,2
456302,"R",19454,"A",,"A",,"G",648,"A",,"G",648,"A",,2
456311,"R",38210,"A",,"A",,"G",1274,"A",,"G",1274,"A",,2
456320,"R",29662,"A",,"A",,"G",989,"A",,"G",989,"A",,2
456339,"R",22784,"A",,"A",,"G",759,"A",,"G",759,"A",,2
456348,"R",203658,"A",,"R",74771,"G",6789,"G",3115,"G",6789,"G",3115,2
456357,"R",35649,"A",,"A",,"G",792,"A",,"G",792,"A",,2
456366,"R",26857,"A",,"A",,"G",597,"A",,"G",597,"A",,2
456375,"R",12071,"A",,"A",,"G",268,"A",,"G",268,"A",,2
456393,"R",9008,"A",,"A",,"G",200,"A",,"G",200,"A",,2
456409,"R",13788,"A",,"A",,"G",306,"A",,"G",306,"A",,2
456418,"R",14463,"A",,"A",,"G",321,"A",,"G",321,"A",,2
456427,"R",19768,"A",,"A",,"G",439,"A",,"G",439,"A",,2
456436,"R",13060,"A",,"A",,"G",290,"A",,"G",290,"A",,2
456445,"R",18400,"A",,"A",,"G",409,"A",,"G",409,"A",,2
456454,"A",,"R",195295,"A",,"G",217,"A",,"G",217,"A",,1
456481,"R",3472,"A",,"R",1791,"G",116,"G",75,"G",116,"G",75,2
456490,"R",3500,"A",,"R",400,"G",117,"G",17,"G",117,"G",17,2
456506,"A",,"R",150480,"A",,"G",167,"A",,"G",167,"A",,1
456515,"A",,"R",171360,"A",,"G",190,"A",,"G",190,"A",,1
456542,"A",,"A",,"R",10064,"A",,"G",419,"A",,"G",419,-2
456551,"A",,"R",56000,"A",,"G",62,"A",,"G",62,"A",,1
456560,"A",,"R",99510,"A",,"G",111,"A",,"G",111,"A",,1
456588,"A",,"R",52192,"A",,"G",58,"A",,"G",58,"A",,1
456597,"A",,"R",173081,"A",,"G",192,"A",,"G",192,"A",,1
456612,"R",25700,"A",,"A",,"G",571,"A",,"G",571,"A",,2
456621,"R",7061,"A",,"R",824,"G",157,"G",23,"G",157,"G",23,2
456630,"R",4743,"A",,"R",990,"G",105,"G",28,"G",105,"G",28,2
456667,"R",20484,"A",,"R",3416,"G",455,"G",95,"G",455,"G",95,2
456719,"A",,"R",149704,"A",,"G",166,"A",,"G",166,"A",,1
456728,"A",,"R",68282,"A",,"G",76,"A",,"G",76,"A",,1
456737,"A",,"R",112002,"A",,"G",124,"A",,"G",124,"A",,1
456746,"A",,"R",107495,"A",,"G",119,"A",,"G",119,"A",,1
456755,"A",,"R",54702,"A",,"G",61,"A",,"G",61,"A",,1
456764,"A",,"R",138012,"A",,"G",153,"A",,"G",153,"A",,1
456773,"A",,"R",91247,"A",,"G",101,"A",,"G",101,"A",,1
456782,"R",19865,"A",,"A",,"G",441,"A",,"G",441,"A",,2
456791,"R",33132,"A",,"A",,"G",736,"A",,"G",736,"A",,2
456807,"R",14034,"A",,"R",23,"G",312,"G",1,"G",312,"G",1,2
456816,"R",27012,"A",,"R",191,"G",600,"G",5,"G",600,"G",5,2
456825,"A",,"R",120730,"A",,"G",134,"A",,"G",134,"A",,1
456834,"R",6677,"A",,"R",2143,"G",148,"G",60,"G",148,"G",60,2
456852,"A",,"R",579337,"A",,"G",644,"A",,"G",644,"A",,1
456861,"A",,"R",644719,"A",,"G",716,"A",,"G",716,"A",,1
456870,"A",,"R",1716144,"A",,"G",1907,"A",,"G",1907,"A",,1
456889,"A",,"R",819648,"A",,"G",911,"A",,"G",911,"A",,1
456898,"A",,"R",1125672,"A",,"G",1251,"A",,"G",1251,"A",,1
456904,"A",,"R",1094248,"A",,"G",1216,"A",,"G",1216,"A",,1
456913,"A",,"R",932069,"A",,"G",1036,"A",,"G",1036,"A",,1
456922,"A",,"R",1316227,"A",,"G",1462,"A",,"G",1462,"A",,1
456931,"A",,"R",1906096,"A",,"G",2118,"A",,"G",2118,"A",,1
456940,"R",20250,"A",,"A",,"G",675,"A",,"G",675,"A",,2
456959,"R",4487,"A",,"A",,"G",150,"A",,"G",150,"A",,2
456968,"A",,"R",50285,"A",,"G",56,"A",,"G",56,"A",,1
456977,"R",11208,"A",,"A",,"G",374,"A",,"G",374,"A",,2
456995,"R",9232,"A",,"A",,"G",205,"A",,"G",205,"A",,2
457004,"R",6272,"A",,"A",,"G",139,"A",,"G",139,"A",,2
457013,"R",11391,"A",,"A",,"G",380,"A",,"G",380,"A",,2
457022,"R",10624,"A",,"A",,"G",354,"A",,"G",354,"A",,2
457031,"A",,"R",73103,"A",,"G",81,"A",,"R",84,"A",,1
457068,"A",,"R",369900,"A",,"G",411,"A",,"G",411,"A",,1
457077,"A",,"R",716320,"A",,"G",796,"A",,"G",796,"A",,1
457086,"A",,"R",199843,"A",,"G",222,"A",,"G",222,"A",,1
457101,"R",11649,"A",,"A",,"G",388,"A",,"G",388,"A",,2
457110,"R",8666,"A",,"A",,"G",289,"A",,"G",289,"A",,2
457129,"R",6402,"A",,"A",,"G",213,"A",,"R",178,"A",,2
457174,"R",17119,"R",64375,"A",,"G",642,"A",,"G",642,"A",,3
457183,"R",6143,"A",,"A",,"G",137,"A",,"G",137,"A",,2
457192,"A",,"R",15890,"A",,"G",18,"A",,"G",18,"A",,1
457208,"R",5955,"A",,"A",,"G",199,"A",,"G",199,"A",,2
457217,"A",,"R",57760,"A",,"G",64,"A",,"G",64,"A",,1
457226,"R",687,"A",,"A",,"G",23,"A",,"R",36,"A",,2
457235,"A",,"R",23640,"A",,"G",26,"A",,"R",26,"A",,1
457244,"A",,"R",125050,"A",,"G",139,"A",,"G",139,"A",,1
457253,"A",,"R",71301,"A",,"G",79,"A",,"G",79,"A",,1
457262,"R",4280,"A",,"A",,"G",95,"A",,"G",95,"A",,2
457271,"A",,"A",,"R",1660,"A",,"G",69,"A",,"R",56,-2
457280,"A",,"R",355007,"A",,"G",394,"A",,"G",394,"A",,1
457299,"A",,"R",114716,"A",,"G",127,"A",,"G",127,"A",,1
457305,"A",,"R",66523,"A",,"G",74,"A",,"G",74,"A",,1
457314,"A",,"R",155684,"A",,"G",173,"A",,"G",173,"A",,1
457323,"A",,"R",334934,"A",,"G",372,"A",,"G",372,"A",,1
457332,"A",,"R",33000,"A",,"G",37,"A",,"G",37,"A",,1
457341,"A",,"R",127819,"A",,"G",142,"A",,"G",142,"A",,1
457350,"R",1084,"A",,"A",,"G",36,"A",,"G",36,"A",,2
457378,"A",,"R",73352,"A",,"G",82,"A",,"G",82,"A",,1
457387,"A",,"R",199645,"A",,"G",222,"A",,"R",222,"A",,1
457396,"A",,"R",113135,"A",,"G",126,"A",,"G",126,"A",,1
457402,"R",897,"A",,"R",191,"G",30,"G",8,"G",30,"G",8,2
457411,"A",,"R",205380,"A",,"G",228,"A",,"G",228,"A",,1
457420,"A",,"R",99000,"A",,"G",110,"A",,"G",110,"A",,1
457439,"A",,"R",75075,"A",,"G",83,"A",,"G",83,"A",,1
457448,"A",,"R",116371,"A",,"G",129,"A",,"G",129,"A",,1
457457,"A",,"R",18840,"A",,"G",21,"A",,"G",21,"A",,1
457466,"A",,"R",63079,"A",,"G",70,"A",,"G",70,"A",,1
457475,"A",,"R",131085,"A",,"G",146,"A",,"G",146,"A",,1
457484,"R",1713,"A",,"R",225,"G",57,"G",9,"G",57,"G",9,2
457493,"A",,"R",36200,"A",,"G",40,"A",,"G",40,"A",,1
457509,"A",,"R",55966,"A",,"G",62,"A",,"G",62,"A",,1
457527,"A",,"R",256960,"A",,"G",286,"A",,"G",286,"A",,1
457536,"R",10838,"A",,"A",,"G",361,"A",,"G",361,"A",,2
457545,"A",,"R",188430,"A",,"G",209,"A",,"G",209,"A",,1
457554,"A",,"R",26555,"A",,"G",30,"A",,"G",30,"A",,1
457563,"A",,"R",185892,"A",,"G",207,"A",,"G",207,"A",,1
457572,"A",,"R",172216,"A",,"G",191,"A",,"G",191,"A",,1
457581,"A",,"R",187016,"A",,"G",208,"A",,"G",208,"A",,1
457590,"A",,"R",33829,"A",,"G",38,"A",,"R",33,"A",,1
457606,"A",,"R",204160,"A",,"G",227,"A",,"G",227,"A",,1
457615,"A",,"R",33580,"A",,"G",37,"A",,"G",37,"A",,1
457624,"A",,"R",25106,"A",,"G",28,"A",,"G",28,"A",,1
457633,"A",,"R",102901,"A",,"G",114,"A",,"G",114,"A",,1
457642,"A",,"R",48866,"A",,"G",54,"A",,"G",54,"A",,1
457651,"R",4536,"A",,"A",,"G",151,"A",,"G",151,"A",,2
457660,"A",,"R",39845,"A",,"G",44,"A",,"R",44,"A",,1
457679,"A",,"R",32100,"A",,"G",36,"A",,"G",36,"A",,1
457688,"R",4500,"A",,"A",,"G",150,"A",,"G",150,"A",,2
457697,"R",1323,"A",,"A",,"G",44,"A",,"G",44,"A",,2
457703,"A",,"R",122145,"A",,"G",136,"A",,"G",136,"A",,1
457712,"A",,"R",27550,"A",,"G",31,"A",,"G",31,"A",,1
457721,"A",,"R",31732,"A",,"G",35,"A",,"G",35,"A",,1
457730,"A",,"R",273994,"A",,"G",304,"A",,"G",304,"A",,1
457749,"A",,"R",154299,"A",,"G",171,"A",,"G",171,"A",,1
457758,"A",,"R",151426,"A",,"G",168,"A",,"G",168,"A",,1
457767,"R",10478,"A",,"A",,"G",349,"A",,"G",349,"A",,2
457776,"A",,"R",117769,"A",,"G",131,"A",,"G",131,"A",,1
457785,"A",,"R",96840,"A",,"G",108,"A",,"G",108,"A",,1
457794,"A",,"R",66650,"A",,"G",74,"A",,"G",74,"A",,1
457800,"A",,"R",286575,"A",,"G",318,"A",,"G",318,"A",,1
457819,"A",,"R",370166,"A",,"G",411,"A",,"G",411,"A",,1
457828,"A",,"R",77675,"A",,"G",86,"A",,"G",86,"A",,1
457837,"A",,"R",84444,"A",,"G",94,"A",,"G",94,"A",,1
457846,"A",,"R",76440,"A",,"G",85,"A",,"G",85,"A",,1
457855,"A",,"R",128785,"A",,"G",143,"A",,"G",143,"A",,1
457864,"A",,"R",120000,"A",,"G",133,"A",,"R",133,"A",,1
457873,"A",,"R",35532,"A",,"G",39,"A",,"G",39,"A",,1
457891,"A",,"R",78000,"A",,"G",87,"A",,"G",87,"A",,1
457907,"A",,"R",23586,"A",,"G",26,"A",,"G",26,"A",,1
457916,"A",,"R",83440,"A",,"G",93,"A",,"G",93,"A",,1
457925,"A",,"R",27221,"A",,"G",30,"A",,"R",27,"A",,1
457943,"A",,"R",60300,"A",,"G",67,"A",,"G",67,"A",,1
457952,"A",,"R",217086,"A",,"G",241,"A",,"G",241,"A",,1
457961,"A",,"R",30779,"A",,"G",34,"A",,"G",34,"A",,1
457970,"R",496,"A",,"A",,"G",11,"A",,"G",11,"A",,2
457989,"A",,"R",42228,"A",,"G",47,"A",,"G",47,"A",,1
457998,"A",,"R",67584,"A",,"G",75,"A",,"G",75,"A",,1
458007,"A",,"R",112920,"A",,"G",125,"A",,"G",125,"A",,1
458016,"R",2424,"A",,"A",,"G",81,"A",,"G",81,"A",,2
458025,"A",,"R",8540,"A",,"G",9,"A",,"G",9,"A",,1
458034,"A",,"R",72000,"A",,"G",80,"A",,"G",80,"A",,1
458043,"A",,"R",155794,"A",,"G",173,"A",,"R",195,"A",,1
458052,"A",,"R",64800,"A",,"G",72,"A",,"G",72,"A",,1
458061,"A",,"R",89400,"A",,"G",99,"A",,"G",99,"A",,1
458070,"A",,"R",258743,"A",,"G",287,"A",,"G",287,"A",,1
458089,"A",,"R",75000,"A",,"G",83,"A",,"G",83,"A",,1
458098,"A",,"R",85412,"A",,"G",95,"A",,"G",95,"A",,1
458104,"A",,"R",71682,"A",,"G",80,"A",,"G",80,"A",,1
458113,"R",2490,"A",,"A",,"G",83,"A",,"G",83,"A",,2
458122,"A",,"R",21000,"A",,"G",23,"A",,"G",23,"A",,1
458131,"A",,"R",365521,"A",,"G",406,"A",,"G",406,"A",,1
458140,"R",5143,"A",,"A",,"G",114,"A",,"G",114,"A",,2
458159,"A",,"A",,"R",4442,"A",,"G",123,"A",,"R",148,-2
458168,"A",,"R",120500,"A",,"G",134,"A",,"G",134,"A",,1
458177,"A",,"R",82947,"A",,"G",92,"A",,"G",92,"A",,1
458186,"R",15881,"A",,"A",,"G",529,"A",,"G",529,"A",,2
458195,"R",4006,"A",,"A",,"G",134,"A",,"G",134,"A",,2
458210,"R",38115,"A",,"A",,"G",1271,"A",,"G",1271,"A",,2
458229,"R",23391,"A",,"A",,"G",780,"A",,"G",780,"A",,2
458238,"R",4818,"A",,"A",,"G",161,"A",,"G",161,"A",,2
458247,"R",12135,"A",,"A",,"G",405,"A",,"R",402,"A",,2
458256,"R",42208,"A",,"A",,"G",938,"A",,"G",938,"A",,2
458265,"A",,"R",713792,"A",,"G",793,"A",,"G",793,"A",,1
458274,"A",,"R",411300,"A",,"G",457,"A",,"G",457,"A",,1
458283,"R",25990,"A",,"A",,"G",866,"A",,"G",866,"A",,2
458292,"A",,"R",63318,"A",,"G",70,"A",,"G",70,"A",,1
458308,"A",,"R",31865,"A",,"G",35,"A",,"G",35,"A",,1
458317,"A",,"R",77767,"A",,"G",86,"A",,"G",86,"A",,1
458326,"A",,"R",58558,"A",,"G",65,"A",,"G",65,"A",,1
458335,"A",,"R",133055,"A",,"G",148,"A",,"G",148,"A",,1
458344,"A",,"R",101376,"A",,"G",113,"A",,"G",113,"A",,1
458353,"A",,"R",68313,"A",,"G",76,"A",,"G",76,"A",,1
458362,"A",,"R",115357,"A",,"G",128,"A",,"G",128,"A",,1
458371,"R",18084,"A",,"A",,"G",603,"A",,"G",603,"A",,2
458380,"R",14304,"A",,"A",,"G",318,"A",,"G",318,"A",,2
458399,"A",,"R",39000,"A",,"G",43,"A",,"R",43,"A",,1
458405,"R",37056,"A",,"A",,"G",823,"A",,"G",823,"A",,2
458414,"A",,"R",1152000,"A",,"G",1280,"A",,"G",1280,"A",,1
458423,"R",2260,"A",,"A",,"G",75,"A",,"G",75,"A",,2
458432,"R",8126,"A",,"A",,"G",181,"A",,"G",181,"A",,2
458441,"R",16110,"A",,"A",,"G",358,"A",,"G",358,"A",,2
458469,"R",26392,"A",,"A",,"G",880,"A",,"G",880,"A",,2
458478,"A",,"R",324089,"A",,"G",360,"A",,"G",360,"A",,1
458487,"A",,"R",226936,"A",,"G",252,"A",,"G",252,"A",,1
458496,"R",14519,"A",,"A",,"G",323,"A",,"G",323,"A",,2
458502,"R",14819,"A",,"A",,"G",494,"A",,"G",494,"A",,2
458511,"A",,"A",,"R",640,"A",,"G",27,"A",,"G",27,-2
458557,"R",18076,"A",,"A",,"G",402,"A",,"G",402,"A",,2
458593,"R",27216,"R",15000,"A",,"G",621,"A",,"G",621,"A",,3
458609,"R",44460,"A",,"A",,"G",1482,"A",,"G",1482,"A",,2
458618,"R",32139,"R",268,"A",,"G",1072,"A",,"G",1072,"A",,3
458627,"R",26978,"A",,"A",,"G",899,"A",,"G",899,"A",,2
458636,"R",21886,"A",,"A",,"G",730,"A",,"G",730,"A",,2
458645,"R",18806,"A",,"A",,"G",627,"A",,"G",627,"A",,2
458654,"R",38554,"R",196,"A",,"G",1285,"A",,"G",1285,"A",,3
458663,"R",41779,"A",,"A",,"G",1393,"A",,"R",1048,"A",,2
458672,"A",,"R",30567,"A",,"G",34,"A",,"G",34,"A",,1
458681,"A",,"R",105882,"A",,"G",118,"A",,"G",118,"A",,1
458690,"R",25500,"A",,"A",,"G",850,"A",,"G",850,"A",,2
458706,"R",22114,"A",,"A",,"G",737,"A",,"G",737,"A",,2
458715,"R",6065,"A",,"A",,"G",202,"A",,"G",202,"A",,2
458733,"R",11333,"A",,"A",,"G",252,"A",,"G",252,"A",,2
458742,"R",10212,"A",,"A",,"G",227,"A",,"G",227,"A",,2
458751,"R",8584,"A",,"A",,"G",191,"A",,"G",191,"A",,2
458760,"R",12582,"A",,"R",164,"G",280,"G",5,"G",280,"G",5,2
458779,"R",15027,"A",,"A",,"G",334,"A",,"G",334,"A",,2
458797,"R",18370,"A",,"A",,"G",612,"A",,"G",612,"A",,2
458803,"A",,"R",236149,"A",,"G",262,"A",,"G",262,"A",,1
458812,"A",,"R",152448,"A",,"G",169,"A",,"G",169,"A",,1
458821,"A",,"R",172516,"A",,"G",192,"A",,"G",192,"A",,1
458830,"A",,"R",188519,"A",,"G",209,"A",,"G",209,"A",,1
458849,"A",,"R",75272,"A",,"G",84,"A",,"G",84,"A",,1
458858,"A",,"R",134314,"A",,"G",149,"A",,"G",149,"A",,1
458867,"A",,"R",125699,"A",,"G",140,"A",,"G",140,"A",,1
458885,"R",6476,"A",,"R",1296,"G",144,"G",36,"G",144,"G",36,2
458919,"R",153567,"A",,"R",40163,"G",3413,"G",1116,"G",3413,"G",1116,2
458937,"R",4050,"A",,"R",504,"G",90,"G",14,"G",90,"G",14,2
458955,"R",4797,"A",,"R",702,"G",107,"G",20,"G",107,"G",20,2
458964,"R",68441,"A",,"R",21380,"G",1521,"G",594,"G",1521,"G",594,2
458973,"R",10179,"A",,"R",1818,"G",226,"G",51,"G",226,"G",51,2
458982,"R",11805,"A",,"A",,"G",262,"A",,"R",294,"A",,2
458991,"R",25412,"A",,"A",,"G",565,"A",,"G",565,"A",,2
459000,"A",,"R",294145,"A",,"G",327,"A",,"G",327,"A",,1
459019,"A",,"R",258465,"A",,"G",287,"A",,"G",287,"A",,1
459028,"A",,"R",128904,"A",,"G",143,"A",,"G",143,"A",,1
459037,"A",,"R",219734,"A",,"G",244,"A",,"G",244,"A",,1
459046,"A",,"R",168843,"A",,"G",188,"A",,"G",188,"A",,1
459055,"A",,"R",65454,"A",,"G",73,"A",,"G",73,"A",,1
459064,"A",,"R",239927,"A",,"G",267,"A",,"G",267,"A",,1
459073,"A",,"R",122867,"A",,"G",137,"A",,"G",137,"A",,1
459091,"R",1312,"A",,"A",,"G",29,"A",,"G",29,"A",,2
459107,"R",6142,"A",,"A",,"G",205,"A",,"G",205,"A",,2
459116,"A",,"R",190550,"A",,"G",212,"A",,"G",212,"A",,1
459125,"A",,"R",34052,"A",,"G",38,"A",,"G",38,"A",,1
459134,"A",,"R",49900,"A",,"G",55,"A",,"G",55,"A",,1
459143,"A",,"R",65021,"A",,"G",72,"A",,"G",72,"A",,1
459152,"A",,"R",110955,"A",,"G",123,"A",,"G",123,"A",,1
459161,"A",,"R",181545,"A",,"G",202,"A",,"R",182,"A",,1
459170,"A",,"R",156800,"A",,"G",174,"A",,"G",174,"A",,1
459189,"A",,"R",59200,"A",,"G",66,"A",,"G",66,"A",,1
459198,"A",,"R",156634,"A",,"G",174,"A",,"G",174,"A",,1
459204,"R",14025,"A",,"A",,"G",468,"A",,"G",468,"A",,2
459213,"A",,"R",761120,"A",,"G",846,"A",,"G",846,"A",,1
459222,"A",,"A",,"R",1152,"A",,"G",32,"A",,"G",32,-2
459231,"A",,"R",313280,"A",,"G",348,"A",,"G",348,"A",,1
459259,"R",12789,"A",,"R",1625,"G",284,"G",45,"G",284,"G",45,2
459268,"R",8155,"A",,"R",1527,"G",181,"G",42,"G",181,"G",42,2
459277,"R",18060,"R",19800,"A",,"G",624,"A",,"R",331,"A",,3
459286,"A",,"R",307072,"A",,"G",341,"A",,"G",341,"A",,1
459295,"R",4500,"A",,"A",,"G",150,"A",,"G",150,"A",,2
459301,"A",,"R",156980,"A",,"G",174,"A",,"G",174,"A",,1
459310,"A",,"R",18720,"A",,"G",21,"A",,"G",21,"A",,1
459329,"A",,"R",78868,"A",,"G",88,"A",,"G",88,"A",,1
459338,"A",,"R",59660,"A",,"G",66,"A",,"G",66,"A",,1
459347,"A",,"R",142360,"A",,"G",158,"A",,"G",158,"A",,1
459356,"R",1897,"A",,"A",,"G",63,"A",,"G",63,"A",,2
459365,"A",,"R",13082,"A",,"G",15,"A",,"G",15,"A",,1
459374,"A",,"R",35600,"A",,"G",40,"A",,"G",40,"A",,1
459392,"A",,"R",121276,"A",,"G",135,"A",,"G",135,"A",,1
459408,"A",,"R",64480,"A",,"G",72,"A",,"G",72,"A",,1
459417,"R",881,"A",,"A",,"G",29,"A",,"G",29,"A",,2
459426,"A",,"R",65705,"A",,"G",73,"A",,"G",73,"A",,1
459435,"A",,"R",62194,"A",,"G",69,"A",,"R",64,"A",,1
459444,"R",1167,"A",,"A",,"G",39,"A",,"G",39,"A",,2
459453,"A",,"R",85112,"A",,"G",95,"A",,"G",95,"A",,1
459462,"A",,"R",297900,"A",,"G",331,"A",,"G",331,"A",,1
459471,"A",,"R",38570,"A",,"G",43,"A",,"G",43,"A",,1
459480,"A",,"R",49613,"A",,"G",55,"A",,"G",55,"A",,1
459499,"A",,"R",17280,"A",,"G",19,"A",,"G",19,"A",,1
459514,"A",,"R",14100,"A",,"G",16,"A",,"G",16,"A",,1
459523,"A",,"R",45545,"A",,"G",51,"A",,"G",51,"A",,1
459532,"R",6160,"A",,"A",,"G",205,"A",,"G",205,"A",,2
459541,"A",,"R",70484,"A",,"G",78,"A",,"R",73,"A",,1
459550,"A",,"R",156484,"A",,"G",174,"A",,"G",174,"A",,1
459569,"A",,"R",9920,"A",,"G",11,"A",,"G",11,"A",,1
459578,"A",,"R",203095,"A",,"G",226,"A",,"G",226,"A",,1
459587,"R",11742,"A",,"A",,"G",261,"A",,"G",261,"A",,2
459596,"R",13072,"A",,"A",,"G",290,"A",,"G",290,"A",,2
459602,"R",8768,"A",,"A",,"G",195,"A",,"G",195,"A",,2
459611,"R",7728,"A",,"A",,"G",172,"A",,"G",172,"A",,2
459620,"R",4588,"A",,"A",,"G",102,"A",,"G",102,"A",,2
459639,"R",11995,"A",,"A",,"G",267,"A",,"G",267,"A",,2
459648,"R",7964,"A",,"A",,"G",177,"A",,"G",177,"A",,2
459657,"R",9976,"A",,"A",,"G",222,"A",,"G",222,"A",,2
459666,"R",6824,"A",,"A",,"G",152,"A",,"G",152,"A",,2
459675,"R",12400,"A",,"A",,"G",276,"A",,"G",276,"A",,2
459684,"R",16752,"A",,"A",,"G",372,"A",,"G",372,"A",,2
459693,"R",11338,"A",,"A",,"G",252,"A",,"G",252,"A",,2
459709,"R",23364,"A",,"A",,"G",519,"A",,"G",519,"A",,2
459718,"R",20624,"A",,"A",,"G",458,"A",,"G",458,"A",,2
459727,"R",2413,"A",,"R",567,"G",80,"G",24,"G",80,"G",24,2
459736,"A",,"A",,"R",49164,"A",,"G",2049,"A",,"R",1300,-2
459745,"A",,"A",,"R",1490,"A",,"G",62,"A",,"G",62,-2
459815,"R",4206,"A",,"A",,"G",140,"A",,"G",140,"A",,2
459824,"R",5213,"A",,"R",52550,"G",174,"G",2190,"R",163,"R",1699,2
459833,"R",3320,"A",,"A",,"G",74,"A",,"G",74,"A",,2
459842,"R",9796,"A",,"A",,"G",327,"A",,"G",327,"A",,2
459851,"R",2649,"A",,"A",,"G",88,"A",,"G",88,"A",,2
459860,"A",,"R",327180,"A",,"G",364,"A",,"G",364,"A",,1
459879,"A",,"R",164438,"A",,"G",183,"A",,"G",183,"A",,1
459888,"A",,"R",244161,"A",,"G",271,"A",,"G",271,"A",,1
459897,"A",,"R",109088,"A",,"G",121,"A",,"G",121,"A",,1
459903,"A",,"R",165523,"A",,"G",184,"A",,"G",184,"A",,1
459912,"A",,"R",180604,"A",,"G",201,"A",,"G",201,"A",,1
459921,"A",,"R",115890,"A",,"G",129,"A",,"G",129,"A",,1
459930,"R",24241,"A",,"A",,"G",539,"A",,"G",539,"A",,2
459958,"A",,"R",477762,"A",,"G",531,"A",,"G",531,"A",,1
459967,"R",3750,"R",187200,"A",,"G",333,"A",,"G",333,"A",,3
459976,"A",,"R",199800,"A",,"G",222,"A",,"G",222,"A",,1
459985,"R",11340,"A",,"A",,"G",378,"A",,"G",378,"A",,2
459994,"R",93164,"A",,"R",22410,"G",2070,"G",623,"G",2070,"G",623,2
460002,"A",,"R",127500,"A",,"G",142,"A",,"R",143,"A",,1
460011,"A",,"R",155385,"A",,"G",173,"A",,"G",173,"A",,1
460020,"A",,"R",167457,"A",,"G",186,"A",,"G",186,"A",,1
460039,"R",16639,"A",,"A",,"G",370,"A",,"G",370,"A",,2
460048,"R",13996,"A",,"A",,"G",311,"A",,"G",311,"A",,2
460057,"A",,"R",30616,"A",,"G",34,"A",,"G",34,"A",,1
460066,"A",,"R",145063,"A",,"G",161,"A",,"G",161,"A",,1
460075,"R",1470,"A",,"R",3600,"G",33,"G",100,"G",33,"G",100,2
460093,"A",,"R",264960,"A",,"G",294,"A",,"G",294,"A",,1
460109,"A",,"R",227520,"A",,"G",253,"A",,"G",253,"A",,1
460118,"A",,"R",208080,"A",,"G",231,"A",,"G",231,"A",,1
460127,"A",,"R",77760,"A",,"G",86,"A",,"G",86,"A",,1
460136,"A",,"R",202348,"A",,"G",225,"A",,"G",225,"A",,1
460145,"R",6600,"A",,"A",,"G",220,"A",,"G",220,"A",,2
460172,"A",,"R",74400,"A",,"G",83,"A",,"G",83,"A",,1
460181,"A",,"R",104926,"A",,"G",117,"A",,"R",117,"A",,1
460190,"A",,"R",148697,"A",,"G",165,"A",,"R",165,"A",,1
460206,"A",,"R",166759,"A",,"G",185,"A",,"R",185,"A",,1
460215,"R",8488,"A",,"A",,"G",189,"A",,"G",189,"A",,2
460330,"A",,"R",121400,"A",,"G",135,"A",,"G",135,"A",,1
460349,"R",3444,"A",,"A",,"G",77,"A",,"G",77,"A",,2
460358,"R",23875,"A",,"A",,"G",796,"A",,"R",514,"A",,2
460367,"R",11977,"A",,"A",,"G",399,"A",,"R",255,"A",,2
460385,"R",750,"A",,"A",,"G",25,"A",,"G",25,"A",,2
460394,"R",165303,"A",,"A",,"G",5510,"A",,"G",5510,"A",,2
460446,"A",,"R",257719,"A",,"G",286,"A",,"G",286,"A",,1
460455,"A",,"R",54380,"A",,"G",60,"A",,"G",60,"A",,1
460464,"R",173155,"A",,"A",,"G",5772,"A",,"G",5772,"A",,2
460473,"R",9476,"A",,"A",,"G",211,"A",,"G",211,"A",,2
460482,"R",7500,"A",,"A",,"G",167,"A",,"G",167,"A",,2
460491,"A",,"R",72722,"A",,"G",81,"A",,"G",81,"A",,1
460507,"A",,"R",66295,"A",,"G",74,"A",,"G",74,"A",,1
460516,"A",,"R",298500,"A",,"G",332,"A",,"G",332,"A",,1
460525,"A",,"R",143460,"A",,"G",159,"A",,"G",159,"A",,1
460534,"A",,"R",333000,"A",,"G",370,"A",,"G",370,"A",,1
460552,"A",,"R",70797,"A",,"G",79,"A",,"G",79,"A",,1
460561,"A",,"R",16258,"A",,"G",18,"A",,"G",18,"A",,1
460570,"A",,"R",117340,"A",,"G",130,"A",,"G",130,"A",,1
460589,"R",10514,"A",,"A",,"G",350,"A",,"G",350,"A",,2
460598,"R",24730,"A",,"A",,"G",824,"A",,"G",824,"A",,2
460604,"A",,"R",37440,"A",,"G",42,"A",,"G",42,"A",,1
460613,"R",5904,"A",,"A",,"G",131,"A",,"G",131,"A",,2
460631,"A",,"R",166176,"A",,"G",185,"A",,"G",185,"A",,1
460640,"R",4521,"A",,"A",,"G",100,"A",,"G",100,"A",,2
460659,"R",4322,"A",,"A",,"G",144,"A",,"G",144,"A",,2
460668,"R",3840,"A",,"A",,"G",128,"A",,"G",128,"A",,2
460677,"R",4332,"A",,"A",,"G",144,"A",,"G",144,"A",,2
460686,"A",,"R",302778,"A",,"G",336,"A",,"G",336,"A",,1
460695,"R",5804,"A",,"A",,"G",193,"A",,"G",193,"A",,2
460701,"A",,"R",207600,"A",,"G",231,"A",,"G",231,"A",,1
460710,"A",,"R",243957,"A",,"G",271,"A",,"G",271,"A",,1
460729,"R",17532,"A",,"A",,"G",584,"A",,"G",584,"A",,2
460738,"R",15138,"A",,"R",7567,"G",505,"G",315,"G",505,"G",315,2
460747,"R",16549,"A",,"A",,"G",552,"A",,"G",552,"A",,2
460756,"R",13950,"A",,"A",,"G",310,"A",,"G",310,"A",,2
460765,"A",,"R",84000,"A",,"G",93,"A",,"R",56,"A",,1
460774,"R",13864,"A",,"A",,"G",308,"A",,"G",308,"A",,2
460783,"R",4770,"A",,"A",,"G",159,"A",,"G",159,"A",,2
460808,"A",,"R",19831,"A",,"G",22,"A",,"G",22,"A",,1
460817,"R",17376,"A",,"A",,"G",386,"A",,"G",386,"A",,2
460826,"R",5044,"A",,"A",,"G",112,"A",,"G",112,"A",,2
460835,"R",23450,"A",,"A",,"G",521,"A",,"G",521,"A",,2
460844,"R",14832,"A",,"A",,"G",330,"A",,"G",330,"A",,2
460853,"R",18785,"A",,"A",,"G",417,"A",,"G",417,"A",,2
460862,"A",,"R",328865,"A",,"G",365,"A",,"G",365,"A",,1
460871,"R",3139,"A",,"A",,"G",105,"A",,"R",87,"A",,2
460899,"R",35370,"A",,"A",,"G",1179,"A",,"G",1179,"A",,2
460905,"A",,"R",86279,"A",,"G",96,"A",,"G",96,"A",,1
460914,"A",,"R",211410,"A",,"G",235,"A",,"G",235,"A",,1
460923,"R",12080,"A",,"A",,"G",268,"A",,"R",302,"A",,2
460932,"A",,"R",31740,"A",,"G",35,"A",,"G",35,"A",,1
460941,"A",,"A",,"R",474,"A",,"G",20,"A",,"G",20,-2
460950,"A",,"R",71500,"A",,"G",79,"A",,"G",79,"A",,1
460969,"A",,"R",134023,"A",,"G",149,"A",,"G",149,"A",,1
460978,"A",,"R",214877,"A",,"G",239,"A",,"G",239,"A",,1
460987,"A",,"R",58764,"A",,"G",65,"A",,"G",65,"A",,1
460996,"A",,"R",66003,"A",,"G",73,"A",,"G",73,"A",,1
461005,"R",1232,"A",,"A",,"G",41,"A",,"G",41,"A",,2
461014,"R",17186,"A",,"A",,"G",573,"A",,"G",573,"A",,2
461023,"R",33600,"A",,"A",,"G",1120,"A",,"G",1120,"A",,2
461032,"R",1656,"A",,"A",,"G",37,"A",,"G",37,"A",,2
461041,"R",1601,"A",,"A",,"G",53,"A",,"G",53,"A",,2
461111,"A",,"R",29700,"A",,"G",33,"A",,"G",33,"A",,1
461120,"A",,"A",,"R",2200,"A",,"G",92,"A",,"R",92,-2
461139,"A",,"A",,"R",1487,"A",,"G",62,"A",,"R",82,-2
461148,"A",,"R",650700,"R",520010,"G",723,"G",21667,"G",723,"G",21667,1
461157,"A",,"R",38455,"A",,"G",43,"A",,"R",45,"A",,1
461166,"A",,"R",45000,"A",,"G",50,"A",,"G",50,"A",,1
461175,"A",,"R",139500,"A",,"G",155,"A",,"G",155,"A",,1
461184,"R",230,"A",,"A",,"G",8,"A",,"R",8,"A",,2
461193,"A",,"R",66181,"A",,"G",74,"A",,"G",74,"A",,1
461209,"R",24139,"A",,"A",,"G",536,"A",,"G",536,"A",,2
461218,"R",58,"R",1194,"A",,"G",3,"A",,"G",3,"A",,3
461227,"A",,"R",56274,"A",,"G",63,"A",,"G",63,"A",,1
461236,"R",5451,"A",,"R",2461,"G",182,"G",103,"G",182,"G",103,2
461245,"A",,"R",459900,"A",,"G",511,"A",,"R",511,"A",,1
461254,"A",,"R",27540,"A",,"G",31,"A",,"G",31,"A",,1
461263,"A",,"R",57600,"A",,"G",64,"A",,"G",64,"A",,1
461272,"A",,"R",32588,"A",,"G",36,"A",,"G",36,"A",,1
461281,"R",1389,"A",,"R",166,"G",46,"G",7,"G",46,"G",7,2
461290,"A",,"R",56100,"A",,"G",62,"A",,"G",62,"A",,1
461306,"A",,"R",47340,"A",,"G",53,"A",,"G",53,"A",,1
461315,"R",1012,"A",,"A",,"G",34,"A",,"G",34,"A",,2
461324,"R",9604,"A",,"A",,"G",320,"A",,"G",320,"A",,2
461333,"A",,"R",8000,"A",,"G",9,"A",,"G",9,"A",,1
461342,"A",,"R",86940,"A",,"G",97,"A",,"G",97,"A",,1
461351,"A",,"R",117925,"A",,"G",131,"A",,"G",131,"A",,1
461360,"A",,"R",14200,"A",,"G",16,"A",,"G",16,"A",,1
461379,"A",,"R",13800,"A",,"G",15,"A",,"G",15,"A",,1
461388,"A",,"R",79500,"A",,"G",88,"A",,"G",88,"A",,1
461397,"A",,"R",197642,"A",,"G",220,"A",,"G",220,"A",,1
461403,"A",,"R",24827,"A",,"G",28,"A",,"G",28,"A",,1
461412,"A",,"R",51975,"A",,"G",58,"A",,"R",87,"A",,1
461421,"A",,"R",507185,"A",,"G",564,"A",,"G",564,"A",,1
461430,"A",,"R",173520,"A",,"G",193,"A",,"G",193,"A",,1
461449,"A",,"R",63013,"A",,"G",70,"A",,"R",79,"A",,1
461458,"A",,"R",69000,"A",,"G",77,"A",,"G",77,"A",,1
461467,"A",,"R",9069,"A",,"G",10,"A",,"G",10,"A",,1
461476,"A",,"R",24343,"A",,"G",27,"A",,"G",27,"A",,1
461485,"R",71,"A",,"R",723,"G",2,"G",30,"G",2,"G",30,2
461494,"A",,"R",69281,"A",,"G",77,"A",,"G",77,"A",,1
461500,"A",,"R",37645,"A",,"G",42,"A",,"G",42,"A",,1
461519,"A",,"R",25878,"A",,"G",29,"A",,"G",29,"A",,1
461528,"R",1360,"A",,"A",,"G",45,"A",,"G",45,"A",,2
461537,"A",,"R",12404,"A",,"G",14,"A",,"G",14,"A",,1
461546,"A",,"R",77004,"A",,"G",86,"A",,"G",86,"A",,1
461555,"A",,"R",70400,"A",,"G",78,"A",,"G",78,"A",,1
461564,"A",,"R",15000,"A",,"G",17,"A",,"G",17,"A",,1
461573,"R",4284,"A",,"A",,"G",143,"A",,"G",143,"A",,2
461582,"A",,"R",76904,"A",,"G",85,"A",,"G",85,"A",,1
461591,"A",,"R",92894,"A",,"G",103,"A",,"G",103,"A",,1
461607,"A",,"R",56491,"A",,"G",63,"A",,"G",63,"A",,1
461616,"A",,"R",21202,"A",,"G",24,"A",,"G",24,"A",,1
461625,"R",820,"A",,"A",,"G",27,"A",,"G",27,"A",,2
461634,"A",,"R",146405,"A",,"G",163,"A",,"G",163,"A",,1
461643,"R",474,"A",,"R",105,"G",16,"G",4,"G",16,"G",4,2
461652,"A",,"R",47619,"A",,"G",53,"A",,"G",53,"A",,1
461661,"A",,"R",35198,"A",,"G",39,"A",,"G",39,"A",,1
461670,"R",284,"R",8490,"A",,"G",19,"A",,"G",19,"A",,3
461689,"A",,"R",31680,"A",,"G",35,"A",,"G",35,"A",,1
461698,"A",,"R",58848,"A",,"G",65,"A",,"G",65,"A",,1
461704,"A",,"R",115900,"A",,"G",129,"A",,"G",129,"A",,1
461713,"A",,"R",15687,"A",,"G",17,"A",,"R",26,"A",,1
461722,"A",,"R",94192,"A",,"G",105,"A",,"G",105,"A",,1
461731,"A",,"R",70156,"A",,"G",78,"A",,"G",78,"A",,1
461740,"A",,"R",22191,"A",,"G",25,"A",,"R",25,"A",,1
461759,"R",852,"A",,"A",,"G",28,"A",,"R",35,"A",,2
461768,"A",,"R",79200,"A",,"G",88,"A",,"G",88,"A",,1
461777,"R",690,"A",,"A",,"G",23,"A",,"G",23,"A",,2
461786,"A",,"R",46612,"A",,"G",52,"A",,"G",52,"A",,1
461795,"R",373,"A",,"A",,"G",12,"A",,"G",12,"A",,2
461801,"A",,"R",35422,"A",,"G",39,"A",,"G",39,"A",,1
461810,"R",2280,"A",,"A",,"G",76,"A",,"G",76,"A",,2
461829,"A",,"R",150632,"A",,"G",167,"A",,"G",167,"A",,1
461838,"A",,"R",81600,"A",,"G",91,"A",,"G",91,"A",,1
461847,"R",1365,"A",,"A",,"G",46,"A",,"G",46,"A",,2
461856,"A",,"R",4567,"A",,"G",5,"A",,"G",5,"A",,1
461865,"A",,"R",120396,"A",,"G",134,"A",,"G",134,"A",,1
461874,"A",,"R",10520,"A",,"G",12,"A",,"G",12,"A",,1
461883,"R",1107,"A",,"R",298,"G",37,"G",12,"G",37,"G",12,2
461892,"R",2088,"A",,"A",,"G",70,"A",,"R",70,"A",,2
461908,"A",,"R",91705,"A",,"G",102,"A",,"G",102,"A",,1
461917,"A",,"R",139140,"A",,"G",155,"A",,"G",155,"A",,1
461926,"A",,"R",86942,"A",,"G",97,"A",,"G",97,"A",,1
461935,"A",,"R",7100,"A",,"G",8,"A",,"G",8,"A",,1
461944,"A",,"R",52600,"A",,"G",58,"A",,"R",57,"A",,1
461953,"R",1298,"A",,"A",,"G",29,"A",,"R",24,"A",,2
461962,"R",4545,"A",,"A",,"G",101,"A",,"G",101,"A",,2
461971,"A",,"R",45000,"A",,"G",50,"A",,"R",18,"A",,1
461980,"A",,"R",127670,"A",,"G",142,"A",,"R",142,"A",,1
461999,"A",,"R",24855,"A",,"G",28,"A",,"G",28,"A",,1
462008,"A",,"R",152390,"A",,"G",169,"A",,"G",169,"A",,1
462017,"A",,"R",73927,"A",,"G",82,"A",,"G",82,"A",,1
462026,"A",,"R",27000,"A",,"G",30,"A",,"G",30,"A",,1
462035,"A",,"R",44901,"A",,"G",50,"A",,"G",50,"A",,1
462044,"A",,"A",,"R",452,"A",,"G",19,"A",,"G",19,-2
462062,"A",,"R",21058,"A",,"G",23,"A",,"G",23,"A",,1
462071,"A",,"R",152560,"A",,"G",170,"A",,"G",170,"A",,1
462080,"A",,"A",,"R",2194,"A",,"G",91,"A",,"R",81,-2
462099,"A",,"A",,"R",7942,"A",,"G",331,"A",,"R",294,-2
462105,"A",,"A",,"R",23123,"A",,"G",963,"A",,"R",856,-2
462114,"A",,"A",,"R",18200,"A",,"G",758,"A",,"R",674,-2
462123,"A",,"A",,"R",6433,"A",,"G",268,"A",,"R",238,-2
462132,"A",,"A",,"R",2474,"A",,"G",103,"A",,"R",92,-2
462141,"A",,"A",,"R",5771,"A",,"G",240,"A",,"R",214,-2
462150,"A",,"A",,"R",4114,"A",,"G",171,"A",,"R",152,-2
462169,"A",,"A",,"R",1629,"A",,"G",68,"A",,"R",60,-2
462178,"A",,"A",,"R",1701,"A",,"G",71,"A",,"R",63,-2
462187,"A",,"A",,"R",4506,"A",,"G",188,"A",,"R",167,-2
462196,"A",,"A",,"R",81,"A",,"G",3,"A",,"R",3,-2
462202,"A",,"A",,"R",186,"A",,"G",8,"A",,"R",6,-2
462211,"A",,"A",,"R",3596,"A",,"G",150,"A",,"R",133,-2
462220,"A",,"A",,"R",2391,"A",,"G",100,"A",,"R",89,-2
462239,"R",168,"A",,"A",,"G",6,"A",,"G",6,"A",,2
462257,"R",482,"A",,"A",,"G",11,"A",,"G",11,"A",,2
462293,"A",,"R",449740,"A",,"G",500,"A",,"G",500,"A",,1
462309,"A",,"R",28204,"A",,"G",31,"A",,"G",31,"A",,1
462318,"A",,"R",73200,"A",,"G",81,"A",,"G",81,"A",,1
462327,"A",,"R",30000,"A",,"G",33,"A",,"G",33,"A",,1
462336,"A",,"R",8330,"A",,"G",9,"A",,"G",9,"A",,1
462345,"A",,"R",32532,"A",,"G",36,"A",,"G",36,"A",,1
462354,"R",5709,"A",,"R",827,"G",127,"G",23,"G",127,"G",23,2
462390,"R",54,"A",,"A",,"G",2,"A",,"G",2,"A",,2
463621,"R",15319,"A",,"A",,"G",511,"A",,"R",326,"A",,2
465812,"R",26010,"A",,"R",1375,"G",867,"G",57,"G",867,"G",57,2
466152,"R",967,"A",,"A",,"G",21,"A",,"G",21,"A",,2
466161,"R",1580,"A",,"A",,"G",35,"A",,"G",35,"A",,2
466170,"R",8678,"A",,"A",,"G",193,"A",,"G",193,"A",,2
466189,"R",2293,"A",,"A",,"G",51,"A",,"G",51,"A",,2
466514,"R",2891,"A",,"A",,"G",64,"A",,"G",64,"A",,2
466921,"R",165649,"A",,"A",,"G",5522,"A",,"R",4601,"A",,2
466930,"R",367,"A",,"A",,"G",12,"A",,"R",10,"A",,2
467058,"R",2080,"A",,"A",,"G",46,"A",,"G",46,"A",,2
467094,"A",,"R",213982,"A",,"G",238,"A",,"G",238,"A",,1
467155,"R",6228,"A",,"A",,"G",208,"A",,"R",133,"A",,2
467340,"A",,"R",63815,"A",,"G",71,"A",,"G",71,"A",,1
467368,"R",1626,"A",,"A",,"G",54,"A",,"G",54,"A",,2
467508,"A",,"R",65864,"A",,"G",73,"A",,"G",73,"A",,1
467517,"A",,"R",82507,"A",,"G",92,"A",,"G",92,"A",,1
467526,"A",,"R",96433,"A",,"G",107,"A",,"G",107,"A",,1
467535,"A",,"R",145330,"A",,"G",161,"A",,"G",161,"A",,1
467544,"A",,"R",39061,"A",,"G",43,"A",,"G",43,"A",,1
467553,"A",,"R",101355,"A",,"G",113,"A",,"G",113,"A",,1
467562,"A",,"R",71742,"A",,"G",80,"A",,"G",80,"A",,1
467571,"A",,"R",77371,"A",,"G",86,"A",,"G",86,"A",,1
467580,"A",,"R",21257,"A",,"G",24,"A",,"G",24,"A",,1
467599,"A",,"R",59135,"A",,"G",66,"A",,"G",66,"A",,1
467605,"A",,"R",64753,"A",,"G",72,"A",,"G",72,"A",,1
467614,"A",,"R",69394,"A",,"G",77,"A",,"G",77,"A",,1
467623,"A",,"R",75361,"A",,"G",84,"A",,"G",84,"A",,1
467632,"A",,"R",67181,"A",,"G",75,"A",,"G",75,"A",,1
467641,"A",,"R",102906,"A",,"G",114,"A",,"G",114,"A",,1
467650,"A",,"R",63828,"A",,"G",71,"A",,"G",71,"A",,1
467669,"A",,"R",41011,"A",,"G",46,"A",,"G",46,"A",,1
467678,"A",,"R",44699,"A",,"G",50,"A",,"G",50,"A",,1
467784,"R",7784,"A",,"A",,"G",259,"A",,"R",166,"A",,2
467793,"R",1025,"A",,"A",,"G",23,"A",,"G",23,"A",,2
467809,"A",,"R",123118,"A",,"G",137,"A",,"G",137,"A",,1
467863,"A",,"R",125420,"A",,"G",139,"A",,"G",139,"A",,1
467872,"A",,"R",94430,"A",,"G",105,"A",,"G",105,"A",,1
467881,"R",3720,"A",,"A",,"G",124,"A",,"R",79,"A",,2
467906,"A",,"R",85730,"A",,"G",95,"A",,"G",95,"A",,1
468006,"A",,"A",,"R",2264,"A",,"G",94,"A",,"G",94,-2
468015,"R",9657,"A",,"A",,"G",215,"A",,"G",215,"A",,2
468024,"R",1856,"A",,"R",534,"G",41,"G",15,"G",41,"G",15,2
468246,"A",,"R",151519,"A",,"G",168,"A",,"G",168,"A",,1
468255,"A",,"R",99804,"A",,"G",111,"A",,"G",111,"A",,1
468705,"A",,"R",59800,"A",,"G",66,"A",,"G",66,"A",,1
468732,"A",,"R",15430,"A",,"G",17,"A",,"G",17,"A",,1
468769,"A",,"R",158431,"A",,"G",176,"A",,"G",176,"A",,1
468875,"A",,"R",167400,"A",,"G",186,"A",,"G",186,"A",,1
468893,"A",,"R",40542,"A",,"G",45,"A",,"G",45,"A",,1
469054,"R",6,"A",,"A",,"R",0,"A",,"R",36,"A",,2
469124,"R",20880,"A",,"A",,"G",696,"A",,"G",696,"A",,2
469133,"R",10104,"A",,"A",,"G",337,"A",,"G",337,"A",,2
469142,"R",10740,"A",,"A",,"G",358,"A",,"G",358,"A",,2
469151,"R",7356,"A",,"A",,"G",245,"A",,"G",245,"A",,2
469160,"R",8795,"A",,"A",,"G",293,"A",,"G",293,"A",,2
469188,"R",8023,"A",,"A",,"G",267,"A",,"G",267,"A",,2
469197,"A",,"R",73138,"A",,"G",81,"A",,"G",81,"A",,1
469391,"R",4168,"A",,"A",,"G",139,"A",,"G",139,"A",,2
469407,"R",20656,"A",,"A",,"G",689,"A",,"G",689,"A",,2
469416,"R",22658,"A",,"A",,"G",755,"A",,"G",755,"A",,2
469568,"R",8095,"A",,"A",,"G",270,"A",,"G",270,"A",,2
469586,"R",6012,"A",,"A",,"G",200,"A",,"G",200,"A",,2
469610,"R",20256,"A",,"A",,"G",675,"A",,"G",675,"A",,2
469629,"R",3966,"A",,"A",,"G",132,"A",,"G",132,"A",,2
469638,"A",,"R",9404,"A",,"G",10,"A",,"G",10,"A",,1
469647,"R",6166,"A",,"A",,"G",206,"A",,"G",206,"A",,2
469911,"A",,"R",131045,"A",,"G",146,"A",,"G",146,"A",,1
469920,"A",,"R",130634,"A",,"G",145,"A",,"G",145,"A",,1
469957,"A",,"R",169709,"A",,"G",189,"A",,"G",189,"A",,1
469975,"R",868,"A",,"A",,"G",29,"A",,"G",29,"A",,2
469993,"A",,"R",78800,"A",,"G",88,"A",,"R",57,"A",,1
470047,"A",,"R",22901,"A",,"G",25,"A",,"G",25,"A",,1
470092,"R",5106,"A",,"A",,"G",113,"A",,"G",113,"A",,2
470162,"R",1748,"A",,"A",,"G",39,"A",,"G",39,"A",,2
470223,"A",,"R",25500,"A",,"G",28,"A",,"R",28,"A",,1
470269,"A",,"R",1034844,"A",,"G",1150,"A",,"G",1150,"A",,1
470296,"A",,"R",34500,"A",,"G",38,"A",,"G",38,"A",,1
470393,"A",,"R",19180,"A",,"G",21,"A",,"G",21,"A",,1
470852,"R",2144,"A",,"A",,"G",48,"A",,"G",48,"A",,2
470861,"R",3920,"A",,"A",,"G",87,"A",,"G",87,"A",,2
470870,"R",904,"A",,"A",,"G",20,"A",,"G",20,"A",,2
470889,"R",3056,"A",,"A",,"G",68,"A",,"G",68,"A",,2
470898,"R",3104,"A",,"A",,"G",69,"A",,"G",69,"A",,2
470904,"R",768,"A",,"A",,"G",17,"A",,"G",17,"A",,2
474872,"A",,"R",377520,"A",,"G",419,"A",,"G",419,"A",,1
474881,"R",325,"A",,"A",,"G",11,"A",,"G",11,"A",,2
474890,"R",14101,"A",,"A",,"G",470,"A",,"G",470,"A",,2
474915,"A",,"R",257925,"A",,"G",287,"A",,"G",287,"A",,1
474924,"A",,"R",125509,"A",,"G",139,"A",,"G",139,"A",,1
474933,"A",,"R",89055,"A",,"G",99,"A",,"R",130,"A",,1
474942,"A",,"R",114866,"A",,"G",128,"A",,"R",161,"A",,1
474997,"A",,"R",390970,"A",,"G",434,"A",,"G",434,"A",,1
475015,"A",,"R",197250,"A",,"G",219,"A",,"R",202,"A",,1
475024,"A",,"R",98716,"A",,"G",110,"A",,"G",110,"A",,1
475051,"R",175,"A",,"A",,"G",6,"A",,"G",6,"A",,2
475060,"R",1772,"A",,"A",,"G",39,"A",,"G",39,"A",,2
475079,"R",386,"A",,"A",,"G",9,"A",,"G",9,"A",,2
475088,"A",,"R",200,"A",,"R",0,"A",,"R",2,"A",,1
475121,"R",326911,"A",,"R",20932,"G",10897,"G",872,"G",10897,"G",872,2
475130,"A",,"R",10836,"A",,"G",12,"A",,"G",12,"A",,1
475185,"R",3139,"A",,"A",,"G",105,"A",,"G",105,"A",,2
475194,"R",3192,"A",,"A",,"G",71,"A",,"G",71,"A",,2
475200,"R",8864,"A",,"A",,"G",295,"A",,"G",295,"A",,2
475228,"A",,"A",,"R",1997,"A",,"G",83,"A",,"G",83,-2
475237,"R",490,"A",,"R",180,"G",16,"G",8,"G",16,"G",8,2
475246,"R",1180,"A",,"A",,"G",39,"A",,"G",39,"A",,2
475255,"A",,"R",79200,"A",,"G",88,"A",,"G",88,"A",,1
475273,"R",44329,"A",,"R",14735,"G",1478,"G",614,"G",1478,"G",614,2
475282,"A",,"R",84546,"A",,"G",94,"A",,"G",94,"A",,1
475291,"R",11012,"A",,"A",,"G",245,"A",,"G",245,"A",,2
