UNITID,XCDACTUA,CDACTUA,XCNACTUA,CNACTUA,XCDACTGA,CDACTGA,XEFTEUG,EFTEUG,XEFTEGD,EFTEGD,XFTEUG,FTEUG,XFTEGD,FTEGD,ACTTYPE 
100636,"R",2592978,"A",,"A",,"G",86433,"A",,"G",86433,"A",,2
100654,"R",148752,"R",1473,"R",18775,"G",4960,"G",782,"G",4960,"G",782,3
100663,"R",301387,"A",,"R",98215,"G",10046,"G",4092,"G",10046,"G",4092,2
100690,"R",10843,"A",,"R",5483,"G",361,"G",228,"R",298,"R",221,2
100706,"R",146341,"A",,"R",19954,"G",4878,"G",831,"R",4878,"R",876,2
100724,"R",132261,"A",,"R",16889,"G",4409,"G",704,"G",4409,"G",704,2
100751,"R",571867,"A",,"R",79749,"G",19062,"G",3323,"G",19062,"G",3323,2
100760,"R",57553,"A",,"A",,"G",1918,"A",,"G",1918,"A",,2
100812,"R",70166,"A",,"A",,"G",2339,"A",,"R",2339,"A",,2
100830,"R",109018,"A",,"R",12466,"G",3634,"G",519,"G",3634,"G",519,2
100858,"R",567139,"A",,"R",69461,"G",18905,"G",2894,"G",18905,"G",2894,2
100937,"R",43112,"A",,"R",543,"G",1437,"G",23,"R",1198,"R",23,2
101028,"R",45406,"A",,"A",,"G",1514,"A",,"G",1514,"A",,2
101073,"R",21383,"A",,"A",,"G",713,"A",,"G",713,"A",,2
101116,"R",20632,"A",,"R",582,"G",458,"G",16,"G",458,"G",16,2
101143,"R",50228,"A",,"A",,"G",1674,"A",,"G",1674,"A",,2
101161,"R",87283,"A",,"A",,"G",2909,"A",,"R",2909,"A",,2
101189,"R",72800,"A",,"R",4380,"G",2427,"G",183,"G",2427,"G",183,2
101231,"A",,"R",24300,"A",,"G",27,"A",,"G",27,"A",,1
101240,"R",131866,"A",,"A",,"G",4396,"A",,"G",4396,"A",,2
101286,"R",88378,"A",,"A",,"G",2946,"A",,"G",2946,"A",,2
101295,"R",133413,"A",,"A",,"G",4447,"A",,"G",4447,"A",,2
101301,"R",47699,"A",,"A",,"G",1590,"A",,"G",1590,"A",,2
101365,"R",14849,"A",,"A",,"G",495,"A",,"G",495,"A",,2
101435,"R",24388,"A",,"A",,"G",813,"A",,"G",813,"A",,2
101453,"R",1703,"A",,"R",204,"G",57,"G",9,"G",57,"G",9,2
101462,"R",18199,"A",,"A",,"G",607,"A",,"G",607,"A",,2
101471,"R",24000,"A",,"A",,"G",800,"A",,"G",800,"A",,2
101480,"R",193842,"A",,"R",24762,"G",6461,"G",1032,"G",6461,"G",1032,2
101499,"R",31134,"A",,"A",,"G",1038,"A",,"G",1038,"A",,2
101505,"R",163318,"A",,"A",,"G",5444,"A",,"G",5444,"A",,2
101514,"R",180823,"A",,"A",,"G",6027,"A",,"G",6027,"A",,2
101541,"R",8460,"A",,"A",,"G",282,"A",,"R",353,"A",,2
101569,"R",74794,"A",,"A",,"G",2493,"A",,"G",2493,"A",,2
101587,"R",51798,"A",,"R",39016,"G",1727,"G",1626,"G",1727,"G",1626,2
101602,"R",38179,"A",,"A",,"G",1273,"A",,"G",1273,"A",,2
101648,"R",8844,"A",,"A",,"G",295,"A",,"G",295,"A",,2
101675,"R",52831,"A",,"A",,"G",1761,"A",,"G",1761,"A",,2
101693,"R",43032,"A",,"R",3340,"G",1434,"G",139,"G",1434,"G",139,2
101709,"R",69140,"A",,"R",8176,"G",2305,"G",341,"G",2305,"G",341,2
101736,"R",83334,"A",,"A",,"G",2778,"A",,"G",2778,"A",,2
101879,"R",151540,"A",,"R",20465,"G",5051,"G",853,"G",5051,"G",853,2
101897,"R",55442,"A",,"A",,"G",1848,"A",,"G",1848,"A",,2
101912,"R",49479,"A",,"A",,"G",1649,"A",,"G",1649,"A",,2
101949,"R",34726,"A",,"A",,"G",1158,"A",,"G",1158,"A",,2
101958,"R",70,"A",,"A",,"G",2,"A",,"G",2,"A",,2
101994,"R",13968,"A",,"A",,"G",466,"A",,"G",466,"A",,2
102030,"R",81519,"A",,"A",,"G",2717,"A",,"G",2717,"A",,2
102049,"R",87788,"A",,"R",7934,"G",2926,"G",331,"G",2926,"G",331,2
102067,"R",133341,"A",,"A",,"G",4445,"A",,"G",4445,"A",,2
102076,"R",50844,"A",,"A",,"G",1695,"A",,"G",1695,"A",,2
102094,"R",278896,"A",,"R",56472,"G",9297,"G",2353,"R",9297,"R",2463,2
102234,"R",38285,"A",,"R",2918,"G",1276,"G",122,"G",1276,"G",122,2
102261,"R",5089,"A",,"A",,"G",170,"A",,"G",170,"A",,2
102270,"R",24398,"A",,"A",,"G",813,"A",,"G",813,"A",,2
102298,"R",13400,"A",,"A",,"G",447,"A",,"G",447,"A",,2
102313,"R",36112,"A",,"A",,"G",1204,"A",,"G",1204,"A",,2
102368,"R",359805,"A",,"R",108441,"G",11994,"G",4518,"G",11994,"G",4518,2
102377,"R",86260,"A",,"R",4770,"G",2875,"G",199,"G",2875,"G",199,2
102395,"R",2544,"A",,"R",7806,"G",85,"G",325,"G",85,"G",325,2
102429,"R",98452,"A",,"A",,"G",3282,"A",,"G",3282,"A",,2
102553,"R",310115,"A",,"R",13554,"G",10337,"G",565,"G",10337,"G",565,2
102614,"R",148438,"A",,"R",16878,"G",4948,"G",703,"G",4948,"G",703,2
102632,"R",42816,"A",,"R",5082,"G",1427,"G",212,"G",1427,"G",212,2
102669,"R",16009,"A",,"R",4102,"G",534,"G",171,"G",534,"G",171,2
102711,"A",,"R",272077,"A",,"G",302,"A",,"G",302,"A",,1
102845,"R",16339,"A",,"A",,"G",363,"A",,"G",363,"A",,2
103361,"R",10699,"A",,"A",,"G",357,"A",,"G",357,"A",,2
103501,"A",,"R",366484,"A",,"G",407,"A",,"R",493,"A",,1
103644,"R",73012,"R",91120,"A",,"G",1724,"A",,"G",1724,"A",,3
103723,"R",73129,"A",,"A",,"G",2438,"A",,"G",2438,"A",,2
103732,"A",,"R",58862,"A",,"G",65,"A",,"G",65,"A",,1
103741,"A",,"R",279851,"A",,"G",311,"A",,"G",311,"A",,1
103778,"A",,"A",,"R",27796,"A",,"G",1158,"A",,"G",1158,2
103787,"R",1760,"A",,"A",,"G",59,"A",,"G",59,"A",,2
103811,"A",,"R",444600,"A",,"G",494,"A",,"R",487,"A",,1
103893,"R",142344,"A",,"A",,"G",4745,"A",,"G",4745,"A",,2
103945,"R",10800,"A",,"A",,"G",360,"A",,"G",360,"A",,2
103954,"A",,"R",59315,"A",,"G",66,"A",,"G",66,"A",,1
103963,"R",10620,"A",,"A",,"G",236,"A",,"G",236,"A",,2
104090,"A",,"R",389657,"A",,"G",433,"A",,"G",433,"A",,1
104151,"R",1031639,"A",,"R",146957,"G",34388,"G",6123,"G",34388,"G",6123,2
104160,"R",128370,"A",,"A",,"G",4279,"A",,"G",4279,"A",,2
104179,"R",712160,"A",,"R",108429,"G",23739,"G",4518,"R",28091,"R",5689,2
104188,"R",9250,"A",,"A",,"G",308,"A",,"G",308,"A",,2
104294,"A",,"R",436800,"A",,"G",485,"A",,"G",485,"A",,1
104346,"R",140572,"A",,"A",,"G",4686,"A",,"R",3823,"A",,2
104364,"R",23951,"A",,"R",137,"G",532,"G",4,"R",593,"R",4,2
104391,"A",,"R",109700,"A",,"G",122,"A",,"G",122,"A",,1
104425,"R",208768,"A",,"A",,"G",6959,"A",,"R",7894,"A",,2
104434,"A",,"R",67356,"A",,"G",75,"A",,"G",75,"A",,1
104443,"A",,"R",200490,"A",,"G",223,"A",,"G",223,"A",,1
104504,"A",,"R",131850,"A",,"G",147,"A",,"G",147,"A",,1
104522,"A",,"R",44600,"A",,"G",50,"A",,"G",50,"A",,1
104531,"R",38005,"A",,"R",5637,"G",1267,"G",235,"G",1267,"G",235,2
104568,"A",,"R",341100,"A",,"G",379,"A",,"G",379,"A",,1
104577,"R",99830,"A",,"A",,"G",3328,"A",,"G",3328,"A",,2
104586,"R",45943,"A",,"R",504,"G",1531,"G",21,"G",1531,"G",21,2
104708,"R",307442,"A",,"A",,"G",10248,"A",,"G",10248,"A",,2
104717,"R",62993,"A",,"R",123598,"G",2100,"G",5150,"G",2100,"G",5150,2
104805,"A",,"R",7587000,"A",,"G",8430,"A",,"G",8430,"A",,1
104911,"A",,"R",164788,"A",,"G",183,"A",,"G",183,"A",,1
104984,"A",,"R",387770,"A",,"G",431,"A",,"G",431,"A",,1
105118,"R",19672,"A",,"A",,"G",656,"A",,"G",656,"A",,2
105127,"A",,"R",154955,"A",,"G",172,"A",,"G",172,"A",,1
105145,"R",114139,"A",,"A",,"G",3805,"A",,"G",3805,"A",,2
105154,"R",432953,"A",,"A",,"G",14432,"A",,"G",14432,"A",,2
105163,"R",31016,"A",,"A",,"G",689,"A",,"G",689,"A",,2
105172,"R",39716,"A",,"A",,"G",883,"A",,"G",883,"A",,2
105206,"R",90298,"A",,"A",,"G",3010,"A",,"G",3010,"A",,2
105215,"R",102836,"A",,"A",,"G",3428,"A",,"G",3428,"A",,2
105297,"R",35000,"A",,"A",,"G",1167,"A",,"G",1167,"A",,2
105330,"R",544689,"A",,"R",135498,"G",18156,"G",5646,"R",20205,"R",6775,2
105349,"R",114767,"A",,"A",,"G",3826,"A",,"G",3826,"A",,2
105367,"R",22626,"A",,"R",14474,"G",754,"G",603,"G",754,"G",603,2
105419,"A",,"R",165647,"A",,"G",184,"A",,"G",184,"A",,1
105428,"R",187594,"A",,"A",,"G",6253,"A",,"G",6253,"A",,2
105482,"A",,"R",167880,"A",,"G",187,"A",,"G",187,"A",,1
105516,"R",91334,"A",,"R",46030,"G",3044,"G",1918,"R",4865,"R",3277,2
105525,"R",554520,"R",147840,"A",,"G",18648,"A",,"R",18715,"A",,3
105534,"A",,"R",729796,"A",,"G",811,"A",,"G",811,"A",,1
105543,"A",,"R",777980,"A",,"G",864,"A",,"G",864,"A",,1
105589,"R",32073,"A",,"R",6476,"G",1069,"G",270,"G",1069,"G",270,2
105659,"R",3843,"R",300100,"A",,"G",462,"A",,"G",462,"A",,3
105668,"R",363819,"A",,"A",,"G",12127,"A",,"G",12127,"A",,2
105677,"A",,"R",48400,"A",,"G",54,"A",,"G",54,"A",,1
105701,"A",,"R",72000,"A",,"G",80,"A",,"G",80,"A",,1
105747,"R",177781,"A",,"A",,"G",5926,"A",,"G",5926,"A",,2
105792,"R",61562,"A",,"A",,"G",2052,"A",,"G",2052,"A",,2
105899,"R",8493,"A",,"A",,"G",283,"A",,"G",283,"A",,2
105987,"A",,"R",423880,"A",,"G",471,"A",,"G",471,"A",,1
106041,"R",195557,"A",,"A",,"G",6519,"A",,"G",6519,"A",,2
106102,"R",280191,"A",,"R",12525,"G",9340,"G",522,"G",9340,"G",522,2
106111,"A",,"R",204656,"A",,"G",227,"A",,"G",227,"A",,1
106148,"R",111280,"A",,"A",,"G",3709,"A",,"G",3709,"A",,2
106245,"R",215763,"A",,"R",45491,"G",7192,"G",1895,"G",7192,"G",1895,2
106263,"R",23393,"A",,"R",9253,"G",780,"G",386,"G",780,"G",386,2
106281,"A",,"R",38199,"A",,"G",42,"A",,"G",42,"A",,1
106306,"R",15075,"A",,"A",,"G",503,"A",,"G",503,"A",,2
106315,"A",,"R",80700,"A",,"G",90,"A",,"G",90,"A",,1
106324,"A",,"R",63300,"A",,"G",70,"A",,"G",70,"A",,1
106342,"R",13831,"A",,"A",,"G",461,"A",,"G",461,"A",,2
106351,"A",,"R",82247,"A",,"G",91,"A",,"G",91,"A",,1
106360,"A",,"R",42600,"A",,"G",47,"A",,"G",47,"A",,1
106397,"R",396712,"A",,"R",54427,"G",13224,"G",2268,"G",13224,"G",2268,2
106412,"R",82038,"A",,"R",1536,"G",2735,"G",64,"G",2735,"G",64,2
106449,"R",90997,"A",,"A",,"G",3033,"A",,"G",3033,"A",,2
106458,"R",251588,"A",,"R",24982,"G",8386,"G",1041,"R",8386,"R",1041,2
106467,"R",183746,"A",,"R",10525,"G",6125,"G",439,"G",6125,"G",439,2
106485,"R",72123,"A",,"R",1762,"G",2404,"G",73,"G",2404,"G",73,2
106494,"A",,"R",53700,"A",,"G",60,"A",,"G",60,"A",,1
106546,"A",,"R",692212,"A",,"G",769,"A",,"G",769,"A",,1
106607,"A",,"R",57600,"A",,"G",64,"A",,"G",64,"A",,1
106625,"R",44534,"A",,"A",,"G",1484,"A",,"G",1484,"A",,2
106704,"R",300236,"A",,"R",27384,"G",10008,"G",1141,"G",10008,"G",1141,2
106713,"R",13693,"A",,"A",,"G",456,"A",,"G",456,"A",,2
106759,"A",,"R",50446,"A",,"G",56,"A",,"G",56,"A",,1
106795,"R",26597,"A",,"A",,"G",887,"A",,"G",887,"A",,2
106810,"R",3155,"A",,"A",,"G",105,"A",,"G",105,"A",,2
106829,"R",9464,"R",37180,"A",,"G",357,"A",,"G",357,"A",,3
106838,"A",,"R",34500,"A",,"G",38,"A",,"G",38,"A",,1
106883,"R",33201,"A",,"A",,"G",1107,"A",,"G",1107,"A",,2
106892,"A",,"R",255360,"A",,"G",284,"A",,"G",284,"A",,1
106980,"R",55729,"A",,"A",,"G",1858,"A",,"G",1858,"A",,2
106999,"R",29670,"A",,"A",,"G",989,"A",,"G",989,"A",,2
107044,"R",120023,"A",,"R",19984,"G",4001,"G",833,"G",4001,"G",833,2
107071,"R",44722,"A",,"R",6512,"G",1491,"G",271,"G",1491,"G",271,2
107080,"R",33276,"A",,"R",276,"G",1109,"G",12,"R",1089,"R",11,2
107099,"A",,"R",66700,"A",,"G",74,"A",,"G",74,"A",,1
107123,"A",,"R",56080,"A",,"G",62,"A",,"G",62,"A",,1
107141,"R",48368,"A",,"R",7360,"G",1612,"G",307,"G",1612,"G",307,2
107211,"A",,"R",40500,"A",,"G",45,"A",,"G",45,"A",,1
107220,"A",,"R",76042,"A",,"G",84,"A",,"G",84,"A",,1
107275,"A",,"R",11851,"A",,"G",13,"A",,"G",13,"A",,1
107293,"A",,"R",79200,"A",,"G",88,"A",,"G",88,"A",,1
107318,"R",29781,"A",,"A",,"G",993,"A",,"G",993,"A",,2
107327,"R",36583,"A",,"A",,"G",1219,"A",,"G",1219,"A",,2
107363,"A",,"R",67500,"A",,"G",75,"A",,"G",75,"A",,1
107442,"A",,"R",45000,"A",,"G",50,"A",,"G",50,"A",,1
107460,"R",45295,"A",,"A",,"G",1510,"A",,"G",1510,"A",,2
107488,"R",10863,"A",,"A",,"G",362,"A",,"G",362,"A",,2
107512,"R",41054,"A",,"A",,"G",1368,"A",,"G",1368,"A",,2
107521,"R",25604,"A",,"A",,"G",853,"A",,"G",853,"A",,2
107549,"R",20930,"A",,"A",,"G",698,"A",,"G",698,"A",,2
107558,"R",17898,"A",,"A",,"G",597,"A",,"G",597,"A",,2
107585,"R",39631,"A",,"A",,"G",1321,"A",,"G",1321,"A",,2
107600,"R",15215,"A",,"A",,"G",507,"A",,"G",507,"A",,2
107619,"R",38191,"A",,"A",,"G",1273,"A",,"G",1273,"A",,2
107637,"R",46709,"A",,"A",,"G",1557,"A",,"G",1557,"A",,2
107655,"A",,"R",127800,"A",,"G",142,"A",,"G",142,"A",,1
107664,"R",181659,"A",,"A",,"G",6055,"A",,"G",6055,"A",,2
107725,"R",24026,"A",,"A",,"G",801,"A",,"G",801,"A",,2
107743,"R",15514,"A",,"A",,"G",517,"A",,"G",517,"A",,2
107789,"A",,"R",85500,"A",,"G",95,"A",,"G",95,"A",,1
107831,"A",,"R",72209,"A",,"G",80,"A",,"G",80,"A",,1
107877,"R",16230,"A",,"A",,"G",541,"A",,"G",541,"A",,2
107974,"R",29664,"A",,"A",,"G",989,"A",,"G",989,"A",,2
107983,"R",78201,"A",,"R",4863,"G",2607,"G",203,"G",2607,"G",203,2
107992,"R",38332,"A",,"A",,"G",1278,"A",,"G",1278,"A",,2
108065,"A",,"R",1500,"A",,"G",2,"A",,"G",2,"A",,1
108092,"R",154058,"A",,"A",,"G",5135,"A",,"G",5135,"A",,2
108232,"R",175090,"A",,"R",41715,"G",5836,"G",1738,"G",5836,"G",1738,2
108250,"R",30288,"A",,"A",,"G",673,"A",,"G",673,"A",,2
108269,"A",,"A",,"R",3025,"A",,"G",126,"A",,"G",126,2
108348,"A",,"R",60480,"A",,"G",67,"A",,"G",67,"A",,1
108649,"A",,"R",122738,"A",,"G",136,"A",,"R",122,"A",,1
108667,"R",102281,"R",38386,"A",,"G",3452,"A",,"R",3420,"A",,3
108807,"R",175816,"R",260936,"A",,"G",6150,"A",,"G",6150,"A",,3
108852,"R",6820,"A",,"A",,"G",227,"A",,"G",227,"A",,2
108861,"A",,"A",,"R",6,"A",,"R",0,"A",,"Z",0,2
108870,"A",,"A",,"R",8895,"A",,"G",371,"A",,"G",371,2
108977,"A",,"R",74070,"A",,"G",82,"A",,"G",82,"A",,1
109013,"R",56410,"A",,"R",2640,"G",1254,"G",73,"G",1254,"G",73,2
109040,"A",,"R",1379700,"A",,"G",1533,"A",,"G",1533,"A",,1
109086,"R",1030,"A",,"R",1790,"G",34,"G",75,"G",34,"G",75,2
109208,"R",456653,"R",667569,"A",,"G",15964,"A",,"G",15964,"A",,3
109332,"A",,"R",390960,"A",,"G",434,"A",,"R",542,"A",,1
109350,"R",209273,"R",49972,"A",,"G",7031,"A",,"G",7031,"A",,3
109651,"R",54875,"A",,"R",4980,"G",1829,"G",208,"G",1829,"G",208,2
109721,"A",,"R",281250,"A",,"G",313,"A",,"R",250,"A",,1
109730,"A",,"R",39225,"A",,"G",44,"A",,"G",44,"A",,1
109785,"R",153724,"A",,"R",79682,"G",5124,"G",3320,"G",5124,"G",3320,2
109819,"R",268213,"R",205089,"A",,"G",9168,"A",,"G",9168,"A",,3
109891,"A",,"R",34200,"A",,"G",38,"A",,"G",38,"A",,1
109907,"R",47080,"R",49401,"A",,"G",1624,"A",,"G",1624,"A",,3
109934,"A",,"R",181252,"A",,"G",201,"A",,"G",201,"A",,1
110051,"R",13349,"A",,"R",1526,"G",445,"G",64,"G",445,"G",64,2
110060,"R",6006,"A",,"R",939,"G",200,"G",39,"G",200,"G",39,2
110097,"R",113375,"A",,"R",19504,"G",3779,"G",813,"G",3779,"G",813,2
110176,"R",30825,"A",,"A",,"G",685,"A",,"G",685,"A",,2
110185,"R",98280,"A",,"R",816,"G",3276,"G",34,"G",3276,"G",34,2
110194,"A",,"R",96362,"A",,"G",107,"A",,"G",107,"A",,1
110219,"R",18162,"A",,"A",,"G",404,"A",,"G",404,"A",,2
110246,"R",229352,"R",113796,"A",,"G",7772,"A",,"G",7772,"A",,3
110307,"A",,"A",,"R",8900,"A",,"G",371,"A",,"G",371,2
110316,"R",3325,"A",,"R",23309,"G",111,"G",971,"G",111,"G",971,2
110334,"R",244818,"R",54245,"A",,"G",8221,"A",,"G",8221,"A",,3
110361,"R",77393,"A",,"R",14222,"G",2580,"G",593,"G",2580,"G",593,2
110370,"R",37974,"A",,"R",9210,"G",1266,"G",384,"R",1266,"R",307,2
110398,"A",,"A",,"R",266,"A",,"G",11,"A",,"G",11,2
110404,"R",38400,"A",,"R",45452,"G",853,"G",1263,"G",853,"G",1263,2
110413,"R",54037,"A",,"R",21549,"G",1801,"G",898,"G",1801,"G",898,2
110422,"R",777025,"A",,"R",23241,"G",17267,"G",646,"G",17267,"G",646,2
110468,"R",5007,"A",,"R",75254,"G",167,"G",3136,"G",167,"G",3136,2
110486,"R",279090,"A",,"R",61670,"G",6202,"G",1713,"G",6202,"G",1713,2
110495,"R",168168,"A",,"R",34606,"G",5606,"G",1442,"G",5606,"G",1442,2
110510,"R",573726,"A",,"R",114012,"G",12749,"G",3167,"G",12749,"G",3167,2
110529,"R",798219,"A",,"R",56229,"G",17738,"G",1562,"G",17738,"G",1562,2
110538,"R",449370,"A",,"R",36460,"G",14979,"G",1519,"G",14979,"G",1519,2
110547,"R",220442,"A",,"R",65550,"G",7348,"G",2731,"G",7348,"G",2731,2
110556,"R",528384,"A",,"R",66510,"G",17613,"G",2771,"G",17613,"G",2771,2
110565,"R",739449,"A",,"R",94896,"G",24648,"G",3954,"G",24648,"G",3954,2
110574,"R",447348,"A",,"R",121122,"G",9941,"G",3365,"G",9941,"G",3365,2
110583,"R",793473,"A",,"R",115028,"G",26449,"G",4793,"G",26449,"G",4793,2
110592,"R",659625,"A",,"R",160016,"G",14658,"G",4445,"G",14658,"G",4445,2
110608,"R",747212,"A",,"R",108528,"G",24907,"G",4522,"G",24907,"G",4522,2
110617,"R",648435,"A",,"R",108537,"G",21615,"G",4522,"G",21615,"G",4522,2
110635,"R",752993,"A",,"R",220840,"G",25100,"G",9202,"G",25100,"G",9202,2
110644,"R",1072785,"A",,"R",165894,"G",23840,"G",4608,"G",23840,"G",4608,2
110653,"R",1009592,"A",,"R",160688,"G",22435,"G",4464,"G",22435,"G",4464,2
110662,"R",1161004,"A",,"R",364281,"G",25800,"G",10119,"G",25800,"G",10119,2
110671,"R",665141,"A",,"R",80492,"G",14781,"G",2236,"G",14781,"G",2236,2
110680,"R",996026,"A",,"R",169717,"G",22134,"G",4714,"G",22134,"G",4714,2
110699,"A",,"A",,"R",51612,"A",,"G",1434,"A",,"G",1434,2
110705,"R",844875,"A",,"R",114988,"G",18775,"G",3194,"G",18775,"G",3194,2
110714,"R",637575,"A",,"R",53591,"G",14168,"G",1489,"G",14168,"G",1489,2
110778,"A",,"A",,"R",11181,"A",,"G",311,"A",,"G",311,2
110875,"A",,"R",145739,"A",,"G",162,"A",,"R",192,"A",,1
110918,"R",796,"A",,"A",,"G",27,"A",,"R",33,"A",,2
110945,"R",23910,"A",,"A",,"G",797,"A",,"G",797,"A",,2
111009,"R",67831,"A",,"A",,"G",2261,"A",,"G",2261,"A",,2
111054,"A",,"R",237000,"A",,"G",263,"A",,"G",263,"A",,1
111081,"R",25200,"A",,"R",12144,"G",840,"G",506,"R",823,"R",505,2
111188,"R",29645,"A",,"A",,"G",988,"A",,"G",988,"A",,2
111391,"A",,"A",,"R",519,"A",,"G",22,"A",,"G",22,2
111434,"R",71229,"R",8698,"A",,"G",2384,"A",,"G",2384,"A",,3
111461,"R",376259,"R",82769,"A",,"G",12634,"A",,"G",12634,"A",,3
111513,"A",,"R",162102,"A",,"G",180,"A",,"G",180,"A",,1
111638,"A",,"R",618900,"A",,"G",688,"A",,"G",688,"A",,1
111708,"A",,"R",257760,"A",,"G",286,"A",,"G",286,"A",,1
111717,"A",,"R",516335,"A",,"G",574,"A",,"G",574,"A",,1
111726,"A",,"R",409050,"A",,"G",455,"A",,"G",455,"A",,1
111744,"A",,"R",137840,"A",,"G",153,"A",,"G",153,"A",,1
111762,"A",,"R",225360,"A",,"G",250,"A",,"G",250,"A",,1
111771,"A",,"R",199500,"A",,"G",222,"A",,"G",222,"A",,1
111799,"A",,"R",248460,"A",,"G",276,"A",,"G",276,"A",,1
111887,"R",362234,"R",308802,"A",,"G",12418,"A",,"G",12418,"A",,3
111896,"R",63016,"R",49901,"A",,"G",2156,"A",,"G",2156,"A",,3
111920,"R",209945,"R",56056,"A",,"G",7060,"A",,"G",7060,"A",,3
111939,"R",312761,"R",44793,"A",,"G",10475,"A",,"R",14063,"A",,3
111948,"R",122851,"A",,"R",28786,"G",4095,"G",1199,"G",4095,"G",1199,2
111966,"R",7536,"A",,"R",840,"G",251,"G",35,"G",251,"G",35,2
112075,"R",41113,"A",,"R",17194,"G",1370,"G",716,"R",1713,"R",955,2
112084,"R",15605,"A",,"R",764,"G",520,"G",32,"G",520,"G",32,2
112127,"A",,"A",,"R",414,"A",,"G",17,"A",,"G",17,2
112172,"R",227692,"R",12957,"A",,"G",7604,"A",,"G",7604,"A",,3
112190,"R",455568,"R",1522764,"A",,"G",16878,"A",,"G",16878,"A",,3
112251,"A",,"A",,"R",25814,"A",,"G",1076,"A",,"R",1164,2
112260,"R",34428,"A",,"A",,"G",1148,"A",,"G",1148,"A",,2
112288,"A",,"R",392070,"A",,"G",436,"A",,"G",436,"A",,1
112312,"R",4441,"A",,"A",,"G",148,"A",,"G",148,"A",,2
112367,"A",,"R",947302,"A",,"G",1053,"A",,"G",1053,"A",,1
112385,"R",103856,"R",7518,"A",,"G",3470,"A",,"G",3470,"A",,3
112394,"R",6025,"A",,"A",,"G",201,"A",,"G",201,"A",,2
112446,"R",32584,"A",,"R",1075,"G",724,"G",30,"G",724,"G",30,2
112455,"A",,"R",103813,"A",,"G",115,"A",,"G",115,"A",,1
112516,"R",20708,"A",,"A",,"G",690,"A",,"R",334,"A",,2
112525,"A",,"A",,"R",12630,"A",,"G",526,"A",,"R",421,2
112561,"R",44018,"R",15165,"A",,"G",1484,"A",,"G",1484,"A",,3
112570,"R",12804,"A",,"A",,"G",285,"A",,"G",285,"A",,2
112686,"R",59853,"R",35697,"A",,"G",2035,"A",,"G",2035,"A",,3
112783,"A",,"R",993684,"A",,"G",1104,"A",,"G",1104,"A",,1
112826,"R",115115,"R",188973,"A",,"G",4047,"A",,"G",4047,"A",,3
113096,"R",201982,"A",,"A",,"G",6733,"A",,"G",6733,"A",,2
113111,"R",95073,"R",5460,"A",,"G",3175,"A",,"G",3175,"A",,3
113193,"R",204151,"R",23173,"A",,"G",6831,"A",,"G",6831,"A",,3
113218,"R",107902,"R",113172,"A",,"G",3722,"A",,"G",3722,"A",,3
113227,"A",,"R",258912,"A",,"G",288,"A",,"G",288,"A",,1
113236,"R",239684,"R",30655,"A",,"G",8024,"A",,"G",8024,"A",,3
113333,"R",648536,"R",6454,"A",,"G",14419,"A",,"G",14419,"A",,3
113397,"A",,"R",349294,"A",,"G",388,"A",,"R",406,"A",,1
113449,"A",,"R",103803,"A",,"G",115,"A",,"G",115,"A",,1
113537,"R",0,"R",25200,"R",840,"G",28,"G",35,"R",28,"R",28,3
113573,"R",140841,"R",19911,"A",,"G",4717,"A",,"G",4717,"A",,3
113582,"A",,"R",198465,"A",,"G",221,"A",,"G",221,"A",,1
113607,"R",135220,"A",,"R",15484,"G",4507,"G",645,"G",4507,"G",645,2
113634,"R",357755,"R",60486,"A",,"G",11992,"A",,"G",11992,"A",,3
113698,"R",37182,"A",,"R",10801,"G",1239,"G",450,"G",1239,"R",600,2
113704,"R",53,"A",,"R",959,"G",2,"G",40,"G",2,"G",40,2
113856,"R",465484,"R",7552,"A",,"G",15525,"A",,"G",15525,"A",,3
113908,"A",,"R",77710,"A",,"G",86,"A",,"G",86,"A",,1
113980,"R",408081,"R",47710,"A",,"G",13656,"A",,"G",13656,"A",,3
114044,"R",2070,"A",,"A",,"G",69,"A",,"G",69,"A",,2
114062,"A",,"R",184323,"A",,"G",205,"A",,"G",205,"A",,1
114071,"A",,"R",255164,"A",,"G",284,"A",,"G",284,"A",,1
114080,"A",,"R",278798,"A",,"G",310,"A",,"G",310,"A",,1
114114,"A",,"A",,"R",12400,"A",,"G",344,"A",,"G",344,2
114123,"A",,"R",820000,"A",,"G",911,"A",,"G",911,"A",,1
114266,"R",138491,"R",210514,"A",,"G",4850,"A",,"G",4850,"A",,3
114354,"R",171081,"A",,"A",,"G",3802,"A",,"G",3802,"A",,2
114372,"R",3564,"A",,"A",,"G",79,"A",,"G",79,"A",,2
114390,"R",39186,"A",,"A",,"G",871,"A",,"G",871,"A",,2
114415,"R",21771,"A",,"A",,"G",484,"A",,"G",484,"A",,2
114433,"R",36767,"R",336,"A",,"G",1226,"A",,"G",1226,"A",,3
114460,"A",,"R",327121,"A",,"G",363,"A",,"G",363,"A",,1
114549,"A",,"A",,"R",22076,"A",,"G",920,"A",,"G",920,2
114585,"A",,"A",,"R",5616,"A",,"G",234,"A",,"G",234,2
114628,"A",,"R",318400,"A",,"G",354,"A",,"G",354,"A",,1
114716,"R",348444,"R",153992,"A",,"G",7914,"A",,"G",7914,"A",,3
114734,"A",,"A",,"R",864,"A",,"G",36,"A",,"G",36,2
114761,"A",,"R",92645,"A",,"G",103,"A",,"G",103,"A",,1
114789,"R",355552,"R",450737,"A",,"G",12353,"A",,"R",16024,"A",,3
114813,"R",43923,"A",,"R",12531,"G",1464,"G",522,"R",1442,"R",538,2
114840,"A",,"A",,"R",91531,"A",,"G",2543,"A",,"G",2543,2
114859,"R",379546,"R",308896,"A",,"G",12995,"A",,"G",12995,"A",,3
114886,"R",3576,"A",,"A",,"G",119,"A",,"G",119,"A",,2
114895,"R",7704,"A",,"A",,"G",257,"A",,"G",257,"A",,2
114938,"R",77135,"R",115246,"A",,"G",2699,"A",,"G",2699,"A",,3
114947,"R",11465,"R",562056,"A",,"G",1007,"A",,"G",1007,"A",,3
115001,"R",278249,"R",310940,"A",,"G",9620,"A",,"G",9620,"A",,3
115010,"A",,"R",363451,"A",,"G",404,"A",,"G",404,"A",,1
115083,"R",11485,"A",,"R",28536,"G",383,"G",1189,"G",383,"G",1189,2
115126,"R",229074,"R",6155,"A",,"G",7643,"A",,"G",7643,"A",,3
115214,"A",,"A",,"R",8790,"A",,"G",366,"A",,"G",366,2
115296,"R",305835,"R",282008,"A",,"G",10508,"A",,"G",10508,"A",,3
115357,"A",,"R",81637,"A",,"G",91,"A",,"G",91,"A",,1
115393,"R",139394,"R",298470,"A",,"G",4978,"A",,"G",4978,"A",,3
115409,"R",23434,"A",,"A",,"G",781,"A",,"R",736,"A",,2
115454,"R",15461,"A",,"A",,"G",344,"A",,"G",344,"A",,2
115472,"R",23417,"A",,"A",,"G",520,"A",,"G",520,"A",,2
115490,"R",23142,"A",,"A",,"G",514,"A",,"G",514,"A",,2
115515,"R",12834,"A",,"A",,"G",285,"A",,"G",285,"A",,2
115533,"R",23335,"A",,"A",,"G",519,"A",,"G",519,"A",,2
115658,"A",,"R",172067,"A",,"G",191,"A",,"G",191,"A",,1
115728,"R",16380,"A",,"R",6279,"G",546,"G",262,"R",557,"R",345,2
115746,"A",,"A",,"R",16568,"A",,"G",460,"A",,"G",460,2
115755,"R",207209,"A",,"R",18995,"G",6907,"G",791,"G",6907,"G",791,2
115773,"R",42590,"A",,"A",,"G",946,"A",,"G",946,"A",,2
115861,"R",166374,"R",381955,"A",,"G",5970,"A",,"G",5970,"A",,3
115931,"A",,"R",500000,"A",,"G",556,"A",,"G",556,"A",,1
116040,"R",3867,"R",20160,"A",,"G",151,"A",,"G",151,"A",,3
116226,"R",9466,"A",,"A",,"G",210,"A",,"G",210,"A",,2
116350,"A",,"R",64269,"A",,"G",71,"A",,"R",78,"A",,1
116439,"R",176063,"A",,"A",,"G",5869,"A",,"G",5869,"A",,2
116466,"R",45060,"A",,"A",,"G",1001,"A",,"G",1001,"A",,2
116475,"R",63356,"A",,"A",,"G",1408,"A",,"G",1408,"A",,2
116484,"R",30244,"A",,"A",,"G",672,"A",,"G",672,"A",,2
116563,"A",,"R",200149,"A",,"G",222,"A",,"G",222,"A",,1
116624,"A",,"A",,"R",1659,"A",,"G",69,"A",,"G",69,2
116712,"R",10692,"A",,"R",18264,"G",238,"G",507,"G",238,"G",507,2
116846,"R",3456,"A",,"R",2376,"G",115,"G",99,"G",115,"G",99,2
117052,"R",204010,"R",37457,"A",,"G",6842,"A",,"R",9132,"A",,3
117104,"R",14012,"A",,"A",,"G",467,"A",,"G",467,"A",,2
117113,"R",106968,"A",,"A",,"G",2377,"A",,"G",2377,"A",,2
117140,"R",100185,"A",,"R",60588,"G",3340,"G",2525,"G",3340,"G",2525,2
117168,"R",9837,"A",,"R",599,"G",328,"G",25,"G",328,"G",25,2
117195,"R",47857,"R",30126,"A",,"G",1097,"A",,"G",1097,"A",,3
117238,"A",,"R",225182,"A",,"G",250,"A",,"G",250,"A",,1
117247,"R",163305,"R",46471,"A",,"G",5495,"A",,"G",5495,"A",,3
117274,"R",30210,"R",22114,"A",,"G",1032,"A",,"G",1032,"A",,3
117557,"R",2310,"A",,"R",2700,"G",77,"G",113,"G",77,"G",113,2
117575,"R",1617,"A",,"R",3372,"G",54,"G",141,"G",54,"G",141,2
117627,"R",63762,"A",,"R",8509,"G",1417,"G",236,"G",1417,"G",236,2
117636,"R",51815,"A",,"R",46620,"G",1151,"G",1295,"G",1151,"G",1295,2
117645,"R",390974,"R",71629,"A",,"G",13112,"A",,"G",13112,"A",,3
117672,"A",,"A",,"R",4671,"A",,"G",195,"A",,"G",195,2
117690,"R",163153,"R",9802,"A",,"G",5449,"A",,"G",5449,"A",,3
117706,"R",340871,"R",9732,"A",,"G",11373,"A",,"G",11373,"A",,3
117715,"R",101231,"R",1018,"A",,"G",3375,"A",,"G",3375,"A",,3
117724,"R",224115,"R",89298,"A",,"G",7570,"A",,"G",7570,"A",,3
117733,"R",288422,"A",,"A",,"G",9614,"A",,"G",9614,"A",,2
117751,"R",37563,"A",,"R",3594,"G",1252,"G",150,"G",1252,"G",150,2
117788,"R",288837,"R",24546,"A",,"G",9655,"A",,"G",9655,"A",,3
117803,"R",5338,"A",,"A",,"G",178,"A",,"G",178,"A",,2
117867,"R",116856,"R",1607,"A",,"G",3897,"A",,"G",3897,"A",,3
117894,"R",111378,"R",775469,"A",,"G",4574,"A",,"G",4574,"A",,3
117928,"R",75743,"A",,"A",,"G",1683,"A",,"G",1683,"A",,2
117946,"R",173517,"R",0,"R",30123,"G",5784,"G",1255,"G",5784,"G",1255,3
118116,"A",,"R",80081,"A",,"G",89,"A",,"G",89,"A",,1
118125,"A",,"R",33680,"A",,"G",37,"A",,"G",37,"A",,1
118134,"A",,"R",225834,"A",,"G",251,"A",,"G",251,"A",,1
118143,"A",,"R",41005,"A",,"G",46,"A",,"G",46,"A",,1
118161,"A",,"R",1600,"A",,"G",2,"A",,"G",2,"A",,1
118189,"R",8573,"A",,"A",,"G",286,"A",,"R",254,"A",,2
118198,"A",,"R",817544,"A",,"G",908,"A",,"G",908,"A",,1
118259,"R",4481,"A",,"A",,"G",149,"A",,"G",149,"A",,2
118277,"R",62499,"A",,"A",,"G",2083,"A",,"G",2083,"A",,2
118286,"A",,"R",1213920,"A",,"G",1349,"A",,"G",1349,"A",,1
118347,"R",88080,"R",7106,"A",,"G",2944,"A",,"G",2944,"A",,3
118356,"A",,"R",264509,"A",,"G",294,"A",,"G",294,"A",,1
118374,"A",,"R",220517,"A",,"G",245,"A",,"G",245,"A",,1
118383,"A",,"R",268322,"A",,"G",298,"A",,"G",298,"A",,1
118392,"A",,"R",112825,"A",,"G",125,"A",,"G",125,"A",,1
118417,"A",,"R",157819,"A",,"G",175,"A",,"G",175,"A",,1
118426,"A",,"R",129150,"A",,"G",144,"A",,"G",144,"A",,1
118435,"A",,"R",282336,"A",,"G",314,"A",,"G",314,"A",,1
118444,"A",,"R",305315,"A",,"G",339,"A",,"G",339,"A",,1
118453,"A",,"R",367036,"A",,"G",408,"A",,"G",408,"A",,1
118480,"A",,"R",184826,"A",,"G",205,"A",,"G",205,"A",,1
118541,"R",17970,"A",,"A",,"G",599,"A",,"G",599,"A",,2
118684,"R",58138,"R",58494,"A",,"G",2003,"A",,"G",2003,"A",,3
118693,"R",20994,"A",,"A",,"G",700,"A",,"G",700,"A",,2
118709,"A",,"A",,"R",2542,"A",,"G",106,"A",,"G",106,2
118718,"R",163128,"R",301605,"A",,"G",5773,"A",,"G",5773,"A",,3
118772,"R",105090,"R",58948,"A",,"G",3568,"A",,"G",3568,"A",,3
118888,"R",25346,"A",,"R",11477,"G",845,"G",478,"G",845,"G",478,2
118912,"R",177352,"R",81100,"A",,"G",6002,"A",,"R",6002,"A",,3
118921,"A",,"R",106908,"A",,"G",119,"A",,"G",119,"A",,1
118930,"R",127910,"R",3679,"A",,"G",4268,"A",,"G",4268,"A",,3
118958,"A",,"R",84270,"A",,"G",94,"A",,"G",94,"A",,1
118967,"R",5825,"A",,"A",,"G",194,"A",,"G",194,"A",,2
118976,"R",312190,"R",290882,"A",,"G",10730,"A",,"G",10730,"A",,3
118994,"A",,"R",28500,"A",,"G",32,"A",,"G",32,"A",,1
119058,"R",425,"A",,"R",24929,"G",14,"G",1039,"G",14,"G",1039,2
119067,"R",113434,"R",135452,"A",,"G",3932,"A",,"G",3932,"A",,3
119137,"R",289755,"R",7998,"A",,"G",9667,"A",,"G",9667,"A",,3
119164,"R",505899,"R",590221,"A",,"G",17519,"A",,"G",17519,"A",,3
119173,"R",48446,"A",,"R",7760,"G",1615,"G",323,"G",1615,"G",323,2
119216,"R",221772,"R",1642,"A",,"G",7394,"A",,"R",9672,"A",,3
119234,"R",7516,"R",92408,"A",,"G",270,"A",,"R",328,"A",,3
119270,"R",32541,"A",,"A",,"G",723,"A",,"G",723,"A",,2
119331,"R",109315,"R",26805,"A",,"G",3674,"A",,"G",3674,"A",,3
119340,"A",,"R",641680,"A",,"G",713,"A",,"R",885,"A",,1
119359,"A",,"R",588289,"A",,"G",654,"A",,"R",809,"A",,1
119368,"A",,"R",422480,"A",,"G",469,"A",,"R",587,"A",,1
119438,"A",,"R",513280,"A",,"G",570,"A",,"G",570,"A",,1
119456,"A",,"R",564440,"A",,"G",627,"A",,"R",778,"A",,1
119465,"R",974,"R",702918,"A",,"G",813,"A",,"G",813,"A",,3
119508,"A",,"R",655480,"A",,"G",728,"A",,"R",917,"A",,1
119544,"R",8709,"A",,"R",1574,"G",290,"G",66,"G",290,"G",66,2
119553,"R",23292,"A",,"A",,"G",776,"A",,"G",776,"A",,2
119605,"R",163000,"A",,"R",367890,"G",5433,"G",15329,"G",5433,"G",15329,2
119711,"R",12708,"A",,"R",8199,"G",424,"G",342,"G",424,"G",342,2
119775,"R",8864,"A",,"R",8091,"G",197,"G",225,"G",197,"G",225,2
119827,"A",,"R",206653,"A",,"G",230,"A",,"G",230,"A",,1
119845,"A",,"R",267788,"A",,"G",298,"A",,"G",298,"A",,1
119951,"A",,"R",134500,"A",,"G",149,"A",,"G",149,"A",,1
120069,"A",,"R",262259,"A",,"G",291,"A",,"G",291,"A",,1
120078,"A",,"R",561994,"A",,"G",624,"A",,"G",624,"A",,1
120087,"A",,"R",168838,"A",,"G",188,"A",,"G",188,"A",,1
120166,"R",4001,"A",,"R",8521,"G",133,"G",355,"G",133,"G",355,2
120184,"R",22665,"A",,"R",10835,"G",756,"G",451,"G",756,"G",451,2
120254,"R",57007,"A",,"R",657,"G",1900,"G",27,"R",1793,"R",17,2
120272,"A",,"R",185754,"A",,"G",206,"A",,"R",117,"A",,1
120290,"R",155034,"R",62074,"A",,"G",5237,"A",,"G",5237,"A",,3
120342,"R",435806,"A",,"A",,"G",14527,"A",,"G",14527,"A",,2
120403,"R",33877,"A",,"R",1169,"G",1129,"G",49,"G",1129,"G",49,2
120421,"R",106247,"R",8214,"A",,"G",3551,"A",,"G",3551,"A",,3
120537,"R",17040,"A",,"R",4308,"G",568,"G",180,"G",568,"G",180,2
120661,"A",,"R",420025,"A",,"G",467,"A",,"G",467,"A",,1
120698,"R",192,"A",,"R",11820,"G",4,"G",328,"G",4,"G",328,2
120740,"A",,"A",,"R",241,"A",,"G",10,"A",,"G",10,2
120768,"R",4079,"A",,"R",10985,"G",136,"G",458,"G",136,"G",458,2
120795,"A",,"A",,"R",822,"A",,"G",34,"A",,"G",34,2
120838,"R",4164,"A",,"R",3920,"G",93,"G",109,"G",93,"G",109,2
120865,"R",60816,"A",,"R",218,"G",1351,"G",6,"G",1351,"G",6,2
120883,"R",114265,"A",,"R",14416,"G",3809,"G",601,"G",3809,"G",601,2
120953,"R",37422,"R",178857,"A",,"G",1446,"A",,"G",1446,"A",,3
120971,"R",450502,"R",60571,"A",,"G",15084,"A",,"G",15084,"A",,3
121008,"A",,"R",257023,"A",,"G",286,"A",,"G",286,"A",,1
121017,"A",,"R",256263,"A",,"G",285,"A",,"G",285,"A",,1
121044,"R",497880,"R",172312,"A",,"G",16787,"A",,"G",16787,"A",,3
121071,"R",16780,"A",,"R",976,"G",559,"G",41,"G",559,"G",41,2
121150,"R",98528,"A",,"R",76610,"G",3284,"G",3192,"G",3284,"G",3192,2
121257,"R",28054,"A",,"A",,"G",935,"A",,"R",877,"A",,2
121275,"R",14670,"A",,"A",,"G",489,"A",,"G",489,"A",,2
121309,"R",71611,"A",,"R",31328,"G",2387,"G",1305,"G",2387,"G",1305,2
121345,"R",47000,"A",,"A",,"G",1567,"A",,"G",1567,"A",,2
121363,"R",64414,"R",57868,"A",,"G",2211,"A",,"G",2211,"A",,3
121381,"A",,"R",419304,"A",,"G",466,"A",,"G",466,"A",,1
121433,"A",,"R",117476,"A",,"G",131,"A",,"G",131,"A",,1
121619,"R",292779,"R",1135667,"A",,"G",11021,"A",,"G",11021,"A",,3
121628,"A",,"A",,"R",3406,"A",,"G",95,"A",,"G",95,2
121691,"R",82267,"A",,"R",28734,"G",2742,"G",1197,"G",2742,"G",1197,2
121707,"R",94129,"A",,"A",,"G",3138,"A",,"G",3138,"A",,2
121859,"A",,"R",122262,"A",,"G",136,"A",,"G",136,"A",,1
121868,"A",,"R",93980,"A",,"G",104,"A",,"G",104,"A",,1
121877,"A",,"R",138307,"A",,"G",154,"A",,"G",154,"A",,1
121886,"R",255841,"R",383633,"A",,"G",8954,"A",,"G",8954,"A",,3
121901,"R",522574,"R",62854,"A",,"G",17489,"A",,"G",17489,"A",,3
121983,"R",1743,"A",,"R",12477,"G",58,"G",520,"G",58,"G",520,2
121992,"A",,"R",193200,"A",,"G",215,"A",,"R",228,"A",,1
122117,"Z",,"A",,"R",5955,"A",,"G",165,"A",,"G",165,2
122180,"R",358874,"A",,"A",,"G",11962,"A",,"G",11962,"A",,2
122205,"R",333763,"R",146040,"A",,"G",11288,"A",,"G",11288,"A",,3
122287,"A",,"A",,"R",3348,"A",,"G",93,"A",,"G",93,2
122296,"R",13371,"A",,"R",18265,"G",446,"G",761,"G",446,"G",761,2
122339,"R",224741,"R",12226,"A",,"G",7505,"A",,"G",7505,"A",,3
122366,"R",8289,"A",,"A",,"G",276,"A",,"G",276,"A",,2
122375,"R",344580,"R",4322,"A",,"G",11491,"A",,"G",11491,"A",,3
122384,"R",147959,"R",25050,"A",,"G",4960,"A",,"G",4960,"A",,3
122409,"R",753538,"A",,"R",89196,"G",25118,"G",3717,"G",25118,"G",3717,2
122436,"R",144609,"A",,"R",33067,"G",4820,"G",1378,"G",4820,"G",1378,2
122454,"R",10971,"A",,"R",6624,"G",366,"G",276,"G",366,"G",276,2
122506,"R",7230,"A",,"R",4710,"G",241,"G",196,"G",241,"G",196,2
122597,"R",675998,"A",,"R",101756,"G",22533,"G",4240,"G",22533,"G",4240,2
122603,"A",,"A",,"R",4614,"A",,"G",192,"A",,"R",256,2
122612,"R",161598,"A",,"R",45611,"G",5387,"G",1900,"G",5387,"G",1900,2
122658,"R",334231,"R",44020,"A",,"G",11190,"A",,"G",11190,"A",,3
122685,"A",,"R",868253,"A",,"G",965,"A",,"G",965,"A",,1
122694,"A",,"R",653676,"A",,"G",726,"A",,"G",726,"A",,1
122728,"R",14914,"A",,"R",143,"G",497,"G",6,"G",497,"G",6,2
122746,"R",147600,"R",19343,"A",,"G",4941,"A",,"G",4941,"A",,3
122755,"R",617744,"A",,"R",144030,"G",20591,"G",6001,"G",20591,"G",6001,2
122791,"R",164394,"R",3323,"A",,"G",5483,"A",,"G",5483,"A",,3
122834,"R",20265,"A",,"A",,"G",676,"A",,"G",676,"A",,2
122843,"A",,"R",575328,"A",,"G",639,"A",,"G",639,"A",,1
122852,"R",8430,"A",,"A",,"G",281,"A",,"G",281,"A",,2
122889,"R",309341,"R",193196,"A",,"G",10526,"A",,"R",13179,"A",,3
122931,"R",257275,"A",,"R",49216,"G",5717,"G",1367,"G",5717,"G",1367,2
122977,"R",530161,"R",35436,"A",,"G",17711,"A",,"G",17711,"A",,3
123013,"R",382323,"R",81598,"A",,"G",12835,"A",,"G",12835,"A",,3
123095,"A",,"A",,"R",5408,"A",,"G",225,"A",,"R",503,2
123165,"R",29130,"A",,"R",612,"G",971,"G",26,"R",866,"R",25,2
123208,"A",,"R",1156615,"A",,"G",1285,"A",,"G",1285,"A",,1
123217,"R",189575,"R",29776,"A",,"G",6352,"A",,"G",6352,"A",,3
123280,"R",1739,"A",,"R",289,"G",58,"G",12,"G",58,"G",12,2
123299,"R",159864,"R",10390,"A",,"G",5340,"A",,"G",5340,"A",,3
123341,"R",330921,"R",40,"A",,"G",11031,"A",,"G",11031,"A",,3
123350,"A",,"R",72000,"A",,"G",80,"A",,"G",80,"A",,1
123396,"A",,"R",155000,"A",,"G",172,"A",,"G",172,"A",,1
123457,"R",23178,"A",,"R",3114,"G",773,"G",130,"G",773,"G",130,2
123484,"R",39313,"R",46881,"A",,"G",1363,"A",,"R",1363,"A",,3
123493,"A",,"R",837359,"A",,"G",930,"A",,"G",930,"A",,1
123509,"R",134787,"A",,"A",,"G",4493,"A",,"G",4493,"A",,2
123527,"R",204378,"R",9994,"A",,"G",6824,"A",,"G",6824,"A",,3
123554,"R",74678,"A",,"R",15520,"G",2489,"G",647,"R",2500,"R",784,2
123563,"R",207860,"R",20779,"A",,"G",6952,"A",,"G",6952,"A",,3
123572,"R",214188,"A",,"R",24512,"G",7140,"G",1021,"G",7140,"G",1021,2
123581,"A",,"R",53280,"A",,"G",59,"A",,"G",59,"A",,1
123633,"R",10512,"A",,"R",20322,"G",234,"G",565,"G",234,"G",565,2
123642,"A",,"R",273600,"A",,"G",304,"A",,"G",304,"A",,1
123651,"R",53075,"A",,"R",6437,"G",1769,"G",268,"G",1769,"G",268,2
123679,"A",,"R",531792,"A",,"G",591,"A",,"G",591,"A",,1
123800,"R",447139,"R",342744,"A",,"G",15285,"A",,"G",15285,"A",,3
123855,"A",,"A",,"R",158,"A",,"G",7,"A",,"G",7,2
123916,"A",,"A",,"R",149,"A",,"G",6,"A",,"G",6,2
123952,"Z",,"R",219000,"R",7130,"G",243,"G",297,"R",243,"R",297,1
123961,"R",535611,"A",,"R",251046,"G",17854,"G",10460,"G",17854,"G",10460,2
124113,"R",47813,"R",400404,"A",,"G",2039,"A",,"G",2039,"A",,3
124283,"A",,"A",,"R",4963,"A",,"G",207,"A",,"G",207,2
124292,"R",12731,"A",,"A",,"G",424,"A",,"G",424,"A",,2
124344,"A",,"R",71753,"A",,"G",80,"A",,"G",80,"A",,1
124487,"R",5532,"A",,"A",,"G",123,"A",,"G",123,"A",,2
124681,"R",89040,"A",,"A",,"G",2968,"A",,"R",3710,"A",,2
124706,"A",,"R",690417,"A",,"G",767,"A",,"G",767,"A",,1
124779,"A",,"R",59500,"A",,"G",66,"A",,"G",66,"A",,1
124919,"A",,"R",15000,"A",,"G",17,"A",,"G",17,"A",,1
124937,"A",,"R",609050,"A",,"G",677,"A",,"G",677,"A",,1
125028,"R",204718,"R",14172,"A",,"G",6840,"A",,"G",6840,"A",,3
125082,"A",,"R",200619,"A",,"G",223,"A",,"G",223,"A",,1
125091,"R",192553,"R",43966,"A",,"G",6467,"A",,"G",6467,"A",,3
125170,"R",61656,"A",,"A",,"G",2055,"A",,"G",2055,"A",,2
125231,"R",34704,"A",,"R",604449,"G",1157,"G",25185,"G",1157,"G",25185,2
125301,"A",,"R",1612800,"A",,"G",1792,"A",,"G",1792,"A",,1
125462,"R",43892,"R",7920,"A",,"G",1472,"A",,"G",1472,"A",,3
125471,"R",153542,"R",4574,"A",,"G",5123,"A",,"G",5123,"A",,3
125499,"R",170540,"R",14323,"A",,"G",5701,"A",,"G",5701,"A",,3
125532,"R",57690,"A",,"A",,"G",1923,"A",,"G",1923,"A",,2
125718,"A",,"A",,"R",886,"A",,"G",37,"A",,"G",37,2
125727,"R",39706,"A",,"R",410,"G",1324,"G",17,"G",1324,"G",17,2
125763,"R",31757,"A",,"R",2089,"G",1059,"G",87,"G",1059,"G",87,2
125897,"R",37216,"A",,"R",3967,"G",1241,"G",165,"G",1241,"G",165,2
126012,"A",,"A",,"R",10140,"A",,"G",423,"A",,"R",338,2
126076,"R",3690,"A",,"A",,"G",123,"A",,"G",123,"A",,2
126119,"R",98752,"R",2183500,"A",,"G",5718,"A",,"G",5718,"A",,3
126164,"R",2044,"A",,"A",,"G",68,"A",,"G",68,"A",,2
126182,"R",62129,"A",,"R",47872,"G",2071,"G",1995,"G",2071,"G",1995,2
126207,"R",91502,"A",,"A",,"G",3050,"A",,"G",3050,"A",,2
126289,"R",130680,"A",,"A",,"G",4356,"A",,"G",4356,"A",,2
126359,"R",34048,"A",,"A",,"G",757,"A",,"R",608,"A",,2
126401,"R",18057,"R",57550,"A",,"G",465,"A",,"G",465,"A",,3
126410,"A",,"R",195000,"A",,"G",217,"A",,"G",217,"A",,1
126562,"R",245028,"A",,"R",112705,"G",8168,"G",4696,"G",8168,"G",4696,2
126580,"R",170280,"A",,"R",35594,"G",5676,"G",1483,"G",5676,"G",1483,2
126605,"A",,"R",552036,"A",,"G",613,"A",,"G",613,"A",,1
126614,"R",752380,"A",,"R",65816,"G",25079,"G",2742,"G",25079,"G",2742,2
126669,"R",29791,"A",,"R",11612,"G",993,"G",484,"G",993,"G",484,2
126678,"R",82432,"A",,"R",4016,"G",2748,"G",167,"R",2036,"R",21,2
126687,"A",,"R",521795,"A",,"G",580,"A",,"G",580,"A",,1
126702,"R",101163,"A",,"A",,"G",2248,"A",,"G",2248,"A",,2
126711,"R",86399,"A",,"A",,"G",2880,"A",,"G",2880,"A",,2
126748,"R",21576,"A",,"A",,"G",719,"A",,"G",719,"A",,2
126775,"R",100622,"A",,"R",14059,"G",3354,"G",586,"G",3354,"G",586,2
126784,"R",3720,"A",,"A",,"G",124,"A",,"G",124,"A",,2
126818,"R",600297,"A",,"R",92713,"G",20010,"G",3863,"G",20010,"G",3863,2
126827,"R",57983,"A",,"R",14591,"G",1289,"G",405,"G",1289,"G",405,2
126854,"R",3120,"A",,"A",,"G",104,"A",,"G",104,"A",,2
126863,"R",96837,"A",,"A",,"G",3228,"A",,"G",3228,"A",,2
126872,"R",8125,"A",,"A",,"G",271,"A",,"G",271,"A",,2
126915,"R",8675,"A",,"A",,"G",289,"A",,"G",289,"A",,2
126924,"R",11200,"A",,"A",,"G",249,"A",,"G",249,"A",,2
126942,"R",159128,"A",,"A",,"G",5304,"A",,"G",5304,"A",,2
126951,"R",35750,"A",,"A",,"G",1192,"A",,"R",650,"A",,2
126979,"A",,"A",,"R",8405,"A",,"G",350,"A",,"G",350,2
127024,"Z",,"R",3136064,"R",284,"G",3485,"G",8,"G",3485,"G",8,1
127060,"R",233295,"A",,"R",133207,"G",5184,"G",3700,"G",5184,"G",3700,2
127158,"R",66728,"A",,"A",,"G",2224,"A",,"G",2224,"A",,2
127185,"R",111567,"A",,"A",,"G",3719,"A",,"G",3719,"A",,2
127200,"R",289164,"A",,"A",,"G",9639,"A",,"G",9639,"A",,2
127219,"R",1983,"A",,"A",,"G",66,"A",,"G",66,"A",,2
127228,"R",4950,"A",,"A",,"G",165,"A",,"G",165,"A",,2
127273,"A",,"A",,"R",2197,"A",,"G",61,"A",,"G",61,2
127316,"R",7890,"A",,"A",,"G",263,"A",,"G",263,"A",,2
127389,"R",20558,"A",,"A",,"G",685,"A",,"G",685,"A",,2
127556,"R",145528,"A",,"R",1314,"G",4851,"G",55,"G",4851,"G",55,2
127565,"R",455261,"A",,"A",,"G",15175,"A",,"G",15175,"A",,2
127617,"R",30607,"A",,"A",,"G",1020,"A",,"G",1020,"A",,2
127653,"R",12554,"A",,"R",11287,"G",418,"G",470,"R",426,"R",471,2
127680,"R",11580,"A",,"A",,"G",257,"A",,"G",257,"A",,2
127699,"R",5847,"A",,"A",,"G",130,"A",,"G",130,"A",,2
127714,"R",12721,"A",,"A",,"G",424,"A",,"G",424,"A",,2
127732,"R",35246,"A",,"A",,"G",1175,"A",,"G",1175,"A",,2
127741,"R",301631,"A",,"R",42238,"G",10054,"G",1760,"G",10054,"G",1760,2
127778,"R",39050,"A",,"A",,"G",1302,"A",,"G",1302,"A",,2
127787,"R",5905,"R",134960,"A",,"G",281,"A",,"G",281,"A",,3
127820,"R",202791,"A",,"A",,"G",6760,"A",,"G",6760,"A",,2
127839,"A",,"R",262800,"A",,"G",292,"A",,"G",292,"A",,1
127884,"R",104859,"A",,"A",,"G",3495,"A",,"G",3495,"A",,2
127909,"R",126500,"A",,"A",,"G",4217,"A",,"G",4217,"A",,2
127918,"R",137662,"A",,"R",81100,"G",4589,"G",3379,"G",4589,"G",3379,2
127945,"R",12773,"A",,"A",,"G",426,"A",,"G",426,"A",,2
127954,"A",,"R",25200,"R",988,"G",28,"G",41,"R",28,"R",52,1
128036,"R",6909,"R",161799,"A",,"G",410,"A",,"R",410,"A",,3
128106,"R",119270,"A",,"R",16216,"G",3976,"G",676,"G",3976,"G",676,2
128151,"R",46795,"A",,"A",,"G",1560,"A",,"G",1560,"A",,2
128179,"R",12032,"A",,"A",,"G",401,"A",,"G",401,"A",,2
128188,"R",24012,"A",,"A",,"G",800,"A",,"G",800,"A",,2
128203,"R",3317,"A",,"A",,"G",111,"A",,"G",111,"A",,2
128258,"R",39023,"A",,"A",,"G",1301,"A",,"G",1301,"A",,2
128328,"R",162110,"A",,"A",,"G",5404,"A",,"G",5404,"A",,2
128337,"R",6935,"A",,"A",,"G",231,"A",,"G",231,"A",,2
128391,"R",57540,"A",,"A",,"G",1918,"A",,"G",1918,"A",,2
128425,"R",240,"A",,"R",150,"G",8,"G",6,"G",8,"G",6,2
128498,"R",48475,"A",,"R",9005,"G",1616,"G",375,"R",1616,"R",500,2
128540,"A",,"R",95417,"A",,"G",106,"A",,"R",106,"A",,1
128577,"R",26576,"A",,"A",,"G",886,"A",,"G",886,"A",,2
128586,"R",1560,"A",,"A",,"G",52,"A",,"G",52,"A",,2
128674,"R",2363,"A",,"A",,"G",79,"A",,"G",79,"A",,2
128683,"R",14081,"A",,"A",,"G",469,"A",,"R",587,"A",,2
128726,"R",6924,"A",,"A",,"G",231,"A",,"G",231,"A",,2
128744,"R",42849,"A",,"R",55897,"G",1428,"G",2329,"G",1428,"G",2329,2
128762,"R",13080,"A",,"A",,"G",436,"A",,"G",436,"A",,2
128771,"R",244690,"A",,"R",35311,"G",8156,"G",1471,"G",8156,"G",1471,2
128780,"R",19120,"A",,"A",,"G",637,"A",,"G",637,"A",,2
128896,"R",7552,"A",,"A",,"G",168,"A",,"R",209,"A",,2
128902,"R",61252,"A",,"R",272,"G",2042,"G",11,"G",2042,"G",11,2
128957,"A",,"R",175147,"A",,"G",195,"A",,"G",195,"A",,1
129002,"R",12000,"A",,"A",,"G",267,"A",,"G",267,"A",,2
129020,"R",488686,"A",,"R",122962,"G",16290,"G",5123,"G",16290,"G",5123,2
129154,"R",39080,"A",,"A",,"G",1303,"A",,"G",1303,"A",,2
129181,"R",50300,"A",,"A",,"G",1677,"A",,"G",1677,"A",,2
129215,"R",130195,"A",,"R",4707,"G",4340,"G",196,"G",4340,"G",196,2
129242,"R",128764,"A",,"R",16508,"G",4292,"G",688,"G",4292,"G",688,2
129349,"A",,"R",385800,"A",,"G",429,"A",,"R",258,"A",,1
129367,"R",57425,"A",,"A",,"G",1914,"A",,"R",3828,"A",,2
129428,"A",,"A",,"R",9603,"A",,"G",400,"A",,"G",400,2
129446,"R",1212,"A",,"A",,"G",40,"A",,"G",40,"A",,2
129482,"R",8418,"A",,"A",,"G",281,"A",,"G",281,"A",,2
129525,"R",157957,"A",,"R",28681,"G",5265,"G",1195,"G",5265,"G",1195,2
129534,"R",695,"A",,"R",1648,"G",23,"G",69,"G",23,"G",69,2
129543,"R",77318,"A",,"A",,"G",2577,"A",,"G",2577,"A",,2
129613,"R",62350,"A",,"A",,"G",1386,"A",,"R",1250,"A",,2
129640,"A",,"R",39600,"A",,"G",44,"A",,"G",44,"A",,1
129686,"R",3540,"A",,"R",39,"G",118,"G",2,"G",118,"G",2,2
129695,"R",114289,"A",,"A",,"G",3810,"A",,"G",3810,"A",,2
129729,"R",91382,"A",,"A",,"G",3046,"A",,"R",3279,"A",,2
129756,"R",42887,"A",,"A",,"G",1430,"A",,"G",1430,"A",,2
129774,"R",22145,"A",,"A",,"G",738,"A",,"G",738,"A",,2
129808,"R",64984,"A",,"A",,"G",2166,"A",,"G",2166,"A",,2
129880,"A",,"R",24505,"A",,"G",27,"A",,"G",27,"A",,1
129923,"R",27525,"A",,"A",,"G",918,"A",,"G",918,"A",,2
129932,"A",,"R",345718,"A",,"G",384,"A",,"G",384,"A",,1
129941,"R",80315,"A",,"R",36376,"G",2677,"G",1516,"G",2677,"G",1516,2
129969,"R",6271,"A",,"A",,"G",209,"A",,"G",209,"A",,2
130004,"R",105645,"A",,"A",,"G",3522,"A",,"G",3522,"A",,2
130040,"R",24138,"A",,"A",,"G",805,"A",,"G",805,"A",,2
130110,"R",6838,"A",,"A",,"G",228,"A",,"G",228,"A",,2
130129,"A",,"R",112710,"A",,"G",125,"A",,"G",125,"A",,1
130174,"R",75060,"A",,"A",,"G",1668,"A",,"G",1668,"A",,2
130183,"R",35760,"A",,"R",954,"G",1192,"G",40,"G",1192,"G",40,2
130217,"R",29348,"A",,"A",,"G",978,"A",,"G",978,"A",,2
130226,"R",173557,"A",,"R",24237,"G",5785,"G",1010,"G",5785,"G",1010,2
130253,"R",110213,"A",,"R",30625,"G",3674,"G",1276,"G",3674,"G",1276,2
130271,"R",467,"A",,"A",,"G",16,"A",,"G",16,"A",,2
130314,"R",26040,"A",,"R",11202,"G",868,"G",467,"G",868,"G",467,2
130396,"R",101856,"A",,"A",,"G",3395,"A",,"G",3395,"A",,2
130448,"R",8713,"A",,"A",,"G",290,"A",,"G",290,"A",,2
130493,"R",224197,"A",,"R",55367,"G",7473,"G",2307,"G",7473,"G",2307,2
130509,"R",13611,"A",,"A",,"G",454,"A",,"G",454,"A",,2
130581,"A",,"A",,"R",4741,"A",,"G",198,"A",,"G",198,2
130590,"R",68309,"A",,"R",2190,"G",2277,"G",91,"G",2277,"G",91,2
130606,"R",64425,"A",,"A",,"G",2148,"A",,"G",2148,"A",,2
130624,"R",34825,"A",,"A",,"G",1161,"A",,"R",995,"A",,2
130697,"R",96832,"A",,"R",5970,"G",3228,"G",249,"R",3026,"R",187,2
130776,"R",75567,"A",,"R",4948,"G",2519,"G",206,"G",2519,"G",206,2
130785,"A",,"A",,"R",432,"A",,"G",12,"A",,"G",12,2
130794,"R",196942,"A",,"R",113328,"G",6565,"G",4722,"G",6565,"G",4722,2
130837,"A",,"R",55284,"A",,"G",61,"A",,"R",55,"A",,1
130873,"R",18540,"A",,"A",,"G",618,"A",,"G",618,"A",,2
130891,"R",79512,"A",,"A",,"G",2650,"A",,"G",2650,"A",,2
130907,"R",58905,"A",,"A",,"G",1964,"A",,"G",1964,"A",,2
130916,"R",145034,"A",,"A",,"G",4834,"A",,"G",4834,"A",,2
130934,"R",81340,"A",,"R",7995,"G",2711,"G",333,"G",2711,"G",333,2
130943,"R",495013,"A",,"R",50819,"G",16500,"G",2117,"G",16500,"G",2117,2
130989,"R",27001,"A",,"R",5974,"G",900,"G",249,"G",900,"G",249,2
131061,"A",,"R",193918,"A",,"G",215,"A",,"G",215,"A",,1
131098,"R",63686,"A",,"R",3000,"G",2123,"G",125,"G",2123,"G",125,2
131113,"R",113387,"A",,"R",62001,"G",3780,"G",2583,"G",3780,"G",2583,2
131159,"R",180127,"A",,"R",58121,"G",6004,"G",2422,"R",5811,"R",2906,2
131283,"R",95486,"A",,"R",30522,"G",3183,"G",1272,"G",3183,"G",1272,2
131308,"R",11019,"A",,"R",2427,"G",367,"G",101,"G",367,"G",101,2
131399,"R",109796,"A",,"R",3241,"G",3660,"G",135,"R",7320,"R",270,2
131405,"A",,"A",,"R",435,"A",,"G",18,"A",,"G",18,2
131450,"R",32600,"A",,"R",8594,"G",1087,"G",358,"G",1087,"G",358,2
131469,"R",315912,"A",,"R",176776,"G",10530,"G",7366,"G",10530,"G",7366,2
131496,"R",206502,"A",,"R",83114,"G",6883,"G",3463,"G",6883,"G",3463,2
131520,"R",212782,"A",,"R",37089,"G",7093,"G",1545,"G",7093,"G",1545,2
131566,"A",,"R",150000,"A",,"G",167,"A",,"G",167,"A",,1
131742,"A",,"R",1190760,"A",,"G",1323,"A",,"G",1323,"A",,1
131788,"R",16466,"A",,"R",5676,"G",366,"G",158,"G",366,"G",158,2
131803,"R",701420,"A",,"R",202784,"G",15587,"G",5633,"G",15587,"G",5633,2
131830,"R",1335,"A",,"A",,"G",45,"A",,"G",45,"A",,2
131876,"R",21839,"A",,"R",12054,"G",728,"G",502,"G",728,"G",502,2
131973,"A",,"A",,"R",1355,"A",,"G",56,"A",,"G",56,2
132268,"A",,"R",596000,"A",,"G",662,"A",,"R",827,"A",,1
132338,"R",123516,"A",,"A",,"G",2745,"A",,"G",2745,"A",,2
132374,"A",,"R",1298700,"A",,"G",1443,"A",,"G",1443,"A",,1
132408,"R",13450,"A",,"A",,"G",448,"A",,"G",448,"A",,2
132471,"R",146539,"A",,"R",84870,"G",4885,"G",3536,"G",4885,"G",3536,2
132523,"A",,"A",,"R",989,"A",,"G",41,"A",,"G",41,2
132602,"R",46794,"A",,"R",366,"G",1560,"G",15,"G",1560,"G",15,2
132657,"R",68280,"A",,"R",7260,"G",2276,"G",303,"G",2276,"G",303,2
132666,"A",,"R",133308,"A",,"G",148,"A",,"G",148,"A",,1
132675,"A",,"R",146640,"A",,"G",163,"A",,"G",163,"A",,1
132693,"R",261344,"R",1086139,"A",,"G",9918,"A",,"G",9918,"A",,3
132709,"R",628789,"R",593061,"A",,"G",21619,"A",,"G",21619,"A",,3
132806,"R",16507,"A",,"A",,"G",550,"A",,"G",550,"A",,2
132842,"R",7118,"A",,"R",7277,"G",237,"G",303,"G",237,"G",303,2
132851,"R",112847,"R",427349,"A",,"G",4236,"A",,"G",4236,"A",,3
132879,"R",6412,"A",,"A",,"G",214,"A",,"G",214,"A",,2
132903,"R",1072073,"A",,"R",117225,"G",35736,"G",4884,"G",35736,"G",4884,2
132976,"A",,"R",1194000,"A",,"G",1327,"A",,"G",1327,"A",,1
133021,"R",38427,"R",180963,"A",,"G",1482,"A",,"G",1482,"A",,3
133085,"R",17864,"A",,"A",,"G",595,"A",,"G",595,"A",,2
133155,"A",,"R",949545,"A",,"G",1055,"A",,"G",1055,"A",,1
133386,"R",228531,"R",1116453,"A",,"G",8858,"A",,"G",8858,"A",,3
133465,"R",29649,"A",,"R",651,"G",659,"G",18,"G",659,"G",18,2
133492,"R",75065,"A",,"A",,"G",2502,"A",,"G",2502,"A",,2
133508,"R",212424,"R",5250,"A",,"G",7087,"A",,"G",7087,"A",,3
133526,"R",23165,"A",,"A",,"G",772,"A",,"G",772,"A",,2
133553,"R",134411,"A",,"R",5817,"G",4480,"G",242,"G",4480,"G",242,2
133650,"R",285526,"A",,"R",20236,"G",9518,"G",843,"G",9518,"G",843,2
133669,"R",510604,"A",,"R",73003,"G",17020,"G",3042,"G",17020,"G",3042,2
133702,"R",476627,"R",1666267,"A",,"G",17739,"A",,"G",17739,"A",,3
133711,"R",87653,"A",,"A",,"G",2922,"A",,"G",2922,"A",,2
133809,"R",7459,"A",,"A",,"G",249,"A",,"G",249,"A",,2
133845,"A",,"R",478579,"A",,"G",532,"A",,"G",532,"A",,1
133854,"A",,"R",271845,"A",,"G",302,"A",,"G",302,"A",,1
133863,"A",,"R",311283,"A",,"G",346,"A",,"G",346,"A",,1
133872,"R",49913,"A",,"A",,"G",1664,"A",,"R",1973,"A",,2
133881,"R",72706,"A",,"R",33635,"G",2424,"G",1401,"G",2424,"G",1401,2
133942,"A",,"R",114912,"A",,"G",128,"A",,"G",128,"A",,1
133951,"R",843247,"A",,"R",120464,"G",28108,"G",5019,"G",28108,"G",5019,2
133960,"R",19617,"R",35878,"A",,"G",694,"A",,"G",694,"A",,3
133979,"R",47939,"A",,"R",2094,"G",1598,"G",87,"G",1598,"G",87,2
133997,"R",309792,"A",,"A",,"G",6884,"A",,"G",6884,"A",,2
134079,"R",56344,"A",,"R",1559,"G",1878,"G",65,"G",1878,"G",65,2
134097,"R",925347,"A",,"R",156467,"G",30845,"G",6519,"R",23134,"R",4890,2
134112,"R",61347,"A",,"A",,"G",2045,"A",,"G",2045,"A",,2
134121,"R",7235,"A",,"A",,"G",241,"A",,"G",241,"A",,2
134130,"R",1042925,"A",,"R",341753,"G",34764,"G",14240,"G",34764,"G",14240,2
134149,"R",80760,"R",50844,"R",8592,"G",1851,"G",239,"R",1963,"R",358,3
134228,"A",,"R",36900,"A",,"G",41,"A",,"G",41,"A",,1
134237,"R",343000,"A",,"A",,"G",11433,"A",,"G",11433,"A",,2
134291,"A",,"R",516944,"A",,"G",574,"A",,"G",574,"A",,1
134307,"A",,"R",156600,"A",,"G",174,"A",,"G",174,"A",,1
134343,"R",115980,"R",402974,"A",,"G",4314,"A",,"G",4314,"A",,3
134422,"A",,"R",100692,"A",,"G",112,"A",,"R",106,"A",,1
134495,"R",423404,"R",1750217,"A",,"G",16058,"A",,"G",16058,"A",,3
134510,"R",3174,"A",,"A",,"G",106,"A",,"G",106,"A",,2
134574,"A",,"R",128448,"A",,"G",143,"A",,"G",143,"A",,1
134608,"R",232767,"R",1875330,"A",,"G",9843,"A",,"G",9843,"A",,3
134680,"R",104679,"A",,"R",765,"G",2326,"G",21,"G",2326,"G",21,2
134714,"A",,"R",242010,"A",,"G",269,"A",,"G",269,"A",,1
134811,"R",114482,"A",,"R",2094,"G",2544,"G",58,"G",2544,"G",58,2
134875,"R",53235,"A",,"A",,"G",1183,"A",,"G",1183,"A",,2
134909,"R",32832,"A",,"A",,"G",730,"A",,"G",730,"A",,2
134945,"R",107044,"A",,"R",8121,"G",3568,"G",338,"G",3568,"G",338,2
135063,"R",14082,"A",,"A",,"G",469,"A",,"G",469,"A",,2
135081,"R",337370,"A",,"A",,"G",11246,"A",,"G",11246,"A",,2
135124,"R",21767,"A",,"A",,"G",726,"A",,"G",726,"A",,2
135142,"A",,"R",262287,"A",,"G",291,"A",,"G",291,"A",,1
135160,"R",50838,"R",421376,"A",,"G",2163,"A",,"G",2163,"A",,3
135179,"A",,"R",879886,"A",,"G",978,"A",,"G",978,"A",,1
135188,"R",69691,"A",,"A",,"G",2323,"A",,"G",2323,"A",,2
135267,"A",,"R",379603,"A",,"G",422,"A",,"G",422,"A",,1
135276,"A",,"R",965810,"A",,"G",1073,"A",,"G",1073,"A",,1
135294,"A",,"R",800462,"A",,"G",889,"A",,"G",889,"A",,1
135337,"A",,"R",160693,"A",,"G",179,"A",,"G",179,"A",,1
135364,"R",7716,"A",,"R",5034,"G",257,"G",210,"G",257,"G",210,2
135391,"R",203258,"R",15,"A",,"G",6775,"A",,"G",6775,"A",,3
135407,"A",,"R",1443820,"A",,"G",1604,"A",,"G",1604,"A",,1
135416,"A",,"R",692580,"A",,"G",770,"A",,"G",770,"A",,1
135522,"A",,"R",780120,"A",,"G",867,"A",,"G",867,"A",,1
135610,"R",4503,"A",,"R",1501,"G",150,"G",63,"G",150,"G",63,2
135647,"A",,"R",1921622,"A",,"G",2135,"A",,"G",2135,"A",,1
135717,"R",1245645,"R",2793095,"A",,"G",44625,"A",,"G",44625,"A",,3
135726,"R",315730,"A",,"R",56697,"G",10524,"G",2362,"G",10524,"G",2362,2
135735,"A",,"R",2390400,"A",,"G",2656,"A",,"G",2656,"A",,1
135771,"A",,"R",401194,"A",,"G",446,"A",,"G",446,"A",,1
135939,"R",22553,"A",,"A",,"G",501,"A",,"G",501,"A",,2
135957,"R",8550,"R",677280,"A",,"G",1038,"A",,"R",941,"A",,3
136011,"R",7122,"R",502320,"A",,"G",796,"A",,"R",689,"A",,3
136048,"A",,"R",82848,"A",,"G",92,"A",,"G",92,"A",,1
136066,"R",85800,"A",,"A",,"G",1907,"A",,"G",1907,"A",,2
136075,"R",7800,"A",,"A",,"G",173,"A",,"G",173,"A",,2
136145,"R",22738,"R",116293,"A",,"G",887,"A",,"G",887,"A",,3
136172,"R",381000,"A",,"R",29310,"G",12700,"G",1221,"G",12700,"G",1221,2
136206,"R",39523,"A",,"A",,"G",878,"A",,"G",878,"A",,2
136215,"R",146732,"A",,"R",333189,"G",4891,"G",13883,"G",4891,"G",13883,2
136233,"R",131216,"R",156944,"A",,"G",4548,"A",,"G",4548,"A",,3
136288,"R",49080,"R",122490,"R",2992,"G",1227,"G",83,"R",1533,"R",83,3
136303,"A",,"R",555606,"A",,"G",617,"A",,"G",617,"A",,1
136330,"R",72751,"A",,"R",8336,"G",2425,"G",347,"G",2425,"G",347,2
136358,"R",393642,"R",2399872,"A",,"G",15788,"A",,"G",15788,"A",,3
136400,"R",138116,"R",302269,"A",,"G",4940,"A",,"G",4940,"A",,3
136473,"R",201821,"R",335700,"A",,"G",7100,"A",,"G",7100,"A",,3
136491,"A",,"R",1532700,"A",,"G",1703,"A",,"G",1703,"A",,1
136516,"R",131315,"R",99114,"A",,"G",4487,"A",,"G",4487,"A",,3
136659,"A",,"R",197339,"A",,"G",219,"A",,"G",219,"A",,1
136701,"A",,"A",,"R",780,"A",,"G",33,"A",,"G",33,2
136738,"A",,"R",481521,"A",,"G",535,"A",,"G",535,"A",,1
136747,"A",,"R",679178,"A",,"G",755,"A",,"R",780,"A",,1
136765,"A",,"R",433750,"A",,"G",482,"A",,"G",482,"A",,1
136774,"R",29727,"A",,"A",,"G",991,"A",,"R",1046,"A",,2
136783,"A",,"R",97415,"A",,"G",108,"A",,"G",108,"A",,1
136826,"A",,"R",648600,"A",,"G",721,"A",,"G",721,"A",,1
136950,"R",79483,"A",,"R",13581,"G",2649,"G",566,"G",2649,"G",566,2
136996,"R",1656,"A",,"A",,"G",55,"A",,"G",55,"A",,2
137023,"A",,"R",502145,"A",,"G",558,"A",,"G",558,"A",,1
137032,"R",327549,"A",,"R",27388,"G",10918,"G",1141,"G",10918,"G",1141,2
137078,"R",486838,"R",155628,"A",,"G",16401,"A",,"G",16401,"A",,3
137087,"A",,"R",1108800,"A",,"G",1232,"A",,"G",1232,"A",,1
137096,"R",324750,"R",497979,"A",,"G",11378,"A",,"G",11378,"A",,3
137120,"A",,"R",513756,"A",,"G",571,"A",,"G",571,"A",,1
137148,"R",873,"A",,"R",26589,"G",29,"G",1108,"G",29,"G",1108,2
137209,"R",231325,"R",940677,"A",,"G",8756,"A",,"G",8756,"A",,3
137245,"A",,"R",2412900,"A",,"G",2681,"A",,"G",2681,"A",,1
137272,"R",1492,"A",,"R",229,"G",50,"G",10,"R",50,"R",8,2
137281,"R",95836,"R",468571,"A",,"G",3715,"A",,"G",3715,"A",,3
137315,"R",36667,"R",521434,"A",,"G",1802,"A",,"G",1802,"A",,3
137351,"R",938399,"A",,"R",160288,"G",31280,"G",6679,"G",31280,"G",6679,2
137476,"R",40924,"A",,"R",12036,"G",1364,"G",502,"G",1364,"G",502,2
137537,"R",12744,"A",,"A",,"G",425,"A",,"G",425,"A",,2
137546,"R",64914,"A",,"R",8062,"G",2164,"G",336,"G",2164,"G",336,2
137564,"R",73900,"A",,"R",1932,"G",2463,"G",81,"G",2463,"G",81,2
137591,"A",,"R",130000,"A",,"G",144,"A",,"G",144,"A",,1
137625,"A",,"R",85500,"A",,"G",95,"A",,"G",95,"A",,1
137713,"A",,"R",290920,"A",,"G",323,"A",,"G",323,"A",,1
137759,"R",300914,"R",251932,"A",,"G",10310,"A",,"G",10310,"A",,3
137777,"R",1023,"A",,"R",270,"G",34,"G",11,"G",34,"G",11,2
137801,"R",59575,"R",136640,"R",3816,"G",1476,"G",106,"G",1476,"G",106,3
137810,"R",33069,"R",95760,"R",1812,"G",841,"G",50,"R",1050,"R",50,3
137847,"R",144814,"A",,"R",12076,"G",4827,"G",503,"G",4827,"G",503,2
137856,"A",,"R",256500,"A",,"G",285,"A",,"G",285,"A",,1
137865,"A",,"R",258365,"A",,"G",287,"A",,"G",287,"A",,1
137892,"A",,"R",1076600,"A",,"G",1196,"A",,"G",1196,"A",,1
137953,"R",8045,"A",,"R",448,"G",268,"G",19,"R",271,"R",19,2
137962,"R",4390,"A",,"A",,"G",146,"A",,"G",146,"A",,2
138132,"A",,"R",118980,"A",,"G",132,"A",,"G",132,"A",,1
138187,"R",630707,"R",286323,"A",,"G",21342,"A",,"G",21342,"A",,3
138275,"R",28042,"A",,"R",1813,"G",935,"G",76,"R",935,"R",133,2
138284,"A",,"R",588990,"A",,"G",654,"A",,"G",654,"A",,1
138293,"R",15625,"A",,"R",1029,"G",521,"G",43,"G",521,"G",43,2
138309,"R",20424,"A",,"A",,"G",454,"A",,"G",454,"A",,2
138336,"R",16826,"A",,"A",,"G",374,"A",,"G",374,"A",,2
138354,"R",215104,"A",,"R",23485,"G",7170,"G",979,"G",7170,"G",979,2
138372,"A",,"R",716877,"A",,"G",797,"A",,"G",797,"A",,1
138479,"A",,"R",1910700,"A",,"G",2123,"A",,"G",2123,"A",,1
138488,"A",,"R",371484,"A",,"G",413,"A",,"G",413,"A",,1
138497,"A",,"R",612119,"A",,"G",680,"A",,"G",680,"A",,1
138558,"R",85367,"A",,"A",,"G",2846,"A",,"G",2846,"A",,2
138594,"R",46908,"A",,"A",,"G",1564,"A",,"R",1303,"A",,2
138600,"R",27684,"A",,"R",796,"G",923,"G",33,"G",923,"G",33,2
138655,"R",8970,"A",,"A",,"G",299,"A",,"G",299,"A",,2
138664,"R",3300,"A",,"A",,"G",110,"A",,"G",110,"A",,2
138682,"R",105775,"A",,"A",,"G",2351,"A",,"G",2351,"A",,2
138691,"R",103566,"A",,"A",,"G",3452,"A",,"G",3452,"A",,2
138716,"R",101936,"A",,"R",6928,"G",3398,"G",289,"G",3398,"G",289,2
138725,"R",61031,"A",,"R",1272,"G",1356,"G",35,"G",1356,"G",35,2
138761,"R",9488,"A",,"A",,"G",316,"A",,"R",316,"A",,2
138789,"R",149873,"A",,"R",11863,"G",4996,"G",494,"G",4996,"G",494,2
138813,"R",125968,"A",,"A",,"G",2799,"A",,"G",2799,"A",,2
138822,"A",,"R",1340588,"A",,"G",1490,"A",,"G",1490,"A",,1
138840,"R",129885,"A",,"A",,"G",2886,"A",,"G",2886,"A",,2
138868,"R",11287,"A",,"A",,"G",376,"A",,"G",376,"A",,2
138901,"R",42442,"A",,"A",,"G",1415,"A",,"G",1415,"A",,2
138938,"A",,"R",261868,"A",,"G",291,"A",,"R",317,"A",,1
138947,"R",113878,"A",,"R",14423,"G",3796,"G",601,"G",3796,"G",601,2
138956,"R",165678,"A",,"A",,"G",3682,"A",,"G",3682,"A",,2
138983,"R",145887,"A",,"R",13032,"G",4863,"G",543,"G",4863,"G",543,2
139010,"R",63374,"A",,"A",,"G",2112,"A",,"G",2112,"A",,2
139074,"R",50582,"A",,"A",,"G",1686,"A",,"G",1686,"A",,2
139092,"A",,"R",150896,"A",,"G",168,"A",,"G",168,"A",,1
139126,"R",45445,"A",,"A",,"G",1010,"A",,"G",1010,"A",,2
139144,"R",52483,"A",,"R",2332,"G",1749,"G",97,"G",1749,"G",97,2
139153,"R",11409,"A",,"A",,"G",380,"A",,"G",380,"A",,2
139199,"R",48254,"A",,"R",12553,"G",1608,"G",523,"G",1608,"G",523,2
139205,"R",31235,"A",,"A",,"G",1041,"A",,"G",1041,"A",,2
139214,"R",6307,"A",,"A",,"G",140,"A",,"G",140,"A",,2
139250,"R",62901,"A",,"A",,"G",2097,"A",,"G",2097,"A",,2
139278,"R",98865,"A",,"A",,"G",2197,"A",,"G",2197,"A",,2
139311,"R",146773,"A",,"R",186,"G",4892,"G",8,"G",4892,"G",8,2
139348,"A",,"A",,"R",2200,"A",,"G",92,"A",,"G",92,2
139357,"R",119401,"A",,"A",,"G",2653,"A",,"G",2653,"A",,2
139366,"R",175366,"A",,"R",14970,"G",5846,"G",624,"G",5846,"G",624,2
139384,"R",99393,"A",,"A",,"G",2209,"A",,"G",2209,"A",,2
139393,"R",35267,"A",,"R",672,"G",1176,"G",28,"R",1202,"R",53,2
139463,"R",90798,"A",,"A",,"G",3027,"A",,"G",3027,"A",,2
139506,"A",,"R",108900,"A",,"G",121,"A",,"G",121,"A",,1
139533,"R",74118,"A",,"R",21504,"G",2471,"G",896,"G",2471,"G",896,2
139579,"R",108652,"A",,"R",20830,"G",2414,"G",579,"G",2414,"G",579,2
139621,"R",41634,"A",,"A",,"G",1388,"A",,"G",1388,"A",,2
139630,"R",18537,"A",,"A",,"G",618,"A",,"G",618,"A",,2
139658,"R",224322,"A",,"R",123666,"G",7477,"G",5153,"G",7477,"G",5153,2
139700,"R",87615,"A",,"A",,"G",2921,"A",,"G",2921,"A",,2
139719,"R",64196,"A",,"R",1473,"G",2140,"G",61,"G",2140,"G",61,2
139746,"R",5065,"A",,"A",,"G",113,"A",,"G",113,"A",,2
139755,"R",375363,"A",,"R",202195,"G",12512,"G",8425,"R",12990,"R",5750,2
139764,"R",60691,"A",,"R",4251,"G",2023,"G",177,"G",2023,"G",177,2
139773,"R",154631,"A",,"A",,"G",5154,"A",,"G",5154,"A",,2
139861,"R",147529,"A",,"R",17132,"G",4918,"G",714,"G",4918,"G",714,2
139898,"A",,"R",1395632,"A",,"G",1551,"A",,"G",1551,"A",,1
139904,"R",48088,"A",,"A",,"G",1069,"A",,"G",1069,"A",,2
139931,"R",420122,"A",,"R",30887,"G",14004,"G",1287,"G",14004,"G",1287,2
139940,"R",531178,"A",,"R",163346,"G",17706,"G",6806,"G",17706,"G",6806,2
139959,"R",733340,"A",,"R",168920,"G",24445,"G",7038,"G",24445,"G",7038,2
139968,"R",86625,"A",,"A",,"G",2888,"A",,"G",2888,"A",,2
139986,"R",127485,"A",,"A",,"G",2833,"A",,"G",2833,"A",,2
139995,"R",12375,"A",,"A",,"G",275,"A",,"G",275,"A",,2
140003,"R",15799,"A",,"A",,"G",351,"A",,"G",351,"A",,2
140012,"R",156304,"A",,"A",,"G",3473,"A",,"G",3473,"A",,2
140076,"R",53835,"A",,"A",,"G",1196,"A",,"G",1196,"A",,2
140085,"R",104149,"A",,"A",,"G",2314,"A",,"G",2314,"A",,2
140146,"A",,"A",,"R",457,"A",,"G",19,"A",,"G",19,2
140164,"R",465678,"A",,"R",37285,"G",15523,"G",1554,"G",15523,"G",1554,2
140191,"R",13718,"A",,"A",,"G",305,"A",,"G",305,"A",,2
140234,"R",30007,"A",,"R",2353,"G",1000,"G",98,"G",1000,"G",98,2
140243,"R",110719,"A",,"A",,"G",2460,"A",,"G",2460,"A",,2
140252,"R",22486,"A",,"R",863,"G",500,"G",24,"G",500,"G",24,2
140304,"R",193645,"A",,"A",,"G",4303,"A",,"G",4303,"A",,2
140322,"R",144925,"A",,"A",,"G",4831,"A",,"G",4831,"A",,2
140331,"R",194615,"A",,"A",,"G",4325,"A",,"G",4325,"A",,2
140340,"R",8661,"A",,"A",,"G",289,"A",,"G",289,"A",,2
140401,"R",22025,"A",,"R",19736,"G",734,"G",822,"G",734,"G",822,2
140447,"R",119080,"A",,"R",24390,"G",3969,"G",1016,"G",3969,"G",1016,2
140483,"R",76699,"A",,"A",,"G",2557,"A",,"G",2557,"A",,2
140553,"R",89126,"A",,"A",,"G",2971,"A",,"G",2971,"A",,2
140562,"A",,"A",,"R",1484,"A",,"G",62,"A",,"G",62,2
140599,"R",77542,"A",,"A",,"G",1723,"A",,"G",1723,"A",,2
140669,"R",121943,"A",,"R",10641,"G",4065,"G",443,"G",4065,"G",443,2
140678,"R",82930,"A",,"A",,"G",1843,"A",,"G",1843,"A",,2
140696,"R",28379,"A",,"R",1198,"G",946,"G",50,"G",946,"G",50,2
140711,"A",,"R",21000,"A",,"G",23,"A",,"G",23,"A",,1
140720,"R",26872,"A",,"A",,"G",896,"A",,"G",896,"A",,2
140809,"R",35432,"A",,"A",,"G",787,"A",,"G",787,"A",,2
140818,"R",29705,"A",,"R",26569,"G",990,"G",1107,"G",990,"G",1107,2
140827,"R",7103,"A",,"A",,"G",158,"A",,"G",158,"A",,2
140872,"R",29630,"A",,"A",,"G",988,"A",,"G",988,"A",,2
140942,"R",150736,"A",,"A",,"G",3350,"A",,"G",3350,"A",,2
140951,"R",311542,"A",,"R",49305,"G",6923,"G",1370,"G",6923,"G",1370,2
140960,"R",91068,"A",,"R",2660,"G",3036,"G",111,"G",3036,"G",111,2
140988,"R",31997,"A",,"Z",0,"G",1067,"A",,"G",1067,"A",,2
140997,"R",38335,"A",,"A",,"G",1278,"A",,"G",1278,"A",,2
141006,"R",71856,"A",,"A",,"G",1597,"A",,"G",1597,"A",,2
141015,"R",10552,"A",,"A",,"G",234,"A",,"G",234,"A",,2
141060,"R",73651,"A",,"A",,"G",2455,"A",,"G",2455,"A",,2
141097,"R",99267,"A",,"R",7782,"G",3309,"G",324,"G",3309,"G",324,2
141121,"R",24433,"A",,"A",,"G",543,"A",,"G",543,"A",,2
141158,"R",48207,"A",,"A",,"G",1071,"A",,"G",1071,"A",,2
141167,"R",7091,"A",,"R",927,"G",236,"G",39,"G",236,"G",39,2
141185,"R",13623,"A",,"A",,"G",454,"A",,"G",454,"A",,2
141228,"R",63219,"A",,"A",,"G",1405,"A",,"G",1405,"A",,2
141237,"R",11600,"A",,"A",,"G",387,"A",,"G",387,"A",,2
141255,"R",86935,"A",,"A",,"G",1932,"A",,"G",1932,"A",,2
141264,"R",262824,"A",,"R",23962,"G",8761,"G",998,"G",8761,"G",998,2
141273,"R",81498,"A",,"A",,"G",1811,"A",,"G",1811,"A",,2
141307,"R",19786,"A",,"A",,"G",660,"A",,"G",660,"A",,2
141325,"R",13775,"A",,"R",2208,"G",459,"G",92,"G",459,"G",92,2
141334,"R",232044,"A",,"R",23620,"G",7735,"G",984,"G",7735,"G",984,2
141361,"R",17867,"A",,"A",,"G",596,"A",,"G",596,"A",,2
141468,"R",26043,"A",,"A",,"G",579,"A",,"G",579,"A",,2
141486,"R",55346,"A",,"R",13328,"G",1845,"G",555,"R",1294,"R",555,2
141565,"R",86743,"A",,"R",1476,"G",2891,"G",62,"G",2891,"G",62,2
141574,"R",403362,"A",,"R",66382,"G",13445,"G",2766,"G",13445,"G",2766,2
141608,"A",,"R",74918,"A",,"G",83,"A",,"G",83,"A",,1
141644,"R",172906,"A",,"R",24987,"G",5764,"G",1041,"R",5540,"R",938,2
141671,"A",,"R",1800,"A",,"G",2,"A",,"G",2,"A",,1
141680,"R",70208,"A",,"A",,"G",2340,"A",,"G",2340,"A",,2
141796,"R",136213,"A",,"A",,"G",4540,"A",,"G",4540,"A",,2
141802,"R",17829,"A",,"A",,"G",594,"A",,"G",594,"A",,2
141811,"R",102648,"A",,"A",,"G",3422,"A",,"G",3422,"A",,2
141839,"R",47388,"A",,"A",,"G",1580,"A",,"G",1580,"A",,2
141848,"A",,"R",154800,"A",,"G",172,"A",,"G",172,"A",,1
141857,"A",,"R",247500,"A",,"G",275,"A",,"G",275,"A",,1
141936,"A",,"A",,"R",1260,"A",,"G",53,"A",,"G",53,2
141945,"R",7056,"R",57600,"A",,"G",299,"A",,"G",299,"A",,3
141981,"R",14911,"A",,"A",,"G",497,"A",,"G",497,"A",,2
141990,"R",29665,"A",,"A",,"G",989,"A",,"G",989,"A",,2
142054,"R",26544,"A",,"A",,"G",885,"A",,"G",885,"A",,2
142090,"R",5252,"A",,"A",,"G",175,"A",,"G",175,"A",,2
142115,"R",415339,"A",,"R",27885,"G",13845,"G",1162,"G",13845,"G",1162,2
142124,"A",,"R",76530,"A",,"G",85,"A",,"G",85,"A",,1
142179,"R",17267,"A",,"A",,"G",576,"A",,"G",576,"A",,2
142276,"R",214355,"A",,"R",40055,"G",7145,"G",1669,"G",7145,"G",1669,2
142285,"R",239838,"A",,"R",40340,"G",7995,"G",1681,"G",7995,"G",1681,2
142294,"R",23480,"A",,"R",1128,"G",783,"G",47,"G",783,"G",47,2
142328,"R",73173,"A",,"A",,"G",2439,"A",,"G",2439,"A",,2
142337,"R",16940,"A",,"A",,"G",376,"A",,"G",376,"A",,2
142407,"A",,"R",39590,"A",,"G",44,"A",,"G",44,"A",,1
142416,"A",,"R",28497,"A",,"G",32,"A",,"G",32,"A",,1
142443,"R",86699,"A",,"A",,"G",2890,"A",,"G",2890,"A",,2
142461,"R",37838,"A",,"R",10129,"G",1261,"G",422,"G",1261,"G",422,2
142489,"A",,"R",134400,"A",,"G",149,"A",,"G",149,"A",,1
142522,"R",463997,"A",,"A",,"G",15467,"A",,"G",15467,"A",,2
142559,"R",127124,"A",,"A",,"G",4237,"A",,"G",4237,"A",,2
142832,"A",,"A",,"R",10709,"A",,"G",446,"A",,"G",446,2
142869,"A",,"R",28800,"A",,"G",32,"A",,"G",32,"A",,1
142878,"A",,"R",78152,"A",,"G",87,"A",,"G",87,"A",,1
142887,"R",12975,"A",,"R",112,"G",433,"G",5,"G",433,"G",5,2
143048,"R",66384,"A",,"R",15727,"G",2213,"G",655,"G",2213,"G",655,2
143075,"R",41412,"A",,"A",,"G",1380,"A",,"G",1380,"A",,2
143084,"R",114207,"A",,"A",,"G",2538,"A",,"R",2450,"A",,2
143118,"R",57177,"A",,"R",46802,"G",1906,"G",1950,"G",1906,"G",1950,2
143181,"A",,"R",56576,"A",,"G",63,"A",,"G",63,"A",,1
143215,"R",277995,"A",,"A",,"G",9267,"A",,"G",9267,"A",,2
143233,"A",,"A",,"R",1191,"A",,"G",50,"A",,"R",44,2
143279,"R",148045,"A",,"A",,"G",4935,"A",,"G",4935,"A",,2
143288,"R",16928,"A",,"A",,"G",564,"A",,"G",564,"A",,2
143297,"R",5029,"A",,"A",,"G",168,"A",,"G",168,"A",,2
143303,"A",,"R",26400,"A",,"G",29,"A",,"G",29,"A",,1
143358,"R",154485,"A",,"R",15741,"G",5150,"G",656,"G",5150,"G",656,2
143376,"A",,"R",570550,"A",,"G",634,"A",,"G",634,"A",,1
143464,"A",,"R",114158,"A",,"G",127,"A",,"G",127,"A",,1
143473,"A",,"R",145950,"A",,"G",162,"A",,"G",162,"A",,1
143482,"A",,"R",161027,"A",,"G",179,"A",,"G",179,"A",,1
143491,"A",,"R",184800,"A",,"G",205,"A",,"G",205,"A",,1
143516,"A",,"R",178500,"A",,"G",198,"A",,"G",198,"A",,1
143534,"A",,"R",309000,"A",,"G",343,"A",,"G",343,"A",,1
143543,"A",,"R",60084,"A",,"G",67,"A",,"G",67,"A",,1
143552,"A",,"R",194737,"A",,"G",216,"A",,"G",216,"A",,1
143613,"R",66457,"A",,"A",,"G",2215,"A",,"G",2215,"A",,2
143659,"A",,"A",,"R",6338,"A",,"G",264,"A",,"G",264,2
143695,"A",,"R",42000,"A",,"G",47,"A",,"G",47,"A",,1
143853,"R",132,"A",,"R",21000,"G",3,"G",583,"G",3,"G",583,2
143978,"A",,"A",,"R",23626,"A",,"G",984,"A",,"G",984,2
144005,"R",116852,"A",,"R",25976,"G",3895,"G",1082,"G",3895,"G",1082,2
144014,"A",,"A",,"R",1212,"A",,"G",51,"A",,"G",51,2
144050,"R",252000,"A",,"R",312585,"G",5600,"G",8683,"R",4781,"R",8683,2
144157,"R",106045,"A",,"A",,"G",3535,"A",,"G",3535,"A",,2
144166,"R",150738,"A",,"A",,"G",5025,"A",,"G",5025,"A",,2
144175,"R",90604,"A",,"A",,"G",3020,"A",,"G",3020,"A",,2
144184,"R",253303,"A",,"A",,"G",8443,"A",,"G",8443,"A",,2
144193,"R",223013,"A",,"A",,"G",7434,"A",,"G",7434,"A",,2
144209,"R",176630,"A",,"A",,"G",5888,"A",,"G",5888,"A",,2
144218,"R",197603,"A",,"A",,"G",6587,"A",,"G",6587,"A",,2
144281,"R",298920,"A",,"R",12844,"G",9964,"G",535,"G",9964,"G",535,2
144351,"R",28468,"A",,"R",45277,"G",949,"G",1887,"G",949,"G",1887,2
144467,"R",47084,"A",,"A",,"G",1569,"A",,"G",1569,"A",,2
144485,"R",41340,"A",,"A",,"G",1378,"A",,"G",1378,"A",,2
144564,"R",64617,"A",,"A",,"G",2154,"A",,"G",2154,"A",,2
144573,"A",,"R",58344,"A",,"G",65,"A",,"G",65,"A",,1
144616,"A",,"R",26100,"A",,"G",29,"A",,"R",31,"A",,1
144740,"R",612741,"A",,"R",161731,"G",13616,"G",4493,"G",13616,"G",4493,2
144759,"R",717296,"A",,"R",158623,"G",23910,"G",6609,"G",23910,"G",6609,2
144795,"A",,"R",130000,"A",,"G",144,"A",,"G",144,"A",,1
144865,"R",508007,"A",,"A",,"G",16934,"A",,"G",16934,"A",,2
144883,"R",65712,"A",,"A",,"G",1460,"A",,"G",1460,"A",,2
144892,"R",297607,"A",,"R",36199,"G",9920,"G",1508,"G",9920,"G",1508,2
144944,"R",193868,"A",,"A",,"G",6462,"A",,"G",6462,"A",,2
144962,"R",88269,"A",,"R",4202,"G",2942,"G",175,"G",2942,"G",175,2
144971,"R",17769,"A",,"A",,"G",592,"A",,"G",592,"A",,2
145099,"R",3828,"A",,"A",,"G",128,"A",,"R",116,"A",,2
145239,"R",8826,"A",,"A",,"G",294,"A",,"G",294,"A",,2
145275,"A",,"A",,"R",2191,"A",,"G",91,"A",,"R",132,2
145309,"R",3920,"A",,"A",,"G",131,"A",,"R",131,"A",,2
145336,"R",54943,"A",,"R",52258,"G",1831,"G",2177,"G",1831,"G",2177,2
145354,"R",1594,"A",,"A",,"G",53,"A",,"G",53,"A",,2
145372,"R",38814,"A",,"R",2646,"G",1294,"G",110,"G",1294,"G",110,2
145406,"A",,"R",111300,"A",,"G",124,"A",,"G",124,"A",,1
145424,"A",,"R",126408,"A",,"G",140,"A",,"G",140,"A",,1
145433,"A",,"R",138269,"A",,"G",154,"A",,"G",154,"A",,1
145460,"R",50872,"A",,"A",,"G",1696,"A",,"G",1696,"A",,2
145497,"R",13796,"A",,"A",,"G",460,"A",,"R",428,"A",,2
145521,"R",47374,"A",,"A",,"G",1579,"A",,"G",1579,"A",,2
145558,"R",360,"A",,"R",19368,"G",8,"G",538,"G",8,"G",538,2
145600,"R",433777,"A",,"R",160088,"G",14459,"G",6670,"G",14459,"G",6670,2
145619,"R",102205,"A",,"R",40417,"G",3407,"G",1684,"G",3407,"G",1684,2
145637,"R",964307,"A",,"R",298243,"G",32144,"G",12427,"G",32144,"G",12427,2
145646,"R",72757,"A",,"A",,"G",2425,"A",,"R",2139,"A",,2
145682,"R",243402,"A",,"A",,"G",8113,"A",,"G",8113,"A",,2
145691,"R",30646,"A",,"A",,"G",1022,"A",,"G",1022,"A",,2
145707,"R",47787,"A",,"A",,"G",1593,"A",,"G",1593,"A",,2
145725,"R",68859,"A",,"R",61477,"G",2295,"G",2562,"G",2295,"G",2562,2
145770,"R",5031,"A",,"R",20878,"G",168,"G",870,"G",168,"G",870,2
145813,"R",503987,"A",,"R",47396,"G",16800,"G",1975,"G",16800,"G",1975,2
145831,"R",86807,"A",,"A",,"G",2894,"A",,"G",2894,"A",,2
145886,"A",,"A",,"R",1144,"A",,"G",48,"A",,"G",48,2
146010,"R",142169,"A",,"A",,"G",3159,"A",,"G",3159,"A",,2
146205,"R",131647,"A",,"A",,"G",4388,"A",,"G",4388,"A",,2
146214,"A",,"R",11400,"A",,"G",13,"A",,"G",13,"A",,1
146241,"A",,"A",,"R",2783,"A",,"G",116,"A",,"G",116,2
146278,"R",56151,"A",,"A",,"G",1872,"A",,"G",1872,"A",,2
146296,"R",261301,"A",,"A",,"G",8710,"A",,"G",8710,"A",,2
146339,"R",36968,"A",,"R",1793,"G",1232,"G",75,"G",1232,"G",75,2
146348,"R",83231,"A",,"A",,"G",2774,"A",,"G",2774,"A",,2
146366,"R",107001,"A",,"A",,"G",3567,"A",,"G",3567,"A",,2
146393,"R",40414,"A",,"A",,"G",898,"A",,"G",898,"A",,2
146418,"R",93117,"A",,"A",,"G",3104,"A",,"G",3104,"A",,2
146427,"R",38441,"A",,"A",,"G",1281,"A",,"G",1281,"A",,2
146454,"A",,"R",84563,"A",,"G",94,"A",,"G",94,"A",,1
146472,"R",280531,"A",,"A",,"G",9351,"A",,"G",9351,"A",,2
146481,"R",43684,"A",,"R",268,"G",1456,"G",11,"G",1456,"G",11,2
146490,"A",,"A",,"R",16176,"A",,"G",449,"A",,"G",449,2
146506,"R",183609,"A",,"A",,"G",6120,"A",,"G",6120,"A",,2
146533,"R",8292,"A",,"A",,"G",276,"A",,"G",276,"A",,2
146603,"R",131794,"A",,"A",,"G",4393,"A",,"G",4393,"A",,2
146612,"R",102712,"A",,"R",22847,"G",3424,"G",952,"G",3424,"G",952,2
146621,"R",1428,"A",,"A",,"G",48,"A",,"G",48,"A",,2
146667,"R",19540,"A",,"R",2821,"G",651,"G",118,"G",651,"G",118,2
146676,"R",36447,"A",,"A",,"G",1215,"A",,"G",1215,"A",,2
146685,"R",143132,"A",,"A",,"G",4771,"A",,"G",4771,"A",,2
146700,"A",,"R",1962900,"A",,"G",2181,"A",,"G",2181,"A",,1
146719,"R",295401,"A",,"R",63043,"G",9847,"G",2627,"G",9847,"G",2627,2
146728,"A",,"A",,"R",1565,"A",,"G",65,"A",,"G",65,2
146755,"R",4343,"A",,"A",,"G",145,"A",,"G",145,"A",,2
146791,"A",,"R",515700,"A",,"G",573,"A",,"G",573,"A",,1
146807,"A",,"R",74561,"A",,"G",83,"A",,"G",83,"A",,1
146816,"R",7235,"A",,"A",,"G",241,"A",,"G",241,"A",,2
146825,"R",19370,"A",,"A",,"G",646,"A",,"G",646,"A",,2
146977,"A",,"A",,"R",1422,"A",,"G",59,"A",,"G",59,2
147004,"R",124079,"A",,"A",,"G",4136,"A",,"G",4136,"A",,2
147013,"R",66970,"A",,"R",14903,"G",2232,"G",621,"G",2232,"G",621,2
147031,"A",,"A",,"R",315,"A",,"G",9,"A",,"G",9,2
147129,"R",4672,"A",,"A",,"G",156,"A",,"G",156,"A",,2
147165,"R",23296,"A",,"A",,"G",518,"A",,"G",518,"A",,2
147244,"R",75964,"A",,"R",1196,"G",2532,"G",50,"G",2532,"G",50,2
147341,"R",40130,"A",,"A",,"G",1338,"A",,"R",1298,"A",,2
147378,"R",341818,"A",,"A",,"G",11394,"A",,"G",11394,"A",,2
147396,"R",4646,"A",,"A",,"G",155,"A",,"G",155,"A",,2
147411,"R",78427,"A",,"A",,"G",2614,"A",,"G",2614,"A",,2
147439,"A",,"R",75268,"A",,"G",84,"A",,"G",84,"A",,1
147536,"R",74042,"A",,"R",107900,"G",1645,"G",2997,"G",1645,"G",2997,2
147590,"R",2100,"A",,"R",43,"G",70,"G",2,"G",70,"G",2,2
147642,"A",,"R",243000,"A",,"G",270,"A",,"G",270,"A",,1
147660,"R",62832,"A",,"R",4456,"G",1396,"G",124,"R",2094,"R",186,2
147679,"R",55730,"A",,"R",11197,"G",1858,"G",467,"G",1858,"G",467,2
147703,"R",515795,"A",,"R",94865,"G",17193,"G",3953,"G",17193,"G",3953,2
147749,"R",33408,"A",,"A",,"G",742,"A",,"G",742,"A",,2
147767,"R",379295,"A",,"R",239503,"G",8429,"G",6653,"G",8429,"G",6653,2
147776,"R",205719,"A",,"R",38983,"G",6857,"G",1624,"G",6857,"G",1624,2
147800,"R",227835,"A",,"A",,"G",7595,"A",,"G",7595,"A",,2
147819,"A",,"R",184500,"A",,"G",205,"A",,"G",205,"A",,1
147828,"R",88831,"A",,"R",27499,"G",2961,"G",1146,"G",2961,"G",1146,2
147916,"R",202022,"A",,"A",,"G",6734,"A",,"G",6734,"A",,2
147970,"A",,"R",327550,"A",,"G",364,"A",,"G",364,"A",,1
148007,"R",121392,"A",,"A",,"G",4046,"A",,"G",4046,"A",,2
148098,"A",,"R",98490,"A",,"G",109,"A",,"G",109,"A",,1
148131,"R",28453,"A",,"R",5829,"G",948,"G",243,"G",948,"G",243,2
148140,"R",14076,"R",1260,"A",,"G",314,"A",,"G",314,"A",,3
148177,"R",128739,"A",,"A",,"G",2861,"A",,"G",2861,"A",,2
148256,"R",90548,"A",,"A",,"G",3018,"A",,"G",3018,"A",,2
148292,"R",73840,"A",,"A",,"G",2461,"A",,"G",2461,"A",,2
148335,"R",261637,"A",,"R",6476,"G",5814,"G",180,"G",5814,"G",180,2
148380,"R",167381,"A",,"A",,"G",5579,"A",,"G",5579,"A",,2
148399,"R",23028,"A",,"A",,"G",512,"A",,"G",512,"A",,2
148405,"R",23960,"A",,"R",18661,"G",799,"G",778,"G",799,"G",778,2
148487,"R",85714,"A",,"R",48717,"G",2857,"G",2030,"G",2857,"G",2030,2
148496,"R",41862,"A",,"R",29628,"G",1395,"G",1235,"G",1395,"G",1235,2
148511,"R",13934,"A",,"R",22492,"G",310,"G",625,"G",310,"G",625,2
148575,"R",8035,"A",,"R",911,"G",268,"G",38,"G",268,"G",38,2
148584,"R",48382,"A",,"R",22748,"G",1613,"G",948,"G",1613,"G",948,2
148593,"R",2127,"A",,"A",,"G",71,"A",,"G",71,"A",,2
148627,"R",87111,"A",,"R",38328,"G",2904,"G",1597,"G",2904,"G",1597,2
148654,"R",66549,"A",,"R",32681,"G",2218,"G",1362,"G",2218,"G",1362,2
148672,"R",54834,"A",,"A",,"G",1828,"A",,"G",1828,"A",,2
148724,"A",,"A",,"R",492,"A",,"G",21,"A",,"G",21,2
148821,"R",54451,"A",,"A",,"G",1815,"A",,"G",1815,"A",,2
148849,"R",2081,"A",,"A",,"G",69,"A",,"G",69,"A",,2
148876,"R",26239,"R",45900,"A",,"G",926,"A",,"G",926,"A",,3
148885,"A",,"A",,"R",2560,"A",,"G",71,"A",,"G",71,2
148919,"A",,"R",24300,"A",,"G",27,"A",,"R",27,"A",,1
148937,"R",61573,"A",,"A",,"G",2052,"A",,"G",2052,"A",,2
148955,"R",3132,"A",,"A",,"G",104,"A",,"G",104,"A",,2
148973,"A",,"R",20977,"A",,"G",23,"A",,"G",23,"A",,1
148982,"A",,"A",,"R",3980,"A",,"G",111,"A",,"G",111,2
148991,"R",36934,"A",,"A",,"G",1231,"A",,"G",1231,"A",,2
149019,"R",13702,"A",,"A",,"G",457,"A",,"G",457,"A",,2
149028,"R",4416,"A",,"R",219,"G",147,"G",9,"G",147,"G",9,2
149204,"A",,"R",119700,"A",,"G",133,"A",,"G",133,"A",,1
149222,"R",386890,"A",,"R",71109,"G",12896,"G",2963,"G",12896,"G",2963,2
149231,"R",279039,"A",,"R",35112,"G",9301,"G",1463,"G",9301,"G",1463,2
149310,"R",12997,"A",,"A",,"G",433,"A",,"G",433,"A",,2
149329,"R",1700,"A",,"R",156,"G",57,"G",7,"G",57,"G",7,2
149365,"R",157748,"A",,"A",,"G",5258,"A",,"G",5258,"A",,2
149499,"A",,"R",61000,"A",,"G",68,"A",,"G",68,"A",,1
149505,"R",38065,"A",,"A",,"G",1269,"A",,"G",1269,"A",,2
149514,"R",28021,"A",,"R",11646,"G",934,"G",485,"R",934,"R",582,2
149532,"R",264271,"A",,"A",,"G",8809,"A",,"G",8809,"A",,2
149550,"A",,"R",170000,"A",,"G",189,"A",,"G",189,"A",,1
149639,"R",4077,"A",,"R",5445,"G",136,"G",227,"G",136,"G",227,2
149727,"R",183946,"A",,"A",,"G",6132,"A",,"G",6132,"A",,2
149763,"R",5221,"A",,"R",84,"G",174,"G",4,"G",174,"G",4,2
149772,"R",319428,"A",,"R",35498,"G",10648,"G",1479,"G",10648,"G",1479,2
149781,"R",74767,"A",,"R",11285,"G",2492,"G",470,"G",2492,"G",470,2
149842,"R",313780,"A",,"A",,"G",10459,"A",,"G",10459,"A",,2
150048,"R",10893,"A",,"A",,"G",363,"A",,"G",363,"A",,2
150066,"R",66590,"A",,"R",8006,"G",2220,"G",334,"G",2220,"G",334,2
150075,"A",,"R",30000,"A",,"G",33,"A",,"G",33,"A",,1
150136,"R",515572,"A",,"R",54570,"G",17186,"G",2274,"G",17186,"G",2274,2
150145,"R",47580,"A",,"R",2791,"G",1586,"G",116,"G",1586,"G",116,2
150163,"R",125409,"A",,"R",7707,"G",4180,"G",321,"G",4180,"G",321,2
150172,"R",25101,"A",,"R",3151,"G",837,"G",131,"G",837,"G",131,2
150215,"A",,"A",,"R",2007,"A",,"G",84,"A",,"G",84,2
150251,"R",5384,"A",,"A",,"G",179,"A",,"G",179,"A",,2
150288,"A",,"A",,"R",2659,"A",,"G",74,"A",,"G",74,2
150303,"A",,"R",90557,"A",,"G",101,"A",,"G",101,"A",,1
150400,"R",71683,"A",,"A",,"G",2389,"A",,"G",2389,"A",,2
150428,"A",,"R",41800,"A",,"G",46,"A",,"G",46,"A",,1
150437,"A",,"R",63896,"A",,"G",71,"A",,"G",71,"A",,1
150455,"R",34882,"A",,"R",2794,"G",1163,"G",116,"G",1163,"G",116,2
150525,"A",,"R",63000,"A",,"G",70,"A",,"G",70,"A",,1
150534,"R",78699,"A",,"R",1893,"G",2623,"G",79,"G",2623,"G",79,2
150561,"R",16898,"A",,"Z",0,"G",563,"A",,"R",516,"A",,2
150604,"R",30878,"A",,"A",,"G",1029,"A",,"G",1029,"A",,2
150640,"A",,"R",2875,"A",,"G",3,"A",,"R",17,"A",,1
150668,"R",28660,"A",,"A",,"G",955,"A",,"G",955,"A",,2
150677,"R",34007,"A",,"R",3046,"G",1134,"G",127,"G",1134,"G",127,2
150695,"A",,"R",75614,"A",,"G",84,"A",,"G",84,"A",,1
150710,"A",,"R",118200,"A",,"G",131,"A",,"G",131,"A",,1
150756,"R",33576,"A",,"A",,"G",1119,"A",,"R",979,"A",,2
150765,"A",,"R",147000,"A",,"G",163,"A",,"G",163,"A",,1
150774,"R",13101,"A",,"A",,"G",437,"A",,"G",437,"A",,2
150853,"A",,"R",99500,"A",,"G",111,"A",,"G",111,"A",,1
150941,"R",28055,"A",,"R",1041,"G",935,"G",43,"G",935,"G",43,2
150978,"R",90544,"A",,"A",,"G",3018,"A",,"G",3018,"A",,2
150987,"R",262025,"A",,"A",,"G",8734,"A",,"G",8734,"A",,2
150996,"R",51035,"A",,"A",,"G",1701,"A",,"G",1701,"A",,2
151005,"R",122340,"A",,"A",,"G",4078,"A",,"G",4078,"A",,2
151014,"R",61300,"A",,"A",,"G",2043,"A",,"G",2043,"A",,2
151023,"R",120677,"A",,"A",,"G",4023,"A",,"G",4023,"A",,2
151032,"R",135812,"A",,"A",,"G",4527,"A",,"G",4527,"A",,2
151041,"R",64956,"A",,"A",,"G",2165,"A",,"G",2165,"A",,2
151050,"R",92844,"A",,"A",,"G",3095,"A",,"G",3095,"A",,2
151069,"R",99677,"A",,"A",,"G",3323,"A",,"G",3323,"A",,2
151078,"R",43768,"A",,"A",,"G",1459,"A",,"G",1459,"A",,2
151087,"R",101905,"A",,"A",,"G",3397,"A",,"G",3397,"A",,2
151096,"R",38425,"A",,"A",,"G",1281,"A",,"G",1281,"A",,2
151102,"R",244423,"A",,"R",11816,"G",8147,"G",492,"G",8147,"G",492,2
151111,"R",509225,"A",,"R",101435,"G",16974,"G",4226,"G",16974,"G",4226,2
151157,"R",11601,"A",,"A",,"G",258,"A",,"G",258,"A",,2
151166,"R",65888,"A",,"A",,"G",1464,"A",,"G",1464,"A",,2
151184,"R",6540,"A",,"A",,"G",145,"A",,"G",145,"A",,2
151193,"R",16717,"A",,"A",,"G",371,"A",,"G",371,"A",,2
151209,"R",20861,"A",,"A",,"G",464,"A",,"G",464,"A",,2
151236,"R",13785,"A",,"A",,"G",306,"A",,"G",306,"A",,2
151245,"R",17324,"A",,"A",,"G",385,"A",,"G",385,"A",,2
151263,"R",93050,"A",,"R",22611,"G",3102,"G",942,"G",3102,"G",942,2
151290,"R",63806,"A",,"R",6061,"G",2127,"G",253,"G",2127,"G",253,2
151306,"R",244637,"A",,"R",12529,"G",8155,"G",522,"G",8155,"G",522,2
151324,"R",242512,"A",,"R",34171,"G",8084,"G",1424,"G",8084,"G",1424,2
151333,"R",56265,"A",,"R",2089,"G",1876,"G",87,"G",1876,"G",87,2
151342,"R",133639,"A",,"R",15782,"G",4455,"G",658,"G",4455,"G",658,2
151351,"R",888266,"A",,"R",145877,"G",29609,"G",6078,"G",29609,"G",6078,2
151360,"R",97468,"A",,"R",10006,"G",3249,"G",417,"G",3249,"G",417,2
151379,"R",123183,"A",,"R",11944,"G",4106,"G",498,"G",4106,"G",498,2
151388,"R",47924,"A",,"R",876,"G",1597,"G",37,"G",1597,"G",37,2
151458,"R",14948,"A",,"A",,"G",498,"A",,"G",498,"A",,2
151467,"A",,"R",256360,"A",,"G",285,"A",,"G",285,"A",,1
151494,"R",29748,"A",,"A",,"G",661,"A",,"G",661,"A",,2
151500,"R",25499,"A",,"A",,"G",567,"A",,"G",567,"A",,2
151519,"R",95648,"A",,"R",6588,"G",2126,"G",183,"G",2126,"G",183,2
151537,"R",4620,"A",,"A",,"G",154,"A",,"R",132,"A",,2
151564,"A",,"R",43836,"A",,"G",49,"A",,"G",49,"A",,1
151607,"A",,"R",86353,"A",,"G",96,"A",,"G",96,"A",,1
151616,"R",45879,"A",,"A",,"G",1020,"A",,"G",1020,"A",,2
151625,"R",14748,"A",,"A",,"G",328,"A",,"G",328,"A",,2
151652,"A",,"R",199755,"A",,"G",222,"A",,"G",222,"A",,1
151661,"A",,"R",1951200,"A",,"G",2168,"A",,"G",2168,"A",,1
151777,"R",26827,"A",,"Z",0,"G",894,"A",,"R",995,"A",,2
151786,"R",49765,"A",,"R",1028,"G",1659,"G",43,"G",1659,"G",43,2
151801,"R",260337,"A",,"R",162843,"G",8678,"G",6785,"G",8678,"G",6785,2
151810,"R",11212,"A",,"R",2096,"G",374,"G",87,"G",374,"G",87,2
151829,"A",,"R",900,"A",,"G",1,"A",,"G",1,"A",,1
151865,"A",,"A",,"R",972,"A",,"G",41,"A",,"G",41,2
151874,"A",,"R",65858,"A",,"G",73,"A",,"G",73,"A",,1
151944,"R",47705,"A",,"A",,"G",1060,"A",,"G",1060,"A",,2
151962,"R",7458,"A",,"A",,"G",166,"A",,"R",85,"A",,2
152044,"A",,"R",121880,"A",,"G",135,"A",,"G",135,"A",,1
152080,"R",252330,"A",,"R",48915,"G",8411,"G",2038,"G",8411,"G",2038,2
152099,"R",47154,"A",,"R",10249,"G",1572,"G",427,"G",1572,"G",427,2
152150,"A",,"R",90500,"A",,"G",101,"A",,"G",101,"A",,1
152220,"R",25992,"A",,"A",,"G",866,"A",,"G",866,"A",,2
152248,"R",184964,"A",,"R",13382,"G",6165,"G",558,"G",6165,"G",558,2
152266,"R",79182,"A",,"R",1167,"G",2639,"G",49,"G",2639,"G",49,2
152275,"A",,"R",189780,"A",,"G",211,"A",,"G",211,"A",,1
152309,"A",,"R",95400,"A",,"G",106,"A",,"G",106,"A",,1
152318,"R",76875,"A",,"R",2129,"G",1708,"G",59,"G",1708,"G",59,2
152327,"A",,"R",60445,"A",,"G",67,"A",,"G",67,"A",,1
152336,"R",44995,"A",,"R",5837,"G",1500,"G",243,"G",1500,"G",243,2
152363,"R",32743,"A",,"R",165,"G",1091,"G",7,"G",1091,"R",24,2
152381,"R",22276,"A",,"R",1498,"G",743,"G",62,"G",743,"R",83,2
152390,"R",47724,"A",,"A",,"G",1591,"A",,"G",1591,"A",,2
152415,"R",32890,"A",,"A",,"G",731,"A",,"G",731,"A",,2
152424,"R",23042,"A",,"A",,"G",512,"A",,"G",512,"A",,2
152451,"A",,"A",,"R",3317,"A",,"G",138,"A",,"G",138,2
152497,"R",7907,"A",,"A",,"G",264,"A",,"G",264,"A",,2
152530,"R",61591,"A",,"Z",0,"G",2053,"A",,"R",1812,"A",,2
152567,"R",35034,"A",,"R",87,"G",1168,"G",4,"G",1168,"G",4,2
152600,"R",90674,"A",,"R",8234,"G",3022,"G",343,"G",3022,"G",343,2
152628,"A",,"R",77207,"A",,"G",86,"A",,"G",86,"A",,1
152637,"R",214913,"A",,"A",,"G",7164,"A",,"G",7164,"A",,2
152673,"R",31012,"A",,"A",,"G",1034,"A",,"G",1034,"A",,2
152798,"R",7608,"A",,"R",728,"G",254,"G",30,"G",254,"G",30,2
152822,"R",42912,"A",,"A",,"G",954,"A",,"G",954,"A",,2
152992,"R",31038,"A",,"R",688,"G",1035,"G",29,"G",1035,"G",29,2
153001,"R",79795,"A",,"R",2496,"G",2660,"G",104,"G",2660,"G",104,2
153038,"A",,"R",51000,"A",,"G",57,"A",,"G",57,"A",,1
153074,"R",4740,"R",4890,"A",,"G",163,"A",,"G",163,"A",,3
153083,"R",5483,"A",,"A",,"G",183,"A",,"G",183,"A",,2
153092,"A",,"R",23089,"A",,"G",26,"A",,"R",13,"A",,1
153108,"R",39855,"A",,"A",,"G",1329,"A",,"G",1329,"A",,2
153126,"R",26459,"A",,"R",2703,"G",882,"G",113,"G",882,"G",113,2
153144,"R",40410,"A",,"R",368,"G",1347,"G",15,"G",1347,"G",15,2
153162,"R",37903,"A",,"A",,"G",1263,"A",,"R",1136,"A",,2
153171,"A",,"R",30030,"A",,"G",33,"A",,"G",33,"A",,1
153214,"R",345204,"A",,"A",,"G",11507,"A",,"G",11507,"A",,2
153241,"R",747,"A",,"A",,"G",25,"A",,"G",25,"A",,2
153250,"R",38247,"A",,"R",376,"G",1275,"G",16,"R",1275,"R",27,2
153269,"R",86614,"A",,"R",46574,"G",2887,"G",1941,"G",2887,"G",1941,2
153278,"R",37311,"A",,"R",1803,"G",1244,"G",75,"G",1244,"G",75,2
153296,"R",21994,"A",,"A",,"G",733,"A",,"G",733,"A",,2
153302,"R",7523,"A",,"A",,"G",251,"A",,"R",222,"A",,2
153311,"R",149251,"A",,"A",,"G",4975,"A",,"G",4975,"A",,2
153320,"R",9978,"A",,"R",617,"G",333,"G",26,"G",333,"G",26,2
153339,"A",,"R",28826,"A",,"G",32,"A",,"G",32,"A",,1
153366,"R",46213,"A",,"R",12381,"G",1540,"G",516,"G",1540,"G",516,2
153375,"R",43800,"A",,"Z",0,"G",1460,"A",,"R",1552,"A",,2
153384,"R",48282,"A",,"A",,"G",1609,"A",,"G",1609,"A",,2
153409,"R",32326,"A",,"A",,"G",718,"A",,"G",718,"A",,2
153418,"R",32399,"A",,"A",,"G",720,"A",,"G",720,"A",,2
153427,"R",21735,"A",,"A",,"G",725,"A",,"G",725,"A",,2
153445,"R",127104,"R",2451552,"A",,"G",6961,"A",,"G",6961,"A",,3
153463,"A",,"R",28800,"A",,"G",32,"A",,"G",32,"A",,1
153472,"R",107736,"A",,"A",,"G",3591,"A",,"G",3591,"A",,2
153524,"R",103488,"A",,"A",,"G",3450,"A",,"G",3450,"A",,2
153533,"R",71587,"A",,"A",,"G",2386,"A",,"G",2386,"A",,2
153542,"R",370,"A",,"A",,"G",12,"A",,"G",12,"A",,2
153588,"A",,"R",33199,"A",,"G",37,"A",,"R",18,"A",,1
153597,"A",,"R",159250,"A",,"G",177,"A",,"G",177,"A",,1
153603,"R",592796,"A",,"R",68483,"G",19760,"G",2853,"G",19760,"G",2853,2
153621,"R",23584,"A",,"A",,"G",786,"A",,"G",786,"A",,2
153630,"R",114617,"A",,"A",,"G",3821,"A",,"G",3821,"A",,2
153658,"R",632720,"A",,"R",74318,"G",21091,"G",3097,"G",21091,"G",3097,2
153737,"R",330860,"A",,"A",,"G",11029,"A",,"G",11029,"A",,2
153746,"A",,"R",169075,"A",,"G",188,"A",,"G",188,"A",,1
153764,"A",,"R",326150,"A",,"G",362,"A",,"G",362,"A",,1
153773,"A",,"R",87500,"A",,"G",97,"A",,"G",97,"A",,1
153782,"A",,"R",85550,"A",,"G",95,"A",,"G",95,"A",,1
153825,"R",45882,"A",,"R",685,"G",1529,"G",29,"G",1529,"G",29,2
153834,"R",78053,"A",,"A",,"G",2602,"A",,"G",2602,"A",,2
153861,"R",10919,"A",,"R",17380,"G",364,"G",724,"G",364,"G",724,2
153922,"R",35744,"A",,"A",,"G",1191,"A",,"G",1191,"A",,2
153977,"R",20190,"A",,"A",,"G",673,"A",,"G",673,"A",,2
154004,"R",35496,"A",,"R",9207,"G",1183,"G",384,"G",1183,"G",384,2
154013,"R",39264,"A",,"A",,"G",1309,"A",,"G",1309,"A",,2
154022,"R",161707,"A",,"R",10557,"G",5390,"G",440,"G",5390,"G",440,2
154059,"R",66027,"A",,"A",,"G",2201,"A",,"G",2201,"A",,2
154095,"R",299923,"A",,"R",28847,"G",9997,"G",1202,"G",9997,"R",1603,2
154101,"R",38679,"A",,"A",,"G",1289,"A",,"G",1289,"A",,2
154110,"R",92163,"A",,"A",,"G",3072,"A",,"G",3072,"A",,2
154129,"R",28512,"A",,"A",,"G",950,"A",,"G",950,"A",,2
154156,"A",,"A",,"R",5948,"A",,"G",248,"A",,"G",248,2
154165,"A",,"R",60970,"A",,"G",68,"A",,"G",68,"A",,1
154174,"R",3712,"A",,"R",172,"G",124,"G",7,"G",124,"G",7,2
154208,"A",,"R",343764,"A",,"G",382,"A",,"G",382,"A",,1
154235,"R",77402,"A",,"R",16103,"G",2580,"G",671,"G",2580,"G",671,2
154262,"R",3912,"A",,"A",,"G",130,"A",,"G",130,"A",,2
154332,"A",,"R",87525,"A",,"G",97,"A",,"G",97,"A",,1
154341,"A",,"R",143950,"A",,"G",160,"A",,"G",160,"A",,1
154350,"R",54334,"A",,"R",1800,"G",1811,"G",75,"G",1811,"G",75,2
154378,"R",73333,"A",,"A",,"G",2444,"A",,"G",2444,"A",,2
154396,"R",32455,"A",,"A",,"G",1082,"A",,"G",1082,"A",,2
154448,"R",4422,"R",223,"A",,"G",148,"A",,"G",148,"A",,3
154457,"A",,"R",48230,"A",,"G",54,"A",,"G",54,"A",,1
154466,"A",,"R",113347,"A",,"G",126,"A",,"G",126,"A",,1
154484,"A",,"R",22500,"A",,"G",25,"A",,"G",25,"A",,1
154493,"R",105082,"A",,"R",4660,"G",3503,"G",194,"G",3503,"G",194,2
154509,"R",2203,"A",,"A",,"G",73,"A",,"G",73,"A",,2
154518,"R",19858,"A",,"A",,"G",662,"A",,"G",662,"A",,2
154527,"R",55485,"A",,"A",,"G",1850,"A",,"G",1850,"A",,2
154536,"A",,"A",,"R",930,"A",,"G",39,"A",,"G",39,2
154545,"A",,"R",51882,"A",,"G",58,"A",,"G",58,"A",,1
154572,"R",101626,"A",,"A",,"G",3388,"A",,"G",3388,"A",,2
154590,"R",45450,"A",,"A",,"G",1515,"A",,"G",1515,"A",,2
154633,"A",,"R",69200,"A",,"G",77,"A",,"G",77,"A",,1
154642,"R",56921,"A",,"A",,"G",1897,"A",,"G",1897,"A",,2
154651,"A",,"R",56970,"A",,"G",63,"A",,"G",63,"A",,1
154688,"R",52735,"A",,"R",37649,"G",1758,"G",1569,"G",1758,"G",1569,2
154697,"R",88499,"A",,"A",,"G",2950,"A",,"G",2950,"A",,2
154712,"R",39585,"A",,"R",1713,"G",1320,"G",71,"G",1320,"G",71,2
154721,"R",13720,"A",,"A",,"G",457,"A",,"G",457,"A",,2
154749,"R",15493,"A",,"A",,"G",516,"A",,"G",516,"A",,2
154767,"R",19474,"A",,"A",,"G",433,"A",,"G",433,"A",,2
154776,"R",20666,"A",,"A",,"G",459,"A",,"G",459,"A",,2
154794,"R",17280,"A",,"A",,"G",384,"A",,"G",384,"A",,2
154800,"R",168776,"A",,"A",,"G",5626,"A",,"G",5626,"A",,2
154819,"A",,"R",201500,"A",,"G",224,"A",,"G",224,"A",,1
154837,"R",84,"A",,"R",184,"G",3,"G",8,"R",5,"R",10,2
154855,"R",10444,"A",,"A",,"G",348,"A",,"G",348,"A",,2
154907,"R",41742,"A",,"A",,"G",1391,"A",,"G",1391,"A",,2
154925,"R",32876,"R",23292,"A",,"G",1122,"A",,"G",1122,"A",,3
154934,"R",36014,"A",,"A",,"G",1200,"A",,"G",1200,"A",,2
154943,"A",,"R",82065,"A",,"G",91,"A",,"G",91,"A",,1
154952,"R",103946,"A",,"A",,"G",3465,"A",,"G",3465,"A",,2
154970,"A",,"R",79700,"A",,"G",89,"A",,"R",53,"A",,1
154998,"R",34157,"A",,"A",,"G",1139,"A",,"G",1139,"A",,2
155007,"R",9493,"A",,"A",,"G",316,"A",,"G",316,"A",,2
155025,"R",124479,"A",,"R",31074,"G",4149,"G",1295,"G",4149,"G",1295,2
155052,"R",9767,"A",,"A",,"G",326,"A",,"G",326,"A",,2
155061,"R",163883,"A",,"R",17433,"G",5463,"G",726,"G",5463,"G",726,2
155070,"R",2329,"A",,"A",,"G",78,"A",,"G",78,"A",,2
155089,"R",56856,"A",,"R",9998,"G",1895,"G",417,"G",1895,"G",417,2
155098,"R",46122,"A",,"A",,"G",1537,"A",,"G",1537,"A",,2
155104,"R",42289,"A",,"A",,"G",1410,"A",,"G",1410,"A",,2
155140,"R",24568,"A",,"A",,"G",819,"A",,"G",819,"A",,2
155159,"A",,"R",69000,"A",,"G",77,"A",,"G",77,"A",,1
155177,"R",12511,"A",,"A",,"G",417,"A",,"G",417,"A",,2
155186,"R",49096,"A",,"A",,"G",1637,"A",,"G",1637,"A",,2
155195,"R",90257,"R",158019,"A",,"G",3184,"A",,"G",3184,"A",,3
155201,"R",24079,"A",,"A",,"G",803,"A",,"G",803,"A",,2
155210,"R",341317,"A",,"A",,"G",11377,"A",,"G",11377,"A",,2
155265,"R",16669,"A",,"A",,"G",556,"A",,"G",556,"A",,2
155283,"A",,"R",465085,"A",,"G",517,"A",,"G",517,"A",,1
155292,"R",104817,"A",,"A",,"G",3494,"A",,"G",3494,"A",,2
155317,"R",584208,"A",,"R",101365,"G",19474,"G",4224,"G",19474,"G",4224,2
155335,"R",39415,"A",,"R",8830,"G",1314,"G",368,"R",1314,"R",491,2
155353,"A",,"R",176500,"A",,"G",196,"A",,"G",196,"A",,1
155399,"R",496119,"A",,"R",76313,"G",16537,"G",3180,"G",16537,"G",3180,2
155414,"R",21933,"A",,"R",2007,"G",731,"G",84,"G",731,"G",84,2
155423,"R",17362,"A",,"A",,"G",579,"A",,"G",579,"A",,2
155441,"A",,"R",55685,"A",,"G",62,"A",,"G",62,"A",,1
155450,"R",30355,"A",,"A",,"G",1012,"A",,"G",1012,"A",,2
155478,"R",15394,"A",,"A",,"G",513,"A",,"R",229,"A",,2
155487,"R",10867,"A",,"A",,"G",362,"A",,"G",362,"A",,2
155496,"R",9688,"A",,"A",,"G",323,"A",,"G",323,"A",,2
155511,"R",17157,"A",,"A",,"G",572,"A",,"G",572,"A",,2
155520,"R",38187,"A",,"R",11072,"G",1273,"G",461,"G",1273,"G",461,2
155566,"R",35748,"A",,"A",,"G",1192,"A",,"G",1192,"A",,2
155593,"A",,"R",477142,"A",,"G",530,"A",,"G",530,"A",,1
155609,"A",,"R",219898,"A",,"G",244,"A",,"G",244,"A",,1
155618,"A",,"R",316537,"A",,"G",352,"A",,"G",352,"A",,1
155627,"R",11316,"A",,"A",,"G",377,"A",,"G",377,"A",,2
155636,"R",11112,"A",,"R",7703,"G",370,"G",321,"G",370,"G",321,2
155681,"R",168970,"A",,"R",20005,"G",5632,"G",834,"G",5632,"G",834,2
155715,"R",30615,"A",,"A",,"G",1021,"A",,"G",1021,"A",,2
155812,"R",14060,"A",,"R",4742,"G",469,"G",198,"G",469,"G",198,2
155830,"R",8839,"A",,"A",,"G",295,"A",,"G",295,"A",,2
155858,"R",27740,"A",,"A",,"G",925,"A",,"G",925,"A",,2
155867,"A",,"R",76500,"A",,"G",85,"A",,"G",85,"A",,1
155876,"A",,"R",136091,"A",,"G",151,"A",,"G",151,"A",,1
155900,"R",41501,"A",,"R",4540,"G",1383,"G",189,"G",1383,"G",189,2
155937,"R",15867,"A",,"A",,"G",529,"A",,"R",559,"A",,2
155973,"R",16492,"A",,"R",81,"G",550,"G",3,"G",550,"G",3,2
156082,"R",144730,"A",,"R",6589,"G",4824,"G",275,"G",4824,"G",275,2
156107,"A",,"R",638578,"A",,"G",710,"A",,"G",710,"A",,1
156125,"R",267858,"A",,"R",42916,"G",8929,"G",1788,"G",8929,"G",1788,2
156134,"A",,"R",1181952,"A",,"G",1313,"A",,"G",1313,"A",,1
156189,"R",18615,"A",,"A",,"G",621,"A",,"G",621,"A",,2
156213,"R",34682,"A",,"R",1189,"G",1156,"G",50,"G",1156,"G",50,2
156222,"A",,"A",,"R",28530,"A",,"G",1189,"A",,"G",1189,2
156231,"R",66321,"A",,"A",,"G",2211,"A",,"G",2211,"A",,2
156277,"A",,"R",83255,"A",,"G",93,"A",,"G",93,"A",,1
156286,"R",61253,"A",,"R",13904,"G",2042,"G",579,"G",2042,"G",579,2
156295,"R",56325,"A",,"A",,"G",1878,"A",,"R",1614,"A",,2
156310,"A",,"R",819500,"A",,"G",911,"A",,"G",911,"A",,1
156338,"R",35196,"A",,"A",,"G",1173,"A",,"G",1173,"A",,2
156356,"R",12743,"A",,"R",472,"G",425,"G",20,"G",425,"G",20,2
156365,"R",50599,"A",,"R",8129,"G",1687,"G",339,"G",1687,"G",339,2
156392,"R",218345,"A",,"A",,"G",7278,"A",,"G",7278,"A",,2
156408,"R",33299,"A",,"A",,"G",1110,"A",,"R",1131,"A",,2
156417,"R",4573,"A",,"A",,"G",152,"A",,"G",152,"A",,2
156426,"A",,"R",32400,"A",,"G",36,"A",,"G",36,"A",,1
156444,"A",,"R",15025,"A",,"G",17,"A",,"G",17,"A",,1
156471,"R",14760,"R",479520,"A",,"G",1025,"A",,"R",1062,"A",,3
156541,"R",42319,"A",,"R",7176,"G",1411,"G",299,"G",1411,"G",299,2
156611,"A",,"R",20450,"A",,"G",23,"A",,"G",23,"A",,1
156620,"R",359106,"A",,"R",35843,"G",11970,"G",1493,"G",11970,"G",1493,2
156648,"R",86133,"A",,"A",,"G",2871,"A",,"G",2871,"A",,2
156675,"A",,"R",53280,"A",,"G",59,"A",,"G",59,"A",,1
156727,"A",,"A",,"R",9744,"A",,"G",271,"A",,"G",271,2
156745,"R",38728,"A",,"R",8015,"G",1291,"G",334,"G",1291,"G",334,2
156754,"A",,"R",169500,"A",,"G",188,"A",,"G",188,"A",,1
156790,"R",58233,"A",,"A",,"G",1941,"A",,"G",1941,"A",,2
156842,"A",,"R",66715,"A",,"G",74,"A",,"G",74,"A",,1
156851,"R",30546,"A",,"A",,"G",1018,"A",,"G",1018,"A",,2
156860,"R",50254,"A",,"A",,"G",1675,"A",,"G",1675,"A",,2
156903,"R",6668,"A",,"A",,"G",222,"A",,"G",222,"A",,2
156921,"R",234365,"A",,"A",,"G",7812,"A",,"G",7812,"A",,2
156949,"A",,"R",21600,"A",,"G",24,"A",,"G",24,"A",,1
156967,"A",,"R",47800,"A",,"G",53,"A",,"G",53,"A",,1
157021,"R",117782,"A",,"A",,"G",2617,"A",,"G",2617,"A",,2
157030,"R",1966,"A",,"A",,"G",66,"A",,"R",71,"A",,2
157058,"R",79137,"A",,"R",3291,"G",2638,"G",137,"R",2410,"R",144,2
157076,"R",27929,"A",,"A",,"G",931,"A",,"G",931,"A",,2
157085,"R",541102,"A",,"R",85832,"G",18037,"G",3576,"G",18037,"G",3576,2
157100,"R",16015,"A",,"R",171,"G",534,"G",7,"G",534,"G",7,2
157146,"A",,"R",30800,"A",,"G",34,"A",,"G",34,"A",,1
157207,"A",,"A",,"R",604,"A",,"G",25,"A",,"R",33,2
157216,"R",42392,"A",,"R",7700,"G",1413,"G",321,"G",1413,"G",321,2
157270,"R",31776,"A",,"A",,"G",706,"A",,"G",706,"A",,2
157289,"R",385524,"A",,"R",69174,"G",12851,"G",2882,"G",12851,"G",2882,2
157298,"A",,"A",,"R",3747,"A",,"G",156,"A",,"G",156,2
157304,"R",60065,"A",,"A",,"G",2002,"A",,"G",2002,"A",,2
157331,"R",68874,"A",,"A",,"G",2296,"A",,"G",2296,"A",,2
157359,"R",31368,"A",,"A",,"G",1046,"A",,"G",1046,"A",,2
157377,"R",33972,"A",,"A",,"G",1132,"A",,"G",1132,"A",,2
157386,"R",191928,"A",,"R",22792,"G",6398,"G",950,"G",6398,"G",950,2
157395,"A",,"R",54462,"A",,"G",61,"A",,"G",61,"A",,1
157401,"R",236827,"A",,"R",22356,"G",7894,"G",932,"G",7894,"G",932,2
157438,"R",43292,"A",,"A",,"G",1443,"A",,"G",1443,"A",,2
157447,"R",313934,"A",,"R",20267,"G",10464,"G",844,"G",10464,"G",844,2
157456,"A",,"R",38700,"A",,"G",43,"A",,"G",43,"A",,1
157465,"R",12920,"A",,"A",,"G",287,"A",,"G",287,"A",,2
157483,"R",96565,"A",,"A",,"G",3219,"A",,"G",3219,"A",,2
157508,"A",,"R",1560,"A",,"G",2,"A",,"G",2,"A",,1
157535,"R",22460,"A",,"A",,"G",749,"A",,"G",749,"A",,2
157553,"R",70809,"A",,"A",,"G",2360,"A",,"G",2360,"A",,2
157599,"R",18722,"A",,"A",,"G",416,"A",,"G",416,"A",,2
157614,"A",,"R",186762,"A",,"G",208,"A",,"G",208,"A",,1
157632,"R",14827,"A",,"A",,"G",494,"A",,"G",494,"A",,2
157650,"A",,"R",159329,"A",,"G",177,"A",,"G",177,"A",,1
157669,"A",,"R",109522,"A",,"G",122,"A",,"G",122,"A",,1
157678,"A",,"R",143567,"A",,"G",160,"A",,"G",160,"A",,1
157696,"R",24824,"A",,"A",,"G",552,"A",,"R",517,"A",,2
157711,"R",107246,"A",,"A",,"G",3575,"A",,"G",3575,"A",,2
157739,"R",61491,"A",,"A",,"G",2050,"A",,"G",2050,"A",,2
157748,"R",14067,"A",,"R",9665,"G",469,"G",403,"G",469,"G",403,2
157757,"R",22739,"A",,"R",13440,"G",758,"G",560,"R",825,"R",558,2
157766,"R",55198,"A",,"A",,"G",1227,"A",,"G",1227,"A",,2
157793,"R",133526,"A",,"R",4524,"G",2967,"G",126,"G",2967,"G",126,2
157809,"R",33122,"A",,"R",2234,"G",1104,"G",93,"R",1281,"R",98,2
157818,"R",40000,"A",,"A",,"G",1333,"A",,"R",1125,"A",,2
157827,"A",,"R",43200,"A",,"G",48,"A",,"G",48,"A",,1
157863,"R",18359,"A",,"R",17242,"G",612,"G",718,"G",612,"G",718,2
157951,"R",432860,"A",,"R",42078,"G",14429,"G",1753,"G",14429,"G",1753,2
158079,"A",,"R",101916,"A",,"G",113,"A",,"G",113,"A",,1
158088,"R",12336,"A",,"A",,"G",411,"A",,"G",411,"A",,2
158158,"A",,"R",164080,"A",,"G",182,"A",,"G",182,"A",,1
158219,"R",6728,"A",,"A",,"G",224,"A",,"G",224,"A",,2
158237,"R",9156,"A",,"A",,"G",305,"A",,"G",305,"A",,2
158246,"R",18904,"A",,"A",,"G",630,"A",,"G",630,"A",,2
158282,"A",,"R",36600,"A",,"G",41,"A",,"G",41,"A",,1
158307,"R",5807,"A",,"A",,"G",194,"A",,"G",194,"A",,2
158325,"R",2314,"A",,"A",,"G",77,"A",,"G",77,"A",,2
158334,"A",,"R",46800,"A",,"G",52,"A",,"G",52,"A",,1
158343,"R",5850,"A",,"A",,"G",195,"A",,"R",62,"A",,2
158352,"R",22057,"A",,"A",,"G",735,"A",,"G",735,"A",,2
158431,"R",102305,"A",,"A",,"G",3410,"A",,"G",3410,"A",,2
158440,"R",4142,"A",,"A",,"G",138,"A",,"G",138,"A",,2
158477,"R",28010,"A",,"R",1540,"G",934,"G",64,"G",934,"G",64,2
158538,"A",,"R",75000,"A",,"G",83,"A",,"G",83,"A",,1
158583,"R",5259,"A",,"A",,"G",175,"A",,"G",175,"A",,2
158617,"R",3825,"R",191958,"A",,"G",341,"A",,"G",341,"A",,3
158644,"A",,"R",51212,"A",,"G",57,"A",,"G",57,"A",,1
158662,"R",255208,"A",,"A",,"G",8507,"A",,"G",8507,"A",,2
158723,"R",20550,"A",,"A",,"G",457,"A",,"G",457,"A",,2
158769,"R",15613,"A",,"A",,"G",520,"A",,"G",520,"A",,2
158778,"A",,"R",37230,"A",,"G",41,"A",,"G",41,"A",,1
158787,"A",,"R",69043,"A",,"G",77,"A",,"G",77,"A",,1
158802,"R",33077,"A",,"A",,"G",1103,"A",,"G",1103,"A",,2
158884,"R",22789,"A",,"A",,"G",760,"A",,"G",760,"A",,2
158893,"R",6092,"A",,"A",,"G",203,"A",,"G",203,"A",,2
158936,"R",6420,"A",,"A",,"G",214,"A",,"G",214,"A",,2
158945,"R",24667,"A",,"A",,"G",822,"A",,"G",822,"A",,2
159009,"R",137575,"A",,"R",10326,"G",4586,"G",430,"G",4586,"G",430,2
159018,"R",9475,"A",,"A",,"G",316,"A",,"G",316,"A",,2
159027,"A",,"R",84388,"A",,"G",94,"A",,"G",94,"A",,1
159045,"R",6884,"A",,"A",,"G",229,"A",,"G",229,"A",,2
159090,"R",5306,"A",,"A",,"G",177,"A",,"G",177,"A",,2
159197,"A",,"R",391500,"A",,"G",435,"A",,"G",435,"A",,1
159249,"R",4373,"A",,"A",,"G",146,"A",,"G",146,"A",,2
159258,"R",8696,"A",,"A",,"G",290,"A",,"G",290,"A",,2
159267,"R",4569,"A",,"A",,"G",152,"A",,"G",152,"A",,2
159328,"A",,"R",106698,"A",,"G",119,"A",,"G",119,"A",,1
159373,"R",18107,"A",,"R",17014,"G",604,"G",709,"G",604,"G",709,2
159382,"R",59768,"A",,"A",,"G",1992,"A",,"G",1992,"A",,2
159391,"R",715061,"A",,"R",87576,"G",23835,"G",3649,"G",23835,"G",3649,2
159407,"R",59484,"A",,"A",,"G",1983,"A",,"G",1983,"A",,2
159416,"R",86428,"A",,"R",6114,"G",2881,"G",255,"G",2881,"G",255,2
159443,"R",26143,"A",,"A",,"G",871,"A",,"G",871,"A",,2
159513,"A",,"R",90000,"A",,"G",100,"A",,"G",100,"A",,1
159522,"A",,"R",90000,"A",,"G",100,"A",,"G",100,"A",,1
159531,"A",,"R",153750,"A",,"G",171,"A",,"G",171,"A",,1
159568,"R",26469,"A",,"A",,"G",882,"A",,"G",882,"A",,2
159601,"A",,"R",34550,"A",,"G",38,"A",,"G",38,"A",,1
159647,"R",250363,"A",,"R",28860,"G",5564,"G",802,"R",8345,"R",1203,2
159656,"R",89817,"A",,"R",11191,"G",2994,"G",466,"G",2994,"G",466,2
159692,"R",3985,"A",,"A",,"G",133,"A",,"G",133,"A",,2
159717,"R",205743,"A",,"R",15890,"G",6858,"G",662,"G",6858,"G",662,2
159823,"R",5854,"A",,"A",,"G",195,"A",,"G",195,"A",,2
159939,"R",238576,"A",,"R",40384,"G",7953,"G",1683,"G",7953,"G",1683,2
159948,"R",14104,"A",,"R",22345,"G",470,"G",931,"G",470,"G",931,2
159966,"R",169649,"A",,"R",11283,"G",5655,"G",470,"G",5655,"G",470,2
159984,"R",2705,"A",,"A",,"G",90,"A",,"G",90,"A",,2
159993,"R",211976,"A",,"R",17070,"G",7066,"G",711,"G",7066,"G",711,2
160001,"R",5695,"A",,"A",,"G",190,"A",,"G",190,"A",,2
160010,"R",18802,"A",,"A",,"G",627,"A",,"G",627,"A",,2
160029,"A",,"A",,"R",2826,"A",,"G",118,"A",,"G",118,2
160038,"R",228898,"A",,"R",17753,"G",7630,"G",740,"G",7630,"G",740,2
160047,"R",7156,"A",,"A",,"G",239,"A",,"G",239,"A",,2
160065,"R",26846,"A",,"R",2286,"G",895,"G",95,"G",895,"G",95,2
160074,"R",40976,"A",,"R",3998,"G",1366,"G",167,"R",1610,"R",141,2
160117,"A",,"R",42900,"A",,"G",48,"A",,"R",32,"A",,1
160126,"A",,"R",41250,"A",,"G",46,"A",,"R",34,"A",,1
160135,"A",,"R",55500,"A",,"G",62,"A",,"R",38,"A",,1
160144,"A",,"R",21750,"A",,"G",24,"A",,"R",14,"A",,1
160199,"A",,"R",139800,"A",,"G",155,"A",,"G",155,"A",,1
160214,"R",4311,"A",,"A",,"G",144,"A",,"G",144,"A",,2
160311,"R",15453,"A",,"A",,"G",515,"A",,"G",515,"A",,2
160320,"A",,"R",90000,"A",,"G",100,"A",,"G",100,"A",,1
160348,"A",,"R",17051,"A",,"G",19,"A",,"G",19,"A",,1
160366,"R",4479,"A",,"A",,"G",149,"A",,"G",149,"A",,2
160384,"R",3900,"A",,"A",,"G",130,"A",,"G",130,"A",,2
160409,"R",2839,"A",,"A",,"G",95,"A",,"G",95,"A",,2
160427,"R",24213,"A",,"A",,"G",807,"A",,"G",807,"A",,2
160445,"A",,"R",120517,"A",,"G",134,"A",,"G",134,"A",,1
160472,"A",,"R",156300,"A",,"G",174,"A",,"G",174,"A",,1
160481,"R",22846,"R",57826,"A",,"G",826,"A",,"G",826,"A",,3
160524,"R",22663,"A",,"A",,"G",504,"A",,"G",504,"A",,2
160560,"R",5420,"A",,"A",,"G",181,"A",,"G",181,"A",,2
160579,"R",38454,"A",,"A",,"G",1282,"A",,"G",1282,"A",,2
160597,"P",,"P",160176,"P",0,"P",178,"P",0,"P",178,"P",0,1
160612,"R",371962,"A",,"R",20994,"G",12399,"G",875,"G",12399,"G",875,2
160621,"R",224869,"A",,"R",27744,"G",7496,"G",1156,"G",7496,"G",1156,2
160630,"R",48898,"A",,"R",9759,"G",1630,"G",407,"G",1630,"G",407,2
160649,"R",59513,"A",,"A",,"G",1984,"A",,"R",1984,"A",,2
160658,"R",411106,"A",,"R",22467,"G",13704,"G",936,"G",13704,"G",936,2
160667,"R",16725,"A",,"A",,"G",558,"A",,"G",558,"A",,2
160676,"R",17938,"A",,"A",,"G",598,"A",,"G",598,"A",,2
160685,"R",8651,"A",,"A",,"G",288,"A",,"G",288,"A",,2
160694,"R",11930,"A",,"A",,"G",398,"A",,"G",398,"A",,2
160719,"R",9518,"A",,"A",,"G",317,"A",,"G",317,"A",,2
160755,"R",180252,"A",,"R",82312,"G",6008,"G",3430,"G",6008,"G",3430,2
160816,"R",4576,"A",,"A",,"G",153,"A",,"G",153,"A",,2
160843,"R",6981,"A",,"A",,"G",233,"A",,"G",233,"A",,2
160870,"R",1357,"A",,"A",,"G",45,"A",,"R",45,"A",,2
160904,"R",65335,"A",,"R",1256,"G",2178,"G",52,"R",2218,"R",75,2
160913,"R",9944,"R",107032,"A",,"G",450,"A",,"G",450,"A",,3
160940,"R",32478,"A",,"A",,"G",1083,"A",,"G",1083,"A",,2
160959,"R",8885,"A",,"R",471,"G",296,"G",20,"G",296,"G",20,2
160968,"R",319,"A",,"R",545,"G",11,"G",23,"G",11,"G",23,2
160977,"R",14791,"A",,"A",,"G",493,"A",,"R",1727,"A",,2
160995,"R",11627,"A",,"A",,"G",388,"A",,"G",388,"A",,2
161004,"R",41922,"A",,"A",,"G",1397,"A",,"R",1714,"A",,2
161022,"R",2385,"A",,"A",,"G",80,"A",,"G",80,"A",,2
161059,"R",799,"A",,"A",,"G",27,"A",,"G",27,"A",,2
161077,"R",39209,"A",,"A",,"G",1307,"A",,"G",1307,"A",,2
161086,"R",61595,"A",,"A",,"G",2053,"A",,"G",2053,"A",,2
161138,"R",41471,"A",,"A",,"G",1382,"A",,"G",1382,"A",,2
161165,"R",52477,"A",,"R",3596,"G",1749,"G",150,"G",1749,"G",150,2
161192,"R",34923,"A",,"A",,"G",1164,"A",,"G",1164,"A",,2
161208,"A",,"R",93485,"A",,"G",104,"A",,"R",63,"A",,1
161217,"R",89010,"A",,"R",208,"G",2967,"G",9,"G",2967,"G",9,2
161226,"R",67408,"A",,"A",,"G",2247,"A",,"R",2100,"A",,2
161235,"R",31666,"A",,"A",,"G",1056,"A",,"G",1056,"A",,2
161244,"R",20849,"A",,"A",,"G",695,"A",,"G",695,"A",,2
161253,"R",248077,"A",,"R",27305,"G",8269,"G",1138,"G",8269,"G",1138,2
161299,"R",25936,"A",,"R",327,"G",865,"G",14,"G",865,"G",14,2
161341,"R",37090,"A",,"A",,"G",1236,"A",,"G",1236,"A",,2
161378,"R",71,"A",,"A",,"G",2,"A",,"G",2,"A",,2
161457,"R",55832,"A",,"R",34042,"G",1861,"G",1418,"G",1861,"G",1418,2
161484,"R",20715,"A",,"A",,"G",691,"A",,"G",691,"A",,2
161493,"A",,"R",429733,"A",,"G",477,"A",,"G",477,"A",,1
161509,"R",11008,"A",,"R",1005,"G",367,"G",42,"R",366,"R",28,2
161518,"R",41266,"A",,"R",8156,"G",1376,"G",340,"G",1376,"G",340,2
161527,"A",,"R",111328,"A",,"G",124,"A",,"R",124,"A",,1
161545,"R",97312,"A",,"A",,"G",3244,"A",,"G",3244,"A",,2
161554,"R",178213,"A",,"R",31639,"G",5940,"G",1318,"G",5940,"G",1318,2
161563,"R",19240,"A",,"R",2229,"G",641,"G",93,"G",641,"G",93,2
161572,"R",16067,"A",,"A",,"G",536,"A",,"R",562,"A",,2
161581,"R",9675,"A",,"A",,"G",323,"A",,"G",323,"A",,2
161615,"A",,"R",39501,"A",,"G",44,"A",,"G",44,"A",,1
161651,"A",,"R",76000,"A",,"G",84,"A",,"G",84,"A",,1
161688,"R",71738,"A",,"A",,"G",2391,"A",,"G",2391,"A",,2
161767,"R",265590,"A",,"A",,"G",8853,"A",,"G",8853,"A",,2
161776,"R",24547,"A",,"A",,"G",818,"A",,"G",818,"A",,2
161800,"A",,"R",73800,"A",,"G",82,"A",,"G",82,"A",,1
161837,"R",288,"A",,"R",932,"G",10,"G",39,"R",12,"R",52,2
161855,"A",,"R",161100,"A",,"G",179,"A",,"G",179,"A",,1
161864,"R",142439,"A",,"A",,"G",4748,"A",,"G",4748,"A",,2
161873,"R",43665,"A",,"R",22802,"G",1456,"G",950,"G",1456,"G",950,2
161882,"R",17080,"A",,"A",,"G",569,"A",,"G",569,"A",,2
162007,"R",106476,"A",,"R",16590,"G",3549,"G",691,"G",3549,"G",691,2
162061,"R",8079,"A",,"R",6894,"G",269,"G",287,"G",269,"G",287,2
162104,"R",35010,"A",,"A",,"G",1167,"A",,"G",1167,"A",,2
162122,"R",118397,"A",,"A",,"G",3947,"A",,"G",3947,"A",,2
162168,"R",43702,"A",,"A",,"G",1457,"A",,"G",1457,"A",,2
162210,"R",29361,"A",,"R",1646,"G",979,"G",69,"G",979,"G",69,2
162283,"R",83489,"A",,"R",10571,"G",2783,"G",440,"G",2783,"G",440,2
162335,"A",,"R",56210,"A",,"G",62,"A",,"G",62,"A",,1
162371,"A",,"R",541820,"A",,"G",602,"A",,"G",602,"A",,1
162557,"R",96387,"A",,"A",,"G",3213,"A",,"G",3213,"A",,2
162584,"R",120817,"A",,"R",10804,"G",4027,"G",450,"G",4027,"G",450,2
162609,"R",16993,"A",,"A",,"G",566,"A",,"G",566,"A",,2
162654,"R",41262,"A",,"R",11228,"G",1375,"G",468,"G",1375,"G",468,2
162681,"R",41629,"A",,"A",,"G",925,"A",,"G",925,"A",,2
162690,"R",68795,"A",,"A",,"G",2293,"A",,"G",2293,"A",,2
162706,"R",92613,"A",,"A",,"G",3087,"A",,"G",3087,"A",,2
162760,"R",35541,"A",,"R",9933,"G",1185,"G",414,"G",1185,"G",414,2
162779,"R",132752,"A",,"A",,"G",4425,"A",,"G",4425,"A",,2
162830,"A",,"R",53094,"A",,"G",59,"A",,"G",59,"A",,1
162928,"R",176755,"A",,"R",272774,"G",5892,"G",11366,"G",5892,"G",11366,2
162982,"A",,"R",139920,"A",,"G",155,"A",,"G",155,"A",,1
163028,"R",84927,"A",,"A",,"G",2831,"A",,"G",2831,"A",,2
163046,"R",103608,"A",,"R",39676,"G",3454,"G",1653,"R",3546,"R",1609,2
163107,"A",,"R",60300,"A",,"G",67,"A",,"G",67,"A",,1
163204,"R",353259,"A",,"R",115118,"G",11775,"G",4797,"R",11775,"R",4813,2
163259,"R",20958,"A",,"R",56239,"G",699,"G",2343,"G",699,"G",2343,2
163268,"R",270350,"A",,"R",24644,"G",9012,"G",1027,"G",9012,"G",1027,2
163286,"R",749113,"A",,"R",140394,"G",24970,"G",5850,"R",24970,"R",6488,2
163295,"R",52314,"A",,"R",5416,"G",1744,"G",226,"R",1744,"R",181,2
163338,"R",103441,"A",,"R",6591,"G",3448,"G",275,"G",3448,"G",275,2
163347,"A",,"R",843692,"A",,"G",937,"A",,"R",914,"A",,1
163408,"A",,"R",91800,"A",,"G",102,"A",,"G",102,"A",,1
163426,"R",453068,"A",,"A",,"G",15102,"A",,"R",15110,"A",,2
163453,"R",164174,"A",,"R",11251,"G",5472,"G",469,"G",5472,"G",469,2
163462,"R",49539,"A",,"R",6825,"G",1651,"G",284,"G",1651,"R",379,2
163532,"R",11536,"A",,"R",2628,"G",385,"G",110,"G",385,"G",110,2
163541,"A",,"R",180900,"A",,"G",201,"A",,"G",201,"A",,1
163578,"R",35770,"A",,"R",21264,"G",1192,"G",886,"G",1192,"G",886,2
163657,"R",209990,"A",,"A",,"G",7000,"A",,"G",7000,"A",,2
163736,"R",48453,"A",,"A",,"G",1615,"A",,"G",1615,"A",,2
163754,"A",,"R",131833,"A",,"G",146,"A",,"G",146,"A",,1
163815,"A",,"R",97200,"A",,"G",108,"A",,"G",108,"A",,1
163842,"R",245,"A",,"R",2177,"G",8,"G",91,"G",8,"G",91,2
163851,"R",197558,"A",,"R",8796,"G",6585,"G",367,"G",6585,"G",367,2
163912,"R",59776,"A",,"R",335,"G",1993,"G",14,"R",1954,"R",14,2
163921,"R",29961,"A",,"R",1428,"G",999,"G",60,"G",999,"G",60,2
163976,"R",17201,"A",,"R",1956,"G",573,"G",82,"R",506,"R",109,2
164058,"R",30986,"A",,"A",,"G",1033,"A",,"G",1033,"A",,2
164076,"R",436183,"A",,"R",48686,"G",14539,"G",2029,"G",14539,"G",2029,2
164085,"A",,"A",,"R",9121,"A",,"G",380,"A",,"G",380,2
164100,"A",,"R",19080,"A",,"G",21,"A",,"G",21,"A",,1
164155,"R",153353,"A",,"A",,"G",5112,"A",,"R",4450,"A",,2
164173,"R",79508,"A",,"R",3759,"G",2650,"G",157,"G",2650,"G",157,2
164207,"R",5418,"A",,"R",3345,"G",181,"G",139,"R",226,"R",186,2
164216,"R",42113,"A",,"R",642,"G",1404,"G",27,"R",1316,"R",24,2
164243,"A",,"A",,"R",2410,"A",,"G",100,"A",,"R",89,2
164270,"R",55310,"A",,"R",24496,"G",1844,"G",1021,"G",1844,"G",1021,2
164313,"R",57516,"A",,"A",,"G",1917,"A",,"G",1917,"A",,2
164447,"R",37978,"A",,"R",9765,"G",1266,"G",407,"G",1266,"G",407,2
164465,"R",58404,"A",,"A",,"G",1947,"A",,"R",1639,"A",,2
164474,"A",,"A",,"R",1092,"A",,"G",46,"A",,"G",46,2
164492,"R",22427,"A",,"R",5512,"G",748,"G",230,"G",748,"G",230,2
164562,"R",67574,"A",,"R",7714,"G",2252,"G",321,"G",2252,"R",429,2
164571,"R",15661,"A",,"R",396,"G",522,"G",17,"G",522,"G",17,2
164580,"R",55944,"A",,"R",32448,"G",1865,"G",1352,"G",1865,"G",1352,2
164599,"R",4425,"A",,"A",,"G",148,"A",,"G",148,"A",,2
164614,"R",4900,"A",,"A",,"G",163,"A",,"G",163,"A",,2
164632,"R",34027,"A",,"R",2771,"G",1134,"G",115,"G",1134,"G",115,2
164641,"R",27230,"A",,"A",,"G",908,"A",,"G",908,"A",,2
164678,"R",4488,"R",7200,"A",,"G",158,"A",,"G",158,"A",,3
164720,"R",41036,"A",,"A",,"G",1368,"A",,"G",1368,"A",,2
164739,"R",118020,"A",,"R",14688,"G",3934,"G",612,"R",4051,"R",764,2
164748,"R",123541,"A",,"A",,"G",4118,"A",,"R",3643,"A",,2
164775,"R",39498,"A",,"A",,"G",1317,"A",,"G",1317,"A",,2
164845,"A",,"R",288810,"A",,"G",321,"A",,"G",321,"A",,1
164872,"R",18572,"A",,"R",16140,"G",619,"G",673,"G",619,"G",673,2
164915,"A",,"A",,"R",2000,"A",,"G",83,"A",,"G",83,2
164924,"R",291062,"A",,"R",68955,"G",9702,"G",2873,"G",9702,"G",2873,2
164933,"R",12232,"A",,"R",3223,"G",408,"G",134,"G",408,"G",134,2
164988,"R",618559,"A",,"R",180088,"G",20619,"G",7504,"G",20619,"G",7504,2
165015,"R",111399,"A",,"R",53350,"G",3713,"G",2223,"G",3713,"G",2223,2
165024,"R",209776,"A",,"R",25106,"G",6993,"G",1046,"G",6993,"G",1046,2
165033,"R",125570,"A",,"A",,"G",4186,"A",,"G",4186,"A",,2
165060,"R",7776,"A",,"A",,"G",259,"A",,"G",259,"A",,2
165112,"R",156142,"A",,"A",,"G",5205,"A",,"G",5205,"A",,2
165149,"R",90,"A",,"A",,"G",3,"A",,"G",3,"A",,2
165167,"R",9589,"A",,"R",45686,"G",320,"G",1904,"G",320,"G",1904,2
165194,"R",69968,"A",,"A",,"G",2332,"A",,"G",2332,"A",,2
165255,"A",,"R",178800,"A",,"G",199,"A",,"G",199,"A",,1
165264,"R",9490,"A",,"A",,"G",316,"A",,"G",316,"A",,2
165334,"R",70001,"A",,"R",21353,"G",2333,"G",890,"G",2333,"G",890,2
165495,"A",,"A",,"R",408,"A",,"G",17,"A",,"G",17,2
165529,"R",75584,"A",,"R",4649,"G",2519,"G",194,"G",2519,"G",194,2
165556,"A",,"R",813320,"A",,"G",904,"A",,"G",904,"A",,1
165574,"R",29703,"A",,"A",,"G",990,"A",,"G",990,"A",,2
165608,"A",,"R",82268,"A",,"G",91,"A",,"G",91,"A",,1
165635,"A",,"R",330680,"A",,"G",367,"A",,"R",365,"A",,1
165644,"R",18408,"A",,"R",2790,"G",614,"G",116,"G",614,"G",116,2
165662,"R",107697,"A",,"R",18569,"G",3590,"G",774,"R",3366,"G",774,2
165671,"R",61480,"A",,"R",2896,"G",2049,"G",121,"G",2049,"G",121,2
165680,"A",,"R",106452,"A",,"G",118,"A",,"G",118,"A",,1
165699,"R",61111,"A",,"R",26640,"G",2037,"G",1110,"G",2037,"G",1110,2
165705,"A",,"A",,"R",252,"A",,"G",11,"A",,"G",11,2
165750,"A",,"R",89037,"A",,"G",99,"A",,"G",99,"A",,1
165802,"R",29861,"A",,"A",,"G",995,"A",,"G",995,"A",,2
165820,"R",98263,"A",,"R",42230,"G",3275,"G",1760,"G",3275,"G",1760,2
165866,"R",109340,"A",,"R",32534,"G",3645,"G",1356,"G",3645,"G",1356,2
165884,"R",13356,"A",,"A",,"G",445,"A",,"R",401,"A",,2
165936,"R",44942,"A",,"R",2255,"G",1498,"G",94,"G",1498,"G",94,2
165945,"A",,"A",,"R",36043,"A",,"G",1502,"A",,"G",1502,2
165981,"R",39789,"A",,"A",,"G",1326,"A",,"G",1326,"A",,2
166009,"A",,"R",299600,"A",,"G",333,"A",,"G",333,"A",,1
166018,"R",42060,"A",,"A",,"G",1402,"A",,"G",1402,"A",,2
166027,"R",283822,"A",,"R",238197,"G",9461,"G",9925,"R",10027,"R",14555,2
166045,"R",76,"A",,"R",3020,"G",3,"G",126,"G",3,"G",126,2
166054,"R",1944,"A",,"R",2790,"G",65,"G",116,"G",65,"G",116,2
166063,"A",,"R",56136,"A",,"G",62,"A",,"G",62,"A",,1
166124,"R",90124,"A",,"A",,"G",3004,"A",,"G",3004,"A",,2
166133,"R",127567,"A",,"A",,"G",4252,"A",,"G",4252,"A",,2
166276,"R",23487,"A",,"A",,"G",522,"A",,"G",522,"A",,2
166294,"A",,"R",1000,"A",,"G",1,"A",,"G",1,"A",,1
166319,"A",,"R",42177,"A",,"G",47,"A",,"G",47,"A",,1
166328,"R",1000,"A",,"A",,"G",33,"A",,"G",33,"A",,2
166391,"R",36429,"A",,"R",1012,"G",1214,"G",42,"G",1214,"G",42,2
166407,"R",8035,"A",,"A",,"G",268,"A",,"G",268,"A",,2
166452,"R",42411,"A",,"R",96232,"G",1414,"G",4010,"G",1414,"G",4010,2
166489,"R",1378,"A",,"R",2212,"G",46,"G",92,"R",46,"R",123,2
166498,"A",,"R",47274,"A",,"G",53,"A",,"G",53,"A",,1
166513,"R",207588,"A",,"R",30558,"G",6920,"G",1273,"G",6920,"G",1273,2
166586,"A",,"R",26747,"A",,"G",30,"A",,"G",30,"A",,1
166595,"A",,"R",60676,"A",,"G",67,"A",,"G",67,"A",,1
166601,"R",6477,"A",,"A",,"G",216,"A",,"G",216,"A",,2
166629,"R",584088,"A",,"R",85698,"G",19470,"G",3571,"R",19470,"R",4761,2
166638,"R",227774,"A",,"R",46261,"G",7592,"G",1928,"G",7592,"G",1928,2
166647,"R",102658,"A",,"A",,"G",3422,"A",,"G",3422,"A",,2
166656,"R",22680,"A",,"R",4416,"G",756,"G",184,"G",756,"G",184,2
166674,"R",51352,"A",,"R",2809,"G",1712,"G",117,"G",1712,"G",117,2
166683,"R",127510,"A",,"R",186292,"G",4250,"G",7762,"R",4088,"R",5991,2
166692,"R",36688,"A",,"R",747,"G",1223,"G",31,"G",1223,"G",31,2
166708,"A",,"A",,"R",12279,"A",,"G",512,"A",,"R",585,2
166717,"A",,"A",,"R",5328,"A",,"G",222,"A",,"G",222,2
166805,"A",,"R",61377,"A",,"G",68,"A",,"G",68,"A",,1
166823,"R",133973,"A",,"A",,"G",4466,"A",,"G",4466,"A",,2
166850,"R",65049,"A",,"R",712,"G",2168,"G",30,"G",2168,"G",30,2
166869,"A",,"A",,"R",17668,"A",,"G",736,"A",,"R",1472,2
166887,"R",151454,"A",,"A",,"G",5048,"A",,"G",5048,"A",,2
166911,"R",8011,"A",,"A",,"G",267,"A",,"G",267,"A",,2
166939,"R",68746,"A",,"R",170,"G",2292,"G",7,"G",2292,"R",4,2
166948,"R",39827,"A",,"A",,"G",1328,"A",,"G",1328,"A",,2
166957,"R",75645,"A",,"A",,"G",2522,"A",,"G",2522,"A",,2
166975,"R",15509,"A",,"A",,"G",517,"A",,"R",249,"A",,2
166984,"R",19209,"A",,"R",2280,"G",640,"G",95,"G",640,"G",95,2
167020,"A",,"R",471520,"A",,"G",524,"A",,"R",651,"A",,1
167039,"A",,"R",31337,"A",,"G",35,"A",,"G",35,"A",,1
167057,"R",11066,"A",,"R",7529,"G",369,"G",314,"R",357,"R",398,2
167093,"A",,"A",,"R",31,"A",,"G",1,"A",,"G",1,2
167181,"A",,"A",,"R",7624,"A",,"G",318,"A",,"R",200,2
167224,"A",,"R",147060,"A",,"G",163,"A",,"G",163,"A",,1
167251,"R",31904,"A",,"A",,"G",1063,"A",,"G",1063,"A",,2
167260,"R",29289,"A",,"R",3390,"G",976,"G",141,"G",976,"G",141,2
167288,"R",40805,"A",,"R",10228,"G",1360,"G",426,"G",1360,"G",426,2
167297,"A",,"R",174909,"A",,"G",194,"A",,"R",149,"A",,1
167312,"R",134384,"A",,"A",,"G",4479,"A",,"G",4479,"A",,2
167321,"R",50096,"A",,"A",,"G",1670,"A",,"G",1670,"A",,2
167358,"R",491861,"A",,"R",98172,"G",16395,"G",4091,"G",16395,"G",4091,2
167376,"R",121054,"A",,"A",,"G",4035,"A",,"G",4035,"A",,2
167394,"R",25336,"A",,"R",2298,"G",845,"G",96,"G",845,"G",96,2
167455,"R",15144,"A",,"R",360,"G",505,"G",15,"G",505,"G",15,2
167464,"A",,"A",,"R",1760,"A",,"G",73,"A",,"R",65,2
167525,"R",75984,"A",,"A",,"G",2533,"A",,"G",2533,"A",,2
167534,"R",119104,"A",,"A",,"G",3970,"A",,"G",3970,"A",,2
167543,"A",,"R",492240,"A",,"G",547,"A",,"G",547,"A",,1
167598,"R",27065,"A",,"R",9235,"G",902,"G",385,"G",902,"G",385,2
167631,"R",45547,"A",,"A",,"G",1518,"A",,"G",1518,"A",,2
167677,"A",,"A",,"R",1362,"A",,"G",57,"A",,"G",57,2
167729,"R",196212,"A",,"R",46089,"G",6540,"G",1920,"G",6540,"G",1920,2
167738,"R",21537,"A",,"A",,"G",718,"A",,"G",718,"A",,2
167783,"R",45993,"A",,"R",64759,"G",1533,"G",2698,"G",1533,"G",2698,2
167792,"R",10343,"A",,"A",,"G",345,"A",,"R",369,"A",,2
167835,"R",84816,"A",,"R",14357,"G",2827,"G",598,"R",2651,"R",452,2
167871,"R",3365,"A",,"A",,"G",112,"A",,"G",112,"A",,2
167899,"R",106351,"A",,"R",36252,"G",3545,"G",1511,"G",3545,"G",1511,2
167905,"R",120138,"A",,"A",,"G",4005,"A",,"G",4005,"A",,2
167987,"R",206761,"A",,"R",15920,"G",6892,"G",663,"R",6892,"R",884,2
167996,"R",67186,"A",,"R",513,"G",2240,"G",21,"R",2294,"R",12,2
168005,"R",137166,"A",,"R",33298,"G",4572,"G",1387,"G",4572,"G",1387,2
168032,"A",,"R",48603,"A",,"G",54,"A",,"G",54,"A",,1
168148,"R",139758,"A",,"R",91041,"G",4659,"G",3793,"G",4659,"G",3793,2
168218,"R",75207,"A",,"A",,"G",2507,"A",,"G",2507,"A",,2
168227,"R",113055,"A",,"A",,"G",3769,"A",,"G",3769,"A",,2
168254,"R",78657,"A",,"R",4207,"G",2622,"G",175,"G",2622,"G",175,2
168263,"R",131150,"A",,"R",9229,"G",4372,"G",385,"G",4372,"G",385,2
168272,"A",,"A",,"R",3690,"A",,"G",154,"A",,"G",154,2
168281,"R",50460,"A",,"A",,"G",1682,"A",,"R",1595,"A",,2
168290,"R",23781,"A",,"R",5525,"G",793,"G",230,"G",793,"G",230,2
168342,"R",61340,"A",,"R",1305,"G",2045,"G",54,"R",2045,"R",46,2
168421,"R",106985,"A",,"R",12915,"G",2377,"G",359,"R",2972,"R",717,2
168430,"R",119577,"A",,"R",16014,"G",3986,"G",667,"G",3986,"G",667,2
168519,"A",,"R",1500,"A",,"G",2,"A",,"G",2,"A",,1
168528,"R",30750,"A",,"A",,"G",1025,"A",,"G",1025,"A",,2
168546,"R",60162,"A",,"A",,"G",2005,"A",,"R",1925,"A",,2
168555,"A",,"R",57600,"A",,"G",64,"A",,"R",64,"A",,1
168573,"R",20138,"A",,"A",,"G",671,"A",,"G",671,"A",,2
168591,"R",39902,"A",,"A",,"G",1330,"A",,"R",1236,"A",,2
168607,"R",38511,"A",,"A",,"G",1284,"A",,"G",1284,"A",,2
168740,"R",48940,"A",,"R",14643,"G",1631,"G",610,"G",1631,"G",610,2
168786,"R",43911,"A",,"R",4983,"G",1464,"G",208,"R",1419,"R",208,2
168838,"R",86343,"A",,"R",193,"G",1919,"G",5,"G",1919,"G",5,2
168847,"R",176190,"A",,"R",363,"G",3915,"G",10,"G",3915,"G",10,2
168883,"R",24885,"R",397408,"A",,"G",1271,"A",,"R",1271,"A",,3
168892,"A",,"R",87721,"A",,"G",97,"A",,"G",97,"A",,1
169080,"R",129550,"A",,"R",988,"G",4318,"G",41,"G",4318,"G",41,2
169099,"A",,"A",,"R",2893,"A",,"G",80,"A",,"R",117,2
169187,"R",14164,"A",,"A",,"G",315,"A",,"G",315,"A",,2
169220,"A",,"A",,"R",3322,"A",,"G",138,"A",,"G",138,2
169248,"R",551752,"A",,"R",114672,"G",18392,"G",4778,"R",18392,"R",5000,2
169275,"A",,"R",3911535,"A",,"G",4346,"A",,"G",4346,"A",,1
169284,"A",,"R",399600,"A",,"G",444,"A",,"G",444,"A",,1
169327,"R",23106,"A",,"R",1818,"G",513,"G",51,"G",513,"G",51,2
169363,"R",15349,"A",,"R",6066,"G",512,"G",253,"R",482,"R",277,2
169424,"A",,"A",,"R",4530,"A",,"G",189,"A",,"R",151,2
169442,"R",33031,"A",,"A",,"G",1101,"A",,"G",1101,"A",,2
169479,"R",254318,"A",,"R",11012,"G",8477,"G",459,"G",8477,"G",459,2
169503,"A",,"R",300897,"A",,"G",334,"A",,"G",334,"A",,1
169521,"R",211596,"A",,"A",,"G",7053,"A",,"G",7053,"A",,2
169567,"R",8557,"A",,"A",,"G",285,"A",,"G",285,"A",,2
169576,"R",4375,"A",,"A",,"G",97,"A",,"G",97,"A",,2
169628,"A",,"A",,"R",192,"A",,"G",8,"A",,"G",8,2
169655,"R",32200,"A",,"A",,"G",716,"A",,"G",716,"A",,2
169716,"R",82155,"A",,"R",23192,"G",2739,"G",966,"G",2739,"G",966,2
169734,"R",8399,"A",,"A",,"G",187,"A",,"G",187,"A",,2
169761,"R",8406,"A",,"A",,"G",187,"A",,"G",187,"A",,2
169798,"R",475776,"A",,"R",61534,"G",15859,"G",2564,"G",15859,"G",2564,2
169813,"A",,"R",31500,"A",,"G",35,"A",,"G",35,"A",,1
169910,"R",269153,"A",,"R",6046,"G",8972,"G",252,"G",8972,"G",252,2
169947,"A",,"R",77724,"A",,"G",86,"A",,"G",86,"A",,1
169956,"A",,"R",35400,"A",,"G",39,"A",,"G",39,"A",,1
169974,"R",26213,"A",,"A",,"G",874,"A",,"G",874,"A",,2
169983,"R",73516,"A",,"R",7634,"G",2451,"G",318,"G",2451,"G",318,2
169992,"R",21826,"R",10800,"A",,"G",740,"A",,"G",740,"A",,3
170000,"R",4171,"A",,"A",,"G",139,"A",,"G",139,"A",,2
170037,"R",48298,"A",,"R",14702,"G",1610,"G",613,"G",1610,"G",613,2
170046,"A",,"R",1218680,"A",,"G",1354,"A",,"R",1689,"A",,1
170055,"A",,"R",2144200,"A",,"G",2382,"A",,"G",2382,"A",,1
170082,"R",545308,"A",,"R",61411,"G",18177,"G",2559,"G",18177,"G",2559,2
170091,"R",5502,"A",,"A",,"G",183,"A",,"G",183,"A",,2
170240,"R",266288,"A",,"A",,"G",8876,"A",,"G",8876,"A",,2
170301,"R",100249,"A",,"A",,"G",3342,"A",,"G",3342,"A",,2
170417,"R",26664,"A",,"A",,"G",593,"A",,"G",593,"A",,2
170444,"R",121710,"A",,"A",,"G",4057,"A",,"G",4057,"A",,2
170514,"A",,"R",109050,"A",,"G",121,"A",,"R",111,"A",,1
170532,"R",36645,"A",,"A",,"G",814,"A",,"G",814,"A",,2
170541,"R",139857,"R",1443688,"A",,"G",6266,"A",,"G",6266,"A",,3
170550,"R",49564,"R",1162201,"A",,"G",2943,"A",,"G",2943,"A",,3
170587,"R",32604,"A",,"A",,"G",1087,"A",,"G",1087,"A",,2
170611,"A",,"R",151000,"A",,"G",168,"A",,"G",168,"A",,1
170620,"R",67444,"A",,"A",,"G",2248,"A",,"G",2248,"A",,2
170639,"R",69886,"A",,"R",351,"G",2330,"G",15,"G",2330,"G",15,2
170657,"R",366332,"A",,"A",,"G",12211,"A",,"G",12211,"A",,2
170675,"R",62268,"A",,"R",21120,"G",2076,"G",880,"G",2076,"G",880,2
170736,"A",,"R",50000,"A",,"G",56,"A",,"G",56,"A",,1
170790,"R",263698,"R",2832481,"A",,"G",11937,"A",,"G",11937,"A",,3
170806,"R",74493,"A",,"R",13023,"G",2483,"G",543,"G",2483,"G",543,2
170842,"R",17055,"A",,"R",36240,"G",569,"G",1510,"G",569,"G",1510,2
170967,"R",27245,"A",,"R",153,"G",908,"G",6,"G",908,"G",6,2
170976,"R",761590,"A",,"R",231368,"G",25386,"G",9640,"G",25386,"R",11419,2
171012,"A",,"R",249665,"A",,"G",277,"A",,"G",277,"A",,1
171100,"R",1033068,"A",,"R",131178,"G",34436,"G",5466,"G",34436,"G",5466,2
171128,"R",164920,"A",,"R",11467,"G",5497,"G",478,"R",5384,"R",627,2
171137,"R",158707,"A",,"R",23185,"G",5290,"G",966,"G",5290,"G",966,2
171146,"R",134609,"A",,"R",17557,"G",4487,"G",732,"G",4487,"G",732,2
171155,"R",71519,"R",730644,"A",,"G",3196,"A",,"G",3196,"A",,3
171225,"R",80787,"A",,"A",,"G",2693,"A",,"G",2693,"A",,2
171234,"R",51346,"R",572391,"A",,"G",2348,"A",,"G",2348,"A",,3
171261,"A",,"R",175450,"A",,"G",195,"A",,"G",195,"A",,1
171298,"R",155492,"A",,"R",247,"G",3455,"G",7,"R",4274,"R",9,2
171304,"R",93622,"A",,"A",,"G",3121,"A",,"G",3121,"A",,2
171313,"A",,"R",742640,"A",,"G",825,"A",,"R",1028,"A",,1
171322,"R",0,"R",1246080,"A",,"G",1385,"A",,"G",1385,"A",,3
171395,"R",41461,"A",,"A",,"G",1382,"A",,"G",1382,"A",,2
171456,"R",243602,"A",,"R",9992,"G",8120,"G",416,"G",8120,"G",416,2
171465,"A",,"R",36000,"A",,"G",40,"A",,"G",40,"A",,1
171483,"R",91313,"A",,"A",,"G",3044,"A",,"G",3044,"A",,2
171492,"R",150548,"A",,"R",6293,"G",3346,"G",175,"G",3346,"G",175,2
171535,"R",483273,"R",9106041,"A",,"G",26227,"A",,"G",26227,"A",,3
171571,"R",355134,"A",,"R",62397,"G",11838,"G",2600,"G",11838,"G",2600,2
171599,"R",30735,"A",,"R",539,"G",1025,"G",22,"G",1025,"G",22,2
171775,"A",,"R",108260,"A",,"G",120,"A",,"G",120,"A",,1
171881,"R",7005,"A",,"R",27,"G",234,"G",1,"G",234,"G",1,2
171988,"R",8352,"A",,"A",,"G",278,"A",,"G",278,"A",,2
171997,"R",4644,"A",,"A",,"G",155,"A",,"G",155,"A",,2
172015,"R",9108,"A",,"A",,"G",304,"A",,"G",304,"A",,2
172033,"R",1928,"A",,"R",736,"G",64,"G",31,"G",64,"G",31,2
172051,"R",205100,"A",,"R",24546,"G",6837,"G",1023,"G",6837,"G",1023,2
172200,"R",221300,"A",,"A",,"G",7377,"A",,"G",7377,"A",,2
172264,"R",34828,"A",,"R",3775,"G",1161,"G",157,"G",1161,"G",157,2
172291,"R",85728,"A",,"A",,"G",2858,"A",,"G",2858,"A",,2
172307,"R",43550,"A",,"A",,"G",1452,"A",,"G",1452,"A",,2
172325,"A",,"R",433440,"A",,"G",482,"A",,"G",482,"A",,1
172334,"R",71495,"A",,"R",21051,"G",2383,"G",877,"G",2383,"G",877,2
172422,"R",24300,"A",,"A",,"G",540,"A",,"G",540,"A",,2
172440,"R",16648,"A",,"A",,"G",555,"A",,"G",555,"A",,2
172495,"A",,"R",225680,"A",,"G",251,"A",,"G",251,"A",,1
172556,"A",,"R",90000,"A",,"G",100,"A",,"G",100,"A",,1
172574,"A",,"R",209700,"A",,"G",233,"A",,"G",233,"A",,1
172583,"A",,"R",197100,"A",,"G",219,"A",,"G",219,"A",,1
172608,"R",24572,"A",,"R",32278,"G",819,"G",1345,"G",819,"G",1345,2
172617,"R",251647,"A",,"A",,"G",8388,"A",,"G",8388,"A",,2
172635,"R",297776,"R",1964262,"A",,"G",12108,"A",,"G",12108,"A",,3
172644,"R",480808,"A",,"R",134449,"G",16027,"G",5602,"G",16027,"G",5602,2
172671,"R",27240,"A",,"A",,"G",908,"A",,"G",908,"A",,2
172699,"R",571020,"A",,"R",72788,"G",19034,"G",3033,"G",19034,"G",3033,2
172705,"A",,"A",,"R",1752,"A",,"G",73,"A",,"G",73,2
172802,"A",,"R",77400,"A",,"G",86,"A",,"G",86,"A",,1
172866,"R",7773,"A",,"A",,"G",173,"A",,"G",173,"A",,2
172918,"R",63430,"A",,"A",,"G",2114,"A",,"G",2114,"A",,2
172927,"R",1893,"A",,"A",,"G",42,"A",,"G",42,"A",,2
172954,"R",47284,"A",,"A",,"G",1576,"A",,"G",1576,"A",,2
172963,"R",146286,"A",,"A",,"G",4876,"A",,"G",4876,"A",,2
172972,"R",2215,"A",,"A",,"G",74,"A",,"G",74,"A",,2
173045,"R",78150,"A",,"R",13581,"G",2605,"G",566,"G",2605,"G",566,2
173063,"R",68181,"A",,"A",,"G",2273,"A",,"G",2273,"A",,2
173115,"R",22662,"A",,"A",,"G",755,"A",,"G",755,"A",,2
173124,"R",137927,"A",,"R",15104,"G",4598,"G",629,"G",4598,"G",629,2
173142,"R",18538,"A",,"A",,"G",618,"A",,"G",618,"A",,2
173160,"R",101960,"A",,"R",13649,"G",3399,"G",569,"G",3399,"G",569,2
173179,"A",,"A",,"R",20082,"A",,"G",558,"A",,"G",558,2
173203,"R",70213,"A",,"A",,"G",2340,"A",,"G",2340,"A",,2
173258,"R",57757,"A",,"A",,"G",1925,"A",,"G",1925,"A",,2
173300,"R",87070,"A",,"R",52,"G",2902,"G",2,"G",2902,"G",2,2
173328,"R",50371,"A",,"R",7649,"G",1679,"G",319,"G",1679,"G",319,2
173416,"R",66078,"A",,"A",,"G",2203,"A",,"G",2203,"A",,2
173452,"R",25697,"A",,"R",238,"G",857,"G",10,"G",857,"G",10,2
173461,"R",98365,"A",,"A",,"G",3279,"A",,"G",3279,"A",,2
173470,"A",,"R",69627,"A",,"G",77,"A",,"G",77,"A",,1
173489,"R",12785,"A",,"A",,"G",284,"A",,"G",284,"A",,2
173559,"R",138029,"A",,"A",,"G",4601,"A",,"G",4601,"A",,2
173629,"R",29935,"A",,"Z",0,"G",665,"A",,"G",665,"A",,2
173638,"R",61444,"A",,"A",,"G",2048,"A",,"G",2048,"A",,2
173647,"R",90806,"A",,"A",,"G",3027,"A",,"G",3027,"A",,2
173665,"R",67501,"A",,"R",35557,"G",2250,"G",1482,"G",2250,"G",1482,2
173683,"R",1030,"A",,"R",1937,"G",34,"G",81,"R",7,"R",81,2
173708,"R",108473,"A",,"A",,"G",3616,"A",,"G",3616,"A",,2
173726,"A",,"R",47884,"A",,"G",53,"A",,"G",53,"A",,1
173735,"R",34350,"A",,"A",,"G",1145,"A",,"G",1145,"A",,2
173744,"A",,"R",577783,"A",,"G",642,"A",,"G",642,"A",,1
173799,"R",104632,"A",,"A",,"G",3488,"A",,"G",3488,"A",,2
173805,"R",31349,"A",,"A",,"G",1045,"A",,"G",1045,"A",,2
173887,"R",75063,"A",,"A",,"G",1668,"A",,"G",1668,"A",,2
173896,"A",,"A",,"R",12915,"A",,"G",538,"A",,"R",588,2
173902,"R",59724,"A",,"A",,"G",1991,"A",,"G",1991,"A",,2
173911,"R",70312,"A",,"A",,"G",2344,"A",,"G",2344,"A",,2
173920,"R",360316,"A",,"R",24163,"G",12011,"G",1007,"G",12011,"G",1007,2
173939,"A",,"R",143398,"A",,"G",159,"A",,"G",159,"A",,1
173966,"R",2850,"R",22157,"R",4344,"G",120,"G",181,"G",120,"G",181,3
173984,"R",28732,"A",,"R",10563,"G",958,"G",440,"G",958,"G",440,2
173993,"R",33164,"A",,"A",,"G",1105,"A",,"G",1105,"A",,2
174020,"R",120517,"A",,"R",7178,"G",4017,"G",299,"R",4017,"R",359,2
174066,"R",992991,"A",,"R",175744,"G",33100,"G",7323,"G",33100,"G",7323,2
174075,"R",39365,"A",,"A",,"G",1312,"A",,"G",1312,"A",,2
174118,"A",,"R",500000,"A",,"G",556,"A",,"G",556,"A",,1
174127,"R",21357,"A",,"R",1511,"G",712,"G",63,"G",712,"G",63,2
174136,"R",171194,"A",,"A",,"G",5706,"A",,"G",5706,"A",,2
174154,"R",4947,"A",,"A",,"G",165,"A",,"G",165,"A",,2
174190,"A",,"R",128457,"A",,"G",143,"A",,"G",143,"A",,1
174206,"R",4391,"A",,"A",,"G",146,"A",,"G",146,"A",,2
174233,"R",280717,"A",,"R",4944,"G",9357,"G",206,"G",9357,"G",206,2
174251,"R",50316,"A",,"A",,"G",1677,"A",,"G",1677,"A",,2
174279,"R",42718,"A",,"R",818,"G",949,"G",23,"G",949,"G",23,2
174321,"A",,"R",141175,"A",,"G",157,"A",,"G",157,"A",,1
174358,"R",190821,"A",,"R",6014,"G",6361,"G",251,"R",6361,"R",301,2
174376,"R",125741,"A",,"A",,"G",4191,"A",,"G",4191,"A",,2
174385,"R",7127,"A",,"A",,"G",158,"A",,"G",158,"A",,2
174394,"R",87433,"A",,"A",,"G",1943,"A",,"G",1943,"A",,2
174428,"R",190448,"A",,"A",,"G",6348,"A",,"G",6348,"A",,2
174437,"R",32629,"A",,"A",,"G",1088,"A",,"G",1088,"A",,2
174464,"R",27340,"A",,"A",,"G",608,"A",,"G",608,"A",,2
174473,"R",85507,"A",,"A",,"G",2850,"A",,"G",2850,"A",,2
174482,"R",2640,"A",,"A",,"G",88,"A",,"G",88,"A",,2
174491,"R",79455,"A",,"R",1031,"G",2649,"G",43,"G",2649,"G",43,2
174507,"R",3312,"A",,"R",3955,"G",110,"G",165,"G",110,"G",165,2
174525,"R",5178,"A",,"A",,"G",173,"A",,"G",173,"A",,2
174534,"A",,"R",131832,"A",,"G",146,"A",,"G",146,"A",,1
174561,"R",4839,"A",,"A",,"G",161,"A",,"G",161,"A",,2
174570,"R",13098,"A",,"A",,"G",437,"A",,"G",437,"A",,2
174604,"R",9096,"A",,"A",,"G",303,"A",,"G",303,"A",,2
174622,"R",18094,"A",,"A",,"G",402,"A",,"G",402,"A",,2
174631,"R",21870,"A",,"A",,"G",486,"A",,"G",486,"A",,2
174686,"A",,"R",32640,"A",,"G",36,"A",,"G",36,"A",,1
174738,"R",128200,"A",,"A",,"G",4273,"A",,"G",4273,"A",,2
174747,"R",61259,"A",,"A",,"G",2042,"A",,"G",2042,"A",,2
174756,"R",83454,"A",,"A",,"G",2782,"A",,"G",2782,"A",,2
174765,"A",,"R",103860,"A",,"G",115,"A",,"G",115,"A",,1
174783,"R",380923,"A",,"R",27455,"G",12697,"G",1144,"G",12697,"G",1144,2
174792,"R",56741,"A",,"R",1894,"G",1891,"G",79,"G",1891,"G",79,2
174817,"R",52170,"A",,"R",65919,"G",1739,"G",2747,"G",1739,"G",2747,2
174844,"R",89555,"A",,"A",,"G",2985,"A",,"R",3003,"A",,2
174862,"R",30932,"A",,"R",2211,"G",1031,"G",92,"G",1031,"G",92,2
174899,"R",79451,"A",,"R",9523,"G",2648,"G",397,"G",2648,"G",397,2
174914,"R",179076,"A",,"R",57417,"G",5969,"G",2392,"G",5969,"G",2392,2
174932,"R",4953,"A",,"A",,"G",165,"A",,"G",165,"A",,2
174978,"A",,"R",200174,"A",,"G",222,"A",,"G",222,"A",,1
175005,"R",91356,"A",,"R",22289,"G",3045,"G",929,"G",3045,"G",929,2
175014,"R",24477,"A",,"A",,"G",544,"A",,"G",544,"A",,2
175041,"R",98274,"A",,"A",,"G",3276,"A",,"G",3276,"A",,2
175078,"R",101714,"A",,"R",7300,"G",3390,"G",304,"G",3390,"G",304,2
175120,"P",2000,"A",,"P",0,"P",67,"P",0,"P",67,"P",0,2
175139,"A",,"A",,"R",2719,"A",,"G",113,"A",,"G",113,2
175148,"A",,"R",122446,"A",,"G",136,"A",,"G",136,"A",,1
175157,"R",19367,"A",,"A",,"G",646,"A",,"G",646,"A",,2
175227,"R",64412,"A",,"A",,"G",1431,"A",,"G",1431,"A",,2
175236,"R",95868,"A",,"A",,"G",3196,"A",,"G",3196,"A",,2
175263,"R",45411,"A",,"A",,"G",1514,"A",,"G",1514,"A",,2
175272,"R",226641,"A",,"R",7136,"G",7555,"G",297,"G",7555,"G",297,2
175315,"R",178695,"A",,"A",,"G",5957,"A",,"G",5957,"A",,2
175342,"R",87052,"A",,"R",9724,"G",2902,"G",405,"G",2902,"G",405,2
175421,"R",57942,"A",,"R",7550,"G",1931,"G",315,"G",1931,"G",315,2
175430,"R",11215,"A",,"A",,"G",374,"A",,"G",374,"A",,2
175494,"A",,"R",174100,"A",,"G",193,"A",,"G",193,"A",,1
175519,"R",50152,"A",,"A",,"G",1672,"A",,"G",1672,"A",,2
175528,"R",13231,"A",,"A",,"G",294,"A",,"G",294,"A",,2
175564,"R",21570,"A",,"A",,"G",719,"A",,"G",719,"A",,2
175573,"R",56486,"A",,"A",,"G",1883,"A",,"G",1883,"A",,2
175591,"A",,"R",1500,"A",,"G",2,"A",,"G",2,"A",,1
175607,"A",,"R",55559,"A",,"G",62,"A",,"G",62,"A",,1
175616,"R",86412,"A",,"R",14153,"G",2880,"G",590,"G",2880,"G",590,2
175643,"R",63113,"A",,"A",,"G",2104,"A",,"G",2104,"A",,2
175652,"R",98693,"A",,"A",,"G",3290,"A",,"G",3290,"A",,2
175698,"A",,"R",18764,"A",,"G",21,"A",,"G",21,"A",,1
175713,"A",,"R",73800,"A",,"G",82,"A",,"G",82,"A",,1
175722,"A",,"R",39549,"A",,"G",44,"A",,"G",44,"A",,1
175786,"R",257111,"A",,"A",,"G",8570,"A",,"G",8570,"A",,2
175810,"R",122820,"A",,"A",,"G",4094,"A",,"R",5117,"A",,2
175829,"R",83329,"A",,"A",,"G",2778,"A",,"G",2778,"A",,2
175856,"R",167663,"A",,"R",28156,"G",5589,"G",1173,"G",5589,"G",1173,2
175883,"R",117512,"A",,"A",,"G",3917,"A",,"G",3917,"A",,2
175917,"R",788,"A",,"A",,"G",26,"A",,"G",26,"A",,2
175935,"R",52088,"A",,"A",,"G",1736,"A",,"G",1736,"A",,2
175980,"R",33049,"A",,"R",1823,"G",1102,"G",76,"G",1102,"G",76,2
176008,"R",77398,"A",,"A",,"G",2580,"A",,"G",2580,"A",,2
176017,"R",380391,"A",,"R",35147,"G",12680,"G",1464,"G",12680,"G",1464,2
176026,"R",27943,"A",,"R",24414,"G",621,"G",678,"G",621,"G",678,2
176035,"R",60366,"A",,"R",3319,"G",2012,"G",138,"G",2012,"G",138,2
176044,"R",78301,"A",,"R",8459,"G",2610,"G",352,"G",2610,"G",352,2
176053,"R",74382,"A",,"R",14562,"G",2479,"G",607,"G",2479,"G",607,2
176062,"A",,"R",71500,"A",,"G",79,"A",,"G",79,"A",,1
176071,"R",207168,"A",,"A",,"G",6906,"A",,"G",6906,"A",,2
176080,"R",362901,"A",,"R",58998,"G",12097,"G",2458,"R",12194,"R",2820,2
176169,"R",87568,"A",,"A",,"G",2919,"A",,"G",2919,"A",,2
176178,"R",147727,"A",,"A",,"G",4924,"A",,"G",4924,"A",,2
176239,"R",76888,"A",,"A",,"G",2563,"A",,"G",2563,"A",,2
176318,"A",,"R",514785,"A",,"G",572,"A",,"R",808,"A",,1
176336,"R",1480,"A",,"A",,"G",49,"A",,"R",55,"A",,2
176354,"R",51146,"A",,"A",,"G",1705,"A",,"G",1705,"A",,2
176372,"R",345314,"A",,"R",57233,"G",11510,"G",2385,"G",11510,"G",2385,2
176390,"A",,"R",109750,"A",,"G",122,"A",,"G",122,"A",,1
176406,"R",28383,"A",,"A",,"G",946,"A",,"G",946,"A",,2
176415,"A",,"R",48000,"A",,"G",53,"A",,"G",53,"A",,1
176451,"A",,"A",,"R",374,"A",,"G",16,"A",,"G",16,2
176460,"R",2788,"A",,"A",,"G",93,"A",,"G",93,"A",,2
176479,"R",46331,"A",,"R",12821,"G",1544,"G",534,"R",1930,"R",712,2
176497,"A",,"R",57878,"A",,"G",64,"A",,"G",64,"A",,1
176549,"A",,"R",879300,"A",,"G",977,"A",,"G",977,"A",,1
176600,"A",,"A",,"R",3280,"A",,"G",137,"A",,"R",149,2
176619,"A",,"A",,"R",7871,"A",,"G",328,"A",,"G",328,2
176628,"R",30776,"A",,"R",9458,"G",1026,"G",394,"G",1026,"G",394,2
176637,"R",31036,"A",,"A",,"G",690,"A",,"G",690,"A",,2
176664,"R",16360,"A",,"R",895,"G",545,"G",37,"G",545,"G",37,2
176716,"A",,"R",147600,"A",,"G",164,"A",,"G",164,"A",,1
176734,"A",,"R",10950,"A",,"G",12,"A",,"R",12,"A",,1
176770,"R",6246,"A",,"A",,"G",208,"A",,"G",208,"A",,2
176789,"R",6869,"A",,"R",607,"G",229,"G",25,"G",229,"G",25,2
176798,"A",,"R",109236,"A",,"G",121,"A",,"G",121,"A",,1
176910,"R",14338,"A",,"A",,"G",478,"A",,"G",478,"A",,2
176938,"A",,"R",400000,"A",,"G",444,"A",,"G",444,"A",,1
176947,"R",25143,"A",,"A",,"G",838,"A",,"G",838,"A",,2
176965,"R",239733,"A",,"R",27545,"G",7991,"G",1148,"G",7991,"G",1148,2
176983,"A",,"R",70800,"A",,"G",79,"A",,"G",79,"A",,1
176992,"A",,"R",6900,"A",,"G",8,"A",,"G",8,"A",,1
177038,"R",3832,"A",,"A",,"G",128,"A",,"G",128,"A",,2
177056,"A",,"R",122284,"A",,"G",136,"A",,"G",136,"A",,1
177065,"R",292355,"A",,"R",6352,"G",9745,"G",265,"G",9745,"G",265,2
177083,"R",1885,"A",,"R",448,"G",63,"G",19,"R",74,"R",16,2
177092,"A",,"A",,"R",2874,"A",,"G",80,"A",,"G",80,2
177117,"R",9247,"A",,"A",,"G",308,"A",,"G",308,"A",,2
177126,"A",,"A",,"R",4734,"A",,"G",197,"A",,"G",197,2
177135,"R",59137,"A",,"A",,"G",1971,"A",,"G",1971,"A",,2
177144,"R",25314,"A",,"A",,"G",844,"A",,"G",844,"A",,2
177153,"R",15210,"A",,"A",,"G",507,"A",,"G",507,"A",,2
177162,"R",30825,"A",,"R",3905,"G",1028,"G",163,"G",1028,"G",163,2
177214,"R",110389,"A",,"R",7404,"G",3680,"G",309,"G",3680,"G",309,2
177250,"R",67072,"A",,"A",,"G",2236,"A",,"G",2236,"A",,2
177278,"A",,"A",,"R",893,"A",,"G",37,"A",,"G",37,2
177287,"A",,"R",250000,"A",,"G",278,"A",,"G",278,"A",,1
177302,"R",21864,"A",,"A",,"G",486,"A",,"G",486,"A",,2
177339,"R",47006,"A",,"R",829,"G",1567,"G",35,"G",1567,"G",35,2
177418,"R",51550,"A",,"R",18538,"G",1718,"G",772,"G",1718,"G",772,2
177427,"A",,"A",,"R",6426,"A",,"G",179,"A",,"G",179,2
177436,"A",,"R",1404,"A",,"G",2,"A",,"G",2,"A",,1
177472,"R",197825,"A",,"A",,"G",6594,"A",,"G",6594,"A",,2
177542,"R",35103,"A",,"A",,"G",1170,"A",,"G",1170,"A",,2
177551,"R",40922,"A",,"A",,"G",1364,"A",,"G",1364,"A",,2
177579,"R",16043,"A",,"A",,"G",535,"A",,"G",535,"A",,2
177588,"A",,"R",78594,"A",,"G",87,"A",,"G",87,"A",,1
177603,"A",,"R",273600,"A",,"G",304,"A",,"G",304,"A",,1
177676,"R",92223,"A",,"A",,"G",3074,"A",,"G",3074,"A",,2
177685,"A",,"R",38138,"A",,"G",42,"A",,"G",42,"A",,1
177719,"R",14261,"A",,"R",1902,"G",475,"G",79,"G",475,"G",79,2
177746,"R",19644,"A",,"A",,"G",655,"A",,"G",655,"A",,2
177807,"A",,"R",29150,"A",,"G",32,"A",,"R",20,"A",,1
177816,"A",,"A",,"R",2000,"A",,"G",83,"A",,"G",83,2
177834,"A",,"A",,"R",21242,"A",,"G",885,"A",,"G",885,2
177870,"A",,"R",1020,"A",,"G",1,"A",,"G",1,"A",,1
177922,"A",,"R",90219,"A",,"G",100,"A",,"R",61,"A",,1
177931,"A",,"R",40180,"A",,"G",45,"A",,"R",34,"A",,1
177940,"R",66558,"A",,"R",3411,"G",2219,"G",142,"G",2219,"G",142,2
177968,"R",167758,"A",,"R",63464,"G",5592,"G",2644,"G",5592,"G",2644,2
177977,"R",27680,"A",,"A",,"G",923,"A",,"G",923,"A",,2
177986,"R",3856,"A",,"R",48,"G",129,"G",2,"G",129,"G",2,2
177995,"R",109614,"A",,"A",,"G",3654,"A",,"G",3654,"A",,2
178004,"R",4559,"A",,"A",,"G",152,"A",,"G",152,"A",,2
178022,"R",83424,"A",,"A",,"G",2781,"A",,"G",2781,"A",,2
178059,"R",70360,"A",,"R",9963,"G",2345,"G",415,"G",2345,"G",415,2
178077,"A",,"R",155881,"A",,"G",173,"A",,"G",173,"A",,1
178110,"R",13000,"A",,"A",,"G",289,"A",,"G",289,"A",,2
178183,"A",,"R",156018,"A",,"G",173,"A",,"G",173,"A",,1
178208,"R",4440,"A",,"R",4419,"G",148,"G",184,"G",148,"G",184,2
178217,"R",74741,"A",,"A",,"G",2491,"A",,"G",2491,"A",,2
178226,"A",,"R",350900,"A",,"G",390,"A",,"G",390,"A",,1
178244,"R",53697,"A",,"R",17982,"G",1790,"G",749,"G",1790,"G",749,2
178262,"R",1450,"A",,"A",,"G",48,"A",,"G",48,"A",,2
178305,"R",21373,"A",,"A",,"G",712,"A",,"G",712,"A",,2
178314,"A",,"R",41951,"A",,"G",47,"A",,"R",23,"A",,1
178332,"A",,"R",27357,"A",,"G",30,"A",,"G",30,"A",,1
178341,"R",138395,"A",,"R",423,"G",4613,"G",18,"G",4613,"G",18,2
178350,"R",3709,"A",,"A",,"G",124,"A",,"G",124,"A",,2
178369,"R",44821,"A",,"A",,"G",1494,"A",,"G",1494,"A",,2
178387,"R",119774,"A",,"A",,"G",3992,"A",,"G",3992,"A",,2
178396,"R",597673,"A",,"R",92786,"G",19922,"G",3866,"G",19922,"G",3866,2
178402,"R",205075,"A",,"R",49318,"G",6836,"G",2055,"G",6836,"G",2055,2
178411,"R",125325,"A",,"R",20959,"G",4178,"G",873,"G",4178,"G",873,2
178420,"R",238136,"A",,"R",43879,"G",7938,"G",1828,"G",7938,"G",1828,2
178448,"R",76650,"A",,"A",,"G",2555,"A",,"G",2555,"A",,2
178466,"A",,"R",155078,"A",,"G",172,"A",,"G",172,"A",,1
178484,"A",,"R",330000,"A",,"G",367,"A",,"G",367,"A",,1
178518,"A",,"A",,"R",1566,"A",,"G",65,"A",,"G",65,2
178527,"A",,"R",23012,"A",,"G",26,"A",,"G",26,"A",,1
178563,"A",,"R",150661,"A",,"G",167,"A",,"R",123,"A",,1
178606,"A",,"R",1050,"A",,"G",1,"A",,"G",1,"A",,1
178615,"R",158348,"A",,"R",8580,"G",5278,"G",358,"G",5278,"G",358,2
178624,"R",142147,"A",,"R",13889,"G",4738,"G",579,"G",4738,"G",579,2
178679,"R",19194,"A",,"A",,"G",640,"A",,"G",640,"A",,2
178697,"R",42442,"A",,"A",,"G",1415,"A",,"G",1415,"A",,2
178721,"R",295276,"A",,"R",8641,"G",9843,"G",360,"G",9843,"G",360,2
178767,"R",11750,"A",,"A",,"G",261,"A",,"G",261,"A",,2
178785,"R",90101,"A",,"A",,"G",3003,"A",,"G",3003,"A",,2
178828,"A",,"R",32550,"A",,"G",36,"A",,"R",25,"A",,1
178891,"R",48750,"A",,"A",,"G",1625,"A",,"G",1625,"A",,2
178989,"R",10384,"A",,"R",1167,"G",346,"G",49,"G",346,"G",49,2
179043,"R",51201,"A",,"R",10350,"G",1707,"G",431,"G",1707,"G",431,2
179052,"A",,"R",293556,"A",,"G",326,"A",,"G",326,"A",,1
179070,"R",9298,"R",186310,"A",,"G",414,"A",,"R",460,"A",,3
179113,"R",233718,"A",,"A",,"G",7791,"A",,"G",7791,"A",,2
179159,"R",226852,"A",,"R",49770,"G",7562,"G",2074,"G",7562,"G",2074,2
179195,"A",,"R",43680,"A",,"G",49,"A",,"G",49,"A",,1
179201,"R",43550,"A",,"A",,"G",968,"A",,"G",968,"A",,2
179229,"A",,"R",74204,"A",,"G",82,"A",,"G",82,"A",,1
179238,"A",,"R",97383,"A",,"G",108,"A",,"G",108,"A",,1
179256,"R",8150,"A",,"A",,"G",272,"A",,"R",283,"A",,2
179265,"R",15171,"A",,"R",21,"G",506,"G",1,"G",506,"G",1,2
179292,"R",127157,"A",,"A",,"G",4239,"A",,"G",4239,"A",,2
179308,"R",146616,"A",,"A",,"G",4887,"A",,"G",4887,"A",,2
179317,"A",,"A",,"R",585,"A",,"G",24,"A",,"R",37,2
179326,"R",65789,"A",,"R",16311,"G",2193,"G",680,"G",2193,"G",680,2
179344,"R",29776,"A",,"A",,"G",993,"A",,"G",993,"A",,2
179399,"A",,"R",45560,"A",,"G",51,"A",,"G",51,"A",,1
179450,"R",3011,"A",,"A",,"G",100,"A",,"G",100,"A",,2
179511,"R",13663,"A",,"A",,"G",455,"A",,"G",455,"A",,2
179539,"R",68703,"A",,"A",,"G",2290,"A",,"G",2290,"A",,2
179548,"R",24387,"A",,"R",2507,"G",813,"G",104,"G",813,"G",104,2
179557,"R",224668,"A",,"R",17379,"G",7489,"G",724,"G",7489,"G",724,2
179566,"R",424298,"A",,"R",38420,"G",14143,"G",1601,"G",14143,"G",1601,2
179645,"R",67691,"A",,"A",,"G",2256,"A",,"G",2256,"A",,2
179715,"R",33840,"A",,"A",,"G",1128,"A",,"G",1128,"A",,2
179724,"A",,"R",39672,"A",,"G",44,"A",,"G",44,"A",,1
179742,"A",,"A",,"R",1150,"A",,"G",48,"A",,"G",48,2
179812,"A",,"A",,"R",660,"A",,"G",28,"A",,"G",28,2
179867,"R",213276,"A",,"R",79407,"G",7109,"G",3309,"G",7109,"G",3309,2
179894,"R",95114,"A",,"R",231047,"G",3170,"G",9627,"G",3170,"G",9627,2
179919,"R",14590,"A",,"A",,"G",486,"A",,"G",486,"A",,2
179946,"R",29063,"A",,"A",,"G",969,"A",,"G",969,"A",,2
179955,"R",37982,"A",,"A",,"G",1266,"A",,"G",1266,"A",,2
179964,"R",29584,"A",,"R",28705,"G",986,"G",1196,"G",986,"G",1196,2
179991,"A",,"R",64661,"A",,"G",72,"A",,"G",72,"A",,1
180045,"R",20954,"A",,"A",,"G",698,"A",,"G",698,"A",,2
180054,"R",13227,"A",,"A",,"G",441,"A",,"G",441,"A",,2
180063,"A",,"R",86400,"A",,"G",96,"A",,"G",96,"A",,1
180081,"R",9103,"A",,"A",,"G",303,"A",,"G",303,"A",,2
180106,"R",38897,"A",,"A",,"G",1297,"A",,"G",1297,"A",,2
180142,"A",,"R",14400,"A",,"G",16,"A",,"G",16,"A",,1
180151,"R",12033,"A",,"A",,"G",401,"A",,"G",401,"A",,2
180160,"R",4153,"A",,"A",,"G",138,"A",,"G",138,"A",,2
180179,"R",93898,"A",,"R",6786,"G",3130,"G",283,"G",3130,"G",283,2
180197,"R",37406,"A",,"A",,"G",1247,"A",,"R",1265,"A",,2
180203,"R",7909,"A",,"A",,"G",264,"A",,"G",264,"A",,2
180212,"R",10176,"A",,"A",,"G",339,"A",,"G",339,"A",,2
180249,"R",32490,"A",,"A",,"G",1083,"A",,"G",1083,"A",,2
180258,"R",15667,"A",,"R",1461,"G",522,"G",61,"G",522,"G",61,2
180276,"R",21483,"A",,"A",,"G",716,"A",,"G",716,"A",,2
180328,"R",8340,"A",,"A",,"G",278,"A",,"G",278,"A",,2
180373,"R",13482,"A",,"A",,"G",449,"A",,"G",449,"A",,2
180391,"A",,"R",52220,"A",,"G",58,"A",,"G",58,"A",,1
180416,"R",50874,"A",,"R",2112,"G",1696,"G",88,"G",1696,"G",88,2
180461,"R",292273,"A",,"R",21596,"G",9742,"G",900,"G",9742,"G",900,2
180489,"R",313542,"A",,"R",40369,"G",10451,"G",1682,"G",10451,"G",1682,2
180522,"R",33596,"A",,"R",1723,"G",1120,"G",72,"G",1120,"G",72,2
180595,"R",25022,"A",,"R",1474,"G",834,"G",61,"G",834,"G",61,2
180647,"R",35493,"A",,"A",,"G",789,"A",,"G",789,"A",,2
180692,"R",32557,"A",,"A",,"G",1085,"A",,"G",1085,"A",,2
180771,"A",,"R",142950,"A",,"G",159,"A",,"G",159,"A",,1
180814,"R",141594,"A",,"R",37697,"G",4720,"G",1571,"G",4720,"G",1571,2
180832,"R",17113,"A",,"R",1852,"G",570,"G",77,"G",570,"G",77,2
180878,"R",5132,"A",,"R",315,"G",171,"G",13,"G",171,"G",13,2
180902,"R",110615,"A",,"A",,"G",3687,"A",,"G",3687,"A",,2
180948,"R",56794,"A",,"R",6025,"G",1893,"G",251,"G",1893,"G",251,2
180957,"A",,"R",300300,"A",,"G",334,"A",,"G",334,"A",,1
180984,"R",34431,"A",,"R",3389,"G",1148,"G",141,"G",1148,"G",141,2
181002,"R",129314,"A",,"R",10685,"G",4310,"G",445,"G",4310,"G",445,2
181011,"R",18020,"A",,"A",,"G",601,"A",,"G",601,"A",,2
181020,"R",28155,"A",,"Z",0,"G",939,"A",,"G",939,"A",,2
181093,"R",8408,"A",,"R",916,"G",280,"G",38,"G",280,"G",38,2
181127,"R",34636,"A",,"R",1193,"G",1155,"G",50,"G",1155,"G",50,2
181136,"A",,"R",23400,"A",,"G",26,"A",,"G",26,"A",,1
181145,"R",1173,"A",,"A",,"G",39,"A",,"G",39,"A",,2
181190,"A",,"R",460800,"A",,"G",512,"A",,"G",512,"A",,1
181215,"R",149156,"A",,"R",16437,"G",4972,"G",685,"G",4972,"G",685,2
181242,"R",33128,"A",,"A",,"G",736,"A",,"R",552,"A",,2
181251,"A",,"R",29520,"A",,"G",33,"A",,"G",33,"A",,1
181297,"R",14705,"R",33172,"R",955,"G",527,"G",40,"G",527,"G",40,3
181303,"R",442686,"A",,"A",,"G",9837,"A",,"G",9837,"A",,2
181312,"R",48197,"A",,"A",,"G",1607,"A",,"G",1607,"A",,2
181330,"R",27522,"A",,"A",,"G",917,"A",,"G",917,"A",,2
181376,"R",4088,"A",,"A",,"G",136,"A",,"G",136,"A",,2
181394,"R",290472,"A",,"R",36468,"G",9682,"G",1520,"G",9682,"G",1520,2
181400,"R",38574,"A",,"A",,"G",857,"A",,"G",857,"A",,2
181419,"R",2374,"A",,"A",,"G",79,"A",,"G",79,"A",,2
181428,"R",23918,"A",,"R",31888,"G",797,"G",1329,"R",800,"R",1520,2
181446,"R",57144,"A",,"R",3205,"G",1905,"G",134,"G",1905,"G",134,2
181464,"R",445117,"A",,"R",56136,"G",14837,"G",2339,"G",14837,"G",2339,2
181491,"R",93377,"A",,"A",,"G",3113,"A",,"R",3302,"A",,2
181534,"R",41404,"A",,"R",7548,"G",1380,"G",315,"G",1380,"G",315,2
181543,"R",1457,"A",,"A",,"G",49,"A",,"R",34,"A",,2
181604,"R",21655,"A",,"R",2004,"G",722,"G",84,"G",722,"G",84,2
181640,"R",376973,"A",,"A",,"G",8377,"A",,"G",8377,"A",,2
181738,"R",25605,"A",,"R",2508,"G",854,"G",105,"G",854,"G",105,2
181756,"R",35496,"R",135000,"A",,"G",939,"A",,"G",939,"A",,3
181765,"R",8883,"A",,"A",,"G",296,"A",,"G",296,"A",,2
181783,"R",77086,"A",,"R",11957,"G",2570,"G",498,"G",2570,"G",498,2
181792,"R",493,"A",,"A",,"G",16,"A",,"R",13,"A",,2
181817,"R",79430,"A",,"A",,"G",2648,"A",,"G",2648,"A",,2
181853,"R",12498,"A",,"A",,"G",417,"A",,"G",417,"A",,2
181880,"A",,"R",292880,"A",,"G",325,"A",,"G",325,"A",,1
181941,"A",,"R",241576,"A",,"G",268,"A",,"G",268,"A",,1
182005,"R",596721,"A",,"A",,"G",19891,"A",,"G",19891,"A",,2
182111,"R",57206,"A",,"A",,"G",1271,"A",,"G",1271,"A",,2
182148,"R",10793,"R",97440,"A",,"G",348,"A",,"R",435,"A",,3
182209,"A",,"R",404660,"A",,"G",450,"A",,"G",450,"A",,1
182281,"R",593555,"A",,"R",78941,"G",19785,"G",3289,"G",19785,"G",3289,2
182290,"R",333423,"A",,"R",43282,"G",11114,"G",1803,"G",11114,"G",1803,2
182306,"R",48670,"A",,"A",,"G",1622,"A",,"R",1588,"A",,2
182397,"A",,"R",235100,"A",,"G",261,"A",,"G",261,"A",,1
182430,"R",5417,"A",,"R",996,"G",120,"G",28,"G",120,"G",28,2
182458,"R",7367,"A",,"R",10696,"G",246,"G",446,"G",246,"G",446,2
182500,"R",201375,"A",,"A",,"G",6713,"A",,"G",6713,"A",,2
182564,"R",80530,"A",,"A",,"G",2684,"A",,"R",2499,"A",,2
182634,"R",26503,"A",,"A",,"G",883,"A",,"G",883,"A",,2
182652,"A",,"R",103979,"A",,"G",116,"A",,"G",116,"A",,1
182661,"R",25564,"A",,"R",2136,"G",852,"G",89,"G",852,"G",89,2
182670,"R",186335,"A",,"R",48574,"G",4141,"G",1349,"G",4141,"G",1349,2
182704,"A",,"R",162957,"A",,"G",181,"A",,"G",181,"A",,1
182722,"A",,"R",139755,"A",,"G",155,"A",,"G",155,"A",,1
182795,"R",64134,"A",,"R",7384,"G",2138,"G",308,"G",2138,"G",308,2
182829,"A",,"A",,"R",1406,"A",,"G",59,"A",,"G",59,2
182865,"R",97771,"A",,"A",,"G",3259,"A",,"G",3259,"A",,2
182883,"A",,"R",52606,"A",,"G",58,"A",,"G",58,"A",,1
182892,"A",,"R",37500,"A",,"G",42,"A",,"G",42,"A",,1
182908,"R",6440,"A",,"A",,"G",215,"A",,"G",215,"A",,2
182944,"R",31038,"A",,"A",,"G",1035,"A",,"G",1035,"A",,2
182953,"A",,"R",131100,"A",,"G",146,"A",,"G",146,"A",,1
182980,"R",30888,"A",,"R",7312,"G",1030,"G",305,"G",1030,"G",305,2
182999,"A",,"R",55752,"A",,"G",62,"A",,"G",62,"A",,1
183026,"R",119555,"A",,"R",40380,"G",3985,"G",1683,"G",3985,"G",1683,2
183035,"R",1698,"A",,"A",,"G",57,"A",,"G",57,"A",,2
183044,"R",371023,"A",,"R",38763,"G",12367,"G",1615,"G",12367,"G",1615,2
183062,"R",135950,"A",,"R",3027,"G",4532,"G",126,"G",4532,"G",126,2
183071,"R",24154,"A",,"R",6221,"G",805,"G",259,"G",805,"G",259,2
183080,"R",122512,"A",,"R",23769,"G",4084,"G",990,"G",4084,"G",990,2
183099,"R",79977,"A",,"A",,"G",2666,"A",,"G",2666,"A",,2
183105,"R",13544,"A",,"A",,"G",451,"A",,"G",451,"A",,2
183114,"R",14632,"A",,"A",,"G",488,"A",,"G",488,"A",,2
183123,"R",20872,"A",,"A",,"G",696,"A",,"G",696,"A",,2
183132,"R",36513,"A",,"A",,"G",1217,"A",,"G",1217,"A",,2
183141,"R",32768,"A",,"A",,"G",1092,"A",,"G",1092,"A",,2
183150,"R",29574,"A",,"A",,"G",986,"A",,"G",986,"A",,2
183202,"A",,"R",96000,"A",,"G",107,"A",,"G",107,"A",,1
183211,"R",36291,"A",,"R",11206,"G",1210,"G",467,"G",1210,"G",467,2
183239,"R",62458,"A",,"A",,"G",2082,"A",,"G",2082,"A",,2
183248,"R",3431,"A",,"A",,"G",114,"A",,"G",114,"A",,2
183257,"R",27026,"A",,"R",3367,"G",901,"G",140,"G",901,"G",140,2
183275,"R",2803,"A",,"A",,"G",93,"A",,"R",92,"A",,2
183345,"R",6514,"A",,"A",,"G",217,"A",,"G",217,"A",,2
183488,"R",24600,"A",,"A",,"G",547,"A",,"G",547,"A",,2
183600,"R",800,"A",,"A",,"G",27,"A",,"G",27,"A",,2
183655,"R",144183,"A",,"A",,"G",4806,"A",,"G",4806,"A",,2
183725,"A",,"R",759005,"A",,"G",843,"A",,"G",843,"A",,1
183743,"R",283271,"A",,"A",,"G",9442,"A",,"G",9442,"A",,2
183789,"R",123337,"A",,"A",,"G",2741,"A",,"G",2741,"A",,2
183804,"R",65124,"A",,"R",73982,"G",2171,"G",3083,"G",2171,"G",3083,2
183822,"R",57347,"A",,"A",,"G",1912,"A",,"G",1912,"A",,2
183859,"R",301584,"A",,"A",,"G",10053,"A",,"G",10053,"A",,2
183877,"R",176697,"A",,"A",,"G",5890,"A",,"G",5890,"A",,2
183910,"R",35000,"A",,"R",8500,"G",1167,"G",354,"G",1167,"G",354,2
183938,"R",306342,"A",,"A",,"G",10211,"A",,"G",10211,"A",,2
183974,"R",60605,"A",,"R",6714,"G",2020,"G",280,"R",1805,"R",484,2
183983,"A",,"R",55548,"A",,"G",62,"A",,"G",62,"A",,1
184010,"R",2760,"A",,"A",,"G",92,"A",,"G",92,"A",,2
184047,"A",,"R",800100,"A",,"G",889,"A",,"G",889,"A",,1
184056,"A",,"R",460800,"A",,"G",512,"A",,"R",512,"A",,1
184092,"R",2432,"R",3855,"A",,"G",85,"A",,"G",85,"A",,3
184135,"R",21653,"A",,"A",,"G",481,"A",,"G",481,"A",,2
184144,"A",,"R",81970,"A",,"G",91,"A",,"G",91,"A",,1
184153,"Z",,"R",35280,"R",240,"G",39,"G",10,"G",39,"G",10,1
184180,"R",174107,"A",,"A",,"G",5804,"A",,"G",5804,"A",,2
184205,"R",73608,"A",,"A",,"G",2454,"A",,"R",2453,"A",,2
184269,"R",48712,"A",,"A",,"G",1624,"A",,"G",1624,"A",,2
184278,"A",,"R",133920,"A",,"G",149,"A",,"G",149,"A",,1
184320,"R",5200,"A",,"A",,"G",173,"A",,"G",173,"A",,2
184348,"R",53474,"A",,"R",5763,"G",1782,"G",240,"R",1671,"R",320,2
184357,"R",960,"A",,"A",,"G",32,"A",,"G",32,"A",,2
184427,"A",,"R",130543,"A",,"G",145,"A",,"G",145,"A",,1
184481,"R",253638,"A",,"A",,"G",8455,"A",,"G",8455,"A",,2
184506,"A",,"R",175739,"A",,"G",195,"A",,"G",195,"A",,1
184603,"R",98287,"A",,"R",39108,"G",3276,"G",1630,"G",3276,"G",1630,2
184612,"R",40904,"A",,"R",2214,"G",1363,"G",92,"G",1363,"G",92,2
184694,"R",75356,"A",,"R",14736,"G",2512,"G",614,"G",2512,"G",614,2
184746,"A",,"R",77762,"A",,"G",86,"A",,"G",86,"A",,1
184773,"R",48693,"A",,"R",16596,"G",1623,"G",692,"G",1623,"G",692,2
184782,"R",236142,"A",,"R",16283,"G",7871,"G",678,"G",7871,"G",678,2
184791,"R",127112,"A",,"A",,"G",4237,"A",,"G",4237,"A",,2
184816,"A",,"R",115413,"A",,"G",128,"A",,"G",128,"A",,1
184870,"R",4563,"A",,"A",,"G",152,"A",,"G",152,"A",,2
184959,"R",27000,"A",,"A",,"G",600,"A",,"G",600,"A",,2
184968,"R",4877,"A",,"A",,"G",163,"A",,"G",163,"A",,2
184995,"R",152138,"A",,"A",,"G",5071,"A",,"G",5071,"A",,2
185129,"R",136343,"A",,"R",26212,"G",4545,"G",1092,"G",4545,"G",1092,2
185174,"R",3430,"A",,"A",,"G",114,"A",,"G",114,"A",,2
185235,"R",22891,"A",,"A",,"G",509,"A",,"G",509,"A",,2
185244,"R",53406,"A",,"A",,"G",1187,"A",,"G",1187,"A",,2
185262,"R",276002,"A",,"R",42100,"G",9200,"G",1754,"G",9200,"G",1754,2
185332,"A",,"R",147300,"A",,"G",164,"A",,"G",164,"A",,1
185396,"A",,"R",1428300,"A",,"G",1587,"A",,"G",1587,"A",,1
185466,"A",,"R",269100,"A",,"G",299,"A",,"G",299,"A",,1
185509,"R",176306,"A",,"A",,"G",5877,"A",,"G",5877,"A",,2
185536,"R",267898,"A",,"A",,"G",8930,"A",,"G",8930,"A",,2
185572,"R",77305,"A",,"R",30764,"G",2577,"G",1282,"R",2577,"R",1398,2
185590,"R",350837,"A",,"R",49426,"G",11695,"G",2059,"G",11695,"G",2059,2
185624,"R",3458,"A",,"A",,"G",115,"A",,"G",115,"A",,2
185651,"R",2028,"A",,"A",,"G",68,"A",,"G",68,"A",,2
185679,"R",6024,"A",,"A",,"G",201,"A",,"G",201,"A",,2
185721,"R",30947,"A",,"A",,"G",688,"A",,"G",688,"A",,2
185730,"A",,"R",99068,"A",,"G",110,"A",,"G",110,"A",,1
185758,"A",,"A",,"R",825,"A",,"G",34,"A",,"G",34,2
185767,"A",,"R",108000,"A",,"G",120,"A",,"G",120,"A",,1
185828,"R",147664,"A",,"R",73602,"G",4922,"G",3067,"R",6153,"R",2511,2
185873,"R",209762,"A",,"A",,"G",6992,"A",,"R",6326,"A",,2
185916,"A",,"R",147638,"A",,"G",164,"A",,"G",164,"A",,1
185970,"A",,"R",341000,"A",,"G",379,"A",,"G",379,"A",,1
186016,"A",,"R",248955,"A",,"G",277,"A",,"G",277,"A",,1
186034,"R",132169,"A",,"A",,"G",4406,"A",,"R",4406,"A",,2
186052,"A",,"R",520028,"A",,"G",578,"A",,"G",578,"A",,1
186122,"A",,"A",,"R",5700,"A",,"G",238,"A",,"G",238,2
186131,"R",150204,"A",,"R",28408,"G",5007,"G",1184,"R",4829,"R",2303,2
186186,"R",6975,"A",,"A",,"G",233,"A",,"G",233,"A",,2
186201,"R",154635,"A",,"R",3693,"G",5155,"G",154,"G",5155,"G",154,2
186274,"A",,"R",185708,"A",,"G",206,"A",,"G",206,"A",,1
186283,"R",127151,"A",,"R",18913,"G",4238,"G",788,"G",4238,"G",788,2
186335,"A",,"R",194880,"A",,"G",217,"A",,"G",217,"A",,1
186371,"R",102228,"A",,"R",9756,"G",3408,"G",407,"G",3408,"G",407,2
186380,"R",819680,"A",,"R",120531,"G",27323,"G",5022,"G",27323,"G",5022,2
186399,"R",182152,"A",,"R",47996,"G",6072,"G",2000,"G",6072,"G",2000,2
186405,"A",,"R",19744,"A",,"G",22,"A",,"R",16,"A",,1
186423,"R",1161,"A",,"A",,"G",39,"A",,"G",39,"A",,2
186432,"R",67413,"A",,"R",11870,"G",2247,"G",495,"R",2809,"R",659,2
186469,"R",29165,"A",,"A",,"G",972,"A",,"G",972,"A",,2
186584,"R",160936,"A",,"R",52872,"G",5365,"G",2203,"G",5365,"G",2203,2
186593,"A",,"R",51181,"A",,"G",57,"A",,"G",57,"A",,1
186618,"R",27608,"A",,"R",10505,"G",920,"G",438,"G",920,"G",438,2
186645,"R",115379,"A",,"A",,"G",3846,"A",,"G",3846,"A",,2
186867,"R",62911,"A",,"R",42234,"G",2097,"G",1760,"R",1965,"R",2346,2
186876,"R",202232,"A",,"R",7620,"G",6741,"G",318,"R",6320,"R",318,2
186885,"R",5852,"A",,"A",,"G",130,"A",,"G",130,"A",,2
186900,"R",1425,"A",,"A",,"G",48,"A",,"G",48,"A",,2
187000,"A",,"R",161304,"A",,"G",179,"A",,"G",179,"A",,1
187046,"R",99414,"A",,"R",3444,"G",3314,"G",144,"G",3314,"G",144,2
187134,"R",185441,"A",,"R",10303,"G",6181,"G",429,"R",5795,"R",429,2
187161,"R",28677,"A",,"A",,"G",956,"A",,"G",956,"A",,2
187198,"R",223942,"A",,"A",,"G",7465,"A",,"G",7465,"A",,2
187222,"R",26820,"A",,"R",44636,"G",894,"G",1860,"G",894,"G",1860,2
187444,"R",248190,"A",,"R",20448,"G",8273,"G",852,"G",8273,"G",852,2
187505,"A",,"R",661009,"A",,"G",734,"A",,"G",734,"A",,1
187532,"R",429930,"A",,"A",,"G",14331,"A",,"G",14331,"A",,2
187596,"R",9441,"A",,"A",,"G",315,"A",,"G",315,"A",,2
187602,"A",,"R",90900,"A",,"G",101,"A",,"G",101,"A",,1
187620,"R",123700,"A",,"A",,"G",4123,"A",,"G",4123,"A",,2
187639,"R",52849,"A",,"A",,"G",1762,"A",,"G",1762,"A",,2
187648,"R",81486,"A",,"R",8256,"G",2716,"G",344,"G",2716,"G",344,2
187666,"R",69326,"A",,"A",,"G",2311,"A",,"G",2311,"A",,2
187745,"R",7361,"A",,"A",,"G",245,"A",,"G",245,"A",,2
187754,"A",,"R",40635,"A",,"G",45,"A",,"G",45,"A",,1
187897,"R",51982,"A",,"R",24854,"G",1733,"G",1036,"G",1733,"G",1036,2
187903,"R",55517,"A",,"A",,"G",1851,"A",,"G",1851,"A",,2
187912,"R",15753,"A",,"A",,"G",525,"A",,"G",525,"A",,2
187958,"R",51854,"A",,"A",,"G",1728,"A",,"G",1728,"A",,2
187967,"R",34764,"A",,"R",6124,"G",1159,"G",255,"R",2318,"R",510,2
187976,"R",12290,"A",,"A",,"G",410,"A",,"G",410,"A",,2
187985,"R",491340,"A",,"R",83428,"G",16378,"G",3476,"G",16378,"G",3476,2
187994,"R",37343,"A",,"A",,"G",1245,"A",,"G",1245,"A",,2
188003,"R",23958,"A",,"A",,"G",799,"A",,"G",799,"A",,2
188021,"R",14278,"A",,"A",,"G",476,"A",,"G",476,"A",,2
188030,"R",337617,"A",,"R",51216,"G",11254,"G",2134,"G",11254,"G",2134,2
188049,"R",31128,"A",,"A",,"G",1038,"A",,"G",1038,"A",,2
188058,"R",34882,"A",,"A",,"G",1163,"A",,"G",1163,"A",,2
188100,"R",81924,"A",,"A",,"G",2731,"A",,"G",2731,"A",,2
188137,"R",69359,"A",,"A",,"G",2312,"A",,"G",2312,"A",,2
188146,"R",21321,"A",,"Z",0,"G",711,"A",,"G",711,"A",,2
188182,"R",10305,"A",,"R",1348,"G",344,"G",56,"G",344,"G",56,2
188207,"A",,"A",,"R",5587,"A",,"G",155,"A",,"G",155,2
188216,"R",16467,"A",,"A",,"G",549,"A",,"G",549,"A",,2
188225,"R",17634,"A",,"A",,"G",588,"A",,"G",588,"A",,2
188261,"R",12284,"A",,"A",,"G",409,"A",,"G",409,"A",,2
188304,"R",47431,"A",,"R",5995,"G",1581,"G",250,"G",1581,"G",250,2
188340,"R",31522,"A",,"A",,"G",1051,"A",,"G",1051,"A",,2
188429,"R",135213,"A",,"R",66566,"G",4507,"G",2774,"G",4507,"G",2774,2
188438,"R",75019,"A",,"A",,"G",2501,"A",,"G",2501,"A",,2
188465,"R",62020,"A",,"A",,"G",2067,"A",,"G",2067,"A",,2
188517,"R",17671,"A",,"A",,"G",589,"A",,"G",589,"A",,2
188526,"R",30816,"A",,"A",,"G",1027,"A",,"R",976,"A",,2
188535,"A",,"A",,"R",192,"A",,"G",8,"A",,"G",8,2
188580,"A",,"A",,"R",4711,"A",,"G",196,"A",,"G",196,2
188641,"R",60165,"A",,"R",10862,"G",2006,"G",453,"G",2006,"G",453,2
188650,"A",,"R",269875,"A",,"G",300,"A",,"G",300,"A",,1
188669,"A",,"R",75600,"A",,"G",84,"A",,"G",84,"A",,1
188678,"R",8520,"A",,"A",,"G",284,"A",,"G",284,"A",,2
188687,"R",7679,"A",,"A",,"G",256,"A",,"G",256,"A",,2
188696,"A",,"R",75342,"A",,"G",84,"A",,"G",84,"A",,1
188854,"A",,"R",1235700,"A",,"G",1373,"A",,"G",1373,"A",,1
188890,"A",,"R",1107660,"A",,"G",1231,"A",,"R",1396,"A",,1
188915,"R",1527,"A",,"A",,"G",51,"A",,"G",51,"A",,2
188942,"R",2700,"A",,"A",,"G",90,"A",,"G",90,"A",,2
188988,"A",,"R",123589,"A",,"G",137,"A",,"G",137,"A",,1
189015,"A",,"A",,"R",17879,"A",,"G",745,"A",,"G",745,2
189088,"R",62555,"A",,"R",7148,"G",2085,"G",298,"G",2085,"G",298,2
189097,"R",68113,"A",,"A",,"G",2270,"A",,"G",2270,"A",,2
189219,"A",,"R",168000,"A",,"G",187,"A",,"G",187,"A",,1
189228,"R",152530,"A",,"A",,"G",3390,"A",,"G",3390,"A",,2
189264,"R",2492,"A",,"A",,"G",83,"A",,"G",83,"A",,2
189273,"R",1455,"A",,"R",1140,"G",49,"G",48,"R",49,"R",38,2
189282,"R",3530,"A",,"A",,"G",118,"A",,"G",118,"A",,2
189404,"A",,"R",78679,"A",,"G",87,"A",,"G",87,"A",,1
189413,"R",27505,"A",,"R",915,"G",917,"G",38,"G",917,"G",38,2
189422,"R",18783,"A",,"A",,"G",626,"A",,"R",613,"A",,2
189459,"R",72677,"A",,"A",,"G",2423,"A",,"G",2423,"A",,2
189468,"A",,"R",125851,"A",,"G",140,"A",,"G",140,"A",,1
189477,"A",,"R",115000,"A",,"G",128,"A",,"G",128,"A",,1
189547,"R",143443,"A",,"A",,"G",4781,"A",,"G",4781,"A",,2
189556,"R",11482,"A",,"A",,"G",383,"A",,"G",383,"A",,2
189565,"A",,"R",237225,"A",,"G",264,"A",,"R",264,"A",,1
189574,"R",23290,"A",,"A",,"G",776,"A",,"G",776,"A",,2
189583,"R",13145,"A",,"A",,"G",438,"A",,"G",438,"A",,2
189592,"R",6737,"A",,"A",,"G",225,"A",,"G",225,"A",,2
189653,"R",3282,"A",,"A",,"G",73,"A",,"G",73,"A",,2
189705,"R",101146,"A",,"R",28468,"G",3372,"G",1186,"G",3372,"G",1186,2
189714,"A",,"R",91000,"A",,"G",101,"A",,"G",101,"A",,1
189769,"A",,"R",202750,"A",,"G",225,"A",,"G",225,"A",,1
189787,"A",,"R",729085,"A",,"G",810,"A",,"G",810,"A",,1
189802,"R",4970,"R",66600,"R",1260,"G",240,"G",53,"G",240,"G",53,3
189811,"R",2003,"A",,"A",,"G",67,"A",,"G",67,"A",,2
189839,"R",82267,"A",,"A",,"G",2742,"A",,"G",2742,"A",,2
189848,"R",25639,"A",,"A",,"G",855,"A",,"G",855,"A",,2
189857,"R",16967,"A",,"R",2380,"G",566,"G",99,"G",566,"G",99,2
189954,"A",,"R",18885,"A",,"G",21,"A",,"G",21,"A",,1
189981,"A",,"A",,"R",1079,"A",,"G",45,"A",,"G",45,2
190008,"A",,"R",123136,"A",,"G",137,"A",,"R",128,"A",,1
190044,"R",76821,"A",,"R",8953,"G",2561,"G",373,"G",2561,"G",373,2
190053,"R",42254,"A",,"A",,"G",1408,"A",,"G",1408,"A",,2
190071,"R",4031,"A",,"A",,"G",134,"A",,"G",134,"A",,2
190080,"A",,"A",,"R",1230,"A",,"G",51,"A",,"G",51,2
190099,"R",88270,"A",,"R",188,"G",2942,"G",8,"R",2742,"R",7,2
190114,"R",34100,"A",,"R",14930,"G",1137,"G",622,"R",758,"R",355,2
190150,"R",228731,"A",,"R",291289,"G",7624,"G",12137,"G",7624,"G",12137,2
190169,"R",38673,"A",,"A",,"G",1289,"A",,"G",1289,"A",,2
190239,"A",,"R",164390,"A",,"G",183,"A",,"G",183,"A",,1
190248,"R",21790,"A",,"A",,"G",726,"A",,"G",726,"A",,2
190293,"A",,"R",131416,"A",,"G",146,"A",,"G",146,"A",,1
190309,"A",,"R",48660,"A",,"G",54,"A",,"G",54,"A",,1
190318,"A",,"R",234012,"A",,"G",260,"A",,"G",260,"A",,1
190372,"R",27785,"A",,"R",1117,"G",926,"G",47,"G",926,"G",47,2
190415,"R",422983,"A",,"R",112375,"G",14099,"G",4682,"R",13964,"R",5473,2
190424,"A",,"A",,"R",12072,"A",,"G",503,"A",,"G",503,2
190442,"R",92147,"A",,"A",,"G",3072,"A",,"R",3121,"A",,2
190451,"R",6078,"A",,"A",,"G",203,"A",,"G",203,"A",,2
190503,"R",129547,"A",,"A",,"G",4318,"A",,"R",4128,"A",,2
190512,"R",351053,"A",,"R",58918,"G",11702,"G",2455,"G",11702,"G",2455,2
190521,"R",413361,"A",,"A",,"G",13779,"A",,"G",13779,"A",,2
190530,"R",199380,"A",,"A",,"G",6646,"A",,"G",6646,"A",,2
190549,"R",306855,"A",,"R",57284,"G",10229,"G",2387,"G",10229,"G",2387,2
190558,"R",269857,"A",,"R",14354,"G",8995,"G",598,"G",8995,"G",598,2
190567,"R",249009,"A",,"R",43988,"G",8300,"G",1833,"G",8300,"G",1833,2
190576,"R",5202,"A",,"R",46727,"G",173,"G",1947,"G",173,"G",1947,2
190585,"R",104574,"A",,"A",,"G",3486,"A",,"G",3486,"A",,2
190594,"R",375573,"A",,"R",82002,"G",12519,"G",3417,"G",12519,"G",3417,2
190600,"R",310676,"A",,"R",27990,"G",10356,"G",1166,"G",10356,"G",1166,2
190619,"R",309654,"A",,"A",,"G",10322,"A",,"G",10322,"A",,2
190628,"R",303646,"A",,"A",,"G",10122,"A",,"G",10122,"A",,2
190637,"R",211493,"A",,"R",30926,"G",7050,"G",1289,"G",7050,"G",1289,2
190646,"R",126297,"A",,"A",,"G",4210,"A",,"G",4210,"A",,2
190655,"R",289517,"A",,"A",,"G",9651,"A",,"G",9651,"A",,2
190664,"R",345404,"A",,"R",60850,"G",11513,"G",2535,"G",11513,"G",2535,2
190673,"R",255868,"A",,"A",,"G",8529,"A",,"G",8529,"A",,2
190691,"R",137344,"A",,"R",821,"G",4578,"G",34,"G",4578,"G",34,2
190707,"A",,"R",23400,"A",,"G",26,"A",,"G",26,"A",,1
190716,"R",42257,"A",,"R",35185,"G",1409,"G",1466,"G",1409,"G",1466,2
190725,"R",42651,"A",,"R",18590,"G",1422,"G",775,"G",1422,"G",775,2
190734,"R",240,"A",,"R",270,"G",8,"G",11,"G",8,"G",11,2
190761,"R",39349,"A",,"R",4080,"G",1312,"G",170,"R",1346,"R",135,2
190770,"R",75569,"A",,"R",37880,"G",2519,"G",1578,"G",2519,"G",1578,2
190840,"R",160845,"A",,"A",,"G",5362,"A",,"G",5362,"A",,2
190956,"R",2412,"A",,"A",,"G",80,"A",,"G",80,"A",,2
190974,"R",18418,"A",,"A",,"G",614,"A",,"G",614,"A",,2
190983,"R",43935,"A",,"R",5669,"G",1465,"G",236,"G",1465,"G",236,2
191083,"R",311653,"A",,"A",,"G",10388,"A",,"G",10388,"A",,2
191126,"R",255239,"A",,"R",3293,"G",8508,"G",137,"G",8508,"G",137,2
191199,"R",103139,"A",,"A",,"G",3438,"A",,"G",3438,"A",,2
191205,"R",30846,"A",,"R",1132,"G",1028,"G",47,"G",1028,"G",47,2
191241,"R",229091,"A",,"R",104138,"G",7636,"G",4339,"R",7275,"R",3762,2
191287,"A",,"R",366000,"A",,"G",407,"A",,"G",407,"A",,1
191302,"R",50372,"A",,"A",,"G",1679,"A",,"G",1679,"A",,2
191311,"A",,"R",176766,"A",,"G",196,"A",,"G",196,"A",,1
191320,"A",,"A",,"R",748,"A",,"G",31,"A",,"G",31,2
191339,"R",114788,"A",,"A",,"G",3826,"A",,"G",3826,"A",,2
191384,"R",9780,"A",,"A",,"G",326,"A",,"G",326,"A",,2
191393,"R",21030,"A",,"A",,"G",701,"A",,"G",701,"A",,2
191515,"R",53783,"A",,"A",,"G",1793,"A",,"G",1793,"A",,2
191533,"R",44477,"A",,"A",,"G",1483,"A",,"G",1483,"A",,2
191597,"R",14597,"A",,"A",,"G",324,"A",,"G",324,"A",,2
191612,"R",81158,"A",,"A",,"G",2705,"A",,"G",2705,"A",,2
191621,"R",23904,"A",,"A",,"G",797,"A",,"G",797,"A",,2
191630,"R",62472,"A",,"R",296,"G",2082,"G",12,"R",1899,"R",9,2
191649,"R",265780,"A",,"R",48151,"G",8859,"G",2006,"G",8859,"R",2408,2
191676,"R",42448,"A",,"R",239,"G",1415,"G",10,"G",1415,"G",10,2
191719,"R",253866,"A",,"A",,"G",8462,"A",,"G",8462,"A",,2
191728,"A",,"R",461312,"A",,"G",513,"A",,"G",513,"A",,1
191764,"R",2718,"A",,"A",,"G",91,"A",,"R",113,"A",,2
191834,"A",,"R",758160,"A",,"G",842,"A",,"G",842,"A",,1
191870,"R",107708,"A",,"A",,"G",3590,"A",,"G",3590,"A",,2
191931,"R",101719,"A",,"R",13249,"G",3391,"G",552,"G",3391,"G",552,2
191940,"A",,"R",84046,"A",,"G",93,"A",,"G",93,"A",,1
191959,"R",4707,"A",,"A",,"G",157,"A",,"R",191,"A",,2
191968,"R",182198,"A",,"R",10012,"G",6073,"G",417,"G",6073,"G",417,2
191986,"R",93802,"A",,"A",,"G",3127,"A",,"G",3127,"A",,2
192004,"R",12228,"A",,"A",,"G",272,"A",,"G",272,"A",,2
192022,"R",65464,"A",,"A",,"G",2182,"A",,"G",2182,"A",,2
192040,"R",6540,"A",,"R",2928,"G",218,"G",122,"G",218,"G",122,2
192110,"R",18292,"A",,"R",8684,"G",610,"G",362,"G",610,"G",362,2
192147,"R",106873,"A",,"A",,"G",2375,"A",,"G",2375,"A",,2
192156,"R",29435,"A",,"A",,"G",654,"A",,"G",654,"A",,2
192165,"R",2550,"A",,"A",,"G",85,"A",,"G",85,"A",,2
192192,"R",35625,"R",0,"R",3029,"G",1188,"G",126,"G",1188,"G",126,3
192244,"R",464,"A",,"R",160,"G",15,"G",7,"G",15,"G",7,2
192271,"R",28619,"A",,"A",,"G",954,"A",,"G",954,"A",,2
192323,"R",74966,"A",,"R",14360,"G",2499,"G",598,"G",2499,"G",598,2
192439,"R",147512,"A",,"R",48230,"G",4917,"G",2010,"G",4917,"G",2010,2
192448,"R",141620,"A",,"R",55108,"G",4721,"G",2296,"G",4721,"G",2296,2
192475,"R",3373,"A",,"A",,"G",112,"A",,"G",112,"A",,2
192484,"A",,"R",126578,"A",,"G",141,"A",,"G",141,"A",,1
192509,"R",35227,"A",,"A",,"G",1174,"A",,"G",1174,"A",,2
192536,"A",,"R",19200,"A",,"G",21,"A",,"G",21,"A",,1
192554,"A",,"A",,"R",4788,"A",,"G",200,"A",,"G",200,2
192563,"R",1504,"A",,"R",10530,"G",50,"G",439,"G",50,"G",439,2
192624,"R",3585,"A",,"A",,"G",120,"A",,"G",120,"A",,2
192688,"R",11823,"R",108430,"A",,"G",515,"A",,"G",515,"A",,3
192703,"R",92608,"A",,"R",7197,"G",3087,"G",300,"G",3087,"G",300,2
192712,"R",11859,"A",,"R",11549,"G",395,"G",481,"R",367,"R",416,2
192749,"R",56688,"A",,"R",17521,"G",1890,"G",730,"G",1890,"G",730,2
192785,"R",15995,"A",,"A",,"G",533,"A",,"G",533,"A",,2
192800,"A",,"R",49200,"A",,"G",55,"A",,"R",40,"A",,1
192819,"R",142264,"A",,"R",13109,"G",4742,"G",546,"G",4742,"G",546,2
192828,"A",,"R",117000,"A",,"G",130,"A",,"G",130,"A",,1
192855,"R",14020,"A",,"A",,"G",467,"A",,"R",471,"A",,2
192864,"R",50038,"A",,"A",,"G",1668,"A",,"G",1668,"A",,2
192925,"R",46073,"A",,"R",38195,"G",1536,"G",1591,"G",1536,"G",1591,2
192961,"R",2120,"A",,"A",,"G",71,"A",,"G",71,"A",,2
192970,"A",,"R",5479,"A",,"G",6,"A",,"G",6,"A",,1
192998,"R",1164,"A",,"A",,"G",26,"A",,"G",26,"A",,2
193016,"R",132565,"A",,"R",72534,"G",4419,"G",3022,"R",4419,"R",4030,2
193052,"R",2646,"A",,"A",,"G",88,"A",,"G",88,"A",,2
193061,"R",1170,"A",,"R",360,"G",39,"G",15,"G",39,"G",15,2
193070,"R",1876,"A",,"R",812,"G",63,"G",34,"G",63,"G",34,2
193122,"A",,"R",117720,"A",,"G",131,"A",,"G",131,"A",,1
193186,"R",116,"A",,"A",,"G",4,"A",,"G",4,"A",,2
193201,"R",23160,"A",,"A",,"G",772,"A",,"G",772,"A",,2
193247,"R",6422,"A",,"R",1584,"G",214,"G",66,"G",214,"G",66,2
193265,"A",,"R",111600,"A",,"G",124,"A",,"G",124,"A",,1
193283,"R",132862,"A",,"A",,"G",4429,"A",,"G",4429,"A",,2
193292,"R",77558,"A",,"R",11714,"G",2585,"G",488,"G",2585,"G",488,2
193308,"R",158447,"A",,"R",2757,"G",5282,"G",115,"G",5282,"G",115,2
193317,"R",68927,"A",,"R",1509,"G",2298,"G",63,"G",2298,"G",63,2
193326,"R",405385,"A",,"A",,"G",13513,"A",,"G",13513,"A",,2
193353,"R",55438,"A",,"R",8543,"G",1848,"G",356,"G",1848,"G",356,2
193380,"A",,"R",120255,"A",,"G",134,"A",,"G",134,"A",,1
193399,"R",41098,"A",,"R",4515,"G",1370,"G",188,"G",1370,"G",188,2
193405,"A",,"A",,"R",6180,"A",,"G",258,"A",,"G",258,2
193478,"R",520995,"A",,"A",,"G",17367,"A",,"G",17367,"A",,2
193584,"R",60772,"A",,"R",20236,"G",2026,"G",843,"G",2026,"G",843,2
193609,"A",,"R",94468,"A",,"G",105,"A",,"G",105,"A",,1
193645,"R",142091,"A",,"R",21409,"G",4736,"G",892,"G",4736,"G",892,2
193654,"R",162628,"A",,"R",50676,"G",5421,"G",2112,"G",5421,"G",2112,2
193672,"A",,"R",58590,"A",,"G",65,"A",,"G",65,"A",,1
193751,"R",27,"A",,"R",3993,"G",1,"G",166,"G",1,"G",166,2
193760,"A",,"R",305100,"A",,"G",339,"A",,"G",339,"A",,1
193788,"A",,"R",254100,"A",,"G",282,"A",,"G",282,"A",,1
193821,"A",,"A",,"R",333,"A",,"G",14,"A",,"R",21,2
193830,"A",,"A",,"R",10835,"A",,"G",451,"A",,"R",424,2
193858,"A",,"R",325690,"A",,"G",362,"A",,"G",362,"A",,1
193900,"R",674508,"A",,"R",342191,"G",22484,"G",14258,"G",22484,"G",14258,2
193946,"R",124859,"A",,"A",,"G",4162,"A",,"G",4162,"A",,2
193973,"R",87853,"A",,"R",19621,"G",2928,"G",818,"G",2928,"G",818,2
193991,"A",,"R",41400,"A",,"G",46,"A",,"G",46,"A",,1
194028,"R",32649,"A",,"A",,"G",1088,"A",,"G",1088,"A",,2
194091,"R",147334,"A",,"R",57490,"G",4911,"G",2395,"G",4911,"G",2395,2
194107,"R",49225,"A",,"R",13265,"G",1641,"G",553,"G",1641,"G",553,2
194116,"R",10459,"A",,"R",580,"G",349,"G",24,"G",349,"G",24,2
194161,"R",52965,"A",,"R",19361,"G",1766,"G",807,"G",1766,"G",807,2
194189,"R",2632,"A",,"A",,"G",88,"A",,"G",88,"A",,2
194204,"R",1998,"A",,"A",,"G",67,"A",,"G",67,"A",,2
194222,"R",191929,"A",,"A",,"G",6398,"A",,"G",6398,"A",,2
194240,"R",128885,"A",,"A",,"G",4296,"A",,"R",4296,"A",,2
194259,"A",,"R",40391,"A",,"G",45,"A",,"G",45,"A",,1
194310,"R",221445,"A",,"R",97969,"G",7382,"G",4082,"G",7382,"G",4082,2
194392,"R",26206,"A",,"A",,"G",874,"A",,"G",874,"A",,2
194435,"A",,"R",99782,"A",,"G",111,"A",,"G",111,"A",,1
194453,"A",,"R",159996,"A",,"G",178,"A",,"G",178,"A",,1
194499,"R",32505,"A",,"A",,"G",1084,"A",,"G",1084,"A",,2
194541,"R",47470,"A",,"R",22856,"G",1582,"G",952,"G",1582,"G",952,2
194569,"R",6903,"A",,"A",,"G",230,"A",,"G",230,"A",,2
194578,"R",101694,"A",,"R",33145,"G",3390,"G",1381,"G",3390,"G",1381,2
194611,"R",28501,"A",,"A",,"G",950,"A",,"G",950,"A",,2
194657,"R",4680,"A",,"R",1584,"G",156,"G",66,"G",156,"G",66,2
194666,"R",6240,"A",,"A",,"G",208,"A",,"G",208,"A",,2
194675,"R",840,"A",,"R",672,"G",28,"G",28,"G",28,"G",28,2
194693,"R",1245,"A",,"Z",0,"G",42,"A",,"G",42,"A",,2
194709,"R",1710,"A",,"R",72,"G",57,"G",3,"G",57,"G",3,2
194718,"R",1215,"A",,"R",210,"G",41,"G",9,"G",41,"G",9,2
194736,"R",3808,"A",,"A",,"G",127,"A",,"G",127,"A",,2
194763,"R",10290,"A",,"R",5187,"G",343,"G",216,"G",343,"G",216,2
194824,"R",170969,"A",,"R",29937,"G",5699,"G",1247,"G",5699,"G",1247,2
194879,"A",,"R",84750,"A",,"G",94,"A",,"G",94,"A",,1
194958,"R",38084,"A",,"R",11415,"G",1269,"G",476,"R",1216,"R",365,2
194967,"R",75741,"A",,"A",,"G",1683,"A",,"G",1683,"A",,2
195003,"R",476665,"A",,"R",60335,"G",10593,"G",1676,"R",9931,"R",1676,2
195030,"R",162921,"A",,"R",69326,"G",5431,"G",2889,"G",5431,"G",2889,2
195049,"A",,"A",,"R",948,"A",,"G",40,"A",,"G",40,2
195058,"R",145011,"A",,"A",,"G",4834,"A",,"G",4834,"A",,2
195067,"A",,"R",573891,"A",,"G",638,"A",,"G",638,"A",,1
195128,"R",20132,"A",,"A",,"G",671,"A",,"G",671,"A",,2
195137,"R",22640,"A",,"R",19669,"G",755,"G",820,"G",755,"G",820,2
195155,"A",,"A",,"R",1452,"A",,"G",61,"A",,"G",61,2
195164,"R",58054,"A",,"R",9743,"G",1935,"G",406,"G",1935,"G",406,2
195173,"R",33558,"A",,"R",112,"G",1119,"G",5,"G",1119,"G",5,2
195191,"R",6820,"A",,"A",,"G",227,"A",,"G",227,"A",,2
195216,"R",66411,"A",,"R",2389,"G",2214,"G",100,"R",2134,"R",73,2
195234,"R",89342,"A",,"R",39035,"G",2978,"G",1626,"G",2978,"G",1626,2
195243,"R",44262,"A",,"R",3684,"G",1475,"G",154,"G",1475,"G",154,2
195289,"R",2447,"A",,"A",,"G",82,"A",,"G",82,"A",,2
195304,"R",39429,"A",,"R",7059,"G",1314,"G",294,"G",1314,"G",294,2
195322,"R",83996,"A",,"A",,"G",2800,"A",,"G",2800,"A",,2
195429,"A",,"A",,"R",1164,"A",,"G",49,"A",,"G",49,2
195438,"R",4740,"A",,"R",120,"G",158,"G",5,"G",158,"G",5,2
195474,"R",90544,"A",,"A",,"G",3018,"A",,"R",3061,"A",,2
195492,"R",1155,"A",,"A",,"G",39,"A",,"G",39,"A",,2
195526,"R",74375,"A",,"R",249,"G",2479,"G",10,"R",2785,"R",31,2
195544,"R",24958,"A",,"R",2412,"G",832,"G",101,"G",832,"G",101,2
195562,"R",91386,"A",,"R",3200,"G",3046,"G",133,"G",3046,"G",133,2
195571,"A",,"A",,"R",888,"A",,"G",37,"A",,"G",37,2
195580,"A",,"A",,"R",800,"A",,"G",33,"A",,"G",33,2
195623,"A",,"R",12881,"A",,"G",14,"A",,"G",14,"A",,1
195669,"A",,"R",39720,"A",,"G",44,"A",,"G",44,"A",,1
195687,"R",4326,"A",,"A",,"G",144,"A",,"G",144,"A",,2
195702,"A",,"R",24120,"A",,"G",27,"A",,"G",27,"A",,1
195720,"R",80291,"A",,"R",16168,"G",2676,"G",674,"G",2676,"G",674,2
195784,"R",2251,"A",,"A",,"G",75,"A",,"G",75,"A",,2
195793,"R",1015,"A",,"A",,"G",34,"A",,"G",34,"A",,2
195809,"R",391701,"A",,"R",55364,"G",13057,"G",2307,"G",13057,"G",2307,2
195845,"R",13436,"A",,"A",,"G",448,"A",,"G",448,"A",,2
195924,"A",,"R",70500,"A",,"G",78,"A",,"G",78,"A",,1
195933,"A",,"R",198000,"A",,"G",220,"A",,"G",220,"A",,1
195988,"R",36738,"A",,"A",,"G",1225,"A",,"G",1225,"A",,2
196006,"R",93441,"A",,"A",,"G",3115,"A",,"G",3115,"A",,2
196015,"R",67970,"A",,"A",,"G",2266,"A",,"G",2266,"A",,2
196024,"R",70605,"A",,"A",,"G",2354,"A",,"G",2354,"A",,2
196033,"R",72586,"A",,"A",,"G",2420,"A",,"G",2420,"A",,2
196042,"R",155906,"A",,"A",,"G",5197,"A",,"G",5197,"A",,2
196051,"R",87427,"A",,"A",,"G",2914,"A",,"G",2914,"A",,2
196060,"R",360161,"A",,"R",80619,"G",12005,"G",3359,"G",12005,"G",3359,2
196079,"R",360658,"A",,"R",46051,"G",12022,"G",1919,"G",12022,"G",1919,2
196088,"R",567495,"A",,"R",130670,"G",18917,"G",5445,"G",18917,"G",5445,2
196097,"R",457199,"A",,"R",128728,"G",15240,"G",5364,"G",15240,"G",5364,2
196103,"R",42647,"A",,"R",7591,"G",1422,"G",316,"G",1422,"G",316,2
196112,"R",46874,"A",,"R",6646,"G",1562,"G",277,"G",1562,"G",277,2
196121,"R",193433,"A",,"R",22254,"G",6448,"G",927,"G",6448,"G",927,2
196130,"R",254366,"A",,"R",32969,"G",8479,"G",1374,"G",8479,"G",1374,2
196149,"R",174156,"A",,"R",18298,"G",5805,"G",762,"G",5805,"G",762,2
196158,"R",155805,"A",,"R",7322,"G",5194,"G",305,"G",5194,"G",305,2
196167,"R",158211,"A",,"R",3897,"G",5274,"G",162,"G",5274,"G",162,2
196176,"R",176410,"A",,"R",24968,"G",5880,"G",1040,"G",5880,"G",1040,2
196185,"R",172167,"A",,"R",2936,"G",5739,"G",122,"G",5739,"G",122,2
196194,"R",204200,"A",,"R",19030,"G",6807,"G",793,"G",6807,"G",793,2
196200,"R",111314,"A",,"R",17965,"G",3710,"G",749,"G",3710,"G",749,2
196219,"R",117573,"A",,"R",4314,"G",3919,"G",180,"G",3919,"G",180,2
196228,"A",,"A",,"R",360,"A",,"G",10,"A",,"G",10,2
196237,"R",96660,"A",,"R",867,"G",3222,"G",36,"G",3222,"G",36,2
196246,"R",162837,"A",,"R",13133,"G",5428,"G",547,"G",5428,"G",547,2
196255,"R",11686,"A",,"R",8756,"G",390,"G",365,"G",390,"G",365,2
196264,"R",219899,"A",,"R",8029,"G",7330,"G",335,"G",7330,"G",335,2
196291,"R",43508,"A",,"R",2915,"G",1450,"G",121,"G",1450,"G",121,2
196307,"R",7009,"A",,"R",7518,"G",234,"G",313,"G",234,"G",313,2
196389,"R",11343,"A",,"R",2920,"G",378,"G",122,"G",378,"G",122,2
196413,"R",384361,"A",,"R",83353,"G",12812,"G",3473,"G",12812,"G",3473,2
196431,"R",9424,"A",,"A",,"G",314,"A",,"G",314,"A",,2
196440,"R",519,"A",,"R",153,"G",17,"G",6,"G",17,"G",6,2
196468,"A",,"A",,"R",82516,"A",,"G",3438,"A",,"G",3438,2
196477,"R",123551,"A",,"A",,"G",4118,"A",,"G",4118,"A",,2
196565,"R",87048,"A",,"A",,"G",2902,"A",,"G",2902,"A",,2
196583,"R",5175,"A",,"R",240,"G",173,"G",10,"G",173,"G",10,2
196592,"R",310524,"A",,"R",205411,"G",10351,"G",8559,"G",10351,"G",8559,2
196653,"R",24569,"A",,"A",,"G",819,"A",,"G",819,"A",,2
196680,"R",52653,"A",,"R",4574,"G",1755,"G",191,"R",9880,"R",191,2
196699,"R",60484,"A",,"A",,"G",2016,"A",,"G",2016,"A",,2
196857,"A",,"R",2546953,"A",,"G",2830,"A",,"G",2830,"A",,1
196866,"R",64602,"A",,"A",,"G",2153,"A",,"G",2153,"A",,2
196884,"A",,"A",,"R",1716,"A",,"G",72,"A",,"G",72,2
197018,"R",38730,"A",,"R",3120,"G",1291,"G",130,"G",1291,"G",130,2
197027,"R",41621,"A",,"A",,"G",1387,"A",,"R",942,"A",,2
197036,"A",,"R",4047300,"A",,"G",4497,"A",,"G",4497,"A",,1
197045,"R",64388,"A",,"R",6891,"G",2146,"G",287,"G",2146,"G",287,2
197081,"R",9653,"A",,"A",,"G",322,"A",,"G",322,"A",,2
197133,"R",74162,"A",,"R",7,"G",2472,"R",0,"G",2472,"Z",0,2
197142,"R",12091,"A",,"A",,"G",403,"A",,"R",518,"A",,2
197151,"R",89399,"A",,"R",11692,"G",2980,"G",487,"R",3100,"R",411,2
197197,"R",57243,"A",,"R",7152,"G",1908,"G",298,"R",1910,"G",298,2
197221,"R",2830,"A",,"A",,"G",94,"A",,"R",87,"A",,2
197230,"R",13560,"A",,"A",,"G",452,"A",,"G",452,"A",,2
197285,"R",69596,"A",,"A",,"G",1547,"A",,"G",1547,"A",,2
197294,"R",236614,"A",,"A",,"G",7887,"A",,"G",7887,"A",,2
197337,"A",,"R",53564,"A",,"G",60,"A",,"G",60,"A",,1
197522,"A",,"R",511900,"A",,"G",569,"A",,"G",569,"A",,1
197531,"A",,"R",444940,"A",,"G",494,"A",,"G",494,"A",,1
197601,"R",2760,"A",,"Z",0,"G",92,"A",,"G",92,"A",,2
197610,"R",2880,"A",,"R",450,"G",96,"G",19,"G",96,"G",19,2
197647,"R",3660,"A",,"R",1530,"G",122,"G",64,"G",122,"G",64,2
197674,"R",7290,"A",,"R",768,"G",243,"G",32,"G",243,"G",32,2
197692,"R",3150,"A",,"R",750,"G",105,"G",31,"G",105,"G",31,2
197708,"R",91749,"A",,"R",21092,"G",3058,"G",879,"G",3058,"R",1238,2
197735,"R",7924,"A",,"R",3360,"G",264,"G",140,"G",264,"G",140,2
197744,"R",3795,"A",,"R",824,"G",127,"G",34,"G",127,"G",34,2
197814,"R",44100,"A",,"A",,"G",1470,"A",,"G",1470,"A",,2
197832,"R",44185,"A",,"A",,"G",982,"A",,"G",982,"A",,2
197850,"R",47018,"A",,"A",,"G",1567,"A",,"G",1567,"A",,2
197869,"R",385259,"A",,"R",25134,"G",12842,"G",1047,"G",12842,"G",1047,2
197887,"A",,"R",4584600,"A",,"G",5094,"A",,"G",5094,"A",,1
197902,"A",,"R",156000,"A",,"G",173,"A",,"G",173,"A",,1
197911,"R",31670,"A",,"Z",0,"G",1056,"A",,"G",1056,"A",,2
197957,"A",,"R",91500,"A",,"G",102,"A",,"G",102,"A",,1
197966,"R",39426,"A",,"A",,"G",1314,"A",,"G",1314,"A",,2
197984,"R",31471,"A",,"A",,"G",1049,"A",,"R",1289,"A",,2
197993,"R",17943,"A",,"A",,"G",598,"A",,"G",598,"A",,2
198011,"R",30425,"A",,"A",,"G",1014,"A",,"G",1014,"A",,2
198039,"R",47610,"A",,"A",,"G",1587,"A",,"G",1587,"A",,2
198066,"R",19430,"A",,"A",,"G",648,"A",,"G",648,"A",,2
198075,"A",,"R",111360,"A",,"G",124,"A",,"G",124,"A",,1
198084,"A",,"R",646032,"A",,"G",718,"A",,"G",718,"A",,1
198109,"R",8480,"A",,"A",,"G",283,"A",,"G",283,"A",,2
198118,"R",98876,"A",,"A",,"G",3296,"A",,"G",3296,"A",,2
198136,"R",127191,"A",,"R",10664,"G",4240,"G",444,"G",4240,"G",444,2
198154,"R",103360,"A",,"A",,"G",3445,"A",,"G",3445,"A",,2
198206,"R",44341,"A",,"A",,"G",1478,"A",,"G",1478,"A",,2
198215,"R",34440,"A",,"R",348,"G",1148,"G",15,"G",1148,"G",15,2
198233,"R",129411,"A",,"A",,"G",4314,"A",,"G",4314,"A",,2
198242,"R",7022,"A",,"A",,"G",156,"A",,"G",156,"A",,2
198251,"R",110000,"A",,"A",,"G",3667,"A",,"R",3995,"A",,2
198260,"R",356550,"A",,"A",,"G",11885,"A",,"G",11885,"A",,2
198303,"R",23247,"A",,"A",,"G",775,"A",,"R",812,"A",,2
198321,"R",83265,"A",,"A",,"G",2776,"A",,"G",2776,"A",,2
198330,"R",111240,"A",,"A",,"G",3708,"A",,"R",3708,"A",,2
198367,"R",73985,"A",,"A",,"G",2466,"A",,"G",2466,"A",,2
198376,"R",79100,"A",,"A",,"G",2637,"A",,"G",2637,"A",,2
198385,"R",52588,"A",,"A",,"G",1753,"A",,"R",1834,"A",,2
198419,"R",234925,"A",,"R",157786,"G",7831,"G",6574,"G",7831,"G",6574,2
198455,"R",111894,"A",,"A",,"G",3730,"A",,"G",3730,"A",,2
198464,"R",514198,"A",,"R",80158,"G",17140,"G",3340,"G",17140,"G",3340,2
198491,"R",59480,"A",,"A",,"G",1983,"A",,"G",1983,"A",,2
198507,"R",80888,"A",,"R",893,"G",2696,"G",37,"G",2696,"G",37,2
198516,"R",168024,"A",,"R",8227,"G",5601,"G",343,"G",5601,"G",343,2
198525,"A",,"R",48000,"A",,"G",53,"A",,"R",32,"A",,1
198534,"R",143910,"A",,"A",,"G",4797,"A",,"G",4797,"A",,2
198543,"R",140084,"A",,"R",11027,"G",4669,"G",459,"G",4669,"G",459,2
198552,"A",,"R",2901111,"A",,"G",3223,"A",,"G",3223,"A",,1
198561,"R",79232,"A",,"R",15045,"G",2641,"G",627,"G",2641,"G",627,2
198570,"R",86206,"A",,"A",,"G",2874,"A",,"G",2874,"A",,2
198589,"A",,"R",114000,"A",,"G",127,"A",,"G",127,"A",,1
198598,"R",32425,"A",,"R",1880,"G",1081,"G",78,"G",1081,"G",78,2
198613,"R",76891,"R",67387,"A",,"G",2638,"A",,"G",2638,"A",,3
198622,"R",244650,"A",,"A",,"G",8155,"A",,"G",8155,"A",,2
198631,"A",,"R",42784,"A",,"G",48,"A",,"G",48,"A",,1
198640,"R",38972,"A",,"A",,"G",1299,"A",,"G",1299,"A",,2
198668,"R",64351,"A",,"A",,"G",2145,"A",,"G",2145,"A",,2
198677,"R",2700,"A",,"A",,"G",90,"A",,"G",90,"A",,2
198695,"R",77029,"A",,"R",5359,"G",2568,"G",223,"G",2568,"G",223,2
198710,"R",57870,"A",,"A",,"G",1929,"A",,"G",1929,"A",,2
198729,"R",32349,"A",,"A",,"G",1078,"A",,"G",1078,"A",,2
198747,"R",3484,"A",,"A",,"G",116,"A",,"G",116,"A",,2
198756,"R",46193,"A",,"A",,"G",1540,"A",,"G",1540,"A",,2
198774,"R",100763,"A",,"A",,"G",3359,"A",,"G",3359,"A",,2
198808,"R",25835,"A",,"A",,"G",861,"A",,"G",861,"A",,2
198817,"R",46588,"A",,"A",,"G",1553,"A",,"G",1553,"A",,2
198835,"R",43741,"A",,"R",2635,"G",1458,"G",110,"G",1458,"G",110,2
198844,"A",,"R",120600,"A",,"G",134,"A",,"G",134,"A",,1
198862,"R",26645,"A",,"A",,"G",888,"A",,"G",888,"A",,2
198871,"R",22462,"A",,"A",,"G",749,"A",,"G",749,"A",,2
198899,"R",37516,"A",,"A",,"G",1251,"A",,"G",1251,"A",,2
198905,"R",19785,"A",,"A",,"G",660,"A",,"R",659,"A",,2
198914,"R",39740,"A",,"A",,"G",1325,"A",,"G",1325,"A",,2
198923,"R",29850,"A",,"A",,"G",995,"A",,"G",995,"A",,2
198941,"R",6723,"A",,"A",,"G",224,"A",,"G",224,"A",,2
198950,"R",56363,"A",,"R",1911,"G",1879,"G",80,"G",1879,"G",80,2
198969,"R",55455,"A",,"R",4974,"G",1849,"G",207,"R",1849,"R",108,2
198978,"R",33442,"A",,"A",,"G",743,"A",,"G",743,"A",,2
198987,"R",57919,"A",,"A",,"G",1931,"A",,"G",1931,"A",,2
198996,"A",,"R",2400,"A",,"G",3,"A",,"G",3,"A",,1
199005,"A",,"R",0,"A",,"R",0,"A",,"Z",0,"A",,1
199014,"A",,"R",12593,"A",,"G",14,"A",,"G",14,"A",,1
199023,"R",25655,"A",,"A",,"G",855,"A",,"G",855,"A",,2
199032,"R",25340,"A",,"R",2134,"G",845,"G",89,"R",845,"R",71,2
199069,"R",88362,"A",,"A",,"G",2945,"A",,"G",2945,"A",,2
199078,"A",,"R",75100,"A",,"G",83,"A",,"G",83,"A",,1
199087,"R",60584,"A",,"A",,"G",2019,"A",,"G",2019,"A",,2
199102,"R",280436,"A",,"R",23220,"G",9348,"G",968,"G",9348,"G",968,2
199111,"R",92279,"A",,"R",229,"G",3076,"G",10,"G",3076,"G",10,2
199120,"R",487600,"A",,"R",145095,"G",16253,"G",6046,"G",16253,"G",6046,2
199139,"R",443931,"A",,"R",60110,"G",14798,"G",2505,"G",14798,"G",2505,2
199148,"R",346849,"A",,"R",55457,"G",11562,"G",2311,"G",11562,"G",2311,2
199157,"R",165363,"A",,"R",21150,"G",5512,"G",881,"G",5512,"G",881,2
199184,"R",28537,"A",,"R",3740,"G",951,"G",156,"G",951,"G",156,2
199193,"R",637402,"A",,"R",103446,"G",21247,"G",4310,"G",21247,"G",4310,2
199209,"R",40165,"A",,"A",,"G",1339,"A",,"G",1339,"A",,2
199218,"R",300958,"A",,"R",16292,"G",10032,"G",679,"G",10032,"G",679,2
199263,"R",9286,"A",,"A",,"G",310,"A",,"G",310,"A",,2
199272,"R",19947,"A",,"A",,"G",665,"A",,"G",665,"A",,2
199281,"R",128951,"A",,"R",7556,"G",4298,"G",315,"G",4298,"G",315,2
199306,"R",32948,"A",,"R",16542,"G",1098,"G",689,"G",1098,"G",689,2
199315,"R",8383,"A",,"R",972,"G",279,"G",41,"G",279,"G",41,2
199324,"R",69526,"A",,"A",,"G",2318,"A",,"G",2318,"A",,2
199333,"R",167482,"A",,"A",,"G",5583,"A",,"G",5583,"A",,2
199412,"R",42701,"A",,"R",8520,"G",1423,"G",355,"G",1423,"G",355,2
199421,"R",58389,"A",,"A",,"G",1946,"A",,"G",1946,"A",,2
199449,"R",41400,"A",,"A",,"G",1380,"A",,"G",1380,"A",,2
199458,"R",3018,"A",,"A",,"G",101,"A",,"R",137,"A",,2
199467,"R",20002,"R",52047,"A",,"G",725,"A",,"G",725,"A",,3
199476,"R",67164,"A",,"A",,"G",2239,"A",,"G",2239,"A",,2
199485,"R",53123,"A",,"A",,"G",1771,"A",,"G",1771,"A",,2
199494,"R",103608,"A",,"A",,"G",3454,"A",,"G",3454,"A",,2
199582,"R",37284,"A",,"A",,"G",1243,"A",,"G",1243,"A",,2
199607,"R",25924,"A",,"R",3171,"G",864,"G",132,"G",864,"G",132,2
199625,"R",34500,"A",,"A",,"G",1150,"A",,"G",1150,"A",,2
199634,"R",98508,"A",,"A",,"G",3284,"A",,"G",3284,"A",,2
199643,"R",73833,"A",,"R",699,"G",2461,"G",29,"R",3076,"R",39,2
199689,"A",,"R",185400,"A",,"G",206,"A",,"R",206,"A",,1
199698,"R",22749,"A",,"A",,"G",758,"A",,"G",758,"A",,2
199713,"A",,"R",130717,"A",,"G",145,"A",,"G",145,"A",,1
199722,"R",59113,"A",,"A",,"G",1970,"A",,"G",1970,"A",,2
199731,"R",42683,"R",3302,"A",,"G",1426,"A",,"G",1426,"A",,3
199740,"R",59723,"A",,"A",,"G",1991,"A",,"G",1991,"A",,2
199768,"R",75246,"A",,"A",,"G",2508,"A",,"G",2508,"A",,2
199786,"R",106839,"A",,"A",,"G",3561,"A",,"G",3561,"A",,2
199795,"R",25193,"A",,"A",,"G",840,"A",,"R",840,"A",,2
199838,"R",102600,"A",,"A",,"G",3420,"A",,"G",3420,"A",,2
199847,"R",123788,"A",,"R",33094,"G",4126,"G",1379,"G",4126,"G",1379,2
199856,"R",284907,"A",,"A",,"G",9497,"A",,"G",9497,"A",,2
199865,"R",25098,"A",,"R",2115,"G",837,"G",88,"G",837,"G",88,2
199883,"R",1584,"A",,"A",,"G",53,"A",,"G",53,"A",,2
199892,"R",84473,"A",,"A",,"G",2816,"A",,"G",2816,"A",,2
199908,"R",71624,"A",,"A",,"G",2387,"A",,"G",2387,"A",,2
199926,"R",56533,"A",,"A",,"G",1884,"A",,"G",1884,"A",,2
199953,"R",53642,"A",,"A",,"G",1788,"A",,"G",1788,"A",,2
199962,"R",41940,"A",,"R",6893,"G",1398,"G",287,"G",1398,"G",287,2
199971,"R",823,"A",,"A",,"G",27,"A",,"G",27,"A",,2
199980,"A",,"R",80000,"A",,"G",89,"A",,"G",89,"A",,1
199999,"R",146669,"A",,"R",5672,"G",4889,"G",236,"G",4889,"G",236,2
200004,"R",195318,"A",,"R",25907,"G",6511,"G",1079,"G",6511,"G",1079,2
200013,"R",28055,"A",,"A",,"G",623,"A",,"G",623,"A",,2
200022,"R",78834,"A",,"A",,"G",2628,"A",,"G",2628,"A",,2
200059,"R",57930,"A",,"A",,"G",1931,"A",,"G",1931,"A",,2
200086,"R",6600,"A",,"A",,"G",220,"A",,"G",220,"A",,2
200110,"A",,"R",1800,"A",,"G",2,"A",,"G",2,"A",,1
200129,"A",,"R",50000,"A",,"G",56,"A",,"G",56,"A",,1
200156,"R",30527,"A",,"A",,"G",1018,"A",,"G",1018,"A",,2
200165,"A",,"R",1800,"A",,"G",2,"A",,"G",2,"A",,1
200192,"R",26737,"A",,"A",,"G",891,"A",,"G",891,"A",,2
200208,"R",5233,"A",,"A",,"G",174,"A",,"G",174,"A",,2
200217,"R",61169,"A",,"R",17845,"G",2039,"G",744,"G",2039,"G",744,2
200226,"R",18902,"A",,"A",,"G",630,"A",,"G",630,"A",,2
200244,"R",3153,"A",,"A",,"G",105,"A",,"G",105,"A",,2
200253,"R",78334,"A",,"R",5446,"G",2611,"G",227,"G",2611,"G",227,2
200262,"A",,"R",4500,"A",,"G",5,"A",,"G",5,"A",,1
200280,"R",298868,"A",,"R",33946,"G",9962,"G",1414,"G",9962,"G",1414,2
200305,"R",60503,"A",,"A",,"G",2017,"A",,"G",2017,"A",,2
200314,"R",11604,"A",,"A",,"G",387,"A",,"G",387,"A",,2
200332,"R",283970,"A",,"R",24289,"G",9466,"G",1012,"G",9466,"G",1012,2
200341,"R",18820,"A",,"A",,"G",627,"A",,"G",627,"A",,2
200387,"A",,"R",21600,"A",,"G",24,"A",,"G",24,"A",,1
200466,"R",7830,"A",,"A",,"G",261,"A",,"G",261,"A",,2
200484,"R",8528,"A",,"A",,"G",284,"A",,"G",284,"A",,2
200527,"R",18506,"A",,"A",,"G",617,"A",,"G",617,"A",,2
200554,"R",17761,"A",,"A",,"G",592,"A",,"R",601,"A",,2
200572,"R",23275,"A",,"R",980,"G",776,"G",41,"G",776,"G",41,2
200590,"R",13055,"A",,"A",,"G",435,"A",,"G",435,"A",,2
200624,"R",3912,"A",,"A",,"G",87,"A",,"R",72,"A",,2
200633,"A",,"R",272700,"A",,"G",303,"A",,"G",303,"A",,1
200697,"A",,"A",,"R",25586,"A",,"G",711,"A",,"G",711,2
200721,"A",,"R",137000,"A",,"G",152,"A",,"G",152,"A",,1
200785,"R",32900,"A",,"A",,"G",1097,"A",,"G",1097,"A",,2
200800,"R",471689,"A",,"R",66430,"G",15723,"G",2768,"G",15723,"G",2768,2
200828,"A",,"R",134082,"A",,"G",149,"A",,"G",149,"A",,1
200846,"R",33497,"A",,"A",,"G",1117,"A",,"G",1117,"A",,2
200873,"R",1128,"A",,"A",,"G",38,"A",,"G",38,"A",,2
201007,"R",12592,"A",,"A",,"G",420,"A",,"G",420,"A",,2
201016,"R",22492,"A",,"A",,"G",500,"A",,"G",500,"A",,2
201034,"A",,"R",410676,"A",,"G",456,"A",,"G",456,"A",,1
201061,"R",4449,"A",,"Z",0,"G",148,"A",,"G",148,"A",,2
201098,"A",,"R",49500,"A",,"G",55,"A",,"R",75,"A",,1
201104,"R",81201,"A",,"R",68204,"G",2707,"G",2842,"G",2707,"G",2842,2
201131,"A",,"R",165600,"A",,"G",184,"A",,"G",184,"A",,1
201140,"R",1570,"A",,"R",1299,"G",35,"G",36,"G",35,"G",36,2
201159,"A",,"R",244300,"A",,"G",271,"A",,"G",271,"A",,1
201177,"R",4194,"A",,"A",,"G",140,"A",,"G",140,"A",,2
201195,"R",96404,"A",,"R",11534,"G",3213,"G",481,"G",3213,"G",481,2
201229,"A",,"R",24000,"A",,"G",27,"A",,"G",27,"A",,1
201283,"R",60083,"A",,"A",,"G",1335,"A",,"G",1335,"A",,2
201371,"R",28269,"A",,"R",1896,"G",942,"G",79,"G",942,"G",79,2
201399,"R",22735,"A",,"A",,"G",505,"A",,"G",505,"A",,2
201432,"R",42385,"A",,"R",581,"G",1413,"G",24,"G",1413,"G",24,2
201441,"R",471495,"A",,"R",65688,"G",15717,"G",2737,"G",15717,"G",2737,2
201469,"R",12960,"A",,"A",,"G",432,"A",,"G",432,"A",,2
201478,"A",,"R",7500,"A",,"G",8,"A",,"R",8,"A",,1
201496,"A",,"R",750149,"A",,"G",833,"A",,"G",833,"A",,1
201539,"A",,"R",151032,"A",,"G",168,"A",,"G",168,"A",,1
201548,"R",75411,"A",,"R",4093,"G",2514,"G",171,"G",2514,"G",171,2
201584,"A",,"R",43200,"A",,"G",48,"A",,"G",48,"A",,1
201609,"A",,"R",81627,"A",,"G",91,"A",,"G",91,"A",,1
201618,"A",,"R",83331,"A",,"G",93,"A",,"G",93,"A",,1
201627,"A",,"R",86892,"A",,"G",97,"A",,"G",97,"A",,1
201645,"R",131090,"A",,"R",65494,"G",4370,"G",2729,"G",4370,"G",2729,2
201654,"R",94571,"A",,"R",692,"G",3152,"G",29,"G",3152,"G",29,2
201672,"R",103889,"A",,"A",,"G",2309,"A",,"G",2309,"A",,2
201681,"A",,"R",145080,"A",,"G",161,"A",,"G",161,"A",,1
201690,"R",51482,"A",,"R",339,"G",1716,"G",14,"G",1716,"G",14,2
201751,"R",4962,"A",,"A",,"G",165,"A",,"G",165,"A",,2
201803,"A",,"R",249571,"A",,"G",277,"A",,"G",277,"A",,1
201821,"R",11500,"A",,"A",,"G",383,"A",,"G",383,"A",,2
201858,"R",23463,"A",,"R",3883,"G",782,"G",162,"G",782,"G",162,2
201867,"R",5800,"A",,"A",,"G",129,"A",,"G",129,"A",,2
201885,"R",788794,"A",,"R",227860,"G",17529,"G",6329,"G",17529,"G",6329,2
201928,"R",328907,"A",,"A",,"G",7309,"A",,"G",7309,"A",,2
201946,"R",95296,"A",,"A",,"G",2118,"A",,"G",2118,"A",,2
201955,"R",135592,"A",,"A",,"G",3013,"A",,"G",3013,"A",,2
201964,"R",13167,"A",,"A",,"G",439,"A",,"R",464,"A",,2
201973,"R",101983,"A",,"A",,"G",2266,"A",,"G",2266,"A",,2
201982,"A",,"R",53334,"A",,"G",59,"A",,"G",59,"A",,1
201991,"A",,"R",39600,"A",,"G",44,"A",,"G",44,"A",,1
202019,"R",62,"A",,"R",737,"G",2,"G",31,"G",2,"G",31,2
202046,"R",15066,"A",,"R",252,"G",502,"G",11,"G",502,"G",11,2
202055,"A",,"R",304200,"A",,"G",338,"A",,"G",338,"A",,1
202073,"R",7750,"A",,"R",4523,"G",258,"G",188,"G",258,"G",188,2
202134,"R",252104,"A",,"R",100962,"G",8403,"G",4207,"G",8403,"G",4207,2
202152,"A",,"R",185922,"A",,"G",207,"A",,"G",207,"A",,1
202161,"R",25408,"A",,"A",,"G",847,"A",,"R",819,"A",,2
202170,"R",44015,"A",,"A",,"G",1467,"A",,"G",1467,"A",,2
202189,"R",25213,"A",,"A",,"G",560,"A",,"G",560,"A",,2
202204,"A",,"R",377352,"A",,"G",419,"A",,"G",419,"A",,1
202222,"R",729314,"A",,"A",,"G",16207,"A",,"G",16207,"A",,2
202268,"R",4763,"A",,"A",,"G",159,"A",,"G",159,"A",,2
202356,"R",485132,"A",,"A",,"G",16171,"A",,"G",16171,"A",,2
202435,"R",15137,"A",,"A",,"G",336,"A",,"G",336,"A",,2
202453,"A",,"R",165360,"A",,"G",184,"A",,"G",184,"A",,1
202480,"R",221252,"A",,"R",58912,"G",7375,"G",2455,"G",7375,"G",2455,2
202514,"R",24828,"A",,"R",1284,"G",828,"G",54,"G",828,"G",54,2
202523,"R",67547,"A",,"A",,"G",2252,"A",,"G",2252,"A",,2
202541,"R",64089,"A",,"R",6090,"G",2136,"G",254,"G",2136,"G",254,2
202611,"R",10065,"A",,"R",855,"G",336,"G",36,"G",336,"G",36,2
202639,"A",,"R",61380,"A",,"G",68,"A",,"G",68,"A",,1
202648,"R",57125,"A",,"R",6,"G",1904,"R",0,"G",1904,"Z",0,2
202657,"A",,"R",365192,"A",,"G",406,"A",,"G",406,"A",,1
202684,"R",9660,"A",,"A",,"G",322,"A",,"G",322,"A",,2
202736,"A",,"R",68170,"A",,"G",76,"A",,"G",76,"A",,1
202763,"R",101623,"A",,"R",28107,"G",3387,"G",1171,"G",3387,"G",1171,2
202806,"R",153309,"A",,"R",19622,"G",5110,"G",818,"G",5110,"G",818,2
202888,"A",,"R",59533,"A",,"G",66,"A",,"G",66,"A",,1
202903,"R",6897,"A",,"A",,"G",230,"A",,"G",230,"A",,2
202912,"R",7227,"A",,"A",,"G",241,"A",,"G",241,"A",,2
202949,"A",,"R",516570,"A",,"G",574,"A",,"G",574,"A",,1
202985,"A",,"R",103600,"A",,"G",115,"A",,"G",115,"A",,1
203030,"A",,"R",240000,"A",,"G",267,"A",,"G",267,"A",,1
203049,"A",,"A",,"R",1419,"A",,"G",59,"A",,"R",66,2
203067,"A",,"A",,"R",2184,"A",,"G",91,"A",,"G",91,2
203076,"A",,"A",,"R",2010,"A",,"G",84,"A",,"G",84,2
203085,"R",35259,"A",,"R",3218,"G",1175,"G",134,"G",1175,"G",134,2
203128,"R",34377,"A",,"R",643,"G",1146,"G",27,"G",1146,"G",27,2
203146,"A",,"R",226835,"A",,"G",252,"A",,"G",252,"A",,1
203155,"R",217176,"A",,"A",,"G",4826,"A",,"G",4826,"A",,2
203164,"R",8247,"A",,"A",,"G",275,"A",,"G",275,"A",,2
203225,"R",12780,"A",,"A",,"G",426,"A",,"G",426,"A",,2
203234,"A",,"R",247200,"A",,"G",275,"A",,"G",275,"A",,1
203289,"R",2960,"A",,"A",,"G",99,"A",,"G",99,"A",,2
203313,"R",20248,"A",,"A",,"G",450,"A",,"G",450,"A",,2
203331,"R",37421,"A",,"A",,"G",1247,"A",,"G",1247,"A",,2
203368,"R",93535,"A",,"R",11224,"G",3118,"G",468,"G",3118,"G",468,2
203386,"R",2376,"A",,"A",,"G",53,"A",,"G",53,"A",,2
203438,"A",,"R",200980,"A",,"G",223,"A",,"G",223,"A",,1
203447,"R",29828,"A",,"R",84,"G",994,"G",4,"G",994,"G",4,2
203456,"R",15187,"A",,"R",9,"G",506,"R",0,"G",506,"Z",0,2
203465,"R",76468,"A",,"R",350,"G",2549,"G",15,"G",2549,"G",15,2
203474,"R",39805,"A",,"R",135,"G",1327,"G",6,"G",1327,"G",6,2
203483,"R",40469,"A",,"R",238,"G",1349,"G",10,"G",1349,"G",10,2
203492,"R",25684,"A",,"R",246,"G",856,"G",10,"G",856,"G",10,2
203517,"R",491726,"A",,"R",95814,"G",16391,"G",3992,"G",16391,"G",3992,2
203526,"R",18946,"A",,"R",83,"G",632,"G",3,"G",632,"G",3,2
203535,"R",55487,"A",,"A",,"G",1850,"A",,"R",1734,"A",,2
203544,"R",20615,"A",,"R",1543,"G",687,"G",64,"G",687,"G",64,2
203580,"R",19051,"A",,"R",1843,"G",635,"G",77,"G",635,"G",77,2
203599,"R",173611,"A",,"A",,"G",5787,"A",,"G",5787,"A",,2
203614,"A",,"R",242479,"A",,"G",269,"A",,"G",269,"A",,1
203678,"R",110617,"A",,"A",,"G",2458,"A",,"G",2458,"A",,2
203720,"R",9253,"A",,"A",,"G",206,"A",,"G",206,"A",,2
203739,"R",9327,"A",,"A",,"G",207,"A",,"G",207,"A",,2
203748,"R",206593,"A",,"A",,"G",6886,"A",,"G",6886,"A",,2
203757,"R",34573,"A",,"R",1653,"G",1152,"G",69,"G",1152,"G",69,2
203775,"R",56513,"A",,"R",6722,"G",1884,"G",280,"G",1884,"G",280,2
203818,"R",17812,"A",,"A",,"G",396,"A",,"G",396,"A",,2
203845,"R",42272,"A",,"R",3098,"G",1409,"G",129,"G",1409,"G",129,2
203881,"R",61844,"A",,"A",,"G",1374,"A",,"G",1374,"A",,2
203942,"A",,"R",54090,"A",,"G",60,"A",,"R",74,"A",,1
203951,"A",,"A",,"R",18889,"A",,"G",787,"A",,"G",787,2
203960,"R",19062,"A",,"A",,"G",635,"A",,"G",635,"A",,2
203997,"A",,"A",,"R",1871,"A",,"G",78,"A",,"G",78,2
204006,"R",60567,"A",,"R",912,"G",2019,"G",38,"G",2019,"G",38,2
204015,"R",44257,"A",,"R",682,"G",1475,"G",28,"G",1475,"G",28,2
204024,"R",455558,"A",,"R",48590,"G",15185,"G",2025,"G",15185,"G",2025,2
204060,"R",36478,"A",,"A",,"G",811,"A",,"G",811,"A",,2
204121,"A",,"R",27600,"A",,"G",31,"A",,"G",31,"A",,1
204158,"A",,"R",350700,"A",,"G",390,"A",,"G",390,"A",,1
204167,"A",,"R",33600,"A",,"G",37,"A",,"G",37,"A",,1
204176,"R",18580,"A",,"R",244,"G",619,"G",10,"G",619,"G",10,2
204185,"R",64754,"A",,"A",,"G",2158,"A",,"G",2158,"A",,2
204194,"R",56979,"A",,"R",8437,"G",1899,"G",352,"R",1980,"R",352,2
204200,"R",49948,"A",,"R",9709,"G",1665,"G",405,"G",1665,"G",405,2
204255,"R",68849,"A",,"A",,"G",1530,"A",,"G",1530,"A",,2
204264,"R",47751,"A",,"R",8558,"G",1592,"G",357,"G",1592,"G",357,2
204307,"A",,"R",801000,"A",,"G",890,"A",,"G",890,"A",,1
204316,"R",52729,"A",,"A",,"G",1172,"A",,"G",1172,"A",,2
204334,"A",,"R",217600,"A",,"G",242,"A",,"G",242,"A",,1
204422,"R",88957,"A",,"A",,"G",1977,"A",,"G",1977,"A",,2
204431,"A",,"R",1680,"A",,"G",2,"A",,"G",2,"A",,1
204440,"R",62374,"A",,"A",,"G",2079,"A",,"G",2079,"A",,2
204459,"A",,"R",155457,"A",,"G",173,"A",,"G",173,"A",,1
204468,"R",29402,"A",,"R",6254,"G",980,"G",261,"G",980,"G",261,2
204486,"R",146692,"A",,"R",488,"G",3260,"G",14,"G",3260,"G",14,2
204501,"R",81430,"A",,"R",239,"G",2714,"G",10,"G",2714,"G",10,2
204592,"R",6538,"A",,"A",,"G",218,"A",,"G",218,"A",,2
204608,"A",,"R",972000,"A",,"G",1080,"A",,"G",1080,"A",,1
204617,"R",66531,"A",,"R",9525,"G",2218,"G",397,"G",2218,"G",397,2
204626,"R",29675,"A",,"A",,"G",659,"A",,"G",659,"A",,2
204635,"R",124447,"A",,"R",441,"G",2765,"G",12,"G",2765,"G",12,2
204662,"R",29373,"A",,"A",,"G",653,"A",,"G",653,"A",,2
204671,"R",48200,"A",,"R",3593,"G",1071,"G",100,"G",1071,"G",100,2
204680,"R",54876,"A",,"R",2666,"G",1219,"G",74,"G",1219,"G",74,2
204699,"R",61026,"A",,"R",3530,"G",1356,"G",98,"G",1356,"G",98,2
204705,"R",91911,"A",,"R",3108,"G",2042,"G",86,"G",2042,"G",86,2
204714,"A",,"R",113975,"A",,"G",127,"A",,"G",127,"A",,1
204723,"A",,"R",325800,"A",,"G",362,"A",,"G",362,"A",,1
204741,"A",,"R",24900,"A",,"G",28,"A",,"G",28,"A",,1
204769,"A",,"R",95250,"A",,"G",106,"A",,"G",106,"A",,1
204778,"A",,"R",40200,"A",,"G",45,"A",,"G",45,"A",,1
204796,"R",1808832,"A",,"R",412982,"G",40196,"G",11472,"G",40196,"G",11472,2
204802,"R",26648,"A",,"Z",0,"G",592,"A",,"G",592,"A",,2
204820,"R",62346,"A",,"Z",0,"G",1385,"A",,"G",1385,"A",,2
204839,"R",64649,"A",,"Z",0,"G",1437,"A",,"G",1437,"A",,2
204848,"R",54289,"A",,"Z",0,"G",1206,"A",,"G",1206,"A",,2
204857,"R",798188,"A",,"R",178403,"G",17738,"G",4956,"G",17738,"G",4956,2
204866,"R",61271,"A",,"Z",0,"G",1362,"A",,"G",1362,"A",,2
204884,"R",6524,"A",,"A",,"G",217,"A",,"G",217,"A",,2
204893,"R",4594,"A",,"A",,"G",153,"A",,"G",153,"A",,2
204909,"R",58984,"A",,"A",,"G",1966,"A",,"G",1966,"A",,2
204936,"R",120260,"A",,"R",8250,"G",2672,"G",229,"G",2672,"G",229,2
204945,"R",311495,"R",297620,"A",,"G",10714,"A",,"G",10714,"A",,3
204963,"A",,"R",71550,"A",,"G",80,"A",,"G",80,"A",,1
204981,"A",,"R",37000,"A",,"G",41,"A",,"G",41,"A",,1
205027,"R",2975,"A",,"R",630,"G",99,"G",26,"G",99,"G",26,2
205054,"R",20428,"A",,"A",,"G",454,"A",,"G",454,"A",,2
205090,"R",4057,"A",,"A",,"G",135,"A",,"G",135,"A",,2
205124,"R",1824,"A",,"R",600,"G",61,"G",25,"G",61,"G",25,2
205142,"A",,"R",156900,"A",,"G",174,"A",,"G",174,"A",,1
205179,"R",23673,"A",,"A",,"G",789,"A",,"R",869,"A",,2
205203,"R",55326,"A",,"R",5894,"G",1844,"G",246,"G",1844,"G",246,2
205391,"R",9135,"A",,"A",,"G",203,"A",,"R",163,"A",,2
205443,"R",134822,"A",,"R",264,"G",4494,"G",11,"R",2996,"R",7,2
205470,"R",547106,"A",,"A",,"G",12158,"A",,"G",12158,"A",,2
205513,"R",6104,"A",,"A",,"G",136,"A",,"G",136,"A",,2
205522,"R",2040,"A",,"A",,"G",45,"A",,"G",45,"A",,2
205531,"R",1602,"A",,"A",,"G",36,"A",,"G",36,"A",,2
205559,"R",1719,"A",,"A",,"G",38,"A",,"G",38,"A",,2
205568,"R",2397,"A",,"A",,"G",53,"A",,"G",53,"A",,2
205610,"R",62160,"A",,"A",,"G",1381,"A",,"G",1381,"A",,2
205647,"R",48195,"A",,"A",,"G",1071,"A",,"G",1071,"A",,2
205692,"R",22272,"A",,"A",,"G",495,"A",,"G",495,"A",,2
205708,"R",34943,"A",,"A",,"G",777,"A",,"G",777,"A",,2
205717,"R",33264,"A",,"A",,"G",739,"A",,"R",812,"A",,2
205726,"R",30564,"A",,"A",,"G",679,"A",,"G",679,"A",,2
205841,"R",141992,"A",,"A",,"G",4733,"A",,"G",4733,"A",,2
205887,"R",29777,"A",,"A",,"G",662,"A",,"G",662,"A",,2
205957,"R",59787,"A",,"R",8573,"G",1993,"G",357,"G",1993,"G",357,2
205966,"R",78435,"R",72160,"A",,"G",1823,"A",,"G",1823,"A",,3
206002,"R",2134,"A",,"A",,"G",47,"A",,"G",47,"A",,2
206011,"R",41305,"A",,"A",,"G",1377,"A",,"G",1377,"A",,2
206039,"A",,"R",103560,"A",,"G",115,"A",,"G",115,"A",,1
206048,"R",38227,"A",,"R",9221,"G",1274,"G",384,"G",1274,"G",384,2
206084,"R",445077,"A",,"R",50037,"G",14836,"G",2085,"G",14836,"G",2085,2
206093,"R",25717,"A",,"A",,"G",571,"A",,"G",571,"A",,2
206154,"R",645,"A",,"A",,"G",22,"A",,"G",22,"A",,2
206172,"A",,"R",39732,"A",,"G",44,"A",,"G",44,"A",,1
206181,"A",,"R",249600,"A",,"G",277,"A",,"G",277,"A",,1
206215,"A",,"A",,"R",1006,"A",,"G",42,"A",,"G",42,2
206224,"R",18487,"A",,"A",,"G",411,"A",,"G",411,"A",,2
206279,"R",35949,"A",,"R",23579,"G",1198,"G",982,"G",1198,"G",982,2
206288,"A",,"A",,"R",2797,"A",,"G",117,"A",,"R",127,2
206321,"A",,"R",574500,"A",,"G",638,"A",,"G",638,"A",,1
206330,"R",40038,"A",,"R",2070,"G",1335,"G",86,"G",1335,"G",86,2
206349,"R",30942,"A",,"R",6877,"G",1031,"G",287,"G",1031,"G",287,2
206358,"A",,"R",43200,"A",,"G",48,"A",,"G",48,"A",,1
206394,"R",12204,"A",,"A",,"G",271,"A",,"G",271,"A",,2
206428,"A",,"R",42981,"A",,"G",48,"A",,"G",48,"A",,1
206437,"R",54542,"A",,"R",8095,"G",1818,"G",337,"G",1818,"G",337,2
206446,"R",106866,"A",,"A",,"G",2375,"A",,"G",2375,"A",,2
206482,"A",,"R",485230,"A",,"G",539,"A",,"G",539,"A",,1
206491,"R",28678,"A",,"R",178,"G",956,"G",7,"G",956,"G",7,2
206507,"R",42274,"A",,"R",590,"G",1409,"G",25,"G",1409,"G",25,2
206516,"Z",,"A",,"R",1781,"A",,"G",74,"A",,"G",74,2
206525,"R",64637,"A",,"R",192,"G",2155,"G",8,"G",2155,"G",8,2
206589,"R",57824,"A",,"A",,"G",1927,"A",,"G",1927,"A",,2
206604,"R",504187,"A",,"R",93525,"G",11204,"G",2598,"G",11204,"G",2598,2
206613,"R",27192,"A",,"R",2536,"G",604,"G",70,"G",604,"G",70,2
206622,"R",116694,"A",,"R",50229,"G",3890,"G",2093,"G",3890,"G",2093,2
206631,"R",27472,"A",,"A",,"G",610,"A",,"G",610,"A",,2
206695,"R",317481,"A",,"R",20982,"G",10583,"G",874,"R",10583,"R",699,2
206783,"R",1961,"A",,"A",,"G",65,"A",,"G",65,"A",,2
206817,"R",26782,"A",,"A",,"G",893,"A",,"G",893,"A",,2
206835,"R",29609,"A",,"R",914,"G",987,"G",38,"G",987,"G",38,2
206862,"R",50776,"A",,"R",10901,"G",1693,"G",454,"G",1693,"G",454,2
206880,"A",,"R",65200,"A",,"G",72,"A",,"R",60,"A",,1
206905,"A",,"R",245700,"A",,"G",273,"A",,"G",273,"A",,1
206914,"R",122818,"A",,"R",7117,"G",4094,"G",297,"G",4094,"G",297,2
206923,"R",53929,"A",,"A",,"G",1798,"A",,"G",1798,"A",,2
206932,"A",,"R",67510,"A",,"G",75,"A",,"G",75,"A",,1
206941,"R",324853,"A",,"R",22868,"G",10828,"G",953,"G",10828,"G",953,2
206969,"A",,"R",19800,"A",,"G",22,"A",,"G",22,"A",,1
206996,"R",47382,"A",,"A",,"G",1579,"A",,"G",1579,"A",,2
207041,"R",99271,"A",,"R",13168,"G",3309,"G",549,"G",3309,"G",549,2
207050,"R",19403,"A",,"A",,"G",647,"A",,"R",784,"A",,2
207069,"R",42386,"A",,"A",,"G",1413,"A",,"G",1413,"A",,2
207087,"A",,"R",60750,"A",,"G",68,"A",,"G",68,"A",,1
207102,"A",,"R",99900,"A",,"G",111,"A",,"G",111,"A",,1
207157,"R",5592,"A",,"R",228,"G",186,"G",10,"G",186,"G",10,2
207166,"A",,"R",20700,"A",,"G",23,"A",,"G",23,"A",,1
207209,"R",66769,"A",,"R",5696,"G",2226,"G",237,"G",2226,"G",237,2
207236,"R",49393,"A",,"A",,"G",1646,"A",,"G",1646,"A",,2
207254,"R",42085,"A",,"A",,"G",1403,"A",,"G",1403,"A",,2
207263,"R",208482,"A",,"R",14581,"G",6949,"G",608,"G",6949,"G",608,2
207272,"A",,"R",63900,"A",,"G",71,"A",,"G",71,"A",,1
207281,"R",106646,"A",,"A",,"G",3555,"A",,"G",3555,"A",,2
207290,"R",47498,"A",,"A",,"G",1583,"A",,"G",1583,"A",,2
207306,"R",46581,"A",,"R",3697,"G",1553,"G",154,"G",1553,"G",154,2
207315,"A",,"A",,"R",1472,"A",,"G",61,"A",,"G",61,2
207324,"R",27922,"A",,"R",3911,"G",931,"G",163,"G",931,"G",163,2
207342,"R",34596,"A",,"R",28499,"G",1153,"G",1187,"G",1153,"G",1187,2
207351,"R",30260,"A",,"A",,"G",1009,"A",,"G",1009,"A",,2
207388,"R",519291,"A",,"R",64852,"G",17310,"G",2702,"G",17310,"G",2702,2
207397,"R",107138,"A",,"A",,"G",3571,"A",,"G",3571,"A",,2
207403,"R",45051,"A",,"Z",0,"G",1502,"A",,"G",1502,"A",,2
207449,"R",236716,"A",,"A",,"G",7891,"A",,"G",7891,"A",,2
207458,"R",57550,"A",,"R",21150,"G",1918,"G",881,"G",1918,"G",881,2
207500,"R",528769,"A",,"R",91709,"G",17626,"G",3821,"G",17626,"G",3821,2
207537,"R",2065,"A",,"A",,"G",69,"A",,"R",59,"A",,2
207564,"R",82964,"A",,"A",,"G",2765,"A",,"G",2765,"A",,2
207582,"R",75374,"A",,"R",8819,"G",2512,"G",367,"G",2512,"G",367,2
207607,"A",,"R",367625,"A",,"G",408,"A",,"G",408,"A",,1
207625,"A",,"R",216870,"A",,"G",241,"A",,"G",241,"A",,1
207634,"A",,"R",140400,"A",,"G",156,"A",,"G",156,"A",,1
207661,"R",81618,"A",,"A",,"G",2721,"A",,"G",2721,"A",,2
207670,"R",147196,"A",,"A",,"G",4907,"A",,"G",4907,"A",,2
207689,"R",19025,"A",,"R",878,"G",634,"G",37,"G",634,"G",37,2
207704,"A",,"R",112762,"A",,"G",125,"A",,"G",125,"A",,1
207722,"R",35593,"A",,"A",,"G",1186,"A",,"G",1186,"A",,2
207740,"R",42549,"A",,"A",,"G",1418,"A",,"G",1418,"A",,2
207786,"A",,"R",19500,"A",,"G",22,"A",,"G",22,"A",,1
207838,"A",,"R",43200,"A",,"G",48,"A",,"G",48,"A",,1
207847,"R",92094,"A",,"R",5438,"G",3070,"G",227,"G",3070,"G",227,2
207856,"R",5129,"A",,"R",1332,"G",171,"G",56,"R",214,"R",74,2
207865,"R",122990,"A",,"R",9086,"G",4100,"G",379,"G",4100,"G",379,2
207935,"R",313632,"A",,"A",,"G",10454,"A",,"G",10454,"A",,2
207962,"A",,"R",501400,"A",,"G",557,"A",,"G",557,"A",,1
207971,"R",85264,"A",,"R",9911,"G",2842,"G",413,"G",2842,"G",413,2
208017,"A",,"R",45600,"A",,"G",51,"A",,"G",51,"A",,1
208026,"A",,"R",201907,"A",,"G",224,"A",,"G",224,"A",,1
208035,"R",37459,"A",,"A",,"G",1249,"A",,"G",1249,"A",,2
208044,"A",,"R",37500,"A",,"G",42,"A",,"G",42,"A",,1
208053,"A",,"R",269905,"A",,"G",300,"A",,"G",300,"A",,1
208080,"A",,"R",22048,"A",,"G",24,"A",,"G",24,"A",,1
208123,"A",,"R",44280,"A",,"G",49,"A",,"G",49,"A",,1
208239,"R",66285,"A",,"A",,"G",1473,"A",,"G",1473,"A",,2
208248,"A",,"R",208575,"A",,"G",232,"A",,"G",232,"A",,1
208275,"R",36101,"R",478605,"A",,"G",1334,"A",,"G",1334,"A",,3
208318,"R",112064,"A",,"A",,"G",2490,"A",,"G",2490,"A",,2
208390,"R",330221,"A",,"A",,"G",7338,"A",,"G",7338,"A",,2
208406,"R",213326,"A",,"A",,"G",4741,"A",,"R",5873,"A",,2
208415,"R",15120,"A",,"A",,"G",336,"A",,"G",336,"A",,2
208433,"A",,"R",87793,"A",,"G",98,"A",,"G",98,"A",,1
208479,"A",,"R",487902,"A",,"G",542,"A",,"G",542,"A",,1
208488,"R",28572,"A",,"R",11807,"G",952,"G",492,"G",952,"G",492,2
208512,"R",0,"R",77430,"A",,"G",86,"A",,"G",86,"A",,3
208637,"R",12547,"A",,"A",,"G",418,"A",,"G",418,"A",,2
208646,"R",101732,"A",,"R",6719,"G",2261,"G",187,"G",2261,"G",187,2
208655,"A",,"R",156200,"A",,"G",174,"A",,"G",174,"A",,1
208725,"R",5970,"A",,"A",,"G",133,"A",,"G",133,"A",,2
208822,"R",54044,"A",,"R",24993,"G",1801,"G",1041,"G",1801,"G",1041,2
208859,"A",,"R",150048,"A",,"G",167,"A",,"R",96,"A",,1
208965,"R",27457,"A",,"A",,"G",610,"A",,"G",610,"A",,2
209038,"R",300332,"A",,"A",,"G",6674,"A",,"R",8475,"A",,2
209056,"R",64345,"A",,"R",36390,"G",2145,"G",1516,"G",2145,"G",1516,2
209065,"R",54055,"A",,"A",,"G",1802,"A",,"G",1802,"A",,2
209074,"R",182389,"A",,"A",,"G",4053,"A",,"G",4053,"A",,2
209083,"A",,"R",31380,"A",,"G",35,"A",,"G",35,"A",,1
209108,"R",21800,"A",,"R",8959,"G",484,"G",249,"G",484,"G",249,2
209153,"A",,"R",168804,"A",,"G",188,"A",,"R",108,"A",,1
209205,"A",,"R",53280,"A",,"G",59,"A",,"G",59,"A",,1
209241,"R",2456,"A",,"R",2465,"G",82,"G",103,"G",82,"G",103,2
209250,"A",,"R",4235951,"A",,"G",4707,"A",,"G",4707,"A",,1
209287,"R",16654,"A",,"R",5010,"G",555,"G",209,"G",555,"G",209,2
209296,"A",,"A",,"R",3336,"A",,"G",93,"A",,"R",64,2
209348,"A",,"R",51776,"A",,"G",58,"A",,"G",58,"A",,1
209409,"R",12600,"A",,"R",1548,"G",420,"G",65,"G",420,"G",65,2
209490,"R",21883,"A",,"R",35295,"G",486,"G",980,"G",486,"G",980,2
209506,"R",103931,"A",,"R",276,"G",2310,"G",8,"G",2310,"G",8,2
209533,"R",2951,"A",,"R",189,"G",98,"G",8,"R",113,"R",8,2
209542,"R",661076,"A",,"R",95209,"G",14691,"G",2645,"G",14691,"G",2645,2
209551,"R",722150,"A",,"R",116814,"G",16048,"G",3245,"G",16048,"G",3245,2
209603,"R",8904,"A",,"A",,"G",297,"A",,"G",297,"A",,2
209612,"R",44404,"A",,"R",41619,"G",1480,"G",1734,"G",1480,"G",1734,2
209667,"A",,"R",157863,"A",,"G",175,"A",,"R",101,"A",,1
209676,"A",,"R",273525,"A",,"G",304,"A",,"R",175,"A",,1
209694,"A",,"R",121914,"A",,"G",135,"A",,"R",78,"A",,1
209700,"A",,"R",84600,"A",,"G",94,"A",,"G",94,"A",,1
209719,"A",,"R",39877,"A",,"G",44,"A",,"G",44,"A",,1
209746,"R",654777,"A",,"A",,"G",14551,"A",,"G",14551,"A",,2
209807,"R",642204,"A",,"R",160910,"G",14271,"G",4470,"G",14271,"G",4470,2
209825,"R",92517,"A",,"R",9948,"G",3084,"G",415,"G",3084,"G",415,2
209922,"R",37889,"A",,"R",236,"G",1263,"G",10,"G",1263,"G",10,2
209940,"R",78816,"R",685735,"A",,"G",2513,"A",,"G",2513,"A",,3
209986,"A",,"R",31276,"A",,"G",35,"A",,"G",35,"A",,1
210076,"R",49027,"A",,"A",,"G",1634,"A",,"G",1634,"A",,2
210100,"A",,"R",268128,"A",,"G",298,"A",,"R",149,"A",,1
210146,"R",163782,"A",,"R",18936,"G",3640,"G",526,"G",3640,"G",526,2
210155,"R",66635,"A",,"A",,"G",1481,"A",,"G",1481,"A",,2
210234,"R",61157,"A",,"A",,"G",1359,"A",,"G",1359,"A",,2
210270,"R",70468,"A",,"A",,"G",1566,"A",,"G",1566,"A",,2
210304,"R",19521,"A",,"R",661,"G",651,"G",28,"G",651,"G",28,2
210331,"R",27540,"A",,"R",600,"G",918,"G",25,"G",918,"G",25,2
210340,"A",,"R",98955,"A",,"G",110,"A",,"G",110,"A",,1
210359,"R",14042,"R",96880,"A",,"G",420,"A",,"R",572,"A",,3
210368,"A",,"A",,"R",6972,"A",,"G",291,"A",,"G",291,2
210401,"R",62209,"A",,"R",5831,"G",2074,"G",243,"R",1894,"R",291,2
210429,"R",167167,"A",,"R",15554,"G",3715,"G",432,"G",3715,"G",432,2
210438,"R",651,"A",,"A",,"G",14,"A",,"G",14,"A",,2
210456,"R",7520,"A",,"A",,"G",251,"A",,"G",251,"A",,2
210474,"A",,"R",31950,"A",,"G",36,"A",,"G",36,"A",,1
210483,"R",8460,"A",,"A",,"G",282,"A",,"G",282,"A",,2
210492,"R",3830,"A",,"R",127,"G",128,"G",5,"R",119,"R",5,2
210508,"A",,"A",,"R",850,"A",,"G",35,"A",,"R",29,2
210571,"R",64386,"A",,"R",921,"G",2146,"G",38,"G",2146,"G",38,2
210599,"R",33942,"A",,"A",,"G",1131,"A",,"G",1131,"A",,2
210605,"R",384426,"A",,"A",,"G",12814,"A",,"G",12814,"A",,2
210669,"R",68146,"A",,"A",,"G",2272,"A",,"R",2025,"A",,2
210711,"A",,"R",93212,"A",,"G",104,"A",,"G",104,"A",,1
210739,"R",61004,"A",,"R",12977,"G",2033,"G",541,"G",2033,"G",541,2
210748,"A",,"R",101606,"A",,"G",113,"A",,"G",113,"A",,1
210775,"R",58292,"A",,"R",11635,"G",1943,"G",485,"G",1943,"G",485,2
210784,"A",,"R",264100,"A",,"G",293,"A",,"G",293,"A",,1
210809,"A",,"A",,"R",4107,"A",,"G",171,"A",,"G",171,2
210890,"R",6023,"A",,"A",,"G",201,"A",,"G",201,"A",,2
210906,"R",22358,"A",,"A",,"G",497,"A",,"G",497,"A",,2
210942,"R",154863,"A",,"A",,"G",3441,"A",,"G",3441,"A",,2
210951,"A",,"R",63200,"A",,"G",70,"A",,"G",70,"A",,1
210960,"R",302628,"A",,"A",,"G",6725,"A",,"G",6725,"A",,2
211006,"A",,"R",669000,"A",,"G",743,"A",,"G",743,"A",,1
211024,"R",21653,"A",,"R",1664,"G",722,"G",69,"G",722,"G",69,2
211079,"R",57330,"A",,"A",,"G",1911,"A",,"G",1911,"A",,2
211088,"R",60881,"A",,"R",30188,"G",2029,"G",1258,"G",2029,"G",1258,2
211112,"R",2,"R",173160,"A",,"G",192,"A",,"G",192,"A",,3
211130,"A",,"A",,"R",3072,"A",,"G",128,"A",,"G",128,2
211149,"A",,"R",165057,"A",,"G",183,"A",,"G",183,"A",,1
211158,"R",232170,"A",,"R",16803,"G",7739,"G",700,"G",7739,"G",700,2
211200,"R",15920,"A",,"A",,"G",531,"A",,"G",531,"A",,2
211246,"R",464,"A",,"A",,"G",15,"A",,"G",15,"A",,2
211273,"R",42335,"A",,"R",7120,"G",1411,"G",297,"R",1323,"R",245,2
211291,"R",113579,"A",,"R",2495,"G",3786,"G",104,"R",3536,"R",109,2
211307,"R",188414,"A",,"A",,"G",6280,"A",,"G",6280,"A",,2
211316,"A",,"R",53952,"A",,"G",60,"A",,"G",60,"A",,1
211334,"A",,"R",57810,"A",,"G",64,"A",,"G",64,"A",,1
211343,"R",75011,"A",,"A",,"G",2500,"A",,"G",2500,"A",,2
211352,"R",53345,"A",,"R",10792,"G",1778,"G",450,"G",1778,"G",450,2
211361,"R",189641,"A",,"R",34824,"G",6321,"G",1451,"G",6321,"G",1451,2
211370,"A",,"A",,"R",364,"A",,"G",15,"A",,"R",30,2
211398,"R",10267,"A",,"A",,"G",228,"A",,"G",228,"A",,2
211431,"R",41904,"A",,"R",8625,"G",1397,"G",359,"G",1397,"G",359,2
211440,"R",177926,"A",,"R",140279,"G",5931,"G",5845,"R",5547,"R",3756,2
211468,"R",45749,"A",,"R",2025,"G",1525,"G",84,"G",1525,"G",84,2
211477,"R",36163,"A",,"A",,"G",1205,"A",,"G",1205,"A",,2
211495,"A",,"R",59405,"A",,"G",66,"A",,"G",66,"A",,1
211556,"R",22133,"A",,"R",20185,"G",738,"G",841,"G",738,"G",841,2
211583,"R",38306,"A",,"R",12674,"G",1277,"G",528,"G",1277,"G",528,2
211608,"R",47423,"A",,"R",3807,"G",1581,"G",159,"G",1581,"G",159,2
211617,"R",48381,"A",,"A",,"G",1613,"A",,"G",1613,"A",,2
211635,"A",,"R",100116,"A",,"G",111,"A",,"G",111,"A",,1
211644,"R",164685,"A",,"R",13007,"G",5490,"G",542,"G",5490,"G",542,2
211750,"R",19365,"A",,"A",,"G",646,"A",,"G",646,"A",,2
211802,"R",910,"R",7722,"A",,"G",39,"A",,"G",39,"A",,3
211820,"R",5050,"A",,"A",,"G",168,"A",,"G",168,"A",,2
211893,"R",3360,"A",,"R",243,"G",112,"G",10,"G",112,"G",10,2
211909,"A",,"R",119700,"A",,"G",133,"A",,"G",133,"A",,1
211927,"R",211737,"A",,"A",,"G",7058,"A",,"G",7058,"A",,2
211954,"R",6601,"A",,"A",,"G",220,"A",,"G",220,"A",,2
211981,"R",56980,"A",,"R",921,"G",1899,"G",38,"G",1899,"G",38,2
212009,"R",77276,"A",,"A",,"G",2576,"A",,"G",2576,"A",,2
212018,"A",,"A",,"R",185,"A",,"G",8,"A",,"G",8,2
212045,"A",,"R",155243,"A",,"G",172,"A",,"G",172,"A",,1
212054,"R",644957,"A",,"R",125996,"G",14332,"G",3500,"G",14332,"G",3500,2
212072,"R",10752,"A",,"A",,"G",239,"A",,"G",239,"A",,2
212090,"R",33818,"R",580052,"A",,"G",1396,"A",,"G",1396,"A",,3
212106,"R",171264,"A",,"R",58281,"G",5709,"G",2428,"G",5709,"G",2428,2
212115,"R",172258,"A",,"R",19172,"G",5742,"G",799,"G",5742,"G",799,2
212133,"R",67450,"A",,"R",21999,"G",2248,"G",917,"G",2248,"G",917,2
212160,"R",174303,"A",,"R",19881,"G",5810,"G",828,"G",5810,"G",828,2
212197,"R",65797,"A",,"R",540,"G",2193,"G",23,"G",2193,"G",23,2
212212,"A",,"R",29788,"A",,"G",33,"A",,"G",33,"A",,1
212230,"A",,"R",38992,"A",,"G",43,"A",,"G",43,"A",,1
212267,"A",,"R",149771,"A",,"G",166,"A",,"G",166,"A",,1
212276,"A",,"R",89048,"A",,"G",99,"A",,"G",99,"A",,1
212285,"A",,"R",75972,"A",,"G",84,"A",,"G",84,"A",,1
212294,"A",,"R",67658,"A",,"G",75,"A",,"G",75,"A",,1
212300,"A",,"R",47474,"A",,"G",53,"A",,"G",53,"A",,1
212328,"A",,"R",162858,"A",,"G",181,"A",,"G",181,"A",,1
212337,"A",,"R",93253,"A",,"G",104,"A",,"G",104,"A",,1
212355,"A",,"R",213840,"A",,"G",238,"A",,"G",238,"A",,1
212373,"A",,"R",89561,"A",,"G",100,"A",,"G",100,"A",,1
212382,"A",,"R",155554,"A",,"G",173,"A",,"G",173,"A",,1
212391,"A",,"R",123217,"A",,"G",137,"A",,"G",137,"A",,1
212407,"R",3208,"R",30600,"A",,"G",141,"A",,"G",141,"A",,3
212425,"R",10314,"R",7738,"A",,"G",352,"A",,"G",352,"A",,3
212434,"R",12000,"A",,"A",,"G",267,"A",,"G",267,"A",,2
212443,"A",,"A",,"R",2579,"A",,"G",107,"A",,"R",91,2
212568,"R",6184,"A",,"A",,"G",206,"A",,"R",192,"A",,2
212577,"R",64795,"A",,"A",,"G",2160,"A",,"G",2160,"A",,2
212601,"R",74517,"A",,"R",24054,"G",2484,"G",1002,"G",2484,"G",1002,2
212656,"R",49947,"A",,"R",4114,"G",1665,"G",171,"R",1665,"R",229,2
212674,"R",81286,"A",,"A",,"G",2710,"A",,"G",2710,"A",,2
212683,"A",,"R",156134,"A",,"G",173,"A",,"G",173,"A",,1
212708,"A",,"R",89561,"A",,"G",100,"A",,"G",100,"A",,1
212753,"A",,"R",222564,"A",,"G",247,"A",,"G",247,"A",,1
212771,"R",178,"A",,"R",8272,"G",6,"G",345,"G",6,"G",345,2
212805,"R",79689,"A",,"A",,"G",2656,"A",,"R",2542,"A",,2
212832,"R",53250,"A",,"R",8659,"G",1775,"G",361,"G",1775,"G",361,2
212869,"R",24231,"A",,"A",,"G",808,"A",,"G",808,"A",,2
212878,"R",192278,"A",,"A",,"G",6409,"A",,"G",6409,"A",,2
212911,"R",36748,"A",,"A",,"G",1225,"A",,"G",1225,"A",,2
212975,"R",5546,"A",,"A",,"G",185,"A",,"G",185,"A",,2
212984,"R",53126,"A",,"R",15107,"G",1771,"G",629,"G",1771,"G",629,2
212993,"R",5984,"A",,"A",,"G",199,"A",,"G",199,"A",,2
213002,"R",73426,"R",93290,"A",,"G",1735,"A",,"G",1735,"A",,3
213011,"R",59394,"A",,"R",13561,"G",1980,"G",565,"G",1980,"G",565,2
213020,"R",343770,"A",,"R",40618,"G",11459,"G",1692,"G",11459,"G",1692,2
213057,"R",11370,"A",,"A",,"G",379,"A",,"R",371,"A",,2
213163,"R",3198,"A",,"A",,"G",107,"A",,"G",107,"A",,2
213181,"A",,"R",474297,"A",,"G",527,"A",,"R",527,"A",,1
213215,"A",,"R",117250,"A",,"G",130,"A",,"G",130,"A",,1
213233,"R",11103,"A",,"A",,"G",370,"A",,"G",370,"A",,2
213251,"R",42883,"A",,"A",,"G",1429,"A",,"G",1429,"A",,2
213303,"R",64396,"A",,"R",1027,"G",2147,"G",43,"G",2147,"G",43,2
213312,"A",,"R",799200,"A",,"G",888,"A",,"G",888,"A",,1
213321,"R",58678,"A",,"R",6824,"G",1956,"G",284,"G",1956,"G",284,2
213330,"A",,"R",53580,"A",,"G",60,"A",,"G",60,"A",,1
213349,"R",256714,"A",,"R",17269,"G",8557,"G",720,"G",8557,"G",720,2
213358,"R",39206,"A",,"R",2861,"G",1307,"G",119,"G",1307,"G",119,2
213367,"R",116335,"A",,"R",28243,"G",3878,"G",1177,"G",3878,"G",1177,2
213376,"R",31451,"R",142768,"A",,"G",1207,"A",,"G",1207,"A",,3
213385,"R",72967,"A",,"A",,"G",2432,"A",,"G",2432,"A",,2
213400,"R",18484,"A",,"R",2090,"G",616,"G",87,"G",616,"G",87,2
213446,"A",,"A",,"R",488,"A",,"G",20,"A",,"G",20,2
213455,"A",,"R",168065,"A",,"G",187,"A",,"R",187,"A",,1
213473,"R",10045,"A",,"A",,"G",335,"A",,"G",335,"A",,2
213491,"A",,"R",58111,"A",,"G",65,"A",,"G",65,"A",,1
213507,"R",50265,"A",,"R",2601,"G",1676,"G",108,"G",1676,"G",108,2
213525,"R",129975,"A",,"A",,"G",4333,"A",,"R",5104,"A",,2
213534,"R",40606,"A",,"A",,"G",902,"A",,"G",902,"A",,2
213543,"R",148549,"A",,"R",28076,"G",4952,"G",1170,"G",4952,"G",1170,2
213552,"A",,"R",128750,"A",,"G",143,"A",,"G",143,"A",,1
213570,"R",8693,"A",,"A",,"G",290,"A",,"G",290,"A",,2
213589,"A",,"R",720720,"A",,"G",801,"A",,"G",801,"A",,1
213598,"R",55523,"A",,"R",12748,"G",1851,"G",531,"G",1851,"G",531,2
213613,"R",143974,"A",,"R",7031,"G",4799,"G",293,"G",4799,"G",293,2
213622,"R",4890,"A",,"A",,"G",163,"A",,"G",163,"A",,2
213631,"A",,"A",,"R",483,"A",,"G",20,"A",,"R",23,2
213640,"A",,"A",,"R",905,"A",,"G",38,"A",,"G",38,2
213659,"R",134826,"A",,"A",,"G",4494,"A",,"G",4494,"A",,2
213668,"R",44493,"A",,"A",,"G",1483,"A",,"R",1409,"A",,2
213686,"R",2796,"A",,"A",,"G",93,"A",,"G",93,"A",,2
213774,"R",17463,"A",,"A",,"G",582,"A",,"G",582,"A",,2
213783,"R",85782,"A",,"R",6189,"G",2859,"G",258,"G",2859,"G",258,2
213826,"R",55300,"A",,"R",21999,"G",1843,"G",917,"G",1843,"G",917,2
213914,"R",12333,"A",,"A",,"G",411,"A",,"G",411,"A",,2
213932,"A",,"R",130000,"A",,"G",144,"A",,"G",144,"A",,1
213987,"R",127440,"A",,"R",8976,"G",4248,"G",374,"G",4248,"G",374,2
213996,"R",86972,"A",,"A",,"G",2899,"A",,"G",2899,"A",,2
214023,"R",4374,"A",,"A",,"G",146,"A",,"G",146,"A",,2
214041,"R",208988,"A",,"R",23205,"G",6966,"G",967,"G",6966,"G",967,2
214069,"R",55544,"A",,"R",3599,"G",1851,"G",150,"G",1851,"G",150,2
214111,"R",176259,"A",,"A",,"G",5875,"A",,"G",5875,"A",,2
214148,"R",15419,"A",,"R",619,"G",514,"G",26,"G",514,"G",26,2
214157,"R",53794,"A",,"R",2076,"G",1793,"G",87,"G",1793,"G",87,2
214166,"R",38465,"A",,"R",948,"G",1282,"G",40,"G",1282,"G",40,2
214175,"R",82808,"A",,"A",,"G",2760,"A",,"G",2760,"A",,2
214227,"R",32199,"A",,"A",,"G",716,"A",,"G",716,"A",,2
214254,"R",36690,"A",,"A",,"G",1223,"A",,"G",1223,"A",,2
214272,"R",64860,"A",,"R",8904,"G",2162,"G",371,"G",2162,"G",371,2
214290,"A",,"R",437100,"A",,"G",486,"A",,"G",486,"A",,1
214315,"R",3375,"A",,"A",,"G",75,"A",,"R",75,"A",,2
214379,"R",146558,"A",,"A",,"G",4885,"A",,"G",4885,"A",,2
214476,"R",2176,"A",,"A",,"G",73,"A",,"G",73,"A",,2
214528,"R",18450,"R",41832,"A",,"G",661,"A",,"G",661,"A",,3
214546,"A",,"R",105000,"A",,"G",117,"A",,"G",117,"A",,1
214564,"Z",,"A",,"R",25926,"A",,"G",1080,"A",,"R",518,2
214582,"R",28647,"A",,"A",,"G",955,"A",,"G",955,"A",,2
214591,"R",111652,"A",,"R",2658,"G",3722,"G",111,"G",3722,"G",111,2
214607,"A",,"A",,"R",18050,"A",,"G",752,"A",,"G",752,2
214616,"A",,"A",,"R",4642,"A",,"G",193,"A",,"G",193,2
214625,"R",22200,"A",,"R",285,"G",740,"G",12,"G",740,"G",12,2
214634,"R",19487,"A",,"Z",0,"G",650,"A",,"G",650,"A",,2
214643,"R",19814,"A",,"R",875,"G",660,"G",36,"G",660,"G",36,2
214652,"R",37032,"A",,"R",190,"G",1234,"G",8,"G",1234,"G",8,2
214670,"R",20611,"A",,"R",369,"G",687,"G",15,"G",687,"G",15,2
214689,"R",120032,"A",,"R",101,"G",4001,"G",4,"G",4001,"G",4,2
214698,"R",19586,"A",,"R",387,"G",653,"G",16,"G",653,"G",16,2
214704,"R",78082,"A",,"R",726,"G",2603,"G",30,"G",2603,"G",30,2
214713,"R",62887,"A",,"R",19544,"G",2096,"G",814,"G",2096,"G",814,2
214731,"R",45721,"A",,"Z",0,"G",1524,"A",,"G",1524,"A",,2
214740,"R",21876,"A",,"R",183,"G",729,"G",8,"G",729,"G",8,2
214759,"R",27982,"A",,"Z",0,"G",933,"A",,"G",933,"A",,2
214768,"R",34782,"A",,"R",90,"G",1159,"G",4,"G",1159,"G",4,2
214777,"R",1147006,"A",,"R",132036,"G",38234,"G",5502,"G",38234,"G",5502,2
214786,"R",21681,"A",,"Z",0,"G",723,"A",,"G",723,"A",,2
214795,"R",28307,"A",,"Z",0,"G",944,"A",,"G",944,"A",,2
214801,"R",93648,"A",,"Z",0,"G",3122,"A",,"G",3122,"A",,2
214810,"R",25052,"A",,"R",192,"G",835,"G",8,"G",835,"G",8,2
214829,"R",32058,"A",,"R",1708,"G",1069,"G",71,"G",1069,"G",71,2
214838,"R",7240,"A",,"A",,"G",241,"A",,"G",241,"A",,2
214883,"R",44447,"A",,"A",,"G",1482,"A",,"G",1482,"A",,2
214892,"R",5268,"R",84525,"A",,"G",211,"A",,"G",211,"A",,3
214908,"A",,"R",48600,"A",,"G",54,"A",,"G",54,"A",,1
214944,"A",,"R",476154,"A",,"G",529,"A",,"G",529,"A",,1
214962,"A",,"R",107500,"A",,"G",119,"A",,"G",119,"A",,1
214971,"R",6096,"A",,"R",2385,"G",203,"G",99,"R",203,"R",80,2
215008,"A",,"R",69727,"A",,"G",77,"A",,"G",77,"A",,1
215026,"A",,"R",27600,"A",,"G",31,"A",,"R",30,"A",,1
215044,"A",,"R",77762,"A",,"G",86,"A",,"G",86,"A",,1
215053,"R",6730,"A",,"A",,"G",224,"A",,"G",224,"A",,2
215062,"R",414742,"A",,"R",253188,"G",13825,"G",10550,"G",13825,"G",10550,2
215099,"R",79411,"A",,"R",14885,"G",2647,"G",620,"G",2647,"G",620,2
215105,"R",65130,"A",,"R",4997,"G",2171,"G",208,"G",2171,"G",208,2
215114,"R",28972,"A",,"R",4442,"G",966,"G",185,"G",966,"G",185,2
215123,"A",,"A",,"R",21909,"A",,"G",609,"A",,"G",609,2
215132,"R",47345,"A",,"R",6409,"G",1578,"G",267,"G",1578,"G",267,2
215239,"R",407100,"A",,"A",,"G",13570,"A",,"G",13570,"A",,2
215266,"R",36051,"A",,"A",,"G",1202,"A",,"G",1202,"A",,2
215275,"R",47775,"A",,"A",,"G",1593,"A",,"G",1593,"A",,2
215284,"R",90245,"A",,"A",,"G",3008,"A",,"G",3008,"A",,2
215293,"R",514403,"A",,"R",238705,"G",17147,"G",9946,"G",17147,"G",9946,2
215309,"R",12961,"A",,"A",,"G",432,"A",,"G",432,"A",,2
215336,"A",,"R",135360,"A",,"G",150,"A",,"R",70,"A",,1
215381,"R",26678,"R",27053,"A",,"G",623,"A",,"G",623,"A",,3
215390,"R",6516,"A",,"A",,"G",217,"A",,"G",217,"A",,2
215415,"R",130500,"A",,"A",,"G",2900,"A",,"G",2900,"A",,2
215424,"A",,"A",,"R",7203,"A",,"G",200,"A",,"G",200,2
215433,"R",11836,"A",,"A",,"G",395,"A",,"R",407,"A",,2
215442,"R",83143,"A",,"R",11106,"G",2771,"G",463,"G",2771,"G",463,2
215479,"R",2135,"A",,"A",,"G",71,"A",,"R",61,"A",,2
215530,"A",,"R",45598,"A",,"G",51,"A",,"G",51,"A",,1
215567,"A",,"R",36660,"A",,"G",41,"A",,"G",41,"A",,1
215585,"R",88095,"A",,"A",,"G",2937,"A",,"R",3445,"A",,2
215594,"A",,"R",290820,"A",,"G",323,"A",,"G",323,"A",,1
215619,"A",,"A",,"R",12,"A",,"G",1,"A",,"G",1,2
215628,"A",,"A",,"R",649,"A",,"G",18,"A",,"G",18,2
215637,"R",12650,"A",,"A",,"G",422,"A",,"G",422,"A",,2
215646,"R",42071,"A",,"A",,"G",935,"A",,"G",935,"A",,2
215655,"R",108742,"A",,"R",18039,"G",3625,"G",752,"G",3625,"G",752,2
215682,"R",19500,"A",,"A",,"G",650,"A",,"R",312,"A",,2
215691,"R",16899,"A",,"R",7246,"G",563,"G",302,"G",563,"G",302,2
215743,"R",49343,"A",,"R",9853,"G",1645,"G",411,"R",1371,"R",365,2
215770,"R",138697,"A",,"R",41493,"G",4623,"G",1729,"R",4362,"R",1249,2
215798,"R",48605,"A",,"R",3485,"G",1620,"G",145,"G",1620,"G",145,2
215813,"A",,"A",,"R",245,"A",,"G",10,"A",,"G",10,2
215868,"R",27538,"A",,"A",,"G",612,"A",,"G",612,"A",,2
215886,"A",,"R",215402,"A",,"G",239,"A",,"G",239,"A",,1
215895,"R",3750,"A",,"A",,"G",125,"A",,"G",125,"A",,2
215929,"R",127209,"A",,"R",27739,"G",4240,"G",1156,"G",4240,"G",1156,2
215947,"R",41823,"A",,"R",7270,"G",1394,"G",303,"G",1394,"G",303,2
215965,"R",720,"R",90029,"A",,"G",124,"A",,"G",124,"A",,3
215974,"R",11500,"A",,"A",,"G",383,"A",,"G",383,"A",,2
215983,"A",,"R",46688,"A",,"G",52,"A",,"G",52,"A",,1
215992,"R",3585,"A",,"A",,"G",80,"A",,"G",80,"A",,2
216010,"R",188541,"A",,"R",16943,"G",6285,"G",706,"G",6285,"G",706,2
216038,"R",222926,"A",,"R",14959,"G",7431,"G",623,"G",7431,"G",623,2
216047,"R",2713,"A",,"R",2593,"G",90,"G",108,"G",90,"G",108,2
216074,"A",,"R",40200,"A",,"G",45,"A",,"G",45,"A",,1
216083,"A",,"R",741378,"A",,"G",824,"A",,"G",824,"A",,1
216162,"A",,"R",138550,"A",,"G",154,"A",,"G",154,"A",,1
216180,"R",467,"A",,"R",306,"G",16,"G",13,"G",16,"G",13,2
216223,"A",,"R",1250,"A",,"G",1,"A",,"G",1,"A",,1
216278,"R",64523,"A",,"A",,"G",2151,"A",,"R",2011,"A",,2
216287,"R",47188,"A",,"A",,"G",1573,"A",,"R",1465,"A",,2
216296,"R",21143,"A",,"A",,"G",705,"A",,"G",705,"A",,2
216311,"R",4910,"A",,"A",,"G",164,"A",,"R",120,"A",,2
216339,"R",767956,"A",,"R",83435,"G",25599,"G",3476,"G",25599,"G",3476,2
216357,"R",38094,"A",,"A",,"G",1270,"A",,"G",1270,"A",,2
216366,"R",29862,"A",,"R",20311,"G",995,"G",846,"R",1041,"R",825,2
216418,"R",33000,"A",,"A",,"G",733,"A",,"G",733,"A",,2
216427,"R",6763,"A",,"A",,"G",225,"A",,"G",225,"A",,2
216436,"R",13465,"A",,"A",,"G",449,"A",,"G",449,"A",,2
216445,"R",13581,"A",,"A",,"G",453,"A",,"G",453,"A",,2
216454,"R",12362,"A",,"A",,"G",412,"A",,"G",412,"A",,2
216463,"A",,"A",,"R",7520,"A",,"G",313,"A",,"G",313,2
216524,"R",51578,"A",,"A",,"G",1719,"A",,"R",1575,"A",,2
216542,"R",25081,"A",,"A",,"G",836,"A",,"G",836,"A",,2
216551,"R",7318,"A",,"A",,"G",244,"A",,"G",244,"A",,2
216579,"A",,"R",180500,"A",,"G",201,"A",,"G",201,"A",,1
216597,"R",229157,"A",,"R",43620,"G",7639,"G",1818,"R",9540,"R",1818,2
216630,"R",2038,"R",56552,"A",,"G",108,"A",,"R",108,"A",,3
216649,"A",,"R",30450,"A",,"G",34,"A",,"G",34,"A",,1
216667,"R",53677,"A",,"A",,"G",1789,"A",,"R",1506,"A",,2
216694,"R",47674,"A",,"R",11077,"G",1589,"G",462,"G",1589,"G",462,2
216746,"A",,"R",43682,"A",,"G",49,"A",,"G",49,"A",,1
216764,"R",314711,"A",,"R",33011,"G",10490,"G",1375,"G",10490,"G",1375,2
216773,"R",3758,"A",,"A",,"G",125,"A",,"G",125,"A",,2
216782,"R",19484,"R",102472,"A",,"G",763,"A",,"G",763,"A",,3
216807,"R",45708,"A",,"R",1092,"G",1524,"G",46,"G",1524,"G",46,2
216816,"A",,"A",,"R",9894,"A",,"G",412,"A",,"G",412,2
216825,"R",125621,"A",,"A",,"G",4187,"A",,"G",4187,"A",,2
216852,"R",83115,"A",,"R",29454,"G",2771,"G",1227,"G",2771,"G",1227,2
216931,"R",62875,"A",,"R",40109,"G",2096,"G",1671,"G",2096,"G",1671,2
216986,"R",5085,"A",,"A",,"G",113,"A",,"G",113,"A",,2
217013,"R",18226,"A",,"R",63,"G",608,"G",3,"G",608,"G",3,2
217040,"R",1755,"A",,"Z",0,"G",59,"A",,"G",59,"A",,2
217059,"R",144440,"A",,"R",3353,"G",4815,"G",140,"G",4815,"G",140,2
217077,"R",83596,"A",,"A",,"G",2787,"A",,"G",2787,"A",,2
217086,"R",6470,"A",,"A",,"G",216,"A",,"G",216,"A",,2
217095,"A",,"R",355219,"A",,"G",395,"A",,"G",395,"A",,1
217156,"R",196312,"A",,"R",32896,"G",6544,"G",1371,"R",5770,"R",1688,2
217165,"R",98127,"A",,"R",5679,"G",3271,"G",237,"G",3271,"G",237,2
217235,"R",423199,"A",,"R",28794,"G",9404,"G",800,"G",9404,"G",800,2
217244,"R",32343,"A",,"A",,"G",719,"A",,"G",719,"A",,2
217305,"R",158091,"A",,"A",,"G",3513,"A",,"G",3513,"A",,2
217323,"A",,"R",471680,"A",,"G",524,"A",,"G",524,"A",,1
217350,"A",,"R",88500,"A",,"G",98,"A",,"G",98,"A",,1
217402,"R",128412,"A",,"R",13158,"G",4280,"G",548,"G",4280,"G",548,2
217420,"R",184972,"A",,"R",19398,"G",6166,"G",808,"G",6166,"G",808,2
217475,"R",290582,"A",,"A",,"G",9686,"A",,"G",9686,"A",,2
217484,"R",344923,"A",,"R",35636,"G",11497,"G",1485,"G",11497,"G",1485,2
217493,"R",60059,"A",,"R",12150,"G",2002,"G",506,"G",2002,"G",506,2
217518,"R",116424,"A",,"R",2970,"G",3881,"G",124,"G",3881,"G",124,2
217536,"R",64988,"A",,"R",7833,"G",2166,"G",326,"G",2166,"G",326,2
217545,"R",37620,"A",,"A",,"G",1254,"A",,"G",1254,"A",,2
217572,"A",,"R",970,"A",,"G",1,"A",,"G",1,"A",,1
217581,"A",,"R",123350,"A",,"G",137,"A",,"G",137,"A",,1
217606,"R",7505,"A",,"A",,"G",250,"A",,"G",250,"A",,2
217615,"R",56138,"A",,"A",,"G",1871,"A",,"G",1871,"A",,2
217624,"R",15192,"A",,"A",,"G",506,"A",,"G",506,"A",,2
217633,"R",43847,"A",,"R",378,"G",1462,"G",16,"R",1215,"R",26,2
217688,"R",76043,"A",,"R",6744,"G",2535,"G",281,"G",2535,"G",281,2
217712,"R",38802,"A",,"A",,"G",1293,"A",,"G",1293,"A",,2
217721,"R",77328,"A",,"A",,"G",2578,"A",,"G",2578,"A",,2
217749,"R",110494,"A",,"R",9167,"G",3683,"G",382,"G",3683,"G",382,2
217776,"R",44272,"A",,"R",16410,"G",1476,"G",684,"G",1476,"G",684,2
217794,"A",,"R",174610,"A",,"G",194,"A",,"G",194,"A",,1
217819,"R",284576,"A",,"R",17352,"G",9486,"G",723,"G",9486,"G",723,2
217828,"A",,"R",117800,"A",,"G",131,"A",,"G",131,"A",,1
217837,"R",23570,"A",,"A",,"G",786,"A",,"G",786,"A",,2
217864,"R",80525,"A",,"R",15495,"G",2684,"G",646,"G",2684,"G",646,2
217873,"R",51766,"A",,"R",1829,"G",1726,"G",76,"G",1726,"G",76,2
217882,"R",427516,"A",,"R",55951,"G",14251,"G",2331,"G",14251,"G",2331,2
217891,"R",4185,"A",,"A",,"G",140,"A",,"G",140,"A",,2
217907,"R",28300,"A",,"A",,"G",943,"A",,"R",1027,"A",,2
217925,"R",14370,"A",,"R",7142,"G",479,"G",298,"G",479,"G",298,2
217934,"R",32460,"A",,"R",8790,"G",1082,"G",366,"G",1082,"G",366,2
217961,"R",23629,"A",,"R",21654,"G",788,"G",902,"G",788,"G",902,2
217989,"R",35489,"A",,"A",,"G",1183,"A",,"G",1183,"A",,2
217998,"R",18623,"A",,"R",5753,"G",621,"G",240,"G",621,"G",240,2
218025,"R",91522,"A",,"A",,"G",3051,"A",,"G",3051,"A",,2
218043,"R",9648,"A",,"A",,"G",214,"A",,"G",214,"A",,2
218061,"R",94912,"A",,"R",6348,"G",3164,"G",265,"G",3164,"G",265,2
218070,"R",85153,"A",,"R",3905,"G",2838,"G",163,"G",2838,"G",163,2
218089,"R",4467,"A",,"R",760,"G",149,"G",32,"G",149,"G",32,2
218113,"R",277682,"A",,"A",,"G",9256,"A",,"G",9256,"A",,2
218140,"R",116743,"A",,"A",,"G",3891,"A",,"G",3891,"A",,2
218159,"A",,"R",87360,"A",,"G",97,"A",,"G",97,"A",,1
218195,"A",,"R",169260,"A",,"G",188,"A",,"G",188,"A",,1
218229,"R",70916,"A",,"R",1796,"G",2364,"G",75,"G",2364,"G",75,2
218238,"R",79336,"A",,"A",,"G",2645,"A",,"G",2645,"A",,2
218265,"A",,"A",,"R",305,"A",,"G",13,"A",,"G",13,2
218317,"R",120,"A",,"R",120,"G",4,"G",5,"G",4,"G",5,2
218335,"R",9716,"A",,"R",41484,"G",324,"G",1729,"G",324,"G",1729,2
218353,"R",234658,"A",,"A",,"G",7822,"A",,"G",7822,"A",,2
218399,"R",26821,"A",,"A",,"G",894,"A",,"G",894,"A",,2
218414,"R",26667,"A",,"A",,"G",889,"A",,"G",889,"A",,2
218441,"R",55070,"A",,"R",1854,"G",1836,"G",77,"G",1836,"G",77,2
218487,"R",57032,"A",,"A",,"G",1901,"A",,"G",1901,"A",,2
218520,"R",104867,"A",,"A",,"G",3496,"A",,"G",3496,"A",,2
218539,"R",36563,"A",,"A",,"G",1219,"A",,"G",1219,"A",,2
218645,"R",81262,"A",,"R",1648,"G",2709,"G",69,"G",2709,"G",69,2
218654,"R",31324,"A",,"A",,"G",1044,"A",,"G",1044,"A",,2
218663,"R",547586,"A",,"R",113972,"G",18253,"G",4749,"G",18253,"G",4749,2
218672,"R",26055,"A",,"A",,"G",869,"A",,"G",869,"A",,2
218681,"R",15553,"A",,"A",,"G",518,"A",,"G",518,"A",,2
218690,"R",22984,"A",,"A",,"G",766,"A",,"G",766,"A",,2
218706,"R",7942,"A",,"A",,"G",265,"A",,"G",265,"A",,2
218724,"R",193766,"A",,"R",13212,"G",6459,"G",551,"G",6459,"G",551,2
218733,"R",117625,"A",,"R",10597,"G",3921,"G",442,"G",3921,"G",442,2
218742,"R",130342,"A",,"R",1123,"G",4345,"G",47,"G",4345,"G",47,2
218821,"R",23966,"A",,"A",,"G",799,"A",,"G",799,"A",,2
218830,"R",97222,"A",,"A",,"G",3241,"A",,"G",3241,"A",,2
218858,"R",57323,"A",,"A",,"G",1911,"A",,"G",1911,"A",,2
218867,"A",,"R",51610,"A",,"G",57,"A",,"G",57,"A",,1
218885,"R",113905,"A",,"A",,"G",3797,"A",,"G",3797,"A",,2
218894,"R",250054,"A",,"A",,"G",8335,"A",,"G",8335,"A",,2
218919,"R",10595,"A",,"A",,"G",353,"A",,"R",723,"A",,2
218955,"R",14200,"A",,"A",,"G",473,"A",,"G",473,"A",,2
218964,"R",147401,"A",,"R",14907,"G",4913,"G",621,"G",4913,"G",621,2
218973,"R",40706,"A",,"A",,"G",1357,"A",,"G",1357,"A",,2
218991,"R",96962,"A",,"A",,"G",3232,"A",,"G",3232,"A",,2
219000,"R",52428,"A",,"R",568,"G",1748,"G",24,"G",1748,"G",24,2
219037,"A",,"R",188700,"A",,"G",210,"A",,"R",180,"A",,1
219046,"R",84063,"A",,"R",4862,"G",2802,"G",203,"G",2802,"G",203,2
219055,"R",11714,"A",,"A",,"G",390,"A",,"G",390,"A",,2
219082,"R",62740,"A",,"R",4295,"G",2091,"G",179,"G",2091,"G",179,2
219091,"R",22748,"A",,"R",842,"G",758,"G",35,"G",758,"G",35,2
219125,"A",,"R",77609,"A",,"G",86,"A",,"G",86,"A",,1
219143,"R",44625,"A",,"A",,"G",1488,"A",,"R",1101,"A",,2
219170,"A",,"R",38400,"A",,"G",43,"A",,"G",43,"A",,1
219189,"R",23350,"A",,"A",,"G",778,"A",,"G",778,"A",,2
219198,"R",25388,"A",,"R",2805,"G",846,"G",117,"G",846,"G",117,2
219204,"R",50767,"A",,"R",4235,"G",1128,"G",118,"G",1128,"G",118,2
219213,"R",13875,"A",,"A",,"G",308,"A",,"G",308,"A",,2
219240,"A",,"A",,"R",840,"A",,"G",35,"A",,"G",35,2
219259,"R",59295,"A",,"R",3616,"G",1977,"G",151,"G",1977,"G",151,2
219277,"R",27089,"A",,"R",1719,"G",903,"G",72,"G",903,"G",72,2
219295,"R",19586,"A",,"A",,"G",653,"A",,"G",653,"A",,2
219338,"A",,"R",19200,"A",,"G",21,"A",,"R",12,"A",,1
219347,"R",47381,"A",,"R",3826,"G",1579,"G",159,"G",1579,"G",159,2
219356,"R",258496,"A",,"R",16336,"G",8617,"G",681,"G",8617,"G",681,2
219374,"R",15557,"A",,"R",3527,"G",519,"G",147,"G",519,"G",147,2
219383,"R",36708,"A",,"R",4249,"G",1224,"G",177,"G",1224,"G",177,2
219392,"A",,"R",25620,"A",,"G",28,"A",,"G",28,"A",,1
219408,"R",5757,"A",,"A",,"G",192,"A",,"G",192,"A",,2
219426,"R",59553,"A",,"A",,"G",1985,"A",,"G",1985,"A",,2
219453,"A",,"R",225516,"A",,"G",251,"A",,"G",251,"A",,1
219471,"R",155491,"A",,"R",29501,"G",5183,"G",1229,"G",5183,"G",1229,2
219480,"R",31055,"A",,"A",,"G",1035,"A",,"G",1035,"A",,2
219505,"R",2582,"A",,"A",,"G",86,"A",,"G",86,"A",,2
219578,"R",17234,"A",,"R",541,"G",574,"G",23,"G",574,"G",23,2
219587,"A",,"R",67666,"A",,"G",75,"A",,"G",75,"A",,1
219596,"A",,"R",198285,"A",,"G",220,"A",,"G",220,"A",,1
219602,"R",217845,"A",,"R",12184,"G",7262,"G",508,"G",7262,"G",508,2
219639,"R",24150,"A",,"A",,"G",805,"A",,"G",805,"A",,2
219709,"R",111049,"A",,"R",16077,"G",3702,"G",670,"G",3702,"G",670,2
219718,"R",55582,"A",,"R",4381,"G",1853,"G",183,"G",1853,"G",183,2
219790,"R",27604,"A",,"R",456,"G",920,"G",19,"G",920,"G",19,2
219806,"R",54213,"A",,"R",3171,"G",1807,"G",132,"G",1807,"G",132,2
219824,"R",157355,"A",,"A",,"G",5245,"A",,"G",5245,"A",,2
219833,"R",42090,"A",,"R",6362,"G",1403,"G",265,"G",1403,"G",265,2
219842,"A",,"A",,"R",3928,"A",,"G",164,"A",,"G",164,2
219879,"R",60511,"A",,"A",,"G",2017,"A",,"G",2017,"A",,2
219888,"R",91888,"A",,"A",,"G",3063,"A",,"G",3063,"A",,2
219903,"A",,"R",697306,"A",,"G",775,"A",,"G",775,"A",,1
219921,"A",,"R",125239,"A",,"G",139,"A",,"G",139,"A",,1
219949,"R",28657,"A",,"R",6125,"G",955,"G",255,"G",955,"G",255,2
219976,"R",68687,"A",,"R",4526,"G",2290,"G",189,"G",2290,"G",189,2
219994,"A",,"R",413015,"A",,"G",459,"A",,"G",459,"A",,1
220002,"R",24320,"A",,"A",,"G",540,"A",,"G",540,"A",,2
220057,"R",51746,"A",,"A",,"G",1725,"A",,"G",1725,"A",,2
220075,"R",280326,"A",,"R",38516,"G",9344,"G",1605,"G",9344,"G",1605,2
220118,"R",6824,"A",,"A",,"G",152,"A",,"G",152,"A",,2
220127,"A",,"R",436850,"A",,"G",485,"A",,"G",485,"A",,1
220136,"A",,"A",,"R",1150,"A",,"G",48,"A",,"G",48,2
220163,"A",,"R",100150,"A",,"G",111,"A",,"G",111,"A",,1
220181,"R",26650,"A",,"R",672,"G",888,"G",28,"G",888,"G",28,2
220206,"R",9550,"A",,"A",,"G",318,"A",,"G",318,"A",,2
220215,"R",44154,"A",,"R",9652,"G",1472,"G",402,"G",1472,"G",402,2
220251,"A",,"R",184399,"A",,"G",205,"A",,"G",205,"A",,1
220279,"A",,"R",193415,"A",,"G",215,"A",,"G",215,"A",,1
220312,"R",9324,"A",,"A",,"G",311,"A",,"G",311,"A",,2
220321,"A",,"R",344524,"A",,"G",383,"A",,"G",383,"A",,1
220394,"A",,"R",152507,"A",,"G",169,"A",,"G",169,"A",,1
220400,"R",90724,"A",,"A",,"G",3024,"A",,"G",3024,"A",,2
220464,"R",3468,"A",,"A",,"G",116,"A",,"G",116,"A",,2
220473,"R",22606,"A",,"R",2014,"G",754,"G",84,"G",754,"G",84,2
220491,"A",,"R",184835,"A",,"G",205,"A",,"G",205,"A",,1
220516,"R",34151,"A",,"R",3068,"G",1138,"G",128,"G",1138,"G",128,2
220552,"R",30798,"A",,"R",1997,"G",684,"G",55,"G",684,"G",55,2
220589,"R",22221,"A",,"A",,"G",741,"A",,"G",741,"A",,2
220598,"R",44333,"A",,"A",,"G",1478,"A",,"G",1478,"A",,2
220604,"R",16843,"A",,"A",,"G",561,"A",,"G",561,"A",,2
220613,"R",108206,"A",,"R",6701,"G",3607,"G",279,"R",3502,"R",222,2
220631,"R",35547,"A",,"R",38328,"G",1185,"G",1597,"G",1185,"G",1597,2
220640,"A",,"R",362825,"A",,"G",403,"A",,"G",403,"A",,1
220701,"R",23020,"A",,"A",,"G",767,"A",,"G",767,"A",,2
220710,"R",34095,"A",,"A",,"G",1137,"A",,"G",1137,"A",,2
220747,"A",,"R",131400,"A",,"G",146,"A",,"G",146,"A",,1
220756,"A",,"R",236329,"A",,"G",263,"A",,"G",263,"A",,1
220765,"A",,"R",163170,"A",,"G",181,"A",,"G",181,"A",,1
220792,"A",,"A",,"R",1896,"A",,"G",79,"A",,"G",79,2
220808,"R",7393,"A",,"R",436,"G",246,"G",18,"R",272,"R",16,2
220853,"A",,"R",781555,"A",,"G",868,"A",,"G",868,"A",,1
220862,"R",405025,"A",,"R",68976,"G",13501,"G",2874,"G",13501,"G",2874,2
220871,"A",,"A",,"R",843,"A",,"G",35,"A",,"G",35,2
220941,"R",22932,"A",,"Z",0,"G",764,"A",,"R",956,"A",,2
220978,"R",566990,"A",,"R",38010,"G",18900,"G",1584,"G",18900,"G",1584,2
220996,"A",,"A",,"R",4899,"A",,"G",136,"A",,"G",136,2
221014,"R",22362,"A",,"R",5174,"G",745,"G",216,"G",745,"G",216,2
221050,"A",,"R",565735,"A",,"G",629,"A",,"G",629,"A",,1
221096,"R",78751,"A",,"A",,"G",2625,"A",,"G",2625,"A",,2
221102,"A",,"R",289908,"A",,"G",322,"A",,"G",322,"A",,1
221148,"R",222666,"A",,"A",,"G",7422,"A",,"R",2250,"A",,2
221157,"R",12060,"A",,"A",,"G",402,"A",,"G",402,"A",,2
221184,"R",134186,"A",,"A",,"G",4473,"A",,"G",4473,"A",,2
221236,"A",,"R",175510,"A",,"G",195,"A",,"G",195,"A",,1
221254,"R",5387,"A",,"A",,"G",180,"A",,"G",180,"A",,2
221281,"A",,"R",325115,"A",,"G",361,"A",,"G",361,"A",,1
221290,"A",,"R",184432,"A",,"G",205,"A",,"G",205,"A",,1
221333,"A",,"R",305303,"A",,"G",339,"A",,"G",339,"A",,1
221351,"R",51309,"A",,"R",290,"G",1710,"G",12,"G",1710,"G",12,2
221388,"A",,"R",144808,"A",,"G",161,"A",,"G",161,"A",,1
221397,"R",112274,"A",,"A",,"G",3742,"A",,"G",3742,"A",,2
221430,"A",,"R",226842,"A",,"G",252,"A",,"G",252,"A",,1
221485,"R",245120,"A",,"A",,"G",8171,"A",,"G",8171,"A",,2
221494,"A",,"R",454258,"A",,"G",505,"A",,"G",505,"A",,1
221519,"R",49028,"A",,"R",466,"G",1634,"G",19,"R",1532,"R",19,2
221582,"A",,"R",206046,"A",,"G",229,"A",,"G",229,"A",,1
221591,"A",,"R",291937,"A",,"G",324,"A",,"G",324,"A",,1
221607,"A",,"R",262092,"A",,"G",291,"A",,"G",291,"A",,1
221616,"A",,"R",472362,"A",,"G",525,"A",,"G",525,"A",,1
221625,"A",,"R",464159,"A",,"G",516,"A",,"G",516,"A",,1
221634,"A",,"R",151225,"A",,"G",168,"A",,"G",168,"A",,1
221643,"R",166113,"A",,"A",,"G",5537,"A",,"G",5537,"A",,2
221661,"R",64152,"A",,"R",3587,"G",2138,"G",149,"G",2138,"G",149,2
221731,"R",25364,"A",,"A",,"G",845,"A",,"G",845,"A",,2
221740,"R",207798,"A",,"R",24307,"G",6927,"G",1013,"R",7316,"R",852,2
221759,"R",598144,"A",,"R",130225,"G",19938,"G",5426,"G",19938,"G",5426,2
221768,"R",177004,"A",,"R",9560,"G",5900,"G",398,"G",5900,"G",398,2
221795,"R",5280,"A",,"A",,"G",176,"A",,"G",176,"A",,2
221829,"A",,"R",304583,"A",,"G",338,"A",,"G",338,"A",,1
221838,"R",196306,"A",,"R",32936,"G",6544,"G",1372,"G",6544,"G",1372,2
221847,"R",210348,"A",,"R",29318,"G",7012,"G",1222,"G",7012,"G",1222,2
221856,"R",13195,"A",,"R",1340,"G",440,"G",56,"G",440,"G",56,2
221892,"R",34831,"A",,"R",20902,"G",1161,"G",871,"G",1161,"G",871,2
221908,"R",106822,"A",,"A",,"G",3561,"A",,"G",3561,"A",,2
221953,"R",69852,"A",,"R",4594,"G",2328,"G",191,"G",2328,"G",191,2
221971,"R",85112,"A",,"R",20772,"G",2837,"G",866,"G",2837,"G",866,2
221980,"A",,"R",46320,"A",,"G",51,"A",,"G",51,"A",,1
221999,"R",185133,"A",,"R",69322,"G",6171,"G",2888,"G",6171,"G",2888,2
222026,"A",,"R",118500,"A",,"G",132,"A",,"G",132,"A",,1
222053,"R",146745,"A",,"A",,"G",4892,"A",,"G",4892,"A",,2
222062,"R",119389,"A",,"A",,"G",3980,"A",,"G",3980,"A",,2
222099,"R",5253,"R",50070,"A",,"G",231,"A",,"G",231,"A",,3
222105,"R",111,"R",68165,"A",,"G",79,"A",,"G",79,"A",,3
222178,"R",118541,"A",,"R",11006,"G",3951,"G",459,"G",3951,"G",459,2
222567,"R",86524,"A",,"A",,"G",2884,"A",,"G",2884,"A",,2
222576,"R",185651,"A",,"A",,"G",6188,"A",,"G",6188,"A",,2
222628,"R",10206,"A",,"R",16971,"G",340,"G",707,"G",340,"G",707,2
222673,"A",,"R",138780,"A",,"G",154,"A",,"G",154,"A",,1
222682,"A",,"R",160560,"A",,"G",178,"A",,"G",178,"A",,1
222691,"A",,"R",126900,"A",,"G",141,"A",,"G",141,"A",,1
222707,"R",3000,"A",,"A",,"G",100,"A",,"R",85,"A",,2
222761,"A",,"R",1214640,"A",,"G",1350,"A",,"G",1350,"A",,1
222822,"R",96788,"A",,"A",,"G",3226,"A",,"G",3226,"A",,2
222831,"R",155519,"A",,"R",6517,"G",5184,"G",272,"G",5184,"G",272,2
222877,"R",4102,"A",,"A",,"G",137,"A",,"G",137,"A",,2
222886,"A",,"R",248000,"A",,"G",276,"A",,"G",276,"A",,1
222938,"R",74285,"A",,"A",,"G",1651,"A",,"G",1651,"A",,2
222983,"R",46187,"A",,"R",832,"G",1540,"G",35,"R",1248,"R",26,2
222992,"R",633455,"A",,"A",,"G",21115,"A",,"G",21115,"A",,2
223001,"A",,"A",,"R",1726,"A",,"G",72,"A",,"G",72,2
223056,"A",,"R",153600,"A",,"G",171,"A",,"G",171,"A",,1
223117,"R",1176,"A",,"R",684,"G",39,"G",29,"G",39,"G",29,2
223214,"R",2023,"A",,"R",6882,"G",67,"G",287,"R",58,"R",327,2
223223,"A",,"A",,"R",16488,"A",,"G",687,"A",,"G",687,2
223232,"R",357872,"A",,"R",33780,"G",11929,"G",1408,"G",11929,"G",1408,2
223320,"R",62404,"A",,"A",,"G",2080,"A",,"G",2080,"A",,2
223427,"R",291004,"A",,"A",,"G",9700,"A",,"G",9700,"A",,2
223463,"R",63565,"A",,"A",,"G",1413,"A",,"G",1413,"A",,2
223472,"R",3928,"A",,"A",,"G",131,"A",,"G",131,"A",,2
223506,"R",69864,"A",,"A",,"G",2329,"A",,"G",2329,"A",,2
223524,"R",193895,"A",,"A",,"G",6463,"A",,"G",6463,"A",,2
223658,"A",,"R",198150,"A",,"G",220,"A",,"G",220,"A",,1
223667,"A",,"R",46092,"A",,"G",51,"A",,"G",51,"A",,1
223773,"R",92047,"A",,"A",,"G",3068,"A",,"G",3068,"A",,2
223816,"R",432360,"A",,"A",,"G",14412,"A",,"G",14412,"A",,2
223852,"A",,"R",67500,"A",,"G",75,"A",,"R",75,"A",,1
223898,"R",61939,"R",1573000,"A",,"G",3812,"A",,"G",3812,"A",,3
223922,"R",25096,"R",2881,"A",,"G",840,"A",,"G",840,"A",,3
224004,"R",31456,"A",,"R",3919,"G",1049,"G",163,"G",1049,"G",163,2
224013,"A",,"R",38191,"A",,"G",42,"A",,"G",42,"A",,1
224110,"R",109833,"A",,"A",,"G",3661,"A",,"G",3661,"A",,2
224147,"R",193622,"A",,"R",28088,"G",6454,"G",1170,"G",6454,"G",1170,2
224156,"A",,"R",169245,"A",,"G",188,"A",,"G",188,"A",,1
224183,"R",49135,"A",,"A",,"G",1092,"A",,"G",1092,"A",,2
224226,"R",85604,"A",,"R",25974,"G",2853,"G",1082,"G",2853,"G",1082,2
224244,"R",7916,"A",,"R",673,"G",264,"G",28,"R",303,"R",33,2
224271,"R",10438,"A",,"A",,"G",232,"A",,"G",232,"A",,2
224305,"A",,"A",,"R",16216,"A",,"G",676,"A",,"G",676,2
224323,"R",35210,"A",,"R",26752,"G",1174,"G",1115,"G",1174,"G",1115,2
224350,"A",,"R",4906264,"A",,"G",5451,"A",,"G",5451,"A",,1
224402,"R",74375,"A",,"R",8307,"G",2479,"G",346,"G",2479,"G",346,2
224439,"R",82224,"A",,"A",,"G",1827,"A",,"G",1827,"A",,2
224527,"R",36375,"A",,"A",,"G",1213,"A",,"G",1213,"A",,2
224536,"A",,"R",65274,"A",,"G",73,"A",,"G",73,"A",,1
224545,"R",22815,"A",,"R",9043,"G",761,"G",377,"G",761,"G",377,2
224554,"R",143208,"A",,"R",56472,"G",4774,"G",2353,"G",4774,"G",2353,2
224572,"R",191571,"A",,"A",,"G",6386,"A",,"G",6386,"A",,2
224615,"R",112724,"A",,"A",,"G",3757,"A",,"G",3757,"A",,2
224642,"R",497400,"A",,"A",,"G",16580,"A",,"G",16580,"A",,2
224660,"A",,"R",420000,"A",,"G",467,"A",,"G",467,"A",,1
224679,"A",,"R",450000,"A",,"G",500,"A",,"G",500,"A",,1
224712,"A",,"A",,"R",1322,"A",,"G",55,"A",,"G",55,2
224758,"A",,"R",143250,"A",,"G",159,"A",,"G",159,"A",,1
224776,"R",69723,"A",,"A",,"G",1549,"A",,"G",1549,"A",,2
224828,"A",,"R",205200,"A",,"G",228,"A",,"G",228,"A",,1
224891,"R",21184,"R",210540,"A",,"G",940,"A",,"G",940,"A",,3
224907,"A",,"R",106000,"A",,"G",118,"A",,"G",118,"A",,1
224961,"R",42482,"A",,"A",,"G",1416,"A",,"G",1416,"A",,2
225070,"A",,"R",1782451,"A",,"G",1981,"A",,"G",1981,"A",,1
225201,"A",,"R",674373,"A",,"G",749,"A",,"R",527,"A",,1
225247,"R",53172,"A",,"R",6838,"G",1772,"G",285,"G",1772,"G",285,2
225308,"A",,"R",2999024,"A",,"G",3332,"A",,"G",3332,"A",,1
225371,"R",53348,"R",543088,"A",,"G",2382,"A",,"G",2382,"A",,3
225399,"R",48606,"A",,"R",5469,"G",1080,"G",152,"R",1620,"R",228,2
225414,"R",95543,"A",,"R",54664,"G",3185,"G",2278,"G",3185,"G",2278,2
225423,"R",830056,"A",,"A",,"G",27669,"A",,"G",27669,"A",,2
225432,"R",252373,"A",,"R",1518,"G",8412,"G",63,"G",8412,"G",63,2
225502,"R",30030,"A",,"R",20025,"G",1001,"G",834,"G",1001,"G",834,2
225511,"R",681336,"A",,"R",93193,"G",22711,"G",3883,"G",22711,"G",3883,2
225520,"A",,"R",1242472,"A",,"G",1381,"A",,"G",1381,"A",,1
225548,"R",34507,"A",,"R",119,"G",1150,"G",5,"G",1150,"G",5,2
225575,"R",19146,"A",,"R",840,"G",638,"G",35,"G",638,"G",35,2
225627,"R",122367,"A",,"R",14724,"G",4079,"G",614,"G",4079,"G",614,2
225779,"A",,"R",334500,"A",,"G",372,"A",,"G",372,"A",,1
225788,"A",,"R",445968,"A",,"G",496,"A",,"G",496,"A",,1
225849,"R",24480,"A",,"A",,"G",544,"A",,"G",544,"A",,2
225858,"R",17716,"A",,"A",,"G",394,"A",,"G",394,"A",,2
225867,"R",5592,"A",,"A",,"G",124,"A",,"G",124,"A",,2
225876,"R",7978,"A",,"A",,"G",266,"A",,"G",266,"A",,2
225885,"R",18827,"A",,"A",,"G",628,"A",,"G",628,"A",,2
225991,"A",,"R",110079,"A",,"G",122,"A",,"G",122,"A",,1
226019,"R",106659,"A",,"A",,"G",3555,"A",,"G",3555,"A",,2
226091,"R",220438,"A",,"R",22860,"G",7348,"G",953,"G",7348,"G",953,2
226107,"R",28840,"R",420224,"A",,"G",1428,"A",,"G",1428,"A",,3
226116,"A",,"R",1038496,"A",,"G",1154,"A",,"G",1154,"A",,1
226125,"A",,"R",222300,"A",,"G",247,"A",,"G",247,"A",,1
226134,"R",130169,"R",911680,"A",,"G",5352,"A",,"R",5523,"A",,3
226152,"R",97864,"A",,"R",14407,"G",3262,"G",600,"G",3262,"G",600,2
226204,"A",,"R",2575328,"A",,"G",2861,"A",,"G",2861,"A",,1
226231,"R",86327,"A",,"R",5822,"G",2878,"G",243,"G",2878,"G",243,2
226277,"A",,"R",500000,"A",,"G",556,"A",,"G",556,"A",,1
226329,"R",10971,"A",,"A",,"G",366,"A",,"G",366,"A",,2
226374,"A",,"R",26959,"A",,"G",30,"A",,"G",30,"A",,1
226383,"R",48129,"A",,"R",3849,"G",1604,"G",160,"G",1604,"G",160,2
226408,"R",59609,"R",429986,"A",,"G",2465,"A",,"R",2526,"A",,3
226471,"R",66631,"A",,"R",2841,"G",2221,"G",118,"G",2221,"G",118,2
226578,"R",128964,"R",1173788,"A",,"G",5603,"A",,"R",5628,"A",,3
226587,"R",38173,"A",,"A",,"G",1272,"A",,"G",1272,"A",,2
226675,"A",,"R",276731,"A",,"G",307,"A",,"G",307,"A",,1
226772,"A",,"R",45011,"A",,"G",50,"A",,"G",50,"A",,1
226806,"A",,"R",2711100,"A",,"G",3012,"A",,"G",3012,"A",,1
226833,"R",142167,"A",,"R",8978,"G",4739,"G",374,"G",4739,"G",374,2
226860,"A",,"R",67306,"A",,"G",75,"A",,"G",75,"A",,1
226879,"R",6390,"A",,"A",,"G",213,"A",,"G",213,"A",,2
226903,"A",,"R",293400,"A",,"G",326,"A",,"G",326,"A",,1
226930,"R",126088,"A",,"A",,"G",4203,"A",,"G",4203,"A",,2
227003,"A",,"R",561340,"A",,"G",624,"A",,"R",779,"A",,1
227058,"A",,"R",111000,"A",,"G",123,"A",,"G",123,"A",,1
227146,"R",157357,"A",,"A",,"G",5245,"A",,"G",5245,"A",,2
227155,"A",,"R",89100,"A",,"G",99,"A",,"G",99,"A",,1
227182,"R",802091,"A",,"A",,"G",26736,"A",,"G",26736,"A",,2
227191,"R",178469,"A",,"A",,"G",5949,"A",,"G",5949,"A",,2
227216,"R",707746,"A",,"R",117976,"G",23592,"G",4916,"G",23592,"G",4916,2
227225,"A",,"R",1072580,"A",,"G",1192,"A",,"G",1192,"A",,1
227243,"R",38205,"A",,"A",,"G",849,"A",,"G",849,"A",,2
227289,"A",,"A",,"R",708,"A",,"G",30,"A",,"G",30,2
227298,"R",12704,"A",,"A",,"G",423,"A",,"G",423,"A",,2
227304,"R",63152,"R",672000,"A",,"G",2852,"A",,"G",2852,"A",,3
227313,"A",,"R",224327,"A",,"G",249,"A",,"G",249,"A",,1
227322,"A",,"R",170108,"A",,"G",189,"A",,"G",189,"A",,1
227331,"R",40252,"A",,"R",18781,"G",1342,"G",783,"G",1342,"G",783,2
227368,"R",415912,"A",,"R",35477,"G",13864,"G",1478,"G",13864,"G",1478,2
227377,"R",277428,"A",,"R",10083,"G",9248,"G",420,"G",9248,"G",420,2
227386,"R",40208,"A",,"A",,"G",1340,"A",,"G",1340,"A",,2
227401,"R",87316,"A",,"A",,"G",2911,"A",,"G",2911,"A",,2
227429,"R",20499,"A",,"A",,"G",683,"A",,"G",683,"A",,2
227526,"R",169124,"A",,"R",41122,"G",5637,"G",1713,"G",5637,"G",1713,2
227687,"R",19268,"A",,"A",,"G",642,"A",,"G",642,"A",,2
227748,"R",19740,"A",,"A",,"G",658,"A",,"G",658,"A",,2
227757,"R",90781,"A",,"R",59049,"G",3026,"G",2460,"G",3026,"G",2460,2
227766,"R",289102,"A",,"A",,"G",9637,"A",,"G",9637,"A",,2
227836,"R",42489,"A",,"A",,"G",1416,"A",,"G",1416,"A",,2
227845,"R",108754,"A",,"R",16087,"G",3625,"G",670,"G",3625,"G",670,2
227854,"A",,"R",4435222,"A",,"G",4928,"A",,"G",4928,"A",,1
227863,"R",45537,"A",,"R",22699,"G",1518,"G",946,"G",1518,"G",946,2
227881,"R",390202,"A",,"R",36088,"G",13007,"G",1504,"G",13007,"G",1504,2
227924,"A",,"R",8072215,"A",,"G",8969,"A",,"G",8969,"A",,1
227979,"A",,"R",10161374,"A",,"G",11290,"A",,"G",11290,"A",,1
228042,"R",24244,"A",,"R",1086,"G",808,"G",45,"G",808,"G",45,2
228088,"A",,"R",57000,"A",,"G",63,"A",,"G",63,"A",,1
228149,"R",68010,"A",,"R",11856,"G",2267,"G",494,"G",2267,"G",494,2
228158,"R",152999,"R",1137836,"A",,"G",6364,"A",,"R",8297,"A",,3
228185,"A",,"R",30000,"A",,"G",33,"A",,"G",33,"A",,1
228200,"A",,"R",490737,"A",,"G",545,"A",,"G",545,"A",,1
228219,"R",0,"R",365562,"A",,"G",406,"A",,"G",406,"A",,3
228246,"R",192440,"A",,"R",51129,"G",6415,"G",2130,"G",6415,"G",2130,2
228282,"A",,"R",141450,"A",,"G",157,"A",,"G",157,"A",,1
228291,"A",,"R",38155,"A",,"G",42,"A",,"G",42,"A",,1
228316,"R",98003,"A",,"A",,"G",3267,"A",,"G",3267,"A",,2
228325,"R",36374,"A",,"R",3174,"G",1212,"G",132,"G",1212,"G",132,2
228343,"R",36900,"A",,"A",,"G",1230,"A",,"R",1267,"A",,2
228431,"R",293790,"A",,"R",26309,"G",9793,"G",1096,"G",9793,"G",1096,2
228459,"R",640364,"A",,"R",69599,"G",21345,"G",2900,"G",21345,"G",2900,2
228468,"R",21935,"A",,"R",738,"G",731,"G",31,"G",731,"G",31,2
228477,"R",4870,"A",,"R",22717,"G",162,"G",947,"G",162,"G",947,2
228486,"R",6199,"A",,"A",,"G",207,"A",,"G",207,"A",,2
228501,"R",51982,"A",,"R",13931,"G",1733,"G",580,"G",1733,"G",580,2
228529,"R",211747,"A",,"R",27003,"G",7058,"G",1125,"G",7058,"G",1125,2
228547,"R",701722,"A",,"A",,"G",23391,"A",,"G",23391,"A",,2
228608,"R",86924,"A",,"A",,"G",2897,"A",,"G",2897,"A",,2
228635,"R",3655,"R",0,"R",27240,"G",122,"G",1135,"G",122,"G",1135,3
228644,"R",21539,"A",,"R",21932,"G",718,"G",914,"R",718,"R",989,2
228653,"R",14232,"A",,"R",23103,"G",474,"G",963,"G",474,"G",963,2
228680,"A",,"R",4073940,"A",,"G",4527,"A",,"G",4527,"A",,1
228699,"A",,"R",1932981,"A",,"G",2148,"A",,"G",2148,"A",,1
228705,"R",136430,"A",,"R",30163,"G",4548,"G",1257,"G",4548,"G",1257,2
228714,"R",44247,"A",,"R",577,"G",1475,"G",24,"G",1475,"G",24,2
228723,"R",1035143,"R",1186220,"R",158401,"G",35823,"G",6600,"G",35823,"G",6600,3
228769,"R",490136,"A",,"R",91161,"G",16338,"G",3798,"G",16338,"G",3798,2
228778,"R",1023476,"A",,"R",264772,"G",34116,"G",11032,"G",34116,"G",11032,2
228787,"R",199286,"A",,"R",130698,"G",6643,"G",5446,"G",6643,"G",5446,2
228796,"R",407992,"A",,"R",46593,"G",13600,"G",1941,"G",13600,"G",1941,2
228802,"R",127663,"A",,"R",12791,"G",4255,"G",533,"G",4255,"G",533,2
228866,"R",726,"A",,"A",,"G",24,"A",,"G",24,"A",,2
228875,"R",214468,"A",,"R",21068,"G",7149,"G",878,"G",7149,"G",878,2
228884,"R",29139,"A",,"R",388,"G",971,"G",16,"G",971,"G",16,2
228909,"A",,"A",,"R",14044,"A",,"G",585,"A",,"G",585,2
228981,"R",38658,"A",,"A",,"G",1289,"A",,"G",1289,"A",,2
229018,"R",78045,"A",,"R",8260,"G",2602,"G",344,"G",2602,"G",344,2
229027,"R",612337,"A",,"R",55268,"G",20411,"G",2303,"G",20411,"G",2303,2
229036,"R",27085,"A",,"A",,"G",903,"A",,"G",903,"A",,2
229063,"R",126078,"A",,"R",8451,"G",4203,"G",352,"G",4203,"G",352,2
229115,"R",661864,"A",,"R",85462,"G",22062,"G",3561,"G",22062,"G",3561,2
229151,"A",,"R",87457,"A",,"G",97,"A",,"G",97,"A",,1
229160,"R",32749,"A",,"R",22620,"G",1092,"G",943,"G",1092,"G",943,2
229179,"R",179647,"A",,"R",92125,"G",5988,"G",3839,"G",5988,"G",3839,2
229267,"R",72304,"A",,"R",4775,"G",2410,"G",199,"G",2410,"G",199,2
229300,"R",14740,"A",,"R",40609,"G",491,"G",1692,"G",491,"G",1692,2
229319,"R",102657,"A",,"A",,"G",3422,"A",,"R",3422,"A",,2
229328,"A",,"R",1237056,"A",,"G",1375,"A",,"G",1375,"A",,1
229337,"R",10377,"A",,"R",10620,"G",346,"G",443,"R",346,"R",443,2
229355,"R",206561,"A",,"A",,"G",6885,"A",,"G",6885,"A",,2
229416,"R",176379,"A",,"A",,"G",5879,"A",,"G",5879,"A",,2
229425,"A",,"R",359801,"A",,"G",400,"A",,"G",400,"A",,1
229504,"R",52838,"R",175975,"A",,"G",1957,"A",,"G",1957,"A",,3
229522,"A",,"R",59933,"A",,"G",67,"A",,"G",67,"A",,1
229540,"R",71367,"A",,"A",,"G",2379,"A",,"G",2379,"A",,2
229780,"R",115700,"A",,"R",16119,"G",3857,"G",672,"G",3857,"G",672,2
229799,"R",84977,"A",,"A",,"G",2833,"A",,"G",2833,"A",,2
229814,"R",154181,"A",,"R",24675,"G",5139,"G",1028,"G",5139,"G",1028,2
229832,"R",29944,"R",847840,"A",,"G",1940,"A",,"G",1940,"A",,3
229841,"R",125626,"A",,"A",,"G",4188,"A",,"G",4188,"A",,2
229887,"R",24537,"A",,"A",,"G",818,"A",,"G",818,"A",,2
229957,"R",5120,"A",,"A",,"G",171,"A",,"G",171,"A",,2
230010,"A",,"R",437515,"A",,"G",486,"A",,"G",486,"A",,1
230038,"R",914224,"A",,"R",56083,"G",30474,"G",2337,"G",30474,"G",2337,2
230047,"R",82614,"A",,"A",,"G",2754,"A",,"G",2754,"A",,2
230056,"R",22971,"A",,"A",,"G",510,"A",,"G",510,"A",,2
230065,"A",,"R",216900,"A",,"G",241,"A",,"G",241,"A",,1
230074,"R",4480,"A",,"A",,"G",149,"A",,"G",149,"A",,2
230092,"R",48309,"A",,"A",,"G",1610,"A",,"R",1720,"A",,2
230135,"A",,"R",43055,"A",,"G",48,"A",,"G",48,"A",,1
230144,"A",,"R",54120,"A",,"G",60,"A",,"G",60,"A",,1
230162,"A",,"R",1157458,"A",,"G",1286,"A",,"G",1286,"A",,1
230171,"R",123263,"A",,"A",,"G",4109,"A",,"G",4109,"A",,2
230199,"A",,"R",2000,"A",,"G",2,"A",,"G",2,"A",,1
230205,"A",,"R",49,"A",,"R",0,"A",,"Z",0,"A",,1
230214,"A",,"R",305618,"A",,"G",340,"A",,"G",340,"A",,1
230223,"A",,"R",34000,"A",,"G",38,"A",,"G",38,"A",,1
230366,"R",17236,"A",,"A",,"G",383,"A",,"G",383,"A",,2
230384,"R",24360,"A",,"A",,"G",541,"A",,"G",541,"A",,2
230418,"R",39214,"A",,"A",,"G",1307,"A",,"G",1307,"A",,2
230472,"R",23905,"R",163840,"A",,"G",713,"A",,"R",814,"A",,3
230490,"A",,"R",1162526,"A",,"G",1292,"A",,"G",1292,"A",,1
230597,"R",85096,"A",,"A",,"G",2837,"A",,"R",3041,"A",,2
230603,"R",180915,"A",,"R",10201,"G",6031,"G",425,"G",6031,"G",425,2
230621,"R",13790,"A",,"A",,"G",460,"A",,"G",460,"A",,2
230630,"R",15680,"A",,"A",,"G",523,"A",,"G",523,"A",,2
230676,"A",,"R",526984,"A",,"G",586,"A",,"G",586,"A",,1
230728,"R",341032,"A",,"R",26332,"G",11368,"G",1097,"R",11368,"R",1317,2
230737,"R",497156,"A",,"A",,"G",16572,"A",,"G",16572,"A",,2
230746,"R",464880,"R",300617,"A",,"G",15830,"A",,"G",15830,"A",,3
230764,"R",582670,"A",,"R",152688,"G",19422,"G",6362,"G",19422,"G",6362,2
230782,"R",559450,"A",,"R",7778,"G",18648,"G",324,"G",18648,"G",324,2
230807,"R",55811,"A",,"R",8715,"G",1860,"G",363,"G",1860,"G",363,2
230816,"R",16494,"A",,"R",4852,"G",550,"G",202,"R",505,"R",130,2
230825,"R",4030,"A",,"A",,"G",134,"A",,"G",134,"A",,2
230834,"R",54375,"A",,"R",7924,"G",1813,"G",330,"G",1813,"G",330,2
230852,"R",69653,"A",,"R",1105,"G",2322,"G",46,"G",2322,"G",46,2
230861,"R",87788,"A",,"A",,"G",2926,"A",,"G",2926,"A",,2
230889,"R",4140,"A",,"R",6258,"G",138,"G",261,"G",138,"G",261,2
230898,"R",21417,"A",,"R",417,"G",714,"G",17,"G",714,"G",17,2
230913,"R",36702,"A",,"R",4815,"G",1223,"G",201,"G",1223,"G",201,2
230931,"R",35834,"A",,"R",1202,"G",1194,"G",50,"G",1194,"G",50,2
230940,"R",10262,"A",,"Z",0,"G",342,"A",,"G",342,"A",,2
230959,"R",80401,"A",,"Z",0,"G",2680,"A",,"G",2680,"A",,2
230977,"R",15480,"A",,"A",,"G",516,"A",,"G",516,"A",,2
230995,"R",53838,"A",,"R",37920,"G",1795,"G",1580,"R",1795,"R",1580,2
231004,"A",,"R",29250,"A",,"G",33,"A",,"G",33,"A",,1
231059,"R",61654,"A",,"R",7825,"G",2055,"G",326,"G",2055,"G",326,2
231068,"A",,"A",,"R",10954,"A",,"G",456,"A",,"R",686,2
231077,"R",6977,"A",,"R",3553,"G",233,"G",148,"R",465,"R",395,2
231086,"R",10570,"A",,"A",,"G",352,"A",,"G",352,"A",,2
231095,"R",3277,"A",,"A",,"G",109,"A",,"G",109,"A",,2
231147,"A",,"A",,"R",1175,"A",,"G",49,"A",,"G",49,2
231165,"R",35109,"A",,"A",,"G",1170,"A",,"G",1170,"A",,2
231174,"R",286509,"A",,"R",19199,"G",9550,"G",800,"G",9550,"G",800,2
231192,"R",2461,"A",,"R",755,"G",82,"G",31,"G",82,"G",31,2
231280,"A",,"R",88950,"A",,"G",99,"A",,"G",99,"A",,1
231411,"R",24090,"A",,"A",,"G",803,"A",,"G",803,"A",,2
231420,"R",22744,"A",,"R",1233,"G",758,"G",51,"G",758,"G",51,2
231536,"R",76613,"A",,"A",,"G",2554,"A",,"G",2554,"A",,2
231554,"R",21653,"A",,"A",,"G",722,"A",,"G",722,"A",,2
231581,"R",47973,"A",,"A",,"G",1599,"A",,"R",1499,"A",,2
231624,"R",175047,"A",,"R",33882,"G",5835,"G",1412,"G",5835,"G",1412,2
231642,"R",19580,"A",,"A",,"G",653,"A",,"G",653,"A",,2
231651,"R",23305,"A",,"R",43169,"G",777,"G",1799,"G",777,"G",1799,2
231688,"A",,"R",23880,"A",,"G",27,"A",,"G",27,"A",,1
231697,"R",68669,"A",,"A",,"G",2289,"A",,"R",2289,"A",,2
231712,"R",131097,"A",,"R",3131,"G",4370,"G",130,"G",4370,"G",130,2
231721,"A",,"R",106500,"A",,"G",118,"A",,"G",118,"A",,1
231785,"R",12832,"A",,"A",,"G",428,"A",,"G",428,"A",,2
231828,"R",11439,"A",,"A",,"G",381,"A",,"G",381,"A",,2
231837,"R",23731,"A",,"R",603,"G",791,"G",25,"G",791,"G",25,2
231873,"R",22377,"A",,"A",,"G",746,"A",,"G",746,"A",,2
231882,"R",75886,"A",,"A",,"G",2530,"A",,"G",2530,"A",,2
231970,"R",576,"A",,"R",8880,"G",19,"G",370,"G",19,"G",370,2
232016,"R",149200,"A",,"A",,"G",4973,"A",,"G",4973,"A",,2
232025,"R",26747,"A",,"R",669,"G",892,"G",28,"G",892,"G",28,2
232043,"R",31678,"A",,"R",5466,"G",1056,"G",228,"G",1056,"G",228,2
232052,"R",14589,"A",,"A",,"G",486,"A",,"G",486,"A",,2
232089,"R",27992,"A",,"A",,"G",933,"A",,"G",933,"A",,2
232186,"R",493198,"A",,"R",134549,"G",16440,"G",5606,"G",16440,"G",5606,2
232195,"R",90233,"A",,"A",,"G",3008,"A",,"G",3008,"A",,2
232256,"R",32352,"A",,"A",,"G",1078,"A",,"G",1078,"A",,2
232265,"R",160777,"A",,"R",17062,"G",5359,"G",711,"G",5359,"G",711,2
232308,"R",28470,"A",,"R",6319,"G",949,"G",263,"G",949,"G",263,2
232414,"R",196309,"A",,"A",,"G",6544,"A",,"G",6544,"A",,2
232423,"R",480144,"A",,"R",27499,"G",16005,"G",1146,"G",16005,"G",1146,2
232450,"R",120854,"A",,"A",,"G",4028,"A",,"G",4028,"A",,2
232502,"A",,"R",388200,"A",,"G",431,"A",,"R",525,"A",,1
232557,"R",402876,"A",,"R",85361,"G",13429,"G",3557,"G",13429,"G",3557,2
232566,"R",110753,"A",,"R",6889,"G",3692,"G",287,"G",3692,"G",287,2
232575,"R",95377,"A",,"A",,"G",3179,"A",,"G",3179,"A",,2
232593,"A",,"R",35490,"A",,"G",39,"A",,"G",39,"A",,1
232609,"R",60273,"A",,"R",7067,"G",2009,"G",294,"G",2009,"G",294,2
232618,"R",7877,"A",,"A",,"G",175,"A",,"G",175,"A",,2
232672,"R",39380,"A",,"R",3343,"G",1313,"G",139,"G",1313,"G",139,2
232681,"R",121216,"A",,"R",9496,"G",4041,"G",396,"R",3995,"R",466,2
232706,"R",64267,"A",,"R",19419,"G",2142,"G",809,"G",2142,"G",809,2
232724,"R",4206,"A",,"A",,"G",140,"A",,"G",140,"A",,2
232788,"R",56437,"A",,"A",,"G",1881,"A",,"G",1881,"A",,2
232797,"R",179046,"A",,"R",2000,"G",3979,"G",56,"G",3979,"G",56,2
232867,"R",80158,"A",,"A",,"G",2672,"A",,"G",2672,"A",,2
232885,"R",7300,"A",,"A",,"G",243,"A",,"G",243,"A",,2
232919,"R",5041,"A",,"A",,"G",168,"A",,"R",71,"A",,2
232937,"R",136312,"A",,"R",12997,"G",4544,"G",542,"G",4544,"G",542,2
232946,"R",771032,"A",,"A",,"G",25701,"A",,"G",25701,"A",,2
232982,"R",393682,"A",,"R",80301,"G",13123,"G",3346,"G",13123,"G",3346,2
233019,"R",54087,"A",,"A",,"G",1803,"A",,"G",1803,"A",,2
233037,"R",24605,"A",,"A",,"G",820,"A",,"G",820,"A",,2
233082,"R",5065,"A",,"A",,"G",169,"A",,"G",169,"A",,2
233091,"R",24250,"A",,"A",,"G",539,"A",,"G",539,"A",,2
233116,"R",72278,"A",,"A",,"G",2409,"A",,"G",2409,"A",,2
233189,"R",7657,"R",72176,"A",,"G",335,"A",,"G",335,"A",,3
233277,"R",241360,"A",,"R",20068,"G",8045,"G",836,"G",8045,"G",836,2
233286,"A",,"R",33058,"A",,"G",37,"A",,"G",37,"A",,1
233295,"R",34063,"A",,"A",,"G",1135,"A",,"G",1135,"A",,2
233301,"R",19357,"A",,"R",310,"G",645,"G",13,"G",645,"G",13,2
233310,"R",45684,"A",,"A",,"G",1523,"A",,"G",1523,"A",,2
233329,"A",,"R",176069,"A",,"G",196,"A",,"G",196,"A",,1
233338,"R",27898,"A",,"A",,"G",930,"A",,"G",930,"A",,2
233356,"R",13008,"A",,"A",,"G",434,"A",,"G",434,"A",,2
233374,"R",98399,"A",,"R",3381,"G",3280,"G",141,"G",3280,"G",141,2
233408,"R",5484,"R",179975,"A",,"G",383,"A",,"G",383,"A",,3
233426,"R",56678,"A",,"A",,"G",1889,"A",,"G",1889,"A",,2
233499,"R",19983,"A",,"A",,"G",666,"A",,"G",666,"A",,2
233541,"R",48998,"A",,"R",18730,"G",1633,"G",780,"R",1633,"R",1020,2
233611,"R",21022,"A",,"A",,"G",701,"A",,"G",701,"A",,2
233639,"R",94013,"A",,"A",,"G",3134,"A",,"G",3134,"A",,2
233648,"R",70467,"A",,"A",,"G",2349,"A",,"G",2349,"A",,2
233657,"A",,"R",154000,"A",,"G",171,"A",,"G",171,"A",,1
233666,"A",,"R",32500,"A",,"G",36,"A",,"G",36,"A",,1
233718,"R",18100,"A",,"R",467,"G",603,"G",19,"G",603,"G",19,2
233754,"R",163841,"A",,"A",,"G",5461,"A",,"G",5461,"A",,2
233772,"R",489351,"A",,"A",,"G",16312,"A",,"G",16312,"A",,2
233842,"A",,"A",,"R",2059,"A",,"G",86,"A",,"G",86,2
233897,"R",50544,"A",,"A",,"G",1685,"A",,"G",1685,"A",,2
233903,"R",46452,"A",,"A",,"G",1548,"A",,"G",1548,"A",,2
233912,"R",22970,"A",,"A",,"G",766,"A",,"G",766,"A",,2
233921,"R",688020,"A",,"R",123017,"G",22934,"G",5126,"G",22934,"G",5126,2
233949,"R",126798,"A",,"A",,"G",4227,"A",,"G",4227,"A",,2
234030,"R",563003,"A",,"R",121621,"G",18767,"G",5068,"G",18767,"G",5068,2
234076,"R",444777,"A",,"R",175027,"G",14826,"G",7293,"G",14826,"G",7293,2
234085,"R",46671,"A",,"A",,"G",1556,"A",,"G",1556,"A",,2
234119,"A",,"R",60881,"A",,"G",68,"A",,"G",68,"A",,1
234137,"R",1844,"A",,"R",908,"G",61,"G",38,"G",61,"G",38,2
234155,"R",133197,"A",,"R",7874,"G",4440,"G",328,"R",4383,"R",399,2
234164,"R",35157,"A",,"R",268,"G",1172,"G",11,"G",1172,"G",11,2
234173,"R",35441,"A",,"A",,"G",1181,"A",,"G",1181,"A",,2
234191,"A",,"R",63000,"A",,"G",70,"A",,"G",70,"A",,1
234207,"R",53139,"A",,"R",160,"G",1771,"G",7,"G",1771,"R",6,2
234216,"R",31046,"A",,"A",,"G",690,"A",,"G",690,"A",,2
234225,"A",,"R",77283,"A",,"G",86,"A",,"G",86,"A",,1
234359,"A",,"R",246355,"A",,"G",274,"A",,"G",274,"A",,1
234377,"R",51074,"A",,"A",,"G",1702,"A",,"G",1702,"A",,2
234401,"A",,"R",113172,"A",,"G",126,"A",,"R",129,"A",,1
234492,"R",97803,"A",,"A",,"G",2173,"A",,"G",2173,"A",,2
234650,"A",,"R",90370,"A",,"G",100,"A",,"G",100,"A",,1
234669,"R",399829,"A",,"A",,"G",8885,"A",,"G",8885,"A",,2
234687,"A",,"R",118800,"A",,"G",132,"A",,"G",132,"A",,1
234696,"A",,"R",1225278,"A",,"G",1361,"A",,"G",1361,"A",,1
234711,"R",66916,"A",,"A",,"G",1487,"A",,"G",1487,"A",,2
234739,"A",,"R",298500,"A",,"G",332,"A",,"G",332,"A",,1
234784,"A",,"R",331360,"A",,"G",368,"A",,"G",368,"A",,1
234827,"R",441362,"A",,"R",14934,"G",9808,"G",415,"G",9808,"G",415,2
234845,"R",85848,"A",,"A",,"G",1908,"A",,"G",1908,"A",,2
234915,"R",56505,"A",,"R",50924,"G",1256,"G",1415,"R",1413,"R",2122,2
234924,"A",,"R",29771,"A",,"G",33,"A",,"G",33,"A",,1
234933,"R",293399,"A",,"A",,"G",6520,"A",,"G",6520,"A",,2
234951,"A",,"R",2923146,"A",,"G",3248,"A",,"R",4094,"A",,1
234979,"R",203005,"A",,"A",,"G",4511,"A",,"G",4511,"A",,2
235024,"R",23390,"A",,"A",,"G",780,"A",,"G",780,"A",,2
235088,"A",,"R",282600,"A",,"G",314,"A",,"G",314,"A",,1
235097,"R",394456,"A",,"R",42797,"G",8766,"G",1189,"G",8766,"G",1189,2
235103,"R",246666,"A",,"A",,"G",5481,"A",,"G",5481,"A",,2
235149,"R",211102,"A",,"A",,"G",4691,"A",,"G",4691,"A",,2
235158,"A",,"R",293700,"A",,"G",326,"A",,"G",326,"A",,1
235167,"R",186851,"A",,"R",9047,"G",4152,"G",251,"G",4152,"G",251,2
235237,"R",216015,"A",,"A",,"G",4800,"A",,"G",4800,"A",,2
235273,"A",,"R",25200,"A",,"G",28,"A",,"G",28,"A",,1
235307,"A",,"R",408620,"A",,"G",454,"A",,"G",454,"A",,1
235316,"R",143454,"A",,"R",20392,"G",4782,"G",850,"R",4546,"R",1132,2
235334,"R",73399,"A",,"A",,"G",1631,"A",,"G",1631,"A",,2
235343,"R",267676,"A",,"A",,"G",5948,"A",,"G",5948,"A",,2
235352,"A",,"R",235100,"A",,"G",261,"A",,"G",261,"A",,1
235422,"R",19947,"A",,"R",8169,"G",665,"G",340,"R",712,"G",340,2
235431,"R",210935,"A",,"A",,"G",4687,"A",,"G",4687,"A",,2
235495,"R",3238,"A",,"A",,"G",108,"A",,"G",108,"A",,2
235501,"R",10759,"A",,"A",,"G",359,"A",,"G",359,"A",,2
235510,"R",23692,"A",,"A",,"G",526,"A",,"G",526,"A",,2
235529,"R",15972,"A",,"A",,"G",355,"A",,"G",355,"A",,2
235547,"R",11612,"A",,"R",15242,"G",258,"G",423,"G",258,"G",423,2
235583,"A",,"R",281193,"A",,"G",312,"A",,"G",312,"A",,1
235671,"A",,"R",3787053,"A",,"G",4208,"A",,"R",4730,"A",,1
235699,"R",123299,"A",,"A",,"G",2740,"A",,"G",2740,"A",,2
235750,"R",99812,"A",,"A",,"G",2218,"A",,"G",2218,"A",,2
235769,"R",4153,"A",,"Z",0,"G",138,"A",,"G",138,"A",,2
236018,"A",,"R",96000,"A",,"G",107,"A",,"G",107,"A",,1
236027,"A",,"R",209273,"A",,"G",233,"A",,"G",233,"A",,1
236072,"R",160675,"A",,"A",,"G",3571,"A",,"G",3571,"A",,2
236090,"A",,"A",,"R",192,"A",,"G",5,"A",,"G",5,2
236133,"R",30822,"A",,"R",3090,"G",1027,"G",129,"G",1027,"G",129,2
236188,"R",216097,"A",,"A",,"G",4802,"A",,"G",4802,"A",,2
236212,"A",,"R",777194,"A",,"G",864,"A",,"R",699,"A",,1
236230,"R",101326,"A",,"R",13541,"G",3378,"G",564,"G",3378,"G",564,2
236258,"R",99590,"A",,"A",,"G",2213,"A",,"G",2213,"A",,2
236267,"A",,"R",44475,"A",,"G",49,"A",,"G",49,"A",,1
236328,"R",78414,"A",,"R",6508,"G",2614,"G",271,"R",2450,"R",214,2
236382,"A",,"R",1948987,"A",,"G",2166,"A",,"G",2166,"A",,1
236452,"R",36157,"A",,"R",4557,"G",1205,"G",190,"G",1205,"G",190,2
236504,"R",185204,"A",,"A",,"G",4116,"A",,"G",4116,"A",,2
236513,"R",231209,"A",,"A",,"G",5138,"A",,"G",5138,"A",,2
236531,"R",8928,"A",,"A",,"G",198,"A",,"G",198,"A",,2
236559,"R",1483,"R",556,"A",,"G",34,"A",,"G",34,"A",,3
236577,"R",135554,"A",,"R",20221,"G",3012,"G",562,"G",3012,"G",562,2
236595,"R",184286,"A",,"R",79616,"G",4095,"G",2212,"G",4095,"G",2212,2
236610,"R",209989,"A",,"A",,"G",4666,"A",,"G",4666,"A",,2
236638,"R",158629,"A",,"A",,"G",3525,"A",,"G",3525,"A",,2
236656,"R",166464,"A",,"A",,"G",3699,"A",,"G",3699,"A",,2
236692,"R",279550,"A",,"A",,"G",6212,"A",,"G",6212,"A",,2
236708,"R",268142,"A",,"A",,"G",5959,"A",,"G",5959,"A",,2
236744,"A",,"R",44400,"A",,"G",49,"A",,"G",49,"A",,1
236753,"R",214110,"A",,"A",,"G",4758,"A",,"G",4758,"A",,2
236887,"R",142531,"A",,"A",,"G",3167,"A",,"G",3167,"A",,2
236896,"R",70167,"A",,"R",9074,"G",1559,"G",252,"G",1559,"G",252,2
236939,"R",547660,"A",,"R",77095,"G",18255,"G",3212,"G",18255,"G",3212,2
236948,"R",1233643,"A",,"R",304746,"G",27414,"G",8465,"R",27414,"R",10158,2
236975,"R",113427,"A",,"A",,"G",2521,"A",,"G",2521,"A",,2
236993,"R",8672,"R",82240,"A",,"G",284,"A",,"G",284,"A",,3
237011,"R",574335,"A",,"R",23502,"G",12763,"G",653,"G",12763,"G",653,2
237039,"R",118899,"A",,"A",,"G",2642,"A",,"G",2642,"A",,2
237057,"R",45345,"A",,"A",,"G",1512,"A",,"R",1398,"A",,2
237066,"R",70717,"A",,"R",5772,"G",2357,"G",241,"R",2200,"R",200,2
237109,"R",156734,"A",,"A",,"G",3483,"A",,"G",3483,"A",,2
237118,"R",19602,"A",,"R",5148,"G",653,"G",215,"G",653,"G",215,2
237127,"A",,"R",38016,"A",,"G",42,"A",,"G",42,"A",,1
237136,"R",6046,"A",,"R",120,"G",202,"G",5,"R",223,"R",5,2
237145,"A",,"R",30020,"A",,"G",33,"A",,"R",20,"A",,1
237154,"R",103079,"A",,"R",16001,"G",3436,"G",667,"G",3436,"G",667,2
237172,"A",,"R",126000,"A",,"G",140,"A",,"R",140,"A",,1
237181,"R",24488,"A",,"A",,"G",816,"A",,"G",816,"A",,2
237215,"R",48514,"A",,"A",,"G",1617,"A",,"R",3234,"A",,2
237242,"A",,"R",135945,"A",,"G",151,"A",,"G",151,"A",,1
237303,"A",,"R",121880,"A",,"G",135,"A",,"G",135,"A",,1
237312,"R",31472,"A",,"R",3627,"G",1049,"G",151,"R",1120,"R",145,2
237321,"A",,"R",82254,"A",,"G",91,"A",,"G",91,"A",,1
237330,"R",76975,"A",,"R",2778,"G",2566,"G",116,"G",2566,"G",116,2
237358,"R",17139,"A",,"A",,"G",571,"A",,"G",571,"A",,2
237367,"R",112031,"A",,"R",4004,"G",3734,"G",167,"G",3734,"G",167,2
237385,"R",35842,"A",,"A",,"G",1195,"A",,"G",1195,"A",,2
237419,"A",,"R",18240,"A",,"G",20,"A",,"R",21,"A",,1
237437,"R",40584,"A",,"A",,"G",902,"A",,"R",845,"A",,2
237473,"A",,"R",179564,"A",,"G",200,"A",,"R",182,"A",,1
237491,"A",,"R",33990,"A",,"G",38,"A",,"R",36,"A",,1
237525,"R",263599,"A",,"R",64640,"G",8787,"G",2693,"G",8787,"G",2693,2
237543,"A",,"R",78840,"A",,"G",88,"A",,"G",88,"A",,1
237552,"R",4905,"A",,"A",,"G",109,"A",,"G",109,"A",,2
237561,"A",,"R",113616,"A",,"G",126,"A",,"G",126,"A",,1
237570,"A",,"R",197616,"A",,"G",220,"A",,"G",220,"A",,1
237598,"R",5088,"A",,"A",,"G",113,"A",,"R",106,"A",,2
237604,"A",,"R",439920,"A",,"G",489,"A",,"R",489,"A",,1
237613,"A",,"R",95700,"A",,"G",106,"A",,"G",106,"A",,1
237640,"R",16749,"A",,"A",,"G",558,"A",,"G",558,"A",,2
237686,"R",85079,"A",,"A",,"G",2836,"A",,"G",2836,"A",,2
237701,"R",33211,"A",,"A",,"G",1107,"A",,"G",1107,"A",,2
237729,"A",,"R",189027,"A",,"G",210,"A",,"G",210,"A",,1
237783,"R",5655,"A",,"R",8096,"G",189,"G",337,"G",189,"G",337,2
237792,"R",101795,"A",,"R",2055,"G",3393,"G",86,"G",3393,"G",86,2
237817,"R",48928,"A",,"A",,"G",1631,"A",,"G",1631,"A",,2
237844,"A",,"R",81270,"A",,"G",90,"A",,"G",90,"A",,1
237899,"R",80209,"A",,"R",561,"G",2674,"G",23,"R",5347,"R",47,2
237905,"A",,"R",49200,"A",,"G",55,"A",,"G",55,"A",,1
237932,"R",62844,"A",,"R",21,"G",2095,"G",1,"G",2095,"G",1,2
237950,"R",35899,"A",,"R",125,"G",1197,"G",5,"G",1197,"G",5,2
237969,"R",33138,"A",,"R",1173,"G",1105,"G",49,"R",1122,"R",39,2
237978,"R",2731,"A",,"A",,"G",61,"A",,"G",61,"A",,2
237987,"R",9044,"A",,"A",,"G",201,"A",,"G",201,"A",,2
237996,"R",5876,"A",,"A",,"G",131,"A",,"G",131,"A",,2
238005,"A",,"R",58500,"A",,"G",65,"A",,"G",65,"A",,1
238014,"R",62934,"A",,"A",,"G",2098,"A",,"G",2098,"A",,2
238032,"R",632004,"A",,"R",111363,"G",21067,"G",4640,"G",21067,"G",4640,2
238078,"R",33347,"A",,"R",4671,"G",1112,"G",195,"G",1112,"G",195,2
238096,"A",,"R",40180,"A",,"G",45,"A",,"G",45,"A",,1
238166,"A",,"R",137897,"A",,"G",153,"A",,"G",153,"A",,1
238175,"A",,"R",177395,"A",,"G",197,"A",,"G",197,"A",,1
238193,"R",52751,"A",,"R",3306,"G",1758,"G",138,"G",1758,"G",138,2
238263,"R",254816,"A",,"A",,"G",8494,"A",,"G",8494,"A",,2
238315,"R",140,"A",,"A",,"G",5,"A",,"G",5,"A",,2
238324,"R",4580,"A",,"R",433,"G",153,"G",18,"G",153,"G",18,2
238333,"R",41852,"A",,"A",,"G",1395,"A",,"R",1308,"A",,2
238397,"R",43146,"A",,"A",,"G",1438,"A",,"G",1438,"A",,2
238421,"R",7948,"A",,"A",,"G",265,"A",,"R",200,"A",,2
238430,"R",75822,"A",,"R",48300,"G",2527,"G",2013,"R",3062,"R",2669,2
238458,"R",83464,"A",,"R",4557,"G",2782,"G",190,"G",2782,"G",190,2
238476,"R",82628,"A",,"R",2617,"G",2754,"G",109,"G",2754,"G",109,2
238616,"R",76646,"A",,"R",22688,"G",2555,"G",945,"G",2555,"G",945,2
238661,"R",50643,"A",,"R",5607,"G",1688,"G",234,"G",1688,"G",234,2
238722,"R",150806,"A",,"A",,"G",5027,"A",,"G",5027,"A",,2
238759,"R",117405,"A",,"A",,"G",3914,"A",,"G",3914,"A",,2
238786,"A",,"R",87650,"A",,"G",97,"A",,"G",97,"A",,1
238810,"A",,"R",93770,"A",,"G",104,"A",,"G",104,"A",,1
238892,"R",37236,"A",,"A",,"G",827,"A",,"G",827,"A",,2
238935,"R",1544,"A",,"R",2218,"G",51,"G",92,"G",51,"G",92,2
238971,"A",,"R",129168,"A",,"G",144,"A",,"G",144,"A",,1
238980,"R",65297,"A",,"R",10965,"G",2177,"G",457,"G",2177,"G",457,2
239008,"R",45000,"A",,"A",,"G",1500,"A",,"G",1500,"A",,2
239017,"R",80610,"A",,"A",,"G",2687,"A",,"R",1438,"A",,2
239071,"R",22932,"A",,"R",602,"G",764,"G",25,"G",764,"G",25,2
239080,"R",54227,"A",,"R",15090,"G",1808,"G",629,"G",1808,"G",629,2
239105,"R",236814,"A",,"R",39611,"G",7894,"G",1650,"R",7659,"R",1685,2
239132,"A",,"R",207307,"A",,"G",230,"A",,"G",230,"A",,1
239169,"A",,"A",,"R",9384,"A",,"G",391,"A",,"G",391,2
239187,"A",,"R",13500,"A",,"G",15,"A",,"G",15,"A",,1
239220,"R",52007,"A",,"A",,"G",1734,"A",,"G",1734,"A",,2
239248,"R",310185,"A",,"A",,"G",10340,"A",,"G",10340,"A",,2
239309,"R",19029,"A",,"A",,"G",634,"A",,"R",641,"A",,2
239318,"R",93422,"A",,"R",3120,"G",2076,"G",87,"G",2076,"G",87,2
239372,"R",83248,"A",,"A",,"G",2775,"A",,"G",2775,"A",,2
239390,"R",33175,"A",,"R",4682,"G",1106,"G",195,"G",1106,"G",195,2
239424,"A",,"A",,"R",618,"A",,"G",26,"A",,"G",26,2
239442,"R",25898,"A",,"A",,"G",863,"A",,"G",863,"A",,2
239460,"R",72234,"A",,"A",,"G",2408,"A",,"R",2110,"A",,2
239488,"R",148766,"A",,"A",,"G",4959,"A",,"R",4926,"A",,2
239503,"R",19364,"A",,"R",1248,"G",645,"G",52,"G",645,"G",52,2
239512,"R",20264,"A",,"A",,"G",675,"A",,"G",675,"A",,2
239628,"R",31287,"A",,"A",,"G",1043,"A",,"G",1043,"A",,2
239637,"A",,"A",,"R",2064,"A",,"G",86,"A",,"R",86,2
239716,"R",63632,"A",,"R",596,"G",2121,"G",25,"G",2121,"G",25,2
239725,"A",,"R",1800,"A",,"G",2,"A",,"G",2,"A",,1
239743,"R",10324,"A",,"R",4128,"G",344,"G",172,"G",344,"G",172,2
239877,"A",,"R",75408,"A",,"G",84,"A",,"R",68,"A",,1
239910,"R",46046,"A",,"A",,"G",1535,"A",,"G",1535,"A",,2
239929,"A",,"R",1200000,"A",,"G",1333,"A",,"G",1333,"A",,1
240055,"R",275704,"A",,"A",,"G",9190,"A",,"G",9190,"A",,2
240107,"R",50098,"A",,"R",35405,"G",1670,"G",1475,"G",1670,"G",1475,2
240116,"R",114068,"A",,"A",,"G",3802,"A",,"G",3802,"A",,2
240125,"R",104922,"A",,"A",,"G",3497,"A",,"G",3497,"A",,2
240170,"R",110340,"A",,"A",,"G",3678,"A",,"G",3678,"A",,2
240189,"R",260537,"A",,"R",20645,"G",8685,"G",860,"G",8685,"G",860,2
240198,"R",70654,"A",,"A",,"G",2355,"A",,"G",2355,"A",,2
240213,"A",,"A",,"R",1096,"A",,"G",46,"A",,"G",46,2
240240,"A",,"R",118800,"A",,"G",132,"A",,"G",132,"A",,1
240268,"R",282470,"A",,"R",7640,"G",9416,"G",318,"G",9416,"G",318,2
240277,"R",141326,"A",,"R",2160,"G",4711,"G",90,"G",4711,"G",90,2
240329,"R",244785,"A",,"R",27388,"G",8160,"G",1141,"G",8160,"G",1141,2
240338,"R",23334,"A",,"A",,"G",778,"A",,"R",703,"A",,2
240365,"R",274258,"A",,"R",17169,"G",9142,"G",715,"G",9142,"G",715,2
240374,"R",118282,"A",,"R",1463,"G",3943,"G",61,"G",3943,"G",61,2
240392,"R",33492,"A",,"A",,"G",1116,"A",,"G",1116,"A",,2
240417,"R",208984,"A",,"R",15565,"G",6966,"G",649,"G",6966,"G",649,2
240426,"R",65792,"A",,"R",3928,"G",2193,"G",164,"G",2193,"G",164,2
240444,"R",808734,"A",,"R",139374,"G",26958,"G",5807,"G",26958,"G",5807,2
240453,"R",614770,"A",,"R",70347,"G",20492,"G",2931,"G",20492,"G",2931,2
240462,"R",168366,"A",,"R",8609,"G",5612,"G",359,"G",5612,"G",359,2
240471,"R",162918,"A",,"R",8254,"G",5431,"G",344,"G",5431,"G",344,2
240480,"R",239935,"A",,"R",7294,"G",7998,"G",304,"G",7998,"G",304,2
240505,"R",76818,"A",,"A",,"G",2561,"A",,"G",2561,"A",,2
240514,"R",30329,"A",,"A",,"G",1011,"A",,"R",1264,"A",,2
240596,"R",24991,"A",,"A",,"G",833,"A",,"G",833,"A",,2
240620,"R",87985,"A",,"A",,"G",2933,"A",,"R",3666,"A",,2
240657,"R",42443,"A",,"A",,"G",1415,"A",,"G",1415,"A",,2
240666,"R",45569,"A",,"A",,"G",1519,"A",,"R",1899,"A",,2
240693,"R",51525,"A",,"A",,"G",1718,"A",,"R",2147,"A",,2
240709,"A",,"R",57400,"A",,"G",64,"A",,"G",64,"A",,1
240718,"R",52664,"R",1900500,"A",,"G",3867,"A",,"R",2229,"A",,3
240727,"R",253898,"A",,"R",37607,"G",8463,"G",1567,"G",8463,"G",1567,2
240736,"R",36470,"A",,"A",,"G",1216,"A",,"G",1216,"A",,2
240745,"R",38145,"A",,"A",,"G",1272,"A",,"G",1272,"A",,2
240754,"R",73095,"A",,"R",4142,"G",2437,"G",173,"G",2437,"G",173,2
240790,"R",18865,"A",,"A",,"G",629,"A",,"G",629,"A",,2
240879,"R",21660,"A",,"A",,"G",722,"A",,"G",722,"A",,2
240985,"R",11510,"A",,"A",,"G",384,"A",,"G",384,"A",,2
241100,"R",36812,"A",,"R",936,"G",1227,"G",39,"R",1534,"R",39,2
241128,"R",37310,"A",,"A",,"G",1244,"A",,"R",1555,"A",,2
241146,"R",15600,"A",,"A",,"G",520,"A",,"G",520,"A",,2
241182,"R",10633,"A",,"A",,"G",354,"A",,"G",354,"A",,2
241191,"R",24166,"A",,"R",774,"G",806,"G",32,"G",806,"G",32,2
241216,"R",32775,"A",,"R",1782,"G",1093,"G",74,"G",1093,"G",74,2
241225,"R",52103,"A",,"R",13384,"G",1737,"G",558,"G",1737,"G",558,2
241304,"R",22962,"A",,"R",1266,"G",765,"G",53,"G",765,"G",53,2
241331,"R",6150,"A",,"R",12303,"G",205,"G",513,"G",205,"G",513,2
241377,"R",31633,"A",,"R",9735,"G",1054,"G",406,"G",1054,"G",406,2
241386,"R",9598,"A",,"R",9510,"G",320,"G",396,"G",320,"G",396,2
241395,"R",7045,"A",,"R",4010,"G",235,"G",167,"R",235,"R",223,2
241410,"R",146472,"A",,"R",21091,"G",4882,"G",879,"R",4882,"R",1172,2
241517,"R",39870,"A",,"A",,"G",1329,"A",,"G",1329,"A",,2
241614,"R",4100,"A",,"A",,"G",137,"A",,"G",137,"A",,2
241720,"R",21262,"A",,"A",,"G",709,"A",,"G",709,"A",,2
241739,"R",222634,"A",,"R",48476,"G",7421,"G",2020,"G",7421,"G",2020,2
241766,"R",8546,"A",,"R",333,"G",285,"G",14,"R",285,"R",14,2
241793,"A",,"A",,"R",5000,"A",,"G",208,"A",,"R",364,2
241836,"R",17185,"A",,"A",,"G",573,"A",,"G",573,"A",,2
241906,"R",21150,"R",159350,"A",,"G",882,"A",,"G",882,"A",,3
241951,"R",12386,"A",,"A",,"G",413,"A",,"G",413,"A",,2
242042,"R",24189,"A",,"A",,"G",806,"A",,"G",806,"A",,2
242112,"R",72560,"A",,"A",,"G",2419,"A",,"G",2419,"A",,2
242121,"R",20203,"A",,"A",,"G",673,"A",,"G",673,"A",,2
242130,"R",12498,"A",,"A",,"G",417,"A",,"G",417,"A",,2
242149,"R",15642,"A",,"A",,"G",521,"A",,"G",521,"A",,2
242316,"R",3360,"R",68400,"A",,"G",188,"A",,"R",185,"A",,3
242413,"R",12168,"A",,"A",,"G",406,"A",,"G",406,"A",,2
242422,"R",670000,"A",,"A",,"G",22333,"A",,"G",22333,"A",,2
242556,"R",17910,"A",,"A",,"G",597,"A",,"G",597,"A",,2
242565,"R",19650,"A",,"A",,"G",655,"A",,"G",655,"A",,2
242583,"R",13332,"A",,"A",,"G",444,"A",,"G",444,"A",,2
242617,"R",60167,"R",3708,"R",7184,"G",2010,"G",299,"R",2511,"R",449,3
242626,"R",49255,"R",3868,"R",1225,"G",1646,"G",51,"R",2056,"R",77,3
242635,"R",52924,"R",699,"R",1811,"G",1765,"G",75,"R",2206,"R",113,3
242644,"R",27961,"R",0,"R",432,"G",932,"G",18,"R",1165,"R",27,3
242653,"R",81913,"R",1024,"R",23013,"G",2732,"G",959,"R",3414,"R",1438,3
242662,"R",61426,"R",1948,"R",1576,"G",2050,"G",66,"R",2561,"R",99,3
242680,"R",28391,"R",0,"R",206,"G",946,"G",9,"R",1183,"R",13,3
242699,"R",28616,"R",639,"R",324,"G",955,"G",14,"R",1193,"R",20,3
242705,"R",64376,"R",1165,"R",375,"G",2147,"G",16,"R",2684,"R",23,3
242741,"A",,"R",181545,"A",,"G",202,"A",,"G",202,"A",,1
242750,"R",3793,"A",,"A",,"G",126,"A",,"G",126,"A",,2
242820,"R",56538,"A",,"A",,"G",1885,"A",,"G",1885,"A",,2
242884,"R",20316,"A",,"A",,"G",677,"A",,"G",677,"A",,2
242945,"A",,"R",323300,"A",,"G",359,"A",,"G",359,"A",,1
242954,"A",,"R",97400,"A",,"G",108,"A",,"G",108,"A",,1
242972,"R",76493,"A",,"A",,"G",2550,"A",,"G",2550,"A",,2
242981,"R",51389,"A",,"A",,"G",1713,"A",,"G",1713,"A",,2
243072,"R",72708,"R",0,"A",,"G",2424,"A",,"G",2424,"A",,3
243081,"A",,"A",,"R",2113,"A",,"G",88,"A",,"G",88,2
243106,"R",83298,"A",,"A",,"G",2777,"A",,"R",2971,"A",,2
243115,"R",106396,"A",,"A",,"G",3547,"A",,"R",3767,"A",,2
243133,"R",105168,"R",64304,"A",,"G",3577,"A",,"R",4188,"A",,3
243142,"R",126465,"A",,"A",,"G",2810,"A",,"G",2810,"A",,2
243151,"R",98934,"A",,"A",,"G",3298,"A",,"G",3298,"A",,2
243179,"R",116048,"A",,"A",,"G",3868,"A",,"G",3868,"A",,2
243188,"R",40945,"A",,"A",,"G",1365,"A",,"G",1365,"A",,2
243197,"R",341214,"A",,"R",11038,"G",11374,"G",460,"G",11374,"G",460,2
243203,"R",13166,"A",,"R",23127,"G",439,"G",964,"G",439,"G",964,2
243212,"R",92672,"A",,"A",,"G",3089,"A",,"R",3040,"A",,2
243221,"R",406999,"A",,"R",31941,"G",13567,"G",1331,"R",15074,"R",1996,2
243346,"R",233709,"A",,"R",9490,"G",7790,"G",395,"G",7790,"G",395,2
243382,"R",7000,"A",,"A",,"G",233,"A",,"G",233,"A",,2
243407,"A",,"R",27024,"A",,"G",30,"A",,"R",16,"A",,1
243416,"A",,"R",415200,"A",,"G",461,"A",,"G",461,"A",,1
243443,"R",112104,"A",,"R",10356,"G",3737,"G",432,"G",3737,"G",432,2
243498,"A",,"A",,"R",1680,"A",,"G",70,"A",,"G",70,2
243568,"R",2805,"A",,"R",522,"G",94,"G",22,"G",94,"G",22,2
243577,"R",152005,"A",,"R",9844,"G",5067,"G",410,"G",5067,"G",410,2
243586,"R",36305,"A",,"R",3380,"G",1210,"G",141,"R",1210,"R",187,2
243601,"R",287714,"A",,"R",53751,"G",9590,"G",2240,"G",9590,"G",2240,2
243638,"R",62345,"A",,"A",,"G",2078,"A",,"G",2078,"A",,2
243647,"R",19830,"A",,"A",,"G",661,"A",,"R",661,"A",,2
243665,"R",45080,"A",,"R",2995,"G",1503,"G",125,"G",1503,"G",125,2
243744,"R",315131,"A",,"R",223089,"G",7003,"G",6197,"G",7003,"G",6197,2
243780,"R",962595,"A",,"R",198010,"G",32087,"G",8250,"G",32087,"G",8250,2
243799,"A",,"R",64222,"A",,"G",71,"A",,"R",69,"A",,1
243823,"R",2726,"R",3198,"A",,"G",94,"A",,"R",98,"A",,3
243832,"R",18957,"A",,"R",1104,"G",632,"G",46,"G",632,"G",46,2
243841,"R",12618,"A",,"A",,"G",421,"A",,"G",421,"A",,2
243902,"A",,"R",13,"A",,"R",0,"A",,"Z",0,"A",,1
244011,"R",41632,"A",,"A",,"G",925,"A",,"G",925,"A",,2
244154,"R",25316,"A",,"A",,"G",563,"A",,"G",563,"A",,2
244190,"R",2922,"A",,"R",522,"G",97,"G",22,"G",97,"G",22,2
244233,"R",44800,"A",,"A",,"G",996,"A",,"G",996,"A",,2
244279,"A",,"R",118165,"A",,"G",131,"A",,"G",131,"A",,1
244437,"R",468082,"A",,"A",,"G",15603,"A",,"G",15603,"A",,2
244446,"R",136091,"A",,"A",,"G",3024,"A",,"G",3024,"A",,2
244464,"R",220,"A",,"R",296,"G",7,"G",12,"G",7,"G",12,2
244491,"A",,"R",76151,"A",,"G",85,"A",,"G",85,"A",,1
244561,"A",,"R",232347,"A",,"G",258,"A",,"G",258,"A",,1
244613,"A",,"R",225885,"A",,"G",251,"A",,"G",251,"A",,1
245032,"R",24192,"A",,"A",,"G",538,"A",,"G",538,"A",,2
245069,"A",,"R",27000,"A",,"G",30,"A",,"G",30,"A",,1
245281,"A",,"R",51264,"A",,"G",57,"A",,"G",57,"A",,1
245290,"A",,"R",207000,"A",,"G",230,"A",,"G",230,"A",,1
245342,"R",51192,"A",,"A",,"G",1138,"A",,"G",1138,"A",,2
245625,"R",32125,"A",,"A",,"G",1071,"A",,"G",1071,"A",,2
245652,"R",14980,"A",,"R",2470,"G",499,"G",103,"R",475,"R",147,2
245731,"R",423,"A",,"R",330,"G",14,"G",14,"G",14,"G",14,2
245777,"R",780,"A",,"R",270,"G",26,"G",11,"G",26,"G",11,2
245838,"R",5982,"A",,"R",16643,"G",133,"G",462,"G",133,"G",462,2
245847,"R",3474,"A",,"R",7976,"G",77,"G",222,"G",77,"G",222,2
245865,"A",,"A",,"R",20091,"A",,"G",837,"A",,"G",837,2
245883,"R",8067,"A",,"R",20032,"G",179,"G",556,"G",179,"G",556,2
245892,"R",5155,"A",,"R",13033,"G",115,"G",362,"G",115,"G",362,2
245953,"R",12935,"A",,"R",2760,"G",431,"G",115,"G",431,"G",115,2
245962,"A",,"R",732459,"A",,"G",814,"A",,"G",814,"A",,1
245980,"A",,"R",82800,"A",,"G",92,"A",,"G",92,"A",,1
245999,"A",,"R",1193692,"A",,"G",1326,"A",,"R",2273,"A",,1
246008,"P",16444,"A",,"P",0,"P",548,"P",0,"P",548,"P",0,2
246017,"A",,"R",441635,"A",,"G",491,"A",,"G",491,"A",,1
246035,"R",56328,"A",,"A",,"G",1878,"A",,"G",1878,"A",,2
246071,"A",,"R",127200,"A",,"G",141,"A",,"G",141,"A",,1
246202,"R",8219,"A",,"R",1450,"G",274,"G",60,"G",274,"G",60,2
246266,"R",23455,"A",,"A",,"G",782,"A",,"G",782,"A",,2
246345,"A",,"A",,"R",2280,"A",,"G",95,"A",,"G",95,2
246354,"A",,"R",2944160,"A",,"G",3271,"A",,"G",3271,"A",,1
246406,"A",,"R",48260,"A",,"G",54,"A",,"G",54,"A",,1
246415,"A",,"R",111527,"A",,"G",124,"A",,"G",124,"A",,1
246460,"A",,"R",88200,"A",,"G",98,"A",,"G",98,"A",,1
246594,"A",,"R",75087,"A",,"G",83,"A",,"G",83,"A",,1
246789,"A",,"A",,"R",1584,"A",,"G",66,"A",,"G",66,2
246813,"R",124898,"A",,"A",,"G",2776,"A",,"G",2776,"A",,2
246895,"A",,"R",316849,"A",,"G",352,"A",,"G",352,"A",,1
246974,"R",32370,"A",,"A",,"G",1079,"A",,"G",1079,"A",,2
247010,"A",,"R",61191,"A",,"G",68,"A",,"G",68,"A",,1
247047,"A",,"R",175265,"A",,"G",195,"A",,"R",75,"A",,1
247065,"R",22270,"A",,"A",,"G",495,"A",,"G",495,"A",,2
247153,"R",8064,"A",,"A",,"G",179,"A",,"G",179,"A",,2
247162,"R",387,"A",,"R",816,"G",9,"G",23,"R",9,"R",45,2
247409,"R",7380,"A",,"A",,"G",246,"A",,"G",246,"A",,2
247603,"R",65039,"A",,"A",,"G",2168,"A",,"G",2168,"A",,2
247649,"R",10145,"A",,"A",,"G",338,"A",,"R",423,"A",,2
247700,"R",11296,"A",,"A",,"G",251,"A",,"G",251,"A",,2
247773,"R",924,"A",,"R",120,"G",31,"G",5,"G",31,"G",5,2
247825,"R",462,"A",,"R",381,"G",15,"G",16,"G",15,"G",16,2
247834,"R",387338,"A",,"A",,"G",12911,"A",,"G",12911,"A",,2
247922,"A",,"A",,"R",48,"A",,"G",2,"A",,"G",2,2
247940,"R",71429,"A",,"A",,"G",2381,"A",,"G",2381,"A",,2
248165,"A",,"R",18788,"A",,"G",21,"A",,"G",21,"A",,1
248192,"A",,"R",28800,"A",,"G",32,"A",,"G",32,"A",,1
248305,"A",,"R",247106,"A",,"G",275,"A",,"G",275,"A",,1
248314,"A",,"R",45900,"A",,"G",51,"A",,"R",44,"A",,1
248527,"A",,"R",69000,"A",,"G",77,"A",,"G",77,"A",,1
248606,"A",,"R",547677,"A",,"G",609,"A",,"G",609,"A",,1
248624,"A",,"R",171450,"A",,"G",191,"A",,"G",191,"A",,1
248633,"A",,"R",86400,"A",,"G",96,"A",,"G",96,"A",,1
248660,"A",,"R",38700,"A",,"G",43,"A",,"R",43,"A",,1
248703,"A",,"R",182587,"A",,"G",203,"A",,"G",203,"A",,1
248776,"R",50314,"A",,"A",,"G",1118,"A",,"G",1118,"A",,2
248794,"R",36055,"A",,"A",,"G",801,"A",,"G",801,"A",,2
248846,"R",10440,"A",,"A",,"G",232,"A",,"G",232,"A",,2
248882,"R",11448,"A",,"A",,"G",254,"A",,"G",254,"A",,2
248925,"A",,"R",579916,"A",,"G",644,"A",,"G",644,"A",,1
248934,"R",271084,"A",,"A",,"G",9036,"A",,"G",9036,"A",,2
248943,"R",29470,"A",,"A",,"G",982,"A",,"G",982,"A",,2
248970,"R",15931,"A",,"A",,"G",531,"A",,"G",531,"A",,2
249061,"A",,"R",250000,"A",,"G",278,"A",,"G",278,"A",,1
249140,"A",,"R",1261800,"A",,"G",1402,"A",,"G",1402,"A",,1
249238,"A",,"R",103515,"A",,"G",115,"A",,"G",115,"A",,1
249247,"R",22455,"A",,"A",,"G",749,"A",,"G",749,"A",,2
249566,"A",,"R",187827,"A",,"G",209,"A",,"G",209,"A",,1
249609,"A",,"R",225648,"A",,"G",251,"A",,"G",251,"A",,1
249779,"R",4954,"A",,"A",,"G",165,"A",,"G",165,"A",,2
250027,"R",15453,"A",,"A",,"G",515,"A",,"G",515,"A",,2
250072,"A",,"R",105850,"A",,"G",118,"A",,"G",118,"A",,1
250285,"R",27360,"A",,"A",,"G",912,"A",,"G",912,"A",,2
250407,"R",11595,"R",726732,"A",,"G",1194,"A",,"G",1194,"A",,3
250498,"R",5670,"A",,"A",,"G",189,"A",,"G",189,"A",,2
250744,"R",16764,"A",,"A",,"G",373,"A",,"G",373,"A",,2
250832,"A",,"R",81627,"A",,"G",91,"A",,"G",91,"A",,1
250902,"A",,"R",42000,"A",,"G",47,"A",,"G",47,"A",,1
250920,"A",,"R",1152104,"A",,"G",1280,"A",,"G",1280,"A",,1
250993,"A",,"R",148062,"A",,"G",165,"A",,"G",165,"A",,1
251075,"R",17220,"A",,"A",,"G",574,"A",,"G",574,"A",,2
251251,"R",17864,"A",,"A",,"G",397,"A",,"G",397,"A",,2
251260,"R",123455,"A",,"A",,"G",4115,"A",,"G",4115,"A",,2
251312,"R",50445,"A",,"R",6984,"G",1121,"G",194,"G",1121,"G",194,2
260293,"R",211788,"A",,"R",12798,"G",4706,"G",356,"G",4706,"G",356,2
260354,"R",7863,"A",,"A",,"G",262,"A",,"G",262,"A",,2
260363,"A",,"R",62790,"A",,"G",70,"A",,"R",39,"A",,1
260372,"R",11682,"A",,"A",,"G",389,"A",,"G",389,"A",,2
260664,"A",,"R",137610,"A",,"G",153,"A",,"G",153,"A",,1
260691,"A",,"R",1076916,"A",,"G",1197,"A",,"G",1197,"A",,1
260789,"R",3300,"A",,"A",,"G",110,"A",,"G",110,"A",,2
260804,"R",1800,"A",,"A",,"G",60,"A",,"G",60,"A",,2
260813,"R",5970,"A",,"A",,"G",199,"A",,"G",199,"A",,2
260901,"R",1097478,"A",,"R",35358,"G",24388,"G",982,"G",24388,"G",982,2
260910,"R",31723,"A",,"A",,"G",705,"A",,"G",705,"A",,2
260929,"A",,"R",355200,"A",,"G",395,"A",,"R",185,"A",,1
260947,"R",1694,"A",,"A",,"G",56,"A",,"G",56,"A",,2
260956,"A",,"A",,"R",1971,"A",,"G",82,"A",,"G",82,2
260965,"A",,"R",305600,"A",,"G",340,"A",,"G",340,"A",,1
260974,"R",23704,"A",,"A",,"G",527,"A",,"G",527,"A",,2
260992,"R",34092,"A",,"A",,"G",758,"A",,"G",758,"A",,2
261375,"A",,"R",671706,"A",,"G",746,"A",,"G",746,"A",,1
261384,"A",,"R",329359,"A",,"G",366,"A",,"G",366,"A",,1
261393,"A",,"R",220853,"A",,"G",245,"A",,"G",245,"A",,1
261436,"A",,"R",885300,"A",,"G",984,"A",,"G",984,"A",,1
261472,"R",35948,"A",,"A",,"G",799,"A",,"G",799,"A",,2
261676,"R",8280,"A",,"A",,"G",276,"A",,"G",276,"A",,2
261685,"R",5940,"A",,"A",,"G",198,"A",,"G",198,"A",,2
261719,"A",,"R",50052,"A",,"G",56,"A",,"G",56,"A",,1
261773,"A",,"R",43431,"A",,"G",48,"A",,"G",48,"A",,1
261861,"R",6712,"A",,"A",,"G",149,"A",,"G",149,"A",,2
261931,"R",11658,"A",,"A",,"G",389,"A",,"G",389,"A",,2
262013,"R",2040,"A",,"R",49,"G",68,"G",2,"G",68,"G",2,2
262022,"A",,"A",,"R",4048,"A",,"G",112,"A",,"G",112,2
262031,"R",139283,"A",,"A",,"G",4643,"A",,"G",4643,"A",,2
262086,"R",59923,"A",,"R",82438,"G",1997,"G",3435,"G",1997,"G",3435,2
262129,"R",25228,"A",,"A",,"G",841,"A",,"G",841,"A",,2
262235,"A",,"R",64830,"A",,"G",72,"A",,"G",72,"A",,1
262299,"A",,"R",121813,"A",,"G",135,"A",,"G",135,"A",,1
262305,"R",9435,"A",,"A",,"G",210,"A",,"G",210,"A",,2
262332,"R",53239,"A",,"A",,"G",1775,"A",,"G",1775,"A",,2
262341,"A",,"R",658800,"A",,"G",732,"A",,"G",732,"A",,1
262402,"A",,"R",221100,"A",,"G",246,"A",,"G",246,"A",,1
262457,"A",,"R",539619,"A",,"G",600,"A",,"G",600,"A",,1
262509,"R",37102,"A",,"A",,"G",1237,"A",,"G",1237,"A",,2
262660,"A",,"R",90867,"A",,"G",101,"A",,"G",101,"A",,1
362700,"A",,"R",160048,"A",,"G",178,"A",,"G",178,"A",,1
362782,"A",,"R",51750,"A",,"G",58,"A",,"G",58,"A",,1
363013,"R",5508,"A",,"A",,"G",184,"A",,"G",184,"A",,2
363077,"A",,"R",128996,"A",,"G",143,"A",,"G",143,"A",,1
363147,"A",,"R",95250,"A",,"G",106,"A",,"G",106,"A",,1
363165,"A",,"R",753802,"A",,"G",838,"A",,"R",1436,"A",,1
363217,"A",,"R",19235,"A",,"G",21,"A",,"G",21,"A",,1
363387,"R",16424,"A",,"A",,"G",365,"A",,"G",365,"A",,2
363439,"R",31500,"A",,"A",,"G",700,"A",,"G",700,"A",,2
363457,"A",,"R",367632,"A",,"G",408,"A",,"G",408,"A",,1
363590,"A",,"R",319600,"A",,"G",355,"A",,"G",355,"A",,1
363633,"R",28131,"A",,"A",,"G",938,"A",,"G",938,"A",,2
363679,"A",,"R",138736,"A",,"G",154,"A",,"R",154,"A",,1
363712,"R",1380,"A",,"Z",0,"G",46,"A",,"G",46,"A",,2
363882,"A",,"R",110850,"A",,"G",123,"A",,"G",123,"A",,1
363907,"R",23949,"A",,"R",11838,"G",798,"G",493,"G",798,"G",493,2
363916,"R",17526,"A",,"R",13482,"G",584,"G",562,"G",584,"G",562,2
363934,"R",37914,"A",,"R",849,"G",1264,"G",35,"G",1264,"G",35,2
364016,"R",133540,"A",,"A",,"G",4451,"A",,"G",4451,"A",,2
364025,"R",144082,"A",,"A",,"G",4803,"A",,"G",4803,"A",,2
364122,"R",192,"A",,"A",,"G",6,"A",,"G",6,"A",,2
364168,"R",6510,"A",,"A",,"G",217,"A",,"G",217,"A",,2
364317,"A",,"R",504133,"A",,"G",560,"A",,"G",560,"A",,1
364326,"A",,"R",632312,"A",,"G",703,"A",,"G",703,"A",,1
364335,"A",,"R",1192063,"A",,"G",1325,"A",,"G",1325,"A",,1
364548,"A",,"R",591612,"A",,"G",657,"A",,"G",657,"A",,1
364566,"A",,"R",131268,"A",,"G",146,"A",,"G",146,"A",,1
364575,"A",,"R",46780,"A",,"G",52,"A",,"G",52,"A",,1
364584,"A",,"R",58954,"A",,"G",66,"A",,"G",66,"A",,1
364593,"A",,"R",144570,"A",,"G",161,"A",,"G",161,"A",,1
364609,"A",,"R",26303,"A",,"G",29,"A",,"G",29,"A",,1
364618,"A",,"R",1500,"A",,"G",2,"A",,"G",2,"A",,1
364627,"A",,"R",342208,"A",,"G",380,"A",,"G",380,"A",,1
364636,"A",,"R",62450,"A",,"G",69,"A",,"G",69,"A",,1
364751,"A",,"R",96320,"A",,"G",107,"A",,"G",107,"A",,1
364760,"A",,"R",178500,"A",,"G",198,"A",,"G",198,"A",,1
364812,"A",,"R",180120,"A",,"G",200,"A",,"G",200,"A",,1
364885,"R",57648,"A",,"A",,"G",1281,"A",,"G",1281,"A",,2
364946,"A",,"R",615812,"A",,"G",684,"A",,"G",684,"A",,1
364955,"R",45362,"A",,"A",,"G",1512,"A",,"G",1512,"A",,2
364964,"A",,"R",111846,"A",,"G",124,"A",,"G",124,"A",,1
364973,"R",40696,"A",,"A",,"G",1357,"A",,"G",1357,"A",,2
365055,"R",65391,"A",,"A",,"G",1453,"A",,"G",1453,"A",,2
365073,"A",,"R",104171,"A",,"G",116,"A",,"R",132,"A",,1
365091,"A",,"R",303600,"A",,"G",337,"A",,"G",337,"A",,1
365107,"A",,"R",45000,"A",,"G",50,"A",,"G",50,"A",,1
365125,"A",,"R",239066,"A",,"G",266,"A",,"R",249,"A",,1
365198,"A",,"R",368501,"A",,"G",409,"A",,"G",409,"A",,1
365204,"A",,"R",449100,"A",,"G",499,"A",,"G",499,"A",,1
365213,"A",,"R",483685,"A",,"G",537,"A",,"G",537,"A",,1
365240,"A",,"R",90540,"A",,"G",101,"A",,"G",101,"A",,1
365374,"A",,"R",831600,"A",,"G",924,"A",,"G",924,"A",,1
365383,"A",,"R",155700,"A",,"G",173,"A",,"G",173,"A",,1
365426,"A",,"A",,"R",9557,"A",,"G",265,"A",,"G",265,2
365453,"A",,"R",61800,"A",,"G",69,"A",,"G",69,"A",,1
365480,"A",,"R",505374,"A",,"G",562,"A",,"G",562,"A",,1
365505,"A",,"R",69012,"A",,"G",77,"A",,"G",77,"A",,1
365569,"A",,"R",46500,"A",,"G",52,"A",,"G",52,"A",,1
365693,"A",,"R",104168,"A",,"G",116,"A",,"G",116,"A",,1
365824,"R",5184,"A",,"A",,"G",173,"A",,"G",173,"A",,2
365833,"R",6372,"A",,"A",,"G",212,"A",,"G",212,"A",,2
365930,"R",2887,"A",,"A",,"G",96,"A",,"R",64,"A",,2
366155,"A",,"R",50000,"A",,"G",56,"A",,"G",56,"A",,1
366191,"R",151291,"A",,"A",,"G",5043,"A",,"G",5043,"A",,2
366252,"R",179474,"A",,"A",,"G",5982,"A",,"G",5982,"A",,2
366261,"R",9501,"A",,"A",,"G",211,"A",,"G",211,"A",,2
366270,"A",,"R",699704,"A",,"G",777,"A",,"G",777,"A",,1
366289,"R",3733,"A",,"A",,"G",124,"A",,"G",124,"A",,2
366340,"R",25290,"A",,"A",,"G",843,"A",,"G",843,"A",,2
366368,"A",,"A",,"R",3200,"A",,"G",133,"A",,"G",133,2
366395,"R",473756,"A",,"A",,"G",15792,"A",,"G",15792,"A",,2
366401,"R",133936,"R",18182,"A",,"G",4485,"A",,"G",4485,"A",,3
366438,"A",,"R",92800,"A",,"G",103,"A",,"G",103,"A",,1
366447,"R",37310,"A",,"A",,"G",829,"A",,"G",829,"A",,2
366456,"R",70046,"A",,"A",,"G",1557,"A",,"G",1557,"A",,2
366465,"R",73809,"A",,"A",,"G",1640,"A",,"G",1640,"A",,2
366535,"R",23776,"A",,"A",,"G",528,"A",,"G",528,"A",,2
366544,"R",2472,"R",208320,"A",,"G",286,"A",,"R",385,"A",,3
366553,"R",82772,"A",,"A",,"G",1839,"A",,"G",1839,"A",,2
366571,"R",1858,"A",,"A",,"G",62,"A",,"R",40,"A",,2
366580,"R",12328,"A",,"A",,"G",274,"A",,"G",274,"A",,2
366605,"A",,"A",,"R",2460,"A",,"G",103,"A",,"R",82,2
366623,"A",,"R",33075,"A",,"G",37,"A",,"G",37,"A",,1
366632,"A",,"R",1500,"A",,"G",2,"A",,"G",2,"A",,1
366650,"R",29608,"A",,"A",,"G",658,"A",,"G",658,"A",,2
366678,"R",31252,"A",,"A",,"G",694,"A",,"G",694,"A",,2
366696,"R",16392,"A",,"A",,"G",364,"A",,"G",364,"A",,2
366711,"R",201508,"A",,"R",28872,"G",6717,"G",1203,"G",6717,"G",1203,2
366748,"R",1485,"A",,"R",7773,"G",50,"G",324,"G",50,"G",324,2
366784,"Z",,"A",,"R",1678,"A",,"G",70,"A",,"G",70,2
366793,"A",,"A",,"R",275,"A",,"G",11,"A",,"G",11,2
366960,"R",27392,"A",,"A",,"G",913,"A",,"G",913,"A",,2
367024,"R",38148,"A",,"A",,"G",848,"A",,"R",1272,"A",,2
367051,"A",,"R",130150,"A",,"G",145,"A",,"G",145,"A",,1
367088,"A",,"R",43414,"A",,"G",48,"A",,"G",48,"A",,1
367097,"A",,"R",107136,"A",,"G",119,"A",,"G",119,"A",,1
367103,"R",3570,"A",,"A",,"G",119,"A",,"G",119,"A",,2
367112,"R",37288,"A",,"A",,"G",829,"A",,"G",829,"A",,2
367130,"A",,"R",179875,"A",,"G",200,"A",,"G",200,"A",,1
367158,"R",4176,"A",,"A",,"G",139,"A",,"G",139,"A",,2
367176,"A",,"R",194400,"A",,"G",216,"A",,"G",216,"A",,1
367194,"R",15804,"A",,"A",,"G",527,"A",,"G",527,"A",,2
367264,"A",,"R",325440,"A",,"G",362,"A",,"G",362,"A",,1
367316,"A",,"R",210150,"A",,"G",234,"A",,"G",234,"A",,1
367334,"A",,"R",169973,"A",,"G",189,"A",,"G",189,"A",,1
367343,"A",,"R",54605,"A",,"G",61,"A",,"G",61,"A",,1
367361,"A",,"R",21190,"A",,"G",24,"A",,"G",24,"A",,1
367398,"A",,"R",221300,"A",,"G",246,"A",,"G",246,"A",,1
367413,"R",52389,"A",,"A",,"G",1746,"A",,"G",1746,"A",,2
367431,"A",,"R",32430,"A",,"G",36,"A",,"G",36,"A",,1
367459,"R",107419,"A",,"A",,"G",3581,"A",,"G",3581,"A",,2
367662,"A",,"R",99515,"A",,"G",111,"A",,"G",111,"A",,1
367723,"R",831,"A",,"A",,"G",28,"A",,"G",28,"A",,2
367839,"R",9423,"A",,"A",,"G",314,"A",,"G",314,"A",,2
367875,"R",0,"R",138136,"A",,"G",153,"A",,"G",153,"A",,3
367884,"R",42972,"A",,"R",3340,"G",1432,"G",139,"G",1432,"G",139,2
367893,"R",1160,"A",,"R",748,"G",39,"G",31,"G",39,"G",31,2
367909,"R",36088,"R",118240,"R",372,"G",933,"G",10,"R",1165,"R",10,3
367936,"R",4839,"A",,"R",37268,"G",161,"G",1553,"G",161,"G",1553,2
367972,"A",,"R",195300,"A",,"G",217,"A",,"G",217,"A",,1
367981,"A",,"R",153576,"A",,"G",171,"A",,"G",171,"A",,1
368036,"A",,"R",50585,"A",,"G",56,"A",,"G",56,"A",,1
368160,"A",,"R",69817,"A",,"G",78,"A",,"G",78,"A",,1
368188,"A",,"R",283500,"A",,"G",315,"A",,"G",315,"A",,1
368203,"A",,"R",160500,"A",,"G",178,"A",,"G",178,"A",,1
368230,"A",,"R",126949,"A",,"G",141,"A",,"G",141,"A",,1
368364,"A",,"R",173452,"A",,"G",193,"A",,"G",193,"A",,1
368407,"A",,"R",45000,"A",,"G",50,"A",,"G",50,"A",,1
368443,"R",22818,"A",,"A",,"G",507,"A",,"G",507,"A",,2
368452,"R",17734,"A",,"A",,"G",591,"A",,"G",591,"A",,2
368540,"A",,"R",54000,"A",,"G",60,"A",,"G",60,"A",,1
368601,"R",32072,"A",,"A",,"G",713,"A",,"G",713,"A",,2
368629,"A",,"R",249700,"A",,"G",277,"A",,"G",277,"A",,1
368771,"R",720,"A",,"A",,"G",24,"A",,"G",24,"A",,2
368780,"A",,"R",115230,"A",,"G",128,"A",,"G",128,"A",,1
368799,"A",,"R",342484,"A",,"G",381,"A",,"G",381,"A",,1
368805,"R",316,"R",374788,"A",,"G",427,"A",,"R",537,"A",,3
368832,"A",,"R",48409,"A",,"G",54,"A",,"G",54,"A",,1
368911,"R",34233,"A",,"A",,"G",761,"A",,"G",761,"A",,2
368993,"A",,"R",65408,"A",,"G",73,"A",,"G",73,"A",,1
369020,"A",,"R",36000,"A",,"G",40,"A",,"G",40,"A",,1
369084,"R",28008,"A",,"A",,"G",622,"A",,"G",622,"A",,2
369109,"A",,"R",75264,"A",,"G",84,"A",,"G",84,"A",,1
369172,"R",102858,"A",,"A",,"G",3429,"A",,"G",3429,"A",,2
369181,"R",19386,"A",,"A",,"G",646,"A",,"G",646,"A",,2
369400,"R",177907,"A",,"A",,"G",5930,"A",,"G",5930,"A",,2
369419,"A",,"R",1163700,"A",,"G",1293,"A",,"G",1293,"A",,1
369446,"A",,"R",205279,"A",,"G",228,"A",,"G",228,"A",,1
369455,"R",6300,"A",,"A",,"G",140,"A",,"G",140,"A",,2
369516,"R",14350,"A",,"A",,"G",319,"A",,"G",319,"A",,2
369622,"A",,"R",62300,"A",,"G",69,"A",,"G",69,"A",,1
369659,"A",,"A",,"R",11839,"A",,"G",329,"A",,"R",205,2
369668,"A",,"R",148800,"A",,"G",165,"A",,"G",165,"A",,1
369686,"A",,"R",192587,"A",,"G",214,"A",,"G",214,"A",,1
369695,"A",,"R",118943,"A",,"G",132,"A",,"G",132,"A",,1
369783,"A",,"R",497400,"A",,"G",553,"A",,"R",658,"A",,1
369792,"A",,"R",26282,"A",,"G",29,"A",,"R",17,"A",,1
369817,"A",,"A",,"R",1654,"A",,"G",46,"A",,"G",46,2
369853,"R",17760,"A",,"A",,"G",395,"A",,"G",395,"A",,2
369862,"R",12336,"A",,"A",,"G",274,"A",,"G",274,"A",,2
369905,"A",,"R",324360,"A",,"G",360,"A",,"G",360,"A",,1
369950,"A",,"R",79180,"A",,"G",88,"A",,"G",88,"A",,1
371034,"A",,"R",43200,"A",,"G",48,"A",,"G",48,"A",,1
371052,"A",,"R",654680,"A",,"G",727,"A",,"G",727,"A",,1
371140,"A",,"R",77100,"A",,"G",86,"A",,"G",86,"A",,1
371265,"A",,"R",982408,"A",,"G",1092,"A",,"R",1297,"A",,1
371690,"A",,"R",38400,"A",,"G",43,"A",,"G",43,"A",,1
371760,"R",20416,"A",,"A",,"G",454,"A",,"G",454,"A",,2
371779,"R",25805,"A",,"A",,"G",573,"A",,"G",573,"A",,2
371830,"A",,"R",46440,"A",,"G",52,"A",,"R",52,"A",,1
371928,"A",,"R",483962,"A",,"G",538,"A",,"R",395,"A",,1
371964,"A",,"R",491175,"A",,"G",546,"A",,"G",546,"A",,1
371982,"A",,"R",1459306,"A",,"G",1621,"A",,"R",2026,"A",,1
372000,"P",,"P",80093,"P",0,"P",89,"P",0,"P",89,"P",0,1
372028,"A",,"R",152064,"A",,"G",169,"A",,"G",169,"A",,1
372037,"R",592,"R",474568,"A",,"G",547,"A",,"R",675,"A",,3
372073,"A",,"R",168350,"A",,"G",187,"A",,"G",187,"A",,1
372082,"A",,"R",474748,"A",,"G",527,"A",,"G",527,"A",,1
372143,"A",,"R",477755,"A",,"G",531,"A",,"G",531,"A",,1
372213,"R",3536653,"A",,"R",875751,"G",117888,"G",36490,"R",180164,"R",59747,2
372222,"R",51758,"A",,"R",14891,"G",1725,"G",620,"R",2984,"R",1073,2
372240,"A",,"R",29621,"A",,"G",33,"A",,"G",33,"A",,1
372329,"R",18900,"A",,"A",,"G",420,"A",,"G",420,"A",,2
372356,"R",3402,"A",,"A",,"G",113,"A",,"G",113,"A",,2
372462,"A",,"R",132400,"A",,"G",147,"A",,"G",147,"A",,1
372480,"R",12223,"A",,"A",,"G",407,"A",,"G",407,"A",,2
372523,"A",,"R",783520,"A",,"G",871,"A",,"R",1087,"A",,1
372578,"R",21120,"A",,"A",,"G",469,"A",,"G",469,"A",,2
372718,"A",,"R",131371,"A",,"G",146,"A",,"G",146,"A",,1
372772,"R",21288,"A",,"A",,"G",710,"A",,"G",710,"A",,2
372921,"A",,"R",908170,"A",,"G",1009,"A",,"G",1009,"A",,1
372958,"R",33486,"A",,"A",,"G",744,"A",,"G",744,"A",,2
373058,"R",13932,"A",,"A",,"G",310,"A",,"G",310,"A",,2
373085,"R",6816,"A",,"A",,"G",151,"A",,"G",151,"A",,2
373119,"A",,"R",139462,"A",,"G",155,"A",,"G",155,"A",,1
373216,"A",,"R",313393,"A",,"G",348,"A",,"G",348,"A",,1
373340,"A",,"R",99562,"A",,"G",111,"A",,"G",111,"A",,1
373447,"R",940,"A",,"A",,"G",31,"A",,"G",31,"A",,2
373526,"A",,"R",173745,"A",,"G",193,"A",,"G",193,"A",,1
373605,"A",,"R",66000,"A",,"G",73,"A",,"G",73,"A",,1
373678,"A",,"R",131671,"A",,"G",146,"A",,"G",146,"A",,1
373696,"A",,"R",90969,"A",,"G",101,"A",,"G",101,"A",,1
373711,"A",,"R",56470,"A",,"G",63,"A",,"R",58,"A",,1
373784,"A",,"R",903600,"A",,"G",1004,"A",,"G",1004,"A",,1
373827,"R",8706,"A",,"A",,"G",290,"A",,"G",290,"A",,2
373890,"A",,"R",582880,"A",,"G",648,"A",,"R",799,"A",,1
374024,"A",,"A",,"R",3474,"A",,"G",97,"A",,"G",97,2
374112,"A",,"R",33759,"A",,"G",38,"A",,"G",38,"A",,1
374291,"A",,"R",68287,"A",,"G",76,"A",,"G",76,"A",,1
374316,"A",,"R",136102,"A",,"G",151,"A",,"G",151,"A",,1
374440,"A",,"R",3000,"A",,"G",3,"A",,"G",3,"A",,1
374574,"A",,"R",145200,"A",,"G",161,"A",,"G",161,"A",,1
374592,"A",,"R",94402,"A",,"G",105,"A",,"G",105,"A",,1
374680,"A",,"R",39000,"A",,"G",43,"A",,"G",43,"A",,1
374875,"R",22735,"A",,"A",,"G",758,"A",,"G",758,"A",,2
374927,"A",,"R",104038,"A",,"G",116,"A",,"G",116,"A",,1
374972,"R",20353,"A",,"A",,"G",678,"A",,"G",678,"A",,2
374990,"A",,"R",91179,"A",,"G",101,"A",,"G",101,"A",,1
375106,"A",,"R",64659,"A",,"G",72,"A",,"G",72,"A",,1
375230,"R",5700,"A",,"A",,"G",190,"A",,"G",190,"A",,2
375300,"A",,"R",468900,"A",,"G",521,"A",,"G",521,"A",,1
375319,"A",,"R",210600,"A",,"G",234,"A",,"G",234,"A",,1
375373,"A",,"R",118800,"A",,"G",132,"A",,"G",132,"A",,1
375407,"A",,"R",42366,"A",,"G",47,"A",,"G",47,"A",,1
375416,"R",37593,"A",,"A",,"G",1253,"A",,"G",1253,"A",,2
375489,"R",41774,"A",,"A",,"G",928,"A",,"G",928,"A",,2
375540,"A",,"R",50200,"A",,"G",56,"A",,"G",56,"A",,1
375559,"A",,"R",100500,"A",,"G",112,"A",,"G",112,"A",,1
375568,"A",,"R",16912,"A",,"G",19,"A",,"G",19,"A",,1
375647,"R",14429,"A",,"A",,"G",481,"A",,"R",268,"A",,2
375656,"A",,"R",75724,"A",,"G",84,"A",,"G",84,"A",,1
375683,"A",,"R",501652,"A",,"G",557,"A",,"G",557,"A",,1
375692,"A",,"R",89000,"A",,"G",99,"A",,"G",99,"A",,1
375708,"A",,"R",105000,"A",,"G",117,"A",,"G",117,"A",,1
375717,"A",,"R",170000,"A",,"G",189,"A",,"G",189,"A",,1
375726,"A",,"R",89775,"A",,"G",100,"A",,"G",100,"A",,1
375735,"A",,"R",223944,"A",,"G",249,"A",,"G",249,"A",,1
375744,"A",,"R",262964,"A",,"G",292,"A",,"G",292,"A",,1
375753,"A",,"R",25060,"A",,"G",28,"A",,"R",24,"A",,1
375762,"A",,"R",26612,"A",,"G",30,"A",,"G",30,"A",,1
375841,"R",70049,"A",,"A",,"G",2335,"A",,"G",2335,"A",,2
375902,"A",,"R",14850,"A",,"G",17,"A",,"R",12,"A",,1
375939,"R",19812,"A",,"A",,"G",660,"A",,"G",660,"A",,2
375948,"A",,"R",1015500,"A",,"G",1128,"A",,"G",1128,"A",,1
375966,"A",,"R",119100,"A",,"G",132,"A",,"G",132,"A",,1
375984,"A",,"R",388912,"A",,"G",432,"A",,"G",432,"A",,1
376039,"R",2800,"A",,"A",,"G",62,"A",,"G",62,"A",,2
376136,"R",12482,"R",241886,"A",,"G",685,"A",,"G",685,"A",,3
376224,"R",23160,"A",,"A",,"G",772,"A",,"G",772,"A",,2
376242,"A",,"R",358200,"A",,"G",398,"A",,"G",398,"A",,1
376288,"R",3360,"A",,"A",,"G",112,"A",,"G",112,"A",,2
376321,"R",29472,"A",,"A",,"G",982,"A",,"G",982,"A",,2
376330,"R",27680,"A",,"A",,"G",615,"A",,"R",762,"A",,2
376349,"A",,"R",257700,"A",,"G",286,"A",,"G",286,"A",,1
376385,"R",42526,"A",,"A",,"G",1418,"A",,"G",1418,"A",,2
376446,"A",,"R",155620,"A",,"G",173,"A",,"G",173,"A",,1
376631,"A",,"R",32291,"A",,"G",36,"A",,"G",36,"A",,1
376668,"A",,"R",79200,"A",,"G",88,"A",,"G",88,"A",,1
376677,"A",,"R",100654,"A",,"G",112,"A",,"G",112,"A",,1
376695,"R",18282,"A",,"A",,"G",609,"A",,"R",647,"A",,2
376710,"A",,"R",117085,"A",,"G",130,"A",,"G",130,"A",,1
376950,"A",,"R",71000,"A",,"G",79,"A",,"G",79,"A",,1
376987,"A",,"R",117000,"A",,"G",130,"A",,"G",130,"A",,1
377069,"R",26636,"A",,"A",,"G",592,"A",,"G",592,"A",,2
377111,"R",32314,"A",,"A",,"G",1077,"A",,"G",1077,"A",,2
377193,"A",,"R",51330,"A",,"G",57,"A",,"G",57,"A",,1
377218,"A",,"R",53650,"A",,"G",60,"A",,"R",74,"A",,1
377236,"A",,"R",17712,"A",,"G",20,"A",,"G",20,"A",,1
377272,"A",,"R",32700,"A",,"G",36,"A",,"G",36,"A",,1
377281,"A",,"R",50400,"A",,"G",56,"A",,"G",56,"A",,1
377315,"A",,"R",120060,"A",,"G",133,"A",,"G",133,"A",,1
377342,"R",5280,"A",,"A",,"G",176,"A",,"G",176,"A",,2
377403,"A",,"R",85500,"A",,"G",95,"A",,"G",95,"A",,1
377421,"R",9636,"R",100356,"A",,"G",433,"A",,"G",433,"A",,3
377449,"R",5150,"A",,"A",,"G",172,"A",,"G",172,"A",,2
377458,"R",21413,"A",,"A",,"G",714,"A",,"R",724,"A",,2
377485,"A",,"R",25344,"A",,"G",28,"A",,"G",28,"A",,1
377546,"R",3976,"A",,"A",,"G",133,"A",,"G",133,"A",,2
377555,"R",58605,"A",,"R",6395,"G",1302,"G",178,"R",1302,"R",213,2
377564,"R",70774,"A",,"R",12181,"G",1573,"G",338,"R",1573,"R",406,2
377634,"R",406,"A",,"A",,"G",14,"A",,"G",14,"A",,2
377643,"A",,"R",113600,"A",,"G",126,"A",,"R",117,"A",,1
377652,"R",4207,"A",,"A",,"G",140,"A",,"G",140,"A",,2
377661,"R",3046,"A",,"A",,"G",102,"A",,"G",102,"A",,2
377670,"R",892,"A",,"A",,"G",30,"A",,"G",30,"A",,2
377722,"A",,"R",321434,"A",,"G",357,"A",,"G",357,"A",,1
377759,"R",3660,"A",,"A",,"G",122,"A",,"G",122,"A",,2
378105,"A",,"R",124571,"A",,"G",138,"A",,"G",138,"A",,1
378406,"R",30544,"A",,"A",,"G",679,"A",,"G",679,"A",,2
378576,"R",317,"R",14511,"R",12077,"G",27,"G",503,"G",27,"G",503,3
378886,"A",,"R",100635,"A",,"G",112,"A",,"G",112,"A",,1
378956,"A",,"R",381640,"A",,"G",424,"A",,"G",424,"A",,1
379029,"R",23122,"A",,"A",,"G",771,"A",,"G",771,"A",,2
379135,"A",,"R",319500,"A",,"G",355,"A",,"G",355,"A",,1
379463,"A",,"R",215400,"A",,"G",239,"A",,"G",239,"A",,1
379621,"A",,"R",114633,"A",,"G",127,"A",,"G",127,"A",,1
379685,"A",,"R",283500,"A",,"G",315,"A",,"R",315,"A",,1
379782,"R",7848,"A",,"R",3138,"G",262,"G",131,"R",126,"R",67,2
380067,"A",,"R",73500,"A",,"G",82,"A",,"G",82,"A",,1
380094,"R",38625,"A",,"A",,"G",858,"A",,"G",858,"A",,2
380359,"R",11700,"A",,"A",,"G",390,"A",,"G",390,"A",,2
380368,"R",35379,"A",,"A",,"G",1179,"A",,"G",1179,"A",,2
380377,"R",30164,"A",,"A",,"G",670,"A",,"R",838,"A",,2
380401,"A",,"R",257086,"A",,"G",286,"A",,"G",286,"A",,1
380410,"A",,"R",275000,"A",,"G",306,"A",,"G",306,"A",,1
380438,"R",21761,"A",,"A",,"G",484,"A",,"G",484,"A",,2
380447,"A",,"R",107184,"A",,"G",119,"A",,"G",119,"A",,1
380456,"A",,"R",335477,"A",,"G",373,"A",,"G",373,"A",,1
380465,"R",53536,"A",,"R",26704,"G",1785,"G",1113,"R",2765,"R",1812,2
380474,"R",816,"A",,"A",,"G",27,"A",,"G",27,"A",,2
381237,"A",,"R",86760,"A",,"G",96,"A",,"G",96,"A",,1
381255,"A",,"R",192240,"A",,"G",214,"A",,"G",214,"A",,1
381282,"A",,"R",198720,"A",,"G",221,"A",,"G",221,"A",,1
381325,"A",,"R",234540,"A",,"G",261,"A",,"G",261,"A",,1
381334,"A",,"R",138880,"A",,"G",154,"A",,"G",154,"A",,1
381352,"A",,"A",,"R",4140,"A",,"G",173,"A",,"G",173,2
381361,"A",,"R",27720,"A",,"G",31,"A",,"G",31,"A",,1
381370,"A",,"R",369096,"A",,"G",410,"A",,"G",410,"A",,1
381404,"A",,"R",189466,"A",,"G",211,"A",,"G",211,"A",,1
381459,"A",,"A",,"R",1066,"A",,"G",44,"A",,"G",44,2
381486,"A",,"R",32826,"A",,"G",36,"A",,"G",36,"A",,1
381529,"R",29349,"A",,"A",,"G",652,"A",,"G",652,"A",,2
381617,"R",51843,"A",,"R",65,"G",1152,"G",2,"G",1152,"G",2,2
381635,"A",,"R",107204,"A",,"G",119,"A",,"G",119,"A",,1
381644,"A",,"R",111360,"A",,"G",124,"A",,"G",124,"A",,1
381699,"R",1500,"A",,"A",,"G",50,"A",,"G",50,"A",,2
381705,"R",1230,"A",,"A",,"G",41,"A",,"G",41,"A",,2
381732,"R",3873,"R",111317,"A",,"G",210,"A",,"G",210,"A",,3
381741,"R",9602,"A",,"A",,"G",213,"A",,"G",213,"A",,2
381750,"R",5133,"A",,"A",,"G",171,"A",,"G",171,"A",,2
381787,"A",,"R",244143,"A",,"G",271,"A",,"R",271,"A",,1
381796,"R",12126,"A",,"A",,"G",404,"A",,"G",404,"A",,2
381909,"R",47160,"A",,"A",,"G",1048,"A",,"G",1048,"A",,2
381945,"A",,"R",90909,"A",,"G",101,"A",,"R",126,"A",,1
382027,"R",9000,"A",,"A",,"G",300,"A",,"G",300,"A",,2
382054,"R",3593,"A",,"A",,"G",120,"A",,"G",120,"A",,2
382063,"R",24333,"A",,"R",34024,"G",811,"G",1418,"R",1331,"R",2091,2
382258,"A",,"R",185850,"A",,"G",207,"A",,"G",207,"A",,1
382267,"A",,"R",149084,"A",,"G",166,"A",,"G",166,"A",,1
382276,"A",,"R",230000,"A",,"G",256,"A",,"G",256,"A",,1
382382,"A",,"R",87300,"A",,"G",97,"A",,"G",97,"A",,1
382461,"A",,"R",68936,"A",,"G",77,"A",,"G",77,"A",,1
382504,"R",22260,"A",,"A",,"G",742,"A",,"G",742,"A",,2
382771,"R",17440,"A",,"A",,"G",388,"A",,"G",388,"A",,2
382780,"A",,"R",309720,"A",,"G",344,"A",,"G",344,"A",,1
382896,"A",,"R",300500,"A",,"G",334,"A",,"G",334,"A",,1
382902,"A",,"R",123360,"A",,"G",137,"A",,"G",137,"A",,1
382911,"A",,"R",56048,"A",,"G",62,"A",,"G",62,"A",,1
382957,"A",,"R",86042,"A",,"G",96,"A",,"R",142,"A",,1
383020,"A",,"A",,"R",6120,"A",,"G",170,"A",,"G",170,2
383084,"A",,"R",3750000,"A",,"G",4167,"A",,"G",4167,"A",,1
383163,"A",,"R",164700,"A",,"G",183,"A",,"G",183,"A",,1
383172,"A",,"R",31800,"A",,"G",35,"A",,"G",35,"A",,1
383190,"R",41939,"A",,"A",,"G",1398,"A",,"G",1398,"A",,2
383251,"A",,"R",250500,"A",,"G",278,"A",,"G",278,"A",,1
383279,"A",,"R",84874,"A",,"G",94,"A",,"G",94,"A",,1
383297,"A",,"R",209632,"A",,"G",233,"A",,"G",233,"A",,1
383312,"A",,"R",140400,"A",,"G",156,"A",,"G",156,"A",,1
383330,"A",,"R",124845,"A",,"G",139,"A",,"G",139,"A",,1
383367,"A",,"R",145060,"A",,"G",161,"A",,"G",161,"A",,1
383400,"R",2336,"A",,"A",,"G",52,"A",,"G",52,"A",,2
383464,"A",,"R",36000,"A",,"G",40,"A",,"G",40,"A",,1
383507,"R",876,"A",,"A",,"G",29,"A",,"G",29,"A",,2
383525,"A",,"R",377850,"A",,"G",420,"A",,"G",420,"A",,1
383765,"A",,"R",186693,"A",,"G",207,"A",,"G",207,"A",,1
383792,"A",,"R",285500,"A",,"G",317,"A",,"G",317,"A",,1
383899,"A",,"R",389370,"A",,"G",433,"A",,"G",433,"A",,1
383950,"A",,"R",184194,"A",,"G",205,"A",,"G",205,"A",,1
383996,"R",10732,"A",,"A",,"G",358,"A",,"G",358,"A",,2
384184,"A",,"R",333607,"A",,"G",371,"A",,"G",371,"A",,1
384193,"R",12279,"A",,"A",,"G",409,"A",,"G",409,"A",,2
384209,"A",,"R",1597500,"A",,"G",1775,"A",,"G",1775,"A",,1
384254,"R",3486,"A",,"A",,"G",116,"A",,"G",116,"A",,2
384306,"A",,"A",,"R",3971,"A",,"G",165,"A",,"R",110,2
384333,"R",91334,"A",,"A",,"G",3044,"A",,"G",3044,"A",,2
384342,"R",97915,"A",,"A",,"G",3264,"A",,"G",3264,"A",,2
384360,"R",56696,"A",,"A",,"G",1260,"A",,"G",1260,"A",,2
384379,"R",39574,"A",,"A",,"G",879,"A",,"G",879,"A",,2
384388,"R",22935,"A",,"A",,"G",510,"A",,"G",510,"A",,2
384397,"R",31254,"A",,"A",,"G",695,"A",,"G",695,"A",,2
384412,"R",6615,"A",,"A",,"G",221,"A",,"G",221,"A",,2
384421,"R",930,"A",,"A",,"G",31,"A",,"G",31,"A",,2
385008,"R",28800,"A",,"A",,"G",960,"A",,"G",960,"A",,2
385132,"A",,"R",103920,"A",,"G",115,"A",,"G",115,"A",,1
385503,"A",,"R",242979,"A",,"G",270,"A",,"G",270,"A",,1
385549,"A",,"R",467700,"A",,"G",520,"A",,"G",520,"A",,1
385619,"R",20253,"A",,"R",1443,"G",675,"G",60,"G",675,"G",60,2
385929,"A",,"R",48000,"A",,"G",53,"A",,"G",53,"A",,1
386153,"R",15804,"A",,"A",,"G",527,"A",,"R",419,"A",,2
386472,"R",6739,"A",,"A",,"G",225,"A",,"G",225,"A",,2
387235,"A",,"R",9920,"A",,"G",11,"A",,"G",11,"A",,1
387660,"A",,"R",2800,"A",,"G",3,"A",,"G",3,"A",,1
387819,"A",,"R",183000,"A",,"G",203,"A",,"G",203,"A",,1
387925,"R",9120,"A",,"A",,"G",304,"A",,"G",304,"A",,2
388043,"R",28400,"A",,"A",,"G",631,"A",,"G",631,"A",,2
388098,"A",,"R",14160,"A",,"G",16,"A",,"G",16,"A",,1
388520,"R",21248,"A",,"A",,"G",708,"A",,"G",708,"A",,2
388663,"A",,"R",83340,"A",,"G",93,"A",,"G",93,"A",,1
388681,"A",,"R",63000,"A",,"G",70,"A",,"G",70,"A",,1
389727,"R",9959,"A",,"A",,"G",221,"A",,"G",221,"A",,2
389860,"A",,"R",211396,"A",,"G",235,"A",,"G",235,"A",,1
390394,"A",,"R",231000,"A",,"G",257,"A",,"G",257,"A",,1
390701,"R",171188,"A",,"R",1528,"G",3804,"G",42,"G",3804,"G",42,2
390905,"A",,"R",81820,"A",,"G",91,"A",,"G",91,"A",,1
391005,"A",,"R",184102,"A",,"G",205,"A",,"G",205,"A",,1
391333,"A",,"R",20400,"A",,"G",23,"A",,"G",23,"A",,1
391546,"A",,"R",96560,"A",,"G",107,"A",,"G",107,"A",,1
391564,"R",2750,"A",,"A",,"G",92,"A",,"G",92,"A",,2
391582,"R",33163,"A",,"A",,"G",1105,"A",,"G",1105,"A",,2
391616,"A",,"R",129600,"A",,"G",144,"A",,"G",144,"A",,1
391759,"A",,"R",900,"A",,"G",1,"A",,"G",1,"A",,1
391810,"A",,"R",61102,"A",,"G",68,"A",,"G",68,"A",,1
392257,"A",,"R",415817,"A",,"G",462,"A",,"G",462,"A",,1
392354,"A",,"R",18760,"A",,"G",21,"A",,"G",21,"A",,1
392415,"R",24869,"A",,"A",,"G",829,"A",,"G",829,"A",,2
392798,"A",,"R",124500,"A",,"G",138,"A",,"G",138,"A",,1
392840,"R",7472,"A",,"R",114,"G",249,"G",5,"R",311,"R",5,2
393180,"A",,"R",441600,"A",,"G",491,"A",,"G",491,"A",,1
393524,"A",,"R",170396,"A",,"G",189,"A",,"G",189,"A",,1
393649,"R",4200,"A",,"A",,"G",93,"A",,"G",93,"A",,2
393861,"A",,"R",272962,"A",,"G",303,"A",,"G",303,"A",,1
393977,"A",,"R",58245,"A",,"G",65,"A",,"G",65,"A",,1
394679,"A",,"R",169627,"A",,"G",188,"A",,"G",188,"A",,1
395362,"R",25813,"R",19965,"A",,"G",883,"A",,"G",883,"A",,3
395690,"A",,"R",162000,"A",,"G",180,"A",,"R",140,"A",,1
395733,"R",2410,"A",,"A",,"G",80,"A",,"G",80,"A",,2
396310,"A",,"R",36320,"A",,"G",40,"A",,"G",40,"A",,1
397270,"A",,"R",4160,"A",,"G",5,"A",,"R",6,"A",,1
397641,"A",,"R",496800,"A",,"G",552,"A",,"G",552,"A",,1
397942,"R",4546,"A",,"A",,"G",152,"A",,"G",152,"A",,2
398130,"R",25529,"A",,"A",,"G",567,"A",,"G",567,"A",,2
398574,"A",,"R",1297346,"A",,"G",1441,"A",,"G",1441,"A",,1
399212,"R",202128,"R",130149,"A",,"G",6882,"A",,"G",6882,"A",,3
399869,"R",14181,"A",,"A",,"G",473,"A",,"G",473,"A",,2
399911,"R",12670,"A",,"R",144,"G",422,"G",6,"G",422,"G",6,2
400080,"A",,"R",1828306,"A",,"G",2031,"A",,"G",2031,"A",,1
400187,"A",,"R",413356,"A",,"G",459,"A",,"G",459,"A",,1
400637,"R",31438,"A",,"A",,"G",1048,"A",,"G",1048,"A",,2
401223,"R",2602,"A",,"R",1044,"G",87,"G",44,"G",87,"G",44,2
401250,"A",,"A",,"R",4252,"A",,"G",177,"A",,"R",122,2
401481,"A",,"R",116850,"A",,"G",130,"A",,"G",130,"A",,1
402563,"A",,"R",525836,"A",,"G",584,"A",,"G",584,"A",,1
402615,"R",41046,"A",,"R",3044,"G",912,"G",85,"G",912,"G",85,2
402633,"R",2823,"A",,"A",,"G",94,"A",,"G",94,"A",,2
402776,"R",8395,"A",,"A",,"G",280,"A",,"G",280,"A",,2
402800,"A",,"R",322528,"A",,"G",358,"A",,"G",358,"A",,1
402828,"A",,"A",,"R",1420,"A",,"G",59,"A",,"G",59,2
403405,"A",,"R",108900,"A",,"G",121,"A",,"G",121,"A",,1
403414,"A",,"R",60000,"A",,"G",67,"A",,"G",67,"A",,1
403469,"R",28607,"A",,"A",,"G",954,"A",,"G",954,"A",,2
403478,"R",36850,"A",,"A",,"G",1228,"A",,"G",1228,"A",,2
403487,"R",69759,"A",,"A",,"G",2325,"A",,"G",2325,"A",,2
404055,"A",,"R",203592,"A",,"G",226,"A",,"G",226,"A",,1
404073,"R",107719,"A",,"R",629,"G",2394,"G",17,"G",2394,"G",17,2
404082,"R",157259,"A",,"R",350,"G",3495,"G",10,"G",3495,"G",10,2
404329,"R",744,"A",,"A",,"G",17,"A",,"G",17,"A",,2
404338,"R",2804,"A",,"R",2842,"G",93,"G",118,"G",93,"G",118,2
404365,"R",20628,"A",,"A",,"G",458,"A",,"G",458,"A",,2
404374,"R",11340,"R",105800,"A",,"G",370,"A",,"G",370,"A",,3
404383,"R",43236,"A",,"A",,"G",961,"A",,"G",961,"A",,2
404426,"R",61566,"A",,"A",,"G",2052,"A",,"G",2052,"A",,2
404499,"R",19824,"A",,"A",,"G",661,"A",,"G",661,"A",,2
404505,"R",15270,"R",0,"A",,"G",509,"A",,"G",509,"A",,3
404514,"R",23606,"A",,"A",,"G",787,"A",,"G",787,"A",,2
404648,"R",45943,"A",,"R",160,"G",1021,"G",4,"G",1021,"G",4,2
404657,"A",,"A",,"R",1095,"A",,"G",46,"A",,"G",46,2
404684,"R",13113,"A",,"A",,"G",437,"A",,"G",437,"A",,2
404718,"A",,"R",37500,"A",,"G",42,"A",,"G",42,"A",,1
404806,"R",13523,"A",,"A",,"G",451,"A",,"G",451,"A",,2
404912,"A",,"R",667285,"A",,"G",741,"A",,"G",741,"A",,1
404921,"A",,"R",511136,"A",,"G",568,"A",,"G",568,"A",,1
404949,"R",13250,"A",,"R",7007,"G",442,"G",292,"G",442,"G",292,2
404994,"R",131432,"A",,"A",,"G",4381,"A",,"G",4381,"A",,2
405003,"A",,"R",19100,"A",,"G",21,"A",,"G",21,"A",,1
405012,"A",,"R",32700,"A",,"G",36,"A",,"G",36,"A",,1
405021,"A",,"R",39600,"A",,"G",44,"A",,"G",44,"A",,1
405058,"R",2730,"A",,"A",,"G",91,"A",,"G",91,"A",,2
405076,"A",,"R",442800,"A",,"G",492,"A",,"G",492,"A",,1
405748,"A",,"R",129150,"A",,"G",144,"A",,"G",144,"A",,1
405854,"R",4980,"A",,"A",,"G",166,"A",,"G",166,"A",,2
405872,"R",61583,"A",,"A",,"G",2053,"A",,"G",2053,"A",,2
405979,"R",39535,"A",,"R",11862,"G",1318,"G",494,"R",2180,"R",900,2
405988,"R",34204,"A",,"R",25022,"G",1140,"G",1043,"R",1727,"R",1436,2
405997,"R",73754,"A",,"R",19066,"G",2458,"G",794,"R",3684,"R",1435,2
406006,"R",44462,"A",,"R",13891,"G",1482,"G",579,"R",2475,"R",999,2
406015,"R",203613,"A",,"R",56605,"G",6787,"G",2359,"R",11944,"R",3773,2
406024,"R",6612,"R",311639,"A",,"G",567,"A",,"R",326,"A",,3
406033,"A",,"R",204225,"A",,"G",227,"A",,"R",265,"A",,1
406051,"A",,"R",52500,"A",,"G",58,"A",,"G",58,"A",,1
406060,"A",,"R",52500,"A",,"G",58,"A",,"G",58,"A",,1
406149,"A",,"R",69235,"A",,"G",77,"A",,"R",98,"A",,1
406194,"A",,"R",408333,"A",,"G",454,"A",,"G",454,"A",,1
406200,"R",50288,"A",,"A",,"G",1676,"A",,"G",1676,"A",,2
406219,"R",12024,"A",,"A",,"G",267,"A",,"G",267,"A",,2
406264,"R",36030,"A",,"A",,"G",1201,"A",,"G",1201,"A",,2
406325,"A",,"R",130561,"A",,"G",145,"A",,"G",145,"A",,1
406361,"A",,"R",61404,"A",,"G",68,"A",,"G",68,"A",,1
406413,"A",,"R",138240,"A",,"G",154,"A",,"G",154,"A",,1
406422,"A",,"R",94909,"A",,"G",105,"A",,"G",105,"A",,1
406486,"R",2267,"A",,"A",,"G",76,"A",,"G",76,"A",,2
406495,"A",,"R",248400,"A",,"G",276,"A",,"G",276,"A",,1
406547,"R",9516,"A",,"A",,"G",211,"A",,"G",211,"A",,2
406556,"A",,"R",1856,"A",,"G",2,"A",,"G",2,"A",,1
407009,"R",154494,"A",,"R",17502,"G",5150,"G",729,"R",12193,"R",1750,2
407054,"R",5442,"A",,"A",,"G",121,"A",,"R",151,"A",,2
407063,"R",24703,"A",,"A",,"G",549,"A",,"G",549,"A",,2
407090,"A",,"R",131700,"A",,"G",146,"A",,"G",146,"A",,1
407106,"A",,"R",38876,"A",,"G",43,"A",,"G",43,"A",,1
407142,"A",,"R",186300,"A",,"G",207,"A",,"R",156,"A",,1
407151,"A",,"R",76474,"A",,"G",85,"A",,"G",85,"A",,1
407179,"A",,"R",177808,"A",,"G",198,"A",,"G",198,"A",,1
407285,"R",23030,"A",,"A",,"G",512,"A",,"G",512,"A",,2
407319,"R",24118,"A",,"A",,"G",536,"A",,"G",536,"A",,2
407328,"A",,"R",92736,"A",,"G",103,"A",,"G",103,"A",,1
407355,"A",,"R",103140,"A",,"G",115,"A",,"G",115,"A",,1
407382,"A",,"R",26700,"A",,"G",30,"A",,"G",30,"A",,1
407391,"A",,"R",179968,"A",,"G",200,"A",,"G",200,"A",,1
407407,"A",,"R",80625,"A",,"G",90,"A",,"G",90,"A",,1
407425,"A",,"R",178728,"A",,"G",199,"A",,"G",199,"A",,1
407434,"A",,"R",141000,"A",,"G",157,"A",,"G",157,"A",,1
407452,"A",,"R",66605,"A",,"G",74,"A",,"G",74,"A",,1
407461,"A",,"R",159450,"A",,"G",177,"A",,"G",177,"A",,1
407470,"A",,"R",129635,"A",,"G",144,"A",,"G",144,"A",,1
407489,"A",,"R",27520,"A",,"G",31,"A",,"R",52,"A",,1
407504,"A",,"R",81120,"A",,"G",90,"A",,"G",90,"A",,1
407513,"A",,"R",196822,"A",,"G",219,"A",,"G",219,"A",,1
407522,"A",,"R",25447,"A",,"G",28,"A",,"G",28,"A",,1
407568,"A",,"R",113100,"A",,"G",126,"A",,"G",126,"A",,1
407577,"A",,"R",344439,"A",,"G",383,"A",,"G",383,"A",,1
407595,"A",,"R",146880,"A",,"G",163,"A",,"G",163,"A",,1
407601,"A",,"R",17325,"A",,"G",19,"A",,"G",19,"A",,1
407629,"A",,"A",,"R",3450,"A",,"G",144,"A",,"R",115,2
407638,"R",32756,"A",,"A",,"G",1092,"A",,"G",1092,"A",,2
407665,"R",818,"A",,"A",,"G",27,"A",,"R",30,"A",,2
407683,"A",,"R",118501,"A",,"G",132,"A",,"G",132,"A",,1
407708,"A",,"R",310809,"A",,"G",345,"A",,"G",345,"A",,1
407726,"A",,"R",153832,"A",,"G",171,"A",,"G",171,"A",,1
407735,"A",,"R",199055,"A",,"G",221,"A",,"G",221,"A",,1
407744,"A",,"R",40062,"A",,"G",45,"A",,"R",51,"A",,1
407832,"A",,"R",87423,"A",,"G",97,"A",,"G",97,"A",,1
408039,"R",91215,"A",,"A",,"G",2027,"A",,"G",2027,"A",,2
408057,"A",,"R",55188,"A",,"G",61,"A",,"G",61,"A",,1
408066,"A",,"R",90900,"A",,"G",101,"A",,"G",101,"A",,1
408163,"A",,"R",123000,"A",,"G",137,"A",,"G",137,"A",,1
408312,"A",,"R",43100,"A",,"G",48,"A",,"G",48,"A",,1
408385,"A",,"R",413100,"A",,"G",459,"A",,"G",459,"A",,1
408394,"R",14088,"A",,"A",,"G",470,"A",,"G",470,"A",,2
408437,"R",1296,"A",,"A",,"G",43,"A",,"R",37,"A",,2
408844,"R",126690,"A",,"A",,"G",4223,"A",,"G",4223,"A",,2
408862,"A",,"R",225900,"A",,"G",251,"A",,"G",251,"A",,1
409032,"A",,"R",194400,"A",,"G",216,"A",,"G",216,"A",,1
409069,"R",21940,"A",,"A",,"G",488,"A",,"G",488,"A",,2
409120,"R",906,"R",182046,"A",,"G",232,"A",,"G",232,"A",,3
409166,"A",,"R",133655,"A",,"G",149,"A",,"G",149,"A",,1
409193,"A",,"R",682200,"A",,"G",758,"A",,"G",758,"A",,1
409209,"A",,"R",245700,"A",,"G",273,"A",,"G",273,"A",,1
409245,"P",,"P",21387,"P",0,"P",24,"P",0,"P",24,"P",0,1
409254,"A",,"A",,"R",4370,"A",,"G",182,"A",,"G",182,2
409281,"A",,"R",147800,"A",,"G",164,"A",,"G",164,"A",,1
409315,"R",353804,"A",,"A",,"G",11793,"A",,"G",11793,"A",,2
409324,"A",,"R",28600,"A",,"G",32,"A",,"G",32,"A",,1
409333,"R",3050,"A",,"A",,"G",68,"A",,"G",68,"A",,2
409537,"A",,"R",119,"A",,"R",0,"A",,"Z",0,"A",,1
409591,"A",,"R",62192,"A",,"G",69,"A",,"G",69,"A",,1
409670,"R",6474,"R",854000,"A",,"G",1165,"A",,"R",1346,"A",,3
409698,"R",108056,"A",,"R",8996,"G",3602,"G",375,"G",3602,"G",375,2
409829,"R",32346,"A",,"A",,"G",719,"A",,"G",719,"A",,2
409838,"R",25892,"A",,"A",,"G",575,"A",,"G",575,"A",,2
409874,"R",11771,"A",,"A",,"G",262,"A",,"G",262,"A",,2
410070,"R",47411,"A",,"A",,"G",1580,"A",,"G",1580,"A",,2
410256,"A",,"R",800,"A",,"G",1,"A",,"G",1,"A",,1
410283,"R",12293,"A",,"A",,"G",273,"A",,"G",273,"A",,2
410496,"R",12179,"A",,"A",,"G",406,"A",,"G",406,"A",,2
410502,"R",29661,"A",,"A",,"G",659,"A",,"G",659,"A",,2
410520,"A",,"R",214188,"A",,"G",238,"A",,"G",238,"A",,1
410539,"A",,"R",722700,"A",,"G",803,"A",,"G",803,"A",,1
410788,"R",18900,"A",,"A",,"G",630,"A",,"G",630,"A",,2
410797,"A",,"R",211876,"A",,"G",235,"A",,"G",235,"A",,1
410964,"A",,"R",47892,"A",,"G",53,"A",,"G",53,"A",,1
411055,"R",15239,"A",,"A",,"G",508,"A",,"G",508,"A",,2
411374,"P",22171,"P",455898,"P",0,"P",1246,"P",0,"P",1246,"P",0,3
411684,"A",,"R",246812,"A",,"G",274,"A",,"R",251,"A",,1
411754,"A",,"R",67760,"A",,"G",75,"A",,"G",75,"A",,1
412003,"R",2900,"A",,"A",,"G",97,"A",,"G",97,"A",,2
412173,"A",,"R",302514,"A",,"G",336,"A",,"G",336,"A",,1
412535,"A",,"R",44820,"A",,"G",50,"A",,"G",50,"A",,1
412544,"A",,"R",105781,"A",,"G",118,"A",,"G",118,"A",,1
412599,"R",49483,"A",,"A",,"G",1100,"A",,"G",1100,"A",,2
412650,"A",,"R",57600,"A",,"G",64,"A",,"R",192,"A",,1
413176,"A",,"R",25630,"A",,"G",28,"A",,"R",29,"A",,1
413185,"R",1599,"A",,"A",,"G",53,"A",,"G",53,"A",,2
413343,"A",,"R",37200,"A",,"G",41,"A",,"G",41,"A",,1
413413,"R",91185,"A",,"R",343219,"G",2026,"G",9534,"G",2026,"G",9534,2
413617,"R",9549,"A",,"A",,"G",318,"A",,"G",318,"A",,2
413626,"R",4291,"A",,"A",,"G",143,"A",,"G",143,"A",,2
413635,"A",,"R",1053000,"A",,"G",1170,"A",,"G",1170,"A",,1
413644,"A",,"A",,"R",3450,"A",,"G",144,"A",,"R",115,2
413680,"A",,"R",612280,"A",,"G",680,"A",,"G",680,"A",,1
413723,"R",8223,"A",,"A",,"G",274,"A",,"G",274,"A",,2
413778,"R",10692,"A",,"A",,"G",356,"A",,"G",356,"A",,2
413802,"R",29470,"A",,"A",,"G",982,"A",,"G",982,"A",,2
413820,"A",,"R",57000,"A",,"G",63,"A",,"G",63,"A",,1
413839,"R",19064,"A",,"A",,"G",424,"A",,"G",424,"A",,2
413848,"R",20524,"A",,"A",,"G",456,"A",,"G",456,"A",,2
413857,"R",38556,"A",,"A",,"G",857,"A",,"G",857,"A",,2
413866,"R",20740,"A",,"A",,"G",461,"A",,"G",461,"A",,2
413884,"R",33176,"A",,"A",,"G",737,"A",,"G",737,"A",,2
413918,"R",832,"A",,"A",,"G",28,"A",,"R",26,"A",,2
413945,"A",,"R",214200,"A",,"G",238,"A",,"G",238,"A",,1
413972,"A",,"R",180000,"A",,"G",200,"A",,"G",200,"A",,1
414027,"A",,"R",355452,"A",,"G",395,"A",,"G",395,"A",,1
414036,"A",,"R",215477,"A",,"G",239,"A",,"G",239,"A",,1
414054,"A",,"R",67500,"A",,"G",75,"A",,"G",75,"A",,1
414063,"A",,"R",167296,"A",,"G",186,"A",,"G",186,"A",,1
414124,"R",5680,"A",,"A",,"G",189,"A",,"G",189,"A",,2
414160,"R",52185,"A",,"R",93,"G",1160,"G",3,"G",1160,"G",3,2
414452,"A",,"R",73461,"A",,"G",82,"A",,"R",47,"A",,1
414461,"R",183024,"A",,"A",,"G",4067,"A",,"G",4067,"A",,2
414489,"A",,"R",265600,"A",,"G",295,"A",,"G",295,"A",,1
414531,"R",13375,"A",,"A",,"G",297,"A",,"G",297,"A",,2
414540,"A",,"R",401250,"A",,"G",446,"A",,"R",321,"A",,1
414559,"A",,"R",75000,"A",,"G",83,"A",,"G",83,"A",,1
414568,"R",26616,"A",,"A",,"G",591,"A",,"G",591,"A",,2
414586,"R",14100,"A",,"A",,"G",313,"A",,"G",313,"A",,2
414595,"R",0,"R",7574,"R",12630,"G",8,"G",526,"G",8,"G",526,3
414708,"R",116300,"A",,"R",22562,"G",2584,"G",627,"G",2584,"G",627,2
414823,"R",99124,"A",,"A",,"G",2203,"A",,"G",2203,"A",,2
414841,"R",20100,"A",,"A",,"G",447,"A",,"G",447,"A",,2
414850,"R",29445,"A",,"A",,"G",654,"A",,"G",654,"A",,2
414878,"R",4684,"A",,"A",,"G",156,"A",,"G",156,"A",,2
414911,"R",32838,"A",,"A",,"G",1095,"A",,"G",1095,"A",,2
414939,"A",,"R",324000,"A",,"G",360,"A",,"G",360,"A",,1
414966,"A",,"A",,"R",644,"A",,"G",27,"A",,"G",27,2
415039,"A",,"R",84346,"A",,"G",94,"A",,"G",94,"A",,1
415057,"A",,"R",158496,"A",,"G",176,"A",,"G",176,"A",,1
415561,"A",,"R",32693,"A",,"G",36,"A",,"G",36,"A",,1
415729,"A",,"R",13511,"A",,"G",15,"A",,"G",15,"A",,1
415774,"R",7,"A",,"A",,"R",0,"A",,"Z",0,"A",,2
415987,"A",,"R",269525,"A",,"G",299,"A",,"G",299,"A",,1
416458,"R",15639,"A",,"A",,"G",521,"A",,"G",521,"A",,2
416670,"A",,"R",139500,"A",,"G",155,"A",,"G",155,"A",,1
416801,"R",4767,"A",,"A",,"G",159,"A",,"G",159,"A",,2
416962,"R",51123,"A",,"R",18090,"G",1704,"G",754,"R",2509,"R",1364,2
416971,"A",,"R",61028,"A",,"G",68,"A",,"G",68,"A",,1
416980,"A",,"R",99648,"A",,"G",111,"A",,"G",111,"A",,1
417062,"A",,"R",178596,"A",,"G",198,"A",,"G",198,"A",,1
417105,"A",,"R",412218,"A",,"G",458,"A",,"G",458,"A",,1
417114,"R",240,"A",,"A",,"G",8,"A",,"G",8,"A",,2
417123,"A",,"R",129441,"A",,"G",144,"A",,"G",144,"A",,1
417132,"A",,"R",471193,"A",,"G",524,"A",,"G",524,"A",,1
417318,"R",4135,"A",,"A",,"G",138,"A",,"G",138,"A",,2
417327,"R",8558,"A",,"A",,"G",190,"A",,"G",190,"A",,2
417345,"A",,"A",,"R",288,"A",,"G",12,"A",,"G",12,2
417381,"A",,"R",115574,"A",,"G",128,"A",,"G",128,"A",,1
417390,"A",,"R",1500,"A",,"G",2,"A",,"G",2,"A",,1
417406,"A",,"R",29984,"A",,"G",33,"A",,"G",33,"A",,1
417442,"A",,"R",102315,"A",,"G",114,"A",,"R",132,"A",,1
417503,"A",,"R",383760,"A",,"G",426,"A",,"G",426,"A",,1
417549,"R",15033,"R",171000,"A",,"G",691,"A",,"G",691,"A",,3
417567,"R",9922,"A",,"A",,"G",331,"A",,"G",331,"A",,2
417576,"A",,"R",182500,"A",,"G",203,"A",,"G",203,"A",,1
417628,"A",,"R",63793,"A",,"G",71,"A",,"G",71,"A",,1
417646,"A",,"R",29991,"A",,"G",33,"A",,"G",33,"A",,1
417682,"A",,"R",30810,"A",,"G",34,"A",,"R",26,"A",,1
417725,"A",,"R",87360,"A",,"G",97,"A",,"G",97,"A",,1
417734,"R",4728,"A",,"A",,"G",158,"A",,"G",158,"A",,2
417752,"R",2642,"A",,"A",,"G",88,"A",,"R",110,"A",,2
417789,"A",,"R",63500,"A",,"G",71,"A",,"G",71,"A",,1
417804,"A",,"R",63000,"A",,"G",70,"A",,"G",70,"A",,1
417822,"R",11197,"R",24101,"A",,"G",400,"A",,"G",400,"A",,3
417840,"A",,"R",297300,"A",,"G",330,"A",,"G",330,"A",,1
417868,"A",,"R",38400,"A",,"G",43,"A",,"R",32,"A",,1
417886,"A",,"R",87000,"A",,"G",97,"A",,"G",97,"A",,1
417901,"R",140,"A",,"R",70,"G",5,"G",3,"G",5,"G",3,2
417910,"A",,"R",213120,"A",,"G",237,"A",,"G",237,"A",,1
417947,"A",,"R",81170,"A",,"G",90,"A",,"G",90,"A",,1
417983,"A",,"R",55272,"A",,"G",61,"A",,"G",61,"A",,1
417992,"A",,"R",96330,"A",,"G",107,"A",,"G",107,"A",,1
418001,"A",,"R",154350,"A",,"G",172,"A",,"G",172,"A",,1
418010,"A",,"R",76800,"A",,"G",85,"A",,"G",85,"A",,1
418029,"A",,"R",64473,"A",,"G",72,"A",,"G",72,"A",,1
418038,"A",,"R",110000,"A",,"G",122,"A",,"R",100,"A",,1
418056,"A",,"R",146520,"A",,"G",163,"A",,"R",122,"A",,1
418065,"A",,"R",380695,"A",,"G",423,"A",,"G",423,"A",,1
418074,"A",,"R",28800,"A",,"G",32,"A",,"G",32,"A",,1
418083,"A",,"R",72360,"A",,"G",80,"A",,"R",67,"A",,1
418126,"R",16777,"A",,"R",6852,"G",559,"G",286,"G",559,"G",286,2
418162,"A",,"R",320373,"A",,"G",356,"A",,"G",356,"A",,1
418171,"A",,"R",65700,"A",,"G",73,"A",,"G",73,"A",,1
418199,"A",,"R",68555,"A",,"G",76,"A",,"G",76,"A",,1
418205,"A",,"R",151130,"A",,"G",168,"A",,"G",168,"A",,1
418223,"A",,"R",67824,"A",,"G",75,"A",,"G",75,"A",,1
418250,"A",,"R",375000,"A",,"G",417,"A",,"G",417,"A",,1
418269,"A",,"R",102596,"A",,"G",114,"A",,"G",114,"A",,1
418278,"A",,"R",82796,"A",,"G",92,"A",,"G",92,"A",,1
418287,"A",,"R",225225,"A",,"G",250,"A",,"G",250,"A",,1
418296,"A",,"R",284550,"A",,"G",316,"A",,"G",316,"A",,1
418302,"A",,"R",332570,"A",,"G",370,"A",,"G",370,"A",,1
418320,"A",,"R",534643,"A",,"G",594,"A",,"G",594,"A",,1
418339,"R",1050,"A",,"A",,"G",35,"A",,"G",35,"A",,2
418348,"A",,"R",378877,"A",,"G",421,"A",,"G",421,"A",,1
418357,"A",,"R",294236,"A",,"G",327,"A",,"G",327,"A",,1
418384,"A",,"R",24505,"A",,"G",27,"A",,"G",27,"A",,1
418409,"A",,"R",1540,"A",,"G",2,"A",,"G",2,"A",,1
418418,"A",,"R",81000,"A",,"G",90,"A",,"G",90,"A",,1
418427,"A",,"R",115654,"A",,"G",129,"A",,"G",129,"A",,1
418445,"A",,"R",45240,"A",,"G",50,"A",,"G",50,"A",,1
418463,"A",,"A",,"R",3030,"A",,"G",126,"A",,"R",3,2
418481,"A",,"R",1533,"A",,"G",2,"A",,"G",2,"A",,1
418506,"A",,"R",1560,"A",,"G",2,"A",,"G",2,"A",,1
418515,"A",,"R",112665,"A",,"G",125,"A",,"G",125,"A",,1
418524,"A",,"R",1505,"A",,"G",2,"A",,"G",2,"A",,1
418533,"A",,"R",235980,"A",,"G",262,"A",,"G",262,"A",,1
418542,"A",,"R",76720,"A",,"G",85,"A",,"G",85,"A",,1
418588,"A",,"R",44840,"A",,"G",50,"A",,"G",50,"A",,1
418603,"A",,"R",76800,"A",,"G",85,"A",,"G",85,"A",,1
418612,"A",,"R",46009,"A",,"G",51,"A",,"R",46,"A",,1
418658,"R",1200,"A",,"A",,"G",40,"A",,"G",40,"A",,2
418676,"A",,"R",41850,"A",,"G",47,"A",,"G",47,"A",,1
418700,"A",,"R",548100,"A",,"G",609,"A",,"G",609,"A",,1
418737,"R",9010,"A",,"A",,"G",300,"A",,"G",300,"A",,2
418755,"A",,"R",64500,"A",,"G",72,"A",,"G",72,"A",,1
418764,"A",,"R",169200,"A",,"G",188,"A",,"R",188,"A",,1
418773,"R",79750,"A",,"A",,"G",2658,"A",,"G",2658,"A",,2
418782,"R",7056,"A",,"A",,"G",235,"A",,"G",235,"A",,2
418791,"A",,"R",120600,"A",,"G",134,"A",,"G",134,"A",,1
418870,"R",19046,"A",,"A",,"G",635,"A",,"G",635,"A",,2
418889,"R",162,"R",56000,"A",,"G",68,"A",,"G",68,"A",,3
418898,"A",,"R",53678,"A",,"G",60,"A",,"G",60,"A",,1
418904,"R",1500,"A",,"A",,"G",50,"A",,"G",50,"A",,2
418913,"A",,"R",31653,"A",,"G",35,"A",,"G",35,"A",,1
418968,"A",,"R",111000,"A",,"G",123,"A",,"G",123,"A",,1
419022,"R",19128,"A",,"A",,"G",638,"A",,"G",638,"A",,2
419031,"A",,"R",35316,"A",,"G",39,"A",,"G",39,"A",,1
419101,"A",,"R",11713,"A",,"G",13,"A",,"G",13,"A",,1
419147,"A",,"R",23400,"A",,"G",26,"A",,"G",26,"A",,1
419156,"A",,"R",159562,"A",,"G",177,"A",,"G",177,"A",,1
419183,"A",,"R",358503,"A",,"G",398,"A",,"G",398,"A",,1
419217,"A",,"R",132388,"A",,"G",147,"A",,"G",147,"A",,1
419226,"A",,"R",212538,"A",,"G",236,"A",,"G",236,"A",,1
419235,"A",,"R",313374,"A",,"G",348,"A",,"G",348,"A",,1
419244,"A",,"R",80586,"A",,"G",90,"A",,"G",90,"A",,1
419253,"A",,"R",212436,"A",,"G",236,"A",,"G",236,"A",,1
419262,"A",,"R",73000,"A",,"G",81,"A",,"G",81,"A",,1
419271,"A",,"R",55450,"A",,"G",62,"A",,"G",62,"A",,1
419280,"A",,"R",67200,"A",,"G",75,"A",,"G",75,"A",,1
419314,"A",,"R",32000,"A",,"G",36,"A",,"G",36,"A",,1
419341,"A",,"R",69291,"A",,"G",77,"A",,"G",77,"A",,1
419411,"A",,"R",285050,"A",,"G",317,"A",,"G",317,"A",,1
419420,"A",,"R",90720,"A",,"G",101,"A",,"R",104,"A",,1
419439,"A",,"R",172096,"A",,"G",191,"A",,"G",191,"A",,1
419457,"R",1353,"A",,"R",17560,"G",45,"G",732,"G",45,"G",732,2
419484,"A",,"R",31200,"A",,"G",35,"A",,"G",35,"A",,1
419509,"R",70786,"A",,"R",15384,"G",2360,"G",641,"R",4150,"R",1072,2
419572,"R",13843,"A",,"A",,"G",308,"A",,"G",308,"A",,2
419633,"A",,"R",67098,"A",,"G",75,"A",,"G",75,"A",,1
419660,"A",,"R",324343,"A",,"G",360,"A",,"G",360,"A",,1
419688,"A",,"R",11920,"A",,"G",13,"A",,"G",13,"A",,1
419703,"R",15720,"A",,"A",,"G",524,"A",,"G",524,"A",,2
419712,"R",6216,"A",,"A",,"G",207,"A",,"G",207,"A",,2
419721,"R",8544,"A",,"A",,"G",285,"A",,"G",285,"A",,2
420006,"R",35340,"A",,"R",1376,"G",785,"G",38,"R",981,"R",43,2
420024,"R",9260,"A",,"A",,"G",309,"A",,"G",309,"A",,2
420042,"R",14311,"A",,"R",6465,"G",477,"G",269,"R",838,"R",435,2
420103,"R",6390,"A",,"A",,"G",213,"A",,"G",213,"A",,2
420130,"A",,"R",293280,"A",,"G",326,"A",,"G",326,"A",,1
420194,"A",,"R",103180,"A",,"G",115,"A",,"G",115,"A",,1
420200,"A",,"R",82800,"A",,"G",92,"A",,"G",92,"A",,1
420255,"A",,"R",104540,"A",,"G",116,"A",,"R",115,"A",,1
420307,"R",128648,"A",,"R",4930,"G",2859,"G",137,"G",2859,"G",137,2
420316,"R",37658,"A",,"A",,"G",837,"A",,"G",837,"A",,2
420325,"R",2190,"A",,"R",120,"G",73,"G",5,"G",73,"G",5,2
420343,"R",36650,"A",,"A",,"G",1222,"A",,"G",1222,"A",,2
420352,"R",887,"A",,"A",,"G",30,"A",,"G",30,"A",,2
420398,"A",,"R",3470640,"A",,"G",3856,"A",,"G",3856,"A",,1
420404,"R",29676,"A",,"A",,"G",659,"A",,"G",659,"A",,2
420431,"R",26728,"A",,"A",,"G",594,"A",,"G",594,"A",,2
420440,"R",14984,"A",,"A",,"G",499,"A",,"G",499,"A",,2
420459,"A",,"R",148803,"A",,"G",165,"A",,"G",165,"A",,1
420468,"A",,"R",464366,"A",,"G",516,"A",,"G",516,"A",,1
420495,"R",32233,"A",,"A",,"G",1074,"A",,"G",1074,"A",,2
420501,"R",32821,"A",,"A",,"G",1094,"A",,"G",1094,"A",,2
420510,"R",2499,"A",,"A",,"G",56,"A",,"G",56,"A",,2
420538,"R",25975,"A",,"A",,"G",866,"A",,"G",866,"A",,2
420556,"R",23083,"A",,"A",,"G",513,"A",,"G",513,"A",,2
420574,"R",90807,"A",,"R",10519,"G",3027,"G",438,"G",3027,"G",438,2
420608,"A",,"R",328828,"A",,"G",365,"A",,"G",365,"A",,1
420723,"A",,"R",104371,"A",,"G",116,"A",,"R",204,"A",,1
420866,"R",3456,"A",,"R",9208,"G",115,"G",384,"G",115,"G",384,2
420981,"A",,"R",236200,"A",,"G",262,"A",,"G",262,"A",,1
421009,"R",39763,"A",,"R",9389,"G",1325,"G",391,"R",2012,"R",619,2
421018,"R",60620,"A",,"R",15070,"G",2021,"G",628,"R",3382,"R",997,2
421513,"R",11796,"A",,"A",,"G",262,"A",,"G",262,"A",,2
421540,"A",,"R",165823,"A",,"G",184,"A",,"G",184,"A",,1
421559,"A",,"R",89801,"A",,"G",100,"A",,"G",100,"A",,1
421586,"A",,"R",134820,"A",,"G",150,"A",,"G",150,"A",,1
421601,"A",,"R",78400,"A",,"G",87,"A",,"R",49,"A",,1
421610,"A",,"R",2000,"A",,"G",2,"A",,"G",2,"A",,1
421647,"A",,"R",136200,"A",,"G",151,"A",,"G",151,"A",,1
421665,"A",,"R",13121,"A",,"G",15,"A",,"G",15,"A",,1
421708,"R",5174,"A",,"A",,"G",172,"A",,"G",172,"A",,2
421717,"A",,"R",13050,"A",,"G",15,"A",,"G",15,"A",,1
421771,"A",,"R",108660,"A",,"G",121,"A",,"G",121,"A",,1
421832,"A",,"R",716800,"A",,"G",796,"A",,"G",796,"A",,1
421841,"A",,"R",202226,"A",,"G",225,"A",,"G",225,"A",,1
421878,"A",,"R",400000,"A",,"G",444,"A",,"G",444,"A",,1
421896,"A",,"R",326725,"A",,"G",363,"A",,"G",363,"A",,1
421939,"R",1080,"A",,"A",,"G",36,"A",,"G",36,"A",,2
422020,"A",,"R",75574,"A",,"G",84,"A",,"G",84,"A",,1
422695,"A",,"R",329988,"A",,"G",367,"A",,"G",367,"A",,1
422835,"A",,"R",30600,"A",,"G",34,"A",,"G",34,"A",,1
423120,"R",26976,"A",,"A",,"G",899,"A",,"G",899,"A",,2
423397,"A",,"R",100900,"A",,"G",112,"A",,"G",112,"A",,1
423412,"A",,"R",60904,"A",,"G",68,"A",,"G",68,"A",,1
423476,"R",7369,"A",,"A",,"G",164,"A",,"G",164,"A",,2
423582,"A",,"R",119700,"A",,"G",133,"A",,"G",133,"A",,1
423643,"R",1170,"A",,"R",15720,"G",26,"G",437,"G",26,"G",437,2
423652,"R",18536,"A",,"A",,"G",412,"A",,"G",412,"A",,2
423670,"R",16437,"A",,"A",,"G",365,"A",,"G",365,"A",,2
423980,"R",111237,"A",,"A",,"G",2472,"A",,"G",2472,"A",,2
424008,"R",560,"A",,"A",,"G",19,"A",,"G",19,"A",,2
424424,"R",11864,"A",,"A",,"G",395,"A",,"G",395,"A",,2
425250,"R",8850,"A",,"A",,"G",295,"A",,"G",295,"A",,2
425296,"R",3087,"A",,"R",2073,"G",103,"G",86,"G",103,"G",86,2
425393,"A",,"R",49600,"A",,"G",55,"A",,"G",55,"A",,1
425889,"A",,"R",329760,"A",,"G",366,"A",,"G",366,"A",,1
425986,"R",7420,"R",54850,"A",,"G",308,"A",,"G",308,"A",,3
426314,"R",204139,"A",,"R",52637,"G",6805,"G",2193,"G",6805,"G",2193,2
427025,"A",,"R",300000,"A",,"G",333,"A",,"G",333,"A",,1
427308,"A",,"R",176248,"A",,"G",196,"A",,"G",196,"A",,1
427335,"A",,"R",63600,"A",,"G",71,"A",,"G",71,"A",,1
427663,"R",14140,"A",,"A",,"G",314,"A",,"G",314,"A",,2
427894,"A",,"R",173610,"A",,"G",193,"A",,"G",193,"A",,1
427919,"A",,"R",119400,"A",,"G",133,"A",,"G",133,"A",,1
427973,"R",12120,"A",,"A",,"G",404,"A",,"G",404,"A",,2
427982,"R",20844,"A",,"A",,"G",695,"A",,"G",695,"A",,2
427991,"A",,"R",209306,"A",,"G",233,"A",,"G",233,"A",,1
428000,"Z",,"R",177540,"Z",0,"G",197,"A",,"G",197,"A",,1
428019,"A",,"R",175125,"A",,"G",195,"A",,"G",195,"A",,1
428037,"A",,"R",28800,"A",,"G",32,"A",,"G",32,"A",,1
428055,"R",10460,"A",,"A",,"G",349,"A",,"G",349,"A",,2
428073,"A",,"R",30600,"A",,"G",34,"A",,"G",34,"A",,1
428091,"R",720,"A",,"A",,"G",24,"A",,"G",24,"A",,2
428125,"A",,"R",104580,"A",,"G",116,"A",,"G",116,"A",,1
428143,"A",,"R",115480,"A",,"G",128,"A",,"G",128,"A",,1
428170,"R",25259,"A",,"A",,"G",842,"A",,"G",842,"A",,2
428259,"R",10113,"A",,"R",603,"G",337,"G",25,"G",337,"G",25,2
428268,"R",1803,"A",,"R",11406,"G",60,"G",475,"G",60,"G",475,2
428286,"R",58116,"A",,"A",,"G",1291,"A",,"G",1291,"A",,2
428295,"A",,"R",94200,"A",,"G",105,"A",,"G",105,"A",,1
428329,"R",4450,"A",,"A",,"G",99,"A",,"G",99,"A",,2
428392,"R",25061,"A",,"A",,"G",557,"A",,"R",653,"A",,2
428444,"R",58607,"A",,"A",,"G",1302,"A",,"G",1302,"A",,2
429003,"A",,"R",100880,"A",,"G",112,"A",,"G",112,"A",,1
429076,"R",291,"A",,"R",1499,"G",10,"G",62,"G",10,"G",62,2
429085,"A",,"A",,"R",3624,"A",,"G",151,"A",,"G",151,2
429094,"A",,"A",,"R",9884,"A",,"G",275,"A",,"R",220,2
429100,"A",,"R",74700,"A",,"G",83,"A",,"G",83,"A",,1
429128,"R",8192,"A",,"A",,"G",273,"A",,"G",273,"A",,2
429599,"R",31820,"A",,"A",,"G",707,"A",,"G",707,"A",,2
430050,"A",,"R",889200,"A",,"G",988,"A",,"G",988,"A",,1
430087,"R",16750,"A",,"R",5075,"G",372,"G",141,"G",372,"G",141,2
430096,"R",2120,"A",,"A",,"G",71,"A",,"G",71,"A",,2
430102,"R",3249,"A",,"A",,"G",108,"A",,"G",108,"A",,2
430148,"R",2404,"A",,"A",,"G",53,"A",,"G",53,"A",,2
430157,"R",8804,"A",,"A",,"G",293,"A",,"G",293,"A",,2
430166,"R",8844,"A",,"A",,"G",295,"A",,"G",295,"A",,2
430175,"A",,"R",1903031,"A",,"G",2114,"A",,"R",2633,"A",,1
430218,"A",,"R",143977,"A",,"G",160,"A",,"G",160,"A",,1
430227,"A",,"R",170525,"A",,"G",189,"A",,"G",189,"A",,1
430245,"A",,"R",315000,"A",,"G",350,"A",,"G",350,"A",,1
430254,"R",7950,"A",,"A",,"G",265,"A",,"G",265,"A",,2
430263,"R",26148,"A",,"A",,"G",581,"A",,"G",581,"A",,2
430342,"A",,"R",148615,"A",,"G",165,"A",,"G",165,"A",,1
430351,"R",17528,"A",,"A",,"G",390,"A",,"G",390,"A",,2
430360,"R",15072,"A",,"A",,"G",335,"A",,"G",335,"A",,2
430379,"R",28786,"A",,"A",,"G",640,"A",,"G",640,"A",,2
430388,"R",24968,"A",,"A",,"G",555,"A",,"G",555,"A",,2
430403,"A",,"R",223440,"A",,"G",248,"A",,"G",248,"A",,1
430421,"A",,"R",1571936,"A",,"G",1747,"A",,"G",1747,"A",,1
430485,"R",5138,"A",,"A",,"G",171,"A",,"G",171,"A",,2
430500,"A",,"R",1044,"A",,"G",1,"A",,"G",1,"A",,1
430564,"A",,"R",29010,"A",,"G",32,"A",,"G",32,"A",,1
430582,"A",,"R",202500,"A",,"G",225,"A",,"G",225,"A",,1
430591,"A",,"A",,"R",12265,"A",,"G",341,"A",,"G",341,2
430643,"A",,"R",7192,"A",,"G",8,"A",,"G",8,"A",,1
430704,"A",,"A",,"R",2600,"A",,"G",108,"A",,"G",108,2
430795,"R",705,"R",132840,"A",,"G",171,"A",,"G",171,"A",,3
430810,"R",3639,"A",,"A",,"G",121,"A",,"G",121,"A",,2
430847,"A",,"R",76140,"A",,"G",85,"A",,"G",85,"A",,1
430883,"A",,"R",46800,"A",,"G",52,"A",,"G",52,"A",,1
430908,"A",,"R",75642,"A",,"G",84,"A",,"R",64,"A",,1
430917,"A",,"R",148500,"A",,"G",165,"A",,"G",165,"A",,1
430935,"R",12917,"A",,"A",,"G",431,"A",,"G",431,"A",,2
430971,"A",,"R",162000,"A",,"G",180,"A",,"G",180,"A",,1
430980,"A",,"R",155680,"A",,"G",173,"A",,"R",215,"A",,1
430999,"A",,"R",9370,"A",,"G",10,"A",,"G",10,"A",,1
431017,"A",,"R",58275,"A",,"G",65,"A",,"G",65,"A",,1
431026,"R",14496,"R",153720,"A",,"G",654,"A",,"G",654,"A",,3
431071,"A",,"R",126902,"A",,"G",141,"A",,"G",141,"A",,1
431099,"A",,"R",61400,"A",,"G",68,"A",,"G",68,"A",,1
431105,"A",,"R",175000,"A",,"G",194,"A",,"G",194,"A",,1
431123,"R",69480,"A",,"A",,"G",2316,"A",,"G",2316,"A",,2
431141,"A",,"R",1463300,"A",,"G",1626,"A",,"G",1626,"A",,1
431169,"A",,"R",1284,"A",,"G",1,"A",,"G",1,"A",,1
431196,"A",,"R",145000,"A",,"G",161,"A",,"G",161,"A",,1
431202,"A",,"R",14400,"A",,"G",16,"A",,"G",16,"A",,1
431248,"R",123,"A",,"R",738,"G",4,"G",31,"R",3,"R",18,2
431266,"A",,"R",73840,"A",,"G",82,"A",,"G",82,"A",,1
431275,"A",,"R",52920,"A",,"G",59,"A",,"G",59,"A",,1
431284,"A",,"R",70364,"A",,"G",78,"A",,"G",78,"A",,1
431309,"R",44975,"A",,"A",,"G",1499,"A",,"G",1499,"A",,2
431558,"A",,"R",255970,"A",,"G",284,"A",,"G",284,"A",,1
431594,"A",,"A",,"R",861,"A",,"G",36,"A",,"R",11,2
431600,"R",764,"R",82892,"A",,"G",109,"A",,"G",109,"A",,3
431637,"A",,"R",238500,"A",,"G",265,"A",,"G",265,"A",,1
431664,"A",,"R",144900,"A",,"G",161,"A",,"G",161,"A",,1
431691,"A",,"R",64500,"A",,"G",72,"A",,"G",72,"A",,1
431716,"A",,"R",424070,"A",,"G",471,"A",,"R",534,"A",,1
431770,"A",,"R",100980,"A",,"G",112,"A",,"R",133,"A",,1
431877,"A",,"R",49896,"A",,"G",55,"A",,"G",55,"A",,1
431886,"R",44414,"A",,"A",,"G",1480,"A",,"G",1480,"A",,2
431929,"R",10986,"A",,"A",,"G",366,"A",,"G",366,"A",,2
431956,"R",1826,"A",,"A",,"G",61,"A",,"G",61,"A",,2
431965,"A",,"R",184500,"A",,"G",205,"A",,"G",205,"A",,1
431974,"A",,"R",55828,"A",,"G",62,"A",,"G",62,"A",,1
431983,"R",2820,"A",,"A",,"G",94,"A",,"G",94,"A",,2
432074,"A",,"R",128625,"A",,"G",143,"A",,"G",143,"A",,1
432117,"A",,"R",40112,"A",,"G",45,"A",,"R",45,"A",,1
432199,"R",36852,"A",,"R",6069,"G",1228,"G",253,"G",1228,"G",253,2
432214,"R",4234,"A",,"R",2342,"G",141,"G",98,"G",141,"G",98,2
432223,"R",24601,"A",,"R",4452,"G",820,"G",186,"R",1299,"R",312,2
432232,"R",34924,"A",,"R",10340,"G",1164,"G",431,"R",1778,"R",682,2
432241,"R",29662,"A",,"R",5979,"G",989,"G",249,"R",1634,"R",381,2
432269,"A",,"R",158220,"A",,"G",176,"A",,"G",176,"A",,1
432302,"R",28238,"A",,"A",,"G",941,"A",,"G",941,"A",,2
432357,"A",,"A",,"R",3343,"A",,"G",139,"A",,"G",139,2
432384,"R",8400,"A",,"A",,"G",280,"A",,"G",280,"A",,2
432524,"R",5788,"A",,"A",,"G",193,"A",,"G",193,"A",,2
432533,"R",98041,"A",,"A",,"G",2179,"A",,"G",2179,"A",,2
433004,"A",,"R",69375,"A",,"G",77,"A",,"G",77,"A",,1
433013,"R",16161,"A",,"A",,"G",539,"A",,"G",539,"A",,2
433040,"A",,"R",23680,"A",,"G",26,"A",,"G",26,"A",,1
433068,"A",,"R",190271,"A",,"G",211,"A",,"G",211,"A",,1
433101,"A",,"R",1018440,"A",,"G",1132,"A",,"G",1132,"A",,1
433138,"A",,"R",126667,"A",,"G",141,"A",,"G",141,"A",,1
433165,"A",,"R",12000,"A",,"G",13,"A",,"G",13,"A",,1
433174,"R",3849,"A",,"A",,"G",128,"A",,"G",128,"A",,2
433217,"A",,"A",,"R",188,"A",,"G",8,"A",,"G",8,2
433387,"R",143366,"A",,"R",35467,"G",4779,"G",1478,"R",5860,"R",2172,2
433420,"R",14050,"A",,"A",,"G",468,"A",,"G",468,"A",,2
433466,"A",,"R",95721,"A",,"G",106,"A",,"G",106,"A",,1
433536,"R",7060,"A",,"A",,"G",235,"A",,"G",235,"A",,2
433563,"R",31400,"A",,"A",,"G",698,"A",,"G",698,"A",,2
433660,"R",183294,"A",,"R",16503,"G",6110,"G",688,"G",6110,"G",688,2
433970,"R",2420,"A",,"A",,"G",81,"A",,"G",81,"A",,2
434016,"R",2087,"A",,"A",,"G",70,"A",,"G",70,"A",,2
434034,"R",6123,"A",,"A",,"G",204,"A",,"R",161,"A",,2
434052,"R",29288,"A",,"A",,"G",651,"A",,"G",651,"A",,2
434061,"R",45919,"A",,"A",,"G",1531,"A",,"G",1531,"A",,2
434122,"A",,"R",13751,"A",,"G",15,"A",,"R",15,"A",,1
434140,"A",,"R",742552,"A",,"G",825,"A",,"G",825,"A",,1
434159,"A",,"R",455691,"A",,"G",506,"A",,"G",506,"A",,1
434274,"A",,"R",183150,"A",,"G",204,"A",,"G",204,"A",,1
434283,"A",,"R",193650,"A",,"G",215,"A",,"G",215,"A",,1
434292,"A",,"R",6912,"A",,"G",8,"A",,"G",8,"A",,1
434308,"R",10168,"A",,"A",,"G",339,"A",,"G",339,"A",,2
434317,"R",13170,"A",,"A",,"G",439,"A",,"G",439,"A",,2
434326,"A",,"R",157150,"A",,"G",175,"A",,"G",175,"A",,1
434344,"A",,"R",38000,"A",,"G",42,"A",,"G",42,"A",,1
434362,"A",,"R",19000,"A",,"G",21,"A",,"G",21,"A",,1
434380,"A",,"R",74700,"A",,"G",83,"A",,"G",83,"A",,1
434399,"A",,"R",4496,"A",,"G",5,"A",,"G",5,"A",,1
434414,"R",1940,"A",,"A",,"G",65,"A",,"G",65,"A",,2
434432,"R",3450,"A",,"A",,"G",77,"A",,"G",77,"A",,2
434441,"A",,"A",,"R",8274,"A",,"G",345,"A",,"R",157,2
434469,"A",,"R",204490,"A",,"G",227,"A",,"G",227,"A",,1
434496,"A",,"R",45159,"A",,"G",50,"A",,"G",50,"A",,1
434502,"A",,"R",52697,"A",,"G",59,"A",,"G",59,"A",,1
434520,"R",1608,"A",,"A",,"G",54,"A",,"G",54,"A",,2
434539,"R",25550,"A",,"A",,"G",568,"A",,"G",568,"A",,2
434548,"R",30536,"A",,"A",,"G",679,"A",,"G",679,"A",,2
434557,"R",13912,"A",,"A",,"G",309,"A",,"G",309,"A",,2
434566,"R",12596,"A",,"A",,"G",280,"A",,"G",280,"A",,2
434575,"R",16952,"A",,"A",,"G",377,"A",,"G",377,"A",,2
434584,"R",2630,"R",7352,"A",,"G",96,"A",,"G",96,"A",,3
434672,"R",352896,"A",,"A",,"G",11763,"A",,"G",11763,"A",,2
434690,"R",13708,"A",,"A",,"G",457,"A",,"G",457,"A",,2
434751,"R",1146,"A",,"A",,"G",38,"A",,"G",38,"A",,2
434812,"R",11016,"A",,"A",,"G",367,"A",,"G",367,"A",,2
434821,"R",10080,"A",,"A",,"G",224,"A",,"G",224,"A",,2
434830,"R",335,"R",104750,"A",,"G",128,"A",,"G",128,"A",,3
434900,"R",41860,"A",,"A",,"G",1395,"A",,"G",1395,"A",,2
434937,"R",1760,"A",,"A",,"G",59,"A",,"G",59,"A",,2
434946,"R",53419,"A",,"R",14676,"G",1781,"G",612,"R",2548,"R",969,2
434955,"R",34063,"A",,"R",9351,"G",1135,"G",390,"R",1696,"R",662,2
434964,"R",37413,"A",,"R",10358,"G",1247,"G",432,"R",1897,"R",739,2
434973,"R",28732,"A",,"R",6867,"G",958,"G",286,"R",1551,"R",432,2
434982,"R",18397,"A",,"R",2683,"G",613,"G",112,"R",993,"R",190,2
434991,"R",22774,"A",,"R",2310,"G",759,"G",96,"R",1143,"R",165,2
435000,"R",3980,"A",,"R",6273,"G",133,"G",261,"G",133,"G",261,2
436003,"A",,"R",62000,"A",,"G",69,"A",,"G",69,"A",,1
436012,"A",,"R",562930,"A",,"G",625,"A",,"G",625,"A",,1
436021,"A",,"A",,"R",512,"A",,"G",21,"A",,"G",21,2
436030,"A",,"R",58500,"A",,"G",65,"A",,"G",65,"A",,1
436067,"A",,"R",134100,"A",,"G",149,"A",,"G",149,"A",,1
436094,"R",1640,"A",,"R",11609,"G",55,"G",484,"G",55,"G",484,2
436100,"A",,"R",25480,"A",,"G",28,"A",,"G",28,"A",,1
436182,"R",9180,"R",212849,"A",,"G",440,"A",,"G",440,"A",,3
436191,"R",28800,"R",98100,"A",,"G",749,"A",,"G",749,"A",,3
436225,"A",,"R",1308600,"A",,"G",1454,"A",,"G",1454,"A",,1
436261,"A",,"A",,"R",4620,"A",,"G",193,"A",,"R",154,2
436270,"R",816,"A",,"A",,"G",27,"A",,"G",27,"A",,2
436289,"A",,"R",29500,"A",,"G",33,"A",,"G",33,"A",,1
436304,"R",19844,"A",,"A",,"G",661,"A",,"G",661,"A",,2
436429,"A",,"R",482900,"A",,"G",537,"A",,"G",537,"A",,1
436438,"R",4074,"A",,"R",15504,"G",136,"G",646,"G",136,"G",646,2
436465,"R",35630,"A",,"A",,"G",1188,"A",,"G",1188,"A",,2
436474,"R",14276,"A",,"A",,"G",476,"A",,"G",476,"A",,2
436483,"R",7006,"A",,"A",,"G",156,"A",,"G",156,"A",,2
436526,"A",,"R",146036,"A",,"G",162,"A",,"G",162,"A",,1
436553,"R",15750,"A",,"A",,"G",525,"A",,"G",525,"A",,2
436562,"R",4889,"A",,"A",,"G",163,"A",,"G",163,"A",,2
436599,"R",1851,"A",,"A",,"G",62,"A",,"G",62,"A",,2
436614,"R",1792,"A",,"R",110,"G",60,"G",5,"G",60,"G",5,2
436632,"R",5092,"A",,"A",,"G",170,"A",,"G",170,"A",,2
436641,"A",,"R",250740,"A",,"G",279,"A",,"G",279,"A",,1
436650,"A",,"R",321408,"A",,"G",357,"A",,"G",357,"A",,1
436702,"R",15372,"A",,"A",,"G",512,"A",,"G",512,"A",,2
436748,"A",,"R",35700,"A",,"G",40,"A",,"G",40,"A",,1
436775,"A",,"R",112554,"A",,"G",125,"A",,"G",125,"A",,1
436784,"R",48222,"A",,"A",,"G",1607,"A",,"G",1607,"A",,2
436809,"A",,"R",81900,"A",,"G",91,"A",,"G",91,"A",,1
436818,"R",58755,"A",,"A",,"G",1959,"A",,"G",1959,"A",,2
436827,"R",15987,"A",,"A",,"G",533,"A",,"G",533,"A",,2
436836,"R",29450,"A",,"A",,"G",982,"A",,"G",982,"A",,2
436854,"A",,"R",82163,"A",,"G",91,"A",,"G",91,"A",,1
437042,"R",18696,"A",,"A",,"G",415,"A",,"G",415,"A",,2
437051,"R",23532,"A",,"A",,"G",523,"A",,"G",523,"A",,2
437060,"R",19260,"A",,"A",,"G",428,"A",,"G",428,"A",,2
437088,"A",,"R",55550,"A",,"G",62,"A",,"G",62,"A",,1
437103,"R",118755,"A",,"A",,"G",3959,"A",,"G",3959,"A",,2
437112,"A",,"R",27007,"A",,"G",30,"A",,"G",30,"A",,1
437219,"R",29320,"A",,"A",,"G",652,"A",,"G",652,"A",,2
437237,"A",,"R",42560,"A",,"G",47,"A",,"R",32,"A",,1
437246,"R",28552,"A",,"A",,"G",952,"A",,"G",952,"A",,2
437316,"R",11040,"A",,"A",,"G",368,"A",,"G",368,"A",,2
437325,"R",8410,"A",,"R",296,"G",280,"G",12,"G",280,"G",12,2
437501,"A",,"R",130043,"A",,"G",144,"A",,"R",143,"A",,1
437510,"R",21029,"A",,"A",,"G",467,"A",,"G",467,"A",,2
437529,"A",,"R",280800,"A",,"G",312,"A",,"G",312,"A",,1
437556,"A",,"R",143433,"A",,"G",159,"A",,"G",159,"A",,1
437565,"R",8305,"A",,"A",,"G",277,"A",,"G",277,"A",,2
437574,"R",2160,"A",,"A",,"G",72,"A",,"G",72,"A",,2
437583,"A",,"R",123862,"A",,"G",138,"A",,"G",138,"A",,1
437608,"A",,"R",51000,"A",,"G",57,"A",,"G",57,"A",,1
437635,"A",,"R",178943,"A",,"G",199,"A",,"G",199,"A",,1
437653,"R",3726,"A",,"A",,"G",124,"A",,"G",124,"A",,2
437662,"A",,"R",888188,"A",,"G",987,"A",,"G",987,"A",,1
437705,"A",,"R",5498,"A",,"G",6,"A",,"G",6,"A",,1
437723,"A",,"R",71400,"A",,"G",79,"A",,"G",79,"A",,1
437732,"R",9521,"A",,"A",,"G",317,"A",,"G",317,"A",,2
437750,"R",11025,"A",,"A",,"G",368,"A",,"G",368,"A",,2
437769,"R",32724,"A",,"A",,"G",1091,"A",,"G",1091,"A",,2
437778,"A",,"R",599900,"A",,"G",667,"A",,"G",667,"A",,1
437848,"A",,"R",661888,"A",,"G",735,"A",,"G",735,"A",,1
437857,"A",,"R",142251,"A",,"G",158,"A",,"G",158,"A",,1
437866,"R",1323,"A",,"A",,"G",44,"A",,"G",44,"A",,2
437884,"R",3494,"A",,"A",,"G",116,"A",,"G",116,"A",,2
437927,"R",27330,"A",,"A",,"G",911,"A",,"R",924,"A",,2
437936,"R",28320,"A",,"A",,"G",944,"A",,"G",944,"A",,2
438036,"R",3222,"A",,"A",,"G",107,"A",,"G",107,"A",,2
438151,"R",20137,"A",,"R",1104,"G",671,"G",46,"G",671,"G",46,2
438179,"A",,"R",297682,"A",,"G",331,"A",,"G",331,"A",,1
438197,"A",,"R",2075712,"A",,"G",2306,"A",,"G",2306,"A",,1
438212,"A",,"R",1016708,"A",,"G",1130,"A",,"G",1130,"A",,1
438258,"R",21420,"A",,"A",,"G",714,"A",,"G",714,"A",,2
438267,"A",,"R",126500,"A",,"G",141,"A",,"G",141,"A",,1
438276,"P",7398,"P",428619,"P",0,"P",723,"P",0,"P",723,"P",0,3
438285,"R",14580,"A",,"A",,"G",486,"A",,"G",486,"A",,2
438294,"R",5670,"A",,"A",,"G",189,"A",,"G",189,"A",,2
438337,"A",,"R",333200,"A",,"G",370,"A",,"G",370,"A",,1
438382,"R",12165,"A",,"R",7842,"G",406,"G",327,"R",616,"R",539,2
438416,"R",14082,"A",,"R",3832,"G",469,"G",160,"R",892,"R",199,2
438498,"R",28530,"A",,"R",1701,"G",634,"G",47,"G",634,"G",47,2
438504,"R",145831,"A",,"A",,"G",4861,"A",,"G",4861,"A",,2
438586,"R",55213,"A",,"R",7960,"G",1227,"G",221,"G",1227,"G",221,2
438601,"R",58243,"A",,"R",4560,"G",1294,"G",127,"G",1294,"G",127,2
438610,"R",29820,"A",,"R",5505,"G",994,"G",229,"R",1625,"R",374,2
438629,"R",5265,"A",,"R",1269,"G",176,"G",53,"R",394,"R",119,2
438638,"R",1,"A",,"A",,"R",0,"A",,"Z",0,"A",,2
438647,"A",,"R",572640,"A",,"G",636,"A",,"G",636,"A",,1
438656,"A",,"R",638100,"A",,"G",709,"A",,"G",709,"A",,1
438674,"A",,"R",71988,"A",,"G",80,"A",,"G",80,"A",,1
438708,"R",7241,"A",,"A",,"G",241,"A",,"G",241,"A",,2
438735,"R",23630,"A",,"A",,"G",788,"A",,"R",278,"A",,2
438805,"R",2657,"A",,"A",,"G",89,"A",,"G",89,"A",,2
438869,"R",25182,"A",,"A",,"G",560,"A",,"G",560,"A",,2
438887,"A",,"R",252399,"A",,"G",280,"A",,"G",280,"A",,1
438902,"R",30180,"R",209840,"R",2398,"G",904,"G",67,"R",1018,"R",67,3
438966,"R",24039,"A",,"A",,"G",534,"A",,"G",534,"A",,2
438984,"R",2,"A",,"A",,"R",0,"A",,"Z",0,"A",,2
439020,"A",,"A",,"R",7868,"A",,"G",219,"A",,"G",219,2
439039,"R",12878,"A",,"A",,"G",429,"A",,"G",429,"A",,2
439057,"R",1650,"A",,"R",7474,"G",55,"G",311,"G",55,"G",311,2
439127,"R",16262,"A",,"A",,"G",542,"A",,"G",542,"A",,2
439136,"R",14702,"A",,"A",,"G",327,"A",,"G",327,"A",,2
439145,"R",92871,"A",,"A",,"G",2064,"A",,"G",2064,"A",,2
439163,"R",50743,"A",,"R",7471,"G",1691,"G",311,"G",1691,"G",311,2
439190,"R",65256,"A",,"A",,"G",1450,"A",,"G",1450,"A",,2
439279,"R",15639,"A",,"R",1737,"G",521,"G",72,"R",823,"R",120,2
439288,"R",72364,"A",,"A",,"G",1608,"A",,"G",1608,"A",,2
439297,"R",14434,"A",,"R",3812,"G",481,"G",159,"R",725,"R",219,2
439303,"R",1728,"A",,"A",,"G",38,"A",,"G",38,"A",,2
439312,"R",1536,"A",,"A",,"G",34,"A",,"G",34,"A",,2
439330,"R",1497,"A",,"R",1177,"G",50,"G",49,"G",50,"G",49,2
439367,"A",,"R",250560,"A",,"G",278,"A",,"G",278,"A",,1
439394,"Z",,"A",,"R",900,"A",,"G",38,"A",,"G",38,2
439400,"A",,"R",66000,"A",,"G",73,"A",,"G",73,"A",,1
439437,"R",786,"R",269400,"A",,"G",326,"A",,"G",326,"A",,3
439446,"Z",,"A",,"R",172,"A",,"G",7,"A",,"G",7,2
439455,"R",8520,"R",23688,"A",,"G",216,"A",,"G",216,"A",,3
439473,"A",,"R",331100,"A",,"G",368,"A",,"G",368,"A",,1
439482,"R",9345,"A",,"A",,"G",208,"A",,"G",208,"A",,2
439491,"R",8435,"A",,"A",,"G",187,"A",,"G",187,"A",,2
439507,"A",,"R",147130,"A",,"G",163,"A",,"R",163,"A",,1
439525,"A",,"R",207910,"A",,"G",231,"A",,"G",231,"A",,1
439543,"A",,"R",40334,"A",,"G",45,"A",,"R",45,"A",,1
439570,"R",15540,"A",,"A",,"G",518,"A",,"R",518,"A",,2
439589,"A",,"R",78036,"A",,"G",87,"A",,"G",87,"A",,1
439604,"A",,"R",45000,"A",,"G",50,"A",,"G",50,"A",,1
439613,"R",4415,"A",,"A",,"G",147,"A",,"G",147,"A",,2
439622,"A",,"R",1100,"A",,"G",1,"A",,"G",1,"A",,1
439631,"A",,"R",24580,"A",,"G",27,"A",,"G",27,"A",,1
439659,"A",,"R",32400,"A",,"G",36,"A",,"G",36,"A",,1
439668,"A",,"R",48180,"A",,"G",54,"A",,"G",54,"A",,1
439686,"A",,"R",229585,"A",,"G",255,"A",,"G",255,"A",,1
439695,"A",,"R",99500,"A",,"G",111,"A",,"G",111,"A",,1
439701,"R",5947,"A",,"R",5390,"G",132,"G",150,"G",132,"G",150,2
439729,"A",,"R",58630,"A",,"G",65,"A",,"G",65,"A",,1
439738,"R",22769,"A",,"A",,"G",759,"A",,"G",759,"A",,2
439747,"A",,"R",184800,"A",,"G",205,"A",,"G",205,"A",,1
439756,"A",,"R",48130,"A",,"G",53,"A",,"R",43,"A",,1
439774,"A",,"R",53254,"A",,"G",59,"A",,"G",59,"A",,1
439783,"R",2208,"A",,"R",2525,"G",74,"G",105,"G",74,"G",105,2
439792,"R",15837,"A",,"A",,"G",528,"A",,"G",528,"A",,2
439817,"A",,"A",,"R",539,"A",,"G",22,"A",,"G",22,2
439826,"R",23356,"A",,"A",,"G",779,"A",,"G",779,"A",,2
439844,"A",,"R",60583,"A",,"G",67,"A",,"G",67,"A",,1
439862,"R",4620,"A",,"A",,"G",154,"A",,"G",154,"A",,2
439871,"R",7328,"A",,"A",,"G",244,"A",,"G",244,"A",,2
439899,"R",2611,"A",,"A",,"G",87,"A",,"G",87,"A",,2
439905,"A",,"R",368100,"A",,"G",409,"A",,"G",409,"A",,1
439914,"A",,"A",,"R",945,"A",,"G",39,"A",,"G",39,2
439932,"A",,"R",56700,"A",,"G",63,"A",,"G",63,"A",,1
439969,"R",2520,"A",,"R",1290,"G",84,"G",54,"G",84,"G",54,2
439978,"A",,"R",108000,"A",,"G",120,"A",,"G",120,"A",,1
439987,"A",,"R",115000,"A",,"G",128,"A",,"G",128,"A",,1
439996,"A",,"R",145000,"A",,"G",161,"A",,"G",161,"A",,1
440004,"A",,"A",,"C",850,"A",,"C",35,"A",,"C",35,2
440031,"A",,"A",,"R",2010,"A",,"G",84,"A",,"R",84,2
440059,"R",11250,"A",,"A",,"G",250,"A",,"G",250,"A",,2
440077,"A",,"R",144000,"A",,"G",160,"A",,"G",160,"A",,1
440086,"A",,"R",224600,"A",,"G",250,"A",,"G",250,"A",,1
440101,"A",,"R",71464,"A",,"G",79,"A",,"G",79,"A",,1
440110,"A",,"R",1514700,"A",,"G",1683,"A",,"G",1683,"A",,1
440129,"A",,"R",954000,"A",,"G",1060,"A",,"G",1060,"A",,1
440147,"A",,"R",515086,"A",,"G",572,"A",,"G",572,"A",,1
440165,"R",31976,"A",,"A",,"G",711,"A",,"G",711,"A",,2
440174,"A",,"R",27200,"A",,"G",30,"A",,"G",30,"A",,1
440217,"A",,"R",33414,"A",,"G",37,"A",,"G",37,"A",,1
440226,"A",,"R",153943,"A",,"G",171,"A",,"G",171,"A",,1
440235,"A",,"R",40385,"A",,"G",45,"A",,"G",45,"A",,1
440244,"R",88348,"A",,"A",,"G",2945,"A",,"G",2945,"A",,2
440253,"R",1540,"A",,"R",4800,"G",51,"G",200,"G",51,"G",200,2
440262,"A",,"R",591458,"A",,"G",657,"A",,"G",657,"A",,1
440271,"R",24687,"A",,"A",,"G",823,"A",,"G",823,"A",,2
440299,"R",23552,"A",,"A",,"G",523,"A",,"G",523,"A",,2
440305,"R",54148,"A",,"A",,"G",1805,"A",,"G",1805,"A",,2
440323,"R",19174,"A",,"A",,"G",639,"A",,"G",639,"A",,2
440332,"A",,"R",389980,"A",,"G",433,"A",,"G",433,"A",,1
440341,"R",66553,"A",,"A",,"G",1479,"A",,"G",1479,"A",,2
440369,"A",,"R",858480,"A",,"G",954,"A",,"R",1196,"A",,1
440378,"R",21240,"A",,"A",,"G",708,"A",,"G",708,"A",,2
440396,"R",4493,"A",,"A",,"G",100,"A",,"G",100,"A",,2
440402,"R",27039,"A",,"A",,"G",901,"A",,"G",901,"A",,2
440411,"R",318,"A",,"R",1254,"G",11,"G",52,"G",11,"G",52,2
440420,"R",9734,"A",,"R",2697,"G",324,"G",112,"R",555,"R",174,2
440439,"R",38698,"A",,"R",8496,"G",1290,"G",354,"R",1985,"R",607,2
440448,"R",81349,"A",,"R",14154,"G",2712,"G",590,"R",4024,"R",901,2
440457,"R",16441,"A",,"R",3402,"G",548,"G",142,"R",880,"R",246,2
440466,"R",10457,"A",,"R",2128,"G",349,"G",89,"R",547,"R",142,2
440484,"A",,"R",775267,"A",,"G",861,"A",,"G",861,"A",,1
440536,"R",14033,"A",,"R",2259,"G",468,"G",94,"G",468,"G",94,2
440545,"R",19585,"A",,"R",1933,"G",653,"G",81,"G",653,"G",81,2
440590,"R",13990,"A",,"R",1582,"G",466,"G",66,"G",466,"G",66,2
440615,"R",11022,"A",,"A",,"G",245,"A",,"G",245,"A",,2
440624,"R",22914,"A",,"A",,"G",764,"A",,"G",764,"A",,2
440642,"R",13648,"A",,"A",,"G",303,"A",,"G",303,"A",,2
440651,"A",,"R",904070,"A",,"G",1005,"A",,"G",1005,"A",,1
440679,"R",1224,"A",,"A",,"G",41,"A",,"G",41,"A",,2
440721,"A",,"R",148330,"A",,"G",165,"A",,"G",165,"A",,1
440730,"A",,"R",422206,"A",,"G",469,"A",,"G",469,"A",,1
440749,"R",6240,"A",,"A",,"G",139,"A",,"G",139,"A",,2
440758,"R",6663,"A",,"A",,"G",148,"A",,"G",148,"A",,2
440767,"R",6781,"A",,"A",,"G",151,"A",,"G",151,"A",,2
440776,"A",,"R",50530,"A",,"G",56,"A",,"G",56,"A",,1
440794,"R",2009,"A",,"A",,"G",67,"A",,"G",67,"A",,2
440800,"R",4635,"A",,"A",,"G",103,"A",,"G",103,"A",,2
440819,"R",6030,"A",,"A",,"G",134,"A",,"G",134,"A",,2
440828,"R",10387,"A",,"R",2221,"G",231,"G",62,"G",231,"G",62,2
440837,"R",1248,"A",,"A",,"G",28,"A",,"G",28,"A",,2
440846,"A",,"R",360310,"A",,"G",400,"A",,"G",400,"A",,1
440855,"A",,"R",212400,"A",,"G",236,"A",,"G",236,"A",,1
440864,"A",,"R",129820,"A",,"G",144,"A",,"G",144,"A",,1
440873,"R",20664,"R",2790,"A",,"G",462,"A",,"G",462,"A",,3
440882,"R",11124,"A",,"A",,"G",247,"A",,"G",247,"A",,2
440891,"R",17748,"A",,"A",,"G",394,"A",,"G",394,"A",,2
440907,"A",,"R",271700,"A",,"G",302,"A",,"G",302,"A",,1
440925,"R",63932,"A",,"A",,"G",1421,"A",,"G",1421,"A",,2
440952,"R",26250,"A",,"A",,"G",875,"A",,"G",875,"A",,2
440961,"R",33785,"A",,"A",,"G",751,"A",,"G",751,"A",,2
440970,"A",,"R",192336,"A",,"G",214,"A",,"G",214,"A",,1
440989,"A",,"R",599585,"A",,"G",666,"A",,"G",666,"A",,1
441016,"A",,"R",645040,"A",,"G",717,"A",,"R",902,"A",,1
441025,"R",32268,"A",,"A",,"G",717,"A",,"G",717,"A",,2
441052,"A",,"R",1001097,"A",,"G",1112,"A",,"G",1112,"A",,1
441061,"R",7594,"A",,"A",,"G",169,"A",,"G",169,"A",,2
441070,"R",1736,"A",,"A",,"G",58,"A",,"G",58,"A",,2
441089,"R",83520,"R",1982000,"A",,"G",4986,"A",,"R",2400,"A",,3
441104,"A",,"A",,"R",5620,"A",,"G",234,"A",,"G",234,2
441131,"A",,"A",,"R",3816,"A",,"G",159,"A",,"G",159,2
441168,"A",,"R",79426,"A",,"G",88,"A",,"G",88,"A",,1
441186,"R",16564,"A",,"R",2652,"G",552,"G",111,"G",552,"G",111,2
441195,"R",2632,"A",,"A",,"G",88,"A",,"G",88,"A",,2
441201,"A",,"R",167453,"A",,"G",186,"A",,"G",186,"A",,1
441210,"A",,"R",68850,"A",,"G",77,"A",,"G",77,"A",,1
441229,"R",22416,"A",,"A",,"G",498,"A",,"G",498,"A",,2
441238,"A",,"A",,"R",2220,"A",,"G",93,"A",,"G",93,2
441247,"A",,"R",15000,"A",,"G",17,"A",,"G",17,"A",,1
441256,"A",,"R",43261,"A",,"G",48,"A",,"G",48,"A",,1
441274,"A",,"R",12863,"A",,"G",14,"A",,"G",14,"A",,1
441308,"A",,"A",,"R",3343,"A",,"G",139,"A",,"R",92,2
441362,"A",,"R",96600,"A",,"G",107,"A",,"G",107,"A",,1
441371,"A",,"R",289520,"A",,"G",322,"A",,"G",322,"A",,1
441380,"A",,"R",137700,"A",,"G",153,"A",,"G",153,"A",,1
441399,"R",2219,"A",,"A",,"G",74,"A",,"G",74,"A",,2
441405,"A",,"R",32700,"A",,"G",36,"A",,"G",36,"A",,1
441414,"A",,"R",207801,"A",,"G",231,"A",,"G",231,"A",,1
441423,"R",9058,"A",,"A",,"G",302,"A",,"G",302,"A",,2
441432,"A",,"R",71100,"A",,"G",79,"A",,"G",79,"A",,1
441441,"A",,"R",160200,"A",,"G",178,"A",,"G",178,"A",,1
441450,"A",,"R",900,"A",,"G",1,"A",,"R",1,"A",,1
441478,"A",,"A",,"R",8478,"A",,"G",353,"A",,"G",353,2
441487,"R",154,"R",184500,"A",,"G",210,"A",,"R",210,"A",,3
441496,"R",16650,"A",,"A",,"G",370,"A",,"G",370,"A",,2
441502,"R",6230,"A",,"A",,"G",138,"A",,"G",138,"A",,2
441511,"R",1299,"A",,"R",528,"G",43,"G",22,"G",43,"G",22,2
441548,"A",,"R",45900,"A",,"G",51,"A",,"G",51,"A",,1
441557,"P",,"P",104816,"P",0,"P",116,"P",0,"P",116,"P",0,1
441566,"A",,"R",225420,"A",,"G",250,"A",,"G",250,"A",,1
441575,"A",,"R",110444,"A",,"G",123,"A",,"G",123,"A",,1
441584,"A",,"R",945000,"A",,"G",1050,"A",,"G",1050,"A",,1
441593,"A",,"R",28060,"A",,"G",31,"A",,"G",31,"A",,1
441609,"R",1110,"A",,"A",,"G",37,"A",,"G",37,"A",,2
441618,"A",,"R",92625,"A",,"G",103,"A",,"G",103,"A",,1
441627,"A",,"R",43200,"A",,"G",48,"A",,"G",48,"A",,1
441636,"A",,"R",88508,"A",,"G",98,"A",,"G",98,"A",,1
441645,"A",,"R",194100,"A",,"G",216,"A",,"R",129,"A",,1
441654,"R",175,"R",21450,"A",,"G",30,"A",,"G",30,"A",,3
441663,"A",,"R",83415,"A",,"G",93,"A",,"G",93,"A",,1
441681,"R",7540,"A",,"A",,"G",251,"A",,"G",251,"A",,2
441690,"R",3944,"A",,"A",,"G",131,"A",,"R",164,"A",,2
441706,"R",3456,"A",,"A",,"G",115,"A",,"G",115,"A",,2
441715,"R",4920,"A",,"A",,"G",164,"A",,"G",164,"A",,2
441733,"R",743,"A",,"A",,"G",25,"A",,"R",26,"A",,2
441742,"A",,"R",763146,"A",,"G",848,"A",,"G",848,"A",,1
441751,"R",1525,"A",,"A",,"G",34,"A",,"G",34,"A",,2
441760,"A",,"R",1276352,"A",,"G",1418,"A",,"R",1785,"A",,1
441779,"A",,"R",126900,"A",,"G",141,"A",,"G",141,"A",,1
441788,"R",13980,"A",,"A",,"G",466,"A",,"G",466,"A",,2
441797,"A",,"R",114000,"A",,"G",127,"A",,"G",127,"A",,1
441821,"A",,"R",23400,"A",,"G",26,"A",,"G",26,"A",,1
441830,"A",,"R",36660,"A",,"G",41,"A",,"R",47,"A",,1
441858,"R",576,"R",197,"A",,"G",19,"A",,"G",19,"A",,3
441876,"A",,"R",132277,"A",,"G",147,"A",,"G",147,"A",,1
441900,"R",44926,"A",,"A",,"G",1498,"A",,"G",1498,"A",,2
441919,"R",36000,"A",,"A",,"G",1200,"A",,"G",1200,"A",,2
441928,"R",24886,"A",,"A",,"G",553,"A",,"G",553,"A",,2
441937,"R",81396,"A",,"R",6540,"G",2713,"G",273,"G",2713,"G",273,2
441955,"R",20648,"A",,"A",,"G",459,"A",,"G",459,"A",,2
441964,"R",15013,"A",,"A",,"G",334,"A",,"G",334,"A",,2
441973,"R",88972,"A",,"A",,"G",1977,"A",,"G",1977,"A",,2
441982,"R",8851,"A",,"A",,"G",295,"A",,"G",295,"A",,2
442000,"R",11309,"A",,"A",,"G",377,"A",,"G",377,"A",,2
442028,"R",6405,"A",,"A",,"G",214,"A",,"G",214,"A",,2
442037,"A",,"R",548280,"A",,"G",609,"A",,"G",609,"A",,1
442046,"A",,"R",474212,"A",,"G",527,"A",,"G",527,"A",,1
442064,"A",,"A",,"R",1021,"A",,"G",43,"A",,"R",32,2
442073,"A",,"R",324005,"A",,"G",360,"A",,"R",483,"A",,1
442091,"A",,"R",0,"A",,"R",0,"A",,"Z",0,"A",,1
442134,"A",,"R",412366,"A",,"G",458,"A",,"G",458,"A",,1
442143,"R",19277,"A",,"R",4209,"G",643,"G",175,"R",988,"R",290,2
442152,"R",41048,"A",,"R",13491,"G",1368,"G",562,"R",2021,"R",800,2
442161,"R",30307,"A",,"R",5436,"G",1010,"G",227,"R",1440,"R",317,2
442170,"R",21294,"A",,"R",6239,"G",710,"G",260,"R",1136,"R",401,2
442189,"R",13143,"A",,"R",3033,"G",438,"G",126,"R",660,"R",212,2
442204,"A",,"R",267600,"A",,"G",297,"A",,"G",297,"A",,1
442213,"A",,"R",26500,"A",,"G",29,"A",,"G",29,"A",,1
442222,"R",1302,"A",,"R",8468,"G",43,"G",353,"G",43,"G",353,2
442231,"R",58677,"A",,"A",,"G",1956,"A",,"G",1956,"A",,2
442240,"A",,"R",385812,"A",,"G",429,"A",,"G",429,"A",,1
442259,"R",150,"A",,"A",,"G",5,"A",,"G",5,"A",,2
442268,"R",90,"A",,"R",240,"G",3,"G",10,"G",3,"G",10,2
442310,"R",25830,"A",,"A",,"G",574,"A",,"G",574,"A",,2
442329,"A",,"R",204250,"A",,"G",227,"A",,"G",227,"A",,1
442338,"R",38496,"A",,"A",,"G",855,"A",,"G",855,"A",,2
442347,"R",18200,"A",,"A",,"G",404,"A",,"G",404,"A",,2
442356,"R",12517,"A",,"A",,"G",417,"A",,"G",417,"A",,2
442365,"R",4266,"A",,"R",1947,"G",142,"G",81,"G",142,"G",81,2
442383,"R",14507,"A",,"A",,"G",322,"A",,"G",322,"A",,2
442392,"A",,"A",,"R",1075,"A",,"G",45,"A",,"G",45,2
442408,"R",13104,"A",,"A",,"G",291,"A",,"G",291,"A",,2
442417,"R",7440,"A",,"A",,"G",248,"A",,"G",248,"A",,2
442426,"R",5040,"A",,"A",,"G",168,"A",,"G",168,"A",,2
442435,"R",2700,"A",,"A",,"G",90,"A",,"G",90,"A",,2
442444,"A",,"R",653516,"A",,"G",726,"A",,"G",726,"A",,1
442462,"A",,"R",862200,"A",,"G",958,"A",,"G",958,"A",,1
442499,"A",,"R",288986,"A",,"G",321,"A",,"G",321,"A",,1
442505,"A",,"R",344790,"A",,"G",383,"A",,"G",383,"A",,1
442514,"A",,"R",12840,"A",,"G",14,"A",,"R",14,"A",,1
442578,"R",19373,"A",,"A",,"G",431,"A",,"G",431,"A",,2
442611,"R",114716,"A",,"A",,"G",3824,"A",,"G",3824,"A",,2
442620,"A",,"R",410866,"A",,"G",457,"A",,"G",457,"A",,1
442639,"R",1713,"A",,"A",,"G",57,"A",,"G",57,"A",,2
442648,"A",,"R",800100,"A",,"G",889,"A",,"G",889,"A",,1
442657,"A",,"R",282160,"A",,"G",314,"A",,"G",314,"A",,1
442684,"R",9273,"A",,"A",,"G",309,"A",,"R",309,"A",,2
442718,"R",8353,"A",,"A",,"G",186,"A",,"G",186,"A",,2
442727,"A",,"R",654480,"A",,"G",727,"A",,"G",727,"A",,1
442736,"A",,"R",636160,"A",,"G",707,"A",,"R",884,"A",,1
442745,"R",22295,"A",,"A",,"G",743,"A",,"G",743,"A",,2
442781,"R",3690,"A",,"A",,"G",123,"A",,"G",123,"A",,2
442790,"R",38620,"R",121540,"A",,"G",993,"A",,"R",1240,"A",,3
442815,"R",1254,"A",,"A",,"G",42,"A",,"G",42,"A",,2
442824,"R",31191,"A",,"R",2884,"G",1040,"G",120,"G",1040,"G",120,2
442833,"R",119028,"A",,"R",21073,"G",3968,"G",878,"R",3968,"R",1054,2
442842,"A",,"A",,"R",4344,"A",,"G",181,"A",,"G",181,2
442851,"A",,"R",75612,"A",,"G",84,"A",,"G",84,"A",,1
442879,"A",,"R",171648,"A",,"G",191,"A",,"G",191,"A",,1
442888,"R",5890,"A",,"A",,"G",196,"A",,"G",196,"A",,2
442897,"R",2136,"A",,"A",,"G",71,"A",,"G",71,"A",,2
442912,"A",,"R",20701,"A",,"G",23,"A",,"G",23,"A",,1
442921,"A",,"R",90100,"A",,"G",100,"A",,"G",100,"A",,1
442930,"R",27750,"A",,"A",,"G",925,"A",,"G",925,"A",,2
442949,"R",884,"A",,"A",,"G",29,"A",,"G",29,"A",,2
442958,"A",,"R",90000,"A",,"G",100,"A",,"G",100,"A",,1
442967,"A",,"R",32400,"A",,"G",36,"A",,"G",36,"A",,1
442976,"A",,"R",74335,"A",,"G",83,"A",,"G",83,"A",,1
442985,"R",2465,"A",,"A",,"G",82,"A",,"G",82,"A",,2
443021,"A",,"R",90803,"A",,"G",101,"A",,"G",101,"A",,1
443030,"A",,"A",,"R",1944,"A",,"G",54,"A",,"G",54,2
443049,"R",1584,"A",,"R",3750,"G",35,"G",104,"G",35,"G",104,2
443058,"R",635,"A",,"A",,"G",21,"A",,"G",21,"A",,2
443076,"R",168,"A",,"R",799,"G",6,"G",33,"R",22,"R",94,2
443100,"A",,"R",103050,"A",,"G",115,"A",,"G",115,"A",,1
443137,"A",,"R",174000,"A",,"G",193,"A",,"G",193,"A",,1
443146,"A",,"R",75985,"A",,"G",84,"A",,"G",84,"A",,1
443173,"A",,"R",33583,"A",,"G",37,"A",,"G",37,"A",,1
443207,"A",,"R",669900,"A",,"G",744,"A",,"R",725,"A",,1
443216,"A",,"R",74880,"A",,"G",83,"A",,"G",83,"A",,1
443225,"A",,"R",76320,"A",,"G",85,"A",,"G",85,"A",,1
443234,"A",,"R",221940,"A",,"G",247,"A",,"G",247,"A",,1
443252,"P",5679,"A",,"P",0,"P",189,"P",0,"P",189,"P",0,2
443261,"A",,"R",50000,"A",,"G",56,"A",,"R",100,"A",,1
443270,"R",1825,"A",,"A",,"G",61,"A",,"G",61,"A",,2
443289,"R",1640,"A",,"A",,"G",55,"A",,"G",55,"A",,2
443298,"A",,"R",115500,"A",,"G",128,"A",,"G",128,"A",,1
443313,"A",,"R",89451,"A",,"G",99,"A",,"G",99,"A",,1
443322,"A",,"R",485000,"A",,"G",539,"A",,"G",539,"A",,1
443331,"R",10430,"A",,"A",,"G",348,"A",,"G",348,"A",,2
443340,"R",2160,"A",,"A",,"G",72,"A",,"G",72,"A",,2
443359,"A",,"R",264000,"A",,"G",293,"A",,"G",293,"A",,1
443377,"R",4163,"A",,"A",,"G",139,"A",,"R",133,"A",,2
443410,"R",26600,"A",,"R",892,"G",887,"G",37,"G",887,"G",37,2
443429,"A",,"R",46620,"A",,"G",52,"A",,"G",52,"A",,1
443438,"R",20503,"A",,"A",,"G",683,"A",,"G",683,"A",,2
443456,"R",7891,"A",,"R",3804,"G",263,"G",159,"R",439,"R",220,2
443465,"R",6441,"A",,"R",993,"G",215,"G",41,"R",369,"R",61,2
443474,"R",23427,"A",,"R",9192,"G",781,"G",383,"R",1188,"R",557,2
443483,"R",3845,"A",,"A",,"G",85,"A",,"R",106,"A",,2
443492,"R",56919,"A",,"A",,"G",1897,"A",,"G",1897,"A",,2
443517,"A",,"R",67200,"A",,"G",75,"A",,"G",75,"A",,1
443526,"R",17204,"A",,"A",,"G",382,"A",,"G",382,"A",,2
443535,"R",24720,"A",,"A",,"G",549,"A",,"G",549,"A",,2
443544,"R",9838,"A",,"R",1383,"G",328,"G",58,"R",503,"R",100,2
443553,"A",,"R",335898,"A",,"G",373,"A",,"G",373,"A",,1
443562,"R",56875,"A",,"A",,"G",1896,"A",,"G",1896,"A",,2
443571,"R",4618,"A",,"A",,"G",154,"A",,"G",154,"A",,2
443605,"R",18507,"A",,"A",,"G",617,"A",,"G",617,"A",,2
443623,"R",66160,"A",,"A",,"G",2205,"A",,"G",2205,"A",,2
443632,"A",,"R",136859,"A",,"G",152,"A",,"G",152,"A",,1
443641,"A",,"R",286400,"A",,"G",318,"A",,"G",318,"A",,1
443650,"A",,"R",389040,"A",,"G",432,"A",,"G",432,"A",,1
443669,"A",,"R",228280,"A",,"G",254,"A",,"G",254,"A",,1
443678,"A",,"R",116858,"A",,"G",130,"A",,"G",130,"A",,1
443687,"A",,"R",505116,"A",,"G",561,"A",,"G",561,"A",,1
443696,"A",,"R",24450,"A",,"G",27,"A",,"G",27,"A",,1
443702,"A",,"A",,"R",93,"A",,"G",4,"A",,"G",4,2
443720,"A",,"R",998100,"A",,"G",1109,"A",,"G",1109,"A",,1
443739,"A",,"R",664200,"A",,"G",738,"A",,"G",738,"A",,1
443748,"A",,"R",523840,"A",,"G",582,"A",,"G",582,"A",,1
443827,"R",35282,"A",,"A",,"G",1176,"A",,"G",1176,"A",,2
443836,"R",34347,"A",,"A",,"G",1145,"A",,"G",1145,"A",,2
443845,"R",22830,"A",,"A",,"G",761,"A",,"G",761,"A",,2
443854,"R",5000,"R",420000,"A",,"G",578,"A",,"G",578,"A",,3
443863,"A",,"R",42380,"A",,"G",47,"A",,"G",47,"A",,1
443872,"R",5237,"A",,"R",540,"G",175,"G",23,"R",249,"R",40,2
443881,"R",16980,"A",,"R",1278,"G",566,"G",53,"R",825,"R",75,2
443890,"R",12126,"A",,"R",4257,"G",404,"G",177,"R",608,"R",279,2
443906,"R",5839,"A",,"R",2646,"G",195,"G",110,"R",341,"R",150,2
443915,"R",4437,"A",,"R",1221,"G",148,"G",51,"R",236,"R",89,2
443924,"R",7872,"A",,"R",3057,"G",262,"G",127,"R",411,"R",219,2
443933,"R",1764,"A",,"A",,"G",59,"A",,"G",59,"A",,2
443942,"A",,"R",187460,"A",,"G",208,"A",,"G",208,"A",,1
443951,"R",3280,"A",,"A",,"G",109,"A",,"G",109,"A",,2
443979,"A",,"R",242900,"A",,"G",270,"A",,"G",270,"A",,1
443997,"R",2143,"A",,"R",549,"G",71,"G",23,"G",71,"G",23,2
444015,"A",,"R",1303440,"A",,"G",1448,"A",,"R",1809,"A",,1
444024,"A",,"R",449480,"A",,"G",499,"A",,"G",499,"A",,1
444033,"R",714,"A",,"R",438,"G",24,"G",18,"G",24,"G",18,2
444042,"R",36930,"A",,"A",,"G",1231,"A",,"G",1231,"A",,2
444051,"R",422,"R",110863,"A",,"G",137,"A",,"G",137,"A",,3
444060,"A",,"R",288973,"A",,"G",321,"A",,"G",321,"A",,1
444079,"R",9060,"A",,"A",,"G",302,"A",,"G",302,"A",,2
444088,"A",,"R",273582,"A",,"G",304,"A",,"G",304,"A",,1
444103,"A",,"A",,"R",201,"A",,"G",8,"A",,"G",8,2
444121,"R",26240,"A",,"A",,"G",875,"A",,"G",875,"A",,2
444130,"R",2139,"A",,"R",43148,"G",71,"G",1798,"G",71,"G",1798,2
444158,"R",608262,"A",,"R",56902,"G",13517,"G",1581,"G",13517,"G",1581,2
444167,"R",58829,"A",,"A",,"G",1307,"A",,"G",1307,"A",,2
444176,"A",,"R",47700,"A",,"G",53,"A",,"G",53,"A",,1
444194,"R",6020,"A",,"A",,"G",201,"A",,"G",201,"A",,2
444200,"A",,"R",129950,"A",,"G",144,"A",,"G",144,"A",,1
444219,"R",102823,"R",5112,"A",,"G",3433,"A",,"G",3433,"A",,3
444228,"A",,"R",18441,"A",,"G",20,"A",,"G",20,"A",,1
444237,"R",0,"R",695120,"A",,"G",772,"A",,"G",772,"A",,3
444255,"R",27373,"A",,"A",,"G",608,"A",,"G",608,"A",,2
444264,"R",254,"R",227163,"A",,"G",261,"A",,"G",261,"A",,3
444273,"A",,"R",158400,"A",,"G",176,"A",,"G",176,"A",,1
444282,"A",,"R",70188,"A",,"G",78,"A",,"G",78,"A",,1
444291,"A",,"R",115540,"A",,"G",128,"A",,"G",128,"A",,1
444307,"A",,"R",149858,"A",,"G",167,"A",,"G",167,"A",,1
444316,"A",,"R",130944,"A",,"G",145,"A",,"G",145,"A",,1
444325,"R",16149,"A",,"A",,"G",538,"A",,"R",227,"A",,2
444334,"A",,"R",182580,"A",,"G",203,"A",,"G",203,"A",,1
444343,"A",,"R",201916,"A",,"G",224,"A",,"G",224,"A",,1
444352,"A",,"R",97000,"A",,"G",108,"A",,"G",108,"A",,1
444361,"A",,"R",6320,"A",,"G",7,"A",,"G",7,"A",,1
444370,"A",,"R",99460,"A",,"G",111,"A",,"G",111,"A",,1
444389,"R",13660,"A",,"A",,"G",455,"A",,"G",455,"A",,2
444398,"R",4095,"R",9990,"A",,"G",148,"A",,"G",148,"A",,3
444404,"A",,"R",132000,"A",,"G",147,"A",,"G",147,"A",,1
444413,"R",2520,"A",,"R",280,"G",84,"G",12,"R",84,"R",12,2
444422,"A",,"R",139624,"A",,"G",155,"A",,"G",155,"A",,1
444440,"A",,"R",222500,"A",,"G",247,"A",,"G",247,"A",,1
444459,"A",,"R",14000,"A",,"G",16,"A",,"G",16,"A",,1
444468,"A",,"R",27116,"A",,"G",30,"A",,"G",30,"A",,1
444477,"A",,"R",224400,"A",,"G",249,"A",,"G",249,"A",,1
444486,"A",,"R",192000,"A",,"G",213,"A",,"R",213,"A",,1
444501,"A",,"R",17100,"A",,"G",19,"A",,"G",19,"A",,1
444510,"R",922,"A",,"A",,"G",31,"A",,"G",31,"A",,2
444529,"R",4500,"A",,"A",,"G",150,"A",,"G",150,"A",,2
444547,"A",,"R",78883,"A",,"G",88,"A",,"G",88,"A",,1
444556,"A",,"R",22819,"A",,"G",25,"A",,"G",25,"A",,1
444565,"R",802,"R",57380,"A",,"G",90,"A",,"G",90,"A",,3
444574,"A",,"R",210600,"A",,"G",234,"A",,"G",234,"A",,1
444583,"R",5877,"A",,"A",,"G",196,"A",,"G",196,"A",,2
444592,"R",0,"R",27000,"A",,"G",30,"A",,"G",30,"A",,3
444608,"A",,"R",20789,"A",,"G",23,"A",,"G",23,"A",,1
444626,"R",656,"A",,"A",,"G",22,"A",,"G",22,"A",,2
444635,"A",,"R",33366,"A",,"G",37,"A",,"G",37,"A",,1
444644,"R",873,"A",,"A",,"G",29,"A",,"G",29,"A",,2
444653,"A",,"R",69000,"A",,"G",77,"A",,"G",77,"A",,1
444662,"R",4090,"A",,"A",,"G",136,"A",,"R",110,"A",,2
444671,"R",10500,"A",,"A",,"G",233,"A",,"G",233,"A",,2
444680,"A",,"R",80700,"A",,"G",90,"A",,"G",90,"A",,1
444699,"A",,"A",,"R",600,"A",,"G",25,"A",,"G",25,2
444705,"A",,"R",50400,"A",,"G",56,"A",,"G",56,"A",,1
444714,"A",,"R",535790,"A",,"G",595,"A",,"R",580,"A",,1
444723,"R",4800,"A",,"R",16782,"G",160,"G",699,"G",160,"G",699,2
444732,"A",,"R",109400,"A",,"G",122,"A",,"G",122,"A",,1
444741,"R",4000,"A",,"A",,"G",133,"A",,"G",133,"A",,2
444750,"A",,"R",46500,"A",,"G",52,"A",,"G",52,"A",,1
444769,"A",,"R",27089,"A",,"G",30,"A",,"R",23,"A",,1
444778,"R",992,"A",,"R",228,"G",33,"G",10,"G",33,"G",10,2
444787,"R",44,"A",,"A",,"G",1,"A",,"G",1,"A",,2
444796,"R",24,"R",257760,"A",,"G",287,"A",,"G",287,"A",,3
444802,"A",,"R",125280,"A",,"G",139,"A",,"G",139,"A",,1
444848,"R",564,"A",,"R",1356,"G",19,"G",57,"G",19,"G",57,2
444857,"A",,"R",24000,"A",,"G",27,"A",,"G",27,"A",,1
444866,"A",,"R",83000,"A",,"G",92,"A",,"R",166,"A",,1
444875,"A",,"R",14841,"A",,"G",16,"A",,"G",16,"A",,1
444884,"A",,"R",3388,"A",,"G",4,"A",,"G",4,"A",,1
444893,"R",2790,"A",,"A",,"G",93,"A",,"G",93,"A",,2
444909,"A",,"R",46000,"A",,"G",51,"A",,"G",51,"A",,1
444927,"R",8962,"A",,"A",,"G",199,"A",,"G",199,"A",,2
444936,"A",,"R",72000,"A",,"G",80,"A",,"G",80,"A",,1
444945,"A",,"R",282240,"A",,"G",314,"A",,"G",314,"A",,1
444954,"R",46908,"A",,"A",,"G",1564,"A",,"G",1564,"A",,2
444972,"R",10670,"A",,"A",,"G",356,"A",,"G",356,"A",,2
444981,"A",,"R",15000,"A",,"G",17,"A",,"G",17,"A",,1
444990,"R",12061,"A",,"A",,"G",402,"A",,"G",402,"A",,2
445009,"R",39286,"A",,"A",,"G",1310,"A",,"G",1310,"A",,2
445018,"R",37792,"A",,"A",,"G",1260,"A",,"G",1260,"A",,2
445027,"R",634027,"A",,"R",109746,"G",14089,"G",3049,"G",14089,"G",3049,2
445072,"A",,"R",225583,"A",,"G",251,"A",,"G",251,"A",,1
445081,"R",13816,"A",,"A",,"G",307,"A",,"G",307,"A",,2
445090,"R",20200,"A",,"A",,"G",449,"A",,"R",370,"A",,2
445106,"R",16208,"A",,"A",,"G",360,"A",,"G",360,"A",,2
445115,"R",45279,"A",,"A",,"G",1509,"A",,"G",1509,"A",,2
445124,"R",36466,"A",,"A",,"G",810,"A",,"G",810,"A",,2
445133,"R",21427,"A",,"R",2274,"G",476,"G",63,"G",476,"G",63,2
445142,"A",,"R",558400,"A",,"G",620,"A",,"G",620,"A",,1
445188,"R",36326,"A",,"R",1875,"G",1211,"G",78,"G",1211,"G",78,2
445197,"R",9557,"R",125460,"A",,"G",352,"A",,"G",352,"A",,3
445203,"R",26882,"A",,"A",,"G",597,"A",,"G",597,"A",,2
445212,"A",,"R",269004,"A",,"G",299,"A",,"G",299,"A",,1
445221,"A",,"R",85180,"A",,"G",95,"A",,"G",95,"A",,1
445230,"A",,"R",653186,"A",,"G",726,"A",,"G",726,"A",,1
445249,"R",18545,"A",,"A",,"G",618,"A",,"G",618,"A",,2
445258,"A",,"R",348465,"A",,"G",387,"A",,"G",387,"A",,1
445267,"R",27684,"A",,"R",1989,"G",923,"G",83,"G",923,"G",83,2
445276,"A",,"R",163744,"A",,"G",182,"A",,"G",182,"A",,1
445300,"R",10291,"A",,"A",,"G",343,"A",,"R",502,"A",,2
445319,"R",9250,"A",,"R",2231,"G",308,"G",93,"R",527,"R",145,2
445328,"R",42286,"A",,"A",,"G",1410,"A",,"G",1410,"A",,2
445337,"R",15001,"A",,"A",,"G",500,"A",,"G",500,"A",,2
445346,"A",,"R",990220,"A",,"G",1100,"A",,"G",1100,"A",,1
445355,"R",18030,"A",,"A",,"G",601,"A",,"G",601,"A",,2
445364,"A",,"R",321840,"A",,"G",358,"A",,"G",358,"A",,1
445373,"A",,"R",295840,"A",,"G",329,"A",,"R",408,"A",,1
445382,"A",,"R",636480,"A",,"G",707,"A",,"G",707,"A",,1
445391,"R",4295,"A",,"R",1251,"G",143,"G",52,"R",219,"R",65,2
445407,"R",927,"A",,"R",752,"G",31,"G",31,"G",31,"G",31,2
445416,"R",14682,"A",,"A",,"G",489,"A",,"G",489,"A",,2
445434,"R",35848,"R",76880,"A",,"G",882,"A",,"G",882,"A",,3
445443,"A",,"R",268729,"A",,"G",299,"A",,"R",288,"A",,1
445452,"R",2412,"R",960000,"A",,"G",1147,"A",,"R",690,"A",,3
445461,"A",,"R",979160,"A",,"G",1088,"A",,"G",1088,"A",,1
445470,"R",1279,"R",274770,"A",,"G",348,"A",,"R",417,"A",,3
445489,"A",,"R",86385,"A",,"G",96,"A",,"G",96,"A",,1
445498,"A",,"R",55055,"A",,"G",61,"A",,"G",61,"A",,1
445504,"A",,"R",97321,"A",,"G",108,"A",,"G",108,"A",,1
445522,"A",,"R",180000,"A",,"G",200,"A",,"G",200,"A",,1
445531,"A",,"R",27900,"A",,"G",31,"A",,"G",31,"A",,1
445540,"A",,"R",36600,"A",,"G",41,"A",,"G",41,"A",,1
445559,"R",14652,"R",131400,"A",,"G",472,"A",,"R",553,"A",,3
445577,"A",,"R",813600,"A",,"G",904,"A",,"G",904,"A",,1
445586,"A",,"R",681300,"A",,"G",757,"A",,"G",757,"A",,1
445595,"A",,"R",452700,"A",,"G",503,"A",,"G",503,"A",,1
445601,"A",,"R",1947600,"A",,"G",2164,"A",,"G",2164,"A",,1
445610,"A",,"R",787500,"A",,"G",875,"A",,"G",875,"A",,1
445629,"A",,"R",102528,"A",,"G",114,"A",,"G",114,"A",,1
445638,"A",,"R",45504,"A",,"G",51,"A",,"G",51,"A",,1
445647,"A",,"R",77184,"A",,"G",86,"A",,"G",86,"A",,1
445656,"A",,"R",72000,"A",,"G",80,"A",,"R",80,"A",,1
445665,"A",,"R",542500,"A",,"G",603,"A",,"G",603,"A",,1
445674,"R",18125,"A",,"A",,"G",604,"A",,"G",604,"A",,2
445683,"A",,"R",63000,"A",,"G",70,"A",,"G",70,"A",,1
445692,"R",13626,"A",,"R",744,"G",303,"G",21,"R",201,"R",14,2
445708,"R",115061,"A",,"A",,"G",2557,"A",,"G",2557,"A",,2
445717,"R",34187,"A",,"R",5588,"G",1140,"G",233,"R",2042,"R",378,2
445726,"R",21924,"A",,"A",,"G",487,"A",,"G",487,"A",,2
445735,"R",3586,"A",,"R",453,"G",120,"G",19,"G",120,"G",19,2
445744,"R",10475,"A",,"A",,"G",349,"A",,"G",349,"A",,2
445753,"R",9638,"A",,"A",,"G",321,"A",,"G",321,"A",,2
445762,"R",10368,"A",,"A",,"G",346,"A",,"R",144,"A",,2
445771,"A",,"R",468400,"A",,"G",520,"A",,"G",520,"A",,1
445780,"A",,"R",36948,"A",,"G",41,"A",,"G",41,"A",,1
445799,"R",136596,"A",,"A",,"G",4553,"A",,"G",4553,"A",,2
445805,"A",,"R",2160,"A",,"G",2,"A",,"G",2,"A",,1
445814,"R",44904,"A",,"A",,"G",1497,"A",,"G",1497,"A",,2
445823,"R",1597,"A",,"A",,"G",53,"A",,"G",53,"A",,2
445832,"A",,"R",86580,"A",,"G",96,"A",,"G",96,"A",,1
445841,"A",,"R",154800,"A",,"G",172,"A",,"G",172,"A",,1
445850,"A",,"R",106700,"A",,"G",119,"A",,"G",119,"A",,1
445869,"A",,"A",,"R",842,"A",,"G",35,"A",,"G",35,2
445896,"A",,"R",140102,"A",,"G",156,"A",,"G",156,"A",,1
445911,"R",18588,"A",,"A",,"G",620,"A",,"G",620,"A",,2
445920,"R",34072,"A",,"Z",0,"G",757,"A",,"G",757,"A",,2
445939,"R",31500,"A",,"Z",0,"G",700,"A",,"G",700,"A",,2
445948,"R",2721,"R",50200,"A",,"G",146,"A",,"G",146,"A",,3
445957,"A",,"R",179067,"A",,"G",199,"A",,"R",239,"A",,1
445966,"A",,"A",,"R",1625,"A",,"G",68,"A",,"G",68,2
445984,"A",,"R",28800,"A",,"G",32,"A",,"R",29,"A",,1
445993,"A",,"R",89025,"A",,"G",99,"A",,"G",99,"A",,1
446002,"A",,"A",,"R",2056,"A",,"G",86,"A",,"G",86,2
446011,"R",810,"A",,"A",,"G",27,"A",,"G",27,"A",,2
446020,"A",,"R",45936,"A",,"G",51,"A",,"G",51,"A",,1
446039,"A",,"A",,"R",1795,"A",,"G",75,"A",,"R",43,2
446048,"R",12880,"A",,"R",900,"G",429,"G",38,"G",429,"G",38,2
446057,"A",,"R",103314,"A",,"G",115,"A",,"G",115,"A",,1
446066,"A",,"R",650,"A",,"G",1,"A",,"G",1,"A",,1
446075,"A",,"R",28500,"A",,"G",32,"A",,"R",32,"A",,1
446084,"R",3320,"A",,"A",,"G",111,"A",,"R",74,"A",,2
446093,"R",0,"R",34064,"A",,"G",38,"A",,"G",38,"A",,3
446109,"A",,"R",61263,"A",,"G",68,"A",,"G",68,"A",,1
446118,"A",,"R",395000,"A",,"G",439,"A",,"G",439,"A",,1
446127,"A",,"R",201580,"A",,"G",224,"A",,"G",224,"A",,1
446136,"R",4056,"A",,"A",,"G",135,"A",,"G",135,"A",,2
446145,"R",932,"A",,"A",,"G",31,"A",,"R",34,"A",,2
446154,"R",10545,"A",,"A",,"G",352,"A",,"G",352,"A",,2
446163,"R",1326,"A",,"A",,"G",29,"A",,"G",29,"A",,2
446172,"A",,"R",37080,"A",,"G",41,"A",,"G",41,"A",,1
446190,"A",,"R",55500,"A",,"G",62,"A",,"G",62,"A",,1
446206,"A",,"R",45000,"A",,"G",50,"A",,"G",50,"A",,1
446215,"A",,"R",55161,"A",,"G",61,"A",,"G",61,"A",,1
446224,"A",,"R",59001,"A",,"G",66,"A",,"G",66,"A",,1
446233,"R",3450,"A",,"A",,"G",115,"A",,"G",115,"A",,2
446242,"R",1919,"A",,"A",,"G",64,"A",,"G",64,"A",,2
446251,"R",1200,"A",,"A",,"G",40,"A",,"G",40,"A",,2
446260,"A",,"R",80922,"A",,"G",90,"A",,"G",90,"A",,1
446279,"R",9570,"R",0,"A",,"G",319,"A",,"G",319,"A",,3
446288,"A",,"R",125274,"A",,"G",139,"A",,"G",139,"A",,1
446297,"A",,"R",13870,"A",,"G",15,"A",,"G",15,"A",,1
446303,"A",,"R",167510,"A",,"G",186,"A",,"G",186,"A",,1
446312,"R",12550,"A",,"A",,"G",279,"A",,"G",279,"A",,2
446321,"A",,"R",35400,"A",,"G",39,"A",,"G",39,"A",,1
446349,"A",,"R",19040,"A",,"G",21,"A",,"R",20,"A",,1
446358,"A",,"R",17052,"A",,"G",19,"A",,"G",19,"A",,1
446367,"A",,"R",113580,"A",,"G",126,"A",,"G",126,"A",,1
446385,"R",8246,"A",,"A",,"G",183,"A",,"G",183,"A",,2
446394,"R",1011,"A",,"R",380,"G",34,"G",16,"G",34,"G",16,2
446400,"A",,"R",389160,"A",,"G",432,"A",,"G",432,"A",,1
446419,"A",,"R",29270,"A",,"G",33,"A",,"G",33,"A",,1
446428,"A",,"R",31980,"A",,"G",36,"A",,"G",36,"A",,1
446437,"A",,"R",30000,"A",,"G",33,"A",,"G",33,"A",,1
446446,"R",4860,"A",,"A",,"G",162,"A",,"G",162,"A",,2
446455,"A",,"R",87216,"A",,"G",97,"A",,"G",97,"A",,1
446464,"A",,"R",49655,"A",,"G",55,"A",,"G",55,"A",,1
446482,"R",1175,"A",,"A",,"G",39,"A",,"R",44,"A",,2
446491,"A",,"R",62080,"A",,"G",69,"A",,"G",69,"A",,1
446507,"A",,"R",10631,"A",,"G",12,"A",,"G",12,"A",,1
446525,"A",,"R",218613,"A",,"G",243,"A",,"G",243,"A",,1
446534,"A",,"R",17314,"A",,"G",19,"A",,"G",19,"A",,1
446543,"A",,"R",57720,"A",,"G",64,"A",,"G",64,"A",,1
446552,"R",1270,"A",,"A",,"G",42,"A",,"G",42,"A",,2
446561,"A",,"R",256024,"A",,"G",284,"A",,"G",284,"A",,1
446570,"A",,"R",45000,"A",,"G",50,"A",,"G",50,"A",,1
446589,"A",,"R",196200,"A",,"G",218,"A",,"G",218,"A",,1
446598,"R",682,"R",69000,"A",,"G",99,"A",,"G",99,"A",,3
446604,"R",35060,"A",,"A",,"G",1169,"A",,"G",1169,"A",,2
446613,"R",2685,"A",,"A",,"G",90,"A",,"G",90,"A",,2
446622,"R",3442,"A",,"A",,"G",115,"A",,"G",115,"A",,2
446640,"R",2684,"A",,"R",90,"G",89,"G",4,"G",89,"G",4,2
446668,"R",15608,"A",,"A",,"G",347,"A",,"G",347,"A",,2
446677,"R",10039,"A",,"R",416,"G",335,"G",17,"R",194,"R",8,2
446701,"R",1272,"A",,"R",339,"G",42,"G",14,"R",53,"R",21,2
446710,"R",5619,"A",,"R",576,"G",187,"G",24,"R",276,"R",39,2
446729,"R",2979,"A",,"R",2127,"G",99,"G",89,"R",142,"R",126,2
446738,"R",14412,"A",,"R",2949,"G",480,"G",123,"R",776,"R",188,2
446747,"R",6442,"A",,"R",2367,"G",215,"G",99,"R",323,"R",142,2
446756,"R",5191,"A",,"R",1996,"G",173,"G",83,"R",327,"R",136,2
446765,"R",7984,"A",,"R",4374,"G",266,"G",182,"R",489,"R",264,2
446774,"R",28817,"A",,"A",,"G",961,"A",,"G",961,"A",,2
446783,"R",8498,"A",,"A",,"G",283,"A",,"G",283,"A",,2
446792,"R",20148,"A",,"A",,"G",448,"A",,"G",448,"A",,2
446808,"R",26664,"A",,"A",,"G",593,"A",,"G",593,"A",,2
446817,"R",20585,"A",,"A",,"G",457,"A",,"G",457,"A",,2
446835,"R",46702,"A",,"A",,"G",1557,"A",,"G",1557,"A",,2
446844,"R",48007,"A",,"A",,"G",1600,"A",,"G",1600,"A",,2
446853,"A",,"R",754200,"A",,"G",838,"A",,"G",838,"A",,1
446862,"A",,"R",391500,"A",,"G",435,"A",,"G",435,"A",,1
446871,"A",,"R",253800,"A",,"G",282,"A",,"G",282,"A",,1
446880,"R",11664,"A",,"A",,"G",259,"A",,"G",259,"A",,2
446899,"R",16956,"A",,"A",,"G",377,"A",,"G",377,"A",,2
446905,"R",13338,"A",,"A",,"G",296,"A",,"G",296,"A",,2
446914,"R",16641,"A",,"A",,"G",370,"A",,"G",370,"A",,2
446923,"R",9008,"A",,"A",,"G",200,"A",,"G",200,"A",,2
446932,"A",,"A",,"R",9550,"A",,"G",398,"A",,"G",398,2
446969,"R",45839,"A",,"R",23307,"G",1528,"G",971,"G",1528,"G",971,2
446996,"A",,"R",53100,"A",,"G",59,"A",,"G",59,"A",,1
447014,"R",1441,"A",,"A",,"G",48,"A",,"G",48,"A",,2
447023,"A",,"R",217400,"A",,"G",242,"A",,"G",242,"A",,1
447050,"R",774,"A",,"R",372,"G",26,"G",16,"G",26,"G",16,2
447069,"A",,"R",111000,"A",,"G",123,"A",,"G",123,"A",,1
447102,"R",24443,"A",,"A",,"G",815,"A",,"G",815,"A",,2
447111,"R",810,"A",,"A",,"G",27,"A",,"G",27,"A",,2
447120,"R",13859,"A",,"A",,"G",462,"A",,"G",462,"A",,2
447139,"R",16773,"A",,"A",,"G",373,"A",,"G",373,"A",,2
447148,"A",,"R",63770,"A",,"G",71,"A",,"G",71,"A",,1
447157,"A",,"R",181509,"A",,"G",202,"A",,"G",202,"A",,1
447166,"R",5247,"A",,"A",,"G",175,"A",,"G",175,"A",,2
447175,"R",3844,"A",,"A",,"G",128,"A",,"G",128,"A",,2
447209,"A",,"R",1007580,"A",,"G",1120,"A",,"R",1399,"A",,1
447218,"A",,"R",574960,"A",,"G",639,"A",,"G",639,"A",,1
447227,"A",,"R",365000,"A",,"G",406,"A",,"R",504,"A",,1
447236,"R",8604,"R",115600,"A",,"G",320,"A",,"R",370,"A",,3
447245,"A",,"R",250160,"A",,"G",278,"A",,"R",347,"A",,1
447254,"A",,"R",21840,"A",,"G",24,"A",,"G",24,"A",,1
447263,"R",7775,"A",,"A",,"G",259,"A",,"G",259,"A",,2
447272,"R",1039,"A",,"R",428,"G",35,"G",18,"G",35,"G",18,2
447290,"R",16924,"A",,"A",,"G",376,"A",,"G",376,"A",,2
447315,"A",,"R",65419,"A",,"G",73,"A",,"G",73,"A",,1
447324,"A",,"R",84422,"A",,"G",94,"A",,"G",94,"A",,1
447333,"A",,"R",69676,"A",,"G",77,"A",,"G",77,"A",,1
447342,"A",,"R",42222,"A",,"G",47,"A",,"G",47,"A",,1
447351,"A",,"R",202288,"A",,"G",225,"A",,"G",225,"A",,1
447360,"R",8866,"A",,"A",,"G",296,"A",,"G",296,"A",,2
447379,"R",0,"R",160810,"A",,"G",179,"A",,"G",179,"A",,3
447388,"A",,"R",131450,"A",,"G",146,"A",,"G",146,"A",,1
447397,"R",10103,"A",,"A",,"G",225,"A",,"G",225,"A",,2
447403,"R",78425,"A",,"A",,"G",2614,"A",,"G",2614,"A",,2
447421,"R",16454,"A",,"A",,"G",366,"A",,"G",366,"A",,2
447430,"A",,"R",59350,"A",,"G",66,"A",,"G",66,"A",,1
447449,"A",,"R",136200,"A",,"G",151,"A",,"G",151,"A",,1
447458,"R",37680,"A",,"A",,"G",1256,"A",,"G",1256,"A",,2
447467,"A",,"R",291840,"A",,"G",324,"A",,"G",324,"A",,1
447476,"R",5904,"A",,"A",,"G",131,"A",,"G",131,"A",,2
447485,"R",578,"A",,"R",195,"G",19,"G",8,"G",19,"G",8,2
447494,"R",1447,"A",,"A",,"G",48,"A",,"G",48,"A",,2
447500,"R",2503,"A",,"A",,"G",83,"A",,"G",83,"A",,2
447519,"R",1354,"A",,"A",,"G",45,"A",,"G",45,"A",,2
447528,"R",1890,"R",126000,"A",,"G",203,"A",,"G",203,"A",,3
447582,"R",38711,"A",,"A",,"G",1290,"A",,"G",1290,"A",,2
447591,"A",,"R",174335,"A",,"G",194,"A",,"G",194,"A",,1
447625,"R",7740,"A",,"A",,"G",172,"A",,"G",172,"A",,2
447634,"R",19546,"A",,"A",,"G",652,"A",,"G",652,"A",,2
447643,"R",27778,"A",,"A",,"G",617,"A",,"G",617,"A",,2
447652,"R",7541,"A",,"R",1602,"G",251,"G",67,"R",415,"R",84,2
447661,"R",9303,"A",,"R",4971,"G",310,"G",207,"R",486,"R",309,2
447670,"R",18651,"A",,"A",,"G",414,"A",,"G",414,"A",,2
447698,"A",,"A",,"R",2842,"A",,"G",118,"A",,"G",118,2
447704,"A",,"R",73392,"A",,"G",82,"A",,"G",82,"A",,1
447713,"A",,"R",165600,"A",,"G",184,"A",,"G",184,"A",,1
447722,"R",1050,"A",,"A",,"G",35,"A",,"G",35,"A",,2
447731,"A",,"R",20400,"A",,"G",23,"A",,"G",23,"A",,1
447759,"A",,"R",42944,"A",,"G",48,"A",,"G",48,"A",,1
447768,"A",,"R",400268,"A",,"G",445,"A",,"G",445,"A",,1
447777,"A",,"R",88832,"A",,"G",99,"A",,"G",99,"A",,1
447795,"A",,"R",37920,"A",,"G",42,"A",,"G",42,"A",,1
447801,"A",,"A",,"R",4512,"A",,"G",188,"A",,"G",188,2
447810,"R",6292,"R",14411,"A",,"G",226,"A",,"G",226,"A",,3
447829,"A",,"R",54720,"A",,"G",61,"A",,"G",61,"A",,1
447838,"R",60,"A",,"A",,"G",2,"A",,"G",2,"A",,2
447847,"A",,"R",81900,"A",,"G",91,"A",,"G",91,"A",,1
447856,"R",744,"A",,"A",,"G",17,"A",,"G",17,"A",,2
447865,"A",,"R",92336,"A",,"G",103,"A",,"G",103,"A",,1
447874,"A",,"R",181851,"A",,"G",202,"A",,"R",287,"A",,1
447883,"A",,"R",96000,"A",,"G",107,"A",,"G",107,"A",,1
447892,"A",,"R",76140,"A",,"G",85,"A",,"G",85,"A",,1
447908,"A",,"R",36541,"A",,"G",41,"A",,"G",41,"A",,1
447917,"A",,"R",27600,"A",,"G",31,"A",,"G",31,"A",,1
447926,"A",,"R",16848,"A",,"G",19,"A",,"G",19,"A",,1
447935,"R",17184,"A",,"A",,"G",382,"A",,"G",382,"A",,2
447953,"R",2531,"A",,"A",,"G",84,"A",,"G",84,"A",,2
447962,"A",,"R",57131,"A",,"G",63,"A",,"G",63,"A",,1
447971,"A",,"R",100500,"A",,"G",112,"A",,"G",112,"A",,1
447980,"A",,"R",58500,"A",,"G",65,"A",,"G",65,"A",,1
447999,"R",7320,"A",,"A",,"G",244,"A",,"G",244,"A",,2
448008,"A",,"R",26452,"A",,"G",29,"A",,"G",29,"A",,1
448017,"A",,"R",15750,"A",,"G",18,"A",,"R",21,"A",,1
448026,"A",,"R",119881,"A",,"G",133,"A",,"G",133,"A",,1
448035,"A",,"R",30000,"A",,"G",33,"A",,"G",33,"A",,1
448044,"A",,"R",17250,"A",,"G",19,"A",,"G",19,"A",,1
448053,"A",,"R",1000,"A",,"G",1,"A",,"G",1,"A",,1
448071,"A",,"R",168684,"A",,"G",187,"A",,"G",187,"A",,1
448080,"R",692,"A",,"A",,"G",23,"A",,"G",23,"A",,2
448099,"P",,"P",43702,"P",0,"P",49,"P",0,"P",49,"P",0,1
448105,"A",,"R",31500,"A",,"G",35,"A",,"R",40,"A",,1
448114,"R",14440,"A",,"A",,"G",481,"A",,"G",481,"A",,2
448123,"R",2040,"A",,"A",,"G",68,"A",,"G",68,"A",,2
448132,"A",,"R",40000,"A",,"G",44,"A",,"G",44,"A",,1
448141,"A",,"R",32714,"A",,"G",36,"A",,"G",36,"A",,1
448150,"A",,"R",96720,"A",,"G",107,"A",,"G",107,"A",,1
448169,"A",,"R",8100,"A",,"G",9,"A",,"G",9,"A",,1
448178,"A",,"R",164800,"A",,"G",183,"A",,"G",183,"A",,1
448187,"A",,"R",43200,"A",,"G",48,"A",,"G",48,"A",,1
448196,"R",2968,"R",29083,"A",,"G",131,"A",,"G",131,"A",,3
448202,"A",,"R",88860,"A",,"G",99,"A",,"G",99,"A",,1
448211,"A",,"R",1500,"A",,"G",2,"A",,"G",2,"A",,1
448220,"A",,"R",57600,"A",,"G",64,"A",,"G",64,"A",,1
448239,"R",7675,"R",24080,"A",,"G",283,"A",,"G",283,"A",,3
448248,"A",,"R",517442,"A",,"G",575,"A",,"G",575,"A",,1
448257,"A",,"R",3150,"A",,"G",4,"A",,"G",4,"A",,1
448266,"A",,"R",30600,"A",,"G",34,"A",,"G",34,"A",,1
448275,"A",,"R",45436,"A",,"G",50,"A",,"G",50,"A",,1
448284,"R",18906,"A",,"R",20032,"G",630,"G",835,"G",630,"G",835,2
448309,"R",36940,"A",,"R",5050,"G",1231,"G",210,"G",1231,"G",210,2
448318,"R",14138,"A",,"R",8726,"G",471,"G",364,"G",471,"G",364,2
448345,"R",23715,"A",,"A",,"G",527,"A",,"G",527,"A",,2
448354,"A",,"R",231000,"A",,"G",257,"A",,"G",257,"A",,1
448363,"A",,"R",300499,"A",,"G",334,"A",,"G",334,"A",,1
448372,"A",,"R",183967,"A",,"G",204,"A",,"G",204,"A",,1
448406,"R",16461,"A",,"A",,"G",549,"A",,"G",549,"A",,2
448415,"R",24098,"A",,"A",,"G",536,"A",,"G",536,"A",,2
448424,"A",,"R",70988,"A",,"G",79,"A",,"R",65,"A",,1
448433,"R",53481,"A",,"A",,"G",1783,"A",,"G",1783,"A",,2
448442,"R",5844,"A",,"A",,"G",130,"A",,"G",130,"A",,2
448451,"R",9280,"A",,"A",,"G",206,"A",,"G",206,"A",,2
448460,"R",2828,"A",,"A",,"G",63,"A",,"G",63,"A",,2
448479,"R",18180,"A",,"A",,"G",404,"A",,"G",404,"A",,2
448488,"R",6574,"A",,"A",,"G",146,"A",,"G",146,"A",,2
448497,"R",6278,"A",,"A",,"G",140,"A",,"G",140,"A",,2
448503,"R",7640,"A",,"A",,"G",170,"A",,"G",170,"A",,2
448512,"R",10788,"A",,"A",,"G",240,"A",,"G",240,"A",,2
448521,"R",1939,"A",,"R",834,"G",65,"G",35,"R",121,"R",52,2
448530,"R",5517,"A",,"R",582,"G",184,"G",24,"R",289,"R",31,2
448549,"R",501,"A",,"Z",0,"G",17,"A",,"R",34,"A",,2
448558,"R",1605,"A",,"R",423,"G",54,"G",18,"R",84,"R",26,2
448567,"R",4890,"A",,"R",2430,"G",163,"G",101,"R",290,"R",150,2
448576,"R",18136,"A",,"A",,"G",403,"A",,"G",403,"A",,2
448585,"R",12033,"A",,"A",,"G",267,"A",,"G",267,"A",,2
448594,"R",62171,"R",14820,"A",,"G",2089,"A",,"G",2089,"A",,3
448600,"R",7674,"A",,"A",,"G",171,"A",,"G",171,"A",,2
448619,"R",2821,"A",,"A",,"G",94,"A",,"G",94,"A",,2
448628,"A",,"R",107344,"A",,"G",119,"A",,"G",119,"A",,1
448646,"A",,"R",267840,"A",,"G",298,"A",,"G",298,"A",,1
448655,"R",30580,"A",,"A",,"G",1019,"A",,"G",1019,"A",,2
448664,"R",9200,"A",,"A",,"G",204,"A",,"G",204,"A",,2
448673,"R",5337,"A",,"A",,"G",119,"A",,"G",119,"A",,2
448682,"A",,"A",,"R",1487,"A",,"G",62,"A",,"R",68,2
448691,"A",,"A",,"R",502,"A",,"G",21,"A",,"G",21,2
448707,"R",11340,"A",,"A",,"G",378,"A",,"G",378,"A",,2
448716,"R",10851,"A",,"A",,"G",362,"A",,"G",362,"A",,2
448734,"R",1342,"A",,"R",840,"G",45,"G",35,"G",45,"G",35,2
448752,"R",2320,"A",,"A",,"G",77,"A",,"G",77,"A",,2
448761,"R",3315,"A",,"A",,"G",111,"A",,"G",111,"A",,2
448770,"A",,"R",559500,"A",,"G",622,"A",,"G",622,"A",,1
448789,"R",38884,"A",,"A",,"G",1296,"A",,"G",1296,"A",,2
448798,"A",,"R",236150,"A",,"G",262,"A",,"G",262,"A",,1
448804,"R",2503,"A",,"A",,"G",83,"A",,"G",83,"A",,2
448822,"R",1956,"A",,"R",339,"G",65,"G",14,"R",114,"R",22,2
448831,"R",660,"A",,"R",330,"G",22,"G",14,"R",41,"R",20,2
448859,"R",3756,"A",,"A",,"G",125,"A",,"R",144,"A",,2
448877,"R",550,"A",,"R",120,"G",18,"G",5,"G",18,"G",5,2
448886,"R",61671,"A",,"R",20921,"G",2056,"G",872,"G",2056,"G",872,2
448895,"A",,"R",657020,"A",,"G",730,"A",,"G",730,"A",,1
448965,"A",,"R",87548,"A",,"G",97,"A",,"G",97,"A",,1
448974,"R",3040,"A",,"A",,"G",101,"A",,"G",101,"A",,2
448983,"R",4282,"A",,"A",,"G",143,"A",,"G",143,"A",,2
449001,"R",8948,"A",,"A",,"G",199,"A",,"R",175,"A",,2
449010,"R",3018,"A",,"A",,"G",67,"A",,"G",67,"A",,2
449074,"A",,"R",217500,"A",,"G",242,"A",,"G",242,"A",,1
449083,"R",5980,"A",,"A",,"G",199,"A",,"G",199,"A",,2
449092,"R",5560,"A",,"A",,"G",185,"A",,"G",185,"A",,2
449117,"R",19516,"A",,"A",,"G",434,"A",,"G",434,"A",,2
449126,"R",9786,"A",,"A",,"G",217,"A",,"G",217,"A",,2
449135,"R",20790,"A",,"A",,"G",693,"A",,"G",693,"A",,2
449144,"R",19215,"A",,"A",,"G",641,"A",,"G",641,"A",,2
449153,"R",16240,"A",,"A",,"G",541,"A",,"G",541,"A",,2
449162,"A",,"R",50027,"A",,"G",56,"A",,"G",56,"A",,1
449171,"A",,"R",53095,"A",,"G",59,"A",,"G",59,"A",,1
449180,"A",,"R",59199,"A",,"G",66,"A",,"G",66,"A",,1
449199,"A",,"R",48843,"A",,"G",54,"A",,"G",54,"A",,1
449205,"A",,"R",56380,"A",,"G",63,"A",,"G",63,"A",,1
449214,"A",,"R",43871,"A",,"G",49,"A",,"G",49,"A",,1
449223,"A",,"R",63419,"A",,"G",70,"A",,"G",70,"A",,1
449232,"A",,"R",53685,"A",,"G",60,"A",,"G",60,"A",,1
449241,"A",,"R",47000,"A",,"G",52,"A",,"G",52,"A",,1
449250,"A",,"R",170550,"A",,"G",190,"A",,"G",190,"A",,1
449269,"A",,"R",106560,"A",,"G",118,"A",,"G",118,"A",,1
449278,"R",27150,"A",,"A",,"G",905,"A",,"G",905,"A",,2
449302,"R",6720,"A",,"A",,"G",149,"A",,"G",149,"A",,2
449311,"A",,"R",130702,"A",,"G",145,"A",,"G",145,"A",,1
449320,"A",,"R",380000,"A",,"G",422,"A",,"G",422,"A",,1
449339,"R",151938,"A",,"R",43866,"G",5065,"G",1828,"G",5065,"G",1828,2
449348,"R",2038,"A",,"A",,"G",68,"A",,"G",68,"A",,2
449357,"R",1142,"A",,"A",,"G",38,"A",,"R",68,"A",,2
449366,"A",,"R",236160,"A",,"G",262,"A",,"R",262,"A",,1
449375,"A",,"R",200000,"A",,"G",222,"A",,"G",222,"A",,1
449384,"K",936,"A",,"K",0,"K",21,"K",0,"K",23,"K",0,2
449393,"A",,"R",134017,"A",,"G",149,"A",,"R",161,"A",,1
449409,"R",643,"A",,"A",,"G",21,"A",,"G",21,"A",,2
449418,"A",,"R",55732,"A",,"G",62,"A",,"G",62,"A",,1
449427,"R",812,"A",,"A",,"G",27,"A",,"G",27,"A",,2
449436,"R",432,"A",,"A",,"G",14,"A",,"G",14,"A",,2
449445,"A",,"R",62640,"A",,"G",70,"A",,"G",70,"A",,1
449454,"A",,"R",1000,"A",,"G",1,"A",,"G",1,"A",,1
449463,"A",,"R",80882,"A",,"G",90,"A",,"G",90,"A",,1
449472,"A",,"R",93330,"A",,"G",104,"A",,"G",104,"A",,1
449481,"A",,"A",,"R",1253,"A",,"G",52,"A",,"R",28,2
449490,"A",,"R",53720,"A",,"G",60,"A",,"G",60,"A",,1
449506,"A",,"R",124640,"A",,"G",138,"A",,"G",138,"A",,1
449515,"A",,"R",133927,"A",,"G",149,"A",,"G",149,"A",,1
449524,"A",,"R",75672,"A",,"G",84,"A",,"G",84,"A",,1
449533,"A",,"R",71056,"A",,"G",79,"A",,"G",79,"A",,1
449542,"A",,"R",500,"A",,"G",1,"A",,"G",1,"A",,1
449551,"A",,"R",10800,"A",,"G",12,"A",,"G",12,"A",,1
449560,"A",,"R",30960,"A",,"G",34,"A",,"G",34,"A",,1
449579,"A",,"A",,"R",480,"A",,"G",20,"A",,"R",16,2
449588,"K",,"K",36882,"K",0,"K",41,"K",0,"K",40,"K",0,1
449597,"A",,"R",24879,"A",,"G",28,"A",,"R",28,"A",,1
449603,"A",,"R",38081,"A",,"G",42,"A",,"G",42,"A",,1
449612,"R",2196,"A",,"A",,"G",73,"A",,"R",61,"A",,2
449621,"A",,"R",22500,"A",,"G",25,"A",,"G",25,"A",,1
449630,"A",,"R",17915,"A",,"G",20,"A",,"G",20,"A",,1
449649,"A",,"R",1500,"A",,"G",2,"A",,"G",2,"A",,1
449658,"R",2765,"A",,"A",,"G",92,"A",,"R",88,"A",,2
449667,"A",,"R",121262,"A",,"G",135,"A",,"G",135,"A",,1
449676,"A",,"R",2000,"A",,"G",2,"A",,"G",2,"A",,1
449685,"A",,"R",25200,"A",,"G",28,"A",,"G",28,"A",,1
449694,"A",,"R",180000,"A",,"G",200,"A",,"G",200,"A",,1
449700,"R",10275,"A",,"A",,"G",343,"A",,"G",343,"A",,2
449719,"R",12850,"A",,"A",,"G",286,"A",,"G",286,"A",,2
449728,"R",588,"A",,"A",,"G",20,"A",,"G",20,"A",,2
449737,"R",144,"A",,"A",,"G",5,"A",,"G",5,"A",,2
449746,"A",,"R",16200,"A",,"G",18,"A",,"G",18,"A",,1
449755,"A",,"R",3226,"A",,"G",4,"A",,"G",4,"A",,1
449764,"R",2178,"A",,"A",,"G",73,"A",,"G",73,"A",,2
449773,"A",,"R",349875,"A",,"G",389,"A",,"G",389,"A",,1
449782,"A",,"R",106560,"A",,"G",118,"A",,"G",118,"A",,1
449791,"A",,"R",307200,"A",,"G",341,"A",,"G",341,"A",,1
449807,"R",0,"R",53359,"A",,"G",59,"A",,"G",59,"A",,3
449816,"A",,"R",123921,"A",,"G",138,"A",,"G",138,"A",,1
449825,"A",,"R",22000,"A",,"G",24,"A",,"G",24,"A",,1
449843,"K",,"K",27378,"K",0,"K",30,"K",0,"K",36,"K",0,1
449852,"A",,"R",57618,"A",,"G",64,"A",,"G",64,"A",,1
449861,"A",,"R",89670,"A",,"G",100,"A",,"G",100,"A",,1
449870,"R",1020,"R",666,"R",3290,"G",35,"G",137,"G",35,"G",137,3
449898,"R",7438,"A",,"A",,"G",165,"A",,"G",165,"A",,2
449904,"A",,"R",263000,"A",,"G",292,"A",,"G",292,"A",,1
449913,"A",,"R",63998,"A",,"G",71,"A",,"G",71,"A",,1
449931,"R",21020,"A",,"R",679,"G",701,"G",28,"G",701,"G",28,2
449940,"A",,"R",43652,"A",,"G",49,"A",,"G",49,"A",,1
449959,"A",,"R",126755,"A",,"G",141,"A",,"G",141,"A",,1
449968,"A",,"R",347845,"A",,"G",386,"A",,"G",386,"A",,1
450003,"R",4750,"A",,"A",,"G",106,"A",,"G",106,"A",,2
450012,"R",2347,"A",,"A",,"G",78,"A",,"R",33,"A",,2
450021,"R",15435,"A",,"A",,"G",343,"A",,"G",343,"A",,2
450058,"R",4440,"A",,"A",,"G",148,"A",,"G",148,"A",,2
450067,"A",,"R",119970,"A",,"G",133,"A",,"G",133,"A",,1
450076,"R",6711,"A",,"A",,"G",224,"A",,"G",224,"A",,2
450085,"R",792,"A",,"A",,"G",18,"A",,"G",18,"A",,2
450119,"R",6440,"A",,"A",,"G",143,"A",,"G",143,"A",,2
450128,"R",595,"A",,"A",,"G",13,"A",,"G",13,"A",,2
450146,"A",,"R",75576,"A",,"G",84,"A",,"G",84,"A",,1
450155,"A",,"R",308700,"A",,"G",343,"A",,"G",343,"A",,1
450164,"R",2115,"A",,"A",,"G",47,"A",,"G",47,"A",,2
450173,"A",,"R",101780,"A",,"G",113,"A",,"G",113,"A",,1
450182,"A",,"R",154779,"A",,"G",172,"A",,"G",172,"A",,1
450191,"R",14893,"A",,"A",,"G",331,"A",,"G",331,"A",,2
450207,"R",384,"A",,"A",,"G",9,"A",,"G",9,"A",,2
450225,"R",684,"A",,"A",,"G",15,"A",,"G",15,"A",,2
450289,"R",9004,"A",,"A",,"G",200,"A",,"G",200,"A",,2
450304,"A",,"A",,"R",1151,"A",,"G",48,"A",,"G",48,2
450395,"A",,"R",123900,"A",,"G",138,"A",,"G",138,"A",,1
450401,"R",2850,"A",,"A",,"G",95,"A",,"R",102,"A",,2
450429,"R",2856,"A",,"A",,"G",63,"A",,"G",63,"A",,2
450438,"R",4014,"A",,"A",,"G",89,"A",,"G",89,"A",,2
450447,"R",1368,"A",,"A",,"G",30,"A",,"G",30,"A",,2
450465,"R",1636,"A",,"A",,"G",36,"A",,"G",36,"A",,2
450474,"R",4527,"A",,"R",819,"G",151,"G",34,"R",231,"R",47,2
450492,"R",510,"A",,"R",213,"G",17,"G",9,"R",36,"R",17,2
450526,"R",1161,"A",,"R",798,"G",39,"G",33,"G",39,"G",33,2
450535,"R",162,"A",,"R",1542,"G",5,"G",64,"G",5,"G",64,2
450544,"R",1410,"A",,"R",93,"G",47,"G",4,"G",47,"G",4,2
450553,"R",432,"R",8640,"A",,"G",19,"A",,"G",19,"A",,3
450562,"A",,"R",57960,"A",,"G",64,"A",,"G",64,"A",,1
450632,"A",,"R",38464,"A",,"G",43,"A",,"G",43,"A",,1
450641,"A",,"R",97399,"A",,"G",108,"A",,"G",108,"A",,1
450748,"R",3680,"A",,"A",,"G",123,"A",,"G",123,"A",,2
450757,"A",,"R",157191,"A",,"G",175,"A",,"G",175,"A",,1
