UNITID,XCDACTUA,CDACTUA,XCNACTUA,CNACTUA,XCDACTGA,CDACTGA,XEFTEUG,EFTEUG,XEFTEGD,EFTEGD,XFTEUG,FTEUG,XFTEGD,FTEGD,XFTEDPP,FTEDPP,ACTTYPE 
100654,"R",117182,"A",,"R",14838,"G",3906,"G",618,"G",3906,"G",618,"A",,2
100663,"R",300955,"A",,"R",115707,"G",10032,"G",4821,"G",10032,"G",4821,"R",1400,2
100690,"R",8812,"A",,"R",5407,"G",294,"G",225,"G",294,"G",225,"R",60,2
100706,"R",150003,"A",,"R",24148,"G",5000,"G",1006,"G",5000,"R",1057,"R",23,2
100724,"R",151039,"A",,"R",10132,"G",5035,"G",422,"G",5035,"G",422,"R",114,2
100751,"R",814437,"A",,"R",90802,"G",27148,"G",3783,"G",27148,"G",3783,"R",792,2
100760,"R",44668,"A",,"A",,"G",1489,"A",,"G",1489,"A",,"A",,2
100812,"R",83144,"A",,"A",,"G",2771,"A",,"G",2771,"A",,"A",,2
100830,"R",107122,"A",,"R",12496,"G",3571,"G",521,"G",3571,"G",521,"A",,2
100858,"R",589063,"A",,"R",74542,"G",19635,"G",3106,"G",19635,"G",3106,"R",1074,2
100937,"R",39929,"A",,"A",,"G",1331,"A",,"G",1331,"A",,"A",,2
101028,"R",42932,"A",,"A",,"G",1431,"A",,"G",1431,"A",,"A",,2
101073,"R",15454,"A",,"A",,"G",515,"A",,"G",515,"A",,"A",,2
101116,"R",25953,"A",,"R",1754,"G",577,"G",49,"G",577,"G",49,"A",,2
101143,"R",63031,"A",,"A",,"G",2101,"A",,"G",2101,"A",,"A",,2
101161,"R",111081,"A",,"A",,"G",3703,"A",,"G",3703,"A",,"A",,2
101189,"R",79727,"A",,"R",5503,"G",2658,"G",229,"G",2658,"G",229,"R",392,2
101240,"R",139495,"A",,"A",,"G",4650,"A",,"G",4650,"A",,"A",,2
101277,"A",,"R",83588,"A",,"G",93,"A",,"G",93,"A",,"A",,1
101286,"R",108316,"A",,"A",,"G",3611,"A",,"G",3611,"A",,"A",,2
101295,"R",134581,"A",,"A",,"G",4486,"A",,"G",4486,"A",,"A",,2
101301,"R",47232,"A",,"A",,"G",1574,"A",,"G",1574,"A",,"A",,2
101365,"R",10146,"A",,"A",,"G",338,"A",,"G",338,"A",,"A",,2
101435,"R",32328,"A",,"A",,"G",1078,"A",,"G",1078,"A",,"A",,2
101453,"R",1302,"A",,"R",240,"G",43,"G",10,"G",43,"G",10,"A",,2
101462,"R",27629,"A",,"A",,"G",921,"A",,"G",921,"A",,"A",,2
101471,"R",16927,"A",,"A",,"G",564,"A",,"G",564,"A",,"A",,2
101480,"R",205679,"A",,"R",17029,"G",6856,"G",710,"G",6856,"G",710,"A",,2
101499,"R",28062,"A",,"A",,"G",935,"A",,"G",935,"A",,"A",,2
101505,"R",181221,"A",,"A",,"G",6041,"A",,"G",6041,"A",,"A",,2
101514,"R",237340,"A",,"A",,"G",7911,"A",,"G",7911,"A",,"A",,2
101541,"R",10282,"A",,"A",,"G",343,"A",,"G",343,"A",,"A",,2
101569,"R",80836,"A",,"A",,"G",2695,"A",,"G",2695,"A",,"A",,2
101587,"R",52319,"A",,"R",39604,"G",1744,"G",1650,"G",1744,"G",1650,"A",,2
101602,"R",40151,"A",,"A",,"G",1338,"A",,"G",1338,"A",,"A",,2
101648,"R",12667,"A",,"A",,"G",422,"A",,"G",422,"A",,"A",,2
101675,"R",50440,"A",,"A",,"G",1681,"A",,"G",1681,"A",,"A",,2
101693,"R",40225,"A",,"R",2221,"G",1341,"G",93,"G",1341,"G",93,"A",,2
101709,"R",73639,"A",,"R",8896,"G",2455,"G",371,"G",2455,"G",371,"A",,2
101736,"R",81066,"A",,"A",,"G",2702,"A",,"G",2702,"A",,"A",,2
101879,"R",158773,"A",,"R",14249,"G",5292,"G",594,"G",5292,"G",594,"A",,2
101897,"R",72255,"A",,"A",,"G",2409,"A",,"G",2409,"A",,"A",,2
101912,"R",53320,"A",,"R",1131,"G",1777,"G",47,"G",1777,"G",47,"A",,2
101949,"R",33723,"A",,"A",,"G",1124,"A",,"G",1124,"A",,"A",,2
101958,"R",6007,"A",,"A",,"G",133,"A",,"G",133,"A",,"A",,2
101994,"R",19749,"R",12963,"A",,"G",673,"A",,"G",673,"A",,"A",,3
102030,"R",84654,"A",,"A",,"G",2822,"A",,"G",2822,"A",,"A",,2
102049,"R",93012,"A",,"R",17501,"G",3100,"G",729,"G",3100,"G",729,"R",1040,2
102058,"R",13000,"A",,"R",725,"G",433,"G",30,"G",433,"G",30,"A",,2
102067,"R",123190,"A",,"A",,"G",4106,"A",,"G",4106,"A",,"A",,2
102076,"R",60696,"A",,"A",,"G",2023,"A",,"G",2023,"A",,"A",,2
102094,"R",308667,"A",,"R",70541,"G",10289,"G",2939,"G",10289,"R",3256,"R",297,2
102234,"R",36745,"A",,"R",1643,"G",1225,"G",68,"G",1225,"G",68,"A",,2
102261,"R",4476,"A",,"A",,"G",149,"A",,"G",149,"A",,"A",,2
102270,"R",28196,"A",,"A",,"G",940,"A",,"G",940,"A",,"A",,2
102298,"R",16272,"A",,"A",,"G",542,"A",,"G",542,"A",,"A",,2
102313,"R",38262,"A",,"A",,"G",1275,"A",,"G",1275,"A",,"A",,2
102368,"R",397843,"A",,"R",69293,"G",13261,"G",2887,"G",13261,"G",2887,"R",25,2
102377,"R",78180,"A",,"R",4896,"G",2606,"G",204,"G",2606,"G",204,"R",275,2
102395,"R",3003,"A",,"R",5898,"G",100,"G",246,"G",100,"G",246,"A",,2
102429,"R",89109,"A",,"A",,"G",2970,"A",,"G",2970,"A",,"A",,2
102553,"R",344073,"A",,"R",24339,"G",11469,"G",1014,"G",11469,"G",1014,"A",,2
102580,"R",838,"A",,"A",,"G",28,"A",,"G",28,"A",,"A",,2
102614,"R",166348,"A",,"R",20449,"G",5545,"G",852,"G",5545,"G",852,"A",,2
102632,"R",46322,"A",,"R",9375,"G",1544,"G",391,"G",1544,"G",391,"A",,2
102669,"R",10253,"A",,"R",3843,"G",342,"G",160,"G",342,"R",175,"R",15,2
102711,"A",,"R",265454,"A",,"G",295,"A",,"G",295,"A",,"A",,1
102845,"R",134235,"A",,"A",,"G",2983,"A",,"G",2983,"A",,"A",,2
103361,"R",7876,"A",,"A",,"G",263,"A",,"G",263,"A",,"A",,2
103501,"R",22216,"A",,"A",,"G",741,"A",,"G",741,"A",,"A",,2
103644,"R",60243,"A",,"A",,"G",2008,"A",,"G",2008,"A",,"A",,2
103723,"R",28793,"A",,"A",,"G",640,"A",,"G",640,"A",,"A",,2
103732,"A",,"R",72249,"A",,"G",80,"A",,"G",80,"A",,"A",,1
103741,"A",,"R",193832,"A",,"G",215,"A",,"G",215,"A",,"A",,1
103778,"R",18,"A",,"R",23078,"G",1,"G",962,"G",1,"G",962,"A",,2
103787,"R",1993,"A",,"A",,"G",66,"A",,"G",66,"A",,"A",,2
103811,"R",34416,"R",184880,"A",,"G",1353,"A",,"R",1644,"A",,"A",,3
103893,"R",17179,"A",,"A",,"G",573,"A",,"G",573,"A",,"A",,2
103909,"R",22996,"A",,"A",,"G",767,"A",,"G",767,"A",,"A",,2
103927,"R",11384,"A",,"A",,"G",379,"A",,"G",379,"A",,"A",,2
103945,"R",12030,"A",,"A",,"G",401,"A",,"G",401,"A",,"A",,2
103954,"A",,"R",54735,"A",,"G",61,"A",,"G",61,"A",,"A",,1
103963,"A",,"R",1031480,"A",,"G",1146,"A",,"G",1146,"A",,"A",,1
104090,"R",22069,"A",,"A",,"G",736,"A",,"G",736,"A",,"A",,2
104151,"R",1163664,"A",,"R",171888,"G",38789,"G",7162,"G",38789,"G",7162,"R",698,2
104160,"R",160280,"R",100540,"A",,"G",5454,"A",,"R",5538,"A",,"A",,3
104179,"R",925102,"A",,"R",131699,"G",30837,"G",5487,"G",30837,"G",5487,"R",1977,2
104188,"R",8300,"A",,"R",160,"G",277,"G",7,"G",277,"G",7,"A",,2
104294,"A",,"R",135679,"A",,"G",151,"A",,"G",151,"A",,"A",,1
104346,"R",146801,"A",,"A",,"G",4893,"A",,"G",4893,"A",,"A",,2
104364,"R",30838,"A",,"A",,"G",685,"A",,"G",685,"A",,"A",,2
104391,"A",,"R",75533,"A",,"G",84,"A",,"G",84,"A",,"A",,1
104425,"R",257912,"A",,"A",,"G",8597,"A",,"R",7909,"A",,"A",,2
104434,"A",,"R",67792,"A",,"G",75,"A",,"G",75,"A",,"A",,1
104443,"A",,"R",126628,"A",,"G",141,"A",,"G",141,"A",,"A",,1
104504,"A",,"R",169404,"A",,"G",188,"A",,"G",188,"A",,"A",,1
104568,"A",,"R",442800,"A",,"G",492,"A",,"G",492,"A",,"A",,1
104577,"R",114300,"A",,"A",,"G",3810,"A",,"G",3810,"A",,"A",,2
104586,"R",50214,"A",,"R",745,"G",1674,"G",31,"G",1674,"G",31,"A",,2
104665,"A",,"R",4342,"R",610,"G",5,"G",25,"G",5,"G",25,"A",,1
104708,"R",374183,"R",54155,"A",,"G",12533,"A",,"R",12558,"A",,"A",,3
104717,"R",830842,"A",,"R",395791,"G",27695,"G",16491,"G",27695,"G",16491,"A",,2
104805,"R",92430,"A",,"A",,"G",3081,"A",,"G",3081,"A",,"A",,2
104911,"A",,"R",241958,"A",,"G",269,"A",,"G",269,"A",,"A",,1
105118,"R",15690,"A",,"A",,"G",523,"A",,"G",523,"A",,"A",,2
105145,"R",102428,"A",,"A",,"G",3414,"A",,"R",3415,"A",,"A",,2
105154,"R",441242,"R",16201,"A",,"G",14726,"A",,"R",14734,"A",,"A",,3
105163,"R",21058,"A",,"A",,"G",468,"A",,"G",468,"A",,"A",,2
105172,"R",25857,"A",,"A",,"G",575,"A",,"G",575,"A",,"A",,2
105206,"R",99261,"A",,"A",,"G",3309,"A",,"G",3309,"A",,"A",,2
105215,"R",89279,"A",,"A",,"G",2976,"A",,"G",2976,"A",,"A",,2
105297,"R",40695,"A",,"A",,"G",1357,"A",,"G",1357,"A",,"A",,2
105330,"R",589336,"A",,"R",68366,"G",19645,"G",2849,"R",21724,"R",3418,"R",625,2
105349,"R",58929,"A",,"A",,"G",1964,"A",,"G",1964,"A",,"A",,2
105367,"R",11600,"A",,"R",10418,"G",387,"G",434,"G",387,"G",434,"A",,2
105428,"R",210038,"A",,"A",,"G",7001,"A",,"G",7001,"A",,"A",,2
105482,"A",,"R",103435,"A",,"G",115,"A",,"G",115,"A",,"A",,1
105516,"R",81639,"A",,"R",27375,"G",2721,"G",1141,"G",2721,"G",1141,"A",,2
105525,"R",558348,"R",163771,"A",,"G",18794,"A",,"G",18794,"A",,"A",,3
105534,"A",,"R",2121260,"A",,"G",2357,"A",,"G",2357,"A",,"A",,1
105543,"A",,"R",1254142,"A",,"G",1393,"A",,"G",1393,"A",,"A",,1
105589,"R",20403,"A",,"R",8479,"G",680,"G",353,"G",680,"G",353,"A",,2
105659,"R",25272,"A",,"A",,"G",842,"A",,"G",842,"A",,"A",,2
105668,"R",414445,"R",971277,"A",,"G",14894,"A",,"R",15333,"A",,"A",,3
105677,"A",,"R",52800,"A",,"G",59,"A",,"R",60,"A",,"A",,1
105701,"A",,"R",80000,"A",,"G",89,"A",,"G",89,"A",,"A",,1
105747,"R",180914,"A",,"A",,"G",6030,"A",,"G",6030,"A",,"A",,2
105792,"R",82088,"A",,"A",,"G",2736,"A",,"R",2737,"A",,"A",,2
105899,"R",15784,"A",,"A",,"G",526,"A",,"G",526,"A",,"A",,2
105987,"R",11460,"R",8008,"A",,"G",391,"A",,"G",391,"A",,"A",,3
106041,"R",115790,"A",,"A",,"G",3860,"A",,"G",3860,"A",,"A",,2
106102,"R",29538,"A",,"R",10065,"G",985,"G",419,"G",985,"G",419,"A",,2
106111,"A",,"R",208159,"A",,"G",231,"A",,"G",231,"A",,"A",,1
106148,"R",127730,"A",,"A",,"G",4258,"A",,"G",4258,"A",,"A",,2
106245,"R",234427,"A",,"R",33918,"G",7814,"G",1413,"G",7814,"G",1413,"R",503,2
106263,"R",21669,"A",,"R",14565,"G",722,"G",607,"G",722,"G",607,"R",1149,2
106281,"A",,"R",22675,"A",,"G",25,"A",,"G",25,"A",,"A",,1
106306,"R",26324,"A",,"A",,"G",877,"A",,"G",877,"A",,"A",,2
106315,"A",,"R",46675,"A",,"G",52,"A",,"G",52,"A",,"A",,1
106324,"A",,"R",31915,"A",,"G",35,"A",,"G",35,"A",,"A",,1
106342,"R",16757,"A",,"A",,"G",559,"A",,"G",559,"A",,"A",,2
106351,"A",,"R",140706,"A",,"G",156,"A",,"G",156,"A",,"A",,1
106360,"A",,"R",47118,"A",,"G",52,"A",,"G",52,"A",,"A",,1
106397,"R",583340,"A",,"R",65233,"G",19445,"G",2718,"G",19445,"G",2718,"R",478,2
106412,"R",74819,"A",,"R",1542,"G",2494,"G",64,"G",2494,"G",64,"A",,2
106449,"R",101622,"A",,"A",,"G",3387,"A",,"G",3387,"A",,"A",,2
106458,"R",277271,"A",,"R",73951,"G",9242,"G",3081,"G",9242,"G",3081,"R",131,2
106467,"R",251943,"A",,"R",15371,"G",8398,"G",640,"G",8398,"G",640,"A",,2
106485,"R",90942,"A",,"R",2364,"G",3031,"G",99,"G",3031,"G",99,"A",,2
106494,"A",,"R",46607,"A",,"G",52,"A",,"G",52,"A",,"A",,1
106546,"R",31657,"A",,"A",,"G",1055,"A",,"G",1055,"A",,"A",,2
106625,"R",57189,"A",,"A",,"G",1906,"A",,"G",1906,"A",,"A",,2
106704,"R",267241,"A",,"R",25537,"G",8908,"G",1064,"G",8908,"G",1064,"R",259,2
106713,"R",22258,"A",,"A",,"G",742,"A",,"G",742,"A",,"A",,2
106795,"R",30330,"A",,"A",,"G",1011,"A",,"G",1011,"A",,"A",,2
106810,"R",4415,"A",,"A",,"G",147,"A",,"G",147,"A",,"A",,2
106829,"R",10062,"R",50236,"A",,"G",391,"A",,"G",391,"A",,"A",,3
106883,"R",27584,"A",,"A",,"G",919,"A",,"G",919,"A",,"A",,2
106892,"A",,"R",290704,"A",,"G",323,"A",,"G",323,"A",,"A",,1
106908,"A",,"R",463004,"A",,"G",514,"A",,"G",514,"A",,"A",,1
106980,"R",67115,"A",,"A",,"G",2237,"A",,"G",2237,"A",,"A",,2
106999,"R",31526,"A",,"A",,"G",1051,"A",,"G",1051,"A",,"A",,2
107044,"R",128996,"A",,"R",25445,"G",4300,"G",1060,"G",4300,"G",1060,"R",235,2
107071,"R",95912,"A",,"R",7934,"G",3197,"G",331,"G",3197,"G",331,"A",,2
107080,"R",43148,"A",,"R",460,"G",1438,"G",19,"G",1438,"G",19,"A",,2
107099,"A",,"R",64774,"A",,"G",72,"A",,"G",72,"A",,"A",,1
107123,"R",3770,"A",,"A",,"G",126,"A",,"G",126,"A",,"A",,2
107141,"R",52550,"A",,"R",8271,"G",1752,"G",345,"G",1752,"G",345,"A",,2
107211,"A",,"R",27946,"A",,"G",31,"A",,"G",31,"A",,"A",,1
107220,"A",,"R",314471,"A",,"G",349,"A",,"G",349,"A",,"A",,1
107275,"A",,"R",11378,"A",,"G",13,"A",,"G",13,"A",,"A",,1
107293,"A",,"R",101633,"A",,"G",113,"A",,"G",113,"A",,"A",,1
107318,"R",36501,"A",,"A",,"G",1217,"A",,"G",1217,"A",,"A",,2
107327,"R",34473,"A",,"A",,"G",1149,"A",,"G",1149,"A",,"A",,2
107363,"A",,"R",54684,"A",,"G",61,"A",,"G",61,"A",,"A",,1
107442,"A",,"R",64380,"A",,"G",72,"A",,"G",72,"A",,"A",,1
107460,"R",52332,"A",,"A",,"G",1744,"A",,"G",1744,"A",,"A",,2
107488,"R",10220,"A",,"A",,"G",341,"A",,"G",341,"A",,"A",,2
107512,"R",46069,"A",,"A",,"G",1536,"A",,"G",1536,"A",,"A",,2
107521,"R",27704,"A",,"A",,"G",923,"A",,"G",923,"A",,"A",,2
107549,"R",37535,"A",,"A",,"G",1251,"A",,"G",1251,"A",,"A",,2
107558,"R",17703,"A",,"A",,"G",590,"A",,"R",598,"A",,"A",,2
107585,"R",51144,"A",,"A",,"G",1705,"A",,"G",1705,"A",,"A",,2
107600,"R",18720,"A",,"A",,"G",624,"A",,"G",624,"A",,"A",,2
107619,"R",34538,"A",,"A",,"G",1151,"A",,"G",1151,"A",,"A",,2
107637,"R",37540,"A",,"A",,"G",1251,"A",,"G",1251,"A",,"A",,2
107655,"A",,"R",37102,"A",,"G",41,"A",,"G",41,"A",,"A",,1
107664,"R",251881,"A",,"A",,"G",8396,"A",,"G",8396,"A",,"A",,2
107725,"R",31633,"A",,"A",,"G",1054,"A",,"G",1054,"A",,"A",,2
107743,"R",19068,"A",,"A",,"G",636,"A",,"G",636,"A",,"A",,2
107789,"A",,"R",113040,"A",,"G",126,"A",,"G",126,"A",,"A",,1
107831,"A",,"R",95818,"A",,"G",106,"A",,"G",106,"A",,"A",,1
107840,"R",2742,"A",,"A",,"G",91,"A",,"G",91,"A",,"A",,2
107877,"R",15478,"A",,"A",,"G",516,"A",,"G",516,"A",,"A",,2
107974,"R",39299,"A",,"A",,"G",1310,"A",,"G",1310,"A",,"A",,2
107983,"R",80431,"A",,"R",7783,"G",2681,"G",324,"G",2681,"G",324,"A",,2
107992,"R",39485,"A",,"A",,"G",1316,"A",,"G",1316,"A",,"A",,2
108065,"A",,"R",21950,"A",,"G",24,"A",,"G",24,"A",,"A",,1
108092,"R",183077,"A",,"A",,"G",6103,"A",,"G",6103,"A",,"A",,2
108232,"R",241866,"A",,"R",102954,"G",8062,"G",4290,"G",8062,"G",4290,"A",,2
108250,"R",25833,"A",,"A",,"G",574,"A",,"G",574,"A",,"A",,2
108269,"A",,"A",,"R",3391,"A",,"G",141,"A",,"G",141,"A",,-2
108348,"R",1822,"A",,"A",,"G",61,"A",,"G",61,"A",,"A",,2
108649,"A",,"R",240300,"A",,"G",267,"A",,"G",267,"A",,"A",,1
108667,"R",92115,"A",,"A",,"G",3071,"A",,"G",3071,"A",,"A",,2
108807,"R",199182,"A",,"A",,"G",6639,"A",,"G",6639,"A",,"A",,2
108852,"R",8280,"A",,"A",,"G",276,"A",,"G",276,"A",,"A",,2
108861,"A",,"A",,"R",1025,"A",,"G",43,"A",,"G",43,"A",,-2
108870,"A",,"A",,"R",9031,"A",,"G",376,"A",,"G",376,"A",,-2
108977,"A",,"R",121970,"A",,"G",136,"A",,"G",136,"A",,"A",,1
109040,"A",,"R",1188092,"A",,"G",1320,"A",,"G",1320,"A",,"A",,1
109086,"Z",0,"A",,"R",1253,"A",,"G",52,"A",,"G",52,"A",,-2
109208,"R",613569,"A",,"A",,"G",20452,"A",,"G",20452,"A",,"A",,2
109332,"R",9180,"A",,"A",,"G",306,"A",,"G",306,"A",,"A",,2
109350,"R",276174,"A",,"A",,"G",9206,"A",,"G",9206,"A",,"A",,2
109651,"R",62174,"A",,"R",6585,"G",2072,"G",274,"G",2072,"G",274,"A",,2
109721,"A",,"R",365274,"A",,"G",406,"A",,"G",406,"A",,"A",,1
109730,"R",4368,"A",,"A",,"G",146,"A",,"G",146,"A",,"A",,2
109785,"R",181151,"A",,"R",81332,"G",6038,"G",3389,"G",6038,"G",3389,"R",250,2
109819,"R",309752,"A",,"A",,"G",10325,"A",,"G",10325,"A",,"A",,2
109907,"R",63596,"A",,"A",,"G",2120,"A",,"G",2120,"A",,"A",,2
109934,"A",,"R",233650,"A",,"G",260,"A",,"G",260,"A",,"A",,1
110060,"R",6523,"A",,"R",217,"G",217,"G",9,"G",217,"G",9,"R",84,2
110097,"R",128209,"A",,"R",25228,"G",4274,"G",1051,"G",4274,"G",1051,"A",,2
110185,"R",22360,"A",,"R",527,"G",745,"G",22,"G",745,"G",22,"A",,2
110194,"A",,"R",142338,"A",,"G",158,"A",,"G",158,"A",,"A",,1
110219,"R",71318,"A",,"R",2342,"G",1585,"G",65,"G",1585,"G",65,"A",,2
110246,"R",259464,"A",,"A",,"G",8649,"A",,"G",8649,"A",,"A",,2
110307,"A",,"A",,"R",6624,"A",,"G",276,"A",,"G",276,"A",,-2
110316,"R",3730,"A",,"R",22706,"G",124,"G",946,"G",124,"G",946,"R",125,2
110334,"R",231879,"A",,"A",,"G",7729,"A",,"G",7729,"A",,"A",,2
110361,"R",151685,"A",,"R",24696,"G",5056,"G",1029,"G",5056,"G",1029,"A",,2
110370,"R",39279,"A",,"R",10295,"G",1309,"G",429,"R",1434,"R",453,"A",,2
110398,"A",,"A",,"R",887,"A",,"G",37,"A",,"G",37,"R",1143,-2
110404,"R",43995,"A",,"R",45632,"G",978,"G",1268,"G",978,"G",1268,"A",,2
110413,"R",84371,"A",,"R",30987,"G",2812,"G",1291,"G",2812,"G",1291,"R",98,2
110422,"R",749742,"A",,"R",24636,"G",16661,"G",684,"G",16661,"G",684,"A",,2
110468,"R",6823,"A",,"R",70271,"G",227,"G",2928,"G",227,"G",2928,"R",62,2
110486,"R",311153,"A",,"R",23366,"G",6915,"G",649,"G",6915,"G",649,"A",,2
110495,"R",187279,"A",,"R",19453,"G",6243,"G",811,"G",6243,"G",811,"A",,2
110510,"R",656359,"A",,"R",41841,"G",14586,"G",1162,"G",14586,"G",1162,"A",,2
110529,"R",784766,"A",,"R",25255,"G",17439,"G",702,"G",17439,"G",702,"A",,2
110538,"R",427468,"A",,"R",14128,"G",14249,"G",589,"G",14249,"G",589,"A",,2
110547,"R",260500,"A",,"R",28295,"G",8683,"G",1179,"G",8683,"G",1179,"A",,2
110556,"R",520896,"A",,"R",39118,"G",17363,"G",1630,"G",17363,"G",1630,"A",,2
110565,"R",804190,"A",,"R",51389,"G",26806,"G",2141,"G",26806,"G",2141,"A",,2
110574,"R",497406,"A",,"R",68522,"G",11053,"G",1903,"G",11053,"G",1903,"R",1,2
110583,"R",770380,"A",,"R",62597,"G",25679,"G",2608,"G",25679,"G",2608,"A",,2
110592,"R",711216,"A",,"R",62654,"G",15805,"G",1740,"G",15805,"G",1740,"A",,2
110608,"R",755253,"A",,"R",69246,"G",25175,"G",2885,"G",25175,"G",2885,"A",,2
110617,"R",614696,"A",,"R",41855,"G",20490,"G",1744,"G",20490,"G",1744,"A",,2
110635,"R",827045,"A",,"R",229413,"G",27568,"G",9559,"G",27568,"G",9559,"R",1113,2
110644,"R",1162981,"A",,"R",180021,"G",25844,"G",5001,"G",25844,"G",5001,"R",1327,2
110653,"R",1061797,"A",,"R",179727,"G",23595,"G",4992,"G",23595,"G",4992,"R",645,2
110662,"R",1288513,"A",,"R",387900,"G",28634,"G",10775,"G",28634,"G",10775,"R",1662,2
110671,"R",816533,"A",,"R",90058,"G",18145,"G",2502,"G",18145,"G",2502,"A",,2
110680,"R",1078243,"A",,"R",192079,"G",23961,"G",5336,"G",23961,"G",5336,"R",730,2
110699,"A",,"A",,"R",52188,"A",,"G",1450,"A",,"G",1450,"R",1631,-2
110705,"R",881705,"A",,"R",115677,"G",19593,"G",3213,"G",19593,"G",3213,"A",,2
110714,"R",729713,"A",,"R",55264,"G",16216,"G",1535,"G",16216,"G",1535,"A",,2
110778,"A",,"A",,"R",13672,"A",,"G",380,"A",,"G",380,"R",21,-2
110875,"A",,"R",110893,"A",,"G",123,"A",,"G",123,"A",,"A",,1
110918,"R",646,"A",,"A",,"G",22,"A",,"G",22,"A",,"A",,2
110945,"R",47300,"A",,"R",0,"G",1577,"G",0,"G",1577,"G",0,"A",,2
111009,"R",21983,"A",,"A",,"G",733,"A",,"G",733,"A",,"A",,2
111054,"A",,"R",283250,"A",,"G",315,"A",,"G",315,"A",,"A",,1
111081,"R",28446,"A",,"R",11504,"G",948,"G",479,"G",948,"G",479,"A",,2
111188,"R",36266,"A",,"A",,"G",1209,"A",,"G",1209,"A",,"A",,2
111391,"A",,"A",,"R",1081,"A",,"G",45,"A",,"G",45,"R",698,-2
111434,"R",103381,"A",,"A",,"G",3446,"A",,"G",3446,"A",,"A",,2
111461,"R",339220,"A",,"A",,"G",11307,"A",,"G",11307,"A",,"A",,2
111513,"A",,"R",192472,"A",,"G",214,"A",,"G",214,"A",,"A",,1
111638,"R",15548,"R",322827,"A",,"G",877,"A",,"G",877,"A",,"A",,3
111708,"A",,"R",227424,"A",,"G",253,"A",,"G",253,"A",,"A",,1
111717,"A",,"R",432800,"A",,"G",481,"A",,"G",481,"A",,"A",,1
111726,"A",,"R",234378,"A",,"G",260,"A",,"G",260,"A",,"A",,1
111744,"A",,"R",161322,"A",,"G",179,"A",,"G",179,"A",,"A",,1
111762,"A",,"R",112494,"A",,"G",125,"A",,"G",125,"A",,"A",,1
111771,"A",,"R",141828,"A",,"G",158,"A",,"G",158,"A",,"A",,1
111799,"A",,"R",73752,"A",,"G",82,"A",,"G",82,"A",,"A",,1
111887,"R",392690,"A",,"A",,"G",13090,"A",,"G",13090,"A",,"A",,2
111896,"R",72614,"A",,"A",,"G",2420,"A",,"G",2420,"A",,"A",,2
111920,"R",228311,"A",,"A",,"G",7610,"A",,"G",7610,"A",,"A",,2
111939,"R",314893,"A",,"A",,"G",10496,"A",,"G",10496,"A",,"A",,2
111948,"R",178933,"A",,"R",27004,"G",5964,"G",1125,"G",5964,"G",1125,"R",627,2
111966,"R",2548,"A",,"R",13926,"G",85,"G",580,"G",85,"G",580,"A",,2
112075,"R",54493,"A",,"R",35240,"G",1816,"G",1468,"R",1842,"R",1931,"A",,2
112084,"R",23022,"A",,"R",378,"G",767,"G",16,"G",767,"G",16,"A",,2
112127,"A",,"A",,"R",1296,"A",,"G",54,"A",,"G",54,"R",3,-2
112172,"R",253669,"A",,"A",,"G",8456,"A",,"G",8456,"A",,"A",,2
112181,"A",,"R",140256,"A",,"G",156,"A",,"G",156,"A",,"A",,1
112190,"R",527077,"A",,"A",,"G",17569,"A",,"G",17569,"A",,"A",,2
112251,"A",,"A",,"R",28582,"A",,"G",1191,"A",,"G",1191,"A",,-2
112260,"R",38160,"A",,"R",980,"G",1272,"G",41,"G",1272,"G",41,"A",,2
112288,"A",,"R",446330,"A",,"G",496,"A",,"G",496,"A",,"A",,1
112367,"A",,"R",505200,"A",,"G",561,"A",,"G",561,"A",,"A",,1
112385,"R",137724,"A",,"A",,"G",4591,"A",,"G",4591,"A",,"A",,2
112394,"R",9964,"A",,"R",144,"G",332,"G",6,"G",332,"G",6,"A",,2
112446,"R",39500,"A",,"R",7280,"G",878,"G",202,"G",878,"R",334,"A",,2
112455,"A",,"R",50471,"A",,"G",56,"A",,"G",56,"A",,"A",,1
112525,"A",,"A",,"R",14779,"A",,"G",616,"A",,"R",509,"R",3046,-2
112561,"R",45685,"A",,"A",,"G",1523,"A",,"G",1523,"A",,"A",,2
112570,"R",16562,"A",,"A",,"G",368,"A",,"G",368,"A",,"A",,2
112686,"R",135173,"A",,"A",,"G",4506,"A",,"G",4506,"A",,"A",,2
112783,"A",,"R",323648,"A",,"G",360,"A",,"G",360,"A",,"A",,1
112826,"R",127457,"A",,"A",,"G",4249,"A",,"G",4249,"A",,"A",,2
113096,"R",279806,"A",,"A",,"G",9327,"A",,"G",9327,"A",,"A",,2
113111,"R",96663,"A",,"A",,"G",3222,"A",,"G",3222,"A",,"A",,2
113193,"R",195552,"A",,"A",,"G",6518,"A",,"G",6518,"A",,"A",,2
113218,"R",128091,"A",,"A",,"G",4270,"A",,"G",4270,"A",,"A",,2
113236,"R",261948,"A",,"A",,"G",8732,"A",,"G",8732,"A",,"A",,2
113333,"R",752791,"A",,"A",,"G",16729,"A",,"G",16729,"A",,"A",,2
113397,"A",,"R",1744599,"A",,"G",1938,"A",,"G",1938,"A",,"A",,1
113449,"A",,"R",252793,"A",,"G",281,"A",,"G",281,"A",,"A",,1
113537,"A",,"R",26100,"R",2898,"G",29,"G",121,"G",29,"R",63,"A",,1
113573,"R",170578,"A",,"A",,"G",5686,"A",,"G",5686,"A",,"A",,2
113582,"R",5538,"A",,"A",,"G",185,"A",,"G",185,"A",,"A",,2
113634,"R",390446,"A",,"A",,"G",13015,"A",,"G",13015,"A",,"A",,2
113698,"R",44521,"A",,"R",10663,"G",1484,"G",444,"G",1484,"G",444,"A",,2
113704,"A",,"A",,"R",1665,"A",,"G",69,"A",,"G",69,"A",,-2
113856,"R",518909,"A",,"A",,"G",17297,"A",,"G",17297,"A",,"A",,2
113908,"R",7,"R",975646,"A",,"G",1084,"A",,"G",1084,"A",,"A",,3
113980,"R",418571,"A",,"A",,"G",13952,"A",,"G",13952,"A",,"A",,2
114044,"R",2328,"A",,"A",,"G",78,"A",,"G",78,"A",,"A",,2
114071,"A",,"R",468294,"A",,"G",520,"A",,"G",520,"A",,"A",,1
114080,"A",,"R",425429,"A",,"G",473,"A",,"G",473,"A",,"A",,1
114114,"A",,"A",,"R",3400,"A",,"G",94,"A",,"G",94,"R",24,-2
114123,"A",,"R",290997,"A",,"G",323,"A",,"G",323,"A",,"A",,1
114266,"R",166168,"A",,"A",,"G",5539,"A",,"G",5539,"A",,"A",,2
114354,"R",166718,"A",,"A",,"G",3705,"A",,"G",3705,"A",,"A",,2
114390,"R",29604,"A",,"A",,"G",658,"A",,"G",658,"A",,"A",,2
114415,"R",12093,"A",,"A",,"G",269,"A",,"G",269,"A",,"A",,2
114433,"R",35131,"A",,"A",,"G",1171,"A",,"G",1171,"A",,"A",,2
114460,"A",,"R",265012,"A",,"G",294,"A",,"G",294,"A",,"A",,1
114549,"A",,"A",,"R",24582,"A",,"G",1024,"A",,"R",954,"A",,-2
114585,"A",,"A",,"R",13231,"A",,"G",551,"A",,"G",551,"A",,-2
114628,"A",,"R",82100,"A",,"G",91,"A",,"G",91,"A",,"A",,1
114716,"R",433590,"A",,"A",,"G",9635,"A",,"G",9635,"A",,"A",,2
114734,"A",,"A",,"R",737,"A",,"G",31,"A",,"G",31,"A",,-2
114761,"A",,"R",76364,"A",,"G",85,"A",,"G",85,"A",,"A",,1
114789,"R",389831,"A",,"A",,"G",12994,"A",,"G",12994,"A",,"A",,2
114813,"R",71803,"A",,"R",16565,"G",2393,"G",690,"G",2393,"G",690,"A",,2
114840,"A",,"A",,"R",67412,"A",,"G",1873,"A",,"G",1873,"R",435,-2
114859,"R",333718,"A",,"A",,"G",11124,"A",,"G",11124,"A",,"A",,2
114938,"R",99802,"A",,"A",,"G",3327,"A",,"G",3327,"A",,"A",,2
114947,"A",,"R",301080,"A",,"G",335,"A",,"G",335,"A",,"A",,1
115001,"R",340454,"A",,"A",,"G",11348,"A",,"G",11348,"A",,"A",,2
115010,"A",,"R",377594,"A",,"G",420,"A",,"G",420,"A",,"A",,1
115083,"R",12672,"A",,"R",33456,"G",422,"G",1394,"G",422,"G",1394,"R",834,2
115126,"R",220741,"A",,"A",,"G",7358,"A",,"G",7358,"A",,"A",,2
115214,"A",,"A",,"R",5798,"A",,"G",242,"A",,"G",242,"A",,-2
115296,"R",313819,"A",,"A",,"G",10461,"A",,"G",10461,"A",,"A",,2
115357,"A",,"R",33926,"A",,"G",38,"A",,"G",38,"A",,"A",,1
115393,"R",165193,"A",,"A",,"G",5506,"A",,"G",5506,"A",,"A",,2
115409,"R",25321,"A",,"A",,"G",844,"A",,"R",788,"A",,"A",,2
115454,"R",64963,"A",,"A",,"G",1444,"A",,"G",1444,"A",,"A",,2
115472,"R",98936,"A",,"A",,"G",2199,"A",,"G",2199,"A",,"A",,2
115490,"R",88881,"A",,"A",,"G",1975,"A",,"G",1975,"A",,"A",,2
115515,"R",55349,"A",,"A",,"G",1230,"A",,"G",1230,"A",,"A",,2
115533,"R",77390,"A",,"A",,"G",1720,"A",,"G",1720,"A",,"A",,2
115658,"A",,"R",188291,"A",,"G",209,"A",,"G",209,"A",,"A",,1
115728,"R",24509,"A",,"R",8411,"G",817,"G",350,"G",817,"G",350,"A",,2
115746,"A",,"A",,"R",27911,"A",,"G",775,"A",,"G",775,"A",,-2
115755,"R",212428,"A",,"R",6520,"G",7081,"G",272,"G",7081,"G",272,"A",,2
115773,"R",51112,"A",,"R",2912,"G",1136,"G",81,"G",1136,"R",91,"R",157,2
115861,"R",159396,"A",,"A",,"G",5313,"A",,"G",5313,"A",,"A",,2
115931,"R",6330,"A",,"A",,"G",211,"A",,"G",211,"A",,"A",,2
116226,"R",7660,"A",,"R",142,"G",170,"G",4,"G",170,"G",4,"A",,2
116350,"A",,"R",335356,"A",,"G",373,"A",,"G",373,"A",,"A",,1
116439,"R",240157,"A",,"A",,"G",8005,"A",,"G",8005,"A",,"A",,2
116466,"R",62713,"A",,"A",,"G",1394,"A",,"G",1394,"A",,"A",,2
116475,"R",22971,"A",,"A",,"G",510,"A",,"G",510,"A",,"A",,2
116484,"R",43699,"A",,"A",,"G",971,"A",,"G",971,"A",,"A",,2
116563,"A",,"R",203757,"A",,"G",226,"A",,"G",226,"A",,"A",,1
116660,"A",,"R",41400,"A",,"G",46,"A",,"G",46,"A",,"A",,1
116712,"R",14838,"A",,"R",22726,"G",330,"G",631,"G",330,"G",631,"R",272,2
116846,"R",3526,"A",,"R",3160,"G",118,"G",132,"G",118,"G",132,"A",,2
117052,"R",244333,"A",,"A",,"G",8144,"A",,"G",8144,"A",,"A",,2
117104,"R",13124,"A",,"R",1044,"G",437,"G",44,"G",437,"G",44,"A",,2
117113,"R",98095,"A",,"A",,"G",2180,"A",,"G",2180,"A",,"A",,2
117140,"R",134276,"A",,"R",60174,"G",4476,"G",2507,"G",4476,"G",2507,"R",207,2
117168,"R",12986,"A",,"R",704,"G",433,"G",29,"G",433,"G",29,"A",,2
117195,"R",59200,"A",,"A",,"G",1316,"A",,"G",1316,"A",,"A",,2
117238,"A",,"R",110335,"A",,"G",123,"A",,"G",123,"A",,"A",,1
117247,"R",170050,"A",,"A",,"G",5668,"A",,"G",5668,"A",,"A",,2
117274,"R",39867,"A",,"A",,"G",1329,"A",,"G",1329,"A",,"A",,2
117520,"A",,"A",,"A",,"A",,"A",,"A",,"A",,"R",446,-2
117557,"R",2310,"R",344,"R",4915,"G",77,"G",205,"G",77,"G",205,"A",,3
117575,"R",1856,"A",,"R",1950,"G",62,"G",81,"G",62,"G",81,"R",37,2
117627,"R",88143,"A",,"R",8857,"G",1959,"G",246,"G",1959,"G",246,"A",,2
117636,"R",53593,"A",,"R",59325,"G",1191,"G",1648,"G",1191,"G",1648,"R",1714,2
117645,"R",468074,"A",,"A",,"G",15602,"A",,"G",15602,"A",,"A",,2
117672,"R",9277,"A",,"R",3847,"G",309,"G",160,"G",309,"G",160,"R",487,2
117690,"R",158537,"A",,"A",,"G",5285,"A",,"G",5285,"A",,"A",,2
117706,"R",329867,"A",,"A",,"G",10996,"A",,"G",10996,"A",,"A",,2
117715,"R",97406,"A",,"A",,"G",3247,"A",,"G",3247,"A",,"A",,2
117724,"R",222617,"A",,"A",,"G",7421,"A",,"G",7421,"A",,"A",,2
117733,"R",283758,"A",,"A",,"G",9459,"A",,"G",9459,"A",,"A",,2
117751,"R",38133,"A",,"R",9527,"G",1271,"G",397,"G",1271,"G",397,"R",25,2
117788,"R",300822,"A",,"A",,"G",10027,"A",,"G",10027,"A",,"A",,2
117803,"R",4267,"A",,"A",,"G",142,"A",,"G",142,"A",,"A",,2
117867,"R",144735,"A",,"A",,"G",4825,"A",,"G",4825,"A",,"A",,2
117894,"R",158670,"A",,"A",,"G",5289,"A",,"G",5289,"A",,"A",,2
117928,"R",60028,"A",,"R",252,"G",1334,"G",7,"G",1334,"G",7,"A",,2
117946,"R",186687,"A",,"R",35924,"G",6223,"G",1497,"R",5743,"R",1447,"R",1259,2
117955,"A",,"R",248245,"A",,"G",276,"A",,"G",276,"A",,"A",,1
118116,"A",,"R",64011,"A",,"G",71,"A",,"G",71,"A",,"A",,1
118125,"A",,"R",27670,"A",,"G",31,"A",,"G",31,"A",,"A",,1
118134,"A",,"R",84538,"A",,"G",94,"A",,"G",94,"A",,"A",,1
118143,"A",,"R",83928,"A",,"G",93,"A",,"G",93,"A",,"A",,1
118161,"A",,"R",133616,"A",,"G",148,"A",,"G",148,"A",,"A",,1
118189,"A",,"R",130450,"A",,"G",145,"A",,"G",145,"A",,"A",,1
118198,"R",28595,"A",,"A",,"G",953,"A",,"G",953,"A",,"A",,2
118259,"R",26846,"A",,"A",,"G",895,"A",,"G",895,"A",,"A",,2
118277,"R",51003,"A",,"A",,"G",1700,"A",,"G",1700,"A",,"A",,2
118286,"R",41017,"A",,"A",,"G",1367,"A",,"G",1367,"A",,"A",,2
118347,"R",134670,"A",,"A",,"G",4489,"A",,"G",4489,"A",,"A",,2
118356,"A",,"R",3530824,"A",,"G",3923,"A",,"G",3923,"A",,"A",,1
118541,"R",27967,"A",,"A",,"G",932,"A",,"G",932,"A",,"A",,2
118684,"R",67891,"A",,"A",,"G",2263,"A",,"G",2263,"A",,"A",,2
118693,"R",21696,"A",,"A",,"G",723,"A",,"G",723,"A",,"A",,2
118718,"R",209186,"A",,"A",,"G",6973,"A",,"G",6973,"A",,"A",,2
118772,"R",85271,"A",,"A",,"G",2842,"A",,"G",2842,"A",,"A",,2
118888,"R",27793,"A",,"R",15315,"G",926,"G",638,"G",926,"G",638,"A",,2
118912,"R",335682,"A",,"A",,"G",11189,"A",,"G",11189,"A",,"A",,2
118921,"A",,"R",800389,"A",,"G",889,"A",,"G",889,"A",,"A",,1
118930,"R",168761,"A",,"A",,"G",5625,"A",,"G",5625,"A",,"A",,2
118958,"A",,"R",45157,"A",,"G",50,"A",,"G",50,"A",,"A",,1
118967,"R",39289,"A",,"A",,"G",1310,"A",,"G",1310,"A",,"A",,2
118976,"R",319059,"A",,"A",,"G",10635,"A",,"G",10635,"A",,"A",,2
118994,"A",,"R",84100,"A",,"G",93,"A",,"G",93,"A",,"A",,1
119058,"R",676,"A",,"R",22001,"G",23,"G",917,"G",23,"G",917,"A",,2
119067,"R",137648,"A",,"A",,"G",4588,"A",,"G",4588,"A",,"A",,2
119137,"R",280128,"A",,"A",,"G",9338,"A",,"G",9338,"A",,"A",,2
119164,"R",596717,"A",,"A",,"G",19891,"A",,"G",19891,"A",,"A",,2
119173,"R",64720,"A",,"R",6569,"G",2157,"G",274,"G",2157,"G",274,"R",99,2
119216,"R",252771,"A",,"A",,"G",8426,"A",,"R",9516,"A",,"A",,2
119234,"A",,"R",106392,"A",,"G",118,"A",,"G",118,"A",,"A",,1
119270,"R",62570,"A",,"A",,"G",1390,"A",,"G",1390,"A",,"A",,2
119331,"R",113398,"A",,"A",,"G",3780,"A",,"G",3780,"A",,"A",,2
119340,"R",11157,"A",,"A",,"G",372,"A",,"G",372,"A",,"A",,2
119359,"R",31472,"A",,"A",,"G",1049,"A",,"G",1049,"A",,"A",,2
119368,"R",10262,"A",,"A",,"G",342,"A",,"G",342,"A",,"A",,2
119438,"R",11327,"A",,"A",,"G",378,"A",,"G",378,"A",,"A",,2
119456,"R",21975,"A",,"A",,"G",733,"A",,"G",733,"A",,"A",,2
119465,"R",28082,"A",,"A",,"G",936,"A",,"G",936,"A",,"A",,2
119508,"R",31907,"A",,"A",,"G",1064,"A",,"G",1064,"A",,"A",,2
119544,"R",11056,"A",,"R",5230,"G",369,"G",218,"G",369,"R",237,"A",,2
119553,"A",,"R",404521,"A",,"G",449,"A",,"G",449,"A",,"A",,1
119605,"R",365392,"A",,"R",288837,"G",12180,"G",12035,"G",12180,"G",12035,"Z",0,2
119678,"A",,"A",,"R",178219,"A",,"G",4951,"A",,"R",2785,"A",,-2
119775,"R",16372,"A",,"R",8536,"G",364,"G",237,"G",364,"G",237,"A",,2
119845,"A",,"R",197137,"A",,"G",219,"A",,"G",219,"A",,"A",,1
119951,"A",,"R",237050,"A",,"G",263,"A",,"G",263,"A",,"A",,1
120069,"A",,"R",408982,"A",,"G",454,"A",,"G",454,"A",,"A",,1
120078,"A",,"R",672096,"A",,"G",747,"A",,"G",747,"A",,"A",,1
120087,"A",,"R",294842,"A",,"G",328,"A",,"G",328,"A",,"A",,1
120166,"R",6246,"A",,"R",11447,"G",208,"G",477,"G",208,"G",477,"R",36,2
120184,"R",30373,"A",,"R",13472,"G",1012,"G",561,"G",1012,"G",561,"A",,2
120254,"R",68263,"A",,"R",16,"G",2275,"G",1,"G",2275,"G",1,"A",,2
120272,"A",,"R",101160,"A",,"G",112,"A",,"G",112,"A",,"A",,1
120290,"R",184594,"A",,"A",,"G",6153,"A",,"G",6153,"A",,"A",,2
120342,"R",387539,"A",,"A",,"G",12918,"A",,"G",12918,"A",,"A",,2
120403,"R",34892,"A",,"R",1963,"G",1163,"G",82,"G",1163,"G",82,"A",,2
120421,"R",116372,"A",,"A",,"G",3879,"A",,"G",3879,"A",,"A",,2
120537,"R",22444,"A",,"R",6696,"G",748,"G",279,"G",748,"G",279,"A",,2
120661,"A",,"R",1099503,"A",,"G",1222,"A",,"G",1222,"A",,"A",,1
120698,"R",7022,"A",,"R",23296,"G",156,"G",647,"R",151,"R",686,"A",,2
120740,"A",,"A",,"R",2031,"A",,"G",85,"A",,"G",85,"A",,-2
120768,"R",13679,"A",,"R",12369,"G",456,"G",515,"G",456,"G",515,"A",,2
120795,"A",,"A",,"R",3212,"A",,"G",134,"A",,"G",134,"A",,-2
120838,"R",882,"A",,"R",5600,"G",20,"G",156,"G",20,"G",156,"A",,2
120865,"R",66503,"A",,"R",199,"G",1478,"G",6,"G",1478,"G",6,"A",,2
120883,"R",125831,"A",,"R",19311,"G",4194,"G",805,"G",4194,"G",805,"R",2496,2
120953,"R",33949,"A",,"A",,"G",1132,"A",,"G",1132,"A",,"A",,2
120971,"R",451115,"A",,"A",,"G",15037,"A",,"G",15037,"A",,"A",,2
121017,"A",,"R",91342,"A",,"G",101,"A",,"G",101,"A",,"A",,1
121044,"R",441349,"A",,"A",,"G",14712,"A",,"G",14712,"A",,"A",,2
121150,"R",113959,"A",,"R",70150,"G",3799,"G",2923,"G",3799,"G",2923,"R",682,2
121257,"R",33184,"A",,"A",,"G",1106,"A",,"R",1037,"A",,"A",,2
121275,"R",12420,"A",,"A",,"G",414,"A",,"G",414,"A",,"A",,2
121309,"R",74820,"A",,"R",16668,"G",2494,"G",695,"G",2494,"G",695,"A",,2
121345,"R",49379,"A",,"A",,"G",1646,"A",,"R",1590,"A",,"A",,2
121363,"R",76803,"A",,"A",,"G",2560,"A",,"G",2560,"A",,"A",,2
121381,"R",40776,"A",,"A",,"G",906,"A",,"G",906,"A",,"A",,2
121433,"A",,"R",113272,"A",,"G",126,"A",,"G",126,"A",,"A",,1
121619,"R",352672,"A",,"A",,"G",11756,"A",,"G",11756,"A",,"A",,2
121628,"A",,"A",,"R",1860,"A",,"G",52,"A",,"G",52,"A",,-2
121637,"A",,"R",81274,"A",,"G",90,"A",,"G",90,"A",,"A",,1
121691,"R",104425,"A",,"R",32942,"G",3481,"G",1373,"G",3481,"G",1373,"A",,2
121707,"A",,"R",3969000,"A",,"G",4410,"A",,"G",4410,"A",,"A",,1
121859,"A",,"R",270779,"A",,"G",301,"A",,"G",301,"A",,"A",,1
121868,"A",,"R",131186,"A",,"G",146,"A",,"G",146,"A",,"A",,1
121886,"R",288295,"A",,"A",,"G",9610,"A",,"G",9610,"A",,"A",,2
121901,"R",319838,"A",,"A",,"G",10661,"A",,"G",10661,"A",,"A",,2
121983,"R",3600,"A",,"R",4686,"G",120,"G",195,"G",120,"G",195,"R",97,2
121992,"A",,"R",198989,"A",,"G",221,"A",,"G",221,"A",,"A",,1
122117,"R",2160,"A",,"R",9525,"G",48,"G",265,"R",69,"G",265,"R",25,2
122180,"R",478887,"A",,"A",,"G",15963,"A",,"G",15963,"A",,"A",,2
122205,"R",411490,"A",,"A",,"G",13716,"A",,"G",13716,"A",,"A",,2
122250,"R",180,"A",,"R",2472,"G",6,"G",103,"G",6,"G",103,"A",,2
122296,"R",23788,"A",,"R",21738,"G",793,"G",906,"G",793,"G",906,"R",153,2
122339,"R",239160,"A",,"A",,"G",7972,"A",,"G",7972,"A",,"A",,2
122366,"R",6893,"A",,"A",,"G",230,"A",,"G",230,"A",,"A",,2
122375,"R",374599,"A",,"A",,"G",12487,"A",,"G",12487,"A",,"A",,2
122384,"R",153835,"A",,"A",,"G",5128,"A",,"G",5128,"A",,"A",,2
122409,"R",726033,"A",,"R",79558,"G",24201,"G",3315,"G",24201,"G",3315,"A",,2
122436,"R",172643,"A",,"R",44019,"G",5755,"G",1834,"G",5755,"G",1834,"R",939,2
122454,"R",12396,"A",,"R",5784,"G",413,"G",241,"G",413,"G",241,"A",,2
122506,"R",7873,"A",,"R",8698,"G",262,"G",362,"R",191,"R",230,"A",,2
122597,"R",662324,"A",,"R",61609,"G",22077,"G",2567,"G",22077,"G",2567,"R",1,2
122603,"A",,"A",,"R",1684,"A",,"G",70,"A",,"G",70,"R",37,-2
122612,"R",200775,"A",,"R",59926,"G",6693,"G",2497,"G",6693,"G",2497,"R",594,2
122649,"A",,"A",,"A",,"A",,"A",,"A",,"A",,"R",171,-2
122658,"R",364995,"A",,"A",,"G",12167,"A",,"G",12167,"A",,"A",,2
122685,"R",67055,"R",135305,"A",,"G",2386,"A",,"R",3128,"A",,"A",,3
122694,"R",28730,"R",37065,"A",,"G",999,"A",,"R",1109,"A",,"A",,3
122728,"R",30066,"A",,"R",986,"G",1002,"G",41,"G",1002,"G",41,"A",,2
122746,"R",165772,"A",,"A",,"G",5526,"A",,"G",5526,"A",,"A",,2
122755,"R",612422,"A",,"R",70625,"G",20414,"G",2943,"G",20414,"G",2943,"A",,2
122791,"R",161947,"A",,"A",,"G",5398,"A",,"G",5398,"A",,"A",,2
122834,"R",29181,"A",,"A",,"G",648,"A",,"G",648,"A",,"A",,2
122843,"R",108145,"A",,"R",1634,"G",2403,"G",45,"G",2403,"G",45,"A",,2
122852,"R",9707,"A",,"A",,"G",216,"A",,"G",216,"A",,"A",,2
122889,"R",377048,"A",,"A",,"G",12568,"A",,"G",12568,"A",,"A",,2
122931,"R",271176,"A",,"R",58100,"G",6026,"G",1614,"G",6026,"G",1614,"R",3321,2
122977,"R",609333,"A",,"A",,"G",20311,"A",,"G",20311,"A",,"A",,2
123013,"R",391422,"A",,"A",,"G",13047,"A",,"G",13047,"A",,"A",,2
123095,"A",,"A",,"R",12872,"A",,"G",536,"A",,"G",536,"R",21,-2
123165,"R",23948,"A",,"R",432,"G",798,"G",18,"R",950,"R",25,"A",,2
123208,"R",71497,"A",,"A",,"G",2383,"A",,"G",2383,"A",,"A",,2
123217,"R",209446,"A",,"A",,"G",6982,"A",,"G",6982,"A",,"A",,2
123280,"R",1304,"A",,"R",165,"G",43,"G",7,"G",43,"G",7,"A",,2
123299,"R",169335,"A",,"A",,"G",5645,"A",,"G",5645,"A",,"A",,2
123341,"R",344630,"A",,"A",,"G",11488,"A",,"G",11488,"A",,"A",,2
123350,"A",,"R",88300,"A",,"G",98,"A",,"G",98,"A",,"A",,1
123396,"A",,"R",162680,"A",,"G",181,"A",,"G",181,"A",,"A",,1
123448,"A",,"A",,"A",,"A",,"A",,"A",,"A",,"R",249,-2
123457,"R",28752,"A",,"R",5323,"G",958,"G",222,"G",958,"G",222,"A",,2
123484,"R",49764,"A",,"A",,"G",1659,"A",,"G",1659,"A",,"A",,2
123493,"A",,"R",959464,"A",,"G",1066,"A",,"G",1066,"A",,"A",,1
123509,"R",174728,"A",,"A",,"G",5824,"A",,"G",5824,"A",,"A",,2
123527,"R",223329,"A",,"A",,"G",7444,"A",,"G",7444,"A",,"A",,2
123554,"R",91596,"A",,"R",27522,"G",3053,"G",1147,"G",3053,"R",971,"A",,2
123563,"R",173686,"A",,"A",,"G",5790,"A",,"G",5790,"A",,"A",,2
123572,"R",223478,"A",,"R",8330,"G",7449,"G",347,"G",7449,"G",347,"A",,2
123581,"A",,"R",400000,"A",,"G",444,"A",,"G",444,"A",,"A",,1
123633,"R",7875,"A",,"R",19944,"G",175,"G",554,"G",175,"G",554,"R",128,2
123642,"A",,"R",299952,"A",,"G",333,"A",,"G",333,"A",,"A",,1
123651,"R",58195,"A",,"R",3933,"G",1940,"G",164,"G",1940,"G",164,"A",,2
123679,"A",,"R",1285525,"A",,"G",1428,"A",,"G",1428,"A",,"A",,1
123800,"R",322819,"A",,"A",,"G",10761,"A",,"G",10761,"A",,"A",,2
123855,"A",,"A",,"R",2385,"A",,"G",99,"A",,"G",99,"A",,-2
123916,"A",,"A",,"R",1617,"A",,"G",67,"A",,"G",67,"A",,-2
123943,"A",,"A",,"R",153,"A",,"G",4,"A",,"G",4,"R",403,-2
123952,"R",7660,"A",,"R",5554,"G",255,"G",231,"G",255,"G",231,"A",,2
123961,"R",586171,"A",,"R",326937,"G",19539,"G",13622,"G",19539,"G",13622,"R",2752,2
123970,"A",,"A",,"R",626,"A",,"G",26,"A",,"G",26,"R",1021,-2
124113,"R",63632,"A",,"A",,"G",2121,"A",,"G",2121,"A",,"A",,2
124283,"A",,"A",,"R",4440,"A",,"G",185,"A",,"G",185,"R",32,-2
124292,"R",13330,"A",,"A",,"G",444,"A",,"G",444,"A",,"A",,2
124344,"A",,"R",555999,"A",,"G",618,"A",,"G",618,"A",,"A",,1
124487,"R",8973,"A",,"A",,"G",199,"A",,"G",199,"A",,"A",,2
124681,"R",154530,"A",,"A",,"G",5151,"A",,"G",5151,"A",,"A",,2
124706,"A",,"R",885246,"A",,"G",984,"A",,"G",984,"A",,"A",,1
124779,"A",,"R",39608,"A",,"G",44,"A",,"G",44,"A",,"A",,1
124937,"A",,"R",721580,"A",,"G",802,"A",,"G",802,"A",,"A",,1
125028,"R",253806,"A",,"A",,"G",8460,"A",,"G",8460,"A",,"A",,2
125037,"A",,"A",,"A",,"A",,"A",,"A",,"A",,"R",113,-2
125082,"A",,"R",110182,"A",,"G",122,"A",,"G",122,"A",,"A",,1
125091,"R",228896,"A",,"A",,"G",7630,"A",,"G",7630,"A",,"A",,2
125170,"R",94371,"A",,"A",,"G",3146,"A",,"G",3146,"A",,"A",,2
125231,"R",372307,"A",,"R",1201506,"G",12410,"G",50063,"G",12410,"G",50063,"A",,2
125310,"A",,"R",32863,"A",,"G",37,"A",,"G",37,"A",,"A",,1
125462,"R",48811,"A",,"A",,"G",1627,"A",,"R",1898,"A",,"A",,2
125471,"R",156636,"A",,"A",,"G",5221,"A",,"G",5221,"A",,"A",,2
125499,"R",183852,"A",,"A",,"G",6128,"A",,"G",6128,"A",,"A",,2
125532,"R",46673,"A",,"A",,"G",1556,"A",,"G",1556,"A",,"A",,2
125718,"A",,"A",,"R",4093,"A",,"G",171,"A",,"R",148,"A",,-2
125727,"R",41900,"A",,"R",448,"G",1397,"G",19,"G",1397,"G",19,"A",,2
125763,"R",47854,"A",,"R",2392,"G",1595,"G",100,"G",1595,"G",100,"R",613,2
125897,"R",45335,"A",,"R",5224,"G",1511,"G",218,"G",1511,"G",218,"A",,2
126012,"A",,"A",,"R",10500,"A",,"G",438,"A",,"G",438,"A",,-2
126030,"A",,"A",,"A",,"A",,"A",,"A",,"A",,"R",467,-2
126049,"A",,"A",,"R",1952,"A",,"G",81,"A",,"G",81,"R",839,-2
126076,"R",5760,"A",,"A",,"G",192,"A",,"G",192,"A",,"A",,2
126119,"R",142114,"A",,"A",,"G",4737,"A",,"G",4737,"A",,"A",,2
126164,"R",3588,"A",,"A",,"G",120,"A",,"G",120,"A",,"A",,2
126182,"R",63442,"A",,"R",16557,"G",2115,"G",690,"G",2115,"G",690,"A",,2
126207,"R",107949,"A",,"A",,"G",3598,"A",,"G",3598,"A",,"A",,2
126289,"R",198558,"A",,"A",,"G",6619,"A",,"G",6619,"A",,"A",,2
126359,"R",44026,"A",,"A",,"G",978,"A",,"G",978,"A",,"A",,2
126401,"R",16347,"A",,"A",,"G",545,"A",,"G",545,"A",,"A",,2
126562,"R",297781,"A",,"R",115213,"G",9926,"G",4801,"G",9926,"G",4801,"R",2275,2
126580,"R",225179,"A",,"R",28654,"G",7506,"G",1194,"G",7506,"G",1194,"R",10,2
126605,"R",42654,"A",,"A",,"G",948,"A",,"G",948,"A",,"A",,2
126614,"R",751653,"A",,"R",78559,"G",25055,"G",3273,"G",25055,"G",3273,"R",533,2
126669,"R",80562,"A",,"R",6578,"G",2685,"G",274,"G",2685,"G",274,"A",,2
126678,"R",64062,"A",,"R",1536,"G",2135,"G",64,"R",2002,"G",64,"A",,2
126687,"A",,"R",1292245,"A",,"G",1436,"A",,"G",1436,"A",,"A",,1
126702,"R",83456,"A",,"A",,"G",1855,"A",,"G",1855,"A",,"A",,2
126711,"R",103881,"A",,"A",,"G",3463,"A",,"G",3463,"A",,"A",,2
126748,"R",22699,"A",,"A",,"G",757,"A",,"G",757,"A",,"A",,2
126775,"R",132291,"A",,"R",26317,"G",4410,"G",1097,"G",4410,"G",1097,"A",,2
126784,"A",,"R",133650,"A",,"G",149,"A",,"G",149,"A",,"A",,1
126818,"R",642379,"A",,"R",88467,"G",21413,"G",3686,"G",21413,"R",2949,"R",551,2
126827,"R",61308,"A",,"R",24736,"G",1362,"G",687,"G",1362,"G",687,"A",,2
126854,"A",,"R",27905,"A",,"G",31,"A",,"G",31,"A",,"A",,1
126863,"R",141891,"A",,"A",,"G",4730,"A",,"G",4730,"A",,"A",,2
126872,"R",27390,"A",,"A",,"G",913,"A",,"G",913,"A",,"A",,2
126915,"R",9191,"A",,"A",,"G",306,"A",,"G",306,"A",,"A",,2
126924,"R",4722,"A",,"A",,"G",105,"A",,"G",105,"A",,"A",,2
126942,"R",219860,"A",,"A",,"G",7329,"A",,"G",7329,"A",,"A",,2
126951,"A",,"R",1143261,"A",,"G",1270,"A",,"G",1270,"A",,"A",,1
126979,"A",,"A",,"R",15261,"A",,"G",636,"A",,"G",636,"A",,-2
127024,"R",30099,"A",,"A",,"G",669,"A",,"G",669,"A",,"A",,2
127060,"R",234605,"A",,"R",158678,"G",5213,"G",4408,"G",5213,"G",4408,"R",899,2
127158,"R",73803,"A",,"A",,"G",2460,"A",,"G",2460,"A",,"A",,2
127185,"R",108917,"A",,"A",,"G",3631,"A",,"G",3631,"A",,"A",,2
127200,"R",442681,"A",,"A",,"G",14756,"A",,"R",13526,"A",,"A",,2
127219,"R",1484,"A",,"A",,"G",49,"A",,"G",49,"A",,"A",,2
127228,"R",6371,"A",,"A",,"G",212,"A",,"G",212,"A",,"A",,2
127273,"A",,"A",,"R",9161,"A",,"G",254,"A",,"G",254,"R",1,-2
127316,"R",11693,"A",,"A",,"G",390,"A",,"G",390,"A",,"A",,2
127389,"R",21720,"A",,"A",,"G",724,"A",,"R",707,"A",,"A",,2
127556,"R",228535,"A",,"R",1271,"G",7618,"G",53,"G",7618,"G",53,"R",45,2
127565,"R",507776,"A",,"R",7592,"G",16926,"G",316,"G",16926,"R",253,"A",,2
127617,"R",30342,"A",,"A",,"G",1011,"A",,"G",1011,"A",,"A",,2
127653,"R",10502,"A",,"R",12217,"G",350,"G",509,"G",350,"G",509,"A",,2
127680,"R",11614,"A",,"A",,"G",258,"A",,"G",258,"A",,"A",,2
127699,"R",9578,"A",,"A",,"G",213,"A",,"G",213,"A",,"A",,2
127714,"R",11807,"A",,"A",,"G",394,"A",,"G",394,"A",,"A",,2
127732,"R",40095,"A",,"A",,"G",1337,"A",,"G",1337,"A",,"A",,2
127741,"R",286432,"A",,"R",46115,"G",9548,"G",1921,"G",9548,"G",1921,"A",,2
127778,"R",33892,"A",,"A",,"G",1130,"A",,"R",1167,"A",,"A",,2
127787,"R",15846,"A",,"A",,"G",528,"A",,"G",528,"A",,"A",,2
127820,"R",311841,"A",,"A",,"G",10395,"A",,"G",10395,"A",,"A",,2
127839,"R",15504,"R",3558,"A",,"G",521,"A",,"G",521,"A",,"A",,3
127884,"R",159877,"A",,"A",,"G",5329,"A",,"G",5329,"A",,"A",,2
127909,"R",185550,"A",,"A",,"G",6185,"A",,"G",6185,"A",,"A",,2
127918,"R",132096,"A",,"R",61733,"G",4403,"G",2572,"G",4403,"G",2572,"R",1090,2
127945,"R",18373,"A",,"R",1284,"G",612,"G",54,"G",612,"G",54,"A",,2
127954,"A",,"R",12000,"R",1440,"G",13,"G",60,"G",13,"G",60,"A",,1
128106,"R",133608,"A",,"R",36945,"G",4454,"G",1539,"G",4454,"G",1539,"A",,2
128151,"R",23312,"A",,"A",,"G",777,"A",,"G",777,"A",,"A",,2
128179,"R",6112,"A",,"A",,"G",204,"A",,"G",204,"A",,"A",,2
128188,"R",33732,"R",100800,"A",,"G",1236,"A",,"G",1236,"A",,"A",,3
128258,"R",42229,"A",,"A",,"G",1408,"A",,"G",1408,"A",,"A",,2
128328,"R",152625,"A",,"A",,"G",5088,"A",,"G",5088,"A",,"A",,2
128337,"A",,"R",99727,"A",,"G",111,"A",,"G",111,"A",,"A",,1
128391,"R",55947,"A",,"R",3782,"G",1865,"G",158,"G",1865,"G",158,"A",,2
128425,"R",528,"A",,"R",72,"G",18,"G",3,"G",18,"G",3,"A",,2
128498,"R",41460,"A",,"R",10344,"G",1382,"G",431,"G",1382,"G",431,"A",,2
128540,"A",,"R",121082,"A",,"G",135,"A",,"G",135,"A",,"A",,1
128577,"R",31451,"A",,"A",,"G",1048,"A",,"G",1048,"A",,"A",,2
128586,"R",975,"A",,"A",,"G",33,"A",,"G",33,"A",,"A",,2
128674,"R",27016,"A",,"A",,"G",901,"A",,"G",901,"A",,"A",,2
128683,"R",24437,"A",,"A",,"G",815,"A",,"G",815,"A",,"A",,2
128726,"R",4220,"A",,"A",,"G",141,"A",,"G",141,"A",,"A",,2
128744,"R",67231,"A",,"R",35196,"G",2241,"G",1467,"G",2241,"G",1467,"R",271,2
128771,"R",256278,"A",,"R",34701,"G",8543,"G",1446,"G",8543,"G",1446,"A",,2
128780,"R",27521,"A",,"A",,"G",917,"A",,"G",917,"A",,"A",,2
128896,"A",,"R",217075,"A",,"G",241,"A",,"G",241,"A",,"A",,1
128902,"R",61858,"A",,"R",152,"G",2062,"G",6,"G",2062,"G",6,"A",,2
128957,"A",,"R",159659,"A",,"G",177,"A",,"G",177,"A",,"A",,1
129002,"R",14690,"A",,"A",,"G",326,"A",,"G",326,"A",,"A",,2
129020,"R",530118,"A",,"R",104784,"G",17671,"G",4366,"G",17671,"G",4366,"R",1480,2
129154,"R",90513,"A",,"A",,"G",3017,"A",,"G",3017,"A",,"A",,2
129181,"A",,"R",803626,"A",,"G",893,"A",,"G",893,"A",,"A",,1
129215,"R",145857,"A",,"R",2943,"G",4862,"G",123,"G",4862,"G",123,"A",,2
129242,"R",116518,"A",,"R",18150,"G",3884,"G",756,"G",3884,"G",756,"R",54,2
129349,"A",,"R",149634,"A",,"G",166,"A",,"G",166,"A",,"A",,1
129367,"R",78255,"A",,"A",,"G",2609,"A",,"G",2609,"A",,"A",,2
129428,"A",,"A",,"R",3371,"A",,"G",140,"A",,"G",140,"A",,-2
129482,"R",9206,"A",,"A",,"G",307,"A",,"G",307,"A",,"A",,2
129491,"A",,"A",,"R",1398,"A",,"G",58,"A",,"G",58,"R",15,-2
129525,"R",154193,"A",,"R",30182,"G",5140,"G",1258,"G",5140,"G",1258,"R",183,2
129534,"R",1605,"A",,"R",4783,"G",54,"G",199,"R",67,"R",266,"A",,2
129543,"R",110301,"A",,"A",,"G",3677,"A",,"G",3677,"A",,"A",,2
129613,"R",9441,"A",,"A",,"G",315,"A",,"G",315,"A",,"A",,2
129640,"A",,"R",21800,"A",,"G",24,"A",,"G",24,"A",,"A",,1
129686,"R",1884,"A",,"R",12,"G",63,"G",1,"G",63,"G",1,"A",,2
129695,"R",140020,"A",,"A",,"G",4667,"A",,"G",4667,"A",,"A",,2
129729,"R",134719,"A",,"A",,"G",4491,"A",,"G",4491,"A",,"A",,2
129756,"R",54375,"A",,"A",,"G",1813,"A",,"G",1813,"A",,"A",,2
129774,"R",24383,"A",,"A",,"G",813,"A",,"G",813,"A",,"A",,2
129808,"R",86909,"A",,"A",,"G",2897,"A",,"G",2897,"A",,"A",,2
129923,"A",,"R",480615,"A",,"G",534,"A",,"G",534,"A",,"A",,1
129932,"A",,"R",302940,"A",,"G",337,"A",,"G",337,"A",,"A",,1
129941,"R",144070,"A",,"R",33683,"G",4802,"G",1403,"G",4802,"G",1403,"A",,2
129969,"R",8400,"A",,"A",,"G",280,"A",,"G",280,"A",,"A",,2
130004,"R",122544,"A",,"A",,"G",4085,"A",,"G",4085,"A",,"A",,2
130040,"R",25110,"A",,"A",,"G",837,"A",,"G",837,"A",,"A",,2
130110,"R",4775,"A",,"A",,"G",159,"A",,"G",159,"A",,"A",,2
130129,"A",,"R",554780,"A",,"G",616,"A",,"G",616,"A",,"A",,1
130174,"R",127005,"A",,"A",,"G",2822,"A",,"G",2822,"A",,"A",,2
130183,"R",159778,"A",,"R",11558,"G",5326,"G",482,"G",5326,"G",482,"A",,2
130217,"R",35338,"A",,"A",,"G",1178,"A",,"G",1178,"A",,"A",,2
130226,"R",192130,"A",,"R",41976,"G",6404,"G",1749,"G",6404,"G",1749,"R",400,2
130253,"R",120684,"A",,"R",39051,"G",4023,"G",1627,"G",4023,"G",1627,"R",295,2
130314,"R",27144,"A",,"R",21240,"G",905,"G",885,"G",905,"G",885,"R",153,2
130396,"R",140152,"A",,"A",,"G",4672,"A",,"G",4672,"A",,"A",,2
130448,"R",15896,"A",,"A",,"G",530,"A",,"G",530,"A",,"A",,2
130493,"R",218442,"A",,"R",34254,"G",7281,"G",1427,"G",7281,"G",1427,"A",,2
130509,"R",7898,"R",126860,"A",,"G",404,"A",,"G",404,"A",,"A",,3
130581,"A",,"A",,"R",3929,"A",,"G",164,"A",,"G",164,"A",,-2
130590,"R",68921,"A",,"R",1386,"G",2297,"G",58,"R",2298,"G",58,"A",,2
130606,"R",83615,"A",,"A",,"G",2787,"A",,"G",2787,"A",,"A",,2
130624,"R",33052,"A",,"A",,"G",1102,"A",,"G",1102,"A",,"A",,2
130697,"R",99636,"A",,"R",4698,"G",3321,"G",196,"R",3114,"G",196,"A",,2
130776,"R",151332,"A",,"R",7224,"G",5044,"G",301,"G",5044,"G",301,"R",44,2
130785,"A",,"A",,"R",432,"A",,"G",12,"A",,"G",12,"A",,-2
130794,"R",207226,"A",,"R",149123,"G",6908,"G",6213,"G",6908,"G",6213,"R",429,2
130837,"A",,"R",54638,"A",,"G",61,"A",,"R",53,"A",,"A",,1
130873,"R",41100,"A",,"A",,"G",1370,"A",,"G",1370,"A",,"A",,2
130891,"R",94781,"A",,"A",,"G",3159,"A",,"G",3159,"A",,"A",,2
130907,"R",67173,"A",,"A",,"G",2239,"A",,"G",2239,"A",,"A",,2
130916,"R",149146,"A",,"A",,"G",4972,"A",,"G",4972,"A",,"A",,2
130934,"R",113908,"A",,"R",6961,"G",3797,"G",290,"G",3797,"G",290,"A",,2
130943,"R",542610,"A",,"R",47789,"G",18087,"G",1991,"R",17653,"R",3195,"R",79,2
130989,"R",17018,"A",,"R",16148,"G",567,"G",673,"G",567,"G",673,"A",,2
131061,"A",,"R",167727,"A",,"G",186,"A",,"G",186,"A",,"A",,1
131098,"R",39657,"A",,"R",1665,"G",1322,"G",69,"G",1322,"G",69,"A",,2
131113,"R",185375,"A",,"R",93420,"G",6179,"G",3893,"G",6179,"G",3893,"A",,2
131159,"R",212948,"A",,"R",66036,"G",7098,"G",2752,"G",7098,"G",2752,"R",1789,2
131283,"R",112697,"A",,"R",38592,"G",3757,"G",1608,"G",3757,"G",1608,"R",589,2
131308,"R",8684,"A",,"R",4989,"G",289,"G",208,"G",289,"G",208,"A",,2
131399,"R",103611,"A",,"R",5292,"G",3454,"G",221,"G",3454,"G",221,"A",,2
131405,"A",,"A",,"R",2624,"A",,"G",109,"A",,"G",109,"A",,-2
131450,"R",31848,"A",,"R",10608,"G",1062,"G",442,"G",1062,"G",442,"A",,2
131469,"R",309120,"A",,"R",206968,"G",10304,"G",8624,"G",10304,"G",8624,"R",2805,2
131496,"R",220377,"A",,"R",124542,"G",7346,"G",5189,"G",7346,"G",5189,"R",2839,2
131520,"R",193394,"A",,"R",33419,"G",6446,"G",1392,"G",6446,"G",1392,"R",1440,2
131742,"R",87007,"A",,"A",,"G",2900,"A",,"G",2900,"A",,"A",,2
131803,"R",36792,"A",,"R",12640,"G",818,"G",351,"G",818,"G",351,"A",,2
131830,"R",1790,"A",,"A",,"G",60,"A",,"G",60,"A",,"A",,2
131876,"R",44764,"A",,"R",11706,"G",1492,"G",488,"G",1492,"G",488,"A",,2
131973,"A",,"A",,"R",9369,"A",,"G",390,"A",,"G",390,"R",166,-2
132268,"R",68849,"A",,"A",,"G",2295,"A",,"G",2295,"A",,"A",,2
132338,"R",86973,"A",,"A",,"G",1933,"A",,"G",1933,"A",,"A",,2
132374,"A",,"R",1165151,"A",,"G",1295,"A",,"G",1295,"A",,"A",,1
132408,"R",12853,"A",,"R",204,"G",428,"G",9,"G",428,"G",9,"A",,2
132471,"R",126369,"A",,"R",71250,"G",4212,"G",2969,"G",4212,"G",2969,"R",1382,2
132523,"A",,"A",,"R",1212,"A",,"G",51,"A",,"G",51,"A",,-2
132602,"R",110236,"A",,"R",1403,"G",3675,"G",58,"G",3675,"G",58,"A",,2
132657,"R",51107,"A",,"R",10722,"G",1704,"G",447,"G",1704,"G",447,"A",,2
132666,"A",,"R",86600,"A",,"G",96,"A",,"G",96,"A",,"A",,1
132675,"A",,"R",122211,"A",,"G",136,"A",,"G",136,"A",,"A",,1
132693,"R",337118,"R",734082,"A",,"G",12053,"A",,"G",12053,"A",,"A",,3
132709,"R",896946,"R",381670,"A",,"G",30322,"A",,"G",30322,"A",,"A",,3
132806,"R",9960,"A",,"A",,"G",332,"A",,"G",332,"A",,"A",,2
132842,"R",9405,"A",,"R",13748,"G",314,"G",573,"G",314,"G",573,"A",,2
132851,"R",174764,"R",249570,"A",,"G",6103,"A",,"G",6103,"A",,"A",,3
132879,"R",9084,"A",,"A",,"G",303,"A",,"R",370,"A",,"A",,2
132903,"R",1366951,"A",,"R",141413,"G",45565,"G",5892,"G",45565,"G",5892,"R",277,2
132976,"A",,"R",253893,"A",,"G",282,"A",,"G",282,"A",,"A",,1
133021,"R",44661,"R",108671,"A",,"G",1609,"A",,"G",1609,"A",,"A",,3
133085,"R",14945,"A",,"R",171,"G",498,"G",7,"G",498,"G",7,"A",,2
133155,"A",,"R",484974,"A",,"G",539,"A",,"G",539,"A",,"A",,1
133386,"R",317649,"R",720809,"A",,"G",11389,"A",,"G",11389,"A",,"A",,3
133465,"R",37497,"A",,"R",3567,"G",833,"G",99,"G",833,"G",99,"A",,2
133492,"R",73108,"A",,"A",,"G",2437,"A",,"G",2437,"A",,"A",,2
133508,"R",319190,"R",8760,"A",,"G",10649,"A",,"G",10649,"A",,"A",,3
133526,"R",26910,"A",,"A",,"G",897,"A",,"G",897,"A",,"A",,2
133553,"R",135586,"A",,"R",9884,"G",4520,"G",412,"G",4520,"G",412,"A",,2
133650,"R",289634,"A",,"R",28494,"G",9654,"G",1187,"G",9654,"G",1187,"R",888,2
133669,"R",622067,"A",,"R",88018,"G",20736,"G",3667,"G",20736,"G",3667,"R",250,2
133702,"R",617476,"R",1104306,"A",,"G",21810,"A",,"G",21810,"A",,"A",,3
133711,"R",79318,"A",,"A",,"G",2644,"A",,"G",2644,"A",,"A",,2
133809,"R",15054,"A",,"A",,"G",502,"A",,"G",502,"A",,"A",,2
133845,"A",,"R",603456,"A",,"G",671,"A",,"G",671,"A",,"A",,1
133854,"A",,"R",539698,"A",,"G",600,"A",,"G",600,"A",,"A",,1
133863,"A",,"R",607450,"A",,"G",675,"A",,"G",675,"A",,"A",,1
133872,"R",49941,"A",,"R",3701,"G",1665,"G",154,"G",1665,"G",154,"A",,2
133881,"R",91169,"A",,"R",33917,"G",3039,"G",1413,"G",3039,"G",1413,"R",96,2
133942,"R",5800,"A",,"A",,"G",193,"A",,"G",193,"A",,"A",,2
133951,"R",1023911,"A",,"R",170494,"G",34130,"G",7104,"G",34130,"G",7104,"R",1123,2
133960,"R",24080,"R",26854,"A",,"G",833,"A",,"G",833,"A",,"A",,3
133979,"R",46275,"A",,"R",894,"G",1543,"G",37,"G",1543,"G",37,"A",,2
133997,"R",299844,"R",123944,"A",,"G",10133,"A",,"G",10133,"A",,"A",,3
134024,"A",,"R",95385,"A",,"G",106,"A",,"G",106,"A",,"A",,1
134079,"R",68549,"A",,"R",4201,"G",2285,"G",175,"G",2285,"G",175,"A",,2
134097,"R",948331,"A",,"R",160133,"G",31611,"G",6672,"G",31611,"G",6672,"R",1130,2
134112,"R",141395,"R",174300,"A",,"G",4907,"A",,"G",4907,"A",,"A",,3
134121,"R",3315,"A",,"A",,"G",111,"A",,"G",111,"A",,"A",,2
134130,"R",964178,"A",,"R",269240,"G",32139,"G",11218,"G",32139,"G",11218,"R",4200,2
134149,"R",61065,"A",,"R",6712,"G",2036,"G",280,"G",2036,"G",280,"A",,2
134228,"A",,"R",27000,"A",,"G",30,"A",,"G",30,"A",,"A",,1
134237,"R",846394,"A",,"R",77320,"G",28213,"G",3222,"G",28213,"G",3222,"A",,2
134291,"A",,"R",486558,"A",,"G",541,"A",,"G",541,"A",,"A",,1
134307,"A",,"R",576433,"A",,"G",640,"A",,"G",640,"A",,"A",,1
134343,"R",128565,"R",169358,"A",,"G",4474,"A",,"G",4474,"A",,"A",,3
134422,"R",2965,"A",,"A",,"G",66,"A",,"G",66,"A",,"A",,2
134495,"R",579540,"R",467863,"A",,"G",19838,"A",,"G",19838,"A",,"A",,3
134510,"R",3854,"A",,"A",,"G",128,"A",,"G",128,"A",,"A",,2
134529,"A",,"R",235087,"A",,"G",261,"A",,"G",261,"A",,"A",,1
134574,"A",,"R",200855,"A",,"G",223,"A",,"G",223,"A",,"A",,1
134608,"R",340601,"R",771836,"A",,"G",12211,"A",,"G",12211,"A",,"A",,3
134680,"R",33847,"A",,"A",,"G",752,"A",,"G",752,"A",,"A",,2
134714,"A",,"R",158745,"A",,"G",176,"A",,"G",176,"A",,"A",,1
134811,"R",157581,"A",,"R",2719,"G",3502,"G",76,"G",3502,"G",76,"A",,2
134909,"R",24312,"A",,"A",,"G",540,"A",,"G",540,"A",,"A",,2
134945,"R",86187,"A",,"R",11097,"G",2873,"G",462,"G",2873,"G",462,"R",27,2
135063,"R",10348,"A",,"A",,"G",345,"A",,"G",345,"A",,"A",,2
135081,"R",525205,"A",,"R",18311,"G",17507,"G",763,"G",17507,"G",763,"A",,2
135124,"R",24019,"A",,"A",,"G",801,"A",,"G",801,"A",,"A",,2
135142,"A",,"R",192219,"A",,"G",214,"A",,"G",214,"A",,"A",,1
135160,"R",57273,"R",242525,"A",,"G",2179,"A",,"G",2179,"A",,"A",,3
135179,"A",,"R",449944,"A",,"G",500,"A",,"G",500,"A",,"A",,1
135188,"R",89490,"A",,"A",,"G",2983,"A",,"G",2983,"A",,"A",,2
135267,"A",,"R",655871,"A",,"G",729,"A",,"G",729,"A",,"A",,1
135276,"A",,"R",698885,"A",,"G",777,"A",,"G",777,"A",,"A",,1
135294,"A",,"R",593138,"A",,"G",659,"A",,"G",659,"A",,"A",,1
135337,"A",,"R",129947,"A",,"G",144,"A",,"G",144,"A",,"A",,1
135364,"R",10524,"A",,"R",12261,"G",351,"G",511,"G",351,"G",511,"R",13,2
135391,"R",240347,"A",,"A",,"G",8012,"A",,"G",8012,"A",,"A",,2
135407,"A",,"R",917963,"A",,"G",1020,"A",,"G",1020,"A",,"A",,1
135416,"A",,"R",402477,"A",,"G",447,"A",,"G",447,"A",,"A",,1
135522,"A",,"R",352548,"A",,"G",392,"A",,"G",392,"A",,"A",,1
135610,"R",5250,"A",,"R",1574,"G",175,"G",66,"G",175,"G",66,"A",,2
135647,"A",,"R",649009,"A",,"G",721,"A",,"G",721,"A",,"A",,1
135717,"R",1585738,"R",836131,"A",,"G",53787,"A",,"G",53787,"A",,"A",,3
135726,"R",326117,"A",,"R",67283,"G",10871,"G",2803,"G",10871,"G",2803,"R",2341,2
135735,"A",,"R",843577,"A",,"G",937,"A",,"G",937,"A",,"A",,1
135771,"A",,"R",493820,"A",,"G",549,"A",,"G",549,"A",,"A",,1
135939,"R",9209,"R",44622,"A",,"G",357,"A",,"R",320,"A",,"A",,3
135957,"R",24876,"A",,"A",,"G",829,"A",,"G",829,"A",,"A",,2
136048,"A",,"R",99848,"A",,"G",111,"A",,"G",111,"A",,"A",,1
136066,"R",39311,"A",,"A",,"G",874,"A",,"G",874,"A",,"A",,2
136075,"R",9450,"A",,"A",,"G",315,"A",,"G",315,"A",,"A",,2
136109,"A",,"R",144955,"A",,"G",161,"A",,"G",161,"A",,"A",,1
136145,"R",23970,"R",93261,"A",,"G",903,"A",,"G",903,"A",,"A",,3
136172,"R",381353,"A",,"R",27782,"G",12712,"G",1158,"G",12712,"G",1158,"R",119,2
136206,"R",16895,"A",,"R",1212,"G",563,"G",51,"G",563,"G",51,"A",,2
136215,"R",144658,"A",,"R",499173,"G",4822,"G",20799,"G",4822,"G",20799,"R",5023,2
136233,"R",146941,"R",138974,"A",,"G",5052,"A",,"R",5197,"A",,"A",,3
136288,"R",31612,"A",,"R",724,"G",1054,"G",30,"G",1054,"G",30,"A",,2
136303,"A",,"R",504314,"A",,"G",560,"A",,"G",560,"A",,"A",,1
136330,"R",72587,"A",,"R",10754,"G",2420,"G",448,"G",2420,"G",448,"R",307,2
136358,"R",569499,"R",859600,"A",,"G",19938,"A",,"G",19938,"A",,"A",,3
136400,"R",200260,"R",319072,"A",,"G",7030,"A",,"G",7030,"A",,"A",,3
136473,"R",247140,"R",452220,"A",,"G",8740,"A",,"G",8740,"A",,"A",,3
136491,"A",,"R",514489,"A",,"G",572,"A",,"G",572,"A",,"A",,1
136516,"R",235350,"R",80783,"A",,"G",7935,"A",,"G",7935,"A",,"A",,3
136659,"A",,"R",256868,"A",,"G",285,"A",,"G",285,"A",,"A",,1
136701,"A",,"A",,"R",2904,"A",,"G",121,"A",,"G",121,"A",,-2
136765,"A",,"R",345833,"A",,"G",384,"A",,"G",384,"A",,"A",,1
136774,"R",38196,"A",,"A",,"G",1273,"A",,"G",1273,"A",,"A",,2
136783,"A",,"R",24055,"A",,"G",27,"A",,"G",27,"A",,"A",,1
136826,"A",,"R",622930,"A",,"G",692,"A",,"G",692,"A",,"A",,1
136950,"R",80224,"A",,"R",9875,"G",2674,"G",411,"G",2674,"G",411,"A",,2
137023,"A",,"R",520593,"A",,"G",578,"A",,"G",578,"A",,"A",,1
137032,"R",359966,"A",,"R",61745,"G",11999,"G",2573,"G",11999,"G",2573,"A",,2
137078,"R",639195,"R",144551,"A",,"G",21467,"A",,"G",21467,"A",,"A",,3
137087,"A",,"R",432705,"A",,"G",481,"A",,"G",481,"A",,"A",,1
137096,"R",345465,"R",272883,"A",,"G",11819,"A",,"G",11819,"A",,"A",,3
137120,"A",,"R",475326,"A",,"G",528,"A",,"G",528,"A",,"A",,1
137148,"R",2805,"A",,"R",12175,"G",94,"G",507,"G",94,"G",507,"R",17,2
137209,"R",413426,"R",308896,"A",,"G",14124,"A",,"R",15021,"A",,"A",,3
137245,"A",,"R",1438500,"A",,"G",1598,"A",,"G",1598,"A",,"A",,1
137272,"R",2260,"A",,"R",721,"G",75,"G",30,"G",75,"G",30,"A",,2
137281,"R",137130,"R",113941,"A",,"G",4698,"A",,"G",4698,"A",,"A",,3
137315,"R",45946,"R",333122,"A",,"G",1902,"A",,"G",1902,"A",,"A",,3
137351,"R",861886,"A",,"R",172560,"G",28730,"G",7190,"G",28730,"G",7190,"R",257,2
137476,"R",47636,"A",,"R",12194,"G",1588,"G",508,"G",1588,"G",508,"R",879,2
137537,"R",9750,"A",,"A",,"G",325,"A",,"G",325,"A",,"A",,2
137546,"R",79831,"A",,"R",7088,"G",2661,"G",295,"G",2661,"G",295,"R",1191,2
137564,"R",66033,"A",,"R",4950,"G",2201,"G",206,"G",2201,"G",206,"A",,2
137591,"A",,"R",209116,"A",,"G",232,"A",,"G",232,"A",,"A",,1
137713,"A",,"R",113211,"A",,"G",126,"A",,"G",126,"A",,"A",,1
137759,"R",319830,"R",218260,"A",,"G",10904,"A",,"G",10904,"A",,"A",,3
137777,"R",1200,"A",,"R",264,"G",40,"G",11,"G",40,"G",11,"A",,2
137801,"R",33247,"A",,"R",752,"G",1108,"G",31,"G",1108,"G",31,"A",,2
137810,"R",18624,"A",,"R",372,"G",621,"G",16,"G",621,"G",16,"A",,2
137847,"R",194815,"A",,"R",17317,"G",6494,"G",722,"G",6494,"G",722,"A",,2
137856,"A",,"R",102393,"A",,"G",114,"A",,"G",114,"A",,"A",,1
137865,"A",,"R",304154,"A",,"G",338,"A",,"G",338,"A",,"A",,1
137953,"R",6876,"A",,"R",150,"G",229,"G",6,"G",229,"G",6,"A",,2
137962,"R",5022,"A",,"A",,"G",167,"A",,"G",167,"A",,"A",,2
138132,"A",,"R",89283,"A",,"G",99,"A",,"G",99,"A",,"A",,1
138187,"R",908152,"R",175720,"A",,"G",30467,"A",,"G",30467,"A",,"A",,3
138275,"R",28782,"A",,"R",1827,"G",959,"G",76,"G",959,"G",76,"A",,2
138284,"A",,"R",350564,"A",,"G",390,"A",,"G",390,"A",,"A",,1
138293,"R",19321,"A",,"R",1161,"G",644,"G",48,"G",644,"G",48,"A",,2
138309,"R",258128,"A",,"A",,"G",5736,"A",,"G",5736,"A",,"A",,2
138354,"R",264290,"A",,"R",34310,"G",8810,"G",1430,"G",8810,"G",1430,"A",,2
138372,"A",,"R",496910,"A",,"G",552,"A",,"G",552,"A",,"A",,1
138479,"A",,"R",857274,"A",,"G",953,"A",,"G",953,"A",,"A",,1
138488,"A",,"R",400133,"A",,"G",445,"A",,"G",445,"A",,"A",,1
138497,"A",,"R",311125,"A",,"G",346,"A",,"G",346,"A",,"A",,1
138558,"R",76918,"A",,"A",,"G",2564,"A",,"G",2564,"A",,"A",,2
138600,"R",26754,"A",,"A",,"G",892,"A",,"G",892,"A",,"A",,2
138655,"R",9210,"A",,"A",,"G",307,"A",,"G",307,"A",,"A",,2
138664,"R",840,"A",,"A",,"G",28,"A",,"G",28,"A",,"A",,2
138682,"R",111219,"A",,"A",,"G",3707,"A",,"G",3707,"A",,"A",,2
138691,"R",150009,"A",,"A",,"G",5000,"A",,"G",5000,"A",,"A",,2
138716,"R",99925,"A",,"R",7947,"G",3331,"G",331,"G",3331,"G",331,"A",,2
138761,"R",8475,"A",,"A",,"G",283,"A",,"G",283,"A",,"A",,2
138789,"R",174935,"A",,"R",13624,"G",5831,"G",568,"G",5831,"G",568,"R",59,2
138813,"R",141294,"A",,"A",,"G",3140,"A",,"G",3140,"A",,"A",,2
138822,"A",,"R",710008,"A",,"G",789,"A",,"G",789,"A",,"A",,1
138840,"R",126523,"A",,"A",,"G",4217,"A",,"G",4217,"A",,"A",,2
138868,"R",41275,"A",,"A",,"G",1376,"A",,"G",1376,"A",,"A",,2
138901,"R",73105,"A",,"A",,"G",2437,"A",,"G",2437,"A",,"A",,2
138929,"A",,"A",,"A",,"A",,"A",,"A",,"A",,"R",341,-2
138938,"A",,"R",131493,"A",,"G",146,"A",,"R",130,"A",,"A",,1
138947,"R",78934,"A",,"R",13677,"G",2631,"G",570,"G",2631,"G",570,"A",,2
138956,"R",104805,"A",,"A",,"G",3494,"A",,"G",3494,"A",,"A",,2
139010,"R",69243,"A",,"A",,"G",2308,"A",,"G",2308,"A",,"A",,2
139074,"R",35406,"A",,"A",,"G",1180,"A",,"G",1180,"A",,"A",,2
139092,"A",,"R",79535,"A",,"G",88,"A",,"G",88,"A",,"A",,1
139144,"R",60739,"A",,"R",1838,"G",2025,"G",77,"G",2025,"G",77,"A",,2
139153,"R",11637,"A",,"R",4314,"G",388,"G",180,"G",388,"G",180,"A",,2
139199,"R",42852,"A",,"R",21902,"G",1428,"G",913,"G",1428,"G",913,"R",13,2
139205,"R",15389,"A",,"A",,"G",513,"A",,"G",513,"A",,"A",,2
139214,"R",8355,"A",,"A",,"G",186,"A",,"G",186,"A",,"A",,2
139250,"R",73405,"A",,"A",,"G",2447,"A",,"G",2447,"A",,"A",,2
139278,"R",143026,"A",,"A",,"G",4768,"A",,"G",4768,"A",,"A",,2
139287,"R",2375,"A",,"A",,"G",79,"A",,"G",79,"A",,"A",,2
139311,"R",167556,"A",,"R",6225,"G",5585,"G",259,"G",5585,"G",259,"A",,2
139348,"A",,"A",,"R",4836,"A",,"G",202,"A",,"G",202,"R",86,-2
139357,"R",97234,"A",,"A",,"G",3241,"A",,"G",3241,"A",,"A",,2
139366,"R",181111,"A",,"R",20140,"G",6037,"G",839,"G",6037,"G",839,"A",,2
139384,"R",138864,"A",,"A",,"G",4629,"A",,"G",4629,"A",,"A",,2
139393,"R",32067,"A",,"R",791,"G",1069,"G",33,"G",1069,"G",33,"A",,2
139463,"R",115392,"A",,"A",,"G",3846,"A",,"G",3846,"A",,"A",,2
139506,"A",,"R",258300,"A",,"G",287,"A",,"G",287,"A",,"A",,1
139579,"R",34185,"A",,"R",18415,"G",760,"G",512,"G",760,"G",512,"R",359,2
139621,"R",70347,"A",,"A",,"G",2345,"A",,"G",2345,"A",,"A",,2
139630,"R",22444,"A",,"A",,"G",748,"A",,"G",748,"A",,"A",,2
139658,"R",260873,"A",,"R",136464,"G",8696,"G",5686,"G",8696,"G",5686,"R",1613,2
139700,"R",122129,"A",,"A",,"G",4071,"A",,"G",4071,"A",,"A",,2
139719,"R",89427,"A",,"R",5249,"G",2981,"G",219,"G",2981,"G",219,"A",,2
139746,"R",3404,"A",,"A",,"G",76,"A",,"G",76,"A",,"A",,2
139755,"R",432769,"A",,"R",234157,"G",14426,"G",9757,"R",15126,"R",7062,"A",,2
139764,"R",73758,"A",,"R",5519,"G",2459,"G",230,"G",2459,"G",230,"A",,2
139861,"R",166199,"A",,"R",17551,"G",5540,"G",731,"G",5540,"G",731,"R",6,2
139904,"R",74248,"A",,"A",,"G",1650,"A",,"G",1650,"A",,"A",,2
139931,"R",510308,"A",,"R",43539,"G",17010,"G",1814,"G",17010,"G",1814,"A",,2
139940,"R",658543,"A",,"R",199501,"G",21951,"G",8313,"G",21951,"G",8313,"R",679,2
139959,"R",751498,"A",,"R",183102,"G",25050,"G",7629,"G",25050,"G",7629,"R",2038,2
139968,"R",100092,"A",,"A",,"G",3336,"A",,"G",3336,"A",,"A",,2
139986,"R",125049,"A",,"A",,"G",4168,"A",,"G",4168,"A",,"A",,2
139995,"R",7420,"A",,"A",,"G",165,"A",,"G",165,"A",,"A",,2
140003,"R",18198,"A",,"A",,"G",404,"A",,"G",404,"A",,"A",,2
140012,"R",154142,"A",,"A",,"G",5138,"A",,"G",5138,"A",,"A",,2
140146,"A",,"A",,"R",4889,"A",,"G",204,"A",,"G",204,"A",,-2
140164,"R",591829,"A",,"R",35696,"G",19728,"G",1487,"G",19728,"G",1487,"A",,2
140234,"R",25577,"A",,"R",2697,"G",853,"G",112,"G",853,"G",112,"A",,2
140243,"R",73057,"A",,"A",,"G",2435,"A",,"G",2435,"A",,"A",,2
140252,"R",38190,"A",,"R",4046,"G",849,"G",112,"G",849,"G",112,"R",1623,2
140331,"R",245188,"A",,"A",,"G",8173,"A",,"G",8173,"A",,"A",,2
140340,"R",15794,"A",,"A",,"G",526,"A",,"G",526,"A",,"A",,2
140447,"R",122235,"A",,"R",53338,"G",4075,"G",2222,"G",4075,"G",2222,"R",2285,2
140553,"R",71359,"A",,"A",,"G",2379,"A",,"G",2379,"A",,"A",,2
140562,"A",,"A",,"R",2340,"A",,"G",98,"A",,"G",98,"R",235,-2
140599,"R",44791,"A",,"A",,"G",1493,"A",,"G",1493,"A",,"A",,2
140678,"R",59285,"A",,"A",,"G",1976,"A",,"G",1976,"A",,"A",,2
140696,"R",30815,"A",,"R",538,"G",1027,"G",22,"G",1027,"G",22,"A",,2
140720,"R",24854,"A",,"A",,"G",828,"A",,"G",828,"A",,"A",,2
140818,"R",37664,"A",,"R",23913,"G",1255,"G",996,"G",1255,"G",996,"A",,2
140827,"R",6360,"A",,"A",,"G",141,"A",,"G",141,"A",,"A",,2
140872,"R",35883,"A",,"R",2087,"G",1196,"G",87,"G",1196,"G",87,"A",,2
140942,"R",110317,"A",,"A",,"G",3677,"A",,"G",3677,"A",,"A",,2
140951,"R",366560,"A",,"R",65465,"G",8146,"G",1818,"G",8146,"G",1818,"A",,2
140960,"R",121360,"A",,"R",3544,"G",4045,"G",148,"G",4045,"G",148,"A",,2
140988,"R",44650,"A",,"R",1717,"G",1488,"G",72,"G",1488,"G",72,"A",,2
141006,"R",46947,"A",,"A",,"G",1565,"A",,"G",1565,"A",,"A",,2
141015,"R",9950,"A",,"A",,"G",221,"A",,"G",221,"A",,"A",,2
141060,"R",71486,"A",,"A",,"G",2383,"A",,"G",2383,"A",,"A",,2
141097,"R",142248,"A",,"R",12387,"G",4742,"G",516,"G",4742,"G",516,"A",,2
141158,"R",35859,"A",,"A",,"G",1195,"A",,"G",1195,"A",,"A",,2
141167,"R",23393,"A",,"R",4543,"G",780,"G",189,"G",780,"G",189,"A",,2
141185,"R",24109,"A",,"A",,"G",804,"A",,"G",804,"A",,"A",,2
141237,"R",26577,"A",,"A",,"G",886,"A",,"G",886,"A",,"A",,2
141255,"R",97389,"A",,"A",,"G",3246,"A",,"G",3246,"A",,"A",,2
141264,"R",281470,"A",,"R",42543,"G",9382,"G",1773,"G",9382,"G",1773,"Z",0,2
141325,"R",15477,"A",,"R",1341,"G",516,"G",56,"G",516,"G",56,"A",,2
141334,"R",273352,"A",,"R",29907,"G",9112,"G",1246,"G",9112,"G",1246,"A",,2
141361,"R",32178,"A",,"A",,"G",1073,"A",,"R",1038,"A",,"A",,2
141468,"R",81663,"A",,"A",,"G",1815,"A",,"G",1815,"A",,"A",,2
141486,"R",59797,"A",,"R",14812,"G",1993,"G",617,"R",1565,"G",617,"A",,2
141565,"R",91082,"A",,"R",2995,"G",3036,"G",125,"G",3036,"G",125,"R",513,2
141574,"R",410916,"A",,"R",66330,"G",13697,"G",2764,"G",13697,"G",2764,"R",1037,2
141608,"A",,"R",114725,"A",,"G",127,"A",,"G",127,"A",,"A",,1
141644,"R",138981,"A",,"R",20946,"G",4633,"G",873,"G",4633,"G",873,"A",,2
141680,"R",76146,"A",,"A",,"G",2538,"A",,"G",2538,"A",,"A",,2
141796,"R",152062,"A",,"A",,"G",5069,"A",,"G",5069,"A",,"A",,2
141802,"R",24455,"A",,"A",,"G",815,"A",,"G",815,"A",,"A",,2
141811,"R",137678,"A",,"A",,"G",4589,"A",,"G",4589,"A",,"A",,2
141839,"R",74760,"A",,"A",,"G",2492,"A",,"G",2492,"A",,"A",,2
141848,"R",4740,"A",,"A",,"G",158,"A",,"G",158,"A",,"A",,2
141936,"A",,"A",,"R",1040,"A",,"G",43,"A",,"G",43,"R",8,-2
141945,"A",,"R",222300,"A",,"G",247,"A",,"G",247,"A",,"A",,1
141981,"R",39101,"A",,"A",,"G",1303,"A",,"G",1303,"A",,"A",,2
141990,"R",44436,"A",,"A",,"G",1481,"A",,"G",1481,"A",,"A",,2
142054,"R",15813,"A",,"A",,"G",527,"A",,"G",527,"A",,"A",,2
142090,"R",5465,"A",,"A",,"G",182,"A",,"G",182,"A",,"A",,2
142115,"R",449577,"A",,"R",42921,"G",14986,"G",1788,"G",14986,"G",1788,"A",,2
142179,"R",15917,"A",,"A",,"G",531,"A",,"G",531,"A",,"A",,2
142276,"R",265582,"A",,"R",35919,"G",8853,"G",1497,"G",8853,"G",1497,"R",487,2
142285,"R",276430,"A",,"R",28846,"G",9214,"G",1202,"G",9214,"G",1202,"R",429,2
142294,"R",30775,"A",,"R",595,"G",1026,"G",25,"G",1026,"G",25,"A",,2
142328,"R",95977,"A",,"A",,"G",3199,"A",,"G",3199,"A",,"A",,2
142337,"R",13391,"A",,"A",,"G",298,"A",,"G",298,"A",,"A",,2
142407,"A",,"R",46224,"A",,"G",51,"A",,"G",51,"A",,"A",,1
142416,"A",,"R",29000,"A",,"G",32,"A",,"G",32,"A",,"A",,1
142443,"R",140510,"A",,"A",,"G",4684,"A",,"G",4684,"A",,"A",,2
142461,"R",51336,"A",,"R",13898,"G",1711,"G",579,"G",1711,"G",579,"A",,2
142489,"A",,"R",67094,"A",,"G",75,"A",,"R",76,"A",,"A",,1
142522,"R",915665,"A",,"A",,"G",30522,"A",,"G",30522,"A",,"A",,2
142559,"R",151517,"A",,"A",,"G",5051,"A",,"G",5051,"A",,"A",,2
142832,"A",,"A",,"R",16346,"A",,"G",681,"A",,"G",681,"R",287,-2
142869,"A",,"R",42680,"A",,"G",47,"A",,"G",47,"A",,"A",,1
142878,"A",,"R",77400,"A",,"G",86,"A",,"G",86,"A",,"A",,1
142887,"R",11511,"A",,"A",,"G",384,"A",,"G",384,"A",,"A",,2
143048,"R",74930,"A",,"R",18496,"G",2498,"G",771,"G",2498,"G",771,"A",,2
143084,"R",76645,"A",,"A",,"G",2555,"A",,"G",2555,"A",,"A",,2
143118,"R",90398,"A",,"R",37985,"G",3013,"G",1583,"G",3013,"G",1583,"A",,2
143181,"A",,"R",54900,"A",,"G",61,"A",,"G",61,"A",,"A",,1
143215,"R",272542,"A",,"A",,"G",9085,"A",,"G",9085,"A",,"A",,2
143233,"A",,"A",,"R",1106,"A",,"G",46,"A",,"G",46,"A",,-2
143279,"R",152589,"A",,"A",,"G",5086,"A",,"G",5086,"A",,"A",,2
143288,"R",16216,"A",,"A",,"G",541,"A",,"G",541,"A",,"A",,2
143297,"R",6241,"A",,"R",389,"G",208,"G",16,"G",208,"G",16,"A",,2
143303,"R",653,"A",,"A",,"G",22,"A",,"G",22,"A",,"A",,2
143358,"R",141775,"A",,"R",10227,"G",4726,"G",426,"G",4726,"G",426,"R",90,2
143376,"A",,"R",270614,"A",,"G",301,"A",,"G",301,"A",,"A",,1
143464,"A",,"R",99806,"A",,"G",111,"A",,"G",111,"A",,"A",,1
143473,"A",,"R",79312,"A",,"G",88,"A",,"G",88,"A",,"A",,1
143482,"A",,"R",60784,"A",,"G",68,"A",,"G",68,"A",,"A",,1
143491,"A",,"R",108232,"A",,"G",120,"A",,"G",120,"A",,"A",,1
143516,"A",,"R",75572,"A",,"G",84,"A",,"G",84,"A",,"A",,1
143534,"A",,"R",91200,"A",,"G",101,"A",,"G",101,"A",,"A",,1
143543,"A",,"R",82382,"A",,"G",92,"A",,"G",92,"A",,"A",,1
143552,"A",,"R",91998,"A",,"G",102,"A",,"G",102,"A",,"A",,1
143613,"R",53517,"A",,"A",,"G",1784,"A",,"G",1784,"A",,"A",,2
143659,"A",,"A",,"R",5094,"A",,"G",212,"A",,"G",212,"A",,-2
143695,"A",,"R",33000,"A",,"G",37,"A",,"G",37,"A",,"A",,1
143853,"A",,"A",,"R",33555,"A",,"G",932,"A",,"G",932,"R",1886,-2
143978,"A",,"A",,"R",57269,"A",,"G",2386,"A",,"G",2386,"R",790,-2
144005,"R",108056,"A",,"R",17990,"G",3602,"G",750,"G",3602,"G",750,"R",519,2
144014,"A",,"A",,"R",2108,"A",,"G",88,"A",,"R",103,"A",,-2
144050,"R",199177,"A",,"R",254895,"G",4426,"G",7080,"R",5619,"G",7080,"R",998,2
144157,"R",151309,"A",,"A",,"G",5044,"A",,"G",5044,"A",,"A",,2
144166,"R",164817,"A",,"A",,"G",5494,"A",,"G",5494,"A",,"A",,2
144175,"R",123312,"A",,"A",,"G",4110,"A",,"G",4110,"A",,"A",,2
144184,"R",271489,"A",,"A",,"G",9050,"A",,"G",9050,"A",,"A",,2
144193,"R",224899,"A",,"A",,"G",7497,"A",,"G",7497,"A",,"A",,2
144209,"R",209608,"A",,"A",,"G",6987,"A",,"G",6987,"A",,"A",,2
144218,"R",260479,"A",,"A",,"G",8683,"A",,"G",8683,"A",,"A",,2
144281,"R",280194,"A",,"R",8908,"G",9340,"G",371,"G",9340,"G",371,"A",,2
144351,"R",42811,"A",,"R",60402,"G",1427,"G",2517,"G",1427,"G",2517,"A",,2
144467,"R",47706,"A",,"A",,"G",1590,"A",,"G",1590,"A",,"A",,2
144485,"R",46470,"A",,"A",,"G",1549,"A",,"G",1549,"A",,"A",,2
144564,"R",66876,"A",,"A",,"G",2229,"A",,"G",2229,"A",,"A",,2
144573,"A",,"R",84600,"A",,"G",94,"A",,"G",94,"A",,"A",,1
144740,"R",709786,"A",,"R",174505,"G",15773,"G",4847,"G",15773,"G",4847,"R",1027,2
144795,"A",,"R",288500,"A",,"G",321,"A",,"G",321,"A",,"A",,1
144865,"R",567313,"A",,"A",,"G",18910,"A",,"G",18910,"A",,"A",,2
144883,"R",39024,"A",,"A",,"G",867,"A",,"R",780,"A",,"A",,2
144892,"R",247041,"A",,"R",28299,"G",8235,"G",1179,"G",8235,"G",1179,"A",,2
144944,"R",245175,"A",,"A",,"G",8173,"A",,"G",8173,"A",,"A",,2
144962,"R",96014,"A",,"R",3936,"G",3200,"G",164,"G",3200,"G",164,"A",,2
144971,"R",21556,"A",,"A",,"G",719,"A",,"G",719,"A",,"A",,2
145099,"A",,"R",162504,"A",,"G",181,"A",,"G",181,"A",,"A",,1
145239,"R",12340,"A",,"A",,"G",411,"A",,"R",434,"A",,"A",,2
145275,"A",,"A",,"R",6614,"A",,"G",276,"A",,"R",304,"A",,-2
145309,"R",980,"A",,"A",,"G",33,"A",,"G",33,"A",,"A",,2
145336,"R",71974,"A",,"R",39462,"G",2399,"G",1644,"G",2399,"G",1644,"R",187,2
145354,"R",1720,"A",,"A",,"G",57,"A",,"G",57,"A",,"A",,2
145372,"R",36960,"A",,"R",4596,"G",1232,"G",192,"G",1232,"G",192,"A",,2
145406,"A",,"R",210469,"A",,"G",234,"A",,"G",234,"A",,"A",,1
145424,"A",,"R",67564,"A",,"G",75,"A",,"G",75,"A",,"A",,1
145433,"A",,"R",95011,"A",,"G",106,"A",,"G",106,"A",,"A",,1
145460,"R",11318,"A",,"R",2657,"G",377,"G",111,"G",377,"G",111,"A",,2
145497,"R",15461,"A",,"R",120,"G",515,"G",5,"G",515,"G",5,"A",,2
145521,"R",41501,"A",,"A",,"G",1383,"A",,"G",1383,"A",,"A",,2
145558,"A",,"A",,"R",24390,"A",,"G",678,"A",,"G",678,"R",1430,-2
145600,"R",479155,"A",,"R",185540,"G",15972,"G",7731,"G",15972,"G",7731,"R",4609,2
145619,"R",108017,"A",,"R",50222,"G",3601,"G",2093,"G",3601,"G",2093,"A",,2
145628,"A",,"A",,"A",,"A",,"A",,"A",,"A",,"R",626,-2
145637,"R",1028857,"A",,"R",317584,"G",34295,"G",13233,"G",34295,"G",13233,"R",1580,2
145646,"R",69676,"A",,"A",,"G",2323,"A",,"R",2010,"A",,"A",,2
145682,"R",214736,"A",,"A",,"G",7158,"A",,"G",7158,"A",,"A",,2
145691,"R",30978,"A",,"R",150,"G",1033,"G",6,"G",1033,"G",6,"A",,2
145707,"R",37788,"A",,"A",,"G",1260,"A",,"G",1260,"A",,"A",,2
145725,"R",84741,"A",,"R",62993,"G",2825,"G",2625,"G",2825,"G",2625,"R",1906,2
145770,"R",7132,"A",,"R",9362,"G",238,"G",390,"G",238,"G",390,"R",199,2
145813,"R",512577,"A",,"R",41225,"G",17086,"G",1718,"G",17086,"G",1718,"R",58,2
145831,"R",82409,"A",,"A",,"G",2747,"A",,"G",2747,"A",,"A",,2
145886,"A",,"A",,"R",1330,"A",,"G",55,"A",,"G",55,"A",,-2
146010,"R",23116,"A",,"A",,"G",514,"A",,"G",514,"A",,"A",,2
146205,"R",119850,"A",,"A",,"G",3995,"A",,"G",3995,"A",,"A",,2
146241,"A",,"A",,"R",1680,"A",,"G",70,"A",,"G",70,"R",1774,-2
146278,"R",48983,"A",,"A",,"G",1633,"A",,"G",1633,"A",,"A",,2
146296,"R",342021,"A",,"A",,"G",11401,"A",,"G",11401,"A",,"A",,2
146339,"R",30517,"A",,"R",2789,"G",1017,"G",116,"G",1017,"G",116,"A",,2
146348,"R",89071,"A",,"A",,"G",2969,"A",,"G",2969,"A",,"A",,2
146366,"R",116002,"A",,"A",,"G",3867,"A",,"G",3867,"A",,"A",,2
146393,"R",74317,"A",,"A",,"G",1651,"A",,"G",1651,"A",,"A",,2
146418,"R",100670,"A",,"A",,"G",3356,"A",,"G",3356,"A",,"A",,2
146427,"R",42253,"A",,"A",,"G",1408,"A",,"G",1408,"A",,"A",,2
146454,"A",,"R",31967,"A",,"G",36,"A",,"G",36,"A",,"A",,1
146472,"R",331219,"A",,"A",,"G",11041,"A",,"G",11041,"A",,"A",,2
146481,"R",47700,"A",,"R",196,"G",1590,"G",8,"G",1590,"G",8,"A",,2
146490,"A",,"A",,"R",14976,"A",,"G",416,"A",,"G",416,"A",,-2
146506,"R",224984,"A",,"A",,"G",7499,"A",,"G",7499,"A",,"A",,2
146533,"R",6453,"A",,"A",,"G",215,"A",,"G",215,"A",,"A",,2
146603,"R",125677,"A",,"A",,"G",4189,"A",,"G",4189,"A",,"A",,2
146612,"R",129404,"A",,"R",34222,"G",4313,"G",1426,"G",4313,"G",1426,"A",,2
146621,"R",1572,"A",,"A",,"G",52,"A",,"G",52,"A",,"A",,2
146667,"R",17065,"A",,"R",4749,"G",569,"G",198,"G",569,"G",198,"A",,2
146676,"R",33709,"A",,"A",,"G",1124,"A",,"G",1124,"A",,"A",,2
146685,"R",163797,"A",,"A",,"G",5460,"A",,"G",5460,"A",,"A",,2
146700,"A",,"R",884384,"A",,"G",983,"A",,"G",983,"A",,"A",,1
146719,"R",304149,"A",,"R",74270,"G",10138,"G",3095,"G",10138,"G",3095,"R",1386,2
146728,"A",,"A",,"R",2072,"A",,"G",86,"A",,"G",86,"A",,-2
146755,"R",5150,"A",,"A",,"G",172,"A",,"G",172,"A",,"A",,2
146791,"A",,"R",305388,"A",,"G",339,"A",,"G",339,"A",,"A",,1
146807,"A",,"R",40254,"A",,"G",45,"A",,"G",45,"A",,"A",,1
146816,"R",4504,"A",,"A",,"G",150,"A",,"G",150,"A",,"A",,2
146825,"R",16854,"A",,"A",,"G",562,"A",,"G",562,"A",,"A",,2
146977,"A",,"A",,"R",2436,"A",,"G",102,"A",,"G",102,"A",,-2
147004,"R",146581,"A",,"A",,"G",4886,"A",,"G",4886,"A",,"A",,2
147013,"R",61365,"A",,"R",12429,"G",2046,"G",518,"G",2046,"G",518,"A",,2
147031,"A",,"A",,"R",1901,"A",,"G",79,"A",,"G",79,"A",,-2
147129,"R",18571,"A",,"A",,"G",619,"A",,"G",619,"A",,"A",,2
147165,"R",20376,"A",,"A",,"G",453,"A",,"G",453,"A",,"A",,2
147244,"R",69162,"A",,"R",2743,"G",2305,"G",114,"G",2305,"G",114,"Z",0,2
147341,"R",37548,"A",,"A",,"G",1252,"A",,"G",1252,"A",,"A",,2
147369,"R",84392,"A",,"R",8054,"G",2813,"G",336,"G",2813,"G",336,"A",,2
147378,"R",360251,"A",,"A",,"G",12008,"A",,"G",12008,"A",,"A",,2
147396,"A",,"R",40680,"A",,"G",45,"A",,"G",45,"A",,"A",,1
147411,"R",97081,"A",,"A",,"G",3236,"A",,"G",3236,"A",,"A",,2
147439,"A",,"R",88276,"A",,"G",98,"A",,"G",98,"A",,"A",,1
147536,"R",51440,"A",,"R",106186,"G",1143,"G",2950,"G",1143,"G",2950,"A",,2
147590,"R",5480,"A",,"R",5014,"G",183,"G",209,"G",183,"G",209,"R",757,2
147642,"A",,"R",74119,"A",,"G",82,"A",,"G",82,"A",,"A",,1
147660,"R",120875,"A",,"R",6258,"G",2686,"G",174,"G",2686,"G",174,"A",,2
147679,"R",60278,"A",,"R",14701,"G",2009,"G",613,"G",2009,"G",613,"A",,2
147697,"A",,"A",,"R",3316,"A",,"G",92,"A",,"G",92,"A",,-2
147703,"R",436966,"A",,"R",85445,"G",14566,"G",3560,"G",14566,"G",3560,"R",413,2
147749,"R",19304,"A",,"A",,"G",429,"A",,"G",429,"A",,"A",,2
147767,"R",405761,"A",,"R",304419,"G",9017,"G",8456,"G",9017,"G",8456,"R",1565,2
147776,"R",205467,"A",,"R",27708,"G",6849,"G",1155,"G",6849,"G",1155,"A",,2
147800,"R",218132,"A",,"A",,"G",7271,"A",,"G",7271,"A",,"A",,2
147819,"A",,"R",55092,"A",,"G",61,"A",,"G",61,"A",,"A",,1
147828,"R",100411,"A",,"R",33220,"G",3347,"G",1384,"G",3347,"G",1384,"A",,2
147916,"R",219780,"A",,"A",,"G",7326,"A",,"G",7326,"A",,"A",,2
147970,"A",,"R",202901,"A",,"G",225,"A",,"G",225,"A",,"A",,1
148007,"R",121490,"A",,"A",,"G",4050,"A",,"G",4050,"A",,"A",,2
148016,"R",14532,"A",,"A",,"G",484,"A",,"G",484,"A",,"A",,2
148098,"A",,"R",64800,"A",,"G",72,"A",,"G",72,"A",,"A",,1
148131,"R",35777,"A",,"R",7836,"G",1193,"G",327,"G",1193,"G",327,"A",,2
148140,"R",7352,"R",58130,"A",,"G",310,"A",,"G",310,"A",,"A",,3
148177,"R",108838,"A",,"A",,"G",2419,"A",,"G",2419,"A",,"A",,2
148256,"R",83329,"A",,"A",,"G",2778,"A",,"G",2778,"A",,"A",,2
148292,"R",73034,"A",,"A",,"G",2434,"A",,"G",2434,"A",,"A",,2
148335,"R",159581,"A",,"R",15428,"G",3546,"G",429,"G",3546,"G",429,"A",,2
148380,"R",188076,"A",,"A",,"G",6269,"A",,"G",6269,"A",,"A",,2
148399,"R",24553,"A",,"A",,"G",546,"A",,"G",546,"A",,"A",,2
148405,"R",28266,"A",,"R",5751,"G",942,"G",240,"G",942,"G",240,"A",,2
148487,"R",92185,"A",,"R",38649,"G",3073,"G",1610,"G",3073,"G",1610,"R",107,2
148496,"R",55831,"A",,"R",26636,"G",1861,"G",1110,"G",1861,"G",1110,"A",,2
148511,"R",4459,"A",,"R",47642,"G",99,"G",1323,"G",99,"G",1323,"R",552,2
148575,"R",10698,"A",,"R",2764,"G",357,"G",115,"G",357,"G",115,"A",,2
148584,"R",46290,"A",,"R",21862,"G",1543,"G",911,"G",1543,"G",911,"A",,2
148593,"R",3435,"A",,"A",,"G",115,"A",,"G",115,"A",,"A",,2
148627,"R",77815,"A",,"R",23570,"G",2594,"G",982,"G",2594,"G",982,"A",,2
148654,"R",73066,"A",,"R",31482,"G",2436,"G",1312,"G",2436,"G",1312,"A",,2
148672,"R",51575,"A",,"A",,"G",1719,"A",,"G",1719,"A",,"A",,2
148724,"A",,"A",,"R",339,"A",,"G",14,"A",,"G",14,"A",,-2
148821,"R",53605,"A",,"A",,"G",1787,"A",,"G",1787,"A",,"A",,2
148849,"R",3281,"A",,"A",,"G",109,"A",,"G",109,"A",,"A",,2
148876,"R",35268,"A",,"A",,"G",1176,"A",,"G",1176,"A",,"A",,2
148885,"A",,"A",,"R",2569,"A",,"G",71,"A",,"G",71,"A",,-2
148937,"R",44190,"A",,"A",,"G",1473,"A",,"G",1473,"A",,"A",,2
148955,"R",3183,"A",,"A",,"G",106,"A",,"G",106,"A",,"A",,2
148982,"A",,"A",,"R",3939,"A",,"G",109,"A",,"G",109,"A",,-2
148991,"R",33537,"A",,"A",,"G",1118,"A",,"G",1118,"A",,"A",,2
149028,"R",5662,"A",,"R",935,"G",189,"G",39,"G",189,"G",39,"A",,2
149204,"A",,"R",55040,"A",,"G",61,"A",,"G",61,"A",,"A",,1
149222,"R",353407,"A",,"R",66221,"G",11780,"G",2759,"G",11780,"G",2759,"R",1678,2
149231,"R",310907,"A",,"R",37663,"G",10364,"G",1569,"G",10364,"G",1569,"R",522,2
149310,"R",12041,"A",,"A",,"G",401,"A",,"G",401,"A",,"A",,2
149329,"R",1680,"A",,"R",336,"G",56,"G",14,"G",56,"G",14,"A",,2
149365,"R",119158,"A",,"A",,"G",3972,"A",,"G",3972,"A",,"A",,2
149499,"A",,"R",16864,"A",,"G",19,"A",,"G",19,"A",,"A",,1
149505,"R",35550,"A",,"R",326,"G",1185,"G",14,"G",1185,"G",14,"A",,2
149514,"R",25566,"A",,"R",18736,"G",852,"G",781,"G",852,"G",781,"A",,2
149532,"R",264501,"A",,"A",,"G",8817,"A",,"G",8817,"A",,"A",,2
149550,"A",,"R",249153,"A",,"G",277,"A",,"G",277,"A",,"A",,1
149639,"R",3862,"A",,"R",4350,"G",129,"G",181,"G",129,"G",181,"A",,2
149727,"R",230927,"A",,"A",,"G",7698,"A",,"G",7698,"A",,"A",,2
149763,"R",10443,"A",,"R",1670,"G",348,"G",70,"G",348,"G",70,"A",,2
149772,"R",285789,"A",,"R",29499,"G",9526,"G",1229,"G",9526,"G",1229,"A",,2
149781,"R",78490,"A",,"R",7967,"G",2616,"G",332,"G",2616,"G",332,"R",97,2
149842,"R",324012,"A",,"A",,"G",10800,"A",,"G",10800,"A",,"A",,2
150048,"R",7075,"A",,"A",,"G",236,"A",,"G",236,"A",,"A",,2
150066,"R",61279,"A",,"R",8051,"G",2043,"G",335,"G",2043,"G",335,"A",,2
150075,"A",,"R",7624,"A",,"G",8,"A",,"G",8,"A",,"A",,1
150136,"R",492704,"A",,"R",91953,"G",16423,"G",3831,"G",16423,"G",3831,"R",22,2
150145,"R",48347,"A",,"R",2573,"G",1612,"G",107,"G",1612,"G",107,"A",,2
150163,"R",117614,"A",,"R",11230,"G",3920,"G",468,"G",3920,"G",468,"R",231,2
150172,"R",18759,"A",,"R",2080,"G",625,"G",87,"G",625,"G",87,"A",,2
150215,"A",,"A",,"R",3610,"A",,"G",150,"A",,"G",150,"A",,-2
150251,"R",6628,"A",,"A",,"G",221,"A",,"G",221,"A",,"A",,2
150288,"A",,"A",,"R",8351,"A",,"G",232,"A",,"R",250,"A",,-2
150303,"A",,"R",217768,"A",,"G",242,"A",,"G",242,"A",,"A",,1
150400,"R",70790,"A",,"A",,"G",2360,"A",,"G",2360,"A",,"A",,2
150428,"A",,"R",42748,"A",,"G",47,"A",,"R",74,"A",,"A",,1
150437,"A",,"R",49255,"A",,"G",55,"A",,"G",55,"A",,"A",,1
150455,"R",30713,"A",,"R",1957,"G",1024,"G",82,"R",1076,"G",82,"A",,2
150534,"R",78640,"A",,"R",1606,"G",2621,"G",67,"G",2621,"G",67,"R",111,2
150604,"R",31824,"A",,"A",,"G",1061,"A",,"G",1061,"A",,"A",,2
150668,"R",26529,"A",,"R",621,"G",884,"G",26,"G",884,"G",26,"A",,2
150677,"R",42881,"A",,"R",6660,"G",1429,"G",278,"G",1429,"G",278,"A",,2
150695,"A",,"R",50022,"A",,"G",56,"A",,"G",56,"A",,"A",,1
150710,"A",,"R",77781,"A",,"G",86,"A",,"G",86,"A",,"A",,1
150756,"R",38712,"A",,"A",,"G",1290,"A",,"R",1131,"A",,"A",,2
150765,"A",,"R",93219,"A",,"G",104,"A",,"G",104,"A",,"A",,1
150774,"R",13225,"A",,"A",,"G",441,"A",,"G",441,"A",,"A",,2
150853,"A",,"R",179003,"A",,"G",199,"A",,"G",199,"A",,"A",,1
150941,"R",33044,"A",,"R",1375,"G",1101,"G",57,"G",1101,"G",57,"A",,2
150987,"R",2144802,"A",,"A",,"G",71493,"A",,"G",71493,"A",,"A",,2
151102,"R",290532,"A",,"R",10606,"G",9684,"G",442,"G",9684,"G",442,"A",,2
151111,"R",567176,"A",,"R",92284,"G",18906,"G",3845,"G",18906,"G",3845,"R",4376,2
151166,"R",190981,"A",,"A",,"G",4244,"A",,"G",4244,"A",,"A",,2
151263,"R",114040,"A",,"R",19772,"G",3801,"G",824,"G",3801,"G",824,"R",442,2
151290,"R",119802,"A",,"R",7851,"G",3993,"G",327,"G",3993,"G",327,"Z",0,2
151306,"R",267741,"A",,"R",14577,"G",8925,"G",607,"G",8925,"G",607,"A",,2
151324,"R",284700,"A",,"R",34431,"G",9490,"G",1435,"G",9490,"G",1435,"R",57,2
151333,"R",71345,"A",,"R",2934,"G",2378,"G",122,"G",2378,"G",122,"A",,2
151342,"R",155718,"A",,"R",8922,"G",5191,"G",372,"G",5191,"G",372,"A",,2
151351,"R",962603,"A",,"R",166837,"G",32087,"G",6952,"G",32087,"G",6952,"R",1327,2
151360,"R",121034,"A",,"R",8537,"G",4034,"G",356,"G",4034,"G",356,"A",,2
151379,"R",140077,"A",,"R",9150,"G",4669,"G",381,"G",4669,"G",381,"A",,2
151388,"R",82624,"A",,"R",2711,"G",2754,"G",113,"G",2754,"G",113,"A",,2
151458,"A",,"R",388617,"A",,"G",432,"A",,"G",432,"A",,"A",,1
151467,"A",,"R",346096,"A",,"G",385,"A",,"G",385,"A",,"A",,1
151494,"R",25064,"A",,"A",,"G",557,"A",,"G",557,"A",,"A",,2
151500,"R",14952,"A",,"A",,"G",332,"A",,"G",332,"A",,"A",,2
151519,"R",209351,"A",,"R",4056,"G",4652,"G",113,"G",4652,"G",113,"A",,2
151537,"R",1380,"A",,"A",,"G",46,"A",,"G",46,"A",,"A",,2
151564,"A",,"R",38714,"A",,"G",43,"A",,"G",43,"A",,"A",,1
151607,"A",,"R",136409,"A",,"G",152,"A",,"G",152,"A",,"A",,1
151616,"R",26557,"A",,"A",,"G",590,"A",,"G",590,"A",,"A",,2
151625,"R",14596,"A",,"A",,"G",324,"A",,"G",324,"A",,"A",,2
151652,"A",,"R",190611,"A",,"G",212,"A",,"G",212,"A",,"A",,1
151661,"A",,"R",1120305,"A",,"G",1245,"A",,"G",1245,"A",,"A",,1
151777,"R",40015,"A",,"R",512,"G",1334,"G",21,"G",1334,"G",21,"R",64,2
151786,"R",66286,"A",,"R",6390,"G",2210,"G",266,"G",2210,"G",266,"R",0,2
151801,"R",296949,"A",,"R",90803,"G",9898,"G",3783,"G",9898,"G",3783,"Z",0,2
151810,"R",11835,"A",,"R",1004,"G",395,"G",42,"G",395,"G",42,"A",,2
151829,"A",,"R",111962,"A",,"G",124,"A",,"G",124,"A",,"A",,1
151865,"A",,"A",,"R",1565,"A",,"G",65,"A",,"G",65,"A",,-2
151874,"A",,"R",48948,"A",,"G",54,"A",,"G",54,"A",,"A",,1
151944,"R",24272,"A",,"A",,"G",539,"A",,"G",539,"A",,"A",,2
151962,"R",15048,"A",,"A",,"G",334,"A",,"G",334,"A",,"A",,2
152044,"A",,"R",129600,"A",,"G",144,"A",,"G",144,"A",,"A",,1
152080,"R",278390,"A",,"R",70420,"G",9280,"G",2934,"G",9280,"G",2934,"R",548,2
152099,"R",36414,"A",,"R",4225,"G",1214,"G",176,"G",1214,"G",176,"A",,2
152150,"A",,"R",37844,"A",,"G",42,"A",,"G",42,"A",,"A",,1
152220,"R",11106,"A",,"A",,"G",370,"A",,"G",370,"A",,"A",,2
152248,"R",197042,"A",,"R",18595,"G",6568,"G",775,"G",6568,"G",775,"A",,2
152266,"R",108873,"A",,"R",1267,"G",3629,"G",53,"G",3629,"G",53,"A",,2
152275,"A",,"R",188500,"A",,"G",209,"A",,"G",209,"A",,"A",,1
152309,"A",,"R",94500,"A",,"G",105,"A",,"G",105,"A",,"A",,1
152318,"R",92630,"A",,"R",2335,"G",2058,"G",65,"G",2058,"G",65,"A",,2
152327,"A",,"R",43040,"A",,"G",48,"A",,"G",48,"A",,"A",,1
152336,"R",52862,"A",,"R",7516,"G",1762,"G",313,"G",1762,"G",313,"A",,2
152363,"R",33892,"A",,"R",454,"G",1130,"G",19,"G",1130,"G",19,"A",,2
152381,"R",18462,"A",,"R",2942,"G",615,"G",123,"G",615,"G",123,"A",,2
152390,"R",47710,"A",,"A",,"G",1590,"A",,"R",1539,"A",,"A",,2
152415,"R",19914,"A",,"A",,"G",664,"A",,"G",664,"A",,"A",,2
152451,"A",,"A",,"R",5337,"A",,"G",222,"A",,"G",222,"A",,-2
152497,"R",9263,"A",,"A",,"G",309,"A",,"G",309,"A",,"A",,2
152530,"R",65564,"A",,"R",2081,"G",2185,"G",87,"G",2185,"G",87,"A",,2
152567,"R",51295,"A",,"R",136,"G",1710,"G",6,"G",1710,"G",6,"A",,2
152600,"R",92138,"A",,"R",11309,"G",3071,"G",471,"G",3071,"G",471,"R",639,2
152628,"A",,"R",87336,"A",,"G",97,"A",,"G",97,"A",,"A",,1
152637,"R",296289,"A",,"A",,"G",9876,"A",,"G",9876,"A",,"A",,2
152673,"R",29440,"A",,"A",,"G",981,"A",,"R",911,"A",,"A",,2
152798,"R",10993,"A",,"R",2460,"G",366,"G",103,"G",366,"G",103,"R",5,2
152822,"R",50460,"A",,"A",,"G",1121,"A",,"G",1121,"A",,"A",,2
152992,"R",28173,"A",,"R",1888,"G",939,"G",79,"G",939,"G",79,"Z",0,2
153001,"R",73506,"A",,"R",1733,"G",2450,"G",72,"G",2450,"G",72,"A",,2
153074,"A",,"R",161303,"A",,"G",179,"A",,"G",179,"A",,"A",,1
153083,"A",,"R",267907,"A",,"G",298,"A",,"G",298,"A",,"A",,1
153092,"A",,"R",14088,"A",,"G",16,"A",,"R",9,"A",,"A",,1
153108,"R",45346,"A",,"A",,"G",1512,"A",,"G",1512,"A",,"A",,2
153126,"R",26881,"A",,"R",2527,"G",896,"G",105,"G",896,"G",105,"R",96,2
153144,"R",45048,"A",,"R",41,"G",1502,"G",2,"G",1502,"G",2,"A",,2
153162,"R",38272,"A",,"A",,"G",1276,"A",,"G",1276,"A",,"A",,2
153171,"A",,"R",47145,"A",,"G",52,"A",,"G",52,"A",,"A",,1
153214,"R",460097,"A",,"A",,"G",15337,"A",,"G",15337,"A",,"A",,2
153241,"R",2961,"A",,"A",,"G",99,"A",,"G",99,"A",,"A",,2
153250,"R",42973,"A",,"R",537,"G",1432,"G",22,"G",1432,"G",22,"A",,2
153269,"R",91054,"A",,"R",17597,"G",3035,"G",733,"G",3035,"G",733,"R",815,2
153278,"R",49218,"A",,"R",5348,"G",1641,"G",223,"G",1641,"G",223,"A",,2
153296,"R",25441,"A",,"A",,"G",848,"A",,"G",848,"A",,"A",,2
153302,"R",6161,"A",,"A",,"G",205,"A",,"G",205,"A",,"A",,2
153311,"R",165198,"A",,"A",,"G",5507,"A",,"G",5507,"A",,"A",,2
153320,"R",7969,"A",,"R",610,"G",266,"G",25,"G",266,"G",25,"A",,2
153339,"A",,"R",32414,"A",,"G",36,"A",,"G",36,"A",,"A",,1
153366,"R",40496,"A",,"R",12165,"G",1350,"G",507,"G",1350,"G",507,"A",,2
153375,"R",58033,"A",,"R",623,"G",1934,"G",26,"G",1934,"G",26,"A",,2
153384,"R",50005,"A",,"A",,"G",1667,"A",,"R",1635,"A",,"A",,2
153409,"R",11976,"A",,"R",704,"G",399,"G",29,"G",399,"G",29,"A",,2
153418,"R",29630,"A",,"R",827,"G",988,"G",34,"G",988,"G",34,"A",,2
153427,"R",13080,"A",,"A",,"G",436,"A",,"G",436,"A",,"A",,2
153445,"R",130158,"R",2539248,"A",,"G",7160,"A",,"G",7160,"A",,"A",,3
153463,"A",,"R",38658,"A",,"G",43,"A",,"G",43,"A",,"A",,1
153472,"R",121030,"A",,"A",,"G",4034,"A",,"G",4034,"A",,"A",,2
153524,"R",140453,"A",,"A",,"G",4682,"A",,"G",4682,"A",,"A",,2
153533,"R",69316,"A",,"A",,"G",2311,"A",,"G",2311,"A",,"A",,2
153542,"R",592,"A",,"A",,"G",20,"A",,"G",20,"A",,"A",,2
153588,"A",,"R",39246,"A",,"G",44,"A",,"R",24,"A",,"A",,1
153597,"A",,"R",201735,"A",,"G",224,"A",,"G",224,"A",,"A",,1
153603,"R",762148,"A",,"R",78173,"G",25405,"G",3257,"G",25405,"G",3257,"R",588,2
153621,"R",17858,"A",,"A",,"G",595,"A",,"G",595,"A",,"A",,2
153630,"R",160324,"A",,"A",,"G",5344,"A",,"G",5344,"A",,"A",,2
153658,"R",608359,"A",,"R",106943,"G",20279,"G",4456,"G",20279,"R",5941,"R",1923,2
153737,"R",345076,"A",,"A",,"G",11503,"A",,"G",11503,"A",,"A",,2
153746,"A",,"R",115440,"A",,"G",128,"A",,"G",128,"A",,"A",,1
153764,"A",,"R",134930,"A",,"G",150,"A",,"G",150,"A",,"A",,1
153773,"A",,"R",118859,"A",,"G",132,"A",,"G",132,"A",,"A",,1
153782,"A",,"R",108260,"A",,"G",120,"A",,"G",120,"A",,"A",,1
153825,"R",46010,"A",,"R",585,"G",1534,"G",24,"G",1534,"G",24,"A",,2
153834,"R",81006,"A",,"A",,"G",2700,"A",,"G",2700,"A",,"A",,2
153861,"R",12954,"A",,"R",17678,"G",432,"G",737,"G",432,"G",737,"A",,2
153922,"R",39503,"A",,"A",,"G",1317,"A",,"G",1317,"A",,"A",,2
153977,"R",24105,"A",,"A",,"G",804,"A",,"G",804,"A",,"A",,2
154004,"R",36092,"A",,"R",13240,"G",1203,"G",552,"G",1203,"G",552,"A",,2
154013,"R",36565,"A",,"R",5287,"G",1219,"G",220,"G",1219,"G",220,"A",,2
154022,"R",1916654,"A",,"R",226611,"G",63888,"G",9442,"G",63888,"G",9442,"A",,2
154059,"R",67050,"A",,"A",,"G",2235,"A",,"G",2235,"A",,"A",,2
154095,"R",290820,"A",,"R",26925,"G",9694,"G",1122,"G",9694,"R",1496,"A",,2
154101,"R",36163,"A",,"A",,"G",1205,"A",,"G",1205,"A",,"A",,2
154110,"R",100946,"A",,"A",,"G",3365,"A",,"G",3365,"A",,"A",,2
154129,"R",35213,"A",,"A",,"G",1174,"A",,"R",1112,"A",,"A",,2
154156,"A",,"A",,"R",4520,"A",,"G",188,"A",,"G",188,"R",1392,-2
154165,"A",,"R",102598,"A",,"G",114,"A",,"G",114,"A",,"A",,1
154174,"R",2178,"A",,"R",65,"G",73,"G",3,"R",82,"R",4,"R",2494,2
154208,"A",,"R",173051,"A",,"G",192,"A",,"G",192,"A",,"A",,1
154235,"R",71771,"A",,"R",15862,"G",2392,"G",661,"G",2392,"G",661,"R",95,2
154262,"R",5002,"A",,"A",,"G",167,"A",,"G",167,"A",,"A",,2
154332,"A",,"R",59310,"A",,"G",66,"A",,"G",66,"A",,"A",,1
154341,"A",,"R",85070,"A",,"G",95,"A",,"G",95,"A",,"A",,1
154350,"R",54748,"A",,"R",2433,"G",1825,"G",101,"G",1825,"G",101,"A",,2
154378,"R",67522,"A",,"A",,"G",2251,"A",,"G",2251,"A",,"A",,2
154396,"R",34470,"A",,"A",,"G",1149,"A",,"G",1149,"A",,"A",,2
154448,"A",,"R",230525,"A",,"G",256,"A",,"G",256,"A",,"A",,1
154457,"A",,"R",79881,"A",,"G",89,"A",,"G",89,"A",,"A",,1
154466,"A",,"R",77400,"A",,"G",86,"A",,"G",86,"A",,"A",,1
154493,"R",144768,"A",,"R",10777,"G",4826,"G",449,"G",4826,"G",449,"A",,2
154518,"R",22851,"A",,"A",,"G",762,"A",,"G",762,"A",,"A",,2
154527,"R",54372,"A",,"A",,"G",1812,"A",,"G",1812,"A",,"A",,2
154536,"A",,"A",,"R",3476,"A",,"G",145,"A",,"G",145,"A",,-2
154545,"A",,"R",40651,"A",,"G",45,"A",,"G",45,"A",,"A",,1
154572,"R",106334,"A",,"A",,"G",3544,"A",,"G",3544,"A",,"A",,2
154590,"R",42289,"A",,"R",3300,"G",1410,"G",138,"R",1564,"R",150,"A",,2
154642,"R",62661,"A",,"A",,"G",2089,"A",,"G",2089,"A",,"A",,2
154688,"R",52370,"A",,"R",24153,"G",1746,"G",1006,"G",1746,"G",1006,"A",,2
154697,"R",123227,"A",,"A",,"G",4108,"A",,"G",4108,"A",,"A",,2
154712,"R",56348,"A",,"R",1080,"G",1878,"G",45,"G",1878,"G",45,"A",,2
154721,"R",17006,"A",,"A",,"G",567,"A",,"G",567,"A",,"A",,2
154749,"R",13805,"A",,"A",,"G",460,"A",,"G",460,"A",,"A",,2
154767,"R",23070,"A",,"A",,"G",513,"A",,"G",513,"A",,"A",,2
154776,"R",22730,"A",,"A",,"G",505,"A",,"G",505,"A",,"A",,2
154794,"R",6921,"A",,"A",,"G",154,"A",,"G",154,"A",,"A",,2
154800,"R",200288,"A",,"A",,"G",6676,"A",,"G",6676,"A",,"A",,2
154837,"R",633,"A",,"R",3024,"G",21,"G",126,"G",21,"G",126,"R",56,2
154855,"R",25612,"A",,"A",,"G",854,"A",,"G",854,"A",,"A",,2
154907,"R",48359,"A",,"A",,"G",1612,"A",,"G",1612,"A",,"A",,2
154925,"R",39452,"A",,"A",,"G",1315,"A",,"G",1315,"A",,"A",,2
154934,"R",31964,"A",,"A",,"G",1065,"A",,"G",1065,"A",,"A",,2
154952,"R",95183,"A",,"A",,"G",3173,"A",,"G",3173,"A",,"A",,2
154970,"A",,"R",262605,"A",,"G",292,"A",,"G",292,"A",,"A",,1
154998,"R",41928,"A",,"A",,"G",1398,"A",,"G",1398,"A",,"A",,2
155007,"R",8905,"A",,"A",,"G",297,"A",,"G",297,"A",,"A",,2
155025,"R",101772,"A",,"R",31088,"G",3392,"G",1295,"G",3392,"G",1295,"A",,2
155052,"R",18302,"A",,"A",,"G",610,"A",,"G",610,"A",,"A",,2
155061,"R",227226,"A",,"R",27689,"G",7574,"G",1154,"G",7574,"G",1154,"A",,2
155070,"R",6697,"A",,"R",375,"G",223,"G",16,"G",223,"G",16,"A",,2
155089,"R",44352,"A",,"R",13104,"G",1478,"G",546,"G",1478,"G",546,"A",,2
155098,"R",45437,"A",,"A",,"G",1515,"A",,"G",1515,"A",,"A",,2
155104,"R",44661,"A",,"A",,"G",1489,"A",,"G",1489,"A",,"A",,2
155140,"R",21881,"A",,"A",,"G",729,"A",,"G",729,"A",,"A",,2
155159,"A",,"R",93784,"A",,"G",104,"A",,"G",104,"A",,"A",,1
155177,"R",12269,"A",,"A",,"G",409,"A",,"G",409,"A",,"A",,2
155186,"R",64431,"A",,"A",,"G",2148,"A",,"G",2148,"A",,"A",,2
155195,"R",125231,"A",,"A",,"G",4174,"A",,"G",4174,"A",,"A",,2
155201,"R",26884,"A",,"A",,"G",896,"A",,"G",896,"A",,"A",,2
155210,"R",359284,"A",,"A",,"G",11976,"A",,"G",11976,"A",,"A",,2
155283,"A",,"R",1095164,"A",,"G",1217,"A",,"G",1217,"A",,"A",,1
155292,"R",141541,"A",,"A",,"G",4718,"A",,"G",4718,"A",,"A",,2
155317,"R",550387,"A",,"R",106614,"G",18346,"G",4442,"G",18346,"G",4442,"R",2218,2
155335,"R",47141,"A",,"R",11874,"G",1571,"G",495,"G",1571,"G",495,"A",,2
155353,"A",,"R",45820,"A",,"G",51,"A",,"G",51,"A",,"A",,1
155399,"R",546764,"A",,"R",59472,"G",18225,"G",2478,"G",18225,"G",2478,"R",758,2
155414,"R",20823,"A",,"R",837,"G",694,"G",35,"G",694,"G",35,"A",,2
155423,"R",26549,"A",,"A",,"G",885,"A",,"G",885,"A",,"A",,2
155441,"A",,"R",42980,"A",,"G",48,"A",,"G",48,"A",,"A",,1
155450,"R",37694,"A",,"A",,"G",1256,"A",,"G",1256,"A",,"A",,2
155487,"R",18856,"A",,"A",,"G",629,"A",,"G",629,"A",,"A",,2
155496,"R",8383,"A",,"A",,"G",279,"A",,"G",279,"A",,"A",,2
155511,"R",18404,"A",,"R",132,"G",613,"G",6,"G",613,"R",7,"A",,2
155520,"R",47777,"A",,"R",13564,"G",1593,"G",565,"G",1593,"G",565,"A",,2
155566,"R",49064,"A",,"A",,"G",1635,"A",,"G",1635,"A",,"A",,2
155593,"R",20166,"A",,"A",,"G",672,"A",,"G",672,"A",,"A",,2
155618,"R",16226,"A",,"A",,"G",541,"A",,"G",541,"A",,"A",,2
155627,"R",16045,"A",,"R",259,"G",535,"G",11,"G",535,"G",11,"A",,2
155636,"R",7026,"A",,"R",3657,"G",234,"G",152,"G",234,"G",152,"A",,2
155681,"R",181230,"A",,"R",19124,"G",6041,"G",797,"G",6041,"G",797,"A",,2
155715,"R",33908,"A",,"A",,"G",1130,"A",,"G",1130,"A",,"A",,2
155812,"R",22088,"A",,"R",4833,"G",736,"G",201,"G",736,"G",201,"R",66,2
155830,"R",12347,"A",,"A",,"G",412,"A",,"G",412,"A",,"A",,2
155858,"R",39766,"A",,"A",,"G",1326,"A",,"G",1326,"A",,"A",,2
155867,"A",,"R",73265,"A",,"G",81,"A",,"G",81,"A",,"A",,1
155900,"R",38281,"A",,"R",8455,"G",1276,"G",352,"G",1276,"G",352,"A",,2
155937,"R",18013,"A",,"A",,"G",600,"A",,"G",600,"A",,"A",,2
155973,"R",20480,"A",,"R",152,"G",683,"G",6,"G",683,"G",6,"A",,2
156082,"R",143575,"A",,"R",7346,"G",4786,"G",306,"G",4786,"G",306,"R",493,2
156107,"R",66611,"A",,"A",,"G",2220,"A",,"G",2220,"A",,"A",,2
156125,"R",298816,"A",,"R",42771,"G",9961,"G",1782,"G",9961,"G",1782,"R",147,2
156134,"A",,"R",1813500,"A",,"G",2015,"A",,"G",2015,"A",,"A",,1
156189,"R",18382,"A",,"A",,"G",613,"A",,"R",569,"A",,"A",,2
156213,"R",42456,"A",,"R",4412,"G",1415,"G",184,"G",1415,"G",184,"A",,2
156222,"A",,"A",,"R",25089,"A",,"G",1045,"A",,"G",1045,"A",,-2
156231,"R",74474,"A",,"A",,"G",2482,"A",,"G",2482,"A",,"A",,2
156277,"A",,"R",66702,"A",,"G",74,"A",,"G",74,"A",,"A",,1
156286,"R",80511,"A",,"R",11907,"G",2684,"G",496,"G",2684,"G",496,"R",271,2
156295,"R",55046,"A",,"A",,"G",1835,"A",,"R",1623,"A",,"A",,2
156310,"A",,"R",381287,"A",,"G",424,"A",,"G",424,"A",,"A",,1
156338,"R",83807,"A",,"A",,"G",2794,"A",,"G",2794,"A",,"A",,2
156356,"R",20188,"A",,"R",167,"G",673,"G",7,"G",673,"G",7,"A",,2
156365,"R",74560,"A",,"R",11103,"G",2485,"G",463,"G",2485,"G",463,"A",,2
156392,"R",256800,"A",,"A",,"G",8560,"A",,"G",8560,"A",,"A",,2
156408,"R",38809,"A",,"A",,"G",1294,"A",,"R",1350,"A",,"A",,2
156417,"R",3691,"A",,"A",,"G",123,"A",,"G",123,"A",,"A",,2
156426,"A",,"R",307134,"A",,"G",341,"A",,"G",341,"A",,"A",,1
156444,"A",,"R",15154,"A",,"G",17,"A",,"G",17,"A",,"A",,1
156471,"R",18782,"R",431850,"A",,"G",1106,"A",,"R",994,"A",,"A",,3
156541,"R",46498,"A",,"R",48830,"G",1550,"G",2035,"G",1550,"G",2035,"A",,2
156620,"R",362781,"A",,"R",34375,"G",12093,"G",1432,"G",12093,"G",1432,"R",67,2
156648,"R",112862,"A",,"A",,"G",3762,"A",,"G",3762,"A",,"A",,2
156675,"A",,"R",60270,"A",,"G",67,"A",,"G",67,"A",,"A",,1
156727,"A",,"A",,"R",32705,"A",,"G",908,"A",,"G",908,"R",87,-2
156745,"R",34002,"A",,"R",5714,"G",1133,"G",238,"G",1133,"G",238,"A",,2
156754,"A",,"R",71904,"A",,"G",80,"A",,"G",80,"A",,"A",,1
156790,"R",62608,"A",,"A",,"G",2087,"A",,"G",2087,"A",,"A",,2
156842,"A",,"R",260309,"A",,"G",289,"A",,"G",289,"A",,"A",,1
156851,"R",39000,"A",,"A",,"G",1300,"A",,"G",1300,"A",,"A",,2
156860,"R",68064,"A",,"A",,"G",2269,"A",,"G",2269,"A",,"A",,2
156903,"R",5472,"R",4050,"A",,"G",126,"A",,"G",126,"A",,"A",,3
156921,"R",238495,"A",,"A",,"G",7950,"A",,"G",7950,"A",,"A",,2
156949,"A",,"R",33300,"A",,"G",37,"A",,"G",37,"A",,"A",,1
156967,"A",,"R",140252,"A",,"G",156,"A",,"G",156,"A",,"A",,1
157021,"R",67077,"A",,"A",,"G",1491,"A",,"G",1491,"A",,"A",,2
157030,"R",2004,"A",,"A",,"G",67,"A",,"G",67,"A",,"A",,2
157058,"R",59133,"A",,"R",3394,"G",1971,"G",141,"G",1971,"G",141,"A",,2
157076,"R",18987,"A",,"A",,"G",633,"A",,"G",633,"A",,"A",,2
157085,"R",602332,"A",,"R",82528,"G",20078,"G",3439,"G",20078,"G",3439,"R",2199,2
157100,"R",16980,"A",,"R",471,"G",566,"G",20,"G",566,"G",20,"A",,2
157207,"A",,"A",,"R",914,"A",,"G",38,"A",,"R",45,"R",1,-2
157216,"R",60776,"A",,"R",12628,"G",2026,"G",526,"G",2026,"G",526,"A",,2
157270,"R",17032,"A",,"A",,"G",378,"A",,"G",378,"A",,"A",,2
157289,"R",412507,"A",,"R",69369,"G",13750,"G",2890,"G",13750,"G",2890,"R",1563,2
157298,"A",,"A",,"R",3673,"A",,"G",153,"A",,"R",139,"R",36,-2
157304,"R",62466,"A",,"A",,"G",2082,"A",,"G",2082,"A",,"A",,2
157331,"R",89062,"A",,"A",,"G",2969,"A",,"G",2969,"A",,"A",,2
157359,"R",48832,"A",,"R",1578,"G",1628,"G",66,"G",1628,"G",66,"A",,2
157377,"R",35601,"A",,"R",2620,"G",1187,"G",109,"G",1187,"G",109,"A",,2
157386,"R",198963,"A",,"R",21389,"G",6632,"G",891,"G",6632,"G",891,"A",,2
157401,"R",231342,"A",,"R",29262,"G",7711,"G",1219,"G",7711,"G",1219,"R",9,2
157438,"R",72666,"A",,"A",,"G",2422,"A",,"G",2422,"A",,"A",,2
157447,"R",322223,"A",,"R",31620,"G",10741,"G",1318,"G",10741,"G",1318,"R",645,2
157456,"A",,"R",37800,"A",,"G",42,"A",,"G",42,"A",,"A",,1
157465,"R",10340,"R",2885,"A",,"G",233,"A",,"G",233,"A",,"A",,3
157483,"R",123206,"A",,"A",,"G",4107,"A",,"G",4107,"A",,"A",,2
157508,"A",,"R",101000,"A",,"G",112,"A",,"G",112,"A",,"A",,1
157535,"R",35953,"A",,"R",741,"G",1198,"G",31,"G",1198,"G",31,"R",373,2
157553,"R",79810,"A",,"A",,"G",2660,"A",,"G",2660,"A",,"A",,2
157599,"R",73684,"A",,"A",,"G",1637,"A",,"G",1637,"A",,"A",,2
157614,"A",,"R",104788,"A",,"G",116,"A",,"G",116,"A",,"A",,1
157632,"R",21776,"A",,"R",369,"G",726,"G",15,"G",726,"G",15,"A",,2
157650,"A",,"R",207013,"A",,"G",230,"A",,"G",230,"A",,"A",,1
157669,"A",,"R",138773,"A",,"G",154,"A",,"G",154,"A",,"A",,1
157678,"A",,"R",188011,"A",,"G",209,"A",,"G",209,"A",,"A",,1
157696,"R",24340,"A",,"A",,"G",541,"A",,"G",541,"A",,"A",,2
157711,"R",140934,"A",,"A",,"G",4698,"A",,"G",4698,"A",,"A",,2
157739,"R",65893,"A",,"A",,"G",2196,"A",,"G",2196,"A",,"A",,2
157748,"R",16756,"A",,"R",43227,"G",559,"G",1801,"G",559,"G",1801,"A",,2
157757,"R",31578,"A",,"R",21831,"G",1053,"G",910,"G",1053,"G",910,"A",,2
157766,"R",32298,"A",,"A",,"G",718,"A",,"G",718,"A",,"A",,2
157793,"R",198220,"A",,"R",26048,"G",4405,"G",724,"G",4405,"G",724,"R",289,2
157809,"R",39923,"A",,"R",2551,"G",1331,"G",106,"G",1331,"G",106,"A",,2
157818,"R",38147,"A",,"A",,"G",1272,"A",,"G",1272,"A",,"A",,2
157827,"A",,"R",118800,"A",,"G",132,"A",,"G",132,"A",,"A",,1
157863,"R",22297,"A",,"R",8338,"G",743,"G",347,"G",743,"G",347,"A",,2
157951,"R",453435,"A",,"R",43851,"G",15115,"G",1827,"G",15115,"G",1827,"R",32,2
158088,"R",58721,"A",,"A",,"G",1957,"A",,"G",1957,"A",,"A",,2
158158,"R",2744,"A",,"A",,"G",91,"A",,"G",91,"A",,"A",,2
158246,"R",12060,"A",,"A",,"G",402,"A",,"G",402,"A",,"A",,2
158325,"R",2034,"A",,"A",,"G",68,"A",,"G",68,"A",,"A",,2
158334,"R",669,"A",,"A",,"G",22,"A",,"G",22,"A",,"A",,2
158343,"R",2430,"A",,"A",,"G",81,"A",,"G",81,"A",,"A",,2
158352,"R",59080,"A",,"A",,"G",1969,"A",,"G",1969,"A",,"A",,2
158431,"R",186258,"A",,"A",,"G",6209,"A",,"G",6209,"A",,"A",,2
158440,"R",3842,"A",,"A",,"G",128,"A",,"G",128,"A",,"A",,2
158477,"R",20953,"A",,"R",1350,"G",698,"G",56,"G",698,"G",56,"A",,2
158538,"A",,"R",35000,"A",,"G",39,"A",,"G",39,"A",,"A",,1
158617,"R",27602,"R",239875,"A",,"G",1187,"A",,"G",1187,"A",,"A",,3
158644,"A",,"R",56319,"A",,"G",63,"A",,"G",63,"A",,"A",,1
158662,"R",385294,"A",,"A",,"G",12843,"A",,"G",12843,"A",,"A",,2
158723,"R",15136,"A",,"A",,"G",336,"A",,"G",336,"A",,"A",,2
158778,"A",,"R",36596,"A",,"G",41,"A",,"G",41,"A",,"A",,1
158787,"A",,"R",78588,"A",,"G",87,"A",,"G",87,"A",,"A",,1
158802,"R",39008,"A",,"A",,"G",1300,"A",,"G",1300,"A",,"A",,2
158884,"R",41711,"A",,"A",,"G",1390,"A",,"G",1390,"A",,"A",,2
159009,"R",125740,"A",,"R",16658,"G",4191,"G",694,"G",4191,"G",694,"A",,2
159027,"A",,"R",68400,"A",,"G",76,"A",,"G",76,"A",,"A",,1
159197,"R",35896,"A",,"A",,"G",798,"A",,"G",798,"A",,"A",,2
159319,"A",,"R",29400,"A",,"G",33,"A",,"G",33,"A",,"A",,1
159328,"A",,"R",63000,"A",,"G",70,"A",,"G",70,"A",,"A",,1
159373,"R",25716,"A",,"R",20051,"G",857,"G",835,"G",857,"G",835,"R",1271,2
159382,"R",50872,"A",,"Z",0,"G",1696,"A",,"G",1696,"A",,"A",,2
159391,"R",699178,"A",,"R",96352,"G",23306,"G",4015,"G",23306,"G",4015,"R",1259,2
159407,"R",52160,"A",,"A",,"G",1739,"A",,"G",1739,"A",,"A",,2
159416,"R",86741,"A",,"R",6422,"G",2891,"G",268,"G",2891,"G",268,"A",,2
159443,"R",71346,"A",,"A",,"G",2378,"A",,"G",2378,"A",,"A",,2
159513,"A",,"R",198757,"A",,"G",221,"A",,"G",221,"A",,"A",,1
159522,"A",,"R",172380,"A",,"G",192,"A",,"G",192,"A",,"A",,1
159531,"A",,"R",53564,"A",,"G",60,"A",,"G",60,"A",,"A",,1
159568,"R",32099,"A",,"R",8030,"G",1070,"G",335,"G",1070,"G",335,"A",,2
159601,"A",,"R",41684,"A",,"G",46,"A",,"G",46,"A",,"A",,1
159647,"R",225891,"A",,"R",30759,"G",5020,"G",854,"R",7530,"R",1282,"R",29,2
159656,"R",97739,"A",,"R",15690,"G",3258,"G",654,"G",3258,"G",654,"R",782,2
159717,"R",208260,"A",,"R",12044,"G",6942,"G",502,"G",6942,"G",502,"A",,2
159939,"R",197825,"A",,"R",38560,"G",6594,"G",1607,"G",6594,"G",1607,"A",,2
159948,"R",17837,"A",,"R",26256,"G",595,"G",1094,"G",595,"G",1094,"A",,2
159966,"R",164749,"A",,"R",12109,"G",5492,"G",505,"G",5492,"G",505,"A",,2
159993,"R",176200,"A",,"R",21382,"G",5873,"G",891,"G",5873,"G",891,"R",320,2
160010,"R",52116,"A",,"A",,"G",1737,"A",,"G",1737,"A",,"A",,2
160029,"A",,"A",,"R",1339,"A",,"G",56,"A",,"G",56,"A",,-2
160038,"R",210249,"A",,"R",16609,"G",7008,"G",692,"G",7008,"G",692,"A",,2
160065,"R",26365,"A",,"R",2928,"G",879,"G",122,"G",879,"G",122,"A",,2
160074,"R",36298,"A",,"R",5563,"G",1210,"G",232,"G",1210,"G",232,"A",,2
160117,"A",,"R",53645,"A",,"G",60,"A",,"G",60,"A",,"A",,1
160126,"A",,"R",26165,"A",,"G",29,"A",,"G",29,"A",,"A",,1
160135,"A",,"R",35642,"A",,"G",40,"A",,"G",40,"A",,"A",,1
160199,"A",,"R",75048,"A",,"G",83,"A",,"G",83,"A",,"A",,1
160320,"A",,"R",1287460,"A",,"G",1431,"A",,"G",1431,"A",,"A",,1
160409,"R",2500,"A",,"A",,"G",83,"A",,"G",83,"A",,"A",,2
160445,"A",,"R",137645,"A",,"G",153,"A",,"G",153,"A",,"A",,1
160472,"A",,"R",43108,"A",,"G",48,"A",,"G",48,"A",,"A",,1
160481,"R",45186,"R",46857,"A",,"G",1558,"A",,"G",1558,"A",,"A",,3
160524,"R",13531,"R",59375,"A",,"G",517,"A",,"R",566,"A",,"A",,3
160579,"R",64800,"A",,"A",,"G",2160,"A",,"G",2160,"A",,"A",,2
160597,"A",,"R",92368,"A",,"G",103,"A",,"G",103,"A",,"A",,1
160612,"R",354760,"A",,"R",21310,"G",11825,"G",888,"G",11825,"G",888,"R",13,2
160621,"R",153387,"A",,"R",17379,"G",5113,"G",724,"G",5113,"G",724,"R",3,2
160630,"R",29274,"A",,"R",3584,"G",976,"G",149,"G",976,"G",149,"A",,2
160649,"R",68318,"A",,"A",,"G",2277,"A",,"G",2277,"A",,"A",,2
160658,"R",400548,"A",,"R",27394,"G",13352,"G",1141,"G",13352,"G",1141,"R",8,2
160667,"R",50202,"A",,"A",,"G",1673,"A",,"G",1673,"A",,"A",,2
160755,"R",251691,"A",,"R",64773,"G",8390,"G",2699,"G",8390,"G",2699,"R",1628,2
160904,"R",71451,"A",,"R",2637,"G",2382,"G",110,"G",2382,"G",110,"R",643,2
160913,"R",44380,"R",74908,"A",,"G",1563,"A",,"G",1563,"A",,"A",,3
160940,"R",45711,"A",,"R",306,"G",1524,"G",13,"G",1524,"G",13,"A",,2
160959,"R",9427,"A",,"R",369,"G",314,"G",15,"G",314,"G",15,"A",,2
160977,"R",15263,"A",,"A",,"G",509,"A",,"R",1746,"A",,"A",,2
160995,"R",14601,"A",,"A",,"G",487,"A",,"G",487,"A",,"A",,2
161004,"R",54283,"A",,"A",,"G",1809,"A",,"G",1809,"A",,"A",,2
161022,"R",4973,"A",,"A",,"G",166,"A",,"G",166,"A",,"A",,2
161077,"R",57660,"A",,"A",,"G",1922,"A",,"G",1922,"A",,"A",,2
161086,"R",58643,"A",,"A",,"G",1955,"A",,"G",1955,"A",,"A",,2
161138,"R",51527,"A",,"A",,"G",1718,"A",,"G",1718,"A",,"A",,2
161165,"R",64463,"A",,"R",6526,"G",2149,"G",272,"G",2149,"G",272,"R",346,2
161192,"R",43981,"A",,"A",,"G",1466,"A",,"G",1466,"A",,"A",,2
161208,"R",2130,"A",,"A",,"G",71,"A",,"G",71,"A",,"A",,2
161217,"R",96124,"A",,"A",,"G",3204,"A",,"G",3204,"A",,"A",,2
161226,"R",59052,"A",,"R",1640,"G",1968,"G",68,"G",1968,"G",68,"A",,2
161235,"R",25038,"A",,"A",,"G",835,"A",,"G",835,"A",,"A",,2
161244,"R",18403,"A",,"A",,"G",613,"A",,"G",613,"A",,"A",,2
161253,"R",236759,"A",,"R",24931,"G",7892,"G",1039,"G",7892,"G",1039,"A",,2
161299,"R",29720,"A",,"R",376,"G",991,"G",16,"G",991,"G",16,"A",,2
161341,"R",30608,"A",,"A",,"G",1020,"A",,"G",1020,"A",,"A",,2
161457,"R",84228,"A",,"R",41555,"G",2808,"G",1731,"G",2808,"G",1731,"R",1067,2
161484,"R",22178,"A",,"A",,"G",739,"A",,"G",739,"A",,"A",,2
161493,"A",,"R",328431,"A",,"G",365,"A",,"G",365,"A",,"A",,1
161509,"R",10333,"A",,"R",1215,"G",344,"G",51,"R",346,"R",34,"A",,2
161518,"R",41677,"A",,"R",14893,"G",1389,"G",621,"G",1389,"G",621,"A",,2
161527,"A",,"R",199519,"A",,"G",222,"A",,"G",222,"A",,"A",,1
161545,"R",139976,"A",,"A",,"G",4666,"A",,"G",4666,"A",,"A",,2
161554,"R",162205,"A",,"R",29758,"G",5407,"G",1240,"G",5407,"G",1240,"R",280,2
161563,"R",24360,"A",,"R",2787,"G",812,"G",116,"G",812,"G",116,"A",,2
161572,"R",14936,"A",,"A",,"G",498,"A",,"R",550,"A",,"A",,2
161581,"R",10200,"A",,"A",,"G",340,"A",,"G",340,"A",,"A",,2
161615,"A",,"R",46149,"A",,"G",51,"A",,"G",51,"A",,"A",,1
161651,"A",,"R",73000,"A",,"G",81,"A",,"G",81,"A",,"A",,1
161688,"R",72207,"A",,"A",,"G",2407,"A",,"G",2407,"A",,"A",,2
161767,"R",315029,"A",,"A",,"G",10501,"A",,"G",10501,"A",,"A",,2
161776,"R",15342,"A",,"A",,"G",511,"A",,"G",511,"A",,"A",,2
161800,"A",,"R",130500,"A",,"G",145,"A",,"G",145,"A",,"A",,1
161855,"A",,"R",117000,"A",,"G",130,"A",,"G",130,"A",,"A",,1
161864,"R",106808,"A",,"A",,"G",3560,"A",,"G",3560,"A",,"A",,2
161873,"R",74399,"A",,"R",26685,"G",2480,"G",1112,"G",2480,"G",1112,"R",1207,2
162007,"R",115444,"A",,"R",16047,"G",3848,"G",669,"G",3848,"G",669,"A",,2
162061,"R",11533,"A",,"R",7599,"G",384,"G",317,"G",384,"G",317,"A",,2
162104,"R",46744,"A",,"A",,"G",1558,"A",,"G",1558,"A",,"A",,2
162122,"R",173261,"A",,"A",,"G",5775,"A",,"G",5775,"A",,"A",,2
162168,"R",46481,"A",,"A",,"G",1549,"A",,"G",1549,"A",,"A",,2
162210,"R",30794,"A",,"R",3752,"G",1026,"G",156,"G",1026,"G",156,"A",,2
162283,"R",79429,"A",,"R",6050,"G",2648,"G",252,"G",2648,"G",252,"R",0,2
162335,"A",,"R",80520,"A",,"G",89,"A",,"G",89,"A",,"A",,1
162371,"A",,"R",490500,"A",,"G",545,"A",,"G",545,"A",,"A",,1
162557,"R",113945,"A",,"A",,"G",3798,"A",,"G",3798,"A",,"A",,2
162584,"R",132204,"A",,"R",12882,"G",4407,"G",537,"G",4407,"G",537,"R",288,2
162609,"R",20407,"A",,"A",,"G",680,"A",,"G",680,"A",,"A",,2
162654,"R",43216,"A",,"R",11042,"G",1441,"G",460,"G",1441,"G",460,"A",,2
162681,"R",37488,"A",,"R",905,"G",1250,"G",38,"G",1250,"G",38,"A",,2
162690,"R",96593,"A",,"A",,"G",3220,"A",,"G",3220,"A",,"A",,2
162706,"R",135906,"A",,"A",,"G",4530,"A",,"G",4530,"A",,"A",,2
162760,"R",39381,"A",,"R",10963,"G",1313,"G",457,"G",1313,"G",457,"A",,2
162779,"R",195850,"A",,"A",,"G",6528,"A",,"G",6528,"A",,"A",,2
162830,"A",,"R",56252,"A",,"G",63,"A",,"G",63,"A",,"A",,1
162928,"R",201254,"A",,"R",332636,"G",6708,"G",13860,"G",6708,"G",13860,"R",480,2
162982,"A",,"R",86784,"A",,"G",96,"A",,"G",96,"A",,"A",,1
163028,"A",,"R",652572,"A",,"G",725,"A",,"G",725,"A",,"A",,1
163046,"R",115614,"A",,"R",32659,"G",3854,"G",1361,"R",3932,"R",1293,"R",54,2
163107,"A",,"R",39600,"A",,"G",44,"A",,"G",44,"A",,"A",,1
163204,"R",514791,"A",,"R",189119,"G",17160,"G",7880,"G",17160,"G",7880,"R",971,2
163259,"R",20086,"A",,"R",59808,"G",670,"G",2492,"R",668,"R",2499,"R",3351,2
163268,"R",292134,"A",,"R",34130,"G",9738,"G",1422,"G",9738,"G",1422,"A",,2
163286,"R",788248,"A",,"R",155017,"G",26275,"G",6459,"G",26275,"G",6459,"R",3766,2
163295,"R",58008,"A",,"R",7984,"G",1934,"G",333,"G",1934,"R",266,"A",,2
163338,"R",109731,"A",,"R",5846,"G",3658,"G",244,"G",3658,"G",244,"R",512,2
163347,"R",41670,"A",,"A",,"G",1389,"A",,"G",1389,"A",,"A",,2
163408,"A",,"R",105300,"A",,"G",117,"A",,"G",117,"A",,"A",,1
163426,"R",539961,"A",,"A",,"G",17999,"A",,"G",17999,"A",,"A",,2
163453,"R",186795,"A",,"R",21270,"G",6227,"G",886,"G",6227,"G",886,"A",,2
163462,"R",55469,"A",,"R",11124,"G",1849,"G",464,"G",1849,"G",464,"A",,2
163532,"R",10668,"A",,"R",3611,"G",356,"G",150,"G",356,"G",150,"R",25,2
163541,"A",,"R",363600,"A",,"G",404,"A",,"G",404,"A",,"A",,1
163578,"R",28706,"A",,"R",17732,"G",957,"G",739,"G",957,"G",739,"R",281,2
163657,"R",256105,"A",,"A",,"G",8537,"A",,"G",8537,"A",,"A",,2
163736,"R",30326,"A",,"A",,"G",1011,"A",,"G",1011,"A",,"A",,2
163754,"A",,"R",91787,"A",,"G",102,"A",,"G",102,"A",,"A",,1
163815,"A",,"R",115200,"A",,"G",128,"A",,"G",128,"A",,"A",,1
163851,"R",237679,"A",,"R",10859,"G",7923,"G",452,"G",7923,"G",452,"R",5,2
163912,"R",57665,"A",,"R",1427,"G",1922,"G",59,"G",1922,"G",59,"A",,2
163921,"R",39778,"A",,"R",767,"G",1326,"G",32,"G",1326,"G",32,"A",,2
163976,"R",15169,"A",,"R",1428,"G",506,"G",60,"G",506,"G",60,"A",,2
164058,"R",20578,"A",,"A",,"G",686,"A",,"G",686,"A",,"A",,2
164076,"R",520805,"A",,"R",54191,"G",17360,"G",2258,"G",17360,"G",2258,"R",51,2
164085,"A",,"A",,"R",14000,"A",,"G",583,"A",,"G",583,"A",,-2
164100,"A",,"R",185000,"A",,"G",206,"A",,"G",206,"A",,"A",,1
164155,"R",170444,"A",,"A",,"G",5681,"A",,"G",5681,"A",,"A",,2
164173,"R",106252,"A",,"R",7686,"G",3542,"G",320,"G",3542,"G",320,"A",,2
164216,"R",48784,"A",,"R",495,"G",1626,"G",21,"G",1626,"G",21,"A",,2
164270,"R",51867,"A",,"R",19893,"G",1729,"G",829,"G",1729,"G",829,"A",,2
164313,"R",67679,"A",,"A",,"G",2256,"A",,"G",2256,"A",,"A",,2
164368,"R",1,"A",,"R",16325,"G",0,"G",680,"G",0,"G",680,"A",,2
164438,"R",17980,"A",,"R",4566,"G",599,"G",190,"G",599,"G",190,"A",,2
164447,"R",39428,"A",,"R",34059,"G",1314,"G",1419,"R",1643,"R",1892,"R",83,2
164465,"R",58816,"A",,"A",,"G",1961,"A",,"G",1961,"A",,"A",,2
164474,"A",,"A",,"R",4044,"A",,"G",169,"A",,"G",169,"A",,-2
164492,"R",27759,"A",,"R",6480,"G",925,"G",270,"G",925,"G",270,"A",,2
164535,"A",,"R",48825,"A",,"G",54,"A",,"G",54,"A",,"A",,1
164562,"R",65055,"A",,"R",9857,"G",2169,"G",411,"G",2169,"R",548,"A",,2
164580,"R",64329,"A",,"R",26070,"G",2144,"G",1086,"G",2144,"G",1086,"A",,2
164599,"A",,"R",29644,"A",,"G",33,"A",,"G",33,"A",,"A",,1
164614,"R",2271,"A",,"A",,"G",76,"A",,"G",76,"A",,"A",,2
164632,"R",41517,"A",,"R",16812,"G",1384,"G",701,"G",1384,"G",701,"A",,2
164641,"R",30257,"A",,"A",,"G",1009,"A",,"G",1009,"A",,"A",,2
164678,"R",6178,"R",2837,"A",,"G",209,"A",,"G",209,"A",,"A",,3
164720,"R",47697,"A",,"A",,"G",1590,"A",,"G",1590,"A",,"A",,2
164739,"R",121222,"A",,"R",28501,"G",4041,"G",1188,"G",4041,"G",1188,"A",,2
164748,"R",138545,"A",,"R",2595,"G",4618,"G",108,"G",4618,"G",108,"A",,2
164775,"R",44476,"A",,"A",,"G",1483,"A",,"G",1483,"A",,"A",,2
164845,"A",,"R",231798,"A",,"G",258,"A",,"G",258,"A",,"A",,1
164872,"R",7631,"A",,"R",6492,"G",254,"G",271,"G",254,"G",271,"A",,2
164915,"A",,"A",,"R",1692,"A",,"G",71,"A",,"G",71,"R",26,-2
164924,"R",262211,"A",,"R",79912,"G",8740,"G",3330,"R",9480,"G",3330,"R",786,2
164933,"R",9538,"A",,"R",1872,"G",318,"G",78,"G",318,"G",78,"A",,2
164988,"R",632100,"A",,"R",209028,"G",21070,"G",8710,"G",21070,"G",8710,"R",2163,2
165015,"R",123288,"A",,"R",68550,"G",4110,"G",2856,"G",4110,"G",2856,"A",,2
165024,"R",263110,"A",,"R",24778,"G",8770,"G",1032,"G",8770,"G",1032,"A",,2
165033,"R",171196,"A",,"A",,"G",5707,"A",,"G",5707,"A",,"A",,2
165060,"R",5740,"A",,"A",,"G",191,"A",,"G",191,"A",,"A",,2
165112,"R",264431,"A",,"A",,"G",8814,"A",,"G",8814,"A",,"A",,2
165167,"R",22519,"A",,"R",48744,"G",751,"G",2031,"G",751,"G",2031,"A",,2
165194,"R",74730,"A",,"A",,"G",2491,"A",,"G",2491,"A",,"A",,2
165255,"A",,"R",231300,"A",,"G",257,"A",,"G",257,"A",,"A",,1
165264,"R",16626,"A",,"A",,"G",554,"A",,"G",554,"A",,"A",,2
165334,"R",74111,"A",,"R",29199,"G",2470,"G",1217,"G",2470,"G",1217,"A",,2
165495,"A",,"A",,"R",432,"A",,"G",18,"A",,"G",18,"A",,-2
165529,"R",72145,"A",,"R",4345,"G",2405,"G",181,"R",2550,"G",181,"A",,2
165556,"A",,"R",226312,"A",,"G",251,"A",,"G",251,"A",,"A",,1
165574,"R",33724,"A",,"A",,"G",1124,"A",,"G",1124,"A",,"A",,2
165608,"A",,"R",75208,"A",,"G",84,"A",,"G",84,"A",,"A",,1
165635,"A",,"R",359767,"A",,"G",400,"A",,"G",400,"A",,"A",,1
165644,"R",35255,"A",,"R",3004,"G",1175,"G",125,"G",1175,"G",125,"A",,2
165662,"R",118761,"A",,"R",16746,"G",3959,"G",698,"G",3959,"G",698,"A",,2
165671,"R",63472,"A",,"R",4106,"G",2116,"G",171,"G",2116,"G",171,"A",,2
165699,"R",80884,"A",,"R",32833,"G",2696,"G",1368,"R",2528,"R",1216,"A",,2
165705,"A",,"A",,"R",1484,"A",,"G",62,"A",,"G",62,"A",,-2
165750,"A",,"R",85768,"A",,"G",95,"A",,"G",95,"A",,"A",,1
165802,"R",48035,"A",,"A",,"G",1601,"A",,"G",1601,"A",,"A",,2
165820,"R",108670,"A",,"R",33306,"G",3622,"G",1388,"G",3622,"G",1388,"A",,2
165866,"R",129932,"A",,"R",33885,"G",4331,"G",1412,"G",4331,"G",1412,"A",,2
165884,"R",16776,"A",,"A",,"G",559,"A",,"G",559,"A",,"A",,2
165936,"R",48863,"A",,"R",4932,"G",1629,"G",206,"G",1629,"G",206,"A",,2
165945,"A",,"A",,"R",29101,"A",,"G",1213,"A",,"G",1213,"A",,-2
165981,"R",43904,"A",,"A",,"G",1463,"A",,"G",1463,"A",,"A",,2
166009,"A",,"R",58226,"A",,"G",65,"A",,"G",65,"A",,"A",,1
166018,"R",42885,"A",,"A",,"G",1430,"A",,"G",1430,"A",,"A",,2
166027,"R",285112,"A",,"R",272477,"G",9504,"G",11353,"G",9504,"G",11353,"R",2614,2
166045,"R",112,"A",,"R",3196,"G",4,"G",133,"G",4,"G",133,"A",,2
166054,"R",2730,"A",,"R",2928,"G",91,"G",122,"G",91,"G",122,"A",,2
166063,"A",,"R",40260,"A",,"G",45,"A",,"G",45,"A",,"A",,1
166124,"R",93758,"A",,"A",,"G",3125,"A",,"G",3125,"A",,"A",,2
166133,"R",147335,"A",,"A",,"G",4911,"A",,"G",4911,"A",,"A",,2
166276,"R",8569,"A",,"A",,"G",286,"A",,"G",286,"A",,"A",,2
166294,"A",,"R",73800,"A",,"G",82,"A",,"G",82,"A",,"A",,1
166319,"A",,"R",35898,"A",,"G",40,"A",,"G",40,"A",,"A",,1
166328,"A",,"R",39600,"A",,"G",44,"A",,"G",44,"A",,"A",,1
166391,"R",48976,"A",,"R",5742,"G",1633,"G",239,"G",1633,"G",239,"A",,2
166407,"R",4244,"A",,"A",,"G",141,"A",,"G",141,"A",,"A",,2
166452,"R",49113,"A",,"R",64312,"G",1637,"G",2680,"G",1637,"G",2680,"A",,2
166489,"R",1367,"A",,"R",2916,"G",46,"G",122,"G",46,"G",122,"A",,2
166498,"A",,"R",121155,"A",,"G",135,"A",,"G",135,"A",,"A",,1
166513,"R",314979,"A",,"R",44209,"G",10499,"G",1842,"G",10499,"G",1842,"R",145,2
166586,"A",,"R",29193,"A",,"G",32,"A",,"G",32,"A",,"A",,1
166595,"A",,"R",45772,"A",,"G",51,"A",,"G",51,"A",,"A",,1
166601,"R",7350,"A",,"A",,"G",245,"A",,"G",245,"A",,"A",,2
166629,"R",688145,"A",,"R",87477,"G",22938,"G",3645,"G",22938,"R",4860,"R",158,2
166638,"R",309881,"A",,"R",55112,"G",10329,"G",2296,"G",10329,"G",2296,"R",25,2
166647,"R",109093,"A",,"A",,"G",3636,"A",,"G",3636,"A",,"A",,2
166656,"R",126067,"A",,"R",30931,"G",4202,"G",1289,"R",3675,"R",824,"R",1648,2
166674,"R",53544,"A",,"R",3242,"G",1785,"G",135,"G",1785,"G",135,"A",,2
166683,"R",140123,"A",,"R",213049,"G",4671,"G",8877,"R",4488,"R",6587,"A",,2
166692,"R",47811,"A",,"R",1368,"G",1594,"G",57,"G",1594,"G",57,"A",,2
166708,"A",,"A",,"R",13473,"A",,"G",561,"A",,"R",588,"R",538,-2
166717,"A",,"A",,"R",5446,"A",,"G",227,"A",,"G",227,"R",473,-2
166805,"A",,"R",54639,"A",,"G",61,"A",,"G",61,"A",,"A",,1
166823,"R",163262,"A",,"A",,"G",5442,"A",,"G",5442,"A",,"A",,2
166850,"R",74353,"A",,"R",6139,"G",2478,"G",256,"G",2478,"G",256,"A",,2
166869,"R",14714,"A",,"R",18469,"G",490,"G",770,"G",490,"G",770,"R",525,2
166887,"R",181200,"A",,"A",,"G",6040,"A",,"G",6040,"A",,"A",,2
166911,"R",11733,"A",,"A",,"G",391,"A",,"G",391,"A",,"A",,2
166939,"R",76068,"A",,"R",876,"G",2536,"G",37,"G",2536,"G",37,"A",,2
166948,"R",39170,"A",,"R",336,"G",1306,"G",14,"G",1306,"G",14,"A",,2
166957,"R",94293,"A",,"A",,"G",3143,"A",,"G",3143,"A",,"A",,2
166975,"A",,"R",79899,"A",,"G",89,"A",,"G",89,"A",,"A",,1
166984,"R",14125,"A",,"R",5084,"G",471,"G",212,"G",471,"G",212,"A",,2
167020,"R",15522,"A",,"A",,"G",517,"A",,"G",517,"A",,"A",,2
167039,"A",,"R",26554,"A",,"G",30,"A",,"G",30,"A",,"A",,1
167057,"R",12682,"A",,"R",7373,"G",423,"G",307,"R",409,"R",361,"A",,2
167093,"A",,"A",,"R",186,"A",,"G",8,"A",,"G",8,"R",494,-2
167181,"A",,"A",,"R",4296,"A",,"G",179,"A",,"G",179,"A",,-2
167215,"A",,"A",,"A",,"A",,"A",,"A",,"A",,"R",1056,-2
167224,"A",,"R",81000,"A",,"G",90,"A",,"G",90,"A",,"A",,1
167251,"R",27713,"A",,"A",,"G",924,"A",,"G",924,"A",,"A",,2
167260,"R",35835,"A",,"R",4899,"G",1195,"G",204,"G",1195,"G",204,"A",,2
167288,"R",44776,"A",,"R",5401,"G",1493,"G",225,"G",1493,"G",225,"A",,2
167297,"A",,"R",179500,"A",,"G",199,"A",,"R",153,"A",,"A",,1
167312,"R",155839,"A",,"A",,"G",5195,"A",,"G",5195,"A",,"A",,2
167321,"R",35889,"A",,"A",,"G",1196,"A",,"G",1196,"A",,"A",,2
167358,"R",589624,"A",,"R",194503,"G",19654,"G",8104,"R",18155,"R",7018,"R",1158,2
167376,"R",142119,"A",,"A",,"G",4737,"A",,"G",4737,"A",,"A",,2
167394,"R",33683,"A",,"R",4915,"G",1123,"G",205,"G",1123,"G",205,"A",,2
167455,"R",9312,"A",,"R",815,"G",310,"G",34,"G",310,"G",34,"A",,2
167464,"A",,"A",,"R",1584,"A",,"G",66,"A",,"G",66,"A",,-2
167525,"R",95520,"A",,"A",,"G",3184,"A",,"G",3184,"A",,"A",,2
167534,"R",176317,"A",,"A",,"G",5877,"A",,"G",5877,"A",,"A",,2
167543,"R",7484,"A",,"A",,"G",249,"A",,"G",249,"A",,"A",,2
167598,"R",30912,"A",,"R",13997,"G",1030,"G",583,"G",1030,"G",583,"R",22,2
167631,"R",52961,"A",,"A",,"G",1765,"A",,"G",1765,"A",,"A",,2
167677,"R",1141,"A",,"R",3188,"G",38,"G",133,"G",38,"G",133,"A",,2
167729,"R",206090,"A",,"R",27763,"G",6870,"G",1157,"G",6870,"G",1157,"A",,2
167738,"R",11244,"A",,"A",,"G",375,"A",,"G",375,"A",,"A",,2
167783,"R",55064,"A",,"R",53109,"G",1835,"G",2213,"G",1835,"G",2213,"R",508,2
167792,"R",10808,"A",,"A",,"G",360,"A",,"G",360,"A",,"A",,2
167835,"R",86112,"A",,"R",16285,"G",2870,"G",679,"R",2691,"G",679,"A",,2
167871,"A",,"R",116861,"A",,"G",130,"A",,"G",130,"A",,"A",,1
167899,"R",67198,"A",,"R",21706,"G",2240,"G",904,"G",2240,"G",904,"R",148,2
167905,"R",142488,"A",,"A",,"G",4750,"A",,"G",4750,"A",,"A",,2
167987,"R",203478,"A",,"R",18290,"G",6783,"G",762,"G",6783,"R",1016,"R",258,2
167996,"R",76901,"A",,"A",,"G",2563,"A",,"G",2563,"A",,"A",,2
168005,"R",173943,"A",,"R",28411,"G",5798,"G",1184,"G",5798,"G",1184,"R",1524,2
168032,"A",,"R",50374,"A",,"G",56,"A",,"G",56,"A",,"A",,1
168148,"R",141090,"A",,"R",104123,"G",4703,"G",4338,"G",4703,"G",4338,"R",1969,2
168218,"R",79729,"A",,"A",,"G",2658,"A",,"G",2658,"A",,"A",,2
168227,"R",127564,"A",,"R",3974,"G",4252,"G",166,"G",4252,"G",166,"A",,2
168254,"R",77419,"A",,"R",21496,"G",2581,"G",896,"G",2581,"G",896,"R",148,2
168263,"R",152644,"A",,"R",11031,"G",5088,"G",460,"G",5088,"G",460,"A",,2
168281,"R",52890,"A",,"A",,"G",1763,"A",,"R",1638,"A",,"A",,2
168290,"R",30021,"A",,"R",11061,"G",1001,"G",461,"G",1001,"G",461,"A",,2
168342,"R",62224,"A",,"R",1598,"G",2074,"G",67,"G",2074,"G",67,"A",,2
168421,"R",145409,"A",,"R",25157,"G",3231,"G",699,"G",3231,"G",699,"A",,2
168430,"R",140573,"A",,"R",17769,"G",4686,"G",740,"G",4686,"G",740,"A",,2
168528,"R",50845,"A",,"R",57,"G",1695,"G",2,"G",1695,"G",2,"A",,2
168546,"R",42609,"A",,"A",,"G",1420,"A",,"G",1420,"A",,"A",,2
168555,"A",,"R",58000,"A",,"G",64,"A",,"G",64,"A",,"A",,1
168573,"R",13152,"A",,"A",,"G",438,"A",,"G",438,"A",,"A",,2
168591,"R",47960,"A",,"A",,"G",1599,"A",,"R",1387,"A",,"A",,2
168607,"R",39523,"A",,"A",,"G",1317,"A",,"G",1317,"A",,"A",,2
168740,"R",54920,"A",,"R",30519,"G",1831,"G",1272,"G",1831,"G",1272,"A",,2
168786,"R",55983,"A",,"R",2499,"G",1866,"G",104,"G",1866,"G",104,"A",,2
168838,"R",93302,"A",,"R",290,"G",2073,"G",8,"G",2073,"G",8,"A",,2
168847,"R",173381,"A",,"R",863,"G",3853,"G",24,"G",3853,"G",24,"A",,2
168883,"R",32833,"R",367280,"A",,"G",1503,"A",,"G",1503,"A",,"A",,3
168892,"A",,"R",69610,"A",,"G",77,"A",,"G",77,"A",,"A",,1
169071,"A",,"R",27215,"A",,"G",30,"A",,"G",30,"A",,"A",,1
169080,"R",121424,"A",,"R",1691,"G",4047,"G",70,"G",4047,"G",70,"A",,2
169099,"A",,"A",,"R",5383,"A",,"G",224,"A",,"R",286,"A",,-2
169187,"R",9987,"A",,"A",,"G",222,"A",,"G",222,"A",,"A",,2
169220,"A",,"A",,"R",2597,"A",,"G",108,"A",,"G",108,"R",97,-2
169248,"R",562386,"A",,"R",96277,"G",18746,"G",4012,"G",18746,"G",4012,"R",234,2
169275,"R",221815,"A",,"A",,"G",7394,"A",,"G",7394,"A",,"A",,2
169284,"A",,"R",365448,"A",,"G",406,"A",,"G",406,"A",,"A",,1
169327,"R",16096,"A",,"R",1961,"G",358,"G",54,"G",358,"G",54,"A",,2
169363,"R",13976,"A",,"R",1972,"G",466,"G",82,"G",466,"G",82,"A",,2
169424,"A",,"A",,"R",4620,"A",,"G",193,"A",,"R",154,"A",,-2
169442,"R",35257,"A",,"R",1397,"G",1175,"G",58,"G",1175,"G",58,"A",,2
169479,"R",174288,"A",,"R",27471,"G",5810,"G",1145,"G",5810,"G",1145,"A",,2
169503,"A",,"R",250062,"A",,"G",278,"A",,"G",278,"A",,"A",,1
169521,"R",224386,"A",,"A",,"G",7480,"A",,"G",7480,"A",,"A",,2
169576,"R",3249,"A",,"A",,"G",108,"A",,"G",108,"A",,"A",,2
169628,"A",,"A",,"R",1647,"A",,"G",69,"A",,"G",69,"R",871,-2
169655,"R",55890,"A",,"A",,"G",1242,"A",,"G",1242,"A",,"A",,2
169716,"R",77698,"A",,"R",19593,"G",2590,"G",816,"G",2590,"G",816,"R",1066,2
169734,"R",11382,"A",,"A",,"G",253,"A",,"G",253,"A",,"A",,2
169761,"R",9984,"A",,"A",,"G",222,"A",,"G",222,"A",,"A",,2
169798,"R",476128,"A",,"R",60573,"G",15871,"G",2524,"G",15871,"G",2524,"A",,2
169910,"R",327878,"A",,"R",7404,"G",10929,"G",309,"G",10929,"G",309,"R",716,2
169947,"A",,"R",71180,"A",,"G",79,"A",,"G",79,"A",,"A",,1
169974,"R",28683,"A",,"A",,"G",956,"A",,"G",956,"A",,"A",,2
169983,"R",54508,"A",,"R",5444,"G",1817,"G",227,"R",1625,"G",227,"A",,2
169992,"R",24968,"A",,"A",,"G",832,"A",,"G",832,"A",,"A",,2
170000,"R",11138,"A",,"A",,"G",371,"A",,"G",371,"A",,"A",,2
170037,"R",62361,"A",,"R",11862,"G",2079,"G",494,"G",2079,"G",494,"A",,2
170046,"R",26232,"A",,"A",,"G",874,"A",,"G",874,"A",,"A",,2
170055,"R",338869,"A",,"A",,"G",11296,"A",,"G",11296,"A",,"A",,2
170082,"R",592663,"A",,"R",53453,"G",19755,"G",2227,"G",19755,"G",2227,"R",300,2
170091,"R",4347,"A",,"A",,"G",145,"A",,"G",145,"A",,"A",,2
170240,"R",378312,"A",,"A",,"G",12610,"A",,"G",12610,"A",,"A",,2
170301,"R",106037,"A",,"A",,"G",3535,"A",,"G",3535,"A",,"A",,2
170417,"R",16201,"A",,"A",,"G",360,"A",,"G",360,"A",,"A",,2
170444,"R",127750,"A",,"A",,"G",4258,"A",,"G",4258,"A",,"A",,2
170514,"A",,"R",121000,"A",,"G",134,"A",,"G",134,"A",,"A",,1
170532,"R",65068,"A",,"A",,"G",1446,"A",,"G",1446,"A",,"A",,2
170541,"R",221057,"A",,"A",,"G",7369,"A",,"G",7369,"A",,"A",,2
170550,"R",122342,"A",,"A",,"G",4078,"A",,"G",4078,"A",,"A",,2
170587,"R",33979,"A",,"A",,"G",1133,"A",,"G",1133,"A",,"A",,2
170611,"A",,"R",207176,"A",,"G",230,"A",,"G",230,"A",,"A",,1
170620,"R",70216,"A",,"A",,"G",2341,"A",,"G",2341,"A",,"A",,2
170639,"R",67037,"A",,"R",167,"G",2235,"G",7,"G",2235,"G",7,"A",,2
170657,"R",384667,"A",,"A",,"G",12822,"A",,"G",12822,"A",,"A",,2
170675,"R",55415,"A",,"R",13990,"G",1847,"G",583,"G",1847,"G",583,"A",,2
170736,"A",,"R",63000,"A",,"G",70,"A",,"G",70,"A",,"A",,1
170790,"R",470064,"A",,"A",,"G",15669,"A",,"G",15669,"A",,"A",,2
170806,"R",75472,"A",,"R",16696,"G",2516,"G",696,"G",2516,"G",696,"R",41,2
170842,"R",24318,"A",,"R",15902,"G",811,"G",663,"G",811,"G",663,"A",,2
170967,"R",26781,"A",,"R",271,"G",893,"G",11,"G",893,"G",11,"A",,2
170976,"R",836434,"A",,"R",279984,"G",27881,"G",11666,"G",27881,"R",13691,"R",2932,2
171012,"A",,"R",217490,"A",,"G",242,"A",,"G",242,"A",,"A",,1
171100,"R",1074048,"A",,"R",142427,"G",35802,"G",5934,"G",35802,"G",5934,"R",2491,2
171128,"R",160931,"A",,"R",17130,"G",5364,"G",714,"R",5171,"R",971,"A",,2
171137,"R",176694,"A",,"R",19733,"G",5890,"G",822,"G",5890,"G",822,"A",,2
171146,"R",168287,"A",,"R",16173,"G",5610,"G",674,"G",5610,"G",674,"R",536,2
171155,"R",109595,"A",,"A",,"G",3653,"A",,"G",3653,"A",,"A",,2
171225,"R",76589,"A",,"A",,"G",2553,"A",,"G",2553,"A",,"A",,2
171234,"R",37702,"A",,"A",,"G",1257,"A",,"G",1257,"A",,"A",,2
171261,"A",,"R",101700,"A",,"G",113,"A",,"G",113,"A",,"A",,1
171298,"R",147680,"A",,"R",391,"G",3282,"G",11,"G",3282,"G",11,"A",,2
171304,"R",99293,"A",,"A",,"G",3310,"A",,"G",3310,"A",,"A",,2
171313,"R",20249,"A",,"A",,"G",675,"A",,"G",675,"A",,"A",,2
171322,"R",38359,"A",,"A",,"G",1279,"A",,"G",1279,"A",,"A",,2
171395,"R",45719,"A",,"A",,"G",1524,"A",,"G",1524,"A",,"A",,2
171456,"R",237352,"A",,"R",8314,"G",7912,"G",346,"G",7912,"G",346,"A",,2
171465,"A",,"R",56795,"A",,"G",63,"A",,"G",63,"A",,"A",,1
171483,"R",98272,"A",,"A",,"G",3276,"A",,"G",3276,"A",,"A",,2
171492,"R",76574,"A",,"R",5073,"G",2552,"G",211,"G",2552,"G",211,"A",,2
171535,"R",568691,"A",,"A",,"G",18956,"A",,"G",18956,"A",,"A",,2
171571,"R",428028,"A",,"R",52334,"G",14268,"G",2181,"G",14268,"G",2181,"R",124,2
171599,"R",31033,"A",,"R",471,"G",1034,"G",20,"G",1034,"G",20,"A",,2
171775,"A",,"R",101700,"A",,"G",113,"A",,"G",113,"A",,"A",,1
171881,"R",8356,"A",,"R",59,"G",279,"G",2,"G",279,"G",2,"A",,2
171988,"R",8865,"A",,"A",,"G",296,"A",,"G",296,"A",,"A",,2
171997,"R",17100,"A",,"A",,"G",570,"A",,"G",570,"A",,"A",,2
172015,"R",21375,"A",,"A",,"G",713,"A",,"G",713,"A",,"A",,2
172033,"R",3391,"A",,"R",2759,"G",113,"G",115,"G",113,"G",115,"A",,2
172051,"R",244580,"A",,"R",20824,"G",8153,"G",868,"G",8153,"G",868,"Z",0,2
172200,"R",326016,"A",,"A",,"G",10867,"A",,"G",10867,"A",,"A",,2
172264,"R",53799,"A",,"R",5184,"G",1793,"G",216,"G",1793,"G",216,"A",,2
172291,"R",91710,"A",,"A",,"G",3057,"A",,"G",3057,"A",,"A",,2
172307,"R",55033,"A",,"A",,"G",1834,"A",,"G",1834,"A",,"A",,2
172325,"R",29088,"A",,"A",,"G",970,"A",,"G",970,"A",,"A",,2
172334,"R",78507,"A",,"R",18173,"G",2617,"G",757,"G",2617,"G",757,"A",,2
172422,"R",14310,"A",,"A",,"G",318,"A",,"G",318,"A",,"A",,2
172440,"R",15783,"A",,"A",,"G",526,"A",,"G",526,"A",,"A",,2
172477,"A",,"A",,"R",3126,"A",,"G",130,"A",,"G",130,"R",3412,-2
172495,"A",,"R",245700,"A",,"G",273,"A",,"G",273,"A",,"A",,1
172608,"R",22406,"A",,"R",27668,"G",747,"G",1153,"G",747,"G",1153,"A",,2
172617,"R",253563,"A",,"A",,"G",8452,"A",,"G",8452,"A",,"A",,2
172635,"R",316605,"A",,"A",,"G",10554,"A",,"G",10554,"A",,"A",,2
172644,"R",464995,"A",,"R",112900,"G",15500,"G",4704,"G",15500,"G",4704,"R",5583,2
172671,"R",29505,"A",,"A",,"G",984,"A",,"G",984,"A",,"A",,2
172699,"R",527750,"A",,"R",77941,"G",17592,"G",3248,"G",17592,"G",3248,"R",33,2
172705,"A",,"A",,"R",4359,"A",,"G",182,"A",,"G",182,"R",27,-2
172802,"A",,"R",61000,"A",,"G",68,"A",,"G",68,"A",,"A",,1
172866,"R",5601,"A",,"A",,"G",124,"A",,"G",124,"A",,"A",,2
172918,"R",69720,"A",,"A",,"G",2324,"A",,"G",2324,"A",,"A",,2
172927,"R",5342,"A",,"A",,"G",178,"A",,"G",178,"A",,"A",,2
172954,"R",48074,"A",,"A",,"G",1602,"A",,"G",1602,"A",,"A",,2
172963,"R",177532,"A",,"A",,"G",5918,"A",,"G",5918,"A",,"A",,2
173045,"R",69177,"A",,"R",15548,"G",2306,"G",648,"G",2306,"G",648,"R",350,2
173063,"R",69622,"A",,"A",,"G",2321,"A",,"G",2321,"A",,"A",,2
173115,"R",23490,"A",,"A",,"G",783,"A",,"G",783,"A",,"A",,2
173124,"R",124799,"A",,"R",3745,"G",4160,"G",156,"G",4160,"G",156,"A",,2
173142,"R",18517,"A",,"A",,"G",617,"A",,"G",617,"A",,"A",,2
173160,"R",102440,"A",,"R",15510,"G",3415,"G",646,"G",3415,"G",646,"A",,2
173179,"A",,"A",,"R",12939,"A",,"G",359,"A",,"G",359,"R",43,-2
173203,"R",101130,"A",,"A",,"G",3371,"A",,"G",3371,"A",,"A",,2
173258,"R",59208,"A",,"A",,"G",1974,"A",,"R",1996,"A",,"A",,2
173300,"R",82475,"A",,"R",433,"G",2749,"G",18,"G",2749,"G",18,"A",,2
173328,"R",48717,"A",,"R",21043,"G",1624,"G",877,"G",1624,"R",1107,"A",,2
173416,"R",74347,"A",,"A",,"G",2478,"A",,"G",2478,"A",,"A",,2
173452,"R",25396,"A",,"R",670,"G",847,"G",28,"G",847,"G",28,"A",,2
173461,"R",113038,"A",,"A",,"G",3768,"A",,"G",3768,"A",,"A",,2
173470,"A",,"R",41615,"A",,"G",46,"A",,"G",46,"A",,"A",,1
173489,"R",8245,"A",,"A",,"G",183,"A",,"R",194,"A",,"A",,2
173559,"R",145890,"A",,"A",,"G",4863,"A",,"G",4863,"A",,"A",,2
173629,"R",39858,"A",,"R",1634,"G",886,"G",45,"G",886,"G",45,"A",,2
173638,"R",66746,"A",,"A",,"G",2225,"A",,"G",2225,"A",,"A",,2
173647,"R",74892,"A",,"A",,"G",2496,"A",,"G",2496,"A",,"A",,2
173665,"R",70021,"A",,"R",35626,"G",2334,"G",1484,"G",2334,"G",1484,"R",463,2
173683,"R",21,"A",,"R",2361,"G",1,"G",98,"G",1,"G",98,"A",,2
173708,"R",135458,"A",,"A",,"G",4515,"A",,"G",4515,"A",,"A",,2
173726,"A",,"R",43722,"A",,"G",49,"A",,"G",49,"A",,"A",,1
173735,"R",33863,"A",,"A",,"G",1129,"A",,"G",1129,"A",,"A",,2
173744,"A",,"R",573307,"A",,"G",637,"A",,"G",637,"A",,"A",,1
173799,"R",121474,"A",,"A",,"G",4049,"A",,"G",4049,"A",,"A",,2
173805,"R",30834,"A",,"A",,"G",1028,"A",,"G",1028,"A",,"A",,2
173887,"R",62345,"A",,"A",,"G",1385,"A",,"G",1385,"A",,"A",,2
173896,"A",,"A",,"R",10751,"A",,"G",448,"A",,"R",522,"R",31,-2
173902,"R",65214,"A",,"A",,"G",2174,"A",,"R",2038,"A",,"A",,2
173911,"R",81780,"A",,"A",,"G",2726,"A",,"G",2726,"A",,"A",,2
173920,"R",380126,"A",,"R",30463,"G",12671,"G",1269,"G",12671,"G",1269,"A",,2
173939,"A",,"R",147873,"A",,"G",164,"A",,"G",164,"A",,"A",,1
173957,"A",,"A",,"A",,"A",,"A",,"A",,"A",,"R",240,-2
173966,"R",2520,"A",,"R",5240,"G",84,"G",218,"G",84,"G",218,"A",,2
173984,"R",27817,"A",,"R",6410,"G",927,"G",267,"G",927,"G",267,"R",140,2
173993,"R",32582,"A",,"A",,"G",1086,"A",,"G",1086,"A",,"A",,2
174020,"R",168593,"A",,"R",12924,"G",5620,"G",539,"G",5620,"G",539,"A",,2
174066,"R",1055560,"A",,"R",199702,"G",35185,"G",8321,"G",35185,"G",8321,"R",10822,2
174075,"R",58010,"A",,"A",,"G",1934,"A",,"G",1934,"A",,"A",,2
174118,"A",,"R",150000,"A",,"G",167,"A",,"G",167,"A",,"A",,1
174127,"R",19053,"A",,"R",2222,"G",635,"G",93,"G",635,"G",93,"A",,2
174136,"R",201775,"A",,"A",,"G",6726,"A",,"G",6726,"A",,"A",,2
174154,"R",12361,"A",,"A",,"G",412,"A",,"G",412,"A",,"A",,2
174190,"A",,"R",148206,"A",,"G",165,"A",,"G",165,"A",,"A",,1
174206,"R",4152,"A",,"A",,"G",138,"A",,"G",138,"A",,"A",,2
174233,"R",295451,"A",,"R",18330,"G",9848,"G",764,"G",9848,"G",764,"R",475,2
174251,"R",55550,"A",,"A",,"G",1852,"A",,"G",1852,"A",,"A",,2
174279,"R",44038,"A",,"R",2091,"G",979,"G",58,"G",979,"G",58,"A",,2
174321,"A",,"R",130674,"A",,"G",145,"A",,"G",145,"A",,"A",,1
174358,"R",172191,"A",,"R",8546,"G",5740,"G",356,"G",5740,"G",356,"A",,2
174376,"R",148290,"A",,"A",,"G",4943,"A",,"G",4943,"A",,"A",,2
174385,"R",16104,"A",,"A",,"G",358,"A",,"G",358,"A",,"A",,2
174394,"R",20563,"A",,"A",,"G",457,"A",,"G",457,"A",,"A",,2
174428,"R",211430,"A",,"A",,"G",7048,"A",,"G",7048,"A",,"A",,2
174437,"R",38425,"A",,"A",,"G",1281,"A",,"G",1281,"A",,"A",,2
174473,"R",81510,"A",,"A",,"G",2717,"A",,"G",2717,"A",,"A",,2
174482,"R",1140,"A",,"A",,"G",38,"A",,"G",38,"A",,"A",,2
174491,"R",76459,"A",,"R",3139,"G",2549,"G",131,"G",2549,"G",131,"A",,2
174507,"R",4460,"A",,"R",6188,"G",149,"G",258,"G",149,"G",258,"R",1093,2
174525,"R",2144,"A",,"A",,"G",71,"A",,"G",71,"A",,"A",,2
174534,"A",,"R",120026,"A",,"G",133,"A",,"G",133,"A",,"A",,1
174570,"R",20014,"A",,"A",,"G",667,"A",,"G",667,"A",,"A",,2
174604,"R",9538,"A",,"A",,"G",318,"A",,"G",318,"A",,"A",,2
174738,"R",133319,"A",,"A",,"G",4444,"A",,"G",4444,"A",,"A",,2
174747,"R",60739,"A",,"A",,"G",2025,"A",,"G",2025,"A",,"A",,2
174756,"R",104790,"A",,"A",,"G",3493,"A",,"G",3493,"A",,"A",,2
174765,"A",,"R",102161,"A",,"G",114,"A",,"G",114,"A",,"A",,1
174783,"R",350022,"A",,"R",27712,"G",11667,"G",1155,"G",11667,"G",1155,"A",,2
174792,"R",55412,"A",,"R",1817,"G",1847,"G",76,"G",1847,"G",76,"A",,2
174817,"R",51057,"A",,"R",55682,"G",1702,"G",2320,"G",1702,"R",3093,"R",54,2
174844,"R",94219,"A",,"A",,"G",3141,"A",,"R",3144,"A",,"A",,2
174862,"R",28534,"A",,"R",2712,"G",951,"G",113,"G",951,"G",113,"A",,2
174899,"R",90543,"A",,"R",17845,"G",3018,"G",744,"G",3018,"G",744,"R",287,2
174914,"R",196391,"A",,"R",53180,"G",6546,"G",2216,"G",6546,"G",2216,"R",440,2
174978,"A",,"R",128066,"A",,"G",142,"A",,"G",142,"A",,"A",,1
175005,"R",87704,"A",,"R",20355,"G",2923,"G",848,"G",2923,"G",848,"R",119,2
175014,"R",205889,"A",,"A",,"G",4575,"A",,"G",4575,"A",,"A",,2
175041,"R",143338,"A",,"A",,"G",4778,"A",,"G",4778,"A",,"A",,2
175078,"R",102548,"A",,"R",7021,"G",3418,"G",293,"G",3418,"G",293,"A",,2
175120,"R",9890,"A",,"A",,"G",330,"A",,"R",495,"A",,"A",,2
175139,"A",,"A",,"R",1913,"A",,"G",80,"A",,"G",80,"A",,-2
175157,"R",19370,"A",,"A",,"G",646,"A",,"G",646,"A",,"A",,2
175227,"R",29864,"A",,"A",,"G",995,"A",,"G",995,"A",,"A",,2
175236,"R",98649,"A",,"A",,"G",3288,"A",,"G",3288,"A",,"A",,2
175263,"R",51037,"A",,"A",,"G",1701,"A",,"G",1701,"A",,"A",,2
175272,"R",242654,"A",,"R",7411,"G",8088,"G",309,"G",8088,"G",309,"A",,2
175281,"A",,"A",,"A",,"A",,"A",,"A",,"A",,"R",1022,-2
175315,"R",221787,"A",,"A",,"G",7393,"A",,"G",7393,"A",,"A",,2
175342,"R",89688,"A",,"R",11740,"G",2990,"G",489,"G",2990,"G",489,"A",,2
175421,"R",71135,"A",,"R",18626,"G",2371,"G",776,"G",2371,"G",776,"A",,2
175430,"R",15105,"A",,"R",288,"G",504,"G",12,"G",504,"G",12,"A",,2
175494,"A",,"R",160200,"A",,"G",178,"A",,"G",178,"A",,"A",,1
175519,"R",68534,"A",,"A",,"G",2284,"A",,"G",2284,"A",,"A",,2
175528,"R",28024,"A",,"A",,"G",623,"A",,"G",623,"A",,"A",,2
175573,"R",75953,"A",,"A",,"G",2532,"A",,"G",2532,"A",,"A",,2
175591,"A",,"R",56286,"A",,"G",63,"A",,"G",63,"A",,"A",,1
175607,"A",,"R",48333,"A",,"G",54,"A",,"G",54,"A",,"A",,1
175616,"R",68293,"A",,"R",24666,"G",2276,"G",1028,"G",2276,"G",1028,"A",,2
175643,"R",71392,"A",,"A",,"G",2380,"A",,"G",2380,"A",,"A",,2
175652,"R",155402,"A",,"A",,"G",5180,"A",,"G",5180,"A",,"A",,2
175698,"A",,"R",11940,"A",,"G",13,"A",,"G",13,"A",,"A",,1
175722,"A",,"R",40327,"A",,"G",45,"A",,"G",45,"A",,"A",,1
175786,"R",273464,"A",,"A",,"G",9115,"A",,"G",9115,"A",,"A",,2
175810,"R",160566,"A",,"A",,"G",5352,"A",,"G",5352,"A",,"A",,2
175829,"R",164665,"A",,"A",,"G",5489,"A",,"G",5489,"A",,"A",,2
175856,"R",185787,"A",,"R",31004,"G",6193,"G",1292,"G",6193,"G",1292,"A",,2
175883,"R",118270,"A",,"A",,"G",3942,"A",,"G",3942,"A",,"A",,2
175935,"R",82504,"A",,"A",,"G",2750,"A",,"G",2750,"A",,"A",,2
175980,"R",27322,"A",,"R",1866,"G",911,"G",78,"G",911,"G",78,"A",,2
176008,"R",62996,"A",,"A",,"G",2100,"A",,"G",2100,"A",,"A",,2
176017,"R",479033,"A",,"R",40186,"G",15968,"G",1674,"G",15968,"G",1674,"R",1016,2
176026,"R",17161,"A",,"R",19862,"G",572,"G",828,"G",572,"G",828,"R",659,2
176035,"R",72272,"A",,"R",3750,"G",2409,"G",156,"G",2409,"G",156,"R",6,2
176044,"R",60958,"A",,"R",4825,"G",2032,"G",201,"G",2032,"G",201,"A",,2
176053,"R",84948,"A",,"R",26085,"G",2832,"G",1087,"G",2832,"G",1087,"R",602,2
176062,"A",,"R",67872,"A",,"G",75,"A",,"G",75,"A",,"A",,1
176071,"R",249606,"A",,"A",,"G",8320,"A",,"G",8320,"A",,"A",,2
176080,"R",467788,"A",,"R",63460,"G",15593,"G",2644,"G",15593,"G",2644,"R",628,2
176169,"R",90722,"A",,"A",,"G",3024,"A",,"G",3024,"A",,"A",,2
176178,"R",198198,"A",,"A",,"G",6607,"A",,"G",6607,"A",,"A",,2
176239,"R",92221,"A",,"A",,"G",3074,"A",,"G",3074,"A",,"A",,2
176318,"R",28336,"A",,"A",,"G",945,"A",,"G",945,"A",,"A",,2
176336,"R",1184,"A",,"A",,"G",39,"A",,"G",39,"A",,"A",,2
176354,"R",42819,"R",14423,"A",,"G",1443,"A",,"G",1443,"A",,"A",,3
176372,"R",361651,"A",,"R",53736,"G",12055,"G",2239,"G",12055,"G",2239,"A",,2
176390,"A",,"R",176482,"A",,"G",196,"A",,"G",196,"A",,"A",,1
176406,"R",29487,"A",,"A",,"G",983,"A",,"G",983,"A",,"A",,2
176451,"A",,"A",,"R",1279,"A",,"G",53,"A",,"G",53,"A",,-2
176479,"R",71863,"A",,"R",26756,"G",2395,"G",1115,"G",2395,"G",1115,"R",308,2
176549,"R",12870,"A",,"A",,"G",429,"A",,"G",429,"A",,"A",,2
176600,"A",,"A",,"R",2016,"A",,"G",84,"A",,"G",84,"A",,-2
176619,"A",,"A",,"R",4386,"A",,"G",183,"A",,"R",204,"R",92,-2
176628,"R",37960,"A",,"R",9738,"G",1265,"G",406,"G",1265,"G",406,"A",,2
176637,"R",28483,"A",,"A",,"G",633,"A",,"G",633,"A",,"A",,2
176664,"R",8822,"A",,"R",733,"G",294,"G",31,"G",294,"G",31,"A",,2
176716,"A",,"R",114095,"A",,"G",127,"A",,"G",127,"A",,"A",,1
176770,"R",10604,"A",,"R",517,"G",353,"G",22,"G",353,"G",22,"A",,2
176789,"R",6112,"A",,"R",890,"G",204,"G",37,"G",204,"G",37,"A",,2
176798,"A",,"R",204697,"A",,"G",227,"A",,"G",227,"A",,"A",,1
176910,"R",9144,"A",,"A",,"G",305,"A",,"G",305,"A",,"A",,2
176947,"R",33045,"A",,"A",,"G",1102,"A",,"G",1102,"A",,"A",,2
176965,"R",256802,"A",,"R",33404,"G",8560,"G",1392,"G",8560,"G",1392,"A",,2
176983,"A",,"R",94740,"A",,"G",105,"A",,"G",105,"A",,"A",,1
176992,"A",,"R",17023,"A",,"G",19,"A",,"G",19,"A",,"A",,1
177038,"R",4335,"A",,"R",111,"G",145,"G",5,"G",145,"G",5,"R",540,2
177056,"A",,"R",88425,"A",,"G",98,"A",,"G",98,"A",,"A",,1
177065,"R",401494,"A",,"R",14208,"G",13383,"G",592,"G",13383,"G",592,"A",,2
177083,"R",2853,"A",,"Z",0,"G",95,"A",,"G",95,"A",,"A",,2
177092,"A",,"A",,"R",12670,"A",,"G",352,"A",,"G",352,"A",,-2
177117,"R",8939,"A",,"A",,"G",298,"A",,"G",298,"A",,"A",,2
177126,"A",,"A",,"R",12086,"A",,"G",504,"A",,"G",504,"A",,-2
177135,"R",110241,"A",,"A",,"G",3675,"A",,"G",3675,"A",,"A",,2
177144,"R",22047,"A",,"A",,"G",735,"A",,"G",735,"A",,"A",,2
177214,"R",107535,"A",,"R",7605,"G",3585,"G",317,"G",3585,"G",317,"A",,2
177250,"R",84312,"A",,"A",,"G",2810,"A",,"G",2810,"A",,"A",,2
177278,"A",,"A",,"R",2751,"A",,"G",115,"A",,"G",115,"A",,-2
177287,"A",,"R",217313,"A",,"G",241,"A",,"G",241,"A",,"A",,1
177302,"R",76243,"A",,"A",,"G",1694,"A",,"G",1694,"A",,"A",,2
177339,"R",56588,"A",,"R",3597,"G",1886,"G",150,"G",1886,"G",150,"A",,2
177418,"R",33902,"A",,"R",12943,"G",1130,"G",539,"G",1130,"G",539,"A",,2
177427,"A",,"A",,"R",2057,"A",,"G",86,"A",,"G",86,"R",165,-2
177436,"A",,"R",34030,"A",,"G",38,"A",,"G",38,"A",,"A",,1
177472,"R",310673,"A",,"A",,"G",10356,"A",,"G",10356,"A",,"A",,2
177542,"R",31089,"A",,"R",777,"G",1036,"G",32,"G",1036,"G",32,"A",,2
177551,"R",34646,"A",,"A",,"G",1155,"A",,"G",1155,"A",,"A",,2
177579,"R",17512,"A",,"A",,"G",584,"A",,"R",652,"A",,"A",,2
177588,"A",,"R",52254,"A",,"G",58,"A",,"G",58,"A",,"A",,1
177603,"A",,"R",105314,"A",,"G",117,"A",,"G",117,"A",,"A",,1
177676,"R",119243,"A",,"A",,"G",3975,"A",,"G",3975,"A",,"A",,2
177685,"A",,"R",43945,"A",,"G",49,"A",,"G",49,"A",,"A",,1
177719,"R",26534,"A",,"R",3261,"G",884,"G",136,"G",884,"G",136,"A",,2
177746,"R",23413,"A",,"A",,"G",780,"A",,"G",780,"A",,"A",,2
177816,"R",1200,"A",,"R",1500,"G",40,"G",63,"G",40,"G",63,"A",,2
177834,"A",,"A",,"R",43297,"A",,"G",1804,"A",,"G",1804,"R",2242,-2
177870,"A",,"R",12600,"A",,"G",14,"A",,"G",14,"A",,"A",,1
177931,"A",,"R",31138,"A",,"G",35,"A",,"G",35,"A",,"A",,1
177940,"R",67036,"A",,"R",2700,"G",2235,"G",113,"G",2235,"G",113,"A",,2
177968,"R",232659,"A",,"R",80688,"G",7755,"G",3362,"G",7755,"G",3362,"A",,2
177977,"R",38108,"A",,"A",,"G",1270,"A",,"G",1270,"A",,"A",,2
177986,"R",2940,"A",,"R",2979,"G",98,"G",124,"G",98,"G",124,"R",1135,2
177995,"R",385021,"A",,"A",,"G",12834,"A",,"G",12834,"A",,"A",,2
178004,"R",5694,"A",,"A",,"G",190,"A",,"G",190,"A",,"A",,2
178059,"R",73967,"A",,"R",28440,"G",2466,"G",1185,"G",2466,"G",1185,"A",,2
178077,"A",,"R",143220,"A",,"G",159,"A",,"G",159,"A",,"A",,1
178110,"R",6811,"R",7204,"A",,"G",159,"A",,"G",159,"A",,"A",,3
178183,"R",2852,"A",,"A",,"G",95,"A",,"G",95,"A",,"A",,2
178208,"R",5718,"A",,"R",8130,"G",191,"G",339,"G",191,"G",339,"R",441,2
178217,"R",85103,"A",,"A",,"G",2837,"A",,"G",2837,"A",,"A",,2
178226,"R",26968,"A",,"A",,"G",599,"A",,"G",599,"A",,"A",,2
178244,"R",59976,"A",,"R",21574,"G",1999,"G",899,"G",1999,"G",899,"A",,2
178262,"A",,"R",145860,"A",,"G",162,"A",,"G",162,"A",,"A",,1
178305,"R",19209,"R",3573,"A",,"G",644,"A",,"G",644,"A",,"A",,3
178314,"A",,"R",29979,"A",,"G",33,"A",,"R",19,"A",,"A",,1
178341,"R",132679,"A",,"R",803,"G",4423,"G",33,"G",4423,"G",33,"A",,2
178350,"R",2701,"A",,"A",,"G",90,"A",,"G",90,"A",,"A",,2
178369,"R",44875,"A",,"R",213,"G",1496,"G",9,"G",1496,"G",9,"A",,2
178387,"R",133559,"A",,"R",2517,"G",4452,"G",105,"G",4452,"G",105,"A",,2
178396,"R",752817,"A",,"R",108122,"G",25094,"G",4505,"G",25094,"G",4505,"R",1266,2
178402,"R",248759,"A",,"R",54056,"G",8292,"G",2252,"G",8292,"G",2252,"R",1728,2
178411,"R",158196,"A",,"R",29122,"G",5273,"G",1213,"G",5273,"G",1213,"A",,2
178420,"R",251247,"A",,"R",46725,"G",8375,"G",1947,"G",8375,"G",1947,"R",168,2
178448,"R",119318,"A",,"A",,"G",3977,"A",,"G",3977,"A",,"A",,2
178466,"A",,"R",198132,"A",,"G",220,"A",,"G",220,"A",,"A",,1
178484,"A",,"R",304808,"A",,"G",339,"A",,"G",339,"A",,"A",,1
178518,"A",,"A",,"R",3746,"A",,"G",156,"A",,"G",156,"A",,-2
178527,"A",,"R",37751,"A",,"G",42,"A",,"G",42,"A",,"A",,1
178606,"A",,"R",9450,"A",,"G",11,"A",,"G",11,"A",,"A",,1
178615,"R",154691,"A",,"R",9530,"G",5156,"G",397,"G",5156,"G",397,"A",,2
178624,"R",161777,"A",,"R",13276,"G",5393,"G",553,"G",5393,"G",553,"A",,2
178679,"R",19356,"A",,"A",,"G",645,"A",,"G",645,"A",,"A",,2
178697,"R",45419,"A",,"A",,"G",1514,"A",,"G",1514,"A",,"A",,2
178721,"R",258589,"A",,"R",12272,"G",8620,"G",511,"G",8620,"G",511,"A",,2
178767,"R",9985,"A",,"A",,"G",222,"A",,"G",222,"A",,"A",,2
178828,"A",,"R",76704,"A",,"G",85,"A",,"R",71,"A",,"A",,1
178891,"R",64027,"A",,"A",,"G",2134,"A",,"G",2134,"A",,"A",,2
178989,"R",12248,"A",,"R",1875,"G",408,"G",78,"G",408,"G",78,"A",,2
179043,"R",51606,"A",,"R",7030,"G",1720,"G",293,"G",1720,"G",293,"R",182,2
179052,"A",,"R",182290,"A",,"G",203,"A",,"G",203,"A",,"A",,1
179070,"R",10369,"A",,"A",,"G",346,"A",,"G",346,"A",,"A",,2
179159,"R",278786,"A",,"R",55517,"G",9293,"G",2313,"G",9293,"G",2313,"R",1799,2
179195,"A",,"R",52254,"A",,"G",58,"A",,"G",58,"A",,"A",,1
179201,"R",25612,"A",,"A",,"G",854,"A",,"G",854,"A",,"A",,2
179229,"A",,"R",35550,"A",,"G",40,"A",,"G",40,"A",,"A",,1
179238,"A",,"R",70210,"A",,"G",78,"A",,"G",78,"A",,"A",,1
179256,"R",6057,"A",,"A",,"G",202,"A",,"G",202,"A",,"A",,2
179265,"R",21014,"A",,"A",,"G",700,"A",,"R",713,"A",,"R",580,2
179308,"R",540584,"A",,"A",,"G",18019,"A",,"G",18019,"A",,"A",,2
179317,"A",,"A",,"R",2899,"A",,"G",121,"A",,"G",121,"R",52,-2
179326,"R",69551,"A",,"R",11168,"G",2318,"G",465,"G",2318,"G",465,"R",218,2
179344,"R",44531,"A",,"A",,"G",1484,"A",,"G",1484,"A",,"A",,2
179399,"A",,"R",40760,"A",,"G",45,"A",,"G",45,"A",,"A",,1
179450,"R",8569,"A",,"R",252,"G",286,"G",11,"G",286,"G",11,"A",,2
179511,"R",9780,"A",,"A",,"G",326,"A",,"G",326,"A",,"A",,2
179539,"R",107429,"A",,"A",,"G",3581,"A",,"G",3581,"A",,"A",,2
179548,"R",21626,"A",,"R",3734,"G",721,"G",156,"G",721,"G",156,"A",,2
179557,"R",268288,"A",,"R",17646,"G",8943,"G",735,"G",8943,"G",735,"A",,2
179566,"R",427161,"A",,"R",58098,"G",14239,"G",2421,"G",14239,"G",2421,"R",170,2
179645,"R",100806,"A",,"A",,"G",3360,"A",,"G",3360,"A",,"A",,2
179715,"R",38053,"A",,"A",,"G",1268,"A",,"G",1268,"A",,"A",,2
179724,"A",,"R",26110,"A",,"G",29,"A",,"G",29,"A",,"A",,1
179742,"A",,"A",,"R",966,"A",,"G",40,"A",,"G",40,"A",,-2
179812,"A",,"A",,"R",1398,"A",,"G",58,"A",,"G",58,"R",972,-2
179867,"R",213526,"A",,"R",88918,"G",7118,"G",3705,"G",7118,"G",3705,"R",2933,2
179894,"R",90637,"A",,"R",225241,"G",3021,"G",9385,"G",3021,"G",9385,"A",,2
179919,"R",13902,"A",,"A",,"G",463,"A",,"G",463,"A",,"A",,2
179946,"R",33673,"A",,"A",,"G",1122,"A",,"G",1122,"A",,"A",,2
179955,"R",32280,"A",,"A",,"G",1076,"A",,"G",1076,"A",,"A",,2
179964,"R",26562,"A",,"R",17872,"G",885,"G",745,"G",885,"G",745,"A",,2
179991,"A",,"R",45840,"A",,"G",51,"A",,"G",51,"A",,"A",,1
180054,"R",11576,"A",,"A",,"G",386,"A",,"G",386,"A",,"A",,2
180063,"A",,"R",56500,"A",,"G",63,"A",,"G",63,"A",,"A",,1
180081,"R",18380,"A",,"A",,"G",613,"A",,"G",613,"A",,"A",,2
180090,"A",,"R",96200,"A",,"G",107,"A",,"G",107,"A",,"A",,1
180106,"R",42250,"A",,"A",,"G",1408,"A",,"G",1408,"A",,"A",,2
180151,"R",8142,"A",,"A",,"G",271,"A",,"G",271,"A",,"A",,2
180160,"R",5128,"A",,"A",,"G",171,"A",,"G",171,"A",,"A",,2
180179,"R",120030,"A",,"R",7632,"G",4001,"G",318,"G",4001,"G",318,"A",,2
180197,"R",56372,"A",,"A",,"G",1879,"A",,"R",1781,"A",,"A",,2
180203,"R",5193,"A",,"A",,"G",173,"A",,"G",173,"A",,"A",,2
180212,"R",8337,"A",,"A",,"G",278,"A",,"G",278,"A",,"A",,2
180249,"R",41950,"A",,"A",,"G",1398,"A",,"G",1398,"A",,"A",,2
180258,"R",26065,"A",,"R",1488,"G",869,"G",62,"G",869,"G",62,"A",,2
180276,"R",32617,"A",,"A",,"G",1087,"A",,"G",1087,"A",,"A",,2
180328,"R",8952,"A",,"A",,"G",298,"A",,"G",298,"A",,"A",,2
180373,"R",11705,"A",,"A",,"G",390,"A",,"G",390,"A",,"A",,2
180391,"A",,"R",46030,"A",,"G",51,"A",,"G",51,"A",,"A",,1
180416,"R",53066,"A",,"R",2957,"G",1769,"G",123,"G",1769,"G",123,"A",,2
180461,"R",357088,"A",,"R",24935,"G",11903,"G",1039,"G",11903,"G",1039,"A",,2
180489,"R",373975,"A",,"R",27259,"G",12466,"G",1136,"G",12466,"G",1136,"R",524,2
180522,"R",32607,"A",,"R",1445,"G",1087,"G",60,"G",1087,"G",60,"A",,2
180595,"R",29580,"A",,"R",4767,"G",986,"G",199,"G",986,"G",199,"A",,2
180647,"R",32997,"A",,"A",,"G",733,"A",,"G",733,"A",,"A",,2
180692,"R",41630,"A",,"A",,"G",1388,"A",,"G",1388,"A",,"A",,2
180771,"A",,"R",40490,"A",,"G",45,"A",,"G",45,"A",,"A",,1
180814,"R",144732,"A",,"R",55565,"G",4824,"G",2315,"G",4824,"G",2315,"A",,2
180832,"R",22550,"A",,"R",6045,"G",752,"G",252,"G",752,"G",252,"A",,2
180878,"R",13735,"A",,"R",1700,"G",458,"G",71,"G",458,"G",71,"A",,2
180902,"R",124782,"A",,"A",,"G",4159,"A",,"R",4214,"A",,"A",,2
180948,"R",59527,"A",,"R",9367,"G",1984,"G",390,"G",1984,"G",390,"A",,2
180957,"A",,"R",204368,"A",,"G",227,"A",,"G",227,"A",,"A",,1
180984,"R",40033,"A",,"R",10676,"G",1334,"G",445,"G",1334,"G",445,"A",,2
181002,"R",132317,"A",,"R",23025,"G",4411,"G",959,"G",4411,"G",959,"R",2795,2
181020,"R",34220,"A",,"A",,"G",1141,"A",,"G",1141,"A",,"A",,2
181093,"R",10144,"A",,"R",1243,"G",338,"G",52,"G",338,"G",52,"A",,2
181127,"R",32881,"A",,"R",1414,"G",1096,"G",59,"G",1096,"G",59,"A",,2
181136,"A",,"R",39600,"A",,"G",44,"A",,"G",44,"A",,"A",,1
181145,"R",835,"A",,"A",,"G",28,"A",,"G",28,"A",,"A",,2
181190,"A",,"R",409500,"A",,"G",455,"A",,"G",455,"A",,"A",,1
181215,"R",156630,"A",,"R",19829,"G",5221,"G",826,"G",5221,"G",826,"A",,2
181242,"R",26388,"A",,"R",584,"G",880,"G",24,"G",880,"G",24,"A",,2
181297,"R",21520,"A",,"R",2459,"G",717,"G",102,"G",717,"G",102,"A",,2
181303,"R",550641,"A",,"A",,"G",12236,"A",,"G",12236,"A",,"A",,2
181312,"R",54265,"R",55049,"A",,"G",1870,"A",,"G",1870,"A",,"A",,3
181330,"R",32771,"A",,"R",954,"G",1092,"G",40,"G",1092,"G",40,"A",,2
181376,"R",3149,"A",,"A",,"G",105,"A",,"R",111,"A",,"A",,2
181394,"R",318379,"A",,"R",35041,"G",10613,"G",1460,"G",10613,"G",1460,"A",,2
181400,"R",38690,"A",,"R",1394,"G",1290,"G",58,"G",1290,"G",58,"A",,2
181419,"R",3321,"A",,"A",,"G",111,"A",,"G",111,"A",,"A",,2
181428,"R",25752,"A",,"R",46957,"G",858,"G",1957,"G",858,"G",1957,"R",927,2
181446,"R",57959,"A",,"R",3356,"G",1932,"G",140,"G",1932,"G",140,"A",,2
181464,"R",531906,"A",,"R",74086,"G",17730,"G",3087,"G",17730,"G",3087,"R",373,2
181491,"R",95793,"R",127161,"A",,"G",3334,"A",,"G",3334,"A",,"A",,3
181534,"R",44851,"A",,"R",4299,"G",1495,"G",179,"G",1495,"G",179,"A",,2
181543,"R",888,"A",,"A",,"G",30,"A",,"G",30,"A",,"A",,2
181604,"R",20579,"A",,"R",5540,"G",686,"G",231,"G",686,"G",231,"A",,2
181640,"R",397731,"A",,"A",,"G",8838,"A",,"G",8838,"A",,"A",,2
181738,"R",21567,"A",,"R",3023,"G",719,"G",126,"G",719,"R",85,"A",,2
181756,"R",14866,"R",110820,"A",,"G",619,"A",,"G",619,"A",,"A",,3
181765,"R",8999,"A",,"A",,"G",300,"A",,"G",300,"A",,"A",,2
181783,"R",82978,"A",,"R",8523,"G",2766,"G",355,"G",2766,"G",355,"A",,2
181792,"R",350,"A",,"A",,"G",12,"A",,"G",12,"A",,"A",,2
181817,"R",49905,"A",,"A",,"G",1664,"A",,"G",1664,"A",,"A",,2
181853,"R",12872,"A",,"A",,"G",429,"A",,"G",429,"A",,"A",,2
181880,"A",,"R",190854,"A",,"G",212,"A",,"G",212,"A",,"A",,1
181941,"R",28940,"A",,"A",,"G",965,"A",,"G",965,"A",,"A",,2
182005,"R",569889,"A",,"A",,"G",18996,"A",,"G",18996,"A",,"A",,2
182111,"R",48657,"A",,"A",,"G",1081,"A",,"G",1081,"A",,"A",,2
182148,"R",36412,"A",,"A",,"G",1214,"A",,"G",1214,"A",,"A",,2
182209,"A",,"R",551232,"A",,"G",612,"A",,"G",612,"A",,"A",,1
182281,"R",545076,"A",,"R",71617,"G",18169,"G",2984,"G",18169,"G",2984,"R",2837,2
182290,"R",399707,"A",,"R",42438,"G",13324,"G",1768,"G",13324,"G",1768,"R",249,2
182306,"R",52622,"A",,"R",257,"G",1754,"G",11,"G",1754,"G",11,"A",,2
182397,"A",,"R",316597,"A",,"G",352,"A",,"G",352,"A",,"A",,1
182430,"R",16170,"A",,"R",360,"G",539,"G",15,"G",539,"G",15,"A",,2
182458,"R",16150,"A",,"R",5977,"G",538,"G",249,"G",538,"G",249,"A",,2
182500,"R",207574,"A",,"A",,"G",6919,"A",,"G",6919,"A",,"A",,2
182564,"R",70131,"A",,"A",,"G",2338,"A",,"G",2338,"A",,"A",,2
182634,"R",42891,"A",,"A",,"G",1430,"A",,"G",1430,"A",,"A",,2
182652,"A",,"R",84012,"A",,"G",93,"A",,"G",93,"A",,"A",,1
182661,"R",20507,"A",,"R",2220,"G",684,"G",93,"G",684,"G",93,"A",,2
182670,"R",191465,"A",,"R",63886,"G",4255,"G",1775,"G",4255,"G",1775,"R",395,2
182704,"A",,"R",82505,"A",,"G",92,"A",,"G",92,"A",,"A",,1
182722,"A",,"R",113769,"A",,"G",126,"A",,"G",126,"A",,"A",,1
182795,"R",54435,"A",,"R",7782,"G",1815,"G",324,"G",1815,"G",324,"R",173,2
182829,"A",,"A",,"R",452,"A",,"G",19,"A",,"G",19,"R",371,-2
182865,"R",65599,"A",,"A",,"G",2187,"A",,"G",2187,"A",,"A",,2
182892,"A",,"R",45294,"A",,"G",50,"A",,"G",50,"A",,"A",,1
182908,"R",2130,"A",,"A",,"G",71,"A",,"G",71,"A",,"A",,2
182953,"A",,"R",100385,"A",,"G",112,"A",,"G",112,"A",,"A",,1
182980,"R",31582,"A",,"R",14661,"G",1053,"G",611,"G",1053,"G",611,"R",43,2
182999,"A",,"R",35482,"A",,"G",39,"A",,"G",39,"A",,"A",,1
183026,"R",347175,"A",,"R",119496,"G",11573,"G",4979,"G",11573,"G",4979,"A",,2
183035,"A",,"R",20125,"A",,"G",22,"A",,"G",22,"A",,"A",,1
183044,"R",414763,"A",,"R",34042,"G",13825,"G",1418,"G",13825,"G",1418,"R",3,2
183062,"R",150294,"A",,"R",2112,"G",5010,"G",88,"G",5010,"G",88,"A",,2
183071,"R",22796,"A",,"R",4017,"G",760,"G",167,"G",760,"G",167,"A",,2
183080,"R",120920,"A",,"R",19364,"G",4031,"G",807,"G",4031,"G",807,"A",,2
183099,"R",85948,"A",,"A",,"G",2865,"A",,"G",2865,"A",,"A",,2
183105,"R",16608,"R",19350,"A",,"G",575,"A",,"G",575,"A",,"A",,3
183114,"R",19710,"A",,"A",,"G",657,"A",,"G",657,"A",,"A",,2
183123,"R",24804,"R",51451,"A",,"G",884,"A",,"G",884,"A",,"A",,3
183132,"R",51234,"A",,"A",,"G",1708,"A",,"G",1708,"A",,"A",,2
183141,"R",42032,"A",,"A",,"G",1401,"A",,"G",1401,"A",,"A",,2
183150,"R",36092,"A",,"A",,"G",1203,"A",,"G",1203,"A",,"A",,2
183202,"A",,"R",22865,"A",,"G",25,"A",,"G",25,"A",,"A",,1
183211,"R",38902,"A",,"R",12326,"G",1297,"G",514,"G",1297,"G",514,"A",,2
183239,"R",61772,"A",,"A",,"G",2059,"A",,"G",2059,"A",,"A",,2
183248,"R",4310,"A",,"A",,"G",144,"A",,"G",144,"A",,"A",,2
183257,"R",39988,"A",,"R",5797,"G",1333,"G",242,"R",1531,"R",255,"A",,2
183275,"R",2897,"A",,"A",,"G",97,"A",,"G",97,"A",,"A",,2
183488,"R",25668,"A",,"A",,"G",856,"A",,"G",856,"A",,"A",,2
183600,"R",923,"A",,"A",,"G",31,"A",,"G",31,"A",,"A",,2
183655,"R",161773,"A",,"A",,"G",5392,"A",,"G",5392,"A",,"A",,2
183725,"R",24180,"A",,"A",,"G",806,"A",,"G",806,"A",,"A",,2
183743,"R",354785,"A",,"A",,"G",11826,"A",,"G",11826,"A",,"A",,2
183789,"R",132223,"A",,"A",,"G",2938,"A",,"G",2938,"A",,"A",,2
183804,"R",76973,"A",,"R",99216,"G",2566,"G",4134,"G",2566,"G",4134,"A",,2
183822,"R",58576,"A",,"R",120,"G",1953,"G",5,"G",1953,"G",5,"A",,2
183859,"R",326367,"A",,"A",,"G",10879,"A",,"G",10879,"A",,"A",,2
183877,"R",237852,"A",,"A",,"G",7928,"A",,"G",7928,"A",,"A",,2
183910,"R",39598,"A",,"R",9798,"G",1320,"G",408,"G",1320,"G",408,"A",,2
183938,"R",297033,"A",,"A",,"G",9901,"A",,"G",9901,"A",,"A",,2
183974,"R",54430,"A",,"R",10956,"G",1814,"G",457,"G",1814,"G",457,"A",,2
183983,"A",,"R",143100,"A",,"G",159,"A",,"G",159,"A",,"A",,1
184047,"R",12330,"A",,"A",,"G",411,"A",,"G",411,"A",,"A",,2
184056,"A",,"R",580033,"A",,"G",644,"A",,"G",644,"A",,"A",,1
184092,"R",20908,"R",11810,"A",,"G",710,"A",,"G",710,"A",,"A",,3
184135,"R",45542,"A",,"A",,"G",1012,"A",,"G",1012,"A",,"A",,2
184144,"A",,"R",103402,"A",,"G",115,"A",,"G",115,"A",,"A",,1
184153,"A",,"R",73493,"R",140,"G",82,"G",6,"G",82,"G",6,"A",,1
184180,"R",192800,"A",,"A",,"G",6427,"A",,"G",6427,"A",,"A",,2
184205,"R",86949,"A",,"A",,"G",2898,"A",,"G",2898,"A",,"A",,2
184278,"A",,"R",169300,"A",,"G",188,"A",,"G",188,"A",,"A",,1
184320,"A",,"R",855000,"A",,"G",950,"A",,"G",950,"A",,"A",,1
184348,"R",52508,"A",,"R",12518,"G",1750,"G",522,"G",1750,"G",522,"R",64,2
184357,"R",900,"A",,"A",,"G",30,"A",,"G",30,"A",,"A",,2
184427,"A",,"R",254350,"A",,"G",283,"A",,"G",283,"A",,"A",,1
184481,"R",287847,"A",,"A",,"G",9595,"A",,"G",9595,"A",,"A",,2
184506,"A",,"R",116840,"A",,"G",130,"A",,"G",130,"A",,"A",,1
184603,"R",116372,"A",,"R",35290,"G",3879,"G",1470,"G",3879,"G",1470,"R",64,2
184612,"R",47053,"A",,"R",4307,"G",1568,"G",179,"G",1568,"G",179,"R",7,2
184694,"R",69348,"A",,"R",9060,"G",2312,"G",378,"G",2312,"G",378,"R",133,2
184746,"R",8280,"A",,"A",,"G",276,"A",,"G",276,"A",,"A",,2
184773,"R",40563,"A",,"R",11531,"G",1352,"G",480,"G",1352,"G",480,"A",,2
184782,"R",289160,"A",,"R",23823,"G",9639,"G",993,"G",9639,"G",993,"R",114,2
184791,"R",164699,"A",,"A",,"G",5490,"A",,"G",5490,"A",,"A",,2
184816,"A",,"R",105592,"A",,"G",117,"A",,"G",117,"A",,"A",,1
184870,"R",15898,"A",,"A",,"G",530,"A",,"G",530,"A",,"A",,2
184959,"R",47079,"A",,"A",,"G",1046,"A",,"G",1046,"A",,"A",,2
184968,"R",4863,"A",,"A",,"G",162,"A",,"G",162,"A",,"A",,2
184995,"R",199783,"A",,"A",,"G",6659,"A",,"G",6659,"A",,"A",,2
185129,"R",171058,"A",,"R",26970,"G",5702,"G",1124,"G",5702,"G",1124,"A",,2
185174,"A",,"R",101250,"A",,"G",113,"A",,"R",90,"A",,"A",,1
185262,"R",332284,"A",,"R",37719,"G",11076,"G",1572,"G",11076,"G",1572,"A",,2
185332,"R",19531,"A",,"A",,"G",651,"A",,"G",651,"A",,"A",,2
185396,"A",,"R",1069399,"A",,"G",1188,"A",,"G",1188,"A",,"A",,1
185466,"A",,"R",286656,"A",,"G",319,"A",,"G",319,"A",,"A",,1
185509,"R",171839,"A",,"A",,"G",5728,"A",,"G",5728,"A",,"A",,2
185536,"R",295469,"A",,"A",,"G",9849,"A",,"G",9849,"A",,"A",,2
185572,"R",144607,"A",,"R",27990,"G",4820,"G",1166,"G",4820,"G",1166,"R",32,2
185590,"R",415712,"A",,"R",58071,"G",13857,"G",2420,"G",13857,"G",2420,"R",52,2
185624,"R",1652,"A",,"A",,"G",55,"A",,"G",55,"A",,"A",,2
185651,"R",1728,"A",,"A",,"G",58,"A",,"G",58,"A",,"A",,2
185679,"R",6612,"A",,"A",,"G",220,"A",,"G",220,"A",,"A",,2
185721,"R",22412,"A",,"A",,"G",747,"A",,"G",747,"A",,"A",,2
185730,"A",,"R",69643,"A",,"G",77,"A",,"G",77,"A",,"A",,1
185758,"A",,"A",,"R",3069,"A",,"G",128,"A",,"G",128,"A",,-2
185767,"A",,"R",164256,"A",,"G",183,"A",,"G",183,"A",,"A",,1
185828,"R",192908,"A",,"R",42765,"G",6430,"G",1782,"R",8038,"R",2376,"A",,2
185873,"R",224129,"A",,"A",,"G",7471,"A",,"G",7471,"A",,"A",,2
185916,"A",,"R",116996,"A",,"G",130,"A",,"G",130,"A",,"A",,1
185970,"A",,"R",170386,"A",,"G",189,"A",,"G",189,"A",,"A",,1
186016,"A",,"R",294416,"A",,"G",327,"A",,"G",327,"A",,"A",,1
186034,"R",190521,"A",,"A",,"G",6351,"A",,"G",6351,"A",,"A",,2
186052,"A",,"R",735186,"A",,"G",817,"A",,"G",817,"A",,"A",,1
186122,"A",,"A",,"R",12036,"A",,"G",502,"A",,"G",502,"A",,-2
186131,"R",167296,"A",,"R",31680,"G",5577,"G",1320,"R",5341,"R",2755,"A",,2
186186,"R",6930,"A",,"A",,"G",231,"A",,"G",231,"A",,"A",,2
186201,"R",172594,"A",,"R",2664,"G",5753,"G",111,"G",5753,"G",111,"A",,2
186274,"A",,"R",188172,"A",,"G",209,"A",,"G",209,"A",,"A",,1
186283,"R",126392,"A",,"R",17938,"G",4213,"G",747,"G",4213,"G",747,"A",,2
186335,"A",,"R",90000,"A",,"G",100,"A",,"G",100,"A",,"A",,1
186371,"R",129645,"A",,"R",15041,"G",4322,"G",627,"G",4322,"G",627,"R",652,2
186380,"R",991681,"A",,"R",151970,"G",33056,"G",6332,"G",33056,"G",6332,"R",415,2
186399,"R",218757,"A",,"R",61846,"G",7292,"G",2577,"G",7292,"G",2577,"R",672,2
186405,"A",,"R",19744,"A",,"G",22,"A",,"R",16,"A",,"A",,1
186423,"R",1720,"A",,"A",,"G",57,"A",,"G",57,"A",,"A",,2
186432,"R",63990,"A",,"R",10794,"G",2133,"G",450,"G",2133,"G",450,"R",46,2
186469,"R",30424,"A",,"A",,"G",1014,"A",,"G",1014,"A",,"A",,2
186584,"R",162550,"A",,"R",55778,"G",5418,"G",2324,"G",5418,"G",2324,"R",949,2
186593,"A",,"R",158290,"A",,"G",176,"A",,"G",176,"A",,"A",,1
186618,"R",22244,"A",,"R",8348,"G",741,"G",348,"G",741,"G",348,"A",,2
186645,"R",172056,"A",,"A",,"G",5735,"A",,"G",5735,"A",,"A",,2
186867,"R",80818,"A",,"R",34522,"G",2694,"G",1438,"G",2694,"G",1438,"A",,2
186876,"R",236404,"A",,"R",11522,"G",7880,"G",480,"G",7880,"G",480,"R",104,2
186900,"R",2325,"A",,"A",,"G",78,"A",,"G",78,"A",,"A",,2
187000,"A",,"R",327750,"A",,"G",364,"A",,"G",364,"A",,"A",,1
187046,"R",133473,"A",,"R",12546,"G",4449,"G",523,"G",4449,"G",523,"A",,2
187134,"R",210604,"A",,"R",13276,"G",7020,"G",553,"G",7020,"G",553,"A",,2
187161,"R",38234,"A",,"A",,"G",1274,"A",,"G",1274,"A",,"A",,2
187198,"R",274425,"A",,"A",,"G",9148,"A",,"G",9148,"A",,"A",,2
187222,"R",27678,"A",,"R",54898,"G",923,"G",2287,"G",923,"G",2287,"R",2450,2
187444,"R",281088,"A",,"R",19883,"G",9370,"G",828,"G",9370,"G",828,"R",13,2
187505,"A",,"R",1138396,"A",,"G",1265,"A",,"G",1265,"A",,"A",,1
187532,"R",581934,"A",,"A",,"G",19398,"A",,"G",19398,"A",,"A",,2
187596,"R",40910,"A",,"A",,"G",1364,"A",,"G",1364,"A",,"A",,2
187602,"A",,"R",128359,"A",,"G",143,"A",,"G",143,"A",,"A",,1
187620,"R",169201,"A",,"A",,"G",5640,"A",,"G",5640,"A",,"A",,2
187639,"R",51453,"A",,"A",,"G",1715,"A",,"G",1715,"A",,"A",,2
187648,"R",110818,"A",,"R",13660,"G",3694,"G",569,"G",3694,"G",569,"A",,2
187666,"R",66355,"A",,"A",,"G",2212,"A",,"G",2212,"A",,"A",,2
187745,"R",7519,"A",,"A",,"G",251,"A",,"G",251,"A",,"A",,2
187897,"R",58019,"A",,"R",23933,"G",1934,"G",997,"G",1934,"G",997,"A",,2
187903,"R",52582,"A",,"A",,"G",1753,"A",,"G",1753,"A",,"A",,2
187912,"R",15946,"A",,"A",,"G",532,"A",,"G",532,"A",,"A",,2
187958,"R",56345,"A",,"A",,"G",1878,"A",,"G",1878,"A",,"A",,2
187967,"R",43155,"A",,"R",7763,"G",1439,"G",323,"G",1439,"G",323,"A",,2
187976,"R",10944,"A",,"A",,"G",365,"A",,"G",365,"A",,"A",,2
187985,"R",580103,"A",,"R",88909,"G",19337,"G",3705,"G",19337,"G",3705,"R",1512,2
187994,"R",53010,"A",,"A",,"G",1767,"A",,"G",1767,"A",,"A",,2
188003,"R",30339,"A",,"A",,"G",1011,"A",,"G",1011,"A",,"A",,2
188021,"R",18525,"A",,"A",,"G",618,"A",,"G",618,"A",,"A",,2
188030,"R",370926,"A",,"R",51186,"G",12364,"G",2133,"G",12364,"G",2133,"A",,2
188049,"R",44802,"A",,"A",,"G",1493,"A",,"G",1493,"A",,"A",,2
188058,"R",36235,"A",,"R",425,"G",1208,"G",18,"G",1208,"G",18,"A",,2
188100,"R",153358,"A",,"A",,"G",5112,"A",,"G",5112,"A",,"A",,2
188137,"R",91417,"A",,"A",,"G",3047,"A",,"G",3047,"A",,"A",,2
188146,"R",17101,"A",,"R",18,"G",570,"G",1,"G",570,"G",1,"A",,2
188182,"R",8109,"A",,"R",7037,"G",270,"G",293,"G",270,"G",293,"A",,2
188207,"A",,"A",,"R",5109,"A",,"G",142,"A",,"G",142,"A",,-2
188216,"R",16111,"A",,"A",,"G",537,"A",,"G",537,"A",,"A",,2
188225,"R",28997,"A",,"A",,"G",967,"A",,"G",967,"A",,"A",,2
188261,"R",18278,"A",,"A",,"G",609,"A",,"G",609,"A",,"A",,2
188289,"A",,"R",73424,"A",,"G",82,"A",,"G",82,"A",,"A",,1
188304,"R",60072,"A",,"R",10890,"G",2002,"G",454,"G",2002,"G",454,"A",,2
188340,"R",53075,"A",,"R",201,"G",1769,"G",8,"G",1769,"G",8,"A",,2
188429,"R",142959,"A",,"R",61129,"G",4765,"G",2547,"G",4765,"G",2547,"R",62,2
188438,"R",84792,"A",,"A",,"G",2826,"A",,"G",2826,"A",,"A",,2
188465,"R",16208,"R",243120,"A",,"G",810,"A",,"G",810,"A",,"A",,3
188517,"R",25157,"A",,"A",,"G",839,"A",,"G",839,"A",,"A",,2
188526,"R",32545,"A",,"R",9892,"G",1085,"G",412,"R",1067,"R",335,"R",285,2
188535,"A",,"A",,"R",80,"A",,"G",3,"A",,"G",3,"R",615,-2
188580,"A",,"A",,"R",5580,"A",,"G",233,"A",,"R",272,"R",558,-2
188641,"R",58475,"A",,"R",11087,"G",1949,"G",462,"G",1949,"G",462,"A",,2
188650,"A",,"R",691200,"A",,"G",768,"A",,"G",768,"A",,"A",,1
188669,"A",,"R",86184,"A",,"G",96,"A",,"G",96,"A",,"A",,1
188678,"R",6600,"A",,"A",,"G",220,"A",,"G",220,"A",,"A",,2
188687,"R",10420,"A",,"A",,"G",347,"A",,"G",347,"A",,"A",,2
188696,"A",,"R",165672,"A",,"G",184,"A",,"G",184,"A",,"A",,1
188854,"A",,"R",1478700,"A",,"G",1643,"A",,"G",1643,"A",,"A",,1
188890,"A",,"R",1261434,"A",,"G",1402,"A",,"R",1401,"A",,"A",,1
188915,"R",1857,"A",,"A",,"G",62,"A",,"G",62,"A",,"A",,2
188942,"R",3288,"A",,"A",,"G",110,"A",,"G",110,"A",,"A",,2
188988,"A",,"R",252945,"A",,"G",281,"A",,"G",281,"A",,"A",,1
189015,"A",,"A",,"R",15128,"A",,"G",630,"A",,"G",630,"A",,-2
189088,"R",84595,"A",,"R",7616,"G",2820,"G",317,"G",2820,"G",317,"A",,2
189097,"R",72743,"A",,"A",,"G",2425,"A",,"G",2425,"A",,"A",,2
189219,"A",,"R",240000,"A",,"G",267,"A",,"G",267,"A",,"A",,1
189228,"R",233511,"A",,"A",,"G",5189,"A",,"G",5189,"A",,"A",,2
189264,"R",1812,"A",,"A",,"G",60,"A",,"G",60,"A",,"A",,2
189273,"R",1170,"A",,"R",216,"G",39,"G",9,"G",39,"G",9,"A",,2
189282,"R",6285,"A",,"A",,"G",210,"A",,"G",210,"A",,"A",,2
189404,"A",,"R",170801,"A",,"G",190,"A",,"G",190,"A",,"A",,1
189413,"R",22576,"A",,"R",1584,"G",753,"G",66,"G",753,"G",66,"A",,2
189422,"R",32087,"A",,"A",,"G",1070,"A",,"G",1070,"A",,"A",,2
189459,"R",64019,"A",,"A",,"G",2134,"A",,"G",2134,"A",,"A",,2
189468,"A",,"R",118571,"A",,"G",132,"A",,"G",132,"A",,"A",,1
189477,"A",,"R",136906,"A",,"G",152,"A",,"G",152,"A",,"A",,1
189501,"A",,"A",,"A",,"A",,"A",,"A",,"A",,"R",1255,-2
189547,"R",149058,"A",,"A",,"G",4969,"A",,"G",4969,"A",,"A",,2
189556,"R",15096,"A",,"A",,"G",503,"A",,"G",503,"A",,"A",,2
189565,"R",14417,"A",,"A",,"G",481,"A",,"G",481,"A",,"A",,2
189574,"R",25943,"A",,"A",,"G",865,"A",,"G",865,"A",,"A",,2
189583,"R",29544,"A",,"A",,"G",985,"A",,"G",985,"A",,"A",,2
189592,"R",14920,"A",,"A",,"G",497,"A",,"G",497,"A",,"A",,2
189653,"R",2376,"A",,"A",,"G",53,"A",,"G",53,"A",,"A",,2
189705,"R",91091,"A",,"R",32164,"G",3036,"G",1340,"G",3036,"G",1340,"A",,2
189714,"A",,"R",246572,"A",,"G",274,"A",,"G",274,"A",,"A",,1
189811,"R",21150,"A",,"A",,"G",705,"A",,"G",705,"A",,"A",,2
189839,"R",94230,"A",,"A",,"G",3141,"A",,"G",3141,"A",,"A",,2
189848,"R",32781,"A",,"A",,"G",1093,"A",,"G",1093,"A",,"A",,2
189857,"R",19350,"A",,"R",1440,"G",645,"G",60,"G",645,"G",60,"A",,2
189954,"A",,"R",57000,"A",,"G",63,"A",,"G",63,"A",,"A",,1
189981,"A",,"A",,"R",905,"A",,"G",38,"A",,"G",38,"A",,-2
190008,"A",,"R",75036,"A",,"G",83,"A",,"G",83,"A",,"A",,1
190044,"R",91704,"A",,"R",9964,"G",3057,"G",415,"G",3057,"G",415,"R",66,2
190053,"R",44560,"A",,"A",,"G",1485,"A",,"G",1485,"A",,"A",,2
190071,"R",1523,"A",,"A",,"G",51,"A",,"G",51,"A",,"A",,2
190080,"A",,"A",,"R",1512,"A",,"G",63,"A",,"G",63,"A",,-2
190099,"R",92436,"A",,"R",312,"G",3081,"G",13,"R",2859,"G",13,"A",,2
190114,"R",34341,"A",,"R",12557,"G",1145,"G",523,"G",1145,"G",523,"A",,2
190150,"R",246409,"A",,"R",364372,"G",8214,"G",15182,"G",8214,"G",15182,"R",2485,2
190169,"R",41468,"A",,"A",,"G",1382,"A",,"G",1382,"A",,"A",,2
190239,"A",,"R",196126,"A",,"G",218,"A",,"G",218,"A",,"A",,1
190248,"R",24489,"A",,"R",742,"G",816,"G",31,"G",816,"G",31,"A",,2
190293,"A",,"R",118778,"A",,"G",132,"A",,"G",132,"A",,"A",,1
190309,"A",,"R",44575,"A",,"G",50,"A",,"G",50,"A",,"A",,1
190318,"A",,"R",313270,"A",,"G",348,"A",,"G",348,"A",,"A",,1
190372,"R",29077,"A",,"R",1268,"G",969,"G",53,"R",895,"R",54,"A",,2
190415,"R",443033,"A",,"R",134218,"G",14768,"G",5592,"G",14768,"G",5592,"R",1015,2
190424,"A",,"A",,"R",13900,"A",,"G",579,"A",,"R",625,"R",405,-2
190442,"R",91093,"A",,"A",,"G",3036,"A",,"G",3036,"A",,"A",,2
190451,"R",7641,"A",,"A",,"G",255,"A",,"G",255,"A",,"A",,2
190503,"R",116068,"A",,"A",,"G",3869,"A",,"G",3869,"A",,"A",,2
190512,"R",382228,"A",,"R",64105,"G",12741,"G",2671,"G",12741,"G",2671,"A",,2
190521,"R",586544,"A",,"A",,"G",19551,"A",,"G",19551,"A",,"A",,2
190530,"R",249395,"A",,"A",,"G",8313,"A",,"G",8313,"A",,"A",,2
190549,"R",334723,"A",,"R",51119,"G",11157,"G",2130,"G",11157,"G",2130,"A",,2
190558,"R",333588,"A",,"R",13541,"G",11120,"G",564,"G",11120,"G",564,"A",,2
190567,"R",317342,"A",,"R",46920,"G",10578,"G",1955,"G",10578,"G",1955,"A",,2
190576,"R",21836,"A",,"R",52850,"G",728,"G",2202,"G",728,"G",2202,"R",212,2
190585,"R",142905,"A",,"A",,"G",4764,"A",,"G",4764,"A",,"A",,2
190594,"R",415812,"A",,"R",109633,"G",13860,"G",4568,"G",13860,"G",4568,"R",11,2
190600,"R",327088,"A",,"R",28514,"G",10903,"G",1188,"G",10903,"G",1188,"A",,2
190619,"R",402049,"A",,"A",,"G",13402,"A",,"G",13402,"A",,"A",,2
190628,"R",431952,"A",,"A",,"G",14398,"A",,"G",14398,"A",,"A",,2
190637,"R",218198,"A",,"R",35895,"G",7273,"G",1496,"G",7273,"G",1496,"A",,2
190646,"R",152891,"A",,"A",,"G",5096,"A",,"G",5096,"A",,"A",,2
190655,"R",369088,"A",,"A",,"G",12303,"A",,"G",12303,"A",,"A",,2
190664,"R",405976,"A",,"R",53673,"G",13533,"G",2236,"G",13533,"G",2236,"A",,2
190673,"R",357928,"A",,"A",,"G",11931,"A",,"G",11931,"A",,"A",,2
190682,"A",,"A",,"A",,"A",,"A",,"A",,"A",,"R",458,-2
190691,"R",188219,"A",,"R",914,"G",6274,"G",38,"G",6274,"G",38,"A",,2
190707,"A",,"R",34224,"A",,"G",38,"A",,"G",38,"A",,"A",,1
190716,"R",57862,"A",,"R",11254,"G",1929,"G",469,"G",1929,"G",469,"R",462,2
190725,"R",55864,"A",,"R",12061,"G",1862,"G",503,"G",1862,"G",503,"R",193,2
190752,"R",1944,"A",,"A",,"G",65,"A",,"G",65,"A",,"A",,2
190761,"R",44582,"A",,"R",5125,"G",1486,"G",214,"G",1486,"G",214,"R",177,2
190770,"R",56829,"A",,"R",16906,"G",1894,"G",704,"G",1894,"G",704,"A",,2
190840,"R",196618,"A",,"A",,"G",6554,"A",,"G",6554,"A",,"A",,2
190956,"R",2936,"A",,"A",,"G",98,"A",,"G",98,"A",,"A",,2
190974,"R",9786,"A",,"A",,"G",326,"A",,"G",326,"A",,"A",,2
190983,"R",42173,"A",,"R",1946,"G",1406,"G",81,"G",1406,"G",81,"A",,2
191083,"R",331043,"A",,"A",,"G",11035,"A",,"G",11035,"A",,"A",,2
191126,"R",266884,"A",,"R",5165,"G",8896,"G",215,"G",8896,"G",215,"A",,2
191199,"R",141968,"A",,"A",,"G",4732,"A",,"G",4732,"A",,"A",,2
191205,"R",25460,"A",,"R",909,"G",849,"G",38,"G",849,"G",38,"A",,2
191241,"R",260762,"A",,"R",113978,"G",8692,"G",4749,"R",8348,"R",4969,"R",1557,2
191287,"A",,"R",314837,"A",,"G",350,"A",,"G",350,"A",,"A",,1
191302,"R",61275,"A",,"A",,"G",2043,"A",,"G",2043,"A",,"A",,2
191311,"A",,"R",273780,"A",,"G",304,"A",,"G",304,"A",,"A",,1
191320,"A",,"A",,"R",2327,"A",,"G",97,"A",,"G",97,"A",,-2
191339,"R",128697,"A",,"A",,"G",4290,"A",,"G",4290,"A",,"A",,2
191515,"R",59352,"A",,"A",,"G",1978,"A",,"R",1855,"A",,"A",,2
191533,"R",46348,"A",,"A",,"G",1545,"A",,"G",1545,"A",,"A",,2
191597,"R",16293,"A",,"A",,"G",362,"A",,"R",317,"A",,"A",,2
191612,"R",83216,"A",,"A",,"G",2774,"A",,"G",2774,"A",,"A",,2
191621,"R",28345,"A",,"R",762,"G",945,"G",32,"G",945,"G",32,"A",,2
191630,"R",73932,"A",,"R",288,"G",2464,"G",12,"G",2464,"G",12,"A",,2
191649,"R",215737,"A",,"R",53719,"G",7191,"G",2238,"R",6950,"G",2238,"R",1185,2
191676,"R",34404,"A",,"R",319,"G",1147,"G",13,"G",1147,"G",13,"A",,2
191719,"R",280394,"A",,"A",,"G",9346,"A",,"G",9346,"A",,"A",,2
191728,"A",,"R",801462,"A",,"G",891,"A",,"G",891,"A",,"A",,1
191764,"R",2261,"A",,"A",,"G",75,"A",,"G",75,"A",,"A",,2
191834,"A",,"R",401909,"A",,"G",447,"A",,"G",447,"A",,"A",,1
191931,"R",92807,"A",,"R",16342,"G",3094,"G",681,"G",3094,"G",681,"A",,2
191940,"A",,"R",42000,"A",,"G",47,"A",,"G",47,"A",,"A",,1
191959,"R",3471,"A",,"A",,"G",116,"A",,"G",116,"A",,"A",,2
191968,"R",188621,"A",,"R",11864,"G",6287,"G",494,"G",6287,"G",494,"R",258,2
191986,"R",101523,"A",,"A",,"G",3384,"A",,"G",3384,"A",,"A",,2
192004,"R",13548,"A",,"A",,"G",301,"A",,"G",301,"A",,"A",,2
192022,"R",86588,"A",,"A",,"G",2886,"A",,"G",2886,"A",,"A",,2
192040,"R",6050,"A",,"R",6094,"G",202,"G",254,"G",202,"G",254,"A",,2
192110,"R",19315,"A",,"R",4992,"G",644,"G",208,"G",644,"G",208,"A",,2
192156,"R",20102,"A",,"A",,"G",447,"A",,"G",447,"A",,"A",,2
192165,"R",3390,"A",,"A",,"G",113,"A",,"G",113,"A",,"A",,2
192192,"R",47811,"A",,"R",5736,"G",1594,"G",239,"G",1594,"G",239,"A",,2
192271,"R",47299,"A",,"R",2349,"G",1577,"G",98,"G",1577,"G",98,"A",,2
192323,"R",76196,"A",,"R",12015,"G",2540,"G",501,"G",2540,"G",501,"A",,2
192439,"R",137693,"A",,"R",57823,"G",4590,"G",2409,"G",4590,"G",2409,"R",495,2
192448,"R",152762,"A",,"R",42276,"G",5092,"G",1762,"G",5092,"G",1762,"A",,2
192484,"A",,"R",129724,"A",,"G",144,"A",,"G",144,"A",,"A",,1
192509,"A",,"R",570081,"A",,"G",633,"A",,"G",633,"A",,"A",,1
192554,"A",,"A",,"R",4516,"A",,"G",188,"A",,"G",188,"A",,-2
192563,"R",1002,"A",,"R",6099,"G",33,"G",254,"G",33,"G",254,"A",,2
192624,"R",4710,"A",,"A",,"G",157,"A",,"G",157,"A",,"A",,2
192688,"R",35685,"A",,"A",,"G",1190,"A",,"G",1190,"A",,"A",,2
192703,"R",97200,"A",,"R",6427,"G",3240,"G",268,"G",3240,"G",268,"A",,2
192712,"R",12138,"A",,"R",16564,"G",405,"G",690,"R",376,"R",533,"A",,2
192749,"R",54658,"A",,"R",11444,"G",1822,"G",477,"G",1822,"G",477,"A",,2
192785,"R",17056,"A",,"A",,"G",569,"A",,"R",613,"A",,"A",,2
192800,"A",,"R",30600,"A",,"G",34,"A",,"G",34,"A",,"A",,1
192819,"R",150521,"A",,"R",12455,"G",5017,"G",519,"G",5017,"G",519,"A",,2
192828,"A",,"R",33681,"A",,"G",37,"A",,"G",37,"A",,"A",,1
192864,"R",51623,"A",,"A",,"G",1721,"A",,"G",1721,"A",,"A",,2
192925,"R",48524,"A",,"R",17863,"G",1617,"G",744,"G",1617,"G",744,"R",12,2
192961,"R",2044,"A",,"A",,"G",68,"A",,"G",68,"A",,"A",,2
192970,"A",,"R",17866,"A",,"G",20,"A",,"G",20,"A",,"A",,1
193016,"R",179720,"A",,"R",62669,"G",5991,"G",2611,"G",5991,"G",2611,"R",91,2
193052,"R",5652,"A",,"R",2580,"G",188,"G",108,"G",188,"G",108,"A",,2
193061,"R",984,"A",,"R",96,"G",33,"G",4,"G",33,"G",4,"A",,2
193070,"R",1818,"A",,"R",752,"G",61,"G",31,"G",61,"G",31,"A",,2
193122,"A",,"R",135606,"A",,"G",151,"A",,"G",151,"A",,"A",,1
193186,"A",,"R",80888,"A",,"G",90,"A",,"G",90,"A",,"A",,1
193201,"R",22695,"R",87701,"A",,"G",854,"A",,"G",854,"A",,"A",,3
193247,"R",4836,"A",,"R",1824,"G",161,"G",76,"G",161,"G",76,"A",,2
193265,"A",,"R",91130,"A",,"G",101,"A",,"G",101,"A",,"A",,1
193283,"R",170781,"A",,"A",,"G",5693,"A",,"G",5693,"A",,"A",,2
193292,"R",100572,"A",,"R",14649,"G",3352,"G",610,"G",3352,"G",610,"A",,2
193308,"R",287155,"A",,"R",12030,"G",9572,"G",501,"G",9572,"G",501,"A",,2
193326,"R",428861,"A",,"A",,"G",14295,"A",,"G",14295,"A",,"A",,2
193353,"R",57442,"A",,"R",6034,"G",1915,"G",251,"G",1915,"G",251,"A",,2
193380,"R",2468,"A",,"A",,"G",82,"A",,"G",82,"A",,"A",,2
193399,"R",47747,"A",,"R",3163,"G",1592,"G",132,"G",1592,"G",132,"A",,2
193405,"A",,"A",,"R",9778,"A",,"G",407,"A",,"G",407,"R",553,-2
193478,"R",556561,"A",,"A",,"G",18552,"A",,"G",18552,"A",,"A",,2
193584,"R",60028,"A",,"R",15145,"G",2001,"G",631,"G",2001,"G",631,"R",115,2
193609,"A",,"R",61776,"A",,"G",69,"A",,"G",69,"A",,"A",,1
193645,"R",92311,"A",,"R",13382,"G",3077,"G",558,"G",3077,"G",558,"A",,2
193654,"R",204283,"A",,"R",69532,"G",6809,"G",2897,"G",6809,"G",2897,"A",,2
193672,"A",,"R",68040,"A",,"G",76,"A",,"G",76,"A",,"A",,1
193751,"A",,"A",,"R",5935,"A",,"G",247,"A",,"G",247,"R",734,-2
193760,"A",,"R",743160,"A",,"G",826,"A",,"G",826,"A",,"A",,1
193788,"A",,"R",593792,"A",,"G",660,"A",,"G",660,"A",,"A",,1
193821,"A",,"A",,"R",1451,"A",,"G",60,"A",,"G",60,"R",1367,-2
193830,"A",,"A",,"R",9792,"A",,"G",408,"A",,"G",408,"R",902,-2
193858,"A",,"R",233872,"A",,"G",260,"A",,"G",260,"A",,"A",,1
193894,"A",,"A",,"R",4986,"A",,"G",208,"A",,"G",208,"R",7,-2
193900,"R",734945,"A",,"R",398129,"G",24498,"G",16589,"G",24498,"G",16589,"R",3490,2
193946,"R",142700,"A",,"A",,"G",4757,"A",,"G",4757,"A",,"A",,2
193973,"R",89061,"A",,"R",16986,"G",2969,"G",708,"G",2969,"G",708,"A",,2
193991,"A",,"R",49626,"A",,"G",55,"A",,"G",55,"A",,"A",,1
194028,"R",36503,"A",,"A",,"G",1217,"A",,"G",1217,"A",,"A",,2
194073,"A",,"A",,"A",,"A",,"A",,"A",,"A",,"R",400,-2
194091,"R",126777,"A",,"R",36450,"G",4226,"G",1519,"G",4226,"G",1519,"R",1190,2
194116,"R",8110,"A",,"R",4484,"G",270,"G",187,"G",270,"R",154,"A",,2
194161,"R",53715,"A",,"R",19172,"G",1791,"G",799,"G",1791,"G",799,"R",31,2
194189,"R",3465,"A",,"A",,"G",116,"A",,"G",116,"A",,"A",,2
194222,"R",267589,"A",,"A",,"G",8920,"A",,"G",8920,"A",,"A",,2
194240,"R",142246,"A",,"A",,"G",4742,"A",,"G",4742,"A",,"A",,2
194259,"A",,"R",52976,"A",,"G",59,"A",,"G",59,"A",,"A",,1
194310,"R",245372,"A",,"R",65805,"G",8179,"G",2742,"G",8179,"G",2742,"R",1385,2
194392,"R",32230,"A",,"A",,"G",1074,"A",,"G",1074,"A",,"A",,2
194435,"A",,"R",100009,"A",,"G",111,"A",,"G",111,"A",,"A",,1
194499,"R",33182,"A",,"A",,"G",1106,"A",,"G",1106,"A",,"A",,2
194541,"R",64591,"A",,"R",37267,"G",2153,"G",1553,"G",2153,"G",1553,"A",,2
194569,"R",7041,"A",,"A",,"G",235,"A",,"G",235,"A",,"A",,2
194578,"R",102912,"A",,"R",32167,"G",3430,"G",1340,"G",3430,"G",1340,"A",,2
194611,"R",35685,"R",17777,"A",,"G",1209,"A",,"G",1209,"A",,"A",,3
194657,"R",4680,"A",,"R",1962,"G",156,"G",82,"G",156,"G",82,"A",,2
194666,"R",8100,"A",,"R",1512,"G",270,"G",63,"G",270,"G",63,"A",,2
194675,"R",930,"A",,"R",456,"G",31,"G",19,"G",31,"G",19,"A",,2
194693,"R",1362,"A",,"A",,"G",45,"A",,"G",45,"A",,"A",,2
194718,"R",676,"A",,"R",90,"G",23,"G",4,"G",23,"G",4,"A",,2
194736,"R",2940,"A",,"A",,"G",98,"A",,"G",98,"A",,"A",,2
194763,"R",8777,"A",,"R",6269,"G",293,"G",261,"G",293,"G",261,"A",,2
194824,"R",171068,"A",,"R",29701,"G",5702,"G",1238,"G",5702,"G",1238,"A",,2
194879,"A",,"R",163564,"A",,"G",182,"A",,"G",182,"A",,"A",,1
194958,"R",36907,"A",,"R",9208,"G",1230,"G",384,"G",1230,"G",384,"A",,2
194967,"R",23090,"A",,"A",,"G",770,"A",,"G",770,"A",,"A",,2
195003,"R",554834,"A",,"R",66476,"G",12330,"G",1847,"G",12330,"G",1847,"A",,2
195030,"R",198393,"R",19205,"R",85598,"G",6634,"G",3567,"G",6634,"G",3567,"R",433,3
195049,"A",,"A",,"R",1152,"A",,"G",48,"A",,"G",48,"A",,-2
195058,"R",180767,"A",,"A",,"G",6026,"A",,"G",6026,"A",,"A",,2
195067,"A",,"R",673791,"A",,"G",749,"A",,"G",749,"A",,"A",,1
195128,"R",45578,"A",,"R",23518,"G",1519,"G",980,"G",1519,"G",980,"R",377,2
195155,"A",,"A",,"R",1089,"A",,"G",45,"A",,"G",45,"A",,-2
195164,"R",56375,"A",,"R",9768,"G",1879,"G",407,"G",1879,"G",407,"A",,2
195173,"R",79318,"A",,"R",1559,"G",2644,"G",65,"G",2644,"G",65,"A",,2
195191,"R",6496,"A",,"A",,"G",217,"A",,"G",217,"A",,"A",,2
195216,"R",73263,"A",,"R",1422,"G",2442,"G",59,"R",2364,"R",46,"A",,2
195234,"R",84095,"A",,"R",30778,"G",2803,"G",1282,"G",2803,"G",1282,"A",,2
195243,"R",35877,"A",,"R",2377,"G",1196,"G",99,"G",1196,"G",99,"A",,2
195289,"R",2047,"A",,"A",,"G",68,"A",,"G",68,"A",,"A",,2
195304,"R",40775,"A",,"R",7994,"G",1359,"G",333,"G",1359,"G",333,"A",,2
195322,"R",110286,"A",,"A",,"G",3676,"A",,"G",3676,"A",,"A",,2
195438,"R",4740,"A",,"R",576,"G",158,"G",24,"G",158,"G",24,"A",,2
195474,"R",92661,"A",,"R",1524,"G",3089,"G",64,"G",3089,"G",64,"A",,2
195492,"R",1718,"A",,"A",,"G",57,"A",,"G",57,"A",,"A",,2
195526,"R",82266,"A",,"R",260,"G",2742,"G",11,"G",2742,"G",11,"A",,2
195544,"R",126072,"A",,"R",11398,"G",4202,"G",475,"G",4202,"G",475,"A",,2
195580,"A",,"A",,"R",978,"A",,"G",41,"A",,"G",41,"A",,-2
195623,"A",,"R",19436,"A",,"G",22,"A",,"G",22,"A",,"A",,1
195687,"R",4099,"A",,"A",,"G",137,"A",,"G",137,"A",,"A",,2
195702,"A",,"R",22410,"A",,"G",25,"A",,"G",25,"A",,"A",,1
195720,"R",84716,"A",,"R",13173,"G",2824,"G",549,"G",2824,"G",549,"R",506,2
195784,"R",29910,"A",,"A",,"G",997,"A",,"G",997,"A",,"A",,2
195793,"R",1963,"A",,"A",,"G",65,"A",,"R",29,"A",,"A",,2
195809,"R",378101,"A",,"R",61732,"G",12603,"G",2572,"G",12603,"G",2572,"R",1345,2
195845,"R",16893,"A",,"A",,"G",563,"A",,"G",563,"A",,"A",,2
195933,"A",,"R",556150,"A",,"G",618,"A",,"G",618,"A",,"A",,1
195988,"R",37732,"A",,"A",,"G",1258,"A",,"G",1258,"A",,"A",,2
196006,"R",104493,"A",,"A",,"G",3483,"A",,"G",3483,"A",,"A",,2
196015,"R",102331,"A",,"A",,"G",3411,"A",,"G",3411,"A",,"A",,2
196024,"R",87326,"A",,"A",,"G",2911,"A",,"G",2911,"A",,"A",,2
196033,"R",73640,"A",,"A",,"G",2455,"A",,"G",2455,"A",,"A",,2
196042,"R",208667,"A",,"A",,"G",6956,"A",,"G",6956,"A",,"A",,2
196051,"R",84690,"A",,"A",,"G",2823,"A",,"G",2823,"A",,"A",,2
196060,"R",374230,"A",,"R",72387,"G",12474,"G",3016,"G",12474,"G",3016,"A",,2
196079,"R",393053,"A",,"R",47850,"G",13102,"G",1994,"G",13102,"G",1994,"R",8,2
196088,"R",621660,"A",,"R",112625,"G",20722,"G",4693,"G",20722,"G",4693,"R",2496,2
196097,"R",497032,"A",,"R",132081,"G",16568,"G",5503,"G",16568,"G",5503,"R",912,2
196103,"R",50347,"A",,"R",8779,"G",1678,"G",366,"G",1678,"G",366,"A",,2
196112,"R",45043,"A",,"R",7883,"G",1501,"G",328,"G",1501,"G",328,"A",,2
196121,"R",202954,"A",,"R",15185,"G",6765,"G",633,"G",6765,"G",633,"A",,2
196130,"R",278428,"A",,"R",27792,"G",9281,"G",1158,"G",9281,"G",1158,"A",,2
196149,"R",192635,"A",,"R",10002,"G",6421,"G",417,"G",6421,"G",417,"A",,2
196158,"R",159580,"A",,"R",4897,"G",5319,"G",204,"G",5319,"G",204,"A",,2
196167,"R",161102,"A",,"R",3597,"G",5370,"G",150,"G",5370,"G",150,"A",,2
196176,"R",199227,"A",,"R",16261,"G",6641,"G",678,"G",6641,"G",678,"A",,2
196185,"R",178350,"A",,"R",3261,"G",5945,"G",136,"G",5945,"G",136,"A",,2
196194,"R",213013,"A",,"R",10802,"G",7100,"G",450,"G",7100,"G",450,"A",,2
196200,"R",118889,"A",,"R",8254,"G",3963,"G",344,"G",3963,"G",344,"A",,2
196219,"R",128971,"A",,"R",2784,"G",4299,"G",116,"G",4299,"G",116,"A",,2
196228,"A",,"A",,"R",518,"A",,"G",22,"A",,"G",22,"R",316,-2
196237,"R",118346,"A",,"R",3612,"G",3945,"G",151,"G",3945,"G",151,"A",,2
196246,"R",166387,"A",,"R",9305,"G",5546,"G",388,"G",5546,"G",388,"A",,2
196255,"R",11384,"A",,"R",10521,"G",379,"G",438,"G",379,"G",438,"R",891,2
196264,"R",269804,"A",,"R",11514,"G",8993,"G",480,"G",8993,"G",480,"A",,2
196291,"R",60131,"A",,"R",2252,"G",2004,"G",94,"G",2004,"G",94,"A",,2
196307,"R",8245,"A",,"R",11898,"G",275,"G",496,"G",275,"G",496,"R",792,2
196389,"R",15000,"A",,"A",,"G",500,"A",,"G",500,"A",,"A",,2
196413,"R",505551,"A",,"R",92753,"G",16852,"G",3865,"G",16852,"G",3865,"R",664,2
196431,"R",8496,"A",,"A",,"G",283,"A",,"G",283,"A",,"A",,2
196440,"R",540,"A",,"R",216,"G",18,"G",9,"G",18,"G",9,"A",,2
196468,"A",,"A",,"R",90299,"A",,"G",3762,"A",,"G",3762,"A",,-2
196477,"R",130149,"A",,"A",,"G",4338,"A",,"G",4338,"A",,"A",,2
196565,"R",116505,"A",,"A",,"G",3884,"A",,"G",3884,"A",,"A",,2
196583,"R",5400,"A",,"A",,"G",180,"A",,"G",180,"A",,"A",,2
196592,"R",202339,"A",,"R",92017,"G",6745,"G",3834,"G",6745,"G",3834,"R",3501,2
196653,"R",32460,"A",,"A",,"G",1082,"A",,"G",1082,"A",,"A",,2
196680,"R",123601,"A",,"R",14465,"G",4120,"G",603,"R",18941,"G",603,"A",,2
196699,"R",66218,"A",,"A",,"G",2207,"A",,"G",2207,"A",,"A",,2
196857,"A",,"R",1370555,"A",,"G",1523,"A",,"G",1523,"A",,"A",,1
196866,"R",62241,"A",,"A",,"G",2075,"A",,"G",2075,"A",,"A",,2
196884,"A",,"A",,"R",5647,"A",,"G",235,"A",,"G",235,"A",,-2
197018,"R",38160,"A",,"R",2700,"G",1272,"G",113,"G",1272,"G",113,"A",,2
197027,"R",42814,"A",,"R",168,"G",1427,"G",7,"G",1427,"G",7,"A",,2
197036,"R",169523,"A",,"A",,"G",5651,"A",,"R",4622,"A",,"A",,2
197045,"R",71653,"A",,"R",13529,"G",2388,"G",564,"G",2388,"G",564,"R",315,2
197081,"R",11010,"A",,"A",,"G",367,"A",,"G",367,"A",,"A",,2
197133,"R",74081,"A",,"R",0,"G",2469,"G",0,"G",2469,"G",0,"A",,2
197142,"R",10562,"A",,"A",,"G",352,"A",,"G",352,"A",,"A",,2
197151,"R",105491,"A",,"R",18544,"G",3516,"G",773,"G",3516,"G",773,"A",,2
197197,"R",51788,"A",,"R",6431,"G",1726,"G",268,"G",1726,"G",268,"A",,2
197221,"R",2793,"A",,"A",,"G",93,"A",,"G",93,"A",,"A",,2
197230,"R",14647,"A",,"A",,"G",488,"A",,"G",488,"A",,"A",,2
197285,"R",31983,"A",,"A",,"G",1066,"A",,"G",1066,"A",,"A",,2
197294,"R",308331,"A",,"A",,"G",10278,"A",,"G",10278,"A",,"A",,2
197337,"A",,"R",93654,"A",,"G",104,"A",,"G",104,"A",,"A",,1
197522,"R",18920,"A",,"A",,"G",631,"A",,"G",631,"A",,"A",,2
197531,"A",,"R",447580,"A",,"G",497,"A",,"G",497,"A",,"A",,1
197601,"R",3570,"A",,"A",,"G",119,"A",,"G",119,"A",,"A",,2
197610,"R",5944,"A",,"R",452,"G",198,"G",19,"G",198,"G",19,"A",,2
197647,"R",3000,"A",,"R",1512,"G",100,"G",63,"G",100,"G",63,"A",,2
197674,"R",6930,"A",,"R",440,"G",231,"G",18,"G",231,"G",18,"A",,2
197692,"R",2096,"A",,"R",312,"G",70,"G",13,"G",70,"G",13,"A",,2
197708,"R",78172,"A",,"R",33822,"G",2606,"G",1409,"G",2606,"G",1409,"R",1726,2
197735,"R",13496,"A",,"R",3434,"G",450,"G",143,"G",450,"G",143,"A",,2
197744,"R",5916,"A",,"R",720,"G",197,"G",30,"G",197,"G",30,"A",,2
197814,"R",57437,"A",,"A",,"G",1915,"A",,"R",1970,"A",,"A",,2
197832,"R",55895,"A",,"A",,"G",1242,"A",,"G",1242,"A",,"A",,2
197850,"R",53456,"A",,"A",,"G",1782,"A",,"G",1782,"A",,"A",,2
197869,"R",475736,"A",,"R",36092,"G",15858,"G",1504,"G",15858,"G",1504,"A",,2
197887,"R",209760,"A",,"A",,"G",6992,"A",,"G",6992,"A",,"A",,2
197911,"R",30422,"A",,"R",315,"G",1014,"G",13,"G",1014,"G",13,"A",,2
197966,"R",45355,"A",,"A",,"G",1512,"A",,"G",1512,"A",,"A",,2
197984,"R",46045,"A",,"A",,"G",1535,"A",,"G",1535,"A",,"A",,2
197993,"R",21097,"A",,"A",,"G",703,"A",,"G",703,"A",,"A",,2
198011,"R",27641,"A",,"A",,"G",921,"A",,"R",1186,"A",,"A",,2
198039,"R",57930,"A",,"A",,"G",1931,"A",,"G",1931,"A",,"A",,2
198066,"R",18789,"A",,"A",,"G",626,"A",,"G",626,"A",,"A",,2
198075,"R",7312,"A",,"A",,"G",244,"A",,"G",244,"A",,"A",,2
198084,"R",36816,"A",,"A",,"G",1227,"A",,"G",1227,"A",,"A",,2
198109,"R",10677,"A",,"A",,"G",356,"A",,"G",356,"A",,"A",,2
198118,"R",109068,"A",,"A",,"G",3636,"A",,"G",3636,"A",,"A",,2
198136,"R",134526,"A",,"R",15438,"G",4484,"G",643,"G",4484,"G",643,"R",1201,2
198154,"R",251160,"A",,"A",,"G",8372,"A",,"G",8372,"A",,"A",,2
198190,"A",,"R",71467,"A",,"G",79,"A",,"G",79,"A",,"A",,1
198206,"R",42943,"A",,"A",,"G",1431,"A",,"G",1431,"A",,"A",,2
198215,"R",35269,"A",,"R",700,"G",1176,"G",29,"G",1176,"G",29,"A",,2
198233,"R",113548,"A",,"A",,"G",3785,"A",,"G",3785,"A",,"A",,2
198242,"R",13262,"A",,"A",,"G",295,"A",,"R",265,"A",,"A",,2
198251,"R",110264,"A",,"A",,"G",3675,"A",,"G",3675,"A",,"A",,2
198260,"R",461132,"A",,"A",,"G",15371,"A",,"R",15889,"A",,"A",,2
198303,"R",37815,"A",,"R",96,"G",1261,"G",4,"G",1261,"G",4,"A",,2
198321,"R",76223,"A",,"A",,"G",2541,"A",,"G",2541,"A",,"A",,2
198330,"R",135050,"A",,"A",,"G",4502,"A",,"G",4502,"A",,"A",,2
198367,"R",81360,"A",,"A",,"G",2712,"A",,"G",2712,"A",,"A",,2
198376,"R",107430,"A",,"A",,"G",3581,"A",,"G",3581,"A",,"A",,2
198385,"R",57556,"A",,"A",,"G",1919,"A",,"R",1932,"A",,"A",,2
198419,"R",247244,"A",,"R",153855,"G",8241,"G",6411,"G",8241,"G",6411,"R",1914,2
198455,"R",105450,"A",,"A",,"G",3515,"A",,"G",3515,"A",,"A",,2
198464,"R",610448,"A",,"R",86290,"G",20348,"G",3595,"G",20348,"G",3595,"R",783,2
198491,"R",61736,"A",,"A",,"G",2058,"A",,"G",2058,"A",,"A",,2
198507,"R",81818,"A",,"R",1834,"G",2727,"G",76,"G",2727,"G",76,"A",,2
198516,"R",187368,"A",,"R",3765,"G",6246,"G",157,"R",5205,"G",157,"R",502,2
198525,"A",,"R",32279,"A",,"G",36,"A",,"G",36,"A",,"A",,1
198534,"R",303422,"A",,"A",,"G",10114,"A",,"G",10114,"A",,"A",,2
198543,"R",141407,"A",,"R",13981,"G",4714,"G",583,"G",4714,"G",583,"A",,2
198552,"R",215697,"A",,"A",,"G",7190,"A",,"G",7190,"A",,"A",,2
198561,"R",76372,"A",,"R",40673,"G",2546,"G",1695,"G",2546,"G",1695,"R",16,2
198570,"R",131538,"A",,"A",,"G",4385,"A",,"G",4385,"A",,"A",,2
198598,"R",28527,"A",,"R",632,"G",951,"G",26,"G",951,"G",26,"A",,2
198613,"R",66341,"A",,"A",,"G",2211,"A",,"G",2211,"A",,"A",,2
198622,"R",392033,"A",,"A",,"G",13068,"A",,"G",13068,"A",,"A",,2
198640,"R",42750,"A",,"A",,"G",1425,"A",,"G",1425,"A",,"A",,2
198668,"R",55021,"A",,"A",,"G",1834,"A",,"G",1834,"A",,"A",,2
198677,"R",1152,"A",,"A",,"G",38,"A",,"G",38,"A",,"A",,2
198695,"R",123448,"A",,"R",2991,"G",4115,"G",125,"G",4115,"G",125,"A",,2
198710,"R",64956,"A",,"A",,"G",2165,"A",,"G",2165,"A",,"A",,2
198729,"R",38128,"A",,"A",,"G",1271,"A",,"G",1271,"A",,"A",,2
198747,"R",7735,"A",,"R",1538,"G",258,"G",64,"G",258,"G",64,"A",,2
198756,"R",50040,"A",,"A",,"G",1668,"A",,"G",1668,"A",,"A",,2
198774,"R",109710,"A",,"A",,"G",3657,"A",,"G",3657,"A",,"A",,2
198808,"R",24387,"A",,"A",,"G",813,"A",,"G",813,"A",,"A",,2
198817,"R",76635,"A",,"A",,"G",2555,"A",,"G",2555,"A",,"A",,2
198835,"R",45220,"A",,"R",6626,"G",1507,"G",276,"G",1507,"G",276,"A",,2
198844,"A",,"R",143100,"A",,"G",159,"A",,"G",159,"A",,"A",,1
198862,"R",34034,"A",,"A",,"G",1134,"A",,"G",1134,"A",,"A",,2
198871,"R",20389,"A",,"A",,"G",680,"A",,"G",680,"A",,"A",,2
198899,"R",40074,"A",,"R",342,"G",1336,"G",14,"G",1336,"G",14,"A",,2
198905,"R",14935,"A",,"A",,"G",498,"A",,"G",498,"A",,"A",,2
198914,"R",27817,"A",,"A",,"G",927,"A",,"G",927,"A",,"A",,2
198923,"R",32380,"A",,"A",,"G",1079,"A",,"G",1079,"A",,"A",,2
198941,"R",4000,"A",,"A",,"G",133,"A",,"G",133,"A",,"A",,2
198950,"R",50967,"A",,"R",4442,"G",1699,"G",185,"G",1699,"G",185,"A",,2
198969,"R",61385,"A",,"R",6416,"G",2046,"G",267,"G",2046,"G",267,"A",,2
198978,"R",100216,"R",151570,"A",,"G",2395,"A",,"G",2395,"A",,"A",,3
198987,"R",73739,"A",,"A",,"G",2458,"A",,"G",2458,"A",,"A",,2
198996,"A",,"R",33000,"A",,"G",37,"A",,"G",37,"A",,"A",,1
199005,"A",,"R",21600,"A",,"G",24,"A",,"G",24,"A",,"A",,1
199014,"A",,"R",39600,"A",,"G",44,"A",,"G",44,"A",,"A",,1
199023,"R",20242,"A",,"A",,"G",675,"A",,"G",675,"A",,"A",,2
199032,"R",23090,"A",,"R",3601,"G",770,"G",150,"G",770,"G",150,"A",,2
199069,"R",92908,"A",,"A",,"G",3097,"A",,"G",3097,"A",,"A",,2
199078,"A",,"R",80302,"A",,"G",89,"A",,"G",89,"A",,"A",,1
199087,"R",75592,"A",,"A",,"G",2520,"A",,"G",2520,"A",,"A",,2
199102,"R",257341,"A",,"R",29455,"G",8578,"G",1227,"G",8578,"G",1227,"A",,2
199111,"R",98767,"A",,"R",468,"G",3292,"G",20,"G",3292,"G",20,"A",,2
199120,"R",549183,"A",,"R",159357,"G",18306,"G",6640,"G",18306,"G",6640,"R",4267,2
199139,"R",587769,"A",,"R",77156,"G",19592,"G",3215,"G",19592,"G",3215,"Z",0,2
199148,"R",413990,"A",,"R",56969,"G",13800,"G",2374,"G",13800,"G",2374,"A",,2
199157,"R",189628,"A",,"R",23038,"G",6321,"G",960,"G",6321,"G",960,"R",702,2
199184,"R",24621,"A",,"R",2872,"G",821,"G",120,"G",821,"G",120,"A",,2
199193,"R",722203,"A",,"R",141237,"G",24073,"G",5885,"G",24073,"G",5885,"R",573,2
199209,"R",35675,"A",,"A",,"G",1189,"A",,"G",1189,"A",,"A",,2
199218,"R",366546,"A",,"R",21464,"G",12218,"G",894,"G",12218,"G",894,"A",,2
199263,"R",12894,"A",,"A",,"G",430,"A",,"G",430,"A",,"A",,2
199272,"R",23061,"A",,"A",,"G",769,"A",,"G",769,"A",,"A",,2
199281,"R",151454,"A",,"R",12011,"G",5048,"G",500,"G",5048,"G",500,"A",,2
199306,"R",28133,"A",,"R",15933,"G",938,"G",664,"G",938,"G",664,"A",,2
199315,"R",6658,"A",,"R",2216,"G",222,"G",92,"G",222,"G",92,"A",,2
199324,"R",40387,"A",,"A",,"G",1346,"A",,"G",1346,"A",,"A",,2
199333,"R",210765,"A",,"A",,"G",7026,"A",,"G",7026,"A",,"A",,2
199412,"R",51769,"A",,"R",8578,"G",1726,"G",357,"G",1726,"G",357,"A",,2
199421,"R",75826,"A",,"A",,"G",2528,"A",,"G",2528,"A",,"A",,2
199449,"R",63189,"A",,"A",,"G",2106,"A",,"G",2106,"A",,"A",,2
199458,"R",4002,"A",,"A",,"G",133,"A",,"R",167,"A",,"A",,2
199467,"R",19420,"A",,"A",,"G",647,"A",,"G",647,"A",,"A",,2
199476,"R",69663,"A",,"A",,"G",2322,"A",,"G",2322,"A",,"A",,2
199485,"R",46697,"A",,"A",,"G",1557,"A",,"G",1557,"A",,"A",,2
199494,"R",172457,"A",,"A",,"G",5749,"A",,"G",5749,"A",,"A",,2
199582,"R",44140,"A",,"A",,"G",1471,"A",,"G",1471,"A",,"A",,2
199607,"R",28942,"A",,"R",2517,"G",965,"G",105,"G",965,"G",105,"A",,2
199625,"R",26287,"A",,"A",,"G",876,"A",,"G",876,"A",,"A",,2
199634,"R",103025,"A",,"A",,"G",3434,"A",,"G",3434,"A",,"A",,2
199643,"R",55887,"A",,"R",2826,"G",1863,"G",118,"G",1863,"G",118,"A",,2
199689,"A",,"R",168445,"A",,"G",187,"A",,"G",187,"A",,"A",,1
199698,"R",13582,"A",,"R",318,"G",453,"G",13,"G",453,"G",13,"A",,2
199713,"A",,"R",121559,"A",,"G",135,"A",,"G",135,"A",,"A",,1
199722,"R",44514,"A",,"A",,"G",1484,"A",,"R",1424,"A",,"A",,2
199731,"R",57781,"A",,"A",,"G",1926,"A",,"G",1926,"A",,"A",,2
199740,"R",69212,"A",,"A",,"G",2307,"A",,"G",2307,"A",,"A",,2
199759,"R",10204,"A",,"R",31193,"G",340,"G",1300,"G",340,"G",1300,"A",,2
199768,"R",80573,"A",,"A",,"G",2686,"A",,"G",2686,"A",,"A",,2
199786,"R",108427,"A",,"A",,"G",3614,"A",,"G",3614,"A",,"A",,2
199795,"R",34045,"A",,"A",,"G",1135,"A",,"G",1135,"A",,"A",,2
199838,"R",96946,"A",,"A",,"G",3232,"A",,"G",3232,"A",,"A",,2
199847,"R",138010,"A",,"R",43365,"G",4600,"G",1807,"G",4600,"G",1807,"R",999,2
199856,"R",487956,"A",,"A",,"G",16265,"A",,"G",16265,"A",,"A",,2
199865,"R",26207,"A",,"R",2100,"G",874,"G",88,"G",874,"G",88,"A",,2
199883,"R",3783,"A",,"A",,"G",126,"A",,"G",126,"A",,"A",,2
199892,"R",95217,"A",,"A",,"G",3174,"A",,"G",3174,"A",,"A",,2
199908,"R",66146,"A",,"A",,"G",2205,"A",,"G",2205,"A",,"A",,2
199926,"R",68768,"A",,"A",,"G",2292,"A",,"G",2292,"A",,"A",,2
199953,"R",50445,"A",,"A",,"G",1682,"A",,"G",1682,"A",,"A",,2
199962,"R",51470,"A",,"R",9808,"G",1716,"G",409,"G",1716,"G",409,"R",325,2
199971,"R",1224,"A",,"R",432,"G",41,"G",18,"G",41,"G",18,"A",,2
199980,"A",,"R",72000,"A",,"G",80,"A",,"G",80,"A",,"A",,1
199999,"R",151441,"A",,"R",7918,"G",5048,"G",330,"G",5048,"G",330,"R",124,2
200004,"R",226756,"A",,"R",26992,"G",7559,"G",1125,"G",7559,"G",1125,"R",110,2
200013,"R",39536,"A",,"A",,"G",879,"A",,"G",879,"A",,"A",,2
200022,"R",90461,"A",,"A",,"G",3015,"A",,"G",3015,"A",,"A",,2
200059,"R",42330,"A",,"A",,"G",1411,"A",,"G",1411,"A",,"A",,2
200086,"R",5106,"A",,"A",,"G",170,"A",,"G",170,"A",,"A",,2
200110,"A",,"R",77500,"A",,"G",86,"A",,"G",86,"A",,"A",,1
200129,"A",,"R",38656,"A",,"G",43,"A",,"G",43,"A",,"A",,1
200156,"R",28753,"A",,"R",62,"G",958,"G",3,"G",958,"G",3,"A",,2
200165,"A",,"R",121500,"A",,"G",135,"A",,"G",135,"A",,"A",,1
200192,"R",32295,"A",,"A",,"G",1077,"A",,"R",1075,"A",,"A",,2
200208,"R",6017,"A",,"A",,"G",201,"A",,"G",201,"A",,"A",,2
200217,"R",58865,"A",,"R",21407,"G",1962,"G",892,"G",1962,"G",892,"R",91,2
200226,"R",24278,"A",,"R",60,"G",809,"G",3,"G",809,"G",3,"A",,2
200244,"R",3654,"A",,"A",,"G",122,"A",,"R",112,"A",,"A",,2
200253,"R",79799,"A",,"R",5444,"G",2660,"G",227,"G",2660,"G",227,"A",,2
200262,"A",,"R",8200,"A",,"G",9,"A",,"G",9,"A",,"A",,1
200280,"R",324916,"A",,"R",48646,"G",10831,"G",2027,"G",10831,"G",2027,"R",643,2
200305,"R",69553,"A",,"A",,"G",2318,"A",,"G",2318,"A",,"A",,2
200314,"R",14088,"A",,"A",,"G",470,"A",,"G",470,"A",,"A",,2
200332,"R",337066,"A",,"R",34666,"G",11236,"G",1444,"G",11236,"G",1444,"R",391,2
200341,"R",16860,"A",,"A",,"G",562,"A",,"G",562,"A",,"A",,2
200387,"A",,"R",98740,"A",,"G",110,"A",,"G",110,"A",,"A",,1
200466,"R",6651,"A",,"A",,"G",222,"A",,"G",222,"A",,"A",,2
200484,"R",6262,"A",,"A",,"G",209,"A",,"G",209,"A",,"A",,2
200527,"R",15209,"A",,"A",,"G",507,"A",,"G",507,"A",,"A",,2
200554,"R",16088,"A",,"A",,"G",536,"A",,"G",536,"A",,"A",,2
200572,"R",29217,"A",,"R",1842,"G",974,"G",77,"G",974,"G",77,"A",,2
200590,"R",8332,"A",,"A",,"G",278,"A",,"G",278,"A",,"A",,2
200624,"R",1410,"A",,"A",,"G",31,"A",,"G",31,"A",,"A",,2
200633,"R",8910,"R",26050,"A",,"G",227,"A",,"G",227,"A",,"A",,3
200697,"A",,"A",,"R",19031,"A",,"G",529,"A",,"G",529,"A",,-2
200785,"R",13972,"A",,"A",,"G",466,"A",,"G",466,"A",,"A",,2
200800,"R",568919,"A",,"R",78050,"G",18964,"G",3252,"G",18964,"G",3252,"R",539,2
200828,"A",,"R",29412,"A",,"G",33,"A",,"G",33,"A",,"A",,1
200846,"R",42007,"A",,"A",,"G",1400,"A",,"G",1400,"A",,"A",,2
200873,"R",985,"A",,"A",,"G",33,"A",,"G",33,"A",,"A",,2
201016,"R",13634,"A",,"A",,"G",303,"A",,"G",303,"A",,"A",,2
201034,"A",,"R",301700,"A",,"G",335,"A",,"G",335,"A",,"A",,1
201061,"R",5704,"A",,"R",88,"G",190,"G",4,"G",190,"G",4,"A",,2
201098,"A",,"R",92800,"A",,"G",103,"A",,"G",103,"A",,"A",,1
201104,"R",89094,"A",,"R",52344,"G",2970,"G",2181,"G",2970,"G",2181,"A",,2
201131,"A",,"R",143440,"A",,"G",159,"A",,"G",159,"A",,"A",,1
201140,"R",1646,"A",,"R",2195,"G",37,"G",61,"G",37,"G",61,"A",,2
201159,"A",,"R",267227,"A",,"G",297,"A",,"G",297,"A",,"A",,1
201177,"R",8654,"A",,"A",,"G",288,"A",,"G",288,"A",,"A",,2
201195,"R",97551,"A",,"R",10733,"G",3252,"G",447,"G",3252,"G",447,"A",,2
201283,"R",41997,"A",,"A",,"G",1400,"A",,"G",1400,"A",,"A",,2
201371,"R",28507,"A",,"R",2206,"G",950,"G",92,"G",950,"G",92,"A",,2
201399,"R",16800,"A",,"A",,"G",560,"A",,"G",560,"A",,"A",,2
201432,"R",50418,"A",,"A",,"G",1681,"A",,"G",1681,"A",,"A",,2
201441,"R",433635,"A",,"R",45655,"G",14455,"G",1902,"G",14455,"G",1902,"A",,2
201469,"R",26058,"A",,"A",,"G",869,"A",,"G",869,"A",,"A",,2
201478,"A",,"R",81946,"A",,"G",91,"A",,"G",91,"A",,"A",,1
201496,"A",,"R",242100,"A",,"G",269,"A",,"G",269,"A",,"A",,1
201539,"A",,"R",101782,"A",,"G",113,"A",,"G",113,"A",,"A",,1
201548,"R",84000,"A",,"R",5487,"G",2800,"G",229,"G",2800,"G",229,"R",691,2
201584,"A",,"R",35230,"A",,"G",39,"A",,"G",39,"A",,"A",,1
201609,"A",,"R",24016,"A",,"G",27,"A",,"G",27,"A",,"A",,1
201618,"A",,"R",23080,"A",,"G",26,"A",,"G",26,"A",,"A",,1
201627,"A",,"R",42266,"A",,"G",47,"A",,"G",47,"A",,"A",,1
201645,"R",136422,"A",,"R",59692,"G",4547,"G",2487,"G",4547,"G",2487,"R",1959,2
201654,"R",100203,"A",,"R",1333,"G",3340,"G",56,"G",3340,"G",56,"R",54,2
201672,"R",89858,"A",,"A",,"G",2995,"A",,"G",2995,"A",,"A",,2
201681,"A",,"R",139500,"A",,"G",155,"A",,"G",155,"A",,"A",,1
201690,"R",62305,"A",,"R",399,"G",2077,"G",17,"G",2077,"G",17,"A",,2
201751,"R",10355,"A",,"A",,"G",345,"A",,"G",345,"A",,"A",,2
201803,"A",,"R",168200,"A",,"G",187,"A",,"G",187,"A",,"A",,1
201821,"R",11816,"A",,"A",,"G",394,"A",,"G",394,"A",,"A",,2
201858,"R",16343,"A",,"R",5220,"G",545,"G",218,"G",545,"G",218,"A",,2
201867,"R",4595,"A",,"A",,"G",102,"A",,"G",102,"A",,"A",,2
201885,"R",637263,"A",,"R",180112,"G",21242,"G",7505,"G",21242,"G",7505,"R",1774,2
201928,"R",262723,"A",,"A",,"G",8757,"A",,"G",8757,"A",,"A",,2
201946,"R",81664,"A",,"R",405,"G",2722,"G",17,"G",2722,"G",17,"A",,2
201955,"R",110968,"A",,"R",282,"G",3699,"G",12,"G",3699,"G",12,"A",,2
201964,"R",68264,"A",,"R",1690,"G",2275,"G",70,"G",2275,"G",70,"A",,2
201973,"R",110659,"A",,"A",,"G",3689,"A",,"G",3689,"A",,"A",,2
201982,"A",,"R",59269,"A",,"G",66,"A",,"G",66,"A",,"A",,1
202046,"R",16851,"A",,"A",,"G",562,"A",,"G",562,"A",,"A",,2
202055,"A",,"R",298800,"A",,"G",332,"A",,"G",332,"A",,"A",,1
202073,"R",7577,"A",,"R",4335,"G",253,"G",181,"G",253,"G",181,"A",,2
202134,"R",318070,"A",,"R",85421,"G",10602,"G",3559,"G",10602,"G",3559,"R",527,2
202152,"A",,"R",321600,"A",,"G",357,"A",,"G",357,"A",,"A",,1
202161,"R",22365,"A",,"A",,"G",746,"A",,"R",797,"A",,"A",,2
202170,"R",37527,"A",,"R",605,"G",1251,"G",25,"G",1251,"G",25,"A",,2
202189,"R",5944,"A",,"A",,"G",198,"A",,"G",198,"A",,"A",,2
202222,"R",734626,"A",,"A",,"G",24488,"A",,"R",22814,"A",,"A",,2
202356,"R",608124,"A",,"A",,"G",20271,"A",,"G",20271,"A",,"A",,2
202435,"R",11879,"A",,"A",,"G",264,"A",,"G",264,"A",,"A",,2
202453,"A",,"R",60975,"A",,"G",68,"A",,"R",73,"A",,"A",,1
202480,"R",238667,"A",,"R",58467,"G",7956,"G",2436,"G",7956,"G",2436,"R",533,2
202514,"R",26949,"A",,"R",1824,"G",898,"G",76,"G",898,"G",76,"A",,2
202523,"R",68051,"A",,"A",,"G",2268,"A",,"G",2268,"A",,"A",,2
202639,"A",,"R",101020,"A",,"G",112,"A",,"G",112,"A",,"A",,1
202648,"R",61479,"A",,"A",,"G",2049,"A",,"G",2049,"A",,"A",,2
202657,"A",,"R",216076,"A",,"G",240,"A",,"G",240,"A",,"A",,1
202684,"R",21543,"A",,"A",,"G",718,"A",,"G",718,"A",,"A",,2
202736,"A",,"R",80075,"A",,"G",89,"A",,"G",89,"A",,"A",,1
202763,"R",91651,"A",,"R",14266,"G",3055,"G",594,"G",3055,"G",594,"R",291,2
202806,"R",92052,"A",,"R",16042,"G",3068,"G",668,"G",3068,"G",668,"A",,2
202888,"A",,"R",37602,"A",,"G",42,"A",,"G",42,"A",,"A",,1
202903,"R",6849,"A",,"A",,"G",228,"A",,"G",228,"A",,"A",,2
202912,"R",6886,"A",,"A",,"G",230,"A",,"G",230,"A",,"A",,2
202949,"A",,"R",269197,"A",,"G",299,"A",,"G",299,"A",,"A",,1
202985,"A",,"R",95289,"A",,"G",106,"A",,"G",106,"A",,"A",,1
203030,"A",,"R",154800,"A",,"G",172,"A",,"G",172,"A",,"A",,1
203067,"A",,"A",,"R",10296,"A",,"G",429,"A",,"G",429,"R",15,-2
203085,"R",32381,"A",,"R",3158,"G",1079,"G",132,"G",1079,"G",132,"A",,2
203128,"R",37664,"A",,"R",619,"G",1255,"G",26,"G",1255,"G",26,"A",,2
203146,"A",,"R",362110,"A",,"G",402,"A",,"G",402,"A",,"A",,1
203155,"R",124390,"A",,"A",,"G",4146,"A",,"G",4146,"A",,"A",,2
203225,"R",7018,"A",,"A",,"G",234,"A",,"G",234,"A",,"A",,2
203234,"R",8055,"A",,"A",,"G",269,"A",,"G",269,"A",,"A",,2
203289,"R",2148,"A",,"A",,"G",72,"A",,"G",72,"A",,"A",,2
203313,"R",16073,"A",,"A",,"G",357,"A",,"G",357,"A",,"A",,2
203331,"R",55216,"A",,"A",,"G",1841,"A",,"G",1841,"A",,"A",,2
203368,"R",89883,"A",,"R",13201,"G",2996,"G",550,"G",2996,"G",550,"A",,2
203386,"R",75765,"A",,"A",,"G",1684,"A",,"G",1684,"A",,"A",,2
203438,"A",,"R",217598,"A",,"G",242,"A",,"G",242,"A",,"A",,1
203447,"R",44333,"A",,"R",0,"G",1478,"G",0,"G",1478,"G",0,"A",,2
203456,"R",20701,"A",,"R",0,"G",690,"G",0,"G",690,"G",0,"A",,2
203465,"R",97163,"A",,"R",489,"G",3239,"G",20,"G",3239,"G",20,"A",,2
203474,"R",54492,"A",,"R",42,"G",1816,"G",2,"G",1816,"G",2,"A",,2
203483,"R",47171,"A",,"R",170,"G",1572,"G",7,"G",1572,"G",7,"A",,2
203492,"R",36316,"A",,"R",0,"G",1211,"G",0,"G",1211,"G",0,"A",,2
203517,"R",618046,"A",,"R",115904,"G",20602,"G",4829,"G",20602,"G",4829,"R",1232,2
203526,"R",39226,"A",,"R",0,"G",1308,"G",0,"G",1308,"G",0,"A",,2
203535,"R",54888,"A",,"A",,"G",1830,"A",,"G",1830,"A",,"A",,2
203544,"R",22673,"A",,"R",3854,"G",756,"G",161,"G",756,"G",161,"A",,2
203580,"R",29603,"A",,"R",2825,"G",987,"G",118,"G",987,"G",118,"A",,2
203599,"R",185114,"A",,"A",,"G",6170,"A",,"G",6170,"A",,"A",,2
203614,"A",,"R",299318,"A",,"G",333,"A",,"G",333,"A",,"A",,1
203678,"R",80658,"A",,"A",,"G",2689,"A",,"G",2689,"A",,"A",,2
203720,"R",22431,"A",,"A",,"G",498,"A",,"G",498,"A",,"A",,2
203739,"R",16852,"A",,"A",,"G",374,"A",,"G",374,"A",,"A",,2
203748,"R",230700,"A",,"A",,"G",7690,"A",,"G",7690,"A",,"A",,2
203757,"R",43854,"A",,"R",4577,"G",1462,"G",191,"G",1462,"G",191,"A",,2
203775,"R",54025,"A",,"R",9596,"G",1801,"G",400,"G",1801,"G",400,"A",,2
203845,"R",44733,"A",,"R",4471,"G",1491,"G",186,"G",1491,"G",186,"A",,2
203881,"R",52547,"A",,"A",,"G",1752,"A",,"G",1752,"A",,"A",,2
203942,"A",,"R",56834,"A",,"G",63,"A",,"G",63,"A",,"A",,1
203960,"R",26728,"A",,"A",,"G",891,"A",,"G",891,"A",,"A",,2
203997,"A",,"A",,"R",3991,"A",,"G",166,"A",,"G",166,"R",6,-2
204006,"R",87191,"A",,"A",,"G",2906,"A",,"G",2906,"A",,"A",,2
204015,"R",49277,"A",,"A",,"G",1643,"A",,"G",1643,"A",,"A",,2
204024,"R",475506,"A",,"R",43682,"G",15850,"G",1820,"G",15850,"G",1820,"A",,2
204060,"R",10724,"R",8200,"A",,"G",247,"A",,"G",247,"A",,"A",,3
204121,"A",,"R",33500,"A",,"G",37,"A",,"G",37,"A",,"A",,1
204158,"A",,"R",186258,"A",,"G",207,"A",,"G",207,"A",,"A",,1
204176,"R",32087,"A",,"R",3021,"G",1070,"G",126,"G",1070,"G",126,"A",,2
204185,"R",66302,"A",,"R",2208,"G",2210,"G",92,"G",2210,"G",92,"A",,2
204194,"R",47871,"A",,"R",8462,"G",1596,"G",353,"G",1596,"G",353,"A",,2
204200,"R",46402,"A",,"R",12620,"G",1547,"G",526,"G",1547,"G",526,"A",,2
204255,"R",66001,"A",,"A",,"G",2200,"A",,"G",2200,"A",,"A",,2
204264,"R",48988,"A",,"R",10557,"G",1633,"G",440,"G",1633,"G",440,"A",,2
204307,"R",22200,"A",,"A",,"G",740,"A",,"G",740,"A",,"A",,2
204316,"R",26967,"A",,"A",,"G",599,"A",,"G",599,"A",,"A",,2
204334,"A",,"R",72620,"A",,"G",81,"A",,"G",81,"A",,"A",,1
204422,"R",54150,"A",,"A",,"G",1805,"A",,"G",1805,"A",,"A",,2
204431,"A",,"R",31500,"A",,"G",35,"A",,"G",35,"A",,"A",,1
204440,"R",72177,"A",,"A",,"G",2406,"A",,"G",2406,"A",,"A",,2
204459,"A",,"R",150515,"A",,"G",167,"A",,"G",167,"A",,"A",,1
204468,"R",44563,"A",,"R",4094,"G",1485,"G",171,"G",1485,"G",171,"A",,2
204477,"A",,"A",,"R",176,"A",,"G",7,"A",,"G",7,"R",774,-2
204486,"R",189468,"A",,"R",760,"G",4210,"G",21,"G",4210,"G",21,"A",,2
204501,"R",83507,"A",,"R",260,"G",2784,"G",11,"R",2915,"R",14,"A",,2
204592,"R",2768,"A",,"A",,"G",92,"A",,"G",92,"A",,"A",,2
204608,"R",6386,"R",411900,"A",,"G",671,"A",,"G",671,"A",,"A",,3
204617,"R",48509,"A",,"R",10283,"G",1617,"G",428,"G",1617,"G",428,"A",,2
204626,"R",21718,"A",,"A",,"G",724,"A",,"G",724,"A",,"A",,2
204635,"R",73527,"A",,"R",541,"G",2451,"G",23,"G",2451,"G",23,"R",910,2
204662,"R",16757,"A",,"A",,"G",559,"A",,"G",559,"A",,"A",,2
204671,"R",28632,"A",,"R",1490,"G",954,"G",62,"G",954,"G",62,"A",,2
204680,"R",31839,"A",,"R",1198,"G",1061,"G",50,"G",1061,"G",50,"A",,2
204699,"R",30520,"A",,"R",1119,"G",1017,"G",47,"G",1017,"G",47,"A",,2
204705,"R",59135,"A",,"R",1378,"G",1971,"G",57,"G",1971,"G",57,"A",,2
204714,"A",,"R",227123,"A",,"G",252,"A",,"G",252,"A",,"A",,1
204723,"A",,"R",145760,"A",,"G",162,"A",,"G",162,"A",,"A",,1
204769,"A",,"R",77000,"A",,"G",86,"A",,"G",86,"A",,"A",,1
204778,"A",,"R",120000,"A",,"G",133,"A",,"G",133,"A",,"A",,1
204796,"R",1242275,"A",,"R",215652,"G",41409,"G",8986,"G",41409,"G",8986,"R",8965,2
204802,"R",20112,"A",,"A",,"G",670,"A",,"G",670,"A",,"A",,2
204820,"R",54018,"A",,"A",,"G",1801,"A",,"G",1801,"A",,"A",,2
204839,"R",47618,"A",,"A",,"G",1587,"A",,"G",1587,"A",,"A",,2
204848,"R",56059,"A",,"A",,"G",1869,"A",,"G",1869,"A",,"A",,2
204857,"R",652664,"A",,"R",106230,"G",21755,"G",4426,"G",21755,"G",4426,"R",513,2
204866,"R",45884,"A",,"A",,"G",1529,"A",,"G",1529,"A",,"A",,2
204884,"R",6577,"A",,"A",,"G",219,"A",,"G",219,"A",,"A",,2
204893,"R",4061,"A",,"A",,"G",135,"A",,"G",135,"A",,"A",,2
204909,"R",58436,"A",,"A",,"G",1948,"A",,"R",1841,"A",,"A",,2
204936,"R",79211,"A",,"R",7037,"G",2640,"G",293,"G",2640,"G",293,"R",32,2
204945,"R",282475,"A",,"A",,"G",9416,"A",,"G",9416,"A",,"A",,2
204963,"A",,"R",126086,"A",,"G",140,"A",,"G",140,"A",,"A",,1
204981,"A",,"R",88768,"A",,"G",99,"A",,"G",99,"A",,"A",,1
204990,"A",,"A",,"R",2854,"A",,"G",119,"A",,"G",119,"A",,-2
205027,"R",3748,"A",,"R",1531,"G",125,"G",64,"G",125,"G",64,"A",,2
205054,"R",22050,"A",,"A",,"G",490,"A",,"G",490,"A",,"A",,2
205090,"R",2729,"A",,"A",,"G",91,"A",,"G",91,"A",,"A",,2
205124,"R",2048,"A",,"R",736,"G",68,"G",31,"G",68,"G",31,"A",,2
205142,"A",,"R",175500,"A",,"G",195,"A",,"G",195,"A",,"A",,1
205179,"R",135810,"A",,"A",,"G",4527,"A",,"G",4527,"A",,"A",,2
205203,"R",55866,"A",,"R",2914,"G",1862,"G",121,"G",1862,"G",121,"A",,2
205391,"R",6416,"A",,"A",,"G",143,"A",,"R",105,"A",,"A",,2
205443,"R",122090,"A",,"R",2163,"G",4070,"G",90,"G",4070,"G",90,"A",,2
205470,"R",413357,"A",,"A",,"G",13779,"A",,"G",13779,"A",,"A",,2
205513,"R",5168,"A",,"A",,"G",115,"A",,"G",115,"A",,"A",,2
205522,"R",6276,"A",,"A",,"G",139,"A",,"G",139,"A",,"A",,2
205531,"R",5404,"A",,"A",,"G",120,"A",,"G",120,"A",,"A",,2
205559,"R",2582,"R",7650,"A",,"G",66,"A",,"G",66,"A",,"A",,3
205568,"R",5612,"R",6300,"A",,"G",132,"A",,"G",132,"A",,"A",,3
205610,"R",49026,"A",,"A",,"G",1089,"A",,"G",1089,"A",,"A",,2
205647,"R",34640,"A",,"A",,"G",770,"A",,"G",770,"A",,"A",,2
205708,"R",12257,"A",,"A",,"G",272,"A",,"G",272,"A",,"A",,2
205726,"R",8455,"A",,"A",,"G",188,"A",,"G",188,"A",,"A",,2
205841,"R",231203,"A",,"A",,"G",7707,"A",,"G",7707,"A",,"A",,2
205887,"R",30894,"R",8190,"A",,"G",696,"A",,"G",696,"A",,"A",,3
205957,"R",62838,"A",,"R",11449,"G",2095,"G",477,"G",2095,"G",477,"A",,2
205966,"R",72545,"A",,"A",,"G",2418,"A",,"G",2418,"A",,"A",,2
206002,"R",4153,"A",,"A",,"G",92,"A",,"G",92,"A",,"A",,2
206011,"R",63566,"A",,"A",,"G",2119,"A",,"G",2119,"A",,"A",,2
206039,"A",,"R",56062,"A",,"G",62,"A",,"G",62,"A",,"A",,1
206048,"R",123821,"A",,"R",19200,"G",4127,"G",800,"G",4127,"G",800,"A",,2
206084,"R",461982,"A",,"R",72233,"G",15399,"G",3010,"G",15399,"G",3010,"R",1392,2
206093,"R",13907,"A",,"A",,"G",464,"A",,"G",464,"A",,"A",,2
206154,"R",1289,"A",,"A",,"G",43,"A",,"G",43,"A",,"A",,2
206172,"A",,"R",123510,"A",,"G",137,"A",,"G",137,"A",,"A",,1
206181,"A",,"R",117344,"A",,"G",130,"A",,"G",130,"A",,"A",,1
206215,"A",,"A",,"R",1875,"A",,"G",78,"A",,"G",78,"R",3,-2
206224,"R",9998,"A",,"A",,"G",222,"A",,"G",222,"A",,"A",,2
206279,"R",33752,"A",,"R",6443,"G",1125,"G",268,"G",1125,"G",268,"A",,2
206288,"A",,"A",,"R",5086,"A",,"G",212,"A",,"G",212,"R",285,-2
206321,"A",,"R",495880,"A",,"G",551,"A",,"G",551,"A",,"A",,1
206330,"R",30603,"A",,"R",3619,"G",1020,"G",151,"G",1020,"G",151,"A",,2
206349,"R",21907,"A",,"R",10829,"G",730,"G",451,"G",730,"G",451,"R",24,2
206358,"A",,"R",35230,"A",,"G",39,"A",,"G",39,"A",,"A",,1
206394,"R",7497,"A",,"A",,"G",167,"A",,"G",167,"A",,"A",,2
206419,"A",,"R",100132,"A",,"G",111,"A",,"G",111,"A",,"A",,1
206428,"A",,"R",42900,"A",,"G",48,"A",,"G",48,"A",,"A",,1
206437,"R",64716,"A",,"R",9510,"G",2157,"G",396,"G",2157,"G",396,"R",104,2
206446,"R",40387,"A",,"A",,"G",1346,"A",,"G",1346,"A",,"A",,2
206482,"A",,"R",330330,"A",,"G",367,"A",,"G",367,"A",,"A",,1
206491,"R",15210,"A",,"R",432,"G",507,"G",18,"G",507,"G",18,"A",,2
206507,"R",36070,"A",,"R",228,"G",1202,"G",10,"G",1202,"G",10,"A",,2
206516,"A",,"A",,"R",933,"A",,"G",39,"A",,"G",39,"R",19,-2
206525,"R",59172,"A",,"R",353,"G",1972,"G",15,"G",1972,"G",15,"A",,2
206589,"R",63347,"A",,"A",,"G",2112,"A",,"R",2020,"A",,"A",,2
206604,"R",360004,"A",,"R",59579,"G",12000,"G",2482,"G",12000,"G",2482,"R",621,2
206613,"R",25784,"A",,"R",710,"G",859,"G",30,"G",859,"G",30,"A",,2
206622,"R",137504,"A",,"R",37431,"G",4583,"G",1560,"G",4583,"G",1560,"R",77,2
206631,"R",21836,"A",,"A",,"G",485,"A",,"G",485,"A",,"A",,2
206695,"R",323109,"A",,"R",19317,"G",10770,"G",805,"G",10770,"R",644,"R",74,2
206783,"A",,"R",17582,"A",,"G",20,"A",,"G",20,"A",,"A",,1
206817,"R",29636,"A",,"A",,"G",988,"A",,"G",988,"A",,"A",,2
206835,"R",28771,"A",,"R",2345,"G",959,"G",98,"G",959,"G",98,"A",,2
206862,"R",48549,"A",,"R",10695,"G",1618,"G",446,"G",1618,"G",446,"A",,2
206880,"A",,"R",98579,"A",,"G",110,"A",,"G",110,"A",,"A",,1
206905,"A",,"R",68876,"A",,"G",77,"A",,"G",77,"A",,"A",,1
206914,"R",130570,"A",,"R",8229,"G",4352,"G",343,"G",4352,"G",343,"A",,2
206923,"R",61227,"A",,"A",,"G",2041,"A",,"G",2041,"A",,"A",,2
206932,"A",,"R",76927,"A",,"G",85,"A",,"G",85,"A",,"A",,1
206941,"R",375600,"A",,"R",30483,"G",12520,"G",1270,"G",12520,"G",1270,"A",,2
206969,"A",,"R",22500,"A",,"G",25,"A",,"G",25,"A",,"A",,1
206996,"R",53196,"A",,"A",,"G",1773,"A",,"G",1773,"A",,"A",,2
207041,"R",101098,"A",,"R",15851,"G",3370,"G",660,"G",3370,"G",660,"A",,2
207050,"R",42446,"A",,"A",,"G",1415,"A",,"G",1415,"A",,"A",,2
207069,"R",43974,"A",,"A",,"G",1466,"A",,"G",1466,"A",,"A",,2
207087,"A",,"R",56430,"A",,"G",63,"A",,"G",63,"A",,"A",,1
207102,"A",,"R",92005,"A",,"G",102,"A",,"G",102,"A",,"A",,1
207157,"R",5623,"A",,"R",126,"G",187,"G",5,"G",187,"G",5,"A",,2
207166,"A",,"R",10800,"A",,"G",12,"A",,"G",12,"A",,"A",,1
207209,"R",52594,"A",,"R",7731,"G",1753,"G",322,"G",1753,"G",322,"R",69,2
207236,"R",54210,"A",,"A",,"G",1807,"A",,"G",1807,"A",,"A",,2
207254,"R",24496,"R",351960,"A",,"G",1208,"A",,"G",1208,"A",,"A",,3
207263,"R",185758,"A",,"R",16881,"G",6192,"G",703,"G",6192,"G",703,"R",197,2
207272,"A",,"R",58500,"A",,"G",65,"A",,"G",65,"A",,"A",,1
207281,"R",102414,"A",,"A",,"G",3414,"A",,"G",3414,"A",,"A",,2
207290,"R",62244,"A",,"A",,"G",2075,"A",,"G",2075,"A",,"A",,2
207306,"R",50872,"A",,"R",4327,"G",1696,"G",180,"G",1696,"G",180,"A",,2
207315,"A",,"A",,"R",998,"A",,"G",42,"A",,"G",42,"R",395,-2
207324,"R",54639,"A",,"R",8448,"G",1821,"G",352,"G",1821,"G",352,"A",,2
207342,"R",30767,"A",,"R",35542,"G",1026,"G",1481,"G",1026,"G",1481,"R",2243,2
207351,"R",40939,"A",,"A",,"G",1365,"A",,"G",1365,"A",,"A",,2
207388,"R",552990,"A",,"R",78413,"G",18433,"G",3267,"G",18433,"G",3267,"R",605,2
207397,"R",143515,"A",,"A",,"G",4784,"A",,"G",4784,"A",,"A",,2
207403,"R",53441,"A",,"R",1621,"G",1781,"G",68,"G",1781,"G",68,"A",,2
207449,"R",267129,"A",,"A",,"G",8904,"A",,"G",8904,"A",,"A",,2
207458,"R",60347,"A",,"R",12830,"G",2012,"G",535,"G",2012,"G",535,"R",639,2
207500,"R",563114,"A",,"R",89431,"G",18770,"G",3726,"G",18770,"G",3726,"R",627,2
207537,"R",1190,"A",,"A",,"G",40,"A",,"G",40,"A",,"A",,2
207564,"R",97298,"A",,"A",,"G",3243,"A",,"G",3243,"A",,"A",,2
207582,"R",87559,"A",,"R",7137,"G",2919,"G",297,"G",2919,"G",297,"A",,2
207607,"A",,"R",328480,"A",,"G",365,"A",,"G",365,"A",,"A",,1
207625,"A",,"R",351000,"A",,"G",390,"A",,"G",390,"A",,"A",,1
207661,"R",104448,"A",,"A",,"G",3482,"A",,"G",3482,"A",,"A",,2
207670,"R",146877,"A",,"A",,"G",4896,"A",,"G",4896,"A",,"A",,2
207689,"R",16166,"A",,"R",1000,"G",539,"G",42,"G",539,"G",42,"A",,2
207704,"A",,"R",111153,"A",,"G",124,"A",,"G",124,"A",,"A",,1
207722,"R",29234,"A",,"A",,"G",974,"A",,"G",974,"A",,"A",,2
207740,"R",42253,"A",,"A",,"G",1408,"A",,"G",1408,"A",,"A",,2
207786,"A",,"R",28000,"A",,"G",31,"A",,"G",31,"A",,"A",,1
207847,"R",92831,"A",,"R",6508,"G",3094,"G",271,"G",3094,"G",271,"A",,2
207856,"R",9987,"A",,"R",342,"G",333,"G",14,"G",333,"G",14,"A",,2
207865,"R",112744,"A",,"R",8822,"G",3758,"G",368,"G",3758,"G",368,"R",455,2
207935,"R",374404,"A",,"A",,"G",12480,"A",,"G",12480,"A",,"A",,2
207962,"R",1694,"R",866250,"A",,"G",1019,"A",,"G",1019,"A",,"A",,3
207971,"R",95497,"A",,"R",12464,"G",3183,"G",519,"G",3183,"G",519,"R",423,2
208017,"A",,"R",44289,"A",,"G",49,"A",,"G",49,"A",,"A",,1
208026,"A",,"R",201915,"A",,"G",224,"A",,"G",224,"A",,"A",,1
208035,"R",61632,"A",,"A",,"G",2054,"A",,"G",2054,"A",,"A",,2
208044,"A",,"R",47400,"A",,"G",53,"A",,"G",53,"A",,"A",,1
208053,"A",,"R",181476,"A",,"G",202,"A",,"G",202,"A",,"A",,1
208080,"A",,"R",59087,"A",,"G",66,"A",,"G",66,"A",,"A",,1
208123,"A",,"R",49428,"A",,"G",55,"A",,"G",55,"A",,"A",,1
208187,"A",,"R",104755,"A",,"G",116,"A",,"G",116,"A",,"A",,1
208239,"R",60615,"A",,"A",,"G",1347,"A",,"G",1347,"A",,"A",,2
208248,"A",,"R",163358,"A",,"G",182,"A",,"G",182,"A",,"A",,1
208275,"R",80010,"A",,"A",,"G",1778,"A",,"G",1778,"A",,"A",,2
208318,"R",234750,"A",,"A",,"G",5217,"A",,"R",6571,"A",,"A",,2
208390,"A",,"R",9671832,"A",,"G",10746,"A",,"G",10746,"A",,"A",,1
208406,"A",,"R",3835202,"A",,"G",4261,"A",,"G",4261,"A",,"A",,1
208415,"R",33919,"A",,"A",,"G",754,"A",,"G",754,"A",,"A",,2
208433,"A",,"R",85957,"A",,"G",96,"A",,"G",96,"A",,"A",,1
208479,"A",,"R",544884,"A",,"G",605,"A",,"G",605,"A",,"A",,1
208488,"R",38920,"A",,"R",64782,"G",1297,"G",2699,"G",1297,"G",2699,"R",73,2
208512,"R",12250,"A",,"A",,"G",408,"A",,"G",408,"A",,"A",,2
208637,"A",,"R",121019,"A",,"G",134,"A",,"G",134,"A",,"A",,1
208646,"R",131621,"A",,"R",7266,"G",2925,"G",202,"G",2925,"G",202,"A",,2
208655,"A",,"R",162050,"A",,"G",180,"A",,"G",180,"A",,"A",,1
208725,"R",5183,"A",,"A",,"G",173,"A",,"G",173,"A",,"A",,2
208822,"R",64935,"A",,"R",18939,"G",2165,"G",789,"G",2165,"G",789,"R",244,2
208859,"A",,"R",57132,"A",,"G",63,"A",,"R",40,"A",,"A",,1
208965,"R",28981,"A",,"A",,"G",644,"A",,"G",644,"A",,"A",,2
209038,"A",,"R",5735594,"A",,"G",6373,"A",,"G",6373,"A",,"A",,1
209056,"R",67335,"A",,"R",14855,"G",2245,"G",619,"G",2245,"G",619,"R",742,2
209065,"R",50379,"A",,"A",,"G",1679,"A",,"G",1679,"A",,"A",,2
209074,"R",202992,"A",,"A",,"G",4511,"A",,"G",4511,"A",,"A",,2
209083,"A",,"R",131400,"A",,"G",146,"A",,"G",146,"A",,"A",,1
209108,"R",22377,"A",,"R",20030,"G",497,"G",556,"G",497,"G",556,"A",,2
209153,"A",,"R",98748,"A",,"G",110,"A",,"R",67,"A",,"A",,1
209205,"A",,"R",211500,"A",,"G",235,"A",,"G",235,"A",,"A",,1
209241,"R",1226,"A",,"R",1275,"G",41,"G",53,"G",41,"G",53,"A",,2
209250,"R",316846,"R",4325535,"A",,"G",11847,"A",,"G",11847,"A",,"A",,3
209287,"R",13742,"A",,"R",7006,"G",458,"G",292,"G",458,"G",292,"A",,2
209296,"A",,"A",,"R",1884,"A",,"G",52,"A",,"G",52,"R",524,-2
209348,"R",957,"A",,"A",,"G",32,"A",,"G",32,"A",,"A",,2
209409,"R",13373,"A",,"R",4815,"G",446,"G",201,"G",446,"G",201,"A",,2
209490,"R",26641,"A",,"R",36853,"G",592,"G",1024,"G",592,"G",1024,"R",836,2
209506,"R",129512,"A",,"R",784,"G",2878,"G",22,"G",2878,"G",22,"A",,2
209533,"R",3824,"A",,"R",210,"G",127,"G",9,"R",141,"G",9,"A",,2
209542,"R",898917,"A",,"R",116273,"G",19976,"G",3230,"G",19976,"G",3230,"R",859,2
209551,"R",908594,"A",,"R",112967,"G",20191,"G",3138,"G",20191,"G",3138,"R",596,2
209603,"R",11616,"A",,"R",3495,"G",387,"G",146,"G",387,"G",146,"A",,2
209612,"R",57523,"A",,"R",25203,"G",1917,"G",1050,"R",1650,"R",527,"R",1055,2
209667,"A",,"R",74628,"A",,"G",83,"A",,"R",47,"A",,"A",,1
209676,"A",,"R",151116,"A",,"G",168,"A",,"R",107,"A",,"A",,1
209694,"A",,"R",71604,"A",,"G",80,"A",,"R",51,"A",,"A",,1
209700,"A",,"R",159422,"A",,"G",177,"A",,"G",177,"A",,"A",,1
209719,"A",,"R",46568,"A",,"G",52,"A",,"G",52,"A",,"A",,1
209746,"R",1061980,"A",,"A",,"G",23600,"A",,"G",23600,"A",,"A",,2
209807,"R",784281,"A",,"R",144786,"G",17428,"G",4022,"G",17428,"G",4022,"A",,2
209825,"R",109411,"A",,"R",9192,"G",3647,"G",383,"G",3647,"G",383,"R",33,2
209922,"R",42590,"A",,"R",214,"G",1420,"G",9,"G",1420,"G",9,"A",,2
209940,"R",119251,"R",854886,"A",,"G",3600,"A",,"G",3600,"A",,"A",,3
209986,"A",,"R",43405,"A",,"G",48,"A",,"G",48,"A",,"A",,1
210076,"R",65586,"R",6580,"A",,"G",2194,"A",,"G",2194,"A",,"A",,3
210100,"A",,"R",114276,"A",,"G",127,"A",,"G",127,"A",,"A",,1
210146,"R",188164,"A",,"R",16874,"G",4181,"G",469,"G",4181,"G",469,"A",,2
210155,"R",71405,"A",,"A",,"G",1587,"A",,"G",1587,"A",,"A",,2
210234,"R",92477,"A",,"A",,"G",2055,"A",,"G",2055,"A",,"A",,2
210270,"R",79826,"A",,"A",,"G",1774,"A",,"G",1774,"A",,"A",,2
210304,"R",14482,"A",,"R",16,"G",483,"G",1,"G",483,"G",1,"A",,2
210331,"R",25496,"A",,"R",3722,"G",850,"G",155,"G",850,"G",155,"A",,2
210340,"A",,"R",136151,"A",,"G",151,"A",,"G",151,"A",,"A",,1
210359,"R",9662,"A",,"A",,"G",322,"A",,"G",322,"A",,"A",,2
210368,"A",,"A",,"R",10673,"A",,"G",445,"A",,"G",445,"A",,-2
210401,"R",62644,"A",,"R",11112,"G",2088,"G",463,"R",2016,"R",437,"R",375,2
210429,"R",211545,"A",,"R",15487,"G",4701,"G",430,"G",4701,"G",430,"A",,2
210438,"R",2635,"A",,"R",2531,"G",59,"G",70,"G",59,"G",70,"R",409,2
210456,"R",8103,"A",,"A",,"G",270,"A",,"G",270,"A",,"A",,2
210474,"A",,"R",71640,"A",,"G",80,"A",,"G",80,"A",,"A",,1
210483,"R",11856,"A",,"A",,"G",395,"A",,"G",395,"A",,"A",,2
210492,"R",7529,"A",,"R",280,"G",251,"G",12,"G",251,"G",12,"A",,2
210508,"A",,"A",,"R",612,"A",,"G",26,"A",,"G",26,"A",,-2
210571,"R",68180,"A",,"R",1092,"G",2273,"G",46,"G",2273,"G",46,"A",,2
210599,"R",22920,"A",,"A",,"G",764,"A",,"G",764,"A",,"A",,2
210605,"R",404589,"A",,"A",,"G",13486,"A",,"G",13486,"A",,"A",,2
210669,"R",67484,"A",,"A",,"G",2249,"A",,"R",2064,"A",,"A",,2
210711,"A",,"R",88200,"A",,"G",98,"A",,"G",98,"A",,"A",,1
210739,"R",70119,"A",,"R",12594,"G",2337,"G",525,"G",2337,"G",525,"Z",0,2
210748,"A",,"R",87774,"A",,"G",98,"A",,"G",98,"A",,"A",,1
210775,"R",63048,"A",,"R",8625,"G",2102,"G",359,"G",2102,"G",359,"A",,2
210784,"A",,"R",169200,"A",,"G",188,"A",,"G",188,"A",,"A",,1
210809,"A",,"A",,"R",5919,"A",,"G",247,"A",,"G",247,"A",,-2
210890,"R",5175,"A",,"A",,"G",173,"A",,"G",173,"A",,"A",,2
210906,"R",27320,"A",,"A",,"G",607,"A",,"G",607,"A",,"A",,2
210942,"R",109422,"A",,"A",,"G",2432,"A",,"G",2432,"A",,"A",,2
210951,"R",7024,"R",11236,"A",,"G",247,"A",,"R",249,"A",,"A",,3
210960,"R",82810,"A",,"A",,"G",1840,"A",,"G",1840,"A",,"A",,2
211006,"A",,"R",471200,"A",,"G",524,"A",,"G",524,"A",,"A",,1
211024,"R",18510,"A",,"R",3762,"G",617,"G",157,"G",617,"G",157,"R",16,2
211079,"R",56159,"A",,"A",,"G",1872,"A",,"G",1872,"A",,"A",,2
211088,"R",72544,"A",,"R",26966,"G",2418,"G",1124,"G",2418,"G",1124,"R",171,2
211130,"A",,"A",,"R",6612,"A",,"G",276,"A",,"G",276,"A",,-2
211149,"A",,"R",154940,"A",,"G",172,"A",,"G",172,"A",,"A",,1
211158,"R",266084,"A",,"R",13991,"G",8869,"G",583,"G",8869,"G",583,"R",66,2
211200,"R",15510,"A",,"A",,"G",517,"A",,"G",517,"A",,"A",,2
211273,"R",37268,"A",,"R",7374,"G",1242,"G",307,"G",1242,"G",307,"A",,2
211291,"R",101242,"A",,"R",1022,"G",3375,"G",43,"R",3611,"R",73,"A",,2
211307,"R",206926,"A",,"A",,"G",6898,"A",,"G",6898,"A",,"A",,2
211316,"A",,"R",49708,"A",,"G",55,"A",,"G",55,"A",,"A",,1
211334,"A",,"R",70200,"A",,"G",78,"A",,"G",78,"A",,"A",,1
211343,"R",75550,"A",,"A",,"G",2518,"A",,"G",2518,"A",,"A",,2
211352,"R",41096,"A",,"R",22413,"G",1370,"G",934,"G",1370,"G",934,"A",,2
211361,"R",184214,"A",,"R",39197,"G",6140,"G",1633,"G",6140,"G",1633,"A",,2
211370,"A",,"A",,"R",746,"A",,"G",31,"A",,"G",31,"R",2,-2
211398,"R",10440,"A",,"A",,"G",232,"A",,"G",232,"A",,"A",,2
211431,"R",39126,"A",,"R",14569,"G",1304,"G",607,"G",1304,"G",607,"R",66,2
211440,"R",181880,"A",,"R",194947,"G",6063,"G",8123,"G",6063,"G",8123,"A",,2
211468,"R",33258,"A",,"R",3180,"G",1109,"G",133,"G",1109,"G",133,"A",,2
211477,"R",42257,"A",,"A",,"G",1409,"A",,"G",1409,"A",,"A",,2
211556,"R",25038,"A",,"R",25010,"G",835,"G",1042,"G",835,"G",1042,"R",285,2
211583,"R",42076,"A",,"R",10354,"G",1403,"G",431,"G",1403,"G",431,"R",112,2
211608,"R",36185,"A",,"R",921,"G",1206,"G",38,"G",1206,"G",38,"A",,2
211617,"R",38025,"A",,"A",,"G",1268,"A",,"G",1268,"A",,"A",,2
211635,"A",,"R",199326,"A",,"G",221,"A",,"G",221,"A",,"A",,1
211644,"R",152188,"A",,"R",16743,"G",5073,"G",698,"G",5073,"G",698,"A",,2
211750,"R",9244,"A",,"A",,"G",308,"A",,"G",308,"A",,"A",,2
211802,"R",5729,"R",41568,"A",,"G",237,"A",,"G",237,"A",,"A",,3
211820,"R",3547,"A",,"A",,"G",118,"A",,"G",118,"A",,"A",,2
211893,"R",4249,"A",,"R",905,"G",142,"G",38,"G",142,"G",38,"A",,2
211909,"A",,"R",150300,"A",,"G",167,"A",,"G",167,"A",,"A",,1
211927,"R",252572,"A",,"A",,"G",8419,"A",,"G",8419,"A",,"A",,2
211981,"R",55847,"A",,"R",3920,"G",1862,"G",163,"G",1862,"G",163,"A",,2
212009,"R",75154,"A",,"A",,"G",2505,"A",,"G",2505,"A",,"A",,2
212018,"A",,"A",,"R",0,"A",,"G",0,"A",,"G",0,"R",196,-2
212045,"R",11410,"R",64350,"A",,"G",452,"A",,"R",401,"A",,"A",,3
212054,"R",797041,"A",,"R",189268,"G",17712,"G",5257,"G",17712,"G",5257,"R",1510,2
212072,"R",8685,"A",,"A",,"G",193,"A",,"G",193,"A",,"A",,2
212090,"R",21757,"A",,"A",,"G",725,"A",,"G",725,"A",,"A",,2
212106,"R",191395,"A",,"R",43932,"G",6380,"G",1831,"G",6380,"G",1831,"R",1380,2
212115,"R",173230,"A",,"R",10106,"G",5774,"G",421,"G",5774,"G",421,"A",,2
212133,"R",68301,"A",,"R",22629,"G",2277,"G",943,"R",2353,"R",1163,"R",47,2
212160,"R",170294,"A",,"R",25684,"G",5676,"G",1070,"G",5676,"G",1070,"A",,2
212197,"R",58521,"A",,"R",803,"G",1951,"G",33,"R",1919,"R",25,"A",,2
212212,"A",,"R",49269,"A",,"G",55,"A",,"G",55,"A",,"A",,1
212230,"A",,"R",46709,"A",,"G",52,"A",,"G",52,"A",,"A",,1
212267,"A",,"R",130825,"A",,"G",145,"A",,"G",145,"A",,"A",,1
212276,"A",,"R",101629,"A",,"G",113,"A",,"G",113,"A",,"A",,1
212285,"A",,"R",60036,"A",,"G",67,"A",,"G",67,"A",,"A",,1
212294,"A",,"R",54301,"A",,"G",60,"A",,"G",60,"A",,"A",,1
212300,"A",,"R",56797,"A",,"G",63,"A",,"G",63,"A",,"A",,1
212328,"A",,"R",127933,"A",,"G",142,"A",,"G",142,"A",,"A",,1
212337,"A",,"R",140586,"A",,"G",156,"A",,"G",156,"A",,"A",,1
212355,"A",,"R",196271,"A",,"G",218,"A",,"G",218,"A",,"A",,1
212373,"A",,"R",78726,"A",,"G",87,"A",,"G",87,"A",,"A",,1
212382,"A",,"R",157447,"A",,"G",175,"A",,"G",175,"A",,"A",,1
212391,"A",,"R",134510,"A",,"G",149,"A",,"G",149,"A",,"A",,1
212425,"R",6105,"R",44848,"A",,"G",253,"A",,"G",253,"A",,"A",,3
212434,"R",19215,"A",,"A",,"G",427,"A",,"G",427,"A",,"A",,2
212443,"A",,"A",,"R",2135,"A",,"G",89,"A",,"G",89,"A",,-2
212452,"R",786,"A",,"R",1008,"G",26,"G",42,"G",26,"G",42,"A",,2
212568,"R",7062,"A",,"A",,"G",235,"A",,"G",235,"A",,"A",,2
212577,"R",77548,"A",,"A",,"G",2585,"A",,"G",2585,"A",,"A",,2
212601,"R",85871,"A",,"R",21548,"G",2862,"G",898,"G",2862,"G",898,"R",122,2
212656,"R",50226,"A",,"R",7080,"G",1674,"G",295,"G",1674,"G",295,"A",,2
212674,"R",83146,"A",,"A",,"G",2772,"A",,"G",2772,"A",,"A",,2
212683,"A",,"R",75192,"A",,"G",84,"A",,"G",84,"A",,"A",,1
212708,"A",,"R",135599,"A",,"G",151,"A",,"G",151,"A",,"A",,1
212753,"A",,"R",213336,"A",,"G",237,"A",,"G",237,"A",,"A",,1
212771,"R",1036,"A",,"R",20430,"G",35,"G",851,"G",35,"G",851,"A",,2
212805,"R",76800,"A",,"A",,"G",2560,"A",,"G",2560,"A",,"A",,2
212832,"R",56605,"A",,"R",5715,"G",1887,"G",238,"G",1887,"G",238,"A",,2
212869,"R",34532,"A",,"A",,"G",1151,"A",,"G",1151,"A",,"A",,2
212878,"R",398289,"A",,"A",,"G",13276,"A",,"G",13276,"A",,"A",,2
212911,"R",37736,"A",,"A",,"G",1258,"A",,"G",1258,"A",,"A",,2
212975,"R",11574,"A",,"A",,"G",386,"A",,"G",386,"A",,"A",,2
212984,"R",52888,"A",,"R",13011,"G",1763,"G",542,"G",1763,"G",542,"A",,2
212993,"R",2940,"A",,"A",,"G",98,"A",,"G",98,"A",,"A",,2
213002,"R",29631,"A",,"A",,"G",988,"A",,"G",988,"A",,"A",,2
213011,"R",65612,"A",,"R",17403,"G",2187,"G",725,"R",2734,"R",967,"A",,2
213020,"R",379584,"R",252405,"R",36920,"G",12933,"G",1538,"G",12933,"G",1538,"R",61,3
213057,"R",15141,"A",,"A",,"G",336,"A",,"G",336,"A",,"A",,2
213163,"R",2752,"A",,"A",,"G",92,"A",,"G",92,"A",,"A",,2
213181,"A",,"R",485879,"A",,"G",540,"A",,"G",540,"A",,"A",,1
213215,"A",,"R",106493,"A",,"G",118,"A",,"G",118,"A",,"A",,1
213233,"R",13683,"A",,"A",,"G",456,"A",,"G",456,"A",,"A",,2
213251,"R",47312,"A",,"R",238,"G",1577,"G",10,"G",1577,"G",10,"A",,2
213303,"R",54255,"A",,"R",307,"G",1809,"G",13,"G",1809,"G",13,"A",,2
213312,"R",13830,"A",,"A",,"G",461,"A",,"G",461,"A",,"A",,2
213321,"R",62712,"A",,"R",7252,"G",2090,"G",302,"G",2090,"G",302,"A",,2
213330,"A",,"R",36900,"A",,"G",41,"A",,"G",41,"A",,"A",,1
213349,"R",259412,"A",,"R",10837,"G",8647,"G",452,"G",8647,"G",452,"A",,2
213358,"R",37183,"A",,"R",1967,"G",1239,"G",82,"G",1239,"G",82,"A",,2
213367,"R",125962,"A",,"R",26844,"G",4199,"G",1119,"G",4199,"G",1119,"R",122,2
213376,"R",41461,"A",,"A",,"G",1382,"A",,"G",1382,"A",,"A",,2
213385,"R",76870,"A",,"A",,"G",2562,"A",,"G",2562,"A",,"A",,2
213400,"R",28958,"A",,"R",5059,"G",965,"G",211,"G",965,"G",211,"A",,2
213446,"A",,"A",,"R",2014,"A",,"G",84,"A",,"G",84,"Z",0,-2
213455,"A",,"R",99975,"A",,"G",111,"A",,"G",111,"A",,"A",,1
213473,"R",9322,"R",25831,"A",,"G",339,"A",,"G",339,"A",,"A",,3
213491,"A",,"R",76209,"A",,"G",85,"A",,"G",85,"A",,"A",,1
213507,"R",50723,"A",,"R",2521,"G",1691,"G",105,"G",1691,"G",105,"R",93,2
213525,"R",131719,"A",,"A",,"G",4391,"A",,"G",4391,"A",,"A",,2
213534,"R",52290,"A",,"A",,"G",1162,"A",,"G",1162,"A",,"A",,2
213543,"R",159167,"A",,"R",30210,"G",5306,"G",1259,"G",5306,"G",1259,"A",,2
213552,"A",,"R",99019,"A",,"G",110,"A",,"G",110,"A",,"A",,1
213570,"A",,"R",514297,"A",,"G",571,"A",,"G",571,"A",,"A",,1
213589,"A",,"R",350446,"A",,"G",389,"A",,"G",389,"A",,"A",,1
213598,"R",49481,"A",,"R",9426,"G",1649,"G",393,"G",1649,"G",393,"A",,2
213613,"R",143162,"A",,"R",9896,"G",4772,"G",412,"G",4772,"G",412,"A",,2
213622,"R",5618,"A",,"A",,"G",187,"A",,"G",187,"A",,"A",,2
213631,"A",,"A",,"R",2843,"A",,"G",118,"A",,"R",103,"A",,-2
213640,"A",,"A",,"R",3078,"A",,"G",128,"A",,"G",128,"R",15,-2
213659,"R",141730,"A",,"A",,"G",4724,"A",,"G",4724,"A",,"A",,2
213668,"R",42340,"A",,"A",,"G",1411,"A",,"G",1411,"A",,"A",,2
213686,"R",2430,"A",,"A",,"G",81,"A",,"G",81,"A",,"A",,2
213774,"R",20963,"A",,"A",,"G",699,"A",,"G",699,"A",,"A",,2
213783,"R",80377,"A",,"R",3536,"G",2679,"G",147,"G",2679,"G",147,"A",,2
213826,"R",66316,"A",,"R",17952,"G",2211,"G",748,"G",2211,"G",748,"R",39,2
213914,"R",14010,"A",,"A",,"G",467,"A",,"G",467,"A",,"A",,2
213932,"R",3797,"A",,"A",,"G",127,"A",,"G",127,"A",,"A",,2
213987,"R",80083,"A",,"R",5267,"G",2669,"G",219,"G",2669,"G",219,"A",,2
213996,"R",86486,"A",,"R",3654,"G",2883,"G",152,"G",2883,"R",203,"A",,2
214023,"A",,"R",95000,"A",,"G",106,"A",,"G",106,"A",,"A",,1
214041,"R",211439,"A",,"R",16682,"G",7048,"G",695,"G",7048,"G",695,"A",,2
214069,"R",67194,"A",,"R",7534,"G",2240,"G",314,"G",2240,"G",314,"R",170,2
214111,"R",261690,"A",,"A",,"G",8723,"A",,"G",8723,"A",,"A",,2
214148,"R",13644,"A",,"R",926,"G",455,"G",39,"G",455,"G",39,"A",,2
214157,"R",49254,"A",,"R",3442,"G",1642,"G",143,"G",1642,"G",143,"A",,2
214166,"R",46783,"A",,"R",959,"G",1559,"G",40,"G",1559,"G",40,"A",,2
214175,"R",83762,"A",,"A",,"G",2792,"A",,"G",2792,"A",,"A",,2
214254,"R",39448,"A",,"A",,"G",1315,"A",,"G",1315,"A",,"A",,2
214272,"R",71470,"A",,"R",5751,"G",2382,"G",240,"G",2382,"G",240,"R",162,2
214290,"R",19200,"A",,"A",,"G",640,"A",,"G",640,"A",,"A",,2
214315,"R",4422,"A",,"A",,"G",98,"A",,"R",111,"A",,"A",,2
214379,"R",215859,"A",,"A",,"G",7195,"A",,"G",7195,"A",,"A",,2
214476,"R",2080,"A",,"A",,"G",69,"A",,"G",69,"A",,"A",,2
214528,"R",19227,"R",17190,"A",,"G",660,"A",,"R",722,"A",,"A",,3
214546,"A",,"R",36750,"A",,"G",41,"A",,"G",41,"A",,"A",,1
214564,"A",,"A",,"R",10032,"A",,"G",418,"A",,"R",409,"R",987,-2
214582,"R",29268,"A",,"A",,"G",976,"A",,"G",976,"A",,"A",,2
214591,"R",118873,"A",,"R",1502,"G",3962,"G",63,"G",3962,"G",63,"A",,2
214607,"A",,"A",,"R",9110,"A",,"G",380,"A",,"G",380,"A",,-2
214616,"A",,"A",,"R",4007,"A",,"G",167,"A",,"G",167,"R",589,-2
214625,"R",19240,"A",,"R",0,"G",641,"G",0,"G",641,"G",0,"A",,2
214634,"R",13539,"A",,"R",0,"G",451,"G",0,"G",451,"G",0,"A",,2
214643,"R",17725,"A",,"R",336,"G",591,"G",14,"G",591,"G",14,"A",,2
214652,"R",31987,"A",,"R",0,"G",1066,"G",0,"G",1066,"G",0,"A",,2
214670,"R",24048,"A",,"R",534,"G",802,"G",22,"G",802,"G",22,"A",,2
214689,"R",109694,"A",,"R",8,"G",3656,"G",0,"G",3656,"G",0,"A",,2
214698,"R",20519,"A",,"R",3,"G",684,"G",0,"G",684,"G",0,"A",,2
214704,"R",77505,"A",,"R",507,"G",2584,"G",21,"G",2584,"G",21,"A",,2
214713,"R",97956,"A",,"R",12779,"G",3265,"G",532,"G",3265,"G",532,"A",,2
214731,"R",42015,"A",,"R",0,"G",1401,"G",0,"G",1401,"G",0,"A",,2
214740,"R",17800,"A",,"R",12,"G",593,"G",1,"G",593,"G",1,"A",,2
214759,"R",23737,"A",,"R",0,"G",791,"G",0,"G",791,"G",0,"A",,2
214768,"R",30765,"A",,"R",0,"G",1026,"G",0,"G",1026,"G",0,"A",,2
214777,"R",1208068,"A",,"R",125139,"G",40269,"G",5214,"G",40269,"G",5214,"R",371,2
214786,"R",18551,"A",,"R",0,"G",618,"G",0,"G",618,"G",0,"A",,2
214795,"R",27670,"A",,"R",7,"G",922,"G",0,"G",922,"G",0,"A",,2
214801,"R",94282,"A",,"R",296,"G",3143,"G",12,"G",3143,"G",12,"A",,2
214810,"R",23233,"A",,"R",4,"G",774,"G",0,"G",774,"G",0,"A",,2
214829,"R",27904,"A",,"R",800,"G",930,"G",33,"G",930,"G",33,"A",,2
214838,"R",7560,"A",,"A",,"G",252,"A",,"G",252,"A",,"A",,2
214883,"R",40847,"A",,"A",,"G",1362,"A",,"G",1362,"A",,"A",,2
214892,"R",20800,"A",,"A",,"G",462,"A",,"G",462,"A",,"A",,2
214944,"A",,"R",508012,"A",,"G",564,"A",,"G",564,"A",,"A",,1
214962,"A",,"R",71100,"A",,"G",79,"A",,"G",79,"A",,"A",,1
214971,"R",6103,"A",,"R",3477,"G",203,"G",145,"G",203,"G",145,"A",,2
215008,"A",,"R",125704,"A",,"G",140,"A",,"G",140,"A",,"A",,1
215026,"A",,"R",23175,"A",,"G",26,"A",,"G",26,"A",,"A",,1
215044,"A",,"R",155025,"A",,"G",172,"A",,"G",172,"A",,"A",,1
215053,"R",6836,"A",,"A",,"G",228,"A",,"G",228,"A",,"A",,2
215062,"R",418476,"A",,"R",281845,"G",13949,"G",11744,"R",10101,"R",9337,"R",2228,2
215099,"R",86992,"A",,"R",17490,"G",2900,"G",729,"G",2900,"G",729,"A",,2
215105,"R",59187,"A",,"R",5397,"G",1973,"G",225,"G",1973,"G",225,"A",,2
215114,"R",26843,"A",,"R",3965,"G",895,"G",165,"G",895,"G",165,"A",,2
215123,"A",,"A",,"R",23665,"A",,"G",986,"A",,"G",986,"R",1796,-2
215132,"R",61674,"A",,"R",9798,"G",2056,"G",408,"G",2056,"G",408,"R",546,2
215239,"R",453465,"A",,"A",,"G",15116,"A",,"G",15116,"A",,"A",,2
215266,"R",42984,"A",,"A",,"G",1433,"A",,"G",1433,"A",,"A",,2
215275,"R",50208,"A",,"A",,"G",1674,"A",,"G",1674,"A",,"A",,2
215284,"R",84448,"A",,"A",,"G",2815,"A",,"G",2815,"A",,"A",,2
215293,"R",556956,"A",,"R",205728,"G",18565,"G",8572,"G",18565,"G",8572,"R",2245,2
215309,"R",10151,"A",,"A",,"G",338,"A",,"G",338,"A",,"A",,2
215336,"A",,"R",45000,"A",,"G",50,"A",,"G",50,"A",,"A",,1
215381,"R",9024,"R",282055,"A",,"G",514,"A",,"G",514,"A",,"A",,3
215390,"R",8145,"A",,"A",,"G",272,"A",,"G",272,"A",,"A",,2
215415,"R",126225,"A",,"A",,"G",2805,"A",,"G",2805,"A",,"A",,2
215424,"A",,"A",,"R",4928,"A",,"G",137,"A",,"R",198,"A",,-2
215433,"R",11910,"A",,"A",,"G",397,"A",,"G",397,"A",,"A",,2
215442,"R",90823,"A",,"R",11944,"G",3027,"G",498,"G",3027,"G",498,"A",,2
215479,"R",2811,"A",,"A",,"G",94,"A",,"R",92,"A",,"A",,2
215530,"A",,"R",52200,"A",,"G",58,"A",,"G",58,"A",,"A",,1
215585,"R",88217,"A",,"A",,"G",2941,"A",,"R",3066,"A",,"A",,2
215594,"A",,"R",325593,"A",,"G",362,"A",,"G",362,"A",,"A",,1
215619,"A",,"A",,"R",581,"A",,"G",24,"A",,"G",24,"A",,-2
215628,"A",,"A",,"R",2323,"A",,"G",65,"A",,"G",65,"R",12,-2
215637,"R",13100,"A",,"A",,"G",291,"A",,"G",291,"A",,"A",,2
215646,"R",24836,"A",,"A",,"G",828,"A",,"G",828,"A",,"A",,2
215655,"R",124465,"A",,"R",16170,"G",4149,"G",674,"G",4149,"G",674,"R",44,2
215682,"R",28956,"A",,"A",,"G",965,"A",,"G",965,"A",,"A",,2
215691,"R",14578,"A",,"R",7111,"G",486,"G",296,"G",486,"G",296,"A",,2
215743,"R",59156,"A",,"R",15930,"G",1972,"G",664,"G",1972,"G",664,"R",96,2
215770,"R",151023,"A",,"R",55091,"G",5034,"G",2295,"R",4709,"R",1813,"A",,2
215798,"R",48310,"A",,"R",3994,"G",1610,"G",166,"G",1610,"G",166,"Z",0,2
215813,"A",,"A",,"R",1940,"A",,"G",81,"A",,"G",81,"A",,-2
215886,"A",,"R",135900,"A",,"G",151,"A",,"G",151,"A",,"A",,1
215929,"R",128016,"A",,"R",29310,"G",4267,"G",1221,"G",4267,"G",1221,"R",166,2
215947,"R",51679,"A",,"R",10658,"G",1723,"G",444,"G",1723,"G",444,"A",,2
215974,"R",10470,"A",,"A",,"G",349,"A",,"G",349,"A",,"A",,2
215983,"R",1610,"A",,"A",,"G",54,"A",,"G",54,"A",,"A",,2
215992,"R",9917,"R",54075,"A",,"G",391,"A",,"G",391,"A",,"A",,3
216010,"R",191739,"A",,"R",15841,"G",6391,"G",660,"G",6391,"G",660,"A",,2
216038,"R",237474,"A",,"R",12194,"G",7916,"G",508,"G",7916,"G",508,"R",218,2
216047,"R",2293,"A",,"R",2505,"G",76,"G",104,"G",76,"G",104,"A",,2
216074,"A",,"R",84980,"A",,"G",94,"A",,"G",94,"A",,"A",,1
216083,"A",,"R",517593,"A",,"G",575,"A",,"G",575,"A",,"A",,1
216162,"R",5556,"A",,"A",,"G",185,"A",,"G",185,"A",,"A",,2
216223,"A",,"R",62200,"A",,"G",69,"A",,"G",69,"A",,"A",,1
216278,"R",74847,"A",,"A",,"G",2495,"A",,"G",2495,"A",,"A",,2
216287,"R",50545,"A",,"A",,"G",1685,"A",,"R",1580,"A",,"A",,2
216296,"R",28844,"A",,"A",,"G",961,"A",,"G",961,"A",,"A",,2
216311,"R",5119,"A",,"A",,"G",171,"A",,"R",122,"A",,"A",,2
216339,"R",786047,"A",,"R",91547,"G",26202,"G",3814,"G",26202,"G",3814,"R",3214,2
216348,"A",,"A",,"R",633,"A",,"G",18,"A",,"R",20,"A",,-2
216357,"R",30561,"A",,"A",,"G",1019,"A",,"G",1019,"A",,"A",,2
216366,"R",30049,"A",,"R",27286,"G",1002,"G",1137,"G",1002,"G",1137,"R",1516,2
216418,"R",43170,"A",,"A",,"G",1439,"A",,"G",1439,"A",,"A",,2
216427,"R",3960,"A",,"A",,"G",132,"A",,"G",132,"A",,"A",,2
216436,"R",13423,"A",,"A",,"G",447,"A",,"G",447,"A",,"A",,2
216445,"R",7981,"A",,"A",,"G",266,"A",,"G",266,"A",,"A",,2
216454,"R",8023,"A",,"A",,"G",267,"A",,"G",267,"A",,"A",,2
216463,"A",,"A",,"R",4107,"A",,"G",171,"A",,"G",171,"A",,-2
216524,"R",53936,"A",,"A",,"G",1798,"A",,"R",1673,"A",,"A",,2
216542,"R",24576,"A",,"R",579,"G",819,"G",24,"G",819,"G",24,"A",,2
216551,"R",7410,"A",,"A",,"G",247,"A",,"G",247,"A",,"A",,2
216579,"A",,"R",119197,"A",,"G",132,"A",,"R",184,"A",,"A",,1
216597,"R",227648,"A",,"R",42296,"G",7588,"G",1762,"G",7588,"G",1762,"R",687,2
216630,"R",1275,"R",115225,"A",,"G",156,"A",,"G",156,"A",,"A",,3
216649,"A",,"R",19800,"A",,"G",22,"A",,"G",22,"A",,"A",,1
216667,"R",48195,"A",,"A",,"G",1607,"A",,"R",1424,"A",,"A",,2
216694,"R",48980,"A",,"R",10722,"G",1633,"G",447,"G",1633,"G",447,"R",33,2
216746,"A",,"R",69317,"A",,"G",77,"A",,"G",77,"A",,"A",,1
216764,"R",391477,"A",,"R",34620,"G",13049,"G",1443,"G",13049,"G",1443,"A",,2
216773,"R",2268,"A",,"A",,"G",76,"A",,"G",76,"A",,"A",,2
216782,"R",19952,"A",,"A",,"G",665,"A",,"G",665,"A",,"A",,2
216807,"R",46293,"A",,"R",648,"G",1543,"G",27,"G",1543,"G",27,"A",,2
216816,"A",,"A",,"R",9478,"A",,"G",395,"A",,"R",377,"R",33,-2
216825,"R",140071,"A",,"A",,"G",4669,"A",,"G",4669,"A",,"A",,2
216852,"R",90783,"A",,"R",24600,"G",3026,"G",1025,"G",3026,"G",1025,"R",291,2
216931,"R",69678,"A",,"R",38135,"G",2323,"G",1589,"G",2323,"G",1589,"R",285,2
216986,"R",3726,"A",,"A",,"G",83,"A",,"G",83,"A",,"A",,2
217013,"R",15276,"A",,"R",1082,"G",509,"G",45,"G",509,"G",45,"A",,2
217040,"R",1659,"A",,"R",0,"G",55,"G",0,"G",55,"G",0,"A",,2
217059,"R",148879,"A",,"R",4249,"G",4963,"G",177,"G",4963,"G",177,"R",6,2
217077,"R",66360,"A",,"A",,"G",2212,"A",,"G",2212,"A",,"A",,2
217086,"R",5285,"A",,"A",,"G",176,"A",,"G",176,"A",,"A",,2
217095,"A",,"R",153689,"A",,"G",171,"A",,"G",171,"A",,"A",,1
217156,"R",201154,"A",,"R",42064,"G",6705,"G",1753,"R",6447,"R",1905,"R",451,2
217165,"R",96458,"A",,"R",5393,"G",3215,"G",225,"G",3215,"G",225,"A",,2
217235,"R",454037,"A",,"R",29079,"G",10090,"G",808,"G",10090,"G",808,"A",,2
217244,"R",25926,"A",,"A",,"G",864,"A",,"G",864,"A",,"A",,2
217305,"R",140669,"A",,"R",2061,"G",3126,"G",57,"G",3126,"G",57,"A",,2
217323,"A",,"R",352620,"A",,"G",392,"A",,"G",392,"A",,"A",,1
217350,"A",,"R",47820,"A",,"G",53,"A",,"G",53,"A",,"A",,1
217402,"R",117824,"A",,"R",9242,"G",3927,"G",385,"G",3927,"G",385,"A",,2
217420,"R",192663,"A",,"R",18400,"G",6422,"G",767,"G",6422,"G",767,"A",,2
217475,"R",315013,"A",,"A",,"G",10500,"A",,"G",10500,"A",,"A",,2
217484,"R",391397,"A",,"R",38627,"G",13047,"G",1609,"G",13047,"R",1931,"R",697,2
217493,"R",63125,"A",,"R",14640,"G",2104,"G",610,"G",2104,"R",427,"A",,2
217518,"R",123215,"A",,"R",6437,"G",4107,"G",268,"G",4107,"G",268,"A",,2
217536,"R",60366,"A",,"R",8096,"G",2012,"G",337,"G",2012,"G",337,"A",,2
217572,"A",,"R",107100,"A",,"G",119,"A",,"G",119,"A",,"A",,1
217581,"A",,"R",97434,"A",,"G",108,"A",,"G",108,"A",,"A",,1
217606,"R",9679,"A",,"A",,"G",323,"A",,"G",323,"A",,"A",,2
217615,"R",63199,"A",,"A",,"G",2107,"A",,"G",2107,"A",,"A",,2
217624,"R",20435,"A",,"A",,"G",681,"A",,"G",681,"A",,"A",,2
217633,"R",68727,"A",,"R",5248,"G",2291,"G",219,"G",2291,"G",219,"A",,2
217688,"R",83312,"A",,"R",5641,"G",2777,"G",235,"G",2777,"G",235,"A",,2
217712,"R",49468,"A",,"A",,"G",1649,"A",,"G",1649,"A",,"A",,2
217721,"R",91171,"A",,"A",,"G",3039,"A",,"G",3039,"A",,"A",,2
217749,"R",89557,"A",,"R",7753,"G",2985,"G",323,"G",2985,"G",323,"A",,2
217776,"R",34880,"A",,"R",9249,"G",1163,"G",385,"G",1163,"G",385,"A",,2
217794,"A",,"R",110110,"A",,"G",122,"A",,"G",122,"A",,"A",,1
217819,"R",307438,"A",,"R",17426,"G",10248,"G",726,"G",10248,"G",726,"A",,2
217828,"A",,"R",115584,"A",,"G",128,"A",,"G",128,"A",,"A",,1
217837,"R",28129,"A",,"A",,"G",938,"A",,"G",938,"A",,"A",,2
217864,"R",93143,"A",,"R",13862,"G",3105,"G",578,"G",3105,"G",578,"A",,2
217873,"R",57290,"A",,"R",1301,"G",1910,"G",54,"G",1910,"G",54,"A",,2
217882,"R",503732,"A",,"R",80157,"G",16791,"G",3340,"G",16791,"G",3340,"A",,2
217891,"R",4289,"A",,"A",,"G",143,"A",,"G",143,"A",,"A",,2
217907,"R",33423,"A",,"R",147,"G",1114,"G",6,"G",1114,"G",6,"A",,2
217925,"R",16811,"A",,"R",9800,"G",560,"G",408,"G",560,"G",408,"A",,2
217934,"R",30567,"A",,"R",4838,"G",1019,"G",202,"G",1019,"G",202,"A",,2
217961,"R",22583,"A",,"R",17468,"G",753,"G",728,"G",753,"G",728,"A",,2
217989,"R",61506,"A",,"A",,"G",2050,"A",,"G",2050,"A",,"A",,2
217998,"R",16237,"A",,"R",2596,"G",541,"G",108,"G",541,"G",108,"A",,2
218025,"R",134051,"A",,"A",,"G",4468,"A",,"G",4468,"A",,"A",,2
218043,"R",7953,"A",,"A",,"G",177,"A",,"G",177,"A",,"A",,2
218061,"R",101950,"A",,"R",5425,"G",3398,"G",226,"G",3398,"G",226,"A",,2
218070,"R",85957,"A",,"R",2943,"G",2865,"G",123,"G",2865,"G",123,"A",,2
218089,"R",4778,"A",,"R",1855,"G",159,"G",77,"G",159,"G",77,"A",,2
218113,"R",295779,"A",,"A",,"G",9859,"A",,"G",9859,"A",,"A",,2
218140,"R",173151,"A",,"A",,"G",5772,"A",,"G",5772,"A",,"A",,2
218159,"A",,"R",97600,"A",,"G",108,"A",,"G",108,"A",,"A",,1
218195,"A",,"R",99560,"A",,"G",111,"A",,"G",111,"A",,"A",,1
218229,"R",83950,"A",,"R",1731,"G",2798,"G",72,"G",2798,"G",72,"A",,2
218238,"R",82071,"A",,"R",537,"G",2736,"G",22,"G",2736,"G",22,"A",,2
218265,"A",,"A",,"R",2047,"A",,"G",85,"A",,"G",85,"A",,-2
218335,"R",8348,"A",,"R",44630,"G",278,"G",1860,"G",278,"G",1860,"R",2996,2
218353,"R",267487,"A",,"A",,"G",8916,"A",,"G",8916,"A",,"A",,2
218399,"R",28315,"A",,"A",,"G",944,"A",,"G",944,"A",,"A",,2
218414,"R",32166,"A",,"A",,"G",1072,"A",,"G",1072,"A",,"A",,2
218441,"R",66441,"A",,"R",3022,"G",2215,"G",126,"G",2215,"G",126,"A",,2
218487,"R",63381,"A",,"A",,"G",2113,"A",,"G",2113,"A",,"A",,2
218520,"R",144944,"A",,"A",,"G",4831,"A",,"G",4831,"A",,"A",,2
218539,"R",35354,"A",,"A",,"G",1178,"A",,"G",1178,"A",,"R",231,2
218645,"R",82300,"A",,"R",1732,"G",2743,"G",72,"G",2743,"G",72,"A",,2
218654,"R",47262,"A",,"A",,"G",1575,"A",,"G",1575,"A",,"A",,2
218663,"R",694948,"A",,"R",110978,"G",23165,"G",4624,"G",23165,"G",4624,"R",3232,2
218672,"R",36771,"A",,"A",,"G",1226,"A",,"G",1226,"A",,"A",,2
218681,"R",23085,"A",,"A",,"G",770,"A",,"G",770,"A",,"A",,2
218690,"R",20840,"A",,"A",,"G",695,"A",,"G",695,"A",,"A",,2
218706,"R",10527,"A",,"A",,"G",351,"A",,"G",351,"A",,"A",,2
218724,"R",252958,"A",,"R",10767,"G",8432,"G",449,"G",8432,"G",449,"A",,2
218733,"R",92532,"A",,"R",9524,"G",3084,"G",397,"G",3084,"G",397,"A",,2
218742,"R",147707,"A",,"R",1668,"G",4924,"G",70,"G",4924,"G",70,"A",,2
218751,"A",,"A",,"A",,"A",,"A",,"A",,"A",,"R",231,-2
218821,"R",24634,"A",,"A",,"G",821,"A",,"G",821,"A",,"A",,2
218830,"R",129259,"A",,"A",,"G",4309,"A",,"G",4309,"A",,"A",,2
218858,"R",93246,"A",,"A",,"G",3108,"A",,"G",3108,"A",,"A",,2
218867,"A",,"R",29444,"A",,"G",33,"A",,"G",33,"A",,"A",,1
218885,"R",155216,"A",,"A",,"G",5174,"A",,"G",5174,"A",,"A",,2
218894,"R",393755,"A",,"A",,"G",13125,"A",,"G",13125,"A",,"A",,2
218919,"R",19728,"A",,"A",,"G",658,"A",,"G",658,"A",,"A",,2
218955,"R",14945,"A",,"A",,"G",498,"A",,"G",498,"A",,"A",,2
218964,"R",144182,"A",,"R",18454,"G",4806,"G",769,"G",4806,"G",769,"A",,2
218973,"R",52485,"A",,"A",,"G",1750,"A",,"G",1750,"A",,"A",,2
218991,"R",107156,"A",,"A",,"G",3572,"A",,"G",3572,"A",,"A",,2
219000,"R",54450,"A",,"R",1068,"G",1815,"G",45,"G",1815,"G",45,"A",,2
219037,"A",,"R",163800,"A",,"G",182,"A",,"G",182,"A",,"A",,1
219046,"R",89229,"A",,"R",4600,"G",2974,"G",192,"G",2974,"G",192,"A",,2
219055,"R",6809,"A",,"A",,"G",227,"A",,"G",227,"A",,"A",,2
219082,"R",52964,"A",,"R",3327,"G",1765,"G",139,"G",1765,"G",139,"A",,2
219091,"R",22442,"A",,"R",802,"G",748,"G",33,"G",748,"G",33,"A",,2
219125,"A",,"R",119256,"A",,"G",133,"A",,"G",133,"A",,"A",,1
219143,"R",53841,"A",,"A",,"G",1795,"A",,"G",1795,"A",,"A",,2
219170,"A",,"R",38400,"A",,"G",43,"A",,"R",20,"A",,"A",,1
219189,"R",34398,"A",,"A",,"G",1147,"A",,"G",1147,"A",,"A",,2
219198,"R",23796,"A",,"R",2830,"G",793,"G",118,"G",793,"G",118,"A",,2
219204,"R",66102,"A",,"R",9360,"G",1469,"G",260,"G",1469,"G",260,"A",,2
219213,"R",25951,"A",,"A",,"G",577,"A",,"G",577,"A",,"A",,2
219240,"A",,"A",,"R",2608,"A",,"G",109,"A",,"G",109,"A",,-2
219259,"R",60131,"A",,"R",4766,"G",2004,"G",199,"G",2004,"G",199,"A",,2
219277,"R",30150,"A",,"R",943,"G",1005,"G",39,"G",1005,"G",39,"A",,2
219295,"R",18288,"A",,"A",,"G",610,"A",,"G",610,"A",,"A",,2
219338,"A",,"R",22402,"A",,"G",25,"A",,"G",25,"A",,"A",,1
219347,"R",56768,"A",,"R",5043,"G",1892,"G",210,"G",1892,"G",210,"A",,2
219356,"R",289478,"A",,"R",17840,"G",9649,"G",743,"G",9649,"G",743,"R",168,2
219374,"R",17742,"A",,"R",836,"G",591,"G",35,"G",591,"G",35,"A",,2
219383,"R",35784,"A",,"R",4471,"G",1193,"G",186,"G",1193,"G",186,"A",,2
219392,"A",,"R",46800,"A",,"G",52,"A",,"G",52,"A",,"A",,1
219408,"R",4180,"A",,"A",,"G",139,"A",,"G",139,"A",,"A",,2
219426,"R",71594,"A",,"A",,"G",2386,"A",,"G",2386,"A",,"A",,2
219453,"A",,"R",198900,"A",,"G",221,"A",,"G",221,"A",,"A",,1
219471,"R",176662,"A",,"R",34544,"G",5889,"G",1439,"G",5889,"G",1439,"R",940,2
219480,"R",30699,"A",,"A",,"G",1023,"A",,"G",1023,"A",,"A",,2
219505,"R",2774,"A",,"R",153,"G",92,"G",6,"G",92,"G",6,"A",,2
219578,"R",12576,"A",,"R",649,"G",419,"G",27,"G",419,"G",27,"A",,2
219587,"A",,"R",65351,"A",,"G",73,"A",,"G",73,"A",,"A",,1
219596,"A",,"R",203414,"A",,"G",226,"A",,"G",226,"A",,"A",,1
219602,"R",240382,"A",,"R",14590,"G",8013,"G",608,"G",8013,"G",608,"A",,2
219639,"R",27720,"A",,"A",,"G",924,"A",,"G",924,"A",,"A",,2
219709,"R",159318,"A",,"R",11625,"G",5311,"G",484,"G",5311,"G",484,"R",728,2
219718,"R",140556,"A",,"R",28639,"G",4685,"G",1193,"G",4685,"G",1193,"A",,2
219790,"R",38701,"A",,"R",2286,"G",1290,"G",95,"G",1290,"G",95,"A",,2
219806,"R",49063,"A",,"R",4697,"G",1635,"G",196,"G",1635,"G",196,"A",,2
219824,"R",204795,"A",,"A",,"G",6827,"A",,"G",6827,"A",,"A",,2
219833,"R",36284,"A",,"R",9262,"G",1209,"G",386,"G",1209,"G",386,"A",,2
219842,"A",,"A",,"R",3391,"A",,"G",141,"A",,"G",141,"A",,-2
219879,"R",75000,"A",,"A",,"G",2500,"A",,"G",2500,"A",,"A",,2
219888,"R",101498,"A",,"A",,"G",3383,"A",,"G",3383,"A",,"A",,2
219903,"A",,"R",1375923,"A",,"G",1529,"A",,"G",1529,"A",,"A",,1
219921,"A",,"R",168777,"A",,"G",188,"A",,"G",188,"A",,"A",,1
219949,"R",37122,"A",,"R",5306,"G",1237,"G",221,"G",1237,"G",221,"A",,2
219976,"R",84211,"A",,"R",24469,"G",2807,"G",1020,"G",2807,"G",1020,"R",302,2
219994,"A",,"R",489674,"A",,"G",544,"A",,"G",544,"A",,"A",,1
220002,"R",8316,"R",8920,"A",,"G",195,"A",,"G",195,"A",,"A",,3
220057,"R",66335,"A",,"A",,"G",2211,"A",,"G",2211,"A",,"A",,2
220075,"R",328344,"A",,"R",43897,"G",10945,"G",1829,"G",10945,"G",1829,"R",601,2
220118,"R",15750,"R",875,"A",,"G",351,"A",,"G",351,"A",,"A",,3
220127,"A",,"R",508483,"A",,"G",565,"A",,"G",565,"A",,"A",,1
220136,"A",,"A",,"R",1886,"A",,"G",79,"A",,"R",99,"R",7,-2
220163,"A",,"R",102450,"A",,"G",114,"A",,"G",114,"A",,"A",,1
220181,"R",16047,"A",,"R",659,"G",535,"G",27,"G",535,"G",27,"A",,2
220206,"R",6264,"A",,"A",,"G",209,"A",,"G",209,"A",,"A",,2
220215,"R",43094,"A",,"R",7353,"G",1436,"G",306,"G",1436,"G",306,"A",,2
220251,"A",,"R",260912,"A",,"G",290,"A",,"G",290,"A",,"A",,1
220279,"A",,"R",353375,"A",,"G",393,"A",,"G",393,"A",,"A",,1
220312,"R",7183,"A",,"A",,"G",239,"A",,"G",239,"A",,"A",,2
220321,"A",,"R",335651,"A",,"G",373,"A",,"G",373,"A",,"A",,1
220394,"A",,"R",208101,"A",,"G",231,"A",,"G",231,"A",,"A",,1
220400,"R",88727,"A",,"A",,"G",2958,"A",,"G",2958,"A",,"A",,2
220464,"R",3132,"A",,"A",,"G",104,"A",,"G",104,"A",,"A",,2
220473,"R",23669,"A",,"R",2685,"G",789,"G",112,"G",789,"G",112,"A",,2
220491,"A",,"R",202738,"A",,"G",225,"A",,"G",225,"A",,"A",,1
220516,"R",63189,"A",,"R",8783,"G",2106,"G",366,"G",2106,"G",366,"A",,2
220552,"R",40127,"A",,"R",12388,"G",892,"G",344,"G",892,"G",344,"R",120,2
220570,"A",,"R",38517,"A",,"G",43,"A",,"G",43,"A",,"A",,1
220598,"R",46305,"A",,"A",,"G",1544,"A",,"G",1544,"A",,"A",,2
220604,"R",30281,"A",,"A",,"G",1009,"A",,"G",1009,"A",,"A",,2
220613,"R",123215,"A",,"R",7552,"G",4107,"G",315,"G",4107,"G",315,"A",,2
220631,"R",46675,"A",,"R",51600,"G",1556,"G",2150,"G",1556,"G",2150,"R",1687,2
220640,"A",,"R",369578,"A",,"G",411,"A",,"G",411,"A",,"A",,1
220701,"R",31354,"A",,"A",,"G",1045,"A",,"G",1045,"A",,"A",,2
220710,"R",34280,"A",,"A",,"G",1143,"A",,"G",1143,"A",,"A",,2
220756,"A",,"R",236183,"A",,"G",262,"A",,"G",262,"A",,"A",,1
220765,"R",1923,"R",524435,"A",,"G",647,"A",,"G",647,"A",,"A",,3
220792,"A",,"A",,"R",1143,"A",,"G",48,"A",,"G",48,"R",660,-2
220808,"R",9770,"A",,"R",996,"G",326,"G",42,"G",326,"G",42,"A",,2
220853,"A",,"R",795675,"A",,"G",884,"A",,"G",884,"A",,"A",,1
220862,"R",435732,"A",,"R",69682,"G",14524,"G",2903,"G",14524,"G",2903,"R",473,2
220871,"A",,"A",,"R",5008,"A",,"G",209,"A",,"G",209,"A",,-2
220941,"R",41398,"A",,"R",965,"G",1380,"G",40,"G",1380,"G",40,"A",,2
220978,"R",587297,"A",,"R",49234,"G",19577,"G",2051,"G",19577,"G",2051,"A",,2
220996,"A",,"A",,"R",9146,"A",,"G",254,"A",,"G",254,"Z",0,-2
221014,"R",27460,"A",,"R",4599,"G",915,"G",192,"G",915,"G",192,"A",,2
221050,"A",,"R",478694,"A",,"G",532,"A",,"G",532,"A",,"A",,1
221096,"R",87441,"A",,"A",,"G",2915,"A",,"G",2915,"A",,"A",,2
221102,"A",,"R",455606,"A",,"G",506,"A",,"G",506,"A",,"A",,1
221148,"A",,"R",1633375,"A",,"G",1815,"A",,"G",1815,"A",,"A",,1
221157,"R",9972,"A",,"A",,"G",332,"A",,"G",332,"A",,"A",,2
221184,"R",193090,"A",,"A",,"G",6436,"A",,"G",6436,"A",,"A",,2
221236,"A",,"R",253781,"A",,"G",282,"A",,"G",282,"A",,"A",,1
221254,"R",5867,"A",,"A",,"G",196,"A",,"R",188,"A",,"A",,2
221281,"A",,"R",307665,"A",,"G",342,"A",,"G",342,"A",,"A",,1
221290,"A",,"R",173166,"A",,"G",192,"A",,"G",192,"A",,"A",,1
221333,"A",,"R",307615,"A",,"G",342,"A",,"G",342,"A",,"A",,1
221351,"R",60959,"A",,"R",480,"G",2032,"G",20,"R",1958,"R",12,"A",,2
221388,"A",,"R",152173,"A",,"G",169,"A",,"G",169,"A",,"A",,1
221397,"R",129073,"A",,"A",,"G",4302,"A",,"G",4302,"A",,"A",,2
221430,"A",,"R",222139,"A",,"G",247,"A",,"G",247,"A",,"A",,1
221485,"R",241304,"A",,"A",,"G",8043,"A",,"G",8043,"A",,"A",,2
221494,"A",,"R",428372,"A",,"G",476,"A",,"G",476,"A",,"A",,1
221519,"R",49759,"A",,"R",2119,"G",1659,"G",88,"G",1659,"G",88,"R",24,2
221582,"A",,"R",196622,"A",,"G",218,"A",,"G",218,"A",,"A",,1
221591,"A",,"R",284484,"A",,"G",316,"A",,"G",316,"A",,"A",,1
221607,"A",,"R",196513,"A",,"G",218,"A",,"G",218,"A",,"A",,1
221616,"A",,"R",469474,"A",,"G",522,"A",,"G",522,"A",,"A",,1
221625,"A",,"R",590809,"A",,"G",656,"A",,"G",656,"A",,"A",,1
221634,"A",,"R",147634,"A",,"G",164,"A",,"G",164,"A",,"A",,1
221643,"R",218130,"A",,"A",,"G",7271,"A",,"G",7271,"A",,"A",,2
221661,"R",76390,"A",,"R",8441,"G",2546,"G",352,"G",2546,"G",352,"R",8,2
221670,"A",,"A",,"A",,"A",,"A",,"A",,"A",,"R",508,-2
221731,"R",34154,"A",,"R",228,"G",1138,"G",10,"G",1138,"G",10,"A",,2
221740,"R",275963,"A",,"R",23023,"G",9199,"G",959,"G",9199,"G",959,"R",177,2
221759,"R",607692,"A",,"R",125443,"G",20256,"G",5227,"G",20256,"G",5227,"R",2926,2
221768,"R",201825,"A",,"R",6840,"G",6728,"G",285,"G",6728,"G",285,"A",,2
221795,"R",8010,"A",,"A",,"G",267,"A",,"G",267,"A",,"A",,2
221829,"A",,"R",213976,"A",,"G",238,"A",,"G",238,"A",,"A",,1
221838,"R",176056,"A",,"R",35317,"G",5869,"G",1472,"G",5869,"G",1472,"A",,2
221847,"R",270632,"A",,"R",17754,"G",9021,"G",740,"G",9021,"G",740,"A",,2
221856,"R",14778,"A",,"R",4410,"G",493,"G",184,"G",493,"G",184,"A",,2
221892,"R",39456,"A",,"R",21793,"G",1315,"G",908,"G",1315,"G",908,"A",,2
221908,"R",134392,"A",,"A",,"G",4480,"A",,"G",4480,"A",,"A",,2
221953,"R",56709,"A",,"R",4321,"G",1890,"G",180,"G",1890,"G",180,"A",,2
221971,"R",82257,"A",,"R",31417,"G",2742,"G",1309,"G",2742,"G",1309,"R",210,2
221980,"A",,"R",77841,"A",,"G",86,"A",,"G",86,"A",,"A",,1
221999,"R",202640,"A",,"R",90322,"G",6755,"G",3763,"G",6755,"G",3763,"R",1149,2
222026,"A",,"R",86060,"A",,"G",96,"A",,"G",96,"A",,"A",,1
222053,"R",159340,"A",,"A",,"G",5311,"A",,"G",5311,"A",,"A",,2
222062,"R",130773,"A",,"A",,"G",4359,"A",,"G",4359,"A",,"A",,2
222099,"R",5659,"R",14783,"A",,"G",205,"A",,"G",205,"A",,"A",,3
222105,"R",330,"R",106499,"A",,"G",129,"A",,"G",129,"A",,"A",,3
222178,"R",103547,"A",,"R",13748,"G",3452,"G",573,"G",3452,"G",573,"A",,2
222567,"R",118581,"A",,"A",,"G",3953,"A",,"G",3953,"A",,"A",,2
222576,"R",198645,"A",,"A",,"G",6622,"A",,"G",6622,"A",,"A",,2
222628,"R",5823,"A",,"R",17787,"G",194,"G",741,"G",194,"G",741,"A",,2
222673,"A",,"R",121320,"A",,"G",135,"A",,"G",135,"A",,"A",,1
222707,"R",2069,"A",,"A",,"G",69,"A",,"G",69,"A",,"A",,2
222822,"R",104335,"A",,"A",,"G",3478,"A",,"G",3478,"A",,"A",,2
222831,"R",158351,"A",,"R",17781,"G",5278,"G",741,"G",5278,"G",741,"R",69,2
222877,"R",6171,"A",,"R",450,"G",206,"G",19,"G",206,"G",19,"A",,2
222886,"A",,"R",223350,"A",,"G",248,"A",,"G",248,"A",,"A",,1
222938,"R",109323,"A",,"A",,"G",2429,"A",,"G",2429,"A",,"A",,2
222983,"R",43524,"A",,"R",504,"G",1451,"G",21,"R",1209,"R",16,"A",,2
222992,"R",778708,"A",,"A",,"G",25957,"A",,"G",25957,"A",,"A",,2
223001,"A",,"A",,"R",3351,"A",,"G",140,"A",,"G",140,"R",16,-2
223056,"A",,"R",34521,"A",,"G",38,"A",,"G",38,"A",,"A",,1
223083,"R",11596,"A",,"A",,"G",387,"A",,"G",387,"A",,"A",,2
223117,"R",969,"A",,"R",1011,"G",32,"G",42,"G",32,"G",42,"A",,2
223214,"R",4743,"A",,"R",21685,"G",158,"G",904,"G",158,"G",904,"R",1189,2
223223,"A",,"A",,"R",18660,"A",,"G",778,"A",,"R",837,"R",770,-2
223232,"R",392793,"A",,"R",40967,"G",13093,"G",1707,"G",13093,"G",1707,"R",815,2
223320,"R",86391,"A",,"A",,"G",2880,"A",,"G",2880,"A",,"A",,2
223427,"A",,"R",8062872,"A",,"G",8959,"A",,"R",12644,"A",,"A",,1
223463,"R",47852,"R",63160,"A",,"G",1665,"A",,"R",1618,"A",,"A",,3
223472,"R",11579,"A",,"A",,"G",386,"A",,"G",386,"A",,"A",,2
223506,"R",77200,"A",,"A",,"G",2573,"A",,"G",2573,"A",,"A",,2
223524,"R",206049,"A",,"A",,"G",6868,"A",,"G",6868,"A",,"A",,2
223658,"A",,"R",206100,"A",,"G",229,"A",,"G",229,"A",,"A",,1
223667,"A",,"R",11787,"A",,"G",13,"A",,"G",13,"A",,"A",,1
223773,"R",108097,"A",,"A",,"G",3603,"A",,"G",3603,"A",,"A",,2
223816,"R",477321,"A",,"A",,"G",15911,"A",,"G",15911,"A",,"A",,2
223852,"A",,"R",63518,"A",,"G",71,"A",,"G",71,"A",,"A",,1
223898,"R",80601,"A",,"A",,"G",2687,"A",,"G",2687,"A",,"A",,2
223922,"A",,"R",624512,"A",,"G",694,"A",,"R",922,"A",,"A",,1
224004,"R",43623,"A",,"R",17712,"G",1454,"G",738,"G",1454,"G",738,"A",,2
224013,"A",,"R",40699,"A",,"G",45,"A",,"G",45,"A",,"A",,1
224110,"R",196512,"A",,"A",,"G",6550,"A",,"G",6550,"A",,"A",,2
224147,"R",237788,"A",,"R",27995,"G",7926,"G",1166,"G",7926,"G",1166,"A",,2
224156,"A",,"R",330085,"A",,"G",367,"A",,"G",367,"A",,"A",,1
224183,"R",7177,"A",,"A",,"G",159,"A",,"G",159,"A",,"A",,2
224226,"R",87111,"A",,"R",33022,"G",2904,"G",1376,"G",2904,"G",1376,"A",,2
224244,"R",7685,"A",,"R",81,"G",256,"G",3,"G",256,"G",3,"A",,2
224271,"R",10642,"A",,"A",,"G",236,"A",,"G",236,"A",,"A",,2
224305,"A",,"A",,"R",34101,"A",,"G",1421,"A",,"G",1421,"A",,-2
224323,"R",41641,"A",,"R",19302,"G",1388,"G",804,"G",1388,"G",804,"A",,2
224350,"A",,"R",4691464,"A",,"G",5213,"A",,"G",5213,"A",,"A",,1
224439,"R",36240,"A",,"A",,"G",1208,"A",,"G",1208,"A",,"A",,2
224527,"R",30314,"A",,"R",1253,"G",1010,"G",52,"G",1010,"G",52,"A",,2
224545,"R",31009,"A",,"R",6259,"G",1034,"G",261,"G",1034,"G",261,"A",,2
224554,"R",170998,"A",,"R",76561,"G",5700,"G",3190,"G",5700,"G",3190,"A",,2
224572,"R",249690,"A",,"A",,"G",8323,"A",,"G",8323,"A",,"A",,2
224615,"R",182579,"A",,"A",,"G",6086,"A",,"G",6086,"A",,"A",,2
224642,"R",587291,"A",,"A",,"G",19576,"A",,"G",19576,"A",,"A",,2
224660,"A",,"R",739600,"A",,"G",822,"A",,"G",822,"A",,"A",,1
224679,"A",,"R",1528436,"A",,"G",1698,"A",,"G",1698,"A",,"A",,1
224712,"A",,"A",,"R",2567,"A",,"G",107,"A",,"G",107,"A",,-2
224758,"A",,"R",91200,"A",,"G",101,"A",,"G",101,"A",,"A",,1
224776,"R",68918,"A",,"R",360,"G",1532,"G",10,"G",1532,"G",10,"A",,2
224828,"A",,"R",108151,"A",,"G",120,"A",,"G",120,"A",,"A",,1
224891,"R",24049,"A",,"A",,"G",802,"A",,"G",802,"A",,"A",,2
224907,"A",,"R",113400,"A",,"G",126,"A",,"G",126,"A",,"A",,1
224961,"R",46643,"A",,"A",,"G",1555,"A",,"G",1555,"A",,"A",,2
225070,"A",,"R",2246058,"A",,"G",2496,"A",,"G",2496,"A",,"A",,1
225201,"A",,"R",742532,"A",,"G",825,"A",,"G",825,"A",,"A",,1
225247,"R",48400,"A",,"R",7295,"G",1613,"G",304,"G",1613,"G",304,"R",186,2
225308,"R",160003,"A",,"A",,"G",5333,"A",,"G",5333,"A",,"A",,2
225371,"R",89049,"A",,"A",,"G",2968,"A",,"G",2968,"A",,"A",,2
225399,"R",57924,"A",,"R",9807,"G",1931,"G",409,"G",1931,"G",409,"A",,2
225414,"R",102165,"A",,"R",58237,"G",3406,"G",2427,"G",3406,"G",2427,"A",,2
225423,"R",1149084,"A",,"A",,"G",38303,"A",,"G",38303,"A",,"A",,2
225432,"R",299492,"A",,"R",3328,"G",9983,"G",139,"G",9983,"G",139,"A",,2
225502,"R",62265,"A",,"R",24812,"G",2076,"G",1034,"G",2076,"G",1034,"A",,2
225511,"R",807150,"A",,"R",119586,"G",26905,"G",4983,"G",26905,"G",4983,"R",1889,2
225520,"R",77620,"A",,"A",,"G",2587,"A",,"G",2587,"A",,"A",,2
225548,"R",28492,"A",,"R",945,"G",950,"G",39,"G",950,"G",39,"A",,2
225575,"R",19411,"A",,"R",456,"G",647,"G",19,"G",647,"G",19,"A",,2
225627,"R",178030,"A",,"R",22572,"G",5934,"G",941,"G",5934,"G",941,"R",693,2
225779,"A",,"R",136000,"A",,"G",151,"A",,"G",151,"A",,"A",,1
225788,"A",,"R",136000,"A",,"G",151,"A",,"G",151,"A",,"A",,1
225849,"R",29253,"A",,"A",,"G",650,"A",,"G",650,"A",,"A",,2
225858,"R",30349,"A",,"A",,"G",674,"A",,"G",674,"A",,"A",,2
225876,"R",10312,"A",,"A",,"G",344,"A",,"R",342,"A",,"A",,2
225885,"R",8923,"A",,"A",,"G",297,"A",,"G",297,"A",,"A",,2
225991,"R",6051,"A",,"A",,"G",202,"A",,"G",202,"A",,"A",,2
226019,"A",,"R",2813958,"A",,"G",3127,"A",,"G",3127,"A",,"A",,1
226091,"R",267914,"A",,"R",113463,"G",8930,"G",4728,"G",8930,"G",4728,"R",45,2
226107,"R",52524,"A",,"A",,"G",1751,"A",,"G",1751,"A",,"A",,2
226116,"A",,"R",1585805,"A",,"G",1762,"A",,"G",1762,"A",,"A",,1
226125,"A",,"R",248400,"A",,"G",276,"A",,"G",276,"A",,"A",,1
226134,"R",176703,"R",3467920,"A",,"G",9743,"A",,"G",9743,"A",,"A",,3
226152,"R",142211,"A",,"R",11120,"G",4740,"G",463,"G",4740,"G",463,"A",,2
226204,"R",128347,"A",,"A",,"G",4278,"A",,"G",4278,"A",,"A",,2
226231,"R",62309,"A",,"R",6723,"G",2077,"G",280,"G",2077,"G",280,"A",,2
226277,"A",,"R",868272,"A",,"G",965,"A",,"G",965,"A",,"A",,1
226374,"A",,"R",52537,"A",,"G",58,"A",,"G",58,"A",,"A",,1
226383,"R",43045,"A",,"R",7755,"G",1435,"G",323,"G",1435,"G",323,"A",,2
226408,"R",63763,"R",551932,"A",,"G",2739,"A",,"G",2739,"A",,"A",,3
226471,"R",77722,"A",,"R",7054,"G",2591,"G",294,"G",2591,"G",294,"A",,2
226578,"R",161195,"R",1169536,"A",,"G",6673,"A",,"G",6673,"A",,"A",,3
226587,"R",36658,"A",,"R",56,"G",1222,"G",2,"G",1222,"G",2,"A",,2
226675,"A",,"R",320390,"A",,"G",356,"A",,"G",356,"A",,"A",,1
226772,"A",,"R",55453,"A",,"G",62,"A",,"G",62,"A",,"A",,1
226806,"R",109493,"A",,"A",,"G",3650,"A",,"G",3650,"A",,"A",,2
226833,"R",135200,"A",,"R",9454,"G",4507,"G",394,"G",4507,"G",394,"A",,2
226860,"A",,"R",106950,"A",,"G",119,"A",,"G",119,"A",,"A",,1
226879,"R",10026,"A",,"A",,"G",334,"A",,"G",334,"A",,"A",,2
226903,"A",,"R",488700,"A",,"G",543,"A",,"G",543,"A",,"A",,1
226930,"R",149652,"A",,"A",,"G",4988,"A",,"G",4988,"A",,"A",,2
227003,"R",25655,"A",,"A",,"G",855,"A",,"G",855,"A",,"A",,2
227058,"A",,"R",63049,"A",,"G",70,"A",,"G",70,"A",,"A",,1
227146,"R",231340,"A",,"A",,"G",7711,"A",,"G",7711,"A",,"A",,2
227155,"A",,"R",59661,"A",,"G",66,"A",,"G",66,"A",,"A",,1
227182,"R",1356158,"A",,"A",,"G",45205,"A",,"G",45205,"A",,"A",,2
227191,"R",185715,"A",,"A",,"G",6191,"A",,"G",6191,"A",,"A",,2
227216,"R",795710,"A",,"R",124073,"G",26524,"G",5170,"G",26524,"G",5170,"R",46,2
227225,"R",69611,"A",,"A",,"G",2320,"A",,"G",2320,"A",,"A",,2
227243,"R",19317,"A",,"R",870,"G",644,"G",36,"G",644,"G",36,"A",,2
227289,"A",,"A",,"R",2226,"A",,"G",93,"A",,"G",93,"R",46,-2
227298,"R",11031,"A",,"A",,"G",368,"A",,"G",368,"A",,"A",,2
227304,"R",93213,"A",,"A",,"G",3107,"A",,"G",3107,"A",,"A",,2
227313,"A",,"R",202268,"A",,"G",225,"A",,"G",225,"A",,"A",,1
227322,"A",,"R",219919,"A",,"G",244,"A",,"G",244,"A",,"A",,1
227331,"R",37497,"A",,"R",21196,"G",1250,"G",883,"G",1250,"G",883,"R",28,2
227368,"R",440810,"A",,"R",49736,"G",14694,"G",2072,"G",14694,"G",2072,"A",,2
227377,"R",256137,"A",,"R",15039,"G",8538,"G",627,"G",8538,"G",627,"A",,2
227386,"R",54498,"A",,"A",,"G",1817,"A",,"G",1817,"A",,"A",,2
227401,"R",116245,"A",,"A",,"G",3875,"A",,"G",3875,"A",,"A",,2
227429,"R",5613,"A",,"A",,"G",187,"A",,"G",187,"A",,"A",,2
227526,"R",191569,"A",,"R",27143,"G",6386,"G",1131,"G",6386,"G",1131,"A",,2
227687,"R",42879,"A",,"A",,"G",1429,"A",,"G",1429,"A",,"A",,2
227748,"A",,"R",331500,"A",,"G",368,"A",,"G",368,"A",,"A",,1
227757,"R",116849,"A",,"R",67642,"G",3895,"G",2818,"G",3895,"G",2818,"A",,2
227766,"R",348512,"A",,"A",,"G",11617,"A",,"G",11617,"A",,"A",,2
227836,"R",28976,"A",,"A",,"G",966,"A",,"G",966,"A",,"A",,2
227845,"R",111209,"A",,"R",14418,"G",3707,"G",601,"G",3707,"G",601,"A",,2
227854,"R",179095,"A",,"A",,"G",5970,"A",,"G",5970,"A",,"A",,2
227863,"R",40651,"A",,"R",33397,"G",1355,"G",1392,"G",1355,"G",1392,"A",,2
227881,"R",425517,"A",,"R",49176,"G",14184,"G",2049,"G",14184,"G",2049,"A",,2
227924,"R",455467,"A",,"A",,"G",15182,"A",,"G",15182,"A",,"A",,2
227979,"A",,"R",12165384,"A",,"G",13517,"A",,"G",13517,"A",,"A",,1
228042,"R",31551,"A",,"R",1623,"G",1052,"G",68,"G",1052,"G",68,"A",,2
228088,"A",,"R",42891,"A",,"G",48,"A",,"G",48,"A",,"A",,1
228149,"R",41211,"A",,"R",9788,"G",1374,"G",408,"G",1374,"G",408,"R",1141,2
228158,"R",210219,"A",,"A",,"G",7007,"A",,"G",7007,"A",,"A",,2
228185,"A",,"R",50204,"A",,"G",56,"A",,"G",56,"A",,"A",,1
228194,"A",,"A",,"A",,"A",,"A",,"A",,"A",,"R",1221,-2
228200,"A",,"R",551698,"A",,"G",613,"A",,"G",613,"A",,"A",,1
228219,"A",,"R",682646,"A",,"G",758,"A",,"G",758,"A",,"A",,1
228246,"R",191928,"A",,"R",66046,"G",6398,"G",2752,"G",6398,"G",2752,"R",780,2
228282,"R",11150,"A",,"A",,"G",372,"A",,"G",372,"A",,"A",,2
228291,"A",,"R",13219,"A",,"G",15,"A",,"G",15,"A",,"A",,1
228316,"R",107061,"A",,"A",,"G",3569,"A",,"G",3569,"A",,"A",,2
228325,"R",41918,"A",,"R",5500,"G",1397,"G",229,"G",1397,"G",229,"A",,2
228343,"R",42125,"A",,"A",,"G",1404,"A",,"G",1404,"A",,"A",,2
228431,"R",309830,"A",,"R",29144,"G",10328,"G",1214,"G",10328,"G",1214,"A",,2
228459,"R",777343,"A",,"R",78991,"G",25911,"G",3291,"G",25911,"G",3291,"R",484,2
228468,"R",20571,"A",,"R",755,"G",686,"G",31,"G",686,"G",31,"A",,2
228486,"R",5650,"A",,"A",,"G",188,"A",,"G",188,"A",,"A",,2
228501,"R",47428,"A",,"R",12475,"G",1581,"G",520,"G",1581,"G",520,"A",,2
228529,"R",239632,"A",,"R",21454,"G",7988,"G",894,"G",7988,"G",894,"A",,2
228547,"R",1013240,"A",,"A",,"G",33775,"A",,"G",33775,"A",,"A",,2
228608,"R",113870,"A",,"A",,"G",3796,"A",,"G",3796,"A",,"A",,2
228635,"R",890,"A",,"R",28438,"G",30,"G",1185,"G",30,"G",1185,"R",940,2
228644,"R",28379,"A",,"R",23676,"G",946,"G",987,"G",946,"G",987,"R",1417,2
228653,"R",25256,"A",,"R",35335,"G",842,"G",1472,"G",842,"G",1472,"R",926,2
228680,"R",126302,"A",,"A",,"G",4210,"A",,"G",4210,"A",,"A",,2
228699,"R",78871,"A",,"A",,"G",2629,"A",,"G",2629,"A",,"A",,2
228705,"R",224135,"A",,"R",43767,"G",7471,"G",1824,"G",7471,"G",1824,"A",,2
228723,"R",1161368,"A",,"R",188118,"G",38712,"G",7838,"G",38712,"G",7838,"R",528,2
228769,"R",660579,"A",,"R",130423,"G",22019,"G",5434,"G",22019,"G",5434,"R",15,2
228778,"R",1102908,"A",,"R",209670,"G",36764,"G",8736,"G",36764,"G",8736,"R",1766,2
228787,"R",324391,"A",,"R",143143,"G",10813,"G",5964,"G",10813,"G",5964,"R",1009,2
228796,"R",468944,"A",,"R",57059,"G",15631,"G",2377,"G",15631,"G",2377,"R",79,2
228802,"R",135478,"A",,"R",30188,"G",4516,"G",1258,"G",4516,"G",1258,"A",,2
228866,"A",,"A",,"A",,"A",,"A",,"A",,"A",,"R",314,-2
228875,"R",250244,"A",,"R",18952,"G",8341,"G",790,"G",8341,"G",790,"R",229,2
228884,"R",23646,"A",,"A",,"G",788,"A",,"G",788,"A",,"A",,2
228909,"A",,"A",,"R",33631,"A",,"G",1401,"A",,"R",1505,"R",857,-2
228981,"R",35613,"A",,"R",228,"G",1187,"G",10,"G",1187,"G",10,"A",,2
229018,"R",78763,"A",,"R",8574,"G",2625,"G",357,"G",2625,"G",357,"A",,2
229027,"R",679058,"A",,"R",68825,"G",22635,"G",2868,"G",22635,"G",2868,"A",,2
229036,"R",23628,"A",,"A",,"G",788,"A",,"G",788,"A",,"A",,2
229063,"R",178682,"A",,"R",26322,"G",5956,"G",1097,"G",5956,"G",1097,"R",2714,2
229115,"R",748743,"A",,"R",103041,"G",24958,"G",4293,"G",24958,"G",4293,"R",876,2
229151,"A",,"R",54650,"A",,"G",61,"A",,"G",61,"A",,"A",,1
229160,"R",44328,"A",,"R",12532,"G",1478,"G",522,"G",1478,"G",522,"R",768,2
229179,"R",234190,"A",,"R",96734,"G",7806,"G",4031,"G",7806,"G",4031,"R",415,2
229267,"R",69177,"A",,"R",3858,"G",2306,"G",161,"G",2306,"G",161,"A",,2
229300,"R",25156,"A",,"R",52426,"G",839,"G",2184,"G",839,"G",2184,"R",1330,2
229319,"R",110989,"A",,"A",,"G",3700,"A",,"G",3700,"A",,"A",,2
229328,"R",27275,"A",,"A",,"G",909,"A",,"G",909,"A",,"A",,2
229337,"R",46857,"A",,"R",40972,"G",1562,"G",1707,"G",1562,"R",1883,"R",1883,2
229355,"R",243117,"A",,"A",,"G",8104,"A",,"G",8104,"A",,"A",,2
229416,"R",97066,"A",,"A",,"G",3236,"A",,"G",3236,"A",,"A",,2
229425,"A",,"R",185480,"A",,"G",206,"A",,"G",206,"A",,"A",,1
229504,"R",59494,"R",209326,"A",,"G",2216,"A",,"G",2216,"A",,"A",,3
229522,"A",,"R",66995,"A",,"G",74,"A",,"G",74,"A",,"A",,1
229540,"R",81891,"A",,"A",,"G",2730,"A",,"G",2730,"A",,"A",,2
229656,"A",,"R",134766,"A",,"G",150,"A",,"G",150,"A",,"A",,1
229780,"R",126297,"A",,"R",31576,"G",4210,"G",1316,"G",4210,"G",1316,"A",,2
229799,"R",122398,"A",,"A",,"G",4080,"A",,"G",4080,"A",,"A",,2
229814,"R",175122,"A",,"R",23592,"G",5837,"G",983,"G",5837,"G",983,"A",,2
229832,"A",,"R",1044944,"A",,"G",1161,"A",,"G",1161,"A",,"A",,1
229841,"R",150258,"A",,"A",,"G",5009,"A",,"G",5009,"A",,"A",,2
229887,"R",40965,"A",,"R",290,"G",1366,"G",12,"G",1366,"G",12,"A",,2
229957,"R",5373,"A",,"A",,"G",179,"A",,"G",179,"A",,"A",,2
230010,"A",,"R",620757,"A",,"G",690,"A",,"G",690,"A",,"A",,1
230038,"R",923243,"A",,"R",66001,"G",30775,"G",2750,"G",30775,"G",2750,"R",501,2
230047,"R",105813,"A",,"A",,"G",3527,"A",,"G",3527,"A",,"A",,2
230056,"R",10453,"A",,"R",293,"G",232,"G",8,"G",232,"G",8,"A",,2
230065,"A",,"R",287988,"A",,"G",320,"A",,"G",320,"A",,"A",,1
230135,"A",,"R",74000,"A",,"G",82,"A",,"G",82,"A",,"A",,1
230144,"A",,"R",74000,"A",,"G",82,"A",,"G",82,"A",,"A",,1
230162,"A",,"R",1404362,"A",,"G",1560,"A",,"G",1560,"A",,"A",,1
230171,"R",194558,"A",,"A",,"G",6485,"A",,"G",6485,"A",,"A",,2
230199,"A",,"R",72125,"A",,"G",80,"A",,"G",80,"A",,"A",,1
230205,"A",,"R",48600,"A",,"G",54,"A",,"G",54,"A",,"A",,1
230214,"A",,"R",335927,"A",,"G",373,"A",,"G",373,"A",,"A",,1
230366,"R",22332,"A",,"A",,"G",496,"A",,"G",496,"A",,"A",,2
230384,"R",23755,"A",,"A",,"G",528,"A",,"G",528,"A",,"A",,2
230418,"R",61756,"A",,"A",,"G",2059,"A",,"G",2059,"A",,"A",,2
230472,"R",16292,"A",,"A",,"G",543,"A",,"G",543,"A",,"A",,2
230490,"A",,"R",1051175,"A",,"G",1168,"A",,"G",1168,"A",,"A",,1
230597,"R",96734,"A",,"A",,"G",3224,"A",,"R",3393,"A",,"A",,2
230603,"R",180282,"A",,"R",12305,"G",6009,"G",513,"G",6009,"G",513,"A",,2
230621,"R",21870,"A",,"A",,"G",729,"A",,"G",729,"A",,"A",,2
230630,"A",,"R",625238,"A",,"G",695,"A",,"G",695,"A",,"A",,1
230676,"A",,"R",534997,"A",,"G",594,"A",,"G",594,"A",,"A",,1
230728,"R",576496,"A",,"R",45937,"G",19217,"G",1914,"G",19217,"G",1914,"R",55,2
230737,"R",728857,"A",,"R",2594,"G",24295,"G",108,"G",24295,"R",130,"A",,2
230746,"R",609690,"R",426361,"A",,"G",20797,"A",,"G",20797,"A",,"A",,3
230764,"R",657944,"A",,"R",156553,"G",21931,"G",6523,"G",21931,"G",6523,"R",944,2
230782,"R",513576,"A",,"R",12857,"G",17119,"G",536,"G",17119,"R",643,"A",,2
230807,"R",69688,"A",,"R",13116,"G",2323,"G",547,"G",2323,"G",547,"A",,2
230816,"R",21214,"A",,"R",4270,"G",707,"G",178,"G",707,"G",178,"A",,2
230825,"R",5153,"A",,"R",490,"G",172,"G",20,"G",172,"G",20,"A",,2
230834,"R",58151,"A",,"R",3385,"G",1938,"G",141,"G",1938,"G",141,"A",,2
230852,"R",71341,"A",,"R",5868,"G",2378,"G",245,"G",2378,"G",245,"A",,2
230861,"R",101827,"A",,"A",,"G",3394,"A",,"G",3394,"A",,"A",,2
230889,"R",6943,"A",,"R",10083,"G",231,"G",420,"G",231,"G",420,"A",,2
230898,"R",18965,"A",,"R",2664,"G",632,"G",111,"G",632,"G",111,"A",,2
230913,"R",36436,"A",,"R",3506,"G",1215,"G",146,"G",1215,"G",146,"A",,2
230931,"R",38798,"A",,"R",1247,"G",1293,"G",52,"G",1293,"G",52,"A",,2
230940,"R",7458,"A",,"R",0,"G",249,"G",0,"G",249,"G",0,"A",,2
230959,"R",83713,"A",,"R",6885,"G",2790,"G",287,"G",2790,"G",287,"A",,2
230977,"R",17128,"R",48939,"A",,"G",625,"A",,"G",625,"A",,"A",,3
230995,"R",79406,"A",,"R",37787,"G",2647,"G",1574,"G",2647,"G",1574,"A",,2
231004,"A",,"R",70215,"A",,"G",78,"A",,"G",78,"A",,"A",,1
231059,"R",61849,"A",,"R",6573,"G",2062,"G",274,"G",2062,"G",274,"A",,2
231068,"A",,"A",,"R",9595,"A",,"G",400,"A",,"G",400,"A",,-2
231077,"R",4267,"A",,"R",1961,"G",142,"G",82,"G",142,"G",82,"A",,2
231086,"R",16944,"A",,"A",,"G",565,"A",,"G",565,"A",,"A",,2
231095,"R",2781,"A",,"A",,"G",93,"A",,"G",93,"A",,"A",,2
231147,"A",,"A",,"R",6399,"A",,"G",267,"A",,"G",267,"R",539,-2
231165,"R",42369,"A",,"A",,"G",1412,"A",,"G",1412,"A",,"A",,2
231174,"R",321175,"A",,"R",20637,"G",10706,"G",860,"G",10706,"G",860,"R",551,2
231280,"A",,"R",46807,"A",,"G",52,"A",,"G",52,"A",,"A",,1
231411,"R",26354,"A",,"A",,"G",878,"A",,"G",878,"A",,"A",,2
231420,"R",25325,"A",,"R",321,"G",844,"G",13,"G",844,"G",13,"A",,2
231536,"R",86718,"A",,"A",,"G",2891,"A",,"G",2891,"A",,"A",,2
231554,"R",24997,"A",,"A",,"G",833,"A",,"G",833,"A",,"A",,2
231581,"R",54857,"A",,"A",,"G",1829,"A",,"G",1829,"A",,"A",,2
231624,"R",182945,"A",,"R",36449,"G",6098,"G",1519,"G",6098,"G",1519,"R",633,2
231651,"R",52831,"A",,"R",40025,"G",1761,"G",1668,"G",1761,"G",1668,"R",939,2
231688,"A",,"R",59400,"A",,"G",66,"A",,"G",66,"A",,"A",,1
231697,"R",82777,"A",,"A",,"G",2759,"A",,"G",2759,"A",,"A",,2
231712,"R",147754,"A",,"R",3252,"G",4925,"G",136,"G",4925,"G",136,"A",,2
231721,"A",,"R",69630,"A",,"G",77,"A",,"G",77,"A",,"A",,1
231785,"R",26179,"A",,"A",,"G",873,"A",,"G",873,"A",,"A",,2
231828,"R",33890,"A",,"A",,"G",1130,"A",,"G",1130,"A",,"A",,2
231837,"R",23213,"A",,"R",5482,"G",774,"G",228,"R",773,"G",228,"A",,2
231873,"R",24325,"A",,"A",,"G",811,"A",,"G",811,"A",,"A",,2
231882,"R",82407,"A",,"A",,"G",2747,"A",,"G",2747,"A",,"A",,2
231970,"A",,"A",,"R",13985,"A",,"G",583,"A",,"G",583,"R",532,-2
232016,"R",39248,"A",,"A",,"G",1308,"A",,"G",1308,"A",,"A",,2
232025,"R",26168,"A",,"R",907,"G",872,"G",38,"G",872,"G",38,"A",,2
232043,"R",33626,"A",,"R",7001,"G",1121,"G",292,"G",1121,"G",292,"A",,2
232052,"R",17722,"A",,"A",,"G",591,"A",,"G",591,"A",,"A",,2
232089,"R",43031,"A",,"A",,"G",1434,"A",,"G",1434,"A",,"A",,2
232186,"R",584407,"A",,"R",156538,"G",19480,"G",6522,"G",19480,"G",6522,"R",586,2
232195,"R",133658,"A",,"A",,"G",4455,"A",,"G",4455,"A",,"A",,2
232256,"R",32330,"A",,"A",,"G",1078,"A",,"G",1078,"A",,"A",,2
232265,"R",122808,"A",,"R",9600,"G",4094,"G",400,"G",4094,"G",400,"R",200,2
232308,"R",22261,"A",,"R",4922,"G",742,"G",205,"G",742,"G",205,"A",,2
232414,"R",248142,"A",,"A",,"G",8271,"A",,"G",8271,"A",,"A",,2
232423,"R",547819,"A",,"R",35193,"G",18261,"G",1466,"G",18261,"G",1466,"R",24,2
232450,"R",175910,"A",,"A",,"G",5864,"A",,"G",5864,"A",,"A",,2
232502,"R",15894,"A",,"A",,"G",530,"A",,"G",530,"A",,"A",,2
232557,"R",1162847,"A",,"R",548703,"G",38762,"G",22863,"G",38762,"G",22863,"R",249,2
232566,"R",127615,"A",,"R",7463,"G",4254,"G",311,"G",4254,"G",311,"A",,2
232575,"R",124323,"A",,"A",,"G",4144,"A",,"G",4144,"A",,"A",,2
232609,"R",65770,"A",,"R",6326,"G",2192,"G",264,"G",2192,"G",264,"R",137,2
232618,"R",6146,"A",,"A",,"G",137,"A",,"G",137,"A",,"A",,2
232672,"R",39039,"A",,"R",5539,"G",1301,"G",231,"G",1301,"G",231,"A",,2
232681,"R",125515,"A",,"R",7736,"G",4184,"G",322,"G",4184,"G",322,"A",,2
232706,"R",72353,"A",,"R",22774,"G",2412,"G",949,"G",2412,"G",949,"A",,2
232724,"R",1809,"A",,"A",,"G",60,"A",,"G",60,"A",,"A",,2
232788,"R",58446,"A",,"A",,"G",1948,"A",,"G",1948,"A",,"A",,2
232797,"R",101904,"A",,"R",1140,"G",2265,"G",32,"G",2265,"G",32,"A",,2
232867,"R",90216,"A",,"A",,"G",3007,"A",,"G",3007,"A",,"A",,2
232885,"R",9119,"A",,"A",,"G",304,"A",,"G",304,"A",,"A",,2
232919,"R",14388,"A",,"A",,"G",480,"A",,"G",480,"A",,"A",,2
232937,"R",166216,"A",,"R",11780,"G",5541,"G",491,"G",5541,"G",491,"R",15,2
232946,"R",1071630,"A",,"A",,"G",35721,"A",,"G",35721,"A",,"A",,2
232982,"R",512527,"A",,"R",65780,"G",17084,"G",2741,"R",16867,"R",3012,"R",271,2
233019,"R",67972,"A",,"A",,"G",2266,"A",,"G",2266,"A",,"A",,2
233037,"R",27645,"A",,"A",,"G",922,"A",,"G",922,"A",,"A",,2
233082,"R",2307,"A",,"A",,"G",77,"A",,"G",77,"A",,"A",,2
233091,"R",18696,"R",27800,"A",,"G",446,"A",,"G",446,"A",,"A",,3
233116,"R",90878,"A",,"A",,"G",3029,"A",,"G",3029,"A",,"A",,2
233277,"R",257382,"A",,"R",20334,"G",8579,"G",847,"R",8551,"R",859,"A",,2
233286,"A",,"R",55527,"A",,"G",62,"A",,"G",62,"A",,"A",,1
233295,"R",38989,"A",,"A",,"G",1300,"A",,"G",1300,"A",,"A",,2
233301,"R",18469,"A",,"R",697,"G",616,"G",29,"G",616,"G",29,"A",,2
233310,"R",59686,"A",,"A",,"G",1990,"A",,"G",1990,"A",,"A",,2
233329,"R",15900,"A",,"A",,"G",530,"A",,"G",530,"A",,"A",,2
233338,"R",32843,"A",,"A",,"G",1095,"A",,"G",1095,"A",,"A",,2
233356,"R",7727,"A",,"A",,"G",258,"A",,"G",258,"A",,"A",,2
233374,"R",102822,"A",,"R",7635,"G",3427,"G",318,"G",3427,"G",318,"R",478,2
233408,"R",10292,"A",,"A",,"G",343,"A",,"G",343,"A",,"A",,2
233426,"R",69465,"A",,"A",,"G",2316,"A",,"G",2316,"A",,"A",,2
233480,"R",1770,"A",,"A",,"G",59,"A",,"G",59,"A",,"A",,2
233541,"R",60699,"A",,"R",23690,"G",2023,"G",987,"G",2023,"G",987,"R",1000,2
233611,"R",20676,"A",,"A",,"G",689,"A",,"G",689,"A",,"A",,2
233639,"R",111485,"A",,"A",,"G",3716,"A",,"G",3716,"A",,"A",,2
233648,"R",55599,"A",,"A",,"G",1853,"A",,"G",1853,"A",,"A",,2
233657,"A",,"R",52950,"A",,"G",59,"A",,"G",59,"A",,"A",,1
233666,"A",,"R",26091,"A",,"G",29,"A",,"G",29,"A",,"A",,1
233684,"R",223866,"A",,"R",73089,"G",4975,"G",2030,"G",4975,"G",2030,"A",,2
233718,"R",19142,"A",,"R",627,"G",638,"G",26,"G",638,"G",26,"A",,2
233754,"R",211682,"A",,"A",,"G",7056,"A",,"G",7056,"A",,"A",,2
233772,"R",629237,"A",,"A",,"G",20975,"A",,"G",20975,"A",,"A",,2
233842,"A",,"A",,"R",4039,"A",,"G",168,"A",,"G",168,"A",,-2
233897,"R",55453,"A",,"A",,"G",1848,"A",,"G",1848,"A",,"A",,2
233903,"R",50453,"A",,"A",,"G",1682,"A",,"G",1682,"A",,"A",,2
233912,"R",14342,"A",,"A",,"G",478,"A",,"G",478,"A",,"A",,2
233921,"R",751832,"A",,"R",142152,"G",25061,"G",5923,"G",25061,"G",5923,"R",628,2
233949,"R",142852,"A",,"A",,"G",4762,"A",,"G",4762,"A",,"A",,2
234030,"R",651381,"A",,"R",118406,"G",21713,"G",4934,"G",21713,"G",4934,"R",1723,2
234076,"R",466790,"A",,"R",161127,"G",15560,"G",6714,"G",15560,"G",6714,"R",1693,2
234085,"R",57197,"A",,"A",,"G",1907,"A",,"G",1907,"A",,"A",,2
234119,"A",,"R",121022,"A",,"G",134,"A",,"G",134,"A",,"A",,1
234137,"R",12803,"A",,"R",1095,"G",427,"G",46,"G",427,"G",46,"A",,2
234155,"R",160648,"A",,"R",11034,"G",5355,"G",460,"R",5334,"R",486,"A",,2
234164,"R",39242,"A",,"R",17285,"G",1308,"G",720,"G",1308,"R",480,"A",,2
234173,"R",43038,"A",,"A",,"G",1435,"A",,"G",1435,"A",,"A",,2
234191,"A",,"R",109800,"A",,"G",122,"A",,"G",122,"A",,"A",,1
234207,"R",53434,"A",,"R",168,"G",1781,"G",7,"G",1781,"G",7,"R",458,2
234216,"R",22326,"A",,"A",,"G",744,"A",,"G",744,"A",,"A",,2
234225,"A",,"R",62487,"A",,"G",69,"A",,"G",69,"A",,"A",,1
234359,"A",,"R",144081,"A",,"G",160,"A",,"G",160,"A",,"A",,1
234377,"R",65782,"A",,"A",,"G",2193,"A",,"G",2193,"A",,"A",,2
234401,"A",,"R",69305,"A",,"G",77,"A",,"G",77,"A",,"A",,1
234492,"R",71094,"A",,"A",,"G",1580,"A",,"G",1580,"A",,"A",,2
234650,"A",,"R",180577,"A",,"G",201,"A",,"G",201,"A",,"A",,1
234669,"R",492306,"A",,"A",,"G",10940,"A",,"G",10940,"A",,"A",,2
234687,"A",,"R",52216,"A",,"G",58,"A",,"G",58,"A",,"A",,1
234696,"R",89790,"A",,"A",,"G",1995,"A",,"G",1995,"A",,"A",,2
234711,"R",77502,"A",,"A",,"G",1722,"A",,"G",1722,"A",,"A",,2
234739,"R",14620,"A",,"A",,"G",487,"A",,"G",487,"A",,"A",,2
234784,"R",20826,"A",,"A",,"G",694,"A",,"G",694,"A",,"A",,2
234827,"R",473143,"A",,"R",16046,"G",10514,"G",446,"G",10514,"G",446,"A",,2
234845,"R",105937,"A",,"A",,"G",2354,"A",,"G",2354,"A",,"A",,2
234915,"R",33548,"A",,"R",23574,"G",746,"G",655,"G",746,"G",655,"A",,2
234924,"A",,"R",196314,"A",,"G",218,"A",,"G",218,"A",,"A",,1
234933,"R",419831,"A",,"A",,"G",9330,"A",,"G",9330,"A",,"A",,2
234951,"R",188343,"A",,"A",,"G",4185,"A",,"G",4185,"A",,"A",,2
234979,"R",229992,"A",,"A",,"G",5111,"A",,"G",5111,"A",,"A",,2
235024,"R",24060,"A",,"R",169,"G",802,"G",7,"G",802,"G",7,"A",,2
235088,"A",,"R",356400,"A",,"G",396,"A",,"G",396,"A",,"A",,1
235097,"R",473916,"A",,"R",40037,"G",10531,"G",1112,"G",10531,"G",1112,"R",188,2
235103,"R",327214,"A",,"A",,"G",7271,"A",,"G",7271,"A",,"A",,2
235149,"R",261789,"A",,"A",,"G",5818,"A",,"G",5818,"A",,"A",,2
235158,"A",,"R",121106,"A",,"G",135,"A",,"G",135,"A",,"A",,1
235167,"R",195374,"A",,"R",9740,"G",4342,"G",271,"G",4342,"G",271,"A",,2
235237,"R",235260,"A",,"A",,"G",5228,"A",,"G",5228,"A",,"A",,2
235307,"A",,"R",155143,"A",,"G",172,"A",,"G",172,"A",,"A",,1
235316,"R",160502,"A",,"R",34316,"G",5350,"G",1430,"G",5350,"G",1430,"R",472,2
235334,"R",77696,"A",,"A",,"G",1727,"A",,"G",1727,"A",,"A",,2
235343,"R",334123,"A",,"A",,"G",7425,"A",,"G",7425,"A",,"A",,2
235352,"A",,"R",116260,"A",,"G",129,"A",,"G",129,"A",,"A",,1
235422,"R",21497,"A",,"R",4706,"G",717,"G",196,"G",717,"G",196,"A",,2
235431,"R",273313,"A",,"A",,"G",6074,"A",,"G",6074,"A",,"A",,2
235495,"R",3344,"A",,"A",,"G",111,"A",,"G",111,"A",,"A",,2
235501,"R",27704,"A",,"A",,"G",923,"A",,"R",707,"A",,"A",,2
235510,"R",22182,"A",,"A",,"G",493,"A",,"G",493,"A",,"A",,2
235529,"R",14476,"A",,"A",,"G",322,"A",,"G",322,"A",,"A",,2
235547,"R",9797,"A",,"R",12289,"G",218,"G",341,"G",218,"G",341,"R",527,2
235583,"A",,"R",228240,"A",,"G",254,"A",,"G",254,"A",,"A",,1
235671,"R",221805,"A",,"A",,"G",4929,"A",,"G",4929,"A",,"A",,2
235699,"R",132606,"A",,"A",,"G",2947,"A",,"G",2947,"A",,"A",,2
235750,"R",116792,"A",,"A",,"G",2595,"A",,"G",2595,"A",,"A",,2
235769,"R",5623,"A",,"R",32,"G",187,"G",1,"G",187,"G",1,"A",,2
235954,"A",,"R",53100,"A",,"G",59,"A",,"G",59,"A",,"A",,1
236018,"A",,"R",131400,"A",,"G",146,"A",,"G",146,"A",,"A",,1
236027,"A",,"R",169521,"A",,"G",188,"A",,"G",188,"A",,"A",,1
236072,"R",189922,"A",,"A",,"G",4220,"A",,"G",4220,"A",,"A",,2
236133,"R",37487,"A",,"R",5084,"G",1250,"G",212,"G",1250,"G",212,"A",,2
236188,"R",277107,"A",,"A",,"G",6158,"A",,"G",6158,"A",,"A",,2
236212,"A",,"R",1634329,"A",,"G",1816,"A",,"R",1122,"A",,"A",,1
236230,"R",97441,"A",,"R",7210,"G",3248,"G",300,"G",3248,"G",300,"A",,2
236258,"R",90519,"A",,"A",,"G",2012,"A",,"G",2012,"A",,"A",,2
236328,"R",79223,"A",,"R",3524,"G",2641,"G",147,"R",2476,"R",116,"R",71,2
236382,"R",114714,"A",,"A",,"G",2549,"A",,"G",2549,"A",,"A",,2
236452,"R",40212,"A",,"R",5440,"G",1340,"G",227,"G",1340,"G",227,"A",,2
236504,"R",179376,"A",,"A",,"G",3986,"A",,"G",3986,"A",,"A",,2
236513,"R",262110,"A",,"A",,"G",5825,"A",,"G",5825,"A",,"A",,2
236531,"R",8388,"A",,"A",,"G",280,"A",,"G",280,"A",,"A",,2
236577,"R",147883,"A",,"R",21990,"G",3286,"G",611,"G",3286,"G",611,"A",,2
236595,"R",199724,"A",,"R",49326,"G",4438,"G",1370,"G",4438,"G",1370,"R",875,2
236610,"R",226190,"A",,"A",,"G",5026,"A",,"G",5026,"A",,"A",,2
236638,"R",171147,"A",,"A",,"G",3803,"A",,"G",3803,"A",,"A",,2
236656,"R",179151,"A",,"A",,"G",3981,"A",,"G",3981,"A",,"A",,2
236692,"R",291682,"A",,"A",,"G",6482,"A",,"G",6482,"A",,"A",,2
236708,"R",272343,"A",,"A",,"G",6052,"A",,"G",6052,"A",,"A",,2
236744,"A",,"R",118425,"A",,"G",132,"A",,"G",132,"A",,"A",,1
236753,"R",298005,"A",,"A",,"G",6622,"A",,"G",6622,"A",,"A",,2
236887,"R",191836,"A",,"A",,"G",4263,"A",,"G",4263,"A",,"A",,2
236896,"R",72161,"A",,"R",9594,"G",1604,"G",267,"G",1604,"G",267,"A",,2
236939,"R",641517,"A",,"R",88115,"G",21384,"G",3671,"G",21384,"G",3671,"R",1536,2
236948,"R",1312241,"A",,"R",370206,"G",29161,"G",10284,"G",29161,"R",12340,"R",3888,2
236975,"R",132794,"A",,"A",,"G",2951,"A",,"G",2951,"A",,"A",,2
236993,"R",13938,"A",,"A",,"G",465,"A",,"G",465,"A",,"A",,2
237011,"R",600823,"A",,"R",18841,"G",13352,"G",523,"G",13352,"G",523,"A",,2
237039,"R",146903,"A",,"A",,"G",3265,"A",,"G",3265,"A",,"A",,2
237057,"R",47371,"A",,"A",,"G",1579,"A",,"R",1481,"A",,"A",,2
237066,"R",74379,"A",,"R",5050,"G",2479,"G",210,"G",2479,"G",210,"A",,2
237109,"R",163443,"A",,"A",,"G",3632,"A",,"G",3632,"A",,"A",,2
237118,"R",25202,"A",,"R",2763,"G",840,"G",115,"G",840,"R",61,"A",,2
237127,"A",,"R",17100,"A",,"G",19,"A",,"G",19,"A",,"A",,1
237136,"R",7445,"A",,"R",175,"G",248,"G",7,"G",248,"G",7,"A",,2
237145,"A",,"R",27267,"A",,"G",30,"A",,"G",30,"A",,"A",,1
237172,"A",,"R",139111,"A",,"G",155,"A",,"G",155,"A",,"A",,1
237181,"R",21933,"A",,"R",397,"G",731,"G",17,"G",731,"G",17,"A",,2
237215,"R",51630,"A",,"A",,"G",1721,"A",,"G",1721,"A",,"A",,2
237242,"A",,"R",52082,"A",,"G",58,"A",,"G",58,"A",,"A",,1
237303,"A",,"R",152789,"A",,"G",170,"A",,"G",170,"A",,"A",,1
237312,"R",36374,"A",,"R",5961,"G",1212,"G",248,"G",1212,"G",248,"R",390,2
237321,"A",,"R",176666,"A",,"G",196,"A",,"G",196,"A",,"A",,1
237330,"R",77286,"A",,"R",2936,"G",2576,"G",122,"G",2576,"G",122,"A",,2
237358,"R",22784,"A",,"A",,"G",759,"A",,"R",830,"A",,"A",,2
237367,"R",106067,"A",,"R",4282,"G",3536,"G",178,"G",3536,"G",178,"A",,2
237385,"R",41903,"A",,"A",,"G",1397,"A",,"G",1397,"A",,"A",,2
237419,"A",,"R",7040,"A",,"G",8,"A",,"G",8,"A",,"A",,1
237437,"R",34012,"A",,"A",,"G",756,"A",,"G",756,"A",,"A",,2
237473,"A",,"R",144498,"A",,"G",161,"A",,"G",161,"A",,"A",,1
237491,"A",,"R",23000,"A",,"G",26,"A",,"G",26,"A",,"A",,1
237525,"R",272675,"A",,"R",56662,"G",9089,"G",2361,"G",9089,"G",2361,"R",475,2
237543,"A",,"R",138380,"A",,"G",154,"A",,"G",154,"A",,"A",,1
237552,"R",9492,"A",,"A",,"G",211,"A",,"G",211,"A",,"A",,2
237561,"A",,"R",75600,"A",,"G",84,"A",,"G",84,"A",,"A",,1
237570,"A",,"R",57600,"A",,"G",64,"A",,"G",64,"A",,"A",,1
237598,"R",8832,"A",,"A",,"G",196,"A",,"G",196,"A",,"A",,2
237604,"R",12242,"A",,"A",,"G",408,"A",,"G",408,"A",,"A",,2
237613,"A",,"R",76554,"A",,"G",85,"A",,"G",85,"A",,"A",,1
237640,"R",11501,"A",,"R",447,"G",383,"G",19,"G",383,"G",19,"A",,2
237686,"R",78581,"A",,"A",,"G",2619,"A",,"G",2619,"A",,"A",,2
237701,"R",44178,"A",,"A",,"G",1473,"A",,"G",1473,"A",,"A",,2
237729,"A",,"R",132554,"A",,"G",147,"A",,"G",147,"A",,"A",,1
237783,"R",19800,"A",,"R",6901,"G",660,"G",288,"G",660,"G",288,"A",,2
237792,"R",108463,"A",,"R",3123,"G",3615,"G",130,"G",3615,"G",130,"A",,2
237817,"R",47329,"A",,"A",,"G",1578,"A",,"G",1578,"A",,"A",,2
237844,"A",,"R",88761,"A",,"G",99,"A",,"G",99,"A",,"A",,1
237880,"A",,"A",,"A",,"A",,"A",,"A",,"A",,"R",838,-2
237899,"R",62669,"A",,"R",1058,"G",2089,"G",44,"G",2089,"G",44,"A",,2
237905,"A",,"R",36900,"R",144,"G",41,"G",6,"G",41,"G",6,"A",,1
237932,"R",77206,"A",,"R",3684,"G",2574,"G",154,"G",2574,"G",154,"A",,2
237950,"R",28256,"A",,"A",,"G",942,"A",,"G",942,"A",,"A",,2
237969,"R",37132,"A",,"R",1707,"G",1238,"G",71,"G",1238,"G",71,"A",,2
237978,"R",3028,"A",,"A",,"G",67,"A",,"G",67,"A",,"A",,2
237987,"R",10376,"A",,"A",,"G",231,"A",,"G",231,"A",,"A",,2
237996,"R",12502,"A",,"A",,"G",278,"A",,"G",278,"A",,"A",,2
238005,"A",,"R",74625,"A",,"G",83,"A",,"G",83,"A",,"A",,1
238014,"R",53228,"A",,"A",,"G",1774,"A",,"G",1774,"A",,"A",,2
238032,"R",692489,"A",,"R",104307,"G",23083,"G",4346,"G",23083,"G",4346,"R",1856,2
238078,"R",31661,"A",,"R",6446,"G",1055,"G",269,"G",1055,"G",269,"R",146,2
238096,"A",,"R",35600,"A",,"G",40,"A",,"G",40,"A",,"A",,1
238166,"A",,"R",154508,"A",,"G",172,"A",,"G",172,"A",,"A",,1
238175,"A",,"R",171386,"A",,"G",190,"A",,"G",190,"A",,"A",,1
238193,"R",47805,"A",,"R",7945,"G",1594,"G",331,"G",1594,"G",331,"A",,2
238263,"R",287097,"A",,"R",790,"G",9570,"G",33,"G",9570,"G",33,"A",,2
238324,"R",6514,"A",,"R",360,"G",217,"G",15,"G",217,"G",15,"A",,2
238333,"R",40905,"A",,"A",,"G",1364,"A",,"R",1270,"A",,"A",,2
238397,"R",57894,"A",,"A",,"G",1930,"A",,"G",1930,"A",,"A",,2
238430,"R",64358,"A",,"R",34793,"G",2145,"G",1450,"G",2145,"G",1450,"A",,2
238458,"R",92513,"A",,"R",5488,"G",3084,"G",229,"G",3084,"G",229,"R",150,2
238476,"R",91455,"A",,"R",1933,"G",3049,"G",81,"G",3049,"G",81,"A",,2
238573,"R",3867,"A",,"A",,"G",129,"A",,"G",129,"A",,"A",,2
238616,"R",105239,"A",,"R",41887,"G",3508,"G",1745,"G",3508,"G",1745,"R",394,2
238661,"R",57197,"A",,"R",13143,"G",1907,"G",548,"G",1907,"G",548,"Z",0,2
238722,"R",170461,"A",,"A",,"G",5682,"A",,"G",5682,"A",,"A",,2
238759,"R",152667,"A",,"A",,"G",5089,"A",,"G",5089,"A",,"A",,2
238786,"A",,"R",115670,"A",,"G",129,"A",,"R",132,"A",,"A",,1
238810,"A",,"R",94443,"A",,"G",105,"A",,"G",105,"A",,"A",,1
238892,"R",21530,"A",,"A",,"G",478,"A",,"G",478,"A",,"A",,2
238980,"R",56980,"A",,"R",11907,"G",1899,"G",496,"G",1899,"G",496,"A",,2
239008,"R",53010,"A",,"A",,"G",1767,"A",,"G",1767,"A",,"A",,2
239017,"R",84624,"A",,"A",,"G",2821,"A",,"R",1567,"A",,"A",,2
239071,"R",26008,"A",,"R",1463,"G",867,"G",61,"G",867,"G",61,"A",,2
239080,"R",49574,"A",,"R",9443,"G",1652,"G",393,"G",1652,"G",393,"A",,2
239105,"R",253145,"A",,"R",33743,"G",8438,"G",1406,"G",8438,"G",1406,"R",1159,2
239132,"A",,"R",104859,"A",,"G",117,"A",,"G",117,"A",,"A",,1
239169,"A",,"A",,"R",9568,"A",,"G",399,"A",,"G",399,"R",810,-2
239220,"R",63843,"A",,"A",,"G",2128,"A",,"G",2128,"A",,"A",,2
239248,"R",394680,"A",,"A",,"G",13156,"A",,"G",13156,"A",,"A",,2
239309,"R",21514,"A",,"A",,"G",717,"A",,"G",717,"A",,"A",,2
239318,"R",103488,"A",,"R",3110,"G",2300,"G",86,"G",2300,"G",86,"A",,2
239372,"R",92362,"A",,"A",,"G",3079,"A",,"R",3041,"A",,"A",,2
239390,"R",25173,"A",,"R",9275,"G",839,"G",386,"G",839,"G",386,"R",9,2
239424,"A",,"A",,"R",2729,"A",,"G",114,"A",,"G",114,"R",22,-2
239442,"R",28460,"A",,"A",,"G",949,"A",,"G",949,"A",,"A",,2
239460,"R",100692,"A",,"A",,"G",3356,"A",,"G",3356,"A",,"A",,2
239488,"R",182076,"A",,"A",,"G",6069,"A",,"G",6069,"A",,"A",,2
239503,"R",11703,"A",,"R",1031,"G",390,"G",43,"G",390,"G",43,"A",,2
239512,"R",17935,"A",,"A",,"G",598,"A",,"G",598,"A",,"A",,2
239628,"R",29383,"A",,"A",,"G",979,"A",,"G",979,"A",,"A",,2
239637,"A",,"A",,"R",2226,"A",,"G",93,"A",,"R",120,"A",,-2
239716,"R",69058,"A",,"R",516,"G",2302,"G",22,"G",2302,"G",22,"A",,2
239743,"R",9567,"A",,"R",3877,"G",319,"G",162,"G",319,"G",162,"A",,2
239877,"A",,"R",49690,"A",,"G",55,"A",,"G",55,"A",,"A",,1
239910,"R",45604,"A",,"A",,"G",1520,"A",,"G",1520,"A",,"A",,2
239929,"R",32571,"A",,"A",,"G",1086,"A",,"G",1086,"A",,"A",,2
240055,"R",300583,"A",,"A",,"G",10019,"A",,"G",10019,"A",,"A",,2
240107,"R",57115,"A",,"R",22652,"G",1904,"G",944,"G",1904,"G",944,"A",,2
240116,"R",121150,"A",,"A",,"G",4038,"A",,"G",4038,"A",,"A",,2
240125,"R",132441,"A",,"A",,"G",4415,"A",,"G",4415,"A",,"A",,2
240170,"R",101305,"A",,"A",,"G",3377,"A",,"R",3322,"A",,"A",,2
240189,"R",304951,"A",,"R",23006,"G",10165,"G",959,"G",10165,"G",959,"A",,2
240198,"R",72406,"A",,"A",,"G",2414,"A",,"G",2414,"A",,"A",,2
240213,"A",,"A",,"R",1638,"A",,"G",68,"A",,"G",68,"R",9,-2
240240,"A",,"R",170500,"A",,"G",189,"A",,"G",189,"A",,"A",,1
240268,"R",295221,"A",,"R",7240,"G",9841,"G",302,"G",9841,"G",302,"R",27,2
240277,"R",159647,"A",,"R",2232,"G",5322,"G",93,"G",5322,"G",93,"A",,2
240329,"R",277657,"A",,"R",13965,"G",9255,"G",582,"G",9255,"G",582,"R",204,2
240338,"R",32815,"A",,"R",1549,"G",1094,"G",65,"G",1094,"G",65,"A",,2
240365,"R",301964,"A",,"R",13736,"G",10065,"G",572,"G",10065,"G",572,"R",23,2
240374,"R",112839,"A",,"R",1968,"G",3761,"G",82,"G",3761,"G",82,"A",,2
240392,"R",88771,"A",,"R",4829,"G",2959,"G",201,"G",2959,"G",201,"A",,2
240417,"R",224060,"A",,"R",15618,"G",7469,"G",651,"G",7469,"G",651,"A",,2
240426,"R",66076,"A",,"R",2371,"G",2203,"G",99,"G",2203,"G",99,"A",,2
240444,"R",849424,"A",,"R",151363,"G",28314,"G",6307,"G",28314,"G",6307,"R",3046,2
240453,"R",632055,"A",,"R",75044,"G",21069,"G",3127,"G",21069,"G",3127,"R",141,2
240462,"R",218462,"A",,"R",9527,"G",7282,"G",397,"G",7282,"G",397,"A",,2
240471,"R",167949,"A",,"R",6477,"G",5598,"G",270,"G",5598,"G",270,"A",,2
240480,"R",265517,"A",,"R",5718,"G",8851,"G",238,"G",8851,"G",238,"R",15,2
240505,"R",83097,"A",,"A",,"G",2770,"A",,"G",2770,"A",,"A",,2
240514,"R",40369,"A",,"A",,"G",1346,"A",,"R",1682,"A",,"A",,2
240596,"R",31123,"A",,"A",,"G",1037,"A",,"R",1297,"A",,"A",,2
240620,"R",98640,"A",,"A",,"G",3288,"A",,"R",4110,"A",,"A",,2
240657,"R",46699,"A",,"A",,"G",1557,"A",,"R",1946,"A",,"A",,2
240666,"R",62097,"A",,"A",,"G",2070,"A",,"R",2587,"A",,"A",,2
240693,"R",62580,"A",,"A",,"G",2086,"A",,"R",2608,"A",,"A",,2
240709,"A",,"R",50000,"A",,"G",56,"A",,"G",56,"A",,"A",,1
240718,"R",82940,"A",,"A",,"G",2765,"A",,"G",2765,"A",,"A",,2
240727,"R",280535,"A",,"R",35023,"G",9351,"G",1459,"G",9351,"G",1459,"R",489,2
240736,"R",36803,"A",,"A",,"G",1227,"A",,"G",1227,"A",,"A",,2
240745,"R",51602,"A",,"A",,"G",1720,"A",,"G",1720,"A",,"A",,2
240754,"R",86153,"A",,"R",5169,"G",2872,"G",215,"G",2872,"G",215,"A",,2
240790,"R",23597,"A",,"A",,"G",787,"A",,"G",787,"A",,"A",,2
240879,"R",17418,"A",,"A",,"G",581,"A",,"G",581,"A",,"A",,2
240985,"R",17995,"A",,"A",,"G",600,"A",,"G",600,"A",,"A",,2
241100,"R",24151,"A",,"R",1725,"G",805,"G",72,"G",805,"G",72,"A",,2
241128,"R",24105,"A",,"R",1275,"G",804,"G",53,"G",804,"G",53,"A",,2
241146,"R",33390,"A",,"A",,"G",1113,"A",,"G",1113,"A",,"A",,2
241182,"R",15225,"A",,"A",,"G",508,"A",,"G",508,"A",,"A",,2
241191,"R",37358,"A",,"R",1401,"G",1245,"G",58,"G",1245,"G",58,"A",,2
241216,"R",37584,"A",,"R",1104,"G",1253,"G",46,"G",1253,"G",46,"A",,2
241225,"R",40732,"A",,"R",7248,"G",1358,"G",302,"R",1502,"G",302,"A",,2
241304,"R",40410,"A",,"R",3357,"G",1347,"G",140,"G",1347,"G",140,"A",,2
241331,"R",3990,"A",,"R",12669,"G",133,"G",528,"G",133,"G",528,"A",,2
241377,"R",37207,"A",,"R",4149,"G",1240,"G",173,"G",1240,"G",173,"A",,2
241386,"R",16531,"A",,"R",1881,"G",551,"G",78,"G",551,"G",78,"A",,2
241395,"R",16735,"A",,"R",5415,"G",558,"G",226,"G",558,"R",301,"A",,2
241410,"R",173844,"A",,"R",19942,"G",5795,"G",831,"G",5795,"R",1108,"R",1283,2
241517,"R",58020,"A",,"A",,"G",1934,"A",,"G",1934,"A",,"A",,2
241614,"R",5684,"A",,"A",,"G",189,"A",,"G",189,"A",,"A",,2
241720,"R",36387,"A",,"A",,"G",1213,"A",,"G",1213,"A",,"A",,2
241739,"R",278540,"A",,"R",38748,"G",9285,"G",1615,"G",9285,"G",1615,"A",,2
241766,"R",10395,"A",,"R",678,"G",347,"G",28,"G",347,"G",28,"A",,2
241793,"A",,"A",,"R",4632,"A",,"G",193,"A",,"G",193,"A",,-2
241836,"R",30908,"A",,"A",,"G",1030,"A",,"G",1030,"A",,"A",,2
241906,"R",74,"R",267910,"A",,"G",300,"A",,"G",300,"A",,"A",,3
241951,"R",10971,"A",,"A",,"G",366,"A",,"G",366,"A",,"A",,2
242042,"R",24320,"A",,"A",,"G",811,"A",,"G",811,"A",,"A",,2
242112,"R",70960,"A",,"A",,"G",2365,"A",,"G",2365,"A",,"A",,2
242121,"R",24000,"A",,"A",,"G",800,"A",,"G",800,"A",,"A",,2
242130,"R",14520,"A",,"A",,"G",484,"A",,"G",484,"A",,"A",,2
242149,"R",16302,"A",,"A",,"G",543,"A",,"G",543,"A",,"A",,2
242316,"R",5520,"R",54925,"A",,"G",245,"A",,"G",245,"A",,"A",,3
242413,"R",4800,"R",291600,"A",,"G",484,"A",,"G",484,"A",,"A",,3
242422,"R",664785,"A",,"A",,"G",22160,"A",,"G",22160,"A",,"A",,2
242556,"R",25830,"A",,"A",,"G",861,"A",,"G",861,"A",,"A",,2
242565,"R",7995,"R",198870,"A",,"G",487,"A",,"G",487,"A",,"A",,3
242583,"A",,"R",335835,"A",,"G",373,"A",,"R",340,"A",,"A",,1
242617,"R",117047,"A",,"R",9107,"G",3902,"G",379,"R",4877,"R",506,"A",,2
242626,"R",104581,"A",,"R",4185,"G",3486,"G",174,"R",4358,"R",233,"A",,2
242635,"R",106936,"A",,"R",6522,"G",3565,"G",272,"R",4456,"R",362,"A",,2
242644,"R",55018,"A",,"R",995,"G",1834,"G",41,"R",2292,"R",55,"A",,2
242653,"R",213662,"A",,"R",40186,"G",7122,"G",1674,"R",5935,"R",2233,"A",,2
242662,"R",135912,"A",,"R",5567,"G",4530,"G",232,"R",5663,"R",309,"A",,2
242680,"R",52444,"A",,"R",504,"G",1748,"G",21,"R",2185,"R",28,"A",,2
242699,"R",53924,"A",,"R",1099,"G",1797,"G",46,"R",2247,"R",61,"A",,2
242705,"R",119833,"A",,"R",1717,"G",3994,"G",72,"R",4993,"R",95,"A",,2
242723,"A",,"A",,"R",101,"A",,"G",4,"A",,"G",4,"R",681,-2
242750,"R",5048,"A",,"A",,"G",168,"A",,"G",168,"A",,"A",,2
242820,"R",26171,"A",,"A",,"G",872,"A",,"G",872,"A",,"A",,2
242884,"R",174675,"A",,"A",,"G",5823,"A",,"G",5823,"A",,"A",,2
242945,"A",,"R",316800,"A",,"G",352,"A",,"G",352,"A",,"A",,1
242954,"A",,"R",89000,"A",,"G",99,"A",,"G",99,"A",,"A",,1
242972,"R",130405,"A",,"R",1760,"G",4347,"G",73,"G",4347,"G",73,"A",,2
242981,"R",51052,"A",,"A",,"G",1702,"A",,"G",1702,"A",,"A",,2
243072,"R",93791,"A",,"A",,"G",3126,"A",,"G",3126,"A",,"A",,2
243081,"A",,"A",,"R",8233,"A",,"G",343,"A",,"G",343,"R",277,-2
243106,"R",81613,"A",,"A",,"G",2720,"A",,"G",2720,"A",,"A",,2
243115,"R",102534,"R",120865,"A",,"G",3552,"A",,"R",3624,"A",,"A",,3
243133,"R",143280,"A",,"A",,"G",4776,"A",,"G",4776,"A",,"A",,2
243142,"R",128858,"A",,"A",,"G",2864,"A",,"G",2864,"A",,"A",,2
243151,"R",104055,"A",,"A",,"G",3469,"A",,"G",3469,"A",,"A",,2
243179,"R",97893,"A",,"A",,"G",3263,"A",,"G",3263,"A",,"A",,2
243188,"R",43234,"A",,"A",,"G",1441,"A",,"G",1441,"A",,"A",,2
243197,"R",324432,"A",,"R",9262,"G",10814,"G",386,"G",10814,"G",386,"A",,2
243203,"R",14151,"A",,"R",21852,"G",472,"G",911,"G",472,"G",911,"R",834,2
243212,"R",88385,"A",,"A",,"G",2946,"A",,"G",2946,"A",,"A",,2
243221,"R",315347,"A",,"R",29425,"G",10512,"G",1226,"G",10512,"G",1226,"R",694,2
243346,"R",291478,"A",,"R",17976,"G",9716,"G",749,"G",9716,"G",749,"A",,2
243407,"A",,"R",32400,"A",,"G",36,"A",,"R",39,"A",,"A",,1
243416,"R",4019,"A",,"A",,"G",134,"A",,"G",134,"A",,"A",,2
243443,"R",140310,"A",,"R",9417,"G",4677,"G",392,"G",4677,"G",392,"A",,2
243498,"A",,"A",,"R",2821,"A",,"G",118,"A",,"G",118,"A",,-2
243568,"R",4142,"A",,"R",824,"G",138,"G",34,"G",138,"G",34,"R",295,2
243577,"R",114904,"A",,"R",11257,"G",3830,"G",469,"G",3830,"G",469,"A",,2
243586,"R",36066,"A",,"R",1662,"G",1202,"G",69,"G",1202,"R",92,"A",,2
243601,"R",342447,"A",,"R",40936,"G",11415,"G",1706,"G",11415,"G",1706,"R",221,2
243638,"R",57818,"A",,"A",,"G",1927,"A",,"G",1927,"A",,"A",,2
243647,"R",16139,"A",,"A",,"G",538,"A",,"G",538,"A",,"A",,2
243665,"R",53444,"A",,"R",2398,"G",1781,"G",100,"G",1781,"G",100,"A",,2
243744,"R",338852,"A",,"R",247678,"G",7530,"G",6880,"G",7530,"G",6880,"R",960,2
243780,"R",923271,"A",,"R",179870,"G",30776,"G",7495,"G",30776,"G",7495,"R",1489,2
243799,"A",,"R",47155,"A",,"G",52,"A",,"G",52,"A",,"A",,1
243823,"R",3407,"R",46433,"A",,"G",165,"A",,"G",165,"A",,"R",841,3
243832,"R",30502,"A",,"R",1374,"G",1017,"G",57,"G",1017,"G",57,"A",,2
243841,"R",17994,"R",1926,"A",,"G",602,"A",,"G",602,"A",,"A",,3
244011,"R",30378,"A",,"A",,"G",675,"A",,"G",675,"A",,"A",,2
244154,"R",10723,"A",,"A",,"G",238,"A",,"G",238,"A",,"A",,2
244190,"R",2690,"A",,"R",2508,"G",90,"G",105,"G",90,"G",105,"R",716,2
244233,"R",27674,"A",,"A",,"G",615,"A",,"G",615,"A",,"A",,2
244279,"R",7343,"R",3200,"A",,"G",248,"A",,"G",248,"A",,"A",,3
244437,"R",514128,"A",,"A",,"G",17138,"A",,"G",17138,"A",,"A",,2
244446,"R",98267,"A",,"A",,"G",3276,"A",,"G",3276,"A",,"A",,2
244491,"A",,"R",156995,"A",,"G",174,"A",,"G",174,"A",,"A",,1
244561,"A",,"R",384970,"A",,"G",428,"A",,"G",428,"A",,"A",,1
244613,"A",,"R",218600,"A",,"G",243,"A",,"G",243,"A",,"A",,1
245032,"R",10061,"A",,"A",,"G",224,"A",,"G",224,"A",,"A",,2
245069,"A",,"R",42000,"A",,"G",47,"A",,"G",47,"A",,"A",,1
245281,"A",,"R",48460,"A",,"G",54,"A",,"G",54,"A",,"A",,1
245290,"A",,"R",110541,"A",,"G",123,"A",,"G",123,"A",,"A",,1
245342,"R",44311,"R",341200,"A",,"G",1856,"A",,"G",1856,"A",,"A",,3
245421,"R",4087,"R",7792,"A",,"G",99,"A",,"G",99,"A",,"A",,3
245430,"R",7647,"R",16966,"A",,"G",189,"A",,"G",189,"A",,"A",,3
245625,"R",41029,"A",,"A",,"G",1368,"A",,"G",1368,"A",,"A",,2
245652,"R",12050,"A",,"R",2086,"G",402,"G",87,"G",402,"G",87,"A",,2
245731,"R",1245,"A",,"R",408,"G",42,"G",17,"G",42,"G",17,"A",,2
245777,"R",300,"A",,"R",444,"G",10,"G",19,"G",10,"G",19,"A",,2
245838,"R",8045,"A",,"R",22978,"G",179,"G",638,"G",179,"G",638,"A",,2
245847,"R",5297,"A",,"R",8167,"G",118,"G",227,"G",118,"G",227,"A",,2
245865,"A",,"A",,"R",8647,"A",,"G",360,"A",,"R",414,"R",157,-2
245883,"R",7274,"A",,"R",14482,"G",162,"G",402,"R",152,"R",373,"R",79,2
245892,"R",2459,"A",,"R",4508,"G",55,"G",125,"G",55,"G",125,"A",,2
245953,"R",66716,"A",,"R",15480,"G",2224,"G",645,"G",2224,"G",645,"A",,2
245962,"A",,"R",654300,"A",,"G",727,"A",,"G",727,"A",,"A",,1
245980,"A",,"R",40500,"A",,"G",45,"A",,"G",45,"A",,"A",,1
245999,"A",,"R",1115625,"A",,"G",1240,"A",,"R",2125,"A",,"A",,1
246008,"R",6791,"A",,"A",,"G",226,"A",,"G",226,"A",,"A",,2
246017,"A",,"R",188100,"A",,"G",209,"A",,"G",209,"A",,"A",,1
246035,"R",11207,"A",,"A",,"G",374,"A",,"G",374,"A",,"A",,2
246071,"A",,"R",90244,"A",,"G",100,"A",,"G",100,"A",,"A",,1
246202,"R",16265,"A",,"A",,"G",542,"A",,"G",542,"A",,"A",,2
246266,"R",35339,"A",,"A",,"G",1178,"A",,"G",1178,"A",,"A",,2
246345,"A",,"A",,"R",2941,"A",,"G",123,"A",,"G",123,"R",22,-2
246354,"R",151641,"A",,"A",,"G",5055,"A",,"G",5055,"A",,"A",,2
246406,"A",,"R",29180,"A",,"G",32,"A",,"G",32,"A",,"A",,1
246415,"A",,"R",66730,"A",,"G",74,"A",,"G",74,"A",,"A",,1
246460,"A",,"R",142582,"A",,"G",158,"A",,"G",158,"A",,"A",,1
246594,"A",,"R",82435,"A",,"G",92,"A",,"G",92,"A",,"A",,1
246789,"A",,"A",,"R",332,"A",,"G",14,"A",,"G",14,"R",57,-2
246813,"R",96106,"A",,"A",,"G",3204,"A",,"G",3204,"A",,"A",,2
246895,"A",,"R",595516,"A",,"G",662,"A",,"R",931,"A",,"A",,1
246974,"R",16267,"A",,"A",,"G",542,"A",,"G",542,"A",,"A",,2
247010,"A",,"R",49000,"A",,"G",54,"A",,"G",54,"A",,"A",,1
247047,"A",,"R",187986,"A",,"G",209,"A",,"G",209,"A",,"A",,1
247065,"R",32222,"A",,"A",,"G",716,"A",,"G",716,"A",,"A",,2
247153,"R",7926,"A",,"A",,"G",176,"A",,"G",176,"A",,"A",,2
247162,"R",332,"A",,"R",1657,"G",7,"G",46,"G",7,"G",46,"R",37,2
247409,"R",15930,"A",,"A",,"G",531,"A",,"G",531,"A",,"A",,2
247603,"R",72066,"A",,"A",,"G",2402,"A",,"G",2402,"A",,"A",,2
247649,"R",11254,"A",,"A",,"G",375,"A",,"R",469,"A",,"A",,2
247700,"R",22556,"A",,"A",,"G",501,"A",,"G",501,"A",,"A",,2
247773,"R",1692,"A",,"R",327,"G",56,"G",14,"G",56,"G",14,"A",,2
247825,"R",537,"A",,"R",282,"G",18,"G",12,"G",18,"G",12,"A",,2
247834,"R",541329,"A",,"A",,"G",18044,"A",,"G",18044,"A",,"A",,2
247940,"R",82623,"A",,"A",,"G",2754,"A",,"G",2754,"A",,"A",,2
248165,"A",,"R",22000,"A",,"G",24,"A",,"G",24,"A",,"A",,1
248192,"A",,"R",32400,"A",,"G",36,"A",,"G",36,"A",,"A",,1
248305,"A",,"R",134293,"A",,"G",149,"A",,"G",149,"A",,"A",,1
248314,"A",,"R",44787,"A",,"G",50,"A",,"G",50,"A",,"A",,1
248527,"A",,"R",46000,"A",,"G",51,"A",,"G",51,"A",,"A",,1
248606,"A",,"R",618364,"A",,"G",687,"A",,"G",687,"A",,"A",,1
248624,"A",,"R",101801,"A",,"G",113,"A",,"G",113,"A",,"A",,1
248633,"A",,"R",68510,"A",,"G",76,"A",,"G",76,"A",,"A",,1
248660,"A",,"R",238605,"A",,"G",265,"A",,"G",265,"A",,"A",,1
248703,"A",,"R",165148,"A",,"G",183,"A",,"G",183,"A",,"A",,1
248776,"R",29748,"A",,"A",,"G",992,"A",,"G",992,"A",,"A",,2
248846,"R",7479,"A",,"A",,"G",166,"A",,"G",166,"A",,"A",,2
248882,"R",15949,"A",,"A",,"G",354,"A",,"G",354,"A",,"A",,2
248925,"A",,"R",716778,"A",,"G",796,"A",,"G",796,"A",,"A",,1
248934,"R",319698,"A",,"R",885,"G",10657,"G",37,"G",10657,"G",37,"A",,2
249061,"A",,"R",127000,"A",,"G",141,"A",,"G",141,"A",,"A",,1
249140,"R",30090,"A",,"A",,"G",1003,"A",,"G",1003,"A",,"A",,2
249238,"A",,"R",377096,"A",,"G",419,"A",,"G",419,"A",,"A",,1
249566,"A",,"R",202396,"A",,"G",225,"A",,"G",225,"A",,"A",,1
249609,"R",11250,"A",,"A",,"G",375,"A",,"G",375,"A",,"A",,2
250027,"R",5524,"R",43545,"A",,"G",233,"A",,"G",233,"A",,"A",,3
250072,"R",2952,"R",8800,"A",,"G",108,"A",,"G",108,"A",,"A",,3
250285,"A",,"R",476580,"A",,"G",530,"A",,"G",530,"A",,"A",,1
250407,"R",27487,"R",8830,"A",,"G",926,"A",,"G",926,"A",,"A",,3
250498,"R",4950,"A",,"A",,"G",165,"A",,"G",165,"A",,"A",,2
250601,"R",20269,"A",,"A",,"G",676,"A",,"G",676,"A",,"A",,2
250744,"R",21162,"A",,"A",,"G",470,"A",,"G",470,"A",,"A",,2
250832,"A",,"R",96350,"A",,"G",107,"A",,"G",107,"A",,"A",,1
250902,"A",,"R",53240,"A",,"G",59,"A",,"G",59,"A",,"A",,1
250993,"A",,"R",253444,"A",,"G",282,"A",,"R",410,"A",,"A",,1
251075,"R",18465,"A",,"A",,"G",616,"A",,"G",616,"A",,"A",,2
251251,"R",15990,"A",,"A",,"G",355,"A",,"G",355,"A",,"A",,2
251260,"R",123596,"A",,"A",,"G",4120,"A",,"G",4120,"A",,"A",,2
251312,"R",47109,"A",,"R",6575,"G",1047,"G",183,"G",1047,"G",183,"R",251,2
260293,"R",226699,"A",,"R",3482,"G",7557,"G",145,"G",7557,"R",146,"A",,2
260336,"A",,"R",50400,"A",,"G",56,"A",,"G",56,"A",,"A",,1
260354,"R",3516,"A",,"A",,"G",117,"A",,"G",117,"A",,"A",,2
260363,"A",,"R",45080,"A",,"G",50,"A",,"R",28,"A",,"A",,1
260372,"R",9614,"A",,"A",,"G",320,"A",,"G",320,"A",,"A",,2
260664,"A",,"R",186300,"A",,"G",207,"A",,"G",207,"A",,"A",,1
260691,"A",,"R",1541512,"A",,"G",1713,"A",,"G",1713,"A",,"A",,1
260789,"R",18783,"A",,"A",,"G",626,"A",,"G",626,"A",,"A",,2
260813,"R",11925,"A",,"A",,"G",265,"A",,"G",265,"A",,"A",,2
260901,"R",1511922,"A",,"R",239489,"G",50397,"G",9979,"G",50397,"G",9979,"R",220,2
260910,"R",24322,"A",,"R",1654,"G",811,"G",69,"G",811,"G",69,"A",,2
260929,"A",,"R",193118,"A",,"G",215,"A",,"G",215,"A",,"A",,1
260947,"R",870,"A",,"A",,"G",29,"A",,"G",29,"A",,"A",,2
260956,"A",,"A",,"R",2304,"A",,"G",96,"A",,"G",96,"A",,-2
260965,"A",,"R",61982,"A",,"G",69,"A",,"G",69,"A",,"A",,1
260974,"R",11270,"A",,"A",,"G",250,"A",,"G",250,"A",,"A",,2
260992,"R",27650,"A",,"A",,"G",614,"A",,"G",614,"A",,"A",,2
261375,"A",,"R",871800,"A",,"G",969,"A",,"G",969,"A",,"A",,1
261384,"A",,"R",394811,"A",,"G",439,"A",,"G",439,"A",,"A",,1
261393,"A",,"R",428169,"A",,"G",476,"A",,"G",476,"A",,"A",,1
261436,"A",,"R",1383885,"A",,"G",1538,"A",,"G",1538,"A",,"A",,1
261472,"R",30292,"A",,"A",,"G",673,"A",,"G",673,"A",,"A",,2
261676,"A",,"R",9090,"A",,"G",10,"A",,"G",10,"A",,"A",,1
261685,"R",8163,"A",,"A",,"G",272,"A",,"G",272,"A",,"A",,2
261719,"A",,"R",231191,"A",,"G",257,"A",,"G",257,"A",,"A",,1
261773,"A",,"R",67750,"A",,"G",75,"A",,"G",75,"A",,"A",,1
261861,"R",6589,"R",2801,"A",,"G",150,"A",,"G",150,"A",,"A",,3
261931,"R",5513,"A",,"A",,"G",184,"A",,"G",184,"A",,"A",,2
262022,"A",,"A",,"R",4680,"A",,"G",130,"A",,"G",130,"A",,-2
262031,"R",159073,"A",,"A",,"G",5302,"A",,"G",5302,"A",,"A",,2
262086,"R",95261,"A",,"R",68436,"G",3175,"G",2852,"G",3175,"G",2852,"R",347,2
262129,"R",28384,"A",,"A",,"G",946,"A",,"G",946,"A",,"A",,2
262165,"R",2439,"A",,"A",,"G",81,"A",,"G",81,"A",,"A",,2
262235,"A",,"R",54110,"A",,"G",60,"A",,"G",60,"A",,"A",,1
262299,"A",,"R",104933,"A",,"G",117,"A",,"G",117,"A",,"A",,1
262332,"R",63690,"A",,"A",,"G",2123,"A",,"G",2123,"A",,"A",,2
262341,"R",46729,"A",,"A",,"G",1558,"A",,"G",1558,"A",,"A",,2
262369,"A",,"R",179256,"A",,"G",199,"A",,"G",199,"A",,"A",,1
262402,"A",,"R",182800,"A",,"G",203,"A",,"G",203,"A",,"A",,1
262457,"R",24111,"R",39430,"A",,"G",848,"A",,"R",1101,"A",,"A",,3
262466,"A",,"R",48711,"A",,"G",54,"A",,"G",54,"A",,"A",,1
262509,"R",23018,"A",,"A",,"G",767,"A",,"G",767,"A",,"A",,2
262660,"A",,"R",107899,"A",,"G",120,"A",,"G",120,"A",,"A",,1
362700,"R",110,"R",331570,"A",,"G",372,"A",,"G",372,"A",,"A",,3
362782,"A",,"R",106400,"A",,"G",118,"A",,"G",118,"A",,"A",,1
363013,"R",5625,"A",,"A",,"G",188,"A",,"G",188,"A",,"A",,2
363077,"A",,"R",212213,"A",,"G",236,"A",,"G",236,"A",,"A",,1
363147,"A",,"R",129450,"A",,"G",144,"A",,"G",144,"A",,"A",,1
363165,"A",,"R",954972,"A",,"G",1061,"A",,"G",1061,"A",,"A",,1
363387,"R",65572,"A",,"A",,"G",1457,"A",,"G",1457,"A",,"A",,2
363439,"R",15504,"A",,"A",,"G",345,"A",,"G",345,"A",,"A",,2
363590,"R",22051,"A",,"A",,"G",735,"A",,"G",735,"A",,"A",,2
363633,"R",29923,"A",,"A",,"G",997,"A",,"G",997,"A",,"A",,2
363679,"A",,"R",90000,"A",,"G",100,"A",,"G",100,"A",,"A",,1
363712,"R",930,"A",,"A",,"G",31,"A",,"G",31,"A",,"A",,2
363721,"A",,"A",,"R",144,"A",,"G",6,"A",,"G",6,"R",316,-2
363882,"A",,"R",75150,"A",,"G",84,"A",,"G",84,"A",,"A",,1
363907,"R",29020,"A",,"R",6234,"G",967,"G",260,"G",967,"G",260,"A",,2
363916,"R",11830,"A",,"R",1896,"G",394,"G",79,"G",394,"G",79,"A",,2
363934,"R",26572,"A",,"R",895,"G",886,"G",37,"G",886,"G",37,"A",,2
364016,"R",157765,"A",,"A",,"G",5259,"A",,"R",5260,"A",,"A",,2
364025,"R",241421,"A",,"A",,"G",8047,"A",,"G",8047,"A",,"A",,2
364122,"R",192,"A",,"A",,"G",6,"A",,"G",6,"A",,"A",,2
364168,"R",18074,"A",,"A",,"G",602,"A",,"G",602,"A",,"A",,2
364317,"A",,"R",293607,"A",,"G",326,"A",,"G",326,"A",,"A",,1
364326,"A",,"R",523938,"A",,"G",582,"A",,"G",582,"A",,"A",,1
364335,"A",,"R",899031,"A",,"G",999,"A",,"G",999,"A",,"A",,1
364548,"A",,"R",359100,"A",,"G",399,"A",,"G",399,"A",,"A",,1
364575,"A",,"R",38920,"A",,"G",43,"A",,"G",43,"A",,"A",,1
364584,"A",,"R",161208,"A",,"G",179,"A",,"G",179,"A",,"A",,1
364593,"A",,"R",41600,"A",,"G",46,"A",,"G",46,"A",,"A",,1
364618,"A",,"R",76500,"A",,"G",85,"A",,"G",85,"A",,"A",,1
364627,"A",,"R",290055,"A",,"G",322,"A",,"G",322,"A",,"A",,1
364636,"A",,"R",41000,"A",,"G",46,"A",,"G",46,"A",,"A",,1
364751,"A",,"R",163984,"A",,"G",182,"A",,"G",182,"A",,"A",,1
364760,"A",,"R",145200,"A",,"G",161,"A",,"G",161,"A",,"A",,1
364812,"A",,"R",48084,"A",,"G",53,"A",,"G",53,"A",,"A",,1
364946,"A",,"R",183600,"A",,"G",204,"A",,"G",204,"A",,"A",,1
364955,"R",32487,"A",,"A",,"G",1083,"A",,"G",1083,"A",,"A",,2
364964,"A",,"R",108727,"A",,"G",121,"A",,"G",121,"A",,"A",,1
364973,"R",29299,"A",,"A",,"G",977,"A",,"G",977,"A",,"A",,2
365055,"R",63170,"A",,"A",,"G",1404,"A",,"G",1404,"A",,"A",,2
365073,"A",,"R",190800,"A",,"G",212,"A",,"G",212,"A",,"A",,1
365091,"A",,"R",260310,"A",,"G",289,"A",,"G",289,"A",,"A",,1
365125,"A",,"R",159797,"A",,"G",178,"A",,"G",178,"A",,"A",,1
365198,"A",,"R",420640,"A",,"G",467,"A",,"G",467,"A",,"A",,1
365204,"R",155385,"A",,"A",,"G",3453,"A",,"G",3453,"A",,"A",,2
365213,"A",,"R",494999,"A",,"G",550,"A",,"G",550,"A",,"A",,1
365240,"A",,"R",86344,"A",,"G",96,"A",,"G",96,"A",,"A",,1
365374,"A",,"R",1130000,"A",,"G",1256,"A",,"G",1256,"A",,"A",,1
365383,"A",,"R",182400,"A",,"G",203,"A",,"G",203,"A",,"A",,1
365426,"A",,"A",,"R",10031,"A",,"G",279,"A",,"G",279,"A",,-2
365453,"A",,"R",16500,"A",,"G",18,"A",,"G",18,"A",,"A",,1
365480,"A",,"R",532742,"A",,"G",592,"A",,"G",592,"A",,"A",,1
365505,"A",,"R",45380,"A",,"G",50,"A",,"G",50,"A",,"A",,1
365569,"A",,"R",42673,"A",,"G",47,"A",,"G",47,"A",,"A",,1
365693,"A",,"R",61200,"A",,"G",68,"A",,"G",68,"A",,"A",,1
365763,"A",,"R",55560,"A",,"G",62,"A",,"G",62,"A",,"A",,1
365824,"R",13770,"A",,"A",,"G",459,"A",,"G",459,"A",,"A",,2
365833,"R",10710,"A",,"A",,"G",357,"A",,"G",357,"A",,"A",,2
366003,"R",1878,"A",,"R",226,"G",63,"G",9,"G",63,"G",9,"R",1,2
366155,"A",,"R",30000,"A",,"G",33,"A",,"G",33,"A",,"A",,1
366191,"R",68423,"A",,"A",,"G",2281,"A",,"G",2281,"A",,"A",,2
366252,"R",158718,"A",,"A",,"G",5291,"A",,"G",5291,"A",,"A",,2
366261,"R",12762,"A",,"A",,"G",284,"A",,"G",284,"A",,"A",,2
366270,"A",,"R",953876,"A",,"G",1060,"A",,"G",1060,"A",,"A",,1
366289,"R",6094,"A",,"A",,"G",203,"A",,"G",203,"A",,"A",,2
366340,"R",9736,"A",,"A",,"G",325,"A",,"G",325,"A",,"A",,2
366368,"A",,"A",,"R",2616,"A",,"G",109,"A",,"G",109,"A",,-2
366395,"R",556202,"A",,"A",,"G",18540,"A",,"G",18540,"A",,"A",,2
366401,"R",153371,"A",,"A",,"G",5112,"A",,"G",5112,"A",,"A",,2
366438,"A",,"R",84800,"A",,"G",94,"A",,"G",94,"A",,"A",,1
366447,"R",33349,"A",,"A",,"G",1112,"A",,"G",1112,"A",,"A",,2
366465,"R",58927,"A",,"A",,"G",1964,"A",,"G",1964,"A",,"A",,2
366535,"R",21954,"R",55375,"A",,"G",793,"A",,"R",855,"A",,"A",,3
366544,"R",17944,"A",,"A",,"G",598,"A",,"G",598,"A",,"A",,2
366553,"R",72203,"A",,"R",0,"G",1605,"G",0,"G",1605,"G",0,"A",,2
366571,"R",1092,"A",,"A",,"G",36,"A",,"G",36,"A",,"A",,2
366580,"R",19196,"A",,"A",,"G",427,"A",,"G",427,"A",,"A",,2
366605,"A",,"A",,"R",3353,"A",,"G",140,"A",,"G",140,"A",,-2
366623,"A",,"R",82865,"A",,"G",92,"A",,"G",92,"A",,"A",,1
366632,"A",,"R",68250,"A",,"G",76,"A",,"G",76,"A",,"A",,1
366650,"R",21748,"A",,"A",,"G",483,"A",,"G",483,"A",,"A",,2
366678,"R",22943,"A",,"A",,"G",510,"A",,"G",510,"A",,"A",,2
366696,"R",32813,"A",,"A",,"G",729,"A",,"G",729,"A",,"A",,2
366711,"R",235276,"A",,"R",5459,"G",7843,"G",227,"G",7843,"G",227,"A",,2
366748,"R",5521,"A",,"R",6206,"G",184,"G",259,"G",184,"G",259,"R",120,2
366793,"A",,"A",,"R",1866,"A",,"G",78,"A",,"G",78,"A",,-2
366960,"R",26905,"A",,"A",,"G",897,"A",,"G",897,"A",,"A",,2
367024,"R",40039,"A",,"R",1949,"G",1335,"G",81,"G",1335,"G",81,"A",,2
367051,"A",,"R",106500,"A",,"G",118,"A",,"G",118,"A",,"A",,1
367088,"A",,"R",57124,"A",,"G",63,"A",,"G",63,"A",,"A",,1
367097,"A",,"R",87674,"A",,"G",97,"A",,"G",97,"A",,"A",,1
367103,"R",1410,"A",,"A",,"G",47,"A",,"G",47,"A",,"A",,2
367112,"R",23590,"R",17800,"A",,"G",544,"A",,"G",544,"A",,"A",,3
367130,"A",,"R",103006,"A",,"G",114,"A",,"G",114,"A",,"A",,1
367158,"R",4230,"A",,"A",,"G",141,"A",,"G",141,"A",,"A",,2
367194,"R",17718,"A",,"R",290,"G",591,"G",12,"G",591,"G",12,"A",,2
367316,"A",,"R",221400,"A",,"G",246,"A",,"G",246,"A",,"A",,1
367334,"A",,"R",218454,"A",,"G",243,"A",,"G",243,"A",,"A",,1
367361,"A",,"R",36900,"A",,"G",41,"A",,"G",41,"A",,"A",,1
367398,"R",15795,"A",,"A",,"G",527,"A",,"G",527,"A",,"A",,2
367431,"A",,"R",63900,"A",,"G",71,"A",,"G",71,"A",,"A",,1
367459,"R",169012,"A",,"A",,"G",5634,"A",,"G",5634,"A",,"A",,2
367662,"A",,"R",39172,"A",,"G",44,"A",,"G",44,"A",,"A",,1
367839,"R",2701,"A",,"R",884,"G",90,"G",37,"G",90,"G",37,"A",,2
367875,"A",,"R",172699,"A",,"G",192,"A",,"G",192,"A",,"A",,1
367884,"R",59917,"A",,"R",3229,"G",1997,"G",135,"G",1997,"R",179,"A",,2
367909,"R",18778,"A",,"A",,"G",626,"A",,"G",626,"A",,"A",,2
367936,"R",10257,"A",,"R",23005,"G",342,"G",959,"G",342,"G",959,"R",83,2
367954,"A",,"A",,"R",17007,"A",,"G",709,"A",,"R",361,"R",1468,-2
367972,"A",,"R",151875,"A",,"G",169,"A",,"G",169,"A",,"A",,1
367981,"A",,"R",89842,"A",,"G",100,"A",,"G",100,"A",,"A",,1
368036,"A",,"R",27184,"A",,"G",30,"A",,"G",30,"A",,"A",,1
368230,"A",,"R",147190,"A",,"G",164,"A",,"G",164,"A",,"A",,1
368364,"A",,"R",189900,"A",,"G",211,"A",,"G",211,"A",,"A",,1
368407,"A",,"R",95400,"A",,"G",106,"A",,"G",106,"A",,"A",,1
368443,"R",24608,"A",,"A",,"G",547,"A",,"G",547,"A",,"A",,2
368452,"R",11496,"A",,"A",,"G",383,"A",,"G",383,"A",,"A",,2
368540,"A",,"R",42113,"A",,"G",47,"A",,"G",47,"A",,"A",,1
368601,"R",39026,"A",,"A",,"G",867,"A",,"G",867,"A",,"A",,2
368629,"A",,"R",1018903,"A",,"G",1132,"A",,"G",1132,"A",,"A",,1
368647,"A",,"R",35640,"A",,"G",40,"A",,"G",40,"A",,"A",,1
368771,"A",,"R",80880,"A",,"G",90,"A",,"G",90,"A",,"A",,1
368780,"A",,"R",522487,"A",,"G",581,"A",,"G",581,"A",,"A",,1
368805,"R",16316,"A",,"A",,"G",544,"A",,"G",544,"A",,"A",,2
368832,"A",,"R",43321,"A",,"G",48,"A",,"G",48,"A",,"A",,1
368911,"R",39626,"A",,"A",,"G",1321,"A",,"G",1321,"A",,"A",,2
369002,"A",,"A",,"A",,"A",,"A",,"A",,"A",,"R",480,-2
369084,"R",22687,"A",,"A",,"G",504,"A",,"G",504,"A",,"A",,2
369109,"A",,"R",95621,"A",,"G",106,"A",,"G",106,"A",,"A",,1
369400,"R",130133,"A",,"A",,"G",4338,"A",,"G",4338,"A",,"A",,2
369419,"A",,"R",723191,"A",,"G",804,"A",,"G",804,"A",,"A",,1
369446,"A",,"R",83732,"A",,"G",93,"A",,"G",93,"A",,"A",,1
369455,"R",4950,"A",,"A",,"G",110,"A",,"G",110,"A",,"A",,2
369516,"R",20618,"A",,"A",,"G",458,"A",,"G",458,"A",,"A",,2
369659,"A",,"A",,"R",14411,"A",,"G",400,"A",,"G",400,"A",,-2
369668,"A",,"R",216550,"A",,"G",241,"A",,"G",241,"A",,"A",,1
369686,"A",,"R",203775,"A",,"G",226,"A",,"G",226,"A",,"A",,1
369695,"A",,"R",110275,"A",,"G",123,"A",,"G",123,"A",,"A",,1
369783,"A",,"R",727800,"A",,"G",809,"A",,"G",809,"A",,"A",,1
369792,"A",,"R",19544,"A",,"G",22,"A",,"R",20,"A",,"A",,1
369817,"A",,"A",,"R",1568,"A",,"G",44,"A",,"G",44,"A",,-2
369862,"R",11577,"R",24126,"A",,"G",284,"A",,"G",284,"A",,"A",,3
369905,"R",23502,"A",,"A",,"G",783,"A",,"G",783,"A",,"A",,2
369950,"A",,"R",113048,"A",,"G",126,"A",,"G",126,"A",,"A",,1
371034,"A",,"R",17353,"A",,"G",19,"A",,"G",19,"A",,"A",,1
371052,"R",19620,"A",,"A",,"G",654,"A",,"G",654,"A",,"A",,2
371140,"A",,"R",63300,"A",,"G",70,"A",,"G",70,"A",,"A",,1
371265,"R",33955,"A",,"A",,"G",1132,"A",,"G",1132,"A",,"A",,2
371690,"A",,"R",447390,"A",,"G",497,"A",,"G",497,"A",,"A",,1
371760,"R",77527,"A",,"A",,"G",1723,"A",,"G",1723,"A",,"A",,2
371779,"R",68100,"A",,"A",,"G",1513,"A",,"G",1513,"A",,"A",,2
371830,"A",,"R",90025,"A",,"G",100,"A",,"G",100,"A",,"A",,1
371928,"A",,"R",187957,"A",,"G",209,"A",,"G",209,"A",,"A",,1
371964,"A",,"R",93480,"A",,"G",104,"A",,"G",104,"A",,"A",,1
371982,"R",26811,"A",,"A",,"G",894,"A",,"G",894,"A",,"A",,2
372000,"A",,"R",87000,"A",,"G",97,"A",,"G",97,"A",,"A",,1
372028,"A",,"R",194269,"A",,"G",216,"A",,"G",216,"A",,"A",,1
372037,"R",41455,"A",,"A",,"G",1382,"A",,"G",1382,"A",,"A",,2
372073,"R",18955,"A",,"A",,"G",632,"A",,"R",421,"A",,"A",,2
372082,"A",,"R",420808,"A",,"G",468,"A",,"G",468,"A",,"A",,1
372213,"R",3792340,"A",,"R",701846,"G",126411,"G",29244,"G",126411,"G",29244,"A",,2
372222,"R",137058,"A",,"R",14157,"G",4569,"G",590,"G",4569,"G",590,"A",,2
372240,"A",,"R",47040,"A",,"G",52,"A",,"G",52,"A",,"A",,1
372329,"R",76940,"A",,"A",,"G",1710,"A",,"G",1710,"A",,"A",,2
372356,"R",3389,"R",113,"A",,"G",113,"A",,"G",113,"A",,"A",,3
372462,"A",,"R",301220,"A",,"G",335,"A",,"G",335,"A",,"A",,1
372578,"R",14659,"A",,"A",,"G",326,"A",,"G",326,"A",,"A",,2
372718,"A",,"R",207872,"A",,"G",231,"A",,"G",231,"A",,"A",,1
372772,"R",11801,"A",,"A",,"G",393,"A",,"G",393,"A",,"A",,2
372921,"R",33360,"A",,"A",,"G",1112,"A",,"G",1112,"A",,"A",,2
372958,"R",24567,"R",129450,"A",,"G",963,"A",,"G",963,"A",,"A",,3
373058,"R",12569,"A",,"A",,"G",419,"A",,"G",419,"A",,"A",,2
373085,"R",17776,"A",,"A",,"G",395,"A",,"G",395,"A",,"A",,2
373119,"A",,"R",152100,"A",,"G",169,"A",,"G",169,"A",,"A",,1
373216,"A",,"R",246600,"A",,"G",274,"A",,"G",274,"A",,"A",,1
373340,"A",,"R",67766,"A",,"G",75,"A",,"G",75,"A",,"A",,1
373526,"A",,"R",218700,"A",,"G",243,"A",,"G",243,"A",,"A",,1
373605,"A",,"R",26170,"A",,"G",29,"A",,"G",29,"A",,"A",,1
373678,"A",,"R",167166,"A",,"G",186,"A",,"G",186,"A",,"A",,1
373696,"A",,"R",115986,"A",,"G",129,"A",,"G",129,"A",,"A",,1
373711,"A",,"R",65726,"A",,"G",73,"A",,"G",73,"A",,"A",,1
373784,"R",68610,"A",,"A",,"G",2287,"A",,"G",2287,"A",,"A",,2
373827,"R",13945,"A",,"A",,"G",465,"A",,"G",465,"A",,"A",,2
373890,"R",18232,"A",,"A",,"G",608,"A",,"G",608,"A",,"A",,2
374024,"A",,"A",,"R",5267,"A",,"G",219,"A",,"G",219,"A",,-2
374112,"A",,"R",19979,"A",,"G",22,"A",,"G",22,"A",,"A",,1
374316,"A",,"R",125540,"A",,"G",139,"A",,"G",139,"A",,"A",,1
374343,"A",,"R",70169,"A",,"G",78,"A",,"G",78,"A",,"A",,1
374440,"A",,"R",31500,"A",,"G",35,"A",,"G",35,"A",,"A",,1
374574,"A",,"R",533941,"A",,"G",593,"A",,"G",593,"A",,"A",,1
374592,"A",,"R",90700,"A",,"G",101,"A",,"G",101,"A",,"A",,1
374875,"R",44854,"A",,"A",,"G",1495,"A",,"G",1495,"A",,"A",,2
374927,"A",,"R",84556,"A",,"G",94,"A",,"G",94,"A",,"A",,1
374972,"R",17132,"A",,"A",,"G",571,"A",,"G",571,"A",,"A",,2
374990,"A",,"R",73718,"A",,"G",82,"A",,"G",82,"A",,"A",,1
375106,"A",,"R",110844,"A",,"G",123,"A",,"G",123,"A",,"A",,1
375230,"R",3900,"A",,"A",,"G",130,"A",,"G",130,"A",,"A",,2
375300,"A",,"R",318600,"A",,"G",354,"A",,"G",354,"A",,"A",,1
375319,"A",,"R",149400,"A",,"G",166,"A",,"G",166,"A",,"A",,1
375373,"A",,"R",245083,"A",,"G",272,"A",,"G",272,"A",,"A",,1
375407,"A",,"R",106947,"A",,"G",119,"A",,"G",119,"A",,"A",,1
375416,"R",14370,"R",139490,"A",,"G",634,"A",,"R",604,"A",,"A",,3
375489,"R",23029,"A",,"A",,"G",512,"A",,"G",512,"A",,"A",,2
375540,"A",,"R",74766,"A",,"G",83,"A",,"G",83,"A",,"A",,1
375568,"A",,"R",17494,"A",,"G",19,"A",,"G",19,"A",,"A",,1
375647,"R",1638,"A",,"A",,"G",55,"A",,"G",55,"A",,"A",,2
375656,"A",,"R",143564,"A",,"G",160,"A",,"G",160,"A",,"A",,1
375683,"A",,"R",829800,"A",,"G",922,"A",,"G",922,"A",,"A",,1
375692,"A",,"R",108975,"A",,"G",121,"A",,"G",121,"A",,"A",,1
375708,"A",,"R",220350,"A",,"G",245,"A",,"G",245,"A",,"A",,1
375717,"A",,"R",128845,"A",,"G",143,"A",,"G",143,"A",,"A",,1
375726,"A",,"R",296400,"A",,"G",329,"A",,"G",329,"A",,"A",,1
375735,"A",,"R",138600,"A",,"G",154,"A",,"G",154,"A",,"A",,1
375744,"A",,"R",325038,"A",,"G",361,"A",,"G",361,"A",,"A",,1
375753,"A",,"R",29533,"A",,"G",33,"A",,"R",22,"A",,"A",,1
375762,"A",,"R",47085,"A",,"G",52,"A",,"G",52,"A",,"A",,1
375841,"R",24150,"A",,"A",,"G",805,"A",,"G",805,"A",,"A",,2
375939,"R",13803,"A",,"A",,"G",460,"A",,"G",460,"A",,"A",,2
375966,"A",,"R",129618,"A",,"G",144,"A",,"G",144,"A",,"A",,1
375984,"A",,"R",348244,"A",,"G",387,"A",,"G",387,"A",,"A",,1
376039,"R",2430,"A",,"A",,"G",54,"A",,"G",54,"A",,"A",,2
376136,"R",9600,"A",,"A",,"G",320,"A",,"G",320,"A",,"A",,2
376224,"R",23973,"A",,"A",,"G",799,"A",,"G",799,"A",,"A",,2
376242,"A",,"R",428400,"A",,"G",476,"A",,"G",476,"A",,"A",,1
376288,"R",3500,"R",55800,"A",,"G",179,"A",,"G",179,"A",,"A",,3
376321,"R",60984,"A",,"A",,"G",2033,"A",,"G",2033,"A",,"A",,2
376330,"R",23250,"A",,"A",,"G",517,"A",,"G",517,"A",,"A",,2
376385,"R",34942,"A",,"A",,"G",1165,"A",,"G",1165,"A",,"A",,2
376446,"A",,"R",100962,"A",,"G",112,"A",,"G",112,"A",,"A",,1
376631,"A",,"R",36077,"A",,"G",40,"A",,"G",40,"A",,"A",,1
376668,"A",,"R",92700,"A",,"G",103,"A",,"G",103,"A",,"A",,1
376677,"A",,"R",132754,"A",,"G",148,"A",,"G",148,"A",,"A",,1
376695,"R",28410,"A",,"A",,"G",947,"A",,"G",947,"A",,"A",,2
376987,"A",,"R",58200,"A",,"G",65,"A",,"G",65,"A",,"A",,1
377069,"R",30991,"A",,"A",,"G",689,"A",,"G",689,"A",,"A",,2
377111,"R",25535,"A",,"A",,"G",851,"A",,"R",859,"A",,"A",,2
377193,"A",,"R",37840,"A",,"G",42,"A",,"G",42,"A",,"A",,1
377218,"R",4824,"A",,"A",,"G",161,"A",,"G",161,"A",,"A",,2
377272,"A",,"R",60300,"A",,"G",67,"A",,"G",67,"A",,"A",,1
377281,"A",,"R",78300,"A",,"G",87,"A",,"G",87,"A",,"A",,1
377315,"A",,"R",105647,"A",,"G",117,"A",,"G",117,"A",,"A",,1
377342,"R",9720,"A",,"A",,"G",324,"A",,"G",324,"A",,"A",,2
377449,"R",7898,"A",,"A",,"G",263,"A",,"G",263,"A",,"A",,2
377458,"R",11638,"A",,"A",,"G",388,"A",,"G",388,"A",,"A",,2
377485,"A",,"R",29643,"A",,"G",33,"A",,"G",33,"A",,"A",,1
377546,"R",3444,"A",,"A",,"G",115,"A",,"G",115,"A",,"A",,2
377555,"R",159532,"A",,"R",12846,"G",3545,"G",357,"G",3545,"R",428,"A",,2
377564,"R",149669,"A",,"R",16621,"G",3326,"G",462,"G",3326,"R",554,"A",,2
377643,"A",,"R",132888,"A",,"G",148,"A",,"G",148,"A",,"A",,1
377652,"R",9268,"A",,"A",,"G",309,"A",,"G",309,"A",,"A",,2
377661,"R",1959,"A",,"A",,"G",65,"A",,"G",65,"A",,"A",,2
377670,"R",3410,"A",,"A",,"G",114,"A",,"G",114,"A",,"A",,2
377722,"A",,"R",356720,"A",,"G",396,"A",,"G",396,"A",,"A",,1
377759,"A",,"R",32000,"A",,"G",36,"A",,"G",36,"A",,"A",,1
378105,"R",4215,"A",,"A",,"G",141,"A",,"G",141,"A",,"A",,2
378406,"R",23500,"A",,"A",,"G",522,"A",,"G",522,"A",,"A",,2
378576,"R",3429,"A",,"R",15836,"G",114,"G",660,"G",114,"G",660,"R",24,2
378886,"A",,"R",241910,"A",,"G",269,"A",,"G",269,"A",,"A",,1
378956,"A",,"R",946621,"A",,"G",1052,"A",,"G",1052,"A",,"A",,1
379029,"R",18870,"A",,"A",,"G",629,"A",,"G",629,"A",,"A",,2
379135,"A",,"R",80205,"A",,"G",89,"A",,"G",89,"A",,"A",,1
379621,"A",,"R",73489,"A",,"G",82,"A",,"G",82,"A",,"A",,1
379746,"A",,"R",36300,"A",,"G",40,"A",,"G",40,"A",,"A",,1
379782,"R",3410,"A",,"R",1709,"G",114,"G",71,"G",114,"G",71,"A",,2
380067,"A",,"R",164600,"A",,"G",183,"A",,"G",183,"A",,"A",,1
380094,"R",16011,"R",59277,"A",,"G",600,"A",,"R",552,"A",,"A",,3
380359,"R",13079,"A",,"A",,"G",436,"A",,"G",436,"A",,"A",,2
380368,"R",39022,"A",,"A",,"G",1301,"A",,"G",1301,"A",,"A",,2
380377,"R",24673,"A",,"A",,"G",548,"A",,"G",548,"A",,"A",,2
380401,"A",,"R",103903,"A",,"G",115,"A",,"G",115,"A",,"A",,1
380438,"R",19477,"A",,"A",,"G",433,"A",,"G",433,"A",,"A",,2
380456,"A",,"R",167417,"A",,"G",186,"A",,"G",186,"A",,"A",,1
380465,"R",27069,"A",,"R",11763,"G",902,"G",490,"G",902,"G",490,"A",,2
380474,"A",,"R",486540,"A",,"G",541,"A",,"G",541,"A",,"A",,1
381255,"A",,"R",99720,"A",,"G",111,"A",,"G",111,"A",,"A",,1
381282,"A",,"R",137472,"A",,"G",153,"A",,"G",153,"A",,"A",,1
381325,"A",,"R",147126,"A",,"G",163,"A",,"G",163,"A",,"A",,1
381334,"A",,"R",75382,"A",,"G",84,"A",,"G",84,"A",,"A",,1
381352,"A",,"A",,"R",5372,"A",,"G",224,"A",,"R",149,"A",,-2
381361,"A",,"R",105300,"A",,"G",117,"A",,"G",117,"A",,"A",,1
381370,"A",,"R",234268,"A",,"G",260,"A",,"G",260,"A",,"A",,1
381404,"A",,"R",200082,"A",,"G",222,"A",,"G",222,"A",,"A",,1
381459,"A",,"A",,"R",2982,"A",,"G",124,"A",,"G",124,"A",,-2
381486,"A",,"R",28500,"A",,"G",32,"A",,"G",32,"A",,"A",,1
381529,"R",18798,"A",,"A",,"G",418,"A",,"G",418,"A",,"A",,2
381617,"R",39228,"A",,"R",49,"G",872,"G",1,"G",872,"G",1,"A",,2
381635,"A",,"R",83190,"A",,"G",92,"A",,"G",92,"A",,"A",,1
381644,"A",,"R",172080,"A",,"G",191,"A",,"G",191,"A",,"A",,1
381699,"R",1400,"A",,"A",,"G",47,"A",,"G",47,"A",,"A",,2
381705,"R",1390,"A",,"A",,"G",46,"A",,"G",46,"A",,"A",,2
381732,"R",6863,"R",24946,"A",,"G",180,"A",,"G",180,"A",,"A",,3
381741,"R",3923,"A",,"A",,"G",131,"A",,"G",131,"A",,"A",,2
381750,"A",,"R",39975,"A",,"G",44,"A",,"G",44,"A",,"A",,1
381787,"R",22891,"A",,"A",,"G",509,"A",,"G",509,"A",,"A",,2
381866,"A",,"R",17024,"A",,"G",19,"A",,"G",19,"A",,"A",,1
381909,"R",39346,"A",,"A",,"G",874,"A",,"G",874,"A",,"A",,2
381945,"A",,"R",211120,"A",,"G",235,"A",,"G",235,"A",,"A",,1
382063,"R",14605,"A",,"R",8173,"G",487,"G",341,"G",487,"G",341,"A",,2
382258,"A",,"R",104345,"A",,"G",116,"A",,"G",116,"A",,"A",,1
382267,"A",,"R",65886,"A",,"G",73,"A",,"G",73,"A",,"A",,1
382276,"A",,"R",653260,"A",,"G",726,"A",,"G",726,"A",,"A",,1
382416,"A",,"R",99600,"A",,"G",111,"A",,"G",111,"A",,"A",,1
382461,"A",,"R",67592,"A",,"G",75,"A",,"G",75,"A",,"A",,1
382504,"R",18420,"A",,"A",,"G",614,"A",,"G",614,"A",,"A",,2
382771,"R",19702,"R",106730,"A",,"G",556,"A",,"G",556,"A",,"A",,3
382780,"A",,"R",292041,"A",,"G",324,"A",,"G",324,"A",,"A",,1
382896,"R",15571,"A",,"A",,"G",519,"A",,"G",519,"A",,"A",,2
382902,"A",,"R",77473,"A",,"G",86,"A",,"G",86,"A",,"A",,1
382911,"R",3302,"A",,"A",,"G",110,"A",,"G",110,"A",,"A",,2
382957,"R",23910,"A",,"A",,"G",797,"A",,"G",797,"A",,"A",,2
383020,"R",612,"A",,"R",2445,"G",14,"G",68,"G",14,"G",68,"A",,2
383084,"A",,"R",2474973,"A",,"G",2750,"A",,"G",2750,"A",,"A",,1
383163,"A",,"R",678960,"A",,"G",754,"A",,"G",754,"A",,"A",,1
383172,"A",,"R",44000,"A",,"G",49,"A",,"G",49,"A",,"A",,1
383190,"R",64101,"A",,"A",,"G",2137,"A",,"G",2137,"A",,"A",,2
383251,"A",,"R",105045,"A",,"G",117,"A",,"G",117,"A",,"A",,1
383279,"A",,"R",140313,"A",,"G",156,"A",,"G",156,"A",,"A",,1
383297,"A",,"R",227829,"A",,"G",253,"A",,"G",253,"A",,"A",,1
383312,"A",,"R",80700,"A",,"G",90,"A",,"G",90,"A",,"A",,1
383330,"A",,"R",113314,"A",,"G",126,"A",,"G",126,"A",,"A",,1
383367,"A",,"R",196799,"A",,"G",219,"A",,"G",219,"A",,"A",,1
383400,"R",2420,"A",,"A",,"G",54,"A",,"G",54,"A",,"A",,2
383464,"A",,"R",124242,"A",,"G",138,"A",,"G",138,"A",,"A",,1
383507,"R",836,"A",,"A",,"G",28,"A",,"R",19,"A",,"A",,2
383525,"A",,"R",173604,"A",,"G",193,"A",,"G",193,"A",,"A",,1
383765,"A",,"R",7492,"A",,"G",8,"A",,"G",8,"A",,"A",,1
383792,"A",,"R",264300,"A",,"G",294,"A",,"G",294,"A",,"A",,1
383899,"R",28742,"R",67500,"A",,"G",1033,"A",,"G",1033,"A",,"A",,3
383950,"R",26500,"A",,"A",,"G",589,"A",,"G",589,"A",,"A",,2
383996,"R",15318,"A",,"A",,"G",511,"A",,"G",511,"A",,"A",,2
384209,"R",28770,"A",,"A",,"G",959,"A",,"G",959,"A",,"A",,2
384254,"R",5755,"A",,"A",,"G",192,"A",,"G",192,"A",,"A",,2
384306,"A",,"A",,"R",5443,"A",,"G",227,"A",,"G",227,"A",,-2
384333,"R",147948,"A",,"A",,"G",4932,"A",,"G",4932,"A",,"A",,2
384342,"R",118748,"A",,"A",,"G",3958,"A",,"G",3958,"A",,"A",,2
384412,"R",11772,"A",,"A",,"G",392,"A",,"G",392,"A",,"A",,2
384421,"R",1740,"A",,"A",,"G",58,"A",,"G",58,"A",,"A",,2
385008,"R",24219,"R",25673,"A",,"G",836,"A",,"G",836,"A",,"A",,3
385132,"A",,"R",88800,"A",,"G",99,"A",,"G",99,"A",,"A",,1
385503,"R",20250,"A",,"A",,"G",675,"A",,"G",675,"A",,"A",,2
385549,"A",,"R",285300,"A",,"G",317,"A",,"G",317,"A",,"A",,1
385619,"R",32727,"A",,"R",1080,"G",1091,"G",45,"G",1091,"G",45,"A",,2
386153,"R",8054,"A",,"A",,"G",268,"A",,"G",268,"A",,"A",,2
386472,"R",15206,"A",,"A",,"G",507,"A",,"G",507,"A",,"A",,2
387660,"A",,"R",4980,"A",,"G",6,"A",,"R",5,"A",,"A",,1
387819,"A",,"R",52800,"A",,"G",59,"A",,"G",59,"A",,"A",,1
387925,"A",,"R",250483,"A",,"G",278,"A",,"G",278,"A",,"A",,1
388043,"R",32444,"A",,"A",,"G",721,"A",,"G",721,"A",,"A",,2
388520,"R",8746,"A",,"A",,"G",292,"A",,"G",292,"A",,"A",,2
388663,"A",,"R",87770,"A",,"G",98,"A",,"G",98,"A",,"A",,1
389727,"R",14688,"A",,"A",,"G",326,"A",,"G",326,"A",,"A",,2
389860,"A",,"R",222296,"A",,"G",247,"A",,"G",247,"A",,"A",,1
390701,"R",1010517,"A",,"R",4200,"G",33684,"G",175,"R",27959,"R",174,"A",,2
390905,"A",,"R",189000,"A",,"G",210,"A",,"G",210,"A",,"A",,1
391005,"A",,"R",252710,"A",,"G",281,"A",,"G",281,"A",,"A",,1
391333,"A",,"R",70800,"A",,"G",79,"A",,"G",79,"A",,"A",,1
391546,"A",,"R",186130,"A",,"G",207,"A",,"G",207,"A",,"A",,1
391564,"R",8188,"A",,"A",,"G",273,"A",,"G",273,"A",,"A",,2
391582,"R",7834,"A",,"A",,"G",261,"A",,"G",261,"A",,"A",,2
391759,"A",,"R",58338,"A",,"G",65,"A",,"G",65,"A",,"A",,1
391810,"A",,"R",48464,"A",,"G",54,"A",,"G",54,"A",,"A",,1
392257,"R",15336,"R",509340,"A",,"G",1077,"A",,"G",1077,"A",,"A",,3
392354,"A",,"R",20700,"A",,"G",23,"A",,"G",23,"A",,"A",,1
392415,"R",25980,"A",,"A",,"G",866,"A",,"G",866,"A",,"A",,2
392798,"A",,"R",59650,"A",,"G",66,"A",,"G",66,"A",,"A",,1
392840,"R",8000,"A",,"A",,"G",267,"A",,"G",267,"A",,"A",,2
393180,"R",300,"R",543750,"A",,"G",614,"A",,"G",614,"A",,"A",,3
393524,"A",,"R",150108,"A",,"G",167,"A",,"G",167,"A",,"A",,1
393649,"R",53860,"A",,"A",,"G",1795,"A",,"G",1795,"A",,"A",,2
393861,"A",,"R",116059,"A",,"G",129,"A",,"G",129,"A",,"A",,1
393977,"A",,"R",66165,"A",,"G",74,"A",,"G",74,"A",,"A",,1
395195,"A",,"R",82492,"A",,"G",92,"A",,"G",92,"A",,"A",,1
395362,"R",38595,"A",,"A",,"G",1287,"A",,"G",1287,"A",,"A",,2
395690,"A",,"R",850144,"A",,"G",945,"A",,"G",945,"A",,"A",,1
397270,"R",552,"R",13462,"R",72,"G",33,"G",3,"G",33,"G",3,"A",,3
397942,"R",27744,"A",,"A",,"G",925,"A",,"G",925,"A",,"A",,2
398130,"R",21910,"A",,"A",,"G",487,"A",,"G",487,"A",,"A",,2
398574,"R",73599,"A",,"A",,"G",2453,"A",,"G",2453,"A",,"A",,2
399212,"R",181502,"A",,"A",,"G",6050,"A",,"G",6050,"A",,"A",,2
399869,"R",24900,"A",,"A",,"G",830,"A",,"G",830,"A",,"A",,2
399911,"R",13394,"A",,"R",2,"G",446,"G",0,"G",446,"G",0,"A",,2
400080,"A",,"R",1241031,"A",,"G",1379,"A",,"G",1379,"A",,"A",,1
400187,"A",,"R",289804,"A",,"G",322,"A",,"G",322,"A",,"A",,1
400637,"R",51415,"R",32111,"A",,"G",1750,"A",,"G",1750,"A",,"A",,3
401223,"R",1861,"A",,"R",1622,"G",62,"G",68,"G",62,"G",68,"A",,2
401250,"A",,"A",,"R",8914,"A",,"G",371,"A",,"G",371,"R",16,-2
401339,"R",20186,"A",,"A",,"G",673,"A",,"G",673,"A",,"A",,2
401481,"A",,"R",51028,"A",,"G",57,"A",,"G",57,"A",,"A",,1
402563,"A",,"R",577457,"A",,"G",642,"A",,"G",642,"A",,"A",,1
402615,"R",18841,"A",,"R",1786,"G",419,"G",50,"G",419,"G",50,"A",,2
402776,"R",8670,"A",,"A",,"G",289,"A",,"G",289,"A",,"A",,2
402800,"A",,"R",144233,"A",,"G",160,"A",,"G",160,"A",,"A",,1
402828,"A",,"A",,"R",2550,"A",,"G",106,"A",,"G",106,"R",324,-2
403414,"A",,"R",38213,"A",,"G",42,"A",,"G",42,"A",,"A",,1
403469,"R",25628,"A",,"A",,"G",854,"A",,"G",854,"A",,"A",,2
403478,"R",21496,"A",,"A",,"G",717,"A",,"G",717,"A",,"A",,2
403487,"R",64248,"A",,"A",,"G",2142,"A",,"G",2142,"A",,"A",,2
404037,"R",920,"A",,"A",,"G",31,"A",,"G",31,"A",,"A",,2
404055,"R",8243,"A",,"A",,"G",275,"A",,"G",275,"A",,"A",,2
404073,"R",102068,"A",,"R",589,"G",2268,"G",16,"G",2268,"G",16,"A",,2
404082,"R",152630,"A",,"R",739,"G",3392,"G",21,"G",3392,"G",21,"A",,2
404222,"A",,"A",,"A",,"A",,"A",,"A",,"A",,"R",249,-2
404338,"R",4257,"A",,"R",873,"G",142,"G",36,"G",142,"G",36,"A",,2
404365,"R",15662,"A",,"A",,"G",522,"A",,"G",522,"A",,"A",,2
404374,"R",6649,"R",72750,"A",,"G",302,"A",,"G",302,"A",,"A",,3
404383,"R",25025,"R",3900,"A",,"G",839,"A",,"R",838,"A",,"A",,3
404426,"R",62714,"A",,"A",,"G",2090,"A",,"R",2100,"A",,"A",,2
404499,"R",19651,"R",19557,"A",,"G",677,"A",,"G",677,"A",,"A",,3
404505,"R",18486,"A",,"A",,"G",616,"A",,"G",616,"A",,"A",,2
404514,"R",17215,"A",,"A",,"G",574,"A",,"G",574,"A",,"A",,2
404648,"R",61114,"A",,"R",14,"G",1358,"G",0,"G",1358,"G",0,"A",,2
404684,"R",3570,"R",382431,"A",,"G",544,"A",,"G",544,"A",,"A",,3
404718,"A",,"R",69346,"A",,"G",77,"A",,"G",77,"A",,"A",,1
404806,"R",10749,"A",,"A",,"G",358,"A",,"G",358,"A",,"A",,2
404912,"A",,"R",1320074,"A",,"G",1467,"A",,"G",1467,"A",,"A",,1
404921,"R",12270,"A",,"A",,"G",409,"A",,"G",409,"A",,"A",,2
404994,"R",189358,"A",,"A",,"G",6312,"A",,"G",6312,"A",,"A",,2
405012,"A",,"R",180000,"A",,"G",200,"A",,"G",200,"A",,"A",,1
405021,"A",,"R",44000,"A",,"G",49,"A",,"G",49,"A",,"A",,1
405058,"R",4356,"A",,"A",,"G",145,"A",,"G",145,"A",,"A",,2
405076,"A",,"R",302400,"A",,"G",336,"A",,"G",336,"A",,"A",,1
405748,"A",,"R",71881,"A",,"G",80,"A",,"G",80,"A",,"A",,1
405854,"R",4560,"A",,"A",,"G",152,"A",,"G",152,"A",,"A",,2
405872,"R",80456,"A",,"A",,"G",2682,"A",,"G",2682,"A",,"A",,2
405979,"R",36597,"A",,"R",7971,"G",1220,"G",332,"G",1220,"G",332,"A",,2
405988,"R",27307,"A",,"R",7087,"G",910,"G",295,"G",910,"G",295,"A",,2
405997,"R",61407,"A",,"R",6900,"G",2047,"G",288,"G",2047,"G",288,"A",,2
406006,"R",35968,"A",,"R",5247,"G",1199,"G",219,"G",1199,"G",219,"A",,2
406015,"R",209949,"A",,"R",26682,"G",6998,"G",1112,"G",6998,"G",1112,"A",,2
406024,"R",23509,"R",144420,"A",,"G",944,"A",,"R",800,"A",,"A",,3
406033,"R",21934,"R",611370,"A",,"G",1410,"A",,"R",1280,"A",,"A",,3
406051,"A",,"R",129600,"A",,"G",144,"A",,"G",144,"A",,"A",,1
406149,"A",,"R",47110,"A",,"G",52,"A",,"G",52,"A",,"A",,1
406194,"R",17068,"A",,"A",,"G",379,"A",,"G",379,"A",,"A",,2
406200,"R",93203,"A",,"A",,"G",3107,"A",,"G",3107,"A",,"A",,2
406219,"R",12232,"R",18900,"A",,"G",293,"A",,"G",293,"A",,"A",,3
406325,"A",,"R",97259,"A",,"G",108,"A",,"G",108,"A",,"A",,1
406361,"A",,"R",50801,"A",,"G",56,"A",,"G",56,"A",,"A",,1
406413,"R",2592,"R",3510,"A",,"G",90,"A",,"G",90,"A",,"A",,3
406422,"A",,"R",111295,"A",,"G",124,"A",,"G",124,"A",,"A",,1
406486,"A",,"R",47757,"A",,"G",53,"A",,"G",53,"A",,"A",,1
406495,"A",,"R",222500,"A",,"G",247,"A",,"G",247,"A",,"A",,1
406547,"R",19111,"A",,"A",,"G",425,"A",,"G",425,"A",,"A",,2
407009,"R",89903,"A",,"R",10969,"G",2997,"G",457,"G",2997,"G",457,"A",,2
407054,"A",,"R",231000,"A",,"G",257,"A",,"G",257,"A",,"A",,1
407063,"R",31793,"A",,"A",,"G",707,"A",,"G",707,"A",,"A",,2
407090,"A",,"R",244018,"A",,"G",271,"A",,"G",271,"A",,"A",,1
407142,"A",,"R",103650,"A",,"G",115,"A",,"G",115,"A",,"A",,1
407151,"A",,"R",111328,"A",,"G",124,"A",,"G",124,"A",,"A",,1
407179,"A",,"R",127217,"A",,"G",141,"A",,"G",141,"A",,"A",,1
407285,"R",9665,"A",,"R",0,"G",215,"G",0,"G",215,"G",0,"A",,2
407319,"R",24720,"A",,"A",,"G",549,"A",,"G",549,"A",,"A",,2
407328,"R",3278,"R",50720,"A",,"G",166,"A",,"G",166,"A",,"A",,3
407355,"A",,"R",358565,"A",,"G",398,"A",,"R",412,"A",,"A",,1
407391,"A",,"R",161992,"A",,"G",180,"A",,"G",180,"A",,"A",,1
407407,"A",,"R",141632,"A",,"G",157,"A",,"G",157,"A",,"A",,1
407425,"A",,"R",169196,"A",,"G",188,"A",,"G",188,"A",,"A",,1
407434,"A",,"R",132599,"A",,"G",147,"A",,"G",147,"A",,"A",,1
407452,"A",,"R",54725,"A",,"G",61,"A",,"G",61,"A",,"A",,1
407461,"A",,"R",247000,"A",,"G",274,"A",,"G",274,"A",,"A",,1
407470,"A",,"R",215572,"A",,"G",240,"A",,"G",240,"A",,"A",,1
407489,"A",,"R",61754,"A",,"G",69,"A",,"G",69,"A",,"A",,1
407504,"A",,"R",207900,"A",,"G",231,"A",,"G",231,"A",,"A",,1
407513,"A",,"R",186315,"A",,"G",207,"A",,"G",207,"A",,"A",,1
407522,"A",,"R",35940,"A",,"G",40,"A",,"G",40,"A",,"A",,1
407568,"A",,"R",128850,"A",,"G",143,"A",,"G",143,"A",,"A",,1
407577,"A",,"R",371700,"A",,"G",413,"A",,"G",413,"A",,"A",,1
407595,"A",,"R",153202,"A",,"G",170,"A",,"G",170,"A",,"A",,1
407601,"A",,"R",78357,"A",,"G",87,"A",,"G",87,"A",,"A",,1
407629,"A",,"A",,"R",3421,"A",,"G",143,"A",,"G",143,"R",3216,-2
407683,"A",,"R",115510,"A",,"G",128,"A",,"G",128,"A",,"A",,1
407708,"A",,"R",349661,"A",,"G",389,"A",,"G",389,"A",,"A",,1
407726,"A",,"R",70949,"A",,"G",79,"A",,"G",79,"A",,"A",,1
407735,"A",,"R",127069,"A",,"G",141,"A",,"G",141,"A",,"A",,1
407832,"A",,"R",410014,"A",,"G",456,"A",,"G",456,"A",,"A",,1
408039,"R",39631,"A",,"A",,"G",881,"A",,"G",881,"A",,"A",,2
408066,"A",,"R",152220,"A",,"G",169,"A",,"G",169,"A",,"A",,1
408163,"A",,"R",94828,"A",,"G",105,"A",,"G",105,"A",,"A",,1
408312,"R",4760,"R",9010,"A",,"G",169,"A",,"G",169,"A",,"A",,3
408385,"A",,"R",377100,"A",,"G",419,"A",,"G",419,"A",,"A",,1
408394,"R",18689,"A",,"A",,"G",623,"A",,"G",623,"A",,"A",,2
408844,"R",122262,"A",,"R",744,"G",4075,"G",31,"G",4075,"G",31,"A",,2
408862,"A",,"R",387900,"A",,"G",431,"A",,"G",431,"A",,"A",,1
409032,"R",12720,"A",,"A",,"G",424,"A",,"G",424,"A",,"A",,2
409069,"R",24417,"A",,"A",,"G",543,"A",,"G",543,"A",,"A",,2
409120,"R",789,"R",155126,"A",,"G",199,"A",,"G",199,"A",,"A",,3
409166,"A",,"R",86040,"A",,"G",96,"A",,"G",96,"A",,"A",,1
409193,"R",18750,"A",,"A",,"G",625,"A",,"G",625,"A",,"A",,2
409254,"A",,"A",,"R",3847,"A",,"G",160,"A",,"G",160,"A",,-2
409315,"R",591034,"A",,"A",,"G",19701,"A",,"G",19701,"A",,"A",,2
409537,"A",,"R",70935,"A",,"G",79,"A",,"G",79,"A",,"A",,1
409591,"A",,"R",115129,"A",,"G",128,"A",,"G",128,"A",,"A",,1
409616,"A",,"A",,"A",,"A",,"A",,"A",,"A",,"R",516,-2
409670,"R",19604,"A",,"A",,"G",653,"A",,"G",653,"A",,"A",,2
409698,"R",144148,"A",,"R",7682,"G",4805,"G",320,"G",4805,"G",320,"A",,2
409829,"R",12287,"A",,"A",,"G",410,"A",,"G",410,"A",,"A",,2
409838,"R",6639,"A",,"A",,"G",148,"A",,"G",148,"A",,"A",,2
409874,"R",58176,"A",,"A",,"G",1293,"A",,"G",1293,"A",,"A",,2
410070,"R",26264,"A",,"A",,"G",875,"A",,"G",875,"A",,"A",,2
410256,"A",,"R",46400,"A",,"G",52,"A",,"G",52,"A",,"A",,1
410283,"R",40695,"A",,"A",,"G",904,"A",,"G",904,"A",,"A",,2
410496,"R",17385,"A",,"A",,"G",580,"A",,"G",580,"A",,"A",,2
410502,"R",88861,"A",,"A",,"G",1975,"A",,"G",1975,"A",,"A",,2
410520,"A",,"R",273137,"A",,"G",303,"A",,"G",303,"A",,"A",,1
410539,"R",12930,"A",,"A",,"G",431,"A",,"G",431,"A",,"A",,2
410788,"A",,"R",392338,"A",,"G",436,"A",,"G",436,"A",,"A",,1
410797,"R",11885,"A",,"A",,"G",396,"A",,"G",396,"A",,"A",,2
410964,"A",,"R",40200,"A",,"G",45,"A",,"G",45,"A",,"A",,1
411055,"A",,"R",498240,"A",,"G",554,"A",,"G",554,"A",,"A",,1
411374,"R",28500,"A",,"A",,"G",950,"A",,"G",950,"A",,"A",,2
411684,"A",,"R",150300,"A",,"G",167,"A",,"G",167,"A",,"A",,1
411754,"A",,"R",56301,"A",,"G",63,"A",,"G",63,"A",,"A",,1
412003,"R",2307,"A",,"A",,"G",77,"A",,"G",77,"A",,"A",,2
412173,"A",,"R",478876,"A",,"G",532,"A",,"G",532,"A",,"A",,1
412535,"A",,"R",46638,"A",,"G",52,"A",,"G",52,"A",,"A",,1
412544,"A",,"R",99420,"A",,"G",110,"A",,"G",110,"A",,"A",,1
412599,"R",38647,"R",46250,"A",,"G",1340,"A",,"R",1467,"A",,"A",,3
412650,"A",,"R",81229,"A",,"G",90,"A",,"G",90,"A",,"A",,1
413176,"A",,"R",40221,"A",,"G",45,"A",,"G",45,"A",,"A",,1
413343,"A",,"R",30600,"A",,"G",34,"A",,"G",34,"A",,"A",,1
413413,"R",253402,"A",,"R",579135,"G",5631,"G",16087,"G",5631,"G",16087,"R",65,2
413617,"R",13971,"A",,"A",,"G",466,"A",,"G",466,"A",,"A",,2
413626,"R",7325,"A",,"A",,"G",244,"A",,"G",244,"A",,"A",,2
413635,"R",20460,"A",,"A",,"G",682,"A",,"G",682,"A",,"A",,2
413644,"A",,"A",,"R",3878,"A",,"G",162,"A",,"G",162,"A",,-2
413680,"A",,"R",550625,"A",,"G",612,"A",,"G",612,"A",,"A",,1
413778,"R",6721,"A",,"A",,"G",224,"A",,"G",224,"A",,"A",,2
413802,"A",,"R",664122,"A",,"G",738,"A",,"G",738,"A",,"A",,1
413820,"A",,"R",18000,"A",,"G",20,"A",,"G",20,"A",,"A",,1
413839,"R",13760,"A",,"A",,"G",306,"A",,"G",306,"A",,"A",,2
413848,"R",15260,"A",,"A",,"G",339,"A",,"G",339,"A",,"A",,2
413857,"R",26642,"A",,"A",,"G",592,"A",,"G",592,"A",,"A",,2
413866,"R",16556,"A",,"A",,"G",368,"A",,"G",368,"A",,"A",,2
413884,"R",24746,"A",,"A",,"G",550,"A",,"G",550,"A",,"A",,2
413918,"R",704,"A",,"A",,"G",23,"A",,"R",22,"A",,"A",,2
413945,"A",,"R",114616,"A",,"G",127,"A",,"G",127,"A",,"A",,1
413972,"A",,"R",114300,"A",,"G",127,"A",,"G",127,"A",,"A",,1
414054,"A",,"R",32500,"A",,"G",36,"A",,"G",36,"A",,"A",,1
414063,"A",,"R",175158,"A",,"G",195,"A",,"G",195,"A",,"A",,1
414124,"R",10076,"A",,"A",,"G",336,"A",,"G",336,"A",,"A",,2
414160,"R",76266,"A",,"R",672,"G",1695,"G",19,"G",1695,"G",19,"A",,2
414452,"A",,"R",38928,"A",,"G",43,"A",,"R",28,"A",,"A",,1
414461,"R",192528,"A",,"A",,"G",4278,"A",,"G",4278,"A",,"A",,2
414489,"A",,"R",76733,"A",,"G",85,"A",,"G",85,"A",,"A",,1
414531,"R",14311,"A",,"A",,"G",318,"A",,"G",318,"A",,"A",,2
414540,"A",,"R",245220,"A",,"G",272,"A",,"G",272,"A",,"A",,1
414559,"A",,"R",50400,"A",,"G",56,"A",,"G",56,"A",,"A",,1
414568,"R",25586,"A",,"A",,"G",569,"A",,"G",569,"A",,"A",,2
414586,"R",22010,"A",,"A",,"G",489,"A",,"G",489,"A",,"A",,2
414595,"R",222,"R",73753,"R",16201,"G",89,"G",675,"G",89,"G",675,"A",,3
414708,"R",131189,"A",,"R",17646,"G",2915,"G",490,"G",2915,"G",490,"A",,2
414823,"R",92284,"A",,"A",,"G",2051,"A",,"G",2051,"A",,"A",,2
414841,"R",11832,"A",,"A",,"G",263,"A",,"G",263,"A",,"A",,2
414869,"A",,"R",122509,"A",,"G",136,"A",,"G",136,"A",,"A",,1
414878,"R",12512,"A",,"R",1647,"G",417,"G",69,"G",417,"G",69,"A",,2
414911,"R",46780,"A",,"A",,"G",1559,"A",,"G",1559,"A",,"A",,2
414939,"A",,"R",301738,"A",,"G",335,"A",,"G",335,"A",,"A",,1
414966,"A",,"A",,"R",1999,"A",,"G",83,"A",,"R",103,"A",,-2
415039,"A",,"R",101312,"A",,"G",113,"A",,"G",113,"A",,"A",,1
415057,"A",,"R",112800,"A",,"G",125,"A",,"G",125,"A",,"A",,1
415729,"R",556,"A",,"A",,"G",19,"A",,"G",19,"A",,"A",,2
415774,"R",20406,"A",,"A",,"G",680,"A",,"G",680,"A",,"A",,2
415987,"A",,"R",561600,"A",,"G",624,"A",,"G",624,"A",,"A",,1
416458,"R",23567,"A",,"A",,"G",786,"A",,"G",786,"A",,"A",,2
416670,"A",,"R",144808,"A",,"G",161,"A",,"G",161,"A",,"A",,1
416801,"R",11240,"A",,"R",0,"G",375,"G",0,"G",375,"G",0,"A",,2
416962,"R",45006,"A",,"R",7734,"G",1500,"G",322,"G",1500,"G",322,"A",,2
416971,"A",,"R",60947,"A",,"G",68,"A",,"G",68,"A",,"A",,1
416980,"A",,"R",54130,"A",,"G",60,"A",,"G",60,"A",,"A",,1
417008,"A",,"R",88568,"A",,"G",98,"A",,"G",98,"A",,"A",,1
417062,"A",,"R",135245,"A",,"G",150,"A",,"G",150,"A",,"A",,1
417105,"A",,"R",298605,"A",,"G",332,"A",,"G",332,"A",,"A",,1
417123,"A",,"R",177398,"A",,"G",197,"A",,"G",197,"A",,"A",,1
417132,"A",,"R",833400,"A",,"G",926,"A",,"G",926,"A",,"A",,1
417178,"A",,"R",56700,"A",,"G",63,"A",,"G",63,"A",,"A",,1
417187,"A",,"R",12500,"A",,"G",14,"A",,"G",14,"A",,"A",,1
417248,"A",,"R",59400,"A",,"G",66,"A",,"G",66,"A",,"A",,1
417257,"A",,"R",47880,"A",,"G",53,"A",,"G",53,"A",,"A",,1
417275,"A",,"R",17280,"A",,"G",19,"A",,"R",18,"A",,"A",,1
417318,"R",7716,"A",,"A",,"G",257,"A",,"G",257,"A",,"A",,2
417327,"R",14290,"A",,"A",,"G",318,"A",,"G",318,"A",,"A",,2
417345,"A",,"A",,"R",288,"A",,"G",12,"A",,"G",12,"A",,-2
417381,"A",,"R",150665,"A",,"G",167,"A",,"G",167,"A",,"A",,1
417406,"A",,"R",42492,"A",,"G",47,"A",,"G",47,"A",,"A",,1
417442,"A",,"R",141665,"A",,"G",157,"A",,"G",157,"A",,"A",,1
417503,"A",,"R",259439,"A",,"G",288,"A",,"G",288,"A",,"A",,1
417549,"R",9487,"R",55320,"A",,"G",378,"A",,"G",378,"A",,"A",,3
417576,"A",,"R",105447,"A",,"G",117,"A",,"G",117,"A",,"A",,1
417600,"A",,"R",48316,"A",,"G",54,"A",,"G",54,"A",,"A",,1
417628,"A",,"R",63606,"A",,"G",71,"A",,"G",71,"A",,"A",,1
417637,"A",,"R",95160,"A",,"G",106,"A",,"G",106,"A",,"A",,1
417646,"A",,"R",34070,"A",,"G",38,"A",,"G",38,"A",,"A",,1
417655,"A",,"R",29700,"A",,"G",33,"A",,"G",33,"A",,"A",,1
417673,"A",,"R",20332,"A",,"G",23,"A",,"G",23,"A",,"A",,1
417682,"A",,"R",26249,"A",,"G",29,"A",,"G",29,"A",,"A",,1
417716,"A",,"R",162660,"A",,"G",181,"A",,"G",181,"A",,"A",,1
417725,"A",,"R",125820,"A",,"G",140,"A",,"G",140,"A",,"A",,1
417734,"R",4648,"A",,"A",,"G",155,"A",,"G",155,"A",,"A",,2
417743,"A",,"R",7920,"A",,"G",9,"A",,"G",9,"A",,"A",,1
417752,"R",1680,"A",,"A",,"G",56,"A",,"G",56,"A",,"A",,2
417789,"A",,"R",104400,"A",,"G",116,"A",,"G",116,"A",,"A",,1
417798,"A",,"R",32127,"A",,"G",36,"A",,"G",36,"A",,"A",,1
417804,"A",,"R",90000,"A",,"G",100,"A",,"G",100,"A",,"A",,1
417831,"A",,"R",136620,"A",,"G",152,"A",,"G",152,"A",,"A",,1
417840,"A",,"R",192890,"A",,"G",214,"A",,"G",214,"A",,"A",,1
417868,"A",,"R",42920,"A",,"G",48,"A",,"R",37,"A",,"A",,1
417886,"A",,"R",91800,"A",,"G",102,"A",,"G",102,"A",,"A",,1
417901,"R",840,"A",,"A",,"G",28,"A",,"G",28,"A",,"A",,2
417910,"A",,"R",173700,"A",,"G",193,"A",,"G",193,"A",,"A",,1
417947,"A",,"R",31326,"A",,"G",35,"A",,"G",35,"A",,"A",,1
417983,"A",,"R",41325,"A",,"G",46,"A",,"G",46,"A",,"A",,1
417992,"A",,"R",67916,"A",,"G",75,"A",,"R",62,"A",,"A",,1
418001,"A",,"R",148886,"A",,"G",165,"A",,"G",165,"A",,"A",,1
418010,"A",,"R",51377,"A",,"G",57,"A",,"G",57,"A",,"A",,1
418029,"A",,"R",51693,"A",,"G",57,"A",,"G",57,"A",,"A",,1
418038,"A",,"R",126900,"A",,"G",141,"A",,"G",141,"A",,"A",,1
418056,"A",,"R",108240,"A",,"G",120,"A",,"G",120,"A",,"A",,1
418065,"A",,"R",270392,"A",,"G",300,"A",,"G",300,"A",,"A",,1
418083,"A",,"R",84780,"A",,"G",94,"A",,"G",94,"A",,"A",,1
418126,"R",15839,"A",,"R",7800,"G",528,"G",325,"G",528,"G",325,"A",,2
418162,"A",,"R",431166,"A",,"G",479,"A",,"G",479,"A",,"A",,1
418171,"A",,"R",49864,"A",,"G",55,"A",,"G",55,"A",,"A",,1
418199,"A",,"R",55686,"A",,"G",62,"A",,"G",62,"A",,"A",,1
418205,"A",,"R",183506,"A",,"G",204,"A",,"G",204,"A",,"A",,1
418223,"A",,"R",48600,"A",,"G",54,"A",,"G",54,"A",,"A",,1
418250,"A",,"R",94849,"A",,"G",105,"A",,"G",105,"A",,"A",,1
418269,"R",2042,"A",,"A",,"G",68,"A",,"G",68,"A",,"A",,2
418278,"A",,"R",61309,"A",,"G",68,"A",,"G",68,"A",,"A",,1
418287,"A",,"R",333721,"A",,"G",371,"A",,"G",371,"A",,"A",,1
418296,"A",,"R",498143,"A",,"G",553,"A",,"G",553,"A",,"A",,1
418302,"A",,"R",350958,"A",,"G",390,"A",,"G",390,"A",,"A",,1
418320,"A",,"R",691426,"A",,"G",768,"A",,"G",768,"A",,"A",,1
418339,"A",,"R",260086,"A",,"G",289,"A",,"G",289,"A",,"A",,1
418348,"A",,"R",222323,"A",,"G",247,"A",,"G",247,"A",,"A",,1
418357,"A",,"R",158582,"A",,"G",176,"A",,"G",176,"A",,"A",,1
418384,"A",,"R",66600,"A",,"G",74,"A",,"G",74,"A",,"A",,1
418409,"A",,"R",194926,"A",,"G",217,"A",,"G",217,"A",,"A",,1
418427,"A",,"R",125995,"A",,"G",140,"A",,"G",140,"A",,"A",,1
418445,"A",,"R",46053,"A",,"G",51,"A",,"G",51,"A",,"A",,1
418454,"A",,"R",185688,"A",,"G",206,"A",,"G",206,"A",,"A",,1
418481,"A",,"R",72900,"A",,"G",81,"A",,"G",81,"A",,"A",,1
418506,"A",,"R",59171,"A",,"G",66,"A",,"G",66,"A",,"A",,1
418515,"A",,"R",115280,"A",,"G",128,"A",,"G",128,"A",,"A",,1
418524,"A",,"R",85568,"A",,"G",95,"A",,"G",95,"A",,"A",,1
418533,"A",,"R",322064,"A",,"G",358,"A",,"G",358,"A",,"A",,1
418542,"A",,"R",130500,"A",,"G",145,"A",,"G",145,"A",,"A",,1
418560,"A",,"R",112284,"A",,"G",125,"A",,"G",125,"A",,"A",,1
418588,"A",,"R",60987,"A",,"G",68,"A",,"G",68,"A",,"A",,1
418603,"A",,"R",40500,"A",,"G",45,"A",,"G",45,"A",,"A",,1
418612,"A",,"R",30150,"A",,"G",34,"A",,"G",34,"A",,"A",,1
418658,"R",21120,"A",,"A",,"G",704,"A",,"G",704,"A",,"A",,2
418676,"A",,"R",50000,"A",,"G",56,"A",,"G",56,"A",,"A",,1
418700,"A",,"R",243000,"A",,"G",270,"A",,"G",270,"A",,"A",,1
418755,"A",,"R",85560,"A",,"G",95,"A",,"G",95,"A",,"A",,1
418764,"A",,"R",70918,"A",,"G",79,"A",,"G",79,"A",,"A",,1
418773,"R",41780,"A",,"A",,"G",1393,"A",,"G",1393,"A",,"A",,2
418782,"R",5616,"A",,"A",,"G",187,"A",,"G",187,"A",,"A",,2
418870,"R",13530,"A",,"A",,"G",451,"A",,"G",451,"A",,"A",,2
418889,"R",749,"R",123865,"A",,"G",163,"A",,"G",163,"A",,"A",,3
418913,"A",,"R",40145,"A",,"G",45,"A",,"G",45,"A",,"A",,1
418968,"A",,"R",47821,"A",,"G",53,"A",,"G",53,"A",,"A",,1
419031,"A",,"R",27816,"A",,"G",31,"A",,"G",31,"A",,"A",,1
419095,"A",,"R",66000,"A",,"G",73,"A",,"R",79,"A",,"A",,1
419147,"A",,"R",52200,"A",,"G",58,"A",,"G",58,"A",,"A",,1
419156,"A",,"R",45415,"A",,"G",50,"A",,"G",50,"A",,"A",,1
419183,"R",6438,"A",,"A",,"G",215,"A",,"G",215,"A",,"A",,2
419217,"C",5970,"A",,"A",,"G",199,"A",,"G",199,"A",,"A",,2
419226,"A",,"R",377348,"A",,"G",419,"A",,"G",419,"A",,"A",,1
419235,"A",,"R",313907,"A",,"G",349,"A",,"G",349,"A",,"A",,1
419244,"A",,"R",160200,"A",,"G",178,"A",,"G",178,"A",,"A",,1
419253,"R",7980,"A",,"A",,"G",266,"A",,"G",266,"A",,"A",,2
419262,"A",,"R",41500,"A",,"G",46,"A",,"G",46,"A",,"A",,1
419271,"A",,"R",8898,"A",,"G",10,"A",,"R",9,"A",,"A",,1
419280,"A",,"R",55826,"A",,"G",62,"A",,"G",62,"A",,"A",,1
419314,"A",,"R",25356,"A",,"G",28,"A",,"G",28,"A",,"A",,1
419332,"A",,"R",13596,"A",,"G",15,"A",,"G",15,"A",,"A",,1
419341,"A",,"R",65067,"A",,"G",72,"A",,"G",72,"A",,"A",,1
419411,"A",,"R",288250,"A",,"G",320,"A",,"G",320,"A",,"A",,1
419420,"A",,"R",109755,"A",,"G",122,"A",,"G",122,"A",,"A",,1
419457,"R",2223,"A",,"R",8913,"G",74,"G",371,"G",74,"G",371,"R",313,2
419484,"A",,"R",45000,"A",,"G",50,"A",,"G",50,"A",,"A",,1
419509,"R",71753,"A",,"R",11102,"G",2392,"G",463,"G",2392,"G",463,"A",,2
419633,"A",,"R",102600,"A",,"G",114,"A",,"G",114,"A",,"A",,1
419660,"A",,"R",597565,"A",,"G",664,"A",,"G",664,"A",,"A",,1
419703,"R",20808,"A",,"A",,"G",694,"A",,"G",694,"A",,"A",,2
419712,"R",9000,"A",,"A",,"G",300,"A",,"G",300,"A",,"A",,2
419721,"R",7872,"A",,"A",,"G",262,"A",,"G",262,"A",,"A",,2
420006,"R",19803,"A",,"R",728,"G",660,"G",30,"G",660,"G",30,"A",,2
420024,"R",8052,"A",,"A",,"G",268,"A",,"G",268,"A",,"A",,2
420042,"R",31797,"A",,"R",3285,"G",1060,"G",137,"G",1060,"G",137,"A",,2
420103,"A",,"R",216700,"A",,"G",241,"A",,"G",241,"A",,"A",,1
420130,"A",,"R",210300,"A",,"G",234,"A",,"G",234,"A",,"A",,1
420194,"A",,"R",121200,"A",,"G",135,"A",,"G",135,"A",,"A",,1
420200,"A",,"R",110000,"A",,"G",122,"A",,"G",122,"A",,"A",,1
420246,"A",,"A",,"A",,"A",,"A",,"A",,"A",,"R",502,-2
420255,"A",,"R",101700,"A",,"G",113,"A",,"G",113,"A",,"A",,1
420307,"R",362800,"A",,"R",3780,"G",8062,"G",105,"G",8062,"G",105,"A",,2
420316,"R",19514,"A",,"A",,"G",434,"A",,"G",434,"A",,"A",,2
420325,"R",1485,"A",,"R",108,"G",50,"G",5,"G",50,"G",5,"A",,2
420343,"A",,"R",579064,"A",,"G",643,"A",,"G",643,"A",,"A",,1
420370,"A",,"R",516125,"A",,"G",573,"A",,"G",573,"A",,"A",,1
420398,"R",290482,"A",,"A",,"G",9683,"A",,"G",9683,"A",,"A",,2
420404,"R",19108,"A",,"A",,"G",425,"A",,"G",425,"A",,"A",,2
420431,"R",42242,"A",,"A",,"G",1408,"A",,"G",1408,"A",,"A",,2
420440,"R",27808,"A",,"A",,"G",927,"A",,"G",927,"A",,"A",,2
420459,"A",,"R",265479,"A",,"G",295,"A",,"G",295,"A",,"A",,1
420468,"A",,"R",445683,"A",,"G",495,"A",,"G",495,"A",,"A",,1
420495,"R",16142,"A",,"A",,"G",538,"A",,"G",538,"A",,"A",,2
420501,"R",18434,"A",,"A",,"G",614,"A",,"G",614,"A",,"A",,2
420538,"R",35379,"A",,"A",,"G",1179,"A",,"G",1179,"A",,"A",,2
420556,"R",36228,"A",,"A",,"G",805,"A",,"G",805,"A",,"A",,2
420574,"R",90661,"A",,"R",6939,"G",3022,"G",289,"G",3022,"G",289,"A",,2
420608,"A",,"R",180846,"A",,"G",201,"A",,"G",201,"A",,"A",,1
420705,"A",,"A",,"R",1632,"A",,"G",68,"A",,"G",68,"A",,-2
420723,"A",,"R",255128,"A",,"G",283,"A",,"G",283,"A",,"A",,1
420866,"R",3876,"A",,"R",3745,"G",129,"G",156,"G",129,"G",156,"R",142,2
420981,"A",,"R",380677,"A",,"G",423,"A",,"G",423,"A",,"A",,1
421009,"R",11052,"A",,"R",1653,"G",368,"G",69,"G",368,"G",69,"A",,2
421018,"R",27646,"A",,"R",3962,"G",922,"G",165,"G",922,"G",165,"A",,2
421513,"R",12427,"A",,"A",,"G",276,"A",,"G",276,"A",,"A",,2
421540,"A",,"R",142324,"A",,"G",158,"A",,"G",158,"A",,"A",,1
421559,"A",,"R",117424,"A",,"G",130,"A",,"G",130,"A",,"A",,1
421586,"R",1372,"R",28476,"A",,"G",77,"A",,"G",77,"A",,"A",,3
421610,"A",,"R",50400,"A",,"G",56,"A",,"G",56,"A",,"A",,1
421665,"A",,"R",12478,"A",,"G",14,"A",,"G",14,"A",,"A",,1
421708,"R",35641,"A",,"A",,"G",1188,"A",,"G",1188,"A",,"A",,2
421717,"A",,"R",25955,"A",,"G",29,"A",,"G",29,"A",,"A",,1
421771,"A",,"R",69070,"A",,"G",77,"A",,"G",77,"A",,"A",,1
421832,"R",32899,"A",,"A",,"G",731,"A",,"G",731,"A",,"A",,2
421841,"R",8190,"A",,"A",,"G",273,"A",,"G",273,"A",,"A",,2
421878,"R",2440,"A",,"A",,"G",81,"A",,"G",81,"A",,"A",,2
421896,"A",,"R",458100,"A",,"G",509,"A",,"G",509,"A",,"A",,1
422020,"A",,"R",140876,"A",,"G",157,"A",,"G",157,"A",,"A",,1
422190,"A",,"R",81791,"A",,"G",91,"A",,"G",91,"A",,"A",,1
422695,"R",544,"R",310000,"A",,"G",363,"A",,"G",363,"A",,"A",,3
422835,"R",17700,"A",,"A",,"G",590,"A",,"G",590,"A",,"A",,2
423120,"R",30000,"A",,"A",,"G",1000,"A",,"G",1000,"A",,"A",,2
423397,"A",,"R",60100,"A",,"G",67,"A",,"G",67,"A",,"A",,1
423582,"A",,"R",131040,"A",,"G",146,"A",,"G",146,"A",,"A",,1
423643,"A",,"A",,"R",39615,"A",,"G",1100,"A",,"G",1100,"R",2232,-2
423652,"R",14153,"R",83699,"A",,"G",408,"A",,"G",408,"A",,"A",,3
423980,"R",88027,"A",,"A",,"G",2934,"A",,"G",2934,"A",,"A",,2
425250,"R",3770,"A",,"A",,"G",126,"A",,"R",130,"A",,"A",,2
425870,"A",,"R",11518,"A",,"G",13,"A",,"G",13,"A",,"A",,1
425889,"A",,"R",263039,"A",,"G",292,"A",,"G",292,"A",,"A",,1
425986,"R",6179,"A",,"A",,"G",206,"A",,"G",206,"A",,"A",,2
426314,"R",197964,"A",,"R",63478,"G",6599,"G",2645,"G",6599,"G",2645,"A",,2
427025,"R",65117,"R",126820,"A",,"G",2311,"A",,"G",2311,"A",,"A",,3
427308,"A",,"R",225957,"A",,"G",251,"A",,"G",251,"A",,"A",,1
427335,"A",,"R",27480,"A",,"G",31,"A",,"G",31,"A",,"A",,1
427663,"R",14524,"A",,"A",,"G",323,"A",,"G",323,"A",,"A",,2
427894,"A",,"R",117536,"A",,"G",131,"A",,"G",131,"A",,"A",,1
427919,"A",,"R",115654,"A",,"G",129,"A",,"G",129,"A",,"A",,1
427973,"A",,"R",404040,"A",,"G",449,"A",,"G",449,"A",,"A",,1
427982,"R",8360,"A",,"A",,"G",279,"A",,"G",279,"A",,"A",,2
427991,"A",,"R",554721,"A",,"G",616,"A",,"G",616,"A",,"A",,1
428000,"R",8604,"A",,"A",,"G",191,"A",,"G",191,"A",,"A",,2
428019,"A",,"R",207216,"A",,"G",230,"A",,"G",230,"A",,"A",,1
428055,"R",12965,"A",,"A",,"G",432,"A",,"G",432,"A",,"A",,2
428073,"A",,"R",40500,"A",,"G",45,"A",,"G",45,"A",,"A",,1
428125,"A",,"R",111747,"A",,"G",124,"A",,"G",124,"A",,"A",,1
428143,"A",,"R",311400,"A",,"G",346,"A",,"G",346,"A",,"A",,1
428170,"R",41338,"A",,"A",,"G",1378,"A",,"G",1378,"A",,"A",,2
428259,"R",9109,"A",,"R",1347,"G",304,"G",56,"G",304,"G",56,"A",,2
428268,"R",2298,"A",,"R",4940,"G",77,"G",206,"G",77,"G",206,"R",103,2
428286,"R",56059,"A",,"A",,"G",1246,"A",,"G",1246,"A",,"A",,2
428295,"A",,"R",94386,"A",,"G",105,"A",,"G",105,"A",,"A",,1
428329,"R",6660,"A",,"A",,"G",148,"A",,"G",148,"A",,"A",,2
428338,"A",,"A",,"A",,"A",,"A",,"A",,"A",,"R",70,-2
428392,"R",42265,"A",,"A",,"G",939,"A",,"R",1062,"A",,"A",,2
428444,"R",51614,"A",,"A",,"G",1147,"A",,"G",1147,"A",,"A",,2
429012,"A",,"R",57500,"A",,"G",64,"A",,"G",64,"A",,"A",,1
429085,"A",,"A",,"R",3404,"A",,"G",142,"A",,"G",142,"A",,-2
429094,"A",,"A",,"R",8773,"A",,"G",244,"A",,"R",181,"A",,-2
429100,"A",,"R",63200,"A",,"G",70,"A",,"G",70,"A",,"A",,1
429128,"R",7653,"A",,"A",,"G",255,"A",,"G",255,"A",,"A",,2
429599,"R",24312,"A",,"A",,"G",540,"A",,"G",540,"A",,"A",,2
430050,"R",11370,"A",,"A",,"G",379,"A",,"G",379,"A",,"A",,2
430087,"R",33853,"A",,"R",6173,"G",752,"G",171,"G",752,"G",171,"A",,2
430096,"R",21429,"A",,"A",,"G",714,"A",,"G",714,"A",,"A",,2
430148,"R",39284,"A",,"A",,"G",873,"A",,"G",873,"A",,"A",,2
430157,"R",7915,"A",,"A",,"G",264,"A",,"G",264,"A",,"A",,2
430166,"R",5231,"A",,"A",,"G",174,"A",,"G",174,"A",,"A",,2
430175,"R",27928,"A",,"A",,"G",931,"A",,"G",931,"A",,"A",,2
430184,"R",91778,"A",,"R",25479,"G",2040,"G",708,"G",2040,"G",708,"A",,2
430218,"A",,"R",122885,"A",,"G",137,"A",,"G",137,"A",,"A",,1
430227,"A",,"R",134202,"A",,"G",149,"A",,"G",149,"A",,"A",,1
430245,"A",,"R",940500,"A",,"G",1045,"A",,"G",1045,"A",,"A",,1
430254,"A",,"R",108910,"A",,"G",121,"A",,"G",121,"A",,"A",,1
430263,"R",18261,"A",,"A",,"G",406,"A",,"G",406,"A",,"A",,2
430306,"A",,"R",22582,"A",,"G",25,"A",,"G",25,"A",,"A",,1
430342,"A",,"R",141294,"A",,"G",157,"A",,"G",157,"A",,"A",,1
430351,"R",10288,"A",,"A",,"G",229,"A",,"G",229,"A",,"A",,2
430360,"R",10712,"A",,"A",,"G",238,"A",,"G",238,"A",,"A",,2
430379,"R",19435,"A",,"A",,"G",432,"A",,"G",432,"A",,"A",,2
430388,"R",18044,"A",,"A",,"G",401,"A",,"G",401,"A",,"A",,2
430403,"A",,"R",84600,"A",,"G",94,"A",,"G",94,"A",,"A",,1
430421,"R",13878,"A",,"A",,"G",463,"A",,"G",463,"A",,"A",,2
430485,"R",4873,"A",,"A",,"G",162,"A",,"R",112,"A",,"A",,2
430564,"A",,"R",32036,"A",,"G",36,"A",,"G",36,"A",,"A",,1
430582,"A",,"R",251046,"A",,"G",279,"A",,"G",279,"A",,"A",,1
430591,"A",,"A",,"R",13810,"A",,"G",384,"A",,"G",384,"A",,-2
430643,"A",,"R",1848,"A",,"G",2,"A",,"G",2,"A",,"A",,1
430670,"R",506,"A",,"R",1013,"G",17,"G",42,"G",17,"R",40,"R",221,2
430704,"R",337,"A",,"R",4822,"G",11,"G",201,"G",11,"G",201,"A",,2
430795,"A",,"R",184929,"A",,"G",205,"A",,"G",205,"A",,"A",,1
430810,"R",15165,"A",,"R",185,"G",506,"G",8,"G",506,"G",8,"A",,2
430847,"A",,"R",43200,"A",,"G",48,"A",,"G",48,"A",,"A",,1
430883,"A",,"R",41525,"A",,"G",46,"A",,"G",46,"A",,"A",,1
430908,"A",,"R",65972,"A",,"G",73,"A",,"G",73,"A",,"A",,1
430935,"R",20626,"A",,"A",,"G",688,"A",,"G",688,"A",,"A",,2
430971,"A",,"R",100324,"A",,"G",111,"A",,"G",111,"A",,"A",,1
430980,"R",9072,"A",,"A",,"G",302,"A",,"G",302,"A",,"A",,2
430999,"A",,"R",148300,"A",,"G",165,"A",,"G",165,"A",,"A",,1
431017,"A",,"R",100800,"A",,"G",112,"A",,"G",112,"A",,"A",,1
431026,"R",61074,"A",,"A",,"G",2036,"A",,"G",2036,"A",,"A",,2
431071,"A",,"R",64386,"A",,"G",72,"A",,"G",72,"A",,"A",,1
431099,"A",,"R",88433,"A",,"G",98,"A",,"G",98,"A",,"A",,1
431105,"A",,"R",159000,"A",,"G",177,"A",,"G",177,"A",,"A",,1
431123,"R",9215,"A",,"A",,"G",307,"A",,"G",307,"A",,"A",,2
431141,"R",74501,"A",,"A",,"G",2483,"A",,"G",2483,"A",,"A",,2
431169,"A",,"R",102588,"A",,"G",114,"A",,"G",114,"A",,"A",,1
431187,"A",,"R",45600,"A",,"G",51,"A",,"G",51,"A",,"A",,1
431196,"A",,"R",216000,"A",,"G",240,"A",,"G",240,"A",,"A",,1
431202,"A",,"R",33186,"A",,"G",37,"A",,"G",37,"A",,"A",,1
431266,"A",,"R",50713,"A",,"G",56,"A",,"G",56,"A",,"A",,1
431275,"A",,"R",79200,"A",,"G",88,"A",,"G",88,"A",,"A",,1
431284,"A",,"R",47734,"A",,"G",53,"A",,"G",53,"A",,"A",,1
431309,"R",11310,"A",,"A",,"G",377,"A",,"G",377,"A",,"A",,2
431558,"A",,"R",285442,"A",,"G",317,"A",,"G",317,"A",,"A",,1
431594,"A",,"A",,"R",580,"A",,"G",24,"A",,"G",24,"A",,-2
431600,"R",3297,"A",,"A",,"G",110,"A",,"G",110,"A",,"A",,2
431637,"A",,"R",730448,"A",,"G",812,"A",,"G",812,"A",,"A",,1
431691,"A",,"R",36000,"A",,"G",40,"A",,"G",40,"A",,"A",,1
431707,"A",,"R",45360,"A",,"G",50,"A",,"G",50,"A",,"A",,1
431716,"A",,"R",354590,"A",,"G",394,"A",,"G",394,"A",,"A",,1
431770,"A",,"R",32730,"A",,"G",36,"A",,"G",36,"A",,"A",,1
431877,"A",,"R",33300,"A",,"G",37,"A",,"G",37,"A",,"A",,1
431886,"R",32009,"A",,"A",,"G",1067,"A",,"G",1067,"A",,"A",,2
431929,"R",11613,"A",,"A",,"G",387,"A",,"G",387,"A",,"A",,2
431956,"R",852,"A",,"A",,"G",28,"A",,"G",28,"A",,"A",,2
431965,"A",,"R",122000,"A",,"G",136,"A",,"G",136,"A",,"A",,1
431983,"R",2925,"A",,"A",,"G",98,"A",,"G",98,"A",,"A",,2
432074,"A",,"R",152317,"A",,"G",169,"A",,"G",169,"A",,"A",,1
432117,"A",,"R",120160,"A",,"G",134,"A",,"G",134,"A",,"A",,1
432223,"R",17888,"A",,"R",1452,"G",596,"G",61,"G",596,"G",61,"A",,2
432232,"R",22715,"A",,"R",2814,"G",757,"G",117,"G",757,"G",117,"A",,2
432241,"R",20710,"A",,"R",1136,"G",690,"G",47,"G",690,"G",47,"A",,2
432269,"A",,"R",96450,"A",,"G",107,"A",,"G",107,"A",,"A",,1
432302,"R",13279,"A",,"A",,"G",443,"A",,"G",443,"A",,"A",,2
432348,"A",,"A",,"A",,"A",,"A",,"A",,"A",,"R",263,-2
432357,"A",,"A",,"R",3526,"A",,"G",147,"A",,"G",147,"A",,-2
432384,"R",17254,"A",,"A",,"G",575,"A",,"G",575,"A",,"A",,2
432524,"R",7023,"A",,"A",,"G",234,"A",,"G",234,"A",,"A",,2
432533,"R",84432,"A",,"A",,"G",1876,"A",,"G",1876,"A",,"A",,2
433004,"R",12365,"A",,"R",232,"G",275,"G",6,"G",275,"G",6,"A",,2
433013,"R",11177,"R",254610,"A",,"G",655,"A",,"G",655,"A",,"A",,3
433040,"A",,"R",30600,"A",,"G",34,"A",,"G",34,"A",,"A",,1
433068,"A",,"R",297012,"A",,"G",330,"A",,"G",330,"A",,"A",,1
433101,"A",,"R",476072,"A",,"G",529,"A",,"G",529,"A",,"A",,1
433138,"A",,"R",192966,"A",,"G",214,"A",,"G",214,"A",,"A",,1
433165,"R",234,"A",,"A",,"G",8,"A",,"G",8,"A",,"A",,2
433174,"R",7203,"A",,"A",,"G",240,"A",,"G",240,"A",,"A",,2
433217,"A",,"A",,"R",216,"A",,"G",9,"A",,"G",9,"A",,-2
433387,"R",737293,"A",,"R",165716,"G",24576,"G",6905,"G",24576,"G",6905,"A",,2
433420,"R",14344,"A",,"R",208,"G",319,"G",6,"G",319,"G",6,"A",,2
433466,"R",596,"R",536509,"A",,"G",616,"A",,"G",616,"A",,"A",,3
433536,"R",10542,"A",,"A",,"G",351,"A",,"G",351,"A",,"A",,2
433563,"R",11705,"A",,"A",,"G",260,"A",,"G",260,"A",,"A",,2
433660,"R",311512,"A",,"R",18743,"G",10384,"G",781,"G",10384,"G",781,"R",125,2
433970,"R",9621,"A",,"A",,"G",321,"A",,"G",321,"A",,"A",,2
434016,"R",2849,"A",,"A",,"G",95,"A",,"G",95,"A",,"A",,2
434034,"R",9169,"A",,"A",,"G",306,"A",,"G",306,"A",,"A",,2
434052,"R",31754,"A",,"A",,"G",706,"A",,"G",706,"A",,"A",,2
434061,"R",75584,"A",,"A",,"G",2519,"A",,"G",2519,"A",,"A",,2
434122,"A",,"R",7040,"A",,"G",8,"A",,"G",8,"A",,"A",,1
434140,"A",,"R",1347627,"A",,"G",1497,"A",,"G",1497,"A",,"A",,1
434159,"A",,"R",176101,"A",,"G",196,"A",,"G",196,"A",,"A",,1
434274,"A",,"R",143400,"A",,"G",159,"A",,"G",159,"A",,"A",,1
434283,"A",,"R",67500,"A",,"G",75,"A",,"G",75,"A",,"A",,1
434308,"A",,"R",736600,"A",,"G",818,"A",,"G",818,"A",,"A",,1
434317,"R",51452,"A",,"A",,"G",1715,"A",,"G",1715,"A",,"A",,2
434344,"A",,"R",64556,"A",,"G",72,"A",,"G",72,"A",,"A",,1
434362,"A",,"R",39600,"A",,"G",44,"A",,"G",44,"A",,"A",,1
434380,"A",,"R",81000,"A",,"G",90,"A",,"G",90,"A",,"A",,1
434414,"R",34051,"A",,"A",,"G",1135,"A",,"G",1135,"A",,"A",,2
434432,"R",2208,"R",1000,"A",,"G",50,"A",,"G",50,"A",,"A",,3
434441,"A",,"A",,"R",8167,"A",,"G",340,"A",,"G",340,"A",,-2
434469,"R",2664,"A",,"A",,"G",89,"A",,"G",89,"A",,"A",,2
434496,"A",,"R",49649,"A",,"G",55,"A",,"G",55,"A",,"A",,1
434502,"A",,"R",146669,"A",,"G",163,"A",,"G",163,"A",,"A",,1
434520,"R",28461,"A",,"A",,"G",949,"A",,"G",949,"A",,"A",,2
434539,"R",14484,"A",,"A",,"G",322,"A",,"G",322,"A",,"A",,2
434548,"R",17106,"A",,"A",,"G",380,"A",,"G",380,"A",,"A",,2
434557,"R",15621,"A",,"A",,"G",347,"A",,"G",347,"A",,"A",,2
434566,"R",12229,"A",,"A",,"G",272,"A",,"G",272,"A",,"A",,2
434575,"R",13555,"A",,"A",,"G",301,"A",,"G",301,"A",,"A",,2
434584,"R",4430,"A",,"A",,"G",148,"A",,"G",148,"A",,"A",,2
434672,"R",456507,"A",,"A",,"G",15217,"A",,"G",15217,"A",,"A",,2
434690,"R",9328,"A",,"A",,"G",311,"A",,"G",311,"A",,"A",,2
434715,"A",,"A",,"A",,"A",,"A",,"A",,"A",,"R",1510,-2
434751,"R",1000,"A",,"A",,"G",33,"A",,"G",33,"A",,"A",,2
434812,"R",5456,"A",,"A",,"G",182,"A",,"G",182,"A",,"A",,2
434821,"R",45050,"A",,"A",,"G",1001,"A",,"G",1001,"A",,"A",,2
434830,"R",204,"R",339235,"A",,"G",384,"A",,"G",384,"A",,"A",,3
434900,"R",34123,"A",,"A",,"G",1137,"A",,"G",1137,"A",,"A",,2
434937,"R",1350,"A",,"A",,"G",45,"A",,"G",45,"A",,"A",,2
434946,"R",30608,"A",,"R",6352,"G",1020,"G",265,"G",1020,"G",265,"A",,2
434955,"R",25046,"A",,"R",3427,"G",835,"G",143,"G",835,"G",143,"A",,2
434964,"R",17551,"A",,"R",2635,"G",585,"G",110,"G",585,"G",110,"A",,2
434973,"R",13768,"A",,"R",1371,"G",459,"G",57,"G",459,"G",57,"A",,2
434982,"R",11595,"A",,"R",819,"G",387,"G",34,"G",387,"G",34,"A",,2
434991,"R",10766,"A",,"R",885,"G",359,"G",37,"G",359,"G",37,"A",,2
435000,"R",1782,"A",,"R",8025,"G",59,"G",334,"G",59,"G",334,"R",600,2
436003,"A",,"R",122892,"A",,"G",137,"A",,"G",137,"A",,"A",,1
436012,"A",,"R",810000,"A",,"G",900,"A",,"G",900,"A",,"A",,1
436021,"A",,"A",,"R",1047,"A",,"G",44,"A",,"G",44,"A",,-2
436030,"A",,"R",38700,"A",,"G",43,"A",,"G",43,"A",,"A",,1
436067,"A",,"R",84600,"A",,"G",94,"A",,"G",94,"A",,"A",,1
436094,"R",4890,"A",,"R",6474,"G",163,"G",270,"G",163,"G",270,"R",176,2
436100,"A",,"R",36900,"A",,"G",41,"A",,"G",41,"A",,"A",,1
436182,"R",5781,"R",106330,"A",,"G",311,"A",,"G",311,"A",,"A",,3
436191,"R",35078,"A",,"A",,"G",1169,"A",,"G",1169,"A",,"A",,2
436225,"R",21780,"A",,"A",,"G",726,"A",,"G",726,"A",,"A",,2
436261,"A",,"A",,"R",7820,"A",,"G",326,"A",,"G",326,"A",,-2
436270,"A",,"R",181922,"A",,"G",202,"A",,"G",202,"A",,"A",,1
436304,"R",50769,"A",,"A",,"G",1692,"A",,"G",1692,"A",,"A",,2
436377,"A",,"A",,"R",432,"A",,"G",18,"A",,"G",18,"A",,-2
436429,"R",95660,"A",,"A",,"G",3189,"A",,"G",3189,"A",,"A",,2
436438,"R",6340,"A",,"R",6661,"G",211,"G",278,"G",211,"G",278,"R",112,2
436465,"R",12152,"A",,"A",,"G",405,"A",,"G",405,"A",,"A",,2
436483,"R",19626,"A",,"A",,"G",436,"A",,"G",436,"A",,"A",,2
436553,"R",10530,"A",,"A",,"G",351,"A",,"G",351,"A",,"A",,2
436599,"R",1640,"A",,"A",,"G",55,"A",,"G",55,"A",,"A",,2
436614,"R",1330,"A",,"R",262,"G",44,"G",11,"G",44,"G",11,"A",,2
436632,"R",15414,"A",,"A",,"G",514,"A",,"G",514,"A",,"A",,2
436641,"R",9150,"A",,"A",,"G",305,"A",,"G",305,"A",,"A",,2
436650,"A",,"R",390336,"A",,"G",434,"A",,"G",434,"A",,"A",,1
436702,"R",17927,"A",,"A",,"G",598,"A",,"G",598,"A",,"A",,2
436775,"A",,"R",258623,"A",,"G",287,"A",,"G",287,"A",,"A",,1
436818,"R",67514,"A",,"A",,"G",2250,"A",,"G",2250,"A",,"A",,2
436827,"R",19712,"A",,"A",,"G",657,"A",,"G",657,"A",,"A",,2
436836,"R",34194,"A",,"A",,"G",1140,"A",,"G",1140,"A",,"A",,2
437042,"R",23742,"A",,"A",,"G",528,"A",,"G",528,"A",,"A",,2
437051,"R",26960,"A",,"A",,"G",599,"A",,"G",599,"A",,"A",,2
437060,"R",13311,"A",,"A",,"G",444,"A",,"G",444,"A",,"A",,2
437097,"R",34617,"A",,"R",12606,"G",1154,"G",525,"G",1154,"G",525,"A",,2
437103,"R",172334,"A",,"A",,"G",5744,"A",,"G",5744,"A",,"A",,2
437219,"R",24453,"A",,"A",,"G",543,"A",,"G",543,"A",,"A",,2
437237,"A",,"R",80280,"A",,"G",89,"A",,"G",89,"A",,"A",,1
437316,"R",12306,"A",,"A",,"G",410,"A",,"G",410,"A",,"A",,2
437325,"R",11219,"A",,"R",1093,"G",374,"G",46,"G",374,"G",46,"A",,2
437501,"A",,"R",63645,"A",,"G",71,"A",,"R",119,"A",,"A",,1
437529,"A",,"R",269960,"A",,"G",300,"A",,"G",300,"A",,"A",,1
437556,"R",11593,"A",,"A",,"G",386,"A",,"G",386,"A",,"A",,2
437608,"A",,"R",230940,"A",,"G",257,"A",,"G",257,"A",,"A",,1
437635,"A",,"R",230400,"A",,"G",256,"A",,"G",256,"A",,"A",,1
437653,"R",4637,"A",,"A",,"G",155,"A",,"G",155,"A",,"A",,2
437662,"A",,"R",2358592,"A",,"G",2621,"A",,"G",2621,"A",,"A",,1
437705,"A",,"R",2400,"A",,"G",3,"A",,"G",3,"A",,"A",,1
437723,"A",,"R",331559,"A",,"G",368,"A",,"G",368,"A",,"A",,1
437732,"R",41922,"A",,"A",,"G",1397,"A",,"G",1397,"A",,"A",,2
437750,"R",5850,"A",,"A",,"G",195,"A",,"G",195,"A",,"A",,2
437769,"R",6959,"R",3075,"A",,"G",235,"A",,"G",235,"A",,"A",,3
437778,"A",,"R",410350,"A",,"G",456,"A",,"G",456,"A",,"A",,1
437848,"R",55775,"A",,"A",,"G",1239,"A",,"G",1239,"A",,"A",,2
437857,"A",,"R",129880,"A",,"G",144,"A",,"G",144,"A",,"A",,1
437884,"R",2048,"A",,"A",,"G",68,"A",,"G",68,"A",,"A",,2
437927,"R",12711,"A",,"A",,"G",424,"A",,"G",424,"A",,"A",,2
437936,"R",23958,"A",,"A",,"G",799,"A",,"G",799,"A",,"A",,2
438151,"R",181980,"A",,"R",7900,"G",6066,"G",329,"G",6066,"G",329,"A",,2
438179,"R",11623,"A",,"A",,"G",387,"A",,"G",387,"A",,"A",,2
438197,"R",17157,"A",,"A",,"G",572,"A",,"G",572,"A",,"A",,2
438212,"R",145680,"R",157080,"A",,"G",3412,"A",,"G",3412,"A",,"A",,3
438258,"R",11003,"A",,"A",,"G",367,"A",,"G",367,"A",,"A",,2
438267,"A",,"R",300565,"A",,"G",334,"A",,"G",334,"A",,"A",,1
438285,"A",,"R",396550,"A",,"G",441,"A",,"G",441,"A",,"A",,1
438294,"A",,"R",188950,"A",,"G",210,"A",,"G",210,"A",,"A",,1
438337,"A",,"R",354600,"A",,"G",394,"A",,"G",394,"A",,"A",,1
438382,"R",14336,"A",,"R",2818,"G",478,"G",117,"G",478,"G",117,"A",,2
438416,"R",11876,"A",,"R",765,"G",396,"G",32,"G",396,"G",32,"A",,2
438498,"R",90085,"A",,"R",20441,"G",2002,"G",568,"G",2002,"G",568,"A",,2
438504,"R",124752,"A",,"A",,"G",4158,"A",,"G",4158,"A",,"A",,2
438586,"R",53503,"A",,"R",3360,"G",1189,"G",93,"G",1189,"G",93,"A",,2
438601,"R",18070,"A",,"R",2572,"G",402,"G",71,"G",402,"G",71,"A",,2
438610,"R",16025,"A",,"R",627,"G",534,"G",26,"G",534,"G",26,"A",,2
438629,"R",2142,"A",,"R",120,"G",71,"G",5,"G",71,"G",5,"A",,2
438647,"R",33953,"A",,"A",,"G",1132,"A",,"G",1132,"A",,"A",,2
438656,"R",18198,"A",,"A",,"G",607,"A",,"G",607,"A",,"A",,2
438674,"A",,"R",102319,"A",,"G",114,"A",,"G",114,"A",,"A",,1
438708,"R",14328,"A",,"A",,"G",478,"A",,"G",478,"A",,"A",,2
438735,"A",,"R",249600,"A",,"G",277,"A",,"G",277,"A",,"A",,1
438805,"R",21326,"A",,"A",,"G",711,"A",,"G",711,"A",,"A",,2
438869,"R",12017,"A",,"A",,"G",401,"A",,"R",474,"A",,"A",,2
438902,"R",23964,"A",,"R",1210,"G",799,"G",50,"G",799,"G",50,"A",,2
438984,"R",3462,"A",,"A",,"G",115,"A",,"G",115,"A",,"A",,2
439020,"R",1440,"A",,"R",3790,"G",32,"G",105,"G",32,"G",105,"A",,2
439039,"A",,"R",229643,"A",,"G",255,"A",,"G",255,"A",,"A",,1
439057,"R",2913,"A",,"R",4217,"G",97,"G",176,"G",97,"G",176,"R",6,2
439118,"R",14363,"A",,"A",,"G",479,"A",,"G",479,"A",,"A",,2
439127,"R",16444,"A",,"A",,"G",548,"A",,"G",548,"A",,"A",,2
439136,"R",17288,"A",,"A",,"G",384,"A",,"G",384,"A",,"A",,2
439145,"R",113800,"A",,"A",,"G",2529,"A",,"G",2529,"A",,"A",,2
439190,"R",100721,"A",,"A",,"G",2238,"A",,"G",2238,"A",,"A",,2
439279,"R",14009,"A",,"R",600,"G",467,"G",25,"G",467,"G",25,"A",,2
439288,"R",72940,"A",,"A",,"G",1621,"A",,"G",1621,"A",,"A",,2
439297,"R",8812,"A",,"R",982,"G",294,"G",41,"G",294,"G",41,"A",,2
439303,"R",3240,"A",,"A",,"G",72,"A",,"G",72,"A",,"A",,2
439312,"R",2925,"A",,"A",,"G",65,"A",,"G",65,"A",,"A",,2
439367,"A",,"R",226280,"A",,"G",251,"A",,"G",251,"A",,"A",,1
439394,"A",,"A",,"R",3552,"A",,"G",148,"A",,"G",148,"A",,-2
439400,"A",,"R",44142,"A",,"G",49,"A",,"G",49,"A",,"A",,1
439437,"A",,"R",219461,"A",,"G",244,"A",,"G",244,"A",,"A",,1
439446,"R",4500,"A",,"R",6540,"G",150,"G",273,"G",150,"G",273,"A",,2
439455,"R",15850,"R",15500,"A",,"G",546,"A",,"G",546,"A",,"A",,3
439473,"A",,"R",279900,"A",,"G",311,"A",,"G",311,"A",,"A",,1
439482,"R",792,"R",439047,"A",,"G",505,"A",,"G",505,"A",,"A",,3
439491,"A",,"R",435972,"A",,"G",484,"A",,"G",484,"A",,"A",,1
439507,"A",,"R",210988,"A",,"G",234,"A",,"G",234,"A",,"A",,1
439525,"R",17855,"A",,"A",,"G",595,"A",,"G",595,"A",,"A",,2
439570,"R",22614,"A",,"A",,"G",754,"A",,"G",754,"A",,"A",,2
439589,"A",,"R",506561,"A",,"G",563,"A",,"G",563,"A",,"A",,1
439613,"R",5208,"A",,"A",,"G",174,"A",,"G",174,"A",,"A",,2
439622,"A",,"R",251100,"A",,"G",279,"A",,"G",279,"A",,"A",,1
439631,"A",,"R",34000,"A",,"G",38,"A",,"G",38,"A",,"A",,1
439668,"A",,"R",103764,"A",,"G",115,"A",,"G",115,"A",,"A",,1
439686,"R",6890,"A",,"A",,"G",230,"A",,"G",230,"A",,"A",,2
439701,"R",8598,"A",,"R",5521,"G",191,"G",153,"G",191,"G",153,"A",,2
439729,"A",,"R",20050,"A",,"G",22,"A",,"G",22,"A",,"A",,1
439738,"R",21510,"A",,"A",,"G",717,"A",,"G",717,"A",,"A",,2
439747,"A",,"R",135600,"A",,"G",151,"A",,"G",151,"A",,"A",,1
439774,"A",,"R",41750,"A",,"G",46,"A",,"G",46,"A",,"A",,1
439783,"R",2364,"A",,"R",2670,"G",79,"G",111,"G",79,"G",111,"A",,2
439792,"R",15540,"A",,"A",,"G",518,"A",,"G",518,"A",,"A",,2
439817,"A",,"A",,"R",2927,"A",,"G",122,"A",,"G",122,"A",,-2
439826,"A",,"R",570345,"A",,"G",634,"A",,"G",634,"A",,"A",,1
439844,"A",,"R",54508,"A",,"G",61,"A",,"G",61,"A",,"A",,1
439862,"R",1798,"A",,"R",25,"G",60,"G",1,"G",60,"G",1,"A",,2
439871,"A",,"N",47887,"A",,"N",53,"A",,"N",53,"A",,"A",,1
439899,"R",1497,"A",,"A",,"G",50,"A",,"R",49,"A",,"A",,2
439905,"A",,"R",55425,"A",,"G",62,"A",,"G",62,"A",,"A",,1
439914,"A",,"A",,"R",2523,"A",,"G",105,"A",,"G",105,"A",,-2
439932,"A",,"R",40500,"A",,"G",45,"A",,"G",45,"A",,"A",,1
439969,"Z",0,"R",32814,"R",6271,"G",36,"G",261,"G",36,"G",261,"A",,1
439978,"A",,"R",145800,"A",,"G",162,"A",,"G",162,"A",,"A",,1
439996,"R",3198,"A",,"A",,"G",107,"A",,"G",107,"A",,"A",,2
440004,"A",,"A",,"R",1032,"A",,"G",43,"A",,"G",43,"A",,-2
440031,"A",,"A",,"R",5349,"A",,"G",223,"A",,"G",223,"A",,-2
440059,"A",,"R",609960,"A",,"G",678,"A",,"G",678,"A",,"A",,1
440077,"A",,"R",83376,"A",,"G",93,"A",,"G",93,"A",,"A",,1
440086,"R",9950,"A",,"A",,"G",332,"A",,"G",332,"A",,"A",,2
440101,"A",,"R",161360,"A",,"G",179,"A",,"G",179,"A",,"A",,1
440110,"R",20070,"A",,"A",,"G",669,"A",,"G",669,"A",,"A",,2
440129,"R",13890,"A",,"A",,"G",463,"A",,"G",463,"A",,"A",,2
440147,"R",24654,"A",,"A",,"G",548,"A",,"G",548,"A",,"A",,2
440165,"R",11974,"A",,"A",,"G",266,"A",,"G",266,"A",,"A",,2
440174,"R",4235,"R",8692,"A",,"G",151,"A",,"G",151,"A",,"A",,3
440217,"A",,"R",26860,"A",,"G",30,"A",,"G",30,"A",,"A",,1
440226,"A",,"R",103386,"A",,"G",115,"A",,"G",115,"A",,"A",,1
440262,"A",,"R",343620,"A",,"G",382,"A",,"G",382,"A",,"A",,1
440271,"R",11362,"R",71250,"A",,"G",458,"A",,"R",485,"A",,"A",,3
440299,"R",37986,"A",,"A",,"G",1266,"A",,"G",1266,"A",,"A",,2
440323,"R",14916,"A",,"A",,"G",497,"A",,"G",497,"A",,"A",,2
440332,"R",15462,"A",,"A",,"G",515,"A",,"G",515,"A",,"A",,2
440341,"R",66745,"A",,"A",,"G",1483,"A",,"G",1483,"A",,"A",,2
440369,"R",26596,"A",,"A",,"G",887,"A",,"G",887,"A",,"A",,2
440378,"R",5170,"A",,"A",,"G",172,"A",,"G",172,"A",,"A",,2
440396,"R",4153,"A",,"R",336,"G",138,"G",14,"G",138,"G",14,"A",,2
440402,"R",47661,"A",,"A",,"G",1589,"A",,"G",1589,"A",,"A",,2
440411,"R",420,"A",,"R",3067,"G",14,"G",128,"G",14,"G",128,"A",,2
440420,"R",5185,"A",,"R",666,"G",173,"G",28,"G",173,"G",28,"A",,2
440439,"R",28824,"A",,"R",3156,"G",961,"G",132,"G",961,"G",132,"A",,2
440448,"R",42259,"A",,"R",4813,"G",1409,"G",201,"G",1409,"G",201,"A",,2
440457,"R",7762,"A",,"R",402,"G",259,"G",17,"G",259,"G",17,"A",,2
440466,"R",8011,"A",,"R",439,"G",267,"G",18,"G",267,"G",18,"A",,2
440484,"R",63486,"A",,"A",,"G",1411,"A",,"G",1411,"A",,"A",,2
440642,"R",18816,"A",,"A",,"G",418,"A",,"G",418,"A",,"A",,2
440651,"R",48624,"A",,"A",,"G",1621,"A",,"G",1621,"A",,"A",,2
440721,"A",,"R",153417,"A",,"G",170,"A",,"R",240,"A",,"A",,1
440730,"A",,"R",613782,"A",,"G",682,"A",,"G",682,"A",,"A",,1
440749,"R",7669,"A",,"A",,"G",170,"A",,"G",170,"A",,"A",,2
440758,"R",11465,"A",,"A",,"G",255,"A",,"G",255,"A",,"A",,2
440767,"R",27360,"A",,"A",,"G",608,"A",,"G",608,"A",,"A",,2
440776,"A",,"R",30600,"A",,"G",34,"A",,"G",34,"A",,"A",,1
440794,"R",8673,"A",,"A",,"G",289,"A",,"G",289,"A",,"A",,2
440800,"R",1248,"A",,"A",,"G",28,"A",,"G",28,"A",,"A",,2
440819,"R",5376,"A",,"A",,"G",119,"A",,"G",119,"A",,"A",,2
440828,"R",15264,"A",,"R",4986,"G",339,"G",139,"G",339,"G",139,"A",,2
440846,"A",,"R",93640,"A",,"G",104,"A",,"G",104,"A",,"A",,1
440855,"A",,"R",212040,"A",,"G",236,"A",,"G",236,"A",,"A",,1
440873,"R",36196,"R",211050,"A",,"G",1441,"A",,"G",1441,"A",,"A",,3
440882,"R",8007,"A",,"A",,"G",267,"A",,"G",267,"A",,"A",,2
440891,"R",10266,"A",,"A",,"G",342,"A",,"G",342,"A",,"A",,2
440907,"R",22773,"A",,"A",,"G",759,"A",,"G",759,"A",,"A",,2
440916,"A",,"A",,"A",,"A",,"A",,"A",,"A",,"R",758,-2
440925,"R",26152,"A",,"A",,"G",581,"A",,"G",581,"A",,"A",,2
440952,"A",,"R",275272,"A",,"G",306,"A",,"G",306,"A",,"A",,1
440989,"A",,"R",661066,"A",,"G",735,"A",,"G",735,"A",,"A",,1
441016,"R",23422,"A",,"A",,"G",781,"A",,"G",781,"A",,"A",,2
441025,"R",29108,"R",76720,"A",,"G",732,"A",,"G",732,"A",,"A",,3
441052,"A",,"R",1266732,"A",,"G",1407,"A",,"G",1407,"A",,"A",,1
441070,"R",2384,"A",,"A",,"G",79,"A",,"G",79,"A",,"A",,2
441089,"R",78062,"A",,"A",,"G",2602,"A",,"G",2602,"A",,"A",,2
441104,"A",,"A",,"R",6228,"A",,"G",260,"A",,"G",260,"A",,-2
441131,"A",,"A",,"R",5303,"A",,"G",221,"A",,"G",221,"A",,-2
441168,"A",,"R",118800,"A",,"G",132,"A",,"G",132,"A",,"A",,1
441186,"R",13022,"A",,"R",1666,"G",434,"G",69,"G",434,"G",69,"A",,2
441195,"A",,"R",49364,"A",,"G",55,"A",,"G",55,"A",,"A",,1
441201,"R",6750,"R",9420,"A",,"G",160,"A",,"G",160,"A",,"A",,3
441210,"A",,"R",340846,"A",,"G",379,"A",,"G",379,"A",,"A",,1
441229,"R",39444,"A",,"A",,"G",877,"A",,"G",877,"A",,"A",,2
441238,"A",,"A",,"R",2380,"A",,"G",99,"A",,"R",85,"A",,-2
441256,"A",,"R",131106,"A",,"G",146,"A",,"G",146,"A",,"A",,1
441274,"A",,"R",179232,"A",,"G",199,"A",,"G",199,"A",,"A",,1
441308,"A",,"A",,"R",40663,"A",,"G",1694,"A",,"G",1694,"A",,-2
441317,"A",,"R",48064,"A",,"G",53,"A",,"G",53,"A",,"A",,1
441335,"A",,"R",50960,"A",,"G",57,"A",,"G",57,"A",,"A",,1
441353,"A",,"R",17280,"A",,"G",19,"A",,"R",16,"A",,"A",,1
441362,"R",12358,"A",,"A",,"G",412,"A",,"G",412,"A",,"A",,2
441371,"R",10449,"A",,"A",,"G",348,"A",,"G",348,"A",,"A",,2
441380,"A",,"R",131063,"A",,"G",146,"A",,"G",146,"A",,"A",,1
441405,"A",,"R",122400,"A",,"G",136,"A",,"G",136,"A",,"A",,1
441414,"A",,"R",243423,"A",,"G",270,"A",,"G",270,"A",,"A",,1
441423,"R",9220,"R",10920,"A",,"G",319,"A",,"G",319,"A",,"A",,3
441432,"A",,"R",296511,"A",,"G",329,"A",,"G",329,"A",,"A",,1
441441,"R",13500,"A",,"A",,"G",450,"A",,"G",450,"A",,"A",,2
441478,"R",3930,"A",,"R",4455,"G",131,"G",186,"G",131,"G",186,"A",,2
441487,"R",6919,"A",,"A",,"G",231,"A",,"G",231,"A",,"A",,2
441496,"A",,"R",205920,"A",,"G",229,"A",,"G",229,"A",,"A",,1
441502,"R",22157,"R",174290,"A",,"G",686,"A",,"G",686,"A",,"A",,3
441511,"R",12052,"A",,"R",2214,"G",402,"G",92,"G",402,"G",92,"A",,2
441548,"A",,"R",89231,"A",,"G",99,"A",,"G",99,"A",,"A",,1
441575,"A",,"R",768163,"A",,"G",854,"A",,"G",854,"A",,"A",,1
441593,"A",,"R",46920,"A",,"G",52,"A",,"G",52,"A",,"A",,1
441609,"R",3570,"A",,"A",,"G",119,"A",,"G",119,"A",,"A",,2
441618,"A",,"R",26778,"A",,"G",30,"A",,"G",30,"A",,"A",,1
441627,"A",,"R",20700,"A",,"G",23,"A",,"G",23,"A",,"A",,1
441636,"R",11050,"R",5750,"A",,"G",252,"A",,"G",252,"A",,"A",,3
441645,"A",,"R",162163,"A",,"G",180,"A",,"G",180,"A",,"A",,1
441663,"R",13317,"A",,"A",,"G",444,"A",,"G",444,"A",,"A",,2
441672,"A",,"R",13450,"A",,"G",15,"A",,"R",20,"A",,"A",,1
441690,"R",5781,"A",,"R",619,"G",193,"G",26,"G",193,"G",26,"A",,2
441706,"R",5088,"A",,"A",,"G",170,"A",,"G",170,"A",,"A",,2
441742,"A",,"R",652631,"A",,"G",725,"A",,"G",725,"A",,"A",,1
441751,"R",1260,"A",,"A",,"G",28,"A",,"G",28,"A",,"A",,2
441760,"R",58099,"R",77359,"A",,"G",2023,"A",,"G",2023,"A",,"A",,3
441779,"A",,"R",78665,"A",,"G",87,"A",,"G",87,"A",,"A",,1
441788,"A",,"R",462540,"A",,"G",514,"A",,"G",514,"A",,"A",,1
441830,"R",3030,"A",,"A",,"G",101,"A",,"G",101,"A",,"A",,2
441858,"R",7887,"R",15000,"A",,"G",280,"A",,"G",280,"A",,"A",,3
441876,"A",,"R",288740,"A",,"G",321,"A",,"G",321,"A",,"A",,1
441894,"A",,"R",6480,"A",,"G",7,"A",,"G",7,"A",,"A",,1
441900,"R",70372,"A",,"A",,"G",2346,"A",,"G",2346,"A",,"A",,2
441919,"R",11386,"A",,"A",,"G",380,"A",,"G",380,"A",,"A",,2
441928,"R",21373,"A",,"A",,"G",475,"A",,"G",475,"A",,"A",,2
441937,"R",122579,"A",,"R",1844,"G",4086,"G",77,"G",4086,"G",77,"A",,2
441955,"R",32066,"A",,"A",,"G",713,"A",,"G",713,"A",,"A",,2
441964,"R",26935,"A",,"A",,"G",599,"A",,"G",599,"A",,"A",,2
441973,"R",78416,"A",,"A",,"G",1743,"A",,"G",1743,"A",,"A",,2
441982,"R",10412,"A",,"A",,"G",347,"A",,"G",347,"A",,"A",,2
442037,"A",,"R",226540,"A",,"G",252,"A",,"G",252,"A",,"A",,1
442046,"A",,"R",517154,"A",,"G",575,"A",,"G",575,"A",,"A",,1
442064,"A",,"A",,"R",2066,"A",,"G",86,"A",,"G",86,"A",,-2
442073,"A",,"R",556581,"A",,"G",618,"A",,"G",618,"A",,"A",,1
442134,"A",,"R",699365,"A",,"G",777,"A",,"G",777,"A",,"A",,1
442143,"R",13669,"A",,"R",1025,"G",456,"G",43,"G",456,"G",43,"A",,2
442152,"R",36654,"A",,"R",2892,"G",1222,"G",121,"G",1222,"G",121,"A",,2
442161,"R",23005,"A",,"R",1371,"G",767,"G",57,"G",767,"G",57,"A",,2
442170,"R",37820,"A",,"R",2133,"G",1261,"G",89,"G",1261,"G",89,"A",,2
442189,"R",18229,"A",,"R",3770,"G",608,"G",157,"G",608,"G",157,"A",,2
442204,"A",,"R",230093,"A",,"G",256,"A",,"G",256,"A",,"A",,1
442213,"R",970,"A",,"A",,"G",32,"A",,"G",32,"A",,"A",,2
442222,"R",3666,"A",,"R",3622,"G",122,"G",151,"G",122,"G",151,"R",38,2
442231,"R",48637,"A",,"A",,"G",1621,"A",,"G",1621,"A",,"A",,2
442240,"A",,"R",354537,"A",,"G",394,"A",,"G",394,"A",,"A",,1
442295,"A",,"A",,"A",,"A",,"A",,"A",,"A",,"R",387,-2
442329,"A",,"R",552900,"A",,"G",614,"A",,"G",614,"A",,"A",,1
442338,"R",21398,"A",,"A",,"G",476,"A",,"G",476,"A",,"A",,2
442347,"R",12344,"A",,"A",,"G",274,"A",,"G",274,"A",,"A",,2
442356,"R",30753,"A",,"A",,"G",1025,"A",,"G",1025,"A",,"A",,2
442383,"R",11718,"A",,"A",,"G",260,"A",,"G",260,"A",,"A",,2
442392,"A",,"A",,"R",1618,"A",,"G",67,"A",,"G",67,"A",,-2
442408,"R",11221,"A",,"A",,"G",374,"A",,"G",374,"A",,"A",,2
442426,"R",7430,"A",,"A",,"G",248,"A",,"G",248,"A",,"A",,2
442435,"R",1410,"A",,"A",,"G",47,"A",,"G",47,"A",,"A",,2
442444,"R",30242,"A",,"A",,"G",1008,"A",,"R",1085,"A",,"A",,2
442462,"R",15840,"A",,"A",,"G",528,"A",,"G",528,"A",,"A",,2
442523,"R",1032,"A",,"A",,"G",34,"A",,"G",34,"A",,"A",,2
442569,"R",219954,"A",,"R",25278,"G",7332,"G",1053,"G",7332,"G",1053,"A",,2
442578,"R",9213,"A",,"A",,"G",205,"A",,"G",205,"A",,"A",,2
442602,"R",17485,"A",,"A",,"G",583,"A",,"G",583,"A",,"A",,2
442611,"R",70493,"A",,"A",,"G",2350,"A",,"G",2350,"A",,"A",,2
442620,"R",14367,"A",,"A",,"G",479,"A",,"G",479,"A",,"A",,2
442639,"R",576,"A",,"A",,"G",19,"A",,"G",19,"A",,"A",,2
442648,"R",24090,"A",,"A",,"G",803,"A",,"G",803,"A",,"A",,2
442657,"A",,"R",320941,"A",,"G",357,"A",,"G",357,"A",,"A",,1
442684,"R",4890,"A",,"A",,"G",163,"A",,"G",163,"A",,"A",,2
442718,"R",18803,"A",,"A",,"G",418,"A",,"G",418,"A",,"A",,2
442727,"R",44532,"A",,"A",,"G",1484,"A",,"G",1484,"A",,"A",,2
442736,"R",15106,"A",,"A",,"G",504,"A",,"G",504,"A",,"A",,2
442745,"R",25050,"A",,"A",,"G",835,"A",,"G",835,"A",,"A",,2
442781,"R",3914,"A",,"A",,"G",130,"A",,"G",130,"A",,"A",,2
442790,"R",41219,"A",,"A",,"G",1374,"A",,"G",1374,"A",,"A",,2
442806,"A",,"A",,"R",1960,"A",,"G",82,"A",,"G",82,"R",1089,-2
442815,"R",15985,"A",,"A",,"G",533,"A",,"G",533,"A",,"A",,2
442842,"R",2236,"A",,"R",5856,"G",75,"G",244,"G",75,"G",244,"A",,2
442879,"R",11222,"R",421442,"A",,"G",842,"A",,"G",842,"A",,"A",,3
442888,"R",5284,"A",,"A",,"G",176,"A",,"G",176,"A",,"A",,2
442897,"R",2971,"A",,"R",591,"G",99,"G",25,"G",99,"G",25,"A",,2
442930,"R",28264,"R",73892,"R",942,"G",1024,"G",39,"G",1024,"G",39,"A",,3
442949,"R",2107,"A",,"A",,"G",47,"A",,"R",33,"A",,"A",,2
442958,"A",,"R",24000,"A",,"G",27,"A",,"G",27,"A",,"A",,1
442967,"A",,"R",117120,"A",,"G",130,"A",,"G",130,"A",,"A",,1
442976,"A",,"R",67440,"A",,"G",75,"A",,"G",75,"A",,"A",,1
442985,"R",815,"A",,"A",,"G",27,"A",,"G",27,"A",,"A",,2
443021,"A",,"R",178500,"A",,"G",198,"A",,"G",198,"A",,"A",,1
443030,"A",,"A",,"R",2232,"A",,"G",62,"A",,"G",62,"A",,-2
443049,"R",7767,"A",,"R",4776,"G",173,"G",133,"G",173,"G",133,"A",,2
443058,"R",548,"A",,"A",,"G",18,"A",,"G",18,"A",,"A",,2
443076,"R",78,"A",,"R",3762,"G",3,"G",157,"G",3,"G",157,"A",,2
443100,"A",,"R",107250,"A",,"G",119,"A",,"G",119,"A",,"A",,1
443128,"A",,"A",,"R",18256,"A",,"G",761,"A",,"G",761,"R",3,-2
443137,"A",,"R",317500,"A",,"G",353,"A",,"G",353,"A",,"A",,1
443146,"A",,"R",154980,"A",,"G",172,"A",,"G",172,"A",,"A",,1
443173,"A",,"R",44262,"A",,"G",49,"A",,"G",49,"A",,"A",,1
443207,"A",,"R",584350,"A",,"G",649,"A",,"G",649,"A",,"A",,1
443216,"A",,"R",142200,"A",,"G",158,"A",,"G",158,"A",,"A",,1
443225,"R",1692,"A",,"A",,"G",56,"A",,"G",56,"A",,"A",,2
443234,"R",2230,"R",86212,"A",,"G",170,"A",,"G",170,"A",,"A",,3
443252,"R",41842,"A",,"A",,"G",1395,"A",,"G",1395,"A",,"A",,2
443261,"R",10736,"A",,"A",,"G",358,"A",,"G",358,"A",,"A",,2
443270,"R",7680,"A",,"A",,"G",256,"A",,"G",256,"A",,"A",,2
443289,"R",3380,"A",,"A",,"G",113,"A",,"G",113,"A",,"A",,2
443298,"A",,"R",241860,"A",,"G",269,"A",,"G",269,"A",,"A",,1
443304,"R",2280,"A",,"A",,"G",76,"A",,"G",76,"A",,"A",,2
443322,"A",,"R",457200,"A",,"G",508,"A",,"G",508,"A",,"A",,1
443331,"R",52050,"A",,"R",1406,"G",1735,"G",59,"G",1735,"G",59,"A",,2
443340,"R",2023,"A",,"A",,"G",67,"A",,"G",67,"A",,"A",,2
443359,"A",,"R",170839,"A",,"G",190,"A",,"G",190,"A",,"A",,1
443377,"R",5271,"A",,"A",,"G",176,"A",,"G",176,"A",,"A",,2
443410,"R",33043,"A",,"R",1623,"G",1101,"G",68,"G",1101,"G",68,"A",,2
443429,"A",,"R",50948,"A",,"G",57,"A",,"G",57,"A",,"A",,1
443438,"R",12960,"A",,"A",,"G",432,"A",,"G",432,"A",,"A",,2
443456,"R",4855,"A",,"R",637,"G",162,"G",27,"G",162,"G",27,"A",,2
443465,"R",3622,"A",,"R",207,"G",121,"G",9,"G",121,"G",9,"A",,2
443474,"R",21732,"A",,"R",1983,"G",724,"G",83,"G",724,"G",83,"A",,2
443483,"A",,"R",77250,"A",,"G",86,"A",,"G",86,"A",,"A",,1
443492,"R",57868,"A",,"A",,"G",1929,"A",,"G",1929,"A",,"A",,2
443526,"R",25557,"A",,"A",,"G",568,"A",,"G",568,"A",,"A",,2
443535,"R",16322,"A",,"A",,"G",363,"A",,"G",363,"A",,"A",,2
443544,"R",11265,"A",,"R",542,"G",376,"G",23,"G",376,"G",23,"A",,2
443553,"A",,"R",170100,"A",,"G",189,"A",,"G",189,"A",,"A",,1
443562,"R",61545,"A",,"R",10545,"G",2052,"G",439,"G",2052,"G",439,"A",,2
443571,"R",4133,"A",,"A",,"G",138,"A",,"G",138,"A",,"A",,2
443599,"R",4620,"A",,"R",630,"G",154,"G",26,"G",154,"G",26,"A",,2
443623,"R",46696,"A",,"A",,"G",1557,"A",,"G",1557,"A",,"A",,2
443632,"R",5183,"A",,"A",,"G",173,"A",,"G",173,"A",,"A",,2
443641,"A",,"R",175461,"A",,"G",195,"A",,"G",195,"A",,"A",,1
443650,"R",13778,"R",128030,"A",,"G",448,"A",,"G",448,"A",,"A",,3
443669,"A",,"R",415220,"A",,"G",461,"A",,"G",461,"A",,"A",,1
443678,"A",,"R",95645,"A",,"G",106,"A",,"G",106,"A",,"A",,1
443687,"R",37342,"A",,"A",,"G",830,"A",,"G",830,"A",,"A",,2
443696,"A",,"R",27000,"A",,"G",30,"A",,"G",30,"A",,"A",,1
443702,"A",,"A",,"R",386,"A",,"G",16,"A",,"G",16,"A",,-2
443739,"R",12990,"A",,"A",,"G",433,"A",,"G",433,"A",,"A",,2
443748,"R",21576,"A",,"A",,"G",719,"A",,"G",719,"A",,"A",,2
443766,"R",53564,"A",,"R",17374,"G",1190,"G",483,"G",1190,"G",483,"A",,2
443784,"R",70060,"A",,"R",16934,"G",1557,"G",470,"G",1557,"G",470,"A",,2
443827,"R",24115,"A",,"A",,"G",804,"A",,"G",804,"A",,"A",,2
443836,"R",21253,"A",,"A",,"G",708,"A",,"G",708,"A",,"A",,2
443845,"R",6224,"R",162854,"A",,"G",388,"A",,"G",388,"A",,"A",,3
443854,"R",28134,"A",,"A",,"G",938,"A",,"G",938,"A",,"A",,2
443881,"R",20422,"A",,"R",1611,"G",681,"G",67,"G",681,"G",67,"A",,2
443890,"R",28106,"A",,"R",1846,"G",937,"G",77,"G",937,"G",77,"A",,2
443906,"R",2840,"A",,"R",492,"G",95,"G",21,"G",95,"G",21,"A",,2
443924,"R",13837,"A",,"R",1083,"G",461,"G",45,"G",461,"G",45,"A",,2
443942,"A",,"R",134055,"A",,"G",149,"A",,"G",149,"A",,"A",,1
443951,"R",120,"R",149400,"A",,"G",170,"A",,"G",170,"A",,"A",,3
443979,"A",,"R",57539,"A",,"G",64,"A",,"G",64,"A",,"A",,1
444024,"R",41128,"A",,"A",,"G",1371,"A",,"G",1371,"A",,"A",,2
444042,"R",54007,"A",,"A",,"G",1800,"A",,"G",1800,"A",,"A",,2
444051,"R",256,"R",213230,"A",,"G",245,"A",,"G",245,"A",,"A",,3
444079,"R",13800,"A",,"A",,"G",460,"A",,"G",460,"A",,"A",,2
444088,"R",9895,"A",,"A",,"G",330,"A",,"G",330,"A",,"A",,2
444103,"A",,"A",,"R",304,"A",,"G",13,"A",,"G",13,"A",,-2
444121,"R",10578,"A",,"A",,"G",353,"A",,"G",353,"A",,"A",,2
444130,"R",5866,"A",,"R",137535,"G",196,"G",5731,"G",196,"G",5731,"A",,2
444158,"R",904341,"A",,"R",96305,"G",20096,"G",2675,"G",20096,"G",2675,"A",,2
444167,"R",121044,"A",,"R",102,"G",2690,"G",3,"G",2690,"G",3,"A",,2
444194,"R",6636,"A",,"A",,"G",221,"A",,"G",221,"A",,"A",,2
444200,"R",9426,"A",,"A",,"G",314,"A",,"G",314,"A",,"A",,2
444219,"R",159252,"A",,"A",,"G",5308,"A",,"G",5308,"A",,"A",,2
444228,"A",,"R",36482,"A",,"G",41,"A",,"G",41,"A",,"A",,1
444237,"R",20871,"A",,"A",,"G",696,"A",,"G",696,"A",,"A",,2
444255,"R",14080,"A",,"A",,"G",313,"A",,"G",313,"A",,"A",,2
444264,"R",4757,"A",,"A",,"G",159,"A",,"G",159,"A",,"A",,2
444282,"A",,"R",156605,"A",,"G",174,"A",,"G",174,"A",,"A",,1
444291,"A",,"R",121435,"A",,"G",135,"A",,"G",135,"A",,"A",,1
444307,"A",,"R",114416,"A",,"G",127,"A",,"G",127,"A",,"A",,1
444316,"A",,"R",153507,"A",,"G",171,"A",,"G",171,"A",,"A",,1
444325,"R",6090,"A",,"A",,"G",203,"A",,"G",203,"A",,"A",,2
444334,"A",,"R",20446,"A",,"G",23,"A",,"G",23,"A",,"A",,1
444343,"A",,"R",140456,"A",,"G",156,"A",,"G",156,"A",,"A",,1
444352,"R",1440,"R",160040,"A",,"G",226,"A",,"G",226,"A",,"A",,3
444361,"R",2730,"A",,"A",,"G",91,"A",,"G",91,"A",,"A",,2
444370,"A",,"R",140720,"A",,"G",156,"A",,"G",156,"A",,"A",,1
444389,"R",2603,"R",101306,"A",,"G",199,"A",,"G",199,"A",,"A",,3
444398,"R",4521,"A",,"A",,"G",151,"A",,"G",151,"A",,"A",,2
444404,"A",,"R",67500,"A",,"G",75,"A",,"G",75,"A",,"A",,1
444413,"R",2832,"A",,"R",312,"G",94,"G",13,"G",94,"G",13,"A",,2
444422,"A",,"R",213598,"A",,"G",237,"A",,"G",237,"A",,"A",,1
444440,"A",,"R",89650,"A",,"G",100,"A",,"G",100,"A",,"A",,1
444468,"A",,"R",35841,"A",,"G",40,"A",,"G",40,"A",,"A",,1
444486,"A",,"R",237872,"A",,"G",264,"A",,"G",264,"A",,"A",,1
444510,"R",1415,"R",74101,"A",,"G",130,"A",,"G",130,"A",,"A",,3
444529,"R",5146,"A",,"A",,"G",172,"A",,"R",177,"A",,"A",,2
444547,"A",,"R",60000,"A",,"G",67,"A",,"G",67,"A",,"A",,1
444556,"A",,"R",219600,"A",,"G",244,"A",,"G",244,"A",,"A",,1
444565,"R",19418,"A",,"A",,"G",432,"A",,"G",432,"A",,"A",,2
444574,"R",26041,"A",,"A",,"G",868,"A",,"G",868,"A",,"A",,2
444583,"R",28760,"A",,"A",,"G",959,"A",,"G",959,"A",,"A",,2
444592,"A",,"R",42300,"A",,"G",47,"A",,"G",47,"A",,"A",,1
444608,"A",,"R",63028,"A",,"G",70,"A",,"G",70,"A",,"A",,1
444635,"A",,"R",24135,"A",,"G",27,"A",,"G",27,"A",,"A",,1
444644,"A",,"R",30607,"A",,"G",34,"A",,"G",34,"A",,"A",,1
444653,"A",,"R",68000,"A",,"G",76,"A",,"G",76,"A",,"A",,1
444662,"A",,"R",23250,"A",,"G",26,"A",,"G",26,"A",,"A",,1
444671,"R",5976,"R",203000,"A",,"G",358,"A",,"G",358,"A",,"A",,3
444680,"A",,"R",252000,"A",,"G",280,"A",,"G",280,"A",,"A",,1
444699,"A",,"A",,"R",1180,"A",,"G",49,"A",,"G",49,"A",,-2
444705,"A",,"R",36900,"A",,"G",41,"A",,"G",41,"A",,"A",,1
444714,"R",30581,"A",,"A",,"G",1019,"A",,"G",1019,"A",,"A",,2
444723,"R",47091,"A",,"R",23657,"G",1570,"G",986,"G",1570,"G",986,"A",,2
444732,"A",,"R",174800,"A",,"G",194,"A",,"G",194,"A",,"A",,1
444750,"A",,"R",29087,"A",,"G",32,"A",,"G",32,"A",,"A",,1
444769,"A",,"R",186558,"A",,"G",207,"A",,"G",207,"A",,"A",,1
444778,"R",3227,"A",,"R",1016,"G",108,"G",42,"G",108,"G",42,"A",,2
444787,"R",1236,"R",100,"A",,"G",41,"A",,"G",41,"A",,"A",,3
444796,"R",8520,"A",,"A",,"G",284,"A",,"G",284,"A",,"A",,2
444811,"A",,"R",243566,"A",,"G",271,"A",,"G",271,"A",,"A",,1
444857,"A",,"R",56493,"A",,"G",63,"A",,"G",63,"A",,"A",,1
444866,"R",6229,"A",,"A",,"G",208,"A",,"G",208,"A",,"A",,2
444893,"A",,"R",311211,"A",,"G",346,"A",,"G",346,"A",,"A",,1
444909,"A",,"R",22624,"A",,"G",25,"A",,"G",25,"A",,"A",,1
444927,"R",20283,"A",,"A",,"G",451,"A",,"G",451,"A",,"A",,2
444936,"A",,"R",36900,"A",,"G",41,"A",,"G",41,"A",,"A",,1
444945,"A",,"R",183848,"A",,"G",204,"A",,"G",204,"A",,"A",,1
444954,"R",54854,"A",,"A",,"G",1828,"A",,"G",1828,"A",,"A",,2
444972,"R",6776,"A",,"A",,"G",226,"A",,"G",226,"A",,"A",,2
444990,"R",13487,"A",,"A",,"G",450,"A",,"R",488,"A",,"A",,2
445018,"A",,"R",912540,"A",,"G",1014,"A",,"G",1014,"A",,"A",,1
445027,"R",604527,"A",,"R",98070,"G",13434,"G",2724,"G",13434,"G",2724,"A",,2
445072,"R",34381,"A",,"A",,"G",764,"A",,"G",764,"A",,"A",,2
445081,"R",12999,"A",,"A",,"G",289,"A",,"G",289,"A",,"A",,2
445090,"R",20050,"A",,"A",,"G",446,"A",,"G",446,"A",,"A",,2
445115,"R",27003,"A",,"A",,"G",900,"A",,"G",900,"A",,"A",,2
445124,"R",25356,"A",,"A",,"G",563,"A",,"G",563,"A",,"A",,2
445133,"R",20778,"A",,"R",2997,"G",462,"G",83,"G",462,"G",83,"A",,2
445142,"R",5887,"A",,"A",,"G",196,"A",,"G",196,"A",,"A",,2
445188,"R",169523,"A",,"R",7919,"G",5651,"G",330,"G",5651,"G",330,"A",,2
445197,"R",23064,"A",,"A",,"G",769,"A",,"G",769,"A",,"A",,2
445203,"R",21155,"R",100447,"A",,"G",817,"A",,"R",807,"A",,"A",,3
445212,"A",,"R",264225,"A",,"G",294,"A",,"G",294,"A",,"A",,1
445221,"A",,"R",62080,"A",,"G",69,"A",,"G",69,"A",,"A",,1
445230,"A",,"R",1483402,"A",,"G",1648,"A",,"G",1648,"A",,"A",,1
445249,"R",14045,"R",41625,"A",,"G",514,"A",,"R",544,"A",,"A",,3
445258,"A",,"R",351000,"A",,"G",390,"A",,"G",390,"A",,"A",,1
445267,"R",61914,"A",,"R",3602,"G",1376,"G",100,"G",1376,"G",100,"A",,2
445276,"R",24530,"A",,"A",,"G",545,"A",,"G",545,"A",,"A",,2
445300,"R",10098,"A",,"A",,"G",337,"A",,"G",337,"A",,"A",,2
445319,"R",4541,"A",,"R",609,"G",151,"G",25,"G",151,"G",25,"A",,2
445328,"R",11842,"A",,"A",,"G",395,"A",,"G",395,"A",,"A",,2
445337,"R",4871,"A",,"A",,"G",162,"A",,"G",162,"A",,"A",,2
445346,"R",13966,"A",,"A",,"G",466,"A",,"G",466,"A",,"A",,2
445364,"A",,"R",495693,"A",,"G",551,"A",,"G",551,"A",,"A",,1
445373,"R",18858,"A",,"A",,"G",629,"A",,"G",629,"A",,"A",,2
445382,"R",15253,"A",,"A",,"G",508,"A",,"G",508,"A",,"A",,2
445391,"R",4518,"A",,"R",351,"G",151,"G",15,"G",151,"G",15,"A",,2
445434,"R",29290,"A",,"A",,"G",976,"A",,"G",976,"A",,"A",,2
445452,"R",46998,"A",,"A",,"G",1567,"A",,"G",1567,"A",,"A",,2
445461,"R",41217,"A",,"A",,"G",1374,"A",,"G",1374,"A",,"A",,2
445470,"R",11449,"A",,"A",,"G",382,"A",,"G",382,"A",,"A",,2
445498,"A",,"R",40035,"A",,"G",44,"A",,"G",44,"A",,"A",,1
445504,"A",,"R",72214,"A",,"G",80,"A",,"G",80,"A",,"A",,1
445531,"A",,"R",35214,"A",,"G",39,"A",,"G",39,"A",,"A",,1
445540,"A",,"R",66330,"A",,"G",74,"A",,"G",74,"A",,"A",,1
445559,"R",11031,"R",61120,"A",,"G",436,"A",,"G",436,"A",,"A",,3
445577,"R",14820,"A",,"A",,"G",494,"A",,"G",494,"A",,"A",,2
445601,"R",38550,"A",,"A",,"G",1285,"A",,"G",1285,"A",,"A",,2
445610,"R",11100,"A",,"A",,"G",370,"A",,"G",370,"A",,"A",,2
445638,"A",,"R",46335,"A",,"G",51,"A",,"G",51,"A",,"A",,1
445647,"A",,"R",45488,"A",,"G",51,"A",,"G",51,"A",,"A",,1
445656,"A",,"R",67235,"A",,"G",75,"A",,"G",75,"A",,"A",,1
445665,"A",,"R",343950,"A",,"G",382,"A",,"G",382,"A",,"A",,1
445674,"R",17601,"A",,"A",,"G",587,"A",,"G",587,"A",,"A",,2
445683,"A",,"R",55800,"A",,"G",62,"A",,"G",62,"A",,"A",,1
445692,"R",20271,"A",,"A",,"G",450,"A",,"G",450,"A",,"A",,2
445708,"R",113328,"A",,"A",,"G",2518,"A",,"G",2518,"A",,"A",,2
445717,"R",55742,"A",,"R",6022,"G",1858,"G",251,"G",1858,"G",251,"A",,2
445726,"R",20574,"A",,"A",,"G",686,"A",,"G",686,"A",,"A",,2
445735,"R",10143,"A",,"R",828,"G",338,"G",35,"G",338,"G",35,"R",939,2
445744,"R",22020,"A",,"A",,"G",734,"A",,"G",734,"A",,"A",,2
445753,"R",9810,"A",,"A",,"G",327,"A",,"G",327,"A",,"A",,2
445762,"A",,"R",215280,"A",,"G",239,"A",,"G",239,"A",,"A",,1
445771,"R",14111,"A",,"A",,"G",470,"A",,"G",470,"A",,"A",,2
445780,"A",,"R",78144,"A",,"G",87,"A",,"G",87,"A",,"A",,1
445799,"R",81934,"A",,"A",,"G",2731,"A",,"G",2731,"A",,"A",,2
445814,"R",25608,"A",,"A",,"G",854,"A",,"G",854,"A",,"A",,2
445841,"A",,"R",117590,"A",,"G",131,"A",,"G",131,"A",,"A",,1
445850,"A",,"R",135580,"A",,"G",151,"A",,"G",151,"A",,"A",,1
445869,"A",,"A",,"R",893,"A",,"G",37,"A",,"G",37,"R",46,-2
445896,"A",,"R",75600,"A",,"G",84,"A",,"G",84,"A",,"A",,1
445911,"A",,"R",554858,"A",,"G",617,"A",,"G",617,"A",,"A",,1
445920,"R",18221,"A",,"A",,"G",405,"A",,"G",405,"A",,"A",,2
445939,"R",7883,"A",,"A",,"G",175,"A",,"G",175,"A",,"A",,2
445948,"R",4595,"A",,"A",,"G",153,"A",,"G",153,"A",,"A",,2
445957,"A",,"R",178629,"A",,"G",198,"A",,"G",198,"A",,"A",,1
445984,"A",,"R",22400,"A",,"G",25,"A",,"G",25,"A",,"A",,1
445993,"A",,"R",309185,"A",,"G",344,"A",,"G",344,"A",,"A",,1
446002,"A",,"A",,"R",1420,"A",,"G",59,"A",,"G",59,"A",,-2
446039,"A",,"A",,"R",861,"A",,"G",24,"A",,"G",24,"A",,-2
446048,"R",27196,"A",,"R",1267,"G",907,"G",53,"G",907,"G",53,"A",,2
446057,"A",,"R",82930,"A",,"G",92,"A",,"G",92,"A",,"A",,1
446075,"A",,"R",20168,"A",,"G",22,"A",,"G",22,"A",,"A",,1
446084,"R",7934,"A",,"A",,"G",264,"A",,"R",176,"A",,"A",,2
446093,"R",760,"R",86215,"A",,"G",121,"A",,"G",121,"A",,"A",,3
446109,"R",492,"R",128008,"A",,"G",159,"A",,"G",159,"A",,"A",,3
446118,"A",,"R",533812,"A",,"G",593,"A",,"G",593,"A",,"A",,1
446127,"R",11900,"A",,"A",,"G",264,"A",,"G",264,"A",,"A",,2
446136,"R",16870,"A",,"A",,"G",562,"A",,"G",562,"A",,"A",,2
446145,"R",542,"A",,"A",,"G",18,"A",,"G",18,"A",,"A",,2
446163,"R",4029,"A",,"A",,"G",90,"A",,"G",90,"A",,"A",,2
446190,"A",,"R",27600,"A",,"G",31,"A",,"G",31,"A",,"A",,1
446206,"A",,"R",21126,"A",,"G",23,"A",,"G",23,"A",,"A",,1
446215,"A",,"R",47380,"A",,"G",53,"A",,"G",53,"A",,"A",,1
446224,"R",2202,"A",,"A",,"G",73,"A",,"G",73,"A",,"A",,2
446233,"R",4965,"A",,"A",,"G",166,"A",,"G",166,"A",,"A",,2
446242,"R",5015,"R",94540,"A",,"G",272,"A",,"G",272,"A",,"A",,3
446251,"A",,"R",54290,"A",,"G",60,"A",,"G",60,"A",,"A",,1
446260,"A",,"R",187023,"A",,"G",208,"A",,"G",208,"A",,"A",,1
446288,"A",,"R",104975,"A",,"G",117,"A",,"G",117,"A",,"A",,1
446303,"A",,"R",153900,"A",,"G",171,"A",,"G",171,"A",,"A",,1
446349,"A",,"R",14400,"A",,"G",16,"A",,"G",16,"A",,"A",,1
446385,"R",7731,"A",,"A",,"G",172,"A",,"G",172,"A",,"A",,2
446394,"R",882,"A",,"R",250,"G",29,"G",10,"G",29,"G",10,"A",,2
446400,"A",,"R",128094,"A",,"G",142,"A",,"G",142,"A",,"A",,1
446437,"A",,"R",213891,"A",,"G",238,"A",,"G",238,"A",,"A",,1
446446,"R",4532,"A",,"A",,"G",151,"A",,"G",151,"A",,"A",,2
446455,"A",,"R",34589,"A",,"G",38,"A",,"G",38,"A",,"A",,1
446464,"A",,"R",53930,"A",,"G",60,"A",,"G",60,"A",,"A",,1
446491,"A",,"R",22482,"A",,"G",25,"A",,"G",25,"A",,"A",,1
446507,"A",,"R",18700,"A",,"G",21,"A",,"G",21,"A",,"A",,1
446516,"R",912,"A",,"A",,"G",30,"A",,"G",30,"A",,"A",,2
446525,"R",1077,"R",72675,"A",,"G",117,"A",,"G",117,"A",,"A",,3
446534,"A",,"R",65985,"A",,"G",73,"A",,"G",73,"A",,"A",,1
446543,"A",,"R",27900,"A",,"G",31,"A",,"G",31,"A",,"A",,1
446552,"R",42311,"A",,"A",,"G",1410,"A",,"G",1410,"A",,"A",,2
446561,"A",,"R",1180800,"R",0,"G",1312,"G",0,"G",1312,"G",0,"A",,1
446570,"A",,"R",55369,"A",,"G",62,"A",,"G",62,"A",,"A",,1
446589,"A",,"R",142200,"A",,"G",158,"A",,"G",158,"A",,"A",,1
446598,"R",962,"R",24654,"A",,"G",59,"A",,"G",59,"A",,"A",,3
446604,"R",45420,"A",,"A",,"G",1514,"A",,"G",1514,"A",,"A",,2
446613,"R",655,"A",,"A",,"G",22,"A",,"G",22,"A",,"A",,2
446640,"R",7730,"A",,"R",1173,"G",258,"G",49,"G",258,"G",49,"A",,2
446668,"R",35006,"A",,"A",,"G",778,"A",,"G",778,"A",,"A",,2
446677,"R",7388,"A",,"A",,"G",246,"A",,"G",246,"A",,"A",,2
446701,"R",1290,"A",,"A",,"G",43,"A",,"G",43,"A",,"A",,2
446710,"R",3094,"A",,"R",198,"G",103,"G",8,"G",103,"G",8,"A",,2
446729,"R",1011,"A",,"R",276,"G",34,"G",12,"G",34,"G",12,"A",,2
446738,"R",20530,"A",,"R",4246,"G",684,"G",177,"G",684,"G",177,"A",,2
446747,"R",15362,"A",,"R",822,"G",512,"G",34,"G",512,"G",34,"A",,2
446756,"R",15234,"A",,"R",1389,"G",508,"G",58,"G",508,"G",58,"A",,2
446765,"R",7527,"A",,"R",783,"G",251,"G",33,"G",251,"G",33,"A",,2
446774,"R",57465,"A",,"A",,"G",1916,"A",,"G",1916,"A",,"A",,2
446792,"R",27866,"A",,"A",,"G",619,"A",,"G",619,"A",,"A",,2
446808,"R",19168,"A",,"A",,"G",426,"A",,"G",426,"A",,"A",,2
446817,"R",13368,"A",,"A",,"G",297,"A",,"G",297,"A",,"A",,2
446835,"R",40154,"A",,"A",,"G",1338,"A",,"G",1338,"A",,"A",,2
446844,"R",30054,"A",,"A",,"G",1002,"A",,"G",1002,"A",,"A",,2
446853,"R",18420,"A",,"A",,"G",614,"A",,"G",614,"A",,"A",,2
446880,"R",16976,"R",96180,"A",,"G",484,"A",,"G",484,"A",,"A",,3
446899,"R",19366,"A",,"A",,"G",430,"A",,"G",430,"A",,"A",,2
446905,"R",16609,"A",,"A",,"G",369,"A",,"G",369,"A",,"A",,2
446914,"R",32364,"A",,"A",,"G",719,"A",,"G",719,"A",,"A",,2
446923,"R",20774,"A",,"A",,"G",462,"A",,"G",462,"A",,"A",,2
446932,"A",,"A",,"R",9394,"A",,"G",391,"A",,"G",391,"A",,-2
446996,"A",,"R",57600,"A",,"G",64,"A",,"G",64,"A",,"A",,1
447014,"R",11059,"R",23057,"A",,"G",394,"A",,"G",394,"A",,"A",,3
447023,"R",14406,"R",125165,"A",,"G",619,"A",,"G",619,"A",,"A",,3
447050,"R",4147,"A",,"R",1776,"G",138,"G",74,"G",138,"G",74,"A",,2
447069,"R",32902,"A",,"A",,"G",731,"A",,"G",731,"A",,"A",,2
447102,"R",24877,"A",,"A",,"G",829,"A",,"G",829,"A",,"A",,2
447120,"R",16701,"A",,"A",,"G",557,"A",,"G",557,"A",,"A",,2
447148,"A",,"R",299025,"A",,"G",332,"A",,"G",332,"A",,"A",,1
447157,"A",,"R",44487,"A",,"G",49,"A",,"G",49,"A",,"A",,1
447166,"A",,"R",53325,"A",,"G",59,"A",,"G",59,"A",,"A",,1
447175,"A",,"R",64449,"A",,"G",72,"A",,"G",72,"A",,"A",,1
447209,"R",20005,"A",,"A",,"G",667,"A",,"G",667,"A",,"A",,2
447218,"R",20721,"A",,"A",,"G",691,"A",,"G",691,"A",,"A",,2
447227,"R",26049,"A",,"A",,"G",868,"A",,"G",868,"A",,"A",,2
447236,"R",11166,"A",,"A",,"G",372,"A",,"G",372,"A",,"A",,2
447245,"R",19384,"A",,"A",,"G",646,"A",,"G",646,"A",,"A",,2
447254,"A",,"R",22320,"A",,"G",25,"A",,"G",25,"A",,"A",,1
447263,"R",40839,"A",,"A",,"G",1361,"A",,"G",1361,"A",,"A",,2
447272,"R",6607,"A",,"R",5955,"G",220,"G",248,"G",220,"G",248,"A",,2
447290,"R",41875,"A",,"A",,"G",931,"A",,"G",931,"A",,"A",,2
447315,"A",,"R",49077,"A",,"G",55,"A",,"G",55,"A",,"A",,1
447324,"A",,"R",132547,"A",,"G",147,"A",,"G",147,"A",,"A",,1
447333,"A",,"R",66154,"A",,"G",74,"A",,"G",74,"A",,"A",,1
447342,"A",,"R",65013,"A",,"G",72,"A",,"G",72,"A",,"A",,1
447351,"R",11968,"A",,"A",,"G",399,"A",,"G",399,"A",,"A",,2
447360,"R",14850,"A",,"A",,"G",495,"A",,"G",495,"A",,"A",,2
447379,"A",,"R",313200,"A",,"G",348,"A",,"G",348,"A",,"A",,1
447388,"A",,"R",266400,"A",,"G",296,"A",,"G",296,"A",,"A",,1
447403,"R",53104,"A",,"A",,"G",1770,"A",,"G",1770,"A",,"A",,2
447421,"R",23115,"A",,"A",,"G",514,"A",,"G",514,"A",,"A",,2
447430,"A",,"R",123469,"A",,"G",137,"A",,"G",137,"A",,"A",,1
447449,"A",,"R",45200,"A",,"G",50,"A",,"G",50,"A",,"A",,1
447458,"A",,"R",547267,"A",,"G",608,"A",,"G",608,"A",,"A",,1
447467,"A",,"R",160916,"A",,"G",179,"A",,"G",179,"A",,"A",,1
447476,"R",6468,"R",17550,"A",,"G",163,"A",,"G",163,"A",,"A",,3
447494,"R",12020,"A",,"A",,"G",401,"A",,"G",401,"A",,"A",,2
447519,"R",16575,"A",,"A",,"G",553,"A",,"G",553,"A",,"A",,2
447528,"R",3552,"R",56700,"A",,"G",181,"A",,"G",181,"A",,"A",,3
447582,"R",67025,"A",,"A",,"G",2234,"A",,"G",2234,"A",,"A",,2
447591,"A",,"R",306900,"A",,"G",341,"A",,"G",341,"A",,"A",,1
447625,"R",12731,"A",,"A",,"G",283,"A",,"G",283,"A",,"A",,2
447634,"R",17965,"A",,"A",,"G",599,"A",,"G",599,"A",,"A",,2
447652,"R",10601,"A",,"R",534,"G",353,"G",22,"G",353,"G",22,"A",,2
447661,"R",5970,"A",,"R",1036,"G",199,"G",43,"G",199,"G",43,"A",,2
447670,"R",15067,"A",,"A",,"G",335,"A",,"G",335,"A",,"A",,2
447689,"R",239799,"A",,"A",,"G",7993,"A",,"G",7993,"A",,"A",,2
447698,"A",,"A",,"R",3225,"A",,"G",134,"A",,"G",134,"A",,-2
447704,"A",,"R",85781,"A",,"G",95,"A",,"G",95,"A",,"A",,1
447713,"A",,"R",94549,"A",,"G",105,"A",,"G",105,"A",,"A",,1
447722,"R",2970,"A",,"A",,"G",99,"A",,"G",99,"A",,"A",,2
447731,"A",,"R",193242,"A",,"G",215,"A",,"G",215,"A",,"A",,1
447759,"R",9973,"A",,"A",,"G",332,"A",,"G",332,"A",,"A",,2
447768,"A",,"R",1180956,"A",,"G",1312,"A",,"G",1312,"A",,"A",,1
447777,"R",19647,"A",,"A",,"G",655,"A",,"G",655,"A",,"A",,2
447795,"A",,"R",24002,"A",,"G",27,"A",,"G",27,"A",,"A",,1
447801,"A",,"A",,"R",3679,"A",,"G",153,"A",,"G",153,"R",45,-2
447810,"R",2115,"R",114517,"A",,"G",198,"A",,"G",198,"A",,"A",,3
447847,"R",2051,"R",31465,"A",,"G",103,"A",,"G",103,"A",,"A",,3
447856,"A",,"R",109745,"A",,"G",122,"A",,"G",122,"A",,"A",,1
447865,"A",,"R",34680,"A",,"G",39,"A",,"G",39,"A",,"A",,1
447874,"A",,"R",497885,"A",,"G",553,"A",,"G",553,"A",,"A",,1
447883,"A",,"R",136800,"A",,"G",152,"A",,"G",152,"A",,"A",,1
447892,"A",,"R",163515,"A",,"G",182,"A",,"G",182,"A",,"A",,1
447908,"A",,"R",21075,"A",,"G",23,"A",,"G",23,"A",,"A",,1
447917,"A",,"R",74400,"A",,"G",83,"A",,"G",83,"A",,"A",,1
447935,"R",21200,"A",,"A",,"G",471,"A",,"G",471,"A",,"A",,2
447953,"R",12000,"A",,"R",279,"G",400,"G",12,"G",400,"G",12,"A",,2
447962,"A",,"R",138007,"A",,"G",153,"A",,"G",153,"A",,"A",,1
447971,"A",,"R",83750,"A",,"G",93,"A",,"G",93,"A",,"A",,1
447980,"A",,"R",50875,"A",,"G",57,"A",,"G",57,"A",,"A",,1
447999,"A",,"R",69437,"A",,"G",77,"A",,"G",77,"A",,"A",,1
448008,"A",,"R",19909,"A",,"G",22,"A",,"G",22,"A",,"A",,1
448017,"A",,"R",131036,"A",,"G",146,"A",,"G",146,"A",,"A",,1
448026,"A",,"R",114316,"A",,"G",127,"A",,"G",127,"A",,"A",,1
448035,"A",,"R",31830,"A",,"G",35,"A",,"G",35,"A",,"A",,1
448044,"A",,"R",7633,"A",,"G",8,"A",,"G",8,"A",,"A",,1
448053,"A",,"R",110500,"A",,"G",123,"A",,"G",123,"A",,"A",,1
448071,"A",,"R",178256,"A",,"G",198,"A",,"G",198,"A",,"A",,1
448080,"R",459,"A",,"A",,"G",15,"A",,"G",15,"A",,"A",,2
448105,"R",1410,"A",,"A",,"G",47,"A",,"G",47,"A",,"A",,2
448114,"R",999,"R",459600,"A",,"G",544,"A",,"G",544,"A",,"A",,3
448123,"R",9660,"A",,"A",,"G",322,"A",,"G",322,"A",,"A",,2
448141,"A",,"R",38485,"A",,"G",43,"A",,"G",43,"A",,"A",,1
448150,"A",,"R",164765,"A",,"G",183,"A",,"G",183,"A",,"A",,1
448196,"R",4441,"R",17065,"A",,"G",167,"A",,"G",167,"A",,"A",,3
448202,"A",,"R",48549,"A",,"G",54,"A",,"G",54,"A",,"A",,1
448211,"A",,"R",89100,"A",,"G",99,"A",,"G",99,"A",,"A",,1
448220,"A",,"R",82434,"A",,"G",92,"A",,"G",92,"A",,"A",,1
448239,"R",5444,"A",,"A",,"G",181,"A",,"G",181,"A",,"A",,2
448248,"A",,"R",922341,"A",,"G",1025,"A",,"G",1025,"A",,"A",,1
448257,"A",,"R",34816,"A",,"G",39,"A",,"G",39,"A",,"A",,1
448266,"A",,"R",41514,"A",,"G",46,"A",,"G",46,"A",,"A",,1
448275,"A",,"R",27125,"A",,"G",30,"A",,"G",30,"A",,"A",,1
448284,"R",21950,"A",,"R",17280,"G",732,"G",720,"G",732,"G",720,"A",,2
448309,"R",21657,"A",,"R",4662,"G",722,"G",194,"G",722,"G",194,"A",,2
448345,"R",39604,"A",,"A",,"G",880,"A",,"G",880,"A",,"A",,2
448354,"R",2240,"A",,"A",,"G",75,"A",,"G",75,"A",,"A",,2
448372,"R",6465,"A",,"A",,"G",216,"A",,"R",207,"A",,"A",,2
448406,"R",12200,"A",,"A",,"G",407,"A",,"G",407,"A",,"A",,2
448415,"R",66633,"A",,"A",,"G",1481,"A",,"G",1481,"A",,"A",,2
448424,"A",,"R",110100,"A",,"G",122,"A",,"G",122,"A",,"A",,1
448433,"R",95786,"A",,"A",,"G",3193,"A",,"G",3193,"A",,"A",,2
448442,"R",18949,"A",,"A",,"G",421,"A",,"G",421,"A",,"A",,2
448451,"R",22791,"A",,"A",,"G",506,"A",,"G",506,"A",,"A",,2
448460,"R",7836,"A",,"A",,"G",174,"A",,"G",174,"A",,"A",,2
448479,"R",20904,"A",,"A",,"G",465,"A",,"G",465,"A",,"A",,2
448488,"R",11259,"A",,"A",,"G",250,"A",,"G",250,"A",,"A",,2
448497,"R",12546,"A",,"A",,"G",279,"A",,"G",279,"A",,"A",,2
448503,"R",17537,"A",,"A",,"G",390,"A",,"G",390,"A",,"A",,2
448512,"R",24128,"A",,"A",,"G",536,"A",,"G",536,"A",,"A",,2
448521,"R",1026,"A",,"R",339,"G",34,"G",14,"G",34,"G",14,"A",,2
448530,"R",11571,"A",,"R",628,"G",386,"G",26,"G",386,"G",26,"A",,2
448558,"R",3400,"A",,"R",213,"G",113,"G",9,"G",113,"G",9,"A",,2
448567,"R",18932,"A",,"R",1080,"G",631,"G",45,"G",631,"G",45,"A",,2
448576,"R",100700,"A",,"A",,"G",2238,"A",,"G",2238,"A",,"A",,2
448585,"R",17113,"A",,"A",,"G",380,"A",,"G",380,"A",,"A",,2
448594,"R",69427,"A",,"A",,"G",2314,"A",,"R",3102,"A",,"A",,2
448600,"R",11718,"A",,"A",,"G",260,"A",,"G",260,"A",,"A",,2
448619,"R",4216,"R",127848,"A",,"G",283,"A",,"G",283,"A",,"A",,3
448628,"R",25310,"A",,"A",,"G",562,"A",,"G",562,"A",,"A",,2
448646,"A",,"R",95452,"A",,"G",106,"A",,"G",106,"A",,"A",,1
448664,"R",15522,"R",86500,"A",,"G",441,"A",,"G",441,"A",,"A",,3
448673,"R",70014,"A",,"A",,"G",1556,"A",,"G",1556,"A",,"A",,2
448691,"A",,"A",,"R",723,"A",,"G",30,"A",,"G",30,"A",,-2
448707,"R",7551,"A",,"A",,"G",252,"A",,"R",253,"A",,"A",,2
448716,"R",11858,"A",,"A",,"G",395,"A",,"G",395,"A",,"A",,2
448734,"R",3318,"A",,"R",4837,"G",111,"G",202,"G",111,"G",202,"R",5,2
448752,"R",12538,"A",,"A",,"G",418,"A",,"G",418,"A",,"A",,2
448761,"R",8170,"A",,"A",,"G",272,"A",,"R",317,"A",,"A",,2
448770,"A",,"R",450000,"A",,"G",500,"A",,"G",500,"A",,"A",,1
448789,"R",8163,"A",,"A",,"G",272,"A",,"G",272,"A",,"A",,2
448798,"A",,"R",108505,"A",,"G",121,"A",,"G",121,"A",,"A",,1
448804,"R",7328,"A",,"A",,"G",244,"A",,"G",244,"A",,"A",,2
448822,"R",612,"A",,"R",198,"G",20,"G",8,"G",20,"G",8,"A",,2
448831,"R",2611,"A",,"R",210,"G",87,"G",9,"G",87,"G",9,"A",,2
448840,"R",122148,"A",,"R",9296,"G",4072,"G",387,"G",4072,"G",387,"A",,2
448859,"R",6243,"A",,"A",,"G",208,"A",,"G",208,"A",,"A",,2
448886,"R",234381,"A",,"R",40857,"G",7813,"G",1702,"G",7813,"G",1702,"A",,2
448895,"A",,"R",667140,"A",,"G",741,"A",,"G",741,"A",,"A",,1
448974,"A",,"R",237654,"A",,"G",264,"A",,"G",264,"A",,"A",,1
448983,"R",9862,"A",,"A",,"G",329,"A",,"G",329,"A",,"A",,2
449010,"R",48804,"A",,"A",,"G",1085,"A",,"G",1085,"A",,"A",,2
449038,"R",92200,"A",,"R",24255,"G",2049,"G",674,"G",2049,"G",674,"A",,2
449074,"A",,"R",1025548,"A",,"G",1139,"A",,"G",1139,"A",,"A",,1
449083,"R",10600,"A",,"A",,"G",353,"A",,"G",353,"A",,"A",,2
449092,"R",10488,"A",,"A",,"G",350,"A",,"G",350,"A",,"A",,2
449117,"R",11356,"R",102990,"A",,"G",367,"A",,"G",367,"A",,"A",,3
449126,"R",8282,"R",49720,"A",,"G",239,"A",,"G",239,"A",,"A",,3
449135,"R",12700,"A",,"A",,"G",423,"A",,"G",423,"A",,"A",,2
449144,"R",8100,"A",,"A",,"G",270,"A",,"G",270,"A",,"A",,2
449153,"R",8090,"A",,"A",,"G",270,"A",,"G",270,"A",,"A",,2
449162,"A",,"R",72473,"A",,"G",81,"A",,"G",81,"A",,"A",,1
449171,"A",,"R",107352,"A",,"G",119,"A",,"G",119,"A",,"A",,1
449180,"A",,"R",79797,"A",,"G",89,"A",,"G",89,"A",,"A",,1
449199,"A",,"R",59522,"A",,"G",66,"A",,"G",66,"A",,"A",,1
449205,"A",,"R",60575,"A",,"G",67,"A",,"G",67,"A",,"A",,1
449214,"A",,"R",50316,"A",,"G",56,"A",,"G",56,"A",,"A",,1
449223,"A",,"R",94906,"A",,"G",105,"A",,"G",105,"A",,"A",,1
449232,"A",,"R",96506,"A",,"G",107,"A",,"G",107,"A",,"A",,1
449241,"A",,"R",59541,"A",,"G",66,"A",,"G",66,"A",,"A",,1
449250,"A",,"R",391500,"A",,"G",435,"A",,"G",435,"A",,"A",,1
449269,"R",30440,"A",,"A",,"G",1015,"A",,"G",1015,"A",,"A",,2
449302,"R",1932,"A",,"A",,"G",43,"A",,"G",43,"A",,"A",,2
449311,"A",,"R",166498,"A",,"G",185,"A",,"G",185,"A",,"A",,1
449320,"A",,"R",845749,"A",,"G",940,"A",,"G",940,"A",,"A",,1
449339,"R",1061508,"A",,"R",202684,"G",35384,"G",8445,"G",35384,"G",8445,"A",,2
449348,"R",1076,"A",,"A",,"G",36,"A",,"G",36,"A",,"A",,2
449357,"A",,"R",96241,"A",,"G",107,"A",,"G",107,"A",,"A",,1
449366,"A",,"R",289733,"A",,"G",322,"A",,"G",322,"A",,"A",,1
449375,"R",8160,"A",,"A",,"G",272,"A",,"G",272,"A",,"A",,2
449384,"R",9904,"A",,"A",,"G",220,"A",,"G",220,"A",,"A",,2
449393,"A",,"R",90421,"A",,"G",100,"A",,"G",100,"A",,"A",,1
449436,"R",6106,"A",,"A",,"G",204,"A",,"R",170,"A",,"A",,2
449445,"A",,"R",123750,"A",,"G",138,"A",,"G",138,"A",,"A",,1
449454,"A",,"R",37440,"A",,"G",42,"A",,"G",42,"A",,"A",,1
449463,"A",,"R",69000,"A",,"G",77,"A",,"G",77,"A",,"A",,1
449472,"A",,"R",102713,"A",,"G",114,"A",,"G",114,"A",,"A",,1
449481,"A",,"A",,"R",2704,"A",,"G",113,"A",,"G",113,"A",,-2
449490,"A",,"R",72608,"A",,"G",81,"A",,"G",81,"A",,"A",,1
449506,"R",11645,"R",68246,"A",,"G",464,"A",,"G",464,"A",,"A",,3
449524,"R",8141,"R",30364,"A",,"G",305,"A",,"G",305,"A",,"A",,3
449533,"A",,"R",167664,"A",,"G",186,"A",,"G",186,"A",,"A",,1
449579,"A",,"A",,"R",800,"A",,"G",33,"A",,"G",33,"A",,-2
449597,"A",,"R",39619,"A",,"G",44,"A",,"G",44,"A",,"A",,1
449603,"A",,"R",192100,"A",,"G",213,"A",,"G",213,"A",,"A",,1
449612,"R",5615,"A",,"A",,"G",187,"A",,"G",187,"A",,"A",,2
449658,"R",3611,"A",,"A",,"G",120,"A",,"G",120,"A",,"A",,2
449667,"A",,"R",110330,"A",,"G",123,"A",,"G",123,"A",,"A",,1
449676,"A",,"R",65870,"A",,"G",73,"A",,"G",73,"A",,"A",,1
449685,"A",,"R",114220,"A",,"G",127,"A",,"G",127,"A",,"A",,1
449700,"A",,"R",298000,"A",,"G",331,"A",,"G",331,"A",,"A",,1
449719,"A",,"R",234480,"A",,"G",261,"A",,"G",261,"A",,"A",,1
449728,"A",,"R",23166,"A",,"G",26,"A",,"G",26,"A",,"A",,1
449746,"R",7390,"A",,"A",,"G",246,"A",,"G",246,"A",,"A",,2
449764,"R",1950,"A",,"A",,"G",65,"A",,"G",65,"A",,"A",,2
449773,"R",6963,"A",,"A",,"G",232,"A",,"G",232,"A",,"A",,2
449782,"A",,"R",30208,"A",,"G",34,"A",,"G",34,"A",,"A",,1
449791,"A",,"R",81927,"A",,"G",91,"A",,"G",91,"A",,"A",,1
449807,"A",,"R",203331,"A",,"G",226,"A",,"G",226,"A",,"A",,1
449816,"A",,"R",134709,"A",,"G",150,"A",,"G",150,"A",,"A",,1
449852,"A",,"R",42217,"A",,"G",47,"A",,"G",47,"A",,"A",,1
449861,"R",4994,"A",,"A",,"G",166,"A",,"G",166,"A",,"A",,2
449870,"R",2494,"A",,"R",3041,"G",83,"G",127,"R",104,"R",169,"A",,2
449889,"A",,"A",,"R",65240,"A",,"G",2718,"A",,"G",2718,"A",,-2
449898,"R",26297,"A",,"R",9194,"G",584,"G",255,"G",584,"G",255,"A",,2
449904,"A",,"R",373350,"A",,"G",415,"A",,"G",415,"A",,"A",,1
449922,"A",,"A",,"A",,"A",,"A",,"A",,"A",,"R",228,-2
449931,"R",20773,"A",,"R",9118,"G",692,"G",380,"G",692,"G",380,"A",,2
449959,"A",,"R",213635,"A",,"G",237,"A",,"G",237,"A",,"A",,1
449968,"A",,"R",326030,"A",,"G",362,"A",,"G",362,"A",,"A",,1
449977,"A",,"R",216666,"A",,"G",241,"A",,"G",241,"A",,"A",,1
449986,"A",,"R",308533,"A",,"G",343,"A",,"G",343,"A",,"A",,1
449995,"A",,"R",216820,"A",,"G",241,"A",,"G",241,"A",,"A",,1
450003,"R",11936,"R",45305,"A",,"G",316,"A",,"G",316,"A",,"A",,3
450021,"R",7100,"R",40000,"A",,"G",202,"A",,"G",202,"A",,"A",,3
450049,"R",26054,"A",,"A",,"G",579,"A",,"G",579,"A",,"A",,2
450058,"R",31050,"A",,"A",,"G",1035,"A",,"G",1035,"A",,"A",,2
450067,"R",25110,"A",,"A",,"G",837,"A",,"G",837,"A",,"A",,2
450076,"R",33660,"A",,"A",,"G",1122,"A",,"G",1122,"A",,"A",,2
450085,"R",30772,"A",,"A",,"G",684,"A",,"G",684,"A",,"A",,2
450094,"R",52067,"A",,"A",,"G",1157,"A",,"G",1157,"A",,"A",,2
450119,"R",15662,"R",103728,"A",,"G",463,"A",,"G",463,"A",,"A",,3
450128,"A",,"R",532102,"A",,"G",591,"A",,"G",591,"A",,"A",,1
450146,"A",,"R",107550,"A",,"G",120,"A",,"G",120,"A",,"A",,1
450155,"R",12240,"A",,"A",,"G",408,"A",,"G",408,"A",,"A",,2
450173,"R",500157,"A",,"A",,"G",16672,"A",,"G",16672,"A",,"A",,2
450182,"A",,"R",347632,"A",,"G",386,"A",,"G",386,"A",,"A",,1
450191,"R",14618,"A",,"A",,"G",325,"A",,"G",325,"A",,"A",,2
450207,"R",9446,"A",,"A",,"G",210,"A",,"G",210,"A",,"A",,2
450216,"R",26837,"A",,"A",,"G",596,"A",,"G",596,"A",,"A",,2
450225,"R",16987,"A",,"A",,"G",377,"A",,"G",377,"A",,"A",,2
450234,"R",15967,"A",,"A",,"G",355,"A",,"G",355,"A",,"A",,2
450243,"R",22090,"A",,"A",,"G",491,"A",,"G",491,"A",,"A",,2
450252,"R",27805,"A",,"A",,"G",618,"A",,"G",618,"A",,"A",,2
450261,"R",8803,"A",,"A",,"G",196,"A",,"G",196,"A",,"A",,2
450270,"R",17154,"A",,"A",,"G",381,"A",,"G",381,"A",,"A",,2
450289,"R",13418,"A",,"A",,"G",298,"A",,"G",298,"A",,"A",,2
450298,"R",9585,"A",,"R",1913,"G",213,"G",53,"G",213,"G",53,"A",,2
450304,"A",,"A",,"R",3034,"A",,"G",126,"A",,"R",169,"A",,-2
450377,"R",17150,"A",,"R",10458,"G",381,"G",291,"G",381,"G",291,"A",,2
450395,"A",,"R",172273,"A",,"G",191,"A",,"G",191,"A",,"A",,1
450401,"R",10488,"A",,"A",,"G",350,"A",,"G",350,"A",,"A",,2
450429,"R",8175,"A",,"A",,"G",182,"A",,"G",182,"A",,"A",,2
450447,"R",15112,"A",,"A",,"G",336,"A",,"G",336,"A",,"A",,2
450456,"R",8369,"A",,"R",702,"G",279,"G",29,"G",279,"G",29,"A",,2
450465,"R",24125,"A",,"A",,"G",536,"A",,"G",536,"A",,"A",,2
450474,"R",20866,"A",,"R",1477,"G",696,"G",62,"G",696,"G",62,"A",,2
450483,"R",5214,"A",,"R",0,"G",174,"G",0,"G",174,"G",0,"A",,2
450492,"R",11861,"A",,"R",519,"G",395,"G",22,"G",395,"G",22,"A",,2
450526,"R",8778,"A",,"R",6348,"G",293,"G",265,"G",293,"G",265,"A",,2
450535,"R",4614,"A",,"R",5981,"G",154,"G",249,"G",154,"G",249,"A",,2
450544,"R",5604,"A",,"R",4501,"G",187,"G",188,"G",187,"G",188,"A",,2
450571,"R",58720,"A",,"A",,"G",1305,"A",,"G",1305,"A",,"A",,2
450580,"A",,"R",112577,"A",,"G",125,"A",,"G",125,"A",,"A",,1
450599,"A",,"R",126766,"A",,"G",141,"A",,"G",141,"A",,"A",,1
450605,"A",,"R",124702,"A",,"G",139,"A",,"G",139,"A",,"A",,1
450614,"A",,"R",124914,"A",,"G",139,"A",,"G",139,"A",,"A",,1
450623,"A",,"R",139993,"A",,"G",156,"A",,"G",156,"A",,"A",,1
450632,"A",,"R",63925,"A",,"G",71,"A",,"G",71,"A",,"A",,1
450641,"A",,"R",111867,"A",,"G",124,"A",,"G",124,"A",,"A",,1
450650,"A",,"R",189069,"A",,"G",210,"A",,"G",210,"A",,"A",,1
450669,"R",2583,"A",,"A",,"G",86,"A",,"G",86,"A",,"A",,2
450678,"R",14587,"A",,"A",,"G",486,"A",,"G",486,"A",,"A",,2
450696,"R",13104,"A",,"A",,"G",437,"A",,"G",437,"A",,"A",,2
450702,"R",14570,"A",,"A",,"G",486,"A",,"G",486,"A",,"A",,2
450720,"A",,"R",218681,"A",,"G",243,"A",,"G",243,"A",,"A",,1
450739,"A",,"R",159022,"A",,"G",177,"A",,"G",177,"A",,"A",,1
450757,"A",,"R",88689,"A",,"G",99,"A",,"G",99,"A",,"A",,1
450766,"R",1353,"A",,"R",2250,"G",45,"G",94,"G",45,"G",94,"A",,2
450784,"A",,"R",94860,"A",,"G",105,"A",,"G",105,"A",,"A",,1
450793,"A",,"R",136350,"A",,"G",152,"A",,"G",152,"A",,"A",,1
450809,"A",,"R",43038,"A",,"G",48,"A",,"G",48,"A",,"A",,1
450818,"A",,"R",58020,"A",,"G",64,"A",,"G",64,"A",,"A",,1
450827,"A",,"R",114731,"A",,"G",127,"A",,"G",127,"A",,"A",,1
450836,"A",,"R",113622,"A",,"G",126,"A",,"G",126,"A",,"A",,1
450845,"A",,"R",42662,"A",,"G",47,"A",,"G",47,"A",,"A",,1
450854,"A",,"R",87020,"A",,"G",97,"A",,"G",97,"A",,"A",,1
450863,"A",,"R",41532,"A",,"G",46,"A",,"G",46,"A",,"A",,1
450872,"A",,"R",90211,"A",,"G",100,"A",,"G",100,"A",,"A",,1
450881,"A",,"R",62735,"A",,"G",70,"A",,"G",70,"A",,"A",,1
450933,"R",327329,"A",,"R",98043,"G",10911,"G",4085,"G",10911,"G",4085,"A",,2
450942,"A",,"A",,"A",,"A",,"A",,"A",,"A",,"R",1100,-2
450951,"R",5098,"A",,"A",,"G",170,"A",,"G",170,"A",,"A",,2
450960,"A",,"R",105620,"A",,"G",117,"A",,"G",117,"A",,"A",,1
450979,"R",95580,"A",,"R",66904,"G",3186,"G",2788,"G",3186,"G",2788,"A",,2
450988,"A",,"R",136546,"A",,"G",152,"A",,"G",152,"A",,"A",,1
451006,"R",5235,"A",,"A",,"G",175,"A",,"G",175,"A",,"A",,2
451015,"R",7439,"A",,"A",,"G",248,"A",,"R",224,"A",,"A",,2
451033,"A",,"R",20700,"A",,"G",23,"A",,"G",23,"A",,"A",,1
451042,"A",,"R",82356,"A",,"G",92,"A",,"G",92,"A",,"A",,1
451051,"A",,"R",49160,"A",,"G",55,"A",,"G",55,"A",,"A",,1
451060,"R",8907,"A",,"R",1404,"G",297,"G",59,"G",297,"G",59,"A",,2
451079,"A",,"A",,"R",2136,"A",,"G",89,"A",,"G",89,"A",,-2
451097,"A",,"R",183600,"A",,"G",204,"A",,"G",204,"A",,"A",,1
451103,"R",32182,"A",,"A",,"G",1073,"A",,"G",1073,"A",,"A",,2
451121,"A",,"R",134100,"A",,"G",149,"A",,"G",149,"A",,"A",,1
451130,"A",,"A",,"R",6007,"A",,"G",250,"A",,"G",250,"R",5,-2
451149,"A",,"R",744560,"A",,"G",827,"A",,"G",827,"A",,"A",,1
451158,"A",,"R",693180,"A",,"G",770,"A",,"G",770,"A",,"A",,1
451167,"A",,"R",93398,"A",,"G",104,"A",,"G",104,"A",,"A",,1
451194,"R",775,"A",,"A",,"G",26,"A",,"G",26,"A",,"A",,2
451219,"A",,"R",13208,"A",,"G",15,"A",,"G",15,"A",,"A",,1
451228,"R",3888,"A",,"A",,"G",130,"A",,"G",130,"A",,"A",,2
451237,"R",1200,"A",,"A",,"G",40,"A",,"G",40,"A",,"A",,2
451255,"A",,"R",73464,"A",,"G",82,"A",,"G",82,"A",,"A",,1
451264,"R",5889,"A",,"A",,"G",196,"A",,"G",196,"A",,"A",,2
451282,"A",,"R",132300,"A",,"G",147,"A",,"G",147,"A",,"A",,1
451291,"A",,"R",27880,"A",,"G",31,"A",,"G",31,"A",,"A",,1
451307,"A",,"R",58870,"A",,"G",65,"A",,"G",65,"A",,"A",,1
451316,"A",,"R",37380,"A",,"G",42,"A",,"G",42,"A",,"A",,1
451334,"A",,"R",141579,"A",,"G",157,"A",,"G",157,"A",,"A",,1
451343,"A",,"R",151455,"A",,"G",168,"A",,"G",168,"A",,"A",,1
451352,"R",10813,"A",,"A",,"G",360,"A",,"G",360,"A",,"A",,2
451361,"A",,"R",15363,"A",,"G",17,"A",,"G",17,"A",,"A",,1
451370,"R",1906,"A",,"A",,"G",64,"A",,"G",64,"A",,"A",,2
451398,"R",3144,"A",,"A",,"G",105,"A",,"G",105,"A",,"A",,2
451404,"R",7395,"A",,"A",,"G",247,"A",,"G",247,"A",,"A",,2
451413,"R",12570,"A",,"A",,"G",419,"A",,"G",419,"A",,"A",,2
451422,"A",,"R",142832,"A",,"G",159,"A",,"R",158,"A",,"A",,1
451440,"A",,"R",323100,"A",,"G",359,"A",,"G",359,"A",,"A",,1
451459,"A",,"R",129938,"A",,"G",144,"A",,"G",144,"A",,"A",,1
451468,"A",,"R",185556,"A",,"G",206,"A",,"G",206,"A",,"A",,1
451477,"R",10488,"A",,"A",,"G",350,"A",,"G",350,"A",,"A",,2
451495,"A",,"R",75600,"A",,"G",84,"A",,"G",84,"A",,"A",,1
451501,"R",1400,"R",96000,"A",,"G",153,"A",,"R",155,"A",,"A",,3
451510,"A",,"A",,"A",,"A",,"A",,"A",,"A",,"R",592,-2
451529,"A",,"R",46684,"A",,"G",52,"A",,"G",52,"A",,"A",,1
451538,"A",,"R",198000,"A",,"G",220,"A",,"G",220,"A",,"A",,1
451547,"A",,"R",49500,"A",,"G",55,"A",,"G",55,"A",,"A",,1
451556,"R",88825,"A",,"A",,"G",1974,"A",,"G",1974,"A",,"A",,2
451565,"A",,"R",196274,"A",,"G",218,"A",,"G",218,"A",,"A",,1
451574,"A",,"R",253468,"A",,"G",282,"A",,"G",282,"A",,"A",,1
451583,"A",,"R",105441,"A",,"G",117,"A",,"G",117,"A",,"A",,1
451592,"R",704,"A",,"A",,"G",23,"A",,"G",23,"A",,"A",,2
451608,"R",1128,"A",,"A",,"G",38,"A",,"G",38,"A",,"A",,2
451617,"A",,"R",35321,"A",,"G",39,"A",,"G",39,"A",,"A",,1
451626,"A",,"R",136383,"A",,"G",152,"A",,"G",152,"A",,"A",,1
451635,"A",,"R",53100,"A",,"G",59,"A",,"G",59,"A",,"A",,1
451644,"A",,"R",11200,"A",,"G",12,"A",,"G",12,"A",,"A",,1
451653,"A",,"R",19800,"A",,"G",22,"A",,"G",22,"A",,"A",,1
451662,"R",331205,"A",,"A",,"G",11040,"A",,"G",11040,"A",,"A",,2
451671,"R",44415,"A",,"R",3217,"G",1481,"G",134,"G",1481,"G",134,"A",,2
451699,"R",48771,"A",,"A",,"G",1084,"A",,"G",1084,"A",,"A",,2
451705,"R",3000,"A",,"A",,"G",100,"A",,"G",100,"A",,"A",,2
451714,"A",,"R",294910,"A",,"G",328,"A",,"G",328,"A",,"A",,1
451741,"R",30802,"A",,"A",,"G",1027,"A",,"G",1027,"A",,"A",,2
451750,"R",26697,"A",,"A",,"G",890,"A",,"G",890,"A",,"A",,2
451769,"R",19491,"A",,"A",,"G",433,"A",,"G",433,"A",,"A",,2
451796,"R",41436,"A",,"A",,"G",921,"A",,"G",921,"A",,"A",,2
451802,"A",,"R",20432,"A",,"G",23,"A",,"G",23,"A",,"A",,1
451811,"A",,"R",42464,"A",,"G",47,"A",,"G",47,"A",,"A",,1
451820,"R",71400,"A",,"A",,"G",1587,"A",,"G",1587,"A",,"A",,2
451848,"R",27244,"A",,"A",,"G",605,"A",,"G",605,"A",,"A",,2
451857,"R",12462,"R",51375,"A",,"G",472,"A",,"R",462,"A",,"A",,3
451866,"R",17842,"A",,"A",,"G",595,"A",,"R",691,"A",,"A",,2
451875,"R",10144,"A",,"A",,"G",225,"A",,"G",225,"A",,"A",,2
451884,"R",13832,"A",,"A",,"G",307,"A",,"G",307,"A",,"A",,2
451909,"R",21540,"A",,"A",,"G",718,"A",,"G",718,"A",,"A",,2
451918,"A",,"R",147968,"A",,"G",164,"A",,"G",164,"A",,"A",,1
451936,"R",13163,"A",,"A",,"G",293,"A",,"G",293,"A",,"A",,2
451945,"R",17931,"A",,"A",,"G",398,"A",,"G",398,"A",,"A",,2
451954,"R",8940,"A",,"A",,"G",199,"A",,"G",199,"A",,"A",,2
451963,"R",16154,"A",,"A",,"G",359,"A",,"G",359,"A",,"A",,2
451972,"R",13565,"A",,"A",,"G",301,"A",,"G",301,"A",,"A",,2
451981,"R",8742,"A",,"A",,"G",194,"A",,"G",194,"A",,"A",,2
451990,"R",19368,"A",,"A",,"G",430,"A",,"G",430,"A",,"A",,2
452009,"A",,"R",67520,"A",,"G",75,"A",,"G",75,"A",,"A",,1
452018,"R",23913,"A",,"A",,"G",531,"A",,"G",531,"A",,"A",,2
452027,"R",35736,"A",,"A",,"G",794,"A",,"G",794,"A",,"A",,2
452036,"R",17285,"A",,"A",,"G",576,"A",,"G",576,"A",,"A",,2
452045,"R",19165,"A",,"A",,"G",639,"A",,"G",639,"A",,"A",,2
452054,"R",19663,"A",,"A",,"G",655,"A",,"G",655,"A",,"A",,2
452063,"R",44023,"A",,"A",,"G",1467,"A",,"G",1467,"A",,"A",,2
452072,"R",7290,"A",,"A",,"G",243,"A",,"G",243,"A",,"A",,2
452081,"R",16560,"A",,"A",,"G",552,"A",,"G",552,"A",,"A",,2
452090,"R",3402,"A",,"R",3622,"G",113,"G",151,"G",113,"G",151,"A",,2
452106,"A",,"R",90000,"A",,"G",100,"A",,"G",100,"A",,"A",,1
452115,"R",19354,"A",,"A",,"G",430,"A",,"G",430,"A",,"A",,2
452124,"R",20490,"A",,"A",,"G",683,"A",,"G",683,"A",,"A",,2
452373,"R",20440,"A",,"A",,"G",454,"A",,"G",454,"A",,"A",,2
452540,"A",,"R",791,"A",,"G",1,"A",,"G",1,"A",,"A",,1
452692,"A",,"R",840,"A",,"G",1,"A",,"G",1,"A",,"A",,1
452771,"A",,"R",2600,"A",,"G",3,"A",,"G",3,"A",,"A",,1
452780,"A",,"R",3040,"A",,"G",3,"A",,"G",3,"A",,"A",,1
452841,"R",800,"R",24000,"A",,"G",53,"A",,"G",53,"A",,"A",,3
452948,"R",22879,"A",,"A",,"G",763,"A",,"R",628,"A",,"A",,2
452984,"A",,"R",9072,"A",,"G",10,"A",,"G",10,"A",,"A",,1
453075,"A",,"R",87300,"A",,"G",97,"A",,"G",97,"A",,"A",,1
453109,"R",9995,"A",,"A",,"G",222,"A",,"G",222,"A",,"A",,2
453127,"R",21870,"A",,"R",3911,"G",486,"G",109,"G",486,"G",109,"A",,2
453163,"R",92223,"A",,"R",36765,"G",2049,"G",1021,"G",2049,"G",1021,"A",,2
453215,"R",23292,"A",,"R",4918,"G",518,"G",137,"G",518,"G",137,"A",,2
453297,"A",,"R",12232,"A",,"G",14,"A",,"G",14,"A",,"A",,1
453349,"R",8663,"A",,"A",,"G",289,"A",,"G",289,"A",,"A",,2
453455,"R",8568,"A",,"A",,"G",190,"A",,"G",190,"A",,"A",,2
453464,"R",10708,"A",,"A",,"G",238,"A",,"G",238,"A",,"A",,2
453473,"R",6960,"A",,"A",,"G",155,"A",,"G",155,"A",,"A",,2
453482,"R",6476,"A",,"A",,"G",144,"A",,"G",144,"A",,"A",,2
453552,"R",8145,"A",,"A",,"G",272,"A",,"G",272,"A",,"A",,2
453570,"A",,"R",67387,"A",,"G",75,"A",,"G",75,"A",,"A",,1
453747,"R",8161,"A",,"A",,"G",181,"A",,"G",181,"A",,"A",,2
453756,"R",6123,"A",,"A",,"G",136,"A",,"G",136,"A",,"A",,2
453792,"R",4670,"R",35010,"A",,"G",195,"A",,"G",195,"A",,"A",,3
453817,"R",1244,"R",130500,"A",,"G",186,"A",,"G",186,"A",,"A",,3
453923,"R",225,"A",,"A",,"G",8,"A",,"G",8,"A",,"A",,2
454078,"A",,"R",27000,"A",,"G",30,"A",,"G",30,"A",,"A",,1
454175,"R",20898,"A",,"A",,"G",697,"A",,"G",697,"A",,"A",,2
454184,"R",15655,"A",,"A",,"G",522,"A",,"G",522,"A",,"A",,2
454227,"R",231847,"A",,"R",29985,"G",7728,"G",1249,"R",6440,"R",1111,"R",6,2
454236,"R",19010,"A",,"A",,"G",634,"A",,"R",528,"A",,"A",,2
454245,"R",16921,"A",,"A",,"G",564,"A",,"R",470,"A",,"A",,2
454306,"R",9813,"A",,"A",,"G",327,"A",,"G",327,"A",,"A",,2
454315,"A",,"R",103136,"A",,"G",115,"A",,"G",115,"A",,"A",,1
454324,"A",,"R",58281,"A",,"G",65,"A",,"G",65,"A",,"A",,1
454333,"A",,"R",82978,"A",,"G",92,"A",,"G",92,"A",,"A",,1
454342,"A",,"R",79406,"A",,"G",88,"A",,"G",88,"A",,"A",,1
454351,"A",,"R",104896,"A",,"G",117,"A",,"G",117,"A",,"A",,1
454360,"A",,"R",156222,"A",,"G",174,"A",,"G",174,"A",,"A",,1
454379,"A",,"R",108402,"A",,"G",120,"A",,"G",120,"A",,"A",,1
454388,"A",,"R",78372,"A",,"G",87,"A",,"G",87,"A",,"A",,1
454397,"A",,"R",97513,"A",,"G",108,"A",,"G",108,"A",,"A",,1
454458,"R",7951,"A",,"A",,"G",177,"A",,"G",177,"A",,"A",,2
454467,"A",,"R",86430,"A",,"G",96,"A",,"G",96,"A",,"A",,1
454476,"A",,"R",71374,"A",,"G",79,"A",,"G",79,"A",,"A",,1
454485,"A",,"R",29889,"A",,"G",33,"A",,"G",33,"A",,"A",,1
454494,"A",,"R",69379,"A",,"G",77,"A",,"G",77,"A",,"A",,1
454500,"A",,"R",101922,"A",,"G",113,"A",,"G",113,"A",,"A",,1
454519,"A",,"R",82343,"A",,"G",91,"A",,"G",91,"A",,"A",,1
454528,"A",,"R",88382,"A",,"G",98,"A",,"G",98,"A",,"A",,1
454537,"A",,"R",90811,"A",,"G",101,"A",,"G",101,"A",,"A",,1
454546,"A",,"R",144420,"A",,"G",160,"A",,"G",160,"A",,"A",,1
454555,"A",,"R",314800,"A",,"G",350,"A",,"G",350,"A",,"A",,1
454573,"A",,"R",368500,"A",,"G",409,"A",,"G",409,"A",,"A",,1
454582,"R",11238,"A",,"R",1407,"G",375,"G",59,"G",375,"G",59,"A",,2
454591,"R",5957,"A",,"A",,"G",132,"A",,"G",132,"A",,"A",,2
454607,"A",,"R",249300,"A",,"G",277,"A",,"G",277,"A",,"A",,1
454616,"R",12810,"A",,"A",,"G",285,"A",,"G",285,"A",,"A",,2
454625,"R",13726,"A",,"A",,"G",305,"A",,"G",305,"A",,"A",,2
454652,"A",,"R",144890,"A",,"G",161,"A",,"G",161,"A",,"A",,1
454689,"R",72,"A",,"R",4224,"G",2,"G",176,"G",2,"G",176,"R",452,2
454698,"R",7152,"A",,"A",,"G",238,"A",,"G",238,"A",,"A",,2
454704,"A",,"R",30818,"A",,"G",34,"A",,"G",34,"A",,"A",,1
454722,"A",,"R",38534,"A",,"G",43,"A",,"G",43,"A",,"A",,1
454731,"R",10226,"A",,"A",,"G",341,"A",,"G",341,"A",,"A",,2
454740,"R",7843,"A",,"A",,"G",174,"A",,"G",174,"A",,"A",,2
454759,"A",,"R",9220,"A",,"G",10,"A",,"G",10,"A",,"A",,1
454768,"A",,"R",190427,"A",,"G",212,"A",,"G",212,"A",,"A",,1
454777,"A",,"R",236140,"A",,"G",262,"A",,"G",262,"A",,"A",,1
454786,"R",24601,"A",,"A",,"G",820,"A",,"G",820,"A",,"A",,2
454795,"A",,"R",145155,"A",,"G",161,"A",,"G",161,"A",,"A",,1
454801,"A",,"R",44147,"A",,"G",49,"A",,"G",49,"A",,"A",,1
454810,"A",,"R",225900,"A",,"G",251,"A",,"G",251,"A",,"A",,1
454829,"R",5473,"A",,"R",11304,"G",182,"G",471,"G",182,"G",471,"A",,2
454838,"A",,"A",,"R",884,"A",,"G",25,"A",,"G",25,"A",,-2
454847,"R",1854,"A",,"A",,"G",62,"A",,"G",62,"A",,"A",,2
454856,"R",23340,"A",,"A",,"G",778,"A",,"G",778,"A",,"A",,2
454865,"R",7095,"A",,"A",,"G",237,"A",,"G",237,"A",,"A",,2
454874,"A",,"R",102600,"A",,"G",114,"A",,"G",114,"A",,"A",,1
454883,"R",30555,"R",313,"A",,"G",1019,"A",,"G",1019,"A",,"A",,3
454892,"A",,"R",29574,"A",,"G",33,"A",,"G",33,"A",,"A",,1
454908,"A",,"R",102000,"A",,"G",113,"A",,"G",113,"A",,"A",,1
454917,"A",,"R",160275,"A",,"G",178,"A",,"G",178,"A",,"A",,1
454926,"A",,"R",249300,"A",,"G",277,"A",,"G",277,"A",,"A",,1
454935,"A",,"R",49481,"A",,"G",55,"A",,"G",55,"A",,"A",,1
454944,"A",,"R",168850,"A",,"G",188,"A",,"G",188,"A",,"A",,1
454953,"A",,"R",20554,"A",,"G",23,"A",,"G",23,"A",,"A",,1
454962,"A",,"R",13074,"A",,"G",15,"A",,"G",15,"A",,"A",,1
454971,"A",,"R",212660,"A",,"G",236,"A",,"G",236,"A",,"A",,1
454980,"A",,"R",140955,"A",,"G",157,"A",,"G",157,"A",,"A",,1
454999,"A",,"R",133935,"A",,"G",149,"A",,"G",149,"A",,"A",,1
455008,"A",,"R",152165,"A",,"G",169,"A",,"G",169,"A",,"A",,1
455017,"A",,"R",30526,"A",,"G",34,"A",,"G",34,"A",,"A",,1
455026,"A",,"R",37814,"A",,"G",42,"A",,"G",42,"A",,"A",,1
455035,"A",,"R",5700,"A",,"G",6,"A",,"G",6,"A",,"A",,1
455053,"A",,"R",114300,"A",,"G",127,"A",,"G",127,"A",,"A",,1
455062,"A",,"R",70030,"A",,"G",78,"A",,"G",78,"A",,"A",,1
455071,"A",,"R",57188,"A",,"G",64,"A",,"G",64,"A",,"A",,1
455080,"A",,"R",175910,"A",,"G",195,"A",,"G",195,"A",,"A",,1
455099,"A",,"A",,"R",895,"A",,"G",37,"A",,"G",37,"A",,-2
455105,"A",,"R",59824,"A",,"G",66,"A",,"G",66,"A",,"A",,1
455114,"R",188986,"A",,"A",,"G",6300,"A",,"G",6300,"A",,"A",,2
455141,"A",,"R",200545,"A",,"G",223,"A",,"G",223,"A",,"A",,1
455169,"A",,"A",,"A",,"A",,"A",,"A",,"A",,"R",1452,-2
455178,"A",,"A",,"R",3610,"A",,"G",150,"A",,"G",150,"A",,-2
455187,"A",,"R",91720,"A",,"G",102,"A",,"G",102,"A",,"A",,1
455196,"R",35151,"R",811526,"A",,"G",2073,"A",,"G",2073,"A",,"A",,3
455202,"A",,"R",224770,"A",,"G",250,"A",,"G",250,"A",,"A",,1
455211,"A",,"R",121928,"A",,"G",135,"A",,"G",135,"A",,"A",,1
455220,"A",,"R",68350,"A",,"G",76,"A",,"G",76,"A",,"A",,1
455239,"A",,"R",176350,"A",,"G",196,"A",,"G",196,"A",,"A",,1
455248,"A",,"R",8000,"A",,"G",9,"A",,"G",9,"A",,"A",,1
455257,"R",9352,"A",,"A",,"G",312,"A",,"G",312,"A",,"A",,2
455275,"A",,"R",252457,"A",,"G",281,"A",,"G",281,"A",,"A",,1
455284,"A",,"R",276295,"A",,"G",307,"A",,"G",307,"A",,"A",,1
455293,"A",,"R",10553,"A",,"G",12,"A",,"G",12,"A",,"A",,1
455327,"A",,"R",55500,"A",,"G",62,"A",,"G",62,"A",,"A",,1
455336,"R",7634,"A",,"A",,"G",254,"A",,"G",254,"A",,"A",,2
455345,"A",,"R",52200,"A",,"G",58,"A",,"G",58,"A",,"A",,1
455354,"A",,"R",381910,"A",,"G",424,"A",,"G",424,"A",,"A",,1
455372,"A",,"R",44400,"A",,"G",49,"A",,"G",49,"A",,"A",,1
455381,"A",,"R",44908,"A",,"G",50,"A",,"G",50,"A",,"A",,1
455390,"R",5860,"R",140208,"A",,"G",351,"A",,"G",351,"A",,"A",,3
455406,"A",,"A",,"A",,"A",,"A",,"A",,"A",,"R",294,-2
455415,"A",,"R",14400,"A",,"G",16,"A",,"G",16,"A",,"A",,1
455424,"A",,"R",520200,"A",,"G",578,"A",,"G",578,"A",,"A",,1
455433,"A",,"A",,"R",2096,"A",,"G",87,"A",,"G",87,"R",113,-2
455451,"R",972,"A",,"R",5958,"G",32,"G",248,"R",50,"R",356,"A",,2
455460,"R",13020,"A",,"A",,"G",434,"A",,"G",434,"A",,"A",,2
455479,"R",35010,"A",,"A",,"G",1167,"A",,"G",1167,"A",,"A",,2
455488,"R",21840,"A",,"A",,"G",728,"A",,"G",728,"A",,"A",,2
455497,"A",,"R",203400,"A",,"G",226,"A",,"G",226,"A",,"A",,1
455512,"R",45692,"A",,"A",,"G",1523,"A",,"G",1523,"A",,"A",,2
455549,"R",3954,"A",,"A",,"G",88,"A",,"G",88,"A",,"A",,2
455558,"R",8946,"A",,"A",,"G",199,"A",,"G",199,"A",,"A",,2
455567,"R",13347,"R",75250,"A",,"G",529,"A",,"G",529,"A",,"A",,3
455585,"R",8794,"A",,"A",,"G",195,"A",,"G",195,"A",,"A",,2
455600,"R",18785,"A",,"A",,"G",417,"A",,"G",417,"A",,"A",,2
455619,"R",25890,"A",,"A",,"G",575,"A",,"G",575,"A",,"A",,2
455628,"R",41760,"A",,"A",,"G",1392,"A",,"G",1392,"A",,"A",,2
455646,"R",3372,"A",,"A",,"G",75,"A",,"G",75,"A",,"A",,2
455655,"R",15418,"R",98160,"A",,"G",452,"A",,"G",452,"A",,"A",,3
455664,"A",,"A",,"R",8651,"A",,"G",360,"A",,"G",360,"R",317,-2
455673,"R",3641,"R",1826,"A",,"G",83,"A",,"G",83,"A",,"A",,3
455682,"A",,"A",,"R",1413,"A",,"G",59,"A",,"G",59,"R",168,-2
455707,"A",,"R",44100,"A",,"G",49,"A",,"G",49,"A",,"A",,1
455716,"R",19980,"A",,"A",,"G",444,"A",,"G",444,"A",,"A",,2
455725,"A",,"R",193931,"A",,"G",215,"A",,"G",215,"A",,"A",,1
455734,"A",,"R",96500,"A",,"G",107,"A",,"G",107,"A",,"A",,1
455743,"A",,"R",59800,"A",,"G",66,"A",,"G",66,"A",,"A",,1
455752,"R",2765,"A",,"A",,"G",92,"A",,"G",92,"A",,"A",,2
455761,"A",,"R",370413,"A",,"G",412,"A",,"G",412,"A",,"A",,1
455770,"R",1994,"A",,"A",,"G",66,"A",,"G",66,"A",,"A",,2
455789,"R",240,"A",,"A",,"G",8,"A",,"G",8,"A",,"A",,2
455798,"A",,"R",106877,"A",,"G",119,"A",,"G",119,"A",,"A",,1
455804,"A",,"A",,"R",3415,"A",,"G",142,"A",,"G",142,"A",,-2
455813,"A",,"A",,"R",1303,"A",,"G",54,"A",,"G",54,"A",,-2
455831,"A",,"R",69502,"A",,"G",77,"A",,"G",77,"A",,"A",,1
455840,"R",3483,"R",27000,"A",,"G",146,"A",,"G",146,"A",,"A",,3
455859,"A",,"R",237886,"A",,"G",264,"A",,"G",264,"A",,"A",,1
455868,"R",2188,"A",,"A",,"G",73,"A",,"G",73,"A",,"A",,2
455877,"A",,"R",271735,"A",,"G",302,"A",,"G",302,"A",,"A",,1
455886,"A",,"R",188948,"A",,"G",210,"A",,"G",210,"A",,"A",,1
455895,"A",,"R",187068,"A",,"G",208,"A",,"G",208,"A",,"A",,1
455901,"A",,"R",212945,"A",,"G",237,"A",,"G",237,"A",,"A",,1
455910,"A",,"R",37808,"A",,"G",42,"A",,"G",42,"A",,"A",,1
455929,"A",,"R",48640,"A",,"G",54,"A",,"G",54,"A",,"A",,1
455938,"R",728,"A",,"A",,"G",24,"A",,"R",23,"A",,"A",,2
455947,"A",,"R",151045,"A",,"G",168,"A",,"G",168,"A",,"A",,1
455956,"R",4669,"A",,"A",,"G",156,"A",,"R",161,"A",,"A",,2
455965,"A",,"R",174890,"A",,"G",194,"A",,"G",194,"A",,"A",,1
455974,"R",5454,"A",,"A",,"G",121,"A",,"G",121,"A",,"A",,2
455983,"R",3821,"R",103733,"A",,"G",243,"A",,"G",243,"A",,"A",,3
455992,"A",,"A",,"R",10613,"A",,"G",442,"A",,"R",432,"A",,-2
456001,"A",,"R",55240,"A",,"G",61,"A",,"G",61,"A",,"A",,1
456010,"R",10397,"A",,"A",,"G",231,"A",,"G",231,"A",,"A",,2
456029,"A",,"R",179196,"A",,"G",199,"A",,"G",199,"A",,"A",,1
456038,"A",,"R",614344,"A",,"G",683,"A",,"G",683,"A",,"A",,1
456056,"R",14692,"A",,"A",,"G",326,"A",,"G",326,"A",,"A",,2
456065,"A",,"R",201550,"A",,"G",224,"A",,"G",224,"A",,"A",,1
456074,"A",,"R",247330,"A",,"G",275,"A",,"G",275,"A",,"A",,1
456092,"A",,"R",113700,"A",,"G",126,"A",,"G",126,"A",,"A",,1
456117,"R",8408,"R",4912,"A",,"G",192,"A",,"G",192,"A",,"A",,3
456126,"A",,"R",124380,"A",,"G",138,"A",,"G",138,"A",,"A",,1
456135,"A",,"R",118226,"A",,"G",131,"A",,"G",131,"A",,"A",,1
456144,"R",4072,"A",,"A",,"G",136,"A",,"G",136,"A",,"A",,2
456153,"R",6410,"A",,"A",,"G",214,"A",,"G",214,"A",,"A",,2
456180,"R",12630,"A",,"A",,"G",421,"A",,"G",421,"A",,"A",,2
456205,"R",20696,"R",104710,"A",,"G",576,"A",,"G",576,"A",,"A",,3
456214,"R",5809,"A",,"A",,"G",194,"A",,"G",194,"A",,"A",,2
456250,"A",,"R",237524,"A",,"G",264,"A",,"G",264,"A",,"A",,1
456278,"R",7355,"A",,"A",,"G",163,"A",,"G",163,"A",,"A",,2
456287,"A",,"R",178195,"A",,"G",198,"A",,"G",198,"A",,"A",,1
456296,"R",69542,"A",,"A",,"G",1545,"A",,"G",1545,"A",,"A",,2
456302,"R",13464,"A",,"A",,"G",449,"A",,"G",449,"A",,"A",,2
456311,"R",12287,"A",,"A",,"G",410,"A",,"G",410,"A",,"A",,2
456320,"R",17708,"A",,"A",,"G",590,"A",,"G",590,"A",,"A",,2
456339,"R",18318,"A",,"A",,"G",611,"A",,"G",611,"A",,"A",,2
456348,"R",208069,"A",,"R",45689,"G",6936,"G",1904,"G",6936,"G",1904,"A",,2
456357,"R",50602,"A",,"A",,"G",1124,"A",,"G",1124,"A",,"A",,2
456366,"R",33652,"A",,"A",,"G",748,"A",,"G",748,"A",,"A",,2
456375,"R",19472,"A",,"A",,"G",433,"A",,"G",433,"A",,"A",,2
456393,"R",7650,"A",,"A",,"G",170,"A",,"G",170,"A",,"A",,2
456409,"R",9532,"A",,"A",,"G",212,"A",,"G",212,"A",,"A",,2
456418,"R",14066,"A",,"A",,"G",313,"A",,"G",313,"A",,"A",,2
456427,"R",14676,"A",,"A",,"G",326,"A",,"G",326,"A",,"A",,2
456436,"R",13302,"A",,"A",,"G",296,"A",,"G",296,"A",,"A",,2
456445,"R",17340,"A",,"A",,"G",385,"A",,"G",385,"A",,"A",,2
456454,"R",15090,"A",,"A",,"G",503,"A",,"G",503,"A",,"A",,2
456481,"R",2012,"A",,"R",1542,"G",67,"G",64,"G",67,"G",64,"A",,2
456490,"R",2694,"A",,"R",741,"G",90,"G",31,"G",90,"G",31,"A",,2
456506,"R",7785,"A",,"A",,"G",260,"A",,"G",260,"A",,"A",,2
456515,"R",9000,"A",,"A",,"G",300,"A",,"G",300,"A",,"A",,2
456542,"A",,"A",,"R",2210,"A",,"G",92,"A",,"R",65,"R",265,-2
456551,"A",,"R",69900,"A",,"G",78,"A",,"G",78,"A",,"A",,1
456560,"A",,"R",117263,"A",,"G",130,"A",,"G",130,"A",,"A",,1
456588,"A",,"R",73344,"A",,"G",81,"A",,"G",81,"A",,"A",,1
456597,"A",,"R",106872,"A",,"G",119,"A",,"G",119,"A",,"A",,1
456612,"R",24931,"A",,"A",,"G",554,"A",,"G",554,"A",,"A",,2
456621,"R",6885,"A",,"R",846,"G",153,"G",24,"G",153,"G",24,"A",,2
456630,"R",4099,"A",,"R",1017,"G",91,"G",28,"G",91,"G",28,"A",,2
456667,"R",36630,"A",,"R",5584,"G",814,"G",155,"G",814,"G",155,"A",,2
456719,"A",,"R",95355,"A",,"G",106,"A",,"G",106,"A",,"A",,1
456728,"A",,"R",39589,"A",,"G",44,"A",,"G",44,"A",,"A",,1
456737,"A",,"R",93359,"A",,"G",104,"A",,"G",104,"A",,"A",,1
456746,"A",,"R",105945,"A",,"G",118,"A",,"G",118,"A",,"A",,1
456755,"A",,"R",40391,"A",,"G",45,"A",,"G",45,"A",,"A",,1
456764,"A",,"R",94569,"A",,"G",105,"A",,"G",105,"A",,"A",,1
456773,"A",,"R",65083,"A",,"G",72,"A",,"G",72,"A",,"A",,1
456782,"R",13793,"A",,"A",,"G",307,"A",,"G",307,"A",,"A",,2
456791,"R",37693,"A",,"A",,"G",838,"A",,"G",838,"A",,"A",,2
456807,"R",8665,"A",,"R",0,"G",193,"G",0,"G",193,"G",0,"A",,2
456816,"R",12984,"A",,"A",,"G",289,"A",,"G",289,"A",,"A",,2
456825,"A",,"R",121235,"A",,"G",135,"A",,"G",135,"A",,"A",,1
456834,"R",6301,"A",,"R",2731,"G",140,"G",76,"G",140,"G",76,"A",,2
456852,"R",26220,"A",,"A",,"G",874,"A",,"R",1048,"A",,"A",,2
456861,"A",,"R",515483,"A",,"G",573,"A",,"G",573,"A",,"A",,1
456922,"A",,"R",471745,"A",,"G",524,"A",,"G",524,"A",,"A",,1
456931,"A",,"R",515820,"A",,"G",573,"A",,"G",573,"A",,"A",,1
456940,"R",27610,"A",,"A",,"G",920,"A",,"G",920,"A",,"A",,2
456959,"R",11574,"A",,"A",,"G",386,"A",,"G",386,"A",,"A",,2
456968,"A",,"R",204085,"A",,"G",227,"A",,"G",227,"A",,"A",,1
456977,"R",7538,"A",,"A",,"G",251,"A",,"R",253,"A",,"A",,2
457004,"R",5603,"A",,"A",,"G",125,"A",,"G",125,"A",,"A",,2
457022,"R",8652,"A",,"A",,"G",288,"A",,"G",288,"A",,"A",,2
457031,"A",,"R",77310,"A",,"G",86,"A",,"G",86,"A",,"A",,1
457077,"A",,"R",558440,"A",,"G",620,"A",,"G",620,"A",,"A",,1
457086,"A",,"R",189001,"A",,"G",210,"A",,"G",210,"A",,"A",,1
457101,"R",7108,"A",,"A",,"G",237,"A",,"G",237,"A",,"A",,2
457110,"R",9110,"A",,"A",,"G",304,"A",,"G",304,"A",,"A",,2
457129,"R",17437,"A",,"A",,"G",581,"A",,"R",484,"A",,"A",,2
457174,"R",12900,"R",60125,"A",,"G",497,"A",,"R",544,"A",,"A",,3
457183,"R",7544,"A",,"A",,"G",168,"A",,"R",173,"A",,"A",,2
457192,"A",,"R",79847,"A",,"G",89,"A",,"G",89,"A",,"A",,1
457208,"R",1949,"A",,"A",,"G",65,"A",,"G",65,"A",,"A",,2
457217,"A",,"R",48095,"A",,"G",53,"A",,"G",53,"A",,"A",,1
457226,"R",1500,"A",,"A",,"G",50,"A",,"G",50,"A",,"A",,2
457244,"A",,"R",158710,"A",,"G",176,"A",,"G",176,"A",,"A",,1
457253,"A",,"R",80337,"A",,"G",89,"A",,"G",89,"A",,"A",,1
457271,"A",,"A",,"R",1974,"A",,"G",82,"A",,"G",82,"A",,-2
457280,"A",,"R",160939,"A",,"G",179,"A",,"G",179,"A",,"A",,1
457299,"R",106,"R",103885,"A",,"G",119,"A",,"G",119,"A",,"A",,3
457314,"A",,"R",184238,"A",,"G",205,"A",,"G",205,"A",,"A",,1
457323,"A",,"R",322250,"A",,"G",358,"A",,"G",358,"A",,"A",,1
457332,"A",,"R",32400,"A",,"G",36,"A",,"G",36,"A",,"A",,1
457341,"A",,"R",119098,"A",,"G",132,"A",,"G",132,"A",,"A",,1
457350,"R",1154,"A",,"A",,"G",38,"A",,"G",38,"A",,"A",,2
457378,"A",,"R",122060,"A",,"G",136,"A",,"G",136,"A",,"A",,1
457387,"A",,"R",230151,"A",,"G",256,"A",,"G",256,"A",,"A",,1
457396,"A",,"R",92938,"A",,"G",103,"A",,"G",103,"A",,"A",,1
457402,"R",1055,"A",,"R",150,"G",35,"G",6,"G",35,"G",6,"R",2,2
457411,"A",,"R",315900,"A",,"G",351,"A",,"G",351,"A",,"A",,1
457420,"A",,"R",128400,"A",,"G",143,"A",,"R",110,"A",,"A",,1
457439,"A",,"R",75510,"A",,"G",84,"A",,"G",84,"A",,"A",,1
457448,"A",,"R",208865,"A",,"G",232,"A",,"G",232,"A",,"A",,1
457457,"A",,"R",21184,"A",,"G",24,"A",,"G",24,"A",,"A",,1
457466,"A",,"R",71271,"A",,"G",79,"A",,"G",79,"A",,"A",,1
457475,"A",,"R",120792,"A",,"G",134,"A",,"G",134,"A",,"A",,1
457484,"R",2357,"A",,"R",207,"G",79,"G",9,"R",107,"R",14,"A",,2
457493,"A",,"R",42550,"A",,"G",47,"A",,"G",47,"A",,"A",,1
457509,"A",,"R",51198,"A",,"G",57,"A",,"G",57,"A",,"A",,1
457527,"R",1919,"R",149888,"A",,"G",231,"A",,"G",231,"A",,"A",,3
457536,"R",5114,"R",4036,"A",,"G",175,"A",,"G",175,"A",,"A",,3
457545,"A",,"R",132365,"A",,"G",147,"A",,"G",147,"A",,"A",,1
457554,"A",,"R",26894,"A",,"G",30,"A",,"R",40,"A",,"A",,1
457563,"A",,"R",166500,"A",,"G",185,"A",,"R",192,"A",,"A",,1
457572,"A",,"R",171663,"A",,"G",191,"A",,"G",191,"A",,"A",,1
457581,"A",,"R",192391,"A",,"G",214,"A",,"G",214,"A",,"A",,1
457590,"A",,"R",36900,"A",,"G",41,"A",,"G",41,"A",,"A",,1
457606,"A",,"R",115265,"A",,"G",128,"A",,"G",128,"A",,"A",,1
457615,"A",,"R",8370,"A",,"G",9,"A",,"G",9,"A",,"A",,1
457624,"A",,"R",27000,"A",,"G",30,"A",,"G",30,"A",,"A",,1
457633,"A",,"R",166563,"A",,"G",185,"A",,"G",185,"A",,"A",,1
457642,"A",,"R",64921,"A",,"G",72,"A",,"G",72,"A",,"A",,1
457651,"A",,"R",78463,"A",,"G",87,"A",,"G",87,"A",,"A",,1
457679,"A",,"R",39093,"A",,"G",43,"A",,"G",43,"A",,"A",,1
457688,"R",31260,"A",,"A",,"G",1042,"A",,"G",1042,"A",,"A",,2
457697,"R",1083,"A",,"A",,"G",36,"A",,"G",36,"A",,"A",,2
457703,"A",,"R",102737,"A",,"G",114,"A",,"R",135,"A",,"A",,1
457721,"A",,"R",41492,"A",,"G",46,"A",,"G",46,"A",,"A",,1
457730,"A",,"R",365392,"A",,"G",406,"A",,"G",406,"A",,"A",,1
457749,"A",,"R",146100,"A",,"G",162,"A",,"G",162,"A",,"A",,1
457758,"A",,"R",330740,"A",,"G",367,"A",,"G",367,"A",,"A",,1
457767,"R",10350,"A",,"A",,"G",345,"A",,"G",345,"A",,"A",,2
457776,"A",,"R",85375,"A",,"G",95,"A",,"G",95,"A",,"A",,1
457785,"A",,"R",118293,"A",,"G",131,"A",,"G",131,"A",,"A",,1
457794,"A",,"R",78120,"A",,"G",87,"A",,"G",87,"A",,"A",,1
457800,"A",,"R",207051,"A",,"G",230,"A",,"G",230,"A",,"A",,1
457819,"A",,"R",348489,"A",,"G",387,"A",,"G",387,"A",,"A",,1
457828,"A",,"R",228125,"A",,"G",253,"A",,"G",253,"A",,"A",,1
457837,"A",,"R",100235,"A",,"G",111,"A",,"G",111,"A",,"A",,1
457846,"A",,"R",54659,"A",,"G",61,"A",,"G",61,"A",,"A",,1
457855,"A",,"R",120108,"A",,"G",133,"A",,"G",133,"A",,"A",,1
457864,"A",,"R",117900,"A",,"G",131,"A",,"G",131,"A",,"A",,1
457873,"A",,"R",34445,"A",,"G",38,"A",,"G",38,"A",,"A",,1
457891,"A",,"R",35813,"A",,"G",40,"A",,"G",40,"A",,"A",,1
457907,"A",,"R",15551,"A",,"G",17,"A",,"G",17,"A",,"A",,1
457916,"A",,"R",83304,"A",,"G",93,"A",,"G",93,"A",,"A",,1
457925,"A",,"R",17172,"A",,"G",19,"A",,"R",18,"A",,"A",,1
457943,"A",,"R",68300,"A",,"G",76,"A",,"G",76,"A",,"A",,1
457952,"A",,"R",183964,"A",,"G",204,"A",,"G",204,"A",,"A",,1
457961,"A",,"R",51178,"A",,"G",57,"A",,"G",57,"A",,"A",,1
457989,"A",,"R",37908,"A",,"G",42,"A",,"G",42,"A",,"A",,1
457998,"A",,"R",41826,"A",,"G",46,"A",,"G",46,"A",,"A",,1
458007,"A",,"R",28180,"A",,"G",31,"A",,"G",31,"A",,"A",,1
458016,"R",2016,"A",,"A",,"G",67,"A",,"G",67,"A",,"A",,2
458025,"A",,"R",8208,"A",,"G",9,"A",,"G",9,"A",,"A",,1
458034,"R",1380,"A",,"A",,"G",46,"A",,"G",46,"A",,"A",,2
458043,"A",,"R",158244,"A",,"G",176,"A",,"G",176,"A",,"A",,1
458052,"A",,"R",46800,"A",,"G",52,"A",,"G",52,"A",,"A",,1
458061,"A",,"R",40490,"A",,"G",45,"A",,"G",45,"A",,"A",,1
458070,"A",,"R",252218,"A",,"G",280,"A",,"G",280,"A",,"A",,1
458098,"A",,"R",127175,"A",,"G",141,"A",,"G",141,"A",,"A",,1
458104,"A",,"R",74724,"A",,"G",83,"A",,"G",83,"A",,"A",,1
458113,"R",1826,"A",,"A",,"G",61,"A",,"G",61,"A",,"A",,2
458122,"A",,"R",2875,"A",,"G",3,"A",,"G",3,"A",,"A",,1
458131,"A",,"R",414477,"A",,"G",461,"A",,"G",461,"A",,"A",,1
458140,"R",2623,"A",,"A",,"G",58,"A",,"G",58,"A",,"A",,2
458159,"A",,"A",,"R",3990,"A",,"G",111,"A",,"R",125,"A",,-2
458168,"A",,"R",106847,"A",,"G",119,"A",,"G",119,"A",,"A",,1
458177,"A",,"R",84373,"A",,"G",94,"A",,"G",94,"A",,"A",,1
458186,"R",14545,"A",,"A",,"G",485,"A",,"G",485,"A",,"A",,2
458195,"R",1212,"A",,"A",,"G",40,"A",,"G",40,"A",,"A",,2
458210,"R",73910,"A",,"A",,"G",2464,"A",,"G",2464,"A",,"A",,2
458229,"R",56596,"A",,"A",,"G",1887,"A",,"G",1887,"A",,"A",,2
458247,"R",12590,"A",,"A",,"G",420,"A",,"G",420,"A",,"A",,2
458256,"R",26918,"A",,"A",,"G",598,"A",,"G",598,"A",,"A",,2
458265,"A",,"R",1033579,"A",,"G",1148,"A",,"G",1148,"A",,"A",,1
458274,"A",,"R",384485,"A",,"G",427,"A",,"G",427,"A",,"A",,1
458283,"R",19657,"A",,"A",,"G",655,"A",,"G",655,"A",,"A",,2
458292,"A",,"R",57780,"A",,"G",64,"A",,"G",64,"A",,"A",,1
458308,"A",,"R",20850,"A",,"G",23,"A",,"G",23,"A",,"A",,1
458317,"A",,"R",111714,"A",,"G",124,"A",,"G",124,"A",,"A",,1
458326,"A",,"R",65035,"A",,"G",72,"A",,"G",72,"A",,"A",,1
458335,"A",,"R",96038,"A",,"G",107,"A",,"G",107,"A",,"A",,1
458344,"A",,"R",60124,"A",,"G",67,"A",,"G",67,"A",,"A",,1
458353,"A",,"R",68845,"A",,"G",76,"A",,"G",76,"A",,"A",,1
458362,"A",,"R",98279,"A",,"G",109,"A",,"G",109,"A",,"A",,1
458371,"R",8239,"A",,"A",,"G",275,"A",,"G",275,"A",,"A",,2
458380,"R",12036,"A",,"A",,"G",267,"A",,"G",267,"A",,"A",,2
458399,"A",,"R",54000,"A",,"G",60,"A",,"G",60,"A",,"A",,1
458405,"R",28756,"R",208076,"A",,"G",870,"A",,"G",870,"A",,"A",,3
458414,"A",,"R",1175000,"A",,"G",1306,"A",,"G",1306,"A",,"A",,1
458423,"A",,"R",32096,"A",,"G",36,"A",,"G",36,"A",,"A",,1
458432,"R",8886,"A",,"A",,"G",197,"A",,"G",197,"A",,"A",,2
458441,"R",24614,"R",32890,"A",,"G",584,"A",,"G",584,"A",,"A",,3
458469,"R",35113,"A",,"A",,"G",1170,"A",,"G",1170,"A",,"A",,2
458478,"R",16050,"A",,"A",,"G",535,"A",,"G",535,"A",,"A",,2
458487,"A",,"R",167434,"A",,"G",186,"A",,"G",186,"A",,"A",,1
458496,"R",27093,"A",,"A",,"G",602,"A",,"G",602,"A",,"A",,2
458502,"R",18324,"A",,"A",,"G",611,"A",,"G",611,"A",,"A",,2
458511,"A",,"A",,"R",873,"A",,"G",36,"A",,"G",36,"A",,-2
458557,"R",16728,"A",,"A",,"G",372,"A",,"G",372,"A",,"A",,2
458593,"R",16870,"A",,"A",,"G",375,"A",,"G",375,"A",,"A",,2
458609,"R",18433,"A",,"A",,"G",614,"A",,"G",614,"A",,"A",,2
458618,"R",10413,"A",,"A",,"G",347,"A",,"G",347,"A",,"A",,2
458627,"R",6007,"A",,"A",,"G",200,"A",,"G",200,"A",,"A",,2
458636,"R",8676,"A",,"A",,"G",289,"A",,"G",289,"A",,"A",,2
458645,"R",9281,"A",,"A",,"G",309,"A",,"G",309,"A",,"A",,2
458654,"R",19258,"A",,"A",,"G",642,"A",,"G",642,"A",,"A",,2
458663,"R",18701,"R",418,"A",,"G",624,"A",,"G",624,"A",,"A",,3
458681,"R",7260,"A",,"A",,"G",242,"A",,"G",242,"A",,"A",,2
458690,"R",22758,"A",,"A",,"G",759,"A",,"G",759,"A",,"A",,2
458706,"R",17482,"A",,"A",,"G",583,"A",,"G",583,"A",,"A",,2
458715,"R",14348,"A",,"A",,"G",478,"A",,"G",478,"A",,"A",,2
458733,"R",12309,"A",,"A",,"G",274,"A",,"G",274,"A",,"A",,2
458742,"R",9905,"A",,"A",,"G",220,"A",,"G",220,"A",,"A",,2
458751,"R",10749,"A",,"A",,"G",239,"A",,"G",239,"A",,"A",,2
458760,"R",11658,"A",,"A",,"G",259,"A",,"G",259,"A",,"A",,2
458779,"R",11033,"A",,"A",,"G",245,"A",,"G",245,"A",,"A",,2
458797,"R",14698,"A",,"A",,"G",490,"A",,"G",490,"A",,"A",,2
458803,"A",,"R",182538,"A",,"G",203,"A",,"G",203,"A",,"A",,1
458812,"A",,"R",102280,"A",,"G",114,"A",,"G",114,"A",,"A",,1
458821,"A",,"R",83622,"A",,"G",93,"A",,"G",93,"A",,"A",,1
458830,"A",,"R",232580,"A",,"G",258,"A",,"G",258,"A",,"A",,1
458849,"A",,"R",144143,"A",,"G",160,"A",,"G",160,"A",,"A",,1
458858,"A",,"R",155125,"A",,"G",172,"A",,"G",172,"A",,"A",,1
458867,"A",,"R",253618,"A",,"G",282,"A",,"G",282,"A",,"A",,1
458885,"R",4536,"A",,"R",1755,"G",101,"G",49,"G",101,"G",49,"A",,2
458919,"R",149530,"A",,"R",40468,"G",3323,"G",1124,"G",3323,"G",1124,"A",,2
458937,"R",5917,"A",,"R",1260,"G",131,"G",35,"G",131,"G",35,"A",,2
458955,"R",9270,"A",,"R",2358,"G",206,"G",66,"G",206,"G",66,"A",,2
458964,"R",52303,"A",,"R",18428,"G",1162,"G",512,"G",1162,"G",512,"A",,2
458973,"R",34124,"A",,"R",7479,"G",758,"G",208,"G",758,"G",208,"A",,2
458982,"R",44021,"A",,"A",,"G",978,"A",,"G",978,"A",,"A",,2
458991,"R",14789,"A",,"A",,"G",329,"A",,"G",329,"A",,"A",,2
459000,"A",,"R",128323,"A",,"G",143,"A",,"G",143,"A",,"A",,1
459019,"A",,"R",147489,"A",,"G",164,"A",,"G",164,"A",,"A",,1
459028,"A",,"R",62011,"A",,"G",69,"A",,"G",69,"A",,"A",,1
459037,"A",,"R",146252,"A",,"G",163,"A",,"G",163,"A",,"A",,1
459046,"A",,"R",115890,"A",,"G",129,"A",,"G",129,"A",,"A",,1
459055,"A",,"R",123264,"A",,"G",137,"A",,"G",137,"A",,"A",,1
459064,"A",,"R",114881,"A",,"G",128,"A",,"G",128,"A",,"A",,1
459073,"A",,"R",73409,"A",,"G",82,"A",,"G",82,"A",,"A",,1
459091,"R",4389,"A",,"A",,"G",98,"A",,"G",98,"A",,"A",,2
459107,"R",15430,"A",,"A",,"G",514,"A",,"G",514,"A",,"A",,2
459116,"A",,"R",195944,"A",,"G",218,"A",,"G",218,"A",,"A",,1
459125,"A",,"R",60791,"A",,"G",68,"A",,"G",68,"A",,"A",,1
459134,"A",,"R",56000,"A",,"G",62,"A",,"G",62,"A",,"A",,1
459143,"A",,"R",62100,"A",,"G",69,"A",,"G",69,"A",,"A",,1
459152,"A",,"R",158394,"A",,"G",176,"A",,"G",176,"A",,"A",,1
459161,"A",,"R",166970,"A",,"G",186,"A",,"G",186,"A",,"A",,1
459170,"A",,"R",63900,"A",,"G",71,"A",,"G",71,"A",,"A",,1
459189,"A",,"R",79524,"A",,"G",88,"A",,"G",88,"A",,"A",,1
459198,"A",,"R",296941,"A",,"G",330,"A",,"G",330,"A",,"A",,1
459204,"R",12141,"R",642772,"A",,"G",1119,"A",,"G",1119,"A",,"A",,3
459213,"A",,"R",1225330,"A",,"G",1361,"A",,"R",969,"A",,"A",,1
459222,"R",880,"A",,"R",2020,"G",20,"G",56,"G",20,"G",56,"A",,2
459231,"A",,"R",412200,"A",,"G",458,"A",,"G",458,"A",,"A",,1
459259,"R",22813,"A",,"R",1638,"G",507,"G",46,"G",507,"G",46,"A",,2
459268,"R",24651,"A",,"R",2779,"G",548,"G",77,"G",548,"G",77,"A",,2
459277,"R",16896,"R",2032,"A",,"G",565,"A",,"G",565,"A",,"A",,3
459286,"A",,"R",334102,"A",,"G",371,"A",,"G",371,"A",,"A",,1
459295,"R",3440,"A",,"A",,"G",115,"A",,"G",115,"A",,"A",,2
459301,"A",,"R",179765,"A",,"G",200,"A",,"G",200,"A",,"A",,1
459310,"R",3640,"A",,"A",,"G",121,"A",,"G",121,"A",,"A",,2
459329,"A",,"R",148150,"A",,"G",165,"A",,"G",165,"A",,"A",,1
459338,"A",,"R",67000,"A",,"G",74,"A",,"G",74,"A",,"A",,1
459347,"A",,"R",54549,"A",,"G",61,"A",,"G",61,"A",,"A",,1
459356,"R",2232,"R",10365,"A",,"G",86,"A",,"G",86,"A",,"A",,3
459365,"A",,"R",40758,"A",,"G",45,"A",,"G",45,"A",,"A",,1
459374,"A",,"R",109550,"A",,"G",122,"A",,"G",122,"A",,"A",,1
459392,"A",,"R",146628,"A",,"G",163,"A",,"G",163,"A",,"A",,1
459408,"A",,"R",57304,"A",,"G",64,"A",,"G",64,"A",,"A",,1
459417,"R",2952,"A",,"A",,"G",98,"A",,"R",83,"A",,"A",,2
459426,"A",,"R",84997,"A",,"G",94,"A",,"G",94,"A",,"A",,1
459435,"A",,"R",28164,"A",,"G",31,"A",,"R",45,"A",,"A",,1
459444,"A",,"R",32139,"A",,"G",36,"A",,"G",36,"A",,"A",,1
459453,"A",,"R",95986,"A",,"G",107,"A",,"G",107,"A",,"A",,1
459462,"A",,"R",152100,"A",,"G",169,"A",,"G",169,"A",,"A",,1
459471,"A",,"R",40700,"A",,"G",45,"A",,"G",45,"A",,"A",,1
459480,"A",,"R",37354,"A",,"G",42,"A",,"G",42,"A",,"A",,1
459499,"A",,"R",19440,"A",,"G",22,"A",,"G",22,"A",,"A",,1
459514,"A",,"R",31600,"A",,"G",35,"A",,"G",35,"A",,"A",,1
459523,"A",,"R",17806,"A",,"G",20,"A",,"G",20,"A",,"A",,1
459532,"A",,"R",128556,"A",,"G",143,"A",,"R",148,"A",,"A",,1
459541,"A",,"R",59917,"A",,"G",67,"A",,"G",67,"A",,"A",,1
459550,"A",,"R",209844,"A",,"G",233,"A",,"G",233,"A",,"A",,1
459569,"A",,"R",18130,"A",,"G",20,"A",,"G",20,"A",,"A",,1
459578,"A",,"R",205770,"A",,"G",229,"A",,"G",229,"A",,"A",,1
459587,"R",15115,"A",,"A",,"G",336,"A",,"G",336,"A",,"A",,2
459596,"R",16046,"A",,"A",,"G",357,"A",,"G",357,"A",,"A",,2
459602,"R",9746,"A",,"A",,"G",217,"A",,"G",217,"A",,"A",,2
459611,"R",10812,"A",,"A",,"G",240,"A",,"G",240,"A",,"A",,2
459620,"R",3722,"A",,"A",,"G",83,"A",,"G",83,"A",,"A",,2
459639,"R",22409,"A",,"A",,"G",498,"A",,"G",498,"A",,"A",,2
459648,"R",5676,"A",,"A",,"G",126,"A",,"G",126,"A",,"A",,2
459657,"R",8974,"A",,"A",,"G",199,"A",,"G",199,"A",,"A",,2
459666,"R",11505,"A",,"A",,"G",256,"A",,"G",256,"A",,"A",,2
459675,"R",12497,"A",,"A",,"G",278,"A",,"G",278,"A",,"A",,2
459684,"R",15307,"A",,"A",,"G",340,"A",,"G",340,"A",,"A",,2
459693,"R",15833,"A",,"A",,"G",352,"A",,"G",352,"A",,"A",,2
459709,"R",19013,"A",,"A",,"G",423,"A",,"G",423,"A",,"A",,2
459718,"R",26009,"A",,"A",,"G",578,"A",,"G",578,"A",,"A",,2
459727,"R",2211,"A",,"R",2939,"G",74,"G",122,"G",74,"G",122,"A",,2
459736,"A",,"A",,"R",8644,"A",,"G",360,"A",,"G",360,"R",945,-2
459745,"A",,"A",,"R",6059,"A",,"G",252,"A",,"G",252,"R",78,-2
459815,"R",2347,"R",7195,"A",,"G",86,"A",,"G",86,"A",,"A",,3
459824,"R",1163,"A",,"R",14942,"G",39,"G",623,"G",39,"G",623,"R",672,2
459833,"R",3216,"A",,"A",,"G",71,"A",,"G",71,"A",,"A",,2
459842,"R",13076,"A",,"R",36,"G",436,"G",2,"G",436,"G",2,"A",,2
459851,"R",9577,"R",15195,"R",39,"G",336,"G",2,"G",336,"G",2,"A",,3
459930,"R",58941,"A",,"A",,"G",1310,"A",,"G",1310,"A",,"A",,2
459958,"R",22350,"A",,"A",,"G",745,"A",,"G",745,"A",,"A",,2
459967,"A",,"R",570600,"A",,"G",634,"A",,"G",634,"A",,"A",,1
459985,"A",,"R",388800,"A",,"G",432,"A",,"G",432,"A",,"A",,1
459994,"R",81720,"A",,"R",28706,"G",1816,"G",797,"G",1816,"G",797,"A",,2
460002,"A",,"R",69300,"A",,"G",77,"A",,"G",77,"A",,"A",,1
460011,"A",,"R",173810,"A",,"G",193,"A",,"G",193,"A",,"A",,1
460020,"R",22050,"A",,"A",,"G",735,"A",,"G",735,"A",,"A",,2
460039,"R",33157,"A",,"A",,"G",737,"A",,"G",737,"A",,"A",,2
460048,"R",25476,"A",,"A",,"G",566,"A",,"G",566,"A",,"A",,2
460057,"A",,"R",30136,"A",,"G",33,"A",,"G",33,"A",,"A",,1
460066,"A",,"R",87225,"A",,"G",97,"A",,"G",97,"A",,"A",,1
460075,"R",2028,"R",8000,"R",9208,"G",54,"G",256,"G",54,"G",256,"A",,3
460093,"R",15210,"A",,"A",,"G",507,"A",,"G",507,"A",,"A",,2
460109,"R",11160,"A",,"A",,"G",372,"A",,"G",372,"A",,"A",,2
460118,"R",10125,"A",,"A",,"G",338,"A",,"G",338,"A",,"A",,2
460127,"R",9000,"A",,"A",,"G",300,"A",,"G",300,"A",,"A",,2
460136,"A",,"R",849882,"A",,"G",944,"A",,"G",944,"A",,"A",,1
460145,"R",6900,"A",,"A",,"G",230,"A",,"G",230,"A",,"A",,2
460172,"A",,"R",298560,"A",,"G",332,"A",,"G",332,"A",,"A",,1
460181,"A",,"R",364250,"A",,"G",405,"A",,"G",405,"A",,"A",,1
460190,"A",,"R",433160,"A",,"G",481,"A",,"G",481,"A",,"A",,1
460206,"A",,"R",391650,"A",,"G",435,"A",,"G",435,"A",,"A",,1
460215,"R",17012,"A",,"A",,"G",378,"A",,"G",378,"A",,"A",,2
460349,"R",10743,"A",,"R",365,"G",239,"G",10,"G",239,"G",10,"A",,2
460358,"R",20158,"A",,"A",,"G",672,"A",,"G",672,"A",,"A",,2
460367,"R",20344,"A",,"A",,"G",678,"A",,"G",678,"A",,"A",,2
460385,"R",1980,"A",,"A",,"G",44,"A",,"G",44,"A",,"A",,2
460394,"R",139512,"A",,"A",,"G",4650,"A",,"G",4650,"A",,"A",,2
460446,"A",,"R",210550,"A",,"G",234,"A",,"G",234,"A",,"A",,1
460455,"A",,"R",42685,"A",,"G",47,"A",,"G",47,"A",,"A",,1
460464,"R",147474,"A",,"A",,"G",4916,"A",,"G",4916,"A",,"A",,2
460473,"R",2132,"A",,"A",,"G",47,"A",,"G",47,"A",,"A",,2
460482,"R",13386,"A",,"A",,"G",297,"A",,"G",297,"A",,"A",,2
460516,"A",,"R",194100,"A",,"G",216,"A",,"G",216,"A",,"A",,1
460525,"A",,"R",390440,"A",,"G",434,"A",,"G",434,"A",,"A",,1
460534,"A",,"R",577650,"A",,"G",642,"A",,"G",642,"A",,"A",,1
460543,"R",36440,"A",,"A",,"G",1215,"A",,"G",1215,"A",,"A",,2
460552,"A",,"R",77699,"A",,"G",86,"A",,"G",86,"A",,"A",,1
460561,"A",,"R",68986,"A",,"G",77,"A",,"G",77,"A",,"A",,1
460570,"A",,"R",161423,"A",,"G",179,"A",,"G",179,"A",,"A",,1
460589,"R",12588,"A",,"A",,"G",420,"A",,"G",420,"A",,"A",,2
460598,"R",13047,"A",,"A",,"G",435,"A",,"G",435,"A",,"A",,2
460604,"A",,"R",36900,"A",,"G",41,"A",,"G",41,"A",,"A",,1
460613,"R",29160,"A",,"A",,"G",648,"A",,"G",648,"A",,"A",,2
460631,"A",,"R",147360,"A",,"G",164,"A",,"G",164,"A",,"A",,1
460640,"A",,"R",39760,"A",,"G",44,"A",,"G",44,"A",,"A",,1
460659,"A",,"R",63835,"A",,"G",71,"A",,"G",71,"A",,"A",,1
460668,"R",13590,"A",,"A",,"G",453,"A",,"G",453,"A",,"A",,2
460677,"R",16524,"R",276,"A",,"G",551,"A",,"G",551,"A",,"A",,3
460686,"A",,"R",210277,"A",,"G",234,"A",,"G",234,"A",,"A",,1
460695,"R",9500,"A",,"A",,"G",317,"A",,"G",317,"A",,"A",,2
460701,"A",,"R",271390,"A",,"G",302,"A",,"G",302,"A",,"A",,1
460710,"A",,"R",188044,"A",,"G",209,"A",,"G",209,"A",,"A",,1
460729,"R",45756,"A",,"A",,"G",1525,"A",,"G",1525,"A",,"A",,2
460738,"R",30581,"A",,"R",15592,"G",1019,"G",650,"G",1019,"G",650,"A",,2
460747,"R",19007,"A",,"A",,"G",634,"A",,"G",634,"A",,"A",,2
460756,"R",9139,"A",,"A",,"G",203,"A",,"G",203,"A",,"A",,2
460765,"A",,"R",78111,"A",,"G",87,"A",,"G",87,"A",,"A",,1
460774,"R",19314,"A",,"A",,"G",429,"A",,"G",429,"A",,"A",,2
460783,"R",11679,"A",,"A",,"G",389,"A",,"R",392,"A",,"A",,2
460808,"A",,"R",36366,"A",,"G",40,"A",,"G",40,"A",,"A",,1
460817,"R",17446,"R",85420,"A",,"G",483,"A",,"G",483,"A",,"A",,3
460826,"R",17824,"R",60530,"A",,"G",463,"A",,"G",463,"A",,"A",,3
460835,"R",29244,"R",143770,"A",,"G",810,"A",,"G",810,"A",,"A",,3
460844,"R",12808,"A",,"A",,"G",285,"A",,"G",285,"A",,"A",,2
460853,"R",15900,"A",,"A",,"G",353,"A",,"G",353,"A",,"A",,2
460862,"A",,"R",415745,"A",,"G",462,"A",,"G",462,"A",,"A",,1
460871,"R",11909,"A",,"A",,"G",397,"A",,"R",331,"A",,"A",,2
460899,"R",27492,"A",,"A",,"G",916,"A",,"G",916,"A",,"A",,2
460905,"A",,"R",80945,"A",,"G",90,"A",,"G",90,"A",,"A",,1
460914,"A",,"R",226547,"A",,"G",252,"A",,"G",252,"A",,"A",,1
460923,"R",20028,"A",,"A",,"G",445,"A",,"G",445,"A",,"A",,2
460932,"A",,"R",90000,"A",,"G",100,"A",,"G",100,"A",,"A",,1
460941,"A",,"A",,"R",473,"A",,"G",20,"A",,"R",31,"A",,-2
460950,"A",,"R",36528,"A",,"G",41,"A",,"G",41,"A",,"A",,1
460969,"A",,"R",224729,"A",,"G",250,"A",,"G",250,"A",,"A",,1
460978,"A",,"R",167275,"A",,"G",186,"A",,"G",186,"A",,"A",,1
460987,"A",,"R",95342,"A",,"G",106,"A",,"G",106,"A",,"A",,1
460996,"A",,"R",100161,"A",,"G",111,"A",,"G",111,"A",,"A",,1
461005,"R",2229,"A",,"A",,"G",74,"A",,"G",74,"A",,"A",,2
461014,"R",20688,"R",2160,"A",,"G",692,"A",,"G",692,"A",,"A",,3
461023,"R",21249,"A",,"A",,"G",708,"A",,"G",708,"A",,"A",,2
461032,"R",3000,"A",,"A",,"G",67,"A",,"G",67,"A",,"A",,2
461041,"R",1614,"R",79200,"A",,"G",142,"A",,"G",142,"A",,"A",,3
461111,"A",,"R",43697,"A",,"G",49,"A",,"G",49,"A",,"A",,1
461120,"A",,"A",,"R",948,"A",,"G",40,"A",,"G",40,"A",,-2
461139,"A",,"A",,"R",1979,"A",,"G",82,"A",,"R",72,"A",,-2
461148,"R",49380,"A",,"R",73625,"G",1646,"G",3068,"G",1646,"G",3068,"A",,2
461157,"A",,"R",46628,"A",,"G",52,"A",,"G",52,"A",,"A",,1
461175,"A",,"R",141650,"A",,"G",157,"A",,"G",157,"A",,"A",,1
461193,"A",,"R",95692,"A",,"G",106,"A",,"G",106,"A",,"A",,1
461218,"R",900,"R",5180,"A",,"G",36,"A",,"G",36,"A",,"A",,3
461227,"A",,"R",40835,"A",,"G",45,"A",,"G",45,"A",,"A",,1
461236,"R",4316,"A",,"R",2070,"G",144,"G",86,"G",144,"G",86,"A",,2
461245,"A",,"R",113325,"A",,"G",126,"A",,"G",126,"A",,"A",,1
461254,"A",,"R",24680,"A",,"G",27,"A",,"G",27,"A",,"A",,1
461263,"R",4350,"A",,"A",,"G",145,"A",,"G",145,"A",,"A",,2
461272,"A",,"R",43558,"A",,"G",48,"A",,"G",48,"A",,"A",,1
461281,"R",817,"R",5464,"R",213,"G",33,"G",9,"G",33,"G",9,"A",,3
461290,"A",,"R",70200,"A",,"G",78,"A",,"G",78,"A",,"A",,1
461306,"A",,"R",50409,"A",,"G",56,"A",,"G",56,"A",,"A",,1
461315,"R",1993,"A",,"A",,"G",66,"A",,"G",66,"A",,"A",,2
461324,"R",10396,"A",,"A",,"G",347,"A",,"G",347,"A",,"A",,2
461333,"A",,"R",11314,"A",,"G",13,"A",,"G",13,"A",,"A",,1
461342,"A",,"R",86400,"A",,"G",96,"A",,"G",96,"A",,"A",,1
461351,"A",,"R",194530,"A",,"G",216,"A",,"G",216,"A",,"A",,1
461360,"A",,"R",35223,"A",,"G",39,"A",,"G",39,"A",,"A",,1
461379,"A",,"R",12000,"A",,"G",13,"A",,"G",13,"A",,"A",,1
461388,"A",,"R",44199,"A",,"G",49,"A",,"G",49,"A",,"A",,1
461397,"A",,"R",210353,"A",,"G",234,"A",,"G",234,"A",,"A",,1
461403,"A",,"R",39480,"A",,"G",44,"A",,"G",44,"A",,"A",,1
461412,"A",,"R",65946,"A",,"G",73,"A",,"G",73,"A",,"A",,1
461421,"A",,"R",200077,"A",,"G",222,"A",,"G",222,"A",,"A",,1
461430,"A",,"R",149592,"A",,"G",166,"A",,"G",166,"A",,"A",,1
461449,"A",,"R",96300,"A",,"G",107,"A",,"G",107,"A",,"A",,1
461458,"A",,"R",43200,"A",,"G",48,"A",,"G",48,"A",,"A",,1
461476,"A",,"R",47613,"A",,"G",53,"A",,"G",53,"A",,"A",,1
461485,"R",55,"A",,"R",1016,"G",2,"G",42,"G",2,"R",56,"A",,2
461494,"A",,"R",69388,"A",,"G",77,"A",,"G",77,"A",,"A",,1
461500,"A",,"R",44813,"A",,"G",50,"A",,"G",50,"A",,"A",,1
461528,"R",2037,"A",,"A",,"G",68,"A",,"G",68,"A",,"A",,2
461537,"A",,"R",21240,"A",,"G",24,"A",,"G",24,"A",,"A",,1
461546,"A",,"R",42114,"A",,"G",47,"A",,"G",47,"A",,"A",,1
461555,"A",,"R",157318,"A",,"G",175,"A",,"G",175,"A",,"A",,1
461564,"A",,"R",42700,"A",,"G",47,"A",,"G",47,"A",,"A",,1
461573,"R",5324,"A",,"A",,"G",177,"A",,"G",177,"A",,"A",,2
461582,"A",,"R",64825,"A",,"G",72,"A",,"G",72,"A",,"A",,1
461591,"A",,"R",166138,"A",,"G",185,"A",,"G",185,"A",,"A",,1
461607,"A",,"R",108605,"A",,"G",121,"A",,"G",121,"A",,"A",,1
461616,"A",,"R",27602,"A",,"G",31,"A",,"G",31,"A",,"A",,1
461625,"R",720,"A",,"A",,"G",24,"A",,"G",24,"A",,"A",,2
461634,"A",,"R",258865,"A",,"G",288,"A",,"G",288,"A",,"A",,1
461643,"R",714,"A",,"R",110,"G",24,"G",5,"G",24,"G",5,"A",,2
461652,"A",,"R",79650,"A",,"G",89,"A",,"G",89,"A",,"A",,1
461661,"A",,"R",15374,"A",,"G",17,"A",,"G",17,"A",,"A",,1
461670,"R",2000,"R",10000,"A",,"G",78,"A",,"G",78,"A",,"A",,3
461689,"A",,"R",111520,"A",,"G",124,"A",,"G",124,"A",,"A",,1
461698,"A",,"R",150280,"A",,"G",167,"A",,"G",167,"A",,"A",,1
461704,"A",,"R",204000,"A",,"G",227,"A",,"G",227,"A",,"A",,1
461713,"A",,"R",28137,"A",,"G",31,"A",,"G",31,"A",,"A",,1
461722,"A",,"R",114300,"A",,"G",127,"A",,"G",127,"A",,"A",,1
461731,"A",,"R",29920,"A",,"G",33,"A",,"G",33,"A",,"A",,1
461740,"A",,"R",36902,"A",,"G",41,"A",,"G",41,"A",,"A",,1
461759,"R",1919,"A",,"A",,"G",64,"A",,"G",64,"A",,"A",,2
461768,"A",,"R",141600,"A",,"G",157,"A",,"G",157,"A",,"A",,1
461777,"R",1672,"A",,"A",,"G",56,"A",,"G",56,"A",,"A",,2
461786,"A",,"R",63730,"A",,"G",71,"A",,"R",65,"A",,"A",,1
461795,"R",8772,"A",,"A",,"G",292,"A",,"G",292,"A",,"A",,2
461801,"A",,"R",51427,"A",,"G",57,"A",,"G",57,"A",,"A",,1
461810,"R",1970,"A",,"A",,"G",66,"A",,"G",66,"A",,"A",,2
461829,"A",,"R",171111,"A",,"G",190,"A",,"G",190,"A",,"A",,1
461838,"A",,"R",55006,"A",,"G",61,"A",,"G",61,"A",,"A",,1
461847,"R",705,"A",,"A",,"G",24,"A",,"G",24,"A",,"A",,2
461856,"R",16615,"A",,"A",,"G",554,"A",,"G",554,"A",,"A",,2
461865,"A",,"R",149667,"A",,"G",166,"A",,"G",166,"A",,"A",,1
461874,"A",,"R",57600,"A",,"G",64,"A",,"G",64,"A",,"A",,1
461883,"R",1728,"A",,"R",1508,"G",58,"G",63,"G",58,"G",63,"A",,2
461892,"R",2928,"A",,"A",,"G",98,"A",,"G",98,"A",,"A",,2
461908,"A",,"R",196200,"A",,"G",218,"A",,"G",218,"A",,"A",,1
461917,"A",,"R",200549,"A",,"G",223,"A",,"G",223,"A",,"A",,1
461926,"A",,"R",146436,"A",,"G",163,"A",,"G",163,"A",,"A",,1
461935,"A",,"R",30068,"A",,"G",33,"A",,"G",33,"A",,"A",,1
461944,"A",,"R",86589,"A",,"G",96,"A",,"G",96,"A",,"A",,1
461953,"R",4575,"A",,"A",,"G",102,"A",,"G",102,"A",,"A",,2
461962,"R",22091,"A",,"A",,"G",736,"A",,"R",491,"A",,"A",,2
461971,"A",,"R",74674,"A",,"G",83,"A",,"G",83,"A",,"A",,1
461980,"A",,"R",142992,"A",,"G",159,"A",,"R",168,"A",,"A",,1
461999,"A",,"R",24885,"A",,"G",28,"A",,"G",28,"A",,"A",,1
462008,"A",,"R",303215,"A",,"G",337,"A",,"G",337,"A",,"A",,1
462017,"A",,"R",82132,"A",,"G",91,"A",,"G",91,"A",,"A",,1
462026,"A",,"R",25800,"A",,"G",29,"A",,"G",29,"A",,"A",,1
462035,"A",,"R",40269,"A",,"G",45,"A",,"G",45,"A",,"A",,1
462044,"A",,"A",,"R",560,"A",,"G",23,"A",,"R",28,"A",,-2
462053,"A",,"R",84372,"A",,"G",94,"A",,"G",94,"A",,"A",,1
462062,"A",,"R",83191,"A",,"G",92,"A",,"G",92,"A",,"A",,1
462071,"A",,"R",319635,"A",,"G",355,"A",,"G",355,"A",,"A",,1
462239,"R",245,"A",,"A",,"G",8,"A",,"G",8,"A",,"A",,2
462266,"R",6791,"A",,"A",,"G",151,"A",,"G",151,"A",,"A",,2
462293,"A",,"R",108900,"A",,"G",121,"A",,"G",121,"A",,"A",,1
462309,"A",,"R",71183,"A",,"G",79,"A",,"G",79,"A",,"A",,1
462318,"A",,"R",73200,"A",,"G",81,"A",,"G",81,"A",,"A",,1
462327,"A",,"R",51600,"A",,"G",57,"A",,"G",57,"A",,"A",,1
462336,"A",,"R",34211,"A",,"G",38,"A",,"G",38,"A",,"A",,1
462345,"A",,"R",111690,"A",,"G",124,"A",,"G",124,"A",,"A",,1
462354,"R",6432,"A",,"R",1386,"G",143,"G",39,"G",143,"G",39,"A",,2
462363,"R",6476,"A",,"A",,"G",144,"A",,"G",144,"A",,"A",,2
462372,"R",11403,"A",,"A",,"G",253,"A",,"G",253,"A",,"A",,2
462390,"R",1777,"A",,"R",0,"G",59,"G",0,"G",59,"G",0,"A",,2
462406,"R",1110,"A",,"R",0,"G",37,"G",0,"G",37,"G",0,"A",,2
465812,"R",45098,"A",,"R",2397,"G",1503,"G",100,"G",1503,"G",100,"A",,2
466152,"R",8961,"A",,"A",,"G",199,"A",,"G",199,"A",,"A",,2
466161,"R",4884,"A",,"A",,"G",109,"A",,"G",109,"A",,"A",,2
466170,"R",12662,"A",,"A",,"G",281,"A",,"G",281,"A",,"A",,2
466189,"R",9095,"A",,"A",,"G",202,"A",,"G",202,"A",,"A",,2
466514,"R",12252,"A",,"A",,"G",272,"A",,"G",272,"A",,"A",,2
466523,"R",1446,"A",,"A",,"G",48,"A",,"G",48,"A",,"A",,2
466921,"R",18271,"A",,"A",,"G",609,"A",,"R",508,"A",,"A",,2
466930,"R",7427,"A",,"A",,"G",248,"A",,"R",206,"A",,"A",,2
467058,"R",6231,"A",,"A",,"G",138,"A",,"G",138,"A",,"A",,2
467094,"A",,"R",240786,"A",,"G",268,"A",,"G",268,"A",,"A",,1
467155,"R",40226,"A",,"A",,"G",1341,"A",,"G",1341,"A",,"A",,2
467340,"R",6870,"A",,"A",,"G",229,"A",,"G",229,"A",,"A",,2
467368,"R",7961,"A",,"A",,"G",265,"A",,"G",265,"A",,"A",,2
467508,"A",,"R",73982,"A",,"G",82,"A",,"G",82,"A",,"A",,1
467517,"A",,"R",76891,"A",,"G",85,"A",,"G",85,"A",,"A",,1
467526,"A",,"R",71801,"A",,"G",80,"A",,"G",80,"A",,"A",,1
467535,"A",,"R",134389,"A",,"G",149,"A",,"G",149,"A",,"A",,1
467544,"A",,"R",28623,"A",,"G",32,"A",,"G",32,"A",,"A",,1
467553,"A",,"R",56888,"A",,"G",63,"A",,"G",63,"A",,"A",,1
467562,"A",,"R",61902,"A",,"G",69,"A",,"G",69,"A",,"A",,1
467571,"A",,"R",76217,"A",,"G",85,"A",,"G",85,"A",,"A",,1
467580,"A",,"R",28076,"A",,"G",31,"A",,"G",31,"A",,"A",,1
467599,"A",,"R",77339,"A",,"G",86,"A",,"G",86,"A",,"A",,1
467605,"A",,"R",98746,"A",,"G",110,"A",,"G",110,"A",,"A",,1
467614,"A",,"R",59994,"A",,"G",67,"A",,"G",67,"A",,"A",,1
467623,"A",,"R",73134,"A",,"G",81,"A",,"G",81,"A",,"A",,1
467632,"A",,"R",96358,"A",,"G",107,"A",,"G",107,"A",,"A",,1
467641,"A",,"R",132429,"A",,"G",147,"A",,"G",147,"A",,"A",,1
467650,"A",,"R",67343,"A",,"G",75,"A",,"G",75,"A",,"A",,1
467669,"A",,"R",86538,"A",,"G",96,"A",,"G",96,"A",,"A",,1
467678,"A",,"R",92883,"A",,"G",103,"A",,"G",103,"A",,"A",,1
467784,"R",27307,"A",,"A",,"G",910,"A",,"G",910,"A",,"A",,2
467793,"R",6054,"A",,"A",,"G",135,"A",,"G",135,"A",,"A",,2
467809,"A",,"R",121067,"A",,"G",135,"A",,"G",135,"A",,"A",,1
467863,"A",,"R",218245,"A",,"G",242,"A",,"G",242,"A",,"A",,1
467872,"A",,"R",217810,"A",,"G",242,"A",,"G",242,"A",,"A",,1
467881,"R",24617,"A",,"A",,"G",821,"A",,"G",821,"A",,"A",,2
467906,"A",,"R",178320,"A",,"G",198,"A",,"G",198,"A",,"A",,1
468006,"A",,"A",,"R",3588,"A",,"G",150,"A",,"G",150,"A",,-2
468015,"R",18268,"A",,"A",,"G",406,"A",,"G",406,"A",,"A",,2
468024,"R",9343,"A",,"R",2347,"G",208,"G",65,"G",208,"G",65,"Z",0,2
468246,"A",,"R",323100,"A",,"G",359,"A",,"G",359,"A",,"A",,1
468255,"A",,"R",205914,"A",,"G",229,"A",,"G",229,"A",,"A",,1
468398,"R",12490,"A",,"A",,"G",278,"A",,"G",278,"A",,"A",,2
468705,"A",,"R",101700,"A",,"G",113,"A",,"G",113,"A",,"A",,1
468723,"R",18187,"A",,"A",,"G",606,"A",,"G",606,"A",,"A",,2
468732,"A",,"R",257202,"A",,"G",286,"A",,"G",286,"A",,"A",,1
468769,"A",,"R",91824,"A",,"G",102,"A",,"G",102,"A",,"A",,1
468866,"A",,"R",32069,"A",,"G",36,"A",,"G",36,"A",,"A",,1
468875,"A",,"R",164700,"A",,"G",183,"A",,"G",183,"A",,"A",,1
468893,"A",,"R",163760,"A",,"G",182,"A",,"G",182,"A",,"A",,1
468963,"A",,"R",266760,"A",,"G",296,"A",,"G",296,"A",,"A",,1
469054,"R",17312,"A",,"A",,"G",577,"A",,"G",577,"A",,"A",,2
469124,"A",,"R",243885,"A",,"G",271,"A",,"G",271,"A",,"A",,1
469133,"A",,"R",478465,"A",,"G",532,"A",,"G",532,"A",,"A",,1
469142,"A",,"R",427130,"A",,"G",475,"A",,"G",475,"A",,"A",,1
469151,"A",,"R",258016,"A",,"G",287,"A",,"G",287,"A",,"A",,1
469160,"A",,"R",246375,"A",,"G",274,"A",,"G",274,"A",,"A",,1
469188,"R",6614,"A",,"A",,"G",220,"A",,"G",220,"A",,"A",,2
469197,"A",,"R",70054,"A",,"G",78,"A",,"G",78,"A",,"A",,1
469391,"R",2620,"A",,"A",,"G",87,"A",,"G",87,"A",,"A",,2
469407,"R",8460,"A",,"A",,"G",282,"A",,"G",282,"A",,"A",,2
469416,"R",14870,"A",,"A",,"G",496,"A",,"G",496,"A",,"A",,2
469568,"R",13341,"A",,"A",,"G",445,"A",,"G",445,"A",,"A",,2
469586,"A",,"R",113250,"A",,"G",126,"A",,"G",126,"A",,"A",,1
469610,"R",32645,"A",,"A",,"G",1088,"A",,"G",1088,"A",,"A",,2
469629,"R",5831,"A",,"A",,"G",194,"A",,"G",194,"A",,"A",,2
469638,"R",15245,"R",1700,"A",,"G",510,"A",,"G",510,"A",,"A",,3
469647,"R",9338,"A",,"A",,"G",311,"A",,"G",311,"A",,"A",,2
469911,"A",,"R",141316,"A",,"G",157,"A",,"G",157,"A",,"A",,1
469920,"A",,"R",132692,"A",,"G",147,"A",,"G",147,"A",,"A",,1
469957,"A",,"R",214423,"A",,"G",238,"A",,"G",238,"A",,"A",,1
469975,"R",3607,"A",,"A",,"G",120,"A",,"G",120,"A",,"A",,2
469993,"A",,"R",19405,"A",,"G",22,"A",,"G",22,"A",,"A",,1
470047,"A",,"R",20735,"A",,"G",23,"A",,"G",23,"A",,"A",,1
470092,"R",17696,"A",,"A",,"G",393,"A",,"G",393,"A",,"A",,2
470162,"R",33429,"A",,"A",,"G",743,"A",,"G",743,"A",,"A",,2
470223,"A",,"R",18000,"A",,"G",20,"A",,"G",20,"A",,"A",,1
470296,"A",,"R",28800,"A",,"G",32,"A",,"G",32,"A",,"A",,1
470302,"R",10857,"A",,"A",,"G",362,"A",,"G",362,"A",,"A",,2
470393,"A",,"R",107610,"A",,"G",120,"A",,"G",120,"A",,"A",,1
470852,"R",4308,"A",,"A",,"G",96,"A",,"G",96,"A",,"A",,2
470861,"R",10755,"A",,"A",,"G",239,"A",,"G",239,"A",,"A",,2
470870,"R",6431,"A",,"A",,"G",143,"A",,"G",143,"A",,"A",,2
470889,"R",16151,"A",,"A",,"G",359,"A",,"G",359,"A",,"A",,2
470898,"R",10642,"A",,"A",,"G",236,"A",,"G",236,"A",,"A",,2
470904,"R",7846,"A",,"A",,"G",174,"A",,"G",174,"A",,"A",,2
474702,"R",3264,"A",,"R",246,"G",109,"G",10,"G",109,"G",10,"A",,2
474863,"R",10971,"A",,"A",,"G",366,"A",,"G",366,"A",,"A",,2
474881,"R",5681,"A",,"A",,"G",189,"A",,"G",189,"A",,"A",,2
474890,"R",18174,"A",,"A",,"G",606,"A",,"G",606,"A",,"A",,2
474906,"R",6071,"A",,"A",,"G",202,"A",,"G",202,"A",,"A",,2
474915,"A",,"R",216900,"A",,"G",241,"A",,"G",241,"A",,"A",,1
474924,"A",,"R",235800,"A",,"G",262,"A",,"G",262,"A",,"A",,1
474933,"A",,"R",90287,"A",,"G",100,"A",,"G",100,"A",,"A",,1
474942,"A",,"R",151535,"A",,"G",168,"A",,"G",168,"A",,"A",,1
474951,"R",11334,"A",,"R",1534,"G",378,"G",64,"G",378,"G",64,"A",,2
474960,"R",4871,"A",,"R",634,"G",162,"G",26,"G",162,"G",26,"A",,2
474979,"R",5958,"A",,"R",318,"G",199,"G",13,"G",199,"G",13,"A",,2
474997,"R",19560,"A",,"A",,"G",652,"A",,"G",652,"A",,"A",,2
475015,"A",,"R",273150,"A",,"G",304,"A",,"G",304,"A",,"A",,1
475024,"R",11970,"A",,"A",,"G",399,"A",,"G",399,"A",,"A",,2
475033,"A",,"A",,"R",12978,"A",,"G",541,"A",,"G",541,"A",,-2
475042,"R",11252,"A",,"A",,"G",250,"A",,"G",250,"A",,"A",,2
475051,"R",4105,"A",,"A",,"G",137,"A",,"G",137,"A",,"A",,2
475060,"R",10764,"R",38790,"A",,"G",282,"A",,"G",282,"A",,"A",,3
475079,"R",11754,"A",,"A",,"G",261,"A",,"G",261,"A",,"A",,2
475088,"A",,"R",1500,"A",,"G",2,"A",,"G",2,"A",,"A",,1
475097,"A",,"R",100239,"A",,"G",111,"A",,"G",111,"A",,"A",,1
475121,"R",365060,"A",,"R",32241,"G",12169,"G",1343,"G",12169,"G",1343,"Z",0,2
475130,"R",6270,"A",,"A",,"G",209,"A",,"G",209,"A",,"A",,2
475176,"R",12790,"A",,"A",,"G",426,"A",,"R",547,"A",,"A",,2
475185,"R",3280,"A",,"A",,"G",109,"A",,"G",109,"A",,"A",,2
475194,"R",9320,"R",87240,"A",,"G",304,"A",,"G",304,"A",,"A",,3
475200,"R",7148,"A",,"R",134,"G",238,"G",6,"G",238,"G",6,"A",,2
475228,"A",,"A",,"A",,"A",,"A",,"A",,"A",,"R",85,-2
475255,"A",,"R",48024,"A",,"G",53,"A",,"G",53,"A",,"A",,1
475273,"R",41459,"A",,"R",12372,"G",1382,"G",516,"G",1382,"G",516,"A",,2
475282,"A",,"R",117967,"A",,"G",131,"A",,"G",131,"A",,"A",,1
475291,"R",8526,"A",,"A",,"G",189,"A",,"G",189,"A",,"A",,2
475325,"A",,"R",440000,"A",,"G",489,"A",,"G",489,"A",,"A",,1
475352,"R",22078,"A",,"A",,"G",491,"A",,"G",491,"A",,"A",,2
475370,"R",19020,"A",,"A",,"G",423,"A",,"G",423,"A",,"A",,2
475389,"A",,"R",44704,"A",,"G",50,"A",,"G",50,"A",,"A",,1
475404,"A",,"R",53172,"A",,"G",59,"A",,"G",59,"A",,"A",,1
475413,"A",,"R",41888,"A",,"G",47,"A",,"G",47,"A",,"A",,1
475422,"R",3270,"A",,"A",,"G",109,"A",,"G",109,"A",,"A",,2
475431,"A",,"R",7800,"A",,"G",9,"A",,"G",9,"A",,"A",,1
475440,"A",,"R",8100,"A",,"G",9,"A",,"G",9,"A",,"A",,1
475459,"R",15742,"R",71480,"A",,"G",604,"A",,"G",604,"A",,"A",,3
475468,"A",,"R",99316,"A",,"G",110,"A",,"G",110,"A",,"A",,1
475477,"R",3588,"A",,"A",,"G",80,"A",,"G",80,"A",,"A",,2
475486,"A",,"R",255290,"A",,"G",284,"A",,"G",284,"A",,"A",,1
475495,"A",,"A",,"R",5748,"A",,"G",240,"A",,"G",240,"R",127,-2
475501,"R",1600,"A",,"A",,"G",53,"A",,"G",53,"A",,"A",,2
475510,"A",,"A",,"R",1777,"A",,"G",49,"A",,"G",49,"A",,-2
475529,"A",,"R",33315,"A",,"G",37,"A",,"G",37,"A",,"A",,1
475538,"A",,"R",60578,"A",,"G",67,"A",,"G",67,"A",,"A",,1
475547,"A",,"R",114610,"A",,"G",127,"A",,"G",127,"A",,"A",,1
475556,"A",,"R",179865,"A",,"G",200,"A",,"G",200,"A",,"A",,1
475565,"R",10584,"A",,"A",,"G",353,"A",,"G",353,"A",,"A",,2
475574,"A",,"R",63000,"A",,"G",70,"A",,"G",70,"A",,"A",,1
475583,"R",7281,"A",,"A",,"G",243,"A",,"G",243,"A",,"A",,2
475592,"R",3848,"A",,"A",,"G",86,"A",,"G",86,"A",,"A",,2
475608,"R",4492,"A",,"R",1206,"G",150,"G",50,"G",150,"G",50,"A",,2
475617,"R",15308,"A",,"A",,"G",340,"A",,"G",340,"A",,"A",,2
475626,"A",,"R",32357,"A",,"G",36,"A",,"G",36,"A",,"A",,1
475635,"R",1080,"A",,"A",,"G",24,"A",,"G",24,"A",,"A",,2
475644,"A",,"R",28660,"A",,"G",32,"A",,"G",32,"A",,"A",,1
475653,"A",,"R",34200,"A",,"G",38,"A",,"G",38,"A",,"A",,1
475662,"A",,"R",91790,"A",,"G",102,"A",,"G",102,"A",,"A",,1
475680,"A",,"R",110644,"A",,"G",123,"A",,"G",123,"A",,"A",,1
475699,"R",6390,"A",,"A",,"G",213,"A",,"G",213,"A",,"A",,2
475705,"A",,"R",14814,"A",,"G",16,"A",,"G",16,"A",,"A",,1
475714,"A",,"R",165481,"A",,"G",184,"A",,"G",184,"A",,"A",,1
475723,"A",,"R",88539,"A",,"G",98,"A",,"G",98,"A",,"A",,1
475732,"R",10806,"A",,"A",,"G",360,"A",,"R",300,"A",,"A",,2
475741,"R",3478,"A",,"A",,"G",116,"A",,"R",97,"A",,"A",,2
475750,"R",8157,"A",,"A",,"G",272,"A",,"G",272,"A",,"A",,2
475811,"A",,"A",,"R",7230,"A",,"G",301,"A",,"G",301,"A",,-2
475839,"R",1278,"A",,"A",,"G",43,"A",,"G",43,"A",,"A",,2
475866,"R",7574,"A",,"A",,"G",168,"A",,"G",168,"A",,"A",,2
475875,"R",5715,"A",,"R",527,"G",127,"G",15,"G",127,"G",15,"A",,2
475884,"R",3695,"A",,"R",823,"G",82,"G",23,"G",82,"G",23,"A",,2
476063,"A",,"R",174600,"A",,"G",194,"A",,"G",194,"A",,"A",,1
476090,"A",,"R",50896,"A",,"G",57,"A",,"G",57,"A",,"A",,1
476106,"A",,"R",28979,"A",,"G",32,"A",,"G",32,"A",,"A",,1
476115,"A",,"R",24652,"A",,"G",27,"A",,"G",27,"A",,"A",,1
476124,"A",,"R",22857,"A",,"G",25,"A",,"G",25,"A",,"A",,1
476133,"A",,"R",119582,"A",,"G",133,"A",,"G",133,"A",,"A",,1
476142,"A",,"R",33223,"A",,"G",37,"A",,"G",37,"A",,"A",,1
476151,"A",,"R",26432,"A",,"G",29,"A",,"G",29,"A",,"A",,1
476160,"A",,"R",47289,"A",,"G",53,"A",,"G",53,"A",,"A",,1
476179,"A",,"R",107910,"A",,"G",120,"A",,"G",120,"A",,"A",,1
476203,"R",4363,"A",,"A",,"G",145,"A",,"G",145,"A",,"A",,2
476230,"R",4545,"A",,"A",,"G",152,"A",,"G",152,"A",,"A",,2
476294,"A",,"R",100758,"A",,"G",112,"A",,"G",112,"A",,"A",,1
476319,"R",480,"A",,"A",,"G",16,"A",,"G",16,"A",,"A",,2
476328,"R",19353,"A",,"A",,"G",645,"A",,"G",645,"A",,"A",,2
476337,"R",2898,"A",,"A",,"G",97,"A",,"G",97,"A",,"A",,2
476346,"A",,"R",214460,"A",,"G",238,"A",,"G",238,"A",,"A",,1
476355,"R",2616,"A",,"A",,"G",58,"A",,"G",58,"A",,"A",,2
476373,"A",,"R",15712,"A",,"G",17,"A",,"G",17,"A",,"A",,1
476382,"R",5090,"A",,"A",,"G",170,"A",,"G",170,"A",,"A",,2
476391,"R",4673,"A",,"A",,"G",156,"A",,"G",156,"A",,"A",,2
476470,"A",,"R",322478,"A",,"G",358,"A",,"G",358,"A",,"A",,1
476489,"A",,"R",129719,"A",,"G",144,"A",,"G",144,"A",,"A",,1
476498,"R",5506,"A",,"A",,"G",122,"A",,"G",122,"A",,"A",,2
476504,"A",,"R",181244,"A",,"G",201,"A",,"G",201,"A",,"A",,1
476513,"A",,"R",67148,"A",,"G",75,"A",,"G",75,"A",,"A",,1
476522,"A",,"R",101540,"A",,"G",113,"A",,"G",113,"A",,"A",,1
476531,"A",,"R",94500,"A",,"G",105,"A",,"G",105,"A",,"A",,1
476540,"A",,"R",85630,"A",,"G",95,"A",,"G",95,"A",,"A",,1
476559,"A",,"R",89342,"A",,"G",99,"A",,"G",99,"A",,"A",,1
476568,"A",,"R",13262,"A",,"G",15,"A",,"G",15,"A",,"A",,1
476577,"R",8949,"R",23793,"A",,"G",325,"A",,"G",325,"A",,"A",,3
476586,"A",,"R",101202,"A",,"G",112,"A",,"G",112,"A",,"A",,1
476595,"A",,"R",65332,"A",,"G",73,"A",,"G",73,"A",,"A",,1
476601,"R",1290,"A",,"A",,"G",43,"A",,"G",43,"A",,"A",,2
476610,"A",,"R",69154,"A",,"G",77,"A",,"G",77,"A",,"A",,1
476629,"A",,"R",123138,"A",,"G",137,"A",,"G",137,"A",,"A",,1
476638,"A",,"R",38216,"A",,"G",42,"A",,"G",42,"A",,"A",,1
476647,"A",,"R",109130,"A",,"G",121,"A",,"G",121,"A",,"A",,1
476656,"A",,"R",6048,"A",,"G",7,"A",,"G",7,"A",,"A",,1
476674,"A",,"R",70799,"A",,"G",79,"A",,"G",79,"A",,"A",,1
476683,"A",,"R",119721,"A",,"G",133,"A",,"G",133,"A",,"A",,1
476692,"R",1233,"A",,"A",,"G",41,"A",,"G",41,"A",,"A",,2
476708,"A",,"R",85951,"A",,"G",96,"A",,"G",96,"A",,"A",,1
476717,"R",8175,"A",,"A",,"G",273,"A",,"G",273,"A",,"A",,2
476726,"A",,"R",80506,"A",,"G",89,"A",,"G",89,"A",,"A",,1
476735,"A",,"R",42400,"A",,"G",47,"A",,"G",47,"A",,"A",,1
476744,"A",,"R",71230,"A",,"G",79,"A",,"G",79,"A",,"A",,1
476753,"A",,"R",117887,"A",,"G",131,"A",,"G",131,"A",,"A",,1
476762,"A",,"R",143607,"A",,"G",160,"A",,"G",160,"A",,"A",,1
476771,"A",,"R",19289,"A",,"G",21,"A",,"G",21,"A",,"A",,1
476780,"A",,"R",126173,"A",,"G",140,"A",,"G",140,"A",,"A",,1
476799,"A",,"R",77364,"A",,"G",86,"A",,"G",86,"A",,"A",,1
476805,"A",,"R",64080,"A",,"G",71,"A",,"G",71,"A",,"A",,1
476814,"A",,"R",69440,"A",,"G",77,"A",,"G",77,"A",,"A",,1
476823,"R",1456,"R",440,"A",,"G",49,"A",,"G",49,"A",,"A",,3
476832,"A",,"R",30015,"A",,"G",33,"A",,"G",33,"A",,"A",,1
476841,"A",,"R",254903,"A",,"G",283,"A",,"G",283,"A",,"A",,1
476850,"A",,"R",61590,"A",,"G",68,"A",,"G",68,"A",,"A",,1
476869,"A",,"R",219537,"A",,"G",244,"A",,"G",244,"A",,"A",,1
476878,"A",,"R",38400,"A",,"G",43,"A",,"G",43,"A",,"A",,1
476887,"A",,"R",144000,"A",,"G",160,"A",,"G",160,"A",,"A",,1
476896,"A",,"R",99494,"A",,"G",111,"A",,"G",111,"A",,"A",,1
476902,"A",,"R",29250,"A",,"G",33,"A",,"G",33,"A",,"A",,1
476911,"A",,"R",101900,"A",,"G",113,"A",,"G",113,"A",,"A",,1
476939,"A",,"R",40076,"A",,"G",45,"A",,"G",45,"A",,"A",,1
476948,"R",1944,"A",,"A",,"G",65,"A",,"G",65,"A",,"A",,2
476957,"A",,"R",24068,"A",,"G",27,"A",,"G",27,"A",,"A",,1
476966,"A",,"R",209700,"A",,"G",233,"A",,"G",233,"A",,"A",,1
476975,"R",84227,"A",,"R",20019,"G",2808,"G",834,"G",2808,"G",834,"A",,2
476984,"A",,"R",163530,"A",,"G",182,"A",,"G",182,"A",,"A",,1
476993,"A",,"R",128893,"A",,"G",143,"A",,"G",143,"A",,"A",,1
477002,"A",,"R",67184,"A",,"G",75,"A",,"G",75,"A",,"A",,1
477011,"R",3227,"A",,"R",347,"G",72,"G",10,"G",72,"G",10,"A",,2
477020,"R",6566,"A",,"R",1309,"G",146,"G",36,"G",146,"G",36,"A",,2
477039,"R",8121,"A",,"A",,"G",271,"A",,"G",271,"A",,"A",,2
477950,"A",,"R",157500,"A",,"G",175,"A",,"G",175,"A",,"A",,1
477996,"R",6822,"A",,"A",,"G",152,"A",,"G",152,"A",,"A",,2
478005,"R",4226,"A",,"A",,"G",94,"A",,"G",94,"A",,"A",,2
478014,"R",3472,"A",,"A",,"G",77,"A",,"G",77,"A",,"A",,2
478582,"A",,"R",164912,"A",,"G",183,"A",,"G",183,"A",,"A",,1
478591,"A",,"R",143315,"A",,"G",159,"A",,"G",159,"A",,"A",,1
478616,"A",,"R",95443,"A",,"G",106,"A",,"G",106,"A",,"A",,1
478625,"R",6810,"A",,"A",,"G",227,"A",,"G",227,"A",,"A",,2
478634,"R",8220,"A",,"A",,"G",274,"A",,"G",274,"A",,"A",,2
478643,"A",,"R",29130,"A",,"G",32,"A",,"G",32,"A",,"A",,1
478661,"A",,"R",134111,"A",,"G",149,"A",,"G",149,"A",,"A",,1
478917,"A",,"R",66008,"A",,"G",73,"A",,"G",73,"A",,"A",,1
478953,"A",,"R",232010,"A",,"G",258,"A",,"G",258,"A",,"A",,1
479053,"A",,"R",63745,"A",,"G",71,"A",,"G",71,"A",,"A",,1
479062,"R",240,"A",,"A",,"G",8,"A",,"G",8,"A",,"A",,2
479123,"A",,"R",19609,"A",,"G",22,"A",,"G",22,"A",,"A",,1
479248,"A",,"R",63195,"A",,"G",70,"A",,"G",70,"A",,"A",,1
479424,"A",,"R",114842,"A",,"G",128,"A",,"G",128,"A",,"A",,1
479549,"R",15392,"A",,"A",,"G",342,"A",,"G",342,"A",,"A",,2
479558,"R",8112,"A",,"A",,"G",180,"A",,"G",180,"A",,"A",,2
479567,"R",3123,"A",,"A",,"G",69,"A",,"G",69,"A",,"A",,2
479576,"R",3119,"A",,"A",,"G",69,"A",,"G",69,"A",,"A",,2
479585,"R",4743,"A",,"A",,"G",105,"A",,"G",105,"A",,"A",,2
479594,"R",9137,"A",,"A",,"G",203,"A",,"G",203,"A",,"A",,2
479600,"R",6174,"A",,"A",,"G",137,"A",,"G",137,"A",,"A",,2
479619,"R",5114,"A",,"A",,"G",114,"A",,"G",114,"A",,"A",,2
479628,"R",12164,"A",,"A",,"G",270,"A",,"G",270,"A",,"A",,2
479637,"R",4608,"A",,"A",,"G",102,"A",,"G",102,"A",,"A",,2
479646,"R",4806,"A",,"A",,"G",107,"A",,"G",107,"A",,"A",,2
479655,"R",5972,"A",,"A",,"G",133,"A",,"G",133,"A",,"A",,2
479664,"R",2597,"A",,"A",,"G",58,"A",,"G",58,"A",,"A",,2
479770,"R",2184,"A",,"R",243,"G",73,"G",10,"G",73,"G",10,"A",,2
479956,"R",118563,"A",,"R",22584,"G",3952,"G",941,"G",3952,"G",941,"A",,2
479965,"A",,"R",51888,"A",,"G",58,"A",,"G",58,"A",,"A",,1
479974,"A",,"R",57763,"A",,"G",64,"A",,"G",64,"A",,"A",,1
479983,"R",1140,"A",,"A",,"G",38,"A",,"G",38,"A",,"A",,2
479992,"A",,"R",22944,"A",,"G",25,"A",,"G",25,"A",,"A",,1
480000,"A",,"R",27000,"A",,"G",30,"A",,"G",30,"A",,"A",,1
480019,"A",,"R",109489,"A",,"G",122,"A",,"G",122,"A",,"A",,1
480028,"A",,"R",45300,"A",,"G",50,"A",,"G",50,"A",,"A",,1
480037,"A",,"R",207948,"A",,"G",231,"A",,"G",231,"A",,"A",,1
480064,"R",8695,"A",,"R",44,"G",290,"G",2,"G",290,"G",2,"A",,2
480073,"R",5006,"A",,"R",266,"G",111,"G",7,"G",111,"G",7,"A",,2
480082,"R",5072,"A",,"R",331,"G",113,"G",9,"G",113,"G",9,"A",,2
480091,"R",66363,"A",,"A",,"G",2212,"A",,"G",2212,"A",,"A",,2
480107,"R",18752,"A",,"A",,"G",417,"A",,"G",417,"A",,"A",,2
480125,"A",,"R",135574,"A",,"G",151,"A",,"G",151,"A",,"A",,1
480134,"R",9651,"A",,"R",792,"G",322,"G",33,"G",322,"G",33,"A",,2
480143,"R",4110,"A",,"A",,"G",137,"A",,"G",137,"A",,"A",,2
480152,"R",146,"R",115539,"A",,"G",133,"A",,"G",133,"A",,"A",,3
480161,"A",,"R",3678,"A",,"G",4,"A",,"G",4,"A",,"A",,1
480170,"A",,"R",86966,"A",,"G",97,"A",,"G",97,"A",,"A",,1
480189,"R",28760,"R",118095,"A",,"G",1090,"A",,"G",1090,"A",,"A",,3
480198,"R",25800,"A",,"R",1567,"G",860,"G",65,"G",860,"G",65,"A",,2
480204,"R",8558,"A",,"A",,"G",285,"A",,"G",285,"A",,"A",,2
480301,"A",,"A",,"A",,"A",,"A",,"A",,"A",,"R",41,-2
480310,"A",,"R",146645,"A",,"G",163,"A",,"G",163,"A",,"A",,1
480329,"R",15798,"A",,"A",,"G",527,"A",,"G",527,"A",,"A",,2
480338,"R",14582,"A",,"A",,"G",486,"A",,"G",486,"A",,"A",,2
480347,"A",,"R",83819,"A",,"G",93,"A",,"G",93,"A",,"A",,1
480356,"R",1674,"A",,"A",,"G",56,"A",,"G",56,"A",,"A",,2
480444,"R",216,"A",,"R",36,"G",7,"G",2,"G",7,"G",2,"R",120,2
480480,"R",1896,"A",,"A",,"G",42,"A",,"G",42,"A",,"A",,2
480499,"R",120,"A",,"R",351,"G",4,"G",15,"G",4,"G",15,"A",,2
480505,"R",1000,"A",,"A",,"G",22,"A",,"G",22,"A",,"A",,2
480514,"R",16177,"R",89400,"A",,"G",639,"A",,"G",639,"A",,"A",,3
480523,"R",5130,"A",,"A",,"G",171,"A",,"G",171,"A",,"A",,2
480532,"R",6705,"A",,"A",,"G",224,"A",,"G",224,"A",,"A",,2
480550,"R",4050,"A",,"A",,"G",135,"A",,"G",135,"A",,"A",,2
480569,"R",65940,"A",,"R",20361,"G",2198,"G",848,"G",2198,"G",848,"A",,2
480684,"A",,"R",28054,"A",,"G",31,"A",,"G",31,"A",,"A",,1
480693,"A",,"R",27120,"A",,"G",30,"A",,"G",30,"A",,"A",,1
480718,"A",,"R",37800,"A",,"G",42,"A",,"G",42,"A",,"A",,1
480727,"A",,"R",52840,"A",,"G",59,"A",,"G",59,"A",,"A",,1
480736,"A",,"R",8373,"A",,"G",9,"A",,"G",9,"A",,"A",,1
480754,"R",480,"A",,"A",,"G",16,"A",,"G",16,"A",,"A",,2
480781,"R",246,"A",,"R",1149,"G",8,"G",48,"G",8,"G",48,"R",5,2
480790,"A",,"A",,"A",,"A",,"A",,"A",,"A",,"R",631,-2
480815,"R",9826,"A",,"A",,"G",218,"A",,"G",218,"A",,"A",,2
480824,"A",,"R",157500,"A",,"G",175,"A",,"G",175,"A",,"A",,1
480833,"A",,"R",97580,"A",,"G",108,"A",,"G",108,"A",,"A",,1
480842,"A",,"R",16928,"A",,"G",19,"A",,"G",19,"A",,"A",,1
480879,"A",,"R",24156,"A",,"G",27,"A",,"G",27,"A",,"A",,1
480888,"A",,"R",86860,"A",,"G",97,"A",,"G",97,"A",,"A",,1
480897,"A",,"R",128700,"A",,"G",143,"A",,"G",143,"A",,"A",,1
480903,"A",,"R",328320,"A",,"G",365,"A",,"G",365,"A",,"A",,1
480912,"A",,"R",10800,"A",,"G",12,"A",,"G",12,"A",,"A",,1
480930,"A",,"R",81580,"A",,"G",91,"A",,"G",91,"A",,"A",,1
480967,"R",5633,"A",,"A",,"G",188,"A",,"G",188,"A",,"A",,2
480976,"A",,"R",26756,"A",,"G",30,"A",,"G",30,"A",,"A",,1
480985,"R",3006,"A",,"R",68,"G",100,"G",3,"G",100,"G",3,"A",,2
480994,"A",,"R",49894,"A",,"G",55,"A",,"G",55,"A",,"A",,1
481003,"A",,"R",56411,"A",,"G",63,"A",,"G",63,"A",,"A",,1
481021,"A",,"R",75600,"A",,"G",84,"A",,"G",84,"A",,"A",,1
481030,"A",,"A",,"R",498,"A",,"G",21,"A",,"R",28,"A",,-2
481049,"A",,"R",15119,"A",,"G",17,"A",,"G",17,"A",,"A",,1
481058,"R",1043,"A",,"R",2059,"G",35,"G",86,"G",35,"G",86,"A",,2
481067,"A",,"R",5970,"A",,"G",7,"A",,"G",7,"A",,"A",,1
481076,"R",183,"A",,"A",,"G",4,"A",,"G",4,"A",,"A",,2
481085,"A",,"R",105569,"A",,"G",117,"A",,"G",117,"A",,"A",,1
481094,"A",,"A",,"R",3000,"A",,"G",125,"A",,"G",125,"A",,-2
481100,"A",,"R",53644,"A",,"G",60,"A",,"G",60,"A",,"A",,1
481119,"R",6388,"A",,"A",,"G",213,"A",,"G",213,"A",,"A",,2
481137,"A",,"R",42300,"A",,"G",47,"A",,"G",47,"A",,"A",,1
481146,"R",1950,"A",,"A",,"G",65,"A",,"G",65,"A",,"A",,2
481155,"A",,"R",76145,"A",,"G",85,"A",,"G",85,"A",,"A",,1
481173,"A",,"R",27300,"A",,"G",30,"A",,"G",30,"A",,"A",,1
481182,"A",,"R",53800,"A",,"G",60,"A",,"G",60,"A",,"A",,1
481191,"A",,"R",146799,"A",,"G",163,"A",,"G",163,"A",,"A",,1
481207,"A",,"R",21176,"A",,"G",24,"A",,"G",24,"A",,"A",,1
481225,"R",713,"A",,"A",,"G",24,"A",,"G",24,"A",,"A",,2
481234,"A",,"R",217800,"A",,"G",242,"A",,"G",242,"A",,"A",,1
481243,"A",,"R",70627,"A",,"G",78,"A",,"G",78,"A",,"A",,1
481252,"R",360,"A",,"A",,"G",12,"A",,"G",12,"A",,"A",,2
481261,"A",,"R",7033,"A",,"G",8,"A",,"G",8,"A",,"A",,1
481270,"A",,"R",4822,"A",,"G",5,"A",,"G",5,"A",,"A",,1
481289,"A",,"R",73010,"A",,"G",81,"A",,"G",81,"A",,"A",,1
481298,"A",,"R",41860,"A",,"G",47,"A",,"G",47,"A",,"A",,1
481304,"A",,"R",90815,"A",,"G",101,"A",,"G",101,"A",,"A",,1
481313,"A",,"R",10200,"A",,"G",11,"A",,"G",11,"A",,"A",,1
481322,"A",,"R",44250,"A",,"G",49,"A",,"G",49,"A",,"A",,1
481331,"A",,"R",32400,"A",,"G",36,"A",,"G",36,"A",,"A",,1
481340,"A",,"R",73746,"A",,"G",82,"A",,"G",82,"A",,"A",,1
481359,"A",,"R",35900,"A",,"G",40,"A",,"G",40,"A",,"A",,1
481368,"A",,"R",14777,"A",,"G",16,"A",,"G",16,"A",,"A",,1
481377,"A",,"R",18440,"A",,"G",20,"A",,"G",20,"A",,"A",,1
481386,"A",,"R",90194,"A",,"G",100,"A",,"G",100,"A",,"A",,1
481395,"A",,"R",14526,"A",,"G",16,"A",,"G",16,"A",,"A",,1
481401,"A",,"A",,"R",1695,"A",,"G",71,"A",,"G",71,"A",,-2
481410,"R",2505,"A",,"A",,"G",84,"A",,"G",84,"A",,"A",,2
481429,"A",,"R",95969,"A",,"G",107,"A",,"G",107,"A",,"A",,1
481438,"R",2145,"A",,"A",,"G",72,"A",,"G",72,"A",,"A",,2
481447,"A",,"R",9500,"A",,"G",11,"A",,"G",11,"A",,"A",,1
481456,"A",,"R",12154,"A",,"G",14,"A",,"G",14,"A",,"A",,1
481465,"A",,"R",19200,"A",,"G",21,"A",,"G",21,"A",,"A",,1
481474,"A",,"R",35846,"A",,"G",40,"A",,"G",40,"A",,"A",,1
481483,"A",,"R",69934,"A",,"G",78,"A",,"G",78,"A",,"A",,1
481492,"A",,"R",11160,"A",,"G",12,"A",,"G",12,"A",,"A",,1
481508,"A",,"R",94514,"A",,"G",105,"A",,"G",105,"A",,"A",,1
481517,"A",,"R",50736,"A",,"G",56,"A",,"G",56,"A",,"A",,1
481526,"A",,"R",31542,"A",,"G",35,"A",,"G",35,"A",,"A",,1
481535,"A",,"A",,"R",824,"A",,"G",23,"A",,"R",26,"A",,-2
481544,"A",,"R",38422,"A",,"G",43,"A",,"G",43,"A",,"A",,1
481553,"A",,"R",29970,"A",,"G",33,"A",,"G",33,"A",,"A",,1
481562,"A",,"R",32773,"A",,"G",36,"A",,"G",36,"A",,"A",,1
481571,"A",,"R",1470,"A",,"G",2,"A",,"G",2,"A",,"A",,1
481580,"R",405,"A",,"R",95,"G",9,"G",3,"G",9,"G",3,"A",,2
481599,"R",3354,"A",,"A",,"G",75,"A",,"G",75,"A",,"A",,2
481614,"R",2691,"A",,"A",,"G",60,"A",,"G",60,"A",,"A",,2
481623,"R",4275,"A",,"A",,"G",95,"A",,"G",95,"A",,"A",,2
481632,"R",6914,"A",,"A",,"G",230,"A",,"G",230,"A",,"A",,2
481669,"A",,"R",74250,"A",,"G",83,"A",,"G",83,"A",,"A",,1
481678,"A",,"R",37772,"A",,"G",42,"A",,"G",42,"A",,"A",,1
481720,"R",2300,"A",,"R",416,"G",51,"G",12,"G",51,"G",12,"A",,2
481739,"A",,"R",35522,"A",,"G",39,"A",,"G",39,"A",,"A",,1
481748,"A",,"R",72384,"A",,"G",80,"A",,"G",80,"A",,"A",,1
481766,"R",5127,"A",,"A",,"G",114,"A",,"G",114,"A",,"A",,2
481775,"R",2980,"A",,"A",,"G",99,"A",,"R",109,"A",,"A",,2
481784,"R",150,"A",,"A",,"G",5,"A",,"R",10,"A",,"A",,2
481827,"R",604,"R",36061,"A",,"G",53,"A",,"G",53,"A",,"A",,3
481845,"A",,"R",28445,"A",,"G",32,"A",,"G",32,"A",,"A",,1
481854,"A",,"R",36572,"A",,"G",41,"A",,"G",41,"A",,"A",,1
481863,"R",1350,"A",,"A",,"G",45,"A",,"G",45,"A",,"A",,2
481906,"R",1485,"A",,"A",,"G",50,"A",,"G",50,"A",,"A",,2
481942,"A",,"R",128408,"A",,"G",143,"A",,"G",143,"A",,"A",,1
481960,"R",937,"R",34701,"A",,"G",70,"A",,"G",70,"A",,"A",,3
481988,"R",3893,"A",,"A",,"G",130,"A",,"G",130,"A",,"A",,2
481997,"R",68,"A",,"A",,"G",2,"A",,"G",2,"A",,"A",,2
482015,"A",,"R",86400,"A",,"G",96,"A",,"G",96,"A",,"A",,1
482024,"R",360,"A",,"A",,"G",12,"A",,"G",12,"A",,"A",,2
482060,"A",,"R",30480,"A",,"G",34,"A",,"G",34,"A",,"A",,1
482103,"A",,"R",35380,"A",,"G",39,"A",,"G",39,"A",,"A",,1
482149,"R",156741,"A",,"R",39291,"G",5225,"G",1637,"G",5225,"G",1637,"R",1309,2
482158,"R",212726,"A",,"A",,"G",7091,"A",,"G",7091,"A",,"A",,2
482167,"A",,"R",62178,"A",,"G",69,"A",,"G",69,"A",,"A",,1
482176,"A",,"R",103500,"A",,"G",115,"A",,"G",115,"A",,"A",,1
482185,"A",,"R",25200,"A",,"G",28,"A",,"G",28,"A",,"A",,1
482194,"A",,"R",90000,"A",,"G",100,"A",,"G",100,"A",,"A",,1
482200,"A",,"R",26100,"A",,"G",29,"A",,"G",29,"A",,"A",,1
482228,"R",1161,"A",,"R",203,"G",39,"G",8,"G",39,"G",8,"A",,2
482246,"A",,"R",16720,"A",,"G",19,"A",,"G",19,"A",,"A",,1
482255,"R",44,"R",11700,"A",,"G",14,"A",,"G",14,"A",,"A",,3
482307,"R",3958,"A",,"A",,"G",88,"A",,"G",88,"A",,"A",,2
482316,"R",3346,"A",,"A",,"G",74,"A",,"G",74,"A",,"A",,2
482325,"R",4108,"A",,"A",,"G",91,"A",,"G",91,"A",,"A",,2
482334,"R",3083,"A",,"A",,"G",69,"A",,"G",69,"A",,"A",,2
482343,"R",4826,"A",,"A",,"G",107,"A",,"G",107,"A",,"A",,2
482352,"R",3967,"A",,"A",,"G",88,"A",,"G",88,"A",,"A",,2
482361,"R",9584,"A",,"A",,"G",213,"A",,"G",213,"A",,"A",,2
482370,"R",6343,"A",,"A",,"G",141,"A",,"G",141,"A",,"A",,2
482389,"R",685,"A",,"A",,"G",15,"A",,"G",15,"A",,"A",,2
482398,"R",10794,"A",,"A",,"G",240,"A",,"G",240,"A",,"A",,2
482413,"R",50609,"A",,"R",16272,"G",1687,"G",678,"R",1406,"R",603,"A",,2
482422,"R",43189,"A",,"R",6804,"G",1440,"G",284,"R",1200,"R",252,"A",,2
482431,"R",279298,"A",,"R",37559,"G",9310,"G",1565,"R",7758,"R",1391,"A",,2
482440,"R",29557,"A",,"R",5303,"G",985,"G",221,"R",821,"R",196,"A",,2
482459,"R",85919,"A",,"R",19449,"G",2864,"G",810,"R",2387,"R",720,"A",,2
482468,"R",92978,"A",,"R",25399,"G",3099,"G",1058,"R",2583,"R",941,"A",,2
482477,"R",619571,"A",,"R",137469,"G",20652,"G",5728,"R",17210,"R",5091,"A",,2
482486,"R",9507,"A",,"R",4402,"G",317,"G",183,"R",264,"R",163,"A",,2
482495,"R",2667,"A",,"R",330,"G",89,"G",14,"R",74,"R",12,"A",,2
482501,"R",2948,"A",,"R",1915,"G",98,"G",80,"R",82,"R",71,"A",,2
482510,"R",5485,"A",,"R",1784,"G",183,"G",74,"R",152,"R",66,"A",,2
482529,"R",9669,"A",,"R",3583,"G",322,"G",149,"R",269,"R",133,"A",,2
482538,"R",31912,"A",,"R",7401,"G",1064,"G",308,"R",886,"R",274,"A",,2
482547,"R",10364,"A",,"R",2577,"G",345,"G",107,"R",288,"R",95,"A",,2
482556,"R",49659,"A",,"R",5905,"G",1655,"G",246,"R",1379,"R",219,"A",,2
482565,"R",17270,"A",,"R",5010,"G",576,"G",209,"R",480,"R",186,"A",,2
482574,"R",96432,"A",,"R",16373,"G",3214,"G",682,"R",2679,"R",606,"A",,2
482583,"R",4757,"A",,"R",1302,"G",159,"G",54,"R",132,"R",48,"A",,2
482592,"R",4976,"A",,"R",1946,"G",166,"G",81,"R",138,"R",72,"A",,2
482608,"R",41639,"A",,"R",7991,"G",1388,"G",333,"R",1157,"R",296,"A",,2
482617,"R",8375,"A",,"R",4019,"G",279,"G",167,"R",233,"R",149,"A",,2
482635,"R",96908,"A",,"R",20832,"G",3230,"G",868,"R",2692,"R",772,"A",,2
482644,"R",3791,"A",,"R",1359,"G",126,"G",57,"R",105,"R",50,"A",,2
482653,"R",31647,"A",,"R",11120,"G",1055,"G",463,"R",879,"R",412,"A",,2
482662,"R",19235,"A",,"R",4505,"G",641,"G",188,"R",534,"R",167,"A",,2
482671,"R",5010,"A",,"R",3297,"G",167,"G",137,"R",139,"R",122,"A",,2
482680,"R",363519,"A",,"R",7883,"G",12117,"G",328,"G",12117,"G",328,"R",88,2
482699,"R",75215,"A",,"A",,"G",2507,"A",,"G",2507,"A",,"A",,2
482857,"R",289725,"A",,"A",,"G",6438,"A",,"G",6438,"A",,"A",,2
482954,"R",6024,"A",,"A",,"G",134,"A",,"G",134,"A",,"A",,2
482963,"R",749,"A",,"A",,"G",25,"A",,"G",25,"A",,"A",,2
482990,"R",2344,"A",,"A",,"G",78,"A",,"G",78,"A",,"A",,2
483009,"R",448,"A",,"A",,"G",15,"A",,"G",15,"A",,"A",,2
483018,"R",4017,"A",,"A",,"G",89,"A",,"G",89,"A",,"A",,2
483036,"R",35436,"A",,"R",12216,"G",1181,"G",509,"G",1181,"G",509,"A",,2
483045,"R",204883,"A",,"A",,"G",6829,"A",,"G",6829,"A",,"A",,2
483054,"A",,"R",59820,"A",,"G",66,"A",,"G",66,"A",,"A",,1
483106,"A",,"R",90117,"A",,"G",100,"A",,"G",100,"A",,"A",,1
483124,"R",130293,"A",,"R",26441,"G",4343,"G",1102,"G",4343,"G",1102,"A",,2
483212,"R",95027,"A",,"A",,"G",3168,"A",,"G",3168,"A",,"A",,2
