UNITID,XCDACTUA,CDACTUA,XCNACTUA,CNACTUA,XCDACTGA,CDACTGA,XEFTEUG,EFTEUG,XEFTEGD,EFTEGD,XFTEUG,FTEUG,XFTEGD,FTEGD,ACTTYPE 
100654,"R",171207,"A",,"R",24907,"G",5707,"G",1038,"G",5707,"G",1038,2
100663,"R",298192,"A",,"R",97411,"G",9940,"G",4059,"G",9940,"G",4059,2
100690,"R",11520,"A",,"R",4650,"G",384,"G",194,"G",384,"G",194,2
100706,"R",139309,"A",,"R",23680,"G",4644,"G",987,"R",4644,"R",1038,2
100724,"R",147974,"A",,"R",12798,"G",4932,"G",533,"G",4932,"G",533,2
100751,"R",455011,"A",,"R",84563,"G",15167,"G",3523,"G",15167,"G",3523,2
100760,"R",51205,"A",,"A",,"G",1707,"A",,"G",1707,"A",,2
100812,"R",65414,"A",,"A",,"G",2180,"A",,"G",2180,"A",,2
100830,"R",116757,"A",,"R",13424,"G",3892,"G",559,"G",3892,"G",559,2
100858,"R",577191,"A",,"R",84441,"G",19240,"G",3518,"G",19240,"G",3518,2
100919,"R",30028,"A",,"A",,"G",1001,"A",,"G",1001,"A",,2
100937,"R",22324,"A",,"R",564,"G",744,"G",24,"R",1343,"R",57,2
100973,"R",9503,"A",,"A",,"G",317,"A",,"G",317,"A",,2
101028,"R",47948,"A",,"A",,"G",1598,"A",,"G",1598,"A",,2
101073,"R",28300,"A",,"A",,"G",943,"A",,"G",943,"A",,2
101116,"R",15682,"A",,"A",,"G",348,"A",,"G",348,"A",,2
101143,"R",51508,"A",,"A",,"G",1717,"A",,"G",1717,"A",,2
101161,"R",86766,"A",,"A",,"G",2892,"A",,"G",2892,"A",,2
101189,"R",75808,"A",,"R",7066,"G",2527,"G",294,"G",2527,"G",294,2
101231,"A",,"R",216000,"A",,"G",240,"A",,"G",240,"A",,1
101240,"R",147915,"A",,"A",,"G",4931,"A",,"G",4931,"A",,2
101286,"R",95738,"A",,"A",,"G",3191,"A",,"G",3191,"A",,2
101295,"R",133968,"A",,"A",,"G",4466,"A",,"G",4466,"A",,2
101301,"R",28931,"A",,"A",,"G",964,"A",,"G",964,"A",,2
101365,"R",15444,"A",,"A",,"G",515,"A",,"G",515,"A",,2
101435,"R",18760,"A",,"A",,"G",625,"A",,"R",644,"A",,2
101453,"R",2399,"A",,"R",150,"G",80,"G",6,"G",80,"G",6,2
101462,"R",21467,"A",,"A",,"G",716,"A",,"G",716,"A",,2
101471,"R",21982,"A",,"A",,"G",733,"A",,"G",733,"A",,2
101480,"R",202506,"A",,"R",28910,"G",6750,"G",1205,"G",6750,"G",1205,2
101499,"R",39426,"A",,"A",,"G",1314,"A",,"G",1314,"A",,2
101505,"R",150694,"A",,"A",,"G",5023,"A",,"G",5023,"A",,2
101514,"R",187217,"A",,"A",,"G",6241,"A",,"G",6241,"A",,2
101541,"R",12424,"A",,"A",,"G",414,"A",,"G",414,"A",,2
101569,"R",62791,"A",,"A",,"G",2093,"A",,"G",2093,"A",,2
101587,"R",45153,"A",,"R",11634,"G",1505,"G",485,"G",1505,"G",485,2
101602,"R",39645,"A",,"A",,"G",1322,"A",,"R",1322,"A",,2
101648,"R",7008,"A",,"A",,"G",234,"A",,"R",206,"A",,2
101675,"R",49399,"A",,"A",,"G",1647,"A",,"G",1647,"A",,2
101693,"R",43678,"A",,"R",3672,"G",1456,"G",153,"R",1489,"R",138,2
101709,"R",75215,"A",,"R",8210,"G",2507,"G",342,"G",2507,"G",342,2
101736,"R",107755,"A",,"A",,"G",3592,"A",,"G",3592,"A",,2
101879,"R",136393,"A",,"R",10926,"G",4546,"G",455,"G",4546,"G",455,2
101897,"R",48212,"A",,"A",,"G",1607,"A",,"G",1607,"A",,2
101912,"R",47984,"A",,"A",,"G",1599,"A",,"G",1599,"A",,2
101949,"R",35848,"A",,"A",,"G",1195,"A",,"G",1195,"A",,2
101958,"R",4901,"A",,"A",,"G",109,"A",,"G",109,"A",,2
101994,"R",22191,"A",,"A",,"G",740,"A",,"R",740,"A",,2
102030,"R",117612,"A",,"A",,"G",3920,"A",,"G",3920,"A",,2
102049,"R",90391,"A",,"R",8276,"G",3013,"G",345,"G",3013,"G",345,2
102067,"R",136246,"A",,"A",,"G",4542,"A",,"G",4542,"A",,2
102076,"R",48590,"A",,"A",,"G",1620,"A",,"G",1620,"A",,2
102094,"R",285113,"A",,"R",48201,"G",9504,"G",2008,"R",9504,"R",2074,2
102216,"R",4817,"A",,"A",,"G",107,"A",,"G",107,"A",,2
102234,"R",36705,"A",,"R",2960,"G",1224,"G",123,"G",1224,"G",123,2
102261,"R",5910,"A",,"A",,"G",197,"A",,"G",197,"A",,2
102270,"R",35802,"A",,"A",,"G",1193,"A",,"G",1193,"A",,2
102298,"R",12782,"A",,"A",,"G",426,"A",,"G",426,"A",,2
102313,"R",42765,"A",,"A",,"G",1426,"A",,"G",1426,"A",,2
102322,"R",39635,"A",,"R",5869,"G",1321,"G",245,"G",1321,"G",245,2
102359,"R",66270,"A",,"R",10603,"G",2209,"G",442,"G",2209,"G",442,2
102368,"R",252109,"A",,"R",118059,"G",8404,"G",4919,"G",8404,"G",4919,2
102377,"R",74062,"A",,"R",3959,"G",2469,"G",165,"G",2469,"G",165,2
102395,"R",0,"A",,"R",8793,"G",0,"G",366,"Z",0,"G",366,2
102429,"R",105644,"A",,"A",,"G",3521,"A",,"G",3521,"A",,2
102553,"R",300410,"A",,"R",15426,"G",10014,"G",643,"G",10014,"G",643,2
102614,"R",157386,"A",,"R",15626,"G",5246,"G",651,"G",5246,"G",651,2
102632,"R",47451,"A",,"R",3601,"G",1582,"G",150,"G",1582,"G",150,2
102669,"R",12097,"A",,"R",3737,"G",403,"G",156,"G",403,"G",156,2
102711,"A",,"R",295716,"A",,"G",329,"A",,"G",329,"A",,1
102845,"R",18540,"A",,"A",,"G",412,"A",,"R",588,"A",,2
103361,"R",11284,"A",,"A",,"G",376,"A",,"G",376,"A",,2
103440,"R",3822,"A",,"A",,"G",127,"A",,"G",127,"A",,2
103501,"A",,"R",214065,"A",,"G",238,"A",,"G",238,"A",,1
103644,"R",27945,"A",,"A",,"G",621,"A",,"R",563,"A",,2
103723,"R",174696,"A",,"A",,"G",5823,"A",,"G",5823,"A",,2
103732,"A",,"R",106000,"A",,"G",118,"A",,"G",118,"A",,1
103741,"A",,"R",260000,"A",,"G",289,"A",,"G",289,"A",,1
103778,"A",,"A",,"R",47777,"A",,"G",1991,"A",,"G",1991,-2
103787,"R",2016,"A",,"A",,"G",67,"A",,"G",67,"A",,2
103811,"A",,"R",425520,"A",,"G",473,"A",,"R",472,"A",,1
103893,"R",73738,"A",,"A",,"G",2458,"A",,"R",3232,"A",,2
103945,"A",,"R",206400,"A",,"G",229,"A",,"G",229,"A",,1
103954,"A",,"R",184680,"A",,"G",205,"A",,"G",205,"A",,1
103963,"R",36000,"A",,"A",,"G",800,"A",,"R",823,"A",,2
104090,"A",,"R",210462,"A",,"G",234,"A",,"G",234,"A",,1
104151,"R",1012017,"A",,"R",151148,"G",33734,"G",6298,"G",33734,"G",6298,2
104160,"R",126079,"A",,"A",,"G",4203,"A",,"G",4203,"A",,2
104179,"R",631110,"A",,"R",101685,"G",21037,"G",4237,"R",27315,"R",6492,2
104188,"R",11070,"A",,"A",,"G",369,"A",,"G",369,"A",,2
104294,"A",,"R",291720,"A",,"G",324,"A",,"R",187,"A",,1
104346,"R",122777,"A",,"A",,"G",4157,"A",,"G",4157,"A",,2
104364,"R",22928,"A",,"R",4,"G",510,"G",0,"G",510,"Z",0,2
104391,"A",,"R",20670,"A",,"G",23,"A",,"G",23,"A",,1
104425,"R",138755,"A",,"A",,"G",4625,"A",,"R",6019,"A",,2
104434,"A",,"R",67200,"A",,"G",75,"A",,"G",75,"A",,1
104443,"A",,"R",245600,"A",,"G",273,"A",,"G",273,"A",,1
104504,"A",,"R",143894,"A",,"G",160,"A",,"G",160,"A",,1
104522,"A",,"R",73800,"A",,"G",82,"A",,"G",82,"A",,1
104531,"R",84047,"A",,"R",8416,"G",2802,"G",351,"G",2802,"G",351,2
104568,"A",,"R",241600,"A",,"G",268,"A",,"G",268,"A",,1
104577,"R",62117,"A",,"A",,"G",2071,"A",,"R",2250,"A",,2
104586,"R",45078,"A",,"R",581,"G",1503,"G",24,"G",1503,"G",24,2
104708,"R",330501,"A",,"A",,"G",11017,"A",,"G",11017,"A",,2
104717,"R",39977,"A",,"R",32063,"G",1333,"G",1336,"G",1333,"G",1336,2
104805,"A",,"R",978286,"A",,"G",1087,"A",,"G",1087,"A",,1
104911,"A",,"R",176348,"A",,"G",196,"A",,"G",196,"A",,1
104984,"A",,"R",171776,"A",,"G",191,"A",,"R",283,"A",,1
105118,"R",376368,"R",127800,"A",,"G",12688,"A",,"G",12688,"A",,3
105127,"A",,"R",160478,"A",,"G",178,"A",,"R",100,"A",,1
105145,"R",111091,"A",,"A",,"G",3703,"A",,"G",3703,"A",,2
105154,"R",448137,"A",,"A",,"G",14938,"A",,"G",14938,"A",,2
105163,"R",16304,"A",,"A",,"G",362,"A",,"G",362,"A",,2
105172,"R",23817,"A",,"A",,"G",529,"A",,"G",529,"A",,2
105206,"R",69592,"A",,"A",,"G",2320,"A",,"G",2320,"A",,2
105215,"R",93599,"A",,"A",,"G",3120,"A",,"R",3698,"A",,2
105242,"A",,"R",130263,"A",,"G",145,"A",,"G",145,"A",,1
105297,"R",40824,"A",,"A",,"G",1361,"A",,"R",1361,"A",,2
105330,"R",358785,"A",,"R",93679,"G",11960,"G",3903,"R",13386,"R",4684,2
105349,"R",85702,"A",,"A",,"G",2857,"A",,"G",2857,"A",,2
105367,"R",23616,"A",,"R",21484,"G",787,"G",895,"G",787,"R",1193,2
105419,"A",,"R",280200,"A",,"G",311,"A",,"G",311,"A",,1
105428,"R",207241,"A",,"A",,"G",6908,"A",,"G",6908,"A",,2
105482,"R",10261,"A",,"A",,"G",342,"A",,"G",342,"A",,2
105516,"R",131866,"A",,"R",86228,"G",4396,"G",3593,"G",4396,"G",3593,2
105525,"R",571200,"R",283526,"A",,"G",19355,"A",,"R",20425,"A",,3
105534,"A",,"R",777300,"A",,"G",864,"A",,"G",864,"A",,1
105543,"A",,"R",634270,"A",,"G",705,"A",,"G",705,"A",,1
105589,"R",37056,"A",,"R",8746,"G",1235,"G",364,"G",1235,"G",364,2
105659,"R",3915,"R",318200,"A",,"G",484,"A",,"R",484,"A",,3
105668,"R",298172,"A",,"A",,"G",9939,"A",,"G",9939,"A",,2
105677,"A",,"R",68640,"A",,"G",76,"A",,"G",76,"A",,1
105701,"A",,"R",36000,"A",,"G",40,"A",,"G",40,"A",,1
105747,"R",191887,"A",,"A",,"G",6396,"A",,"G",6396,"A",,2
105792,"R",60425,"A",,"A",,"G",2014,"A",,"G",2014,"A",,2
105880,"A",,"R",100320,"R",1730,"G",111,"G",72,"G",111,"G",72,1
105899,"R",7152,"A",,"A",,"G",238,"A",,"G",238,"A",,2
105987,"A",,"R",81840,"A",,"G",91,"A",,"G",91,"A",,1
106041,"R",229473,"A",,"A",,"G",7649,"A",,"R",4564,"A",,2
106050,"R",4000,"A",,"A",,"G",133,"A",,"G",133,"A",,2
106102,"R",89325,"A",,"R",26459,"G",2978,"G",1102,"R",3435,"R",1313,2
106111,"A",,"R",230400,"A",,"G",256,"A",,"G",256,"A",,1
106148,"R",98437,"A",,"A",,"G",3281,"A",,"G",3281,"A",,2
106245,"R",217566,"A",,"R",30240,"G",7252,"G",1260,"G",7252,"G",1260,2
106263,"R",21233,"A",,"R",8153,"G",708,"G",340,"G",708,"G",340,2
106281,"A",,"R",37881,"A",,"G",42,"A",,"G",42,"A",,1
106306,"R",6057,"A",,"A",,"G",202,"A",,"G",202,"A",,2
106315,"A",,"R",81000,"A",,"G",90,"A",,"G",90,"A",,1
106342,"R",13912,"A",,"A",,"G",464,"A",,"G",464,"A",,2
106351,"A",,"R",133500,"A",,"G",148,"A",,"G",148,"A",,1
106360,"A",,"R",91500,"A",,"G",102,"A",,"G",102,"A",,1
106397,"R",368066,"A",,"R",52140,"G",12269,"G",2173,"G",12269,"G",2173,2
106412,"R",89910,"A",,"R",1802,"G",2997,"G",75,"G",2997,"G",75,2
106449,"R",76383,"A",,"A",,"G",2546,"A",,"G",2546,"A",,2
106458,"R",249729,"A",,"R",19917,"G",8324,"G",830,"R",8324,"R",829,2
106467,"R",171972,"A",,"R",9070,"G",5732,"G",378,"G",5732,"G",378,2
106485,"R",75363,"A",,"R",3630,"G",2512,"G",151,"G",2512,"G",151,2
106494,"A",,"R",391800,"A",,"G",435,"A",,"G",435,"A",,1
106546,"R",18176,"R",337084,"A",,"G",980,"A",,"G",980,"A",,3
106607,"A",,"R",53400,"A",,"G",59,"A",,"G",59,"A",,1
106625,"R",45018,"A",,"A",,"G",1501,"A",,"G",1501,"A",,2
106704,"R",251327,"A",,"R",20521,"G",8378,"G",855,"G",8378,"G",855,2
106713,"R",10969,"A",,"A",,"G",366,"A",,"G",366,"A",,2
106759,"A",,"R",41700,"A",,"G",46,"A",,"G",46,"A",,1
106795,"R",22180,"A",,"A",,"G",739,"A",,"G",739,"A",,2
106810,"R",3916,"A",,"A",,"G",131,"A",,"G",131,"A",,2
106829,"R",11056,"A",,"A",,"G",369,"A",,"G",369,"A",,2
106838,"A",,"R",63000,"A",,"G",70,"A",,"G",70,"A",,1
106883,"R",32403,"A",,"A",,"G",1080,"A",,"G",1080,"A",,2
106892,"A",,"R",342150,"A",,"G",380,"A",,"G",380,"A",,1
106908,"A",,"R",11268,"A",,"G",13,"A",,"G",13,"A",,1
106980,"R",57333,"A",,"A",,"G",1911,"A",,"G",1911,"A",,2
106999,"R",30573,"A",,"A",,"G",1019,"A",,"G",1019,"A",,2
107035,"A",,"A",,"R",1348,"A",,"G",56,"A",,"G",56,-2
107044,"R",121208,"A",,"R",13054,"G",4040,"G",544,"G",4040,"G",544,2
107071,"R",86095,"A",,"R",6614,"G",2870,"G",276,"G",2870,"G",276,2
107080,"R",32240,"A",,"R",304,"G",1075,"G",13,"R",1052,"R",10,2
107099,"A",,"R",88920,"A",,"G",99,"A",,"G",99,"A",,1
107123,"R",2127,"R",47928,"A",,"G",124,"A",,"G",124,"A",,3
107141,"R",47546,"A",,"R",3071,"G",1585,"G",128,"G",1585,"G",128,2
107211,"A",,"R",43000,"A",,"G",48,"A",,"G",48,"A",,1
107220,"A",,"R",74102,"A",,"G",82,"A",,"G",82,"A",,1
107275,"A",,"R",18243,"A",,"G",20,"A",,"G",20,"A",,1
107293,"A",,"R",55500,"A",,"G",62,"A",,"G",62,"A",,1
107318,"R",21713,"A",,"A",,"G",724,"A",,"G",724,"A",,2
107327,"R",50848,"A",,"A",,"G",1695,"A",,"G",1695,"A",,2
107363,"A",,"R",94500,"A",,"G",105,"A",,"R",66,"A",,1
107442,"A",,"R",123000,"A",,"G",137,"A",,"G",137,"A",,1
107460,"R",48899,"A",,"A",,"G",1630,"A",,"G",1630,"A",,2
107488,"R",13131,"A",,"A",,"G",438,"A",,"G",438,"A",,2
107512,"R",43874,"A",,"A",,"G",1462,"A",,"G",1462,"A",,2
107521,"R",23124,"A",,"A",,"G",771,"A",,"G",771,"A",,2
107549,"R",20990,"A",,"A",,"G",700,"A",,"G",700,"A",,2
107558,"R",20456,"A",,"A",,"G",682,"A",,"G",682,"A",,2
107585,"R",35970,"A",,"A",,"G",1199,"A",,"G",1199,"A",,2
107600,"R",23083,"A",,"A",,"G",769,"A",,"G",769,"A",,2
107619,"R",46153,"A",,"A",,"G",1538,"A",,"G",1538,"A",,2
107637,"R",52400,"A",,"A",,"G",1747,"A",,"G",1747,"A",,2
107655,"A",,"R",84000,"A",,"G",93,"A",,"G",93,"A",,1
107664,"R",140946,"A",,"A",,"G",4698,"A",,"G",4698,"A",,2
107725,"R",25755,"A",,"A",,"G",859,"A",,"G",859,"A",,2
107743,"R",16692,"A",,"A",,"G",556,"A",,"G",556,"A",,2
107789,"A",,"R",48000,"A",,"G",53,"A",,"G",53,"A",,1
107831,"A",,"R",129650,"A",,"G",144,"A",,"G",144,"A",,1
107877,"R",15067,"A",,"A",,"G",502,"A",,"G",502,"A",,2
107974,"R",28059,"A",,"A",,"G",935,"A",,"G",935,"A",,2
107983,"R",80257,"A",,"R",2910,"G",2675,"G",121,"G",2675,"G",121,2
107992,"R",26001,"A",,"A",,"G",867,"A",,"R",867,"A",,2
108065,"A",,"R",19500,"A",,"G",22,"A",,"G",22,"A",,1
108092,"R",139497,"A",,"A",,"G",4650,"A",,"G",4650,"A",,2
108232,"R",139547,"A",,"R",24096,"G",4652,"G",1004,"G",4652,"G",1004,2
108250,"R",23020,"A",,"A",,"G",512,"A",,"G",512,"A",,2
108269,"A",,"A",,"R",2970,"A",,"G",124,"A",,"G",124,-2
108287,"R",11630,"A",,"A",,"G",388,"A",,"G",388,"A",,2
108348,"A",,"R",81360,"A",,"G",90,"A",,"G",90,"A",,1
108393,"A",,"R",116003,"A",,"G",129,"A",,"G",129,"A",,1
108649,"A",,"R",73340,"A",,"G",81,"A",,"G",81,"A",,1
108667,"R",84525,"R",8995,"A",,"G",2827,"A",,"G",2827,"A",,3
108807,"R",177525,"R",279832,"A",,"G",6228,"A",,"G",6228,"A",,3
108852,"R",9210,"A",,"A",,"G",307,"A",,"G",307,"A",,2
108861,"A",,"A",,"R",175,"A",,"G",7,"A",,"G",7,-2
108870,"A",,"A",,"R",8006,"A",,"G",334,"A",,"R",314,-2
108977,"A",,"R",36642,"A",,"G",41,"A",,"G",41,"A",,1
109013,"R",89700,"A",,"R",11880,"G",1993,"G",330,"G",1993,"G",330,2
109040,"A",,"R",1459966,"A",,"G",1622,"A",,"R",1622,"A",,1
109086,"Z",0,"R",28128,"R",15369,"G",31,"G",640,"G",31,"G",640,1
109208,"R",440705,"R",257440,"A",,"G",14976,"A",,"G",14976,"A",,3
109332,"R",6000,"A",,"A",,"G",200,"A",,"G",200,"A",,2
109350,"R",202673,"R",13448,"A",,"G",6771,"A",,"G",6771,"A",,3
109651,"R",56925,"A",,"R",3804,"G",1898,"G",159,"G",1898,"G",159,2
109721,"A",,"R",226800,"A",,"G",252,"A",,"G",252,"A",,1
109730,"A",,"R",124300,"A",,"G",138,"A",,"G",138,"A",,1
109749,"A",,"R",38700,"A",,"G",43,"A",,"G",43,"A",,1
109785,"R",125416,"A",,"R",77840,"G",4181,"G",3243,"R",4270,"R",2394,2
109819,"R",257847,"R",188975,"A",,"G",8805,"A",,"G",8805,"A",,3
109907,"R",53467,"R",27387,"A",,"G",1813,"A",,"G",1813,"A",,3
109934,"A",,"R",219960,"A",,"G",244,"A",,"G",244,"A",,1
110051,"R",12936,"A",,"R",1038,"G",431,"G",43,"G",431,"G",43,2
110060,"R",2993,"A",,"R",903,"G",100,"G",38,"G",100,"G",38,2
110097,"R",99204,"A",,"R",19953,"G",3307,"G",831,"R",3455,"R",1042,2
110176,"R",79936,"A",,"A",,"G",1776,"A",,"G",1776,"A",,2
110185,"R",91635,"A",,"R",1050,"G",3055,"G",44,"R",3055,"R",44,2
110194,"A",,"R",78553,"A",,"G",87,"A",,"G",87,"A",,1
110219,"A",,"R",225000,"A",,"G",250,"A",,"R",187,"A",,1
110246,"R",239042,"R",142645,"A",,"G",8127,"A",,"G",8127,"A",,3
110307,"A",,"A",,"R",8115,"A",,"G",338,"A",,"R",304,-2
110316,"R",1519,"A",,"R",13683,"G",51,"G",570,"G",51,"G",570,2
110334,"R",251060,"R",63344,"A",,"G",8439,"A",,"G",8439,"A",,3
110361,"R",54504,"A",,"R",12119,"G",1817,"G",505,"G",1817,"G",505,2
110370,"R",34385,"A",,"R",5530,"G",1146,"G",230,"G",1146,"G",230,2
110398,"A",,"A",,"R",279,"A",,"G",12,"A",,"G",12,-2
110404,"R",39373,"A",,"R",44832,"G",875,"G",1245,"G",875,"G",1245,2
110413,"R",51736,"A",,"R",17436,"G",1725,"G",727,"G",1725,"G",727,2
110422,"R",750931,"A",,"R",21684,"G",16687,"G",602,"R",16418,"R",752,2
110440,"A",,"A",,"R",9514,"A",,"G",396,"A",,"G",396,-2
110459,"A",,"A",,"R",15145,"A",,"G",631,"A",,"G",631,-2
110468,"R",10933,"A",,"R",28309,"G",364,"G",1180,"G",364,"G",1180,2
110477,"A",,"A",,"R",16677,"A",,"G",695,"A",,"R",556,-2
110486,"R",266077,"A",,"R",31860,"G",5913,"G",885,"R",5306,"R",1315,2
110495,"R",183624,"A",,"R",12200,"G",6121,"G",508,"R",5398,"R",1130,2
110510,"R",511228,"A",,"R",106687,"G",11361,"G",2964,"R",10749,"R",2983,2
110529,"R",762290,"A",,"R",31712,"G",16940,"G",881,"R",16409,"R",1236,2
110538,"R",409682,"A",,"R",14335,"G",13656,"G",597,"R",12973,"R",1161,2
110547,"R",240488,"A",,"R",44142,"G",8016,"G",1839,"R",6602,"R",2886,2
110556,"R",488932,"A",,"R",34355,"G",16298,"G",1431,"R",15147,"R",2296,2
110565,"R",699581,"A",,"R",47724,"G",23319,"G",1989,"R",21682,"R",3228,2
110574,"R",477760,"A",,"R",62291,"G",10617,"G",1730,"R",9217,"R",2784,2
110583,"R",765548,"A",,"R",56789,"G",25518,"G",2366,"R",23723,"R",3688,2
110592,"R",698766,"A",,"R",66970,"G",15528,"G",1860,"R",13390,"R",3626,2
110608,"R",634867,"A",,"R",100241,"G",21162,"G",4177,"R",20445,"R",4059,2
110617,"R",595838,"A",,"R",77887,"G",19861,"G",3245,"R",18828,"R",3630,2
110635,"R",729163,"A",,"R",204459,"G",24305,"G",8519,"G",24305,"G",8519,2
110644,"R",1047712,"A",,"R",162497,"G",23282,"G",4514,"G",23282,"G",4514,2
110653,"R",938505,"A",,"R",152783,"G",20856,"G",4244,"G",20856,"G",4244,2
110662,"R",1161110,"A",,"R",367722,"G",25802,"G",10215,"G",25802,"G",10215,2
110671,"R",652067,"A",,"R",79277,"G",14490,"G",2202,"G",14490,"G",2202,2
110680,"R",928173,"A",,"R",148392,"G",20626,"G",4122,"G",20626,"G",4122,2
110699,"R",1187,"A",,"R",42108,"G",26,"G",1170,"G",26,"G",1170,2
110705,"R",822649,"A",,"R",122080,"G",18281,"G",3391,"G",18281,"G",3391,2
110714,"R",612280,"A",,"R",51350,"G",13606,"G",1426,"G",13606,"G",1426,2
110778,"A",,"A",,"R",9472,"A",,"G",263,"A",,"G",263,-2
110875,"A",,"R",216000,"A",,"G",240,"A",,"R",240,"A",,1
110918,"R",1186,"A",,"A",,"G",40,"A",,"R",44,"A",,2
110945,"R",6500,"A",,"A",,"G",217,"A",,"R",240,"A",,2
111009,"A",,"R",1838045,"A",,"G",2042,"A",,"G",2042,"A",,1
111054,"A",,"R",228200,"A",,"G",254,"A",,"R",254,"A",,1
111081,"R",24900,"A",,"R",11640,"G",830,"G",485,"G",830,"G",485,2
111188,"R",26033,"A",,"A",,"G",868,"A",,"R",868,"A",,2
111391,"A",,"A",,"R",424,"A",,"G",18,"A",,"G",18,-2
111434,"R",60017,"R",39870,"A",,"G",2045,"A",,"G",2045,"A",,3
111461,"R",204719,"R",131039,"A",,"G",6970,"A",,"R",11192,"A",,3
111513,"A",,"R",207174,"A",,"G",230,"A",,"G",230,"A",,1
111638,"R",492,"R",574573,"A",,"G",655,"A",,"R",768,"A",,3
111708,"A",,"R",226620,"A",,"G",252,"A",,"G",252,"A",,1
111717,"A",,"R",767365,"A",,"G",853,"A",,"G",853,"A",,1
111726,"A",,"R",430560,"A",,"G",478,"A",,"G",478,"A",,1
111744,"A",,"R",143800,"A",,"G",160,"A",,"G",160,"A",,1
111762,"A",,"R",150300,"A",,"G",167,"A",,"G",167,"A",,1
111771,"A",,"R",226080,"A",,"G",251,"A",,"G",251,"A",,1
111799,"A",,"R",111060,"A",,"G",123,"A",,"G",123,"A",,1
111887,"R",381111,"R",93120,"A",,"G",12807,"A",,"G",12807,"A",,3
111896,"R",67639,"R",43336,"A",,"G",2303,"A",,"G",2303,"A",,3
111920,"R",216967,"R",107741,"A",,"G",7352,"A",,"G",7352,"A",,3
111939,"R",371562,"R",1037059,"A",,"G",13538,"A",,"G",13538,"A",,3
111948,"R",105728,"A",,"R",24820,"G",3524,"G",1034,"G",3524,"G",1034,2
111966,"R",8755,"A",,"R",119,"G",292,"G",5,"R",292,"R",5,2
112075,"R",40557,"A",,"R",8534,"G",1352,"G",356,"G",1352,"G",356,2
112084,"R",15012,"A",,"R",760,"G",500,"G",32,"G",500,"G",32,2
112127,"A",,"A",,"R",709,"A",,"G",30,"A",,"G",30,-2
112172,"R",218939,"R",11860,"A",,"G",7311,"A",,"G",7311,"A",,3
112190,"R",480107,"R",2053719,"A",,"G",18285,"A",,"G",18285,"A",,3
112251,"A",,"A",,"R",26002,"A",,"G",1083,"A",,"R",1188,-2
112260,"R",33661,"A",,"A",,"G",1122,"A",,"G",1122,"A",,2
112288,"R",18554,"A",,"A",,"G",618,"A",,"R",512,"A",,2
112312,"R",4356,"R",0,"A",,"G",145,"A",,"R",123,"A",,3
112367,"A",,"R",87390,"A",,"G",97,"A",,"G",97,"A",,1
112385,"R",87742,"R",11997,"A",,"G",2938,"A",,"R",2938,"A",,3
112394,"R",9206,"A",,"A",,"G",307,"A",,"R",255,"A",,2
112446,"R",44832,"A",,"R",1405,"G",996,"G",39,"G",996,"G",39,2
112455,"A",,"R",124800,"A",,"G",139,"A",,"G",139,"A",,1
112516,"R",18166,"A",,"A",,"G",606,"A",,"G",606,"A",,2
112525,"A",,"A",,"R",14142,"A",,"G",589,"A",,"R",393,-2
112561,"R",45429,"R",9846,"A",,"G",1525,"A",,"R",2338,"A",,3
112570,"R",8368,"A",,"A",,"G",186,"A",,"R",186,"A",,2
112686,"R",111389,"R",330700,"A",,"G",4080,"A",,"G",4080,"A",,3
112783,"A",,"R",472605,"A",,"G",525,"A",,"R",614,"A",,1
112826,"R",111322,"R",239034,"A",,"G",3976,"A",,"R",5918,"A",,3
113096,"R",259707,"R",7061,"A",,"G",8665,"A",,"G",8665,"A",,3
113111,"R",94584,"R",4991,"A",,"G",3158,"A",,"G",3158,"A",,3
113193,"R",204350,"R",2846,"A",,"G",6815,"A",,"G",6815,"A",,3
113218,"R",105658,"R",52385,"A",,"G",3580,"A",,"G",3580,"A",,3
113227,"A",,"R",452531,"A",,"G",503,"A",,"R",541,"A",,1
113236,"R",233979,"R",2650,"A",,"G",7802,"A",,"G",7802,"A",,3
113333,"R",691014,"R",236942,"A",,"G",15619,"A",,"G",15619,"A",,3
113397,"A",,"R",213008,"A",,"G",237,"A",,"R",237,"A",,1
113537,"R",0,"R",30246,"R",276,"G",34,"G",12,"R",34,"R",6,3
113573,"R",115067,"R",13008,"A",,"G",3850,"A",,"G",3850,"A",,3
113582,"R",13962,"A",,"A",,"G",465,"A",,"G",465,"A",,2
113607,"R",283690,"A",,"R",21405,"G",9456,"G",892,"G",9456,"G",892,2
113634,"R",392323,"R",82199,"A",,"G",13169,"A",,"G",13169,"A",,3
113698,"R",33622,"A",,"R",13653,"G",1121,"G",569,"R",1190,"R",624,2
113704,"R",171,"A",,"R",1269,"G",6,"G",53,"G",6,"G",53,2
113713,"R",8801,"A",,"A",,"G",293,"A",,"G",293,"A",,2
113856,"R",403082,"R",3844,"A",,"G",13440,"A",,"G",13440,"A",,3
113908,"R",124636,"A",,"A",,"G",4155,"A",,"G",4155,"A",,2
113980,"R",422671,"R",129483,"A",,"G",14233,"A",,"G",14233,"A",,3
114044,"A",,"R",33600,"A",,"G",37,"A",,"G",37,"A",,1
114062,"A",,"R",139463,"A",,"G",155,"A",,"G",155,"A",,1
114071,"A",,"R",136425,"A",,"G",152,"A",,"G",152,"A",,1
114080,"A",,"R",116018,"A",,"G",129,"A",,"G",129,"A",,1
114114,"Z",0,"A",,"R",660,"A",,"G",18,"A",,"R",14,-2
114123,"A",,"R",983000,"A",,"G",1092,"A",,"G",1092,"A",,1
114266,"R",157611,"A",,"A",,"G",5254,"A",,"G",5254,"A",,2
114345,"R",1056,"A",,"A",,"G",35,"A",,"G",35,"A",,2
114354,"R",131964,"A",,"A",,"G",2933,"A",,"R",2933,"A",,2
114372,"R",1155,"A",,"A",,"G",26,"A",,"G",26,"A",,2
114390,"R",34008,"A",,"A",,"G",756,"A",,"R",756,"A",,2
114415,"R",16260,"A",,"A",,"G",361,"A",,"R",361,"A",,2
114433,"R",35120,"R",20336,"A",,"G",1193,"A",,"R",1326,"A",,3
114460,"A",,"R",280199,"A",,"G",311,"A",,"G",311,"A",,1
114549,"A",,"A",,"R",27577,"A",,"G",1149,"A",,"G",1149,-2
114585,"A",,"A",,"R",113046,"A",,"G",4710,"A",,"G",4710,-2
114716,"R",398619,"R",179689,"A",,"G",9058,"A",,"G",9058,"A",,3
114734,"A",,"A",,"R",1346,"A",,"G",56,"A",,"G",56,-2
114761,"A",,"R",90180,"A",,"G",100,"A",,"G",100,"A",,1
114789,"R",328758,"R",555899,"A",,"G",11576,"A",,"G",11576,"A",,3
114813,"R",36321,"A",,"R",13935,"G",1211,"G",581,"G",1211,"G",581,2
114840,"A",,"A",,"R",85180,"A",,"G",2366,"A",,"G",2366,-2
114859,"R",363603,"R",19276,"A",,"G",12142,"A",,"G",12142,"A",,3
114886,"A",,"R",95344,"A",,"G",106,"A",,"G",106,"A",,1
114895,"A",,"R",122156,"A",,"G",136,"A",,"G",136,"A",,1
114901,"A",,"R",22784,"A",,"G",25,"A",,"G",25,"A",,1
114938,"R",73596,"R",244716,"A",,"G",2725,"A",,"G",2725,"A",,3
114947,"A",,"R",335404,"A",,"G",373,"A",,"G",373,"A",,1
115001,"R",272072,"R",228732,"A",,"G",9323,"A",,"R",13225,"A",,3
115010,"R",11591,"A",,"A",,"G",386,"A",,"G",386,"A",,2
115083,"R",15628,"A",,"R",33822,"G",521,"G",1409,"G",521,"G",1409,2
115126,"R",225319,"R",5362,"A",,"G",7517,"A",,"G",7517,"A",,3
115214,"A",,"A",,"R",5797,"A",,"G",242,"A",,"G",242,-2
115296,"R",332414,"R",124653,"A",,"G",11219,"A",,"G",11219,"A",,3
115357,"A",,"R",74411,"A",,"G",83,"A",,"G",83,"A",,1
115393,"R",136307,"R",312973,"A",,"G",4891,"A",,"G",4891,"A",,3
115409,"R",20017,"A",,"Z",0,"G",667,"A",,"R",700,"A",,2
115454,"R",32832,"A",,"A",,"G",730,"A",,"G",730,"A",,2
115472,"R",46524,"A",,"A",,"G",1034,"A",,"G",1034,"A",,2
115490,"R",42522,"A",,"A",,"G",945,"A",,"G",945,"A",,2
115515,"R",30307,"A",,"A",,"G",673,"A",,"G",673,"A",,2
115533,"R",42782,"A",,"A",,"G",951,"A",,"G",951,"A",,2
115658,"A",,"R",189315,"A",,"G",210,"A",,"R",260,"A",,1
115728,"R",13508,"A",,"R",4735,"G",450,"G",197,"R",538,"R",261,2
115746,"A",,"A",,"R",14562,"A",,"G",405,"A",,"G",405,-2
115755,"R",210586,"A",,"R",9283,"G",7020,"G",387,"R",6634,"R",695,2
115773,"R",31648,"A",,"A",,"G",703,"A",,"R",692,"A",,2
115861,"R",152521,"R",540042,"A",,"G",5684,"A",,"G",5684,"A",,3
115931,"A",,"R",713260,"A",,"G",793,"A",,"G",793,"A",,1
116040,"R",8061,"A",,"A",,"G",269,"A",,"G",269,"A",,2
116226,"R",10313,"R",41000,"A",,"G",275,"A",,"G",275,"A",,3
116350,"A",,"R",68401,"A",,"G",76,"A",,"R",93,"A",,1
116439,"R",171775,"A",,"A",,"G",5726,"A",,"G",5726,"A",,2
116466,"R",43104,"A",,"A",,"G",958,"A",,"G",958,"A",,2
116475,"R",33312,"A",,"A",,"G",740,"A",,"G",740,"A",,2
116484,"R",32352,"A",,"A",,"G",719,"A",,"G",719,"A",,2
116563,"A",,"R",271480,"A",,"G",302,"A",,"G",302,"A",,1
116624,"A",,"A",,"R",2144,"A",,"G",89,"A",,"G",89,-2
116712,"R",4741,"R",0,"R",31341,"G",105,"G",871,"G",105,"G",871,3
116846,"R",3832,"A",,"R",4388,"G",128,"G",183,"G",128,"G",183,2
117052,"R",163440,"R",33596,"A",,"G",5485,"A",,"G",5485,"A",,3
117104,"R",11723,"A",,"A",,"G",391,"A",,"G",391,"A",,2
117113,"R",74206,"A",,"A",,"G",1649,"A",,"G",1649,"A",,2
117140,"R",113279,"A",,"R",57798,"G",3776,"G",2408,"G",3776,"G",2408,2
117168,"R",8721,"A",,"A",,"G",291,"A",,"G",291,"A",,2
117186,"A",,"R",53950,"A",,"G",60,"A",,"R",60,"A",,1
117195,"R",54673,"R",31065,"A",,"G",1249,"A",,"R",1754,"A",,3
117238,"A",,"R",272749,"A",,"G",303,"A",,"G",303,"A",,1
117247,"R",171418,"R",39955,"A",,"G",5758,"A",,"G",5758,"A",,3
117274,"R",38888,"R",51574,"A",,"G",1354,"A",,"G",1354,"A",,3
117557,"R",252,"A",,"R",684,"G",8,"G",29,"G",8,"G",29,2
117575,"R",1767,"A",,"R",2477,"G",59,"G",103,"G",59,"G",103,2
117627,"R",58620,"A",,"R",10133,"G",1303,"G",281,"G",1303,"G",281,2
117636,"R",41806,"A",,"R",45592,"G",929,"G",1266,"G",929,"G",1266,2
117645,"R",392504,"R",58725,"A",,"G",13149,"A",,"G",13149,"A",,3
117672,"A",,"A",,"R",4808,"A",,"G",200,"A",,"G",200,-2
117690,"R",156497,"R",3882,"A",,"G",5221,"A",,"G",5221,"A",,3
117706,"R",287798,"R",32462,"A",,"G",9629,"A",,"G",9629,"A",,3
117715,"R",93737,"A",,"A",,"G",3125,"A",,"G",3125,"A",,2
117724,"R",217420,"R",183896,"A",,"G",7452,"A",,"G",7452,"A",,3
117733,"R",283836,"R",3954,"A",,"G",9466,"A",,"G",9466,"A",,3
117751,"R",41648,"A",,"R",3456,"G",1388,"G",144,"G",1388,"G",144,2
117788,"R",270088,"R",130518,"A",,"G",9148,"A",,"G",9148,"A",,3
117803,"R",4794,"A",,"A",,"G",160,"A",,"G",160,"A",,2
117867,"R",111271,"R",932787,"A",,"G",4745,"A",,"G",4745,"A",,3
117894,"R",114179,"R",663132,"A",,"G",4543,"A",,"G",4543,"A",,3
117928,"R",18307,"A",,"A",,"G",407,"A",,"G",407,"A",,2
117946,"R",171144,"A",,"R",26710,"G",5705,"G",1113,"G",5705,"G",1113,2
118116,"A",,"R",87851,"A",,"G",98,"A",,"G",98,"A",,1
118125,"A",,"R",67554,"A",,"G",75,"A",,"G",75,"A",,1
118134,"A",,"R",240931,"A",,"G",268,"A",,"G",268,"A",,1
118143,"A",,"R",96060,"A",,"G",107,"A",,"G",107,"A",,1
118161,"A",,"R",80895,"A",,"G",90,"A",,"G",90,"A",,1
118189,"R",11378,"A",,"A",,"G",379,"A",,"G",379,"A",,2
118198,"A",,"R",486573,"A",,"G",541,"A",,"G",541,"A",,1
118259,"R",13920,"A",,"A",,"G",464,"A",,"G",464,"A",,2
118277,"R",23044056,"A",,"A",,"G",768135,"A",,"G",768135,"A",,2
118286,"R",51785,"A",,"A",,"G",1726,"A",,"G",1726,"A",,2
118338,"A",,"R",116065,"A",,"G",129,"A",,"G",129,"A",,1
118347,"R",102884,"R",12070,"A",,"G",3443,"A",,"G",3443,"A",,3
118356,"A",,"R",106754,"A",,"G",119,"A",,"G",119,"A",,1
118374,"A",,"R",78280,"A",,"G",87,"A",,"G",87,"A",,1
118383,"A",,"R",107582,"A",,"G",120,"A",,"G",120,"A",,1
118392,"A",,"R",114150,"A",,"G",127,"A",,"G",127,"A",,1
118417,"A",,"R",206136,"A",,"G",229,"A",,"G",229,"A",,1
118426,"A",,"R",136766,"A",,"G",152,"A",,"G",152,"A",,1
118435,"A",,"R",141378,"A",,"G",157,"A",,"G",157,"A",,1
118444,"A",,"R",89512,"A",,"G",99,"A",,"G",99,"A",,1
118453,"A",,"R",256050,"A",,"G",285,"A",,"G",285,"A",,1
118480,"A",,"R",109956,"A",,"G",122,"A",,"G",122,"A",,1
118541,"R",19508,"A",,"A",,"G",650,"A",,"G",650,"A",,2
118684,"R",31780,"R",1127840,"A",,"G",2312,"A",,"G",2312,"A",,3
118693,"R",18901,"A",,"A",,"G",630,"A",,"G",630,"A",,2
118709,"A",,"A",,"R",181,"A",,"G",8,"A",,"G",8,-2
118718,"R",151171,"R",2281937,"A",,"G",7575,"A",,"G",7575,"A",,3
118772,"R",94482,"R",17659,"A",,"G",3169,"A",,"G",3169,"A",,3
118888,"R",5594,"A",,"R",2618,"G",186,"G",109,"R",678,"R",443,2
118912,"R",173401,"R",77745,"A",,"G",5866,"A",,"G",5866,"A",,3
118921,"A",,"R",172202,"A",,"G",191,"A",,"R",237,"A",,1
118930,"R",138701,"R",8158,"A",,"G",4632,"A",,"G",4632,"A",,3
118958,"A",,"R",101327,"A",,"G",113,"A",,"G",113,"A",,1
118967,"A",,"R",254901,"A",,"G",283,"A",,"G",283,"A",,1
118976,"R",299701,"R",292768,"A",,"G",10315,"A",,"R",14875,"A",,3
118994,"A",,"R",37440,"A",,"G",42,"A",,"G",42,"A",,1
119058,"R",218,"A",,"R",26810,"G",7,"G",1117,"G",7,"G",1117,2
119067,"R",118755,"R",903216,"A",,"G",4962,"A",,"G",4962,"A",,3
119137,"R",281147,"R",816,"A",,"G",9372,"A",,"G",9372,"A",,3
119164,"R",439046,"R",588467,"A",,"G",15289,"A",,"G",15289,"A",,3
119173,"R",41196,"A",,"R",5110,"G",1373,"G",213,"G",1373,"G",213,2
119216,"R",185707,"R",70500,"A",,"G",6269,"A",,"R",7629,"A",,3
119270,"R",36936,"R",19500,"A",,"G",842,"A",,"G",842,"A",,3
119331,"R",112539,"R",149681,"A",,"G",3918,"A",,"G",3918,"A",,3
119340,"A",,"R",1073984,"A",,"G",1193,"A",,"G",1193,"A",,1
119359,"A",,"R",1417728,"A",,"G",1575,"A",,"G",1575,"A",,1
119368,"A",,"R",1020800,"A",,"G",1134,"A",,"G",1134,"A",,1
119438,"A",,"R",730800,"A",,"G",812,"A",,"G",812,"A",,1
119456,"A",,"R",1202720,"A",,"G",1336,"A",,"G",1336,"A",,1
119465,"A",,"R",1218480,"A",,"G",1354,"A",,"G",1354,"A",,1
119508,"A",,"R",1406520,"A",,"G",1563,"A",,"G",1563,"A",,1
119544,"R",6215,"A",,"R",4118,"G",207,"G",172,"G",207,"G",172,2
119553,"R",17388,"A",,"A",,"G",580,"A",,"G",580,"A",,2
119605,"R",140335,"A",,"R",422617,"G",4678,"G",17609,"R",3552,"R",12960,2
119678,"A",,"A",,"R",119393,"A",,"G",3316,"A",,"G",3316,-2
119711,"R",7512,"A",,"R",2718,"G",250,"G",113,"R",263,"R",125,2
119775,"R",4261,"A",,"R",4231,"G",95,"G",118,"G",95,"G",118,2
119827,"A",,"R",137007,"A",,"G",152,"A",,"G",152,"A",,1
119845,"A",,"R",288645,"A",,"G",321,"A",,"R",421,"A",,1
119951,"A",,"R",195480,"A",,"G",217,"A",,"G",217,"A",,1
120069,"A",,"R",213200,"A",,"G",237,"A",,"G",237,"A",,1
120078,"A",,"R",466615,"A",,"G",518,"A",,"G",518,"A",,1
120087,"A",,"R",149080,"A",,"G",166,"A",,"G",166,"A",,1
120166,"R",3691,"A",,"R",7274,"G",123,"G",303,"G",123,"G",303,2
120184,"R",24948,"A",,"R",12732,"G",832,"G",531,"G",832,"G",531,2
120254,"R",55915,"A",,"R",560,"G",1864,"G",23,"R",1853,"R",18,2
120272,"A",,"R",188250,"A",,"G",209,"A",,"R",132,"A",,1
120290,"R",157960,"R",35818,"A",,"G",5305,"A",,"G",5305,"A",,3
120342,"R",426590,"A",,"A",,"G",14220,"A",,"G",14220,"A",,2
120403,"R",32406,"A",,"R",1021,"G",1080,"G",43,"G",1080,"G",43,2
120421,"R",112636,"R",17563,"A",,"G",3774,"A",,"G",3774,"A",,3
120537,"R",24130,"A",,"R",4396,"G",804,"G",183,"G",804,"G",183,2
120661,"A",,"R",388563,"A",,"G",432,"A",,"G",432,"A",,1
120698,"A",,"A",,"R",9266,"A",,"G",257,"A",,"G",257,-2
120740,"A",,"A",,"R",423,"A",,"G",18,"A",,"G",18,-2
120768,"R",2489,"A",,"R",9895,"G",83,"G",412,"G",83,"G",412,2
120795,"A",,"A",,"R",1687,"A",,"G",70,"A",,"G",70,-2
120838,"R",500,"A",,"R",300,"G",11,"G",8,"G",11,"G",8,2
120865,"R",67125,"A",,"R",395,"G",1492,"G",11,"G",1492,"G",11,2
120883,"R",109107,"A",,"R",14023,"G",3637,"G",584,"G",3637,"G",584,2
120953,"R",41017,"R",49847,"A",,"G",1423,"A",,"G",1423,"A",,3
120971,"R",441453,"R",39491,"A",,"G",14759,"A",,"G",14759,"A",,3
121008,"A",,"R",82892,"A",,"G",92,"A",,"G",92,"A",,1
121017,"A",,"R",188300,"A",,"G",209,"A",,"G",209,"A",,1
121044,"R",479359,"R",579592,"A",,"G",16623,"A",,"G",16623,"A",,3
121071,"R",16943,"A",,"R",2887,"G",565,"G",120,"G",565,"G",120,2
121150,"R",100095,"A",,"R",88243,"G",3337,"G",3677,"G",3337,"G",3677,2
121257,"R",26730,"A",,"A",,"G",891,"A",,"R",835,"A",,2
121275,"R",7800,"A",,"A",,"G",260,"A",,"G",260,"A",,2
121309,"R",71380,"A",,"R",16784,"G",2379,"G",699,"G",2379,"G",699,2
121345,"R",46492,"A",,"A",,"G",1550,"A",,"G",1550,"A",,2
121363,"R",63594,"R",53516,"A",,"G",2179,"A",,"G",2179,"A",,3
121381,"R",2280,"A",,"A",,"G",51,"A",,"G",51,"A",,2
121433,"A",,"R",175366,"A",,"G",195,"A",,"R",208,"A",,1
121619,"R",281455,"R",868614,"A",,"G",10347,"A",,"G",10347,"A",,3
121628,"A",,"A",,"R",2147,"A",,"G",60,"A",,"G",60,-2
121691,"R",95263,"A",,"R",31041,"G",3175,"G",1293,"G",3175,"G",1293,2
121707,"R",116894,"A",,"A",,"G",3896,"A",,"G",3896,"A",,2
121859,"A",,"R",30426,"A",,"G",34,"A",,"G",34,"A",,1
121868,"A",,"R",67227,"A",,"G",75,"A",,"G",75,"A",,1
121886,"R",263417,"R",333503,"A",,"G",9151,"A",,"G",9151,"A",,3
121901,"R",502915,"R",10629209,"A",,"G",28574,"A",,"G",28574,"A",,3
121983,"R",3729,"A",,"R",12230,"G",124,"G",510,"G",124,"G",510,2
121992,"A",,"R",262148,"A",,"G",291,"A",,"R",319,"A",,1
122117,"Z",0,"R",59090,"R",92660,"G",66,"G",2574,"G",66,"G",2574,1
122180,"R",346919,"R",168916,"A",,"G",11752,"A",,"G",11752,"A",,3
122205,"R",309381,"R",325886,"A",,"G",10675,"A",,"G",10675,"A",,3
122223,"R",1059,"A",,"Z",0,"G",35,"A",,"G",35,"A",,2
122287,"A",,"A",,"R",2692,"A",,"G",75,"A",,"G",75,-2
122296,"R",5386,"R",0,"R",14248,"G",180,"G",594,"G",180,"G",594,3
122339,"R",218660,"R",232,"A",,"G",7289,"A",,"G",7289,"A",,3
122366,"R",8580,"A",,"A",,"G",286,"A",,"G",286,"A",,2
122375,"R",375802,"R",1200,"A",,"G",12528,"A",,"G",12528,"A",,3
122384,"R",132378,"R",99416,"A",,"G",4523,"A",,"G",4523,"A",,3
122409,"R",710626,"A",,"R",94013,"G",23688,"G",3917,"R",23012,"R",3809,2
122436,"R",141093,"A",,"R",32609,"G",4703,"G",1359,"G",4703,"G",1359,2
122454,"R",12984,"A",,"R",4610,"G",433,"G",192,"G",433,"G",192,2
122506,"R",4600,"A",,"R",3600,"G",153,"G",150,"G",153,"G",150,2
122597,"R",618838,"A",,"R",88456,"G",20628,"G",3686,"R",19278,"R",4298,2
122603,"A",,"A",,"R",4416,"A",,"G",184,"A",,"G",184,-2
122612,"R",140440,"A",,"R",69547,"G",4681,"G",2898,"G",4681,"G",2898,2
122649,"R",672,"A",,"A",,"G",22,"A",,"G",22,"A",,2
122658,"R",320349,"R",124000,"A",,"G",10816,"A",,"G",10816,"A",,3
122685,"R",24600,"A",,"A",,"G",820,"A",,"R",820,"A",,2
122694,"R",23400,"A",,"A",,"G",780,"A",,"R",780,"A",,2
122728,"R",14051,"A",,"R",0,"G",468,"G",0,"G",468,"Z",0,2
122746,"R",150370,"A",,"A",,"G",5012,"A",,"G",5012,"A",,2
122755,"R",579584,"A",,"R",79468,"G",19319,"G",3311,"R",17734,"R",4235,2
122791,"R",188136,"R",7412,"A",,"G",6279,"A",,"G",6279,"A",,3
122834,"A",,"R",219298,"A",,"G",244,"A",,"G",244,"A",,1
122843,"R",44567,"A",,"A",,"G",990,"A",,"G",990,"A",,2
122852,"A",,"R",165615,"A",,"G",184,"A",,"G",184,"A",,1
122889,"R",282632,"A",,"A",,"G",9421,"A",,"R",13700,"A",,2
122931,"R",233180,"A",,"R",51430,"G",5182,"G",1429,"G",5182,"R",1904,2
122977,"R",1152082,"R",86972,"A",,"G",38499,"A",,"G",38499,"A",,3
123013,"R",379977,"R",111517,"A",,"G",12790,"A",,"G",12790,"A",,3
123095,"A",,"A",,"R",5184,"A",,"G",216,"A",,"G",216,-2
123165,"R",21906,"A",,"R",600,"G",730,"G",25,"R",815,"R",12,2
123208,"A",,"R",813959,"A",,"G",904,"A",,"G",904,"A",,1
123217,"R",172949,"R",148812,"A",,"G",5930,"A",,"G",5930,"A",,3
123280,"R",1910,"A",,"R",612,"G",64,"G",26,"G",64,"G",26,2
123299,"R",165077,"R",27557,"A",,"G",5533,"A",,"R",6421,"A",,3
123341,"R",314039,"R",88,"A",,"G",10468,"A",,"G",10468,"A",,3
123350,"A",,"R",64000,"A",,"G",71,"A",,"G",71,"A",,1
123396,"A",,"R",128584,"A",,"G",143,"A",,"G",143,"A",,1
123457,"R",20743,"A",,"R",3700,"G",691,"G",154,"G",691,"G",154,2
123484,"R",45787,"R",1365525,"A",,"G",3043,"A",,"R",2601,"A",,3
123493,"A",,"R",887513,"A",,"G",986,"A",,"G",986,"A",,1
123509,"R",138992,"A",,"A",,"G",4633,"A",,"G",4633,"A",,2
123527,"R",272860,"R",6660,"A",,"G",9103,"A",,"R",8694,"A",,3
123554,"R",66476,"A",,"R",13500,"G",2216,"G",563,"G",2216,"G",563,2
123563,"R",200581,"R",28123,"A",,"G",6717,"A",,"G",6717,"A",,3
123572,"R",201591,"A",,"R",8309,"G",6720,"G",346,"R",6255,"R",742,2
123581,"R",216,"A",,"A",,"G",7,"A",,"G",7,"A",,2
123633,"R",269808,"A",,"R",369936,"G",5996,"G",10276,"R",511,"R",267,2
123642,"A",,"R",523679,"A",,"G",582,"A",,"G",582,"A",,1
123651,"R",49474,"A",,"R",5262,"G",1649,"G",219,"G",1649,"G",219,2
123679,"A",,"R",575959,"A",,"G",640,"A",,"G",640,"A",,1
123800,"R",285781,"R",280038,"A",,"G",9837,"A",,"G",9837,"A",,3
123855,"A",,"A",,"R",142,"A",,"G",6,"A",,"G",6,-2
123916,"A",,"A",,"R",131,"A",,"G",5,"A",,"G",5,-2
123952,"R",3862,"A",,"R",5723,"G",129,"G",238,"R",173,"R",270,2
123961,"R",527566,"A",,"R",306162,"G",17586,"G",12757,"G",17586,"G",12757,2
124113,"R",48140,"R",9585,"A",,"G",1615,"A",,"G",1615,"A",,3
124283,"A",,"A",,"R",3209,"A",,"G",134,"A",,"G",134,-2
124292,"R",11951,"A",,"A",,"G",398,"A",,"R",328,"A",,2
124344,"A",,"R",131138,"A",,"G",146,"A",,"G",146,"A",,1
124399,"R",18084,"A",,"A",,"G",603,"A",,"G",603,"A",,2
124487,"R",4778,"A",,"A",,"G",106,"A",,"R",124,"A",,2
124681,"A",,"R",2380087,"A",,"G",2645,"A",,"G",2645,"A",,1
124706,"A",,"R",688789,"A",,"G",765,"A",,"G",765,"A",,1
124779,"A",,"R",83000,"A",,"G",92,"A",,"G",92,"A",,1
124919,"A",,"R",52380,"A",,"G",58,"A",,"R",58,"A",,1
124937,"A",,"R",848434,"A",,"G",943,"A",,"G",943,"A",,1
125028,"R",201082,"R",110106,"A",,"G",6825,"A",,"G",6825,"A",,3
125082,"A",,"R",192693,"A",,"G",214,"A",,"R",233,"A",,1
125091,"R",180598,"R",66166,"A",,"G",6093,"A",,"G",6093,"A",,3
125170,"R",49554,"A",,"A",,"G",1652,"A",,"G",1652,"A",,2
125231,"R",27116,"A",,"R",233124,"G",603,"G",6476,"G",603,"G",6476,2
125462,"R",86421,"R",18629,"A",,"G",2901,"A",,"G",2901,"A",,3
125471,"R",155971,"R",16101,"A",,"G",5217,"A",,"G",5217,"A",,3
125480,"R",588,"A",,"R",384,"G",20,"G",16,"G",20,"G",16,2
125499,"R",173251,"R",1907,"A",,"G",5777,"A",,"G",5777,"A",,3
125532,"R",55530,"A",,"A",,"G",1851,"A",,"G",1851,"A",,2
125718,"A",,"A",,"R",2885,"A",,"G",120,"A",,"G",120,-2
125727,"R",39419,"A",,"R",393,"G",1314,"G",16,"G",1314,"G",16,2
125763,"R",30562,"A",,"R",3184,"G",1019,"G",133,"R",1275,"G",133,2
125897,"R",34711,"A",,"R",3037,"G",1157,"G",127,"G",1157,"G",127,2
126012,"A",,"A",,"R",14265,"A",,"G",594,"A",,"R",317,-2
126076,"R",2130,"A",,"A",,"G",71,"A",,"G",71,"A",,2
126119,"R",151609,"R",3559009,"A",,"G",9008,"A",,"G",9008,"A",,3
126164,"A",,"R",94650,"A",,"G",105,"A",,"G",105,"A",,1
126182,"R",60081,"A",,"R",44236,"G",2003,"G",1843,"G",2003,"G",1843,2
126207,"R",149552,"A",,"A",,"G",3323,"A",,"G",3323,"A",,2
126261,"A",,"R",353800,"A",,"G",393,"A",,"G",393,"A",,1
126289,"R",145489,"A",,"A",,"G",4850,"A",,"G",4850,"A",,2
126359,"R",37254,"A",,"A",,"G",828,"A",,"G",828,"A",,2
126401,"R",27835,"A",,"A",,"G",619,"A",,"G",619,"A",,2
126410,"R",9350,"A",,"A",,"G",208,"A",,"G",208,"A",,2
126562,"R",202735,"A",,"R",105419,"G",6758,"G",4392,"G",6758,"G",4392,2
126571,"R",15143,"A",,"R",15728,"G",505,"G",655,"G",505,"G",655,2
126580,"R",96972,"A",,"R",35826,"G",3232,"G",1493,"G",3232,"G",1493,2
126605,"A",,"R",695700,"A",,"G",773,"A",,"G",773,"A",,1
126614,"R",744992,"A",,"R",88977,"G",24833,"G",3707,"G",24833,"G",3707,2
126669,"R",46604,"A",,"R",4030,"G",1553,"G",168,"G",1553,"G",168,2
126678,"Z",0,"R",1116640,"R",18480,"G",1241,"G",770,"R",1996,"R",33,1
126687,"A",,"R",493814,"A",,"G",549,"A",,"G",549,"A",,1
126702,"R",103873,"A",,"A",,"G",2308,"A",,"G",2308,"A",,2
126711,"R",94325,"A",,"A",,"G",3144,"A",,"R",2998,"A",,2
126748,"R",27690,"A",,"A",,"G",923,"A",,"R",923,"A",,2
126775,"R",88368,"A",,"R",14326,"G",2946,"G",597,"G",2946,"G",597,2
126784,"R",6400,"A",,"A",,"G",213,"A",,"G",213,"A",,2
126818,"R",616506,"A",,"R",105765,"G",20550,"G",4407,"G",20550,"G",4407,2
126827,"R",34233,"A",,"R",13870,"G",761,"G",385,"R",713,"R",433,2
126854,"A",,"R",130800,"A",,"G",145,"A",,"G",145,"A",,1
126863,"R",104514,"A",,"A",,"G",3484,"A",,"G",3484,"A",,2
126872,"R",20624,"A",,"A",,"G",687,"A",,"G",687,"A",,2
126915,"R",0,"R",246719,"A",,"G",274,"A",,"G",274,"A",,3
126924,"R",11360,"A",,"A",,"G",252,"A",,"G",252,"A",,2
126942,"R",152728,"A",,"A",,"G",5091,"A",,"R",5539,"A",,2
126951,"A",,"R",1178400,"A",,"G",1309,"A",,"G",1309,"A",,1
126979,"A",,"A",,"R",11924,"A",,"G",497,"A",,"G",497,-2
127024,"R",94523,"A",,"R",81,"G",2101,"G",2,"G",2101,"G",2,2
127060,"R",204341,"A",,"R",130352,"G",4541,"G",3621,"R",4485,"R",3076,2
127158,"R",79230,"A",,"A",,"G",2641,"A",,"G",2641,"A",,2
127185,"R",118223,"A",,"A",,"G",3941,"A",,"G",3941,"A",,2
127200,"R",301158,"A",,"A",,"G",10039,"A",,"G",10039,"A",,2
127219,"A",,"R",87244,"A",,"G",97,"A",,"G",97,"A",,1
127228,"A",,"R",135000,"A",,"G",150,"A",,"G",150,"A",,1
127273,"A",,"A",,"R",3595,"A",,"G",100,"A",,"R",85,-2
127316,"A",,"R",164641,"A",,"G",183,"A",,"G",183,"A",,1
127389,"R",22251,"A",,"A",,"G",742,"A",,"G",742,"A",,2
127556,"R",143700,"A",,"R",888,"G",4790,"G",37,"G",4790,"G",37,2
127565,"R",438845,"A",,"A",,"G",14628,"A",,"G",14628,"A",,2
127617,"R",28233,"A",,"A",,"G",941,"A",,"G",941,"A",,2
127653,"R",13123,"A",,"R",12761,"G",437,"G",532,"G",437,"G",532,2
127680,"R",10959,"A",,"A",,"G",244,"A",,"G",244,"A",,2
127699,"R",6510,"A",,"A",,"G",145,"A",,"G",145,"A",,2
127714,"R",12252,"A",,"A",,"G",408,"A",,"G",408,"A",,2
127732,"R",44730,"A",,"A",,"G",1491,"A",,"G",1491,"A",,2
127741,"R",345558,"A",,"R",48535,"G",11519,"G",2022,"G",11519,"G",2022,2
127778,"R",37951,"A",,"A",,"G",1265,"A",,"G",1265,"A",,2
127787,"A",,"R",1598178,"A",,"G",1776,"A",,"G",1776,"A",,1
127820,"R",214404,"A",,"A",,"G",7147,"A",,"G",7147,"A",,2
127839,"R",62880,"A",,"A",,"G",2096,"A",,"G",2096,"A",,2
127884,"R",120507,"A",,"A",,"G",4017,"A",,"G",4017,"A",,2
127909,"R",136565,"A",,"A",,"G",4552,"A",,"R",4552,"A",,2
127918,"R",137242,"A",,"R",84445,"G",4575,"G",3519,"R",4288,"R",4691,2
127945,"R",12511,"A",,"A",,"G",417,"A",,"G",417,"A",,2
127954,"A",,"R",78300,"A",,"G",87,"A",,"G",87,"A",,1
128036,"R",17033,"A",,"A",,"G",568,"A",,"G",568,"A",,2
128106,"R",127760,"A",,"R",5305,"G",4259,"G",221,"G",4259,"G",221,2
128151,"R",770,"A",,"A",,"G",26,"A",,"G",26,"A",,2
128179,"R",16211,"A",,"A",,"G",540,"A",,"G",540,"A",,2
128188,"R",18270,"A",,"A",,"G",609,"A",,"G",609,"A",,2
128203,"A",,"R",110200,"A",,"G",122,"A",,"G",122,"A",,1
128258,"R",44742,"A",,"A",,"G",1491,"A",,"G",1491,"A",,2
128328,"R",145555,"A",,"A",,"G",4852,"A",,"G",4852,"A",,2
128337,"A",,"R",130500,"A",,"G",145,"A",,"G",145,"A",,1
128391,"R",64521,"A",,"A",,"G",2151,"A",,"G",2151,"A",,2
128425,"R",540,"A",,"Z",0,"G",18,"A",,"G",18,"A",,2
128498,"R",50915,"A",,"R",10461,"G",1697,"G",436,"G",1697,"G",436,2
128540,"A",,"R",70036,"A",,"G",78,"A",,"R",78,"A",,1
128577,"R",23306,"A",,"A",,"G",777,"A",,"G",777,"A",,2
128586,"R",1920,"A",,"A",,"G",64,"A",,"G",64,"A",,2
128674,"R",0,"Z",0,"A",,"G",0,"A",,"Z",0,"A",,2
128683,"R",7595,"A",,"A",,"G",253,"A",,"G",253,"A",,2
128726,"R",4982,"A",,"A",,"G",166,"A",,"G",166,"A",,2
128744,"R",32144,"A",,"R",35433,"G",1071,"G",1476,"G",1071,"G",1476,2
128762,"R",12288,"A",,"A",,"G",410,"A",,"G",410,"A",,2
128771,"R",231706,"A",,"R",39115,"G",7724,"G",1630,"G",7724,"G",1630,2
128780,"R",5091,"A",,"A",,"G",170,"A",,"G",170,"A",,2
128896,"R",8247,"A",,"A",,"G",183,"A",,"R",209,"A",,2
128902,"R",59818,"A",,"R",238,"G",1994,"G",10,"G",1994,"G",10,2
128957,"A",,"R",263856,"A",,"G",293,"A",,"G",293,"A",,1
129002,"R",1200,"A",,"A",,"G",27,"A",,"G",27,"A",,2
129020,"R",448315,"A",,"R",90621,"G",14944,"G",3776,"G",14944,"G",3776,2
129154,"R",21858,"A",,"A",,"G",729,"A",,"G",729,"A",,2
129181,"A",,"R",727604,"A",,"G",808,"A",,"G",808,"A",,1
129215,"R",120118,"A",,"R",6088,"G",4004,"G",254,"G",4004,"G",254,2
129242,"R",122543,"A",,"R",13033,"G",4085,"G",543,"G",4085,"G",543,2
129349,"R",1500,"A",,"A",,"G",50,"A",,"G",50,"A",,2
129367,"R",52391,"A",,"A",,"G",1746,"A",,"G",1746,"A",,2
129428,"A",,"A",,"R",11267,"A",,"G",469,"A",,"G",469,-2
129446,"R",1207,"A",,"A",,"G",40,"A",,"G",40,"A",,2
129482,"R",9391,"A",,"A",,"G",313,"A",,"G",313,"A",,2
129491,"A",,"A",,"R",1685,"A",,"G",70,"A",,"G",70,-2
129525,"R",150128,"A",,"R",27950,"G",5004,"G",1165,"G",5004,"G",1165,2
129534,"R",392,"A",,"R",2026,"G",13,"G",84,"G",13,"G",84,2
129543,"R",79458,"A",,"A",,"G",2649,"A",,"G",2649,"A",,2
129613,"R",39668,"A",,"A",,"G",882,"A",,"G",882,"A",,2
129640,"A",,"R",50400,"A",,"G",56,"A",,"G",56,"A",,1
129686,"R",1527,"A",,"R",70,"G",51,"G",3,"R",64,"G",3,2
129695,"R",104175,"A",,"A",,"G",3473,"A",,"G",3473,"A",,2
129729,"R",90644,"A",,"A",,"G",3021,"A",,"G",3021,"A",,2
129756,"R",39376,"A",,"A",,"G",1313,"A",,"G",1313,"A",,2
129774,"R",20042,"A",,"A",,"G",668,"A",,"G",668,"A",,2
129808,"R",59156,"A",,"A",,"G",1972,"A",,"G",1972,"A",,2
129880,"R",1500,"A",,"A",,"G",50,"A",,"G",50,"A",,2
129923,"R",50394,"A",,"A",,"G",1680,"A",,"G",1680,"A",,2
129932,"A",,"R",268626,"A",,"G",298,"A",,"G",298,"A",,1
129941,"R",60864,"A",,"R",36112,"G",2029,"G",1505,"G",2029,"G",1505,2
129969,"R",6128,"A",,"A",,"G",204,"A",,"G",204,"A",,2
130004,"R",62129,"R",41418,"A",,"G",2117,"A",,"G",2117,"A",,3
130040,"R",22816,"A",,"A",,"G",761,"A",,"G",761,"A",,2
130110,"R",6714,"A",,"A",,"G",224,"A",,"G",224,"A",,2
130129,"A",,"R",81255,"A",,"G",90,"A",,"G",90,"A",,1
130174,"R",40000,"A",,"A",,"G",889,"A",,"G",889,"A",,2
130183,"R",30805,"A",,"R",0,"G",1027,"G",0,"G",1027,"Z",0,2
130217,"R",23783,"A",,"A",,"G",793,"A",,"G",793,"A",,2
130226,"R",161420,"A",,"R",23967,"G",5381,"G",999,"G",5381,"G",999,2
130253,"R",107071,"A",,"R",33714,"G",3569,"G",1405,"G",3569,"G",1405,2
130271,"R",223,"A",,"A",,"G",7,"A",,"G",7,"A",,2
130314,"R",17004,"A",,"R",23967,"G",567,"G",999,"G",567,"G",999,2
130396,"R",92956,"A",,"A",,"G",3099,"A",,"G",3099,"A",,2
130448,"R",6332,"A",,"A",,"G",211,"A",,"G",211,"A",,2
130493,"R",208158,"A",,"R",61103,"G",6939,"G",2546,"G",6939,"G",2546,2
130509,"R",19444,"A",,"A",,"G",648,"A",,"G",648,"A",,2
130581,"A",,"A",,"R",5001,"A",,"G",208,"A",,"G",208,-2
130590,"R",55584,"A",,"R",2624,"G",1853,"G",109,"G",1853,"G",109,2
130606,"R",67323,"A",,"A",,"G",2244,"A",,"G",2244,"A",,2
130624,"R",17203,"A",,"A",,"G",573,"A",,"G",573,"A",,2
130697,"R",90423,"A",,"R",6424,"G",3014,"G",268,"G",3014,"G",268,2
130776,"R",132321,"A",,"R",11638,"G",4411,"G",485,"G",4411,"G",485,2
130785,"A",,"A",,"R",360,"A",,"G",10,"A",,"G",10,-2
130794,"R",144855,"A",,"R",109962,"G",4829,"G",4582,"G",4829,"G",4582,2
130837,"A",,"R",58480,"A",,"G",65,"A",,"G",65,"A",,1
130873,"R",3966,"A",,"A",,"G",132,"A",,"G",132,"A",,2
130891,"R",82473,"A",,"A",,"G",2749,"A",,"G",2749,"A",,2
130907,"R",53505,"A",,"A",,"G",1784,"A",,"G",1784,"A",,2
130916,"R",179522,"A",,"A",,"G",5984,"A",,"G",5984,"A",,2
130934,"R",73835,"A",,"R",5165,"G",2461,"G",215,"G",2461,"G",215,2
130943,"R",502762,"A",,"R",58127,"G",16759,"G",2422,"G",16759,"G",2422,2
130989,"R",30317,"A",,"R",4836,"G",1011,"G",202,"G",1011,"G",202,2
131061,"A",,"R",176796,"A",,"G",196,"A",,"G",196,"A",,1
131098,"R",48620,"A",,"R",2371,"G",1621,"G",99,"G",1621,"G",99,2
131113,"R",95885,"A",,"R",49238,"G",3196,"G",2052,"G",3196,"G",2052,2
131159,"R",173228,"A",,"R",60105,"G",5774,"G",2504,"G",5774,"G",2504,2
131283,"R",81728,"A",,"R",57521,"G",2724,"G",2397,"G",2724,"G",2397,2
131308,"R",13517,"A",,"R",57,"G",451,"G",2,"R",563,"R",2,2
131399,"R",89336,"A",,"R",2637,"G",2978,"G",110,"G",2978,"G",110,2
131405,"A",,"A",,"R",1383,"A",,"G",58,"A",,"G",58,-2
131450,"R",32599,"A",,"R",8705,"G",1087,"G",363,"G",1087,"G",363,2
131469,"R",309390,"A",,"R",167718,"G",10313,"G",6988,"G",10313,"G",6988,2
131496,"R",195991,"A",,"R",72592,"G",6533,"G",3025,"G",6533,"G",3025,2
131511,"A",,"R",149379,"A",,"G",166,"A",,"G",166,"A",,1
131520,"R",203670,"A",,"R",55389,"G",6789,"G",2308,"G",6789,"G",2308,2
131566,"A",,"R",153900,"A",,"G",171,"A",,"G",171,"A",,1
131742,"A",,"R",1637739,"A",,"G",1820,"A",,"G",1820,"A",,1
131788,"R",18409,"A",,"R",7857,"G",409,"G",218,"G",409,"G",218,2
131803,"R",560691,"A",,"R",109530,"G",12460,"G",3043,"G",12460,"G",3043,2
131830,"R",1410,"A",,"A",,"G",47,"A",,"G",47,"A",,2
131876,"R",22019,"A",,"R",12127,"G",734,"G",505,"G",734,"G",505,2
131973,"A",,"A",,"R",8957,"A",,"G",373,"A",,"G",373,-2
132268,"A",,"R",463500,"A",,"G",515,"A",,"G",515,"A",,1
132338,"R",144288,"A",,"A",,"G",3206,"A",,"G",3206,"A",,2
132374,"A",,"R",1476000,"A",,"G",1640,"A",,"G",1640,"A",,1
132408,"R",14245,"A",,"A",,"G",475,"A",,"G",475,"A",,2
132471,"R",154895,"A",,"R",49760,"G",5163,"G",2073,"G",5163,"G",2073,2
132523,"A",,"A",,"R",456,"A",,"G",19,"A",,"R",24,-2
132602,"R",79750,"A",,"A",,"G",2658,"A",,"G",2658,"A",,2
132657,"R",58079,"A",,"R",8735,"G",1936,"G",364,"G",1936,"G",364,2
132666,"A",,"R",122980,"A",,"G",137,"A",,"G",137,"A",,1
132675,"A",,"R",140926,"A",,"G",157,"A",,"G",157,"A",,1
132693,"R",267357,"R",1395160,"A",,"G",10462,"A",,"G",10462,"A",,3
132709,"R",654317,"R",448270,"A",,"G",22309,"A",,"G",22309,"A",,3
132806,"R",18652,"A",,"A",,"G",622,"A",,"G",622,"A",,2
132842,"R",11726,"A",,"R",11715,"G",391,"G",488,"G",391,"G",488,2
132851,"R",116556,"R",399915,"A",,"G",4330,"A",,"G",4330,"A",,3
132879,"R",5521,"A",,"A",,"G",184,"A",,"G",184,"A",,2
132903,"R",926227,"A",,"R",120616,"G",30874,"G",5026,"G",30874,"G",5026,2
132976,"A",,"R",960000,"A",,"G",1067,"A",,"G",1067,"A",,1
133021,"R",42842,"R",179342,"A",,"G",1627,"A",,"G",1627,"A",,3
133085,"R",18567,"A",,"A",,"G",619,"A",,"G",619,"A",,2
133155,"A",,"R",820915,"A",,"G",912,"A",,"G",912,"A",,1
133386,"R",232533,"R",1185102,"A",,"G",9068,"A",,"G",9068,"A",,3
133465,"R",21384,"A",,"A",,"G",475,"A",,"G",475,"A",,2
133492,"R",53627,"A",,"A",,"G",1788,"A",,"G",1788,"A",,2
133508,"R",215262,"R",6585,"A",,"G",7183,"A",,"G",7183,"A",,3
133526,"R",35520,"A",,"A",,"G",1184,"A",,"G",1184,"A",,2
133553,"R",133678,"A",,"R",5806,"G",4456,"G",242,"G",4456,"G",242,2
133650,"R",307141,"A",,"R",34492,"G",10238,"G",1437,"G",10238,"G",1437,2
133669,"R",485368,"A",,"R",68117,"G",16179,"G",2838,"G",16179,"G",2838,2
133702,"R",453904,"R",2775648,"A",,"G",18214,"A",,"G",18214,"A",,3
133711,"R",61922,"A",,"A",,"G",2064,"A",,"R",2064,"A",,2
133739,"A",,"R",68933,"A",,"G",77,"A",,"G",77,"A",,1
133809,"R",13845,"A",,"A",,"G",462,"A",,"G",462,"A",,2
133845,"A",,"R",437882,"A",,"G",487,"A",,"G",487,"A",,1
133854,"A",,"R",399883,"A",,"G",444,"A",,"G",444,"A",,1
133863,"A",,"R",564677,"A",,"G",627,"A",,"G",627,"A",,1
133872,"R",36483,"A",,"A",,"G",1216,"A",,"G",1216,"A",,2
133881,"R",69578,"A",,"R",33221,"G",2319,"G",1384,"R",2270,"R",1421,2
133942,"A",,"R",114912,"A",,"G",128,"A",,"G",128,"A",,1
133951,"R",720931,"A",,"R",114838,"G",24031,"G",4785,"G",24031,"G",4785,2
133960,"R",24429,"R",35566,"A",,"G",854,"A",,"G",854,"A",,3
133979,"Z",0,"R",1700998,"R",900,"G",1890,"G",38,"G",1890,"G",38,1
133997,"R",177888,"A",,"A",,"G",3953,"A",,"R",3706,"A",,2
134079,"R",59168,"A",,"R",905,"G",1972,"G",38,"G",1972,"G",38,2
134097,"R",847651,"A",,"R",131765,"G",28255,"G",5490,"G",28255,"G",5490,2
134112,"R",43706,"A",,"A",,"G",1457,"A",,"G",1457,"A",,2
134121,"R",11095,"A",,"A",,"G",370,"A",,"G",370,"A",,2
134130,"R",1006360,"A",,"R",302121,"G",33545,"G",12588,"G",33545,"G",12588,2
134149,"R",55100,"A",,"R",2940,"G",1224,"G",82,"G",1224,"G",82,2
134228,"A",,"R",25200,"A",,"G",28,"A",,"G",28,"A",,1
134237,"R",341496,"A",,"A",,"G",11383,"A",,"G",11383,"A",,2
134291,"A",,"R",907100,"A",,"G",1008,"A",,"G",1008,"A",,1
134307,"A",,"R",340727,"A",,"G",379,"A",,"G",379,"A",,1
134343,"R",121219,"R",173306,"A",,"G",4233,"A",,"G",4233,"A",,3
134422,"R",5240,"A",,"A",,"G",116,"A",,"R",110,"A",,2
134495,"R",430096,"R",1323432,"A",,"G",15807,"A",,"G",15807,"A",,3
134510,"R",3212,"A",,"A",,"G",107,"A",,"R",116,"A",,2
134574,"A",,"R",116569,"A",,"G",130,"A",,"G",130,"A",,1
134608,"R",211147,"R",1765268,"A",,"G",9000,"A",,"G",9000,"A",,3
134680,"R",97447,"A",,"A",,"G",2165,"A",,"G",2165,"A",,2
134714,"A",,"R",229490,"A",,"G",255,"A",,"R",255,"A",,1
134811,"R",66070,"A",,"R",3138,"G",1468,"G",87,"G",1468,"G",87,2
134875,"R",2800,"A",,"A",,"G",62,"A",,"G",62,"A",,2
134909,"R",26335,"A",,"A",,"G",585,"A",,"G",585,"A",,2
134945,"R",68939,"A",,"R",5161,"G",2298,"G",215,"G",2298,"G",215,2
135063,"R",16887,"A",,"A",,"G",563,"A",,"G",563,"A",,2
135081,"R",241036,"A",,"A",,"G",8035,"A",,"G",8035,"A",,2
135124,"A",,"R",194344,"A",,"G",216,"A",,"G",216,"A",,1
135142,"A",,"R",342358,"A",,"G",380,"A",,"G",380,"A",,1
135160,"R",51315,"R",489184,"A",,"G",2254,"A",,"G",2254,"A",,3
135179,"A",,"R",532325,"A",,"G",591,"A",,"G",591,"A",,1
135188,"R",63112,"A",,"A",,"G",2104,"A",,"G",2104,"A",,2
135267,"A",,"R",579158,"A",,"G",644,"A",,"G",644,"A",,1
135276,"A",,"R",796455,"A",,"G",885,"A",,"G",885,"A",,1
135294,"A",,"R",900,"A",,"G",1,"A",,"G",1,"A",,1
135337,"A",,"R",10064,"A",,"G",11,"A",,"G",11,"A",,1
135364,"R",6693,"A",,"R",5274,"G",223,"G",220,"G",223,"G",220,2
135391,"R",189732,"A",,"A",,"G",6324,"A",,"G",6324,"A",,2
135407,"A",,"R",1080000,"A",,"G",1200,"A",,"R",1200,"A",,1
135416,"A",,"R",336230,"A",,"G",374,"A",,"G",374,"A",,1
135434,"A",,"R",435050,"A",,"G",483,"A",,"G",483,"A",,1
135522,"A",,"R",975240,"A",,"G",1084,"A",,"G",1084,"A",,1
135610,"R",4857,"A",,"R",1292,"G",162,"G",54,"G",162,"G",54,2
135647,"A",,"R",1799178,"A",,"G",1999,"A",,"G",1999,"A",,1
135717,"R",1396566,"R",1320271,"A",,"G",48019,"A",,"G",48019,"A",,3
135726,"R",294115,"A",,"R",56957,"G",9804,"G",2373,"G",9804,"G",2373,2
135735,"A",,"R",1989299,"A",,"G",2210,"A",,"G",2210,"A",,1
135771,"A",,"R",574146,"A",,"G",638,"A",,"G",638,"A",,1
135939,"R",35502,"R",196880,"A",,"G",1008,"A",,"R",1008,"A",,3
135957,"A",,"R",1737600,"A",,"G",1931,"A",,"G",1931,"A",,1
136011,"A",,"R",2052000,"A",,"G",2280,"A",,"G",2280,"A",,1
136048,"A",,"R",237749,"A",,"G",264,"A",,"G",264,"A",,1
136066,"R",134651,"A",,"A",,"G",2992,"A",,"R",2053,"A",,2
136075,"R",4560,"A",,"A",,"G",101,"A",,"R",101,"A",,2
136109,"A",,"R",57600,"A",,"G",64,"A",,"R",55,"A",,1
136145,"R",21073,"R",149700,"A",,"G",869,"A",,"G",869,"A",,3
136172,"R",312659,"A",,"R",31660,"G",10422,"G",1319,"G",10422,"G",1319,2
136206,"R",40278,"A",,"A",,"G",895,"A",,"G",895,"A",,2
136215,"R",136579,"A",,"R",444164,"G",4553,"G",18507,"G",4553,"G",18507,2
136233,"R",143010,"R",144000,"A",,"G",4927,"A",,"G",4927,"A",,3
136288,"R",164400,"A",,"R",6976,"G",3653,"G",194,"G",3653,"G",194,2
136303,"A",,"R",516241,"A",,"G",574,"A",,"G",574,"A",,1
136330,"R",67010,"A",,"R",9352,"G",2234,"G",390,"G",2234,"G",390,2
136358,"R",395255,"R",2041529,"A",,"G",15444,"A",,"G",15444,"A",,3
136400,"R",125014,"R",354687,"A",,"G",4561,"A",,"G",4561,"A",,3
136473,"R",218159,"R",344940,"A",,"G",7655,"A",,"G",7655,"A",,3
136491,"A",,"R",1314725,"A",,"G",1461,"A",,"G",1461,"A",,1
136516,"R",131207,"R",112316,"A",,"G",4498,"A",,"G",4498,"A",,3
136659,"A",,"R",188684,"A",,"G",210,"A",,"G",210,"A",,1
136701,"A",,"A",,"R",122,"A",,"G",5,"A",,"R",19,-2
136738,"R",30150,"A",,"A",,"G",670,"A",,"G",670,"A",,2
136747,"A",,"R",214500,"A",,"G",238,"A",,"R",238,"A",,1
136765,"A",,"R",859132,"A",,"G",955,"A",,"G",955,"A",,1
136774,"R",13095,"A",,"A",,"G",437,"A",,"G",437,"A",,2
136783,"A",,"R",225600,"A",,"G",251,"A",,"G",251,"A",,1
136826,"A",,"R",1779328,"A",,"G",1977,"A",,"G",1977,"A",,1
136950,"R",94476,"A",,"R",17911,"G",3149,"G",746,"G",3149,"G",746,2
136996,"A",,"R",84840,"A",,"G",94,"A",,"G",94,"A",,1
137023,"A",,"R",455731,"A",,"G",506,"A",,"G",506,"A",,1
137032,"R",301429,"A",,"R",9452,"G",10048,"G",394,"G",10048,"G",394,2
137078,"R",483583,"R",24525,"A",,"G",16147,"A",,"G",16147,"A",,3
137087,"A",,"R",2003125,"A",,"G",2226,"A",,"R",2409,"A",,1
137096,"R",316880,"R",577263,"A",,"G",11204,"A",,"G",11204,"A",,3
137120,"A",,"R",1039575,"A",,"G",1155,"A",,"G",1155,"A",,1
137148,"R",864,"A",,"R",30418,"G",29,"G",1267,"G",29,"G",1267,2
137209,"R",247963,"R",1147146,"A",,"G",9540,"A",,"G",9540,"A",,3
137245,"A",,"R",1009800,"A",,"G",1122,"A",,"G",1122,"A",,1
137272,"R",1623,"A",,"R",69,"G",54,"G",3,"G",54,"G",3,2
137281,"R",90494,"R",544020,"A",,"G",3621,"A",,"G",3621,"A",,3
137315,"R",39933,"R",562772,"A",,"G",1956,"A",,"G",1956,"A",,3
137351,"R",825084,"A",,"R",147144,"G",27503,"G",6131,"G",27503,"G",6131,2
137476,"R",42076,"A",,"R",14406,"G",1403,"G",600,"G",1403,"G",600,2
137537,"A",,"R",377424,"A",,"G",419,"A",,"G",419,"A",,1
137546,"R",61231,"A",,"R",6584,"G",2041,"G",274,"G",2041,"G",274,2
137564,"R",45057,"A",,"A",,"G",1502,"A",,"G",1502,"A",,2
137591,"A",,"R",299586,"A",,"G",333,"A",,"G",333,"A",,1
137625,"A",,"R",44099,"A",,"G",49,"A",,"G",49,"A",,1
137713,"A",,"R",318740,"A",,"G",354,"A",,"G",354,"A",,1
137759,"R",275060,"R",147394,"A",,"G",9332,"A",,"G",9332,"A",,3
137777,"R",330,"A",,"R",160,"G",11,"G",7,"G",11,"G",7,2
137801,"R",269184,"R",780,"R",7784,"G",5983,"G",216,"G",5983,"G",216,3
137810,"R",34368,"A",,"R",1480,"G",764,"G",41,"G",764,"G",41,2
137847,"R",123248,"A",,"R",9002,"G",4108,"G",375,"G",4108,"G",375,2
137856,"A",,"R",320850,"A",,"G",357,"A",,"G",357,"A",,1
137865,"A",,"R",288742,"A",,"G",321,"A",,"G",321,"A",,1
137892,"A",,"R",652080,"A",,"G",725,"A",,"R",627,"A",,1
137953,"R",10932,"A",,"R",364,"G",364,"G",15,"G",364,"G",15,2
137962,"R",4718,"A",,"A",,"G",157,"A",,"G",157,"A",,2
138132,"A",,"R",169580,"A",,"G",188,"A",,"G",188,"A",,1
138187,"R",625403,"R",213920,"A",,"G",21084,"A",,"G",21084,"A",,3
138275,"R",29110,"A",,"R",1058,"G",970,"G",44,"G",970,"G",44,2
138284,"A",,"R",619013,"A",,"G",688,"A",,"G",688,"A",,1
138293,"R",16008,"A",,"R",849,"G",534,"G",35,"G",534,"G",35,2
138309,"R",4740,"A",,"A",,"G",105,"A",,"R",105,"A",,2
138336,"R",9300,"A",,"A",,"G",207,"A",,"R",216,"A",,2
138354,"R",204519,"A",,"R",23085,"G",6817,"G",962,"G",6817,"G",962,2
138372,"A",,"R",645641,"A",,"G",717,"A",,"G",717,"A",,1
138479,"A",,"R",603000,"A",,"G",670,"A",,"G",670,"A",,1
138488,"A",,"R",374419,"A",,"G",416,"A",,"G",416,"A",,1
138497,"A",,"R",544216,"A",,"G",605,"A",,"G",605,"A",,1
138558,"R",79106,"A",,"A",,"G",2637,"A",,"G",2637,"A",,2
138594,"A",,"R",843592,"A",,"G",937,"A",,"G",937,"A",,1
138600,"R",25037,"A",,"R",1382,"G",835,"G",58,"G",835,"G",58,2
138655,"R",5280,"A",,"A",,"G",176,"A",,"G",176,"A",,2
138664,"R",1620,"A",,"A",,"G",54,"A",,"G",54,"A",,2
138682,"R",133034,"A",,"A",,"G",2956,"A",,"G",2956,"A",,2
138691,"R",93533,"A",,"A",,"G",3118,"A",,"G",3118,"A",,2
138716,"R",91069,"A",,"R",8185,"G",3036,"G",341,"G",3036,"G",341,2
138725,"R",955806,"A",,"R",143970,"G",21240,"G",3999,"G",21240,"G",3999,2
138761,"R",9478,"A",,"A",,"G",316,"A",,"G",316,"A",,2
138789,"R",144423,"A",,"R",15929,"G",4814,"G",664,"G",4814,"G",664,2
138813,"R",122488,"A",,"A",,"G",2722,"A",,"G",2722,"A",,2
138822,"A",,"R",416868,"A",,"G",463,"A",,"G",463,"A",,1
138840,"R",163081,"A",,"A",,"G",3624,"A",,"G",3624,"A",,2
138868,"R",10520,"A",,"A",,"G",351,"A",,"G",351,"A",,2
138877,"R",8791,"A",,"A",,"G",293,"A",,"G",293,"A",,2
138901,"R",45494,"A",,"A",,"G",1516,"A",,"G",1516,"A",,2
138938,"A",,"R",351360,"A",,"G",390,"A",,"G",390,"A",,1
138947,"R",121360,"A",,"R",15728,"G",4045,"G",655,"G",4045,"G",655,2
138956,"R",170369,"A",,"A",,"G",3786,"A",,"G",3786,"A",,2
138983,"R",140472,"A",,"R",8719,"G",4682,"G",363,"G",4682,"G",363,2
139010,"R",50298,"A",,"A",,"G",1677,"A",,"G",1677,"A",,2
139074,"R",31045,"A",,"A",,"G",690,"A",,"G",690,"A",,2
139092,"A",,"R",92233,"A",,"G",102,"A",,"G",102,"A",,1
139126,"R",68382,"A",,"A",,"G",1520,"A",,"G",1520,"A",,2
139144,"R",54302,"A",,"R",2577,"G",1810,"G",107,"G",1810,"G",107,2
139153,"R",11508,"A",,"A",,"G",384,"A",,"R",420,"A",,2
139199,"R",41555,"A",,"R",9278,"G",1385,"G",387,"G",1385,"G",387,2
139205,"R",31826,"A",,"A",,"G",1061,"A",,"G",1061,"A",,2
139214,"R",7896,"A",,"A",,"G",175,"A",,"R",147,"A",,2
139250,"R",56993,"A",,"A",,"G",1900,"A",,"G",1900,"A",,2
139278,"R",92211,"A",,"A",,"G",2049,"A",,"G",2049,"A",,2
139311,"R",137943,"A",,"A",,"G",4598,"A",,"G",4598,"A",,2
139348,"A",,"A",,"R",2407,"A",,"G",100,"A",,"G",100,-2
139357,"R",159701,"A",,"A",,"G",3549,"A",,"G",3549,"A",,2
139366,"R",156293,"A",,"R",15964,"G",5210,"G",665,"G",5210,"G",665,2
139384,"R",110498,"A",,"A",,"G",2456,"A",,"G",2456,"A",,2
139393,"R",29915,"A",,"R",630,"G",997,"G",26,"G",997,"G",26,2
139463,"R",84271,"A",,"A",,"G",2809,"A",,"G",2809,"A",,2
139506,"A",,"R",217500,"A",,"G",242,"A",,"G",242,"A",,1
139533,"R",152881,"A",,"R",30567,"G",5096,"G",1274,"G",5096,"G",1274,2
139579,"R",19588,"A",,"R",6181,"G",435,"G",172,"G",435,"G",172,2
139621,"R",30907,"A",,"A",,"G",1030,"A",,"G",1030,"A",,2
139630,"R",19436,"A",,"A",,"G",648,"A",,"G",648,"A",,2
139658,"R",211242,"A",,"R",111672,"G",7041,"G",4653,"R",6297,"R",3503,2
139700,"R",74249,"A",,"A",,"G",2475,"A",,"G",2475,"A",,2
139719,"R",68448,"A",,"R",4002,"G",2282,"G",167,"G",2282,"G",167,2
139746,"R",5824,"A",,"A",,"G",129,"A",,"R",90,"A",,2
139755,"R",342613,"A",,"R",190564,"G",11420,"G",7940,"G",11420,"G",7940,2
139764,"R",56488,"A",,"R",5421,"G",1883,"G",226,"G",1883,"G",226,2
139773,"R",122634,"A",,"A",,"G",4088,"A",,"G",4088,"A",,2
139861,"R",129479,"A",,"R",18913,"G",4316,"G",788,"G",4316,"G",788,2
139898,"A",,"R",1510320,"A",,"G",1678,"A",,"G",1678,"A",,1
139904,"R",52733,"A",,"A",,"G",1172,"A",,"G",1172,"A",,2
139931,"R",394468,"A",,"R",30498,"G",13149,"G",1271,"G",13149,"G",1271,2
139940,"R",534480,"A",,"R",158578,"G",17816,"G",6607,"G",17816,"G",6607,2
139959,"R",729075,"A",,"R",168972,"G",24303,"G",7041,"R",24043,"R",5670,2
139968,"R",82591,"A",,"A",,"G",2753,"A",,"G",2753,"A",,2
139986,"R",135123,"A",,"A",,"G",3003,"A",,"G",3003,"A",,2
139995,"R",10275,"A",,"A",,"G",228,"A",,"G",228,"A",,2
140003,"R",17604,"A",,"A",,"G",391,"A",,"G",391,"A",,2
140012,"R",165521,"A",,"A",,"G",3678,"A",,"G",3678,"A",,2
140076,"R",54450,"A",,"A",,"G",1210,"A",,"G",1210,"A",,2
140085,"R",109314,"A",,"A",,"G",2429,"A",,"G",2429,"A",,2
140146,"A",,"A",,"R",11002,"A",,"G",458,"A",,"G",458,-2
140164,"R",394555,"A",,"R",31610,"G",13152,"G",1317,"G",13152,"G",1317,2
140191,"R",23422,"A",,"A",,"G",520,"A",,"G",520,"A",,2
140234,"R",27061,"A",,"R",1118,"G",902,"G",47,"G",902,"G",47,2
140243,"R",113335,"A",,"A",,"G",2519,"A",,"G",2519,"A",,2
140252,"R",19696,"A",,"R",1025,"G",438,"G",28,"G",438,"G",28,2
140304,"R",218236,"A",,"A",,"G",4850,"A",,"G",4850,"A",,2
140322,"R",120224,"A",,"A",,"G",4007,"A",,"G",4007,"A",,2
140331,"R",198973,"A",,"A",,"G",4422,"A",,"G",4422,"A",,2
140340,"R",9936,"A",,"A",,"G",331,"A",,"G",331,"A",,2
140401,"R",26912,"A",,"R",75102,"G",897,"G",3129,"G",897,"G",3129,2
140447,"R",131501,"A",,"R",21570,"G",4383,"G",899,"G",4383,"G",899,2
140483,"R",63765,"A",,"A",,"G",2126,"A",,"G",2126,"A",,2
140553,"R",88344,"A",,"A",,"G",2945,"A",,"G",2945,"A",,2
140562,"A",,"A",,"R",1000,"A",,"G",42,"A",,"G",42,-2
140599,"R",78544,"A",,"A",,"G",1745,"A",,"G",1745,"A",,2
140669,"R",112651,"A",,"R",10300,"G",3755,"G",429,"G",3755,"G",429,2
140678,"R",84510,"A",,"A",,"G",1878,"A",,"G",1878,"A",,2
140696,"R",29260,"A",,"R",1476,"G",975,"G",62,"G",975,"G",62,2
140711,"A",,"R",33600,"A",,"G",37,"A",,"R",37,"A",,1
140720,"R",28252,"A",,"A",,"G",942,"A",,"G",942,"A",,2
140809,"R",37689,"A",,"A",,"G",838,"A",,"G",838,"A",,2
140818,"Z",0,"R",937260,"R",23331,"G",1041,"G",972,"G",1041,"G",972,1
140827,"R",10756,"A",,"A",,"G",239,"A",,"G",239,"A",,2
140872,"R",30539,"A",,"A",,"G",1018,"A",,"G",1018,"A",,2
140942,"R",148192,"A",,"A",,"G",3293,"A",,"G",3293,"A",,2
140951,"R",241653,"A",,"R",37910,"G",5370,"G",1053,"G",5370,"G",1053,2
140960,"R",75043,"A",,"R",3746,"G",2501,"G",156,"G",2501,"G",156,2
140988,"R",60614,"A",,"R",2905,"G",2020,"G",121,"G",2020,"G",121,2
140997,"R",32816,"A",,"A",,"G",1094,"A",,"G",1094,"A",,2
141006,"R",75365,"A",,"A",,"G",1675,"A",,"G",1675,"A",,2
141015,"R",8663,"A",,"A",,"G",193,"A",,"G",193,"A",,2
141060,"R",64155,"A",,"A",,"G",2139,"A",,"G",2139,"A",,2
141097,"R",83013,"A",,"R",9369,"G",2767,"G",390,"G",2767,"G",390,2
141121,"R",30782,"A",,"A",,"G",684,"A",,"G",684,"A",,2
141158,"R",67109,"A",,"A",,"G",1491,"A",,"G",1491,"A",,2
141167,"R",17592,"A",,"R",2073,"G",586,"G",86,"G",586,"G",86,2
141185,"R",24253,"A",,"A",,"G",808,"A",,"G",808,"A",,2
141228,"R",77827,"A",,"A",,"G",1729,"A",,"G",1729,"A",,2
141237,"R",10701,"A",,"A",,"G",357,"A",,"G",357,"A",,2
141255,"R",94659,"A",,"A",,"G",2104,"A",,"G",2104,"A",,2
141264,"R",242389,"A",,"R",28983,"G",8080,"G",1208,"G",8080,"G",1208,2
141273,"R",88612,"A",,"A",,"G",1969,"A",,"G",1969,"A",,2
141307,"R",20226,"A",,"A",,"G",674,"A",,"G",674,"A",,2
141325,"R",17896,"A",,"R",1718,"G",597,"G",72,"R",596,"R",85,2
141334,"R",224637,"A",,"R",29756,"G",7488,"G",1240,"G",7488,"G",1240,2
141361,"R",18808,"A",,"A",,"G",627,"A",,"G",627,"A",,2
141468,"R",61005,"A",,"A",,"G",1356,"A",,"G",1356,"A",,2
141486,"R",59460,"A",,"R",13508,"G",1982,"G",563,"G",1982,"G",563,2
141565,"R",84480,"A",,"R",426,"G",2816,"G",18,"G",2816,"G",18,2
141574,"R",396674,"A",,"R",74614,"G",13222,"G",3109,"G",13222,"G",3109,2
141583,"R",13660,"A",,"A",,"G",304,"A",,"G",304,"A",,2
141608,"A",,"R",95300,"A",,"G",106,"A",,"G",106,"A",,1
141644,"R",161290,"A",,"R",21814,"G",5376,"G",909,"R",5093,"R",826,2
141671,"A",,"R",64297,"A",,"G",71,"A",,"G",71,"A",,1
141680,"R",75246,"A",,"A",,"G",2508,"A",,"G",2508,"A",,2
141796,"R",138203,"A",,"A",,"G",4607,"A",,"G",4607,"A",,2
141802,"R",18921,"A",,"A",,"G",631,"A",,"G",631,"A",,2
141811,"R",111584,"A",,"A",,"G",3719,"A",,"G",3719,"A",,2
141839,"R",51191,"A",,"A",,"G",1706,"A",,"G",1706,"A",,2
141848,"A",,"R",71550,"A",,"G",80,"A",,"G",80,"A",,1
141857,"A",,"R",279000,"A",,"G",310,"A",,"G",310,"A",,1
141945,"R",9030,"R",64800,"A",,"G",373,"A",,"G",373,"A",,3
141981,"R",15472,"A",,"A",,"G",516,"A",,"G",516,"A",,2
141990,"R",32553,"A",,"A",,"G",1085,"A",,"G",1085,"A",,2
142054,"R",44175,"R",396164,"A",,"G",1913,"A",,"G",1913,"A",,3
142090,"R",2590,"A",,"A",,"G",86,"A",,"R",94,"A",,2
142115,"R",411686,"A",,"R",26616,"G",13723,"G",1109,"G",13723,"G",1109,2
142124,"A",,"R",99610,"A",,"G",111,"A",,"G",111,"A",,1
142179,"R",19307,"A",,"A",,"G",644,"A",,"G",644,"A",,2
142276,"R",155733,"A",,"R",21484,"G",5191,"G",895,"G",5191,"G",895,2
142285,"R",261946,"A",,"R",46931,"G",8732,"G",1955,"G",8732,"G",1955,2
142294,"R",24845,"A",,"R",583,"G",828,"G",24,"G",828,"G",24,2
142328,"R",78599,"A",,"A",,"G",2620,"A",,"G",2620,"A",,2
142337,"R",24008,"A",,"A",,"G",534,"A",,"G",534,"A",,2
142407,"A",,"R",62361,"A",,"G",69,"A",,"G",69,"A",,1
142416,"A",,"R",2000,"A",,"G",2,"A",,"R",31,"A",,1
142443,"R",102585,"A",,"A",,"G",3420,"A",,"G",3420,"A",,2
142461,"R",31793,"A",,"R",7343,"G",1060,"G",306,"R",994,"R",408,2
142489,"A",,"R",62700,"A",,"G",70,"A",,"G",70,"A",,1
142522,"R",398467,"A",,"A",,"G",13282,"A",,"G",13282,"A",,2
142559,"R",142346,"A",,"A",,"G",4745,"A",,"G",4745,"A",,2
142832,"A",,"A",,"R",8000,"A",,"G",222,"A",,"G",222,-2
142869,"A",,"R",51480,"A",,"G",57,"A",,"G",57,"A",,1
142878,"A",,"R",60130,"A",,"G",67,"A",,"G",67,"A",,1
142887,"R",11784,"A",,"R",195,"G",393,"G",8,"G",393,"G",8,2
143048,"R",57479,"A",,"R",14578,"G",1916,"G",607,"G",1916,"G",607,2
143075,"R",48801,"A",,"A",,"G",1627,"A",,"G",1627,"A",,2
143084,"R",69286,"A",,"A",,"G",1540,"A",,"R",2310,"A",,2
143118,"R",43943,"A",,"R",48004,"G",1465,"G",2000,"G",1465,"G",2000,2
143163,"R",4364,"A",,"R",69,"G",97,"G",2,"G",97,"G",2,2
143181,"A",,"R",67776,"A",,"G",75,"A",,"G",75,"A",,1
143215,"R",272717,"A",,"A",,"G",9091,"A",,"G",9091,"A",,2
143233,"A",,"A",,"R",1270,"A",,"G",53,"A",,"R",47,-2
143279,"R",156804,"A",,"A",,"G",5227,"A",,"G",5227,"A",,2
143288,"R",18323,"A",,"A",,"G",611,"A",,"G",611,"A",,2
143297,"R",3015,"A",,"A",,"G",101,"A",,"R",164,"A",,2
143303,"A",,"R",38000,"A",,"G",42,"A",,"G",42,"A",,1
143358,"R",153204,"A",,"R",13152,"G",5107,"G",548,"G",5107,"G",548,2
143376,"A",,"R",275580,"A",,"G",306,"A",,"G",306,"A",,1
143464,"A",,"R",140461,"A",,"G",156,"A",,"G",156,"A",,1
143473,"A",,"R",188400,"A",,"G",209,"A",,"G",209,"A",,1
143482,"A",,"R",168724,"A",,"G",187,"A",,"G",187,"A",,1
143491,"R",410726,"A",,"A",,"G",13691,"A",,"G",13691,"A",,2
143507,"A",,"R",117980,"A",,"G",131,"A",,"G",131,"A",,1
143516,"A",,"R",208476,"A",,"G",232,"A",,"G",232,"A",,1
143534,"A",,"R",62010,"A",,"G",69,"A",,"G",69,"A",,1
143543,"A",,"R",75000,"A",,"G",83,"A",,"R",75,"A",,1
143552,"A",,"R",84637,"A",,"G",94,"A",,"G",94,"A",,1
143613,"R",79127,"A",,"A",,"G",2638,"A",,"G",2638,"A",,2
143659,"A",,"A",,"R",3932,"A",,"G",164,"A",,"R",164,-2
143695,"A",,"R",39350,"A",,"G",44,"A",,"G",44,"A",,1
143853,"R",1873,"A",,"R",7782,"G",42,"G",216,"R",64,"R",333,2
143880,"R",6900,"R",20700,"A",,"G",176,"A",,"G",176,"A",,3
143978,"A",,"A",,"R",11491,"A",,"G",479,"A",,"R",527,-2
144005,"R",113114,"A",,"R",30040,"G",3770,"G",1252,"G",3770,"G",1252,2
144014,"A",,"A",,"R",550,"A",,"G",23,"A",,"G",23,-2
144050,"R",236305,"A",,"R",312096,"G",5251,"G",8669,"R",4529,"R",8102,2
144157,"R",137696,"A",,"A",,"G",4590,"A",,"G",4590,"A",,2
144166,"R",206707,"A",,"A",,"G",6890,"A",,"G",6890,"A",,2
144175,"R",123875,"A",,"A",,"G",4129,"A",,"G",4129,"A",,2
144184,"R",325060,"A",,"A",,"G",10835,"A",,"G",10835,"A",,2
144193,"R",245761,"A",,"A",,"G",8192,"A",,"G",8192,"A",,2
144209,"R",165519,"A",,"A",,"G",5517,"A",,"G",5517,"A",,2
144218,"R",231431,"A",,"A",,"G",7714,"A",,"G",7714,"A",,2
144281,"R",247864,"A",,"R",10543,"G",8262,"G",439,"G",8262,"G",439,2
144351,"R",31500,"A",,"R",9057,"G",1050,"G",377,"G",1050,"G",377,2
144467,"R",48291,"A",,"A",,"G",1610,"A",,"G",1610,"A",,2
144485,"R",81572,"A",,"A",,"G",1813,"A",,"G",1813,"A",,2
144564,"R",60560,"A",,"A",,"G",2019,"A",,"G",2019,"A",,2
144573,"A",,"R",70168,"A",,"G",78,"A",,"G",78,"A",,1
144616,"Z",0,"R",0,"A",,"G",0,"A",,"R",0,"A",,1
144740,"R",586661,"A",,"R",170731,"G",13037,"G",4743,"G",13037,"G",4743,2
144759,"R",334369,"A",,"R",85748,"G",11146,"G",3573,"G",11146,"G",3573,2
144795,"A",,"R",78000,"A",,"G",87,"A",,"R",87,"A",,1
144856,"A",,"R",34592,"A",,"G",38,"A",,"G",38,"A",,1
144865,"R",573755,"A",,"A",,"G",12750,"A",,"G",12750,"A",,2
144883,"R",38456,"A",,"A",,"G",855,"A",,"G",855,"A",,2
144892,"R",280130,"A",,"R",34805,"G",9338,"G",1450,"G",9338,"G",1450,2
144944,"R",202589,"A",,"A",,"G",6753,"A",,"G",6753,"A",,2
144962,"R",75279,"A",,"R",3349,"G",2509,"G",140,"R",2297,"R",174,2
144971,"R",14689,"A",,"A",,"G",490,"A",,"G",490,"A",,2
145099,"A",,"R",60000,"A",,"G",67,"A",,"G",67,"A",,1
145239,"R",9358,"A",,"A",,"G",312,"A",,"G",312,"A",,2
145275,"A",,"A",,"R",5862,"A",,"G",244,"A",,"G",244,-2
145309,"R",4550,"A",,"A",,"G",101,"A",,"G",101,"A",,2
145336,"R",56345,"A",,"R",45377,"G",1878,"G",1891,"G",1878,"G",1891,2
145354,"R",1421,"A",,"A",,"G",47,"A",,"G",47,"A",,2
145372,"R",33864,"A",,"R",2391,"G",1129,"G",100,"G",1129,"G",100,2
145406,"A",,"R",191250,"A",,"G",213,"A",,"G",213,"A",,1
145424,"A",,"R",79073,"A",,"G",88,"A",,"G",88,"A",,1
145433,"A",,"R",68104,"A",,"G",76,"A",,"G",76,"A",,1
145460,"R",20550,"A",,"A",,"G",685,"A",,"G",685,"A",,2
145497,"R",10789,"A",,"A",,"G",360,"A",,"G",360,"A",,2
145521,"R",57247,"A",,"A",,"G",1908,"A",,"G",1908,"A",,2
145558,"R",189,"A",,"R",84729,"G",4,"G",2354,"R",4,"R",1687,2
145600,"R",455351,"A",,"R",170771,"G",15178,"G",7115,"G",15178,"G",7115,2
145619,"R",55973,"A",,"R",24136,"G",1866,"G",1006,"G",1866,"G",1006,2
145637,"R",879194,"A",,"R",283335,"G",29306,"G",11806,"G",29306,"G",11806,2
145646,"R",71524,"A",,"A",,"G",2384,"A",,"R",2112,"A",,2
145682,"R",241105,"A",,"A",,"G",8037,"A",,"G",8037,"A",,2
145691,"R",29874,"A",,"A",,"G",996,"A",,"R",980,"A",,2
145707,"R",46360,"A",,"A",,"G",1545,"A",,"G",1545,"A",,2
145725,"R",54101,"A",,"R",48093,"G",1803,"G",2004,"G",1803,"G",2004,2
145770,"R",945,"A",,"R",14509,"G",32,"G",605,"G",32,"G",605,2
145813,"R",505259,"A",,"R",50134,"G",16842,"G",2089,"G",16842,"G",2089,2
145831,"R",86324,"A",,"A",,"G",2877,"A",,"G",2877,"A",,2
145886,"A",,"A",,"R",1079,"A",,"G",45,"A",,"G",45,-2
146010,"R",136041,"A",,"A",,"G",3023,"A",,"G",3023,"A",,2
146205,"R",114783,"A",,"A",,"G",3826,"A",,"G",3826,"A",,2
146214,"A",,"R",28900,"A",,"G",32,"A",,"R",34,"A",,1
146241,"A",,"A",,"R",2752,"A",,"G",115,"A",,"G",115,-2
146278,"R",55361,"A",,"A",,"G",1845,"A",,"G",1845,"A",,2
146296,"R",235249,"A",,"A",,"G",7842,"A",,"G",7842,"A",,2
146339,"R",35873,"A",,"R",168,"G",1196,"G",7,"G",1196,"G",7,2
146348,"R",93508,"A",,"A",,"G",3117,"A",,"G",3117,"A",,2
146366,"R",108871,"A",,"A",,"G",3629,"A",,"G",3629,"A",,2
146393,"R",24609,"A",,"A",,"G",547,"A",,"R",421,"A",,2
146418,"R",85689,"A",,"A",,"G",2856,"A",,"G",2856,"A",,2
146427,"R",32402,"A",,"A",,"G",1080,"A",,"G",1080,"A",,2
146454,"A",,"R",47350,"A",,"G",53,"A",,"G",53,"A",,1
146472,"R",264524,"A",,"A",,"G",8817,"A",,"G",8817,"A",,2
146481,"R",41210,"A",,"R",104,"G",1374,"G",4,"G",1374,"G",4,2
146490,"A",,"A",,"R",460,"A",,"G",13,"A",,"G",13,-2
146506,"R",181964,"A",,"A",,"G",6065,"A",,"G",6065,"A",,2
146524,"R",600,"A",,"A",,"G",20,"A",,"G",20,"A",,2
146533,"R",2001,"A",,"A",,"G",67,"A",,"G",67,"A",,2
146603,"R",120093,"A",,"A",,"G",4003,"A",,"G",4003,"A",,2
146612,"R",82674,"A",,"R",21245,"G",2756,"G",885,"G",2756,"G",885,2
146621,"R",1182,"A",,"A",,"G",39,"A",,"R",43,"A",,2
146667,"R",18618,"A",,"R",2708,"G",621,"G",113,"G",621,"G",113,2
146676,"R",17033,"A",,"A",,"G",568,"A",,"G",568,"A",,2
146685,"R",130740,"A",,"A",,"G",4358,"A",,"G",4358,"A",,2
146700,"A",,"R",1273980,"A",,"G",1416,"A",,"G",1416,"A",,1
146719,"R",232999,"A",,"R",59727,"G",7767,"G",2489,"G",7767,"G",2489,2
146728,"A",,"A",,"R",5868,"A",,"G",245,"A",,"G",245,-2
146755,"R",4008,"A",,"A",,"G",134,"A",,"G",134,"A",,2
146791,"A",,"R",359730,"A",,"G",400,"A",,"G",400,"A",,1
146807,"A",,"R",92502,"A",,"G",103,"A",,"G",103,"A",,1
146816,"R",2887,"A",,"A",,"G",96,"A",,"G",96,"A",,2
146825,"R",20258,"A",,"A",,"G",675,"A",,"R",675,"A",,2
146977,"A",,"A",,"R",1197,"A",,"G",50,"A",,"R",70,-2
147004,"R",120789,"A",,"A",,"G",4026,"A",,"G",4026,"A",,2
147013,"R",58573,"A",,"R",575,"G",1952,"G",24,"G",1952,"G",24,2
147031,"A",,"A",,"R",101,"A",,"G",3,"A",,"G",3,-2
147165,"R",19312,"A",,"A",,"G",429,"A",,"G",429,"A",,2
147244,"R",82424,"A",,"R",1056,"G",2747,"G",44,"G",2747,"G",44,2
147341,"R",34296,"A",,"A",,"G",1143,"A",,"G",1143,"A",,2
147378,"R",326588,"A",,"A",,"G",10886,"A",,"G",10886,"A",,2
147396,"R",4202,"A",,"A",,"G",140,"A",,"G",140,"A",,2
147411,"R",72613,"A",,"A",,"G",2420,"A",,"G",2420,"A",,2
147439,"A",,"R",104612,"A",,"G",116,"A",,"G",116,"A",,1
147518,"R",1608,"A",,"A",,"G",54,"A",,"R",67,"A",,2
147536,"R",94020,"A",,"R",100768,"G",2089,"G",2799,"R",2351,"R",3149,2
147590,"A",,"R",59476,"A",,"G",66,"A",,"G",66,"A",,1
147642,"A",,"R",238500,"A",,"G",265,"A",,"G",265,"A",,1
147660,"R",59622,"A",,"R",4953,"G",1325,"G",138,"R",1987,"R",206,2
147679,"R",26722,"A",,"R",14126,"G",891,"G",589,"G",891,"G",589,2
147703,"R",500724,"A",,"R",98103,"G",16691,"G",4088,"G",16691,"G",4088,2
147749,"R",39103,"A",,"A",,"G",869,"A",,"G",869,"A",,2
147767,"R",364784,"A",,"R",199838,"G",8106,"G",5551,"G",8106,"G",5551,2
147776,"R",92026,"A",,"R",21116,"G",3068,"G",880,"G",3068,"G",880,2
147800,"R",241330,"A",,"A",,"G",8044,"A",,"G",8044,"A",,2
147819,"A",,"R",94500,"A",,"G",105,"A",,"G",105,"A",,1
147828,"R",71883,"A",,"R",31084,"G",2396,"G",1295,"G",2396,"G",1295,2
147916,"R",206653,"A",,"A",,"G",6888,"A",,"G",6888,"A",,2
147970,"A",,"R",198374,"A",,"G",220,"A",,"G",220,"A",,1
148007,"R",109517,"A",,"A",,"G",3651,"A",,"G",3651,"A",,2
148016,"R",24290,"A",,"A",,"G",540,"A",,"G",540,"A",,2
148098,"A",,"R",99180,"A",,"G",110,"A",,"G",110,"A",,1
148131,"R",31719,"A",,"R",6747,"G",1057,"G",281,"G",1057,"G",281,2
148140,"R",20364,"A",,"A",,"G",453,"A",,"G",453,"A",,2
148177,"R",104612,"A",,"A",,"G",2325,"A",,"G",2325,"A",,2
148256,"R",86554,"A",,"A",,"G",2885,"A",,"G",2885,"A",,2
148292,"R",71408,"A",,"A",,"G",2380,"A",,"G",2380,"A",,2
148335,"R",308609,"A",,"A",,"G",6858,"A",,"G",6858,"A",,2
148380,"R",172129,"A",,"A",,"G",5738,"A",,"G",5738,"A",,2
148399,"R",27873,"A",,"A",,"G",619,"A",,"G",619,"A",,2
148405,"R",21737,"A",,"R",13864,"G",725,"G",578,"G",725,"G",578,2
148487,"R",84828,"A",,"R",50838,"G",2828,"G",2118,"G",2828,"G",2118,2
148496,"R",34012,"A",,"R",26983,"G",1134,"G",1124,"G",1134,"G",1124,2
148511,"R",9895,"A",,"R",17032,"G",220,"G",473,"G",220,"G",473,2
148575,"R",5880,"A",,"R",342,"G",196,"G",14,"G",196,"G",14,2
148584,"R",49266,"A",,"R",27997,"G",1642,"G",1167,"G",1642,"G",1167,2
148593,"R",2079,"A",,"A",,"G",69,"A",,"G",69,"A",,2
148627,"R",74653,"A",,"R",38995,"G",2488,"G",1625,"G",2488,"G",1625,2
148654,"R",60105,"A",,"R",28904,"G",2004,"G",1204,"G",2004,"G",1204,2
148672,"R",53040,"A",,"A",,"G",1768,"A",,"G",1768,"A",,2
148724,"A",,"A",,"R",4368,"A",,"G",121,"A",,"R",104,-2
148821,"R",52422,"A",,"A",,"G",1747,"A",,"G",1747,"A",,2
148849,"R",3560,"A",,"A",,"G",119,"A",,"G",119,"A",,2
148876,"R",35556,"A",,"A",,"G",1185,"A",,"G",1185,"A",,2
148885,"A",,"A",,"R",217,"A",,"G",6,"A",,"G",6,-2
148919,"A",,"R",1840,"A",,"G",2,"A",,"G",2,"A",,1
148937,"R",63863,"A",,"A",,"G",2129,"A",,"G",2129,"A",,2
148955,"R",4197,"A",,"A",,"G",140,"A",,"G",140,"A",,2
148973,"R",42613,"A",,"A",,"G",947,"A",,"G",947,"A",,2
148982,"A",,"A",,"R",1241,"A",,"G",34,"A",,"G",34,-2
148991,"R",45621,"A",,"A",,"G",1521,"A",,"G",1521,"A",,2
149019,"R",11129,"A",,"A",,"G",371,"A",,"G",371,"A",,2
149028,"R",2990,"A",,"A",,"G",100,"A",,"G",100,"A",,2
149204,"A",,"R",37811,"A",,"G",42,"A",,"G",42,"A",,1
149222,"R",403596,"A",,"R",72612,"G",13453,"G",3026,"R",14885,"R",2277,2
149231,"R",288923,"A",,"R",42406,"G",9631,"G",1767,"G",9631,"G",1767,2
149310,"R",17872,"A",,"A",,"G",397,"A",,"G",397,"A",,2
149329,"R",1650,"A",,"R",210,"G",55,"G",9,"G",55,"G",9,2
149365,"R",181709,"A",,"A",,"G",6057,"A",,"G",6057,"A",,2
149499,"A",,"R",78000,"A",,"G",87,"A",,"G",87,"A",,1
149505,"R",34044,"A",,"A",,"G",1135,"A",,"G",1135,"A",,2
149514,"R",16254,"A",,"R",5261,"G",542,"G",219,"G",542,"G",219,2
149532,"R",272194,"A",,"A",,"G",9073,"A",,"G",9073,"A",,2
149550,"A",,"R",68600,"A",,"G",76,"A",,"G",76,"A",,1
149639,"R",3115,"A",,"R",5941,"G",104,"G",248,"G",104,"G",248,2
149727,"R",160720,"A",,"A",,"G",5357,"A",,"G",5357,"A",,2
149763,"R",2697,"A",,"A",,"G",90,"A",,"R",90,"A",,2
149772,"R",306376,"A",,"R",38258,"G",10213,"G",1594,"G",10213,"G",1594,2
149781,"R",80016,"A",,"R",10876,"G",2667,"G",453,"G",2667,"G",453,2
149842,"R",294536,"A",,"A",,"G",9818,"A",,"G",9818,"A",,2
150048,"R",13213,"A",,"A",,"G",440,"A",,"G",440,"A",,2
150066,"R",64748,"A",,"R",5584,"G",2158,"G",233,"G",2158,"G",233,2
150075,"A",,"R",70500,"A",,"G",78,"A",,"G",78,"A",,1
150127,"R",1314,"A",,"A",,"G",44,"A",,"R",25,"A",,2
150136,"R",527685,"A",,"R",48409,"G",17590,"G",2017,"G",17590,"G",2017,2
150145,"R",44402,"A",,"R",1457,"G",1480,"G",61,"G",1480,"G",61,2
150163,"R",124997,"A",,"R",9097,"G",4167,"G",379,"G",4167,"G",379,2
150172,"R",28154,"A",,"R",1919,"G",938,"G",80,"G",938,"G",80,2
150215,"A",,"A",,"R",1406,"A",,"G",59,"A",,"G",59,-2
150251,"R",5380,"A",,"A",,"G",179,"A",,"G",179,"A",,2
150288,"A",,"A",,"R",12974,"A",,"G",360,"A",,"G",360,-2
150303,"A",,"R",56693,"A",,"G",63,"A",,"G",63,"A",,1
150400,"R",73266,"A",,"A",,"G",2442,"A",,"G",2442,"A",,2
150428,"A",,"R",66100,"A",,"G",73,"A",,"G",73,"A",,1
150437,"A",,"R",66339,"A",,"G",74,"A",,"G",74,"A",,1
150455,"R",31680,"A",,"R",1221,"G",1056,"G",51,"R",1220,"G",51,2
150525,"A",,"R",114000,"A",,"G",127,"A",,"G",127,"A",,1
150534,"R",73298,"A",,"R",1363,"G",2443,"G",57,"G",2443,"G",57,2
150561,"R",18901,"A",,"R",276,"G",630,"G",12,"G",630,"G",12,2
150604,"R",30795,"A",,"A",,"G",1027,"A",,"G",1027,"A",,2
150640,"A",,"R",5908,"A",,"G",7,"A",,"G",7,"A",,1
150668,"R",26280,"A",,"A",,"G",876,"A",,"R",838,"A",,2
150677,"R",30010,"A",,"R",2263,"G",1000,"G",94,"G",1000,"G",94,2
150695,"A",,"R",125400,"A",,"G",139,"A",,"G",139,"A",,1
150710,"A",,"R",102250,"A",,"G",114,"A",,"G",114,"A",,1
150756,"R",34048,"A",,"A",,"G",1135,"A",,"R",1008,"A",,2
150765,"A",,"R",70500,"A",,"G",78,"A",,"G",78,"A",,1
150774,"R",14556,"A",,"A",,"G",485,"A",,"G",485,"A",,2
150853,"A",,"R",147798,"A",,"G",164,"A",,"G",164,"A",,1
150941,"R",23280,"A",,"R",572,"G",776,"G",24,"G",776,"G",24,2
150978,"R",90267,"A",,"A",,"G",3009,"A",,"G",3009,"A",,2
150987,"R",233938,"A",,"A",,"G",7798,"A",,"G",7798,"A",,2
150996,"R",37370,"A",,"A",,"G",1246,"A",,"G",1246,"A",,2
151005,"R",121219,"A",,"A",,"G",4041,"A",,"G",4041,"A",,2
151014,"R",51839,"A",,"A",,"G",1728,"A",,"G",1728,"A",,2
151023,"R",98633,"A",,"A",,"G",3288,"A",,"G",3288,"A",,2
151032,"R",120355,"A",,"A",,"G",4012,"A",,"G",4012,"A",,2
151041,"R",58134,"A",,"A",,"G",1938,"A",,"G",1938,"A",,2
151050,"R",87008,"A",,"A",,"G",2900,"A",,"G",2900,"A",,2
151069,"R",89275,"A",,"A",,"G",2976,"A",,"G",2976,"A",,2
151078,"R",30959,"A",,"A",,"G",1032,"A",,"R",1032,"A",,2
151087,"R",111581,"A",,"A",,"G",3719,"A",,"G",3719,"A",,2
151096,"R",33800,"A",,"A",,"G",1127,"A",,"G",1127,"A",,2
151102,"R",237606,"A",,"R",11452,"G",7920,"G",477,"G",7920,"G",477,2
151111,"R",505416,"A",,"R",96218,"G",16847,"G",4009,"G",16847,"G",4009,2
151157,"R",12886,"A",,"A",,"G",286,"A",,"G",286,"A",,2
151166,"R",44958,"R",0,"A",,"G",999,"A",,"G",999,"A",,3
151184,"R",9533,"A",,"A",,"G",212,"A",,"G",212,"A",,2
151193,"R",16068,"A",,"A",,"G",357,"A",,"G",357,"A",,2
151209,"R",18541,"A",,"A",,"G",412,"A",,"G",412,"A",,2
151236,"R",15822,"A",,"A",,"G",352,"A",,"G",352,"A",,2
151245,"R",13312,"A",,"A",,"G",296,"A",,"G",296,"A",,2
151263,"R",80746,"A",,"R",19153,"G",2692,"G",798,"R",2485,"R",610,2
151290,"R",65152,"A",,"R",8119,"G",2172,"G",338,"G",2172,"G",338,2
151306,"R",234662,"A",,"R",10918,"G",7822,"G",455,"G",7822,"G",455,2
151324,"R",275759,"A",,"R",30271,"G",9192,"G",1261,"G",9192,"G",1261,2
151333,"R",57539,"A",,"R",2851,"G",1918,"G",119,"G",1918,"G",119,2
151342,"R",134547,"A",,"R",18870,"G",4485,"G",786,"G",4485,"G",786,2
151351,"R",904638,"A",,"R",144384,"G",30155,"G",6016,"G",30155,"G",6016,2
151360,"R",100109,"A",,"R",10296,"G",3337,"G",429,"G",3337,"G",429,2
151379,"R",124791,"A",,"R",11860,"G",4160,"G",494,"G",4160,"G",494,2
151388,"R",52012,"A",,"R",733,"G",1734,"G",31,"G",1734,"G",31,2
151458,"R",17113,"A",,"A",,"G",570,"A",,"G",570,"A",,2
151467,"R",11552,"A",,"A",,"G",385,"A",,"G",385,"A",,2
151494,"R",32256,"A",,"A",,"G",717,"A",,"G",717,"A",,2
151500,"R",19289,"A",,"A",,"G",429,"A",,"G",429,"A",,2
151519,"R",52332,"A",,"R",1288,"G",1163,"G",36,"G",1163,"G",36,2
151537,"R",2880,"A",,"A",,"G",96,"A",,"G",96,"A",,2
151564,"A",,"R",61234,"A",,"G",68,"A",,"G",68,"A",,1
151607,"A",,"R",33370,"A",,"G",37,"A",,"G",37,"A",,1
151616,"R",20256,"A",,"A",,"G",450,"A",,"G",450,"A",,2
151625,"R",9600,"A",,"A",,"G",213,"A",,"G",213,"A",,2
151652,"A",,"R",86724,"A",,"G",96,"A",,"R",147,"A",,1
151661,"R",91628,"R",2271360,"A",,"G",5578,"A",,"G",5578,"A",,3
151777,"R",33967,"A",,"R",367,"G",1132,"G",15,"G",1132,"G",15,2
151786,"R",41213,"A",,"R",709,"G",1374,"G",30,"G",1374,"G",30,2
151801,"R",176507,"A",,"R",92692,"G",5884,"G",3862,"G",5884,"G",3862,2
151810,"R",10508,"A",,"R",2115,"G",350,"G",88,"G",350,"G",88,2
151829,"A",,"R",89390,"A",,"G",99,"A",,"G",99,"A",,1
151865,"A",,"A",,"R",894,"A",,"G",37,"A",,"R",89,-2
151874,"A",,"R",135784,"A",,"G",151,"A",,"G",151,"A",,1
151944,"R",1865,"A",,"A",,"G",41,"A",,"G",41,"A",,2
151962,"R",16781,"A",,"A",,"G",373,"A",,"R",184,"A",,2
152044,"A",,"R",39600,"A",,"G",44,"A",,"G",44,"A",,1
152080,"R",249330,"A",,"R",47328,"G",8311,"G",1972,"G",8311,"G",1972,2
152099,"R",23604,"A",,"R",2964,"G",787,"G",124,"R",787,"R",124,2
152150,"A",,"R",72930,"A",,"G",81,"A",,"G",81,"A",,1
152220,"R",17171,"A",,"A",,"G",572,"A",,"G",572,"A",,2
152248,"R",174541,"A",,"R",12566,"G",5818,"G",524,"G",5818,"G",524,2
152266,"R",73359,"A",,"R",243,"G",2445,"G",10,"G",2445,"G",10,2
152275,"A",,"R",367550,"A",,"G",408,"A",,"G",408,"A",,1
152309,"A",,"R",109800,"A",,"G",122,"A",,"G",122,"A",,1
152318,"R",79977,"A",,"R",3029,"G",1777,"G",84,"R",1930,"R",78,2
152327,"A",,"R",87101,"A",,"G",97,"A",,"G",97,"A",,1
152336,"R",39010,"A",,"R",4662,"G",1300,"G",194,"G",1300,"G",194,2
152363,"R",28431,"A",,"R",222,"G",948,"G",9,"G",948,"R",32,2
152381,"R",24573,"A",,"R",1119,"G",819,"G",47,"R",819,"R",62,2
152390,"R",45981,"A",,"R",176,"G",1533,"G",7,"R",1533,"R",7,2
152415,"A",,"R",142503,"A",,"G",158,"A",,"G",158,"A",,1
152424,"R",19606,"A",,"A",,"G",436,"A",,"G",436,"A",,2
152451,"A",,"A",,"R",2976,"A",,"G",124,"A",,"G",124,-2
152497,"R",6375,"A",,"A",,"G",213,"A",,"R",177,"A",,2
152530,"R",60462,"A",,"R",186,"G",2015,"G",8,"G",2015,"G",8,2
152567,"R",34729,"A",,"R",96,"G",1158,"G",4,"G",1158,"G",4,2
152600,"R",88786,"A",,"R",4748,"G",2960,"G",198,"G",2960,"G",198,2
152628,"A",,"R",70805,"A",,"G",79,"A",,"G",79,"A",,1
152637,"R",216488,"A",,"A",,"G",7216,"A",,"G",7216,"A",,2
152673,"R",30296,"A",,"A",,"G",1010,"A",,"G",1010,"A",,2
152798,"R",4534,"A",,"R",422,"G",151,"G",18,"R",308,"R",21,2
152822,"R",44028,"A",,"A",,"G",978,"A",,"G",978,"A",,2
152992,"R",28594,"A",,"R",284,"G",953,"G",12,"G",953,"G",12,2
153001,"R",83087,"A",,"R",657,"G",2770,"G",27,"G",2770,"G",27,2
153038,"A",,"R",31500,"A",,"G",35,"A",,"R",30,"A",,1
153074,"R",3810,"A",,"A",,"G",127,"A",,"G",127,"A",,2
153083,"R",5970,"A",,"A",,"G",199,"A",,"G",199,"A",,2
153092,"A",,"R",31069,"A",,"G",35,"A",,"R",17,"A",,1
153108,"R",52218,"A",,"A",,"G",1741,"A",,"R",1767,"A",,2
153126,"R",25623,"A",,"R",2180,"G",854,"G",91,"R",874,"R",96,2
153144,"R",33718,"A",,"R",405,"G",1124,"G",17,"R",1215,"R",9,2
153162,"R",38535,"A",,"A",,"G",1285,"A",,"R",1117,"A",,2
153171,"A",,"R",73920,"A",,"G",82,"A",,"R",44,"A",,1
153214,"R",297319,"A",,"A",,"G",9911,"A",,"G",9911,"A",,2
153241,"R",2901,"A",,"A",,"G",97,"A",,"G",97,"A",,2
153250,"R",40245,"A",,"R",253,"G",1342,"G",11,"G",1342,"G",11,2
153269,"R",90935,"A",,"R",16858,"G",3031,"G",702,"G",3031,"G",702,2
153278,"R",28903,"A",,"R",3377,"G",963,"G",141,"R",1064,"R",61,2
153296,"R",39574,"A",,"A",,"G",1319,"A",,"G",1319,"A",,2
153302,"R",8150,"A",,"A",,"G",272,"A",,"R",250,"A",,2
153311,"R",69023,"A",,"A",,"G",2301,"A",,"G",2301,"A",,2
153320,"R",11767,"A",,"R",566,"G",392,"G",24,"G",392,"R",60,2
153339,"A",,"R",17270,"A",,"G",19,"A",,"G",19,"A",,1
153366,"R",50373,"A",,"R",5759,"G",1679,"G",240,"G",1679,"G",240,2
153375,"R",40705,"A",,"R",28,"G",1357,"G",1,"G",1357,"G",1,2
153384,"R",46978,"A",,"A",,"G",1566,"A",,"R",1515,"A",,2
153409,"R",16900,"A",,"A",,"G",376,"A",,"G",376,"A",,2
153418,"R",8267,"A",,"A",,"G",184,"A",,"G",184,"A",,2
153427,"R",11385,"A",,"A",,"G",380,"A",,"G",380,"A",,2
153445,"R",124205,"A",,"A",,"G",4140,"A",,"G",4140,"A",,2
153472,"R",104836,"A",,"A",,"G",2330,"A",,"R",3355,"A",,2
153524,"R",98431,"A",,"A",,"G",3281,"A",,"G",3281,"A",,2
153533,"R",68272,"A",,"A",,"G",2276,"A",,"G",2276,"A",,2
153542,"R",351,"A",,"A",,"G",12,"A",,"G",12,"A",,2
153588,"A",,"R",36226,"A",,"G",40,"A",,"R",20,"A",,1
153597,"A",,"R",243600,"A",,"G",271,"A",,"R",145,"A",,1
153603,"R",651290,"A",,"R",72434,"G",21710,"G",3018,"G",21710,"G",3018,2
153621,"R",20769,"A",,"A",,"G",692,"A",,"G",692,"A",,2
153630,"R",57275,"R",1030351,"A",,"G",3054,"A",,"G",3054,"A",,3
153658,"R",606017,"A",,"R",82813,"G",20201,"G",3451,"G",20201,"G",3451,2
153737,"R",329923,"A",,"A",,"G",10997,"A",,"G",10997,"A",,2
153746,"A",,"R",173950,"A",,"G",193,"A",,"G",193,"A",,1
153764,"A",,"R",330725,"A",,"G",367,"A",,"G",367,"A",,1
153773,"A",,"R",115600,"A",,"G",128,"A",,"G",128,"A",,1
153782,"A",,"R",72925,"A",,"G",81,"A",,"G",81,"A",,1
153825,"R",24555,"A",,"R",927,"G",819,"G",39,"G",819,"G",39,2
153834,"R",79398,"A",,"A",,"G",2647,"A",,"G",2647,"A",,2
153861,"R",7746,"A",,"R",5939,"G",258,"G",247,"G",258,"G",247,2
153922,"R",44095,"A",,"A",,"G",1470,"A",,"G",1470,"A",,2
153977,"R",17607,"A",,"A",,"G",587,"A",,"G",587,"A",,2
154004,"R",25606,"A",,"R",2263,"G",854,"G",94,"G",854,"G",94,2
154013,"R",38610,"A",,"A",,"G",1287,"A",,"G",1287,"A",,2
154022,"R",10403,"A",,"R",427,"G",347,"G",18,"G",347,"G",18,2
154059,"R",66528,"A",,"A",,"G",2218,"A",,"R",2772,"A",,2
154095,"R",329983,"A",,"R",29130,"G",10999,"G",1214,"R",10645,"R",1618,2
154101,"R",37058,"A",,"A",,"G",1235,"A",,"G",1235,"A",,2
154110,"R",101816,"R",2314227,"A",,"G",5965,"A",,"R",4242,"A",,3
154129,"R",25636,"A",,"A",,"G",855,"A",,"G",855,"A",,2
154156,"A",,"Z",0,"R",5314,"A",,"G",221,"A",,"R",130,-2
154165,"A",,"R",117600,"A",,"G",131,"A",,"R",70,"A",,1
154174,"R",4832,"A",,"R",159,"G",161,"G",7,"G",161,"G",7,2
154208,"A",,"R",94744,"A",,"G",105,"A",,"G",105,"A",,1
154235,"R",35214,"A",,"R",8190,"G",1174,"G",341,"G",1174,"R",455,2
154262,"R",1122,"A",,"A",,"G",37,"A",,"G",37,"A",,2
154332,"A",,"R",109500,"A",,"G",122,"A",,"G",122,"A",,1
154341,"A",,"R",267250,"A",,"G",297,"A",,"G",297,"A",,1
154350,"R",54734,"A",,"R",375,"G",1824,"G",16,"G",1824,"G",16,2
154378,"R",76686,"A",,"A",,"G",2556,"A",,"R",3195,"A",,2
154396,"R",30883,"A",,"A",,"G",1029,"A",,"G",1029,"A",,2
154439,"R",32,"A",,"R",32,"G",1,"G",1,"G",1,"G",1,2
154448,"R",4170,"A",,"A",,"G",139,"A",,"G",139,"A",,2
154457,"A",,"R",110880,"A",,"G",123,"A",,"R",66,"A",,1
154466,"A",,"R",48500,"A",,"G",54,"A",,"R",55,"A",,1
154484,"A",,"R",25200,"A",,"G",28,"A",,"G",28,"A",,1
154493,"R",96752,"A",,"R",4065,"G",3225,"G",169,"G",3225,"G",169,2
154509,"R",2127,"A",,"A",,"G",71,"A",,"G",71,"A",,2
154518,"R",16287,"A",,"A",,"G",543,"A",,"G",543,"A",,2
154527,"R",55125,"A",,"A",,"G",1838,"A",,"R",1761,"A",,2
154536,"A",,"A",,"R",800,"A",,"G",33,"A",,"G",33,-2
154545,"A",,"R",56750,"A",,"G",63,"A",,"G",63,"A",,1
154572,"R",102749,"A",,"A",,"G",3425,"A",,"R",4281,"A",,2
154590,"R",47500,"A",,"A",,"G",1583,"A",,"R",1682,"A",,2
154633,"A",,"R",150000,"A",,"G",167,"A",,"G",167,"A",,1
154642,"R",48701,"A",,"A",,"G",1623,"A",,"G",1623,"A",,2
154651,"A",,"R",34400,"A",,"G",38,"A",,"G",38,"A",,1
154688,"R",27754,"A",,"A",,"G",925,"A",,"G",925,"A",,2
154697,"R",83553,"A",,"A",,"G",2785,"A",,"G",2785,"A",,2
154712,"R",33065,"A",,"R",1837,"G",1102,"G",77,"G",1102,"G",77,2
154721,"R",18656,"A",,"A",,"G",622,"A",,"G",622,"A",,2
154749,"R",14249,"A",,"A",,"G",475,"A",,"G",475,"A",,2
154767,"R",12560,"A",,"A",,"G",279,"A",,"G",279,"A",,2
154776,"R",16316,"A",,"A",,"G",363,"A",,"G",363,"A",,2
154794,"R",4314,"A",,"A",,"G",96,"A",,"R",96,"A",,2
154800,"R",142394,"A",,"A",,"G",4746,"A",,"G",4746,"A",,2
154819,"A",,"R",142200,"A",,"G",158,"A",,"G",158,"A",,1
154837,"R",147,"A",,"R",229,"G",5,"G",10,"G",5,"G",10,2
154855,"R",8625,"A",,"A",,"G",288,"A",,"R",270,"A",,2
154907,"R",49212,"A",,"A",,"G",1640,"A",,"G",1640,"A",,2
154925,"R",32666,"A",,"A",,"G",1089,"A",,"G",1089,"A",,2
154934,"R",39276,"A",,"A",,"G",1309,"A",,"G",1309,"A",,2
154943,"A",,"R",132450,"A",,"G",147,"A",,"R",147,"A",,1
154952,"R",102611,"A",,"A",,"G",3420,"A",,"G",3420,"A",,2
154970,"A",,"R",113875,"A",,"G",127,"A",,"G",127,"A",,1
154998,"R",33834,"A",,"A",,"G",1128,"A",,"G",1128,"A",,2
155007,"R",14892,"A",,"A",,"G",496,"A",,"G",496,"A",,2
155025,"R",127925,"A",,"R",22258,"G",4264,"G",927,"R",3971,"R",1049,2
155052,"R",9152,"A",,"A",,"G",305,"A",,"G",305,"A",,2
155061,"R",147798,"A",,"R",23503,"G",4927,"G",979,"G",4927,"G",979,2
155070,"R",4985,"A",,"A",,"G",166,"A",,"R",176,"A",,2
155089,"R",60813,"A",,"R",8648,"G",2027,"G",360,"G",2027,"G",360,2
155098,"R",47515,"A",,"A",,"G",1584,"A",,"G",1584,"A",,2
155104,"R",41574,"A",,"A",,"G",1386,"A",,"G",1386,"A",,2
155140,"R",26514,"A",,"A",,"G",884,"A",,"R",1105,"A",,2
155159,"A",,"R",54000,"A",,"G",60,"A",,"G",60,"A",,1
155177,"R",12629,"A",,"A",,"G",421,"A",,"G",421,"A",,2
155186,"R",52407,"A",,"A",,"G",1747,"A",,"G",1747,"A",,2
155195,"R",85471,"R",152452,"A",,"G",3018,"A",,"G",3018,"A",,3
155201,"R",23501,"A",,"A",,"G",783,"A",,"G",783,"A",,2
155210,"R",310198,"A",,"A",,"G",10340,"A",,"G",10340,"A",,2
155265,"A",,"R",505825,"A",,"G",562,"A",,"G",562,"A",,1
155283,"A",,"R",475880,"A",,"G",529,"A",,"G",529,"A",,1
155292,"R",101172,"A",,"A",,"G",3372,"A",,"G",3372,"A",,2
155317,"R",564887,"A",,"R",86973,"G",18830,"G",3624,"G",18830,"G",3624,2
155326,"R",12206,"A",,"R",13692,"G",407,"G",571,"G",407,"G",571,2
155335,"R",42672,"A",,"R",6281,"G",1422,"G",262,"G",1422,"G",262,2
155353,"A",,"R",84320,"A",,"G",94,"A",,"G",94,"A",,1
155399,"R",489308,"A",,"R",52385,"G",16310,"G",2183,"G",16310,"G",2183,2
155414,"R",20162,"A",,"R",1142,"G",672,"G",48,"G",672,"G",48,2
155423,"A",,"R",182520,"A",,"G",203,"A",,"G",203,"A",,1
155441,"A",,"R",66106,"A",,"G",73,"A",,"R",60,"A",,1
155450,"R",29895,"A",,"A",,"G",997,"A",,"G",997,"A",,2
155478,"A",,"R",230520,"A",,"G",256,"A",,"G",256,"A",,1
155487,"R",10041,"A",,"A",,"G",335,"A",,"G",335,"A",,2
155496,"R",8040,"A",,"A",,"G",268,"A",,"G",268,"A",,2
155511,"R",12348,"A",,"A",,"G",412,"A",,"G",412,"A",,2
155520,"R",47549,"A",,"R",19391,"G",1585,"G",808,"G",1585,"G",808,2
155566,"R",35700,"A",,"A",,"G",1190,"A",,"G",1190,"A",,2
155593,"A",,"R",522219,"A",,"G",580,"A",,"R",484,"A",,1
155609,"A",,"R",248826,"A",,"G",276,"A",,"G",276,"A",,1
155618,"A",,"R",416997,"A",,"G",463,"A",,"G",463,"A",,1
155627,"R",14413,"A",,"A",,"G",480,"A",,"G",480,"A",,2
155636,"R",11910,"A",,"R",7545,"G",397,"G",314,"G",397,"R",419,2
155681,"R",162758,"A",,"R",20512,"G",5425,"G",855,"G",5425,"G",855,2
155715,"R",29472,"A",,"A",,"G",982,"A",,"G",982,"A",,2
155812,"R",13424,"A",,"R",5304,"G",447,"G",221,"G",447,"G",221,2
155830,"A",,"R",288296,"A",,"G",320,"A",,"G",320,"A",,1
155858,"R",31282,"A",,"A",,"G",1043,"A",,"G",1043,"A",,2
155867,"A",,"R",43500,"A",,"G",48,"A",,"G",48,"A",,1
155876,"A",,"R",86147,"A",,"G",96,"A",,"G",96,"A",,1
155900,"R",33503,"A",,"R",2743,"G",1117,"G",114,"G",1117,"G",114,2
155937,"R",13214,"A",,"A",,"G",440,"A",,"G",440,"A",,2
155946,"R",3891,"A",,"A",,"G",130,"A",,"G",130,"A",,2
155973,"R",15258,"A",,"R",302,"G",509,"G",13,"G",509,"G",13,2
156082,"R",139063,"A",,"R",8608,"G",4635,"G",359,"G",4635,"G",359,2
156107,"A",,"R",865046,"A",,"G",961,"A",,"G",961,"A",,1
156125,"R",279380,"A",,"R",41576,"G",9313,"G",1732,"G",9313,"G",1732,2
156134,"R",23616,"A",,"A",,"G",525,"A",,"G",525,"A",,2
156189,"R",10491,"A",,"A",,"G",350,"A",,"G",350,"A",,2
156213,"R",35893,"A",,"R",1092,"G",1196,"G",46,"G",1196,"G",46,2
156222,"A",,"A",,"R",27918,"A",,"G",1163,"A",,"G",1163,-2
156231,"R",50114,"A",,"A",,"G",1670,"A",,"G",1670,"A",,2
156240,"R",18949,"A",,"A",,"G",632,"A",,"G",632,"A",,2
156277,"A",,"R",103684,"A",,"G",115,"A",,"G",115,"A",,1
156286,"R",58071,"A",,"R",12508,"G",1936,"G",521,"G",1936,"G",521,2
156295,"R",52217,"R",55792,"A",,"G",1803,"A",,"R",1610,"A",,3
156310,"A",,"R",366588,"A",,"G",407,"A",,"G",407,"A",,1
156338,"R",28797,"A",,"A",,"G",960,"A",,"G",960,"A",,2
156356,"R",17408,"A",,"R",479,"G",580,"G",20,"G",580,"G",20,2
156365,"R",38955,"A",,"R",4656,"G",1299,"G",194,"G",1299,"G",194,2
156392,"R",60756,"A",,"A",,"G",2025,"A",,"G",2025,"A",,2
156408,"R",31546,"A",,"A",,"G",1052,"A",,"G",1052,"A",,2
156417,"R",5117,"A",,"A",,"G",171,"A",,"R",171,"A",,2
156426,"A",,"R",74960,"A",,"G",83,"A",,"G",83,"A",,1
156444,"A",,"R",19650,"A",,"G",22,"A",,"G",22,"A",,1
156471,"A",,"R",168300,"A",,"G",187,"A",,"G",187,"A",,1
156541,"R",42611,"A",,"R",1924,"G",1420,"G",80,"G",1420,"G",80,2
156611,"A",,"R",31750,"A",,"G",35,"A",,"G",35,"A",,1
156620,"R",328871,"A",,"R",27945,"G",10962,"G",1164,"G",10962,"G",1164,2
156648,"R",73079,"A",,"A",,"G",2436,"A",,"G",2436,"A",,2
156657,"R",18516,"A",,"A",,"G",617,"A",,"G",617,"A",,2
156675,"A",,"R",114185,"A",,"G",127,"A",,"G",127,"A",,1
156727,"A",,"A",,"R",5055,"A",,"G",211,"A",,"G",211,-2
156745,"R",39086,"A",,"R",6969,"G",1303,"G",290,"G",1303,"G",290,2
156754,"A",,"R",92820,"A",,"G",103,"A",,"G",103,"A",,1
156790,"R",66641,"A",,"A",,"G",2221,"A",,"G",2221,"A",,2
156842,"A",,"R",44448,"A",,"G",49,"A",,"G",49,"A",,1
156851,"R",29857,"A",,"A",,"G",995,"A",,"G",995,"A",,2
156860,"R",57602,"A",,"A",,"G",1920,"A",,"G",1920,"A",,2
156903,"R",8424,"A",,"A",,"G",281,"A",,"G",281,"A",,2
156921,"R",180027,"A",,"A",,"G",6001,"A",,"G",6001,"A",,2
156930,"R",40208,"A",,"A",,"G",1340,"A",,"G",1340,"A",,2
156949,"A",,"R",18000,"A",,"G",20,"A",,"G",20,"A",,1
156967,"A",,"R",33000,"A",,"G",37,"A",,"G",37,"A",,1
157021,"R",87128,"A",,"A",,"G",1936,"A",,"G",1936,"A",,2
157030,"R",1617,"A",,"A",,"G",54,"A",,"R",62,"A",,2
157058,"R",27290,"A",,"R",1009,"G",910,"G",42,"G",910,"G",42,2
157076,"R",17738,"A",,"A",,"G",591,"A",,"G",591,"A",,2
157085,"R",509074,"A",,"R",91788,"G",16969,"G",3825,"G",16969,"G",3825,2
157100,"R",15810,"A",,"R",246,"G",527,"G",10,"G",527,"G",10,2
157173,"R",192025,"A",,"A",,"G",6401,"A",,"G",6401,"A",,2
157207,"A",,"A",,"R",426,"A",,"G",18,"A",,"G",18,-2
157216,"R",40381,"A",,"R",5211,"G",1346,"G",217,"G",1346,"G",217,2
157270,"R",28503,"A",,"A",,"G",633,"A",,"R",633,"A",,2
157289,"R",375683,"A",,"R",72193,"G",12523,"G",3008,"G",12523,"G",3008,2
157298,"A",,"A",,"R",3671,"A",,"G",153,"A",,"G",153,-2
157304,"R",61473,"A",,"A",,"G",2049,"A",,"G",2049,"A",,2
157322,"R",23084,"A",,"A",,"G",769,"A",,"G",769,"A",,2
157331,"R",41684,"A",,"A",,"G",1389,"A",,"G",1389,"A",,2
157359,"R",17631,"A",,"A",,"G",588,"A",,"G",588,"A",,2
157377,"R",28260,"A",,"A",,"G",942,"A",,"R",1051,"A",,2
157386,"R",214930,"A",,"R",20798,"G",7164,"G",867,"G",7164,"G",867,2
157395,"A",,"R",11785,"A",,"G",13,"A",,"G",13,"A",,1
157401,"R",236163,"A",,"R",21401,"G",7872,"G",892,"G",7872,"G",892,2
157438,"R",33569,"A",,"A",,"G",1119,"A",,"G",1119,"A",,2
157447,"R",307808,"A",,"R",16005,"G",10260,"G",667,"G",10260,"G",667,2
157456,"A",,"R",43200,"A",,"G",48,"A",,"G",48,"A",,1
157465,"R",13072,"A",,"A",,"G",290,"A",,"G",290,"A",,2
157483,"R",64617,"A",,"A",,"G",2154,"A",,"G",2154,"A",,2
157508,"A",,"R",72000,"A",,"G",80,"A",,"G",80,"A",,1
157535,"R",22011,"A",,"A",,"G",734,"A",,"G",734,"A",,2
157553,"R",60706,"A",,"A",,"G",2024,"A",,"G",2024,"A",,2
157599,"R",15792,"A",,"A",,"G",351,"A",,"G",351,"A",,2
157605,"R",11143,"A",,"A",,"G",371,"A",,"G",371,"A",,2
157614,"A",,"R",247200,"A",,"G",275,"A",,"G",275,"A",,1
157632,"R",15945,"A",,"A",,"G",532,"A",,"G",532,"A",,2
157650,"A",,"R",108000,"A",,"G",120,"A",,"G",120,"A",,1
157669,"A",,"R",66000,"A",,"G",73,"A",,"G",73,"A",,1
157678,"A",,"R",126000,"A",,"G",140,"A",,"G",140,"A",,1
157696,"R",19200,"A",,"A",,"G",427,"A",,"G",427,"A",,2
157711,"R",106669,"A",,"A",,"G",3556,"A",,"G",3556,"A",,2
157739,"R",71286,"A",,"A",,"G",2376,"A",,"G",2376,"A",,2
157748,"R",15067,"A",,"R",36258,"G",502,"G",1511,"G",502,"G",1511,2
157757,"R",26108,"A",,"R",15860,"G",870,"G",661,"G",870,"G",661,2
157766,"R",71801,"A",,"A",,"G",1596,"A",,"G",1596,"A",,2
157793,"R",131576,"A",,"R",4912,"G",2924,"G",136,"G",2924,"G",136,2
157809,"R",33479,"A",,"R",3247,"G",1116,"G",135,"G",1116,"G",135,2
157818,"R",40096,"A",,"A",,"G",1337,"A",,"R",1150,"A",,2
157827,"A",,"R",23760,"A",,"G",26,"A",,"G",26,"A",,1
157863,"R",17554,"A",,"R",8300,"G",585,"G",346,"G",585,"G",346,2
157942,"R",36630,"A",,"A",,"G",1221,"A",,"G",1221,"A",,2
157951,"R",428021,"A",,"R",45022,"G",14267,"G",1876,"G",14267,"G",1876,2
158079,"A",,"R",14350,"A",,"G",16,"A",,"R",16,"A",,1
158088,"R",15248,"A",,"A",,"G",508,"A",,"G",508,"A",,2
158158,"R",122400,"R",122400,"A",,"G",4216,"A",,"G",4216,"A",,3
158219,"R",6231,"A",,"A",,"G",208,"A",,"G",208,"A",,2
158237,"R",15147,"A",,"A",,"G",505,"A",,"G",505,"A",,2
158246,"A",,"R",259920,"A",,"G",289,"A",,"R",361,"A",,1
158282,"A",,"R",54000,"A",,"G",60,"A",,"G",60,"A",,1
158307,"R",8152,"A",,"A",,"G",272,"A",,"G",272,"A",,2
158325,"R",1524,"A",,"A",,"G",51,"A",,"G",51,"A",,2
158334,"A",,"R",68000,"A",,"G",76,"A",,"G",76,"A",,1
158343,"R",10350,"A",,"A",,"G",345,"A",,"G",345,"A",,2
158352,"R",25696,"A",,"A",,"G",857,"A",,"G",857,"A",,2
158431,"R",92451,"A",,"A",,"G",3082,"A",,"G",3082,"A",,2
158440,"R",14151,"A",,"A",,"G",472,"A",,"R",472,"A",,2
158477,"R",22048,"A",,"R",1890,"G",735,"G",79,"R",795,"G",79,2
158538,"A",,"R",67500,"A",,"G",75,"A",,"G",75,"A",,1
158583,"R",6246,"A",,"A",,"G",208,"A",,"G",208,"A",,2
158617,"R",9262,"R",257064,"A",,"G",594,"A",,"G",594,"A",,3
158644,"A",,"R",70800,"A",,"G",79,"A",,"G",79,"A",,1
158662,"R",350494,"A",,"A",,"G",16643,"A",,"G",16643,"A",,2
158723,"R",12550,"A",,"A",,"G",279,"A",,"G",279,"A",,2
158769,"R",13728,"A",,"A",,"G",458,"A",,"G",458,"A",,2
158778,"A",,"R",44592,"A",,"G",50,"A",,"G",50,"A",,1
158787,"A",,"R",195500,"A",,"G",217,"A",,"G",217,"A",,1
158802,"R",32248,"A",,"A",,"G",1075,"A",,"R",1075,"A",,2
158884,"R",50199,"A",,"A",,"G",1673,"A",,"G",1673,"A",,2
158893,"R",8664,"A",,"A",,"G",289,"A",,"G",289,"A",,2
158936,"R",7282,"A",,"A",,"G",243,"A",,"G",243,"A",,2
158945,"R",29972,"A",,"A",,"G",999,"A",,"G",999,"A",,2
158954,"R",3088,"A",,"A",,"G",69,"A",,"G",69,"A",,2
159009,"R",128760,"A",,"R",10369,"G",4292,"G",432,"G",4292,"G",432,2
159018,"R",11152,"A",,"A",,"G",372,"A",,"G",372,"A",,2
159027,"A",,"R",115000,"A",,"G",128,"A",,"G",128,"A",,1
159045,"R",7776,"A",,"A",,"G",259,"A",,"G",259,"A",,2
159090,"R",7680,"A",,"A",,"G",256,"A",,"G",256,"A",,2
159197,"A",,"R",432066,"A",,"G",480,"A",,"G",480,"A",,1
159249,"R",4292,"A",,"A",,"G",143,"A",,"G",143,"A",,2
159258,"R",9558,"A",,"A",,"G",319,"A",,"G",319,"A",,2
159267,"R",9420,"A",,"A",,"G",314,"A",,"G",314,"A",,2
159319,"A",,"R",120000,"A",,"G",133,"A",,"G",133,"A",,1
159328,"A",,"R",75000,"A",,"G",83,"A",,"G",83,"A",,1
159373,"R",19968,"A",,"R",22038,"G",666,"G",918,"G",666,"G",918,2
159382,"R",66641,"A",,"A",,"G",2221,"A",,"G",2221,"A",,2
159391,"R",754875,"A",,"R",94356,"G",25163,"G",3932,"G",25163,"G",3932,2
159407,"R",73095,"A",,"A",,"G",2437,"A",,"G",2437,"A",,2
159416,"R",72201,"A",,"R",10581,"G",2407,"G",441,"G",2407,"G",441,2
159443,"R",29950,"A",,"A",,"G",998,"A",,"G",998,"A",,2
159513,"A",,"R",156000,"A",,"G",173,"A",,"G",173,"A",,1
159522,"A",,"R",150000,"A",,"G",167,"A",,"G",167,"A",,1
159531,"A",,"R",145500,"A",,"G",162,"A",,"G",162,"A",,1
159568,"R",31147,"A",,"A",,"G",1038,"A",,"G",1038,"A",,2
159601,"A",,"R",50960,"A",,"G",57,"A",,"G",57,"A",,1
159647,"R",280032,"A",,"R",34175,"G",6223,"G",949,"R",9334,"R",1424,2
159656,"R",102956,"A",,"R",10061,"G",3432,"G",419,"G",3432,"G",419,2
159692,"R",4089,"A",,"A",,"G",136,"A",,"G",136,"A",,2
159717,"R",209274,"A",,"R",16381,"G",6976,"G",683,"G",6976,"G",683,2
159823,"R",11261,"A",,"A",,"G",375,"A",,"G",375,"A",,2
159939,"R",337406,"A",,"R",64978,"G",11247,"G",2707,"R",11247,"R",2707,2
159948,"Z",0,"R",25238,"R",25039,"G",28,"G",1043,"G",28,"G",1043,1
159966,"R",176227,"A",,"R",10391,"G",5874,"G",433,"G",5874,"G",433,2
159984,"R",4184,"A",,"A",,"G",139,"A",,"G",139,"A",,2
159993,"R",215237,"A",,"R",18174,"G",7175,"G",757,"G",7175,"G",757,2
160001,"R",7049,"A",,"A",,"G",235,"A",,"G",235,"A",,2
160010,"R",21736,"A",,"A",,"G",725,"A",,"G",725,"A",,2
160029,"A",,"A",,"R",3635,"A",,"G",151,"A",,"G",151,-2
160038,"R",264276,"A",,"R",17817,"G",8809,"G",742,"G",8809,"G",742,2
160047,"R",10015,"A",,"A",,"G",334,"A",,"G",334,"A",,2
160065,"R",32629,"A",,"R",2340,"G",1088,"G",98,"G",1088,"G",98,2
160074,"R",40681,"A",,"A",,"G",1356,"A",,"G",1356,"A",,2
160117,"A",,"R",69000,"A",,"G",77,"A",,"G",77,"A",,1
160126,"A",,"R",24300,"A",,"G",27,"A",,"G",27,"A",,1
160135,"A",,"R",68550,"A",,"G",76,"A",,"G",76,"A",,1
160144,"A",,"R",34200,"A",,"G",38,"A",,"G",38,"A",,1
160199,"A",,"R",84600,"A",,"G",94,"A",,"G",94,"A",,1
160214,"R",8929,"A",,"A",,"G",422,"A",,"G",422,"A",,2
160250,"R",24512,"A",,"A",,"G",545,"A",,"R",545,"A",,2
160311,"R",10068,"A",,"A",,"G",336,"A",,"G",336,"A",,2
160320,"A",,"R",150000,"A",,"G",167,"A",,"G",167,"A",,1
160348,"A",,"R",36173,"A",,"G",40,"A",,"G",40,"A",,1
160366,"R",5253,"A",,"A",,"G",175,"A",,"G",175,"A",,2
160384,"R",4731,"A",,"A",,"G",158,"A",,"G",158,"A",,2
160409,"R",1435,"A",,"A",,"G",48,"A",,"G",48,"A",,2
160427,"R",24583,"A",,"A",,"G",819,"A",,"G",819,"A",,2
160436,"R",12064,"A",,"A",,"G",402,"A",,"G",402,"A",,2
160445,"A",,"R",69881,"A",,"G",78,"A",,"G",78,"A",,1
160454,"R",7395,"A",,"A",,"G",247,"A",,"G",247,"A",,2
160472,"A",,"R",144228,"A",,"G",160,"A",,"G",160,"A",,1
160481,"R",14146,"R",82889,"A",,"G",564,"A",,"R",540,"A",,3
160524,"R",20501,"A",,"A",,"G",456,"A",,"G",456,"A",,2
160560,"R",7696,"A",,"A",,"G",257,"A",,"R",257,"A",,2
160579,"R",43904,"A",,"A",,"G",1463,"A",,"G",1463,"A",,2
160597,"A",,"R",331050,"A",,"G",368,"A",,"G",368,"A",,1
160612,"R",378109,"A",,"R",27509,"G",12604,"G",1146,"G",12604,"G",1146,2
160621,"R",248536,"A",,"R",24240,"G",8285,"G",1010,"R",8285,"R",1010,2
160630,"R",77178,"A",,"R",13952,"G",2573,"G",581,"R",2696,"R",480,2
160649,"R",63278,"A",,"A",,"G",2109,"A",,"G",2109,"A",,2
160658,"R",403721,"A",,"R",24181,"G",13457,"G",1008,"G",13457,"G",1008,2
160667,"R",17665,"A",,"A",,"G",589,"A",,"G",589,"A",,2
160676,"R",20291,"A",,"A",,"G",676,"A",,"G",676,"A",,2
160685,"R",12272,"A",,"A",,"G",409,"A",,"G",409,"A",,2
160694,"R",13056,"A",,"A",,"G",435,"A",,"G",435,"A",,2
160719,"R",8450,"A",,"A",,"G",282,"A",,"G",282,"A",,2
160755,"R",219649,"A",,"R",53471,"G",7322,"G",2228,"G",7322,"G",2228,2
160816,"R",5848,"A",,"A",,"G",195,"A",,"R",195,"A",,2
160843,"R",8215,"A",,"A",,"G",274,"A",,"G",274,"A",,2
160870,"R",11639,"A",,"A",,"G",388,"A",,"G",388,"A",,2
160904,"R",96890,"A",,"R",3638,"G",3230,"G",152,"R",3052,"R",207,2
160913,"R",14530,"R",114494,"A",,"G",612,"A",,"G",612,"A",,3
160940,"R",18315,"A",,"A",,"G",611,"A",,"G",611,"A",,2
160959,"R",7983,"A",,"R",297,"G",266,"G",12,"G",266,"G",12,2
160968,"R",456,"A",,"R",301,"G",15,"G",13,"G",15,"G",13,2
160977,"R",14694,"A",,"A",,"G",490,"A",,"R",1743,"A",,2
160995,"R",9231,"A",,"A",,"G",308,"A",,"G",308,"A",,2
161004,"R",39405,"A",,"A",,"G",1314,"A",,"R",1610,"A",,2
161022,"R",2601,"A",,"A",,"G",87,"A",,"G",87,"A",,2
161059,"R",610,"A",,"A",,"G",20,"A",,"R",17,"A",,2
161077,"R",34191,"A",,"A",,"G",1140,"A",,"G",1140,"A",,2
161086,"R",57387,"A",,"A",,"G",1913,"A",,"R",1768,"A",,2
161138,"R",42250,"A",,"A",,"G",1408,"A",,"G",1408,"A",,2
161165,"R",43756,"A",,"R",2860,"G",1459,"G",119,"G",1459,"G",119,2
161192,"R",34067,"A",,"A",,"G",1136,"A",,"G",1136,"A",,2
161208,"A",,"R",104155,"A",,"G",116,"A",,"R",68,"A",,1
161217,"R",97335,"A",,"R",722,"G",3245,"G",30,"G",3245,"G",30,2
161226,"R",60774,"A",,"A",,"G",2026,"A",,"G",2026,"A",,2
161235,"R",26103,"A",,"A",,"G",870,"A",,"G",870,"A",,2
161244,"R",23450,"A",,"A",,"G",782,"A",,"G",782,"A",,2
161253,"R",237339,"A",,"R",27170,"G",7911,"G",1132,"G",7911,"G",1132,2
161299,"R",24330,"A",,"R",252,"G",811,"G",11,"G",811,"G",11,2
161341,"R",36164,"A",,"A",,"G",1205,"A",,"G",1205,"A",,2
161378,"A",,"R",11340,"A",,"G",13,"A",,"G",13,"A",,1
161457,"R",43717,"A",,"R",35326,"G",1457,"G",1472,"G",1457,"G",1472,2
161484,"R",22825,"A",,"A",,"G",761,"A",,"G",761,"A",,2
161493,"A",,"R",644300,"A",,"G",716,"A",,"G",716,"A",,1
161509,"R",12917,"A",,"R",900,"G",431,"G",38,"R",406,"R",29,2
161518,"R",51346,"A",,"R",16115,"G",1712,"G",671,"R",4279,"R",2686,2
161527,"A",,"R",202900,"A",,"G",225,"A",,"G",225,"A",,1
161545,"R",73435,"A",,"A",,"G",2448,"A",,"G",2448,"A",,2
161554,"R",181236,"A",,"R",29967,"G",6041,"G",1249,"G",6041,"G",1249,2
161563,"R",18072,"A",,"R",1675,"G",602,"G",70,"G",602,"G",70,2
161572,"R",13646,"A",,"A",,"G",455,"A",,"G",455,"A",,2
161581,"R",11834,"A",,"A",,"G",394,"A",,"G",394,"A",,2
161615,"A",,"R",56972,"A",,"G",63,"A",,"G",63,"A",,1
161624,"R",4068,"A",,"A",,"G",136,"A",,"G",136,"A",,2
161651,"A",,"R",53100,"A",,"G",59,"A",,"R",54,"A",,1
161688,"R",73460,"A",,"A",,"G",2449,"A",,"G",2449,"A",,2
161767,"R",255359,"A",,"A",,"G",8512,"A",,"G",8512,"A",,2
161776,"R",50661,"A",,"A",,"G",1689,"A",,"G",1689,"A",,2
161800,"A",,"R",87300,"A",,"G",97,"A",,"G",97,"A",,1
161837,"R",1104,"A",,"R",752,"G",37,"G",31,"R",36,"R",37,2
161855,"A",,"R",101192,"A",,"G",112,"A",,"R",102,"A",,1
161864,"R",92000,"A",,"A",,"G",3067,"A",,"G",3067,"A",,2
161873,"R",42696,"A",,"R",23888,"G",1423,"G",995,"G",1423,"G",995,2
161882,"R",21112,"A",,"A",,"G",704,"A",,"G",704,"A",,2
162007,"R",53043,"A",,"R",7644,"G",1768,"G",319,"G",1768,"G",319,2
162061,"R",6320,"A",,"R",7416,"G",211,"G",309,"G",211,"G",309,2
162104,"R",31443,"A",,"A",,"G",1048,"A",,"G",1048,"A",,2
162122,"R",119756,"A",,"A",,"G",3992,"A",,"G",3992,"A",,2
162168,"R",42591,"A",,"A",,"G",1420,"A",,"G",1420,"A",,2
162210,"R",29968,"A",,"R",991,"G",999,"G",41,"G",999,"G",41,2
162283,"R",80451,"A",,"R",7985,"G",2682,"G",333,"G",2682,"G",333,2
162335,"A",,"R",190772,"A",,"G",212,"A",,"G",212,"A",,1
162371,"A",,"R",77472,"A",,"G",86,"A",,"G",86,"A",,1
162557,"R",82323,"A",,"A",,"G",2744,"A",,"G",2744,"A",,2
162584,"R",128336,"A",,"R",13434,"G",4278,"G",560,"G",4278,"G",560,2
162609,"R",12825,"A",,"A",,"G",428,"A",,"R",348,"A",,2
162654,"R",38426,"A",,"R",12401,"G",1281,"G",517,"R",1320,"R",459,2
162681,"R",0,"Z",0,"A",,"G",0,"A",,"Z",0,"A",,2
162690,"R",62685,"A",,"A",,"G",2090,"A",,"G",2090,"A",,2
162706,"R",95747,"A",,"A",,"G",3192,"A",,"G",3192,"A",,2
162760,"R",23103,"A",,"R",9830,"G",770,"G",410,"G",770,"G",410,2
162779,"R",113137,"A",,"A",,"G",3771,"A",,"G",3771,"A",,2
162830,"A",,"R",144000,"A",,"G",160,"A",,"G",160,"A",,1
162928,"R",227247,"A",,"R",226451,"G",7575,"G",9435,"G",7575,"G",9435,2
162982,"A",,"R",106044,"A",,"G",118,"A",,"G",118,"A",,1
163028,"A",,"R",3056760,"A",,"G",3396,"A",,"G",3396,"A",,1
163046,"R",101613,"A",,"R",40111,"G",3387,"G",1671,"G",3387,"G",1671,2
163107,"A",,"R",58240,"A",,"G",65,"A",,"G",65,"A",,1
163204,"R",295693,"A",,"R",84346,"G",9856,"G",3514,"G",9856,"G",3514,2
163259,"R",26576,"A",,"R",41262,"G",886,"G",1719,"G",886,"G",1719,2
163268,"R",271774,"A",,"R",24660,"G",9059,"G",1028,"G",9059,"G",1028,2
163286,"R",745829,"A",,"R",128546,"G",24861,"G",5356,"G",24861,"G",5356,2
163295,"R",42028,"R",122263,"R",5032,"G",1537,"G",210,"G",1537,"G",210,3
163338,"R",92686,"A",,"R",7533,"G",3090,"G",314,"G",3090,"G",314,2
163347,"R",24906,"R",524630,"A",,"G",1413,"A",,"G",1413,"A",,3
163408,"A",,"R",99900,"A",,"G",111,"A",,"G",111,"A",,1
163426,"R",419370,"A",,"A",,"G",13979,"A",,"G",13979,"A",,2
163453,"R",169947,"A",,"R",9794,"G",5665,"G",408,"G",5665,"G",408,2
163462,"R",44396,"A",,"R",7314,"G",1480,"G",305,"G",1480,"G",305,2
163532,"R",11876,"A",,"R",3190,"G",396,"G",133,"G",396,"G",133,2
163541,"A",,"R",178200,"A",,"G",198,"A",,"G",198,"A",,1
163578,"R",34308,"A",,"R",18962,"G",1144,"G",790,"G",1144,"G",790,2
163657,"R",184094,"A",,"A",,"G",6136,"A",,"G",6136,"A",,2
163736,"R",0,"A",,"A",,"G",0,"A",,"Z",0,"A",,2
163754,"A",,"R",109358,"A",,"G",122,"A",,"G",122,"A",,1
163815,"A",,"R",89336,"A",,"G",99,"A",,"G",99,"A",,1
163842,"R",204,"A",,"R",2357,"G",7,"G",98,"G",7,"G",98,2
163851,"R",175907,"A",,"R",8791,"G",5864,"G",366,"G",5864,"G",366,2
163912,"R",59460,"A",,"A",,"G",1982,"A",,"R",1930,"A",,2
163921,"R",33680,"A",,"R",1385,"G",1123,"G",58,"G",1123,"G",58,2
163976,"R",16114,"A",,"R",2025,"G",537,"G",84,"R",481,"R",112,2
164058,"R",44096,"A",,"A",,"G",1470,"A",,"G",1470,"A",,2
164076,"R",389080,"A",,"R",44176,"G",12969,"G",1841,"G",12969,"G",1841,2
164085,"A",,"A",,"R",6242,"A",,"G",260,"A",,"G",260,-2
164100,"A",,"R",69300,"A",,"G",77,"A",,"G",77,"A",,1
164155,"R",152527,"A",,"A",,"G",5084,"A",,"G",5084,"A",,2
164173,"R",68092,"A",,"R",819,"G",2270,"G",34,"G",2270,"G",34,2
164207,"R",5056,"A",,"R",2599,"G",169,"G",108,"G",169,"G",108,2
164216,"R",42258,"A",,"R",1230,"G",1409,"G",51,"R",1358,"R",30,2
164243,"A",,"A",,"R",1051,"A",,"G",44,"A",,"R",58,-2
164270,"R",53795,"A",,"R",20311,"G",1793,"G",846,"G",1793,"G",846,2
164313,"R",55751,"A",,"A",,"G",1858,"A",,"G",1858,"A",,2
164368,"A",,"A",,"R",2232,"A",,"G",93,"A",,"G",93,-2
164447,"R",30663,"A",,"R",7170,"G",1022,"G",299,"R",1022,"R",299,2
164465,"R",55556,"A",,"A",,"G",1852,"A",,"R",1591,"A",,2
164474,"A",,"A",,"R",2565,"A",,"G",107,"A",,"G",107,-2
164492,"R",18060,"A",,"R",4143,"G",602,"G",173,"G",602,"G",173,2
164526,"R",14648,"A",,"R",984,"G",488,"G",41,"G",488,"G",41,2
164562,"R",67424,"A",,"R",5134,"G",2247,"G",214,"G",2247,"G",214,2
164571,"R",20765,"A",,"R",592,"G",692,"G",25,"G",692,"G",25,2
164580,"R",55343,"A",,"R",32439,"G",1845,"G",1352,"R",1772,"R",1512,2
164599,"R",5481,"A",,"A",,"G",183,"A",,"R",203,"A",,2
164614,"R",3071,"A",,"A",,"G",102,"A",,"R",123,"A",,2
164632,"R",32363,"A",,"R",1650,"G",1079,"G",69,"G",1079,"G",69,2
164641,"R",20535,"A",,"A",,"G",685,"A",,"R",680,"A",,2
164678,"A",,"R",133120,"A",,"G",148,"A",,"R",168,"A",,1
164720,"R",35531,"A",,"A",,"G",1184,"A",,"G",1184,"A",,2
164739,"Z",0,"R",1354950,"R",191550,"G",1506,"G",7981,"R",4056,"R",841,1
164748,"R",119040,"A",,"A",,"G",3968,"A",,"R",3591,"A",,2
164775,"R",41162,"A",,"A",,"G",1372,"A",,"G",1372,"A",,2
164845,"A",,"R",353000,"A",,"G",392,"A",,"G",392,"A",,1
164872,"R",7482,"A",,"R",6189,"G",249,"G",258,"G",249,"G",258,2
164915,"A",,"A",,"R",920,"A",,"G",38,"A",,"R",91,-2
164924,"R",266569,"A",,"R",52501,"G",8886,"G",2188,"G",8886,"G",2188,2
164933,"R",12235,"A",,"R",3235,"G",408,"G",135,"G",408,"G",135,2
164988,"R",586404,"A",,"R",159756,"G",19547,"G",6657,"G",19547,"G",6657,2
165015,"R",104508,"A",,"R",49912,"G",3484,"G",2080,"R",3224,"R",1723,2
165024,"R",204062,"A",,"R",22588,"G",6802,"G",941,"G",6802,"G",941,2
165033,"R",121852,"A",,"A",,"G",4062,"A",,"G",4062,"A",,2
165060,"R",5085,"A",,"A",,"G",170,"A",,"G",170,"A",,2
165112,"R",142002,"A",,"A",,"G",4733,"A",,"G",4733,"A",,2
165149,"R",2700,"A",,"A",,"G",90,"A",,"G",90,"A",,2
165167,"R",6237,"A",,"R",34512,"G",208,"G",1438,"G",208,"G",1438,2
165194,"R",66212,"A",,"A",,"G",2207,"A",,"G",2207,"A",,2
165255,"A",,"R",142341,"A",,"G",158,"A",,"R",158,"A",,1
165264,"R",9640,"A",,"A",,"G",321,"A",,"G",321,"A",,2
165334,"R",67497,"A",,"R",22332,"G",2250,"G",931,"G",2250,"G",931,2
165495,"A",,"A",,"R",672,"A",,"G",28,"A",,"G",28,-2
165529,"R",67518,"A",,"R",1836,"G",2251,"G",77,"G",2251,"G",77,2
165556,"R",36204,"A",,"A",,"G",1207,"A",,"G",1207,"A",,2
165574,"R",30870,"A",,"A",,"G",1029,"A",,"G",1029,"A",,2
165608,"A",,"R",89033,"A",,"G",99,"A",,"G",99,"A",,1
165635,"A",,"R",871500,"A",,"G",968,"A",,"G",968,"A",,1
165644,"R",31368,"A",,"R",3184,"G",1046,"G",133,"G",1046,"G",133,2
165662,"R",99951,"A",,"R",19106,"G",3332,"G",796,"R",3123,"G",796,2
165671,"R",44545,"A",,"R",3243,"G",1485,"G",135,"G",1485,"G",135,2
165680,"A",,"R",140800,"A",,"G",156,"A",,"G",156,"A",,1
165699,"R",52480,"A",,"R",20459,"G",1749,"G",852,"G",1749,"G",852,2
165705,"A",,"A",,"R",570,"A",,"G",24,"A",,"R",31,-2
165750,"A",,"R",59000,"A",,"G",66,"A",,"G",66,"A",,1
165802,"R",32573,"A",,"A",,"G",1086,"A",,"R",922,"A",,2
165820,"R",86071,"A",,"R",35791,"G",2869,"G",1491,"G",2869,"G",1491,2
165866,"R",107768,"A",,"R",39746,"G",3592,"G",1656,"G",3592,"G",1656,2
165884,"R",10206,"A",,"A",,"G",340,"A",,"G",340,"A",,2
165936,"R",48553,"A",,"R",844,"G",1618,"G",35,"G",1618,"G",35,2
165945,"A",,"A",,"R",35219,"A",,"G",1467,"A",,"G",1467,-2
165981,"R",40060,"A",,"A",,"G",1335,"A",,"G",1335,"A",,2
166009,"A",,"R",218400,"A",,"G",243,"A",,"G",243,"A",,1
166018,"R",38550,"A",,"A",,"G",1285,"A",,"G",1285,"A",,2
166027,"R",110514,"A",,"R",267894,"G",3684,"G",11162,"G",3684,"G",11162,2
166045,"R",53,"A",,"R",991,"G",2,"G",41,"G",2,"G",41,2
166054,"R",1032,"A",,"R",1320,"G",34,"G",55,"G",34,"G",55,2
166063,"A",,"R",54032,"A",,"G",60,"A",,"G",60,"A",,1
166124,"R",89560,"A",,"A",,"G",2985,"A",,"G",2985,"A",,2
166133,"R",126734,"A",,"A",,"G",4224,"A",,"G",4224,"A",,2
166276,"R",36360,"A",,"A",,"G",808,"A",,"G",808,"A",,2
166294,"R",1000,"A",,"A",,"G",33,"A",,"G",33,"A",,2
166319,"A",,"R",50000,"A",,"G",56,"A",,"G",56,"A",,1
166328,"R",1000,"A",,"A",,"G",33,"A",,"G",33,"A",,2
166391,"R",32514,"A",,"R",336,"G",1084,"G",14,"G",1084,"G",14,2
166407,"R",5438,"A",,"A",,"G",181,"A",,"G",181,"A",,2
166452,"R",31495,"A",,"R",57443,"G",1050,"G",2393,"G",1050,"G",2393,2
166489,"R",1171,"A",,"R",1986,"G",39,"G",83,"G",39,"G",83,2
166498,"A",,"R",79000,"A",,"G",88,"A",,"R",79,"A",,1
166513,"R",211343,"A",,"R",29490,"G",7045,"G",1229,"G",7045,"G",1229,2
166586,"A",,"R",28793,"A",,"G",32,"A",,"G",32,"A",,1
166595,"A",,"R",57985,"A",,"G",64,"A",,"G",64,"A",,1
166601,"R",5580,"A",,"A",,"G",186,"A",,"G",186,"A",,2
166629,"R",546859,"A",,"R",82829,"G",18229,"G",3451,"G",18229,"G",3451,2
166638,"R",230070,"A",,"R",39159,"G",7669,"G",1632,"G",7669,"G",1632,2
166647,"R",107602,"A",,"A",,"G",3587,"A",,"G",3587,"A",,2
166656,"R",12684,"A",,"R",6681,"G",423,"G",278,"G",423,"G",278,2
166674,"R",46115,"A",,"R",2523,"G",1537,"G",105,"R",1537,"R",105,2
166683,"R",437807,"A",,"R",643566,"G",14594,"G",26815,"R",4097,"R",5999,2
166692,"R",32318,"A",,"R",375,"G",1077,"G",16,"G",1077,"G",16,2
166708,"A",,"A",,"R",7510,"A",,"G",313,"A",,"G",313,-2
166717,"A",,"A",,"R",4931,"A",,"G",205,"A",,"G",205,-2
166805,"A",,"R",49099,"A",,"G",55,"A",,"G",55,"A",,1
166823,"R",123058,"A",,"A",,"G",4102,"A",,"G",4102,"A",,2
166850,"R",64450,"A",,"R",171,"G",2148,"G",7,"G",2148,"G",7,2
166869,"A",,"A",,"R",15725,"A",,"G",655,"A",,"G",655,-2
166887,"R",150021,"A",,"A",,"G",5001,"A",,"G",5001,"A",,2
166911,"R",11550,"A",,"A",,"G",385,"A",,"R",324,"A",,2
166939,"R",69404,"A",,"R",667,"G",2313,"G",28,"G",2313,"G",28,2
166948,"R",35400,"A",,"A",,"G",1180,"A",,"G",1180,"A",,2
166957,"R",72337,"A",,"A",,"G",2411,"A",,"G",2411,"A",,2
166975,"R",5074,"A",,"A",,"G",169,"A",,"G",169,"A",,2
166984,"R",23387,"A",,"R",3549,"G",780,"G",148,"G",780,"G",148,2
167020,"A",,"R",1205280,"A",,"G",1339,"A",,"G",1339,"A",,1
167039,"A",,"R",14000,"A",,"G",16,"A",,"G",16,"A",,1
167057,"R",11641,"A",,"R",6484,"G",388,"G",270,"R",386,"R",359,2
167093,"R",420,"A",,"R",0,"G",14,"G",0,"G",14,"Z",0,2
167181,"A",,"A",,"R",2620,"A",,"G",109,"A",,"G",109,-2
167224,"A",,"R",128700,"A",,"G",143,"A",,"G",143,"A",,1
167251,"R",24363,"A",,"A",,"G",812,"A",,"G",812,"A",,2
167260,"R",32781,"A",,"R",4872,"G",1093,"G",203,"G",1093,"G",203,2
167288,"R",39375,"A",,"R",9297,"G",1313,"G",387,"G",1313,"G",387,2
167297,"A",,"R",211090,"A",,"G",235,"A",,"R",180,"A",,1
167312,"R",121624,"A",,"A",,"G",4054,"A",,"G",4054,"A",,2
167321,"R",40094,"A",,"A",,"G",1336,"A",,"G",1336,"A",,2
167358,"R",484820,"A",,"R",67680,"G",16161,"G",2820,"G",16161,"G",2820,2
167376,"R",115875,"A",,"A",,"G",3863,"A",,"G",3863,"A",,2
167394,"R",20089,"A",,"R",1860,"G",670,"G",78,"G",670,"G",78,2
167455,"R",15564,"A",,"A",,"G",519,"A",,"G",519,"A",,2
167464,"A",,"A",,"R",1789,"A",,"G",75,"A",,"R",60,-2
167525,"R",120198,"A",,"A",,"G",4007,"A",,"G",4007,"A",,2
167534,"R",125002,"A",,"A",,"G",4167,"A",,"G",4167,"A",,2
167543,"R",2184,"R",237408,"A",,"G",337,"A",,"G",337,"A",,3
167598,"R",24816,"A",,"R",6399,"G",827,"G",267,"G",827,"G",267,2
167631,"R",46565,"A",,"A",,"G",1552,"A",,"G",1552,"A",,2
167677,"Z",0,"A",,"R",2444,"A",,"G",102,"A",,"R",104,-2
167729,"R",165815,"A",,"R",43745,"G",5527,"G",1823,"G",5527,"G",1823,2
167738,"R",5553,"A",,"A",,"G",185,"A",,"G",185,"A",,2
167774,"R",3909,"A",,"A",,"G",130,"A",,"G",130,"A",,2
167783,"R",44331,"A",,"R",51861,"G",1478,"G",2161,"G",1478,"G",2161,2
167792,"R",11426,"A",,"A",,"G",381,"A",,"G",381,"A",,2
167835,"R",85663,"A",,"R",15199,"G",2855,"G",633,"R",2677,"G",633,2
167871,"R",5144,"A",,"A",,"G",171,"A",,"R",113,"A",,2
167899,"R",113750,"A",,"R",34662,"G",3792,"G",1444,"G",3792,"G",1444,2
167905,"R",123407,"A",,"A",,"G",4114,"A",,"G",4114,"A",,2
167987,"R",194524,"A",,"R",12508,"G",6484,"G",521,"R",6484,"R",695,2
167996,"R",70268,"A",,"R",501,"G",2342,"G",21,"G",2342,"G",21,2
168005,"R",108487,"A",,"R",33956,"G",3616,"G",1415,"G",3616,"G",1415,2
168032,"A",,"R",46000,"A",,"G",51,"A",,"G",51,"A",,1
168148,"R",139530,"A",,"R",109593,"G",4651,"G",4566,"G",4651,"G",4566,2
168218,"R",74512,"A",,"A",,"G",2484,"A",,"R",2192,"A",,2
168227,"R",104040,"A",,"A",,"G",3468,"A",,"G",3468,"A",,2
168254,"R",83638,"A",,"R",14032,"G",2788,"G",585,"G",2788,"G",585,2
168263,"R",119158,"A",,"R",7062,"G",3972,"G",294,"G",3972,"G",294,2
168272,"A",,"A",,"R",3852,"A",,"G",161,"A",,"G",161,-2
168281,"R",49224,"A",,"A",,"G",1641,"A",,"R",1529,"A",,2
168290,"R",19138,"A",,"R",7517,"G",638,"G",313,"G",638,"G",313,2
168342,"R",55155,"A",,"R",1476,"G",1839,"G",62,"R",2043,"G",62,2
168421,"R",100884,"A",,"R",10447,"G",3363,"G",435,"G",3363,"G",435,2
168430,"R",101810,"A",,"R",7439,"G",3394,"G",310,"G",3394,"G",310,2
168519,"A",,"R",49728,"A",,"G",55,"A",,"G",55,"A",,1
168528,"R",29175,"A",,"A",,"G",973,"A",,"R",1034,"A",,2
168546,"R",53908,"A",,"A",,"G",1797,"A",,"R",1715,"A",,2
168555,"A",,"R",55800,"A",,"G",62,"A",,"G",62,"A",,1
168573,"R",14476,"A",,"A",,"G",483,"A",,"G",483,"A",,2
168591,"R",41640,"A",,"A",,"G",1388,"A",,"G",1388,"A",,2
168607,"R",23682,"R",335220,"A",,"G",1162,"A",,"G",1162,"A",,3
168740,"R",47540,"A",,"R",14815,"G",1585,"G",617,"G",1585,"G",617,2
168786,"R",44794,"A",,"R",8302,"G",1493,"G",346,"R",1450,"R",629,2
168838,"R",72062,"A",,"R",403,"G",1601,"G",11,"G",1601,"G",11,2
168847,"R",182561,"A",,"R",134,"G",4057,"G",4,"G",4057,"G",4,2
168883,"R",33064,"R",468588,"A",,"G",1623,"A",,"G",1623,"A",,3
168892,"A",,"R",144000,"A",,"G",160,"A",,"G",160,"A",,1
169080,"R",132165,"A",,"R",756,"G",4406,"G",32,"G",4406,"G",32,2
169099,"A",,"A",,"R",2705,"A",,"G",75,"A",,"R",127,-2
169187,"R",8120,"A",,"A",,"G",180,"A",,"G",180,"A",,2
169220,"A",,"A",,"R",3864,"A",,"G",161,"A",,"R",161,-2
169248,"R",537603,"A",,"R",131010,"G",17920,"G",5459,"G",17920,"G",5459,2
169275,"R",188671,"R",3775115,"A",,"G",10484,"A",,"G",10484,"A",,3
169284,"A",,"R",350548,"A",,"G",389,"A",,"G",389,"A",,1
169327,"R",24673,"A",,"R",1304,"G",548,"G",36,"R",548,"R",36,2
169363,"R",13029,"A",,"R",684,"G",434,"G",29,"G",434,"G",29,2
169424,"A",,"A",,"R",4500,"A",,"G",188,"A",,"R",150,-2
169442,"R",32286,"A",,"A",,"G",1076,"A",,"G",1076,"A",,2
169479,"R",398612,"A",,"R",20453,"G",13287,"G",852,"G",13287,"G",852,2
169503,"A",,"R",134039,"A",,"G",149,"A",,"G",149,"A",,1
169521,"R",200037,"R",1593109,"A",,"G",8438,"A",,"G",8438,"A",,3
169567,"A",,"R",141680,"A",,"G",157,"A",,"G",157,"A",,1
169576,"R",4885,"A",,"A",,"G",109,"A",,"G",109,"A",,2
169655,"A",,"R",492480,"A",,"G",547,"A",,"G",547,"A",,1
169716,"R",80878,"A",,"R",22325,"G",2696,"G",930,"G",2696,"G",930,2
169734,"R",7000,"A",,"A",,"G",156,"A",,"G",156,"A",,2
169761,"R",6813,"A",,"A",,"G",151,"A",,"G",151,"A",,2
169798,"R",510429,"A",,"R",58736,"G",17014,"G",2447,"G",17014,"G",2447,2
169910,"R",281307,"A",,"R",7630,"G",9377,"G",318,"G",9377,"G",318,2
169947,"A",,"R",59471,"A",,"G",66,"A",,"G",66,"A",,1
169956,"A",,"R",86977,"A",,"G",97,"A",,"R",97,"A",,1
169974,"R",31665,"R",226595,"A",,"G",1307,"A",,"G",1307,"A",,3
169983,"R",80831,"A",,"R",9722,"G",2694,"G",405,"G",2694,"G",405,2
169992,"R",21003,"R",2520,"A",,"G",703,"A",,"G",703,"A",,3
170000,"R",4272,"A",,"A",,"G",142,"A",,"G",142,"A",,2
170037,"R",21112,"A",,"R",1967,"G",704,"G",82,"G",704,"G",82,2
170046,"A",,"R",1573625,"A",,"G",1748,"A",,"G",1748,"A",,1
170055,"R",275215,"R",2047701,"A",,"G",11449,"A",,"R",17776,"A",,3
170082,"R",484065,"A",,"R",57100,"G",16136,"G",2379,"G",16136,"G",2379,2
170091,"R",5389,"A",,"A",,"G",180,"A",,"G",180,"A",,2
170240,"R",243472,"A",,"A",,"G",8116,"A",,"G",8116,"A",,2
170301,"R",95375,"A",,"A",,"G",3179,"A",,"G",3179,"A",,2
170338,"A",,"R",22500,"A",,"G",25,"A",,"G",25,"A",,1
170417,"R",26636,"A",,"A",,"G",592,"A",,"G",592,"A",,2
170444,"R",112768,"A",,"A",,"G",3759,"A",,"R",4699,"A",,2
170514,"A",,"R",82000,"A",,"G",91,"A",,"G",91,"A",,1
170532,"R",48150,"A",,"A",,"G",1070,"A",,"G",1070,"A",,2
170541,"R",118598,"R",1498784,"A",,"G",5619,"A",,"G",5619,"A",,3
170550,"R",45840,"R",910875,"A",,"G",2540,"A",,"G",2540,"A",,3
170587,"R",17821,"R",375079,"A",,"G",1011,"A",,"G",1011,"A",,3
170611,"A",,"R",152004,"A",,"G",169,"A",,"G",169,"A",,1
170620,"R",70603,"A",,"A",,"G",2353,"A",,"G",2353,"A",,2
170639,"R",83184,"A",,"R",444,"G",2773,"G",19,"G",2773,"G",19,2
170657,"R",325178,"R",2951445,"A",,"G",14119,"A",,"G",14119,"A",,3
170675,"R",65126,"A",,"R",19610,"G",2171,"G",817,"G",2171,"G",817,2
170693,"R",7789,"A",,"A",,"G",260,"A",,"R",281,"A",,2
170736,"A",,"R",1600,"A",,"G",2,"A",,"G",2,"A",,1
170790,"R",254920,"R",1788096,"A",,"G",10484,"A",,"G",10484,"A",,3
170806,"R",75358,"A",,"R",13434,"G",2512,"G",560,"G",2512,"G",560,2
170824,"A",,"R",28800,"A",,"G",32,"A",,"R",17,"A",,1
170842,"R",18235,"A",,"R",81153,"G",608,"G",3381,"R",608,"R",4508,2
170967,"R",27198,"A",,"A",,"G",907,"A",,"G",907,"A",,2
170976,"R",720906,"A",,"R",235504,"G",24030,"G",9813,"R",24030,"R",11550,2
171012,"A",,"R",331904,"A",,"G",369,"A",,"R",369,"A",,1
171100,"R",913490,"A",,"R",119814,"G",30450,"G",4992,"G",30450,"G",4992,2
171128,"R",161347,"A",,"R",11044,"G",5378,"G",460,"G",5378,"G",460,2
171137,"R",158284,"A",,"R",28445,"G",5276,"G",1185,"G",5276,"G",1185,2
171146,"R",133226,"A",,"R",10859,"G",4441,"G",452,"G",4441,"G",452,2
171155,"R",59648,"A",,"A",,"G",1988,"A",,"G",1988,"A",,2
171225,"R",72178,"A",,"A",,"G",2406,"A",,"G",2406,"A",,2
171234,"R",30914,"R",284081,"A",,"G",1346,"A",,"G",1346,"A",,3
171261,"A",,"R",72000,"A",,"G",80,"A",,"G",80,"A",,1
171298,"R",122184,"A",,"R",330,"G",2715,"G",9,"G",2715,"G",9,2
171304,"R",98497,"A",,"A",,"G",3283,"A",,"G",3283,"A",,2
171313,"A",,"R",698400,"A",,"G",776,"A",,"G",776,"A",,1
171322,"A",,"R",1974640,"A",,"G",2194,"A",,"G",2194,"A",,1
171395,"R",37066,"R",205048,"A",,"G",1463,"A",,"G",1463,"A",,3
171456,"R",234778,"A",,"R",11405,"G",7826,"G",475,"G",7826,"G",475,2
171465,"A",,"R",25200,"A",,"G",28,"A",,"G",28,"A",,1
171483,"R",88587,"A",,"A",,"G",2953,"A",,"G",2953,"A",,2
171492,"R",139175,"R",0,"R",5738,"G",3093,"G",159,"G",3093,"G",159,3
171535,"R",454962,"R",2760010,"A",,"G",18232,"A",,"G",18232,"A",,3
171571,"R",336073,"A",,"R",56058,"G",11202,"G",2336,"G",11202,"G",2336,2
171599,"R",26634,"A",,"R",700,"G",888,"G",29,"G",888,"G",29,2
171775,"A",,"R",95100,"A",,"G",106,"A",,"R",106,"A",,1
171881,"R",6080,"A",,"R",53,"G",203,"G",2,"R",202,"R",2,2
171988,"A",,"R",108720,"A",,"G",121,"A",,"G",121,"A",,1
171997,"A",,"R",67680,"A",,"G",75,"A",,"G",75,"A",,1
172015,"A",,"R",118800,"A",,"G",132,"A",,"G",132,"A",,1
172033,"R",2650,"A",,"R",1849,"G",88,"G",77,"G",88,"G",77,2
172051,"R",192212,"A",,"R",24166,"G",6407,"G",1007,"R",6500,"R",891,2
172200,"R",203840,"A",,"A",,"G",6795,"A",,"R",6795,"A",,2
172264,"R",17961,"A",,"R",1364,"G",599,"G",57,"R",1363,"R",138,2
172291,"A",,"R",1656360,"A",,"G",1840,"A",,"R",1852,"A",,1
172307,"R",51092,"A",,"A",,"G",1703,"A",,"G",1703,"A",,2
172325,"R",14136,"R",424080,"A",,"G",942,"A",,"G",942,"A",,3
172334,"R",68055,"A",,"R",20697,"G",2269,"G",862,"R",2240,"R",825,2
172422,"R",13254,"A",,"A",,"G",295,"A",,"G",295,"A",,2
172440,"R",15024,"A",,"A",,"G",501,"A",,"G",501,"A",,2
172495,"A",,"R",60320,"A",,"G",67,"A",,"G",67,"A",,1
172556,"A",,"R",165000,"A",,"G",183,"A",,"G",183,"A",,1
172574,"A",,"R",270000,"A",,"G",300,"A",,"G",300,"A",,1
172583,"A",,"R",246000,"A",,"G",273,"A",,"G",273,"A",,1
172608,"R",21196,"A",,"R",33196,"G",707,"G",1383,"G",707,"G",1383,2
172617,"R",230966,"A",,"A",,"G",7699,"A",,"G",7699,"A",,2
172635,"R",283370,"R",1464499,"A",,"G",11073,"A",,"G",11073,"A",,3
172644,"R",448040,"A",,"R",147835,"G",14935,"G",6160,"G",14935,"G",6160,2
172671,"R",26738,"A",,"A",,"G",891,"A",,"G",891,"A",,2
172699,"R",638088,"A",,"R",85194,"G",21270,"G",3550,"G",21270,"G",3550,2
172705,"A",,"A",,"R",176,"A",,"G",7,"A",,"G",7,-2
172778,"R",5780,"A",,"A",,"G",193,"A",,"G",193,"A",,2
172802,"A",,"R",109200,"A",,"G",121,"A",,"G",121,"A",,1
172866,"R",8462,"A",,"A",,"G",188,"A",,"G",188,"A",,2
172918,"R",64575,"A",,"A",,"G",2153,"A",,"G",2153,"A",,2
172927,"R",1128,"A",,"A",,"G",25,"A",,"G",25,"A",,2
172954,"R",50375,"A",,"A",,"G",1679,"A",,"G",1679,"A",,2
172963,"R",134846,"A",,"A",,"G",4495,"A",,"G",4495,"A",,2
172972,"R",2505,"A",,"A",,"G",84,"A",,"G",84,"A",,2
173045,"R",77269,"A",,"R",7788,"G",2576,"G",325,"G",2576,"G",325,2
173063,"R",82383,"A",,"A",,"G",2746,"A",,"G",2746,"A",,2
173115,"R",22164,"A",,"A",,"G",739,"A",,"G",739,"A",,2
173124,"R",123295,"A",,"R",5939,"G",4110,"G",247,"R",4110,"R",297,2
173142,"R",16863,"A",,"A",,"G",562,"A",,"G",562,"A",,2
173160,"R",86965,"A",,"R",6515,"G",2899,"G",271,"G",2899,"G",271,2
173179,"A",,"A",,"R",17334,"A",,"G",482,"A",,"G",482,-2
173203,"R",74344,"A",,"A",,"G",2478,"A",,"G",2478,"A",,2
173258,"R",101785,"A",,"A",,"G",3393,"A",,"R",1898,"A",,2
173300,"R",88209,"A",,"R",23,"G",2940,"G",1,"G",2940,"G",1,2
173328,"R",55482,"A",,"R",8614,"G",1849,"G",359,"G",1849,"G",359,2
173416,"R",67500,"A",,"A",,"G",2250,"A",,"G",2250,"A",,2
173452,"R",35532,"A",,"A",,"G",1184,"A",,"G",1184,"A",,2
173461,"R",100867,"A",,"A",,"G",3362,"A",,"G",3362,"A",,2
173470,"A",,"R",60303,"A",,"G",67,"A",,"G",67,"A",,1
173489,"R",13014,"A",,"A",,"G",289,"A",,"G",289,"A",,2
173559,"R",128626,"A",,"A",,"G",4288,"A",,"G",4288,"A",,2
173629,"R",48884,"A",,"A",,"G",1086,"A",,"G",1086,"A",,2
173638,"R",65206,"A",,"A",,"G",2174,"A",,"G",2174,"A",,2
173647,"R",90709,"A",,"A",,"G",3024,"A",,"G",3024,"A",,2
173665,"R",63051,"A",,"R",37528,"G",2102,"G",1564,"R",1970,"R",1564,2
173708,"R",108932,"A",,"A",,"G",3631,"A",,"G",3631,"A",,2
173726,"A",,"R",43347,"A",,"G",48,"A",,"R",50,"A",,1
173735,"R",43952,"A",,"A",,"G",1465,"A",,"G",1465,"A",,2
173744,"A",,"R",602936,"A",,"G",670,"A",,"G",670,"A",,1
173799,"R",98231,"A",,"A",,"G",3274,"A",,"G",3274,"A",,2
173805,"R",29316,"A",,"A",,"G",977,"A",,"G",977,"A",,2
173887,"R",18763,"A",,"A",,"G",417,"A",,"G",417,"A",,2
173896,"A",,"A",,"R",14671,"A",,"G",611,"A",,"G",611,-2
173902,"R",58899,"A",,"A",,"G",1963,"A",,"G",1963,"A",,2
173911,"R",78651,"A",,"A",,"G",2622,"A",,"G",2622,"A",,2
173920,"R",362641,"A",,"R",25920,"G",12088,"G",1080,"G",12088,"G",1080,2
173939,"A",,"R",83392,"A",,"G",93,"A",,"G",93,"A",,1
173966,"R",6750,"A",,"R",5137,"G",225,"G",214,"G",225,"G",214,2
173984,"R",42426,"A",,"R",9064,"G",1414,"G",378,"G",1414,"G",378,2
173993,"R",37334,"A",,"A",,"G",1244,"A",,"G",1244,"A",,2
174020,"R",126584,"A",,"R",9596,"G",4219,"G",400,"R",4219,"R",480,2
174066,"R",985253,"A",,"R",176521,"G",32842,"G",7355,"R",32842,"R",8826,2
174075,"R",40912,"A",,"A",,"G",1364,"A",,"G",1364,"A",,2
174118,"A",,"R",320200,"A",,"G",356,"A",,"G",356,"A",,1
174127,"R",17632,"A",,"R",949,"G",588,"G",40,"R",619,"R",41,2
174136,"R",156589,"A",,"A",,"G",5220,"A",,"G",5220,"A",,2
174154,"R",12796,"A",,"A",,"G",427,"A",,"G",427,"A",,2
174190,"A",,"R",6650,"A",,"G",7,"A",,"G",7,"A",,1
174206,"R",3934,"A",,"A",,"G",131,"A",,"G",131,"A",,2
174233,"R",264566,"A",,"R",4332,"G",8819,"G",181,"R",8819,"R",217,2
174251,"R",55785,"A",,"A",,"G",1860,"A",,"G",1860,"A",,2
174279,"R",64375,"A",,"A",,"G",1431,"A",,"G",1431,"A",,2
174321,"A",,"R",145640,"A",,"G",162,"A",,"R",163,"A",,1
174358,"R",201711,"A",,"R",5826,"G",6724,"G",243,"R",6724,"R",291,2
174376,"R",126324,"A",,"A",,"G",4211,"A",,"G",4211,"A",,2
174385,"R",8096,"A",,"A",,"G",180,"A",,"G",180,"A",,2
174394,"R",94836,"A",,"A",,"G",2107,"A",,"G",2107,"A",,2
174428,"R",175718,"A",,"A",,"G",5857,"A",,"G",5857,"A",,2
174437,"R",33903,"A",,"A",,"G",1130,"A",,"G",1130,"A",,2
174464,"R",16146,"R",0,"A",,"G",359,"A",,"G",359,"A",,3
174473,"R",82136,"A",,"A",,"G",2738,"A",,"G",2738,"A",,2
174482,"R",3680,"A",,"A",,"G",123,"A",,"G",123,"A",,2
174491,"R",71349,"A",,"A",,"G",2378,"A",,"G",2378,"A",,2
174507,"R",2172,"A",,"R",4244,"G",72,"G",177,"G",72,"G",177,2
174525,"R",5115,"A",,"A",,"G",171,"A",,"G",171,"A",,2
174534,"A",,"R",82560,"A",,"G",92,"A",,"G",92,"A",,1
174561,"R",5229,"A",,"A",,"G",174,"A",,"G",174,"A",,2
174570,"R",12662,"A",,"A",,"G",422,"A",,"G",422,"A",,2
174604,"R",9073,"A",,"A",,"G",302,"A",,"G",302,"A",,2
174622,"R",20400,"A",,"A",,"G",453,"A",,"G",453,"A",,2
174631,"R",17506,"A",,"A",,"G",389,"A",,"G",389,"A",,2
174686,"A",,"R",37200,"A",,"G",41,"A",,"G",41,"A",,1
174738,"R",126887,"A",,"A",,"G",4230,"A",,"G",4230,"A",,2
174747,"R",65836,"A",,"A",,"G",2195,"A",,"G",2195,"A",,2
174756,"R",81980,"A",,"A",,"G",2733,"A",,"G",2733,"A",,2
174765,"A",,"R",82560,"A",,"G",92,"A",,"G",92,"A",,1
174783,"R",382864,"A",,"R",25507,"G",12762,"G",1063,"G",12762,"G",1063,2
174792,"R",61483,"A",,"R",2202,"G",2049,"G",92,"G",2049,"G",92,2
174817,"R",50871,"A",,"R",61777,"G",1696,"G",2574,"G",1696,"G",2574,2
174844,"R",87450,"A",,"A",,"G",2915,"A",,"R",2997,"A",,2
174862,"R",25679,"A",,"R",414,"G",856,"G",17,"G",856,"G",17,2
174899,"R",75499,"A",,"R",9832,"G",2517,"G",410,"G",2517,"G",410,2
174914,"R",156577,"A",,"R",76783,"G",5219,"G",3199,"G",5219,"G",3199,2
174932,"R",5496,"A",,"A",,"G",183,"A",,"G",183,"A",,2
174978,"A",,"R",258425,"A",,"G",287,"A",,"G",287,"A",,1
175005,"R",89267,"A",,"R",16426,"G",2976,"G",684,"G",2976,"G",684,2
175014,"R",19719,"A",,"A",,"G",438,"A",,"G",438,"A",,2
175041,"R",90005,"A",,"A",,"G",3000,"A",,"G",3000,"A",,2
175078,"R",93727,"A",,"R",8145,"G",3124,"G",339,"G",3124,"G",339,2
175120,"R",4960,"A",,"A",,"G",165,"A",,"G",165,"A",,2
175139,"A",,"A",,"R",2675,"A",,"G",111,"A",,"R",99,-2
175148,"A",,"R",165633,"A",,"G",184,"A",,"G",184,"A",,1
175157,"R",19887,"A",,"A",,"G",663,"A",,"G",663,"A",,2
175227,"R",67268,"A",,"A",,"G",1495,"A",,"G",1495,"A",,2
175236,"R",101534,"A",,"A",,"G",3384,"A",,"G",3384,"A",,2
175263,"R",45593,"A",,"A",,"G",1520,"A",,"G",1520,"A",,2
175272,"R",222937,"A",,"R",7973,"G",7431,"G",332,"G",7431,"G",332,2
175315,"R",184023,"A",,"A",,"G",6134,"A",,"G",6134,"A",,2
175342,"R",85221,"A",,"R",10235,"G",2841,"G",426,"G",2841,"G",426,2
175421,"R",52357,"A",,"R",7069,"G",1745,"G",295,"G",1745,"G",295,2
175430,"R",12145,"A",,"A",,"G",405,"A",,"G",405,"A",,2
175476,"A",,"R",22050,"A",,"G",25,"A",,"R",24,"A",,1
175494,"A",,"R",133500,"A",,"G",148,"A",,"G",148,"A",,1
175519,"R",52183,"A",,"A",,"G",1739,"A",,"G",1739,"A",,2
175528,"R",11376,"A",,"A",,"G",253,"A",,"G",253,"A",,2
175564,"R",23569,"R",29401,"A",,"G",818,"A",,"R",1762,"A",,3
175573,"R",58015,"R",166245,"A",,"G",2119,"A",,"G",2119,"A",,3
175591,"A",,"R",93325,"A",,"G",104,"A",,"G",104,"A",,1
175607,"A",,"R",95849,"A",,"G",106,"A",,"G",106,"A",,1
175616,"R",84251,"A",,"R",12677,"G",2808,"G",528,"G",2808,"G",528,2
175643,"R",61195,"A",,"A",,"G",2040,"A",,"G",2040,"A",,2
175652,"R",95923,"A",,"A",,"G",3197,"A",,"G",3197,"A",,2
175698,"A",,"R",19067,"A",,"G",21,"A",,"G",21,"A",,1
175713,"A",,"R",133500,"A",,"G",148,"A",,"G",148,"A",,1
175722,"A",,"R",36225,"A",,"G",40,"A",,"R",46,"A",,1
175786,"R",387480,"A",,"A",,"G",12916,"A",,"G",12916,"A",,2
175810,"R",91334,"R",7029,"A",,"G",3052,"A",,"R",3937,"A",,3
175829,"R",61742,"A",,"A",,"G",2058,"A",,"G",2058,"A",,2
175856,"R",168736,"A",,"R",24673,"G",5625,"G",1028,"G",5625,"G",1028,2
175883,"R",139525,"A",,"A",,"G",4651,"A",,"G",4651,"A",,2
175917,"R",1140,"A",,"A",,"G",38,"A",,"G",38,"A",,2
175935,"R",79775,"A",,"A",,"G",2659,"A",,"R",3324,"A",,2
175980,"R",36027,"A",,"R",1370,"G",1201,"G",57,"G",1201,"G",57,2
176008,"R",93511,"A",,"A",,"G",3117,"A",,"G",3117,"A",,2
176017,"R",329838,"A",,"R",34097,"G",10995,"G",1421,"G",10995,"G",1421,2
176026,"R",26435,"R",18000,"R",11376,"G",607,"G",316,"G",607,"G",316,3
176035,"R",54424,"A",,"R",2821,"G",1814,"G",118,"G",1814,"G",118,2
176044,"R",89433,"A",,"R",8782,"G",2981,"G",366,"G",2981,"G",366,2
176053,"R",65673,"A",,"R",9430,"G",2189,"G",393,"G",2189,"G",393,2
176062,"A",,"R",37635,"A",,"G",42,"A",,"G",42,"A",,1
176071,"R",243029,"A",,"A",,"G",8101,"A",,"G",8101,"A",,2
176080,"R",329816,"A",,"R",48344,"G",10994,"G",2014,"G",10994,"G",2014,2
176169,"R",85458,"A",,"A",,"G",2849,"A",,"G",2849,"A",,2
176178,"R",154504,"A",,"A",,"G",5150,"A",,"G",5150,"A",,2
176239,"R",68531,"A",,"A",,"G",2284,"A",,"G",2284,"A",,2
176318,"R",29660,"A",,"A",,"G",989,"A",,"G",989,"A",,2
176336,"R",1784,"A",,"A",,"G",59,"A",,"R",60,"A",,2
176354,"R",54251,"A",,"A",,"G",1808,"A",,"G",1808,"A",,2
176372,"R",340017,"A",,"R",60001,"G",11334,"G",2500,"G",11334,"G",2500,2
176390,"A",,"R",150750,"A",,"G",168,"A",,"G",168,"A",,1
176406,"R",28106,"A",,"A",,"G",937,"A",,"G",937,"A",,2
176415,"A",,"R",13500,"A",,"G",15,"A",,"G",15,"A",,1
176451,"A",,"A",,"R",449,"A",,"G",19,"A",,"G",19,-2
176460,"R",2103,"A",,"A",,"G",70,"A",,"G",70,"A",,2
176479,"R",57597,"A",,"R",19957,"G",1920,"G",832,"G",1920,"G",832,2
176497,"A",,"R",23884,"A",,"G",27,"A",,"G",27,"A",,1
176549,"A",,"R",996299,"A",,"G",1107,"A",,"G",1107,"A",,1
176600,"A",,"A",,"R",3591,"A",,"G",150,"A",,"G",150,-2
176619,"A",,"A",,"R",8819,"A",,"G",367,"A",,"G",367,-2
176628,"R",38078,"A",,"R",8062,"G",1269,"G",336,"G",1269,"G",336,2
176637,"R",24664,"A",,"A",,"G",548,"A",,"G",548,"A",,2
176664,"R",18811,"A",,"R",672,"G",627,"G",28,"G",627,"G",28,2
176716,"A",,"R",50250,"A",,"G",56,"A",,"G",56,"A",,1
176734,"A",,"R",22100,"A",,"G",25,"A",,"G",25,"A",,1
176770,"R",11966,"A",,"A",,"G",399,"A",,"G",399,"A",,2
176789,"R",6631,"A",,"R",387,"G",221,"G",16,"G",221,"G",16,2
176798,"A",,"R",106616,"A",,"G",118,"A",,"G",118,"A",,1
176910,"R",15300,"A",,"A",,"G",510,"A",,"G",510,"A",,2
176938,"R",22889,"R",108223,"A",,"G",883,"A",,"G",883,"A",,3
176947,"R",24653,"A",,"Z",0,"G",822,"A",,"G",822,"A",,2
176965,"R",232654,"A",,"R",28412,"G",7755,"G",1184,"R",7755,"R",1184,2
176983,"A",,"R",82800,"A",,"G",92,"A",,"G",92,"A",,1
176992,"A",,"R",12000,"A",,"G",13,"A",,"R",13,"A",,1
177038,"R",3235,"A",,"A",,"G",108,"A",,"G",108,"A",,2
177056,"A",,"R",131091,"A",,"G",146,"A",,"R",185,"A",,1
177065,"R",246932,"A",,"R",4743,"G",8231,"G",198,"G",8231,"G",198,2
177074,"A",,"R",18000,"A",,"G",20,"A",,"G",20,"A",,1
177083,"Z",0,"R",2901,"R",196,"G",3,"G",8,"G",3,"G",8,1
177092,"A",,"A",,"R",3512,"A",,"G",98,"A",,"R",117,-2
177117,"R",8927,"A",,"A",,"G",298,"A",,"R",278,"A",,2
177126,"A",,"A",,"R",12979,"A",,"G",541,"A",,"G",541,-2
177135,"R",63875,"A",,"A",,"G",2129,"A",,"R",2129,"A",,2
177144,"R",25095,"A",,"A",,"G",837,"A",,"G",837,"A",,2
177153,"R",1280,"A",,"A",,"G",43,"A",,"G",43,"A",,2
177162,"R",73411,"A",,"R",7783,"G",2447,"G",324,"G",2447,"G",324,2
177214,"R",105326,"A",,"R",6464,"G",3511,"G",269,"G",3511,"G",269,2
177250,"R",63347,"A",,"A",,"G",2112,"A",,"G",2112,"A",,2
177278,"A",,"A",,"R",3911,"A",,"G",163,"A",,"G",163,-2
177287,"A",,"R",111437,"A",,"G",124,"A",,"G",124,"A",,1
177302,"R",9450,"A",,"A",,"G",210,"A",,"G",210,"A",,2
177339,"R",27314,"A",,"R",269,"G",910,"G",11,"G",910,"G",11,2
177418,"R",45225,"A",,"R",15217,"G",1508,"G",634,"G",1508,"G",634,2
177427,"A",,"A",,"R",81126,"A",,"G",2254,"A",,"G",2254,-2
177436,"A",,"R",34320,"A",,"G",38,"A",,"G",38,"A",,1
177472,"R",174177,"A",,"A",,"G",5806,"A",,"G",5806,"A",,2
177542,"R",24316,"A",,"A",,"G",811,"A",,"G",811,"A",,2
177551,"R",27641,"A",,"A",,"G",921,"A",,"G",921,"A",,2
177579,"R",19639,"A",,"A",,"G",655,"A",,"G",655,"A",,2
177588,"A",,"R",62850,"A",,"G",70,"A",,"G",70,"A",,1
177603,"A",,"R",210000,"A",,"G",233,"A",,"G",233,"A",,1
177676,"R",82985,"A",,"A",,"G",2766,"A",,"G",2766,"A",,2
177685,"A",,"R",70500,"A",,"G",78,"A",,"G",78,"A",,1
177719,"R",13853,"A",,"R",1356,"G",462,"G",57,"G",462,"G",57,2
177746,"R",17831,"A",,"A",,"G",594,"A",,"R",559,"A",,2
177807,"A",,"R",27000,"A",,"G",30,"A",,"R",20,"A",,1
177816,"A",,"A",,"R",2,"A",,"G",0,"A",,"Z",0,-2
177834,"Z",0,"A",,"R",3127742,"A",,"G",130323,"A",,"R",900,-2
177870,"A",,"R",9450,"A",,"G",11,"A",,"G",11,"A",,1
177889,"Z",0,"R",0,"A",,"G",0,"A",,"R",0,"A",,1
177922,"A",,"R",57057,"A",,"G",63,"A",,"R",38,"A",,1
177931,"A",,"R",48937,"A",,"G",54,"A",,"G",54,"A",,1
177940,"R",67998,"A",,"R",3245,"G",2267,"G",135,"G",2267,"G",135,2
177968,"R",136747,"A",,"R",58121,"G",4558,"G",2422,"G",4558,"G",2422,2
177977,"R",28230,"A",,"A",,"G",941,"A",,"G",941,"A",,2
177986,"R",3129,"A",,"A",,"G",104,"A",,"G",104,"A",,2
177995,"R",109244,"A",,"A",,"G",3641,"A",,"R",3641,"A",,2
178004,"R",4330,"A",,"A",,"G",144,"A",,"R",144,"A",,2
178022,"R",86195,"A",,"A",,"G",2873,"A",,"R",2873,"A",,2
178031,"R",1506,"A",,"A",,"G",50,"A",,"G",50,"A",,2
178059,"R",64390,"A",,"R",10824,"G",2146,"G",451,"G",2146,"G",451,2
178077,"A",,"R",96106,"A",,"G",107,"A",,"G",107,"A",,1
178110,"R",9680,"A",,"A",,"G",215,"A",,"G",215,"A",,2
178183,"A",,"R",171301,"A",,"G",190,"A",,"G",190,"A",,1
178208,"R",1316,"A",,"R",1722,"G",44,"G",72,"G",44,"G",72,2
178217,"R",76455,"A",,"A",,"G",2549,"A",,"G",2549,"A",,2
178226,"R",29663,"A",,"A",,"G",659,"A",,"G",659,"A",,2
178244,"R",46725,"A",,"R",12885,"G",1558,"G",537,"G",1558,"G",537,2
178262,"A",,"R",80400,"A",,"G",89,"A",,"G",89,"A",,1
178305,"R",43248,"A",,"A",,"G",1442,"A",,"G",1442,"A",,2
178314,"A",,"R",43051,"A",,"G",48,"A",,"R",24,"A",,1
178332,"A",,"R",38365,"A",,"G",43,"A",,"G",43,"A",,1
178341,"R",126452,"A",,"R",0,"G",4215,"G",0,"G",4215,"R",0,2
178350,"R",4812,"A",,"A",,"G",160,"A",,"G",160,"A",,2
178369,"R",42666,"A",,"A",,"G",1422,"A",,"G",1422,"A",,2
178387,"R",122179,"A",,"A",,"G",4073,"A",,"G",4073,"A",,2
178396,"R",555093,"A",,"R",84018,"G",18503,"G",3501,"G",18503,"G",3501,2
178402,"R",195367,"A",,"R",53061,"G",6512,"G",2211,"G",6512,"G",2211,2
178411,"R",106135,"A",,"R",25606,"G",3538,"G",1067,"G",3538,"G",1067,2
178420,"R",234986,"A",,"R",42823,"G",7833,"G",1784,"G",7833,"G",1784,2
178448,"R",71788,"A",,"A",,"G",2393,"A",,"G",2393,"A",,2
178457,"A",,"R",8025,"A",,"G",9,"A",,"G",9,"A",,1
178466,"A",,"R",156906,"A",,"G",174,"A",,"R",123,"A",,1
178484,"A",,"R",180523,"A",,"G",201,"A",,"G",201,"A",,1
178518,"A",,"A",,"R",1620,"A",,"G",68,"A",,"G",68,-2
178527,"A",,"R",34495,"A",,"G",38,"A",,"G",38,"A",,1
178563,"A",,"R",131788,"A",,"G",146,"A",,"G",146,"A",,1
178606,"A",,"R",65450,"A",,"G",73,"A",,"G",73,"A",,1
178615,"R",156280,"A",,"R",11181,"G",5209,"G",466,"G",5209,"G",466,2
178624,"R",149695,"A",,"R",11664,"G",4990,"G",486,"G",4990,"G",486,2
178679,"R",22561,"A",,"A",,"G",752,"A",,"G",752,"A",,2
178697,"R",42637,"A",,"A",,"G",1421,"A",,"G",1421,"A",,2
178721,"R",277818,"A",,"R",5989,"G",9261,"G",250,"G",9261,"G",250,2
178767,"R",14988,"A",,"A",,"G",333,"A",,"G",333,"A",,2
178785,"R",94256,"A",,"A",,"G",3142,"A",,"R",3142,"A",,2
178828,"A",,"R",32550,"A",,"G",36,"A",,"G",36,"A",,1
178891,"R",47306,"A",,"A",,"G",1577,"A",,"G",1577,"A",,2
178989,"R",6329,"A",,"R",390,"G",211,"G",16,"G",211,"G",16,2
178998,"A",,"R",12642,"A",,"G",14,"A",,"G",14,"A",,1
179025,"A",,"R",57040,"A",,"G",63,"A",,"R",36,"A",,1
179043,"R",44101,"A",,"R",15591,"G",1470,"G",650,"G",1470,"G",650,2
179052,"R",703,"R",273152,"A",,"G",327,"A",,"G",327,"A",,3
179070,"A",,"R",1118646,"A",,"G",1243,"A",,"G",1243,"A",,1
179113,"R",256544,"A",,"A",,"G",8551,"A",,"G",8551,"A",,2
179159,"R",227572,"A",,"R",39384,"G",7586,"G",1641,"G",7586,"G",1641,2
179195,"A",,"R",82200,"A",,"G",91,"A",,"G",91,"A",,1
179201,"R",33000,"A",,"A",,"G",733,"A",,"G",733,"A",,2
179229,"A",,"R",61850,"A",,"G",69,"A",,"G",69,"A",,1
179238,"A",,"R",76828,"A",,"G",85,"A",,"G",85,"A",,1
179256,"R",4633,"A",,"A",,"G",154,"A",,"R",169,"A",,2
179265,"Z",0,"A",,"R",28617,"A",,"G",1192,"A",,"G",1192,-2
179292,"R",138842,"A",,"A",,"G",4628,"A",,"G",4628,"A",,2
179308,"R",148572,"A",,"A",,"G",4952,"A",,"G",4952,"A",,2
179317,"A",,"A",,"R",677,"A",,"G",28,"A",,"R",41,-2
179326,"R",65516,"A",,"R",15996,"G",2184,"G",667,"G",2184,"G",667,2
179344,"R",34305,"A",,"A",,"G",1144,"A",,"G",1144,"A",,2
179399,"A",,"R",48900,"A",,"G",54,"A",,"G",54,"A",,1
179450,"R",2971,"A",,"A",,"G",99,"A",,"G",99,"A",,2
179511,"R",12422,"A",,"A",,"G",715,"A",,"G",715,"A",,2
179539,"R",76934,"A",,"A",,"G",2564,"A",,"G",2564,"A",,2
179548,"R",16266,"A",,"R",1137,"G",542,"G",47,"G",542,"G",47,2
179557,"R",216537,"A",,"R",14792,"G",7218,"G",616,"G",7218,"G",616,2
179566,"R",415279,"A",,"R",33676,"G",13843,"G",1403,"G",13843,"G",1403,2
179645,"R",67216,"A",,"A",,"G",2241,"A",,"G",2241,"A",,2
179715,"R",31489,"A",,"A",,"G",1050,"A",,"G",1050,"A",,2
179724,"A",,"R",34644,"A",,"G",38,"A",,"G",38,"A",,1
179742,"A",,"A",,"R",2106,"A",,"G",88,"A",,"G",88,-2
179867,"R",196186,"R",0,"R",83295,"G",6540,"G",3471,"G",6540,"G",3471,3
179894,"R",97590,"A",,"R",244127,"G",3253,"G",10172,"G",3253,"G",10172,2
179919,"R",7549,"A",,"A",,"G",252,"A",,"G",252,"A",,2
179946,"R",24189,"A",,"A",,"G",806,"A",,"G",806,"A",,2
179955,"R",41197,"A",,"A",,"G",1373,"A",,"G",1373,"A",,2
179964,"R",19666,"A",,"R",33561,"G",656,"G",1398,"G",656,"G",1398,2
179991,"A",,"R",27555,"A",,"G",31,"A",,"G",31,"A",,1
180018,"A",,"R",1,"A",,"G",0,"A",,"R",0,"A",,1
180045,"R",19797,"A",,"A",,"G",660,"A",,"R",660,"A",,2
180054,"R",7192,"A",,"A",,"G",240,"A",,"G",240,"A",,2
180063,"A",,"R",50000,"A",,"G",56,"A",,"G",56,"A",,1
180081,"R",7793,"A",,"A",,"G",260,"A",,"G",260,"A",,2
180106,"R",41338,"A",,"A",,"G",1378,"A",,"G",1378,"A",,2
180124,"A",,"R",66000,"A",,"G",73,"A",,"G",73,"A",,1
180142,"A",,"R",1888,"A",,"G",2,"A",,"G",2,"A",,1
180151,"R",12908,"A",,"A",,"G",430,"A",,"G",430,"A",,2
180160,"R",4520,"A",,"A",,"G",151,"A",,"G",151,"A",,2
180179,"R",95141,"A",,"R",7748,"G",3171,"G",323,"R",3171,"R",323,2
180197,"R",49039,"A",,"A",,"G",1635,"A",,"G",1635,"A",,2
180203,"R",5373,"A",,"A",,"G",179,"A",,"G",179,"A",,2
180212,"R",9978,"A",,"A",,"G",333,"A",,"G",333,"A",,2
180249,"R",32110,"A",,"A",,"G",1070,"A",,"G",1070,"A",,2
180258,"R",17176,"A",,"R",1977,"G",573,"G",82,"G",573,"G",82,2
180276,"R",21916,"A",,"A",,"G",731,"A",,"G",731,"A",,2
180328,"R",9686,"R",0,"A",,"G",323,"A",,"R",323,"A",,3
180373,"R",14922,"A",,"A",,"G",497,"A",,"G",497,"A",,2
180391,"A",,"R",71757,"A",,"G",80,"A",,"R",42,"A",,1
180416,"R",51321,"A",,"R",2077,"G",1711,"G",87,"G",1711,"G",87,2
180461,"R",293309,"A",,"R",21322,"G",9777,"G",888,"G",9777,"G",888,2
180489,"R",309608,"A",,"R",33460,"G",10320,"G",1394,"G",10320,"G",1394,2
180522,"R",38645,"A",,"R",2225,"G",1288,"G",93,"G",1288,"G",93,2
180595,"R",26206,"A",,"R",1222,"G",874,"G",51,"G",874,"G",51,2
180647,"R",40168,"A",,"A",,"G",893,"A",,"G",893,"A",,2
180692,"R",30116,"A",,"A",,"G",1004,"A",,"G",1004,"A",,2
180717,"R",975,"A",,"A",,"G",33,"A",,"G",33,"A",,2
180771,"A",,"R",128356,"A",,"G",143,"A",,"G",143,"A",,1
180814,"R",93533,"A",,"R",16031,"G",3118,"G",668,"G",3118,"G",668,2
180832,"R",6351,"A",,"R",515,"G",212,"G",21,"G",212,"G",21,2
180878,"R",1006,"R",251856,"A",,"G",313,"A",,"G",313,"A",,3
180902,"R",111500,"R",57242,"A",,"G",3780,"A",,"G",3780,"A",,3
180948,"R",60464,"A",,"R",5191,"G",2015,"G",216,"G",2015,"G",216,2
180957,"A",,"R",115725,"A",,"G",129,"A",,"G",129,"A",,1
180984,"R",35707,"A",,"R",2535,"G",1190,"G",106,"G",1190,"G",106,2
181002,"R",118507,"A",,"R",108692,"G",3950,"G",4529,"G",3950,"G",4529,2
181011,"R",17458,"A",,"A",,"G",582,"A",,"G",582,"A",,2
181020,"R",55019,"A",,"R",15180,"G",1834,"G",633,"G",1834,"G",633,2
181093,"R",13896,"A",,"R",2664,"G",463,"G",111,"G",463,"G",111,2
181127,"R",34472,"A",,"R",930,"G",1149,"G",39,"R",1097,"R",37,2
181136,"A",,"R",52500,"A",,"G",58,"A",,"G",58,"A",,1
181145,"R",820,"A",,"A",,"G",27,"A",,"G",27,"A",,2
181190,"A",,"R",1013400,"A",,"G",1126,"A",,"R",563,"A",,1
181215,"R",153141,"A",,"R",14492,"G",5105,"G",604,"G",5105,"G",604,2
181242,"R",8262,"A",,"A",,"G",184,"A",,"G",184,"A",,2
181251,"A",,"R",24960,"A",,"G",28,"A",,"R",13,"A",,1
181297,"R",9930,"R",46706,"R",661,"G",383,"G",28,"G",383,"G",28,3
181303,"R",371092,"A",,"A",,"G",8246,"A",,"G",8246,"A",,2
181312,"R",49328,"A",,"A",,"G",1644,"A",,"G",1644,"A",,2
181330,"R",29786,"A",,"A",,"G",993,"A",,"G",993,"A",,2
181376,"R",4349,"A",,"A",,"G",145,"A",,"G",145,"A",,2
181394,"R",283183,"A",,"R",37504,"G",9439,"G",1563,"G",9439,"G",1563,2
181400,"R",44590,"A",,"A",,"G",991,"A",,"G",991,"A",,2
181419,"P",3944,"A",,"P",0,"P",131,"P",0,"P",131,"P",0,2
181428,"R",19982,"A",,"R",39061,"G",666,"G",1628,"G",666,"G",1628,2
181446,"R",50688,"A",,"R",2999,"G",1690,"G",125,"G",1690,"G",125,2
181464,"R",491854,"A",,"R",65996,"G",16395,"G",2750,"G",16395,"G",2750,2
181491,"R",83310,"A",,"A",,"G",2777,"A",,"G",2777,"A",,2
181534,"R",33876,"A",,"R",2682,"G",1129,"G",112,"G",1129,"G",112,2
181543,"R",1192,"A",,"A",,"G",40,"A",,"G",40,"A",,2
181604,"R",20660,"A",,"R",264,"G",689,"G",11,"G",689,"G",11,2
181640,"R",393873,"A",,"A",,"G",8753,"A",,"G",8753,"A",,2
181738,"R",25918,"A",,"R",736,"G",864,"G",31,"G",864,"G",31,2
181756,"R",35611,"A",,"A",,"G",791,"A",,"R",520,"A",,2
181765,"R",6990,"A",,"A",,"G",233,"A",,"R",233,"A",,2
181783,"R",79207,"A",,"R",10790,"G",2640,"G",450,"G",2640,"G",450,2
181792,"R",375,"A",,"A",,"G",13,"A",,"G",13,"A",,2
181817,"R",41879,"A",,"A",,"G",1396,"A",,"G",1396,"A",,2
181853,"R",13117,"A",,"A",,"G",437,"A",,"G",437,"A",,2
181880,"A",,"R",246580,"A",,"G",274,"A",,"G",274,"A",,1
181941,"A",,"R",327800,"A",,"G",364,"A",,"G",364,"A",,1
182005,"R",572256,"A",,"A",,"G",19075,"A",,"G",19075,"A",,2
182111,"R",37928,"A",,"A",,"G",843,"A",,"G",843,"A",,2
182148,"A",,"R",2685316,"A",,"G",2984,"A",,"G",2984,"A",,1
182209,"A",,"R",345391,"A",,"G",384,"A",,"G",384,"A",,1
182281,"R",566426,"A",,"R",74608,"G",18881,"G",3109,"G",18881,"G",3109,2
182290,"R",320064,"A",,"R",45893,"G",10669,"G",1912,"G",10669,"G",1912,2
182306,"R",41633,"A",,"A",,"G",1388,"A",,"G",1388,"A",,2
182430,"R",1350,"A",,"R",360,"G",30,"G",10,"G",30,"G",10,2
182458,"R",8935,"A",,"R",6163,"G",298,"G",257,"G",298,"G",257,2
182485,"A",,"R",174634,"A",,"G",194,"A",,"G",194,"A",,1
182500,"R",180853,"A",,"A",,"G",6028,"A",,"G",6028,"A",,2
182564,"R",67476,"A",,"A",,"G",2249,"A",,"G",2249,"A",,2
182634,"R",28211,"A",,"A",,"G",940,"A",,"G",940,"A",,2
182652,"A",,"R",74370,"A",,"G",83,"A",,"G",83,"A",,1
182661,"R",25511,"A",,"R",1719,"G",850,"G",72,"G",850,"G",72,2
182670,"R",189655,"A",,"R",58230,"G",4215,"G",1618,"R",4044,"R",1565,2
182704,"A",,"R",116100,"A",,"G",129,"A",,"G",129,"A",,1
182722,"A",,"R",152100,"A",,"G",169,"A",,"G",169,"A",,1
182795,"R",44011,"A",,"A",,"G",1467,"A",,"G",1467,"A",,2
182810,"R",19466,"A",,"R",4151,"G",649,"G",173,"G",649,"G",173,2
182829,"A",,"A",,"R",14171,"A",,"G",590,"A",,"R",495,-2
182865,"R",87707,"A",,"A",,"G",2924,"A",,"G",2924,"A",,2
182883,"A",,"R",49885,"A",,"G",55,"A",,"G",55,"A",,1
182892,"A",,"R",104328,"A",,"G",116,"A",,"G",116,"A",,1
182908,"R",12456,"A",,"A",,"G",415,"A",,"G",415,"A",,2
182917,"R",2523,"A",,"A",,"G",84,"A",,"G",84,"A",,2
182944,"R",47147,"A",,"A",,"G",1572,"A",,"R",1473,"A",,2
182953,"A",,"R",301500,"A",,"G",335,"A",,"R",335,"A",,1
182980,"R",24677,"A",,"R",4091,"G",823,"G",170,"G",823,"G",170,2
182999,"A",,"R",55707,"A",,"G",62,"A",,"G",62,"A",,1
183026,"R",112958,"A",,"R",54203,"G",3765,"G",2258,"G",3765,"G",2258,2
183035,"A",,"R",49600,"A",,"G",55,"A",,"R",65,"A",,1
183044,"R",347520,"A",,"R",36212,"G",11584,"G",1509,"G",11584,"G",1509,2
183062,"R",131950,"A",,"R",2796,"G",4398,"G",117,"G",4398,"G",117,2
183071,"R",22009,"A",,"R",4735,"G",734,"G",197,"G",734,"G",197,2
183080,"R",113521,"A",,"R",15596,"G",3784,"G",650,"G",3784,"G",650,2
183099,"R",73530,"A",,"A",,"G",2451,"A",,"G",2451,"A",,2
183105,"R",33457,"A",,"A",,"G",1115,"A",,"G",1115,"A",,2
183132,"R",55493,"A",,"A",,"G",3076,"A",,"G",3076,"A",,2
183141,"R",42336,"A",,"A",,"G",1411,"A",,"G",1411,"A",,2
183202,"A",,"R",33000,"A",,"G",37,"A",,"G",37,"A",,1
183211,"R",33930,"A",,"R",11701,"G",1131,"G",488,"G",1131,"G",488,2
183239,"R",61991,"A",,"A",,"G",2066,"A",,"G",2066,"A",,2
183248,"A",,"R",82128,"A",,"G",91,"A",,"G",91,"A",,1
183257,"R",32531,"A",,"R",1,"G",1084,"G",0,"G",1084,"Z",0,2
183275,"R",2725,"A",,"A",,"G",91,"A",,"G",91,"A",,2
183345,"R",4737,"A",,"A",,"G",158,"A",,"G",158,"A",,2
183488,"R",11700,"A",,"A",,"G",260,"A",,"G",260,"A",,2
183600,"R",750,"A",,"A",,"G",25,"A",,"G",25,"A",,2
183655,"R",126611,"A",,"A",,"G",4220,"A",,"G",4220,"A",,2
183725,"A",,"R",351000,"A",,"G",390,"A",,"G",390,"A",,1
183743,"R",301300,"A",,"A",,"G",10043,"A",,"G",10043,"A",,2
183789,"R",99234,"A",,"A",,"G",2205,"A",,"G",2205,"A",,2
183804,"R",54419,"A",,"R",57059,"G",1814,"G",2377,"G",1814,"G",2377,2
183822,"R",56107,"A",,"A",,"G",1870,"A",,"G",1870,"A",,2
183859,"R",273360,"A",,"A",,"G",9112,"A",,"G",9112,"A",,2
183877,"R",155433,"A",,"A",,"G",5181,"A",,"G",5181,"A",,2
183901,"R",6725,"A",,"A",,"G",149,"A",,"G",149,"A",,2
183910,"R",41310,"A",,"R",6246,"G",1377,"G",260,"G",1377,"G",260,2
183938,"R",302755,"A",,"A",,"G",10092,"A",,"G",10092,"A",,2
183974,"R",31751,"A",,"R",3534,"G",1058,"G",147,"G",1058,"G",147,2
183983,"A",,"R",67779,"A",,"G",75,"A",,"G",75,"A",,1
184010,"R",2760,"A",,"A",,"G",92,"A",,"G",92,"A",,2
184047,"A",,"R",1097998,"A",,"G",1220,"A",,"G",1220,"A",,1
184056,"R",6731,"A",,"A",,"G",224,"A",,"G",224,"A",,2
184135,"R",14168,"R",283360,"A",,"G",630,"A",,"G",630,"A",,3
184144,"A",,"R",100718,"A",,"G",112,"A",,"G",112,"A",,1
184153,"Z",0,"R",77020,"R",360,"G",86,"G",15,"G",86,"G",15,1
184180,"R",174426,"A",,"A",,"G",5814,"A",,"G",5814,"A",,2
184205,"R",62308,"A",,"A",,"G",2077,"A",,"G",2077,"A",,2
184269,"R",84356,"A",,"A",,"G",2812,"A",,"G",2812,"A",,2
184278,"A",,"R",136080,"A",,"G",151,"A",,"G",151,"A",,1
184320,"R",21150,"A",,"A",,"G",705,"A",,"G",705,"A",,2
184348,"R",51764,"A",,"R",6307,"G",1725,"G",263,"G",1725,"G",263,2
184357,"R",1920,"A",,"A",,"G",64,"A",,"G",64,"A",,2
184427,"A",,"R",97074,"A",,"G",108,"A",,"G",108,"A",,1
184481,"R",274200,"A",,"A",,"G",9140,"A",,"G",9140,"A",,2
184506,"A",,"R",146324,"A",,"G",163,"A",,"G",163,"A",,1
184603,"R",80609,"A",,"R",30820,"G",2687,"G",1284,"G",2687,"G",1284,2
184612,"R",32037,"A",,"R",2316,"G",1068,"G",97,"G",1068,"G",97,2
184694,"R",70917,"A",,"R",17386,"G",2364,"G",724,"G",2364,"G",724,2
184746,"A",,"R",51500,"A",,"G",57,"A",,"G",57,"A",,1
184773,"R",46250,"A",,"R",12603,"G",1542,"G",525,"G",1542,"G",525,2
184782,"R",214161,"A",,"R",14140,"G",7139,"G",589,"G",7139,"G",589,2
184791,"R",112126,"A",,"A",,"G",3738,"A",,"G",3738,"A",,2
184816,"A",,"R",93131,"A",,"G",103,"A",,"G",103,"A",,1
184870,"A",,"R",22051,"A",,"G",25,"A",,"G",25,"A",,1
184959,"R",25000,"A",,"A",,"G",556,"A",,"G",556,"A",,2
184968,"R",2038,"A",,"A",,"G",68,"A",,"R",68,"A",,2
184995,"R",175500,"A",,"A",,"G",5850,"A",,"R",5877,"A",,2
185129,"R",156438,"A",,"R",21474,"G",5215,"G",895,"G",5215,"G",895,2
185174,"R",3838,"A",,"A",,"G",128,"A",,"R",101,"A",,2
185235,"R",27572,"A",,"A",,"G",613,"A",,"R",613,"A",,2
185244,"A",,"R",1719900,"A",,"G",1911,"A",,"G",1911,"A",,1
185262,"R",267630,"A",,"R",36085,"G",8921,"G",1504,"G",8921,"G",1504,2
185332,"R",6560,"R",151700,"A",,"G",387,"A",,"G",387,"A",,3
185396,"A",,"R",1459800,"A",,"G",1622,"A",,"G",1622,"A",,1
185466,"A",,"R",178800,"A",,"G",199,"A",,"G",199,"A",,1
185509,"R",146917,"A",,"A",,"G",4897,"A",,"G",4897,"A",,2
185536,"R",254919,"A",,"A",,"G",8497,"A",,"G",8497,"A",,2
185572,"R",129581,"A",,"R",25884,"G",4319,"G",1079,"G",4319,"G",1079,2
185590,"R",326742,"A",,"R",52855,"G",10891,"G",2202,"G",10891,"G",2202,2
185624,"R",2528,"A",,"A",,"G",84,"A",,"G",84,"A",,2
185651,"R",3408,"A",,"A",,"G",114,"A",,"G",114,"A",,2
185679,"R",8040,"A",,"A",,"G",268,"A",,"G",268,"A",,2
185721,"R",31166,"A",,"A",,"G",693,"A",,"R",605,"A",,2
185730,"A",,"R",119957,"A",,"G",133,"A",,"G",133,"A",,1
185758,"A",,"A",,"R",437,"A",,"G",18,"A",,"G",18,-2
185767,"A",,"R",461165,"A",,"G",512,"A",,"G",512,"A",,1
185828,"R",153786,"A",,"R",45389,"G",5126,"G",1891,"G",5126,"G",1891,2
185873,"R",170444,"A",,"A",,"G",5681,"A",,"R",5681,"A",,2
185916,"A",,"R",64627,"A",,"G",72,"A",,"G",72,"A",,1
185970,"A",,"R",139338,"A",,"G",155,"A",,"G",155,"A",,1
186016,"A",,"R",220800,"A",,"G",245,"A",,"G",245,"A",,1
186034,"R",124847,"A",,"A",,"G",4162,"A",,"G",4162,"A",,2
186052,"A",,"R",416284,"A",,"G",463,"A",,"G",463,"A",,1
186122,"A",,"A",,"R",670,"A",,"G",28,"A",,"G",28,-2
186131,"R",148908,"A",,"R",26016,"G",4964,"G",1084,"R",4709,"R",2030,2
186186,"R",6855,"A",,"A",,"G",229,"A",,"G",229,"A",,2
186201,"R",148751,"A",,"R",4867,"G",4958,"G",203,"G",4958,"G",203,2
186274,"A",,"R",217200,"A",,"G",241,"A",,"G",241,"A",,1
186283,"R",117012,"A",,"R",15590,"G",3900,"G",650,"G",3900,"G",650,2
186335,"A",,"R",75900,"A",,"G",84,"A",,"G",84,"A",,1
186371,"R",106685,"A",,"R",10811,"G",3556,"G",450,"G",3556,"G",450,2
186380,"R",824108,"A",,"R",101187,"G",27470,"G",4216,"G",27470,"G",4216,2
186399,"R",188839,"A",,"R",46159,"G",6295,"G",1923,"G",6295,"G",1923,2
186405,"A",,"R",13608,"A",,"G",15,"A",,"G",15,"A",,1
186423,"R",2520,"A",,"A",,"G",84,"A",,"G",84,"A",,2
186432,"R",64600,"A",,"R",11845,"G",2153,"G",494,"G",2153,"G",494,2
186469,"R",23122,"A",,"A",,"G",771,"A",,"G",771,"A",,2
186584,"R",161420,"A",,"R",49885,"G",5381,"G",2079,"G",5381,"G",2079,2
186593,"A",,"R",56940,"A",,"G",63,"A",,"G",63,"A",,1
186618,"R",28927,"A",,"R",6943,"G",964,"G",289,"G",964,"G",289,2
186645,"R",120009,"R",6869,"A",,"G",4008,"A",,"R",4229,"A",,3
186830,"A",,"R",108496,"A",,"G",121,"A",,"G",121,"A",,1
186849,"A",,"R",128918,"A",,"G",143,"A",,"G",143,"A",,1
186867,"R",59181,"A",,"R",37828,"G",1973,"G",1576,"G",1973,"G",1576,2
186876,"R",191824,"A",,"R",5802,"G",6394,"G",242,"R",5995,"R",242,2
186885,"R",10348,"A",,"A",,"G",345,"A",,"G",345,"A",,2
186900,"R",1050,"A",,"A",,"G",35,"A",,"G",35,"A",,2
187000,"A",,"R",296208,"A",,"G",329,"A",,"G",329,"A",,1
187046,"R",60753,"A",,"R",2877,"G",2025,"G",120,"G",2025,"G",120,2
187134,"R",179985,"A",,"R",16383,"G",6000,"G",683,"R",5625,"R",683,2
187161,"A",,"R",715800,"A",,"G",795,"A",,"R",711,"A",,1
187198,"R",195081,"A",,"A",,"G",6503,"A",,"G",6503,"A",,2
187222,"R",18528,"A",,"R",39456,"G",618,"G",1644,"G",618,"G",1644,2
187444,"R",253118,"A",,"R",23960,"G",8437,"G",998,"G",8437,"G",998,2
187505,"A",,"R",603021,"A",,"G",670,"A",,"G",670,"A",,1
187514,"A",,"R",68400,"A",,"G",76,"A",,"G",76,"A",,1
187532,"R",438968,"A",,"A",,"G",14632,"A",,"G",14632,"A",,2
187596,"R",5895,"A",,"A",,"G",197,"A",,"G",197,"A",,2
187602,"A",,"R",142500,"A",,"G",158,"A",,"G",158,"A",,1
187620,"R",90213,"A",,"A",,"G",3007,"A",,"G",3007,"A",,2
187639,"R",59737,"A",,"A",,"G",1991,"A",,"G",1991,"A",,2
187648,"R",81439,"A",,"R",7274,"G",2715,"G",303,"G",2715,"G",303,2
187666,"R",75044,"A",,"A",,"G",2501,"A",,"G",2501,"A",,2
187745,"R",3883,"A",,"A",,"G",129,"A",,"G",129,"A",,2
187754,"A",,"R",72694,"A",,"G",81,"A",,"G",81,"A",,1
187897,"R",43174,"A",,"R",25027,"G",1439,"G",1043,"G",1439,"G",1043,2
187903,"R",57147,"A",,"A",,"G",1905,"A",,"G",1905,"A",,2
187912,"R",12931,"A",,"A",,"G",431,"A",,"G",431,"A",,2
187958,"R",54882,"A",,"A",,"G",1829,"A",,"G",1829,"A",,2
187967,"R",34033,"A",,"R",6983,"G",1134,"G",291,"G",1134,"G",291,2
187976,"R",15681,"A",,"A",,"G",523,"A",,"G",523,"A",,2
187985,"R",488330,"A",,"R",90642,"G",16278,"G",3777,"G",16278,"G",3777,2
187994,"R",32788,"A",,"A",,"G",1093,"A",,"G",1093,"A",,2
188003,"R",23269,"A",,"A",,"G",776,"A",,"G",776,"A",,2
188021,"R",12051,"A",,"A",,"G",402,"A",,"G",402,"A",,2
188030,"R",342391,"A",,"R",50602,"G",11413,"G",2108,"G",11413,"G",2108,2
188049,"R",33305,"A",,"A",,"G",1110,"A",,"G",1110,"A",,2
188058,"R",26189,"A",,"A",,"G",873,"A",,"R",873,"A",,2
188100,"R",130688,"A",,"A",,"G",4356,"A",,"G",4356,"A",,2
188137,"R",2367,"A",,"A",,"G",79,"A",,"G",79,"A",,2
188146,"R",36048,"A",,"R",7891,"G",1202,"G",329,"G",1202,"G",329,2
188182,"R",14331,"A",,"R",2013,"G",478,"G",84,"G",478,"G",84,2
188207,"A",,"A",,"R",4968,"A",,"G",138,"A",,"G",138,-2
188216,"R",26329,"A",,"A",,"G",878,"A",,"G",878,"A",,2
188225,"R",18061,"A",,"A",,"G",602,"A",,"G",602,"A",,2
188261,"R",10174,"A",,"A",,"G",339,"A",,"G",339,"A",,2
188304,"R",53277,"A",,"R",6159,"G",1776,"G",257,"G",1776,"G",257,2
188340,"R",37161,"A",,"A",,"G",1239,"A",,"G",1239,"A",,2
188429,"R",113622,"A",,"R",71027,"G",3787,"G",2959,"G",3787,"G",2959,2
188438,"R",71876,"A",,"A",,"G",2396,"A",,"G",2396,"A",,2
188465,"R",28013,"A",,"A",,"G",934,"A",,"G",934,"A",,2
188517,"R",11302,"A",,"A",,"G",377,"A",,"G",377,"A",,2
188526,"R",23713,"A",,"A",,"G",790,"A",,"R",753,"A",,2
188535,"A",,"A",,"R",227,"A",,"G",9,"A",,"G",9,-2
188580,"A",,"A",,"R",3795,"A",,"G",158,"A",,"R",135,-2
188641,"R",61530,"A",,"R",8048,"G",2051,"G",335,"G",2051,"G",335,2
188650,"A",,"R",466444,"A",,"G",518,"A",,"R",518,"A",,1
188669,"R",1904,"A",,"A",,"G",63,"A",,"G",63,"A",,2
188678,"R",7920,"A",,"A",,"G",264,"A",,"R",264,"A",,2
188687,"R",6078,"A",,"A",,"G",203,"A",,"G",203,"A",,2
188696,"A",,"R",48300,"A",,"G",54,"A",,"G",54,"A",,1
188854,"A",,"R",315000,"A",,"G",350,"A",,"G",350,"A",,1
188890,"A",,"R",1449962,"A",,"G",1611,"A",,"R",1848,"A",,1
188915,"R",1542,"A",,"A",,"G",51,"A",,"G",51,"A",,2
188924,"R",348,"A",,"A",,"G",12,"A",,"R",14,"A",,2
188942,"R",2720,"A",,"A",,"G",91,"A",,"G",91,"A",,2
188988,"A",,"R",102465,"A",,"G",114,"A",,"G",114,"A",,1
189015,"A",,"A",,"R",16577,"A",,"G",691,"A",,"G",691,-2
189088,"R",49030,"A",,"R",5163,"G",1634,"G",215,"G",1634,"G",215,2
189097,"R",66139,"A",,"A",,"G",2205,"A",,"G",2205,"A",,2
189103,"A",,"R",27120,"A",,"G",30,"A",,"G",30,"A",,1
189219,"A",,"R",84000,"A",,"G",93,"A",,"R",140,"A",,1
189228,"R",120753,"A",,"A",,"G",2683,"A",,"G",2683,"A",,2
189264,"R",2546,"A",,"A",,"G",85,"A",,"G",85,"A",,2
189273,"R",2874,"A",,"R",1125,"G",96,"G",47,"G",96,"G",47,2
189282,"R",3100,"A",,"A",,"G",103,"A",,"R",90,"A",,2
189404,"A",,"R",95970,"A",,"G",107,"A",,"G",107,"A",,1
189413,"R",24196,"A",,"R",864,"G",807,"G",36,"G",807,"G",36,2
189422,"R",11667,"A",,"A",,"G",389,"A",,"G",389,"A",,2
189459,"R",71513,"A",,"A",,"G",2384,"A",,"G",2384,"A",,2
189468,"A",,"R",241345,"A",,"G",268,"A",,"G",268,"A",,1
189547,"R",150769,"A",,"A",,"G",5026,"A",,"G",5026,"A",,2
189556,"R",8082,"A",,"A",,"G",269,"A",,"G",269,"A",,2
189565,"R",13461,"A",,"A",,"G",449,"A",,"G",449,"A",,2
189574,"R",18670,"A",,"A",,"G",622,"A",,"G",622,"A",,2
189583,"R",18405,"A",,"A",,"G",614,"A",,"G",614,"A",,2
189592,"R",4811,"A",,"A",,"G",160,"A",,"G",160,"A",,2
189653,"R",7644,"A",,"A",,"G",170,"A",,"G",170,"A",,2
189705,"R",99274,"A",,"R",32082,"G",3309,"G",1337,"R",3309,"R",1782,2
189714,"A",,"R",37500,"A",,"G",42,"A",,"G",42,"A",,1
189769,"A",,"R",127420,"A",,"G",142,"A",,"G",142,"A",,1
189787,"A",,"R",957791,"A",,"G",1064,"A",,"G",1064,"A",,1
189802,"R",91,"R",4500,"R",91,"G",8,"G",4,"G",8,"G",4,3
189811,"R",1875,"A",,"A",,"G",63,"A",,"R",101,"A",,2
189839,"R",76954,"A",,"A",,"G",2565,"A",,"G",2565,"A",,2
189848,"R",29290,"A",,"A",,"G",976,"A",,"G",976,"A",,2
189857,"R",16767,"A",,"R",1260,"G",559,"G",53,"G",559,"G",53,2
189954,"A",,"R",13600,"A",,"G",15,"A",,"G",15,"A",,1
189981,"A",,"A",,"R",1452,"A",,"G",61,"A",,"R",47,-2
190008,"A",,"R",90428,"A",,"G",100,"A",,"G",100,"A",,1
190044,"R",85737,"A",,"R",6717,"G",2858,"G",280,"G",2858,"G",280,2
190053,"R",44751,"A",,"A",,"G",1492,"A",,"G",1492,"A",,2
190071,"R",2833,"A",,"A",,"G",94,"A",,"G",94,"A",,2
190080,"A",,"A",,"R",488,"A",,"G",20,"A",,"G",20,-2
190099,"R",86786,"A",,"R",80,"G",2893,"G",3,"R",2725,"R",3,2
190114,"R",26689,"A",,"R",6825,"G",890,"G",284,"G",890,"G",284,2
190150,"R",217293,"A",,"R",270101,"G",7243,"G",11254,"G",7243,"G",11254,2
190169,"R",35041,"A",,"A",,"G",1168,"A",,"G",1168,"A",,2
190239,"A",,"R",231289,"A",,"G",257,"A",,"G",257,"A",,1
190248,"R",19556,"A",,"A",,"G",652,"A",,"G",652,"A",,2
190293,"A",,"R",102967,"A",,"G",114,"A",,"G",114,"A",,1
190309,"A",,"R",44268,"A",,"G",49,"A",,"G",49,"A",,1
190318,"A",,"R",201336,"A",,"G",224,"A",,"G",224,"A",,1
190372,"R",30043,"A",,"R",690,"G",1001,"G",29,"R",915,"R",36,2
190381,"A",,"R",35890,"A",,"G",40,"A",,"G",40,"A",,1
190415,"R",424346,"A",,"R",112052,"G",14145,"G",4669,"G",14145,"R",5280,2
190424,"Z",0,"A",,"R",8472,"A",,"G",353,"A",,"G",353,-2
190442,"R",90776,"A",,"A",,"G",3026,"A",,"G",3026,"A",,2
190451,"R",6048,"A",,"A",,"G",202,"A",,"G",202,"A",,2
190503,"R",97138,"A",,"A",,"G",3238,"A",,"G",3238,"A",,2
190512,"R",338963,"A",,"R",48348,"G",11299,"G",2015,"G",11299,"G",2015,2
190521,"R",327662,"A",,"A",,"G",10922,"A",,"G",10922,"A",,2
190530,"R",133992,"A",,"A",,"G",4466,"A",,"G",4466,"A",,2
190549,"R",269467,"A",,"R",64484,"G",8982,"G",2687,"G",8982,"G",2687,2
190558,"R",234336,"A",,"R",17473,"G",7811,"G",728,"G",7811,"G",728,2
190567,"R",213483,"A",,"R",50212,"G",7116,"G",2092,"G",7116,"G",2092,2
190576,"A",,"A",,"R",41567,"A",,"G",1732,"A",,"R",3074,-2
190585,"R",69005,"A",,"A",,"G",2300,"A",,"G",2300,"A",,2
190594,"R",365607,"A",,"R",76885,"G",12187,"G",3204,"G",12187,"G",3204,2
190600,"R",268702,"A",,"R",23730,"G",8957,"G",989,"G",8957,"G",989,2
190619,"R",265646,"A",,"A",,"G",8855,"A",,"G",8855,"A",,2
190628,"R",208910,"A",,"A",,"G",6964,"A",,"G",6964,"A",,2
190637,"R",177193,"A",,"R",30288,"G",5906,"G",1262,"G",5906,"G",1262,2
190646,"R",85196,"A",,"A",,"G",2840,"A",,"G",2840,"A",,2
190655,"R",235349,"A",,"A",,"G",7845,"A",,"G",7845,"A",,2
190664,"R",307783,"A",,"R",65574,"G",10259,"G",2732,"G",10259,"G",2732,2
190673,"R",197730,"A",,"A",,"G",6591,"A",,"G",6591,"A",,2
190691,"R",129537,"A",,"A",,"G",4318,"A",,"G",4318,"A",,2
190707,"A",,"R",22000,"A",,"G",24,"A",,"G",24,"A",,1
190716,"R",25720,"A",,"R",38991,"G",857,"G",1625,"G",857,"G",1625,2
190725,"R",44496,"A",,"R",11045,"G",1483,"G",460,"G",1483,"G",460,2
190734,"R",1500,"A",,"R",240,"G",50,"G",10,"G",50,"G",10,2
190761,"R",32792,"A",,"R",2237,"G",1093,"G",93,"G",1093,"G",93,2
190770,"R",75602,"A",,"R",50359,"G",2520,"G",2098,"G",2520,"G",2098,2
190840,"R",146226,"A",,"A",,"G",4874,"A",,"G",4874,"A",,2
190956,"R",2094,"A",,"A",,"G",70,"A",,"G",70,"A",,2
190974,"R",6814,"A",,"A",,"G",227,"A",,"G",227,"A",,2
190983,"R",43189,"A",,"R",4486,"G",1440,"G",187,"G",1440,"G",187,2
191083,"R",294252,"A",,"A",,"G",9808,"A",,"G",9808,"A",,2
191126,"R",253881,"A",,"R",1717,"G",8463,"G",72,"G",8463,"G",72,2
191153,"A",,"R",7200,"A",,"G",8,"A",,"R",15,"A",,1
191199,"R",99423,"A",,"A",,"G",3314,"A",,"G",3314,"A",,2
191205,"R",29896,"A",,"R",1660,"G",997,"G",69,"G",997,"G",69,2
191241,"R",219599,"A",,"R",113391,"G",7320,"G",4725,"R",7862,"R",5380,2
191287,"A",,"R",305817,"A",,"G",340,"A",,"R",318,"A",,1
191302,"R",48772,"A",,"A",,"G",1626,"A",,"G",1626,"A",,2
191311,"A",,"R",109974,"A",,"G",122,"A",,"G",122,"A",,1
191320,"A",,"A",,"R",490,"A",,"G",20,"A",,"G",20,-2
191339,"R",100140,"A",,"A",,"G",3338,"A",,"G",3338,"A",,2
191384,"R",10030,"A",,"A",,"G",334,"A",,"G",334,"A",,2
191393,"R",19175,"A",,"A",,"G",639,"A",,"G",639,"A",,2
191515,"R",42528,"A",,"A",,"G",1418,"A",,"G",1418,"A",,2
191533,"R",43745,"A",,"A",,"G",1458,"A",,"G",1458,"A",,2
191597,"R",15875,"A",,"A",,"G",353,"A",,"G",353,"A",,2
191612,"R",82776,"A",,"A",,"G",2759,"A",,"G",2759,"A",,2
191621,"R",25487,"A",,"A",,"G",850,"A",,"R",763,"A",,2
191630,"R",60736,"A",,"R",0,"G",2025,"G",0,"R",1812,"Z",0,2
191649,"R",272408,"A",,"R",51232,"G",9080,"G",2135,"G",9080,"G",2135,2
191676,"R",43503,"A",,"R",125,"G",1450,"G",5,"G",1450,"G",5,2
191719,"R",234740,"A",,"A",,"G",7825,"A",,"G",7825,"A",,2
191728,"A",,"R",216750,"A",,"G",241,"A",,"R",241,"A",,1
191764,"R",3639,"A",,"A",,"G",121,"A",,"R",152,"A",,2
191834,"A",,"R",542700,"A",,"G",603,"A",,"G",603,"A",,1
191870,"R",23685,"A",,"A",,"G",790,"A",,"G",790,"A",,2
191931,"R",95845,"A",,"R",15965,"G",3195,"G",665,"G",3195,"G",665,2
191940,"A",,"R",82984,"A",,"G",92,"A",,"G",92,"A",,1
191959,"R",7614,"A",,"A",,"G",254,"A",,"R",301,"A",,2
191968,"R",190726,"A",,"R",7173,"G",6358,"G",299,"G",6358,"G",299,2
191986,"R",78260,"A",,"A",,"G",2609,"A",,"G",2609,"A",,2
192004,"R",16062,"A",,"A",,"G",357,"A",,"G",357,"A",,2
192022,"R",70851,"A",,"A",,"G",2362,"A",,"G",2362,"A",,2
192040,"R",5403,"A",,"R",3896,"G",180,"G",162,"G",180,"G",162,2
192110,"R",18746,"A",,"R",8375,"G",625,"G",349,"G",625,"G",349,2
192147,"R",139104,"A",,"A",,"G",3091,"A",,"G",3091,"A",,2
192156,"R",52448,"A",,"A",,"G",1166,"A",,"R",874,"A",,2
192165,"R",3540,"A",,"A",,"G",118,"A",,"G",118,"A",,2
192192,"R",33691,"A",,"R",1005,"G",1123,"G",42,"G",1123,"G",42,2
192244,"R",528,"A",,"R",116,"G",18,"G",5,"G",18,"G",5,2
192271,"R",17169,"A",,"A",,"G",572,"A",,"R",537,"A",,2
192323,"R",75887,"A",,"R",10194,"G",2530,"G",425,"G",2530,"G",425,2
192439,"R",129199,"A",,"R",45015,"G",4307,"G",1876,"G",4307,"G",1876,2
192448,"R",120982,"A",,"R",50394,"G",4033,"G",2100,"G",4033,"G",2100,2
192466,"R",44850,"A",,"R",7710,"G",1495,"G",321,"R",1196,"R",257,2
192475,"R",3115,"A",,"A",,"G",104,"A",,"G",104,"A",,2
192484,"A",,"R",141285,"A",,"G",157,"A",,"G",157,"A",,1
192509,"R",29824,"A",,"A",,"G",994,"A",,"G",994,"A",,2
192536,"A",,"R",51000,"A",,"G",57,"A",,"R",30,"A",,1
192554,"A",,"A",,"R",6483,"A",,"G",270,"A",,"G",270,-2
192563,"R",1777,"A",,"R",12085,"G",59,"G",504,"G",59,"G",504,2
192624,"R",4486,"A",,"A",,"G",150,"A",,"G",150,"A",,2
192688,"A",,"R",710940,"A",,"G",790,"A",,"G",790,"A",,1
192703,"R",86233,"A",,"R",6631,"G",2874,"G",276,"G",2874,"G",276,2
192712,"R",10955,"A",,"R",15440,"G",365,"G",643,"R",304,"R",429,2
192749,"R",48390,"A",,"R",13118,"G",1613,"G",547,"G",1613,"G",547,2
192785,"R",15131,"A",,"A",,"G",504,"A",,"G",504,"A",,2
192800,"A",,"R",1230,"A",,"G",1,"A",,"G",1,"A",,1
192819,"R",136063,"A",,"R",12921,"G",4535,"G",538,"G",4535,"G",538,2
192828,"A",,"R",77000,"A",,"G",86,"A",,"R",80,"A",,1
192855,"R",29508,"A",,"A",,"G",984,"A",,"R",1159,"A",,2
192864,"R",51034,"A",,"A",,"G",1701,"A",,"G",1701,"A",,2
192925,"R",44711,"A",,"R",15122,"G",1490,"G",630,"G",1490,"G",630,2
192961,"R",1994,"A",,"A",,"G",66,"A",,"G",66,"A",,2
192970,"A",,"R",30650,"A",,"G",34,"A",,"G",34,"A",,1
192998,"R",1036,"A",,"A",,"G",23,"A",,"G",23,"A",,2
193016,"R",63817,"A",,"R",25968,"G",2127,"G",1082,"G",2127,"G",1082,2
193052,"R",5796,"A",,"A",,"G",193,"A",,"G",193,"A",,2
193061,"R",1216,"A",,"R",512,"G",41,"G",21,"G",41,"G",21,2
193070,"R",1932,"A",,"R",364,"G",64,"G",15,"G",64,"G",15,2
193122,"A",,"R",68040,"A",,"G",76,"A",,"R",76,"A",,1
193186,"A",,"R",60000,"A",,"G",67,"A",,"G",67,"A",,1
193201,"R",13104,"R",10500,"A",,"G",448,"A",,"R",744,"A",,3
193247,"R",7072,"A",,"R",1372,"G",236,"G",57,"G",236,"G",57,2
193265,"A",,"R",86400,"A",,"G",96,"A",,"G",96,"A",,1
193283,"R",128048,"A",,"A",,"G",4268,"A",,"G",4268,"A",,2
193292,"R",60784,"A",,"R",9272,"G",2026,"G",386,"G",2026,"G",386,2
193308,"R",143437,"A",,"A",,"G",4781,"A",,"G",4781,"A",,2
193317,"R",50033,"A",,"A",,"G",1668,"A",,"G",1668,"A",,2
193326,"R",395023,"A",,"A",,"G",13167,"A",,"G",13167,"A",,2
193353,"R",53893,"A",,"R",8312,"G",1796,"G",346,"G",1796,"G",346,2
193380,"R",2563,"A",,"A",,"G",85,"A",,"G",85,"A",,2
193399,"R",37636,"A",,"R",5981,"G",1255,"G",249,"G",1255,"G",249,2
193405,"A",,"A",,"R",11584,"A",,"G",483,"A",,"G",483,-2
193478,"R",454353,"A",,"A",,"G",15145,"A",,"G",15145,"A",,2
193584,"R",54079,"A",,"R",20416,"G",1803,"G",851,"G",1803,"G",851,2
193609,"A",,"R",98432,"A",,"G",109,"A",,"R",109,"A",,1
193645,"R",151891,"A",,"R",25131,"G",5063,"G",1047,"G",5063,"G",1047,2
193654,"R",140903,"A",,"R",54238,"G",4697,"G",2260,"G",4697,"G",2260,2
193751,"A",,"A",,"R",54,"A",,"G",2,"A",,"G",2,-2
193788,"A",,"R",127482,"A",,"G",142,"A",,"G",142,"A",,1
193821,"A",,"A",,"R",164,"A",,"G",7,"A",,"R",24,-2
193830,"A",,"A",,"R",7398,"A",,"G",308,"A",,"R",342,-2
193858,"A",,"R",294000,"A",,"G",327,"A",,"G",327,"A",,1
193900,"R",609390,"A",,"R",312404,"G",20313,"G",13017,"G",20313,"G",13017,2
193946,"R",115840,"A",,"A",,"G",3861,"A",,"G",3861,"A",,2
193973,"R",78231,"A",,"R",17644,"G",2608,"G",735,"G",2608,"G",735,2
193991,"A",,"R",46800,"A",,"G",52,"A",,"G",52,"A",,1
194028,"R",30739,"A",,"A",,"G",1025,"A",,"G",1025,"A",,2
194091,"R",92995,"A",,"R",88890,"G",3100,"G",3704,"G",3100,"G",3704,2
194107,"R",48877,"A",,"R",13711,"G",1629,"G",571,"G",1629,"G",571,2
194116,"R",8500,"A",,"R",600,"G",283,"G",25,"R",250,"R",20,2
194161,"R",60057,"A",,"R",9794,"G",2002,"G",408,"G",2002,"G",408,2
194189,"R",2646,"A",,"A",,"G",88,"A",,"G",88,"A",,2
194204,"R",3326,"A",,"A",,"G",111,"A",,"G",111,"A",,2
194222,"R",167559,"A",,"A",,"G",5585,"A",,"G",5585,"A",,2
194240,"R",119941,"A",,"A",,"G",3998,"A",,"G",3998,"A",,2
194259,"A",,"R",45752,"A",,"G",51,"A",,"R",38,"A",,1
194310,"R",248196,"A",,"R",91683,"G",8273,"G",3820,"G",8273,"G",3820,2
194392,"R",26225,"A",,"A",,"G",874,"A",,"G",874,"A",,2
194435,"A",,"R",96354,"A",,"G",107,"A",,"G",107,"A",,1
194453,"A",,"R",107021,"A",,"G",119,"A",,"G",119,"A",,1
194499,"R",36930,"A",,"A",,"G",821,"A",,"G",821,"A",,2
194541,"R",49522,"A",,"R",17774,"G",1651,"G",741,"G",1651,"G",741,2
194569,"R",8021,"A",,"A",,"G",267,"A",,"R",295,"A",,2
194578,"R",95637,"A",,"R",27313,"G",3188,"G",1138,"G",3188,"G",1138,2
194611,"R",9790,"R",272525,"A",,"G",629,"A",,"G",629,"A",,3
194657,"R",6195,"A",,"R",1953,"G",207,"G",81,"G",207,"G",81,2
194666,"R",9120,"A",,"A",,"G",304,"A",,"G",304,"A",,2
194675,"R",3090,"A",,"R",1200,"G",103,"G",50,"G",103,"G",50,2
194693,"R",990,"A",,"R",0,"G",33,"G",0,"G",33,"Z",0,2
194709,"R",3210,"A",,"R",216,"G",107,"G",9,"R",107,"R",9,2
194718,"R",962,"A",,"R",232,"G",32,"G",10,"G",32,"G",10,2
194736,"R",4336,"A",,"A",,"G",145,"A",,"G",145,"A",,2
194763,"R",9935,"A",,"R",5301,"G",331,"G",221,"G",331,"G",221,2
194824,"R",166910,"A",,"R",35392,"G",5564,"G",1475,"G",5564,"G",1475,2
194879,"A",,"R",88460,"A",,"G",98,"A",,"G",98,"A",,1
194958,"R",36735,"A",,"R",11536,"G",1225,"G",481,"G",1225,"G",481,2
194967,"R",29120,"A",,"A",,"G",647,"A",,"G",647,"A",,2
195003,"R",477748,"A",,"R",52741,"G",10617,"G",1465,"R",11261,"R",1696,2
195030,"R",153398,"A",,"R",72774,"G",5113,"G",3032,"G",5113,"G",3032,2
195049,"A",,"A",,"R",5430,"A",,"G",226,"A",,"G",226,-2
195058,"R",133384,"A",,"A",,"G",4446,"A",,"G",4446,"A",,2
195067,"A",,"R",668696,"A",,"G",743,"A",,"G",743,"A",,1
195128,"R",25516,"A",,"A",,"G",851,"A",,"G",851,"A",,2
195137,"R",18438,"A",,"R",15072,"G",615,"G",628,"G",615,"G",628,2
195155,"A",,"A",,"R",1338,"A",,"G",56,"A",,"G",56,-2
195164,"R",65859,"A",,"R",9747,"G",2195,"G",406,"G",2195,"G",406,2
195173,"R",64672,"A",,"A",,"G",2156,"A",,"G",2156,"A",,2
195191,"R",6558,"A",,"A",,"G",219,"A",,"R",219,"A",,2
195216,"R",64949,"A",,"R",2942,"G",2165,"G",123,"G",2165,"G",123,2
195234,"R",79627,"A",,"R",34514,"G",2654,"G",1438,"G",2654,"R",1917,2
195243,"R",47131,"A",,"R",3942,"G",1571,"G",164,"G",1571,"G",164,2
195289,"R",2385,"A",,"A",,"G",80,"A",,"G",80,"A",,2
195304,"R",36357,"A",,"R",7064,"G",1212,"G",294,"G",1212,"G",294,2
195322,"R",75267,"A",,"A",,"G",2509,"A",,"G",2509,"A",,2
195429,"A",,"A",,"R",963,"A",,"G",40,"A",,"R",40,-2
195438,"R",4680,"A",,"R",456,"G",156,"G",19,"G",156,"G",19,2
195474,"R",94509,"A",,"A",,"G",3150,"A",,"G",3150,"A",,2
195492,"R",1874,"A",,"A",,"G",62,"A",,"G",62,"A",,2
195526,"R",69835,"A",,"R",279,"G",2328,"G",12,"R",2505,"R",26,2
195544,"R",24703,"A",,"R",2115,"G",823,"G",88,"G",823,"G",88,2
195562,"R",87060,"A",,"R",2587,"G",2902,"G",108,"G",2902,"G",108,2
195571,"A",,"A",,"R",702,"A",,"G",29,"A",,"G",29,-2
195580,"A",,"A",,"R",744,"A",,"G",31,"A",,"G",31,-2
195623,"A",,"R",22903,"A",,"G",25,"A",,"R",25,"A",,1
195669,"A",,"R",43890,"A",,"G",49,"A",,"G",49,"A",,1
195687,"R",3990,"A",,"A",,"G",133,"A",,"G",133,"A",,2
195702,"A",,"R",3015,"A",,"G",3,"A",,"G",3,"A",,1
195720,"R",69384,"A",,"R",10528,"G",2313,"G",439,"G",2313,"G",439,2
195784,"R",1812,"A",,"A",,"G",60,"A",,"R",93,"A",,2
195793,"R",536,"A",,"A",,"G",18,"A",,"R",22,"A",,2
195809,"R",392133,"A",,"R",54029,"G",13071,"G",2251,"G",13071,"G",2251,2
195845,"R",20310,"A",,"A",,"G",677,"A",,"R",846,"A",,2
195924,"R",0,"Z",0,"A",,"G",0,"A",,"Z",0,"A",,2
195933,"A",,"R",299060,"A",,"G",332,"A",,"G",332,"A",,1
195988,"R",39499,"A",,"A",,"G",1317,"A",,"G",1317,"A",,2
196006,"R",97386,"A",,"A",,"G",3246,"A",,"G",3246,"A",,2
196015,"R",62928,"A",,"A",,"G",2098,"A",,"G",2098,"A",,2
196024,"R",63070,"A",,"A",,"G",2102,"A",,"G",2102,"A",,2
196033,"R",71324,"A",,"A",,"G",2377,"A",,"G",2377,"A",,2
196042,"R",132774,"A",,"A",,"G",4426,"A",,"G",4426,"A",,2
196051,"R",84394,"A",,"A",,"G",2813,"A",,"G",2813,"A",,2
196060,"R",334321,"A",,"R",84663,"G",11144,"G",3528,"G",11144,"G",3528,2
196079,"R",338267,"A",,"R",43958,"G",11276,"G",1832,"G",11276,"G",1832,2
196088,"R",531775,"A",,"R",131592,"G",17726,"G",5483,"G",17726,"G",5483,2
196097,"R",424655,"A",,"R",129167,"G",14155,"G",5382,"G",14155,"G",5382,2
196103,"R",39443,"A",,"R",7194,"G",1315,"G",300,"G",1315,"G",300,2
196112,"R",47459,"A",,"R",7913,"G",1582,"G",330,"G",1582,"G",330,2
196121,"R",190906,"A",,"R",27404,"G",6364,"G",1142,"G",6364,"G",1142,2
196130,"R",246983,"A",,"R",33456,"G",8233,"G",1394,"G",8233,"G",1394,2
196149,"R",167577,"A",,"R",24255,"G",5586,"G",1011,"G",5586,"G",1011,2
196158,"R",142661,"A",,"R",9264,"G",4755,"G",386,"G",4755,"G",386,2
196167,"R",158566,"A",,"R",4591,"G",5286,"G",191,"G",5286,"G",191,2
196176,"R",172003,"A",,"R",25255,"G",5733,"G",1052,"G",5733,"G",1052,2
196185,"R",167141,"A",,"R",3555,"G",5571,"G",148,"G",5571,"G",148,2
196194,"R",198488,"A",,"R",22133,"G",6616,"G",922,"G",6616,"G",922,2
196200,"R",105033,"A",,"R",23059,"G",3501,"G",961,"G",3501,"G",961,2
196219,"R",120878,"A",,"R",3732,"G",4029,"G",156,"G",4029,"G",156,2
196228,"A",,"A",,"R",360,"A",,"G",10,"A",,"G",10,-2
196237,"R",82467,"A",,"R",0,"G",2749,"G",0,"G",2749,"Z",0,2
196246,"R",153932,"A",,"R",12767,"G",5131,"G",532,"G",5131,"G",532,2
196255,"R",9832,"A",,"R",7302,"G",328,"G",304,"G",328,"G",304,2
196264,"R",205202,"A",,"R",6237,"G",6840,"G",260,"G",6840,"G",260,2
196291,"R",32576,"A",,"R",3735,"G",1086,"G",156,"G",1086,"G",156,2
196307,"R",7042,"A",,"R",4755,"G",235,"G",198,"G",235,"G",198,2
196389,"R",11504,"A",,"A",,"G",383,"A",,"G",383,"A",,2
196413,"R",399123,"A",,"R",90873,"G",13304,"G",3786,"G",13304,"G",3786,2
196431,"R",10080,"A",,"A",,"G",336,"A",,"G",336,"A",,2
196440,"R",210,"A",,"R",246,"G",7,"G",10,"G",7,"G",10,2
196459,"A",,"R",1141200,"A",,"G",1268,"A",,"R",1474,"A",,1
196468,"A",,"A",,"R",78881,"A",,"G",3287,"A",,"G",3287,-2
196477,"R",102097,"A",,"A",,"G",3403,"A",,"G",3403,"A",,2
196565,"R",71926,"A",,"A",,"G",2398,"A",,"G",2398,"A",,2
196583,"R",5670,"A",,"R",150,"G",189,"G",6,"G",189,"G",6,2
196592,"R",293900,"A",,"R",138864,"G",9797,"G",5786,"G",9797,"G",5786,2
196644,"R",1000,"A",,"A",,"G",33,"A",,"G",33,"A",,2
196653,"R",18079,"A",,"A",,"G",603,"A",,"R",753,"A",,2
196662,"R",1000,"A",,"A",,"G",33,"A",,"R",33,"A",,2
196680,"R",9573,"A",,"R",1445,"G",319,"G",60,"R",6470,"R",98,2
196699,"R",59513,"A",,"A",,"G",1984,"A",,"G",1984,"A",,2
196857,"A",,"R",704100,"A",,"G",782,"A",,"R",385,"A",,1
196866,"R",62912,"A",,"Z",0,"G",2097,"A",,"G",2097,"A",,2
196884,"A",,"A",,"R",3810,"A",,"G",159,"A",,"R",189,-2
197018,"R",37368,"A",,"A",,"G",1246,"A",,"G",1246,"A",,2
197027,"R",42290,"A",,"A",,"G",1410,"A",,"R",962,"A",,2
197036,"R",126270,"A",,"A",,"G",4209,"A",,"G",4209,"A",,2
197045,"R",58877,"A",,"R",5209,"G",1963,"G",217,"G",1963,"G",217,2
197081,"R",10597,"A",,"A",,"G",353,"A",,"G",353,"A",,2
197133,"R",74574,"A",,"R",0,"G",2486,"G",0,"G",2486,"Z",0,2
197142,"R",10610,"A",,"A",,"G",354,"A",,"G",354,"A",,2
197151,"R",81217,"A",,"R",10560,"G",2707,"G",440,"G",2707,"G",440,2
197197,"R",49747,"A",,"R",4777,"G",1658,"G",199,"R",1890,"R",255,2
197221,"R",2628,"A",,"A",,"G",88,"A",,"G",88,"A",,2
197230,"R",11782,"A",,"A",,"G",393,"A",,"R",388,"A",,2
197285,"R",71006,"A",,"A",,"G",1578,"A",,"R",1578,"A",,2
197294,"R",214163,"A",,"A",,"G",7139,"A",,"G",7139,"A",,2
197337,"A",,"R",98800,"A",,"G",110,"A",,"G",110,"A",,1
197522,"A",,"R",281400,"A",,"G",313,"A",,"G",313,"A",,1
197531,"A",,"R",378270,"A",,"G",420,"A",,"G",420,"A",,1
197601,"R",2552,"A",,"R",232,"G",85,"G",10,"R",65,"G",10,2
197610,"R",1744,"A",,"R",240,"G",58,"G",10,"G",58,"G",10,2
197647,"R",3888,"A",,"R",1432,"G",130,"G",60,"G",130,"G",60,2
197674,"R",5820,"A",,"R",816,"G",194,"G",34,"G",194,"G",34,2
197692,"R",1175,"A",,"R",390,"G",39,"G",16,"G",39,"G",16,2
197708,"R",118943,"A",,"R",48985,"G",3965,"G",2041,"G",3965,"G",2041,2
197735,"R",9128,"A",,"R",3276,"G",304,"G",137,"G",304,"G",137,2
197744,"R",3945,"A",,"R",790,"G",132,"G",33,"G",132,"G",33,2
197814,"R",54401,"A",,"A",,"G",1813,"A",,"G",1813,"A",,2
197832,"R",9200,"A",,"A",,"G",307,"A",,"G",307,"A",,2
197850,"A",,"R",749898,"A",,"G",833,"A",,"G",833,"A",,1
197869,"R",382470,"A",,"R",26161,"G",12749,"G",1090,"G",12749,"G",1090,2
197887,"R",145733,"A",,"A",,"G",4858,"A",,"G",4858,"A",,2
197902,"A",,"R",138000,"A",,"G",153,"A",,"G",153,"A",,1
197911,"R",33986,"A",,"R",0,"G",1133,"G",0,"G",1133,"Z",0,2
197957,"A",,"R",121500,"A",,"G",135,"A",,"G",135,"A",,1
197966,"R",44584,"A",,"A",,"G",1486,"A",,"G",1486,"A",,2
197984,"R",24414,"A",,"A",,"G",814,"A",,"G",814,"A",,2
197993,"R",12382,"A",,"A",,"G",413,"A",,"G",413,"A",,2
198011,"R",33355,"A",,"A",,"G",1112,"A",,"G",1112,"A",,2
198039,"R",56712,"A",,"A",,"G",1890,"A",,"R",1890,"A",,2
198066,"R",17451,"A",,"A",,"G",582,"A",,"G",582,"A",,2
198075,"A",,"R",133440,"A",,"G",148,"A",,"R",194,"A",,1
198084,"R",24295,"R",0,"A",,"G",810,"A",,"R",810,"A",,3
198109,"R",6598,"A",,"A",,"G",220,"A",,"G",220,"A",,2
198118,"R",98071,"A",,"A",,"G",3269,"A",,"G",3269,"A",,2
198136,"R",129647,"A",,"R",11161,"G",4322,"G",465,"G",4322,"G",465,2
198154,"R",148836,"A",,"A",,"G",4961,"A",,"G",4961,"A",,2
198206,"R",46804,"A",,"A",,"G",1560,"A",,"G",1560,"A",,2
198215,"R",38722,"A",,"R",186,"G",1291,"G",8,"R",1613,"R",10,2
198233,"R",105935,"A",,"A",,"G",3531,"A",,"R",3716,"A",,2
198242,"R",6652,"A",,"A",,"G",148,"A",,"G",148,"A",,2
198251,"R",124106,"A",,"A",,"G",4137,"A",,"R",4137,"A",,2
198260,"R",331169,"A",,"A",,"G",11039,"A",,"G",11039,"A",,2
198303,"R",24176,"A",,"A",,"G",806,"A",,"G",806,"A",,2
198321,"R",72748,"A",,"A",,"G",2425,"A",,"G",2425,"A",,2
198330,"R",114414,"A",,"A",,"G",3814,"A",,"G",3814,"A",,2
198367,"R",72517,"A",,"A",,"G",2417,"A",,"R",2417,"A",,2
198376,"R",83054,"A",,"A",,"G",2768,"A",,"G",2768,"A",,2
198385,"R",53576,"A",,"A",,"G",1786,"A",,"R",1848,"A",,2
198419,"R",219438,"A",,"R",109428,"G",7315,"G",4560,"R",6267,"R",4632,2
198455,"R",121542,"A",,"A",,"G",4051,"A",,"G",4051,"A",,2
198464,"R",500569,"A",,"R",79169,"G",16686,"G",3299,"G",16686,"G",3299,2
198491,"R",53230,"A",,"A",,"G",1774,"A",,"G",1774,"A",,2
198507,"R",67249,"A",,"R",302,"G",2242,"G",13,"G",2242,"G",13,2
198516,"R",151045,"A",,"R",6720,"G",5035,"G",280,"G",5035,"G",280,2
198525,"A",,"R",84000,"A",,"G",93,"A",,"R",79,"A",,1
198534,"R",223474,"A",,"A",,"G",7449,"A",,"G",7449,"A",,2
198543,"R",128938,"A",,"R",14770,"G",4298,"G",615,"G",4298,"G",615,2
198552,"R",183776,"A",,"A",,"G",6126,"A",,"R",5798,"A",,2
198561,"R",40924,"A",,"R",11849,"G",1364,"G",494,"G",1364,"G",494,2
198570,"R",128357,"A",,"A",,"G",4279,"A",,"G",4279,"A",,2
198589,"A",,"R",120000,"A",,"G",133,"A",,"G",133,"A",,1
198598,"R",30772,"A",,"R",1299,"G",1026,"G",54,"G",1026,"G",54,2
198613,"R",57275,"A",,"A",,"G",1909,"A",,"G",1909,"A",,2
198622,"R",215480,"A",,"A",,"G",7183,"A",,"G",7183,"A",,2
198631,"A",,"R",41000,"A",,"G",46,"A",,"G",46,"A",,1
198640,"R",48455,"A",,"A",,"G",1615,"A",,"G",1615,"A",,2
198668,"R",41993,"A",,"A",,"G",1400,"A",,"R",1546,"A",,2
198677,"R",1198,"A",,"A",,"G",40,"A",,"G",40,"A",,2
198695,"R",73444,"A",,"R",2633,"G",2448,"G",110,"R",2448,"R",146,2
198710,"R",59603,"A",,"A",,"G",1987,"A",,"G",1987,"A",,2
198729,"R",39179,"A",,"A",,"G",1306,"A",,"G",1306,"A",,2
198747,"R",3573,"A",,"A",,"G",119,"A",,"G",119,"A",,2
198756,"R",45516,"A",,"A",,"G",1517,"A",,"R",1448,"A",,2
198774,"R",100451,"A",,"A",,"G",3348,"A",,"G",3348,"A",,2
198808,"R",23834,"A",,"A",,"G",794,"A",,"R",794,"A",,2
198817,"R",69707,"A",,"A",,"G",2324,"A",,"R",2323,"A",,2
198835,"R",41882,"A",,"R",3619,"G",1396,"G",151,"G",1396,"G",151,2
198844,"A",,"R",135000,"A",,"G",150,"A",,"G",150,"A",,1
198862,"R",30346,"A",,"A",,"G",1012,"A",,"G",1012,"A",,2
198871,"R",16007,"A",,"A",,"G",534,"A",,"G",534,"A",,2
198899,"R",37622,"A",,"A",,"G",1254,"A",,"G",1254,"A",,2
198905,"R",24519,"A",,"A",,"G",817,"A",,"R",817,"A",,2
198914,"R",33262,"A",,"A",,"G",1109,"A",,"R",1109,"A",,2
198923,"R",28596,"A",,"A",,"G",953,"A",,"G",953,"A",,2
198941,"R",4150,"A",,"A",,"G",138,"A",,"G",138,"A",,2
198950,"R",54574,"A",,"R",2093,"G",1819,"G",87,"G",1819,"G",87,2
198969,"R",58380,"A",,"R",1769,"G",1946,"G",74,"G",1946,"G",74,2
198978,"R",21600,"A",,"A",,"G",480,"A",,"G",480,"A",,2
198987,"R",49577,"A",,"A",,"G",1653,"A",,"G",1653,"A",,2
198996,"A",,"R",165000,"A",,"G",183,"A",,"G",183,"A",,1
199005,"A",,"R",35000,"A",,"G",39,"A",,"G",39,"A",,1
199023,"R",23564,"A",,"A",,"G",785,"A",,"G",785,"A",,2
199032,"R",24821,"A",,"R",818,"G",827,"G",34,"G",827,"G",34,2
199069,"R",63699,"A",,"A",,"G",2123,"A",,"G",2123,"A",,2
199078,"A",,"R",63900,"A",,"G",71,"A",,"G",71,"A",,1
199087,"R",56268,"A",,"A",,"G",1876,"A",,"G",1876,"A",,2
199102,"R",266253,"A",,"R",20103,"G",8875,"G",838,"G",8875,"G",838,2
199111,"R",90871,"A",,"R",321,"G",3029,"G",13,"G",3029,"G",13,2
199120,"R",483668,"A",,"R",149232,"G",16122,"G",6218,"G",16122,"G",6218,2
199139,"R",418238,"A",,"R",54647,"G",13941,"G",2277,"G",13941,"G",2277,2
199148,"R",309771,"A",,"R",55989,"G",10326,"G",2333,"G",10326,"G",2333,2
199157,"R",152308,"A",,"R",20144,"G",5077,"G",839,"G",5077,"G",839,2
199184,"R",31124,"A",,"R",3067,"G",1037,"G",128,"G",1037,"G",128,2
199193,"R",647101,"A",,"R",99034,"G",21570,"G",4126,"G",21570,"G",4126,2
199209,"R",47250,"A",,"A",,"G",1575,"A",,"G",1575,"A",,2
199218,"R",291269,"A",,"R",15073,"G",9709,"G",628,"G",9709,"G",628,2
199263,"R",9470,"A",,"A",,"G",316,"A",,"G",316,"A",,2
199272,"R",11771,"A",,"A",,"G",392,"A",,"G",392,"A",,2
199281,"R",116227,"A",,"R",6732,"G",3874,"G",281,"G",3874,"G",281,2
199306,"R",35018,"A",,"R",14292,"G",1167,"G",596,"G",1167,"G",596,2
199315,"R",9333,"A",,"R",179,"G",311,"G",7,"G",311,"G",7,2
199324,"R",49796,"A",,"A",,"G",1660,"A",,"G",1660,"A",,2
199333,"A",,"R",4760866,"A",,"G",5290,"A",,"G",5290,"A",,1
199351,"R",6858,"A",,"A",,"G",229,"A",,"R",264,"A",,2
199412,"R",35399,"A",,"R",9295,"G",1180,"G",387,"G",1180,"G",387,2
199421,"R",61243,"A",,"A",,"G",2041,"A",,"G",2041,"A",,2
199449,"R",46084,"A",,"A",,"G",1536,"A",,"G",1536,"A",,2
199458,"R",4915,"A",,"A",,"G",164,"A",,"R",168,"A",,2
199467,"R",26097,"A",,"A",,"G",870,"A",,"G",870,"A",,2
199476,"R",60185,"A",,"A",,"G",2006,"A",,"G",2006,"A",,2
199485,"R",56053,"A",,"A",,"G",1868,"A",,"G",1868,"A",,2
199494,"R",117708,"A",,"A",,"G",3924,"A",,"G",3924,"A",,2
199582,"R",46221,"A",,"A",,"G",1541,"A",,"G",1541,"A",,2
199607,"R",28250,"A",,"R",2600,"G",942,"G",108,"G",942,"G",108,2
199625,"R",35433,"A",,"A",,"G",1181,"A",,"G",1181,"A",,2
199634,"R",83911,"A",,"A",,"G",2797,"A",,"G",2797,"A",,2
199643,"R",68492,"A",,"R",459,"G",2283,"G",19,"R",2729,"R",29,2
199689,"A",,"R",180000,"A",,"G",200,"A",,"G",200,"A",,1
199698,"R",19696,"A",,"A",,"G",657,"A",,"G",657,"A",,2
199713,"A",,"R",124856,"A",,"G",139,"A",,"G",139,"A",,1
199722,"R",47141,"R",81605,"A",,"G",1662,"A",,"G",1662,"A",,3
199731,"R",51789,"A",,"A",,"G",1726,"A",,"G",1726,"A",,2
199740,"R",55216,"A",,"A",,"G",1841,"A",,"G",1841,"A",,2
199759,"R",13077,"A",,"R",6321,"G",436,"G",263,"G",436,"G",263,2
199768,"R",88404,"A",,"A",,"G",2947,"A",,"G",2947,"A",,2
199786,"R",103216,"A",,"A",,"G",3441,"A",,"G",3441,"A",,2
199795,"R",24774,"A",,"A",,"G",826,"A",,"R",1015,"A",,2
199838,"R",113746,"A",,"A",,"G",3792,"A",,"R",3796,"A",,2
199847,"R",116696,"A",,"R",25833,"G",3890,"G",1076,"R",4004,"R",1283,2
199856,"R",263950,"A",,"A",,"G",8798,"A",,"G",8798,"A",,2
199865,"R",24156,"A",,"R",2115,"G",805,"G",88,"G",805,"G",88,2
199883,"R",2970,"A",,"A",,"G",99,"A",,"G",99,"A",,2
199892,"R",85980,"A",,"A",,"G",2866,"A",,"G",2866,"A",,2
199908,"R",76574,"A",,"A",,"G",2552,"A",,"G",2552,"A",,2
199926,"R",62407,"A",,"A",,"G",2080,"A",,"R",2265,"A",,2
199953,"R",59811,"A",,"A",,"G",1994,"A",,"G",1994,"A",,2
199962,"R",39063,"A",,"R",1600,"G",1302,"G",67,"G",1302,"R",56,2
199971,"R",851,"A",,"A",,"G",28,"A",,"G",28,"A",,2
199980,"A",,"R",65280,"A",,"G",73,"A",,"G",73,"A",,1
199999,"R",115587,"A",,"R",3762,"G",3853,"G",157,"G",3853,"G",157,2
200004,"R",173123,"A",,"R",24118,"G",5771,"G",1005,"G",5771,"G",1005,2
200013,"R",16884,"A",,"A",,"G",375,"A",,"G",375,"A",,2
200022,"R",89098,"A",,"A",,"G",2970,"A",,"G",2970,"A",,2
200059,"R",59015,"A",,"A",,"G",1967,"A",,"G",1967,"A",,2
200086,"R",6600,"A",,"A",,"G",220,"A",,"G",220,"A",,2
200110,"A",,"R",111600,"A",,"G",124,"A",,"G",124,"A",,1
200129,"A",,"R",32981,"A",,"G",37,"A",,"G",37,"A",,1
200156,"R",36137,"A",,"A",,"G",1205,"A",,"G",1205,"A",,2
200165,"A",,"R",187200,"A",,"G",208,"A",,"G",208,"A",,1
200192,"R",31554,"A",,"A",,"G",1052,"A",,"G",1052,"A",,2
200208,"R",3209,"A",,"A",,"G",107,"A",,"G",107,"A",,2
200217,"R",55392,"A",,"R",10612,"G",1846,"G",442,"G",1846,"G",442,2
200226,"R",20927,"A",,"A",,"G",698,"A",,"G",698,"A",,2
200244,"R",2578,"A",,"A",,"G",86,"A",,"G",86,"A",,2
200253,"R",90903,"A",,"R",4603,"G",3030,"G",192,"G",3030,"G",192,2
200262,"A",,"R",19000,"A",,"G",21,"A",,"G",21,"A",,1
200280,"R",307944,"A",,"R",37309,"G",10265,"G",1555,"G",10265,"G",1555,2
200305,"R",66452,"A",,"A",,"G",2215,"A",,"G",2215,"A",,2
200314,"R",13299,"A",,"A",,"G",443,"A",,"G",443,"A",,2
200332,"R",288077,"A",,"R",22058,"G",9603,"G",919,"G",9603,"G",919,2
200341,"R",19683,"A",,"A",,"G",656,"A",,"R",653,"A",,2
200387,"A",,"R",86400,"A",,"G",96,"A",,"R",48,"A",,1
200466,"R",6979,"A",,"A",,"G",233,"A",,"R",233,"A",,2
200484,"R",8820,"A",,"A",,"G",294,"A",,"G",294,"A",,2
200527,"R",22878,"A",,"A",,"G",763,"A",,"R",795,"A",,2
200554,"R",14224,"A",,"A",,"G",474,"A",,"G",474,"A",,2
200572,"R",24624,"A",,"A",,"G",821,"A",,"G",821,"A",,2
200590,"R",2750,"R",63890,"A",,"G",163,"A",,"G",163,"A",,3
200624,"R",4440,"A",,"A",,"G",99,"A",,"G",99,"A",,2
200633,"R",18437,"A",,"A",,"G",410,"A",,"G",410,"A",,2
200721,"A",,"R",24589,"A",,"G",27,"A",,"R",417,"A",,1
200785,"A",,"R",643968,"A",,"G",716,"A",,"G",716,"A",,1
200794,"A",,"R",68160,"A",,"G",76,"A",,"G",76,"A",,1
200800,"R",461809,"A",,"R",71926,"G",15394,"G",2997,"G",15394,"G",2997,2
200828,"A",,"R",130800,"A",,"G",145,"A",,"G",145,"A",,1
200846,"R",36569,"A",,"A",,"G",1219,"A",,"G",1219,"A",,2
200873,"R",1329,"A",,"A",,"G",44,"A",,"G",44,"A",,2
201007,"R",24055,"A",,"A",,"G",802,"A",,"G",802,"A",,2
201016,"R",8172,"A",,"A",,"G",182,"A",,"G",182,"A",,2
201034,"A",,"R",124200,"A",,"G",138,"A",,"G",138,"A",,1
201061,"R",5858,"A",,"R",129,"G",195,"G",5,"G",195,"G",5,2
201070,"R",1377,"A",,"A",,"G",31,"A",,"G",31,"A",,2
201098,"A",,"R",79400,"A",,"G",88,"A",,"G",88,"A",,1
201104,"R",70411,"A",,"R",73969,"G",2347,"G",3082,"R",2430,"R",3695,2
201131,"A",,"R",129834,"A",,"G",144,"A",,"G",144,"A",,1
201140,"R",1297,"A",,"R",2513,"G",29,"G",70,"G",29,"G",70,2
201159,"A",,"R",94008,"A",,"G",104,"A",,"R",104,"A",,1
201177,"R",4215,"A",,"A",,"G",141,"A",,"R",141,"A",,2
201195,"R",103947,"A",,"R",12457,"G",3465,"G",519,"G",3465,"G",519,2
201229,"A",,"R",31500,"A",,"G",35,"A",,"G",35,"A",,1
201283,"R",61936,"A",,"A",,"G",1376,"A",,"G",1376,"A",,2
201371,"R",29840,"A",,"R",1370,"G",995,"G",57,"R",995,"R",57,2
201399,"R",20960,"A",,"A",,"G",466,"A",,"G",466,"A",,2
201432,"R",37232,"A",,"R",545,"G",1241,"G",23,"G",1241,"G",23,2
201441,"R",453229,"A",,"R",67863,"G",15108,"G",2828,"G",15108,"G",2828,2
201469,"R",7803,"A",,"A",,"G",260,"A",,"G",260,"A",,2
201478,"A",,"R",108000,"A",,"G",120,"A",,"G",120,"A",,1
201487,"A",,"R",48230,"A",,"G",54,"A",,"G",54,"A",,1
201496,"A",,"R",621900,"A",,"G",691,"A",,"G",691,"A",,1
201539,"A",,"R",143280,"A",,"G",159,"A",,"G",159,"A",,1
201548,"R",79155,"A",,"R",25523,"G",2639,"G",1063,"G",2639,"G",1063,2
201584,"A",,"R",48600,"A",,"G",54,"A",,"G",54,"A",,1
201609,"A",,"R",96978,"A",,"G",108,"A",,"G",108,"A",,1
201618,"A",,"R",78589,"A",,"G",87,"A",,"R",64,"A",,1
201627,"A",,"R",80692,"A",,"G",90,"A",,"G",90,"A",,1
201645,"R",112827,"A",,"R",68604,"G",3761,"G",2859,"G",3761,"G",2859,2
201654,"R",92719,"A",,"R",308,"G",3091,"G",13,"G",3091,"G",13,2
201672,"R",84016,"A",,"A",,"G",1867,"A",,"G",1867,"A",,2
201681,"A",,"R",107880,"A",,"G",120,"A",,"G",120,"A",,1
201690,"R",70252,"A",,"R",224,"G",1561,"G",6,"G",1561,"G",6,2
201751,"R",4652,"A",,"A",,"G",155,"A",,"G",155,"A",,2
201803,"R",1400,"A",,"A",,"G",47,"A",,"G",47,"A",,2
201821,"R",11139,"A",,"A",,"G",248,"A",,"G",248,"A",,2
201858,"R",17549,"A",,"R",4331,"G",585,"G",180,"G",585,"G",180,2
201867,"R",2775,"A",,"A",,"G",62,"A",,"G",62,"A",,2
201885,"R",745622,"A",,"R",267062,"G",16569,"G",7418,"G",16569,"G",7418,2
201928,"R",313090,"A",,"A",,"G",6958,"A",,"G",6958,"A",,2
201946,"R",86971,"A",,"R",0,"G",1933,"G",0,"G",1933,"Z",0,2
201955,"R",127529,"A",,"R",0,"G",2834,"G",0,"G",2834,"Z",0,2
201964,"R",9832,"A",,"A",,"G",328,"A",,"R",340,"A",,2
201973,"R",97900,"A",,"A",,"G",2176,"A",,"G",2176,"A",,2
201982,"A",,"R",116000,"A",,"G",129,"A",,"R",129,"A",,1
201991,"R",1800,"A",,"A",,"G",60,"A",,"G",60,"A",,2
202019,"R",170,"A",,"R",1014,"G",6,"G",42,"G",6,"G",42,2
202046,"R",17681,"A",,"R",122,"G",589,"G",5,"G",589,"G",5,2
202055,"A",,"R",402300,"A",,"G",447,"A",,"G",447,"A",,1
202073,"R",7568,"A",,"R",2582,"G",252,"G",108,"G",252,"G",108,2
202134,"R",274021,"A",,"R",107248,"G",9134,"G",4469,"G",9134,"G",4469,2
202152,"Z",0,"R",0,"A",,"G",0,"A",,"Z",0,"A",,1
202161,"R",13987,"A",,"A",,"G",466,"A",,"R",423,"A",,2
202170,"R",42019,"A",,"A",,"G",1401,"A",,"G",1401,"A",,2
202189,"R",13800,"A",,"A",,"G",460,"A",,"G",460,"A",,2
202204,"R",12900,"A",,"A",,"G",430,"A",,"G",430,"A",,2
202222,"R",744770,"A",,"A",,"G",16550,"A",,"G",16550,"A",,2
202268,"R",4767,"A",,"A",,"G",159,"A",,"G",159,"A",,2
202356,"R",475728,"A",,"A",,"G",15858,"A",,"G",15858,"A",,2
202426,"R",14400,"A",,"A",,"G",480,"A",,"G",480,"A",,2
202435,"R",13935,"A",,"A",,"G",310,"A",,"G",310,"A",,2
202453,"A",,"R",186763,"A",,"G",208,"A",,"G",208,"A",,1
202480,"R",209095,"A",,"R",61990,"G",6970,"G",2583,"G",6970,"G",2583,2
202514,"R",25405,"A",,"R",1660,"G",847,"G",69,"G",847,"G",69,2
202523,"R",68482,"A",,"A",,"G",2283,"A",,"G",2283,"A",,2
202541,"R",126994,"A",,"R",8239,"G",4233,"G",343,"G",4233,"G",343,2
202611,"R",22848,"A",,"R",1338,"G",762,"G",56,"G",762,"G",56,2
202639,"A",,"R",146190,"A",,"G",162,"A",,"R",135,"A",,1
202648,"R",57731,"A",,"A",,"G",1924,"A",,"G",1924,"A",,2
202657,"A",,"R",247428,"A",,"G",275,"A",,"G",275,"A",,1
202684,"R",10491,"A",,"A",,"G",350,"A",,"G",350,"A",,2
202736,"A",,"R",49540,"A",,"G",55,"A",,"G",55,"A",,1
202763,"R",93365,"A",,"R",26024,"G",3112,"G",1084,"G",3112,"G",1084,2
202806,"R",107078,"A",,"R",22780,"G",3569,"G",949,"G",3569,"G",949,2
202888,"A",,"R",85726,"A",,"G",95,"A",,"G",95,"A",,1
202903,"R",6457,"A",,"A",,"G",215,"A",,"G",215,"A",,2
202912,"R",6477,"A",,"A",,"G",216,"A",,"G",216,"A",,2
202949,"A",,"R",492241,"A",,"G",547,"A",,"G",547,"A",,1
202985,"A",,"R",147000,"A",,"G",163,"A",,"G",163,"A",,1
203030,"A",,"R",144430,"A",,"G",160,"A",,"G",160,"A",,1
203049,"A",,"A",,"R",2973,"A",,"G",124,"A",,"G",124,-2
203067,"A",,"A",,"R",2460,"A",,"G",68,"A",,"G",68,-2
203076,"A",,"A",,"R",1665,"A",,"G",69,"A",,"G",69,-2
203085,"R",34193,"A",,"R",3206,"G",1140,"G",134,"G",1140,"G",134,2
203128,"R",29571,"A",,"R",0,"G",986,"G",0,"G",986,"Z",0,2
203146,"A",,"R",157115,"A",,"G",175,"A",,"G",175,"A",,1
203155,"R",209737,"A",,"A",,"G",4661,"A",,"G",4661,"A",,2
203164,"R",5801,"A",,"A",,"G",193,"A",,"G",193,"A",,2
203225,"R",14815,"A",,"A",,"G",494,"A",,"G",494,"A",,2
203234,"A",,"R",130032,"A",,"G",144,"A",,"G",144,"A",,1
203289,"R",700,"A",,"A",,"G",23,"A",,"G",23,"A",,2
203313,"R",22305,"A",,"A",,"G",496,"A",,"G",496,"A",,2
203331,"R",34520,"A",,"A",,"G",1151,"A",,"G",1151,"A",,2
203368,"R",105945,"A",,"R",13902,"G",3532,"G",579,"G",3532,"G",579,2
203438,"A",,"R",131400,"A",,"G",146,"A",,"G",146,"A",,1
203447,"R",28612,"A",,"R",1,"G",954,"G",0,"G",954,"Z",0,2
203456,"R",14752,"A",,"R",12,"G",492,"G",1,"G",492,"G",1,2
203465,"R",80016,"A",,"R",126,"G",2667,"G",5,"G",2667,"G",5,2
203474,"R",43329,"A",,"R",66,"G",1444,"G",3,"G",1444,"G",3,2
203483,"R",40919,"A",,"R",114,"G",1364,"G",5,"G",1364,"G",5,2
203492,"R",26407,"A",,"R",117,"G",880,"G",5,"G",880,"G",5,2
203517,"R",518969,"A",,"R",98149,"G",17299,"G",4090,"G",17299,"G",4090,2
203526,"R",13805,"A",,"R",207,"G",460,"G",9,"G",460,"G",9,2
203535,"R",54632,"A",,"A",,"G",1821,"A",,"R",1634,"A",,2
203544,"R",19077,"A",,"A",,"G",636,"A",,"R",635,"A",,2
203580,"R",18949,"A",,"R",1688,"G",632,"G",70,"G",632,"G",70,2
203599,"R",157159,"A",,"A",,"G",5239,"A",,"G",5239,"A",,2
203614,"A",,"R",215101,"A",,"G",239,"A",,"G",239,"A",,1
203678,"R",96056,"A",,"A",,"G",2135,"A",,"G",2135,"A",,2
203720,"R",10081,"A",,"A",,"G",224,"A",,"G",224,"A",,2
203739,"R",8565,"A",,"A",,"G",190,"A",,"G",190,"A",,2
203748,"R",188868,"A",,"A",,"G",6296,"A",,"G",6296,"A",,2
203757,"R",22802,"A",,"R",710,"G",760,"G",30,"G",760,"G",30,2
203775,"R",55705,"A",,"R",5506,"G",1857,"G",229,"G",1857,"G",229,2
203818,"R",8028,"A",,"A",,"G",178,"A",,"R",179,"A",,2
203845,"R",36199,"A",,"R",1472,"G",1207,"G",61,"G",1207,"G",61,2
203881,"R",62574,"A",,"A",,"G",1391,"A",,"G",1391,"A",,2
203942,"A",,"R",23230,"A",,"G",26,"A",,"G",26,"A",,1
203951,"A",,"A",,"R",12366,"A",,"G",515,"A",,"G",515,-2
203960,"R",21440,"A",,"A",,"G",715,"A",,"G",715,"A",,2
203997,"A",,"A",,"R",1798,"A",,"G",75,"A",,"G",75,-2
204006,"R",56923,"A",,"R",691,"G",1897,"G",29,"G",1897,"G",29,2
204015,"R",47798,"A",,"R",375,"G",1593,"G",16,"G",1593,"G",16,2
204024,"R",453228,"A",,"R",27671,"G",15108,"G",1153,"G",15108,"G",1153,2
204060,"A",,"R",182880,"A",,"G",203,"A",,"G",203,"A",,1
204121,"A",,"R",116000,"A",,"G",129,"A",,"G",129,"A",,1
204158,"Z",0,"R",0,"A",,"G",0,"A",,"Z",0,"A",,1
204167,"A",,"R",51300,"A",,"G",57,"A",,"G",57,"A",,1
204176,"R",13489,"A",,"R",288,"G",450,"G",12,"G",450,"G",12,2
204185,"R",67479,"A",,"A",,"G",2249,"A",,"G",2249,"A",,2
204194,"R",60046,"A",,"R",2546,"G",2002,"G",106,"G",2002,"G",106,2
204200,"R",47939,"A",,"R",5997,"G",1598,"G",250,"G",1598,"G",250,2
204255,"R",57983,"A",,"A",,"G",1289,"A",,"G",1289,"A",,2
204264,"R",46305,"A",,"R",9337,"G",1544,"G",389,"G",1544,"G",389,2
204307,"A",,"R",1141700,"A",,"G",1269,"A",,"G",1269,"A",,1
204316,"R",33360,"A",,"A",,"G",741,"A",,"G",741,"A",,2
204334,"A",,"R",124679,"A",,"G",139,"A",,"G",139,"A",,1
204422,"R",89318,"A",,"A",,"G",1985,"A",,"G",1985,"A",,2
204431,"A",,"R",52500,"A",,"G",58,"A",,"G",58,"A",,1
204440,"R",68455,"A",,"A",,"G",2282,"A",,"G",2282,"A",,2
204459,"A",,"R",377280,"A",,"G",419,"A",,"G",419,"A",,1
204468,"R",17730,"A",,"R",6944,"G",591,"G",289,"G",591,"G",289,2
204486,"R",122976,"A",,"A",,"G",2733,"A",,"G",2733,"A",,2
204501,"R",82482,"A",,"R",197,"G",2749,"G",8,"G",2749,"G",8,2
204592,"R",6547,"A",,"A",,"G",218,"A",,"G",218,"A",,2
204608,"R",6113,"R",602760,"A",,"G",873,"A",,"G",873,"A",,3
204617,"R",59310,"A",,"R",5316,"G",1977,"G",222,"G",1977,"G",222,2
204626,"R",22256,"A",,"A",,"G",495,"A",,"R",616,"A",,2
204635,"R",100822,"A",,"R",224,"G",2240,"G",6,"G",2240,"G",6,2
204662,"R",32561,"A",,"A",,"G",724,"A",,"G",724,"A",,2
204671,"R",51281,"A",,"R",3379,"G",1140,"G",94,"G",1140,"G",94,2
204680,"R",61629,"A",,"R",1964,"G",1370,"G",55,"G",1370,"G",55,2
204699,"R",61027,"A",,"R",2587,"G",1356,"G",72,"G",1356,"G",72,2
204705,"R",80471,"A",,"R",3536,"G",1788,"G",98,"G",1788,"G",98,2
204714,"A",,"R",298624,"A",,"G",332,"A",,"G",332,"A",,1
204723,"A",,"R",95511,"A",,"G",106,"A",,"G",106,"A",,1
204741,"A",,"R",46800,"A",,"G",52,"A",,"R",52,"A",,1
204769,"A",,"R",45000,"A",,"G",50,"A",,"G",50,"A",,1
204778,"A",,"R",45000,"A",,"G",50,"A",,"G",50,"A",,1
204796,"R",1741997,"A",,"R",408147,"G",38711,"G",11337,"G",38711,"G",11337,2
204802,"R",36883,"A",,"R",743,"G",820,"G",21,"G",820,"G",21,2
204820,"R",63462,"A",,"R",1432,"G",1410,"G",40,"G",1410,"G",40,2
204839,"R",66415,"A",,"R",2546,"G",1476,"G",71,"G",1476,"G",71,2
204848,"R",53232,"A",,"R",3081,"G",1183,"G",86,"G",1183,"G",86,2
204857,"R",812243,"A",,"R",121002,"G",18050,"G",3361,"G",18050,"G",3361,2
204866,"R",66346,"A",,"R",1714,"G",1474,"G",48,"G",1474,"G",48,2
204884,"R",5862,"A",,"A",,"G",195,"A",,"G",195,"A",,2
204893,"R",5640,"A",,"A",,"G",188,"A",,"G",188,"A",,2
204909,"R",58639,"A",,"A",,"G",1955,"A",,"G",1955,"A",,2
204936,"R",112193,"A",,"R",8707,"G",2493,"G",242,"G",2493,"G",242,2
204945,"R",313406,"R",0,"A",,"G",10447,"A",,"G",10447,"A",,3
204963,"A",,"R",65700,"A",,"G",73,"A",,"G",73,"A",,1
204981,"A",,"R",93170,"A",,"G",104,"A",,"G",104,"A",,1
205027,"R",1138,"A",,"R",969,"G",38,"G",40,"G",38,"G",40,2
205054,"R",18613,"A",,"A",,"G",414,"A",,"R",461,"A",,2
205081,"A",,"R",25760,"A",,"G",29,"A",,"G",29,"A",,1
205090,"R",3371,"A",,"A",,"G",112,"A",,"G",112,"A",,2
205124,"R",1216,"A",,"R",576,"G",41,"G",24,"G",41,"G",24,2
205142,"A",,"R",68400,"A",,"G",76,"A",,"G",76,"A",,1
205179,"R",40000,"A",,"A",,"G",1333,"A",,"G",1333,"A",,2
205197,"A",,"R",276672,"A",,"G",307,"A",,"R",262,"A",,1
205203,"R",81354,"A",,"R",4146,"G",2712,"G",173,"G",2712,"G",173,2
205319,"A",,"A",,"R",3,"A",,"G",0,"A",,"R",88,-2
205391,"R",6904,"A",,"A",,"G",153,"A",,"R",125,"A",,2
205443,"R",146980,"A",,"A",,"G",3266,"A",,"G",3266,"A",,2
205470,"R",584265,"A",,"A",,"G",12984,"A",,"G",12984,"A",,2
205513,"R",7428,"A",,"A",,"G",165,"A",,"G",165,"A",,2
205522,"R",3316,"A",,"A",,"G",74,"A",,"R",56,"A",,2
205531,"R",5585,"A",,"A",,"G",124,"A",,"G",124,"A",,2
205559,"R",3800,"A",,"A",,"G",84,"A",,"G",84,"A",,2
205568,"R",3739,"A",,"A",,"G",83,"A",,"G",83,"A",,2
205610,"R",56736,"A",,"A",,"G",1261,"A",,"G",1261,"A",,2
205647,"R",22647,"A",,"A",,"G",503,"A",,"G",503,"A",,2
205692,"R",9240,"A",,"A",,"G",205,"A",,"G",205,"A",,2
205708,"R",14400,"A",,"A",,"G",320,"A",,"G",320,"A",,2
205717,"R",25776,"A",,"A",,"G",573,"A",,"G",573,"A",,2
205726,"R",25920,"A",,"A",,"G",576,"A",,"G",576,"A",,2
205841,"R",112670,"R",136773,"A",,"G",3908,"A",,"R",3756,"A",,3
205887,"R",28560,"A",,"A",,"G",635,"A",,"G",635,"A",,2
205957,"R",55976,"A",,"R",8927,"G",1866,"G",372,"G",1866,"G",372,2
205966,"R",71910,"A",,"A",,"G",1598,"A",,"G",1598,"A",,2
206002,"R",4274,"A",,"A",,"G",95,"A",,"G",95,"A",,2
206011,"R",70955,"A",,"A",,"G",1577,"A",,"G",1577,"A",,2
206039,"A",,"R",1800,"A",,"G",2,"A",,"G",2,"A",,1
206048,"R",28857,"A",,"R",7183,"G",962,"G",299,"G",962,"G",299,2
206084,"R",475737,"A",,"R",49652,"G",15858,"G",2069,"G",15858,"G",2069,2
206093,"A",,"R",82266,"A",,"G",91,"A",,"G",91,"A",,1
206154,"R",555,"A",,"A",,"G",19,"A",,"G",19,"A",,2
206172,"A",,"R",56700,"A",,"G",63,"A",,"G",63,"A",,1
206181,"A",,"R",90898,"A",,"G",101,"A",,"G",101,"A",,1
206215,"A",,"A",,"R",1082,"A",,"G",30,"A",,"G",30,-2
206224,"R",19647,"A",,"A",,"G",437,"A",,"G",437,"A",,2
206279,"R",33375,"A",,"R",29677,"G",1113,"G",1237,"R",981,"R",1362,2
206288,"A",,"A",,"R",3020,"A",,"G",126,"A",,"G",126,-2
206321,"A",,"R",48420,"A",,"G",54,"A",,"R",48420,"A",,1
206330,"R",38178,"A",,"R",1284,"G",1273,"G",54,"G",1273,"G",54,2
206349,"R",27016,"A",,"R",6446,"G",901,"G",269,"G",901,"G",269,2
206358,"A",,"R",30600,"A",,"G",34,"A",,"G",34,"A",,1
206394,"R",9963,"A",,"A",,"G",221,"A",,"G",221,"A",,2
206428,"A",,"R",44200,"A",,"G",49,"A",,"R",49,"A",,1
206437,"R",43287,"A",,"R",6052,"G",1443,"G",252,"G",1443,"G",252,2
206446,"R",68751,"A",,"A",,"G",1528,"A",,"G",1528,"A",,2
206482,"A",,"R",399120,"A",,"G",443,"A",,"G",443,"A",,1
206491,"R",33056,"A",,"A",,"G",1102,"A",,"G",1102,"A",,2
206507,"R",37938,"A",,"R",510,"G",1265,"G",21,"G",1265,"G",21,2
206516,"A",,"A",,"R",132,"A",,"G",6,"A",,"G",6,-2
206525,"R",68689,"A",,"R",565,"G",2290,"G",24,"G",2290,"G",24,2
206589,"R",58439,"A",,"A",,"G",1948,"A",,"R",1826,"A",,2
206604,"R",497925,"A",,"R",89903,"G",11065,"G",2497,"G",11065,"G",2497,2
206613,"R",34539,"A",,"R",3021,"G",768,"G",84,"G",768,"G",84,2
206622,"R",55743,"A",,"R",17304,"G",1858,"G",721,"G",1858,"G",721,2
206631,"R",25080,"A",,"A",,"G",557,"A",,"G",557,"A",,2
206695,"R",311684,"A",,"R",20102,"G",10389,"G",838,"G",10389,"G",838,2
206783,"R",4708,"A",,"A",,"G",157,"A",,"R",104,"A",,2
206817,"R",13305,"A",,"A",,"G",444,"A",,"G",444,"A",,2
206835,"R",23402,"A",,"A",,"G",780,"A",,"G",780,"A",,2
206862,"R",53261,"A",,"R",10347,"G",1775,"G",431,"G",1775,"G",431,2
206880,"A",,"R",67104,"A",,"G",75,"A",,"G",75,"A",,1
206905,"A",,"R",173815,"A",,"G",193,"A",,"R",225,"A",,1
206914,"R",121684,"A",,"R",7921,"G",4056,"G",330,"G",4056,"G",330,2
206923,"R",124260,"A",,"A",,"G",4142,"A",,"R",4142,"A",,2
206932,"R",1872,"A",,"A",,"G",62,"A",,"G",62,"A",,2
206941,"R",312338,"A",,"R",28782,"G",10411,"G",1199,"G",10411,"G",1199,2
206969,"A",,"R",27000,"A",,"G",30,"A",,"G",30,"A",,1
206996,"R",51038,"A",,"A",,"G",1701,"A",,"G",1701,"A",,2
207041,"R",98472,"A",,"R",12855,"G",3282,"G",536,"G",3282,"G",536,2
207050,"R",43341,"A",,"A",,"G",1445,"A",,"G",1445,"A",,2
207069,"R",43751,"A",,"A",,"G",1458,"A",,"G",1458,"A",,2
207087,"A",,"R",73250,"A",,"G",81,"A",,"G",81,"A",,1
207102,"A",,"R",51300,"A",,"G",57,"A",,"G",57,"A",,1
207157,"R",6296,"A",,"R",102,"G",210,"G",4,"G",210,"G",4,2
207166,"A",,"R",21600,"A",,"G",24,"A",,"G",24,"A",,1
207209,"R",74532,"A",,"R",1813,"G",2484,"G",76,"G",2484,"G",76,2
207236,"R",45572,"A",,"A",,"G",1519,"A",,"G",1519,"A",,2
207254,"R",80356,"A",,"A",,"G",2679,"A",,"R",2173,"A",,2
207263,"R",210869,"A",,"R",21862,"G",7029,"G",911,"G",7029,"G",911,2
207272,"A",,"R",52200,"A",,"G",58,"A",,"G",58,"A",,1
207281,"R",82947,"A",,"A",,"G",2765,"A",,"G",2765,"A",,2
207290,"R",49844,"A",,"A",,"G",1661,"A",,"G",1661,"A",,2
207306,"R",49191,"A",,"R",4273,"G",1640,"G",178,"G",1640,"G",178,2
207315,"A",,"A",,"R",883,"A",,"G",37,"A",,"G",37,-2
207324,"R",41149,"A",,"R",3454,"G",1372,"G",144,"G",1372,"G",144,2
207342,"R",22727,"A",,"R",26874,"G",758,"G",1120,"G",758,"G",1120,2
207351,"R",16963,"A",,"A",,"G",565,"A",,"G",565,"A",,2
207388,"R",520104,"A",,"R",82936,"G",17337,"G",3456,"G",17337,"G",3456,2
207397,"R",107810,"A",,"A",,"G",3594,"A",,"G",3594,"A",,2
207403,"R",48920,"A",,"R",320,"G",1631,"G",13,"G",1631,"G",13,2
207449,"R",236195,"A",,"A",,"G",7873,"A",,"G",7873,"A",,2
207458,"R",49511,"A",,"R",41214,"G",1650,"G",1717,"G",1650,"G",1717,2
207500,"R",559165,"A",,"R",110955,"G",18639,"G",4623,"G",18639,"G",4623,2
207537,"R",2340,"A",,"A",,"G",78,"A",,"G",78,"A",,2
207564,"R",75754,"A",,"A",,"G",2525,"A",,"G",2525,"A",,2
207582,"R",108056,"A",,"R",12686,"G",3602,"G",529,"G",3602,"G",529,2
207607,"A",,"R",249177,"A",,"G",277,"A",,"R",475,"A",,1
207625,"A",,"R",243365,"A",,"G",270,"A",,"G",270,"A",,1
207634,"A",,"R",51900,"A",,"G",58,"A",,"G",58,"A",,1
207661,"R",77232,"A",,"A",,"G",2574,"A",,"G",2574,"A",,2
207670,"R",159540,"A",,"A",,"G",5318,"A",,"G",5318,"A",,2
207689,"R",20921,"A",,"A",,"G",697,"A",,"G",697,"A",,2
207704,"A",,"R",145654,"A",,"G",162,"A",,"R",134,"A",,1
207722,"R",34985,"A",,"A",,"G",1166,"A",,"G",1166,"A",,2
207740,"R",49105,"A",,"A",,"G",1637,"A",,"G",1637,"A",,2
207786,"A",,"R",120000,"A",,"G",133,"A",,"G",133,"A",,1
207838,"A",,"R",39000,"A",,"G",43,"A",,"G",43,"A",,1
207847,"R",95981,"A",,"R",6725,"G",3199,"G",280,"G",3199,"G",280,2
207856,"R",4665,"A",,"R",1125,"G",156,"G",47,"G",156,"G",47,2
207865,"R",127924,"A",,"R",12445,"G",4264,"G",519,"G",4264,"G",519,2
207935,"R",319585,"A",,"A",,"G",10653,"A",,"G",10653,"A",,2
207962,"A",,"R",413650,"A",,"G",460,"A",,"R",552,"A",,1
207971,"R",79685,"A",,"R",10814,"G",2656,"G",451,"G",2656,"G",451,2
208017,"A",,"R",27181,"A",,"G",30,"A",,"G",30,"A",,1
208026,"A",,"R",18522,"A",,"G",21,"A",,"G",21,"A",,1
208035,"R",42048,"A",,"A",,"G",1402,"A",,"G",1402,"A",,2
208044,"R",34913,"A",,"A",,"G",1164,"A",,"G",1164,"A",,2
208053,"A",,"R",96600,"A",,"G",107,"A",,"G",107,"A",,1
208080,"A",,"R",101920,"A",,"G",113,"A",,"G",113,"A",,1
208123,"R",8368,"A",,"A",,"G",279,"A",,"G",279,"A",,2
208187,"R",1710,"A",,"A",,"G",57,"A",,"G",57,"A",,2
208239,"R",57616,"A",,"A",,"G",1280,"A",,"G",1280,"A",,2
208248,"A",,"R",185000,"A",,"G",206,"A",,"G",206,"A",,1
208275,"R",60062,"A",,"A",,"G",1335,"A",,"G",1335,"A",,2
208318,"A",,"R",1631406,"A",,"G",1813,"A",,"R",3198,"A",,1
208390,"A",,"R",5476308,"A",,"G",6085,"A",,"R",6104,"A",,1
208406,"A",,"R",3433508,"A",,"G",3815,"A",,"G",3815,"A",,1
208415,"R",39040,"A",,"A",,"G",868,"A",,"G",868,"A",,2
208433,"A",,"R",104866,"A",,"G",117,"A",,"G",117,"A",,1
208479,"A",,"R",508255,"A",,"G",565,"A",,"G",565,"A",,1
208488,"R",25361,"A",,"R",8158,"G",845,"G",340,"G",845,"G",340,2
208512,"R",18432,"R",76680,"A",,"G",700,"A",,"G",700,"A",,3
208637,"A",,"R",187067,"A",,"G",520,"A",,"G",520,"A",,1
208646,"R",107582,"A",,"R",6003,"G",2391,"G",167,"G",2391,"G",167,2
208655,"A",,"R",208400,"A",,"G",232,"A",,"G",232,"A",,1
208725,"R",6192,"A",,"A",,"G",138,"A",,"G",138,"A",,2
208822,"R",42189,"A",,"R",24230,"G",1406,"G",1010,"G",1406,"G",1010,2
208859,"A",,"R",220383,"A",,"G",245,"A",,"G",245,"A",,1
208965,"R",22267,"A",,"A",,"G",495,"A",,"G",495,"A",,2
209038,"R",294671,"A",,"A",,"G",6548,"A",,"R",8588,"A",,2
209056,"R",57534,"A",,"R",11621,"G",1918,"G",484,"G",1918,"G",484,2
209065,"R",50991,"A",,"Z",0,"G",1700,"A",,"G",1700,"A",,2
209074,"R",181064,"A",,"A",,"G",4024,"A",,"G",4024,"A",,2
209083,"A",,"R",44121,"A",,"G",49,"A",,"G",49,"A",,1
209108,"R",22716,"A",,"R",8848,"G",505,"G",246,"G",505,"G",246,2
209153,"A",,"R",220383,"A",,"G",245,"A",,"G",245,"A",,1
209205,"A",,"R",96900,"A",,"G",108,"A",,"G",108,"A",,1
209241,"R",3203,"A",,"R",988,"G",107,"G",41,"G",107,"G",41,2
209250,"A",,"R",5219324,"A",,"G",5799,"A",,"G",5799,"A",,1
209287,"R",16327,"A",,"R",4346,"G",544,"G",181,"G",544,"G",181,2
209296,"A",,"A",,"R",6176,"A",,"G",172,"A",,"G",172,-2
209348,"A",,"R",45324,"A",,"G",50,"A",,"G",50,"A",,1
209409,"R",16319,"A",,"R",2313,"G",544,"G",96,"R",365,"R",90,2
209490,"R",22880,"A",,"R",40295,"G",508,"G",1119,"G",508,"G",1119,2
209506,"R",112368,"A",,"R",4,"G",2497,"G",0,"G",2497,"Z",0,2
209533,"R",2792,"A",,"R",163,"G",93,"G",7,"G",93,"G",7,2
209542,"R",669618,"A",,"R",93793,"G",14880,"G",2605,"G",14880,"G",2605,2
209551,"R",718801,"A",,"R",121551,"G",15973,"G",3376,"G",15973,"G",3376,2
209603,"R",8167,"A",,"A",,"G",272,"A",,"G",272,"A",,2
209612,"R",39059,"A",,"R",53042,"G",1302,"G",2210,"G",1302,"G",2210,2
209667,"A",,"R",176619,"A",,"G",196,"A",,"G",196,"A",,1
209676,"A",,"R",314163,"A",,"G",349,"A",,"G",349,"A",,1
209694,"A",,"R",170367,"A",,"G",189,"A",,"G",189,"A",,1
209700,"A",,"R",189865,"A",,"G",211,"A",,"G",211,"A",,1
209719,"A",,"R",57900,"A",,"G",64,"A",,"G",64,"A",,1
209746,"R",666156,"A",,"A",,"G",14803,"A",,"G",14803,"A",,2
209807,"R",602337,"A",,"R",157309,"G",13385,"G",4370,"G",13385,"G",4370,2
209825,"R",85708,"A",,"R",9656,"G",2857,"G",402,"G",2857,"G",402,2
209922,"R",35462,"A",,"R",218,"G",1182,"G",9,"R",1253,"R",8,2
209940,"R",75982,"R",739528,"A",,"G",2510,"A",,"G",2510,"A",,3
209986,"A",,"R",69080,"A",,"G",77,"A",,"R",66,"A",,1
210076,"R",82373,"A",,"A",,"G",2746,"A",,"G",2746,"A",,2
210100,"A",,"R",300250,"A",,"G",334,"A",,"G",334,"A",,1
210146,"R",185334,"A",,"R",18979,"G",4119,"G",527,"G",4119,"G",527,2
210155,"R",64765,"A",,"A",,"G",1439,"A",,"G",1439,"A",,2
210234,"R",88245,"A",,"A",,"G",1961,"A",,"G",1961,"A",,2
210270,"R",68111,"A",,"A",,"G",1514,"A",,"G",1514,"A",,2
210304,"R",14678,"A",,"R",62,"G",489,"G",3,"G",489,"G",3,2
210331,"R",20789,"A",,"R",0,"G",693,"G",0,"G",693,"Z",0,2
210340,"A",,"R",61462,"A",,"G",68,"A",,"G",68,"A",,1
210359,"A",,"R",1614600,"A",,"G",1794,"A",,"G",1794,"A",,1
210368,"A",,"A",,"R",5590,"A",,"G",233,"A",,"R",349,-2
210401,"R",57090,"A",,"R",19557,"G",1903,"G",815,"R",1795,"R",643,2
210429,"R",177993,"A",,"R",16430,"G",3955,"G",456,"G",3955,"G",456,2
210456,"R",6492,"A",,"A",,"G",216,"A",,"R",191,"A",,2
210474,"A",,"R",11150,"A",,"G",12,"A",,"G",12,"A",,1
210483,"R",6552,"A",,"A",,"G",218,"A",,"R",190,"A",,2
210492,"R",4477,"A",,"R",198,"G",149,"G",8,"R",153,"R",7,2
210508,"A",,"A",,"R",29,"A",,"G",1,"A",,"R",1,-2
210571,"R",62540,"A",,"R",1065,"G",2085,"G",44,"G",2085,"G",44,2
210599,"A",,"R",250080,"A",,"G",278,"A",,"G",278,"A",,1
210605,"R",180819,"A",,"A",,"G",6027,"A",,"R",6027,"A",,2
210669,"R",59443,"A",,"A",,"G",1981,"A",,"R",1820,"A",,2
210711,"A",,"R",151600,"A",,"G",168,"A",,"G",168,"A",,1
210739,"R",59086,"A",,"R",11506,"G",1970,"G",479,"G",1970,"G",479,2
210748,"A",,"R",89806,"A",,"G",100,"A",,"G",100,"A",,1
210775,"R",57441,"A",,"R",10806,"G",1915,"G",450,"G",1915,"G",450,2
210784,"A",,"R",160150,"A",,"G",178,"A",,"G",178,"A",,1
210809,"A",,"A",,"R",6942,"A",,"G",289,"A",,"G",289,-2
210890,"R",4870,"A",,"A",,"G",162,"A",,"G",162,"A",,2
210906,"R",17719,"A",,"A",,"G",394,"A",,"G",394,"A",,2
210942,"R",135931,"A",,"A",,"G",3021,"A",,"G",3021,"A",,2
210951,"R",5924,"A",,"A",,"G",197,"A",,"R",138,"A",,2
210960,"R",147640,"A",,"A",,"G",3281,"A",,"G",3281,"A",,2
211006,"A",,"R",764400,"A",,"G",849,"A",,"G",849,"A",,1
211024,"R",22627,"A",,"R",1909,"G",754,"G",80,"G",754,"G",80,2
211079,"R",55351,"A",,"A",,"G",1845,"A",,"G",1845,"A",,2
211088,"R",53178,"A",,"R",28118,"G",1773,"G",1172,"G",1773,"G",1172,2
211112,"R",2356,"R",180850,"A",,"G",279,"A",,"G",279,"A",,3
211130,"A",,"A",,"R",5885,"A",,"G",245,"A",,"G",245,-2
211149,"A",,"R",164095,"A",,"G",182,"A",,"G",182,"A",,1
211158,"R",221884,"A",,"R",14815,"G",7396,"G",617,"G",7396,"G",617,2
211200,"R",16274,"A",,"A",,"G",542,"A",,"R",450,"A",,2
211246,"R",464,"A",,"A",,"G",15,"A",,"R",15,"A",,2
211273,"R",11374,"A",,"R",9016,"G",379,"G",376,"G",379,"G",376,2
211291,"R",109467,"A",,"R",2630,"G",3649,"G",110,"G",3649,"G",110,2
211307,"R",188503,"A",,"A",,"G",6283,"A",,"G",6283,"A",,2
211316,"A",,"R",62981,"A",,"G",70,"A",,"R",70,"A",,1
211325,"R",1140,"A",,"A",,"G",38,"A",,"G",38,"A",,2
211334,"A",,"R",74730,"A",,"G",83,"A",,"R",47,"A",,1
211343,"R",75699,"A",,"A",,"G",2523,"A",,"G",2523,"A",,2
211352,"R",46116,"A",,"R",8006,"G",1537,"G",334,"G",1537,"G",334,2
211361,"R",154864,"A",,"R",23658,"G",5162,"G",986,"G",5162,"G",986,2
211370,"A",,"A",,"R",1564,"A",,"G",65,"A",,"G",65,-2
211398,"A",,"R",201750,"A",,"G",224,"A",,"G",224,"A",,1
211431,"R",42321,"A",,"R",6054,"G",1411,"G",252,"G",1411,"G",252,2
211440,"R",170104,"A",,"R",133120,"G",5670,"G",5547,"R",5329,"G",5547,2
211468,"R",42536,"A",,"R",1282,"G",1418,"G",53,"G",1418,"G",53,2
211477,"R",31003,"A",,"A",,"G",1033,"A",,"G",1033,"A",,2
211495,"A",,"R",112782,"A",,"G",125,"A",,"G",125,"A",,1
211556,"R",16872,"A",,"R",14126,"G",562,"G",589,"G",562,"G",589,2
211583,"R",22633,"A",,"R",9381,"G",754,"G",391,"G",754,"G",391,2
211608,"R",37704,"A",,"R",4311,"G",1257,"G",180,"G",1257,"G",180,2
211617,"R",43245,"A",,"A",,"G",1442,"A",,"G",1442,"A",,2
211635,"A",,"R",112605,"A",,"G",125,"A",,"G",125,"A",,1
211644,"R",169350,"A",,"R",9628,"G",5645,"G",401,"G",5645,"G",401,2
211750,"R",20112,"A",,"A",,"G",670,"A",,"G",670,"A",,2
211802,"R",4950,"R",44600,"A",,"G",215,"A",,"G",215,"A",,3
211820,"R",8431,"A",,"A",,"G",281,"A",,"G",281,"A",,2
211893,"R",4290,"A",,"R",242,"G",143,"G",10,"G",143,"G",10,2
211909,"R",3813,"R",119200,"A",,"G",217,"A",,"G",217,"A",,3
211927,"R",203029,"A",,"A",,"G",6768,"A",,"R",8089,"A",,2
211954,"R",7072,"A",,"A",,"G",236,"A",,"G",236,"A",,2
211981,"R",51530,"A",,"R",870,"G",1718,"G",36,"G",1718,"G",36,2
212009,"R",74920,"A",,"A",,"G",2497,"A",,"G",2497,"A",,2
212018,"A",,"A",,"R",112,"A",,"G",5,"A",,"G",5,-2
212045,"A",,"R",237415,"A",,"G",264,"A",,"R",306,"A",,1
212054,"R",469332,"A",,"R",91638,"G",10430,"G",2546,"G",10430,"G",2546,2
212072,"R",11760,"A",,"A",,"G",261,"A",,"G",261,"A",,2
212090,"A",,"R",265348,"A",,"G",295,"A",,"G",295,"A",,1
212106,"R",169474,"A",,"R",42706,"G",5649,"G",1779,"R",5649,"R",1779,2
212115,"R",150820,"A",,"R",21246,"G",5027,"G",885,"G",5027,"G",885,2
212124,"A",,"A",,"R",1401,"A",,"G",58,"A",,"G",58,-2
212133,"R",59927,"A",,"R",17547,"G",1998,"G",731,"G",1998,"G",731,2
212160,"R",189039,"A",,"R",16917,"G",6301,"G",705,"G",6301,"G",705,2
212179,"A",,"R",42000,"A",,"G",47,"A",,"G",47,"A",,1
212197,"R",58895,"A",,"R",103,"G",1963,"G",4,"G",1963,"G",4,2
212212,"A",,"R",51059,"A",,"G",57,"A",,"G",57,"A",,1
212230,"A",,"R",40930,"A",,"G",45,"A",,"G",45,"A",,1
212267,"A",,"R",88310,"A",,"G",98,"A",,"G",98,"A",,1
212276,"A",,"R",83930,"A",,"G",93,"A",,"G",93,"A",,1
212285,"A",,"R",81328,"A",,"G",90,"A",,"G",90,"A",,1
212294,"A",,"R",84692,"A",,"G",94,"A",,"G",94,"A",,1
212300,"A",,"R",56375,"A",,"G",63,"A",,"G",63,"A",,1
212328,"A",,"R",164077,"A",,"G",182,"A",,"G",182,"A",,1
212337,"A",,"R",107301,"A",,"G",119,"A",,"G",119,"A",,1
212355,"A",,"R",191717,"A",,"G",213,"A",,"G",213,"A",,1
212364,"A",,"R",58083,"A",,"G",65,"A",,"G",65,"A",,1
212373,"A",,"R",65683,"A",,"G",73,"A",,"G",73,"A",,1
212382,"A",,"R",98983,"A",,"G",110,"A",,"G",110,"A",,1
212391,"A",,"R",107945,"A",,"G",120,"A",,"G",120,"A",,1
212407,"R",2208,"R",38720,"A",,"G",117,"A",,"G",117,"A",,3
212425,"R",15342,"A",,"A",,"G",511,"A",,"G",511,"A",,2
212434,"R",9929,"A",,"A",,"G",221,"A",,"G",221,"A",,2
212443,"A",,"A",,"R",2353,"A",,"G",98,"A",,"R",88,-2
212568,"R",2837,"A",,"A",,"G",95,"A",,"G",95,"A",,2
212577,"R",62547,"A",,"A",,"G",2085,"A",,"G",2085,"A",,2
212601,"R",71968,"A",,"R",21710,"G",2399,"G",905,"G",2399,"G",905,2
212656,"R",57889,"A",,"R",6264,"G",1930,"G",261,"G",1930,"G",261,2
212674,"R",74368,"A",,"A",,"G",2479,"A",,"G",2479,"A",,2
212683,"A",,"R",95926,"A",,"G",107,"A",,"G",107,"A",,1
212708,"A",,"R",93452,"A",,"G",104,"A",,"G",104,"A",,1
212753,"A",,"R",180635,"A",,"G",201,"A",,"G",201,"A",,1
212771,"R",252,"A",,"R",1650,"G",8,"G",69,"G",8,"G",69,2
212805,"R",73624,"A",,"A",,"G",2454,"A",,"G",2454,"A",,2
212832,"R",51013,"A",,"R",8680,"G",1700,"G",362,"G",1700,"G",362,2
212869,"R",13494,"A",,"A",,"G",450,"A",,"G",450,"A",,2
212878,"R",179508,"A",,"A",,"G",5984,"A",,"G",5984,"A",,2
212911,"R",36648,"A",,"A",,"G",1222,"A",,"R",1150,"A",,2
212975,"R",9013,"A",,"A",,"G",300,"A",,"G",300,"A",,2
212984,"R",47307,"A",,"R",14819,"G",1577,"G",617,"G",1577,"G",617,2
212993,"A",,"R",110400,"A",,"G",123,"A",,"G",123,"A",,1
213002,"R",59360,"R",74250,"A",,"G",1402,"A",,"R",1653,"A",,3
213011,"R",60553,"A",,"R",12720,"G",2018,"G",530,"G",2018,"G",530,2
213020,"R",345528,"A",,"R",33049,"G",11518,"G",1377,"G",11518,"G",1377,2
213057,"R",1110,"A",,"A",,"G",37,"A",,"G",37,"A",,2
213163,"R",1813,"A",,"A",,"G",60,"A",,"G",60,"A",,2
213181,"A",,"R",462805,"A",,"G",514,"A",,"G",514,"A",,1
213215,"A",,"R",87500,"A",,"G",97,"A",,"G",97,"A",,1
213233,"R",11919,"A",,"A",,"G",397,"A",,"G",397,"A",,2
213251,"R",42469,"A",,"A",,"G",1416,"A",,"G",1416,"A",,2
213303,"R",42179,"A",,"A",,"G",1406,"A",,"G",1406,"A",,2
213312,"A",,"R",817000,"A",,"G",908,"A",,"G",908,"A",,1
213321,"R",57517,"A",,"R",3656,"G",1917,"G",152,"G",1917,"G",152,2
213330,"A",,"R",65190,"A",,"G",72,"A",,"G",72,"A",,1
213349,"R",224870,"A",,"R",15355,"G",7496,"G",640,"G",7496,"G",640,2
213358,"R",38247,"A",,"R",2983,"G",1275,"G",124,"G",1275,"G",124,2
213367,"R",113784,"A",,"R",27066,"G",3793,"G",1128,"G",3793,"G",1128,2
213376,"R",27550,"A",,"A",,"G",918,"A",,"G",918,"A",,2
213385,"R",70402,"A",,"A",,"G",2347,"A",,"G",2347,"A",,2
213400,"R",18529,"A",,"R",1215,"G",618,"G",51,"G",618,"G",51,2
213428,"R",4206,"A",,"A",,"G",140,"A",,"G",140,"A",,2
213446,"A",,"A",,"R",3358,"A",,"G",140,"A",,"G",140,-2
213455,"A",,"R",91050,"A",,"G",101,"A",,"G",101,"A",,1
213473,"R",9648,"A",,"A",,"G",322,"A",,"G",322,"A",,2
213491,"A",,"R",59250,"A",,"G",66,"A",,"G",66,"A",,1
213507,"R",47508,"A",,"R",2440,"G",1584,"G",102,"G",1584,"G",102,2
213525,"R",116574,"A",,"A",,"G",3886,"A",,"G",3886,"A",,2
213534,"R",423900,"A",,"A",,"G",9420,"A",,"G",9420,"A",,2
213543,"R",142608,"A",,"R",27668,"G",4754,"G",1153,"G",4754,"G",1153,2
213552,"A",,"R",81250,"A",,"G",90,"A",,"G",90,"A",,1
213570,"R",10925,"A",,"A",,"G",364,"A",,"G",364,"A",,2
213589,"R",7520,"R",902400,"A",,"G",1253,"A",,"G",1253,"A",,3
213598,"R",46776,"A",,"R",8265,"G",1559,"G",344,"G",1559,"G",344,2
213613,"R",133360,"A",,"R",6202,"G",4445,"G",258,"G",4445,"G",258,2
213622,"R",906,"A",,"A",,"G",30,"A",,"G",30,"A",,2
213631,"A",,"A",,"R",4446,"A",,"G",185,"A",,"G",185,-2
213640,"A",,"A",,"R",660,"A",,"G",28,"A",,"G",28,-2
213659,"R",28092,"A",,"A",,"G",936,"A",,"G",936,"A",,2
213668,"R",44962,"A",,"A",,"G",1499,"A",,"G",1499,"A",,2
213686,"R",2865,"A",,"A",,"G",96,"A",,"G",96,"A",,2
213774,"R",18434,"A",,"A",,"G",614,"A",,"G",614,"A",,2
213783,"R",90788,"A",,"R",6119,"G",3026,"G",255,"G",3026,"G",255,2
213826,"R",49006,"A",,"R",22699,"G",1634,"G",946,"R",1669,"R",967,2
213914,"R",15239,"A",,"A",,"G",508,"A",,"G",508,"A",,2
213932,"A",,"R",132510,"A",,"G",147,"A",,"R",120,"A",,1
213987,"R",98525,"A",,"R",3375,"G",3284,"G",141,"G",3284,"G",141,2
213996,"R",90677,"A",,"A",,"G",3023,"A",,"R",2894,"A",,2
214005,"Z",0,"R",0,"A",,"G",29,"A",,"G",29,"A",,1
214023,"A",,"R",105248,"A",,"G",117,"A",,"G",117,"A",,1
214041,"R",199368,"A",,"R",25310,"G",6646,"G",1055,"G",6646,"G",1055,2
214069,"R",52140,"A",,"R",2554,"G",1738,"G",106,"G",1738,"G",106,2
214111,"R",169994,"A",,"A",,"G",5666,"A",,"G",5666,"A",,2
214148,"R",15728,"A",,"Z",0,"G",524,"A",,"G",524,"A",,2
214157,"R",55325,"A",,"R",2348,"G",1844,"G",98,"G",1844,"G",98,2
214166,"R",39290,"A",,"R",453,"G",1310,"G",19,"G",1310,"G",19,2
214175,"R",81859,"A",,"A",,"G",2729,"A",,"G",2729,"A",,2
214227,"R",84390,"A",,"A",,"G",1875,"A",,"G",1875,"A",,2
214254,"R",38954,"A",,"A",,"G",1298,"A",,"G",1298,"A",,2
214272,"R",46967,"A",,"R",8905,"G",1566,"G",371,"G",1566,"G",371,2
214290,"R",462675,"A",,"A",,"G",15423,"A",,"G",15423,"A",,2
214315,"R",4785,"A",,"A",,"G",106,"A",,"R",79,"A",,2
214379,"R",122683,"A",,"A",,"G",4089,"A",,"G",4089,"A",,2
214476,"R",38,"A",,"A",,"G",1,"A",,"G",1,"A",,2
214528,"A",,"R",389198,"A",,"G",432,"A",,"G",432,"A",,1
214546,"A",,"R",87500,"A",,"G",97,"A",,"G",97,"A",,1
214564,"Z",0,"A",,"R",7366,"A",,"G",307,"A",,"R",272,-2
214582,"R",8607,"A",,"A",,"G",287,"A",,"G",287,"A",,2
214591,"R",107036,"A",,"R",1790,"G",3568,"G",75,"G",3568,"G",75,2
214607,"A",,"A",,"R",20849,"A",,"G",869,"A",,"G",869,-2
214616,"A",,"A",,"R",2950,"A",,"G",123,"A",,"G",123,-2
214625,"R",27564,"A",,"R",309,"G",919,"G",13,"G",919,"G",13,2
214634,"R",20858,"A",,"R",105,"G",695,"G",4,"G",695,"G",4,2
214643,"R",20546,"A",,"R",1129,"G",685,"G",47,"G",685,"G",47,2
214652,"R",36060,"A",,"R",1236,"G",1202,"G",52,"G",1202,"G",52,2
214670,"R",19894,"A",,"R",572,"G",663,"G",24,"G",663,"G",24,2
214689,"R",115976,"A",,"R",138,"G",3866,"G",6,"G",3866,"G",6,2
214698,"R",20972,"A",,"R",345,"G",699,"G",14,"G",699,"G",14,2
214704,"R",70021,"A",,"R",873,"G",2334,"G",36,"G",2334,"G",36,2
214713,"R",48206,"A",,"R",21290,"G",1607,"G",887,"G",1607,"G",887,2
214731,"R",47382,"A",,"R",6,"G",1579,"G",0,"G",1579,"Z",0,2
214740,"R",24987,"A",,"R",138,"G",833,"G",6,"G",833,"G",6,2
214759,"R",28880,"A",,"R",0,"G",963,"G",0,"G",963,"Z",0,2
214768,"R",36760,"A",,"R",152,"G",1225,"G",6,"G",1225,"G",6,2
214777,"R",1091343,"A",,"R",138939,"G",36378,"G",5789,"G",36378,"G",5789,2
214786,"R",24248,"A",,"R",10,"G",808,"G",0,"G",808,"Z",0,2
214795,"R",28092,"A",,"R",180,"G",936,"G",8,"G",936,"G",8,2
214801,"R",91384,"A",,"R",3,"G",3046,"G",0,"G",3046,"Z",0,2
214810,"R",26514,"A",,"R",609,"G",884,"G",25,"G",884,"G",25,2
214829,"R",37567,"A",,"R",2150,"G",1252,"G",90,"G",1252,"G",90,2
214838,"R",10488,"A",,"A",,"G",350,"A",,"G",350,"A",,2
214883,"R",35586,"A",,"Z",0,"G",1186,"A",,"G",1186,"A",,2
214892,"R",20580,"A",,"A",,"G",457,"A",,"R",425,"A",,2
214908,"A",,"R",50000,"A",,"G",56,"A",,"G",56,"A",,1
214944,"A",,"R",477034,"A",,"G",530,"A",,"R",523,"A",,1
214962,"R",0,"Z",0,"A",,"G",0,"A",,"Z",0,"A",,2
214971,"R",6109,"A",,"R",1140,"G",204,"G",48,"G",204,"G",48,2
215008,"A",,"R",71440,"A",,"G",79,"A",,"G",79,"A",,1
215026,"A",,"R",34960,"A",,"G",39,"A",,"G",39,"A",,1
215044,"A",,"R",75785,"A",,"G",84,"A",,"G",84,"A",,1
215053,"R",6478,"A",,"A",,"G",216,"A",,"G",216,"A",,2
215062,"R",406439,"A",,"R",233713,"G",13548,"G",9738,"G",13548,"G",9738,2
215099,"R",70676,"A",,"R",11318,"G",2356,"G",472,"G",2356,"G",472,2
215105,"R",58273,"A",,"R",4415,"G",1942,"G",184,"G",1942,"G",184,2
215114,"R",29028,"A",,"R",4740,"G",968,"G",198,"G",968,"G",198,2
215123,"A",,"A",,"R",16175,"A",,"G",449,"A",,"G",449,-2
215132,"R",42962,"A",,"R",5225,"G",1432,"G",218,"R",1373,"R",206,2
215239,"R",386701,"R",1515884,"A",,"G",14574,"A",,"G",14574,"A",,3
215266,"R",33501,"A",,"A",,"G",1117,"A",,"G",1117,"A",,2
215275,"R",52708,"A",,"A",,"G",1757,"A",,"G",1757,"A",,2
215284,"R",87311,"A",,"A",,"G",2910,"A",,"G",2910,"A",,2
215293,"R",505999,"A",,"R",224172,"G",16867,"G",9341,"G",16867,"G",9341,2
215309,"R",12621,"A",,"A",,"G",421,"A",,"G",421,"A",,2
215336,"A",,"R",135150,"A",,"G",150,"A",,"G",150,"A",,1
215381,"A",,"R",1088668,"A",,"G",1210,"A",,"G",1210,"A",,1
215390,"R",6835,"A",,"A",,"G",228,"A",,"G",228,"A",,2
215415,"R",131856,"A",,"A",,"G",2930,"A",,"G",2930,"A",,2
215424,"A",,"A",,"R",7037,"A",,"G",195,"A",,"G",195,-2
215433,"R",18162,"A",,"A",,"G",605,"A",,"G",605,"A",,2
215442,"R",72655,"A",,"R",11250,"G",2422,"G",469,"G",2422,"G",469,2
215479,"R",2457,"A",,"A",,"G",82,"A",,"G",82,"A",,2
215488,"A",,"R",39550,"A",,"G",44,"A",,"G",44,"A",,1
215530,"A",,"R",62306,"A",,"G",69,"A",,"G",69,"A",,1
215567,"A",,"R",36570,"A",,"G",41,"A",,"G",41,"A",,1
215585,"R",82590,"A",,"A",,"G",1835,"A",,"G",1835,"A",,2
215594,"A",,"R",2430,"A",,"G",3,"A",,"G",3,"A",,1
215619,"A",,"A",,"R",10,"A",,"G",0,"A",,"R",0,-2
215628,"A",,"A",,"R",47,"A",,"G",1,"A",,"G",1,-2
215637,"R",18600,"A",,"A",,"G",620,"A",,"G",620,"A",,2
215646,"A",,"R",866400,"A",,"G",963,"A",,"G",963,"A",,1
215655,"R",96750,"A",,"R",17817,"G",3225,"G",742,"G",3225,"G",742,2
215682,"R",24599,"A",,"A",,"G",820,"A",,"G",820,"A",,2
215691,"R",18919,"A",,"R",5820,"G",631,"G",243,"G",631,"G",243,2
215743,"R",40098,"A",,"R",8687,"G",1337,"G",362,"G",1337,"G",362,2
215752,"R",1242,"A",,"A",,"G",41,"A",,"G",41,"A",,2
215770,"R",130928,"A",,"R",45801,"G",4364,"G",1908,"R",4081,"G",1908,2
215789,"A",,"R",1040,"A",,"G",1,"A",,"G",1,"A",,1
215798,"R",40231,"A",,"R",1162,"G",1341,"G",48,"G",1341,"G",48,2
215813,"A",,"A",,"R",2337,"A",,"G",97,"A",,"G",97,-2
215868,"R",46080,"A",,"A",,"G",1024,"A",,"G",1024,"A",,2
215886,"A",,"R",400125,"A",,"G",445,"A",,"G",445,"A",,1
215895,"A",,"R",218700,"A",,"G",243,"A",,"G",243,"A",,1
215929,"R",129328,"A",,"R",10527,"G",4311,"G",439,"G",4311,"G",439,2
215947,"R",34277,"A",,"R",6540,"G",1143,"G",273,"G",1143,"G",273,2
215956,"A",,"R",25200,"A",,"G",28,"A",,"R",24,"A",,1
215965,"R",1080,"R",102682,"A",,"G",150,"A",,"G",150,"A",,3
215974,"R",9844,"A",,"A",,"G",328,"A",,"G",328,"A",,2
215983,"A",,"R",31500,"A",,"G",35,"A",,"G",35,"A",,1
215992,"R",9219,"A",,"A",,"G",205,"A",,"R",205,"A",,2
216010,"R",193507,"A",,"R",16358,"G",6450,"G",682,"G",6450,"G",682,2
216038,"R",206141,"A",,"R",13956,"G",6871,"G",582,"G",6871,"G",582,2
216047,"R",3886,"A",,"R",1209,"G",130,"G",50,"G",130,"G",50,2
216074,"R",1250,"A",,"A",,"G",42,"A",,"G",42,"A",,2
216083,"R",31391,"A",,"A",,"G",698,"A",,"G",698,"A",,2
216162,"R",5610,"R",163500,"A",,"G",369,"A",,"G",369,"A",,3
216180,"R",599,"A",,"A",,"G",20,"A",,"G",20,"A",,2
216223,"A",,"R",99450,"A",,"G",111,"A",,"G",111,"A",,1
216278,"R",66022,"A",,"A",,"G",2201,"A",,"G",2201,"A",,2
216287,"R",46825,"A",,"A",,"G",1561,"A",,"R",1468,"A",,2
216296,"R",21114,"A",,"A",,"G",704,"A",,"G",704,"A",,2
216311,"R",3995,"A",,"A",,"G",133,"A",,"R",86,"A",,2
216339,"R",680571,"A",,"R",105910,"G",22686,"G",4413,"G",22686,"G",4413,2
216357,"R",35774,"A",,"A",,"G",1192,"A",,"G",1192,"A",,2
216366,"R",22130,"A",,"R",15063,"G",738,"G",628,"G",738,"G",628,2
216418,"R",24200,"A",,"A",,"G",538,"A",,"G",538,"A",,2
216427,"R",4329,"A",,"A",,"G",144,"A",,"G",144,"A",,2
216436,"R",11221,"A",,"A",,"G",374,"A",,"G",374,"A",,2
216445,"R",13724,"A",,"A",,"G",457,"A",,"G",457,"A",,2
216454,"R",13995,"A",,"A",,"G",467,"A",,"G",467,"A",,2
216463,"A",,"A",,"R",4728,"A",,"G",197,"A",,"G",197,-2
216524,"R",46474,"A",,"A",,"G",1549,"A",,"R",1487,"A",,2
216542,"R",25176,"A",,"A",,"G",839,"A",,"G",839,"A",,2
216551,"R",7269,"A",,"A",,"G",242,"A",,"R",242,"A",,2
216579,"A",,"R",105328,"A",,"G",117,"A",,"G",117,"A",,1
216597,"R",222158,"A",,"R",33524,"G",7405,"G",1397,"G",7405,"G",1397,2
216630,"R",2039,"R",58222,"A",,"G",110,"A",,"G",110,"A",,3
216649,"A",,"R",52992,"A",,"G",59,"A",,"R",28,"A",,1
216667,"R",43748,"A",,"A",,"G",1458,"A",,"G",1458,"A",,2
216694,"R",48023,"A",,"R",5050,"G",1601,"G",210,"G",1601,"G",210,2
216746,"A",,"R",34668,"A",,"G",39,"A",,"G",39,"A",,1
216764,"R",305448,"A",,"R",33338,"G",10182,"G",1389,"G",10182,"G",1389,2
216773,"R",5640,"A",,"A",,"G",188,"A",,"R",120,"A",,2
216782,"A",,"R",526950,"A",,"G",586,"A",,"G",586,"A",,1
216807,"R",47164,"A",,"R",1479,"G",1572,"G",62,"G",1572,"G",62,2
216816,"A",,"A",,"R",3268,"A",,"G",136,"A",,"G",136,-2
216825,"R",118354,"A",,"A",,"G",3945,"A",,"G",3945,"A",,2
216852,"R",75670,"A",,"R",27628,"G",2522,"G",1151,"G",2522,"G",1151,2
216931,"R",60776,"A",,"R",37241,"G",2026,"G",1552,"G",2026,"G",1552,2
216986,"R",6510,"A",,"A",,"G",145,"A",,"R",114,"A",,2
217013,"R",18516,"A",,"A",,"G",617,"A",,"G",617,"A",,2
217040,"R",1410,"A",,"R",0,"G",47,"G",0,"G",47,"Z",0,2
217059,"R",139429,"A",,"R",2929,"G",4648,"G",122,"G",4648,"G",122,2
217077,"R",72787,"A",,"A",,"G",2426,"A",,"G",2426,"A",,2
217086,"R",11452,"A",,"A",,"G",382,"A",,"R",345,"A",,2
217095,"A",,"R",180000,"A",,"G",200,"A",,"G",200,"A",,1
217156,"R",194050,"A",,"R",28030,"G",6468,"G",1168,"R",5691,"R",1564,2
217165,"R",87057,"A",,"R",6338,"G",2902,"G",264,"G",2902,"G",264,2
217235,"R",407582,"A",,"R",19619,"G",9057,"G",545,"G",9057,"G",545,2
217244,"A",,"R",735145,"A",,"G",817,"A",,"G",817,"A",,1
217305,"R",145261,"A",,"A",,"G",3228,"A",,"G",3228,"A",,2
217323,"A",,"R",111600,"A",,"G",124,"A",,"G",124,"A",,1
217350,"A",,"R",62250,"A",,"G",69,"A",,"G",69,"A",,1
217369,"A",,"R",18750,"A",,"G",21,"A",,"G",21,"A",,1
217402,"R",117263,"A",,"R",13115,"G",3909,"G",546,"G",3909,"G",546,2
217420,"R",196863,"A",,"R",21828,"G",6562,"G",910,"G",6562,"G",910,2
217475,"R",281677,"A",,"A",,"G",9389,"A",,"G",9389,"A",,2
217484,"R",322882,"A",,"R",36250,"G",10763,"G",1510,"G",10763,"G",1510,2
217493,"R",70798,"A",,"R",5710,"G",2360,"G",238,"R",1996,"R",427,2
217518,"R",107660,"A",,"R",4037,"G",3589,"G",168,"G",3589,"G",168,2
217536,"R",61636,"A",,"R",4588,"G",2055,"G",191,"G",2055,"G",191,2
217545,"R",67392,"A",,"A",,"G",2246,"A",,"G",2246,"A",,2
217572,"A",,"R",3283,"A",,"G",4,"A",,"R",4,"A",,1
217581,"A",,"R",300000,"A",,"G",333,"A",,"G",333,"A",,1
217606,"R",9278,"A",,"A",,"G",309,"A",,"R",280,"A",,2
217615,"R",56875,"A",,"A",,"G",1896,"A",,"G",1896,"A",,2
217624,"R",17507,"A",,"A",,"G",584,"A",,"G",584,"A",,2
217633,"R",41720,"A",,"A",,"G",1391,"A",,"G",1391,"A",,2
217688,"R",68835,"A",,"R",3516,"G",2295,"G",147,"G",2295,"G",147,2
217712,"R",37905,"A",,"A",,"G",1264,"A",,"G",1264,"A",,2
217721,"R",88864,"A",,"A",,"G",2962,"A",,"G",2962,"A",,2
217749,"R",109718,"A",,"R",11163,"G",3657,"G",465,"G",3657,"G",465,2
217776,"R",51036,"A",,"R",13926,"G",1701,"G",580,"G",1701,"G",580,2
217794,"A",,"R",220389,"A",,"G",245,"A",,"G",245,"A",,1
217819,"R",288390,"A",,"R",16595,"G",9613,"G",691,"G",9613,"G",691,2
217828,"A",,"R",120442,"A",,"G",134,"A",,"G",134,"A",,1
217837,"R",26852,"A",,"A",,"G",895,"A",,"G",895,"A",,2
217864,"R",78349,"A",,"R",19217,"G",2612,"G",801,"G",2612,"G",801,2
217873,"R",51068,"A",,"R",1051,"G",1702,"G",44,"G",1702,"G",44,2
217882,"R",420502,"A",,"R",60491,"G",14017,"G",2520,"G",14017,"G",2520,2
217891,"R",1529,"A",,"A",,"G",51,"A",,"G",51,"A",,2
217907,"R",32529,"A",,"A",,"G",1084,"A",,"G",1084,"A",,2
217916,"A",,"R",30123,"A",,"G",33,"A",,"G",33,"A",,1
217925,"R",18384,"A",,"R",8344,"G",613,"G",348,"G",613,"G",348,2
217934,"R",32596,"A",,"R",10201,"G",1087,"G",425,"G",1087,"G",425,2
217961,"R",21698,"A",,"R",19664,"G",723,"G",819,"G",723,"G",819,2
217989,"R",38787,"A",,"A",,"G",1293,"A",,"G",1293,"A",,2
217998,"R",18398,"A",,"R",4859,"G",613,"G",202,"G",613,"G",202,2
218025,"R",99965,"A",,"A",,"G",3332,"A",,"G",3332,"A",,2
218043,"R",11844,"A",,"A",,"G",263,"A",,"G",263,"A",,2
218061,"R",89455,"A",,"R",6200,"G",2982,"G",258,"G",2982,"G",258,2
218070,"R",86221,"A",,"R",9920,"G",2874,"G",413,"G",2874,"G",413,2
218089,"R",3941,"A",,"R",394,"G",131,"G",16,"R",123,"R",15,2
218113,"R",259180,"A",,"A",,"G",8639,"A",,"G",8639,"A",,2
218140,"R",115406,"A",,"A",,"G",3847,"A",,"G",3847,"A",,2
218159,"A",,"R",19350,"A",,"G",22,"A",,"G",22,"A",,1
218168,"R",33790,"A",,"A",,"G",751,"A",,"G",751,"A",,2
218195,"A",,"R",337988,"A",,"G",376,"A",,"G",376,"A",,1
218229,"R",73445,"A",,"R",3039,"G",2448,"G",127,"G",2448,"G",127,2
218238,"R",61736,"A",,"A",,"G",2058,"A",,"G",2058,"A",,2
218265,"A",,"A",,"R",4484,"A",,"G",187,"A",,"G",187,-2
218317,"A",,"R",8640,"Z",0,"G",10,"A",,"G",10,"A",,1
218335,"R",11034,"A",,"R",32675,"G",368,"G",1361,"G",368,"G",1361,2
218353,"R",232408,"A",,"A",,"G",7747,"A",,"G",7747,"A",,2
218399,"R",32710,"A",,"A",,"G",1090,"A",,"G",1090,"A",,2
218414,"R",23554,"A",,"A",,"G",785,"A",,"G",785,"A",,2
218441,"R",33313,"A",,"A",,"G",1110,"A",,"G",1110,"A",,2
218487,"R",64835,"A",,"A",,"G",2161,"A",,"G",2161,"A",,2
218520,"R",107554,"A",,"A",,"G",3585,"A",,"G",3585,"A",,2
218539,"R",35162,"A",,"A",,"G",1172,"A",,"G",1172,"A",,2
218645,"R",82525,"A",,"R",1740,"G",2751,"G",73,"G",2751,"G",73,2
218654,"R",23713,"A",,"A",,"G",790,"A",,"G",790,"A",,2
218663,"R",500121,"A",,"R",112929,"G",16671,"G",4705,"G",16671,"G",4705,2
218672,"R",19516,"A",,"A",,"G",651,"A",,"G",651,"A",,2
218681,"R",13561,"A",,"A",,"G",452,"A",,"G",452,"A",,2
218690,"R",23656,"A",,"A",,"G",789,"A",,"G",789,"A",,2
218706,"R",5941,"A",,"A",,"G",198,"A",,"G",198,"A",,2
218724,"R",166980,"A",,"R",10784,"G",5566,"G",449,"G",5566,"G",449,2
218733,"R",107939,"A",,"R",15750,"G",3598,"G",656,"G",3598,"G",656,2
218742,"R",118852,"A",,"R",1133,"G",3962,"G",47,"G",3962,"G",47,2
218821,"R",22322,"A",,"A",,"G",744,"A",,"G",744,"A",,2
218830,"R",96564,"A",,"A",,"G",3219,"A",,"G",3219,"A",,2
218858,"R",61881,"A",,"A",,"G",2063,"A",,"G",2063,"A",,2
218867,"A",,"R",43944,"A",,"G",49,"A",,"G",49,"A",,1
218885,"R",105204,"A",,"A",,"G",3507,"A",,"G",3507,"A",,2
218894,"R",259588,"A",,"A",,"G",8653,"A",,"G",8653,"A",,2
218919,"R",25344,"A",,"A",,"G",845,"A",,"G",845,"A",,2
218955,"R",14109,"A",,"A",,"G",470,"A",,"G",470,"A",,2
218964,"R",149083,"A",,"R",16618,"G",4969,"G",692,"G",4969,"G",692,2
218973,"R",36321,"A",,"A",,"G",1211,"A",,"G",1211,"A",,2
218991,"R",88530,"A",,"A",,"G",2951,"A",,"G",2951,"A",,2
219000,"R",54425,"A",,"R",641,"G",1814,"G",27,"G",1814,"G",27,2
219037,"A",,"R",110250,"A",,"G",123,"A",,"R",105,"A",,1
219046,"R",87905,"A",,"R",4168,"G",2930,"G",174,"G",2930,"G",174,2
219055,"R",13535,"A",,"A",,"G",451,"A",,"G",451,"A",,2
219073,"R",4954,"A",,"A",,"G",165,"A",,"G",165,"A",,2
219082,"R",45650,"A",,"R",2379,"G",1522,"G",99,"G",1522,"G",99,2
219091,"R",21977,"A",,"R",282,"G",733,"G",12,"G",733,"G",12,2
219125,"A",,"R",53326,"A",,"G",59,"A",,"G",59,"A",,1
219134,"R",14299,"A",,"A",,"G",477,"A",,"G",477,"A",,2
219143,"R",40481,"A",,"A",,"G",1349,"A",,"G",1349,"A",,2
219170,"R",444,"A",,"A",,"G",15,"A",,"G",15,"A",,2
219189,"R",25805,"A",,"A",,"G",860,"A",,"G",860,"A",,2
219198,"R",28088,"A",,"R",2204,"G",936,"G",92,"G",936,"G",92,2
219204,"R",54019,"A",,"R",1962,"G",1200,"G",55,"G",1200,"G",55,2
219213,"R",12134,"A",,"A",,"G",270,"A",,"G",270,"A",,2
219240,"A",,"A",,"R",2798,"A",,"G",117,"A",,"R",104,-2
219259,"R",59875,"A",,"R",3881,"G",1996,"G",162,"G",1996,"G",162,2
219277,"R",28581,"A",,"R",821,"G",953,"G",34,"G",953,"G",34,2
219295,"R",16067,"A",,"A",,"G",536,"A",,"G",536,"A",,2
219338,"A",,"R",1800,"A",,"G",2,"A",,"R",2,"A",,1
219347,"R",53412,"A",,"R",4469,"G",1780,"G",186,"G",1780,"G",186,2
219356,"R",237042,"A",,"R",16658,"G",7901,"G",694,"G",7901,"G",694,2
219374,"R",17085,"A",,"R",7015,"G",570,"G",292,"G",570,"G",292,2
219383,"R",37375,"A",,"R",2967,"G",1246,"G",124,"G",1246,"G",124,2
219392,"A",,"R",25620,"A",,"G",28,"A",,"G",28,"A",,1
219408,"R",3240,"A",,"A",,"G",108,"A",,"G",108,"A",,2
219426,"R",64738,"A",,"A",,"G",2158,"A",,"G",2158,"A",,2
219453,"A",,"R",2040,"A",,"G",2,"A",,"G",2,"A",,1
219471,"R",144654,"A",,"R",27270,"G",4822,"G",1136,"G",4822,"G",1136,2
219480,"R",25750,"A",,"A",,"G",858,"A",,"G",858,"A",,2
219505,"R",2064,"A",,"A",,"G",69,"A",,"G",69,"A",,2
219578,"R",8637,"A",,"Z",0,"G",288,"A",,"G",288,"A",,2
219587,"A",,"R",67907,"A",,"G",75,"A",,"G",75,"A",,1
219596,"A",,"R",209420,"A",,"G",233,"A",,"G",233,"A",,1
219602,"R",205613,"A",,"R",10142,"G",6854,"G",423,"G",6854,"G",423,2
219639,"R",24249,"A",,"A",,"G",808,"A",,"G",808,"A",,2
219709,"R",93941,"A",,"R",15175,"G",3131,"G",632,"G",3131,"G",632,2
219718,"R",44229,"A",,"R",2243,"G",1474,"G",93,"G",1474,"G",93,2
219790,"R",19173,"A",,"A",,"G",639,"A",,"G",639,"A",,2
219806,"R",57140,"A",,"R",3082,"G",1905,"G",128,"G",1905,"G",128,2
219824,"R",162058,"A",,"A",,"G",5402,"A",,"G",5402,"A",,2
219833,"R",42243,"A",,"R",5773,"G",1408,"G",241,"G",1408,"G",241,2
219842,"A",,"A",,"R",5124,"A",,"G",214,"A",,"G",214,-2
219879,"R",66555,"A",,"A",,"G",2219,"A",,"G",2219,"A",,2
219888,"R",99737,"A",,"A",,"G",3325,"A",,"G",3325,"A",,2
219903,"A",,"R",977181,"A",,"G",1086,"A",,"G",1086,"A",,1
219921,"A",,"R",131327,"A",,"G",146,"A",,"R",145,"A",,1
219949,"R",25901,"A",,"R",8657,"G",863,"G",361,"G",863,"G",361,2
219976,"R",72315,"A",,"R",3236,"G",2411,"G",135,"G",2411,"G",135,2
219994,"A",,"R",408014,"A",,"G",453,"A",,"G",453,"A",,1
220002,"R",16100,"A",,"A",,"G",537,"A",,"G",537,"A",,2
220057,"R",55361,"A",,"A",,"G",1845,"A",,"G",1845,"A",,2
220075,"R",267416,"A",,"R",34694,"G",8914,"G",1446,"G",8914,"G",1446,2
220118,"R",8064,"A",,"A",,"G",179,"A",,"G",179,"A",,2
220127,"A",,"R",374947,"A",,"G",417,"A",,"G",417,"A",,1
220136,"A",,"A",,"R",2825,"A",,"G",118,"A",,"G",118,-2
220163,"A",,"R",133050,"A",,"G",148,"A",,"G",148,"A",,1
220181,"R",25757,"A",,"R",485,"G",859,"G",20,"G",859,"G",20,2
220206,"R",9384,"A",,"A",,"G",313,"A",,"G",313,"A",,2
220215,"R",45495,"A",,"R",9878,"G",1517,"G",412,"G",1517,"G",412,2
220251,"A",,"R",183813,"A",,"G",204,"A",,"G",204,"A",,1
220279,"A",,"R",189421,"A",,"G",210,"A",,"G",210,"A",,1
220312,"R",11754,"A",,"A",,"G",392,"A",,"G",392,"A",,2
220321,"A",,"R",345669,"A",,"G",384,"A",,"G",384,"A",,1
220394,"A",,"R",169579,"A",,"G",188,"A",,"G",188,"A",,1
220400,"R",89391,"A",,"A",,"G",2980,"A",,"G",2980,"A",,2
220464,"R",2778,"A",,"A",,"G",93,"A",,"R",97,"A",,2
220473,"R",23391,"A",,"R",1522,"G",780,"G",63,"G",780,"G",63,2
220491,"A",,"R",31000,"A",,"G",34,"A",,"G",34,"A",,1
220516,"R",20101,"A",,"R",734,"G",670,"G",31,"G",670,"G",31,2
220552,"R",21903,"A",,"A",,"G",487,"A",,"G",487,"A",,2
220589,"R",23987,"A",,"A",,"G",800,"A",,"G",800,"A",,2
220598,"R",26079,"A",,"A",,"G",869,"A",,"R",941,"A",,2
220604,"R",33897,"A",,"A",,"G",1130,"A",,"R",1139,"A",,2
220613,"R",105934,"A",,"R",6282,"G",3531,"G",262,"G",3531,"G",262,2
220631,"R",29204,"A",,"R",31888,"G",973,"G",1329,"G",973,"G",1329,2
220640,"A",,"R",391580,"A",,"G",435,"A",,"G",435,"A",,1
220701,"R",17355,"A",,"A",,"G",579,"A",,"G",579,"A",,2
220710,"R",32842,"A",,"A",,"G",1095,"A",,"G",1095,"A",,2
220747,"A",,"R",131000,"A",,"G",146,"A",,"G",146,"A",,1
220756,"A",,"R",237997,"A",,"G",264,"A",,"G",264,"A",,1
220765,"A",,"R",105000,"A",,"G",117,"A",,"G",117,"A",,1
220792,"A",,"A",,"R",1540,"A",,"G",64,"A",,"R",105,-2
220808,"R",8056,"A",,"R",955,"G",269,"G",40,"G",269,"G",40,2
220853,"A",,"R",747242,"A",,"G",830,"A",,"G",830,"A",,1
220862,"R",405763,"A",,"R",72991,"G",13525,"G",3041,"G",13525,"G",3041,2
220871,"A",,"A",,"R",61518,"A",,"G",2563,"A",,"G",2563,-2
220899,"R",1132,"R",90721,"A",,"G",139,"A",,"G",139,"A",,3
220941,"R",26509,"A",,"A",,"G",884,"A",,"G",884,"A",,2
220978,"R",556802,"A",,"R",32949,"G",18560,"G",1373,"G",18560,"G",1373,2
220996,"A",,"A",,"R",8296,"A",,"G",230,"A",,"R",110,-2
221014,"R",22041,"A",,"R",2707,"G",735,"G",113,"G",735,"G",113,2
221050,"A",,"R",625823,"A",,"G",695,"A",,"G",695,"A",,1
221096,"R",73352,"A",,"A",,"G",2445,"A",,"G",2445,"A",,2
221102,"A",,"R",324418,"A",,"G",360,"A",,"G",360,"A",,1
221148,"R",97636,"A",,"A",,"G",3255,"A",,"G",3255,"A",,2
221157,"R",16272,"A",,"A",,"G",542,"A",,"G",542,"A",,2
221184,"R",129413,"A",,"A",,"G",4314,"A",,"R",3800,"A",,2
221236,"A",,"R",201206,"A",,"G",224,"A",,"G",224,"A",,1
221254,"R",3839,"A",,"A",,"G",128,"A",,"G",128,"A",,2
221281,"A",,"R",308196,"A",,"G",342,"A",,"G",342,"A",,1
221290,"A",,"R",175000,"A",,"G",194,"A",,"G",194,"A",,1
221333,"A",,"R",319485,"A",,"G",355,"A",,"G",355,"A",,1
221351,"R",40562,"A",,"R",243,"G",1352,"G",10,"G",1352,"G",10,2
221388,"A",,"R",149470,"A",,"G",166,"A",,"G",166,"A",,1
221397,"R",113851,"A",,"A",,"G",3795,"A",,"G",3795,"A",,2
221430,"A",,"R",192377,"A",,"G",214,"A",,"R",214,"A",,1
221485,"R",252343,"A",,"A",,"G",8411,"A",,"G",8411,"A",,2
221494,"A",,"R",389700,"A",,"G",433,"A",,"G",433,"A",,1
221519,"R",43909,"A",,"R",412,"G",1464,"G",17,"G",1464,"G",17,2
221582,"A",,"R",143413,"A",,"G",159,"A",,"G",159,"A",,1
221591,"A",,"R",218666,"A",,"G",243,"A",,"G",243,"A",,1
221607,"A",,"R",213683,"A",,"G",237,"A",,"G",237,"A",,1
221616,"A",,"R",430712,"A",,"G",479,"A",,"G",479,"A",,1
221625,"A",,"R",527596,"A",,"G",586,"A",,"G",586,"A",,1
221634,"A",,"R",116304,"A",,"G",129,"A",,"G",129,"A",,1
221643,"R",168178,"A",,"A",,"G",5606,"A",,"G",5606,"A",,2
221661,"R",57076,"A",,"R",3207,"G",1903,"G",134,"G",1903,"G",134,2
221731,"R",21986,"A",,"A",,"G",733,"A",,"R",752,"A",,2
221740,"R",203981,"A",,"R",21626,"G",6799,"G",901,"G",6799,"G",901,2
221759,"R",561389,"A",,"R",130580,"G",18713,"G",5441,"G",18713,"G",5441,2
221768,"R",159199,"A",,"R",7014,"G",5307,"G",292,"G",5307,"G",292,2
221795,"A",,"R",140160,"A",,"G",156,"A",,"G",156,"A",,1
221829,"A",,"R",406500,"A",,"G",452,"A",,"R",452,"A",,1
221838,"R",182228,"A",,"R",29987,"G",6074,"G",1249,"G",6074,"G",1249,2
221847,"R",201131,"A",,"R",25195,"G",6704,"G",1050,"R",6590,"R",969,2
221856,"R",14504,"A",,"R",144,"G",483,"G",6,"G",483,"G",6,2
221892,"R",35956,"A",,"R",17402,"G",1199,"G",725,"G",1199,"G",725,2
221908,"R",104149,"A",,"A",,"G",3472,"A",,"G",3472,"A",,2
221953,"Z",0,"R",0,"R",2981,"G",1673,"G",124,"R",2040,"R",251,2
221971,"R",54861,"A",,"R",14595,"G",1829,"G",608,"G",1829,"G",608,2
221999,"R",186589,"A",,"R",64107,"G",6220,"G",2671,"G",6220,"G",2671,2
222026,"A",,"R",102000,"A",,"G",113,"A",,"G",113,"A",,1
222053,"R",144357,"A",,"A",,"G",4812,"A",,"G",4812,"A",,2
222062,"R",125202,"A",,"A",,"G",4173,"A",,"G",4173,"A",,2
222099,"R",83458,"R",182700,"A",,"G",2985,"A",,"R",746,"A",,3
222105,"R",234,"R",78240,"A",,"G",95,"A",,"G",95,"A",,3
222178,"R",115877,"A",,"R",9675,"G",3863,"G",403,"G",3863,"G",403,2
222567,"R",112857,"A",,"A",,"G",3762,"A",,"G",3762,"A",,2
222576,"R",192615,"A",,"A",,"G",6421,"A",,"G",6421,"A",,2
222628,"R",11826,"A",,"R",16350,"G",394,"G",681,"G",394,"G",681,2
222673,"A",,"R",79200,"A",,"G",88,"A",,"G",88,"A",,1
222682,"A",,"R",720,"A",,"G",1,"A",,"R",1,"A",,1
222691,"R",1392,"A",,"A",,"G",46,"A",,"G",46,"A",,2
222707,"A",,"R",46476,"A",,"G",52,"A",,"G",52,"A",,1
222761,"A",,"R",418000,"A",,"G",464,"A",,"G",464,"A",,1
222822,"A",,"R",2138296,"A",,"G",2376,"A",,"G",2376,"A",,1
222831,"R",153881,"A",,"R",7576,"G",5129,"G",316,"R",4940,"R",240,2
222877,"R",4921,"A",,"A",,"G",164,"A",,"G",164,"A",,2
222886,"A",,"R",234000,"A",,"G",260,"A",,"G",260,"A",,1
222938,"R",71584,"A",,"A",,"G",1591,"A",,"G",1591,"A",,2
222983,"R",46542,"A",,"R",941,"G",1551,"G",39,"R",1258,"R",30,2
222992,"R",527965,"A",,"A",,"G",17599,"A",,"G",17599,"A",,2
223001,"A",,"A",,"R",1610,"A",,"G",67,"A",,"G",67,-2
223056,"A",,"R",109377,"A",,"G",122,"A",,"G",122,"A",,1
223117,"R",660,"A",,"R",459,"G",22,"G",19,"G",22,"G",19,2
223214,"R",1960,"A",,"R",6805,"G",65,"G",284,"R",65,"R",325,2
223223,"A",,"A",,"R",45000,"A",,"G",1875,"A",,"R",614,-2
223232,"R",343688,"A",,"R",50500,"G",11456,"G",2104,"G",11456,"G",2104,2
223320,"R",86916,"A",,"A",,"G",2897,"A",,"G",2897,"A",,2
223427,"R",313931,"A",,"A",,"G",10464,"A",,"G",10464,"A",,2
223463,"R",12708,"R",654480,"A",,"G",1010,"A",,"G",1010,"A",,3
223472,"R",5679,"A",,"A",,"G",189,"A",,"R",171,"A",,2
223506,"R",47771,"R",573824,"A",,"G",2230,"A",,"G",2230,"A",,3
223524,"R",194086,"A",,"A",,"G",6470,"A",,"G",6470,"A",,2
223658,"A",,"R",149760,"A",,"G",166,"A",,"G",166,"A",,1
223667,"A",,"R",68706,"A",,"G",76,"A",,"G",76,"A",,1
223773,"R",82846,"A",,"A",,"G",2762,"A",,"G",2762,"A",,2
223816,"R",436103,"R",8355704,"A",,"G",23821,"A",,"G",23821,"A",,3
223852,"A",,"R",103500,"A",,"G",115,"A",,"G",115,"A",,1
223870,"A",,"R",81684,"A",,"G",91,"A",,"G",91,"A",,1
223898,"R",72060,"A",,"A",,"G",2402,"A",,"G",2402,"A",,2
223922,"R",21107,"R",446944,"A",,"G",1200,"A",,"G",1200,"A",,3
224004,"R",26859,"A",,"R",2103,"G",895,"G",88,"G",895,"G",88,2
224013,"A",,"R",31003,"A",,"G",34,"A",,"G",34,"A",,1
224110,"R",130637,"A",,"A",,"G",4355,"A",,"G",4355,"A",,2
224147,"R",176021,"A",,"R",26478,"G",5867,"G",1103,"G",5867,"G",1103,2
224156,"A",,"R",168156,"A",,"G",187,"A",,"G",187,"A",,1
224183,"R",66025,"A",,"A",,"G",1467,"A",,"G",1467,"A",,2
224226,"R",81042,"A",,"R",18049,"G",2701,"G",752,"G",2701,"G",752,2
224244,"R",8901,"A",,"A",,"G",297,"A",,"R",311,"A",,2
224271,"R",12907,"A",,"A",,"G",287,"A",,"G",287,"A",,2
224305,"A",,"A",,"R",34598,"A",,"G",1442,"A",,"G",1442,-2
224323,"R",35385,"A",,"R",29273,"G",1180,"G",1220,"G",1180,"G",1220,2
224350,"A",,"R",5156217,"A",,"G",5729,"A",,"G",5729,"A",,1
224402,"R",99609,"A",,"R",8470,"G",3320,"G",353,"G",3320,"G",353,2
224439,"R",24000,"A",,"A",,"G",533,"A",,"G",533,"A",,2
224527,"R",35263,"A",,"A",,"G",1175,"A",,"G",1175,"A",,2
224536,"A",,"R",92344,"A",,"G",103,"A",,"G",103,"A",,1
224545,"R",21517,"A",,"R",8212,"G",717,"G",342,"G",717,"G",342,2
224554,"R",148900,"A",,"R",48947,"G",4963,"G",2039,"G",4963,"G",2039,2
224572,"R",219960,"A",,"A",,"G",7332,"A",,"G",7332,"A",,2
224615,"R",108231,"A",,"A",,"G",3608,"A",,"G",3608,"A",,2
224642,"R",483861,"A",,"A",,"G",16129,"A",,"G",16129,"A",,2
224660,"A",,"R",690000,"A",,"G",767,"A",,"R",766,"A",,1
224679,"R",0,"Z",0,"A",,"G",0,"A",,"Z",0,"A",,2
224712,"A",,"A",,"R",697,"A",,"G",29,"A",,"G",29,-2
224758,"A",,"R",114000,"A",,"G",127,"A",,"G",127,"A",,1
224776,"R",68390,"A",,"A",,"G",1520,"A",,"G",1520,"A",,2
224828,"A",,"R",207000,"A",,"G",230,"A",,"G",230,"A",,1
224891,"R",19356,"R",216923,"A",,"G",886,"A",,"G",886,"A",,3
224907,"A",,"R",110700,"A",,"G",123,"A",,"R",123,"A",,1
224961,"R",44634,"A",,"A",,"G",1488,"A",,"G",1488,"A",,2
225070,"A",,"R",1812940,"A",,"G",2014,"A",,"G",2014,"A",,1
225201,"R",37458,"A",,"A",,"G",1249,"A",,"R",600,"A",,2
225247,"R",52044,"A",,"R",6532,"G",1735,"G",272,"G",1735,"G",272,2
225308,"A",,"R",3120584,"A",,"G",3467,"A",,"G",3467,"A",,1
225371,"R",47317,"R",592720,"A",,"G",2236,"A",,"G",2236,"A",,3
225399,"R",53631,"A",,"R",8664,"G",1192,"G",241,"G",1192,"G",241,2
225414,"R",94756,"A",,"R",55576,"G",3159,"G",2316,"G",3159,"G",2316,2
225423,"R",825692,"R",2062210,"A",,"G",29814,"A",,"G",29814,"A",,3
225432,"R",244018,"A",,"R",2001,"G",8134,"G",83,"G",8134,"G",83,2
225502,"R",25590,"A",,"R",19188,"G",853,"G",800,"G",853,"G",800,2
225511,"R",680133,"A",,"R",103033,"G",22671,"G",4293,"R",22671,"R",4595,2
225520,"A",,"R",1163800,"A",,"G",1293,"A",,"G",1293,"A",,1
225548,"R",35432,"A",,"A",,"G",1181,"A",,"G",1181,"A",,2
225575,"R",16286,"A",,"A",,"G",543,"A",,"G",543,"A",,2
225627,"R",97893,"A",,"R",13246,"G",3263,"G",552,"G",3263,"G",552,2
225760,"A",,"R",294234,"A",,"G",327,"A",,"G",327,"A",,1
225779,"A",,"R",493350,"A",,"G",548,"A",,"G",548,"A",,1
225788,"A",,"R",525822,"A",,"G",584,"A",,"G",584,"A",,1
225849,"R",23536,"A",,"A",,"G",523,"A",,"G",523,"A",,2
225858,"R",23568,"A",,"A",,"G",524,"A",,"G",524,"A",,2
225867,"R",15377,"A",,"A",,"G",342,"A",,"G",342,"A",,2
225876,"R",7307,"A",,"A",,"G",244,"A",,"G",244,"A",,2
225885,"R",18053,"A",,"A",,"G",602,"A",,"R",602,"A",,2
225991,"R",3491,"A",,"A",,"G",116,"A",,"G",116,"A",,2
226019,"R",87619,"A",,"A",,"G",2921,"A",,"G",2921,"A",,2
226091,"R",228887,"A",,"R",24990,"G",7630,"G",1041,"G",7630,"G",1041,2
226107,"R",39678,"A",,"A",,"G",1323,"A",,"G",1323,"A",,2
226116,"A",,"R",1086432,"A",,"G",2919,"A",,"G",2919,"A",,1
226125,"A",,"R",161600,"A",,"G",180,"A",,"G",180,"A",,1
226134,"R",161328,"A",,"A",,"G",5378,"A",,"R",5378,"A",,2
226152,"R",83545,"A",,"R",11175,"G",2785,"G",466,"G",2785,"G",466,2
226204,"R",84302,"R",1336976,"A",,"G",4296,"A",,"G",4296,"A",,3
226231,"R",79683,"A",,"R",7312,"G",2656,"G",305,"G",2656,"G",305,2
226277,"A",,"R",1330277,"A",,"G",1478,"A",,"R",1180,"A",,1
226329,"R",12204,"A",,"A",,"G",407,"A",,"G",407,"A",,2
226374,"A",,"R",46423,"A",,"G",52,"A",,"G",52,"A",,1
226383,"R",48438,"A",,"R",3640,"G",1615,"G",152,"G",1615,"G",152,2
226408,"R",66785,"R",464005,"A",,"G",2742,"A",,"G",2742,"A",,3
226471,"R",67808,"A",,"R",4730,"G",2260,"G",197,"G",2260,"G",197,2
226578,"R",121993,"R",1152800,"A",,"G",5347,"A",,"R",5304,"A",,3
226587,"R",37897,"A",,"A",,"G",1263,"A",,"G",1263,"A",,2
226675,"A",,"R",281624,"A",,"G",313,"A",,"R",291,"A",,1
226772,"A",,"R",157732,"A",,"G",175,"A",,"G",175,"A",,1
226790,"R",16464,"A",,"A",,"G",549,"A",,"G",549,"A",,2
226806,"A",,"R",2092448,"A",,"G",2325,"A",,"G",2325,"A",,1
226833,"R",151843,"A",,"R",10468,"G",5061,"G",436,"G",5061,"G",436,2
226860,"A",,"R",82889,"A",,"G",92,"A",,"G",92,"A",,1
226879,"R",9795,"A",,"A",,"G",327,"A",,"G",327,"A",,2
226903,"A",,"R",270000,"A",,"G",300,"A",,"G",300,"A",,1
226930,"R",119498,"A",,"A",,"G",3983,"A",,"G",3983,"A",,2
227003,"R",77185,"A",,"A",,"G",2573,"A",,"G",2573,"A",,2
227058,"A",,"R",107700,"A",,"G",120,"A",,"G",120,"A",,1
227146,"R",134832,"A",,"A",,"G",4494,"A",,"G",4494,"A",,2
227155,"A",,"R",235500,"A",,"G",262,"A",,"G",262,"A",,1
227182,"R",685292,"A",,"A",,"G",22843,"A",,"G",22843,"A",,2
227191,"R",158699,"A",,"A",,"G",5290,"A",,"G",5290,"A",,2
227216,"R",664064,"A",,"R",97233,"G",22135,"G",4051,"G",22135,"G",4051,2
227225,"R",59626,"A",,"A",,"G",1988,"A",,"G",1988,"A",,2
227243,"R",26517,"A",,"A",,"G",589,"A",,"G",589,"A",,2
227289,"A",,"A",,"R",20191,"A",,"G",841,"A",,"G",841,-2
227298,"R",8488,"A",,"A",,"G",283,"A",,"G",283,"A",,2
227304,"R",68815,"R",783920,"A",,"G",3165,"A",,"G",3165,"A",,3
227313,"A",,"R",296473,"A",,"G",329,"A",,"G",329,"A",,1
227322,"A",,"R",199311,"A",,"G",221,"A",,"G",221,"A",,1
227331,"R",49533,"A",,"R",18221,"G",1651,"G",759,"G",1651,"G",759,2
227368,"R",379793,"A",,"R",31743,"G",12660,"G",1323,"G",12660,"G",1323,2
227377,"R",236427,"A",,"R",10354,"G",7881,"G",431,"G",7881,"G",431,2
227386,"R",38375,"R",57377,"A",,"G",1343,"A",,"R",3198,"A",,3
227401,"R",87113,"A",,"A",,"G",2904,"A",,"G",2904,"A",,2
227429,"R",25396,"A",,"A",,"G",847,"A",,"G",847,"A",,2
227526,"R",160963,"A",,"R",26147,"G",5365,"G",1089,"R",5365,"R",1089,2
227687,"R",16360,"R",147018,"A",,"G",709,"A",,"G",709,"A",,3
227748,"A",,"R",274160,"A",,"G",305,"A",,"R",184,"A",,1
227757,"R",84122,"A",,"R",59036,"G",2804,"G",2460,"G",2804,"G",2460,2
227766,"R",281987,"A",,"A",,"G",9400,"A",,"G",9400,"A",,2
227836,"A",,"R",1254600,"A",,"G",1394,"A",,"G",1394,"A",,1
227845,"R",89982,"A",,"R",15476,"G",2999,"G",645,"G",2999,"G",645,2
227854,"A",,"R",4930076,"A",,"G",5478,"A",,"G",5478,"A",,1
227863,"R",46461,"A",,"R",33079,"G",1549,"G",1378,"G",1549,"G",1378,2
227872,"A",,"R",45891,"A",,"G",51,"A",,"G",51,"A",,1
227881,"R",330401,"A",,"R",30105,"G",11013,"G",1254,"G",11013,"G",1254,2
227924,"A",,"R",8377552,"A",,"G",9308,"A",,"G",9308,"A",,1
227979,"R",354882,"R",3381150,"A",,"G",15586,"A",,"G",15586,"A",,3
228042,"R",20174,"A",,"R",1233,"G",672,"G",51,"G",672,"G",51,2
228088,"A",,"R",105000,"A",,"G",117,"A",,"G",117,"A",,1
228149,"R",74545,"A",,"R",12166,"G",2485,"G",507,"G",2485,"G",507,2
228158,"R",205633,"A",,"A",,"G",6854,"A",,"G",6854,"A",,2
228200,"A",,"R",269292,"A",,"G",299,"A",,"G",299,"A",,1
228219,"R",0,"R",390736,"A",,"G",434,"A",,"G",434,"A",,3
228246,"R",192568,"A",,"R",52129,"G",6419,"G",2172,"G",6419,"G",2172,2
228282,"A",,"R",204870,"A",,"G",228,"A",,"G",228,"A",,1
228291,"A",,"R",55223,"A",,"G",61,"A",,"G",61,"A",,1
228316,"R",98881,"A",,"A",,"G",3296,"A",,"G",3296,"A",,2
228325,"R",42393,"A",,"R",4040,"G",1413,"G",168,"G",1413,"G",168,2
228343,"R",37882,"A",,"A",,"G",1263,"A",,"G",1263,"A",,2
228431,"R",286114,"A",,"R",28787,"G",9537,"G",1199,"G",9537,"G",1199,2
228459,"R",610211,"A",,"R",67102,"G",20340,"G",2796,"G",20340,"G",2796,2
228468,"R",23519,"A",,"R",949,"G",784,"G",40,"G",784,"G",40,2
228477,"R",2853,"A",,"R",47849,"G",95,"G",1994,"R",95,"R",1994,2
228486,"R",6444,"A",,"A",,"G",215,"A",,"G",215,"A",,2
228501,"R",57060,"A",,"R",14630,"G",1902,"G",610,"G",1902,"G",610,2
228529,"R",205612,"A",,"R",21780,"G",6854,"G",908,"G",6854,"G",908,2
228547,"R",651834,"A",,"A",,"G",21728,"A",,"G",21728,"A",,2
228608,"R",75987,"A",,"A",,"G",2533,"A",,"G",2533,"A",,2
228635,"R",5293,"R",0,"R",20519,"G",176,"G",855,"G",176,"G",855,3
228644,"R",27742,"A",,"R",16698,"G",925,"G",696,"G",925,"G",696,2
228653,"R",13696,"A",,"R",18543,"G",457,"G",773,"G",457,"G",773,2
228680,"A",,"R",1277388,"A",,"G",1419,"A",,"G",1419,"A",,1
228699,"R",64947,"R",747632,"A",,"G",2996,"A",,"G",2996,"A",,3
228705,"R",149155,"A",,"R",25049,"G",4972,"G",1044,"G",4972,"G",1044,2
228714,"R",45672,"A",,"R",555,"G",1522,"G",23,"G",1522,"G",23,2
228723,"R",1006530,"A",,"R",153991,"G",33551,"G",6416,"G",33551,"G",6416,2
228769,"R",489127,"A",,"R",105150,"G",16304,"G",4381,"G",16304,"G",4381,2
228778,"R",1049606,"A",,"R",278646,"G",34987,"G",11610,"G",34987,"G",11610,2
228787,"R",228664,"A",,"R",81366,"G",7622,"G",3390,"G",7622,"G",3390,2
228796,"R",382248,"A",,"R",47535,"G",12742,"G",1981,"G",12742,"G",1981,2
228802,"R",98183,"A",,"R",12323,"G",3273,"G",513,"G",3273,"G",513,2
228820,"A",,"R",299642,"A",,"G",333,"A",,"G",333,"A",,1
228866,"R",1721,"A",,"A",,"G",57,"A",,"G",57,"A",,2
228875,"R",205433,"A",,"R",22863,"G",6848,"G",953,"G",6848,"G",953,2
228884,"R",24959,"A",,"R",0,"G",832,"G",0,"G",832,"Z",0,2
228909,"A",,"A",,"R",11985,"A",,"G",499,"A",,"G",499,-2
228981,"R",39810,"A",,"A",,"G",1327,"A",,"G",1327,"A",,2
229018,"R",62357,"A",,"R",7527,"G",2079,"G",314,"G",2079,"G",314,2
229027,"R",543269,"A",,"R",53754,"G",18109,"G",2240,"G",18109,"G",2240,2
229036,"A",,"R",428100,"A",,"G",476,"A",,"G",476,"A",,1
229063,"R",224720,"A",,"R",13383,"G",7491,"G",558,"G",7491,"G",558,2
229115,"R",672384,"A",,"R",102639,"G",22413,"G",4277,"G",22413,"G",4277,2
229151,"A",,"R",83764,"A",,"G",93,"A",,"G",93,"A",,1
229160,"R",41984,"A",,"R",29410,"G",1399,"G",1225,"G",1399,"G",1225,2
229179,"R",147076,"A",,"R",79115,"G",4903,"G",3296,"G",4903,"G",3296,2
229267,"R",72313,"A",,"R",4609,"G",2410,"G",192,"G",2410,"G",192,2
229300,"R",11453,"A",,"R",37307,"G",382,"G",1554,"G",382,"G",1554,2
229319,"A",,"R",2563008,"A",,"G",2848,"A",,"G",2848,"A",,1
229328,"R",50266,"R",1477562,"A",,"G",3317,"A",,"G",3317,"A",,3
229337,"R",20040,"A",,"R",16576,"G",668,"G",691,"G",668,"G",691,2
229355,"R",214538,"A",,"A",,"G",7151,"A",,"G",7151,"A",,2
229416,"R",184550,"A",,"A",,"G",6152,"A",,"R",4392,"A",,2
229425,"A",,"R",200208,"A",,"G",222,"A",,"G",222,"A",,1
229504,"R",57606,"R",203428,"A",,"G",2146,"A",,"G",2146,"A",,3
229522,"A",,"R",228900,"A",,"G",254,"A",,"G",254,"A",,1
229540,"R",80896,"A",,"A",,"G",2697,"A",,"G",2697,"A",,2
229638,"A",,"R",187500,"A",,"G",208,"A",,"G",208,"A",,1
229780,"R",133945,"A",,"R",13254,"G",4465,"G",552,"G",4465,"G",552,2
229799,"R",85269,"A",,"A",,"G",2842,"A",,"G",2842,"A",,2
229814,"R",148420,"A",,"R",26341,"G",4947,"G",1098,"G",4947,"G",1098,2
229832,"A",,"R",672272,"A",,"G",747,"A",,"G",747,"A",,1
229841,"R",124622,"A",,"A",,"G",4154,"A",,"G",4154,"A",,2
229887,"R",20355,"A",,"A",,"G",679,"A",,"G",679,"A",,2
229957,"A",,"R",243290,"A",,"G",270,"A",,"G",270,"A",,1
230010,"A",,"R",400445,"A",,"G",445,"A",,"G",445,"A",,1
230038,"R",929744,"A",,"R",60095,"G",30991,"G",2504,"G",30991,"G",2504,2
230047,"R",87180,"A",,"A",,"G",2906,"A",,"G",2906,"A",,2
230056,"R",19889,"A",,"A",,"G",442,"A",,"G",442,"A",,2
230074,"A",,"R",61728,"A",,"G",69,"A",,"G",69,"A",,1
230092,"R",63580,"A",,"A",,"G",2119,"A",,"G",2119,"A",,2
230135,"A",,"R",101000,"A",,"G",112,"A",,"G",112,"A",,1
230144,"A",,"R",102000,"A",,"G",113,"A",,"G",113,"A",,1
230162,"A",,"R",100343,"A",,"G",111,"A",,"G",111,"A",,1
230171,"R",133295,"A",,"A",,"G",4443,"A",,"G",4443,"A",,2
230199,"A",,"R",63874,"A",,"G",71,"A",,"G",71,"A",,1
230205,"A",,"R",102000,"A",,"G",113,"A",,"G",113,"A",,1
230214,"A",,"R",188000,"A",,"G",209,"A",,"G",209,"A",,1
230366,"R",20631,"A",,"A",,"G",458,"A",,"G",458,"A",,2
230384,"R",22239,"A",,"A",,"G",494,"A",,"G",494,"A",,2
230418,"R",34234,"A",,"A",,"G",1141,"A",,"G",1141,"A",,2
230472,"R",34966,"A",,"A",,"G",777,"A",,"G",777,"A",,2
230490,"A",,"R",1219359,"A",,"G",1355,"A",,"G",1355,"A",,1
230560,"A",,"R",601496,"A",,"G",668,"A",,"G",668,"A",,1
230597,"R",85417,"R",197115,"A",,"G",3066,"A",,"G",3066,"A",,3
230603,"R",162633,"A",,"R",6309,"G",5421,"G",263,"R",5444,"R",282,2
230621,"R",39312,"A",,"A",,"G",1310,"A",,"G",1310,"A",,2
230630,"R",20496,"A",,"A",,"G",683,"A",,"G",683,"A",,2
230676,"A",,"R",237786,"A",,"G",264,"A",,"G",264,"A",,1
230728,"R",376025,"A",,"R",31149,"G",12534,"G",1298,"G",12534,"G",1298,2
230737,"R",531389,"A",,"A",,"G",17713,"A",,"G",17713,"A",,2
230746,"R",497130,"A",,"A",,"G",16571,"A",,"G",16571,"A",,2
230764,"R",601735,"A",,"R",136274,"G",20058,"G",5678,"G",20058,"G",5678,2
230782,"R",466792,"A",,"R",6512,"G",15560,"G",271,"R",15560,"R",326,2
230807,"R",56921,"A",,"R",7827,"G",1897,"G",326,"G",1897,"G",326,2
230816,"R",18643,"A",,"R",2990,"G",621,"G",125,"G",621,"G",125,2
230825,"R",4440,"A",,"A",,"G",148,"A",,"G",148,"A",,2
230834,"R",45188,"A",,"R",4120,"G",1506,"G",172,"G",1506,"G",172,2
230852,"R",53599,"A",,"R",681,"G",1787,"G",28,"G",1787,"G",28,2
230861,"R",89541,"A",,"A",,"G",2985,"A",,"G",2985,"A",,2
230889,"R",5220,"A",,"R",8376,"G",174,"G",349,"G",174,"G",349,2
230898,"R",19369,"A",,"A",,"G",646,"A",,"R",617,"A",,2
230913,"R",33883,"A",,"R",4556,"G",1129,"G",190,"G",1129,"G",190,2
230931,"R",35035,"A",,"R",1008,"G",1168,"G",42,"G",1168,"G",42,2
230940,"R",9940,"A",,"R",0,"G",331,"G",0,"G",331,"Z",0,2
230959,"R",96328,"A",,"R",8163,"G",3211,"G",340,"R",3429,"R",763,2
230977,"R",6781,"R",4056,"A",,"G",231,"A",,"R",231,"A",,3
230995,"R",62315,"A",,"R",16691,"G",2077,"G",695,"R",1848,"G",695,2
231004,"A",,"R",61500,"A",,"G",68,"A",,"G",68,"A",,1
231059,"R",61552,"A",,"R",7168,"G",2052,"G",299,"G",2052,"G",299,2
231068,"A",,"A",,"R",10836,"A",,"G",452,"A",,"R",361,-2
231077,"R",7001,"A",,"R",3707,"G",233,"G",154,"G",233,"G",154,2
231086,"R",11703,"A",,"A",,"G",390,"A",,"G",390,"A",,2
231095,"R",3289,"A",,"A",,"G",110,"A",,"G",110,"A",,2
231147,"A",,"A",,"R",1183,"A",,"G",49,"A",,"G",49,-2
231165,"R",31843,"A",,"A",,"G",1061,"A",,"G",1061,"A",,2
231174,"R",254522,"A",,"R",17935,"G",8484,"G",747,"G",8484,"G",747,2
231192,"R",3955,"A",,"Z",0,"G",132,"A",,"G",132,"A",,2
231280,"A",,"R",77580,"A",,"G",86,"A",,"G",86,"A",,1
231411,"R",24241,"A",,"A",,"G",808,"A",,"G",808,"A",,2
231420,"R",54830,"A",,"R",12457,"G",1828,"G",519,"R",1798,"R",553,2
231536,"R",68151,"A",,"A",,"G",2272,"A",,"G",2272,"A",,2
231554,"R",24414,"A",,"A",,"G",814,"A",,"G",814,"A",,2
231572,"A",,"R",68855,"A",,"G",77,"A",,"G",77,"A",,1
231581,"R",44146,"A",,"A",,"G",1472,"A",,"G",1472,"A",,2
231624,"R",167581,"A",,"R",33543,"G",5586,"G",1398,"G",5586,"G",1398,2
231642,"R",35172,"A",,"A",,"G",1172,"A",,"G",1172,"A",,2
231651,"R",4631,"A",,"R",56237,"G",154,"G",2343,"G",154,"G",2343,2
231697,"R",71171,"A",,"A",,"G",2372,"A",,"G",2372,"A",,2
231712,"R",125722,"A",,"R",1606,"G",4191,"G",67,"G",4191,"G",67,2
231721,"A",,"R",46021,"A",,"G",51,"A",,"G",51,"A",,1
231785,"R",10949,"A",,"A",,"G",365,"A",,"G",365,"A",,2
231828,"R",11568,"A",,"A",,"G",386,"A",,"G",386,"A",,2
231837,"R",18079,"A",,"A",,"G",603,"A",,"G",603,"A",,2
231873,"R",23139,"A",,"A",,"G",771,"A",,"G",771,"A",,2
231882,"R",75100,"A",,"A",,"G",2503,"A",,"G",2503,"A",,2
231970,"R",816,"R",2850,"R",5310,"G",30,"G",221,"R",34,"R",206,3
232016,"R",65879,"A",,"A",,"G",3043,"A",,"G",3043,"A",,2
232025,"R",24281,"A",,"R",918,"G",809,"G",38,"R",840,"G",38,2
232043,"R",31514,"A",,"R",4923,"G",1050,"G",205,"G",1050,"G",205,2
232052,"R",14098,"A",,"A",,"G",470,"A",,"G",470,"A",,2
232089,"R",26627,"A",,"A",,"G",888,"A",,"G",888,"A",,2
232186,"R",459287,"A",,"R",131491,"G",15310,"G",5479,"G",15310,"G",5479,2
232195,"R",76977,"A",,"A",,"G",2566,"A",,"G",2566,"A",,2
232256,"R",31522,"A",,"A",,"G",1051,"A",,"G",1051,"A",,2
232265,"R",155000,"A",,"R",12989,"G",5167,"G",541,"R",5134,"R",599,2
232292,"R",1400,"R",6500,"A",,"G",54,"A",,"G",54,"A",,3
232308,"R",29516,"A",,"R",5486,"G",984,"G",229,"G",984,"G",229,2
232414,"R",187257,"A",,"A",,"G",6242,"A",,"G",6242,"A",,2
232423,"R",451729,"A",,"R",18153,"G",15058,"G",756,"G",15058,"G",756,2
232450,"R",101719,"A",,"A",,"G",3391,"A",,"G",3391,"A",,2
232469,"R",16183,"A",,"A",,"G",360,"A",,"G",360,"A",,2
232502,"A",,"R",460600,"A",,"G",512,"A",,"G",512,"A",,1
232557,"R",302850,"A",,"R",37161,"G",10095,"G",1548,"G",10095,"G",1548,2
232566,"R",110506,"A",,"R",3544,"G",3684,"G",148,"G",3684,"G",148,2
232575,"R",88051,"A",,"A",,"G",2935,"A",,"G",2935,"A",,2
232609,"R",57924,"A",,"R",4712,"G",1931,"G",196,"G",1931,"G",196,2
232618,"R",7392,"A",,"A",,"G",164,"A",,"G",164,"A",,2
232672,"R",42106,"A",,"R",3506,"G",1404,"G",146,"G",1404,"G",146,2
232681,"R",117628,"A",,"R",7975,"G",3921,"G",332,"G",3921,"G",332,2
232706,"R",57816,"A",,"R",24781,"G",1927,"G",1033,"G",1927,"G",1033,2
232724,"R",5876,"A",,"A",,"G",196,"A",,"G",196,"A",,2
232788,"R",56342,"A",,"A",,"G",1878,"A",,"G",1878,"A",,2
232797,"R",124888,"A",,"R",440,"G",2775,"G",12,"G",2775,"G",12,2
232867,"R",83171,"A",,"A",,"G",2772,"A",,"G",2772,"A",,2
232885,"R",7648,"R",0,"A",,"G",255,"A",,"G",255,"A",,3
232919,"A",,"R",87444,"A",,"G",97,"A",,"G",97,"A",,1
232937,"R",147668,"A",,"R",14484,"G",4922,"G",604,"G",4922,"G",604,2
232946,"R",720640,"A",,"A",,"G",24021,"A",,"G",24021,"A",,2
232982,"R",360259,"A",,"R",83510,"G",12009,"G",3480,"G",12009,"G",3480,2
233019,"R",70436,"A",,"A",,"G",2348,"A",,"G",2348,"A",,2
233037,"R",25340,"A",,"A",,"G",845,"A",,"G",845,"A",,2
233082,"R",6415,"A",,"A",,"G",214,"A",,"G",214,"A",,2
233091,"R",8462,"A",,"A",,"G",188,"A",,"G",188,"A",,2
233116,"R",70163,"A",,"A",,"G",2339,"A",,"G",2339,"A",,2
233189,"R",102335,"R",156000,"A",,"G",3584,"A",,"G",3584,"A",,3
233277,"R",240392,"A",,"R",18819,"G",8013,"G",784,"G",8013,"G",784,2
233286,"A",,"R",30812,"A",,"G",34,"A",,"G",34,"A",,1
233295,"R",32896,"A",,"A",,"G",1097,"A",,"G",1097,"A",,2
233301,"R",21910,"A",,"A",,"G",730,"A",,"G",730,"A",,2
233310,"R",41027,"A",,"A",,"G",1368,"A",,"G",1368,"A",,2
233329,"A",,"R",161150,"A",,"G",179,"A",,"G",179,"A",,1
233338,"R",28915,"A",,"A",,"G",964,"A",,"G",964,"A",,2
233356,"R",13560,"A",,"A",,"G",452,"A",,"G",452,"A",,2
233374,"R",99380,"A",,"R",3481,"G",3313,"G",145,"G",3313,"G",145,2
233408,"A",,"R",110475,"A",,"G",123,"A",,"R",150,"A",,1
233417,"A",,"R",63900,"A",,"G",71,"A",,"G",71,"A",,1
233426,"R",56428,"A",,"A",,"G",1881,"A",,"G",1881,"A",,2
233499,"R",14255,"A",,"A",,"G",475,"A",,"G",475,"A",,2
233541,"R",43155,"A",,"R",20158,"G",1439,"G",840,"G",1439,"G",840,2
233611,"R",15418,"A",,"A",,"G",514,"A",,"G",514,"A",,2
233639,"R",89370,"A",,"A",,"G",2979,"A",,"G",2979,"A",,2
233648,"R",80385,"A",,"A",,"G",2680,"A",,"G",2680,"A",,2
233657,"A",,"R",201100,"A",,"G",223,"A",,"G",223,"A",,1
233666,"A",,"R",58871,"A",,"G",65,"A",,"R",60,"A",,1
233718,"R",20497,"A",,"R",58,"G",683,"G",2,"G",683,"G",2,2
233754,"R",152932,"A",,"A",,"G",5098,"A",,"G",5098,"A",,2
233772,"R",450746,"A",,"A",,"G",15025,"A",,"G",15025,"A",,2
233842,"A",,"A",,"R",7516,"A",,"G",313,"A",,"G",313,-2
233897,"R",45192,"A",,"Z",0,"G",1506,"A",,"G",1506,"A",,2
233903,"R",45798,"A",,"A",,"G",1527,"A",,"G",1527,"A",,2
233912,"R",24877,"A",,"A",,"G",829,"A",,"G",829,"A",,2
233921,"R",667609,"A",,"R",111719,"G",22254,"G",4655,"G",22254,"G",4655,2
233949,"R",126830,"A",,"A",,"G",4228,"A",,"G",4228,"A",,2
234030,"R",469784,"A",,"R",105250,"G",15659,"G",4385,"G",15659,"G",4385,2
234076,"R",408321,"A",,"R",176613,"G",13611,"G",7359,"G",13611,"G",7359,2
234085,"R",46435,"A",,"A",,"G",1548,"A",,"G",1548,"A",,2
234119,"A",,"R",66627,"A",,"G",74,"A",,"G",74,"A",,1
234155,"R",117999,"A",,"R",10867,"G",3933,"G",453,"R",3909,"R",452,2
234164,"R",42468,"A",,"R",15179,"G",1416,"G",632,"G",1416,"G",632,2
234173,"R",38837,"A",,"A",,"G",1295,"A",,"G",1295,"A",,2
234191,"A",,"R",192392,"A",,"G",214,"A",,"G",214,"A",,1
234207,"R",65167,"A",,"R",205,"G",2172,"G",9,"G",2172,"G",9,2
234216,"R",39872,"A",,"A",,"G",886,"A",,"R",725,"A",,2
234225,"A",,"R",119280,"A",,"G",133,"A",,"R",135,"A",,1
234359,"A",,"R",235358,"A",,"G",262,"A",,"G",262,"A",,1
234377,"R",51737,"A",,"A",,"G",1725,"A",,"G",1725,"A",,2
234401,"A",,"R",54700,"A",,"G",61,"A",,"G",61,"A",,1
234492,"R",110027,"A",,"A",,"G",2445,"A",,"G",2445,"A",,2
234650,"A",,"R",127968,"A",,"G",142,"A",,"G",142,"A",,1
234669,"R",416981,"A",,"A",,"G",9266,"A",,"G",9266,"A",,2
234687,"A",,"R",92400,"A",,"G",103,"A",,"G",103,"A",,1
234696,"R",76754,"A",,"A",,"G",1706,"A",,"G",1706,"A",,2
234711,"R",73855,"A",,"A",,"G",1641,"A",,"G",1641,"A",,2
234739,"A",,"R",308476,"A",,"G",343,"A",,"G",343,"A",,1
234784,"R",29016,"A",,"A",,"G",967,"A",,"G",967,"A",,2
234827,"R",407422,"A",,"R",17467,"G",9054,"G",485,"G",9054,"G",485,2
234845,"R",92971,"A",,"A",,"G",2066,"A",,"G",2066,"A",,2
234915,"R",70697,"A",,"R",62450,"G",1571,"G",1735,"R",1767,"R",2602,2
234924,"A",,"R",111800,"A",,"G",124,"A",,"R",125,"A",,1
234933,"R",302686,"A",,"A",,"G",6726,"A",,"G",6726,"A",,2
234951,"R",182420,"A",,"A",,"G",4054,"A",,"G",4054,"A",,2
234960,"R",6920,"A",,"A",,"G",231,"A",,"G",231,"A",,2
234979,"R",200551,"A",,"A",,"G",4457,"A",,"G",4457,"A",,2
235024,"R",21370,"A",,"A",,"G",712,"A",,"G",712,"A",,2
235088,"A",,"R",158400,"A",,"G",176,"A",,"G",176,"A",,1
235097,"R",402284,"A",,"R",44807,"G",8940,"G",1245,"G",8940,"G",1245,2
235103,"R",263201,"A",,"A",,"G",5849,"A",,"G",5849,"A",,2
235149,"R",204794,"A",,"A",,"G",4551,"A",,"G",4551,"A",,2
235158,"A",,"R",114800,"A",,"G",128,"A",,"G",128,"A",,1
235167,"R",188718,"A",,"R",8587,"G",4194,"G",239,"G",4194,"G",239,2
235237,"R",227523,"A",,"A",,"G",5056,"A",,"G",5056,"A",,2
235273,"A",,"R",25200,"A",,"G",28,"A",,"G",28,"A",,1
235307,"A",,"R",179601,"A",,"G",200,"A",,"G",200,"A",,1
235316,"R",127995,"A",,"R",15499,"G",4267,"G",646,"G",4267,"G",646,2
235334,"R",75608,"A",,"A",,"G",1680,"A",,"G",1680,"A",,2
235343,"R",255932,"A",,"A",,"G",5687,"A",,"G",5687,"A",,2
235352,"A",,"R",285600,"A",,"G",317,"A",,"G",317,"A",,1
235422,"R",17677,"A",,"R",9295,"G",589,"G",387,"R",655,"G",387,2
235431,"R",224040,"A",,"A",,"G",4979,"A",,"G",4979,"A",,2
235495,"R",1830,"A",,"A",,"G",61,"A",,"G",61,"A",,2
235501,"R",15341,"A",,"A",,"G",511,"A",,"R",588,"A",,2
235510,"R",19956,"A",,"A",,"G",443,"A",,"G",443,"A",,2
235529,"R",20236,"A",,"A",,"G",450,"A",,"G",450,"A",,2
235547,"R",8940,"A",,"R",14961,"G",199,"G",416,"G",199,"G",416,2
235583,"A",,"R",331901,"A",,"G",369,"A",,"G",369,"A",,1
235671,"R",250771,"A",,"A",,"G",5573,"A",,"G",5573,"A",,2
235699,"R",131937,"A",,"A",,"G",2932,"A",,"G",2932,"A",,2
235750,"R",104931,"A",,"A",,"G",2332,"A",,"G",2332,"A",,2
235769,"R",5071,"A",,"R",54,"G",113,"G",2,"G",113,"G",2,2
236018,"A",,"R",119900,"A",,"G",133,"A",,"R",67,"A",,1
236027,"A",,"R",432000,"A",,"G",480,"A",,"G",480,"A",,1
236072,"R",182202,"A",,"A",,"G",4049,"A",,"G",4049,"A",,2
236090,"A",,"A",,"R",102,"A",,"G",3,"A",,"R",3,-2
236133,"R",30008,"A",,"R",2458,"G",1000,"G",102,"G",1000,"G",102,2
236188,"R",216178,"A",,"A",,"G",4804,"A",,"G",4804,"A",,2
236212,"R",11248,"A",,"A",,"G",375,"A",,"G",375,"A",,2
236230,"R",97642,"A",,"R",10978,"G",3255,"G",457,"G",3255,"G",457,2
236258,"R",106210,"A",,"A",,"G",2360,"A",,"G",2360,"A",,2
236267,"A",,"R",47615,"A",,"G",53,"A",,"G",53,"A",,1
236300,"R",5640,"A",,"A",,"G",188,"A",,"G",188,"A",,2
236328,"R",78486,"A",,"R",6095,"G",2616,"G",254,"R",2452,"R",200,2
236382,"R",130160,"A",,"A",,"G",2892,"A",,"G",2892,"A",,2
236452,"R",31567,"A",,"R",6639,"G",1052,"G",277,"G",1052,"G",277,2
236504,"R",176242,"A",,"A",,"G",3916,"A",,"G",3916,"A",,2
236513,"R",253684,"A",,"A",,"G",5637,"A",,"G",5637,"A",,2
236531,"R",21277,"A",,"A",,"G",473,"A",,"G",473,"A",,2
236559,"R",1451,"R",14000,"A",,"G",48,"A",,"G",48,"A",,3
236577,"R",133526,"A",,"R",17779,"G",2967,"G",494,"G",2967,"G",494,2
236595,"R",167237,"A",,"R",72379,"G",3716,"G",2011,"G",3716,"G",2011,2
236610,"R",250475,"A",,"A",,"G",5566,"A",,"G",5566,"A",,2
236638,"R",185602,"A",,"A",,"G",4124,"A",,"G",4124,"A",,2
236656,"R",172829,"A",,"A",,"G",3841,"A",,"G",3841,"A",,2
236692,"R",296387,"A",,"A",,"G",6586,"A",,"G",6586,"A",,2
236708,"R",284570,"A",,"A",,"G",6324,"A",,"G",6324,"A",,2
236744,"A",,"R",47020,"A",,"G",52,"A",,"G",52,"A",,1
236753,"R",253151,"A",,"A",,"G",5626,"A",,"G",5626,"A",,2
236887,"R",148957,"A",,"A",,"G",3310,"A",,"G",3310,"A",,2
236896,"R",72476,"A",,"R",9759,"G",1611,"G",271,"G",1611,"G",271,2
236939,"R",523346,"A",,"R",100692,"G",17445,"G",4196,"G",17445,"G",4196,2
236948,"R",1257483,"A",,"R",302847,"G",27944,"G",8412,"G",27944,"G",8412,2
236975,"R",116816,"A",,"A",,"G",2596,"A",,"G",2596,"A",,2
236993,"A",,"R",1036760,"A",,"G",1152,"A",,"G",1152,"A",,1
237011,"R",563466,"A",,"R",26322,"G",12521,"G",731,"G",12521,"G",731,2
237039,"R",132354,"A",,"A",,"G",2941,"A",,"G",2941,"A",,2
237057,"R",45974,"A",,"A",,"G",1532,"A",,"R",1406,"A",,2
237066,"R",64269,"A",,"R",5351,"G",2142,"G",223,"G",2142,"G",223,2
237109,"R",171597,"A",,"A",,"G",3813,"A",,"G",3813,"A",,2
237118,"R",17669,"A",,"R",4660,"G",589,"G",194,"G",589,"G",194,2
237127,"A",,"R",26605,"A",,"G",30,"A",,"G",30,"A",,1
237136,"R",8132,"A",,"A",,"G",271,"A",,"R",255,"A",,2
237145,"A",,"R",32271,"A",,"G",36,"A",,"G",36,"A",,1
237154,"R",92937,"A",,"R",9748,"G",3098,"G",406,"R",3098,"R",406,2
237172,"A",,"R",234550,"A",,"G",261,"A",,"G",261,"A",,1
237181,"R",26967,"A",,"A",,"G",899,"A",,"G",899,"A",,2
237215,"R",84679,"A",,"A",,"G",2823,"A",,"G",2823,"A",,2
237242,"A",,"R",490800,"A",,"G",545,"A",,"G",545,"A",,1
237303,"A",,"R",84534,"A",,"G",94,"A",,"G",94,"A",,1
237312,"R",25713,"A",,"R",493,"G",857,"G",21,"G",857,"G",21,2
237321,"A",,"R",140000,"A",,"G",156,"A",,"G",156,"A",,1
237330,"R",78255,"A",,"R",726,"G",2609,"G",30,"G",2609,"G",30,2
237358,"R",17546,"A",,"A",,"G",585,"A",,"G",585,"A",,2
237367,"R",104357,"A",,"R",687,"G",3479,"G",29,"G",3479,"G",29,2
237385,"R",36055,"A",,"A",,"G",1202,"A",,"G",1202,"A",,2
237419,"A",,"R",15405,"A",,"G",17,"A",,"G",17,"A",,1
237437,"R",35448,"A",,"A",,"G",788,"A",,"G",788,"A",,2
237473,"A",,"R",233400,"A",,"G",259,"A",,"G",259,"A",,1
237491,"A",,"R",48600,"A",,"G",54,"A",,"G",54,"A",,1
237525,"R",276436,"A",,"R",60711,"G",9215,"G",2530,"G",9215,"G",2530,2
237543,"A",,"R",84140,"A",,"G",93,"A",,"G",93,"A",,1
237552,"R",3734,"A",,"A",,"G",83,"A",,"G",83,"A",,2
237561,"A",,"R",120150,"A",,"G",134,"A",,"G",134,"A",,1
237570,"A",,"R",63000,"A",,"G",70,"A",,"G",70,"A",,1
237598,"R",6192,"A",,"A",,"G",138,"A",,"G",138,"A",,2
237604,"R",36176,"A",,"A",,"G",1206,"A",,"G",1206,"A",,2
237613,"A",,"R",84000,"A",,"G",93,"A",,"G",93,"A",,1
237640,"R",15976,"A",,"A",,"G",533,"A",,"G",533,"A",,2
237686,"R",79920,"A",,"A",,"G",2664,"A",,"G",2664,"A",,2
237701,"R",30670,"A",,"A",,"G",1022,"A",,"G",1022,"A",,2
237729,"A",,"R",139202,"A",,"G",155,"A",,"G",155,"A",,1
237783,"R",17565,"A",,"R",4410,"G",586,"G",184,"G",586,"G",184,2
237792,"R",112705,"A",,"R",582,"G",3757,"G",24,"G",3757,"G",24,2
237817,"R",52842,"A",,"A",,"G",1761,"A",,"G",1761,"A",,2
237844,"A",,"R",70200,"A",,"G",78,"A",,"G",78,"A",,1
237899,"R",78516,"A",,"R",238,"G",2617,"G",10,"G",2617,"G",10,2
237905,"A",,"R",84600,"A",,"G",94,"A",,"R",50,"A",,1
237932,"R",68049,"A",,"R",105,"G",2268,"G",4,"R",2574,"R",4,2
237950,"R",63028,"A",,"R",120,"G",2101,"G",5,"G",2101,"G",5,2
237969,"R",46575,"A",,"R",615,"G",1553,"G",26,"R",1567,"R",27,2
237978,"R",2544,"A",,"A",,"G",57,"A",,"G",57,"A",,2
237987,"R",3792,"A",,"A",,"G",84,"A",,"R",84,"A",,2
237996,"R",2649,"A",,"A",,"G",59,"A",,"G",59,"A",,2
238005,"A",,"R",98706,"A",,"G",110,"A",,"G",110,"A",,1
238014,"R",55910,"A",,"A",,"G",1864,"A",,"G",1864,"A",,2
238032,"R",540264,"A",,"R",114527,"G",18009,"G",4772,"G",18009,"G",4772,2
238078,"R",33557,"A",,"R",3165,"G",1119,"G",132,"G",1119,"G",132,2
238096,"A",,"R",46560,"A",,"G",52,"A",,"G",52,"A",,1
238166,"A",,"R",166927,"A",,"G",185,"A",,"G",185,"A",,1
238175,"A",,"R",145798,"A",,"G",162,"A",,"G",162,"A",,1
238193,"R",46187,"A",,"R",2545,"G",1540,"G",106,"G",1540,"G",106,2
238263,"R",231129,"A",,"A",,"G",7704,"A",,"G",7704,"A",,2
238315,"A",,"R",14490,"A",,"G",16,"A",,"G",16,"A",,1
238324,"R",3278,"A",,"R",48,"G",109,"G",2,"G",109,"G",2,2
238333,"R",37688,"A",,"A",,"G",1256,"A",,"G",1256,"A",,2
238397,"R",47100,"A",,"A",,"G",1570,"A",,"R",1602,"A",,2
238421,"A",,"R",190500,"A",,"G",212,"A",,"G",212,"A",,1
238430,"R",76847,"A",,"R",53710,"G",2562,"G",2238,"G",2562,"G",2238,2
238458,"R",74212,"A",,"R",3379,"G",2474,"G",141,"R",2474,"R",141,2
238476,"R",76311,"A",,"R",2407,"G",2544,"G",100,"G",2544,"G",100,2
238616,"R",80318,"A",,"R",13672,"G",2677,"G",570,"G",2677,"G",570,2
238661,"R",51326,"A",,"R",8561,"G",1711,"G",357,"G",1711,"G",357,2
238722,"R",147536,"A",,"A",,"G",4918,"A",,"G",4918,"A",,2
238759,"R",115521,"A",,"A",,"G",3851,"A",,"G",3851,"A",,2
238786,"A",,"R",100000,"A",,"G",111,"A",,"R",111,"A",,1
238810,"A",,"R",129010,"A",,"G",143,"A",,"G",143,"A",,1
238892,"R",24280,"A",,"A",,"G",540,"A",,"G",540,"A",,2
238935,"R",734,"A",,"R",4813,"G",24,"G",201,"G",24,"G",201,2
238971,"A",,"R",62100,"A",,"G",69,"A",,"G",69,"A",,1
238980,"R",76726,"A",,"R",6390,"G",2558,"G",266,"G",2558,"G",266,2
239008,"R",51147,"A",,"A",,"G",1705,"A",,"R",1705,"A",,2
239017,"R",76565,"A",,"A",,"G",2552,"A",,"R",1357,"A",,2
239071,"R",24409,"A",,"R",360,"G",814,"G",15,"G",814,"G",15,2
239080,"R",49562,"A",,"R",12956,"G",1652,"G",540,"G",1652,"G",540,2
239105,"R",233497,"A",,"R",73807,"G",7783,"G",3075,"G",7783,"G",3075,2
239132,"A",,"R",209250,"A",,"G",233,"A",,"G",233,"A",,1
239169,"A",,"A",,"R",7776,"A",,"G",324,"A",,"R",324,-2
239187,"R",663,"A",,"A",,"G",22,"A",,"G",22,"A",,2
239220,"R",57554,"A",,"A",,"G",1918,"A",,"G",1918,"A",,2
239248,"R",319391,"A",,"A",,"G",10646,"A",,"G",10646,"A",,2
239309,"R",17676,"A",,"A",,"G",589,"A",,"G",589,"A",,2
239318,"R",86923,"A",,"R",3984,"G",1932,"G",111,"G",1932,"R",148,2
239372,"R",85846,"A",,"A",,"G",2862,"A",,"R",3395,"A",,2
239390,"R",43469,"A",,"R",5145,"G",1449,"G",214,"G",1449,"G",214,2
239424,"A",,"A",,"R",1095,"A",,"G",46,"A",,"G",46,-2
239442,"R",30253,"A",,"A",,"G",1008,"A",,"G",1008,"A",,2
239460,"R",72699,"A",,"A",,"G",2423,"A",,"G",2423,"A",,2
239488,"R",151889,"A",,"A",,"G",5063,"A",,"G",5063,"A",,2
239512,"R",22572,"A",,"R",416,"G",752,"G",17,"G",752,"G",17,2
239628,"R",29466,"A",,"A",,"G",982,"A",,"G",982,"A",,2
239637,"A",,"A",,"R",181,"A",,"G",8,"A",,"R",7,-2
239716,"R",66118,"A",,"R",997,"G",2204,"G",42,"R",2066,"R",55,2
239725,"A",,"R",212400,"A",,"G",236,"A",,"G",236,"A",,1
239743,"R",13029,"A",,"R",4696,"G",434,"G",196,"G",434,"G",196,2
239752,"A",,"A",,"R",1162,"A",,"G",48,"A",,"G",48,-2
239877,"A",,"R",145800,"A",,"G",162,"A",,"G",162,"A",,1
239910,"R",38492,"A",,"A",,"G",1283,"A",,"G",1283,"A",,2
239929,"A",,"R",697000,"A",,"G",774,"A",,"G",774,"A",,1
240055,"R",272369,"A",,"A",,"G",9079,"A",,"G",9079,"A",,2
240107,"R",51573,"A",,"R",35610,"G",1719,"G",1484,"G",1719,"G",1484,2
240116,"R",45683,"A",,"A",,"G",1523,"A",,"G",1523,"A",,2
240125,"R",97350,"R",2476822,"A",,"G",5997,"A",,"G",5997,"A",,3
240170,"R",107610,"A",,"A",,"G",3587,"A",,"G",3587,"A",,2
240189,"R",264642,"A",,"R",22738,"G",8821,"G",947,"G",8821,"G",947,2
240198,"R",72493,"A",,"A",,"G",2416,"A",,"G",2416,"A",,2
240213,"A",,"A",,"R",336,"A",,"G",14,"A",,"G",14,-2
240240,"A",,"R",194100,"A",,"G",216,"A",,"R",176,"A",,1
240268,"R",279583,"A",,"R",7021,"G",9319,"G",293,"G",9319,"G",293,2
240277,"R",136780,"A",,"R",3275,"G",4559,"G",136,"G",4559,"G",136,2
240329,"R",233447,"A",,"R",25357,"G",7782,"G",1057,"G",7782,"G",1057,2
240338,"R",21764,"A",,"A",,"G",725,"A",,"G",725,"A",,2
240365,"R",261364,"A",,"R",17657,"G",8712,"G",736,"G",8712,"G",736,2
240374,"R",112341,"A",,"R",1646,"G",3745,"G",69,"G",3745,"G",69,2
240392,"R",30447,"A",,"A",,"G",1015,"A",,"G",1015,"A",,2
240417,"R",201528,"A",,"R",14335,"G",6718,"G",597,"G",6718,"G",597,2
240426,"R",64492,"A",,"R",4816,"G",2150,"G",201,"G",2150,"G",201,2
240444,"R",808969,"A",,"R",146313,"G",26966,"G",6096,"G",26966,"G",6096,2
240453,"R",549210,"A",,"R",68245,"G",18307,"G",2844,"G",18307,"G",2844,2
240462,"R",153202,"A",,"R",8196,"G",5107,"G",342,"G",5107,"G",342,2
240471,"R",151804,"A",,"R",9153,"G",5060,"G",381,"G",5060,"G",381,2
240480,"R",234683,"A",,"R",8499,"G",7823,"G",354,"G",7823,"G",354,2
240505,"R",78712,"A",,"A",,"G",2624,"A",,"G",2624,"A",,2
240514,"R",34259,"A",,"A",,"G",1142,"A",,"G",1142,"A",,2
240596,"R",23980,"A",,"A",,"G",799,"A",,"G",799,"A",,2
240620,"R",77433,"A",,"A",,"G",2581,"A",,"R",3226,"A",,2
240657,"R",40539,"A",,"A",,"G",1351,"A",,"G",1351,"A",,2
240666,"R",42383,"A",,"A",,"G",1413,"A",,"R",1766,"A",,2
240693,"R",47360,"A",,"A",,"G",1579,"A",,"R",1660,"A",,2
240709,"A",,"R",65000,"A",,"G",72,"A",,"G",72,"A",,1
240718,"R",143588,"R",3127500,"A",,"G",8261,"A",,"R",2100,"A",,3
240727,"R",249197,"A",,"R",54309,"G",8307,"G",2263,"G",8307,"G",2263,2
240736,"R",29364,"A",,"A",,"G",979,"A",,"G",979,"A",,2
240745,"R",34387,"A",,"A",,"G",1146,"A",,"G",1146,"A",,2
240754,"R",32251,"A",,"R",1392,"G",1075,"G",58,"G",1075,"G",58,2
240790,"R",25244,"A",,"A",,"G",841,"A",,"G",841,"A",,2
240879,"A",,"R",136800,"A",,"G",152,"A",,"G",152,"A",,1
240985,"R",15337,"A",,"A",,"G",511,"A",,"R",462,"A",,2
241100,"R",45356,"A",,"R",598,"G",1512,"G",25,"R",1568,"R",23,2
241128,"R",41764,"A",,"Z",0,"G",1392,"A",,"R",1455,"A",,2
241146,"R",10788,"A",,"A",,"G",360,"A",,"G",360,"A",,2
241182,"R",12696,"A",,"A",,"G",423,"A",,"G",423,"A",,2
241191,"R",23295,"A",,"R",498,"G",777,"G",21,"G",777,"G",21,2
241216,"R",26556,"A",,"R",1536,"G",885,"G",64,"G",885,"G",64,2
241225,"R",70746,"A",,"R",9287,"G",2358,"G",387,"G",2358,"G",387,2
241304,"R",20185,"A",,"R",1206,"G",673,"G",50,"R",673,"R",50,2
241331,"R",2243,"A",,"R",4913,"G",75,"G",205,"G",75,"G",205,2
241377,"R",29899,"A",,"R",5085,"G",997,"G",212,"G",997,"G",212,2
241386,"R",14860,"A",,"R",6009,"G",495,"G",250,"G",495,"G",250,2
241395,"R",12686,"A",,"R",4702,"G",423,"G",196,"G",423,"G",196,2
241410,"R",157424,"A",,"R",14479,"G",5247,"G",603,"R",5247,"R",804,2
241517,"R",47040,"R",78100,"A",,"G",1655,"A",,"G",1655,"A",,3
241614,"R",5460,"A",,"A",,"G",182,"A",,"G",182,"A",,2
241702,"R",9240,"A",,"A",,"G",308,"A",,"G",308,"A",,2
241720,"R",22443,"A",,"A",,"G",748,"A",,"R",801,"A",,2
241739,"R",279303,"A",,"R",37271,"G",9310,"G",1553,"G",9310,"G",1553,2
241766,"R",8530,"A",,"A",,"G",284,"A",,"G",284,"A",,2
241793,"A",,"A",,"R",4419,"A",,"G",184,"A",,"G",184,-2
241836,"R",18235,"A",,"A",,"G",608,"A",,"G",608,"A",,2
241906,"A",,"R",831950,"A",,"G",924,"A",,"G",924,"A",,1
241951,"R",9915,"A",,"A",,"G",331,"A",,"G",331,"A",,2
242042,"R",21348,"A",,"A",,"G",712,"A",,"G",712,"A",,2
242112,"R",57758,"A",,"A",,"G",1925,"A",,"G",1925,"A",,2
242121,"R",13461,"A",,"A",,"G",449,"A",,"R",441,"A",,2
242130,"R",9930,"A",,"A",,"G",331,"A",,"G",331,"A",,2
242149,"R",15312,"A",,"A",,"G",510,"A",,"G",510,"A",,2
242316,"R",3638,"R",152100,"A",,"G",290,"A",,"G",290,"A",,3
242413,"R",5724,"R",22050,"A",,"G",215,"A",,"G",215,"A",,3
242422,"R",918000,"A",,"A",,"G",30600,"A",,"G",30600,"A",,2
242556,"R",17888,"A",,"A",,"G",596,"A",,"G",596,"A",,2
242565,"R",17420,"A",,"A",,"G",581,"A",,"G",581,"A",,2
242583,"R",21348,"A",,"A",,"G",712,"A",,"G",712,"A",,2
242617,"R",131700,"A",,"R",14796,"G",4390,"G",617,"G",4390,"G",617,2
242626,"R",106107,"A",,"R",161,"G",3537,"G",7,"G",3537,"G",7,2
242635,"R",108828,"A",,"R",2911,"G",3628,"G",121,"G",3628,"G",121,2
242644,"R",55650,"A",,"R",1,"G",1855,"G",0,"G",1855,"Z",0,2
242653,"R",164941,"A",,"R",44823,"G",5498,"G",1868,"G",5498,"G",1868,2
242662,"R",125772,"A",,"R",265,"G",4192,"G",11,"G",4192,"G",11,2
242680,"R",53855,"A",,"R",3,"G",1795,"G",0,"G",1795,"Z",0,2
242699,"R",58028,"A",,"R",417,"G",1934,"G",17,"G",1934,"G",17,2
242705,"R",128069,"A",,"R",64,"G",4269,"G",3,"G",4269,"G",3,2
242741,"A",,"R",325215,"A",,"G",361,"A",,"G",361,"A",,1
242750,"R",8873,"R",2555,"A",,"G",299,"A",,"G",299,"A",,3
242820,"R",61416,"A",,"A",,"G",2047,"A",,"G",2047,"A",,2
242884,"R",62856,"A",,"A",,"G",2095,"A",,"G",2095,"A",,2
242945,"A",,"R",298400,"A",,"G",332,"A",,"R",310,"A",,1
242954,"A",,"R",100200,"A",,"G",111,"A",,"R",101,"A",,1
242972,"R",80507,"A",,"A",,"G",2684,"A",,"G",2684,"A",,2
242981,"R",48705,"R",0,"A",,"G",1624,"A",,"G",1624,"A",,3
243072,"R",33162,"R",417764,"A",,"G",1570,"A",,"G",1570,"A",,3
243081,"A",,"A",,"R",1181,"A",,"G",49,"A",,"G",49,-2
243090,"A",,"R",57000,"A",,"G",63,"A",,"G",63,"A",,1
243106,"R",91218,"A",,"A",,"G",3041,"A",,"R",3161,"A",,2
243115,"R",132000,"A",,"A",,"G",4400,"A",,"R",4057,"A",,2
243133,"R",105168,"R",55478,"A",,"G",3567,"A",,"R",4712,"A",,3
243142,"R",124368,"A",,"A",,"G",2764,"A",,"G",2764,"A",,2
243151,"R",107550,"A",,"A",,"G",3585,"A",,"R",3558,"A",,2
243179,"R",116592,"A",,"A",,"G",3886,"A",,"R",3905,"A",,2
243188,"R",59640,"A",,"A",,"G",1988,"A",,"G",1988,"A",,2
243197,"R",331196,"A",,"R",8037,"G",11040,"G",335,"G",11040,"G",335,2
243203,"R",14808,"R",0,"R",21148,"G",494,"G",881,"R",471,"R",1166,3
243212,"R",102566,"A",,"A",,"G",3419,"A",,"R",3359,"A",,2
243221,"R",464492,"A",,"R",54771,"G",15483,"G",2282,"R",16297,"R",2616,2
243346,"R",235311,"A",,"R",2123,"G",7844,"G",88,"G",7844,"G",88,2
243382,"R",17235,"A",,"A",,"G",575,"A",,"G",575,"A",,2
243407,"A",,"R",51200,"A",,"G",57,"A",,"G",57,"A",,1
243416,"A",,"R",317000,"A",,"G",352,"A",,"G",352,"A",,1
243443,"R",144510,"A",,"R",10152,"G",4817,"G",423,"G",4817,"G",423,2
243498,"A",,"A",,"R",1257,"A",,"G",52,"A",,"G",52,-2
243568,"R",2439,"A",,"R",492,"G",81,"G",21,"G",81,"G",21,2
243577,"R",150406,"A",,"R",8057,"G",5014,"G",336,"G",5014,"G",336,2
243586,"R",46224,"A",,"R",3240,"G",1541,"G",135,"G",1541,"G",135,2
243601,"R",254978,"A",,"R",35712,"G",8499,"G",1488,"G",8499,"G",1488,2
243638,"R",37171,"A",,"A",,"G",1239,"A",,"G",1239,"A",,2
243647,"R",21660,"A",,"A",,"G",722,"A",,"R",722,"A",,2
243665,"R",15411,"A",,"R",730,"G",514,"G",30,"G",514,"G",30,2
243674,"R",8977,"A",,"R",407,"G",299,"G",17,"G",299,"G",17,2
243744,"R",314406,"A",,"R",216587,"G",6987,"G",6016,"G",6987,"G",6016,2
243780,"R",942564,"A",,"R",165024,"G",31419,"G",6876,"G",31419,"G",6876,2
243799,"A",,"R",57350,"A",,"G",64,"A",,"G",64,"A",,1
243805,"R",2088,"A",,"R",900,"G",70,"G",38,"G",70,"G",38,2
243823,"R",192,"A",,"A",,"G",6,"A",,"G",6,"A",,2
243832,"R",23563,"A",,"R",978,"G",785,"G",41,"G",785,"G",41,2
243841,"R",11220,"A",,"A",,"G",374,"A",,"G",374,"A",,2
243902,"A",,"R",40500,"A",,"G",45,"A",,"R",45,"A",,1
244011,"R",36508,"A",,"A",,"G",811,"A",,"G",811,"A",,2
244154,"R",20440,"A",,"A",,"G",454,"A",,"G",454,"A",,2
244190,"R",4980,"A",,"R",983,"G",166,"G",41,"G",166,"G",41,2
244233,"R",20124,"A",,"A",,"G",447,"A",,"G",447,"A",,2
244279,"A",,"R",66570,"A",,"G",74,"A",,"R",122,"A",,1
244437,"R",455404,"A",,"A",,"G",15180,"A",,"G",15180,"A",,2
244446,"R",193406,"A",,"A",,"G",4298,"A",,"G",4298,"A",,2
244464,"R",515,"A",,"R",320,"G",17,"G",13,"G",17,"G",13,2
244491,"A",,"R",96090,"A",,"G",107,"A",,"G",107,"A",,1
244561,"A",,"R",177955,"A",,"G",198,"A",,"G",198,"A",,1
244613,"A",,"R",299166,"A",,"G",332,"A",,"G",332,"A",,1
245032,"R",10259,"A",,"A",,"G",228,"A",,"G",228,"A",,2
245069,"A",,"R",64800,"A",,"G",72,"A",,"G",72,"A",,1
245281,"A",,"R",31800,"A",,"G",35,"A",,"G",35,"A",,1
245290,"A",,"R",266700,"A",,"G",296,"A",,"G",296,"A",,1
245342,"R",61416,"A",,"A",,"G",1365,"A",,"G",1365,"A",,2
245625,"R",21168,"A",,"A",,"G",706,"A",,"G",706,"A",,2
245652,"R",15467,"A",,"R",2520,"G",516,"G",105,"G",516,"G",105,2
245731,"R",645,"A",,"R",555,"G",22,"G",23,"G",22,"G",23,2
245777,"R",1140,"A",,"R",852,"G",38,"G",36,"G",38,"G",36,2
245838,"R",5812,"A",,"R",14466,"G",129,"G",402,"G",129,"G",402,2
245847,"R",4200,"A",,"R",7863,"G",93,"G",218,"G",93,"G",218,2
245865,"A",,"A",,"R",21021,"A",,"G",876,"A",,"G",876,-2
245883,"R",7373,"A",,"R",19494,"G",164,"G",542,"G",164,"G",542,2
245892,"R",5794,"A",,"R",14165,"G",129,"G",393,"G",129,"G",393,2
245953,"R",18334,"A",,"A",,"G",611,"A",,"G",611,"A",,2
245962,"A",,"R",582280,"A",,"G",647,"A",,"R",647,"A",,1
245980,"A",,"R",23400,"A",,"G",26,"A",,"G",26,"A",,1
245999,"A",,"R",997526,"A",,"G",1108,"A",,"R",1900,"A",,1
246008,"R",10224,"A",,"A",,"G",227,"A",,"R",269,"A",,2
246017,"A",,"R",229425,"A",,"G",255,"A",,"G",255,"A",,1
246035,"R",24739,"A",,"A",,"G",825,"A",,"R",1153,"A",,2
246071,"A",,"R",77000,"A",,"G",86,"A",,"R",77,"A",,1
246202,"R",11311,"A",,"R",3181,"G",377,"G",133,"G",377,"G",133,2
246266,"A",,"R",906175,"A",,"G",1007,"A",,"G",1007,"A",,1
246345,"Z",0,"A",,"R",1662,"A",,"G",69,"A",,"R",70,-2
246354,"A",,"R",3025776,"A",,"G",3362,"A",,"G",3362,"A",,1
246406,"A",,"R",31698,"A",,"G",35,"A",,"G",35,"A",,1
246415,"A",,"R",91018,"A",,"G",101,"A",,"R",101,"A",,1
246460,"A",,"R",144500,"A",,"G",161,"A",,"R",161,"A",,1
246594,"A",,"R",100950,"A",,"G",112,"A",,"G",112,"A",,1
246600,"R",4985,"A",,"A",,"G",111,"A",,"G",111,"A",,2
246789,"A",,"A",,"R",3951,"A",,"G",165,"A",,"G",165,-2
246813,"R",127081,"A",,"A",,"G",2824,"A",,"G",2824,"A",,2
246895,"A",,"R",489189,"A",,"G",544,"A",,"R",764,"A",,1
246974,"R",30000,"A",,"A",,"G",1000,"A",,"G",1000,"A",,2
247010,"A",,"R",45500,"A",,"G",51,"A",,"G",51,"A",,1
247047,"A",,"R",146965,"A",,"G",163,"A",,"G",163,"A",,1
247065,"R",16824,"A",,"A",,"G",374,"A",,"G",374,"A",,2
247153,"R",6939,"A",,"A",,"G",154,"A",,"G",154,"A",,2
247162,"R",249,"A",,"R",1344,"G",6,"G",37,"G",6,"G",37,2
247232,"A",,"R",660,"A",,"G",1,"A",,"G",1,"A",,1
247409,"A",,"R",115920,"A",,"G",129,"A",,"G",129,"A",,1
247603,"R",55241,"A",,"A",,"G",1841,"A",,"G",1841,"A",,2
247649,"R",8057,"A",,"A",,"G",269,"A",,"G",269,"A",,2
247700,"R",10714,"A",,"A",,"G",238,"A",,"G",238,"A",,2
247764,"A",,"A",,"R",8064,"A",,"G",336,"A",,"G",336,-2
247773,"R",1148,"A",,"R",50,"G",38,"G",2,"G",38,"G",2,2
247825,"R",369,"A",,"R",556,"G",12,"G",23,"G",12,"G",23,2
247834,"R",299841,"A",,"A",,"G",9995,"A",,"G",9995,"A",,2
247870,"A",,"R",151508,"A",,"G",168,"A",,"G",168,"A",,1
247922,"A",,"A",,"R",9360,"A",,"G",390,"A",,"G",390,-2
247940,"R",77957,"A",,"A",,"G",2599,"A",,"G",2599,"A",,2
248165,"A",,"R",66600,"A",,"G",74,"A",,"R",74,"A",,1
248192,"A",,"R",26100,"A",,"G",29,"A",,"G",29,"A",,1
248305,"A",,"R",222077,"A",,"G",247,"A",,"G",247,"A",,1
248314,"A",,"R",42840,"A",,"G",48,"A",,"G",48,"A",,1
248527,"A",,"R",95600,"A",,"G",106,"A",,"G",106,"A",,1
248606,"A",,"R",489240,"A",,"G",544,"A",,"R",544,"A",,1
248624,"A",,"R",191142,"A",,"G",212,"A",,"G",212,"A",,1
248633,"A",,"R",217350,"A",,"G",242,"A",,"G",242,"A",,1
248660,"A",,"R",79560,"A",,"G",88,"A",,"G",88,"A",,1
248703,"A",,"R",234556,"A",,"G",261,"A",,"G",261,"A",,1
248776,"R",74780,"A",,"A",,"G",1662,"A",,"G",1662,"A",,2
248794,"R",45373,"A",,"A",,"G",1008,"A",,"G",1008,"A",,2
248846,"R",9555,"A",,"A",,"G",212,"A",,"R",212,"A",,2
248882,"R",10959,"A",,"A",,"G",244,"A",,"G",244,"A",,2
248925,"A",,"R",621531,"A",,"G",691,"A",,"R",691,"A",,1
248934,"R",110752,"A",,"A",,"G",3692,"A",,"G",3692,"A",,2
248943,"R",23963,"A",,"A",,"G",799,"A",,"G",799,"A",,2
248970,"A",,"R",226800,"A",,"G",252,"A",,"G",252,"A",,1
249061,"A",,"R",190500,"A",,"G",212,"A",,"G",212,"A",,1
249140,"A",,"R",1008000,"A",,"G",1120,"A",,"G",1120,"A",,1
249238,"A",,"R",60196,"A",,"G",67,"A",,"G",67,"A",,1
249247,"R",10560,"R",601000,"A",,"G",1020,"A",,"R",950,"A",,3
249566,"A",,"R",148039,"A",,"G",164,"A",,"G",164,"A",,1
249609,"A",,"R",184377,"A",,"G",205,"A",,"G",205,"A",,1
249779,"R",3286,"A",,"A",,"G",110,"A",,"G",110,"A",,2
250027,"R",14632,"A",,"A",,"G",488,"A",,"G",488,"A",,2
250072,"R",3054,"R",3900,"A",,"G",106,"A",,"G",106,"A",,3
250285,"A",,"R",112797,"A",,"G",125,"A",,"G",125,"A",,1
250407,"A",,"R",982920,"A",,"G",1092,"A",,"G",1092,"A",,1
250498,"R",10240,"A",,"A",,"G",341,"A",,"G",341,"A",,2
250744,"R",12210,"A",,"A",,"G",271,"A",,"G",271,"A",,2
250832,"A",,"R",35854,"A",,"G",40,"A",,"G",40,"A",,1
250902,"A",,"R",115000,"A",,"G",128,"A",,"G",128,"A",,1
250920,"A",,"R",1148000,"A",,"G",1276,"A",,"G",1276,"A",,1
250993,"A",,"R",138600,"A",,"G",154,"A",,"G",154,"A",,1
251075,"R",34560,"A",,"A",,"G",768,"A",,"R",766,"A",,2
251251,"R",17313,"A",,"A",,"G",385,"A",,"G",385,"A",,2
251260,"R",128936,"A",,"A",,"G",4298,"A",,"G",4298,"A",,2
251312,"R",15073,"A",,"A",,"G",335,"A",,"G",335,"A",,2
260293,"R",25804,"A",,"R",1660,"G",573,"G",46,"G",573,"G",46,2
260336,"A",,"R",16704,"A",,"G",19,"A",,"G",19,"A",,1
260354,"R",8060,"A",,"A",,"G",269,"A",,"G",269,"A",,2
260363,"A",,"R",32487,"A",,"G",36,"A",,"R",31,"A",,1
260372,"R",9396,"A",,"A",,"G",313,"A",,"R",391,"A",,2
260585,"A",,"R",84097,"A",,"G",93,"A",,"G",93,"A",,1
260691,"A",,"R",805604,"A",,"G",895,"A",,"G",895,"A",,1
260789,"R",7521,"A",,"A",,"G",251,"A",,"G",251,"A",,2
260804,"R",8024,"A",,"A",,"G",267,"A",,"G",267,"A",,2
260813,"R",12240,"A",,"A",,"G",408,"A",,"G",408,"A",,2
260901,"R",395407,"A",,"A",,"G",8787,"A",,"G",8787,"A",,2
260910,"R",34559,"A",,"A",,"G",768,"A",,"G",768,"A",,2
260929,"A",,"R",160800,"A",,"G",179,"A",,"G",179,"A",,1
260947,"R",2460,"A",,"A",,"G",82,"A",,"G",82,"A",,2
260956,"A",,"A",,"R",1014,"A",,"G",42,"A",,"R",42,-2
260965,"A",,"R",85441,"A",,"G",95,"A",,"G",95,"A",,1
260974,"R",23564,"A",,"A",,"G",524,"A",,"G",524,"A",,2
260992,"R",34999,"A",,"A",,"G",778,"A",,"G",778,"A",,2
261375,"A",,"R",536593,"A",,"G",596,"A",,"R",1022,"A",,1
261384,"A",,"R",305582,"A",,"G",340,"A",,"R",578,"A",,1
261393,"A",,"R",223289,"A",,"G",248,"A",,"R",425,"A",,1
261436,"A",,"R",338947,"A",,"G",377,"A",,"G",377,"A",,1
261472,"R",28093,"A",,"A",,"G",624,"A",,"G",624,"A",,2
261676,"A",,"R",126000,"A",,"G",140,"A",,"G",140,"A",,1
261685,"A",,"R",75600,"A",,"G",84,"A",,"G",84,"A",,1
261719,"A",,"R",58050,"A",,"G",65,"A",,"G",65,"A",,1
261773,"A",,"R",47000,"A",,"G",52,"A",,"R",42,"A",,1
261861,"R",3178,"A",,"A",,"G",71,"A",,"G",71,"A",,2
261931,"R",10690,"A",,"A",,"G",356,"A",,"G",356,"A",,2
262013,"R",16271,"A",,"R",890,"G",542,"G",37,"G",542,"G",37,2
262022,"A",,"A",,"R",4513,"A",,"G",125,"A",,"G",125,-2
262031,"R",134249,"A",,"A",,"G",4475,"A",,"R",4477,"A",,2
262086,"R",62738,"A",,"R",84818,"G",2091,"G",3534,"G",2091,"G",3534,2
262129,"R",23200,"A",,"A",,"G",773,"A",,"G",773,"A",,2
262235,"A",,"R",116580,"A",,"G",130,"A",,"R",56,"A",,1
262299,"A",,"R",85600,"A",,"G",95,"A",,"G",95,"A",,1
262305,"R",9888,"A",,"A",,"G",220,"A",,"G",220,"A",,2
262332,"R",42149,"A",,"A",,"G",1405,"A",,"G",1405,"A",,2
262341,"A",,"R",565200,"A",,"G",628,"A",,"G",628,"A",,1
262402,"A",,"R",404712,"A",,"G",450,"A",,"G",450,"A",,1
262457,"R",22350,"A",,"A",,"G",745,"A",,"G",745,"A",,2
262509,"R",141801,"A",,"A",,"G",4727,"A",,"G",4727,"A",,2
262660,"A",,"R",78525,"A",,"G",87,"A",,"G",87,"A",,1
362700,"A",,"R",227160,"A",,"G",252,"A",,"G",252,"A",,1
362782,"A",,"R",51000,"A",,"G",57,"A",,"G",57,"A",,1
363013,"A",,"R",101520,"A",,"G",113,"A",,"G",113,"A",,1
363077,"A",,"R",90524,"A",,"G",101,"A",,"G",101,"A",,1
363147,"A",,"R",27693,"A",,"G",31,"A",,"G",31,"A",,1
363165,"A",,"R",298982,"A",,"G",332,"A",,"R",569,"A",,1
363217,"A",,"R",29054,"A",,"G",32,"A",,"G",32,"A",,1
363387,"R",33403,"A",,"A",,"G",742,"A",,"G",742,"A",,2
363439,"R",12180,"A",,"A",,"G",406,"A",,"R",10,"A",,2
363457,"R",30908,"A",,"A",,"G",687,"A",,"G",687,"A",,2
363527,"R",9771,"A",,"A",,"G",217,"A",,"G",217,"A",,2
363590,"A",,"R",367840,"A",,"G",409,"A",,"G",409,"A",,1
363633,"R",28159,"A",,"A",,"G",939,"A",,"G",939,"A",,2
363679,"A",,"R",129382,"A",,"G",144,"A",,"G",144,"A",,1
363712,"R",1100,"A",,"R",1000,"G",37,"G",42,"R",37,"R",42,2
363882,"A",,"R",18374,"A",,"G",20,"A",,"G",20,"A",,1
363907,"R",12944,"A",,"R",8955,"G",431,"G",373,"R",431,"R",373,2
363916,"R",15247,"A",,"R",10320,"G",508,"G",430,"R",508,"R",430,2
363934,"R",33018,"A",,"R",245,"G",1101,"G",10,"G",1101,"G",10,2
364016,"R",119123,"A",,"A",,"G",3971,"A",,"G",3971,"A",,2
364025,"R",126899,"A",,"A",,"G",4230,"A",,"G",4230,"A",,2
364122,"R",192,"A",,"A",,"G",6,"A",,"G",6,"A",,2
364131,"A",,"A",,"R",4,"A",,"G",0,"A",,"Z",0,-2
364168,"R",8875,"A",,"A",,"G",296,"A",,"G",296,"A",,2
364308,"A",,"R",573120,"A",,"G",637,"A",,"G",637,"A",,1
364317,"A",,"R",106265,"A",,"G",118,"A",,"G",118,"A",,1
364326,"A",,"R",501300,"A",,"G",557,"A",,"G",557,"A",,1
364335,"A",,"R",652224,"A",,"G",725,"A",,"G",725,"A",,1
364548,"A",,"R",305764,"A",,"G",340,"A",,"G",340,"A",,1
364566,"A",,"R",223698,"A",,"G",249,"A",,"R",291,"A",,1
364575,"A",,"R",42913,"A",,"G",48,"A",,"G",48,"A",,1
364593,"A",,"R",582738,"A",,"G",647,"A",,"G",647,"A",,1
364609,"A",,"R",75477,"A",,"G",84,"A",,"G",84,"A",,1
364618,"A",,"R",81000,"A",,"G",90,"A",,"G",90,"A",,1
364627,"A",,"R",255483,"A",,"G",284,"A",,"G",284,"A",,1
364636,"A",,"R",55320,"A",,"G",61,"A",,"G",61,"A",,1
364751,"A",,"R",238086,"A",,"G",265,"A",,"G",265,"A",,1
364760,"A",,"R",75000,"A",,"G",83,"A",,"G",83,"A",,1
364812,"A",,"R",203110,"A",,"G",226,"A",,"G",226,"A",,1
364876,"R",1497,"A",,"A",,"G",50,"A",,"G",50,"A",,2
364885,"R",22291,"A",,"A",,"G",743,"A",,"R",495,"A",,2
364946,"A",,"R",518875,"A",,"G",577,"A",,"G",577,"A",,1
364955,"A",,"R",1015485,"A",,"G",1128,"A",,"G",1128,"A",,1
364964,"A",,"R",143196,"A",,"G",159,"A",,"G",159,"A",,1
364973,"R",32240,"A",,"A",,"G",1075,"A",,"G",1075,"A",,2
365055,"R",67740,"A",,"A",,"G",1505,"A",,"G",1505,"A",,2
365073,"A",,"R",121021,"A",,"G",134,"A",,"R",147,"A",,1
365091,"A",,"R",324691,"A",,"G",361,"A",,"R",361,"A",,1
365107,"A",,"R",131040,"A",,"G",146,"A",,"G",146,"A",,1
365125,"A",,"R",275420,"A",,"G",306,"A",,"R",291,"A",,1
365198,"A",,"R",161617,"A",,"G",180,"A",,"G",180,"A",,1
365204,"A",,"R",310420,"A",,"G",345,"A",,"G",345,"A",,1
365213,"A",,"R",523062,"A",,"G",581,"A",,"G",581,"A",,1
365240,"A",,"R",115600,"A",,"G",128,"A",,"G",128,"A",,1
365277,"A",,"R",34941,"A",,"G",39,"A",,"G",39,"A",,1
365310,"R",20884,"A",,"A",,"G",464,"A",,"G",464,"A",,2
365374,"A",,"R",532350,"A",,"G",592,"A",,"G",592,"A",,1
365383,"A",,"R",108000,"A",,"G",120,"A",,"G",120,"A",,1
365392,"A",,"R",17500,"A",,"G",19,"A",,"G",19,"A",,1
365426,"A",,"A",,"R",9756,"A",,"G",271,"A",,"G",271,-2
365453,"A",,"R",29700,"A",,"G",33,"A",,"G",33,"A",,1
365480,"A",,"R",525675,"A",,"G",584,"A",,"G",584,"A",,1
365505,"A",,"R",75059,"A",,"G",83,"A",,"G",83,"A",,1
365569,"A",,"R",30000,"A",,"G",33,"A",,"G",33,"A",,1
365639,"R",8392,"A",,"A",,"G",186,"A",,"R",186,"A",,2
365693,"A",,"R",2100,"A",,"G",2,"A",,"G",2,"A",,1
365824,"A",,"R",91440,"A",,"G",102,"A",,"G",102,"A",,1
365833,"A",,"R",105120,"A",,"G",117,"A",,"G",117,"A",,1
365912,"A",,"R",444600,"A",,"G",494,"A",,"G",494,"A",,1
365930,"R",2100,"R",43000,"A",,"G",118,"A",,"G",118,"A",,3
366155,"R",0,"R",64500,"A",,"G",72,"A",,"R",75,"A",,3
366191,"R",165310,"A",,"A",,"G",5510,"A",,"R",3576,"A",,2
366252,"R",167059,"A",,"A",,"G",5569,"A",,"G",5569,"A",,2
366261,"R",8321,"A",,"A",,"G",185,"A",,"R",114,"A",,2
366270,"A",,"R",900102,"A",,"G",1000,"A",,"G",1000,"A",,1
366289,"R",4350,"A",,"A",,"G",145,"A",,"R",145,"A",,2
366340,"R",6555,"A",,"A",,"G",219,"A",,"G",219,"A",,2
366368,"A",,"A",,"R",6232,"A",,"G",260,"A",,"R",150,-2
366395,"R",408572,"A",,"A",,"G",13619,"A",,"G",13619,"A",,2
366401,"R",114069,"R",13883,"A",,"G",3818,"A",,"G",3818,"A",,3
366438,"A",,"R",38000,"A",,"G",42,"A",,"G",42,"A",,1
366447,"R",50921,"A",,"A",,"G",1132,"A",,"G",1132,"A",,2
366456,"R",66184,"A",,"A",,"G",1471,"A",,"G",1471,"A",,2
366465,"R",86680,"A",,"A",,"G",1926,"A",,"G",1926,"A",,2
366535,"R",35888,"R",10720,"A",,"G",809,"A",,"G",809,"A",,3
366544,"A",,"R",1373191,"A",,"G",1526,"A",,"G",1526,"A",,1
366553,"R",82252,"A",,"A",,"G",1828,"A",,"G",1828,"A",,2
366571,"A",,"R",29300,"A",,"G",33,"A",,"G",33,"A",,1
366580,"R",10020,"A",,"A",,"G",223,"A",,"G",223,"A",,2
366605,"A",,"A",,"R",5641,"A",,"G",235,"A",,"R",103,-2
366623,"A",,"R",54598,"A",,"G",61,"A",,"G",61,"A",,1
366632,"Z",0,"R",0,"A",,"G",0,"A",,"Z",0,"A",,1
366650,"R",28057,"A",,"A",,"G",623,"A",,"G",623,"A",,2
366678,"R",33916,"A",,"A",,"G",754,"A",,"G",754,"A",,2
366696,"R",25837,"A",,"A",,"G",574,"A",,"G",574,"A",,2
366711,"R",175270,"A",,"R",8906,"G",5842,"G",371,"R",5175,"R",964,2
366748,"R",345,"A",,"R",6179,"G",12,"G",257,"G",12,"G",257,2
366784,"R",38,"A",,"R",734,"G",1,"G",31,"G",1,"G",31,2
366793,"A",,"A",,"R",528,"A",,"G",22,"A",,"G",22,-2
366906,"A",,"R",210462,"A",,"G",234,"A",,"G",234,"A",,1
366960,"R",35728,"A",,"A",,"G",1191,"A",,"G",1191,"A",,2
367024,"R",38512,"A",,"A",,"G",856,"A",,"G",856,"A",,2
367051,"A",,"R",62765,"A",,"G",70,"A",,"G",70,"A",,1
367088,"A",,"R",29610,"A",,"G",33,"A",,"G",33,"A",,1
367097,"A",,"R",145488,"A",,"G",162,"A",,"G",162,"A",,1
367103,"R",3025,"A",,"A",,"G",101,"A",,"G",101,"A",,2
367112,"R",45808,"A",,"A",,"G",1018,"A",,"G",1018,"A",,2
367130,"A",,"R",233100,"A",,"G",259,"A",,"G",259,"A",,1
367158,"A",,"R",82800,"A",,"G",92,"A",,"G",92,"A",,1
367176,"A",,"R",177000,"A",,"G",197,"A",,"G",197,"A",,1
367194,"R",14128,"A",,"A",,"G",471,"A",,"R",354,"A",,2
367316,"A",,"R",319500,"A",,"G",355,"A",,"R",426,"A",,1
367334,"A",,"R",101516,"A",,"G",113,"A",,"G",113,"A",,1
367343,"A",,"R",51750,"A",,"G",58,"A",,"G",58,"A",,1
367361,"A",,"R",36260,"A",,"G",40,"A",,"G",40,"A",,1
367389,"R",16584,"A",,"A",,"G",369,"A",,"G",369,"A",,2
367398,"R",7954,"R",169440,"A",,"G",453,"A",,"G",453,"A",,3
367413,"R",62495,"A",,"A",,"G",2083,"A",,"R",2237,"A",,2
367431,"A",,"R",54060,"A",,"G",60,"A",,"G",60,"A",,1
367459,"R",87466,"A",,"A",,"G",2916,"A",,"G",2916,"A",,2
367608,"A",,"R",135380,"A",,"G",150,"A",,"G",150,"A",,1
367662,"A",,"R",83781,"A",,"G",93,"A",,"G",93,"A",,1
367723,"A",,"R",19628,"A",,"G",22,"A",,"R",41,"A",,1
367839,"R",1527,"A",,"A",,"G",51,"A",,"G",51,"A",,2
367875,"A",,"R",143125,"A",,"G",159,"A",,"G",159,"A",,1
367884,"R",39655,"A",,"R",3289,"G",1322,"G",137,"G",1322,"G",137,2
367893,"R",462,"A",,"R",570,"G",15,"G",24,"G",15,"G",24,2
367909,"Z",0,"R",0,"R",48,"G",0,"G",1,"R",0,"G",1,1
367936,"R",1404,"A",,"R",22346,"G",47,"G",931,"G",47,"G",931,2
367972,"A",,"R",193873,"A",,"G",215,"A",,"R",280,"A",,1
367981,"A",,"R",83297,"A",,"G",93,"A",,"G",93,"A",,1
367990,"A",,"R",87450,"A",,"G",97,"A",,"G",97,"A",,1
368036,"A",,"R",64008,"A",,"G",71,"A",,"G",71,"A",,1
368160,"A",,"R",84407,"A",,"G",94,"A",,"G",94,"A",,1
368188,"A",,"R",151500,"A",,"G",168,"A",,"G",168,"A",,1
368203,"A",,"R",144000,"A",,"G",160,"A",,"G",160,"A",,1
368230,"A",,"R",193770,"A",,"G",215,"A",,"G",215,"A",,1
368364,"A",,"R",90000,"A",,"G",100,"A",,"G",100,"A",,1
368407,"A",,"R",63280,"A",,"G",70,"A",,"G",70,"A",,1
368443,"R",21168,"A",,"A",,"G",706,"A",,"R",588,"A",,2
368452,"R",8136,"A",,"A",,"G",271,"A",,"G",271,"A",,2
368540,"A",,"R",75000,"A",,"G",83,"A",,"G",83,"A",,1
368601,"R",19308,"A",,"A",,"G",429,"A",,"G",429,"A",,2
368629,"A",,"R",455840,"A",,"G",506,"A",,"G",506,"A",,1
368771,"R",152640,"A",,"A",,"G",5088,"A",,"G",5088,"A",,2
368780,"A",,"R",124139,"A",,"G",138,"A",,"G",138,"A",,1
368799,"A",,"R",288385,"A",,"G",320,"A",,"G",320,"A",,1
368805,"A",,"R",526068,"A",,"G",585,"A",,"G",585,"A",,1
368832,"A",,"R",107048,"A",,"G",119,"A",,"R",119,"A",,1
368911,"R",49899,"A",,"A",,"G",1109,"A",,"G",1109,"A",,2
368993,"A",,"R",97215,"A",,"G",108,"A",,"G",108,"A",,1
369020,"A",,"R",38000,"A",,"G",42,"A",,"R",42,"A",,1
369084,"R",20616,"A",,"A",,"G",458,"A",,"G",458,"A",,2
369109,"A",,"R",66500,"A",,"G",74,"A",,"G",74,"A",,1
369172,"R",63502,"A",,"A",,"G",2117,"A",,"G",2117,"A",,2
369181,"R",19752,"A",,"A",,"G",658,"A",,"G",658,"A",,2
369400,"R",91905,"A",,"A",,"G",3064,"A",,"R",3543,"A",,2
369419,"A",,"R",2165900,"A",,"G",2407,"A",,"G",2407,"A",,1
369446,"A",,"R",276675,"A",,"G",307,"A",,"G",307,"A",,1
369455,"R",4080,"R",62400,"A",,"G",160,"A",,"G",160,"A",,3
369516,"R",1080,"A",,"A",,"G",24,"A",,"R",19,"A",,2
369622,"A",,"R",47798,"A",,"G",53,"A",,"G",53,"A",,1
369659,"A",,"A",,"R",11064,"A",,"G",307,"A",,"G",307,-2
369668,"A",,"R",63960,"A",,"G",71,"A",,"G",71,"A",,1
369686,"A",,"R",157576,"A",,"G",175,"A",,"G",175,"A",,1
369695,"A",,"R",159082,"A",,"G",177,"A",,"G",177,"A",,1
369783,"A",,"R",991001,"A",,"G",1101,"A",,"G",1101,"A",,1
369792,"A",,"R",62168,"A",,"G",69,"A",,"R",38,"A",,1
369817,"A",,"A",,"R",1970,"A",,"G",55,"A",,"G",55,-2
369853,"R",10704,"A",,"A",,"G",238,"A",,"G",238,"A",,2
369862,"R",16503,"A",,"A",,"G",367,"A",,"G",367,"A",,2
369905,"R",1794,"A",,"A",,"G",60,"A",,"G",60,"A",,2
369950,"A",,"R",100848,"A",,"G",112,"A",,"G",112,"A",,1
371034,"A",,"R",40500,"A",,"G",45,"A",,"G",45,"A",,1
371052,"A",,"R",671700,"A",,"G",746,"A",,"G",746,"A",,1
371140,"A",,"R",79500,"A",,"G",88,"A",,"G",88,"A",,1
371186,"R",720,"A",,"A",,"G",24,"A",,"G",24,"A",,2
371265,"A",,"R",534960,"A",,"G",594,"A",,"G",594,"A",,1
371760,"R",38810,"A",,"A",,"G",862,"A",,"G",862,"A",,2
371779,"R",60084,"A",,"A",,"G",1335,"A",,"G",1335,"A",,2
371830,"A",,"R",78223,"A",,"G",87,"A",,"R",100,"A",,1
371928,"R",720,"A",,"A",,"G",24,"A",,"R",24,"A",,2
371964,"A",,"R",298800,"A",,"G",332,"A",,"G",332,"A",,1
371982,"A",,"R",723600,"A",,"G",804,"A",,"G",804,"A",,1
372028,"A",,"R",235264,"A",,"G",261,"A",,"G",261,"A",,1
372037,"R",78598,"A",,"A",,"G",2620,"A",,"G",2620,"A",,2
372073,"R",17128,"A",,"A",,"G",571,"A",,"G",571,"A",,2
372082,"A",,"R",216432,"A",,"G",240,"A",,"G",240,"A",,1
372143,"A",,"R",1555050,"A",,"G",1728,"A",,"R",2962,"A",,1
372161,"R",3576,"A",,"A",,"G",119,"A",,"G",119,"A",,2
372213,"R",1348257,"A",,"R",637949,"G",44942,"G",26581,"G",44942,"G",26581,2
372222,"R",105390,"A",,"R",20478,"G",3513,"G",853,"G",3513,"G",853,2
372240,"A",,"R",48000,"A",,"G",53,"A",,"G",53,"A",,1
372329,"R",12100,"A",,"A",,"G",269,"A",,"G",269,"A",,2
372356,"A",,"R",269913,"A",,"G",300,"A",,"G",300,"A",,1
372462,"A",,"R",36273,"A",,"G",40,"A",,"G",40,"A",,1
372480,"R",11553,"A",,"A",,"G",385,"A",,"G",385,"A",,2
372523,"A",,"R",193200,"A",,"G",215,"A",,"G",215,"A",,1
372578,"R",19080,"A",,"A",,"G",424,"A",,"G",424,"A",,2
372718,"A",,"R",112566,"A",,"G",125,"A",,"G",125,"A",,1
372772,"A",,"R",597600,"A",,"G",664,"A",,"G",664,"A",,1
372833,"A",,"R",91440,"A",,"G",102,"A",,"G",102,"A",,1
372921,"R",22860,"A",,"A",,"G",762,"A",,"G",762,"A",,2
372958,"R",24165,"A",,"A",,"G",537,"A",,"G",537,"A",,2
373058,"R",17599,"A",,"A",,"G",391,"A",,"G",391,"A",,2
373085,"R",6224,"A",,"A",,"G",138,"A",,"G",138,"A",,2
373119,"A",,"R",190038,"A",,"G",211,"A",,"G",211,"A",,1
373216,"A",,"R",156337,"A",,"G",174,"A",,"G",174,"A",,1
373340,"A",,"R",212000,"A",,"G",236,"A",,"R",236,"A",,1
373447,"R",1860,"A",,"A",,"G",62,"A",,"G",62,"A",,2
373535,"A",,"R",124224,"A",,"G",138,"A",,"G",138,"A",,1
373605,"A",,"R",36000,"A",,"G",40,"A",,"G",40,"A",,1
373669,"A",,"R",522,"A",,"G",1,"A",,"G",1,"A",,1
373678,"R",1000,"A",,"A",,"G",33,"A",,"G",33,"A",,2
373696,"A",,"R",139681,"A",,"G",155,"A",,"G",155,"A",,1
373711,"A",,"R",54800,"A",,"G",61,"A",,"R",50,"A",,1
373784,"A",,"R",364560,"A",,"G",405,"A",,"G",405,"A",,1
373827,"R",7100,"A",,"A",,"G",237,"A",,"G",237,"A",,2
373890,"A",,"R",802130,"A",,"G",891,"A",,"G",891,"A",,1
373906,"A",,"R",1800,"A",,"G",2,"A",,"R",81,"A",,1
373951,"R",0,"Z",0,"A",,"G",0,"A",,"R",0,"A",,2
374024,"A",,"A",,"R",1,"A",,"G",0,"A",,"R",118,-2
374060,"A",,"R",8775,"A",,"G",10,"A",,"G",10,"A",,1
374112,"A",,"R",93243,"A",,"G",104,"A",,"G",104,"A",,1
374291,"A",,"R",67500,"A",,"G",75,"A",,"G",75,"A",,1
374316,"A",,"R",130725,"A",,"G",145,"A",,"G",145,"A",,1
374440,"A",,"R",51000,"A",,"G",57,"A",,"G",57,"A",,1
374495,"A",,"R",57000,"A",,"G",63,"A",,"G",63,"A",,1
374574,"R",17676,"A",,"A",,"G",589,"A",,"G",589,"A",,2
374592,"A",,"R",136928,"A",,"G",152,"A",,"G",152,"A",,1
374680,"A",,"R",188568,"A",,"G",210,"A",,"G",210,"A",,1
374699,"A",,"R",118147,"A",,"G",131,"A",,"G",131,"A",,1
374875,"R",42525,"A",,"A",,"G",1418,"A",,"G",1418,"A",,2
374927,"A",,"R",130700,"A",,"G",145,"A",,"G",145,"A",,1
374972,"R",13953,"A",,"A",,"G",465,"A",,"G",465,"A",,2
374990,"A",,"R",61167,"A",,"G",68,"A",,"G",68,"A",,1
375106,"A",,"R",51160,"A",,"G",57,"A",,"G",57,"A",,1
375230,"R",4170,"A",,"A",,"G",139,"A",,"G",139,"A",,2
375300,"A",,"R",442800,"A",,"G",492,"A",,"G",492,"A",,1
375319,"A",,"R",196200,"A",,"G",218,"A",,"G",218,"A",,1
375373,"A",,"R",90729,"A",,"G",101,"A",,"G",101,"A",,1
375407,"A",,"R",24431,"A",,"G",27,"A",,"G",27,"A",,1
375416,"R",31995,"A",,"A",,"G",1067,"A",,"G",1067,"A",,2
375470,"A",,"R",9600,"A",,"G",11,"A",,"R",5,"A",,1
375489,"R",22212,"A",,"A",,"G",494,"A",,"G",494,"A",,2
375540,"A",,"R",67039,"A",,"G",74,"A",,"G",74,"A",,1
375559,"A",,"R",82214,"A",,"G",91,"A",,"G",91,"A",,1
375568,"A",,"R",12986,"A",,"G",14,"A",,"G",14,"A",,1
375647,"R",10106,"A",,"A",,"G",337,"A",,"G",337,"A",,2
375656,"A",,"R",46425,"A",,"G",52,"A",,"R",88,"A",,1
375683,"A",,"R",329917,"A",,"G",367,"A",,"G",367,"A",,1
375692,"A",,"R",67500,"A",,"G",75,"A",,"G",75,"A",,1
375708,"A",,"R",81700,"A",,"G",91,"A",,"G",91,"A",,1
375717,"A",,"R",155000,"A",,"G",172,"A",,"G",172,"A",,1
375726,"A",,"R",120225,"A",,"G",134,"A",,"G",134,"A",,1
375735,"A",,"R",195710,"A",,"G",217,"A",,"G",217,"A",,1
375744,"A",,"R",275094,"A",,"G",306,"A",,"G",306,"A",,1
375753,"A",,"R",27462,"A",,"G",31,"A",,"G",31,"A",,1
375762,"A",,"R",51337,"A",,"G",57,"A",,"R",57,"A",,1
375841,"R",38462,"A",,"A",,"G",1282,"A",,"G",1282,"A",,2
375902,"A",,"R",15750,"A",,"G",18,"A",,"R",9,"A",,1
375939,"A",,"R",280000,"A",,"G",311,"A",,"G",311,"A",,1
375948,"A",,"R",1792249,"A",,"G",1991,"A",,"R",1743,"A",,1
375966,"A",,"R",99705,"A",,"G",111,"A",,"G",111,"A",,1
375984,"A",,"R",182080,"A",,"G",202,"A",,"G",202,"A",,1
376039,"R",5679,"A",,"A",,"G",126,"A",,"G",126,"A",,2
376109,"A",,"R",8976,"A",,"G",10,"A",,"G",10,"A",,1
376118,"A",,"R",189800,"A",,"G",211,"A",,"G",211,"A",,1
376127,"A",,"R",130020,"A",,"G",144,"A",,"G",144,"A",,1
376136,"A",,"R",518765,"A",,"G",576,"A",,"R",576,"A",,1
376224,"R",8692,"R",92059,"A",,"G",392,"A",,"G",392,"A",,3
376242,"A",,"R",269100,"A",,"G",299,"A",,"R",254,"A",,1
376288,"R",1541,"A",,"A",,"G",51,"A",,"G",51,"A",,2
376321,"R",18813,"A",,"A",,"G",627,"A",,"G",627,"A",,2
376330,"R",26424,"A",,"A",,"G",587,"A",,"G",587,"A",,2
376349,"A",,"R",344400,"A",,"G",383,"A",,"G",383,"A",,1
376385,"R",9996,"R",732915,"A",,"G",1148,"A",,"R",1148,"A",,3
376446,"A",,"R",108223,"A",,"G",120,"A",,"G",120,"A",,1
376631,"A",,"R",86250,"A",,"G",96,"A",,"G",96,"A",,1
376668,"A",,"R",113000,"A",,"G",126,"A",,"R",126,"A",,1
376677,"A",,"R",1440,"A",,"G",2,"A",,"G",2,"A",,1
376695,"R",6939,"A",,"A",,"G",231,"A",,"R",231,"A",,2
376950,"A",,"R",12400,"A",,"G",14,"A",,"G",14,"A",,1
376987,"A",,"R",83700,"A",,"G",93,"A",,"G",93,"A",,1
377069,"R",32209,"A",,"A",,"G",716,"A",,"G",716,"A",,2
377111,"A",,"R",614875,"A",,"G",683,"A",,"R",679,"A",,1
377193,"A",,"R",44615,"A",,"G",50,"A",,"R",50,"A",,1
377218,"A",,"R",90000,"A",,"G",100,"A",,"G",100,"A",,1
377236,"A",,"R",39635,"A",,"G",44,"A",,"R",44,"A",,1
377272,"A",,"R",69450,"A",,"G",77,"A",,"G",77,"A",,1
377281,"A",,"R",48450,"A",,"G",54,"A",,"G",54,"A",,1
377315,"A",,"R",126631,"A",,"G",141,"A",,"G",141,"A",,1
377342,"A",,"R",95961,"A",,"G",107,"A",,"G",107,"A",,1
377403,"A",,"R",34500,"A",,"G",38,"A",,"G",38,"A",,1
377421,"R",720,"R",1500,"A",,"G",26,"A",,"G",26,"A",,3
377449,"A",,"R",347040,"A",,"G",386,"A",,"G",386,"A",,1
377458,"A",,"R",539100,"A",,"G",599,"A",,"G",599,"A",,1
377485,"A",,"R",19632,"A",,"G",22,"A",,"G",22,"A",,1
377519,"R",8790,"A",,"A",,"G",293,"A",,"G",293,"A",,2
377546,"R",7245,"A",,"A",,"G",242,"A",,"R",161,"A",,2
377555,"R",54609,"A",,"R",6483,"G",1214,"G",180,"G",1214,"G",180,2
377564,"R",66142,"A",,"R",9298,"G",1470,"G",258,"G",1470,"G",258,2
377634,"R",302,"R",13048,"A",,"G",25,"A",,"G",25,"A",,3
377643,"A",,"R",127364,"A",,"G",142,"A",,"G",142,"A",,1
377652,"A",,"R",95391,"A",,"G",106,"A",,"G",106,"A",,1
377661,"A",,"R",57537,"A",,"G",64,"A",,"G",64,"A",,1
377670,"A",,"R",37989,"A",,"G",42,"A",,"G",42,"A",,1
377722,"A",,"R",268052,"A",,"G",298,"A",,"G",298,"A",,1
377759,"R",3136,"A",,"A",,"G",105,"A",,"G",105,"A",,2
378105,"R",6777,"A",,"A",,"G",151,"A",,"G",151,"A",,2
378406,"R",28900,"A",,"A",,"G",642,"A",,"G",642,"A",,2
378576,"A",,"A",,"R",10250,"A",,"G",427,"A",,"G",427,-2
378886,"A",,"R",35050,"A",,"G",39,"A",,"G",39,"A",,1
378956,"A",,"R",291375,"A",,"G",324,"A",,"G",324,"A",,1
379029,"R",0,"R",462880,"A",,"G",514,"A",,"G",514,"A",,3
379074,"A",,"R",16800,"A",,"G",19,"A",,"G",19,"A",,1
379135,"A",,"R",228000,"A",,"G",253,"A",,"G",253,"A",,1
379463,"A",,"R",186300,"A",,"G",207,"A",,"G",207,"A",,1
379621,"A",,"R",67780,"A",,"G",75,"A",,"R",85,"A",,1
379685,"A",,"R",309000,"A",,"G",343,"A",,"G",343,"A",,1
379746,"A",,"R",59400,"A",,"G",66,"A",,"R",198,"A",,1
379782,"R",8304,"A",,"R",1620,"G",277,"G",68,"R",277,"R",54,2
379889,"R",1098,"A",,"R",888,"G",37,"G",37,"G",37,"G",37,2
380067,"A",,"R",152560,"A",,"G",170,"A",,"G",170,"A",,1
380094,"R",31680,"A",,"A",,"G",704,"A",,"G",704,"A",,2
380137,"A",,"R",280800,"A",,"G",312,"A",,"G",312,"A",,1
380298,"R",21166,"A",,"A",,"G",706,"A",,"G",706,"A",,2
380359,"R",9187,"A",,"A",,"G",306,"A",,"G",306,"A",,2
380368,"R",31511,"A",,"A",,"G",1050,"A",,"G",1050,"A",,2
380377,"R",10505,"A",,"A",,"G",233,"A",,"G",233,"A",,2
380401,"A",,"R",305893,"A",,"G",340,"A",,"R",339,"A",,1
380410,"A",,"R",314100,"A",,"G",349,"A",,"G",349,"A",,1
380438,"R",26711,"A",,"A",,"G",594,"A",,"G",594,"A",,2
380447,"A",,"R",209000,"A",,"G",232,"A",,"G",232,"A",,1
380456,"A",,"R",293921,"A",,"G",327,"A",,"G",327,"A",,1
380465,"R",57483,"A",,"R",26451,"G",1916,"G",1102,"G",1916,"G",1102,2
380474,"R",29111,"R",485137,"A",,"G",1509,"A",,"G",1509,"A",,3
380836,"R",9115,"A",,"A",,"G",304,"A",,"R",177,"A",,2
380845,"R",17510,"A",,"A",,"G",584,"A",,"G",584,"A",,2
380854,"R",22248,"A",,"A",,"G",742,"A",,"G",742,"A",,2
380863,"R",13647,"A",,"A",,"G",455,"A",,"G",455,"A",,2
380872,"R",27964,"A",,"A",,"G",932,"A",,"G",932,"A",,2
381237,"A",,"R",150300,"A",,"G",167,"A",,"G",167,"A",,1
381255,"A",,"R",240600,"A",,"G",267,"A",,"G",267,"A",,1
381282,"A",,"R",195070,"A",,"G",217,"A",,"G",217,"A",,1
381325,"A",,"R",209130,"A",,"G",232,"A",,"G",232,"A",,1
381334,"A",,"R",145235,"A",,"G",161,"A",,"G",161,"A",,1
381343,"A",,"R",35280,"A",,"G",39,"A",,"G",39,"A",,1
381352,"A",,"A",,"R",5162,"A",,"G",215,"A",,"G",215,-2
381370,"A",,"R",460950,"A",,"G",512,"A",,"G",512,"A",,1
381404,"A",,"R",200715,"A",,"G",223,"A",,"G",223,"A",,1
381486,"A",,"R",23900,"A",,"G",27,"A",,"G",27,"A",,1
381529,"R",30767,"A",,"A",,"G",684,"A",,"G",684,"A",,2
381617,"R",45095,"A",,"A",,"G",1002,"A",,"G",1002,"A",,2
381635,"A",,"R",137800,"A",,"G",153,"A",,"G",153,"A",,1
381644,"A",,"R",297792,"A",,"G",331,"A",,"G",331,"A",,1
381699,"A",,"R",46500,"A",,"G",52,"A",,"R",42,"A",,1
381705,"A",,"R",50650,"A",,"G",56,"A",,"R",47,"A",,1
381732,"R",2615,"R",119182,"A",,"G",191,"A",,"G",191,"A",,3
381741,"R",16588,"A",,"A",,"G",369,"A",,"R",320,"A",,2
381750,"A",,"R",140650,"A",,"G",156,"A",,"G",156,"A",,1
381787,"R",12708,"A",,"Z",0,"G",282,"A",,"G",282,"A",,2
381796,"R",14660,"A",,"A",,"G",489,"A",,"G",489,"A",,2
381909,"R",39822,"A",,"A",,"G",885,"A",,"G",885,"A",,2
381945,"A",,"R",61342,"A",,"G",68,"A",,"G",68,"A",,1
381990,"R",8736,"A",,"A",,"G",291,"A",,"R",208,"A",,2
382027,"R",6331,"A",,"A",,"G",211,"A",,"R",211,"A",,2
382054,"A",,"R",369720,"A",,"G",411,"A",,"G",411,"A",,1
382063,"R",14277,"A",,"R",32135,"G",476,"G",1339,"G",476,"G",1339,2
382106,"A",,"R",21000,"A",,"G",23,"A",,"G",23,"A",,1
382258,"A",,"R",157150,"A",,"G",175,"A",,"G",175,"A",,1
382267,"A",,"R",250641,"A",,"G",278,"A",,"R",328,"A",,1
382276,"A",,"R",74200,"A",,"G",82,"A",,"G",82,"A",,1
382382,"A",,"R",222300,"A",,"G",247,"A",,"R",247,"A",,1
382443,"A",,"R",2088,"A",,"G",2,"A",,"R",2,"A",,1
382461,"A",,"R",77250,"A",,"G",86,"A",,"G",86,"A",,1
382504,"R",19726,"A",,"A",,"G",658,"A",,"G",658,"A",,2
382531,"R",11037,"A",,"A",,"G",245,"A",,"R",301,"A",,2
382708,"R",8600,"A",,"A",,"G",287,"A",,"G",287,"A",,2
382771,"R",12080,"A",,"A",,"G",268,"A",,"R",295,"A",,2
382780,"A",,"R",186000,"A",,"G",207,"A",,"G",207,"A",,1
382896,"R",11532,"A",,"Z",0,"G",384,"A",,"R",384,"A",,2
382902,"A",,"R",57382,"A",,"G",64,"A",,"G",64,"A",,1
382911,"A",,"R",70704,"A",,"G",79,"A",,"G",79,"A",,1
382957,"A",,"R",49680,"A",,"G",55,"A",,"G",55,"A",,1
382975,"A",,"R",225924,"A",,"G",251,"A",,"G",251,"A",,1
383020,"A",,"A",,"R",5668,"A",,"G",157,"A",,"G",157,-2
383084,"R",3200,"A",,"A",,"G",107,"A",,"R",100,"A",,2
383163,"A",,"R",500400,"A",,"G",556,"A",,"G",556,"A",,1
383172,"A",,"R",36867,"A",,"G",41,"A",,"G",41,"A",,1
383190,"R",43541,"A",,"A",,"G",1451,"A",,"G",1451,"A",,2
383251,"A",,"R",119200,"A",,"G",132,"A",,"G",132,"A",,1
383279,"A",,"R",7584,"A",,"G",8,"A",,"G",8,"A",,1
383297,"A",,"R",133036,"A",,"G",148,"A",,"G",148,"A",,1
383312,"A",,"R",103200,"A",,"G",115,"A",,"G",115,"A",,1
383330,"A",,"R",42665,"A",,"G",47,"A",,"R",47,"A",,1
383367,"A",,"R",170368,"A",,"G",189,"A",,"G",189,"A",,1
383376,"A",,"R",49916,"A",,"G",55,"A",,"G",55,"A",,1
383400,"R",3700,"A",,"A",,"G",82,"A",,"G",82,"A",,2
383419,"A",,"R",32560,"A",,"G",36,"A",,"R",36,"A",,1
383464,"A",,"R",62000,"A",,"G",69,"A",,"R",100,"A",,1
383507,"R",876,"A",,"A",,"G",29,"A",,"G",29,"A",,2
383525,"A",,"R",155856,"A",,"G",173,"A",,"G",173,"A",,1
383765,"A",,"R",265336,"A",,"G",295,"A",,"G",295,"A",,1
383792,"A",,"R",269360,"A",,"G",299,"A",,"G",299,"A",,1
383880,"A",,"R",282158,"A",,"G",314,"A",,"G",314,"A",,1
383899,"R",8589,"R",188784,"A",,"G",496,"A",,"G",496,"A",,3
383950,"R",18945,"A",,"A",,"G",421,"A",,"R",421,"A",,2
383996,"R",9927,"A",,"A",,"G",331,"A",,"G",331,"A",,2
384184,"A",,"R",402400,"A",,"G",447,"A",,"G",447,"A",,1
384193,"A",,"R",301080,"A",,"G",335,"A",,"R",386,"A",,1
384209,"A",,"R",2337092,"A",,"G",2597,"A",,"G",2597,"A",,1
384254,"R",3000,"A",,"A",,"G",100,"A",,"G",100,"A",,2
384306,"A",,"A",,"R",2956,"A",,"G",123,"A",,"R",41,-2
384333,"R",77623,"A",,"A",,"G",2587,"A",,"G",2587,"A",,2
384342,"R",94334,"A",,"A",,"G",3144,"A",,"G",3144,"A",,2
384360,"R",21418,"A",,"A",,"G",476,"A",,"G",476,"A",,2
384379,"R",36622,"A",,"A",,"G",814,"A",,"G",814,"A",,2
384388,"R",21418,"A",,"A",,"G",476,"A",,"G",476,"A",,2
384397,"R",29102,"A",,"A",,"G",647,"A",,"G",647,"A",,2
384412,"R",6561,"A",,"A",,"G",219,"A",,"G",219,"A",,2
384421,"R",1590,"A",,"A",,"G",53,"A",,"G",53,"A",,2
385008,"A",,"R",1180200,"A",,"G",1311,"A",,"R",1311,"A",,1
385132,"A",,"R",44022,"A",,"G",49,"A",,"G",49,"A",,1
385503,"A",,"R",232687,"A",,"G",259,"A",,"G",259,"A",,1
385549,"A",,"R",238400,"A",,"G",265,"A",,"G",265,"A",,1
385619,"R",3447,"A",,"R",284,"G",115,"G",12,"G",115,"G",12,2
385929,"A",,"R",80480,"A",,"G",89,"A",,"G",89,"A",,1
386153,"R",10532,"A",,"A",,"G",351,"A",,"G",351,"A",,2
386472,"R",5678,"A",,"A",,"G",189,"A",,"G",189,"A",,2
387235,"A",,"R",7945,"A",,"G",9,"A",,"G",9,"A",,1
387660,"A",,"R",8400,"A",,"G",9,"A",,"G",9,"A",,1
387819,"A",,"R",80000,"A",,"G",89,"A",,"G",89,"A",,1
387925,"R",10539,"A",,"A",,"G",351,"A",,"G",351,"A",,2
388043,"R",18740,"A",,"A",,"G",416,"A",,"G",416,"A",,2
388098,"A",,"R",944,"A",,"G",1,"A",,"G",1,"A",,1
388511,"A",,"R",75720,"A",,"G",84,"A",,"G",84,"A",,1
388520,"R",19448,"A",,"A",,"G",648,"A",,"G",648,"A",,2
388663,"A",,"R",286396,"A",,"G",318,"A",,"G",318,"A",,1
388681,"A",,"R",58500,"A",,"G",65,"A",,"R",65,"A",,1
389727,"A",,"R",490150,"A",,"G",545,"A",,"G",545,"A",,1
389860,"A",,"R",101883,"A",,"G",113,"A",,"G",113,"A",,1
390394,"A",,"R",191000,"A",,"G",212,"A",,"R",191,"A",,1
390701,"R",178992,"A",,"R",8032,"G",3978,"G",223,"G",3978,"G",223,2
390905,"A",,"R",53340,"A",,"G",59,"A",,"G",59,"A",,1
391333,"A",,"R",88800,"A",,"G",99,"A",,"G",99,"A",,1
391546,"A",,"R",64960,"A",,"G",72,"A",,"G",72,"A",,1
391564,"R",5208,"A",,"A",,"G",174,"A",,"G",174,"A",,2
391582,"R",29607,"A",,"A",,"G",987,"A",,"G",987,"A",,2
391616,"A",,"R",59595,"A",,"G",66,"A",,"G",66,"A",,1
391759,"A",,"R",59616,"A",,"G",66,"A",,"G",66,"A",,1
391810,"A",,"R",162360,"A",,"G",180,"A",,"G",180,"A",,1
392257,"A",,"R",719002,"A",,"G",799,"A",,"G",799,"A",,1
392415,"R",32719,"A",,"A",,"G",1091,"A",,"G",1091,"A",,2
392798,"A",,"R",120000,"A",,"G",133,"A",,"G",133,"A",,1
392840,"R",6627,"A",,"R",465,"G",221,"G",19,"G",221,"G",19,2
393180,"R",0,"R",99216,"A",,"G",110,"A",,"R",144,"A",,3
393524,"R",0,"R",180019,"A",,"G",200,"A",,"G",200,"A",,3
393861,"A",,"R",269454,"A",,"G",299,"A",,"G",299,"A",,1
393977,"A",,"R",50285,"A",,"G",56,"A",,"R",63,"A",,1
394679,"A",,"R",199290,"A",,"G",221,"A",,"G",221,"A",,1
394846,"A",,"R",141930,"A",,"G",158,"A",,"G",158,"A",,1
395283,"A",,"R",115200,"A",,"G",128,"A",,"G",128,"A",,1
395362,"A",,"R",1322100,"A",,"G",1469,"A",,"G",1469,"A",,1
395733,"R",2770,"A",,"A",,"G",92,"A",,"R",117,"A",,2
396000,"A",,"R",112450,"A",,"G",125,"A",,"R",125,"A",,1
396152,"A",,"R",24700,"A",,"G",27,"A",,"G",27,"A",,1
396310,"A",,"R",70073,"A",,"G",78,"A",,"G",78,"A",,1
397270,"A",,"R",25440,"A",,"G",28,"A",,"R",28,"A",,1
397641,"A",,"R",279000,"A",,"G",310,"A",,"G",310,"A",,1
397942,"A",,"R",144000,"A",,"G",160,"A",,"G",160,"A",,1
398130,"R",40830,"A",,"A",,"G",907,"A",,"G",907,"A",,2
398574,"A",,"R",1390608,"A",,"G",1545,"A",,"R",1545,"A",,1
399212,"R",190947,"R",42595,"A",,"G",6412,"A",,"G",6412,"A",,3
399869,"R",26375,"A",,"A",,"G",879,"A",,"G",879,"A",,2
399911,"R",9657,"A",,"R",226,"G",322,"G",9,"R",321,"R",9,2
400080,"A",,"R",666719,"A",,"G",741,"A",,"G",741,"A",,1
400187,"A",,"R",596000,"A",,"G",662,"A",,"R",662,"A",,1
400637,"R",15710,"A",,"A",,"G",524,"A",,"G",524,"A",,2
401250,"A",,"A",,"R",3248,"A",,"G",135,"A",,"G",135,-2
401481,"A",,"R",153350,"A",,"G",170,"A",,"G",170,"A",,1
402493,"R",21584,"A",,"R",27398,"G",719,"G",1142,"G",719,"G",1142,2
402563,"A",,"R",306329,"A",,"G",340,"A",,"G",340,"A",,1
402615,"R",27510,"A",,"R",3332,"G",611,"G",93,"R",573,"R",104,2
402633,"R",4743,"A",,"A",,"G",158,"A",,"G",158,"A",,2
402776,"R",9342,"A",,"A",,"G",311,"A",,"G",311,"A",,2
402800,"A",,"R",735000,"A",,"G",817,"A",,"G",817,"A",,1
402828,"A",,"A",,"R",690,"A",,"G",29,"A",,"G",29,-2
403405,"A",,"R",82000,"A",,"G",91,"A",,"G",91,"A",,1
403414,"A",,"R",87000,"A",,"G",97,"A",,"G",97,"A",,1
403469,"R",25628,"A",,"A",,"G",854,"A",,"G",854,"A",,2
403478,"R",34232,"A",,"A",,"G",1141,"A",,"G",1141,"A",,2
403487,"R",64998,"A",,"A",,"G",2167,"A",,"G",2167,"A",,2
404055,"A",,"R",243559,"A",,"G",271,"A",,"G",271,"A",,1
404073,"R",95020,"A",,"R",2376,"G",2112,"G",66,"G",2112,"G",66,2
404082,"R",136354,"A",,"R",300,"G",3030,"G",8,"G",3030,"G",8,2
404329,"R",807,"A",,"A",,"G",18,"A",,"G",18,"A",,2
404338,"R",3216,"A",,"R",2085,"G",107,"G",87,"G",107,"G",87,2
404365,"R",23087,"A",,"A",,"G",513,"A",,"G",513,"A",,2
404374,"R",19536,"R",50600,"A",,"G",490,"A",,"G",490,"A",,3
404383,"R",53928,"A",,"A",,"G",1198,"A",,"G",1198,"A",,2
404426,"R",69813,"A",,"A",,"G",2327,"A",,"G",2327,"A",,2
404499,"A",,"R",1522980,"A",,"G",1692,"A",,"G",1692,"A",,1
404505,"A",,"R",290580,"A",,"G",323,"A",,"G",323,"A",,1
404514,"A",,"R",250509,"A",,"G",278,"A",,"G",278,"A",,1
404532,"A",,"R",54432,"A",,"G",60,"A",,"R",63,"A",,1
404648,"R",46749,"A",,"R",128,"G",1039,"G",4,"G",1039,"G",4,2
404657,"A",,"A",,"R",1764900,"A",,"G",73538,"A",,"G",73538,-2
404675,"A",,"R",606,"A",,"G",1,"A",,"G",1,"A",,1
404684,"A",,"R",601848,"A",,"G",669,"A",,"G",669,"A",,1
404718,"A",,"R",57600,"A",,"G",64,"A",,"G",64,"A",,1
404806,"R",9407,"A",,"A",,"G",314,"A",,"G",314,"A",,2
404912,"A",,"R",895493,"A",,"G",995,"A",,"G",995,"A",,1
404921,"R",30171,"A",,"A",,"G",1006,"A",,"R",1152,"A",,2
404949,"R",56622,"A",,"R",64523,"G",1887,"G",2688,"G",1887,"G",2688,2
404994,"R",127104,"A",,"A",,"G",4237,"A",,"G",4237,"A",,2
405003,"A",,"R",45000,"A",,"G",50,"A",,"G",50,"A",,1
405012,"A",,"R",65000,"A",,"G",72,"A",,"G",72,"A",,1
405021,"A",,"R",162000,"A",,"G",180,"A",,"G",180,"A",,1
405058,"R",3465,"A",,"A",,"G",116,"A",,"G",116,"A",,2
405076,"A",,"R",405900,"A",,"G",451,"A",,"G",451,"A",,1
405173,"R",8200,"A",,"A",,"G",273,"A",,"G",273,"A",,2
405562,"A",,"R",1117630,"A",,"G",1242,"A",,"G",1242,"A",,1
405748,"A",,"R",46729,"A",,"G",52,"A",,"G",52,"A",,1
405784,"A",,"A",,"R",6,"A",,"G",0,"A",,"Z",0,-2
405854,"R",4740,"A",,"A",,"G",158,"A",,"G",158,"A",,2
405872,"R",56234,"A",,"A",,"G",1874,"A",,"G",1874,"A",,2
405979,"R",57082,"A",,"R",23501,"G",1903,"G",979,"G",1903,"G",979,2
405988,"R",52790,"A",,"R",35138,"G",1760,"G",1464,"G",1760,"G",1464,2
405997,"R",93267,"A",,"R",21648,"G",3109,"G",902,"G",3109,"G",902,2
406006,"R",106919,"A",,"R",27451,"G",3564,"G",1144,"G",3564,"G",1144,2
406015,"R",284504,"A",,"R",62265,"G",9483,"G",2594,"G",9483,"G",2594,2
406024,"A",,"R",162000,"A",,"G",180,"A",,"G",180,"A",,1
406033,"A",,"R",180900,"A",,"G",201,"A",,"G",201,"A",,1
406051,"A",,"R",95000,"A",,"G",106,"A",,"G",106,"A",,1
406060,"A",,"R",124500,"A",,"G",138,"A",,"G",138,"A",,1
406149,"A",,"R",93720,"A",,"G",104,"A",,"G",104,"A",,1
406194,"R",8706,"A",,"A",,"G",193,"A",,"G",193,"A",,2
406200,"A",,"R",1222033,"A",,"G",1358,"A",,"G",1358,"A",,1
406219,"R",1632,"A",,"A",,"G",36,"A",,"G",36,"A",,2
406264,"R",32100,"R",348600,"A",,"G",1457,"A",,"G",1457,"A",,3
406273,"A",,"R",43008,"A",,"G",48,"A",,"G",48,"A",,1
406325,"A",,"R",59220,"A",,"G",66,"A",,"G",66,"A",,1
406361,"A",,"R",34916,"A",,"G",39,"A",,"G",39,"A",,1
406398,"A",,"R",500700,"A",,"G",556,"A",,"R",954,"A",,1
406413,"A",,"R",78480,"A",,"G",87,"A",,"G",87,"A",,1
406422,"A",,"R",87281,"A",,"G",97,"A",,"G",97,"A",,1
406486,"R",2800,"A",,"A",,"G",93,"A",,"G",93,"A",,2
406495,"A",,"R",168049,"A",,"G",187,"A",,"G",187,"A",,1
406547,"R",16595,"A",,"A",,"G",369,"A",,"G",369,"A",,2
406556,"A",,"R",130248,"A",,"G",145,"A",,"G",145,"A",,1
407009,"R",157713,"A",,"R",18122,"G",5257,"G",755,"G",5257,"G",755,2
407054,"R",5485,"A",,"A",,"G",122,"A",,"R",159,"A",,2
407063,"R",31485,"A",,"A",,"G",700,"A",,"G",700,"A",,2
407090,"A",,"R",382000,"A",,"G",424,"A",,"G",424,"A",,1
407106,"A",,"R",71660,"A",,"G",80,"A",,"G",80,"A",,1
407142,"A",,"R",90750,"A",,"G",101,"A",,"G",101,"A",,1
407151,"A",,"R",270000,"A",,"G",300,"A",,"G",300,"A",,1
407179,"A",,"R",299200,"A",,"G",332,"A",,"G",332,"A",,1
407285,"R",29478,"A",,"A",,"G",655,"A",,"G",655,"A",,2
407319,"R",17536,"A",,"A",,"G",390,"A",,"G",390,"A",,2
407328,"A",,"R",79236,"A",,"G",88,"A",,"G",88,"A",,1
407355,"A",,"R",110740,"A",,"G",123,"A",,"G",123,"A",,1
407382,"A",,"R",27600,"A",,"G",31,"A",,"G",31,"A",,1
407391,"A",,"R",136162,"A",,"G",151,"A",,"G",151,"A",,1
407407,"A",,"R",91117,"A",,"G",101,"A",,"G",101,"A",,1
407425,"A",,"R",120732,"A",,"G",134,"A",,"G",134,"A",,1
407434,"A",,"R",119790,"A",,"G",133,"A",,"G",133,"A",,1
407443,"A",,"R",9216,"A",,"G",10,"A",,"G",10,"A",,1
407452,"A",,"R",64053,"A",,"G",71,"A",,"G",71,"A",,1
407461,"A",,"R",153300,"A",,"G",170,"A",,"G",170,"A",,1
407470,"A",,"R",136566,"A",,"G",152,"A",,"R",100,"A",,1
407489,"A",,"R",17100,"A",,"G",19,"A",,"G",19,"A",,1
407504,"A",,"R",113550,"A",,"G",126,"A",,"G",126,"A",,1
407513,"A",,"R",185400,"A",,"G",206,"A",,"G",206,"A",,1
407522,"A",,"R",22584,"A",,"G",25,"A",,"G",25,"A",,1
407568,"A",,"R",43642,"A",,"G",48,"A",,"G",48,"A",,1
407577,"A",,"R",199600,"A",,"G",222,"A",,"G",222,"A",,1
407595,"A",,"R",140110,"A",,"G",156,"A",,"G",156,"A",,1
407601,"A",,"R",22401,"A",,"G",25,"A",,"G",25,"A",,1
407629,"A",,"A",,"R",125061,"A",,"G",5211,"A",,"G",5211,-2
407638,"R",25457,"A",,"A",,"G",849,"A",,"G",849,"A",,2
407665,"R",2272,"A",,"A",,"G",76,"A",,"G",76,"A",,2
407683,"A",,"R",73165,"A",,"G",81,"A",,"G",81,"A",,1
407692,"R",11124,"A",,"A",,"G",371,"A",,"G",371,"A",,2
407708,"A",,"R",312202,"A",,"G",347,"A",,"G",347,"A",,1
407726,"A",,"R",165750,"A",,"G",184,"A",,"G",184,"A",,1
407735,"A",,"R",144750,"A",,"G",161,"A",,"G",161,"A",,1
407744,"A",,"R",53278,"A",,"G",59,"A",,"G",59,"A",,1
407832,"A",,"R",49293,"A",,"G",55,"A",,"G",55,"A",,1
407975,"R",19750,"A",,"A",,"G",658,"A",,"G",658,"A",,2
407984,"R",5346,"A",,"A",,"G",178,"A",,"G",178,"A",,2
408002,"R",3973,"A",,"A",,"G",132,"A",,"G",132,"A",,2
408039,"R",28800,"A",,"A",,"G",640,"A",,"G",640,"A",,2
408057,"A",,"R",124860,"A",,"G",139,"A",,"R",138,"A",,1
408066,"A",,"R",101040,"A",,"G",112,"A",,"G",112,"A",,1
408163,"A",,"R",61500,"A",,"G",68,"A",,"G",68,"A",,1
408312,"R",2790,"A",,"A",,"G",93,"A",,"G",93,"A",,2
408385,"A",,"R",405900,"A",,"G",451,"A",,"G",451,"A",,1
408394,"A",,"R",414941,"A",,"G",461,"A",,"G",461,"A",,1
408437,"R",1852,"A",,"A",,"G",62,"A",,"G",62,"A",,2
408844,"R",90390,"A",,"A",,"G",3013,"A",,"G",3013,"A",,2
408862,"A",,"R",150300,"A",,"G",167,"A",,"G",167,"A",,1
409032,"A",,"R",264600,"A",,"G",294,"A",,"R",263,"A",,1
409069,"R",28364,"A",,"A",,"G",630,"A",,"G",630,"A",,2
409120,"R",1041,"R",201436,"A",,"G",259,"A",,"G",259,"A",,3
409166,"A",,"R",146022,"A",,"G",162,"A",,"R",168,"A",,1
409193,"A",,"R",614700,"A",,"G",683,"A",,"G",683,"A",,1
409209,"A",,"R",142500,"A",,"G",158,"A",,"G",158,"A",,1
409245,"A",,"R",20631,"A",,"G",23,"A",,"R",23,"A",,1
409254,"A",,"A",,"R",3445,"A",,"G",144,"A",,"G",144,-2
409281,"R",4968,"R",103110,"A",,"G",280,"A",,"G",280,"A",,3
409315,"R",267723,"A",,"A",,"G",8924,"A",,"G",8924,"A",,2
409324,"A",,"R",23270,"A",,"G",26,"A",,"G",26,"A",,1
409333,"R",5112,"A",,"A",,"G",114,"A",,"G",114,"A",,2
409537,"A",,"R",95708,"A",,"G",106,"A",,"G",106,"A",,1
409546,"A",,"R",132480,"A",,"G",147,"A",,"G",147,"A",,1
409591,"A",,"R",82800,"A",,"G",92,"A",,"G",92,"A",,1
409670,"A",,"R",2372400,"A",,"G",2636,"A",,"G",2636,"A",,1
409698,"R",99730,"A",,"R",7363,"G",3324,"G",307,"R",3319,"R",251,2
409829,"R",24564,"A",,"A",,"G",819,"A",,"G",819,"A",,2
409838,"R",125808,"R",375408,"A",,"G",3213,"A",,"G",3213,"A",,3
409874,"R",32906,"A",,"A",,"G",731,"A",,"G",731,"A",,2
410070,"R",12120,"A",,"A",,"G",404,"A",,"G",404,"A",,2
410283,"R",7568,"A",,"A",,"G",168,"A",,"G",168,"A",,2
410496,"R",10469,"A",,"A",,"G",349,"A",,"G",349,"A",,2
410502,"R",35636,"A",,"A",,"G",792,"A",,"G",792,"A",,2
410520,"A",,"R",197256,"A",,"G",219,"A",,"G",219,"A",,1
410539,"A",,"R",798077,"A",,"G",887,"A",,"G",887,"A",,1
410788,"A",,"R",168080,"A",,"G",187,"A",,"G",187,"A",,1
410797,"A",,"R",90104,"A",,"G",100,"A",,"R",125,"A",,1
411055,"A",,"R",385380,"A",,"G",428,"A",,"G",428,"A",,1
411374,"A",,"R",303300,"A",,"G",337,"A",,"R",350,"A",,1
411684,"A",,"R",272407,"A",,"G",303,"A",,"R",348,"A",,1
411754,"A",,"R",70305,"A",,"G",78,"A",,"R",22,"A",,1
411806,"R",4494,"R",25200,"A",,"G",178,"A",,"R",178,"A",,3
412003,"A",,"R",74850,"A",,"G",83,"A",,"G",83,"A",,1
412173,"A",,"R",322086,"A",,"G",358,"A",,"G",358,"A",,1
412535,"A",,"R",40500,"A",,"G",45,"A",,"G",45,"A",,1
412544,"A",,"R",141125,"A",,"G",157,"A",,"G",157,"A",,1
412599,"R",31988,"A",,"A",,"G",711,"A",,"G",711,"A",,2
412650,"A",,"R",29840,"A",,"G",33,"A",,"G",33,"A",,1
412854,"A",,"R",76000,"A",,"G",84,"A",,"G",84,"A",,1
413176,"A",,"R",23055,"A",,"G",26,"A",,"G",26,"A",,1
413185,"R",4925,"A",,"A",,"G",164,"A",,"R",109,"A",,2
413343,"A",,"R",54000,"A",,"G",60,"A",,"G",60,"A",,1
413413,"R",45960,"A",,"R",198740,"G",1021,"G",5521,"G",1021,"G",5521,2
413501,"A",,"R",720,"A",,"G",1,"A",,"G",1,"A",,1
413565,"R",7536,"A",,"A",,"G",251,"A",,"G",251,"A",,2
413617,"R",9071,"A",,"A",,"G",302,"A",,"G",302,"A",,2
413626,"A",,"R",53912,"A",,"G",60,"A",,"G",60,"A",,1
413635,"A",,"R",967936,"A",,"G",1075,"A",,"G",1075,"A",,1
413644,"A",,"A",,"R",6673,"A",,"G",278,"A",,"R",127,-2
413680,"A",,"R",578700,"A",,"G",643,"A",,"G",643,"A",,1
413723,"R",8304,"A",,"A",,"G",277,"A",,"G",277,"A",,2
413778,"R",1805,"A",,"A",,"G",60,"A",,"G",60,"A",,2
413802,"A",,"R",580000,"A",,"G",644,"A",,"R",720,"A",,1
413820,"A",,"R",34000,"A",,"G",38,"A",,"G",38,"A",,1
413839,"R",15074,"A",,"A",,"G",335,"A",,"G",335,"A",,2
413848,"R",22814,"A",,"A",,"G",507,"A",,"G",507,"A",,2
413857,"R",21828,"A",,"A",,"G",485,"A",,"G",485,"A",,2
413866,"R",21508,"A",,"A",,"G",478,"A",,"G",478,"A",,2
413884,"R",24339,"A",,"A",,"G",541,"A",,"G",541,"A",,2
413909,"R",195,"A",,"A",,"G",7,"A",,"R",8,"A",,2
413918,"R",1120,"A",,"A",,"G",37,"A",,"R",35,"A",,2
413945,"A",,"R",218088,"A",,"G",242,"A",,"G",242,"A",,1
413972,"A",,"R",204000,"A",,"G",227,"A",,"G",227,"A",,1
414027,"R",12083,"A",,"A",,"G",269,"A",,"G",269,"A",,2
414036,"R",16790,"A",,"A",,"G",373,"A",,"G",373,"A",,2
414054,"A",,"R",46592,"A",,"G",52,"A",,"R",48,"A",,1
414063,"A",,"R",100700,"A",,"G",112,"A",,"G",112,"A",,1
414124,"R",5570,"A",,"A",,"G",186,"A",,"G",186,"A",,2
414160,"R",47021,"A",,"R",63,"G",1045,"G",2,"G",1045,"G",2,2
414179,"R",3150,"A",,"A",,"G",105,"A",,"G",105,"A",,2
414452,"A",,"R",95343,"A",,"G",106,"A",,"G",106,"A",,1
414461,"R",120240,"A",,"A",,"G",2672,"A",,"G",2672,"A",,2
414489,"A",,"R",151659,"A",,"G",169,"A",,"G",169,"A",,1
414531,"R",11280,"A",,"A",,"G",251,"A",,"G",251,"A",,2
414540,"A",,"R",280453,"A",,"G",312,"A",,"G",312,"A",,1
414559,"A",,"R",35000,"A",,"G",39,"A",,"G",39,"A",,1
414568,"R",20743,"A",,"A",,"G",461,"A",,"G",461,"A",,2
414586,"R",19680,"A",,"A",,"G",437,"A",,"G",437,"A",,2
414595,"A",,"A",,"R",16964,"A",,"G",707,"A",,"G",707,-2
414708,"R",74664,"A",,"R",27597,"G",1659,"G",767,"G",1659,"G",767,2
414823,"R",105816,"A",,"A",,"G",2351,"A",,"G",2351,"A",,2
414841,"R",18256,"A",,"A",,"G",406,"A",,"G",406,"A",,2
414850,"R",38389,"A",,"A",,"G",853,"A",,"G",853,"A",,2
414878,"R",2980,"A",,"A",,"G",99,"A",,"G",99,"A",,2
414911,"R",28989,"A",,"A",,"G",966,"A",,"G",966,"A",,2
414939,"R",6724,"A",,"A",,"G",224,"A",,"G",224,"A",,2
414966,"A",,"A",,"R",3349,"A",,"G",140,"A",,"G",140,-2
415011,"R",0,"Z",0,"A",,"G",0,"A",,"Z",0,"A",,2
415039,"A",,"R",46325,"A",,"G",51,"A",,"G",51,"A",,1
415057,"A",,"R",36192,"A",,"G",40,"A",,"G",40,"A",,1
415376,"A",,"R",380000,"A",,"G",422,"A",,"G",422,"A",,1
415561,"R",912,"A",,"A",,"G",30,"A",,"G",30,"A",,2
415729,"A",,"R",18977,"A",,"G",21,"A",,"G",21,"A",,1
415774,"R",21301,"A",,"A",,"G",710,"A",,"G",710,"A",,2
415987,"A",,"R",545579,"A",,"G",606,"A",,"R",606,"A",,1
416458,"R",11370,"A",,"A",,"G",379,"A",,"R",379,"A",,2
416670,"R",131850,"A",,"A",,"G",4395,"A",,"G",4395,"A",,2
416801,"R",368,"A",,"A",,"G",12,"A",,"G",12,"A",,2
416962,"R",66948,"A",,"R",25912,"G",2232,"G",1080,"G",2232,"G",1080,2
416971,"A",,"R",81824,"A",,"G",91,"A",,"G",91,"A",,1
416980,"A",,"R",99598,"A",,"G",111,"A",,"G",111,"A",,1
417062,"A",,"R",82083,"A",,"G",91,"A",,"G",91,"A",,1
417105,"A",,"R",426260,"A",,"G",474,"A",,"G",474,"A",,1
417114,"R",19200,"A",,"A",,"G",640,"A",,"G",640,"A",,2
417123,"A",,"R",183175,"A",,"G",204,"A",,"G",204,"A",,1
417132,"A",,"R",237455,"A",,"G",264,"A",,"R",248,"A",,1
417318,"R",7501,"A",,"A",,"G",250,"A",,"G",250,"A",,2
417327,"R",13054,"A",,"A",,"G",290,"A",,"R",243,"A",,2
417345,"A",,"A",,"R",17520,"A",,"G",730,"A",,"R",12,-2
417381,"A",,"R",99143,"A",,"G",110,"A",,"G",110,"A",,1
417390,"A",,"R",34500,"A",,"G",38,"A",,"G",38,"A",,1
417406,"A",,"R",62198,"A",,"G",69,"A",,"G",69,"A",,1
417415,"A",,"R",21224,"A",,"G",24,"A",,"G",24,"A",,1
417433,"A",,"R",52200,"A",,"G",58,"A",,"G",58,"A",,1
417442,"A",,"R",95049,"A",,"G",106,"A",,"G",106,"A",,1
417497,"A",,"R",180000,"A",,"G",200,"A",,"R",120,"A",,1
417503,"A",,"R",226950,"A",,"G",252,"A",,"G",252,"A",,1
417549,"R",17685,"R",385332,"A",,"G",1018,"A",,"G",1018,"A",,3
417567,"R",8532,"A",,"A",,"G",284,"A",,"G",284,"A",,2
417576,"A",,"R",139500,"A",,"G",155,"A",,"G",155,"A",,1
417628,"A",,"R",52933,"A",,"G",59,"A",,"G",59,"A",,1
417637,"A",,"R",106892,"A",,"G",119,"A",,"G",119,"A",,1
417646,"A",,"R",35474,"A",,"G",39,"A",,"G",39,"A",,1
417673,"A",,"R",67950,"A",,"G",76,"A",,"G",76,"A",,1
417682,"A",,"R",28440,"A",,"G",32,"A",,"G",32,"A",,1
417716,"A",,"R",190080,"A",,"G",211,"A",,"G",211,"A",,1
417725,"A",,"R",68000,"A",,"G",76,"A",,"G",76,"A",,1
417734,"R",3307,"A",,"A",,"G",110,"A",,"G",110,"A",,2
417743,"A",,"R",120000,"A",,"G",133,"A",,"G",133,"A",,1
417752,"R",2696,"A",,"A",,"G",90,"A",,"G",90,"A",,2
417761,"R",1569,"A",,"A",,"G",52,"A",,"G",52,"A",,2
417789,"R",127500,"A",,"A",,"G",4250,"A",,"G",4250,"A",,2
417798,"A",,"R",72000,"A",,"G",80,"A",,"G",80,"A",,1
417804,"A",,"R",69400,"A",,"G",77,"A",,"G",77,"A",,1
417822,"R",8172,"R",13020,"A",,"G",287,"A",,"G",287,"A",,3
417831,"A",,"R",101080,"A",,"G",112,"A",,"R",108,"A",,1
417840,"R",96,"R",1800,"A",,"G",5,"A",,"R",5,"A",,3
417868,"A",,"R",42000,"A",,"G",47,"A",,"R",35,"A",,1
417886,"A",,"R",93060,"A",,"G",103,"A",,"G",103,"A",,1
417901,"R",49,"A",,"R",0,"G",2,"G",0,"G",2,"Z",0,2
417910,"Z",0,"R",0,"A",,"G",0,"A",,"Z",0,"A",,1
417947,"A",,"R",73066,"A",,"G",81,"A",,"G",81,"A",,1
417974,"A",,"R",67851,"A",,"G",75,"A",,"G",75,"A",,1
417983,"A",,"R",61313,"A",,"G",68,"A",,"G",68,"A",,1
417992,"A",,"R",1104,"A",,"G",1,"A",,"G",1,"A",,1
418001,"A",,"R",124200,"A",,"G",138,"A",,"G",138,"A",,1
418010,"A",,"R",70800,"A",,"G",79,"A",,"R",77,"A",,1
418029,"A",,"R",188400,"A",,"G",209,"A",,"G",209,"A",,1
418038,"A",,"R",108900,"A",,"G",121,"A",,"R",99,"A",,1
418056,"A",,"R",149400,"A",,"G",166,"A",,"G",166,"A",,1
418065,"A",,"R",189247,"A",,"G",210,"A",,"G",210,"A",,1
418074,"A",,"R",19800,"A",,"G",22,"A",,"G",22,"A",,1
418083,"A",,"R",58320,"A",,"G",65,"A",,"G",65,"A",,1
418126,"R",21427,"A",,"R",3787,"G",714,"G",158,"R",595,"R",105,2
418162,"A",,"R",341474,"A",,"G",379,"A",,"G",379,"A",,1
418171,"A",,"R",36900,"A",,"G",41,"A",,"G",41,"A",,1
418199,"A",,"R",52169,"A",,"G",58,"A",,"R",81,"A",,1
418205,"A",,"R",116358,"A",,"G",129,"A",,"G",129,"A",,1
418223,"A",,"R",92400,"A",,"G",103,"A",,"G",103,"A",,1
418250,"A",,"R",82080,"A",,"G",91,"A",,"G",91,"A",,1
418269,"R",4370,"A",,"A",,"G",97,"A",,"G",97,"A",,2
418278,"A",,"R",59384,"A",,"G",66,"A",,"G",66,"A",,1
418287,"A",,"R",427925,"A",,"G",475,"A",,"G",475,"A",,1
418296,"A",,"R",63912,"A",,"G",71,"A",,"G",71,"A",,1
418302,"A",,"R",250950,"A",,"G",279,"A",,"G",279,"A",,1
418320,"A",,"R",130574,"A",,"G",145,"A",,"G",145,"A",,1
418339,"A",,"R",138600,"A",,"G",154,"A",,"G",154,"A",,1
418348,"A",,"R",65439,"A",,"G",73,"A",,"G",73,"A",,1
418357,"A",,"R",250748,"A",,"G",279,"A",,"G",279,"A",,1
418409,"A",,"R",1540,"A",,"G",2,"A",,"G",2,"A",,1
418418,"A",,"R",53820,"A",,"G",60,"A",,"G",60,"A",,1
418427,"A",,"R",100037,"A",,"G",111,"A",,"G",111,"A",,1
418445,"A",,"R",45180,"A",,"G",50,"A",,"G",50,"A",,1
418463,"A",,"A",,"R",4560,"A",,"G",190,"A",,"R",3,-2
418481,"A",,"R",47700,"A",,"G",53,"A",,"G",53,"A",,1
418506,"A",,"R",58896,"A",,"G",65,"A",,"R",65,"A",,1
418515,"A",,"R",91686,"A",,"G",102,"A",,"G",102,"A",,1
418524,"A",,"R",38535,"A",,"G",43,"A",,"G",43,"A",,1
418533,"A",,"R",460435,"A",,"G",512,"A",,"G",512,"A",,1
418542,"A",,"R",80850,"A",,"G",90,"A",,"G",90,"A",,1
418588,"A",,"R",44080,"A",,"G",49,"A",,"G",49,"A",,1
418603,"A",,"R",72726,"A",,"G",81,"A",,"G",81,"A",,1
418612,"A",,"R",45469,"A",,"G",51,"A",,"R",41,"A",,1
418658,"R",14400,"A",,"A",,"G",480,"A",,"G",480,"A",,2
418676,"A",,"R",29500,"A",,"G",33,"A",,"G",33,"A",,1
418700,"A",,"R",673000,"A",,"G",748,"A",,"G",748,"A",,1
418719,"R",5448,"A",,"A",,"G",182,"A",,"G",182,"A",,2
418737,"A",,"R",136800,"A",,"G",152,"A",,"G",152,"A",,1
418755,"A",,"R",63139,"A",,"G",70,"A",,"G",70,"A",,1
418764,"A",,"R",129600,"A",,"G",144,"A",,"R",125,"A",,1
418773,"R",56940,"A",,"A",,"G",1898,"A",,"G",1898,"A",,2
418782,"R",5904,"A",,"A",,"G",197,"A",,"G",197,"A",,2
418791,"A",,"R",124200,"A",,"G",138,"A",,"G",138,"A",,1
418870,"R",53615,"A",,"A",,"G",1787,"A",,"G",1787,"A",,2
418889,"R",329,"R",51810,"A",,"G",69,"A",,"G",69,"A",,3
418898,"A",,"R",106,"A",,"G",0,"A",,"Z",0,"A",,1
418904,"A",,"R",15300,"A",,"G",17,"A",,"G",17,"A",,1
418913,"A",,"R",90000,"A",,"G",100,"A",,"G",100,"A",,1
418968,"A",,"R",390900,"A",,"G",434,"A",,"G",434,"A",,1
418977,"A",,"R",10800,"A",,"G",12,"A",,"G",12,"A",,1
419004,"A",,"R",240840,"A",,"G",268,"A",,"G",268,"A",,1
419022,"R",36421,"A",,"A",,"G",1214,"A",,"G",1214,"A",,2
419031,"A",,"R",35100,"A",,"G",39,"A",,"G",39,"A",,1
419095,"R",1616,"A",,"A",,"G",54,"A",,"G",54,"A",,2
419101,"A",,"R",101820,"A",,"G",113,"A",,"G",113,"A",,1
419147,"A",,"R",109000,"A",,"G",121,"A",,"R",121,"A",,1
419156,"A",,"R",289050,"A",,"G",321,"A",,"G",321,"A",,1
419183,"A",,"R",312450,"A",,"G",347,"A",,"G",347,"A",,1
419217,"A",,"R",172680,"A",,"G",192,"A",,"G",192,"A",,1
419226,"A",,"R",253954,"A",,"G",282,"A",,"G",282,"A",,1
419235,"A",,"R",175500,"A",,"G",195,"A",,"G",195,"A",,1
419244,"A",,"R",64414,"A",,"G",72,"A",,"G",72,"A",,1
419253,"A",,"R",130338,"A",,"G",145,"A",,"G",145,"A",,1
419262,"A",,"R",58880,"A",,"G",65,"A",,"G",65,"A",,1
419271,"A",,"R",59760,"A",,"G",66,"A",,"G",66,"A",,1
419280,"A",,"R",79500,"A",,"G",88,"A",,"G",88,"A",,1
419305,"R",2852,"A",,"A",,"G",95,"A",,"G",95,"A",,2
419314,"A",,"R",30422,"A",,"G",34,"A",,"G",34,"A",,1
419341,"A",,"R",124200,"A",,"G",138,"A",,"G",138,"A",,1
419350,"R",7824,"A",,"A",,"G",261,"A",,"G",261,"A",,2
419378,"R",7548,"A",,"A",,"G",252,"A",,"G",252,"A",,2
419411,"A",,"R",201850,"A",,"G",224,"A",,"R",261,"A",,1
419420,"A",,"R",40500,"A",,"G",45,"A",,"R",39,"A",,1
419439,"A",,"R",124300,"A",,"G",138,"A",,"G",138,"A",,1
419457,"R",564,"A",,"R",13655,"G",19,"G",569,"G",19,"G",569,2
419466,"P",0,"P",117000,"P",0,"P",130,"P",0,"P",130,"P",0,1
419484,"A",,"R",1500,"A",,"G",2,"A",,"G",2,"A",,1
419509,"R",75315,"A",,"R",19276,"G",2511,"G",803,"G",2511,"G",803,2
419572,"R",14183,"A",,"A",,"G",315,"A",,"G",315,"A",,2
419633,"A",,"R",68036,"A",,"G",76,"A",,"G",76,"A",,1
419660,"A",,"R",482872,"A",,"G",537,"A",,"G",537,"A",,1
419688,"A",,"R",56485,"A",,"G",63,"A",,"G",63,"A",,1
419703,"R",7824,"A",,"A",,"G",261,"A",,"G",261,"A",,2
419712,"R",3432,"A",,"A",,"G",114,"A",,"G",114,"A",,2
419721,"R",7344,"A",,"A",,"G",245,"A",,"G",245,"A",,2
420006,"R",19271,"A",,"R",808,"G",428,"G",22,"G",428,"G",22,2
420024,"R",13206,"A",,"A",,"G",440,"A",,"G",440,"A",,2
420042,"R",23567,"A",,"R",10440,"G",786,"G",435,"G",786,"G",435,2
420103,"R",5236,"A",,"A",,"G",175,"A",,"G",175,"A",,2
420130,"R",88,"R",9000,"A",,"G",13,"A",,"R",13,"A",,3
420194,"A",,"R",240300,"A",,"G",267,"A",,"G",267,"A",,1
420200,"A",,"R",314000,"A",,"G",349,"A",,"R",349,"A",,1
420255,"A",,"R",172800,"A",,"G",192,"A",,"R",192,"A",,1
420307,"Z",0,"R",1212424,"R",2640,"G",1347,"G",73,"G",1347,"G",73,1
420316,"R",44980,"A",,"A",,"G",1000,"A",,"G",1000,"A",,2
420325,"R",2970,"A",,"R",150,"G",99,"G",6,"G",99,"G",6,2
420343,"R",35490,"A",,"A",,"G",1183,"A",,"G",1183,"A",,2
420352,"R",841,"A",,"A",,"G",28,"A",,"G",28,"A",,2
420398,"A",,"R",2872288,"A",,"G",3191,"A",,"G",3191,"A",,1
420404,"R",29357,"A",,"A",,"G",652,"A",,"G",652,"A",,2
420431,"R",28701,"A",,"A",,"G",638,"A",,"G",638,"A",,2
420440,"R",15019,"A",,"A",,"G",501,"A",,"G",501,"A",,2
420459,"A",,"R",135200,"A",,"G",150,"A",,"G",150,"A",,1
420468,"A",,"R",165687,"A",,"G",184,"A",,"G",184,"A",,1
420495,"R",18512,"R",455601,"A",,"G",1123,"A",,"G",1123,"A",,3
420501,"R",0,"R",888600,"A",,"G",987,"A",,"G",987,"A",,3
420538,"R",27482,"A",,"A",,"G",916,"A",,"G",916,"A",,2
420556,"R",23660,"A",,"A",,"G",526,"A",,"G",526,"A",,2
420574,"R",52915,"A",,"R",8490,"G",1764,"G",354,"G",1764,"G",354,2
420583,"R",0,"R",81420,"A",,"G",90,"A",,"R",90,"A",,3
420608,"A",,"R",326188,"A",,"G",362,"A",,"G",362,"A",,1
420723,"R",3250,"A",,"A",,"G",72,"A",,"R",72,"A",,2
420857,"A",,"R",347760,"A",,"G",386,"A",,"R",386,"A",,1
420866,"R",722,"A",,"R",7491,"G",24,"G",312,"G",24,"G",312,2
420945,"A",,"R",0,"A",,"G",0,"A",,"Z",0,"A",,1
420981,"A",,"R",167550,"A",,"G",186,"A",,"G",186,"A",,1
421009,"R",45016,"A",,"R",13784,"G",1501,"G",574,"G",1501,"G",574,2
421018,"R",70233,"A",,"R",18916,"G",2341,"G",788,"G",2341,"G",788,2
421513,"R",6640,"A",,"A",,"G",148,"A",,"G",148,"A",,2
421540,"A",,"R",15690,"A",,"G",17,"A",,"G",17,"A",,1
421559,"A",,"R",10208,"A",,"G",11,"A",,"G",11,"A",,1
421586,"A",,"R",183450,"A",,"G",204,"A",,"G",204,"A",,1
421601,"A",,"R",25159,"A",,"G",28,"A",,"G",28,"A",,1
421610,"A",,"R",140800,"A",,"G",156,"A",,"G",156,"A",,1
421647,"A",,"R",152878,"A",,"G",170,"A",,"G",170,"A",,1
421665,"A",,"R",19315,"A",,"G",21,"A",,"G",21,"A",,1
421708,"R",5713,"A",,"A",,"G",190,"A",,"G",190,"A",,2
421717,"A",,"R",11700,"A",,"G",13,"A",,"G",13,"A",,1
421771,"A",,"R",75550,"A",,"G",84,"A",,"G",84,"A",,1
421832,"R",10611,"A",,"A",,"G",236,"A",,"G",236,"A",,2
421841,"A",,"R",137844,"A",,"G",153,"A",,"G",153,"A",,1
421878,"A",,"R",239214,"A",,"G",266,"A",,"G",266,"A",,1
421896,"A",,"R",278000,"A",,"G",309,"A",,"G",309,"A",,1
421902,"A",,"R",150000,"A",,"G",167,"A",,"R",150,"A",,1
421920,"R",6382,"A",,"A",,"G",213,"A",,"G",213,"A",,2
421939,"R",948,"A",,"A",,"G",32,"A",,"G",32,"A",,2
421975,"A",,"A",,"R",9300,"A",,"G",388,"A",,"R",6,-2
422020,"R",1620,"A",,"A",,"G",54,"A",,"R",54,"A",,2
422039,"A",,"R",86400,"A",,"G",96,"A",,"G",96,"A",,1
422695,"A",,"R",365500,"A",,"G",406,"A",,"G",406,"A",,1
422835,"A",,"R",47937,"A",,"G",53,"A",,"G",53,"A",,1
423120,"R",26604,"A",,"A",,"G",887,"A",,"G",887,"A",,2
423397,"A",,"R",157425,"A",,"G",175,"A",,"G",175,"A",,1
423412,"A",,"R",75849,"A",,"G",84,"A",,"G",84,"A",,1
423476,"R",7206,"A",,"A",,"G",160,"A",,"G",160,"A",,2
423582,"A",,"R",216360,"A",,"G",240,"A",,"G",240,"A",,1
423643,"R",2975,"A",,"R",5969,"G",66,"G",166,"G",66,"G",166,2
423652,"R",11323,"R",148515,"A",,"G",417,"A",,"G",417,"A",,3
423670,"R",13627,"A",,"A",,"G",303,"A",,"G",303,"A",,2
423980,"A",,"R",1769050,"A",,"G",1966,"A",,"R",1368,"A",,1
424424,"R",298800,"A",,"A",,"G",9960,"A",,"G",9960,"A",,2
425250,"A",,"R",105875,"A",,"G",118,"A",,"G",118,"A",,1
425296,"R",2628,"A",,"R",568,"G",88,"G",24,"G",88,"G",24,2
425393,"A",,"R",38450,"A",,"G",43,"A",,"G",43,"A",,1
425889,"R",2298,"A",,"A",,"G",77,"A",,"G",77,"A",,2
425986,"A",,"R",153319,"A",,"G",170,"A",,"G",170,"A",,1
426314,"R",167148,"A",,"R",48192,"G",5572,"G",2008,"G",5572,"G",2008,2
427308,"A",,"R",243577,"A",,"G",271,"A",,"G",271,"A",,1
427335,"A",,"R",46300,"A",,"G",51,"A",,"G",51,"A",,1
427663,"R",19289,"A",,"A",,"G",429,"A",,"G",429,"A",,2
427894,"A",,"R",161830,"A",,"G",180,"A",,"G",180,"A",,1
427919,"A",,"R",127890,"A",,"G",142,"A",,"G",142,"A",,1
427973,"R",16000,"A",,"A",,"G",533,"A",,"R",200,"A",,2
427982,"R",17770,"A",,"A",,"G",592,"A",,"G",592,"A",,2
427991,"A",,"R",648165,"A",,"G",720,"A",,"G",720,"A",,1
428000,"R",8100,"A",,"A",,"G",180,"A",,"G",180,"A",,2
428019,"A",,"R",147525,"A",,"G",164,"A",,"G",164,"A",,1
428037,"A",,"R",27000,"A",,"G",30,"A",,"G",30,"A",,1
428055,"R",4109,"A",,"A",,"G",137,"A",,"R",148,"A",,2
428073,"A",,"R",43500,"A",,"G",48,"A",,"G",48,"A",,1
428091,"R",5976,"A",,"A",,"G",199,"A",,"G",199,"A",,2
428107,"A",,"A",,"R",5166,"A",,"G",215,"A",,"R",100,-2
428125,"A",,"R",166475,"A",,"G",185,"A",,"R",149,"A",,1
428143,"A",,"R",122570,"A",,"G",136,"A",,"G",136,"A",,1
428170,"R",6935,"A",,"A",,"G",231,"A",,"G",231,"A",,2
428222,"A",,"R",160710,"A",,"G",5536,"A",,"G",5536,"A",,1
428259,"R",9281,"A",,"R",0,"G",309,"G",0,"G",309,"Z",0,2
428268,"R",1206,"A",,"R",7582,"G",40,"G",316,"G",40,"G",316,2
428286,"R",55864,"A",,"A",,"G",1241,"A",,"G",1241,"A",,2
428295,"A",,"R",45680,"A",,"G",51,"A",,"G",51,"A",,1
428329,"R",6218,"A",,"A",,"G",138,"A",,"G",138,"A",,2
428347,"A",,"R",36639,"A",,"G",41,"A",,"G",41,"A",,1
428392,"R",30613,"A",,"A",,"G",680,"A",,"R",755,"A",,2
428444,"R",63505,"A",,"A",,"G",1411,"A",,"G",1411,"A",,2
429003,"A",,"R",226800,"A",,"G",252,"A",,"G",252,"A",,1
429012,"A",,"R",113093,"A",,"G",126,"A",,"G",126,"A",,1
429021,"A",,"R",110880,"A",,"G",123,"A",,"G",123,"A",,1
429076,"R",129,"A",,"R",2567,"G",4,"G",107,"G",4,"G",107,2
429085,"A",,"A",,"R",3523,"A",,"G",147,"A",,"G",147,-2
429094,"A",,"A",,"R",9030,"A",,"G",251,"A",,"R",242,-2
429100,"A",,"R",65570,"A",,"G",73,"A",,"R",72,"A",,1
429128,"R",6050,"A",,"A",,"G",202,"A",,"G",202,"A",,2
429216,"R",11830,"A",,"A",,"G",394,"A",,"G",394,"A",,2
429599,"R",19845,"A",,"A",,"G",441,"A",,"G",441,"A",,2
430050,"A",,"R",1248060,"A",,"G",1387,"A",,"G",1387,"A",,1
430087,"R",6732,"A",,"R",4991,"G",150,"G",139,"R",140,"R",156,2
430096,"R",0,"Z",0,"A",,"G",0,"A",,"Z",0,"A",,2
430102,"R",2981,"A",,"A",,"G",99,"A",,"G",99,"A",,2
430148,"R",20543,"A",,"A",,"G",457,"A",,"G",457,"A",,2
430157,"R",9405,"A",,"A",,"G",314,"A",,"G",314,"A",,2
430166,"R",8976,"A",,"A",,"G",299,"A",,"G",299,"A",,2
430175,"A",,"R",857400,"A",,"G",953,"A",,"G",953,"A",,1
430218,"A",,"R",80205,"A",,"G",89,"A",,"G",89,"A",,1
430227,"A",,"R",159722,"A",,"G",177,"A",,"G",177,"A",,1
430245,"A",,"R",278100,"A",,"G",309,"A",,"G",309,"A",,1
430254,"R",9873,"A",,"A",,"G",329,"A",,"G",329,"A",,2
430263,"R",20351,"A",,"A",,"G",452,"A",,"G",452,"A",,2
430342,"A",,"R",191530,"A",,"G",213,"A",,"G",213,"A",,1
430351,"R",16414,"A",,"A",,"G",365,"A",,"G",365,"A",,2
430360,"R",24876,"A",,"A",,"G",553,"A",,"G",553,"A",,2
430379,"R",27180,"A",,"A",,"G",604,"A",,"G",604,"A",,2
430388,"R",23820,"A",,"A",,"G",529,"A",,"G",529,"A",,2
430403,"R",88,"R",9000,"A",,"G",13,"A",,"R",13,"A",,3
430421,"A",,"R",583200,"A",,"G",648,"A",,"G",648,"A",,1
430485,"R",5801,"A",,"A",,"G",193,"A",,"R",135,"A",,2
430500,"A",,"R",900,"A",,"G",1,"A",,"G",1,"A",,1
430564,"A",,"R",23906,"A",,"G",27,"A",,"G",27,"A",,1
430582,"A",,"R",258438,"A",,"G",287,"A",,"G",287,"A",,1
430591,"A",,"A",,"R",13942,"A",,"G",387,"A",,"R",238,-2
430616,"A",,"R",122301,"A",,"G",136,"A",,"G",136,"A",,1
430643,"A",,"R",3660,"A",,"G",4,"A",,"G",4,"A",,1
430704,"A",,"A",,"R",3200,"A",,"G",133,"A",,"G",133,-2
430795,"A",,"R",31680,"A",,"G",35,"A",,"G",35,"A",,1
430810,"R",1350,"A",,"A",,"G",45,"A",,"R",45,"A",,2
430847,"A",,"R",74688,"A",,"G",83,"A",,"G",83,"A",,1
430883,"A",,"R",43200,"A",,"G",48,"A",,"G",48,"A",,1
430908,"A",,"R",31500,"A",,"G",35,"A",,"R",21,"A",,1
430917,"A",,"R",296100,"A",,"G",329,"A",,"G",329,"A",,1
430935,"R",7791,"A",,"A",,"G",260,"A",,"G",260,"A",,2
430962,"A",,"R",56185,"A",,"G",62,"A",,"G",62,"A",,1
430971,"A",,"R",112500,"A",,"G",125,"A",,"G",125,"A",,1
430980,"A",,"R",337680,"A",,"G",375,"A",,"G",375,"A",,1
430999,"A",,"R",31219,"A",,"G",35,"A",,"G",35,"A",,1
431017,"A",,"R",75600,"A",,"G",84,"A",,"R",84,"A",,1
431026,"R",3278,"A",,"A",,"G",109,"A",,"R",137,"A",,2
431044,"R",2662,"A",,"A",,"G",89,"A",,"G",89,"A",,2
431071,"A",,"R",62612,"A",,"G",70,"A",,"R",133,"A",,1
431099,"A",,"R",64000,"A",,"G",71,"A",,"R",71,"A",,1
431105,"R",11300,"R",100000,"A",,"G",488,"A",,"G",488,"A",,3
431114,"A",,"A",,"R",308,"A",,"G",13,"A",,"R",15,-2
431123,"R",16488,"A",,"A",,"G",550,"A",,"R",469,"A",,2
431141,"R",35708,"A",,"A",,"G",1190,"A",,"G",1190,"A",,2
431169,"A",,"R",190286,"A",,"G",211,"A",,"G",211,"A",,1
431178,"A",,"R",168192,"A",,"G",187,"A",,"G",187,"A",,1
431196,"A",,"R",150300,"A",,"G",167,"A",,"G",167,"A",,1
431248,"R",228,"A",,"R",1254,"G",8,"G",52,"R",3,"R",16,2
431266,"A",,"R",84877,"A",,"G",94,"A",,"G",94,"A",,1
431275,"A",,"R",25200,"A",,"G",28,"A",,"G",28,"A",,1
431284,"A",,"R",130874,"A",,"G",145,"A",,"G",145,"A",,1
431309,"R",43740,"A",,"A",,"G",1458,"A",,"G",1458,"A",,2
431558,"A",,"R",210330,"A",,"G",234,"A",,"G",234,"A",,1
431567,"A",,"R",183000,"A",,"G",203,"A",,"G",203,"A",,1
431594,"A",,"A",,"R",1722,"A",,"G",72,"A",,"R",12,-2
431600,"R",1008,"R",66224,"A",,"G",96,"A",,"G",96,"A",,3
431637,"A",,"R",138600,"A",,"G",154,"A",,"G",154,"A",,1
431664,"A",,"R",152900,"A",,"G",170,"A",,"G",170,"A",,1
431691,"A",,"R",57285,"A",,"G",64,"A",,"G",64,"A",,1
431716,"A",,"R",360800,"A",,"G",401,"A",,"R",421,"A",,1
431770,"A",,"R",108000,"A",,"G",120,"A",,"R",133,"A",,1
431804,"R",580,"R",2400,"A",,"G",22,"A",,"G",22,"A",,3
431859,"A",,"R",54297,"A",,"G",60,"A",,"G",60,"A",,1
431877,"A",,"R",54648,"A",,"G",61,"A",,"G",61,"A",,1
431886,"R",0,"Z",0,"A",,"G",0,"A",,"Z",0,"A",,2
431929,"R",9868,"A",,"A",,"G",329,"A",,"G",329,"A",,2
431956,"R",2356,"A",,"A",,"G",79,"A",,"R",160,"A",,2
431965,"A",,"R",264000,"A",,"G",293,"A",,"G",293,"A",,1
431974,"A",,"R",97090,"A",,"G",108,"A",,"G",108,"A",,1
431983,"R",3750,"A",,"A",,"G",125,"A",,"G",125,"A",,2
432074,"A",,"R",65280,"A",,"G",73,"A",,"G",73,"A",,1
432083,"A",,"R",36744,"A",,"G",41,"A",,"G",41,"A",,1
432108,"P",3540,"A",,"P",0,"P",118,"P",0,"P",118,"P",0,2
432117,"A",,"R",38400,"A",,"G",43,"A",,"G",43,"A",,1
432199,"R",70724,"A",,"R",4416,"G",2357,"G",184,"G",2357,"G",184,2
432214,"R",1579,"A",,"R",1983,"G",53,"G",83,"G",53,"G",83,2
432223,"R",37247,"A",,"R",9238,"G",1242,"G",385,"G",1242,"G",385,2
432232,"R",38955,"A",,"R",12107,"G",1299,"G",504,"G",1299,"G",504,2
432241,"R",38987,"A",,"R",7155,"G",1300,"G",298,"G",1300,"G",298,2
432269,"A",,"R",190530,"A",,"G",212,"A",,"G",212,"A",,1
432278,"A",,"R",111286,"A",,"G",124,"A",,"G",124,"A",,1
432296,"A",,"R",430560,"A",,"G",478,"A",,"G",478,"A",,1
432302,"A",,"R",0,"A",,"G",0,"A",,"Z",0,"A",,1
432311,"A",,"R",406080,"A",,"G",451,"A",,"R",451,"A",,1
432357,"A",,"A",,"R",1932,"A",,"G",81,"A",,"G",81,-2
432384,"R",14594,"A",,"A",,"G",486,"A",,"G",486,"A",,2
432524,"R",4947,"A",,"A",,"G",165,"A",,"G",165,"A",,2
432533,"R",27842,"A",,"A",,"G",619,"A",,"G",619,"A",,2
433004,"R",0,"R",96825,"R",0,"G",108,"G",0,"G",108,"Z",0,3
433013,"R",8161,"A",,"A",,"G",272,"A",,"G",272,"A",,2
433040,"A",,"R",43808,"A",,"G",49,"A",,"G",49,"A",,1
433068,"A",,"R",221307,"A",,"G",246,"A",,"G",246,"A",,1
433101,"R",2096,"A",,"A",,"G",70,"A",,"G",70,"A",,2
433138,"A",,"R",166400,"A",,"G",185,"A",,"G",185,"A",,1
433165,"A",,"R",4000,"A",,"G",4,"A",,"G",4,"A",,1
433174,"R",8764,"R",52320,"A",,"G",350,"A",,"G",350,"A",,3
433217,"A",,"A",,"R",252,"A",,"G",11,"A",,"G",11,-2
433299,"A",,"R",74048,"A",,"G",82,"A",,"G",82,"A",,1
433387,"R",20424,"A",,"R",8537,"G",681,"G",356,"G",681,"G",356,2
433420,"A",,"R",133033,"A",,"G",148,"A",,"G",148,"A",,1
433536,"R",8152,"A",,"A",,"G",272,"A",,"G",272,"A",,2
433563,"R",19683,"A",,"A",,"G",437,"A",,"G",437,"A",,2
433660,"R",115159,"A",,"R",15858,"G",3839,"G",661,"G",3839,"G",661,2
433970,"R",3504,"A",,"A",,"G",117,"A",,"G",117,"A",,2
434016,"R",2405,"A",,"A",,"G",80,"A",,"G",80,"A",,2
434034,"R",7674,"A",,"A",,"G",256,"A",,"G",256,"A",,2
434052,"R",32434,"A",,"A",,"G",721,"A",,"G",721,"A",,2
434061,"R",29879,"A",,"A",,"G",996,"A",,"G",996,"A",,2
434113,"A",,"R",97200,"A",,"G",108,"A",,"G",108,"A",,1
434122,"A",,"R",23523,"A",,"G",26,"A",,"G",26,"A",,1
434140,"A",,"R",643160,"A",,"G",715,"A",,"G",715,"A",,1
434159,"R",378008,"R",378008,"A",,"G",13020,"A",,"G",13020,"A",,3
434274,"A",,"R",99000,"A",,"G",110,"A",,"G",110,"A",,1
434283,"A",,"R",42500,"A",,"G",47,"A",,"G",47,"A",,1
434292,"A",,"R",18522,"A",,"G",21,"A",,"G",21,"A",,1
434308,"R",8730,"A",,"A",,"G",291,"A",,"G",291,"A",,2
434317,"R",0,"Z",0,"A",,"G",0,"A",,"Z",0,"A",,2
434326,"A",,"R",169920,"A",,"G",189,"A",,"G",189,"A",,1
434344,"A",,"R",41000,"A",,"G",46,"A",,"R",41,"A",,1
434362,"A",,"R",27840,"A",,"G",31,"A",,"G",31,"A",,1
434371,"A",,"R",104468,"A",,"G",116,"A",,"G",116,"A",,1
434380,"A",,"R",51250,"A",,"G",57,"A",,"G",57,"A",,1
434399,"A",,"R",7392,"A",,"G",8,"A",,"G",8,"A",,1
434414,"R",672,"A",,"A",,"G",22,"A",,"G",22,"A",,2
434432,"R",92,"R",1000,"A",,"G",3,"A",,"R",46,"A",,3
434441,"A",,"A",,"R",5618,"A",,"G",234,"A",,"R",106,-2
434469,"A",,"R",316126,"A",,"G",351,"A",,"G",351,"A",,1
434496,"A",,"R",74863,"A",,"G",83,"A",,"G",83,"A",,1
434502,"R",3600,"A",,"A",,"G",120,"A",,"G",120,"A",,2
434520,"R",0,"Z",0,"A",,"G",0,"A",,"Z",0,"A",,2
434539,"R",3984,"A",,"A",,"G",89,"A",,"G",89,"A",,2
434548,"R",20972,"A",,"A",,"G",466,"A",,"G",466,"A",,2
434557,"R",17088,"A",,"A",,"G",380,"A",,"G",380,"A",,2
434566,"R",15652,"A",,"A",,"G",348,"A",,"G",348,"A",,2
434575,"R",16082,"A",,"A",,"G",357,"A",,"G",357,"A",,2
434584,"R",1278,"A",,"A",,"G",43,"A",,"G",43,"A",,2
434672,"R",354572,"A",,"A",,"G",11819,"A",,"G",11819,"A",,2
434690,"R",11616,"A",,"A",,"G",387,"A",,"G",387,"A",,2
434751,"R",1004,"A",,"A",,"G",33,"A",,"G",33,"A",,2
434812,"R",15300,"A",,"A",,"G",510,"A",,"G",510,"A",,2
434821,"R",221,"R",166000,"A",,"G",189,"A",,"G",189,"A",,3
434830,"R",468,"R",115800,"A",,"G",144,"A",,"G",144,"A",,3
434900,"R",38520,"A",,"A",,"G",1284,"A",,"G",1284,"A",,2
434937,"R",1760,"A",,"A",,"G",59,"A",,"G",59,"A",,2
434946,"R",47731,"A",,"R",13279,"G",1591,"G",553,"G",1591,"G",553,2
434955,"R",36013,"A",,"R",9635,"G",1200,"G",401,"G",1200,"G",401,2
434964,"R",41340,"A",,"R",13915,"G",1378,"G",580,"G",1378,"G",580,2
434973,"R",34765,"A",,"R",11689,"G",1159,"G",487,"G",1159,"G",487,2
434982,"R",20793,"A",,"R",4727,"G",693,"G",197,"G",693,"G",197,2
434991,"R",27462,"A",,"R",4385,"G",915,"G",183,"G",915,"G",183,2
435000,"R",3149,"A",,"R",5425,"G",105,"G",226,"G",105,"G",226,2
436003,"A",,"R",93950,"A",,"G",104,"A",,"G",104,"A",,1
436012,"A",,"R",446400,"A",,"G",496,"A",,"G",496,"A",,1
436021,"A",,"A",,"R",565,"A",,"G",24,"A",,"G",24,-2
436030,"A",,"R",27000,"A",,"G",30,"A",,"G",30,"A",,1
436067,"A",,"R",72000,"A",,"G",80,"A",,"G",80,"A",,1
436076,"R",720,"R",51800,"A",,"G",82,"A",,"G",82,"A",,3
436094,"R",657,"A",,"R",6885,"G",22,"G",287,"G",22,"G",287,2
436100,"A",,"R",24500,"A",,"G",27,"A",,"R",27,"A",,1
436182,"R",26916,"R",168100,"A",,"G",785,"A",,"G",785,"A",,3
436191,"R",51510,"A",,"A",,"G",1145,"A",,"G",1145,"A",,2
436225,"A",,"R",1369213,"A",,"G",1521,"A",,"G",1521,"A",,1
436261,"A",,"A",,"R",8604,"A",,"G",359,"A",,"R",151,-2
436270,"R",9340,"R",172024,"A",,"G",502,"A",,"G",502,"A",,3
436289,"A",,"R",52000,"A",,"G",58,"A",,"G",58,"A",,1
436304,"R",12753,"A",,"A",,"G",425,"A",,"G",425,"A",,2
436438,"R",3729,"A",,"R",12230,"G",124,"G",510,"G",124,"G",510,2
436465,"R",25884,"A",,"A",,"G",863,"A",,"G",863,"A",,2
436474,"R",12300,"R",360720,"A",,"G",674,"A",,"G",674,"A",,3
436483,"R",8870,"A",,"A",,"G",197,"A",,"G",197,"A",,2
436517,"P",0,"P",25067,"P",0,"P",28,"P",0,"P",28,"P",0,1
436526,"A",,"R",135000,"A",,"G",150,"A",,"G",150,"A",,1
436553,"R",12000,"A",,"A",,"G",400,"A",,"G",400,"A",,2
436562,"R",8080,"A",,"A",,"G",269,"A",,"G",269,"A",,2
436571,"A",,"R",76455,"A",,"G",85,"A",,"G",85,"A",,1
436599,"R",3288,"A",,"A",,"G",110,"A",,"G",110,"A",,2
436614,"R",1673,"A",,"R",112,"G",56,"G",5,"G",56,"G",5,2
436632,"A",,"R",53460,"A",,"G",59,"A",,"G",59,"A",,1
436641,"A",,"R",173700,"A",,"G",193,"A",,"R",202,"A",,1
436650,"A",,"R",312828,"A",,"G",348,"A",,"G",348,"A",,1
436702,"R",30240,"A",,"A",,"G",1008,"A",,"G",1008,"A",,2
436748,"R",150,"R",11192,"A",,"G",17,"A",,"G",17,"A",,3
436757,"A",,"R",96000,"A",,"G",107,"A",,"G",107,"A",,1
436775,"A",,"R",163500,"A",,"G",182,"A",,"G",182,"A",,1
436784,"R",22572,"A",,"A",,"G",752,"A",,"G",752,"A",,2
436793,"A",,"R",94500,"A",,"G",105,"A",,"R",63,"A",,1
436809,"A",,"R",72000,"A",,"G",80,"A",,"G",80,"A",,1
436818,"R",50034,"A",,"Z",0,"G",1668,"A",,"G",1668,"A",,2
436827,"R",16609,"A",,"Z",0,"G",554,"A",,"G",554,"A",,2
436836,"R",25796,"A",,"Z",0,"G",860,"A",,"G",860,"A",,2
436854,"A",,"R",52552,"A",,"G",58,"A",,"G",58,"A",,1
437042,"R",26708,"A",,"A",,"G",594,"A",,"G",594,"A",,2
437051,"R",14069,"A",,"A",,"G",313,"A",,"G",313,"A",,2
437060,"R",19800,"A",,"A",,"G",440,"A",,"R",288,"A",,2
437079,"R",18952,"A",,"A",,"G",632,"A",,"G",632,"A",,2
437088,"A",,"R",42750,"A",,"G",48,"A",,"G",48,"A",,1
437103,"R",120339,"A",,"A",,"G",4011,"A",,"G",4011,"A",,2
437112,"A",,"R",32182,"A",,"G",36,"A",,"G",36,"A",,1
437149,"A",,"R",25024,"A",,"G",28,"A",,"G",28,"A",,1
437219,"R",22580,"A",,"A",,"G",502,"A",,"G",502,"A",,2
437237,"A",,"R",37870,"A",,"G",42,"A",,"G",42,"A",,1
437246,"R",23066,"A",,"A",,"G",769,"A",,"G",769,"A",,2
437255,"A",,"R",147528,"A",,"G",164,"A",,"G",164,"A",,1
437316,"R",11204,"A",,"A",,"G",373,"A",,"G",373,"A",,2
437325,"R",10237,"A",,"R",147,"G",341,"G",6,"G",341,"G",6,2
437501,"R",4316,"A",,"A",,"G",144,"A",,"G",144,"A",,2
437510,"R",24192,"A",,"R",48,"G",538,"G",1,"G",538,"G",1,2
437529,"A",,"R",79708,"A",,"G",89,"A",,"G",89,"A",,1
437538,"R",5520,"A",,"A",,"G",184,"A",,"R",184,"A",,2
437556,"A",,"R",177970,"A",,"G",198,"A",,"G",198,"A",,1
437565,"R",10252,"A",,"A",,"G",342,"A",,"G",342,"A",,2
437574,"A",,"R",45360,"A",,"G",50,"A",,"G",50,"A",,1
437583,"A",,"R",204003,"A",,"G",227,"A",,"R",226,"A",,1
437608,"A",,"R",87683,"A",,"G",97,"A",,"G",97,"A",,1
437635,"A",,"R",58097,"A",,"G",65,"A",,"G",65,"A",,1
437653,"R",4308,"A",,"A",,"G",144,"A",,"G",144,"A",,2
437662,"R",32456,"A",,"A",,"G",1082,"A",,"G",1082,"A",,2
437671,"R",3210,"A",,"A",,"G",107,"A",,"G",107,"A",,2
437705,"A",,"R",7485,"A",,"G",8,"A",,"G",8,"A",,1
437723,"A",,"R",139020,"A",,"G",154,"A",,"G",154,"A",,1
437732,"R",6976,"A",,"A",,"G",233,"A",,"G",233,"A",,2
437750,"R",1020,"A",,"A",,"G",34,"A",,"G",34,"A",,2
437769,"R",16676,"A",,"A",,"G",556,"A",,"G",556,"A",,2
437778,"A",,"R",249400,"A",,"G",277,"A",,"G",277,"A",,1
437848,"R",39050,"A",,"Z",0,"G",868,"A",,"G",868,"A",,2
437857,"A",,"R",117346,"A",,"G",130,"A",,"G",130,"A",,1
437866,"R",1681,"A",,"A",,"G",56,"A",,"G",56,"A",,2
437884,"R",7200,"A",,"A",,"G",240,"A",,"R",240,"A",,2
437927,"R",23580,"A",,"A",,"G",786,"A",,"G",786,"A",,2
437936,"R",25980,"A",,"A",,"G",866,"A",,"G",866,"A",,2
437945,"A",,"R",17875,"A",,"G",20,"A",,"G",20,"A",,1
438036,"R",15542,"A",,"A",,"G",518,"A",,"G",518,"A",,2
438133,"R",3168,"A",,"A",,"G",106,"A",,"G",106,"A",,2
438151,"A",,"R",593040,"A",,"G",659,"A",,"R",706,"A",,1
438179,"A",,"R",267321,"A",,"G",297,"A",,"G",297,"A",,1
438188,"A",,"R",646800,"A",,"G",719,"A",,"G",719,"A",,1
438197,"A",,"R",1623944,"A",,"G",1804,"A",,"G",1804,"A",,1
438212,"R",46255,"A",,"A",,"G",1028,"A",,"G",1028,"A",,2
438249,"R",1320,"A",,"A",,"G",44,"A",,"G",44,"A",,2
438258,"R",19050,"A",,"A",,"G",635,"A",,"G",635,"A",,2
438267,"A",,"R",107500,"A",,"G",119,"A",,"G",119,"A",,1
438276,"A",,"R",966600,"A",,"G",1074,"A",,"G",1074,"A",,1
438285,"R",11601,"A",,"A",,"G",387,"A",,"G",387,"A",,2
438294,"R",4629,"A",,"A",,"G",154,"A",,"G",154,"A",,2
438337,"A",,"R",350000,"A",,"G",389,"A",,"R",370,"A",,1
438382,"R",22228,"A",,"R",9514,"G",741,"G",396,"G",741,"G",396,2
438416,"R",21562,"A",,"R",5352,"G",719,"G",223,"G",719,"G",223,2
438452,"R",4642,"A",,"A",,"G",155,"A",,"G",155,"A",,2
438498,"R",23917,"A",,"R",742,"G",531,"G",21,"G",531,"G",21,2
438504,"R",112395,"A",,"A",,"G",3747,"A",,"R",2318,"A",,2
438586,"R",71983,"A",,"R",3125,"G",1600,"G",87,"G",1600,"G",87,2
438601,"R",205200,"A",,"R",18528,"G",4560,"G",515,"G",4560,"G",515,2
438610,"R",26982,"A",,"R",9489,"G",899,"G",395,"G",899,"G",395,2
438629,"R",9556,"A",,"R",3233,"G",319,"G",135,"G",319,"G",135,2
438638,"R",879800,"A",,"A",,"G",29327,"A",,"G",29327,"A",,2
438647,"A",,"R",1240640,"A",,"G",1378,"A",,"G",1378,"A",,1
438656,"R",144364,"A",,"A",,"G",4812,"A",,"G",4812,"A",,2
438674,"A",,"R",86975,"A",,"G",97,"A",,"G",97,"A",,1
438708,"R",4204,"A",,"A",,"G",140,"A",,"G",140,"A",,2
438735,"R",3200,"A",,"A",,"G",107,"A",,"G",107,"A",,2
438805,"R",0,"Z",0,"A",,"G",0,"A",,"Z",0,"A",,2
438850,"A",,"R",335520,"A",,"G",373,"A",,"R",373,"A",,1
438869,"R",19151,"R",42400,"A",,"G",473,"A",,"G",473,"A",,3
438887,"A",,"R",491040,"A",,"G",546,"A",,"G",546,"A",,1
438902,"R",64363,"R",12960,"R",4092,"G",1445,"G",114,"G",1445,"G",114,3
438966,"R",15059,"A",,"A",,"G",335,"A",,"G",335,"A",,2
438975,"A",,"R",1200,"A",,"G",1,"A",,"G",1,"A",,1
438984,"A",,"R",99600,"A",,"G",111,"A",,"R",88,"A",,1
439020,"A",,"A",,"R",6811,"A",,"G",189,"A",,"G",189,-2
439039,"R",20550,"A",,"A",,"G",685,"A",,"G",685,"A",,2
439057,"R",972,"A",,"R",5257,"G",32,"G",219,"G",32,"G",219,2
439127,"R",16461,"A",,"A",,"G",549,"A",,"R",451,"A",,2
439136,"R",13120,"A",,"A",,"G",292,"A",,"G",292,"A",,2
439145,"R",85236,"A",,"A",,"G",1894,"A",,"G",1894,"A",,2
439163,"R",81621,"A",,"R",7932,"G",2721,"G",331,"G",2721,"G",331,2
439190,"R",68672,"A",,"A",,"G",1526,"A",,"G",1526,"A",,2
439279,"R",15015,"A",,"R",2724,"G",501,"G",114,"G",501,"G",114,2
439288,"R",70618,"A",,"A",,"G",1569,"A",,"G",1569,"A",,2
439297,"R",15466,"A",,"R",4408,"G",516,"G",184,"G",516,"G",184,2
439303,"R",2304,"A",,"A",,"G",51,"A",,"G",51,"A",,2
439312,"R",2640,"A",,"A",,"G",59,"A",,"G",59,"A",,2
439321,"R",3546,"A",,"A",,"G",118,"A",,"R",114,"A",,2
439330,"R",138,"A",,"R",1553,"G",5,"G",65,"G",5,"G",65,2
439367,"A",,"R",587520,"A",,"G",653,"A",,"G",653,"A",,1
439394,"A",,"A",,"R",7875,"A",,"G",328,"A",,"G",328,-2
439400,"A",,"R",21636,"A",,"G",24,"A",,"G",24,"A",,1
439437,"A",,"R",295915,"A",,"G",329,"A",,"G",329,"A",,1
439446,"A",,"A",,"R",158,"A",,"G",7,"A",,"G",7,-2
439455,"R",8075,"R",135000,"A",,"G",329,"A",,"G",329,"A",,3
439473,"A",,"R",177000,"A",,"G",197,"A",,"G",197,"A",,1
439482,"R",30,"R",63000,"A",,"G",71,"A",,"G",71,"A",,3
439491,"A",,"R",109800,"A",,"G",122,"A",,"G",122,"A",,1
439507,"A",,"R",125283,"A",,"G",139,"A",,"G",139,"A",,1
439516,"A",,"R",85530,"A",,"G",95,"A",,"R",95,"A",,1
439525,"A",,"R",87600,"A",,"G",97,"A",,"R",100,"A",,1
439534,"A",,"R",214770,"A",,"G",239,"A",,"R",447,"A",,1
439543,"A",,"R",34314,"A",,"G",38,"A",,"R",57,"A",,1
439561,"A",,"R",25000,"A",,"G",28,"A",,"G",28,"A",,1
439570,"R",20220,"A",,"A",,"G",674,"A",,"G",674,"A",,2
439589,"A",,"R",123048,"A",,"G",137,"A",,"R",136,"A",,1
439598,"R",2330,"A",,"A",,"G",78,"A",,"G",78,"A",,2
439604,"A",,"R",48600,"A",,"G",54,"A",,"G",54,"A",,1
439613,"R",3841,"A",,"A",,"G",128,"A",,"R",160,"A",,2
439622,"A",,"R",97900,"A",,"G",109,"A",,"G",109,"A",,1
439631,"R",5400,"A",,"A",,"G",180,"A",,"G",180,"A",,2
439659,"A",,"R",900,"A",,"G",1,"A",,"G",1,"A",,1
439668,"A",,"R",106910,"A",,"G",119,"A",,"R",118,"A",,1
439686,"R",9400,"A",,"A",,"G",313,"A",,"G",313,"A",,2
439695,"A",,"R",46113,"A",,"G",51,"A",,"R",51,"A",,1
439701,"R",6893,"A",,"R",5204,"G",153,"G",145,"G",153,"G",145,2
439729,"A",,"R",65700,"A",,"G",73,"A",,"G",73,"A",,1
439738,"R",43384,"A",,"A",,"G",1446,"A",,"G",1446,"A",,2
439747,"A",,"R",186400,"A",,"G",207,"A",,"G",207,"A",,1
439756,"A",,"R",65446,"A",,"G",73,"A",,"G",73,"A",,1
439774,"K",0,"K",124597,"K",0,"K",138,"K",0,"K",141,"K",0,1
439783,"R",3350,"A",,"R",3859,"G",112,"G",161,"G",112,"G",161,2
439792,"R",20559,"A",,"A",,"G",685,"A",,"R",659,"A",,2
439817,"A",,"A",,"R",2586,"A",,"G",108,"A",,"G",108,-2
439826,"R",136500,"A",,"A",,"G",4550,"A",,"G",4550,"A",,2
439844,"A",,"R",258929,"A",,"G",288,"A",,"G",288,"A",,1
439862,"R",3960,"A",,"A",,"G",132,"A",,"R",132,"A",,2
439871,"R",0,"Z",0,"A",,"G",0,"A",,"R",0,"A",,2
439899,"R",2364,"A",,"A",,"G",79,"A",,"G",79,"A",,2
439905,"Z",0,"R",0,"A",,"G",0,"A",,"Z",0,"A",,1
439914,"A",,"A",,"R",1100,"A",,"G",46,"A",,"R",32,-2
439932,"A",,"R",28800,"A",,"G",32,"A",,"G",32,"A",,1
439969,"R",4172,"A",,"R",0,"G",139,"G",0,"G",139,"Z",0,2
439978,"A",,"R",171000,"A",,"G",190,"A",,"G",190,"A",,1
439987,"A",,"R",131657,"A",,"G",146,"A",,"G",146,"A",,1
439996,"A",,"R",121270,"A",,"G",135,"A",,"G",135,"A",,1
440004,"A",,"A",,"R",38,"A",,"G",2,"A",,"G",2,-2
440022,"R",3993,"A",,"A",,"G",133,"A",,"G",133,"A",,2
440031,"A",,"A",,"R",58,"A",,"G",2,"A",,"G",2,-2
440059,"R",2,"A",,"A",,"G",0,"A",,"Z",0,"A",,2
440068,"R",9310,"A",,"A",,"G",310,"A",,"G",310,"A",,2
440077,"R",4360,"A",,"A",,"G",145,"A",,"G",145,"A",,2
440086,"R",4421,"R",91080,"A",,"G",249,"A",,"G",249,"A",,3
440101,"A",,"R",66114,"A",,"G",73,"A",,"G",73,"A",,1
440110,"A",,"R",1665719,"A",,"G",1851,"A",,"G",1851,"A",,1
440129,"A",,"R",1790655,"A",,"G",1990,"A",,"G",1990,"A",,1
440147,"R",39928,"A",,"A",,"G",887,"A",,"R",750,"A",,2
440165,"R",17975,"A",,"A",,"G",399,"A",,"G",399,"A",,2
440174,"R",22500,"A",,"A",,"G",750,"A",,"G",750,"A",,2
440192,"R",62,"A",,"R",30,"G",2,"G",1,"R",2,"R",1,2
440217,"A",,"R",32534,"A",,"G",36,"A",,"G",36,"A",,1
440226,"A",,"R",194006,"A",,"G",216,"A",,"G",216,"A",,1
440235,"A",,"R",46858,"A",,"G",52,"A",,"G",52,"A",,1
440244,"R",63026,"A",,"A",,"G",2101,"A",,"G",2101,"A",,2
440253,"A",,"A",,"R",2825,"A",,"G",118,"A",,"G",118,-2
440262,"A",,"R",535420,"A",,"G",595,"A",,"G",595,"A",,1
440271,"R",27900,"A",,"A",,"G",930,"A",,"G",930,"A",,2
440299,"A",,"R",1243620,"A",,"G",1382,"A",,"G",1382,"A",,1
440305,"R",46282,"A",,"A",,"G",1543,"A",,"R",1543,"A",,2
440323,"A",,"R",845280,"A",,"G",939,"A",,"G",939,"A",,1
440332,"R",0,"Z",0,"A",,"G",0,"A",,"Z",0,"A",,2
440341,"R",13968,"A",,"A",,"G",310,"A",,"G",310,"A",,2
440369,"A",,"R",573029,"A",,"G",637,"A",,"G",637,"A",,1
440378,"R",5580,"A",,"A",,"G",186,"A",,"G",186,"A",,2
440387,"R",0,"Z",0,"A",,"G",0,"A",,"Z",0,"A",,2
440402,"R",19020,"A",,"A",,"G",634,"A",,"G",634,"A",,2
440411,"R",228,"A",,"R",1139,"G",8,"G",47,"G",8,"G",47,2
440420,"R",10255,"A",,"R",5030,"G",342,"G",210,"G",342,"G",210,2
440439,"R",45456,"A",,"R",10102,"G",1515,"G",421,"G",1515,"G",421,2
440448,"R",71184,"A",,"R",16463,"G",2373,"G",686,"G",2373,"G",686,2
440457,"R",21339,"A",,"R",5947,"G",711,"G",248,"G",711,"G",248,2
440466,"R",12172,"A",,"R",1907,"G",406,"G",79,"G",406,"G",79,2
440484,"R",42840,"A",,"A",,"G",952,"A",,"G",952,"A",,2
440536,"R",23408,"A",,"R",4210,"G",780,"G",175,"G",780,"G",175,2
440545,"R",41989,"A",,"R",1882,"G",1400,"G",78,"G",1400,"G",78,2
440590,"R",34546,"A",,"R",971,"G",1152,"G",40,"G",1152,"G",40,2
440615,"R",8692,"A",,"A",,"G",193,"A",,"G",193,"A",,2
440624,"R",13798,"A",,"A",,"G",460,"A",,"R",575,"A",,2
440642,"R",9572,"A",,"A",,"G",213,"A",,"G",213,"A",,2
440651,"A",,"R",388850,"A",,"G",432,"A",,"G",432,"A",,1
440679,"A",,"R",63000,"A",,"G",70,"A",,"G",70,"A",,1
440721,"A",,"R",912784,"A",,"G",1014,"A",,"G",1014,"A",,1
440730,"A",,"R",469982,"A",,"G",522,"A",,"G",522,"A",,1
440749,"R",9232,"A",,"A",,"G",205,"A",,"G",205,"A",,2
440758,"R",8184,"A",,"A",,"G",182,"A",,"G",182,"A",,2
440767,"R",8026,"A",,"A",,"G",178,"A",,"G",178,"A",,2
440776,"A",,"R",59437,"A",,"G",66,"A",,"G",66,"A",,1
440794,"R",1762,"A",,"A",,"G",59,"A",,"G",59,"A",,2
440800,"R",1440,"A",,"A",,"G",32,"A",,"G",32,"A",,2
440819,"R",2355,"A",,"A",,"G",52,"A",,"G",52,"A",,2
440828,"R",7976,"A",,"R",1835,"G",177,"G",51,"G",177,"G",51,2
440837,"R",1980,"A",,"A",,"G",44,"A",,"G",44,"A",,2
440846,"R",16510,"A",,"A",,"G",550,"A",,"R",457,"A",,2
440855,"R",10096,"A",,"A",,"G",337,"A",,"G",337,"A",,2
440864,"R",17749,"A",,"A",,"G",592,"A",,"R",491,"A",,2
440873,"R",18468,"A",,"A",,"G",410,"A",,"R",238,"A",,2
440882,"R",25596,"A",,"A",,"G",569,"A",,"G",569,"A",,2
440891,"R",32976,"A",,"A",,"G",733,"A",,"R",458,"A",,2
440907,"R",2784,"R",59580,"A",,"G",159,"A",,"G",159,"A",,3
440925,"R",38428,"A",,"A",,"G",854,"A",,"G",854,"A",,2
440952,"R",2417,"A",,"A",,"G",81,"A",,"G",81,"A",,2
440961,"R",26358,"A",,"A",,"G",586,"A",,"G",586,"A",,2
440970,"R",0,"A",,"A",,"G",0,"A",,"R",0,"A",,2
441016,"A",,"R",815040,"A",,"G",906,"A",,"G",906,"A",,1
441025,"R",26715,"A",,"A",,"G",594,"A",,"G",594,"A",,2
441052,"A",,"R",879764,"A",,"G",978,"A",,"R",978,"A",,1
441061,"A",,"R",305200,"A",,"G",339,"A",,"G",339,"A",,1
441070,"R",1090,"A",,"A",,"G",36,"A",,"G",36,"A",,2
441089,"R",46348,"R",1012500,"A",,"G",2670,"A",,"G",2670,"A",,3
441104,"A",,"A",,"R",5801,"A",,"G",242,"A",,"G",242,-2
441122,"A",,"R",164232,"A",,"G",182,"A",,"G",182,"A",,1
441131,"A",,"A",,"R",70530,"A",,"G",2939,"A",,"G",2939,-2
441168,"A",,"R",150250,"A",,"G",167,"A",,"G",167,"A",,1
441186,"R",15015,"A",,"R",4131,"G",501,"G",172,"R",449,"R",189,2
441195,"R",7560,"A",,"A",,"G",252,"A",,"R",168,"A",,2
441201,"R",12900,"A",,"A",,"G",287,"A",,"G",287,"A",,2
441210,"A",,"R",55400,"A",,"G",62,"A",,"G",62,"A",,1
441229,"R",5712,"A",,"A",,"G",127,"A",,"G",127,"A",,2
441238,"A",,"A",,"R",1775,"A",,"G",74,"A",,"G",74,-2
441247,"A",,"R",10440,"A",,"G",12,"A",,"R",12,"A",,1
441256,"A",,"R",41350,"A",,"G",46,"A",,"G",46,"A",,1
441274,"A",,"R",49728,"A",,"G",55,"A",,"G",55,"A",,1
441308,"A",,"A",,"R",382,"A",,"G",16,"A",,"R",80,-2
441362,"Z",0,"R",0,"A",,"G",0,"A",,"Z",0,"A",,1
441371,"A",,"R",54916,"A",,"G",61,"A",,"G",61,"A",,1
441380,"A",,"R",177152,"A",,"G",197,"A",,"G",197,"A",,1
441399,"R",3360,"A",,"A",,"G",112,"A",,"G",112,"A",,2
441405,"A",,"R",105600,"A",,"G",117,"A",,"G",117,"A",,1
441414,"A",,"R",674060,"A",,"G",749,"A",,"G",749,"A",,1
441423,"R",7901,"R",26184,"A",,"G",292,"A",,"G",292,"A",,3
441432,"A",,"R",60357,"A",,"G",67,"A",,"G",67,"A",,1
441441,"R",7889,"A",,"A",,"G",408,"A",,"G",408,"A",,2
441450,"A",,"R",54000,"A",,"G",60,"A",,"G",60,"A",,1
441478,"A",,"A",,"R",8928,"A",,"G",372,"A",,"G",372,-2
441487,"A",,"R",72223,"A",,"G",80,"A",,"G",80,"A",,1
441496,"A",,"R",136800,"A",,"G",152,"A",,"R",126,"A",,1
441502,"R",30,"R",5255,"A",,"G",7,"A",,"G",7,"A",,3
441511,"R",1540,"A",,"R",684,"G",51,"G",29,"G",51,"G",29,2
441548,"A",,"R",25842,"A",,"G",29,"A",,"G",29,"A",,1
441557,"A",,"R",38500,"A",,"G",43,"A",,"G",43,"A",,1
441566,"A",,"R",95620,"A",,"G",106,"A",,"G",106,"A",,1
441575,"A",,"R",188773,"A",,"G",210,"A",,"G",210,"A",,1
441584,"A",,"R",380000,"A",,"G",422,"A",,"G",422,"A",,1
441609,"R",540,"A",,"A",,"G",18,"A",,"G",18,"A",,2
441618,"A",,"R",106097,"A",,"G",118,"A",,"G",118,"A",,1
441627,"A",,"R",36000,"A",,"G",40,"A",,"G",40,"A",,1
441636,"A",,"R",108950,"A",,"G",121,"A",,"G",121,"A",,1
441645,"A",,"R",749420,"A",,"G",833,"A",,"G",833,"A",,1
441654,"A",,"R",17688,"A",,"G",20,"A",,"G",20,"A",,1
441663,"R",2109,"A",,"A",,"G",70,"A",,"G",70,"A",,2
441672,"A",,"R",15219,"A",,"G",17,"A",,"G",17,"A",,1
441681,"A",,"R",46829,"A",,"G",52,"A",,"G",52,"A",,1
441690,"R",4440,"A",,"Z",0,"G",148,"A",,"G",148,"A",,2
441706,"R",8084,"A",,"A",,"G",269,"A",,"G",269,"A",,2
441715,"R",10871,"A",,"A",,"G",362,"A",,"G",362,"A",,2
441733,"R",950,"A",,"A",,"G",32,"A",,"G",32,"A",,2
441742,"A",,"R",399007,"A",,"G",443,"A",,"G",443,"A",,1
441751,"A",,"R",34530,"A",,"G",38,"A",,"R",39,"A",,1
441760,"A",,"R",1237216,"A",,"G",1375,"A",,"G",1375,"A",,1
441779,"A",,"R",195900,"A",,"G",218,"A",,"G",218,"A",,1
441788,"A",,"R",25000,"A",,"G",28,"A",,"G",28,"A",,1
441797,"A",,"R",84600,"A",,"G",94,"A",,"G",94,"A",,1
441821,"R",900,"A",,"A",,"G",30,"A",,"G",30,"A",,2
441830,"A",,"R",45900,"A",,"G",51,"A",,"G",51,"A",,1
441858,"R",675,"A",,"A",,"G",98,"A",,"G",98,"A",,2
441876,"A",,"R",73732,"A",,"G",82,"A",,"G",82,"A",,1
441900,"R",11600,"A",,"A",,"G",387,"A",,"G",387,"A",,2
441919,"R",36875,"A",,"A",,"G",1229,"A",,"R",1229,"A",,2
441928,"R",23184,"A",,"A",,"G",515,"A",,"G",515,"A",,2
441937,"R",34591,"A",,"R",4762,"G",1153,"G",198,"R",1158,"R",174,2
441955,"R",16392,"A",,"A",,"G",364,"A",,"G",364,"A",,2
441964,"R",3792,"A",,"A",,"G",84,"A",,"G",84,"A",,2
441973,"R",77070,"A",,"A",,"G",1713,"A",,"R",1713,"A",,2
441982,"R",4540,"A",,"A",,"G",151,"A",,"G",151,"A",,2
442000,"R",6750,"A",,"A",,"G",225,"A",,"R",225,"A",,2
442028,"A",,"R",288360,"A",,"G",320,"A",,"G",320,"A",,1
442037,"A",,"R",195120,"A",,"G",217,"A",,"G",217,"A",,1
442046,"R",24818,"A",,"A",,"G",827,"A",,"G",827,"A",,2
442055,"A",,"R",267750,"A",,"G",298,"A",,"G",298,"A",,1
442064,"A",,"A",,"R",577,"A",,"G",24,"A",,"G",24,-2
442073,"R",258300,"A",,"A",,"G",8610,"A",,"G",8610,"A",,2
442091,"A",,"R",7675,"A",,"G",9,"A",,"G",9,"A",,1
442134,"A",,"R",178160,"A",,"G",198,"A",,"G",198,"A",,1
442143,"R",15126,"A",,"R",5223,"G",504,"G",218,"G",504,"G",218,2
442152,"R",25911,"A",,"R",13586,"G",864,"G",566,"G",864,"G",566,2
442161,"R",19047,"A",,"R",5771,"G",635,"G",240,"G",635,"G",240,2
442170,"R",12954,"A",,"R",7458,"G",432,"G",311,"G",432,"G",311,2
442189,"R",16121,"A",,"R",6023,"G",537,"G",251,"G",537,"G",251,2
442204,"A",,"R",233959,"A",,"G",260,"A",,"R",260,"A",,1
442213,"A",,"R",26208,"A",,"G",29,"A",,"G",29,"A",,1
442222,"R",444,"A",,"R",3230,"G",15,"G",135,"G",15,"G",135,2
442231,"R",37638,"A",,"A",,"G",1255,"A",,"G",1255,"A",,2
442240,"A",,"R",405195,"A",,"G",450,"A",,"G",450,"A",,1
442259,"R",30,"A",,"A",,"G",1,"A",,"G",1,"A",,2
442268,"R",30,"A",,"R",30,"G",1,"G",1,"G",1,"G",1,2
442277,"R",30,"A",,"A",,"G",1,"A",,"G",1,"A",,2
442310,"R",18584,"A",,"A",,"G",413,"A",,"R",413,"A",,2
442329,"A",,"R",140450,"A",,"G",156,"A",,"R",187,"A",,1
442338,"R",19485,"A",,"A",,"G",433,"A",,"G",433,"A",,2
442347,"R",6400,"A",,"A",,"G",142,"A",,"G",142,"A",,2
442356,"R",3809,"A",,"A",,"G",127,"A",,"G",127,"A",,2
442365,"R",408,"A",,"R",2199,"G",14,"G",92,"G",14,"G",92,2
442383,"R",5448,"A",,"A",,"G",121,"A",,"R",121,"A",,2
442392,"A",,"A",,"R",765,"A",,"G",32,"A",,"G",32,-2
442408,"R",17964,"A",,"A",,"G",399,"A",,"R",218,"A",,2
442417,"R",0,"Z",0,"A",,"G",0,"A",,"Z",0,"A",,2
442426,"R",7761,"A",,"A",,"G",451,"A",,"G",451,"A",,2
442435,"R",900,"A",,"A",,"G",30,"A",,"G",30,"A",,2
442444,"R",12660,"A",,"A",,"G",422,"A",,"R",422,"A",,2
442462,"A",,"R",426000,"A",,"G",473,"A",,"G",473,"A",,1
442480,"A",,"R",439200,"A",,"G",488,"A",,"G",488,"A",,1
442499,"R",29101,"A",,"A",,"G",647,"A",,"R",647,"A",,2
442505,"R",29298,"A",,"A",,"G",651,"A",,"R",651,"A",,2
442514,"A",,"R",14776,"A",,"G",16,"A",,"R",15,"A",,1
442541,"R",150,"A",,"R",200,"G",5,"G",8,"G",5,"G",8,2
442578,"R",18301,"A",,"A",,"G",407,"A",,"G",407,"A",,2
442611,"R",112244,"A",,"A",,"G",3741,"A",,"R",2660,"A",,2
442620,"R",25000,"A",,"A",,"G",556,"A",,"R",555,"A",,2
442639,"R",2124,"A",,"A",,"G",71,"A",,"G",71,"A",,2
442648,"A",,"R",592994,"A",,"G",659,"A",,"G",659,"A",,1
442657,"R",8892,"A",,"A",,"G",296,"A",,"R",246,"A",,2
442666,"R",151200,"A",,"A",,"G",5040,"A",,"G",5040,"A",,2
442684,"R",3386,"A",,"A",,"G",113,"A",,"R",113,"A",,2
442718,"R",4922,"A",,"A",,"G",109,"A",,"G",109,"A",,2
442727,"A",,"R",460000,"A",,"G",511,"A",,"G",511,"A",,1
442736,"A",,"R",529920,"A",,"G",589,"A",,"G",589,"A",,1
442745,"R",44046,"A",,"A",,"G",1468,"A",,"G",1468,"A",,2
442781,"R",3808,"A",,"A",,"G",127,"A",,"G",127,"A",,2
442790,"R",42500,"A",,"A",,"G",944,"A",,"G",944,"A",,2
442815,"R",3408,"A",,"A",,"G",114,"A",,"G",114,"A",,2
442824,"R",25131,"A",,"R",1826,"G",838,"G",76,"G",838,"G",76,2
442833,"R",116337,"A",,"R",19312,"G",3878,"G",805,"G",3878,"G",805,2
442842,"A",,"A",,"R",3672,"A",,"G",153,"A",,"G",153,-2
442851,"A",,"R",88500,"A",,"G",98,"A",,"G",98,"A",,1
442879,"R",60210,"R",198900,"A",,"G",2228,"A",,"R",1677,"A",,3
442888,"R",11490,"A",,"A",,"G",383,"A",,"R",383,"A",,2
442897,"R",1724,"A",,"A",,"G",57,"A",,"G",57,"A",,2
442903,"R",4119,"A",,"A",,"G",137,"A",,"G",137,"A",,2
442912,"A",,"R",0,"A",,"G",0,"A",,"Z",0,"A",,1
442921,"R",2588,"A",,"A",,"G",86,"A",,"G",86,"A",,2
442930,"R",0,"Z",0,"A",,"G",0,"A",,"Z",0,"A",,2
442949,"R",691,"A",,"A",,"G",23,"A",,"G",23,"A",,2
442958,"A",,"R",49500,"A",,"G",55,"A",,"G",55,"A",,1
442967,"A",,"R",14400,"A",,"G",16,"A",,"G",16,"A",,1
442976,"A",,"R",176865,"A",,"G",197,"A",,"R",177,"A",,1
442985,"R",3399,"R",31800,"A",,"G",149,"A",,"G",149,"A",,3
442994,"R",3207,"A",,"A",,"G",107,"A",,"G",107,"A",,2
443003,"A",,"R",35150,"A",,"G",39,"A",,"R",39,"A",,1
443012,"R",2966,"A",,"A",,"G",66,"A",,"G",66,"A",,2
443021,"A",,"R",120000,"A",,"G",133,"A",,"G",133,"A",,1
443030,"A",,"A",,"R",70,"A",,"G",2,"A",,"G",2,-2
443049,"R",1140,"A",,"R",6348,"G",25,"G",176,"G",25,"G",176,2
443058,"R",1007,"A",,"A",,"G",34,"A",,"G",34,"A",,2
443076,"R",145,"A",,"R",737,"G",5,"G",31,"G",5,"G",31,2
443085,"A",,"R",102905,"A",,"G",114,"A",,"G",114,"A",,1
443094,"R",25,"R",500,"A",,"G",1,"A",,"G",1,"A",,3
443100,"A",,"R",51300,"A",,"G",57,"A",,"G",57,"A",,1
443119,"A",,"R",1400500,"A",,"G",1556,"A",,"R",1500,"A",,1
443128,"R",537,"A",,"R",1102,"G",18,"G",46,"G",18,"G",46,2
443137,"A",,"R",156600,"A",,"G",174,"A",,"R",261,"A",,1
443146,"A",,"R",141800,"A",,"G",158,"A",,"G",158,"A",,1
443164,"R",1092,"A",,"A",,"G",36,"A",,"R",36,"A",,2
443173,"A",,"R",71000,"A",,"G",79,"A",,"G",79,"A",,1
443182,"A",,"R",55546,"A",,"G",62,"A",,"G",62,"A",,1
443191,"A",,"R",75723,"A",,"G",84,"A",,"R",68,"A",,1
443207,"R",12489,"A",,"A",,"G",416,"A",,"R",503,"A",,2
443216,"A",,"R",219639,"A",,"G",244,"A",,"G",244,"A",,1
443225,"A",,"R",89881,"A",,"G",100,"A",,"G",100,"A",,1
443234,"A",,"R",43360,"A",,"G",48,"A",,"G",48,"A",,1
443243,"R",2031,"R",1577,"A",,"G",69,"A",,"G",69,"A",,3
443252,"A",,"R",37440,"A",,"G",42,"A",,"G",42,"A",,1
443261,"A",,"R",47412,"A",,"G",53,"A",,"G",53,"A",,1
443270,"A",,"R",106379,"A",,"G",118,"A",,"G",118,"A",,1
443289,"A",,"R",100500,"A",,"G",112,"A",,"R",67,"A",,1
443298,"A",,"R",56365,"A",,"G",63,"A",,"G",63,"A",,1
443304,"A",,"R",16850,"A",,"G",19,"A",,"G",19,"A",,1
443313,"A",,"R",75750,"A",,"G",84,"A",,"G",84,"A",,1
443322,"A",,"R",455000,"A",,"G",506,"A",,"R",503,"A",,1
443331,"R",4020,"A",,"A",,"G",134,"A",,"G",134,"A",,2
443340,"R",1770,"A",,"A",,"G",59,"A",,"G",59,"A",,2
443359,"A",,"R",267721,"A",,"G",297,"A",,"G",297,"A",,1
443377,"R",2214,"A",,"A",,"G",74,"A",,"G",74,"A",,2
443401,"A",,"R",152410,"A",,"G",169,"A",,"G",169,"A",,1
443410,"R",18363,"A",,"R",0,"G",612,"G",0,"G",612,"Z",0,2
443429,"R",720,"A",,"A",,"G",24,"A",,"G",24,"A",,2
443438,"R",25847,"A",,"A",,"G",862,"A",,"G",862,"A",,2
443456,"R",4959,"A",,"R",3581,"G",165,"G",149,"G",165,"G",149,2
443465,"R",3846,"A",,"R",1287,"G",128,"G",54,"G",128,"G",54,2
443474,"R",5268,"A",,"R",2306,"G",176,"G",96,"G",176,"G",96,2
443483,"R",2693,"A",,"A",,"G",60,"A",,"R",65,"A",,2
443492,"R",64454,"A",,"A",,"G",2148,"A",,"G",2148,"A",,2
443517,"A",,"R",48000,"A",,"G",53,"A",,"G",53,"A",,1
443526,"R",6980,"A",,"A",,"G",155,"A",,"G",155,"A",,2
443535,"R",4808,"A",,"A",,"G",107,"A",,"G",107,"A",,2
443544,"R",2736,"A",,"R",888,"G",91,"G",37,"G",91,"G",37,2
443553,"A",,"R",537017,"A",,"G",597,"A",,"R",688,"A",,1
443562,"R",16920,"A",,"A",,"G",564,"A",,"G",564,"A",,2
443571,"R",8640,"A",,"A",,"G",288,"A",,"R",288,"A",,2
443580,"A",,"R",371959,"A",,"G",413,"A",,"G",413,"A",,1
443605,"A",,"R",449650,"A",,"G",500,"A",,"G",500,"A",,1
443614,"R",12720,"A",,"A",,"G",283,"A",,"G",283,"A",,2
443623,"R",13843,"A",,"A",,"G",461,"A",,"G",461,"A",,2
443632,"R",10260,"A",,"A",,"G",228,"A",,"G",228,"A",,2
443641,"A",,"R",184111,"A",,"G",205,"A",,"G",205,"A",,1
443650,"R",10406,"A",,"A",,"G",231,"A",,"G",231,"A",,2
443669,"R",6650,"A",,"A",,"G",222,"A",,"R",179,"A",,2
443678,"A",,"R",147000,"A",,"G",163,"A",,"G",163,"A",,1
443687,"A",,"R",125260,"A",,"G",378,"A",,"R",378,"A",,1
443696,"A",,"R",20775,"A",,"G",23,"A",,"G",23,"A",,1
443702,"A",,"A",,"R",8,"A",,"G",0,"A",,"Z",0,-2
443720,"A",,"R",792799,"A",,"G",881,"A",,"G",881,"A",,1
443739,"A",,"R",263708,"A",,"G",293,"A",,"G",293,"A",,1
443748,"R",6056640,"A",,"A",,"G",201888,"A",,"G",201888,"A",,2
443809,"R",9534,"A",,"A",,"G",212,"A",,"G",212,"A",,2
443818,"R",42,"A",,"A",,"G",1,"A",,"G",1,"A",,2
443827,"A",,"R",551610,"A",,"G",613,"A",,"G",613,"A",,1
443836,"A",,"R",388800,"A",,"G",432,"A",,"G",432,"A",,1
443845,"R",234,"A",,"A",,"G",8,"A",,"G",8,"A",,2
443854,"A",,"R",364650,"A",,"G",405,"A",,"G",405,"A",,1
443863,"A",,"R",30528,"A",,"G",34,"A",,"G",34,"A",,1
443872,"R",2235,"A",,"R",494,"G",75,"G",21,"G",75,"G",21,2
443881,"R",4719,"A",,"R",610,"G",157,"G",25,"G",157,"G",25,2
443890,"R",2286,"A",,"R",981,"G",76,"G",41,"G",76,"G",41,2
443906,"R",1224,"A",,"R",1202,"G",41,"G",50,"G",41,"G",50,2
443915,"R",2436,"A",,"R",805,"G",81,"G",34,"G",81,"G",34,2
443924,"R",3348,"A",,"R",789,"G",112,"G",33,"G",112,"G",33,2
443933,"A",,"R",38160,"A",,"G",42,"A",,"G",42,"A",,1
443951,"R",660,"A",,"A",,"G",22,"A",,"G",22,"A",,2
443979,"A",,"R",115938,"A",,"G",129,"A",,"G",129,"A",,1
443997,"R",333,"A",,"R",126,"G",11,"G",5,"G",11,"G",5,2
444015,"A",,"R",583920,"A",,"G",649,"A",,"G",649,"A",,1
444024,"A",,"R",861680,"A",,"G",957,"A",,"G",957,"A",,1
444033,"R",233,"A",,"R",150,"G",8,"G",6,"G",8,"G",6,2
444042,"R",18235,"A",,"A",,"G",608,"A",,"G",608,"A",,2
444051,"R",312,"R",157500,"A",,"G",185,"A",,"G",185,"A",,3
444060,"R",3520,"A",,"A",,"G",78,"A",,"G",78,"A",,2
444079,"R",5132,"A",,"A",,"G",171,"A",,"G",171,"A",,2
444088,"A",,"R",202368,"A",,"G",225,"A",,"G",225,"A",,1
444103,"A",,"A",,"R",111,"A",,"G",5,"A",,"G",5,-2
444112,"R",6800,"A",,"A",,"G",227,"A",,"G",227,"A",,2
444121,"R",11429,"A",,"A",,"G",381,"A",,"G",381,"A",,2
444130,"R",2056,"A",,"R",14536,"G",69,"G",606,"G",69,"G",606,2
444158,"R",20928,"A",,"R",7332,"G",465,"G",204,"G",465,"G",204,2
444167,"R",13976,"A",,"A",,"G",311,"A",,"G",311,"A",,2
444176,"A",,"R",80180,"A",,"G",89,"A",,"G",89,"A",,1
444185,"R",1769,"A",,"A",,"G",39,"A",,"R",39,"A",,2
444194,"R",2400,"A",,"A",,"G",53,"A",,"G",53,"A",,2
444200,"R",9300,"R",209010,"A",,"G",542,"A",,"G",542,"A",,3
444219,"R",0,"R",0,"A",,"G",0,"A",,"Z",0,"A",,3
444228,"A",,"R",42000,"A",,"G",47,"A",,"G",47,"A",,1
444237,"R",18850,"R",290720,"A",,"G",951,"A",,"G",951,"A",,3
444246,"A",,"R",30636,"A",,"G",34,"A",,"G",34,"A",,1
444255,"R",4995,"A",,"A",,"G",167,"A",,"G",167,"A",,2
444264,"A",,"R",36600,"A",,"G",41,"A",,"R",61,"A",,1
444273,"A",,"R",252900,"A",,"G",281,"A",,"G",281,"A",,1
444282,"A",,"R",73006,"A",,"G",81,"A",,"G",81,"A",,1
444291,"A",,"R",62413,"A",,"G",69,"A",,"G",69,"A",,1
444307,"A",,"R",150558,"A",,"G",167,"A",,"G",167,"A",,1
444316,"A",,"R",39144,"A",,"G",43,"A",,"R",43,"A",,1
444325,"A",,"R",25000,"A",,"G",28,"A",,"G",28,"A",,1
444334,"A",,"R",86520,"A",,"G",96,"A",,"G",96,"A",,1
444343,"A",,"R",27495,"A",,"G",31,"A",,"G",31,"A",,1
444352,"A",,"R",27600,"A",,"G",31,"A",,"G",31,"A",,1
444361,"A",,"R",2160,"A",,"G",2,"A",,"G",2,"A",,1
444370,"A",,"R",54458,"A",,"G",61,"A",,"R",61,"A",,1
444389,"R",8914,"A",,"A",,"G",297,"A",,"G",297,"A",,2
444398,"R",4300,"A",,"A",,"G",143,"A",,"R",142,"A",,2
444404,"A",,"R",33600,"A",,"G",37,"A",,"R",28,"A",,1
444413,"R",2070,"A",,"R",112,"G",69,"G",5,"G",69,"G",5,2
444422,"A",,"R",28232,"A",,"G",31,"A",,"G",31,"A",,1
444431,"A",,"R",116522,"A",,"G",129,"A",,"G",129,"A",,1
444440,"A",,"R",70767,"A",,"G",79,"A",,"G",79,"A",,1
444459,"A",,"R",11780,"A",,"G",13,"A",,"G",13,"A",,1
444468,"A",,"R",34500,"A",,"G",38,"A",,"G",38,"A",,1
444477,"A",,"R",83104,"A",,"G",92,"A",,"G",92,"A",,1
444486,"A",,"R",129480,"A",,"G",144,"A",,"G",144,"A",,1
444495,"A",,"R",7875,"A",,"G",9,"A",,"G",9,"A",,1
444501,"A",,"R",36720,"A",,"G",41,"A",,"R",35,"A",,1
444510,"R",453,"R",16568,"A",,"G",34,"A",,"R",27,"A",,3
444529,"R",0,"Z",0,"A",,"G",0,"A",,"Z",0,"A",,2
444538,"A",,"R",126350,"A",,"G",140,"A",,"G",140,"A",,1
444547,"A",,"R",89664,"A",,"G",100,"A",,"G",100,"A",,1
444556,"A",,"R",1819,"A",,"G",2,"A",,"G",2,"A",,1
444565,"A",,"R",55000,"A",,"G",61,"A",,"G",61,"A",,1
444574,"A",,"R",85750,"A",,"G",95,"A",,"G",95,"A",,1
444583,"R",1080,"A",,"A",,"G",36,"A",,"G",36,"A",,2
444592,"A",,"R",30472,"A",,"G",34,"A",,"G",34,"A",,1
444608,"A",,"R",30600,"A",,"G",34,"A",,"G",34,"A",,1
444617,"A",,"R",4235,"A",,"G",5,"A",,"R",14,"A",,1
444626,"A",,"R",19920,"A",,"G",22,"A",,"G",22,"A",,1
444635,"A",,"R",18168,"A",,"G",20,"A",,"G",20,"A",,1
444644,"R",1105,"A",,"A",,"G",37,"A",,"G",37,"A",,2
444653,"A",,"R",1500,"A",,"G",2,"A",,"R",2,"A",,1
444662,"A",,"R",38072,"A",,"G",42,"A",,"G",42,"A",,1
444671,"R",2160,"A",,"A",,"G",48,"A",,"G",48,"A",,2
444680,"A",,"R",122400,"A",,"G",136,"A",,"G",136,"A",,1
444699,"A",,"A",,"R",600,"A",,"G",25,"A",,"G",25,-2
444705,"A",,"R",23400,"A",,"G",26,"A",,"G",26,"A",,1
444714,"R",10181,"A",,"A",,"G",339,"A",,"G",339,"A",,2
444723,"R",2238,"A",,"R",6657,"G",75,"G",277,"G",75,"G",277,2
444732,"A",,"R",102000,"A",,"G",113,"A",,"G",113,"A",,1
444741,"A",,"R",94550,"A",,"G",105,"A",,"G",105,"A",,1
444750,"A",,"R",46200,"A",,"G",51,"A",,"R",51,"A",,1
444769,"A",,"R",36120,"A",,"G",40,"A",,"G",40,"A",,1
444778,"R",969,"A",,"R",88,"G",32,"G",4,"G",32,"G",4,2
444787,"A",,"R",6512,"A",,"G",7,"A",,"G",7,"A",,1
444796,"R",5304,"A",,"A",,"G",177,"A",,"G",177,"A",,2
444802,"R",600,"R",169200,"A",,"G",208,"A",,"R",93,"A",,3
444811,"A",,"R",14931,"A",,"G",17,"A",,"G",17,"A",,1
444820,"R",256,"A",,"R",96,"G",9,"G",4,"R",8,"R",3,2
444848,"R",36,"A",,"R",27,"G",1,"G",1,"G",1,"G",1,2
444857,"A",,"R",48600,"A",,"G",54,"A",,"G",54,"A",,1
444866,"A",,"R",47124,"A",,"G",52,"A",,"G",52,"A",,1
444875,"A",,"R",10225,"A",,"G",11,"A",,"G",11,"A",,1
444884,"Z",0,"R",0,"A",,"G",0,"A",,"Z",0,"A",,1
444893,"R",888,"A",,"A",,"G",30,"A",,"G",30,"A",,2
444909,"A",,"R",5560,"A",,"G",6,"A",,"G",6,"A",,1
444918,"A",,"R",5270,"A",,"G",6,"A",,"G",6,"A",,1
444927,"R",4774,"A",,"A",,"G",106,"A",,"R",159,"A",,2
444936,"A",,"R",34300,"A",,"G",38,"A",,"G",38,"A",,1
444945,"R",0,"R",103400,"A",,"G",115,"A",,"G",115,"A",,3
444954,"R",47827,"A",,"A",,"G",1594,"A",,"G",1594,"A",,2
444972,"R",1124,"A",,"A",,"G",37,"A",,"G",37,"A",,2
444981,"A",,"R",76500,"A",,"G",85,"A",,"G",85,"A",,1
444990,"R",10447,"A",,"A",,"G",348,"A",,"G",348,"A",,2
445009,"R",31957,"A",,"A",,"G",1065,"A",,"G",1065,"A",,2
445018,"R",36242,"A",,"A",,"G",1208,"A",,"G",1208,"A",,2
445054,"A",,"A",,"R",3,"A",,"G",0,"A",,"Z",0,-2
445072,"R",1105,"A",,"A",,"G",25,"A",,"G",25,"A",,2
445081,"R",1688,"A",,"A",,"G",38,"A",,"G",38,"A",,2
445090,"A",,"R",275400,"A",,"G",306,"A",,"G",306,"A",,1
445106,"R",18040,"A",,"A",,"G",401,"A",,"G",401,"A",,2
445115,"R",24216,"A",,"A",,"G",807,"A",,"R",586,"A",,2
445124,"R",270,"A",,"A",,"G",6,"A",,"G",6,"A",,2
445133,"R",15137,"A",,"R",0,"G",336,"G",0,"R",321,"Z",0,2
445142,"A",,"R",206700,"A",,"G",230,"A",,"G",230,"A",,1
445160,"A",,"R",178168,"A",,"G",198,"A",,"G",198,"A",,1
445179,"R",6576,"A",,"A",,"G",146,"A",,"G",146,"A",,2
445197,"R",224,"A",,"A",,"G",5,"A",,"G",5,"A",,2
445203,"R",1575,"A",,"A",,"G",35,"A",,"G",35,"A",,2
445212,"A",,"R",62521,"A",,"G",69,"A",,"G",69,"A",,1
445221,"A",,"R",82560,"A",,"G",92,"A",,"G",92,"A",,1
445230,"A",,"R",238824,"A",,"G",265,"A",,"G",265,"A",,1
445249,"R",3004,"A",,"A",,"G",100,"A",,"R",123,"A",,2
445258,"A",,"R",117228,"A",,"G",130,"A",,"G",130,"A",,1
445267,"R",25819,"A",,"R",1424,"G",861,"G",59,"G",861,"G",59,2
445276,"R",650,"A",,"A",,"G",14,"A",,"G",14,"A",,2
445285,"R",4821,"R",96421,"A",,"G",268,"A",,"G",268,"A",,3
445294,"R",3318,"A",,"A",,"G",111,"A",,"G",111,"A",,2
445300,"R",639,"A",,"A",,"G",21,"A",,"G",21,"A",,2
445319,"R",441,"A",,"R",96,"G",15,"G",4,"G",15,"G",4,2
445328,"A",,"R",72180,"A",,"G",80,"A",,"R",95,"A",,1
445337,"A",,"R",169713,"A",,"G",189,"A",,"R",426,"A",,1
445346,"A",,"R",339120,"A",,"G",377,"A",,"R",449,"A",,1
445355,"R",20280,"A",,"A",,"G",676,"A",,"G",676,"A",,2
445364,"A",,"R",69741,"A",,"G",77,"A",,"G",77,"A",,1
445373,"A",,"R",176400,"A",,"G",196,"A",,"G",196,"A",,1
445382,"A",,"R",89040,"A",,"G",99,"A",,"G",99,"A",,1
445391,"R",288,"A",,"R",126,"G",10,"G",5,"G",10,"G",5,2
445407,"R",0,"A",,"R",0,"G",0,"G",0,"Z",0,"Z",0,2
445416,"R",60,"A",,"A",,"G",2,"A",,"G",2,"A",,2
445425,"A",,"R",65340,"A",,"G",73,"A",,"G",73,"A",,1
445434,"R",4090,"A",,"A",,"G",91,"A",,"G",91,"A",,2
445443,"A",,"R",30150,"A",,"G",34,"A",,"R",75,"A",,1
445452,"R",8687,"R",304500,"A",,"G",628,"A",,"R",500,"A",,3
445461,"A",,"R",7920,"A",,"G",9,"A",,"G",9,"A",,1
445470,"A",,"R",8640,"A",,"G",10,"A",,"G",10,"A",,1
445489,"A",,"R",56428,"A",,"G",63,"A",,"G",63,"A",,1
445498,"A",,"R",21675,"A",,"G",24,"A",,"R",24,"A",,1
445504,"A",,"R",70615,"A",,"G",78,"A",,"G",78,"A",,1
445522,"A",,"R",170000,"A",,"G",189,"A",,"G",189,"A",,1
445531,"A",,"R",186900,"A",,"G",208,"A",,"G",208,"A",,1
445540,"A",,"R",44700,"A",,"G",50,"A",,"G",50,"A",,1
445559,"R",4680,"A",,"A",,"G",104,"A",,"G",104,"A",,2
445568,"A",,"R",548000,"A",,"G",609,"A",,"G",609,"A",,1
445577,"A",,"R",990000,"A",,"G",1100,"A",,"G",1100,"A",,1
445586,"A",,"R",443000,"A",,"G",492,"A",,"G",492,"A",,1
445595,"A",,"R",133044,"A",,"G",148,"A",,"G",148,"A",,1
445601,"A",,"R",355900,"A",,"G",395,"A",,"G",395,"A",,1
445610,"A",,"R",527026,"A",,"G",586,"A",,"G",586,"A",,1
445629,"A",,"R",55020,"A",,"G",61,"A",,"G",61,"A",,1
445638,"A",,"R",62760,"A",,"G",70,"A",,"G",70,"A",,1
445647,"A",,"R",61260,"A",,"G",68,"A",,"R",68,"A",,1
445656,"A",,"R",63840,"A",,"G",71,"A",,"R",71,"A",,1
445665,"A",,"R",52050,"A",,"G",58,"A",,"G",58,"A",,1
445674,"R",16395,"A",,"A",,"G",547,"A",,"G",547,"A",,2
445683,"A",,"R",33000,"A",,"G",37,"A",,"G",37,"A",,1
445692,"R",3059,"A",,"A",,"G",68,"A",,"G",68,"A",,2
445708,"R",0,"A",,"A",,"G",0,"A",,"Z",0,"A",,2
445717,"R",42,"A",,"R",9,"G",1,"G",0,"G",1,"Z",0,2
