UNITID,XCDACTUA,CDACTUA,XCNACTUA,CNACTUA,XCDACTGA,CDACTGA,XEFTEUG,EFTEUG,XEFTEGD,EFTEGD,XFTEUG,FTEUG,XFTEGD,FTEGD,XFTEDPP,FTEDPP,ACTTYPE 
100654,"R",116132,"A",,"R",14162,"G",3871,"G",590,"G",3871,"G",590,"A",,2
100663,"R",297437,"A",,"R",111853,"G",9915,"G",4661,"G",9915,"G",4661,"R",1404,2
100690,"R",9284,"A",,"R",6195,"G",309,"G",258,"G",309,"G",258,"R",62,2
100706,"R",155405,"A",,"R",23971,"G",5180,"G",999,"G",5180,"R",1046,"R",30,2
100724,"R",142286,"A",,"R",11000,"G",4743,"G",458,"G",4743,"G",458,"R",89,2
100751,"R",761135,"A",,"R",92751,"G",25371,"G",3865,"G",25371,"G",3865,"R",786,2
100760,"R",57843,"A",,"A",,"G",1928,"A",,"G",1928,"A",,"A",,2
100812,"R",84839,"A",,"A",,"G",2828,"A",,"G",2828,"A",,"A",,2
100830,"R",109868,"A",,"R",13870,"G",3662,"G",578,"G",3662,"G",578,"A",,2
100858,"R",593299,"A",,"R",75297,"G",19777,"G",3137,"G",19777,"G",3137,"R",970,2
100937,"R",44637,"A",,"A",,"G",1488,"A",,"R",1240,"A",,"A",,2
101028,"R",39961,"A",,"A",,"G",1332,"A",,"G",1332,"A",,"A",,2
101073,"R",15830,"A",,"A",,"G",528,"A",,"G",528,"A",,"A",,2
101116,"R",25148,"A",,"R",1242,"G",559,"G",35,"G",559,"G",35,"A",,2
101143,"R",73912,"A",,"A",,"G",2464,"A",,"G",2464,"A",,"A",,2
101161,"R",115726,"A",,"A",,"G",3858,"A",,"G",3858,"A",,"A",,2
101189,"R",82255,"A",,"R",4948,"G",2742,"G",206,"G",2742,"G",206,"R",403,2
101240,"R",161746,"A",,"A",,"G",5392,"A",,"G",5392,"A",,"A",,2
101277,"A",,"R",47668,"A",,"G",53,"A",,"G",53,"A",,"A",,1
101286,"R",114168,"A",,"A",,"G",3806,"A",,"G",3806,"A",,"A",,2
101295,"R",148606,"A",,"A",,"G",4954,"A",,"G",4954,"A",,"A",,2
101301,"R",53325,"A",,"A",,"G",1778,"A",,"G",1778,"A",,"A",,2
101365,"R",11046,"A",,"A",,"G",368,"A",,"G",368,"A",,"A",,2
101435,"R",32023,"A",,"A",,"G",1067,"A",,"G",1067,"A",,"A",,2
101453,"R",1182,"A",,"R",243,"G",39,"G",10,"G",39,"G",10,"A",,2
101462,"R",29775,"A",,"A",,"G",993,"A",,"G",993,"A",,"A",,2
101471,"R",19932,"A",,"A",,"G",664,"A",,"G",664,"A",,"A",,2
101480,"R",214833,"A",,"R",18641,"G",7161,"G",777,"G",7161,"G",777,"A",,2
101499,"R",29535,"A",,"A",,"G",985,"A",,"G",985,"A",,"A",,2
101505,"R",195697,"A",,"A",,"G",6523,"A",,"G",6523,"A",,"A",,2
101514,"R",254445,"A",,"A",,"G",8482,"A",,"G",8482,"A",,"A",,2
101541,"R",10012,"A",,"A",,"G",334,"A",,"G",334,"A",,"A",,2
101569,"R",97712,"A",,"A",,"G",3257,"A",,"G",3257,"A",,"A",,2
101587,"R",52280,"A",,"R",46585,"G",1743,"G",1941,"G",1743,"G",1941,"A",,2
101602,"R",42669,"A",,"A",,"G",1422,"A",,"G",1422,"A",,"A",,2
101648,"R",13448,"A",,"A",,"G",448,"A",,"G",448,"A",,"A",,2
101675,"R",49836,"A",,"A",,"G",1661,"A",,"G",1661,"A",,"A",,2
101693,"R",40847,"A",,"R",2712,"G",1362,"G",113,"G",1362,"G",113,"A",,2
101709,"R",72637,"A",,"R",9368,"G",2421,"G",390,"G",2421,"G",390,"A",,2
101736,"R",86423,"A",,"A",,"G",2881,"A",,"G",2881,"A",,"A",,2
101879,"R",160794,"A",,"R",14986,"G",5360,"G",624,"G",5360,"G",624,"A",,2
101897,"R",77539,"A",,"A",,"G",2585,"A",,"G",2585,"A",,"A",,2
101912,"R",58724,"A",,"R",1130,"G",1957,"G",47,"G",1957,"G",47,"A",,2
101949,"R",36304,"A",,"A",,"G",1210,"A",,"G",1210,"A",,"A",,2
101958,"A",,"R",72516,"A",,"G",81,"A",,"G",81,"A",,"A",,1
101994,"R",18026,"R",29345,"A",,"G",633,"A",,"R",601,"A",,"A",,3
102030,"R",87177,"A",,"A",,"G",2906,"A",,"G",2906,"A",,"A",,2
102049,"R",92626,"A",,"R",16321,"G",3088,"G",680,"G",3088,"G",680,"R",1102,2
102058,"R",12975,"A",,"R",700,"G",433,"G",29,"G",433,"G",29,"A",,2
102067,"R",126331,"A",,"A",,"G",4211,"A",,"G",4211,"A",,"A",,2
102076,"R",58213,"A",,"A",,"G",1940,"A",,"G",1940,"A",,"A",,2
102094,"R",310935,"A",,"R",65371,"G",10365,"G",2724,"G",10365,"R",2922,"R",303,2
102234,"R",39726,"A",,"R",2452,"G",1324,"G",102,"G",1324,"G",102,"A",,2
102261,"R",4336,"A",,"A",,"G",145,"A",,"G",145,"A",,"A",,2
102270,"R",31247,"A",,"A",,"G",1042,"A",,"G",1042,"A",,"A",,2
102298,"R",17171,"A",,"A",,"G",572,"A",,"G",572,"A",,"A",,2
102313,"R",43451,"A",,"A",,"G",1448,"A",,"G",1448,"A",,"A",,2
102368,"R",463859,"A",,"R",83074,"G",15462,"G",3461,"G",15462,"G",3461,"R",14,2
102377,"R",81800,"A",,"R",3200,"G",2727,"G",133,"G",2727,"G",133,"R",287,2
102395,"R",3138,"A",,"R",6441,"G",105,"G",268,"G",105,"G",268,"A",,2
102429,"R",96678,"A",,"A",,"G",3223,"A",,"G",3223,"A",,"A",,2
102553,"R",351541,"A",,"R",25567,"G",11718,"G",1065,"G",11718,"G",1065,"A",,2
102580,"R",818,"A",,"A",,"G",27,"A",,"G",27,"A",,"A",,2
102614,"R",172459,"A",,"R",18172,"G",5749,"G",757,"G",5749,"G",757,"A",,2
102632,"R",47735,"A",,"R",9749,"G",1591,"G",406,"G",1591,"G",406,"A",,2
102669,"R",11538,"A",,"R",3427,"G",385,"G",143,"G",385,"G",143,"R",15,2
102711,"A",,"R",289114,"A",,"G",321,"A",,"G",321,"A",,"A",,1
102845,"R",217948,"A",,"A",,"G",4843,"A",,"G",4843,"A",,"A",,2
103361,"R",8489,"A",,"A",,"G",283,"A",,"G",283,"A",,"A",,2
103501,"A",,"R",406043,"A",,"G",451,"A",,"G",451,"A",,"A",,1
103644,"R",71074,"A",,"A",,"G",2369,"A",,"G",2369,"A",,"A",,2
103723,"R",38275,"A",,"A",,"G",851,"A",,"G",851,"A",,"A",,2
103732,"A",,"R",83348,"A",,"G",93,"A",,"G",93,"A",,"A",,1
103741,"A",,"R",186236,"A",,"G",207,"A",,"G",207,"A",,"A",,1
103778,"R",14,"A",,"R",29575,"G",0,"G",1232,"G",0,"G",1232,"A",,2
103787,"R",1921,"A",,"A",,"G",64,"A",,"R",76,"A",,"A",,2
103811,"R",38952,"R",165840,"A",,"G",1483,"A",,"R",1621,"A",,"A",,3
103893,"R",18506,"A",,"A",,"G",617,"A",,"G",617,"A",,"A",,2
103909,"R",25440,"A",,"A",,"G",848,"A",,"G",848,"A",,"A",,2
103927,"R",14289,"A",,"A",,"G",476,"A",,"G",476,"A",,"A",,2
103945,"R",9090,"A",,"A",,"G",303,"A",,"G",303,"A",,"A",,2
103954,"A",,"R",53155,"A",,"G",59,"A",,"G",59,"A",,"A",,1
103963,"A",,"R",1952862,"A",,"G",2170,"A",,"R",2002,"A",,"A",,1
104090,"R",38004,"A",,"A",,"G",1267,"A",,"G",1267,"A",,"A",,2
104151,"R",1650466,"A",,"R",251501,"G",55016,"G",10479,"G",55016,"G",10479,"R",729,2
104160,"R",165527,"R",75462,"A",,"G",5601,"A",,"G",5601,"A",,"A",,3
104179,"R",883522,"A",,"R",127666,"G",29451,"G",5319,"G",29451,"G",5319,"R",2007,2
104188,"R",10500,"A",,"A",,"G",350,"A",,"G",350,"A",,"A",,2
104294,"A",,"R",149626,"A",,"G",166,"A",,"G",166,"A",,"A",,1
104346,"R",157388,"A",,"A",,"G",5246,"A",,"G",5246,"A",,"A",,2
104364,"R",32680,"A",,"A",,"G",726,"A",,"G",726,"A",,"A",,2
104391,"A",,"R",78346,"A",,"G",87,"A",,"G",87,"A",,"A",,1
104425,"R",301487,"A",,"A",,"G",10050,"A",,"R",9119,"A",,"A",,2
104434,"A",,"R",66650,"A",,"G",74,"A",,"G",74,"A",,"A",,1
104443,"A",,"R",187661,"A",,"G",209,"A",,"G",209,"A",,"A",,1
104504,"A",,"R",183750,"A",,"G",204,"A",,"G",204,"A",,"A",,1
104531,"R",55066,"A",,"A",,"G",1836,"A",,"R",1530,"A",,"A",,2
104568,"A",,"R",421200,"A",,"G",468,"A",,"G",468,"A",,"A",,1
104577,"R",124857,"A",,"A",,"G",4162,"A",,"G",4162,"A",,"A",,2
104586,"R",48959,"A",,"R",757,"G",1632,"G",32,"G",1632,"G",32,"A",,2
104665,"A",,"R",4890,"R",540,"G",5,"G",23,"G",5,"G",23,"A",,1
104708,"R",381814,"A",,"A",,"G",12727,"A",,"G",12727,"A",,"A",,2
104717,"R",697054,"A",,"R",360001,"G",23235,"G",15000,"G",23235,"G",15000,"A",,2
104805,"R",110790,"A",,"A",,"G",3693,"A",,"G",3693,"A",,"A",,2
104911,"A",,"R",360947,"A",,"G",401,"A",,"G",401,"A",,"A",,1
104984,"R",4994,"A",,"A",,"G",166,"A",,"G",166,"A",,"A",,2
105118,"R",27607,"A",,"A",,"G",920,"A",,"G",920,"A",,"A",,2
105145,"R",106996,"A",,"A",,"G",3567,"A",,"G",3567,"A",,"A",,2
105154,"R",460871,"A",,"A",,"G",15362,"A",,"G",15362,"A",,"A",,2
105163,"R",22623,"A",,"A",,"G",503,"A",,"G",503,"A",,"A",,2
105172,"R",30464,"A",,"A",,"G",677,"A",,"G",677,"A",,"A",,2
105206,"R",115892,"A",,"A",,"G",3863,"A",,"G",3863,"A",,"A",,2
105215,"R",88048,"A",,"A",,"G",2935,"A",,"G",2935,"A",,"A",,2
105297,"R",48083,"A",,"A",,"G",1603,"A",,"G",1603,"A",,"A",,2
105330,"R",553687,"A",,"R",71197,"G",18456,"G",2967,"R",20408,"R",3296,"R",528,2
105349,"R",61917,"A",,"A",,"G",2064,"A",,"G",2064,"A",,"A",,2
105367,"R",15862,"A",,"R",13678,"G",529,"G",570,"G",529,"R",760,"A",,2
105428,"R",214106,"A",,"A",,"G",7137,"A",,"G",7137,"A",,"A",,2
105482,"A",,"R",113750,"A",,"G",126,"A",,"G",126,"A",,"A",,1
105516,"R",104711,"A",,"R",35233,"G",3490,"G",1468,"G",3490,"G",1468,"A",,2
105525,"R",639868,"R",189381,"A",,"G",21539,"A",,"R",21625,"A",,"A",,3
105534,"A",,"R",2175746,"A",,"G",2417,"A",,"G",2417,"A",,"A",,1
105543,"A",,"R",1400701,"A",,"G",1556,"A",,"G",1556,"A",,"A",,1
105589,"R",24074,"A",,"R",7889,"G",802,"G",329,"G",802,"G",329,"A",,2
105659,"R",33161,"A",,"A",,"G",1105,"A",,"G",1105,"A",,"A",,2
105668,"R",427882,"A",,"A",,"G",14263,"A",,"G",14263,"A",,"A",,2
105677,"A",,"R",68460,"A",,"G",76,"A",,"G",76,"A",,"A",,1
105701,"A",,"R",100528,"A",,"G",112,"A",,"R",110,"A",,"A",,1
105747,"R",190488,"A",,"A",,"G",6350,"A",,"G",6350,"A",,"A",,2
105792,"R",83355,"A",,"A",,"G",2779,"A",,"G",2779,"A",,"A",,2
105899,"R",14189,"A",,"A",,"G",473,"A",,"G",473,"A",,"A",,2
105987,"R",16283,"A",,"A",,"G",543,"A",,"G",543,"A",,"A",,2
106041,"R",155714,"A",,"A",,"G",5190,"A",,"G",5190,"A",,"A",,2
106102,"R",42600,"A",,"R",13515,"G",1420,"G",563,"G",1420,"G",563,"A",,2
106111,"A",,"R",188873,"A",,"G",210,"A",,"G",210,"A",,"A",,1
106148,"R",116380,"A",,"A",,"G",3879,"A",,"G",3879,"A",,"A",,2
106245,"R",238325,"A",,"R",35575,"G",7944,"G",1482,"G",7944,"G",1482,"R",534,2
106263,"R",24414,"A",,"R",13059,"G",814,"G",544,"G",814,"G",544,"R",1120,2
106281,"A",,"R",34405,"A",,"G",38,"A",,"R",50,"A",,"A",,1
106306,"R",30022,"A",,"A",,"G",1001,"A",,"G",1001,"A",,"A",,2
106315,"A",,"R",106000,"A",,"G",118,"A",,"G",118,"A",,"A",,1
106324,"A",,"R",20967,"A",,"G",23,"A",,"G",23,"A",,"A",,1
106342,"R",16670,"A",,"A",,"G",556,"A",,"G",556,"A",,"A",,2
106351,"A",,"R",103991,"A",,"G",116,"A",,"G",116,"A",,"A",,1
106360,"A",,"R",69348,"A",,"G",77,"A",,"G",77,"A",,"A",,1
106397,"R",544633,"A",,"R",64896,"G",18154,"G",2704,"G",18154,"G",2704,"R",503,2
106412,"R",85960,"A",,"R",1782,"G",2865,"G",74,"G",2865,"G",74,"A",,2
106449,"R",104804,"A",,"A",,"G",3493,"A",,"G",3493,"A",,"A",,2
106458,"R",276899,"A",,"R",76999,"G",9230,"G",3208,"R",9229,"G",3208,"R",131,2
106467,"R",249597,"A",,"R",14075,"G",8320,"G",586,"G",8320,"G",586,"A",,2
106485,"R",93806,"A",,"R",2007,"G",3127,"G",84,"G",3127,"G",84,"A",,2
106494,"A",,"R",67646,"A",,"G",75,"A",,"G",75,"A",,"A",,1
106546,"R",28973,"A",,"A",,"G",966,"A",,"G",966,"A",,"A",,2
106625,"R",60040,"A",,"A",,"G",2001,"A",,"G",2001,"A",,"A",,2
106704,"R",266530,"A",,"R",31298,"G",8884,"G",1304,"G",8884,"G",1304,"R",63,2
106713,"R",23621,"A",,"A",,"G",787,"A",,"G",787,"A",,"A",,2
106795,"R",29005,"A",,"A",,"G",967,"A",,"G",967,"A",,"A",,2
106810,"R",5242,"A",,"A",,"G",175,"A",,"G",175,"A",,"A",,2
106829,"R",10089,"R",45572,"A",,"G",387,"A",,"G",387,"A",,"A",,3
106883,"R",27416,"A",,"A",,"G",914,"A",,"G",914,"A",,"A",,2
106892,"A",,"R",316448,"A",,"G",352,"A",,"G",352,"A",,"A",,1
106908,"A",,"R",507263,"A",,"G",564,"A",,"G",564,"A",,"A",,1
106980,"R",77221,"A",,"A",,"G",2574,"A",,"G",2574,"A",,"A",,2
106999,"R",35134,"A",,"A",,"G",1171,"A",,"G",1171,"A",,"A",,2
107044,"R",126613,"A",,"R",34759,"G",4220,"G",1448,"G",4220,"R",1166,"R",282,2
107071,"R",97200,"A",,"R",7992,"G",3240,"G",333,"G",3240,"G",333,"A",,2
107080,"R",42260,"A",,"R",296,"G",1409,"G",12,"R",1446,"R",11,"A",,2
107099,"A",,"R",68054,"A",,"G",76,"A",,"G",76,"A",,"A",,1
107123,"R",34,"R",52000,"A",,"G",59,"A",,"G",59,"A",,"A",,3
107141,"R",50299,"A",,"R",7686,"G",1677,"G",320,"G",1677,"G",320,"A",,2
107211,"A",,"R",37765,"A",,"G",42,"A",,"G",42,"A",,"A",,1
107220,"A",,"R",467927,"A",,"G",520,"A",,"G",520,"A",,"A",,1
107275,"A",,"R",10342,"A",,"G",11,"A",,"G",11,"A",,"A",,1
107293,"A",,"R",104986,"A",,"G",117,"A",,"G",117,"A",,"A",,1
107318,"R",38920,"A",,"A",,"G",1297,"A",,"G",1297,"A",,"A",,2
107327,"R",39250,"A",,"A",,"G",1308,"A",,"G",1308,"A",,"A",,2
107363,"A",,"R",88152,"A",,"G",98,"A",,"G",98,"A",,"A",,1
107442,"A",,"R",65880,"A",,"G",73,"A",,"G",73,"A",,"A",,1
107460,"R",53492,"A",,"A",,"G",1783,"A",,"G",1783,"A",,"A",,2
107488,"R",10025,"A",,"A",,"G",334,"A",,"G",334,"A",,"A",,2
107512,"R",47645,"A",,"A",,"G",1588,"A",,"G",1588,"A",,"A",,2
107521,"R",28118,"A",,"A",,"G",937,"A",,"G",937,"A",,"A",,2
107549,"R",37621,"A",,"A",,"G",1254,"A",,"G",1254,"A",,"A",,2
107558,"R",18793,"A",,"A",,"G",626,"A",,"G",626,"A",,"A",,2
107585,"R",56282,"A",,"A",,"G",1876,"A",,"G",1876,"A",,"A",,2
107600,"R",20978,"A",,"A",,"G",699,"A",,"G",699,"A",,"A",,2
107619,"R",32312,"A",,"A",,"G",1077,"A",,"G",1077,"A",,"A",,2
107637,"R",45353,"A",,"A",,"G",1512,"A",,"G",1512,"A",,"A",,2
107655,"A",,"R",51439,"A",,"G",57,"A",,"G",57,"A",,"A",,1
107664,"R",261573,"A",,"A",,"G",8719,"A",,"G",8719,"A",,"A",,2
107725,"R",28686,"A",,"A",,"G",956,"A",,"G",956,"A",,"A",,2
107743,"R",19776,"A",,"A",,"G",659,"A",,"G",659,"A",,"A",,2
107789,"A",,"R",134080,"A",,"G",149,"A",,"G",149,"A",,"A",,1
107831,"A",,"R",95734,"A",,"G",106,"A",,"G",106,"A",,"A",,1
107877,"R",16513,"A",,"A",,"G",550,"A",,"G",550,"A",,"A",,2
107974,"R",42610,"A",,"A",,"G",1420,"A",,"G",1420,"A",,"A",,2
107983,"R",82887,"A",,"R",7873,"G",2763,"G",328,"G",2763,"G",328,"A",,2
107992,"R",41564,"A",,"A",,"G",1385,"A",,"G",1385,"A",,"A",,2
108065,"A",,"R",21816,"A",,"G",24,"A",,"G",24,"A",,"A",,1
108092,"R",188214,"A",,"A",,"G",6274,"A",,"G",6274,"A",,"A",,2
108232,"R",267726,"A",,"R",104478,"G",8924,"G",4353,"G",8924,"G",4353,"A",,2
108250,"R",28106,"A",,"A",,"G",625,"A",,"G",625,"A",,"A",,2
108269,"A",,"A",,"R",3975,"A",,"G",166,"A",,"G",166,"A",,-2
108348,"R",3408,"A",,"A",,"G",114,"A",,"G",114,"A",,"A",,2
108649,"A",,"R",217800,"A",,"G",242,"A",,"G",242,"A",,"A",,1
108667,"R",114446,"A",,"A",,"G",3815,"A",,"G",3815,"A",,"A",,2
108807,"R",205707,"A",,"A",,"G",6857,"A",,"G",6857,"A",,"A",,2
108852,"R",8087,"A",,"A",,"G",270,"A",,"G",270,"A",,"A",,2
108861,"A",,"A",,"R",1047,"A",,"G",44,"A",,"G",44,"A",,-2
108870,"A",,"A",,"R",9058,"A",,"G",377,"A",,"G",377,"A",,-2
108977,"A",,"R",50425,"A",,"G",56,"A",,"G",56,"A",,"A",,1
109040,"A",,"R",1272109,"A",,"G",1413,"A",,"G",1413,"A",,"A",,1
109086,"R",450,"A",,"R",1173,"G",15,"G",49,"G",15,"G",49,"A",,2
109208,"R",513955,"A",,"A",,"G",17132,"A",,"G",17132,"A",,"A",,2
109332,"R",10962,"A",,"A",,"G",365,"A",,"G",365,"A",,"A",,2
109350,"R",259754,"A",,"A",,"G",8658,"A",,"G",8658,"A",,"A",,2
109651,"R",76472,"A",,"R",7352,"G",2549,"G",306,"G",2549,"G",306,"A",,2
109721,"R",12750,"A",,"A",,"G",425,"A",,"G",425,"A",,"A",,2
109730,"R",4580,"A",,"A",,"G",153,"A",,"G",153,"A",,"A",,2
109785,"R",175682,"A",,"R",80922,"G",5856,"G",3372,"G",5856,"G",3372,"R",260,2
109819,"R",312433,"A",,"A",,"G",10414,"A",,"G",10414,"A",,"A",,2
109891,"A",,"R",7168,"A",,"G",8,"A",,"G",8,"A",,"A",,1
109907,"R",49745,"A",,"A",,"G",1658,"A",,"G",1658,"A",,"A",,2
109934,"A",,"R",220595,"A",,"G",245,"A",,"G",245,"A",,"A",,1
110060,"R",6414,"A",,"R",1986,"G",214,"G",83,"G",214,"G",83,"R",84,2
110097,"R",131661,"A",,"R",28771,"G",4389,"G",1199,"G",4389,"G",1199,"A",,2
110185,"R",32576,"A",,"R",1120,"G",1086,"G",47,"G",1086,"G",47,"A",,2
110194,"A",,"R",174214,"A",,"G",194,"A",,"G",194,"A",,"A",,1
110219,"R",62640,"A",,"R",1584,"G",1392,"G",44,"G",1392,"G",44,"A",,2
110246,"R",274227,"A",,"A",,"G",9141,"A",,"G",9141,"A",,"A",,2
110307,"A",,"A",,"R",8087,"A",,"G",337,"A",,"G",337,"A",,-2
110316,"R",3879,"A",,"R",24533,"G",129,"G",1022,"G",129,"G",1022,"R",123,2
110334,"R",241413,"A",,"A",,"G",8047,"A",,"G",8047,"A",,"A",,2
110361,"R",130818,"A",,"R",22065,"G",4361,"G",919,"G",4361,"G",919,"A",,2
110370,"R",39888,"A",,"R",10411,"G",1330,"G",434,"R",1584,"R",518,"A",,2
110398,"A",,"A",,"R",498,"A",,"G",21,"A",,"G",21,"R",1276,-2
110404,"R",43565,"A",,"R",46311,"G",968,"G",1286,"G",968,"G",1286,"A",,2
110413,"R",80496,"A",,"R",27469,"G",2683,"G",1145,"G",2683,"G",1145,"R",71,2
110422,"R",748531,"A",,"R",26170,"G",16634,"G",727,"G",16634,"G",727,"A",,2
110468,"R",5273,"A",,"R",79741,"G",176,"G",3323,"G",176,"G",3323,"R",60,2
110486,"R",302983,"A",,"R",23153,"G",6733,"G",643,"G",6733,"G",643,"A",,2
110495,"R",198058,"A",,"R",19462,"G",6602,"G",811,"G",6602,"G",811,"A",,2
110510,"R",614523,"A",,"R",42861,"G",13656,"G",1191,"G",13656,"G",1191,"A",,2
110529,"R",762931,"A",,"R",27005,"G",16954,"G",750,"G",16954,"G",750,"A",,2
110538,"R",421730,"A",,"R",14685,"G",14058,"G",612,"G",14058,"G",612,"A",,2
110547,"R",271016,"A",,"R",30628,"G",9034,"G",1276,"G",9034,"G",1276,"A",,2
110556,"R",514995,"A",,"R",39485,"G",17167,"G",1645,"G",17167,"G",1645,"A",,2
110565,"R",784518,"A",,"R",53254,"G",26151,"G",2219,"G",26151,"G",2219,"A",,2
110574,"R",484987,"A",,"R",70120,"G",10777,"G",1948,"G",10777,"G",1948,"R",1,2
110583,"R",764049,"A",,"R",63026,"G",25468,"G",2626,"G",25468,"G",2626,"A",,2
110592,"R",688988,"A",,"R",63683,"G",15311,"G",1769,"G",15311,"G",1769,"A",,2
110608,"R",751078,"A",,"R",72846,"G",25036,"G",3035,"G",25036,"G",3035,"A",,2
110617,"R",623573,"A",,"R",44258,"G",20786,"G",1844,"G",20786,"G",1844,"A",,2
110635,"R",832113,"A",,"R",232330,"G",27737,"G",9680,"G",27737,"G",9680,"R",1120,2
110644,"R",1139187,"A",,"R",178366,"G",25315,"G",4955,"G",25315,"G",4955,"R",1376,2
110653,"R",1056222,"A",,"R",180474,"G",23472,"G",5013,"G",23472,"G",5013,"R",576,2
110662,"R",1256017,"A",,"R",393446,"G",27911,"G",10929,"G",27911,"G",10929,"R",1651,2
110671,"R",818187,"A",,"R",88657,"G",18182,"G",2463,"G",18182,"G",2463,"A",,2
110680,"R",1092261,"A",,"R",191030,"G",24272,"G",5306,"G",24272,"G",5306,"R",748,2
110699,"A",,"A",,"R",47280,"A",,"G",1313,"A",,"G",1313,"R",1676,-2
110705,"R",874745,"A",,"R",122096,"G",19439,"G",3392,"G",19439,"G",3392,"A",,2
110714,"R",729919,"A",,"R",57860,"G",16220,"G",1607,"G",16220,"G",1607,"A",,2
110778,"A",,"A",,"R",13720,"A",,"G",381,"A",,"G",381,"R",26,-2
110875,"A",,"R",111585,"A",,"G",124,"A",,"G",124,"A",,"A",,1
110918,"R",685,"A",,"A",,"G",23,"A",,"G",23,"A",,"A",,2
110945,"R",57619,"A",,"A",,"G",1921,"A",,"R",1784,"A",,"A",,2
111009,"R",30136,"A",,"A",,"G",1005,"A",,"G",1005,"A",,"A",,2
111054,"A",,"R",283355,"A",,"G",315,"A",,"G",315,"A",,"A",,1
111081,"R",27120,"A",,"R",12504,"G",904,"G",521,"G",904,"G",521,"A",,2
111188,"R",33273,"A",,"A",,"G",1109,"A",,"G",1109,"A",,"A",,2
111391,"A",,"A",,"R",1377,"A",,"G",57,"A",,"G",57,"R",871,-2
111434,"R",102271,"A",,"A",,"G",3409,"A",,"G",3409,"A",,"A",,2
111461,"R",315566,"A",,"A",,"G",10519,"A",,"G",10519,"A",,"A",,2
111513,"A",,"R",238119,"A",,"G",265,"A",,"G",265,"A",,"A",,1
111638,"R",9659,"R",386089,"A",,"G",751,"A",,"G",751,"A",,"A",,3
111708,"A",,"R",470700,"A",,"G",523,"A",,"G",523,"A",,"A",,1
111717,"A",,"R",854180,"A",,"G",949,"A",,"G",949,"A",,"A",,1
111726,"A",,"R",314010,"A",,"G",349,"A",,"G",349,"A",,"A",,1
111744,"A",,"R",302490,"A",,"G",336,"A",,"G",336,"A",,"A",,1
111762,"A",,"R",204660,"A",,"G",227,"A",,"G",227,"A",,"A",,1
111771,"A",,"R",314010,"A",,"G",349,"A",,"G",349,"A",,"A",,1
111799,"A",,"R",162540,"A",,"G",181,"A",,"G",181,"A",,"A",,1
111887,"R",401980,"A",,"A",,"G",13399,"A",,"G",13399,"A",,"A",,2
111896,"R",84415,"A",,"A",,"G",2814,"A",,"G",2814,"A",,"A",,2
111920,"R",233716,"A",,"A",,"G",7791,"A",,"G",7791,"A",,"A",,2
111939,"R",319195,"A",,"A",,"G",10640,"A",,"G",10640,"A",,"A",,2
111948,"R",166521,"A",,"R",25893,"G",5551,"G",1079,"G",5551,"G",1079,"R",627,2
111966,"R",2357,"A",,"R",11849,"G",79,"G",494,"G",79,"G",494,"A",,2
112075,"R",51159,"A",,"R",31105,"G",1705,"G",1296,"R",1732,"R",1710,"A",,2
112084,"R",17882,"A",,"R",317,"G",596,"G",13,"G",596,"G",13,"A",,2
112127,"A",,"A",,"R",1198,"A",,"G",50,"A",,"G",50,"R",4,-2
112172,"R",246722,"A",,"A",,"G",8224,"A",,"G",8224,"A",,"A",,2
112181,"A",,"R",72834,"A",,"G",81,"A",,"G",81,"A",,"A",,1
112190,"R",597523,"A",,"A",,"G",19917,"A",,"G",19917,"A",,"A",,2
112251,"A",,"A",,"R",30380,"A",,"G",1266,"A",,"G",1266,"A",,-2
112260,"R",38756,"A",,"R",640,"G",1292,"G",27,"G",1292,"G",27,"A",,2
112288,"A",,"R",447840,"A",,"G",498,"A",,"G",498,"A",,"A",,1
112367,"A",,"R",557700,"A",,"G",620,"A",,"G",620,"A",,"A",,1
112385,"R",150403,"A",,"A",,"G",5013,"A",,"G",5013,"A",,"A",,2
112394,"R",7046,"A",,"A",,"G",235,"A",,"G",235,"A",,"A",,2
112446,"R",38885,"A",,"R",8064,"G",864,"G",224,"G",864,"G",224,"A",,2
112455,"A",,"R",78307,"A",,"G",87,"A",,"G",87,"A",,"A",,1
112525,"A",,"A",,"R",13294,"A",,"G",554,"A",,"G",554,"R",2737,-2
112561,"R",47215,"A",,"A",,"G",1574,"A",,"G",1574,"A",,"A",,2
112570,"R",15000,"A",,"A",,"G",333,"A",,"G",333,"A",,"A",,2
112686,"R",145631,"A",,"A",,"G",4854,"A",,"G",4854,"A",,"A",,2
112783,"A",,"R",498312,"A",,"G",554,"A",,"G",554,"A",,"A",,1
112826,"R",141225,"A",,"A",,"G",4708,"A",,"G",4708,"A",,"A",,2
113096,"R",245140,"A",,"A",,"G",8171,"A",,"G",8171,"A",,"A",,2
113111,"R",101440,"A",,"A",,"G",3381,"A",,"G",3381,"A",,"A",,2
113193,"R",215202,"A",,"A",,"G",7173,"A",,"G",7173,"A",,"A",,2
113218,"R",131970,"A",,"A",,"G",4399,"A",,"G",4399,"A",,"A",,2
113236,"R",266017,"A",,"A",,"G",8867,"A",,"G",8867,"A",,"A",,2
113333,"R",742536,"A",,"A",,"G",16501,"A",,"G",16501,"A",,"A",,2
113397,"A",,"R",2054766,"A",,"G",2283,"A",,"G",2283,"A",,"A",,1
113449,"A",,"R",302362,"A",,"G",336,"A",,"G",336,"A",,"A",,1
113537,"R",720,"R",1980,"R",600,"G",26,"G",25,"G",26,"G",25,"A",,3
113573,"R",176157,"A",,"A",,"G",5872,"A",,"G",5872,"A",,"A",,2
113582,"R",9315,"A",,"A",,"G",311,"A",,"G",311,"A",,"A",,2
113607,"R",311807,"A",,"A",,"G",10394,"A",,"R",8661,"A",,"A",,2
113634,"R",391697,"A",,"A",,"G",13057,"A",,"G",13057,"A",,"A",,2
113698,"R",45643,"A",,"R",11323,"G",1521,"G",472,"G",1521,"G",472,"A",,2
113704,"A",,"A",,"R",1920,"A",,"G",80,"A",,"G",80,"A",,-2
113856,"R",573254,"A",,"A",,"G",19108,"A",,"G",19108,"A",,"A",,2
113908,"R",265,"R",1193477,"A",,"G",1335,"A",,"R",1295,"A",,"A",,3
113953,"A",,"R",4714230,"A",,"G",5238,"A",,"G",5238,"A",,"A",,1
113980,"R",429390,"A",,"A",,"G",14313,"A",,"G",14313,"A",,"A",,2
114044,"R",1920,"A",,"A",,"G",64,"A",,"G",64,"A",,"A",,2
114071,"A",,"R",671685,"A",,"G",746,"A",,"R",832,"A",,"A",,1
114080,"A",,"R",630038,"A",,"G",700,"A",,"G",700,"A",,"A",,1
114114,"A",,"A",,"R",2900,"A",,"G",81,"A",,"G",81,"R",14,-2
114123,"A",,"R",690800,"A",,"G",768,"A",,"G",768,"A",,"A",,1
114266,"R",176150,"A",,"A",,"G",5872,"A",,"G",5872,"A",,"A",,2
114354,"R",175444,"A",,"A",,"G",3899,"A",,"G",3899,"A",,"A",,2
114372,"R",4818,"A",,"A",,"G",107,"A",,"G",107,"A",,"A",,2
114390,"R",34131,"A",,"A",,"G",758,"A",,"G",758,"A",,"A",,2
114415,"R",13044,"A",,"A",,"G",290,"A",,"G",290,"A",,"A",,2
114433,"R",33407,"A",,"A",,"G",1114,"A",,"G",1114,"A",,"A",,2
114460,"A",,"R",269633,"A",,"G",300,"A",,"G",300,"A",,"A",,1
114549,"A",,"A",,"R",30935,"A",,"G",1289,"A",,"R",1039,"A",,-2
114585,"A",,"A",,"R",13985,"A",,"G",583,"A",,"G",583,"A",,-2
114628,"A",,"R",140300,"A",,"G",156,"A",,"G",156,"A",,"A",,1
114716,"R",428179,"A",,"A",,"G",9515,"A",,"G",9515,"A",,"A",,2
114734,"A",,"A",,"R",728,"A",,"G",30,"A",,"G",30,"A",,-2
114761,"A",,"R",59861,"A",,"G",67,"A",,"G",67,"A",,"A",,1
114789,"R",371451,"A",,"A",,"G",12382,"A",,"G",12382,"A",,"A",,2
114813,"R",72219,"A",,"R",15149,"G",2407,"G",631,"G",2407,"G",631,"A",,2
114840,"A",,"A",,"R",70644,"A",,"G",1962,"A",,"G",1962,"R",426,-2
114859,"R",322432,"A",,"A",,"G",10748,"A",,"G",10748,"A",,"A",,2
114895,"R",4685,"R",1440,"A",,"G",158,"A",,"R",142,"A",,"A",,3
114938,"R",117990,"A",,"A",,"G",3933,"A",,"G",3933,"A",,"A",,2
114947,"A",,"R",216840,"A",,"G",241,"A",,"G",241,"A",,"A",,1
115001,"R",376959,"A",,"A",,"G",12565,"A",,"G",12565,"A",,"A",,2
115010,"A",,"R",306927,"A",,"G",341,"A",,"G",341,"A",,"A",,1
115083,"R",12473,"A",,"R",33868,"G",416,"G",1411,"G",416,"G",1411,"R",875,2
115126,"R",241303,"A",,"A",,"G",8043,"A",,"G",8043,"A",,"A",,2
115214,"A",,"A",,"R",5595,"A",,"G",233,"A",,"G",233,"A",,-2
115296,"R",337352,"A",,"A",,"G",11245,"A",,"G",11245,"A",,"A",,2
115357,"A",,"R",36573,"A",,"G",41,"A",,"G",41,"A",,"A",,1
115393,"R",182213,"A",,"A",,"G",6074,"A",,"G",6074,"A",,"A",,2
115409,"R",26065,"A",,"A",,"G",869,"A",,"R",783,"A",,"A",,2
115454,"R",65702,"A",,"A",,"G",1460,"A",,"G",1460,"A",,"A",,2
115472,"R",98755,"A",,"A",,"G",2195,"A",,"G",2195,"A",,"A",,2
115490,"R",81473,"A",,"A",,"G",1811,"A",,"G",1811,"A",,"A",,2
115515,"R",60429,"A",,"A",,"G",1343,"A",,"G",1343,"A",,"A",,2
115533,"R",81187,"A",,"A",,"G",1804,"A",,"G",1804,"A",,"A",,2
115658,"A",,"R",196812,"A",,"G",219,"A",,"R",223,"A",,"A",,1
115728,"R",23362,"A",,"R",8309,"G",779,"G",346,"G",779,"G",346,"A",,2
115746,"A",,"A",,"R",26751,"A",,"G",743,"A",,"G",743,"A",,-2
115755,"R",213550,"A",,"R",6901,"G",7118,"G",288,"G",7118,"G",288,"A",,2
115773,"R",58746,"A",,"R",9744,"G",1305,"G",271,"G",1305,"G",271,"R",121,2
115861,"R",159883,"A",,"A",,"G",5329,"A",,"R",6108,"A",,"A",,2
115931,"R",10781,"A",,"A",,"G",359,"A",,"G",359,"A",,"A",,2
116040,"R",12042,"A",,"A",,"G",401,"A",,"G",401,"A",,"A",,2
116226,"R",8608,"A",,"R",41,"G",191,"G",1,"G",191,"G",1,"A",,2
116350,"A",,"R",378043,"A",,"G",420,"A",,"R",443,"A",,"A",,1
116439,"R",252048,"A",,"A",,"G",8402,"A",,"G",8402,"A",,"A",,2
116466,"R",73615,"A",,"A",,"G",1636,"A",,"G",1636,"A",,"A",,2
116475,"R",25022,"A",,"A",,"G",556,"A",,"G",556,"A",,"A",,2
116484,"R",45200,"A",,"A",,"G",1004,"A",,"G",1004,"A",,"A",,2
116563,"A",,"R",169730,"A",,"G",189,"A",,"G",189,"A",,"A",,1
116660,"A",,"R",39680,"A",,"G",44,"A",,"G",44,"A",,"A",,1
116712,"R",8796,"A",,"R",34554,"G",195,"G",960,"G",195,"G",960,"R",109,2
116846,"R",3524,"A",,"R",3276,"G",117,"G",137,"G",117,"G",137,"A",,2
117052,"R",257417,"A",,"A",,"G",8581,"A",,"G",8581,"A",,"A",,2
117104,"R",12454,"A",,"R",780,"G",415,"G",33,"G",415,"G",33,"A",,2
117113,"R",104700,"A",,"A",,"G",2327,"A",,"G",2327,"A",,"A",,2
117140,"R",123315,"A",,"R",57824,"G",4111,"G",2409,"G",4111,"G",2409,"R",287,2
117168,"R",12168,"A",,"R",868,"G",406,"G",36,"G",406,"G",36,"A",,2
117195,"R",67863,"A",,"A",,"G",1508,"A",,"R",1884,"A",,"A",,2
117238,"A",,"R",121075,"A",,"G",135,"A",,"G",135,"A",,"A",,1
117247,"R",249365,"A",,"A",,"G",8312,"A",,"G",8312,"A",,"A",,2
117274,"R",43869,"A",,"A",,"G",1462,"A",,"G",1462,"A",,"A",,2
117520,"A",,"A",,"A",,"A",,"A",,"A",,"A",,"R",419,-2
117557,"R",2370,"R",345,"R",2964,"G",79,"G",124,"G",79,"G",124,"A",,3
117575,"R",2133,"A",,"R",2173,"G",71,"G",91,"G",71,"G",91,"R",37,2
117627,"R",76817,"A",,"R",9163,"G",1707,"G",255,"G",1707,"G",255,"A",,2
117636,"R",50619,"A",,"R",56232,"G",1125,"G",1562,"G",1125,"G",1562,"R",1695,2
117645,"R",443560,"A",,"A",,"G",14785,"A",,"G",14785,"A",,"A",,2
117672,"R",7794,"A",,"R",5473,"G",260,"G",228,"G",260,"G",228,"R",537,2
117690,"R",173695,"A",,"A",,"G",5790,"A",,"G",5790,"A",,"A",,2
117706,"R",341511,"A",,"A",,"G",11384,"A",,"G",11384,"A",,"A",,2
117715,"R",105319,"A",,"A",,"G",3511,"A",,"G",3511,"A",,"A",,2
117724,"R",245469,"A",,"A",,"G",8182,"A",,"G",8182,"A",,"A",,2
117733,"R",293451,"A",,"A",,"G",9782,"A",,"G",9782,"A",,"A",,2
117751,"R",40523,"A",,"R",9067,"G",1351,"G",378,"G",1351,"G",378,"R",223,2
117788,"R",340409,"A",,"A",,"G",11347,"A",,"G",11347,"A",,"A",,2
117803,"R",4162,"A",,"A",,"G",139,"A",,"G",139,"A",,"A",,2
117867,"R",155640,"A",,"A",,"G",5188,"A",,"G",5188,"A",,"A",,2
117894,"R",166333,"A",,"A",,"G",5544,"A",,"G",5544,"A",,"A",,2
117928,"R",67100,"A",,"R",279,"G",1491,"G",8,"G",1491,"G",8,"A",,2
117946,"R",185838,"A",,"R",33066,"G",6195,"G",1378,"R",5710,"R",1323,"R",1300,2
117955,"A",,"R",210320,"A",,"G",234,"A",,"G",234,"A",,"A",,1
118116,"A",,"R",75655,"A",,"G",84,"A",,"G",84,"A",,"A",,1
118125,"A",,"R",36322,"A",,"G",40,"A",,"G",40,"A",,"A",,1
118134,"A",,"R",99237,"A",,"G",110,"A",,"G",110,"A",,"A",,1
118143,"A",,"R",93261,"A",,"G",104,"A",,"G",104,"A",,"A",,1
118161,"A",,"R",126635,"A",,"G",141,"A",,"G",141,"A",,"A",,1
118189,"A",,"R",165965,"A",,"G",184,"A",,"G",184,"A",,"A",,1
118198,"A",,"R",501935,"A",,"G",558,"A",,"G",558,"A",,"A",,1
118259,"R",29438,"A",,"A",,"G",981,"A",,"G",981,"A",,"A",,2
118277,"R",64692,"A",,"A",,"G",2156,"A",,"G",2156,"A",,"A",,2
118286,"R",54250,"A",,"A",,"G",1808,"A",,"G",1808,"A",,"A",,2
118347,"R",141015,"A",,"A",,"G",4701,"A",,"G",4701,"A",,"A",,2
118356,"R",94,"R",4073762,"A",,"G",4530,"A",,"G",4530,"A",,"A",,3
118541,"R",26988,"A",,"A",,"G",900,"A",,"G",900,"A",,"A",,2
118684,"R",68193,"A",,"A",,"G",2273,"A",,"G",2273,"A",,"A",,2
118693,"R",21824,"A",,"A",,"G",727,"A",,"R",705,"A",,"A",,2
118718,"R",217139,"A",,"A",,"G",7238,"A",,"G",7238,"A",,"A",,2
118772,"R",117813,"A",,"A",,"G",3927,"A",,"G",3927,"A",,"A",,2
118888,"R",25218,"A",,"R",15637,"G",841,"G",652,"G",841,"G",652,"A",,2
118912,"R",325553,"A",,"A",,"G",10852,"A",,"G",10852,"A",,"A",,2
118921,"A",,"R",742231,"A",,"G",825,"A",,"G",825,"A",,"A",,1
118930,"R",177277,"A",,"A",,"G",5909,"A",,"G",5909,"A",,"A",,2
118958,"A",,"R",62224,"A",,"G",69,"A",,"R",79,"A",,"A",,1
118967,"R",57190,"A",,"A",,"G",1906,"A",,"G",1906,"A",,"A",,2
118976,"R",335462,"A",,"A",,"G",11182,"A",,"G",11182,"A",,"A",,2
118994,"A",,"R",69971,"A",,"G",78,"A",,"G",78,"A",,"A",,1
119058,"R",464,"A",,"R",22743,"G",15,"G",948,"G",15,"G",948,"A",,2
119067,"R",137433,"A",,"A",,"G",4581,"A",,"G",4581,"A",,"A",,2
119137,"R",299798,"A",,"A",,"G",9993,"A",,"G",9993,"A",,"A",,2
119164,"R",594504,"A",,"A",,"G",19817,"A",,"G",19817,"A",,"A",,2
119173,"R",59056,"A",,"R",6396,"G",1969,"G",267,"G",1969,"G",267,"R",105,2
119216,"R",268138,"A",,"A",,"G",8938,"A",,"G",8938,"A",,"A",,2
119234,"A",,"R",227817,"A",,"G",253,"A",,"G",253,"A",,"A",,1
119270,"R",62503,"A",,"A",,"G",1389,"A",,"G",1389,"A",,"A",,2
119331,"R",125129,"A",,"A",,"G",4171,"A",,"G",4171,"A",,"A",,2
119340,"R",14138,"A",,"A",,"G",471,"A",,"G",471,"A",,"A",,2
119359,"R",31646,"A",,"A",,"G",1055,"A",,"G",1055,"A",,"A",,2
119368,"R",12907,"A",,"A",,"G",430,"A",,"G",430,"A",,"A",,2
119438,"R",16231,"A",,"A",,"G",541,"A",,"G",541,"A",,"A",,2
119456,"R",21602,"A",,"A",,"G",720,"A",,"G",720,"A",,"A",,2
119465,"R",25885,"A",,"A",,"G",863,"A",,"G",863,"A",,"A",,2
119508,"R",33338,"A",,"A",,"G",1111,"A",,"G",1111,"A",,"A",,2
119544,"R",9949,"A",,"R",3343,"G",332,"G",139,"G",332,"G",139,"A",,2
119553,"R",29632,"A",,"A",,"G",988,"A",,"G",988,"A",,"A",,2
119605,"R",324747,"A",,"R",302393,"G",10825,"G",12600,"G",10825,"G",12600,"A",,2
119678,"A",,"A",,"R",169493,"A",,"G",4708,"A",,"R",2648,"A",,-2
119775,"R",17956,"A",,"R",9247,"G",399,"G",257,"G",399,"G",257,"A",,2
119845,"A",,"R",219818,"A",,"G",244,"A",,"G",244,"A",,"A",,1
119951,"A",,"R",232841,"A",,"G",259,"A",,"G",259,"A",,"A",,1
120069,"A",,"R",374814,"A",,"G",416,"A",,"G",416,"A",,"A",,1
120078,"A",,"R",651725,"A",,"G",724,"A",,"G",724,"A",,"A",,1
120087,"A",,"R",293718,"A",,"G",326,"A",,"G",326,"A",,"A",,1
120166,"R",6872,"A",,"R",13855,"G",229,"G",577,"G",229,"G",577,"R",51,2
120184,"R",28939,"A",,"R",13205,"G",965,"G",550,"G",965,"G",550,"A",,2
120254,"R",67178,"A",,"R",224,"G",2239,"G",9,"G",2239,"G",9,"A",,2
120272,"A",,"R",92713,"A",,"G",103,"A",,"G",103,"A",,"A",,1
120290,"R",182099,"A",,"A",,"G",6070,"A",,"G",6070,"A",,"A",,2
120342,"R",429233,"A",,"A",,"G",14308,"A",,"G",14308,"A",,"A",,2
120403,"R",36957,"A",,"R",2333,"G",1232,"G",97,"G",1232,"G",97,"A",,2
120421,"R",121570,"A",,"A",,"G",4052,"A",,"G",4052,"A",,"A",,2
120537,"R",23137,"A",,"R",6198,"G",771,"G",258,"G",771,"G",258,"A",,2
120661,"A",,"R",639113,"A",,"G",710,"A",,"G",710,"A",,"A",,1
120698,"R",6736,"A",,"R",14077,"G",150,"G",391,"G",150,"G",391,"R",168,2
120740,"A",,"A",,"R",2316,"A",,"G",97,"A",,"G",97,"A",,-2
120768,"R",5758,"A",,"R",7644,"G",192,"G",319,"G",192,"G",319,"A",,2
120795,"A",,"A",,"R",3448,"A",,"G",144,"A",,"G",144,"A",,-2
120838,"R",984,"A",,"R",6292,"G",22,"G",175,"G",22,"G",175,"A",,2
120865,"R",66980,"A",,"R",194,"G",1488,"G",5,"G",1488,"G",5,"A",,2
120883,"R",126655,"A",,"R",18002,"G",4222,"G",750,"G",4222,"G",750,"R",2212,2
120953,"R",32332,"A",,"A",,"G",1078,"A",,"G",1078,"A",,"A",,2
120971,"R",473281,"A",,"A",,"G",15776,"A",,"G",15776,"A",,"A",,2
121017,"A",,"R",226400,"A",,"G",252,"A",,"R",183,"A",,"A",,1
121044,"R",498806,"A",,"A",,"G",16627,"A",,"G",16627,"A",,"A",,2
121071,"R",19803,"A",,"R",1085,"G",660,"G",45,"G",660,"G",45,"A",,2
121150,"R",112752,"A",,"R",75158,"G",3758,"G",3132,"G",3758,"G",3132,"R",750,2
121257,"R",33797,"A",,"A",,"G",1127,"A",,"R",1056,"A",,"A",,2
121275,"R",11730,"A",,"A",,"G",391,"A",,"G",391,"A",,"A",,2
121309,"R",70927,"A",,"R",23538,"G",2364,"G",981,"G",2364,"G",981,"A",,2
121345,"R",49195,"A",,"A",,"G",1640,"A",,"R",1568,"A",,"A",,2
121363,"R",81771,"A",,"A",,"G",2726,"A",,"G",2726,"A",,"A",,2
121381,"R",46696,"A",,"A",,"G",1038,"A",,"G",1038,"A",,"A",,2
121433,"A",,"R",135766,"A",,"G",151,"A",,"G",151,"A",,"A",,1
121619,"R",342426,"A",,"A",,"G",11414,"A",,"G",11414,"A",,"A",,2
121628,"A",,"A",,"R",4344,"A",,"G",121,"A",,"G",121,"A",,-2
121637,"A",,"R",199390,"A",,"G",222,"A",,"G",222,"A",,"A",,1
121691,"R",98195,"A",,"R",31167,"G",3273,"G",1299,"G",3273,"G",1299,"A",,2
121707,"R",111718,"A",,"A",,"G",3724,"A",,"G",3724,"A",,"A",,2
121859,"A",,"R",236542,"A",,"G",263,"A",,"G",263,"A",,"A",,1
121868,"A",,"R",100120,"A",,"G",111,"A",,"G",111,"A",,"A",,1
121886,"R",297161,"A",,"A",,"G",9905,"A",,"G",9905,"A",,"A",,2
121901,"R",335795,"A",,"A",,"G",11193,"A",,"G",11193,"A",,"A",,2
121983,"R",2997,"A",,"R",6099,"G",100,"G",254,"G",100,"G",254,"R",165,2
121992,"A",,"R",273497,"A",,"G",304,"A",,"G",304,"A",,"A",,1
122117,"R",3636,"A",,"R",9540,"G",81,"G",265,"G",81,"G",265,"R",21,2
122180,"R",403372,"A",,"A",,"G",13446,"A",,"G",13446,"A",,"A",,2
122205,"R",421678,"A",,"A",,"G",14056,"A",,"G",14056,"A",,"A",,2
122296,"R",22391,"A",,"R",20577,"G",746,"G",857,"G",746,"G",857,"R",140,2
122339,"R",293834,"A",,"A",,"G",9794,"A",,"G",9794,"A",,"A",,2
122366,"R",13701,"A",,"A",,"G",457,"A",,"G",457,"A",,"A",,2
122375,"R",379482,"A",,"A",,"G",12649,"A",,"G",12649,"A",,"A",,2
122384,"R",214687,"A",,"A",,"G",7156,"A",,"G",7156,"A",,"A",,2
122409,"R",716220,"A",,"R",79047,"G",23874,"G",3294,"G",23874,"G",3294,"A",,2
122436,"R",168003,"A",,"R",37131,"G",5600,"G",1547,"G",5600,"G",1547,"R",1069,2
122454,"R",11404,"A",,"R",7026,"G",380,"G",293,"G",380,"G",293,"A",,2
122506,"R",7281,"A",,"R",7563,"G",243,"G",315,"R",184,"R",205,"A",,2
122597,"R",653043,"A",,"R",62933,"G",21768,"G",2622,"G",21768,"G",2622,"R",1,2
122603,"A",,"A",,"R",2206,"A",,"G",92,"A",,"G",92,"R",21,-2
122612,"R",189842,"A",,"R",59931,"G",6328,"G",2497,"G",6328,"G",2497,"R",634,2
122649,"A",,"A",,"A",,"A",,"A",,"A",,"A",,"R",177,-2
122658,"R",406440,"A",,"A",,"G",13548,"A",,"G",13548,"A",,"A",,2
122685,"R",84986,"A",,"A",,"G",2833,"A",,"R",3612,"A",,"A",,2
122694,"R",36161,"A",,"A",,"G",1205,"A",,"R",1385,"A",,"A",,2
122728,"R",28383,"A",,"R",973,"G",946,"G",41,"G",946,"G",41,"A",,2
122746,"R",177033,"A",,"A",,"G",5901,"A",,"G",5901,"A",,"A",,2
122755,"R",615971,"A",,"R",71319,"G",20532,"G",2972,"G",20532,"G",2972,"A",,2
122791,"R",163606,"A",,"A",,"G",5454,"A",,"G",5454,"A",,"A",,2
122834,"R",41463,"A",,"A",,"G",921,"A",,"G",921,"A",,"A",,2
122843,"R",227112,"A",,"R",3470,"G",5047,"G",96,"G",5047,"G",96,"A",,2
122852,"R",14522,"A",,"A",,"G",323,"A",,"G",323,"A",,"A",,2
122889,"R",372721,"A",,"A",,"G",12424,"A",,"G",12424,"A",,"A",,2
122931,"R",269782,"A",,"R",59569,"G",5995,"G",1655,"G",5995,"G",1655,"R",2633,2
122977,"R",617184,"A",,"A",,"G",20573,"A",,"G",20573,"A",,"A",,2
123013,"R",419328,"A",,"A",,"G",13978,"A",,"G",13978,"A",,"A",,2
123095,"A",,"A",,"R",13561,"A",,"G",565,"A",,"G",565,"R",29,-2
123165,"R",24465,"A",,"R",416,"G",816,"G",17,"R",963,"R",23,"A",,2
123208,"R",78473,"A",,"A",,"G",2616,"A",,"G",2616,"A",,"A",,2
123217,"R",222269,"A",,"A",,"G",7409,"A",,"G",7409,"A",,"A",,2
123280,"R",1420,"A",,"R",183,"G",47,"G",8,"G",47,"G",8,"A",,2
123299,"R",175795,"A",,"A",,"G",5860,"A",,"G",5860,"A",,"A",,2
123341,"R",359768,"A",,"A",,"G",11992,"A",,"G",11992,"A",,"A",,2
123350,"A",,"R",78300,"A",,"G",87,"A",,"G",87,"A",,"A",,1
123396,"A",,"R",197400,"A",,"G",219,"A",,"G",219,"A",,"A",,1
123448,"A",,"A",,"A",,"A",,"A",,"A",,"A",,"R",236,-2
123457,"R",28400,"A",,"R",5518,"G",947,"G",230,"G",947,"G",230,"A",,2
123484,"R",46688,"A",,"A",,"G",1556,"A",,"G",1556,"A",,"A",,2
123493,"A",,"R",959400,"A",,"G",1066,"A",,"G",1066,"A",,"A",,1
123509,"R",179033,"A",,"A",,"G",5968,"A",,"G",5968,"A",,"A",,2
123527,"R",223887,"A",,"A",,"G",7463,"A",,"G",7463,"A",,"A",,2
123554,"R",86820,"A",,"R",14356,"G",2894,"G",598,"R",2971,"R",905,"A",,2
123563,"R",212263,"A",,"A",,"G",7075,"A",,"G",7075,"A",,"A",,2
123572,"R",220925,"A",,"R",8328,"G",7364,"G",347,"G",7364,"G",347,"A",,2
123581,"A",,"R",197280,"A",,"G",219,"A",,"G",219,"A",,"A",,1
123633,"R",11313,"A",,"R",26148,"G",251,"G",726,"G",251,"G",726,"R",100,2
123642,"A",,"R",315792,"A",,"G",351,"A",,"G",351,"A",,"A",,1
123651,"R",55972,"A",,"R",3877,"G",1866,"G",162,"G",1866,"G",162,"A",,2
123679,"A",,"R",754282,"A",,"G",838,"A",,"G",838,"A",,"A",,1
123800,"R",398517,"A",,"A",,"G",13284,"A",,"G",13284,"A",,"A",,2
123855,"A",,"A",,"R",2396,"A",,"G",100,"A",,"G",100,"A",,-2
123916,"A",,"A",,"R",2000,"A",,"G",83,"A",,"G",83,"A",,-2
123943,"A",,"A",,"R",1150,"A",,"G",32,"A",,"R",3,"R",406,-2
123952,"R",7665,"A",,"R",5564,"G",256,"G",232,"G",256,"G",232,"A",,2
123961,"R",565460,"A",,"R",308419,"G",18849,"G",12851,"G",18849,"G",12851,"R",2582,2
123970,"A",,"A",,"R",647,"A",,"G",27,"A",,"G",27,"R",1094,-2
124113,"R",61409,"A",,"A",,"G",2047,"A",,"G",2047,"A",,"A",,2
124283,"A",,"A",,"R",4539,"A",,"G",189,"A",,"G",189,"R",38,-2
124292,"R",12916,"A",,"A",,"G",431,"A",,"G",431,"A",,"A",,2
124344,"A",,"R",326941,"A",,"G",363,"A",,"R",410,"A",,"A",,1
124487,"R",10148,"A",,"A",,"G",226,"A",,"G",226,"A",,"A",,2
124681,"R",204128,"A",,"A",,"G",6804,"A",,"G",6804,"A",,"A",,2
124706,"A",,"R",754980,"A",,"G",839,"A",,"G",839,"A",,"A",,1
124779,"A",,"R",42922,"A",,"G",48,"A",,"G",48,"A",,"A",,1
124937,"A",,"R",649291,"A",,"G",721,"A",,"G",721,"A",,"A",,1
125028,"R",268057,"A",,"A",,"G",8935,"A",,"G",8935,"A",,"A",,2
125037,"A",,"A",,"A",,"A",,"A",,"A",,"A",,"R",117,-2
125082,"A",,"R",143333,"A",,"G",159,"A",,"G",159,"A",,"A",,1
125091,"R",235669,"A",,"A",,"G",7856,"A",,"G",7856,"A",,"A",,2
125170,"R",120553,"A",,"A",,"G",4018,"A",,"G",4018,"A",,"A",,2
125231,"R",370525,"A",,"R",1155027,"G",12351,"G",48126,"G",12351,"G",48126,"A",,2
125310,"A",,"R",19646,"A",,"G",22,"A",,"G",22,"A",,"A",,1
125462,"R",50995,"A",,"A",,"G",1700,"A",,"R",1970,"A",,"A",,2
125471,"R",167893,"A",,"A",,"G",5596,"A",,"G",5596,"A",,"A",,2
125499,"R",204795,"A",,"A",,"G",6827,"A",,"G",6827,"A",,"A",,2
125532,"R",37341,"A",,"A",,"G",1245,"A",,"G",1245,"A",,"A",,2
125718,"A",,"A",,"R",3901,"A",,"G",163,"A",,"R",130,"A",,-2
125727,"R",45450,"A",,"R",260,"G",1515,"G",11,"G",1515,"R",10,"A",,2
125763,"R",47457,"A",,"R",2611,"G",1582,"G",109,"G",1582,"G",109,"R",655,2
125897,"R",40207,"A",,"R",7444,"G",1340,"G",310,"G",1340,"G",310,"A",,2
126012,"A",,"A",,"R",10200,"A",,"G",425,"A",,"G",425,"A",,-2
126030,"A",,"A",,"A",,"A",,"A",,"A",,"A",,"R",451,-2
126049,"A",,"A",,"R",4768,"A",,"G",199,"A",,"G",199,"R",985,-2
126076,"R",4950,"A",,"A",,"G",165,"A",,"G",165,"A",,"A",,2
126119,"R",139535,"A",,"A",,"G",4651,"A",,"G",4651,"A",,"A",,2
126164,"R",3963,"A",,"A",,"G",132,"A",,"G",132,"A",,"A",,2
126182,"R",66061,"A",,"R",15383,"G",2202,"G",641,"G",2202,"G",641,"A",,2
126207,"R",112064,"A",,"A",,"G",3735,"A",,"G",3735,"A",,"A",,2
126289,"R",200272,"A",,"A",,"G",6676,"A",,"R",6067,"A",,"A",,2
126359,"R",49982,"A",,"A",,"G",1111,"A",,"G",1111,"A",,"A",,2
126401,"R",17555,"A",,"A",,"G",585,"A",,"G",585,"A",,"A",,2
126410,"R",5486,"R",62100,"A",,"G",191,"A",,"R",122,"A",,"A",,3
126562,"R",292386,"A",,"R",128741,"G",9746,"G",5364,"G",9746,"G",5364,"R",2272,2
126580,"R",213399,"A",,"R",30038,"G",7113,"G",1252,"G",7113,"G",1252,"R",8,2
126605,"R",65144,"R",35100,"A",,"G",1487,"A",,"G",1487,"A",,"A",,3
126614,"R",765704,"A",,"R",82145,"G",25523,"G",3423,"G",25523,"G",3423,"R",553,2
126669,"R",71113,"A",,"R",6464,"G",2370,"G",269,"G",2370,"G",269,"A",,2
126678,"R",70042,"A",,"R",1954,"G",2335,"G",81,"R",2189,"G",81,"A",,2
126687,"A",,"R",563329,"A",,"G",626,"A",,"G",626,"A",,"A",,1
126702,"R",89657,"A",,"A",,"G",1992,"A",,"G",1992,"A",,"A",,2
126711,"R",110103,"A",,"A",,"G",3670,"A",,"G",3670,"A",,"A",,2
126748,"R",23877,"A",,"A",,"G",796,"A",,"G",796,"A",,"A",,2
126775,"R",126290,"A",,"R",26582,"G",4210,"G",1108,"G",4210,"G",1108,"A",,2
126784,"R",4922,"A",,"A",,"G",164,"A",,"G",164,"A",,"A",,2
126818,"R",656734,"A",,"R",96327,"G",21891,"G",4014,"G",21891,"G",4014,"R",583,2
126827,"R",72213,"A",,"R",26937,"G",1605,"G",748,"G",1605,"G",748,"A",,2
126854,"R",2615,"A",,"A",,"G",87,"A",,"G",87,"A",,"A",,2
126863,"R",144658,"A",,"A",,"G",4822,"A",,"G",4822,"A",,"A",,2
126872,"R",35490,"A",,"A",,"G",1183,"A",,"G",1183,"A",,"A",,2
126915,"R",10689,"A",,"A",,"G",356,"A",,"G",356,"A",,"A",,2
126924,"R",6371,"A",,"A",,"G",142,"A",,"G",142,"A",,"A",,2
126942,"R",248316,"A",,"A",,"G",8277,"A",,"G",8277,"A",,"A",,2
126951,"A",,"R",1085673,"A",,"G",1206,"A",,"G",1206,"A",,"A",,1
126979,"A",,"A",,"R",16192,"A",,"G",675,"A",,"G",675,"A",,-2
127024,"R",30522,"A",,"A",,"G",678,"A",,"G",678,"A",,"A",,2
127060,"R",240954,"A",,"R",198429,"G",5355,"G",5512,"G",5355,"R",4541,"R",971,2
127158,"R",84699,"A",,"A",,"G",2823,"A",,"G",2823,"A",,"A",,2
127185,"R",106338,"A",,"A",,"G",3545,"A",,"G",3545,"A",,"A",,2
127200,"R",461802,"A",,"A",,"G",15393,"A",,"R",14025,"A",,"A",,2
127219,"R",2250,"A",,"A",,"G",75,"A",,"G",75,"A",,"A",,2
127228,"R",8470,"A",,"A",,"G",282,"A",,"G",282,"A",,"A",,2
127273,"A",,"A",,"R",8418,"A",,"G",234,"A",,"G",234,"R",4,-2
127316,"R",6612,"A",,"A",,"G",220,"A",,"G",220,"A",,"A",,2
127389,"R",21935,"A",,"A",,"G",731,"A",,"R",705,"A",,"A",,2
127556,"R",219386,"A",,"R",1665,"G",7313,"G",69,"G",7313,"G",69,"R",63,2
127565,"R",520002,"A",,"R",5190,"G",17333,"G",216,"G",17333,"R",173,"A",,2
127617,"R",31908,"A",,"A",,"G",1064,"A",,"R",1065,"A",,"A",,2
127653,"R",11514,"A",,"R",12919,"G",384,"G",538,"G",384,"G",538,"A",,2
127680,"R",13834,"A",,"A",,"G",307,"A",,"G",307,"A",,"A",,2
127699,"R",10336,"A",,"A",,"G",230,"A",,"G",230,"A",,"A",,2
127714,"R",12500,"A",,"A",,"G",417,"A",,"G",417,"A",,"A",,2
127732,"R",45868,"A",,"A",,"G",1529,"A",,"G",1529,"A",,"A",,2
127741,"R",289868,"A",,"R",45213,"G",9662,"G",1884,"G",9662,"G",1884,"A",,2
127778,"R",35536,"A",,"A",,"G",1185,"A",,"R",1226,"A",,"A",,2
127787,"R",15115,"A",,"A",,"G",504,"A",,"G",504,"A",,"A",,2
127820,"R",329023,"A",,"A",,"G",10967,"A",,"G",10967,"A",,"A",,2
127839,"R",25165,"A",,"A",,"G",839,"A",,"G",839,"A",,"A",,2
127884,"R",172101,"A",,"A",,"G",5737,"A",,"G",5737,"A",,"A",,2
127909,"R",196368,"A",,"A",,"G",6546,"A",,"G",6546,"A",,"A",,2
127918,"R",132118,"A",,"R",68901,"G",4404,"G",2871,"G",4404,"G",2871,"R",947,2
127945,"R",17202,"A",,"R",120,"G",573,"G",5,"G",573,"G",5,"A",,2
127954,"A",,"R",7300,"R",2100,"G",8,"G",88,"G",8,"G",88,"A",,1
128106,"R",144456,"A",,"R",35412,"G",4815,"G",1476,"G",4815,"G",1476,"A",,2
128151,"R",35743,"A",,"A",,"G",1191,"A",,"G",1191,"A",,"A",,2
128179,"A",,"R",612680,"A",,"G",681,"A",,"G",681,"A",,"A",,1
128188,"R",25992,"R",159360,"A",,"G",1043,"A",,"G",1043,"A",,"A",,3
128258,"R",47065,"A",,"A",,"G",1569,"A",,"G",1569,"A",,"A",,2
128328,"R",165658,"A",,"A",,"G",5522,"A",,"G",5522,"A",,"A",,2
128337,"R",4800,"A",,"A",,"G",160,"A",,"G",160,"A",,"A",,2
128391,"R",55980,"A",,"R",3867,"G",1866,"G",161,"G",1866,"G",161,"A",,2
128425,"R",705,"A",,"R",225,"G",24,"G",9,"G",24,"G",9,"A",,2
128498,"R",47848,"A",,"R",9917,"G",1595,"G",413,"G",1595,"G",413,"A",,2
128540,"A",,"R",113900,"A",,"G",127,"A",,"G",127,"A",,"A",,1
128577,"R",31105,"A",,"A",,"G",1037,"A",,"G",1037,"A",,"A",,2
128586,"R",2130,"A",,"A",,"G",71,"A",,"G",71,"A",,"A",,2
128674,"R",16985,"A",,"A",,"G",566,"A",,"G",566,"A",,"A",,2
128683,"R",29139,"A",,"A",,"G",971,"A",,"G",971,"A",,"A",,2
128726,"R",4560,"A",,"A",,"G",152,"A",,"G",152,"A",,"A",,2
128744,"R",62034,"A",,"R",36305,"G",2068,"G",1513,"G",2068,"G",1513,"R",276,2
128762,"R",11520,"A",,"A",,"G",384,"A",,"G",384,"A",,"A",,2
128771,"R",259403,"A",,"R",37884,"G",8647,"G",1579,"G",8647,"G",1579,"A",,2
128780,"R",26453,"A",,"A",,"G",882,"A",,"G",882,"A",,"A",,2
128896,"A",,"R",251264,"A",,"G",279,"A",,"G",279,"A",,"A",,1
128902,"R",62195,"A",,"R",140,"G",2073,"G",6,"G",2073,"G",6,"A",,2
128957,"A",,"R",181011,"A",,"G",201,"A",,"G",201,"A",,"A",,1
129002,"R",15171,"A",,"A",,"G",337,"A",,"G",337,"A",,"A",,2
129020,"R",539939,"A",,"R",105091,"G",17998,"G",4379,"G",17998,"G",4379,"R",1530,2
129154,"R",67350,"A",,"A",,"G",2245,"A",,"G",2245,"A",,"A",,2
129181,"A",,"R",814638,"A",,"G",905,"A",,"G",905,"A",,"A",,1
129215,"R",148403,"A",,"R",3794,"G",4947,"G",158,"G",4947,"G",158,"A",,2
129242,"R",114838,"A",,"R",19049,"G",3828,"G",794,"G",3828,"G",794,"R",48,2
129349,"A",,"R",204086,"A",,"G",227,"A",,"G",227,"A",,"A",,1
129367,"R",81438,"A",,"A",,"G",2715,"A",,"G",2715,"A",,"A",,2
129428,"A",,"A",,"R",5328,"A",,"G",222,"A",,"G",222,"A",,-2
129482,"R",10141,"A",,"A",,"G",338,"A",,"G",338,"A",,"A",,2
129491,"A",,"A",,"R",1608,"A",,"G",67,"A",,"R",89,"R",12,-2
129525,"R",152024,"A",,"R",30033,"G",5067,"G",1251,"G",5067,"R",1068,"R",183,2
129534,"R",1324,"A",,"R",5930,"G",44,"G",247,"R",55,"R",329,"A",,2
129543,"R",112496,"A",,"A",,"G",3750,"A",,"G",3750,"A",,"A",,2
129613,"R",16345,"A",,"A",,"G",363,"A",,"G",363,"A",,"A",,2
129640,"A",,"R",37800,"A",,"G",42,"A",,"G",42,"A",,"A",,1
129686,"R",1908,"A",,"R",15,"G",64,"G",1,"G",64,"G",1,"A",,2
129695,"R",138196,"A",,"A",,"G",4607,"A",,"G",4607,"A",,"A",,2
129729,"R",135183,"A",,"A",,"G",4506,"A",,"G",4506,"A",,"A",,2
129756,"R",53340,"A",,"A",,"G",1778,"A",,"G",1778,"A",,"A",,2
129774,"R",25714,"A",,"A",,"G",857,"A",,"G",857,"A",,"A",,2
129808,"R",90278,"A",,"A",,"G",3009,"A",,"G",3009,"A",,"A",,2
129923,"A",,"R",584465,"A",,"G",649,"A",,"G",649,"A",,"A",,1
129932,"A",,"R",491400,"A",,"G",546,"A",,"G",546,"A",,"A",,1
129941,"R",133874,"A",,"R",28960,"G",4462,"G",1207,"G",4462,"G",1207,"A",,2
129969,"R",17825,"A",,"A",,"G",594,"A",,"G",594,"A",,"A",,2
130004,"R",122071,"A",,"A",,"G",4069,"A",,"G",4069,"A",,"A",,2
130040,"R",26155,"A",,"A",,"G",872,"A",,"G",872,"A",,"A",,2
130110,"R",5580,"A",,"A",,"G",186,"A",,"G",186,"A",,"A",,2
130129,"A",,"R",510418,"A",,"G",567,"A",,"G",567,"A",,"A",,1
130174,"R",126970,"A",,"A",,"G",2822,"A",,"G",2822,"A",,"A",,2
130183,"R",143488,"A",,"R",14571,"G",4783,"G",607,"R",5979,"G",607,"A",,2
130217,"R",35473,"A",,"A",,"G",1182,"A",,"G",1182,"A",,"A",,2
130226,"R",186481,"A",,"R",39183,"G",6216,"G",1633,"G",6216,"G",1633,"R",400,2
130253,"R",121976,"A",,"R",36750,"G",4066,"G",1531,"G",4066,"G",1531,"R",268,2
130314,"R",28100,"A",,"R",22193,"G",937,"G",925,"G",937,"G",925,"R",68,2
130396,"R",133557,"A",,"A",,"G",4452,"A",,"G",4452,"A",,"A",,2
130448,"R",14733,"A",,"A",,"G",491,"A",,"G",491,"A",,"A",,2
130493,"R",225360,"A",,"R",35886,"G",7512,"G",1495,"G",7512,"G",1495,"R",278,2
130509,"R",11146,"R",177599,"A",,"G",569,"A",,"G",569,"A",,"A",,3
130581,"A",,"A",,"R",5612,"A",,"G",234,"A",,"G",234,"A",,-2
130590,"R",69509,"A",,"R",1342,"G",2317,"G",56,"G",2317,"G",56,"A",,2
130606,"R",85278,"A",,"A",,"G",2843,"A",,"G",2843,"A",,"A",,2
130624,"R",35680,"A",,"A",,"G",1189,"A",,"G",1189,"A",,"A",,2
130697,"R",98533,"A",,"R",4836,"G",3284,"G",202,"R",3079,"G",202,"A",,2
130776,"R",158298,"A",,"R",8222,"G",5277,"G",343,"G",5277,"G",343,"R",51,2
130785,"A",,"A",,"R",432,"A",,"G",12,"A",,"G",12,"A",,-2
130794,"R",205878,"A",,"R",152876,"G",6863,"G",6370,"G",6863,"G",6370,"R",464,2
130837,"A",,"R",50252,"A",,"G",56,"A",,"G",56,"A",,"A",,1
130873,"R",53725,"A",,"A",,"G",1791,"A",,"G",1791,"A",,"A",,2
130891,"R",100239,"A",,"A",,"G",3341,"A",,"G",3341,"A",,"A",,2
130907,"R",72223,"A",,"A",,"G",2407,"A",,"G",2407,"A",,"A",,2
130916,"R",152178,"A",,"A",,"G",5073,"A",,"G",5073,"A",,"A",,2
130934,"R",99559,"A",,"R",7480,"G",3319,"G",312,"G",3319,"G",312,"A",,2
130943,"R",531445,"A",,"R",47707,"G",17715,"G",1988,"R",18067,"R",3510,"R",77,2
130989,"R",18799,"A",,"R",9350,"G",627,"G",390,"G",627,"G",390,"A",,2
131061,"A",,"R",156655,"A",,"G",174,"A",,"G",174,"A",,"A",,1
131098,"R",44602,"A",,"R",2164,"G",1487,"G",90,"G",1487,"G",90,"A",,2
131113,"R",171239,"A",,"R",87562,"G",5708,"G",3648,"G",5708,"G",3648,"A",,2
131159,"R",212520,"A",,"R",62733,"G",7084,"G",2614,"G",7084,"G",2614,"R",1503,2
131283,"R",110738,"A",,"R",36580,"G",3691,"G",1524,"G",3691,"G",1524,"R",752,2
131308,"R",9617,"A",,"R",5108,"G",321,"G",213,"G",321,"G",213,"A",,2
131399,"R",110964,"A",,"R",3412,"G",3699,"G",142,"G",3699,"G",142,"A",,2
131405,"A",,"A",,"R",2385,"A",,"G",99,"A",,"G",99,"A",,-2
131450,"R",32496,"A",,"R",9778,"G",1083,"G",407,"G",1083,"G",407,"A",,2
131469,"R",306178,"A",,"R",200533,"G",10206,"G",8356,"G",10206,"G",8356,"R",2858,2
131496,"R",223201,"A",,"R",117861,"G",7440,"G",4911,"G",7440,"G",4911,"R",2827,2
131520,"R",206181,"A",,"R",36502,"G",6873,"G",1521,"G",6873,"G",1521,"R",2421,2
131742,"R",80118,"A",,"A",,"G",2671,"A",,"G",2671,"A",,"A",,2
131803,"R",49274,"A",,"R",13818,"G",1095,"G",384,"G",1095,"G",384,"A",,2
131830,"R",1590,"A",,"A",,"G",53,"A",,"G",53,"A",,"A",,2
131876,"R",44912,"A",,"R",12547,"G",1497,"G",523,"G",1497,"G",523,"A",,2
131973,"A",,"A",,"R",9610,"A",,"G",400,"A",,"G",400,"R",181,-2
132268,"R",72926,"A",,"A",,"G",2431,"A",,"G",2431,"A",,"A",,2
132338,"R",98331,"A",,"A",,"G",2185,"A",,"G",2185,"A",,"A",,2
132374,"A",,"R",1239979,"A",,"G",1378,"A",,"G",1378,"A",,"A",,1
132408,"R",13962,"A",,"R",123,"G",465,"G",5,"G",465,"G",5,"A",,2
132471,"R",124811,"A",,"R",68997,"G",4160,"G",2875,"G",4160,"G",2875,"R",1280,2
132523,"A",,"A",,"R",1367,"A",,"G",57,"A",,"G",57,"A",,-2
132602,"R",102566,"A",,"R",832,"G",3419,"G",35,"G",3419,"G",35,"A",,2
132657,"R",49197,"A",,"R",10628,"G",1640,"G",443,"G",1640,"G",443,"A",,2
132666,"A",,"R",136767,"A",,"G",152,"A",,"G",152,"A",,"A",,1
132675,"A",,"R",114614,"A",,"G",127,"A",,"G",127,"A",,"A",,1
132693,"R",371889,"R",778207,"A",,"G",13261,"A",,"G",13261,"A",,"A",,3
132709,"R",926171,"R",436942,"A",,"G",31358,"A",,"G",31358,"A",,"A",,3
132806,"R",13980,"A",,"A",,"G",466,"A",,"G",466,"A",,"A",,2
132842,"R",9441,"A",,"R",15000,"G",315,"G",625,"G",315,"G",625,"A",,2
132851,"R",184907,"R",362535,"A",,"G",6566,"A",,"G",6566,"A",,"A",,3
132879,"R",9339,"A",,"A",,"G",311,"A",,"R",381,"A",,"A",,2
132903,"R",1363372,"A",,"R",140436,"G",45446,"G",5852,"G",45446,"G",5852,"R",179,2
132976,"A",,"R",251298,"A",,"G",279,"A",,"G",279,"A",,"A",,1
133021,"R",46154,"R",102411,"A",,"G",1652,"A",,"G",1652,"A",,"A",,3
133085,"R",16180,"A",,"R",189,"G",539,"G",8,"G",539,"G",8,"A",,2
133155,"A",,"R",499534,"A",,"G",555,"A",,"G",555,"A",,"A",,1
133386,"R",356692,"R",741730,"A",,"G",12714,"A",,"G",12714,"A",,"A",,3
133465,"R",41079,"A",,"R",3530,"G",913,"G",98,"G",913,"G",98,"A",,2
133492,"R",74036,"A",,"A",,"G",2468,"A",,"G",2468,"A",,"A",,2
133508,"R",358620,"R",20550,"A",,"G",11977,"A",,"G",11977,"A",,"A",,3
133526,"R",19849,"A",,"A",,"G",662,"A",,"G",662,"A",,"A",,2
133553,"R",136346,"A",,"R",8881,"G",4545,"G",370,"G",4545,"G",370,"A",,2
133650,"R",321586,"A",,"R",29141,"G",10720,"G",1214,"G",10720,"G",1214,"R",910,2
133669,"R",612018,"A",,"R",82127,"G",20401,"G",3422,"G",20401,"G",3422,"R",238,2
133702,"R",680938,"R",1241350,"A",,"G",24077,"A",,"G",24077,"A",,"A",,3
133711,"R",82680,"A",,"A",,"G",2756,"A",,"G",2756,"A",,"A",,2
133809,"R",13617,"A",,"A",,"G",454,"A",,"G",454,"A",,"A",,2
133845,"A",,"R",394034,"A",,"G",438,"A",,"G",438,"A",,"A",,1
133854,"A",,"R",383587,"A",,"G",426,"A",,"G",426,"A",,"A",,1
133863,"A",,"R",347101,"A",,"G",386,"A",,"G",386,"A",,"A",,1
133872,"R",53682,"A",,"R",3000,"G",1789,"G",125,"G",1789,"G",125,"A",,2
133881,"R",80872,"A",,"R",40749,"G",2696,"G",1698,"G",2696,"G",1698,"R",90,2
133942,"R",3344,"A",,"A",,"G",111,"A",,"G",111,"A",,"A",,2
133951,"R",1006497,"A",,"R",168748,"G",33550,"G",7031,"G",33550,"G",7031,"R",1039,2
133960,"R",26228,"R",28228,"A",,"G",906,"A",,"G",906,"A",,"A",,3
133979,"R",48157,"A",,"R",948,"G",1605,"G",40,"G",1605,"G",40,"A",,2
133997,"R",423339,"R",360900,"A",,"G",9809,"A",,"G",9809,"A",,"A",,3
134024,"A",,"R",105870,"A",,"G",118,"A",,"G",118,"A",,"A",,1
134079,"R",69665,"A",,"R",3510,"G",2322,"G",146,"G",2322,"G",146,"A",,2
134097,"R",954009,"A",,"R",163765,"G",31800,"G",6824,"G",31800,"G",6824,"R",1138,2
134112,"R",136525,"A",,"A",,"G",4551,"A",,"G",4551,"A",,"A",,2
134121,"R",9264,"A",,"A",,"G",309,"A",,"G",309,"A",,"A",,2
134130,"R",967721,"A",,"R",269421,"G",32257,"G",11226,"G",32257,"G",11226,"R",4394,2
134149,"R",48575,"A",,"R",9392,"G",1619,"G",391,"G",1619,"G",391,"A",,2
134228,"A",,"R",27900,"A",,"G",31,"A",,"G",31,"A",,"A",,1
134237,"R",1084000,"A",,"R",111153,"G",36133,"G",4631,"G",36133,"G",4631,"A",,2
134291,"A",,"R",415166,"A",,"G",461,"A",,"G",461,"A",,"A",,1
134307,"A",,"R",598630,"A",,"G",665,"A",,"G",665,"A",,"A",,1
134343,"R",137773,"R",181641,"A",,"G",4794,"A",,"G",4794,"A",,"A",,3
134422,"A",,"R",57400,"A",,"G",64,"A",,"G",64,"A",,"A",,1
134495,"R",606715,"R",454214,"A",,"G",20729,"A",,"G",20729,"A",,"A",,3
134510,"R",2232,"A",,"A",,"G",74,"A",,"G",74,"A",,"A",,2
134529,"A",,"R",377294,"A",,"G",419,"A",,"G",419,"A",,"A",,1
134574,"A",,"R",210000,"A",,"G",233,"A",,"G",233,"A",,"A",,1
134608,"R",342199,"R",821025,"A",,"G",12319,"A",,"G",12319,"A",,"A",,3
134680,"R",38630,"A",,"A",,"G",858,"A",,"G",858,"A",,"A",,2
134714,"A",,"R",497958,"A",,"G",553,"A",,"G",553,"A",,"A",,1
134811,"R",180930,"A",,"R",3165,"G",4021,"G",88,"G",4021,"G",88,"A",,2
134875,"A",,"R",1478501,"A",,"G",1643,"A",,"R",1886,"A",,"A",,1
134909,"R",32129,"A",,"A",,"G",714,"A",,"G",714,"A",,"A",,2
134945,"R",83637,"A",,"R",8532,"G",2788,"G",356,"G",2788,"G",356,"R",75,2
135063,"R",13137,"A",,"A",,"G",438,"A",,"G",438,"A",,"A",,2
135081,"R",582582,"A",,"R",17229,"G",19419,"G",718,"G",19419,"G",718,"A",,2
135124,"R",30631,"A",,"A",,"G",1021,"A",,"G",1021,"A",,"A",,2
135142,"A",,"R",206139,"A",,"G",229,"A",,"G",229,"A",,"A",,1
135160,"R",60180,"R",290082,"A",,"G",2328,"A",,"G",2328,"A",,"A",,3
135179,"A",,"R",459590,"A",,"G",511,"A",,"G",511,"A",,"A",,1
135188,"R",97748,"A",,"A",,"G",3258,"A",,"G",3258,"A",,"A",,2
135267,"A",,"R",635494,"A",,"G",706,"A",,"G",706,"A",,"A",,1
135276,"A",,"R",765761,"A",,"G",851,"A",,"G",851,"A",,"A",,1
135294,"A",,"R",576284,"A",,"G",640,"A",,"G",640,"A",,"A",,1
135337,"A",,"R",136113,"A",,"G",151,"A",,"G",151,"A",,"A",,1
135364,"R",10197,"A",,"R",12795,"G",340,"G",533,"G",340,"G",533,"R",12,2
135391,"R",255298,"A",,"A",,"G",8510,"A",,"G",8510,"A",,"A",,2
135407,"A",,"R",552453,"A",,"G",614,"A",,"G",614,"A",,"A",,1
135416,"A",,"R",501890,"A",,"G",558,"A",,"G",558,"A",,"A",,1
135522,"A",,"R",474104,"A",,"G",527,"A",,"G",527,"A",,"A",,1
135610,"R",5440,"A",,"R",1939,"G",181,"G",81,"G",181,"G",81,"R",0,2
135647,"A",,"R",712485,"A",,"G",792,"A",,"G",792,"A",,"A",,1
135717,"R",1677925,"R",744764,"A",,"G",56758,"A",,"G",56758,"A",,"A",,3
135726,"R",316668,"A",,"R",63486,"G",10556,"G",2645,"G",10556,"G",2645,"R",2372,2
135735,"A",,"R",1725553,"A",,"G",1917,"A",,"G",1917,"A",,"A",,1
135771,"A",,"R",568881,"A",,"G",632,"A",,"G",632,"A",,"A",,1
135939,"R",9228,"R",38324,"A",,"G",350,"A",,"G",350,"A",,"A",,3
135957,"R",23675,"A",,"A",,"G",789,"A",,"G",789,"A",,"A",,2
136011,"R",19707,"A",,"A",,"G",657,"A",,"G",657,"A",,"A",,2
136048,"A",,"R",112028,"A",,"G",124,"A",,"G",124,"A",,"A",,1
136066,"R",62591,"A",,"A",,"G",1391,"A",,"G",1391,"A",,"A",,2
136075,"R",19620,"A",,"A",,"G",654,"A",,"G",654,"A",,"A",,2
136109,"A",,"R",164415,"A",,"G",183,"A",,"G",183,"A",,"A",,1
136145,"R",25897,"R",95004,"A",,"G",969,"A",,"G",969,"A",,"A",,3
136172,"R",382970,"A",,"R",29067,"G",12766,"G",1211,"G",12766,"G",1211,"R",124,2
136206,"R",18102,"A",,"R",1233,"G",603,"G",51,"G",603,"G",51,"A",,2
136215,"R",168263,"A",,"R",515998,"G",5609,"G",21500,"G",5609,"G",21500,"R",4989,2
136233,"R",159080,"R",133992,"A",,"G",5452,"A",,"G",5452,"A",,"A",,3
136251,"A",,"R",123480,"A",,"G",137,"A",,"G",137,"A",,"A",,1
136288,"R",34999,"A",,"R",864,"G",1167,"G",36,"G",1167,"G",36,"A",,2
136303,"A",,"R",640947,"A",,"G",712,"A",,"G",712,"A",,"A",,1
136330,"R",72710,"A",,"R",10486,"G",2424,"G",437,"G",2424,"G",437,"R",297,2
136358,"R",596851,"R",801966,"A",,"G",20786,"A",,"G",20786,"A",,"A",,3
136400,"R",220653,"R",401956,"A",,"G",7802,"A",,"G",7802,"A",,"A",,3
136473,"R",252829,"R",448110,"A",,"G",8926,"A",,"G",8926,"A",,"A",,3
136491,"A",,"R",718713,"A",,"G",799,"A",,"G",799,"A",,"A",,1
136516,"R",230127,"R",87611,"A",,"G",7768,"A",,"G",7768,"A",,"A",,3
136659,"A",,"R",148926,"A",,"G",165,"A",,"G",165,"A",,"A",,1
136701,"A",,"A",,"R",2577,"A",,"G",107,"A",,"G",107,"A",,-2
136738,"A",,"R",1374248,"A",,"G",1527,"A",,"R",1327,"A",,"A",,1
136747,"A",,"R",1400400,"A",,"G",1556,"A",,"R",1246,"A",,"A",,1
136765,"A",,"R",362594,"A",,"G",403,"A",,"G",403,"A",,"A",,1
136774,"R",39033,"A",,"A",,"G",1301,"A",,"G",1301,"A",,"A",,2
136783,"A",,"R",40490,"A",,"G",45,"A",,"G",45,"A",,"A",,1
136826,"A",,"R",737383,"A",,"G",819,"A",,"G",819,"A",,"A",,1
136950,"R",86721,"A",,"R",14469,"G",2891,"G",603,"G",2891,"G",603,"A",,2
137023,"A",,"R",468018,"A",,"G",520,"A",,"G",520,"A",,"A",,1
137032,"R",366474,"A",,"R",53882,"G",12216,"G",2245,"G",12216,"G",2245,"A",,2
137078,"R",676724,"R",116466,"A",,"G",22687,"A",,"G",22687,"A",,"A",,3
137087,"A",,"R",558997,"A",,"G",621,"A",,"G",621,"A",,"A",,1
137096,"R",363100,"R",283283,"A",,"G",12418,"A",,"G",12418,"A",,"A",,3
137120,"A",,"R",572342,"A",,"G",636,"A",,"G",636,"A",,"A",,1
137148,"R",3041,"A",,"R",17142,"G",101,"G",714,"G",101,"G",714,"R",19,2
137209,"R",418481,"R",308540,"A",,"G",14292,"A",,"G",14292,"A",,"A",,3
137245,"A",,"R",1385145,"A",,"G",1539,"A",,"G",1539,"A",,"A",,1
137272,"R",1842,"A",,"R",370,"G",61,"G",15,"G",61,"G",15,"A",,2
137281,"R",144812,"R",122223,"A",,"G",4963,"A",,"G",4963,"A",,"A",,3
137315,"R",46875,"R",362546,"A",,"G",1965,"A",,"G",1965,"A",,"A",,3
137351,"R",863388,"A",,"R",170493,"G",28780,"G",7104,"G",28780,"G",7104,"R",185,2
137476,"R",45695,"A",,"R",12806,"G",1523,"G",534,"G",1523,"G",534,"R",840,2
137537,"R",10110,"A",,"A",,"G",337,"A",,"G",337,"A",,"A",,2
137546,"R",72817,"A",,"R",8019,"G",2427,"G",334,"G",2427,"G",334,"R",1283,2
137564,"R",64184,"A",,"R",4445,"G",2139,"G",185,"G",2139,"G",185,"A",,2
137591,"A",,"R",230215,"A",,"G",256,"A",,"G",256,"A",,"A",,1
137713,"A",,"R",111946,"A",,"G",124,"A",,"G",124,"A",,"A",,1
137759,"R",358508,"R",230270,"A",,"G",12206,"A",,"G",12206,"A",,"A",,3
137777,"R",2079,"A",,"R",312,"G",69,"G",13,"G",69,"G",13,"A",,2
137801,"R",36551,"A",,"R",900,"G",1218,"G",38,"G",1218,"G",38,"A",,2
137810,"R",17609,"A",,"R",356,"G",587,"G",15,"G",587,"G",15,"A",,2
137847,"R",188921,"A",,"R",15108,"G",6297,"G",630,"G",6297,"G",630,"A",,2
137856,"A",,"R",123577,"A",,"G",137,"A",,"G",137,"A",,"A",,1
137865,"A",,"R",447692,"A",,"G",497,"A",,"G",497,"A",,"A",,1
137892,"A",,"R",1039654,"A",,"G",1155,"A",,"G",1155,"A",,"A",,1
137953,"R",6703,"A",,"R",60,"G",223,"G",3,"G",223,"G",3,"A",,2
137962,"R",4858,"A",,"A",,"G",162,"A",,"G",162,"A",,"A",,2
138132,"A",,"R",178060,"A",,"G",198,"A",,"G",198,"A",,"A",,1
138187,"R",951680,"R",200290,"A",,"G",31945,"A",,"G",31945,"A",,"A",,3
138275,"R",25389,"A",,"R",1954,"G",846,"G",81,"R",889,"R",123,"A",,2
138284,"A",,"R",381492,"A",,"G",424,"A",,"G",424,"A",,"A",,1
138293,"R",19561,"A",,"R",1110,"G",652,"G",46,"R",648,"R",37,"A",,2
138309,"R",225162,"A",,"A",,"G",5004,"A",,"G",5004,"A",,"A",,2
138354,"R",257249,"A",,"R",33133,"G",8575,"G",1381,"G",8575,"G",1381,"A",,2
138372,"A",,"R",969609,"A",,"G",1077,"A",,"G",1077,"A",,"A",,1
138479,"A",,"R",869802,"A",,"G",966,"A",,"G",966,"A",,"A",,1
138488,"A",,"R",559081,"A",,"G",621,"A",,"G",621,"A",,"A",,1
138497,"A",,"R",346057,"A",,"G",385,"A",,"G",385,"A",,"A",,1
138558,"R",79853,"A",,"A",,"G",2662,"A",,"G",2662,"A",,"A",,2
138594,"R",86944,"A",,"A",,"G",2898,"A",,"G",2898,"A",,"A",,2
138600,"R",26758,"A",,"A",,"G",892,"A",,"G",892,"A",,"A",,2
138655,"R",12450,"A",,"A",,"G",415,"A",,"G",415,"A",,"A",,2
138664,"R",720,"A",,"A",,"G",24,"A",,"G",24,"A",,"A",,2
138682,"R",131307,"A",,"A",,"G",4377,"A",,"G",4377,"A",,"A",,2
138691,"R",147878,"A",,"A",,"G",4929,"A",,"G",4929,"A",,"A",,2
138716,"R",123399,"A",,"R",8894,"G",4113,"G",371,"G",4113,"G",371,"A",,2
138761,"R",9028,"A",,"A",,"G",301,"A",,"G",301,"A",,"A",,2
138789,"R",178056,"A",,"R",12883,"G",5935,"G",537,"G",5935,"G",537,"R",56,2
138813,"R",169467,"A",,"A",,"G",3766,"A",,"G",3766,"A",,"A",,2
138822,"A",,"R",735836,"A",,"G",818,"A",,"G",818,"A",,"A",,1
138840,"R",107522,"A",,"A",,"G",3584,"A",,"G",3584,"A",,"A",,2
138868,"R",30237,"A",,"A",,"G",1008,"A",,"G",1008,"A",,"A",,2
138901,"R",72860,"A",,"A",,"G",2429,"A",,"G",2429,"A",,"A",,2
138929,"A",,"A",,"R",9449,"A",,"G",394,"A",,"G",394,"R",400,-2
138938,"A",,"R",145000,"A",,"G",161,"A",,"G",161,"A",,"A",,1
138947,"R",92849,"A",,"R",12490,"G",3095,"G",520,"G",3095,"G",520,"A",,2
138956,"R",93858,"A",,"A",,"G",3129,"A",,"G",3129,"A",,"A",,2
138983,"R",150749,"A",,"R",14996,"G",5025,"G",625,"G",5025,"G",625,"A",,2
139010,"R",101436,"A",,"A",,"G",3381,"A",,"G",3381,"A",,"A",,2
139074,"R",33834,"A",,"A",,"G",1128,"A",,"G",1128,"A",,"A",,2
139092,"A",,"R",97014,"A",,"G",108,"A",,"G",108,"A",,"A",,1
139144,"R",50053,"A",,"R",2862,"G",1668,"G",119,"G",1668,"G",119,"A",,2
139153,"R",13065,"A",,"R",3633,"G",436,"G",151,"G",436,"G",151,"A",,2
139199,"R",42476,"A",,"R",20999,"G",1416,"G",875,"G",1416,"G",875,"R",138,2
139205,"R",16249,"A",,"A",,"G",542,"A",,"G",542,"A",,"A",,2
139214,"R",8132,"A",,"A",,"G",181,"A",,"G",181,"A",,"A",,2
139250,"R",80868,"A",,"A",,"G",2696,"A",,"G",2696,"A",,"A",,2
139278,"R",140390,"A",,"A",,"G",4680,"A",,"G",4680,"A",,"A",,2
139287,"R",2479,"A",,"A",,"G",83,"A",,"G",83,"A",,"A",,2
139311,"R",170294,"A",,"R",5370,"G",5676,"G",224,"G",5676,"G",224,"A",,2
139348,"A",,"A",,"R",4815,"A",,"G",201,"A",,"G",201,"R",101,-2
139357,"R",74322,"A",,"A",,"G",2477,"A",,"G",2477,"A",,"A",,2
139366,"R",185084,"A",,"R",21646,"G",6169,"G",902,"G",6169,"G",902,"A",,2
139384,"R",136572,"A",,"A",,"G",4552,"A",,"G",4552,"A",,"A",,2
139393,"R",31095,"A",,"R",740,"G",1037,"G",31,"G",1037,"R",57,"A",,2
139463,"R",124429,"A",,"A",,"G",4148,"A",,"G",4148,"A",,"A",,2
139506,"A",,"R",281049,"A",,"G",312,"A",,"G",312,"A",,"A",,1
139533,"R",118902,"A",,"A",,"G",3963,"A",,"R",3303,"A",,"A",,2
139579,"R",38353,"A",,"R",18303,"G",852,"G",508,"G",852,"G",508,"R",364,2
139621,"R",83740,"A",,"A",,"G",2791,"A",,"G",2791,"A",,"A",,2
139630,"R",21569,"A",,"A",,"G",719,"A",,"G",719,"A",,"A",,2
139658,"R",254837,"A",,"R",136768,"G",8495,"G",5699,"G",8495,"G",5699,"R",3668,2
139700,"R",127357,"A",,"A",,"G",4245,"A",,"G",4245,"A",,"A",,2
139719,"R",104569,"A",,"R",4678,"G",3486,"G",195,"G",3486,"G",195,"A",,2
139746,"R",5648,"A",,"A",,"G",126,"A",,"G",126,"A",,"A",,2
139755,"R",418496,"A",,"R",234322,"G",13950,"G",9763,"R",14517,"R",7076,"A",,2
139764,"R",76637,"A",,"R",6156,"G",2555,"G",257,"G",2555,"G",257,"A",,2
139773,"R",198627,"A",,"A",,"G",6621,"A",,"G",6621,"A",,"A",,2
139861,"R",167156,"A",,"R",19584,"G",5572,"G",816,"G",5572,"G",816,"R",0,2
139904,"R",313582,"A",,"A",,"G",6968,"A",,"G",6968,"A",,"A",,2
139931,"R",514766,"A",,"R",45698,"G",17159,"G",1904,"G",17159,"G",1904,"A",,2
139940,"R",653993,"A",,"R",207962,"G",21800,"G",8665,"G",21800,"G",8665,"R",669,2
139959,"R",760374,"A",,"R",182373,"G",25346,"G",7599,"G",25346,"G",7599,"R",2074,2
139968,"R",112825,"A",,"A",,"G",3761,"A",,"G",3761,"A",,"A",,2
139986,"R",113555,"A",,"A",,"G",3785,"A",,"G",3785,"A",,"A",,2
139995,"R",8050,"A",,"A",,"G",179,"A",,"G",179,"A",,"A",,2
140003,"R",16686,"A",,"A",,"G",371,"A",,"G",371,"A",,"A",,2
140012,"R",139415,"A",,"A",,"G",4647,"A",,"G",4647,"A",,"A",,2
140085,"R",82769,"A",,"A",,"G",2759,"A",,"G",2759,"A",,"A",,2
140146,"A",,"A",,"R",5004,"A",,"G",209,"A",,"G",209,"A",,-2
140164,"R",600788,"A",,"R",34565,"G",20026,"G",1440,"G",20026,"G",1440,"A",,2
140234,"R",26870,"A",,"R",2593,"G",896,"G",108,"G",896,"G",108,"A",,2
140243,"R",69222,"A",,"A",,"G",2307,"A",,"G",2307,"A",,"A",,2
140252,"R",40872,"A",,"R",4074,"G",908,"G",113,"G",908,"G",113,"R",1688,2
140304,"R",131185,"A",,"A",,"G",4373,"A",,"G",4373,"A",,"A",,2
140322,"R",144063,"A",,"A",,"G",4802,"A",,"G",4802,"A",,"A",,2
140331,"R",227832,"A",,"A",,"G",7594,"A",,"G",7594,"A",,"A",,2
140340,"R",17289,"A",,"A",,"G",576,"A",,"G",576,"A",,"A",,2
140401,"R",13522,"A",,"R",29446,"G",451,"G",1227,"G",451,"G",1227,"R",1400,2
140447,"R",122373,"A",,"R",49238,"G",4079,"G",2052,"G",4079,"G",2052,"R",2390,2
140483,"R",87462,"A",,"A",,"G",2915,"A",,"G",2915,"A",,"A",,2
140553,"R",75070,"A",,"A",,"G",2502,"A",,"G",2502,"A",,"A",,2
140562,"A",,"A",,"R",6469,"A",,"G",270,"A",,"R",117,"R",227,-2
140599,"R",47301,"A",,"A",,"G",1577,"A",,"G",1577,"A",,"A",,2
140669,"R",155925,"A",,"R",11296,"G",5198,"G",471,"G",5198,"G",471,"R",85,2
140678,"R",56336,"A",,"A",,"G",1878,"A",,"G",1878,"A",,"A",,2
140696,"R",30892,"A",,"R",849,"G",1030,"G",35,"G",1030,"G",35,"A",,2
140720,"R",24653,"A",,"A",,"G",822,"A",,"G",822,"A",,"A",,2
140818,"R",37545,"A",,"R",27810,"G",1252,"G",1159,"G",1252,"G",1159,"A",,2
140827,"R",4475,"A",,"A",,"G",99,"A",,"G",99,"A",,"A",,2
140872,"R",32112,"A",,"R",2733,"G",1070,"G",114,"G",1070,"G",114,"A",,2
140942,"R",103904,"A",,"A",,"G",3463,"A",,"G",3463,"A",,"A",,2
140951,"R",368803,"A",,"R",67265,"G",8196,"G",1868,"G",8196,"G",1868,"A",,2
140960,"R",122611,"A",,"R",3142,"G",4087,"G",131,"G",4087,"G",131,"A",,2
140988,"R",53647,"A",,"R",1731,"G",1788,"G",72,"G",1788,"G",72,"A",,2
140997,"R",60558,"A",,"A",,"G",2019,"A",,"G",2019,"A",,"A",,2
141006,"R",53267,"A",,"A",,"G",1776,"A",,"G",1776,"A",,"A",,2
141015,"R",10996,"A",,"A",,"G",244,"A",,"G",244,"A",,"A",,2
141060,"R",70931,"A",,"A",,"G",2364,"A",,"G",2364,"A",,"A",,2
141097,"R",134918,"A",,"R",11993,"G",4497,"G",500,"G",4497,"G",500,"A",,2
141158,"R",33460,"A",,"A",,"G",1115,"A",,"G",1115,"A",,"A",,2
141167,"R",21824,"A",,"R",4257,"G",727,"G",177,"G",727,"G",177,"A",,2
141185,"R",23219,"A",,"A",,"G",774,"A",,"G",774,"A",,"A",,2
141237,"R",21517,"A",,"A",,"G",717,"A",,"G",717,"A",,"A",,2
141255,"R",99540,"A",,"A",,"G",3318,"A",,"G",3318,"A",,"A",,2
141264,"R",297208,"A",,"R",43974,"G",9907,"G",1832,"G",9907,"G",1832,"A",,2
141307,"R",21896,"A",,"A",,"G",730,"A",,"G",730,"A",,"A",,2
141325,"R",14188,"A",,"R",1511,"G",473,"G",63,"G",473,"G",63,"A",,2
141334,"R",281380,"A",,"R",27044,"G",9379,"G",1127,"G",9379,"G",1127,"A",,2
141361,"R",27765,"A",,"A",,"G",926,"A",,"R",853,"A",,"A",,2
141468,"R",79696,"A",,"A",,"G",1771,"A",,"G",1771,"A",,"A",,2
141486,"R",61232,"A",,"R",15498,"G",2041,"G",646,"R",1545,"G",646,"A",,2
141565,"R",92669,"A",,"R",2221,"G",3089,"G",93,"G",3089,"G",93,"R",519,2
141574,"R",403284,"A",,"R",67474,"G",13443,"G",2811,"G",13443,"G",2811,"R",1061,2
141608,"A",,"R",149970,"A",,"G",167,"A",,"G",167,"A",,"A",,1
141644,"R",150461,"A",,"R",28275,"G",5015,"G",1178,"G",5015,"G",1178,"A",,2
141680,"R",77086,"A",,"A",,"G",2570,"A",,"G",2570,"A",,"A",,2
141796,"R",154625,"A",,"A",,"G",5154,"A",,"G",5154,"A",,"A",,2
141802,"R",23676,"A",,"A",,"G",789,"A",,"G",789,"A",,"A",,2
141811,"R",135871,"A",,"A",,"G",4529,"A",,"G",4529,"A",,"A",,2
141839,"R",77770,"A",,"A",,"G",2592,"A",,"G",2592,"A",,"A",,2
141848,"R",6600,"A",,"A",,"G",220,"A",,"G",220,"A",,"A",,2
141936,"A",,"A",,"R",1550,"A",,"G",65,"A",,"G",65,"A",,-2
141945,"A",,"R",231300,"A",,"G",257,"A",,"G",257,"A",,"A",,1
141981,"R",29454,"A",,"A",,"G",982,"A",,"G",982,"A",,"A",,2
141990,"R",43481,"A",,"A",,"G",1449,"A",,"G",1449,"A",,"A",,2
142054,"R",17478,"A",,"A",,"G",583,"A",,"G",583,"A",,"A",,2
142090,"R",5650,"A",,"A",,"G",188,"A",,"G",188,"A",,"A",,2
142115,"R",445920,"A",,"R",41098,"G",14864,"G",1712,"G",14864,"G",1712,"A",,2
142179,"R",17437,"A",,"A",,"G",581,"A",,"G",581,"A",,"A",,2
142276,"R",273925,"A",,"R",36967,"G",9131,"G",1540,"G",9131,"G",1540,"R",469,2
142285,"R",279967,"A",,"R",31943,"G",9332,"G",1331,"G",9332,"G",1331,"R",420,2
142294,"R",29231,"A",,"R",534,"G",974,"G",22,"R",1083,"R",20,"A",,2
142328,"R",98588,"A",,"A",,"G",3286,"A",,"G",3286,"A",,"A",,2
142337,"R",18363,"A",,"A",,"G",408,"A",,"G",408,"A",,"A",,2
142407,"A",,"R",47692,"A",,"G",53,"A",,"G",53,"A",,"A",,1
142416,"A",,"R",49500,"A",,"G",55,"A",,"G",55,"A",,"A",,1
142443,"R",143142,"A",,"A",,"G",4771,"A",,"G",4771,"A",,"A",,2
142461,"R",39764,"A",,"R",13139,"G",1325,"G",547,"G",1325,"G",547,"R",8,2
142489,"A",,"R",98100,"A",,"G",109,"A",,"G",109,"A",,"A",,1
142522,"R",819962,"A",,"A",,"G",27332,"A",,"G",27332,"A",,"A",,2
142559,"R",164045,"A",,"A",,"G",5468,"A",,"G",5468,"A",,"A",,2
142832,"A",,"A",,"R",15777,"A",,"G",657,"A",,"G",657,"R",293,-2
142869,"A",,"R",35420,"A",,"G",39,"A",,"G",39,"A",,"A",,1
142878,"A",,"R",52230,"A",,"G",58,"A",,"G",58,"A",,"A",,1
142887,"R",12803,"A",,"A",,"G",427,"A",,"G",427,"A",,"A",,2
143048,"R",75542,"A",,"R",20534,"G",2518,"G",856,"G",2518,"G",856,"A",,2
143075,"R",15785,"A",,"A",,"G",526,"A",,"G",526,"A",,"A",,2
143084,"R",76538,"A",,"A",,"G",2551,"A",,"G",2551,"A",,"A",,2
143118,"R",85210,"A",,"R",36995,"G",2840,"G",1541,"G",2840,"G",1541,"A",,2
143181,"A",,"R",64800,"A",,"G",72,"A",,"G",72,"A",,"A",,1
143215,"R",284459,"A",,"A",,"G",9482,"A",,"G",9482,"A",,"A",,2
143233,"A",,"A",,"R",1145,"A",,"G",48,"A",,"G",48,"A",,-2
143279,"R",157876,"A",,"A",,"G",5263,"A",,"G",5263,"A",,"A",,2
143288,"R",15381,"A",,"A",,"G",513,"A",,"G",513,"A",,"A",,2
143297,"R",6717,"A",,"R",359,"G",224,"G",15,"G",224,"G",15,"A",,2
143303,"R",622,"A",,"A",,"G",21,"A",,"G",21,"A",,"A",,2
143358,"R",143771,"A",,"R",11403,"G",4792,"G",475,"G",4792,"G",475,"R",90,2
143376,"A",,"R",282798,"A",,"G",314,"A",,"G",314,"A",,"A",,1
143464,"A",,"R",117324,"A",,"G",130,"A",,"G",130,"A",,"A",,1
143473,"A",,"R",105056,"A",,"G",117,"A",,"G",117,"A",,"A",,1
143482,"A",,"R",94484,"A",,"G",105,"A",,"G",105,"A",,"A",,1
143491,"A",,"R",120172,"A",,"G",134,"A",,"G",134,"A",,"A",,1
143516,"A",,"R",73444,"A",,"G",82,"A",,"G",82,"A",,"A",,1
143534,"A",,"R",102349,"A",,"G",114,"A",,"G",114,"A",,"A",,1
143543,"A",,"R",118753,"A",,"G",132,"A",,"G",132,"A",,"A",,1
143552,"A",,"R",109395,"A",,"G",122,"A",,"G",122,"A",,"A",,1
143613,"R",54421,"A",,"A",,"G",1814,"A",,"G",1814,"A",,"A",,2
143659,"A",,"A",,"R",4622,"A",,"G",193,"A",,"G",193,"A",,-2
143695,"A",,"R",34500,"A",,"G",38,"A",,"G",38,"A",,"A",,1
143853,"A",,"A",,"R",32829,"A",,"G",912,"A",,"G",912,"R",2105,-2
143978,"A",,"A",,"R",51651,"A",,"G",2152,"A",,"G",2152,"R",748,-2
144005,"R",122359,"A",,"R",20622,"G",4079,"G",859,"G",4079,"G",859,"R",996,2
144014,"A",,"A",,"R",2486,"A",,"G",104,"A",,"G",104,"A",,-2
144050,"R",191398,"A",,"R",274052,"G",4253,"G",7613,"R",4988,"R",7035,"R",1011,2
144157,"R",151792,"A",,"A",,"G",5060,"A",,"G",5060,"A",,"A",,2
144166,"R",174603,"A",,"A",,"G",5820,"A",,"G",5820,"A",,"A",,2
144175,"R",110914,"A",,"A",,"G",3697,"A",,"G",3697,"A",,"A",,2
144184,"R",276216,"A",,"A",,"G",9207,"A",,"G",9207,"A",,"A",,2
144193,"R",203947,"A",,"A",,"G",6798,"A",,"G",6798,"A",,"A",,2
144209,"R",221211,"A",,"A",,"G",7374,"A",,"G",7374,"A",,"A",,2
144218,"R",252882,"A",,"A",,"G",8429,"A",,"G",8429,"A",,"A",,2
144281,"R",304285,"A",,"R",8890,"G",10143,"G",370,"G",10143,"G",370,"A",,2
144351,"R",40682,"A",,"R",55682,"G",1356,"G",2320,"G",1356,"G",2320,"A",,2
144467,"R",62140,"A",,"A",,"G",2071,"A",,"G",2071,"A",,"A",,2
144485,"R",46650,"A",,"A",,"G",1555,"A",,"G",1555,"A",,"A",,2
144564,"R",72524,"A",,"A",,"G",2417,"A",,"G",2417,"A",,"A",,2
144573,"A",,"R",84900,"A",,"G",94,"A",,"G",94,"A",,"A",,1
144616,"A",,"R",37000,"A",,"G",41,"A",,"G",41,"A",,"A",,1
144740,"R",701481,"A",,"R",184341,"G",15588,"G",5121,"G",15588,"G",5121,"R",1031,2
144759,"R",732527,"A",,"R",2768,"G",24418,"G",115,"R",20348,"R",103,"A",,2
144795,"A",,"R",210230,"A",,"G",234,"A",,"G",234,"A",,"A",,1
144865,"R",553055,"A",,"A",,"G",18435,"A",,"G",18435,"A",,"A",,2
144883,"R",32839,"A",,"A",,"G",730,"A",,"G",730,"A",,"A",,2
144892,"R",266919,"A",,"R",29483,"G",8897,"G",1228,"G",8897,"G",1228,"A",,2
144944,"R",251451,"A",,"A",,"G",8382,"A",,"G",8382,"A",,"A",,2
144962,"R",101621,"A",,"R",3831,"G",3387,"G",160,"G",3387,"G",160,"A",,2
144971,"R",22282,"A",,"A",,"G",743,"A",,"G",743,"A",,"A",,2
145099,"A",,"R",333981,"A",,"G",371,"A",,"G",371,"A",,"A",,1
145239,"R",14670,"A",,"A",,"G",489,"A",,"G",489,"A",,"A",,2
145275,"A",,"A",,"R",6719,"A",,"G",280,"A",,"R",292,"A",,-2
145309,"R",2515,"A",,"A",,"G",84,"A",,"G",84,"A",,"A",,2
145336,"R",68214,"A",,"R",41135,"G",2274,"G",1714,"G",2274,"G",1714,"R",346,2
145354,"R",1856,"A",,"A",,"G",62,"A",,"G",62,"A",,"A",,2
145372,"R",34567,"A",,"R",4674,"G",1152,"G",195,"G",1152,"G",195,"A",,2
145406,"A",,"R",209636,"A",,"G",233,"A",,"G",233,"A",,"A",,1
145424,"A",,"R",73821,"A",,"G",82,"A",,"G",82,"A",,"A",,1
145433,"A",,"R",105753,"A",,"G",118,"A",,"G",118,"A",,"A",,1
145460,"R",15058,"A",,"R",2748,"G",502,"G",115,"G",502,"G",115,"A",,2
145497,"R",14363,"A",,"R",75,"G",479,"G",3,"G",479,"R",6,"A",,2
145521,"R",48157,"A",,"A",,"G",1605,"A",,"G",1605,"A",,"A",,2
145558,"A",,"A",,"R",32513,"A",,"G",903,"A",,"G",903,"R",2034,-2
145600,"R",480717,"A",,"R",186184,"G",16024,"G",7758,"G",16024,"G",7758,"R",4566,2
145619,"R",109417,"A",,"R",60047,"G",3647,"G",2502,"G",3647,"G",2502,"A",,2
145628,"A",,"A",,"A",,"A",,"A",,"A",,"A",,"R",646,-2
145637,"R",1029919,"A",,"R",308322,"G",34331,"G",12847,"G",34331,"G",12847,"R",1560,2
145646,"R",71796,"A",,"A",,"G",2393,"A",,"R",2085,"A",,"A",,2
145682,"R",239275,"A",,"A",,"G",7976,"A",,"G",7976,"A",,"A",,2
145691,"R",29186,"A",,"R",135,"G",973,"G",6,"G",973,"G",6,"A",,2
145707,"R",40143,"A",,"A",,"G",1338,"A",,"G",1338,"A",,"A",,2
145725,"R",82744,"A",,"R",63895,"G",2758,"G",2662,"G",2758,"G",2662,"R",1917,2
145770,"R",8645,"A",,"R",11557,"G",288,"G",482,"G",288,"G",482,"R",269,2
145813,"R",525791,"A",,"R",44595,"G",17526,"G",1858,"G",17526,"G",1858,"R",50,2
145831,"R",91782,"A",,"A",,"G",3059,"A",,"G",3059,"A",,"A",,2
145886,"A",,"A",,"R",1240,"A",,"G",52,"A",,"G",52,"A",,-2
146010,"R",30784,"A",,"A",,"G",684,"A",,"G",684,"A",,"A",,2
146205,"R",121504,"A",,"A",,"G",4050,"A",,"G",4050,"A",,"A",,2
146241,"A",,"A",,"R",42770,"A",,"G",1782,"A",,"G",1782,"R",1804,-2
146278,"R",52459,"A",,"A",,"G",1749,"A",,"G",1749,"A",,"A",,2
146296,"R",352797,"A",,"A",,"G",11760,"A",,"G",11760,"A",,"A",,2
146339,"R",30024,"A",,"R",3360,"G",1001,"G",140,"G",1001,"G",140,"A",,2
146348,"R",106738,"A",,"A",,"G",3558,"A",,"G",3558,"A",,"A",,2
146366,"R",115309,"A",,"A",,"G",3844,"A",,"G",3844,"A",,"A",,2
146384,"A",,"A",,"R",157073,"A",,"G",6545,"A",,"R",5818,"A",,-2
146393,"R",88430,"A",,"A",,"G",1965,"A",,"G",1965,"A",,"A",,2
146418,"R",105956,"A",,"A",,"G",3532,"A",,"G",3532,"A",,"A",,2
146427,"R",42146,"A",,"A",,"G",1405,"A",,"G",1405,"A",,"A",,2
146454,"A",,"R",48380,"A",,"G",54,"A",,"G",54,"A",,"A",,1
146472,"R",335502,"A",,"A",,"G",11183,"A",,"G",11183,"A",,"A",,2
146481,"R",46315,"A",,"R",192,"G",1544,"G",8,"G",1544,"G",8,"A",,2
146490,"A",,"A",,"R",14912,"A",,"G",414,"A",,"G",414,"A",,-2
146506,"R",219526,"A",,"A",,"G",7318,"A",,"G",7318,"A",,"A",,2
146533,"R",5420,"A",,"A",,"G",181,"A",,"G",181,"A",,"A",,2
146603,"R",127851,"A",,"A",,"G",4262,"A",,"G",4262,"A",,"A",,2
146612,"R",127548,"A",,"R",33486,"G",4252,"G",1395,"G",4252,"G",1395,"A",,2
146621,"R",1721,"A",,"A",,"G",57,"A",,"G",57,"A",,"A",,2
146667,"R",16418,"A",,"R",4949,"G",547,"G",206,"G",547,"G",206,"A",,2
146676,"R",31018,"A",,"A",,"G",1034,"A",,"G",1034,"A",,"A",,2
146685,"R",166925,"A",,"A",,"G",5564,"A",,"G",5564,"A",,"A",,2
146700,"A",,"R",912472,"A",,"G",1014,"A",,"G",1014,"A",,"A",,1
146719,"R",305233,"A",,"R",78721,"G",10174,"G",3280,"G",10174,"G",3280,"R",1386,2
146728,"A",,"A",,"R",1734,"A",,"G",72,"A",,"G",72,"A",,-2
146755,"R",4843,"A",,"A",,"G",161,"A",,"G",161,"A",,"A",,2
146791,"A",,"R",639900,"A",,"G",711,"A",,"G",711,"A",,"A",,1
146807,"A",,"R",40538,"A",,"G",45,"A",,"G",45,"A",,"A",,1
146816,"R",4406,"A",,"A",,"G",147,"A",,"G",147,"A",,"A",,2
146825,"R",14586,"A",,"A",,"G",486,"A",,"G",486,"A",,"A",,2
146977,"A",,"A",,"R",3147,"A",,"G",131,"A",,"G",131,"A",,-2
147004,"R",144578,"A",,"A",,"G",4819,"A",,"G",4819,"A",,"A",,2
147013,"R",64983,"A",,"R",14283,"G",2166,"G",595,"G",2166,"G",595,"A",,2
147031,"A",,"A",,"R",2249,"A",,"G",94,"A",,"G",94,"A",,-2
147129,"R",14684,"A",,"A",,"G",489,"A",,"G",489,"A",,"A",,2
147165,"R",22032,"A",,"A",,"G",490,"A",,"G",490,"A",,"A",,2
147244,"R",68699,"A",,"R",2576,"G",2290,"G",107,"G",2290,"G",107,"A",,2
147341,"R",38059,"A",,"A",,"G",1269,"A",,"G",1269,"A",,"A",,2
147369,"R",82228,"A",,"R",7812,"G",2741,"G",326,"G",2741,"G",326,"A",,2
147378,"R",380429,"A",,"A",,"G",12681,"A",,"G",12681,"A",,"A",,2
147396,"R",2705,"A",,"A",,"G",90,"A",,"G",90,"A",,"A",,2
147411,"R",100745,"A",,"A",,"G",3358,"A",,"G",3358,"A",,"A",,2
147439,"A",,"R",80523,"A",,"G",89,"A",,"G",89,"A",,"A",,1
147536,"R",47280,"A",,"R",75531,"G",1051,"G",2098,"G",1051,"R",3147,"A",,2
147590,"R",4725,"A",,"R",4016,"G",158,"G",167,"G",158,"G",167,"R",779,2
147642,"A",,"R",111315,"A",,"G",124,"A",,"G",124,"A",,"A",,1
147660,"R",117829,"A",,"R",5675,"G",2618,"G",158,"G",2618,"G",158,"A",,2
147679,"R",59983,"A",,"R",15217,"G",1999,"G",634,"G",1999,"G",634,"A",,2
147697,"A",,"A",,"R",2764,"A",,"G",77,"A",,"G",77,"A",,-2
147703,"R",457963,"A",,"R",89475,"G",15265,"G",3728,"G",15265,"G",3728,"R",403,2
147749,"R",23659,"A",,"A",,"G",526,"A",,"G",526,"A",,"A",,2
147767,"R",405781,"A",,"R",299903,"G",9017,"G",8331,"G",9017,"G",8331,"R",1578,2
147776,"R",215198,"A",,"R",31197,"G",7173,"G",1300,"G",7173,"G",1300,"A",,2
147800,"R",227731,"A",,"A",,"G",7591,"A",,"G",7591,"A",,"A",,2
147819,"A",,"R",51454,"A",,"G",57,"A",,"G",57,"A",,"A",,1
147828,"R",93925,"A",,"R",22746,"G",3131,"G",948,"G",3131,"G",948,"A",,2
147916,"R",223485,"A",,"A",,"G",7450,"A",,"G",7450,"A",,"A",,2
147970,"A",,"R",306000,"A",,"G",340,"A",,"G",340,"A",,"A",,1
148007,"R",122478,"A",,"A",,"G",4083,"A",,"G",4083,"A",,"A",,2
148016,"R",15026,"A",,"A",,"G",501,"A",,"G",501,"A",,"A",,2
148098,"A",,"R",100500,"A",,"G",112,"A",,"G",112,"A",,"A",,1
148131,"R",36892,"A",,"R",10828,"G",1230,"G",451,"G",1230,"G",451,"A",,2
148140,"R",8748,"R",68600,"A",,"G",368,"A",,"G",368,"A",,"A",,3
148177,"R",127327,"A",,"A",,"G",2829,"A",,"G",2829,"A",,"A",,2
148256,"R",92992,"A",,"A",,"G",3100,"A",,"G",3100,"A",,"A",,2
148292,"R",78076,"A",,"A",,"G",2603,"A",,"G",2603,"A",,"A",,2
148335,"R",189786,"A",,"R",16538,"G",4217,"G",459,"G",4217,"G",459,"A",,2
148380,"R",194967,"A",,"A",,"G",6499,"A",,"G",6499,"A",,"A",,2
148399,"R",28442,"A",,"A",,"G",632,"A",,"G",632,"A",,"A",,2
148405,"R",28681,"A",,"R",7102,"G",956,"G",296,"G",956,"G",296,"A",,2
148487,"R",92207,"A",,"R",41384,"G",3074,"G",1724,"G",3074,"G",1724,"R",107,2
148496,"R",57113,"A",,"R",27204,"G",1904,"G",1134,"G",1904,"G",1134,"A",,2
148511,"R",3509,"A",,"R",41736,"G",78,"G",1159,"G",78,"G",1159,"R",553,2
148575,"R",9963,"A",,"R",2395,"G",332,"G",100,"G",332,"G",100,"R",6,2
148584,"R",48690,"A",,"R",26976,"G",1623,"G",1124,"G",1623,"G",1124,"A",,2
148593,"R",3595,"A",,"A",,"G",120,"A",,"R",109,"A",,"A",,2
148627,"R",81846,"A",,"R",26251,"G",2728,"G",1094,"G",2728,"G",1094,"A",,2
148654,"R",76749,"A",,"R",31618,"G",2558,"G",1317,"G",2558,"G",1317,"A",,2
148672,"R",53374,"A",,"A",,"G",1779,"A",,"G",1779,"A",,"A",,2
148724,"A",,"A",,"R",354,"A",,"G",15,"A",,"G",15,"A",,-2
148821,"R",56855,"A",,"A",,"G",1895,"A",,"G",1895,"A",,"A",,2
148849,"R",3532,"A",,"A",,"G",118,"A",,"G",118,"A",,"A",,2
148876,"R",39149,"A",,"A",,"G",1305,"A",,"G",1305,"A",,"A",,2
148885,"A",,"A",,"R",2452,"A",,"G",68,"A",,"G",68,"A",,-2
148937,"R",44109,"A",,"A",,"G",1470,"A",,"G",1470,"A",,"A",,2
148955,"R",3828,"A",,"A",,"G",128,"A",,"G",128,"A",,"A",,2
148982,"A",,"A",,"R",4154,"A",,"G",115,"A",,"G",115,"A",,-2
148991,"R",35512,"A",,"A",,"G",1184,"A",,"G",1184,"A",,"A",,2
149028,"R",3183,"A",,"R",796,"G",106,"G",33,"G",106,"G",33,"A",,2
149204,"A",,"R",71255,"A",,"G",79,"A",,"G",79,"A",,"A",,1
149222,"R",369722,"A",,"R",67721,"G",12324,"G",2822,"G",12324,"G",2822,"R",1764,2
149231,"R",315105,"A",,"R",39076,"G",10504,"G",1628,"G",10504,"G",1628,"R",520,2
149310,"R",23637,"A",,"A",,"G",788,"A",,"G",788,"A",,"A",,2
149329,"R",2748,"A",,"R",372,"G",92,"G",16,"G",92,"G",16,"A",,2
149365,"R",163928,"A",,"A",,"G",5464,"A",,"G",5464,"A",,"A",,2
149499,"A",,"R",18474,"A",,"G",21,"A",,"G",21,"A",,"A",,1
149505,"R",38963,"A",,"A",,"G",1299,"A",,"G",1299,"A",,"A",,2
149514,"R",27027,"A",,"R",20756,"G",901,"G",865,"G",901,"G",865,"A",,2
149532,"R",279937,"A",,"A",,"G",9331,"A",,"G",9331,"A",,"A",,2
149550,"A",,"R",254147,"A",,"G",282,"A",,"G",282,"A",,"A",,1
149639,"R",4309,"A",,"R",5495,"G",144,"G",229,"G",144,"G",229,"A",,2
149727,"R",223630,"A",,"A",,"G",7454,"A",,"G",7454,"A",,"A",,2
149763,"R",7350,"A",,"R",1443,"G",245,"G",60,"G",245,"G",60,"A",,2
149772,"R",295366,"A",,"R",30960,"G",9846,"G",1290,"G",9846,"G",1290,"A",,2
149781,"R",76381,"A",,"R",8512,"G",2546,"G",355,"G",2546,"G",355,"R",104,2
149842,"R",340535,"A",,"A",,"G",11351,"A",,"G",11351,"A",,"A",,2
150048,"R",8994,"A",,"A",,"G",300,"A",,"G",300,"A",,"A",,2
150066,"R",62341,"A",,"R",9157,"G",2078,"G",382,"G",2078,"G",382,"A",,2
150075,"A",,"R",12330,"A",,"G",14,"A",,"G",14,"A",,"A",,1
150136,"R",523132,"A",,"R",80200,"G",17438,"G",3342,"G",17438,"G",3342,"R",15,2
150145,"R",50788,"A",,"R",2791,"G",1693,"G",116,"G",1693,"G",116,"A",,2
150163,"R",109904,"A",,"R",7253,"G",3663,"G",302,"G",3663,"G",302,"R",232,2
150172,"R",22896,"A",,"R",3258,"G",763,"G",136,"G",763,"G",136,"A",,2
150215,"A",,"A",,"R",3773,"A",,"G",157,"A",,"G",157,"A",,-2
150251,"R",7130,"A",,"A",,"G",238,"A",,"G",238,"A",,"A",,2
150288,"A",,"A",,"R",8138,"A",,"G",226,"A",,"G",226,"A",,-2
150303,"A",,"R",159313,"A",,"G",177,"A",,"G",177,"A",,"A",,1
150400,"R",70532,"A",,"A",,"G",2351,"A",,"G",2351,"A",,"A",,2
150428,"A",,"R",49030,"A",,"G",54,"A",,"G",54,"A",,"A",,1
150437,"A",,"R",52461,"A",,"G",58,"A",,"G",58,"A",,"A",,1
150455,"R",28740,"A",,"R",2351,"G",958,"G",98,"G",958,"G",98,"A",,2
150534,"R",81196,"A",,"R",2142,"G",2707,"G",89,"G",2707,"G",89,"R",108,2
150604,"R",30401,"A",,"A",,"G",1013,"A",,"G",1013,"A",,"A",,2
150640,"A",,"R",17100,"A",,"G",19,"A",,"G",19,"A",,"A",,1
150668,"R",28277,"A",,"R",472,"G",943,"G",20,"G",943,"G",20,"A",,2
150677,"R",37882,"A",,"R",6955,"G",1263,"G",290,"G",1263,"G",290,"A",,2
150695,"A",,"R",59936,"A",,"G",67,"A",,"G",67,"A",,"A",,1
150710,"A",,"R",81736,"A",,"G",91,"A",,"G",91,"A",,"A",,1
150756,"R",36325,"A",,"A",,"G",1211,"A",,"R",1071,"A",,"A",,2
150765,"A",,"R",93972,"A",,"G",104,"A",,"G",104,"A",,"A",,1
150774,"R",13197,"A",,"A",,"G",440,"A",,"G",440,"A",,"A",,2
150853,"A",,"R",190722,"A",,"G",212,"A",,"G",212,"A",,"A",,1
150941,"R",32867,"A",,"R",1333,"G",1096,"G",56,"G",1096,"G",56,"A",,2
150987,"R",2227336,"A",,"A",,"G",74245,"A",,"G",74245,"A",,"A",,2
151102,"R",294461,"A",,"R",10628,"G",9815,"G",443,"G",9815,"G",443,"A",,2
151111,"R",563819,"A",,"R",199461,"G",18794,"G",8311,"G",18794,"G",8311,"R",4388,2
151166,"R",258272,"A",,"A",,"G",5739,"A",,"G",5739,"A",,"A",,2
151263,"R",121257,"A",,"R",18842,"G",4042,"G",785,"G",4042,"G",785,"R",366,2
151290,"R",109042,"A",,"R",8793,"G",3635,"G",366,"G",3635,"G",366,"A",,2
151306,"R",250527,"A",,"R",14010,"G",8351,"G",584,"G",8351,"G",584,"A",,2
151324,"R",266258,"A",,"R",34479,"G",8875,"G",1437,"G",8875,"G",1437,"R",34,2
151333,"R",66996,"A",,"R",2340,"G",2233,"G",98,"G",2233,"G",98,"A",,2
151342,"R",159817,"A",,"R",9748,"G",5327,"G",406,"G",5327,"G",406,"A",,2
151351,"R",972586,"A",,"R",204343,"G",32420,"G",8514,"G",32420,"G",8514,"R",1380,2
151360,"R",123030,"A",,"R",9211,"G",4101,"G",384,"G",4101,"G",384,"A",,2
151379,"R",145935,"A",,"R",11268,"G",4865,"G",470,"G",4865,"G",470,"A",,2
151388,"R",78367,"A",,"R",1881,"G",2612,"G",78,"G",2612,"G",78,"A",,2
151458,"A",,"R",509780,"A",,"G",566,"A",,"G",566,"A",,"A",,1
151467,"A",,"R",382000,"A",,"G",424,"A",,"G",424,"A",,"A",,1
151494,"R",29567,"A",,"A",,"G",657,"A",,"G",657,"A",,"A",,2
151500,"R",22314,"A",,"A",,"G",496,"A",,"G",496,"A",,"A",,2
151519,"R",253550,"A",,"R",4376,"G",5634,"G",122,"G",5634,"G",122,"A",,2
151537,"R",1400,"A",,"A",,"G",47,"A",,"G",47,"A",,"A",,2
151564,"A",,"R",48379,"A",,"G",54,"A",,"G",54,"A",,"A",,1
151607,"A",,"R",112170,"A",,"G",125,"A",,"G",125,"A",,"A",,1
151616,"R",27756,"A",,"A",,"G",617,"A",,"G",617,"A",,"A",,2
151625,"R",18188,"A",,"A",,"G",404,"A",,"G",404,"A",,"A",,2
151652,"A",,"R",217242,"A",,"G",241,"A",,"G",241,"A",,"A",,1
151661,"A",,"R",1307798,"A",,"G",1453,"A",,"G",1453,"A",,"A",,1
151777,"R",40598,"A",,"R",346,"G",1353,"G",14,"G",1353,"G",14,"R",0,2
151786,"R",64637,"A",,"R",5521,"G",2155,"G",230,"G",2155,"G",230,"Z",0,2
151801,"R",293177,"A",,"R",84778,"G",9773,"G",3532,"G",9773,"G",3532,"A",,2
151810,"R",17558,"A",,"R",1910,"G",585,"G",80,"G",585,"G",80,"A",,2
151829,"A",,"R",131144,"A",,"G",146,"A",,"G",146,"A",,"A",,1
151865,"A",,"A",,"R",1646,"A",,"G",69,"A",,"G",69,"A",,-2
151874,"A",,"R",52476,"A",,"G",58,"A",,"G",58,"A",,"A",,1
151944,"R",37543,"A",,"A",,"G",834,"A",,"G",834,"A",,"A",,2
151962,"R",15750,"A",,"A",,"G",350,"A",,"G",350,"A",,"A",,2
152044,"A",,"R",121315,"A",,"G",135,"A",,"G",135,"A",,"A",,1
152080,"R",276354,"A",,"R",67865,"G",9212,"G",2828,"G",9212,"G",2828,"R",566,2
152099,"R",50344,"A",,"R",4716,"G",1678,"G",197,"G",1678,"G",197,"A",,2
152150,"A",,"R",35864,"A",,"G",40,"A",,"G",40,"A",,"A",,1
152220,"R",23024,"A",,"A",,"G",767,"A",,"G",767,"A",,"A",,2
152248,"R",198636,"A",,"R",18151,"G",6621,"G",756,"G",6621,"G",756,"A",,2
152266,"R",104549,"A",,"R",1093,"G",3485,"G",46,"G",3485,"G",46,"A",,2
152275,"A",,"R",208310,"A",,"G",231,"A",,"G",231,"A",,"A",,1
152309,"A",,"R",89100,"A",,"G",99,"A",,"G",99,"A",,"A",,1
152318,"R",84252,"A",,"R",2162,"G",1872,"G",60,"G",1872,"G",60,"A",,2
152327,"A",,"R",52095,"A",,"G",58,"A",,"G",58,"A",,"A",,1
152336,"R",53742,"A",,"R",6862,"G",1791,"G",286,"G",1791,"G",286,"A",,2
152363,"R",33978,"A",,"R",358,"G",1133,"G",15,"R",1200,"R",22,"A",,2
152381,"R",19917,"A",,"R",3569,"G",664,"G",149,"G",664,"G",149,"A",,2
152390,"R",48768,"A",,"A",,"G",1626,"A",,"R",1529,"A",,"A",,2
152415,"R",26057,"A",,"A",,"G",869,"A",,"G",869,"A",,"A",,2
152424,"R",2589,"A",,"A",,"G",86,"A",,"G",86,"A",,"A",,2
152451,"A",,"A",,"R",6080,"A",,"G",253,"A",,"G",253,"A",,-2
152497,"R",10306,"A",,"A",,"G",344,"A",,"G",344,"A",,"A",,2
152530,"R",66437,"A",,"R",2389,"G",2215,"G",100,"G",2215,"G",100,"A",,2
152567,"R",48915,"A",,"R",103,"G",1631,"G",4,"G",1631,"G",4,"A",,2
152600,"R",87360,"A",,"R",10192,"G",2912,"G",425,"G",2912,"G",425,"R",701,2
152628,"A",,"R",89190,"A",,"G",99,"A",,"G",99,"A",,"A",,1
152637,"R",303807,"A",,"A",,"G",10127,"A",,"G",10127,"A",,"A",,2
152673,"R",29320,"A",,"A",,"G",977,"A",,"R",915,"A",,"A",,2
152798,"R",10102,"A",,"R",2098,"G",337,"G",87,"G",337,"G",87,"R",96,2
152822,"R",41560,"A",,"A",,"G",924,"A",,"G",924,"A",,"A",,2
152992,"R",30240,"A",,"R",1520,"G",1008,"G",63,"G",1008,"G",63,"A",,2
153001,"R",79469,"A",,"R",1260,"G",2649,"G",53,"G",2649,"G",53,"A",,2
153074,"R",5107,"R",2353,"A",,"G",173,"A",,"G",173,"A",,"A",,3
153083,"R",6893,"R",1258,"A",,"G",231,"A",,"G",231,"A",,"A",,3
153092,"A",,"R",18286,"A",,"G",20,"A",,"R",10,"A",,"A",,1
153108,"R",48222,"A",,"A",,"G",1607,"A",,"G",1607,"A",,"A",,2
153126,"R",26569,"A",,"R",2170,"G",886,"G",90,"G",886,"G",90,"R",86,2
153144,"R",45091,"A",,"R",216,"G",1503,"G",9,"G",1503,"G",9,"A",,2
153162,"R",40575,"A",,"A",,"G",1353,"A",,"G",1353,"A",,"A",,2
153171,"A",,"R",39180,"A",,"G",44,"A",,"G",44,"A",,"A",,1
153214,"R",490370,"A",,"A",,"G",16346,"A",,"G",16346,"A",,"A",,2
153241,"R",3495,"A",,"A",,"G",117,"A",,"G",117,"A",,"A",,2
153250,"R",43226,"A",,"R",408,"G",1441,"G",17,"G",1441,"G",17,"A",,2
153269,"R",102270,"A",,"R",17644,"G",3409,"G",735,"G",3409,"G",735,"R",892,2
153278,"R",47347,"A",,"R",6205,"G",1578,"G",259,"G",1578,"G",259,"A",,2
153296,"R",23051,"A",,"A",,"G",768,"A",,"G",768,"A",,"A",,2
153302,"R",7142,"A",,"A",,"G",238,"A",,"G",238,"A",,"A",,2
153311,"R",188135,"A",,"A",,"G",6271,"A",,"G",6271,"A",,"A",,2
153320,"R",9024,"A",,"R",802,"G",301,"G",33,"G",301,"G",33,"A",,2
153339,"A",,"R",45866,"A",,"G",51,"A",,"G",51,"A",,"A",,1
153366,"R",42043,"A",,"R",12843,"G",1401,"G",535,"G",1401,"G",535,"A",,2
153375,"R",52159,"A",,"R",637,"G",1739,"G",27,"G",1739,"G",27,"A",,2
153384,"R",51247,"A",,"A",,"G",1708,"A",,"R",1662,"A",,"A",,2
153409,"R",15517,"A",,"R",630,"G",517,"G",26,"G",517,"G",26,"A",,2
153418,"R",34987,"A",,"R",892,"G",1166,"G",37,"G",1166,"G",37,"A",,2
153427,"R",15930,"A",,"A",,"G",531,"A",,"G",531,"A",,"A",,2
153445,"R",137166,"R",2651224,"A",,"G",7518,"A",,"G",7518,"A",,"A",,3
153463,"A",,"R",45205,"A",,"G",50,"A",,"G",50,"A",,"A",,1
153472,"R",126174,"A",,"A",,"G",4206,"A",,"G",4206,"A",,"A",,2
153524,"R",143246,"A",,"A",,"G",4775,"A",,"G",4775,"A",,"A",,2
153533,"R",76037,"A",,"A",,"G",2535,"A",,"G",2535,"A",,"A",,2
153542,"R",541,"A",,"A",,"G",18,"A",,"G",18,"A",,"A",,2
153588,"A",,"R",48448,"A",,"G",54,"A",,"R",27,"A",,"A",,1
153597,"A",,"R",273605,"A",,"G",304,"A",,"G",304,"A",,"A",,1
153603,"R",723840,"A",,"R",76869,"G",24128,"G",3203,"G",24128,"G",3203,"R",587,2
153621,"R",21210,"A",,"A",,"G",707,"A",,"G",707,"A",,"A",,2
153630,"R",161186,"A",,"A",,"G",5373,"A",,"G",5373,"A",,"A",,2
153658,"R",678255,"A",,"R",83314,"G",22609,"G",3471,"G",22609,"G",3471,"R",882,2
153737,"R",296708,"A",,"A",,"G",9890,"A",,"G",9890,"A",,"A",,2
153746,"A",,"R",135410,"A",,"G",150,"A",,"G",150,"A",,"A",,1
153764,"A",,"R",183010,"A",,"G",203,"A",,"G",203,"A",,"A",,1
153773,"A",,"R",115363,"A",,"G",128,"A",,"G",128,"A",,"A",,1
153782,"A",,"R",118490,"A",,"G",132,"A",,"G",132,"A",,"A",,1
153825,"R",45990,"A",,"R",613,"G",1533,"G",26,"G",1533,"G",26,"A",,2
153834,"R",81766,"A",,"A",,"G",2726,"A",,"G",2726,"A",,"A",,2
153861,"R",12775,"A",,"R",16385,"G",426,"G",683,"G",426,"G",683,"A",,2
153922,"R",40769,"A",,"A",,"G",1359,"A",,"G",1359,"A",,"A",,2
153977,"R",24265,"A",,"A",,"G",809,"A",,"G",809,"A",,"A",,2
154004,"R",37836,"A",,"R",9930,"G",1261,"G",414,"G",1261,"G",414,"A",,2
154013,"R",37337,"A",,"R",5454,"G",1245,"G",227,"G",1245,"G",227,"A",,2
154022,"R",2147082,"A",,"R",228118,"G",71569,"G",9505,"G",71569,"G",9505,"A",,2
154059,"R",74101,"A",,"A",,"G",2470,"A",,"G",2470,"A",,"A",,2
154095,"R",312765,"A",,"R",29794,"G",10426,"G",1241,"G",10426,"R",1655,"A",,2
154101,"R",35429,"A",,"A",,"G",1181,"A",,"G",1181,"A",,"A",,2
154110,"R",103918,"A",,"A",,"G",3464,"A",,"G",3464,"A",,"A",,2
154129,"R",34320,"A",,"A",,"G",1144,"A",,"G",1144,"A",,"A",,2
154156,"A",,"A",,"R",8810,"A",,"G",367,"A",,"G",367,"R",1284,-2
154165,"A",,"R",106500,"A",,"G",118,"A",,"G",118,"A",,"A",,1
154174,"R",2549,"A",,"R",115,"G",85,"G",5,"G",85,"G",5,"R",17,2
154208,"A",,"R",172645,"A",,"G",192,"A",,"G",192,"A",,"A",,1
154235,"R",71448,"A",,"R",16474,"G",2382,"G",686,"G",2382,"G",686,"R",102,2
154262,"R",5038,"A",,"A",,"G",168,"A",,"G",168,"A",,"A",,2
154332,"A",,"R",70800,"A",,"G",79,"A",,"G",79,"A",,"A",,1
154341,"A",,"R",94830,"A",,"G",105,"A",,"G",105,"A",,"A",,1
154350,"R",55296,"A",,"R",1024,"G",1843,"G",43,"G",1843,"G",43,"A",,2
154378,"R",70704,"A",,"A",,"G",2357,"A",,"G",2357,"A",,"A",,2
154396,"R",36911,"A",,"A",,"G",1230,"A",,"G",1230,"A",,"A",,2
154448,"R",5757,"R",616,"A",,"G",193,"A",,"G",193,"A",,"A",,3
154457,"A",,"R",90790,"A",,"G",101,"A",,"G",101,"A",,"A",,1
154466,"A",,"R",85690,"A",,"G",95,"A",,"G",95,"A",,"A",,1
154493,"R",165756,"A",,"R",11473,"G",5525,"G",478,"G",5525,"G",478,"A",,2
154518,"R",17578,"A",,"A",,"G",586,"A",,"G",586,"A",,"A",,2
154527,"R",57433,"A",,"A",,"G",1914,"A",,"G",1914,"A",,"A",,2
154536,"A",,"A",,"R",3852,"A",,"G",161,"A",,"G",161,"A",,-2
154545,"A",,"R",55927,"A",,"G",62,"A",,"G",62,"A",,"A",,1
154572,"R",112011,"A",,"A",,"G",3734,"A",,"G",3734,"A",,"A",,2
154590,"R",34598,"A",,"R",2629,"G",1153,"G",110,"G",1153,"G",110,"A",,2
154642,"R",63661,"A",,"A",,"G",2122,"A",,"G",2122,"A",,"A",,2
154688,"R",55333,"A",,"R",32348,"G",1844,"G",1348,"G",1844,"G",1348,"A",,2
154697,"R",116805,"A",,"A",,"G",3894,"A",,"G",3894,"A",,"A",,2
154712,"R",54210,"A",,"R",1259,"G",1807,"G",52,"G",1807,"G",52,"A",,2
154721,"R",17274,"A",,"A",,"G",576,"A",,"G",576,"A",,"A",,2
154749,"R",14968,"A",,"A",,"G",499,"A",,"G",499,"A",,"A",,2
154767,"R",24454,"A",,"A",,"G",543,"A",,"G",543,"A",,"A",,2
154776,"R",24525,"A",,"A",,"G",545,"A",,"G",545,"A",,"A",,2
154794,"R",10023,"A",,"A",,"G",223,"A",,"G",223,"A",,"A",,2
154800,"R",205291,"A",,"A",,"G",6843,"A",,"G",6843,"A",,"A",,2
154837,"R",219,"A",,"R",2057,"G",7,"G",86,"R",12,"R",114,"R",47,2
154855,"R",14015,"A",,"A",,"G",467,"A",,"G",467,"A",,"A",,2
154907,"R",51302,"A",,"A",,"G",1710,"A",,"G",1710,"A",,"A",,2
154925,"R",43735,"A",,"A",,"G",1458,"A",,"G",1458,"A",,"A",,2
154934,"R",29266,"A",,"A",,"G",976,"A",,"G",976,"A",,"A",,2
154952,"R",95944,"A",,"A",,"G",3198,"A",,"G",3198,"A",,"A",,2
154970,"A",,"R",209311,"A",,"G",233,"A",,"G",233,"A",,"A",,1
154998,"R",44308,"A",,"A",,"G",1477,"A",,"G",1477,"A",,"A",,2
155007,"R",11970,"A",,"A",,"G",399,"A",,"G",399,"A",,"A",,2
155025,"R",103552,"A",,"R",31543,"G",3452,"G",1314,"G",3452,"G",1314,"A",,2
155052,"R",18804,"A",,"A",,"G",627,"A",,"G",627,"A",,"A",,2
155061,"R",221503,"A",,"R",24497,"G",7383,"G",1021,"G",7383,"G",1021,"A",,2
155070,"R",6576,"A",,"R",221,"G",219,"G",9,"G",219,"G",9,"A",,2
155089,"R",50957,"A",,"R",14282,"G",1699,"G",595,"G",1699,"G",595,"A",,2
155098,"R",49911,"A",,"A",,"G",1664,"A",,"G",1664,"A",,"A",,2
155104,"R",41713,"A",,"A",,"G",1390,"A",,"G",1390,"A",,"A",,2
155140,"R",22822,"A",,"A",,"G",761,"A",,"G",761,"A",,"A",,2
155159,"A",,"R",85622,"A",,"G",95,"A",,"G",95,"A",,"A",,1
155177,"R",12841,"A",,"A",,"G",428,"A",,"G",428,"A",,"A",,2
155186,"R",64512,"A",,"A",,"G",2150,"A",,"G",2150,"A",,"A",,2
155195,"R",120682,"A",,"A",,"G",4023,"A",,"G",4023,"A",,"A",,2
155201,"R",30207,"A",,"A",,"G",1007,"A",,"G",1007,"A",,"A",,2
155210,"R",374028,"A",,"A",,"G",12468,"A",,"G",12468,"A",,"A",,2
155283,"A",,"R",611951,"A",,"G",680,"A",,"G",680,"A",,"A",,1
155292,"R",145359,"A",,"A",,"G",4845,"A",,"G",4845,"A",,"A",,2
155317,"R",566231,"A",,"R",114899,"G",18874,"G",4787,"G",18874,"G",4787,"R",2081,2
155335,"R",44670,"A",,"R",13192,"G",1489,"G",550,"G",1489,"G",550,"A",,2
155353,"A",,"R",139000,"A",,"G",154,"A",,"G",154,"A",,"A",,1
155399,"R",527786,"A",,"R",61647,"G",17593,"G",2569,"G",17593,"G",2569,"R",745,2
155414,"R",22409,"A",,"R",687,"G",747,"G",29,"G",747,"G",29,"A",,2
155423,"R",25365,"A",,"A",,"G",846,"A",,"G",846,"A",,"A",,2
155441,"A",,"R",54139,"A",,"G",60,"A",,"G",60,"A",,"A",,1
155450,"R",37279,"A",,"A",,"G",1243,"A",,"G",1243,"A",,"A",,2
155487,"R",18641,"A",,"A",,"G",621,"A",,"G",621,"A",,"A",,2
155496,"R",9494,"A",,"A",,"G",316,"A",,"G",316,"A",,"A",,2
155511,"R",18265,"A",,"A",,"G",609,"A",,"G",609,"A",,"A",,2
155520,"R",42605,"A",,"R",15748,"G",1420,"G",656,"G",1420,"G",656,"A",,2
155566,"R",49426,"A",,"A",,"G",1648,"A",,"G",1648,"A",,"A",,2
155593,"R",21001,"A",,"A",,"G",700,"A",,"G",700,"A",,"A",,2
155618,"R",15281,"A",,"A",,"G",509,"A",,"G",509,"A",,"A",,2
155627,"R",16655,"A",,"R",258,"G",555,"G",11,"G",555,"R",14,"A",,2
155636,"R",6930,"A",,"R",3610,"G",231,"G",150,"G",231,"R",201,"A",,2
155681,"R",180396,"A",,"R",21685,"G",6013,"G",904,"G",6013,"G",904,"A",,2
155715,"R",34869,"A",,"A",,"G",1162,"A",,"G",1162,"A",,"A",,2
155812,"R",20304,"A",,"R",4855,"G",677,"G",202,"G",677,"G",202,"R",12,2
155830,"R",12305,"A",,"A",,"G",410,"A",,"G",410,"A",,"A",,2
155858,"R",38395,"A",,"A",,"G",1280,"A",,"G",1280,"A",,"A",,2
155867,"A",,"R",58559,"A",,"G",65,"A",,"G",65,"A",,"A",,1
155900,"R",40601,"A",,"R",7649,"G",1353,"G",319,"G",1353,"G",319,"A",,2
155937,"R",19256,"A",,"A",,"G",642,"A",,"G",642,"A",,"A",,2
155973,"R",20067,"A",,"R",203,"G",669,"G",8,"G",669,"G",8,"A",,2
156082,"R",144997,"A",,"R",7529,"G",4833,"G",314,"G",4833,"R",418,"R",547,2
156107,"R",59141,"A",,"A",,"G",1971,"A",,"G",1971,"A",,"A",,2
156125,"R",316792,"A",,"R",47303,"G",10560,"G",1971,"G",10560,"G",1971,"R",261,2
156134,"A",,"R",1965600,"A",,"G",2184,"A",,"G",2184,"A",,"A",,1
156189,"R",17379,"A",,"A",,"G",579,"A",,"G",579,"A",,"A",,2
156213,"R",41818,"A",,"R",4173,"G",1394,"G",174,"G",1394,"G",174,"A",,2
156222,"A",,"A",,"R",25963,"A",,"G",1082,"A",,"G",1082,"A",,-2
156231,"R",83851,"A",,"A",,"G",2795,"A",,"G",2795,"A",,"A",,2
156277,"A",,"R",75484,"A",,"G",84,"A",,"G",84,"A",,"A",,1
156286,"R",78672,"A",,"R",11841,"G",2622,"G",493,"G",2622,"G",493,"R",241,2
156295,"R",56427,"A",,"A",,"G",1881,"A",,"R",1639,"A",,"A",,2
156310,"A",,"R",450070,"A",,"G",500,"A",,"G",500,"A",,"A",,1
156338,"R",74046,"A",,"A",,"G",2468,"A",,"G",2468,"A",,"A",,2
156356,"R",18195,"A",,"R",250,"G",607,"G",10,"G",607,"G",10,"A",,2
156365,"R",71985,"A",,"R",11645,"G",2400,"G",485,"G",2400,"G",485,"A",,2
156392,"R",280611,"A",,"A",,"G",9354,"A",,"G",9354,"A",,"A",,2
156408,"R",35585,"A",,"A",,"G",1186,"A",,"R",1300,"A",,"A",,2
156417,"R",3944,"A",,"A",,"G",131,"A",,"G",131,"A",,"A",,2
156426,"A",,"R",345650,"A",,"G",384,"A",,"G",384,"A",,"A",,1
156444,"A",,"R",14255,"A",,"G",16,"A",,"G",16,"A",,"A",,1
156471,"R",40152,"R",107850,"A",,"G",1458,"A",,"G",1458,"A",,"A",,3
156541,"R",44717,"A",,"R",37122,"G",1491,"G",1547,"G",1491,"G",1547,"A",,2
156620,"R",360902,"A",,"R",35465,"G",12030,"G",1478,"G",12030,"G",1478,"R",39,2
156648,"R",124646,"A",,"A",,"G",4155,"A",,"G",4155,"A",,"A",,2
156675,"A",,"R",79500,"A",,"G",88,"A",,"G",88,"A",,"A",,1
156727,"A",,"A",,"R",26330,"A",,"G",731,"A",,"G",731,"R",67,-2
156745,"R",35540,"A",,"R",7700,"G",1185,"G",321,"G",1185,"G",321,"A",,2
156754,"A",,"R",103685,"A",,"G",115,"A",,"G",115,"A",,"A",,1
156790,"R",66276,"A",,"A",,"G",2209,"A",,"G",2209,"A",,"A",,2
156842,"A",,"R",304397,"A",,"G",338,"A",,"G",338,"A",,"A",,1
156851,"R",41573,"A",,"A",,"G",1386,"A",,"G",1386,"A",,"A",,2
156860,"R",79083,"A",,"A",,"G",2636,"A",,"G",2636,"A",,"A",,2
156903,"R",8783,"R",6075,"A",,"G",202,"A",,"G",202,"A",,"A",,3
156921,"R",258347,"A",,"A",,"G",8612,"A",,"G",8612,"A",,"A",,2
156949,"A",,"R",27000,"A",,"G",30,"A",,"G",30,"A",,"A",,1
156967,"A",,"R",134257,"A",,"G",149,"A",,"G",149,"A",,"A",,1
157021,"R",77256,"A",,"A",,"G",1717,"A",,"G",1717,"A",,"A",,2
157030,"R",1987,"A",,"A",,"G",66,"A",,"R",68,"A",,"A",,2
157058,"R",63462,"A",,"R",3859,"G",2115,"G",161,"G",2115,"G",161,"A",,2
157076,"R",20891,"A",,"A",,"G",696,"A",,"G",696,"A",,"A",,2
157085,"R",580895,"A",,"R",81536,"G",19363,"G",3397,"G",19363,"G",3397,"R",3786,2
157100,"R",15062,"A",,"R",540,"G",502,"G",23,"G",502,"G",23,"A",,2
157207,"A",,"A",,"R",918,"A",,"G",38,"A",,"R",45,"R",1,-2
157216,"R",60340,"A",,"R",13861,"G",2011,"G",578,"G",2011,"G",578,"A",,2
157270,"R",25664,"A",,"A",,"G",570,"A",,"G",570,"A",,"A",,2
157289,"R",410044,"A",,"R",68338,"G",13668,"G",2847,"G",13668,"G",2847,"R",3055,2
157298,"A",,"A",,"R",3656,"A",,"G",152,"A",,"G",152,"R",50,-2
157304,"R",60820,"A",,"A",,"G",2027,"A",,"G",2027,"A",,"A",,2
157331,"R",101616,"A",,"A",,"G",3387,"A",,"G",3387,"A",,"A",,2
157359,"R",53658,"A",,"R",2090,"G",1789,"G",87,"G",1789,"G",87,"A",,2
157377,"R",36826,"A",,"R",2295,"G",1228,"G",96,"G",1228,"G",96,"A",,2
157386,"R",191372,"A",,"R",22772,"G",6379,"G",949,"G",6379,"G",949,"A",,2
157395,"A",,"R",17230,"A",,"G",19,"A",,"G",19,"A",,"A",,1
157401,"R",227151,"A",,"R",29950,"G",7572,"G",1248,"G",7572,"G",1248,"Z",0,2
157438,"R",74972,"A",,"A",,"G",2499,"A",,"G",2499,"A",,"A",,2
157447,"R",323416,"A",,"R",32853,"G",10781,"G",1369,"G",10781,"G",1369,"R",645,2
157456,"A",,"R",34200,"A",,"G",38,"A",,"G",38,"A",,"A",,1
157465,"R",14988,"A",,"A",,"G",333,"A",,"G",333,"A",,"A",,2
157483,"R",127940,"A",,"A",,"G",4265,"A",,"G",4265,"A",,"A",,2
157508,"A",,"R",91000,"A",,"G",101,"A",,"G",101,"A",,"A",,1
157535,"R",35777,"A",,"R",288,"G",1193,"G",12,"G",1193,"G",12,"R",309,2
157553,"R",84310,"A",,"A",,"G",2810,"A",,"G",2810,"A",,"A",,2
157599,"R",88951,"A",,"A",,"G",1977,"A",,"G",1977,"A",,"A",,2
157614,"A",,"R",129614,"A",,"G",144,"A",,"G",144,"A",,"A",,1
157632,"R",22079,"A",,"R",87,"G",736,"G",4,"G",736,"G",4,"A",,2
157650,"A",,"R",213290,"A",,"G",237,"A",,"G",237,"A",,"A",,1
157669,"A",,"R",153107,"A",,"G",170,"A",,"G",170,"A",,"A",,1
157678,"A",,"R",189966,"A",,"G",211,"A",,"G",211,"A",,"A",,1
157696,"R",35147,"A",,"A",,"G",781,"A",,"G",781,"A",,"A",,2
157711,"R",166959,"A",,"A",,"G",5565,"A",,"G",5565,"A",,"A",,2
157739,"R",69845,"A",,"A",,"G",2328,"A",,"G",2328,"A",,"A",,2
157748,"R",13872,"A",,"R",42505,"G",462,"G",1771,"G",462,"G",1771,"A",,2
157757,"R",32231,"A",,"R",20274,"G",1074,"G",845,"G",1074,"G",845,"A",,2
157766,"R",47362,"A",,"A",,"G",1052,"A",,"G",1052,"A",,"A",,2
157793,"R",198515,"A",,"R",26028,"G",4411,"G",723,"G",4411,"G",723,"R",289,2
157809,"R",41094,"A",,"R",3266,"G",1370,"G",136,"G",1370,"G",136,"A",,2
157818,"R",34982,"A",,"A",,"G",1166,"A",,"G",1166,"A",,"A",,2
157827,"A",,"R",193430,"A",,"G",215,"A",,"G",215,"A",,"A",,1
157863,"R",23927,"A",,"R",12069,"G",798,"G",503,"G",798,"G",503,"A",,2
157951,"R",460119,"A",,"R",46077,"G",15337,"G",1920,"G",15337,"G",1920,"A",,2
158088,"R",61077,"A",,"A",,"G",2036,"A",,"G",2036,"A",,"A",,2
158158,"R",3450,"A",,"A",,"G",115,"A",,"G",115,"A",,"A",,2
158246,"R",14472,"A",,"A",,"G",482,"A",,"G",482,"A",,"A",,2
158325,"R",2099,"A",,"A",,"G",70,"A",,"G",70,"A",,"A",,2
158334,"R",225,"A",,"A",,"G",8,"A",,"R",15,"A",,"A",,2
158343,"R",2525,"A",,"A",,"G",84,"A",,"G",84,"A",,"A",,2
158352,"R",72236,"A",,"A",,"G",2408,"A",,"G",2408,"A",,"A",,2
158431,"R",164407,"A",,"A",,"G",5480,"A",,"G",5480,"A",,"A",,2
158440,"R",3992,"A",,"A",,"G",133,"A",,"G",133,"A",,"A",,2
158477,"R",24093,"A",,"R",1308,"G",803,"G",55,"G",803,"G",55,"A",,2
158538,"A",,"R",40000,"A",,"G",44,"A",,"G",44,"A",,"A",,1
158617,"R",38147,"R",322355,"A",,"G",1630,"A",,"G",1630,"A",,"A",,3
158644,"A",,"R",83196,"A",,"G",92,"A",,"G",92,"A",,"A",,1
158662,"R",435333,"A",,"A",,"G",14511,"A",,"G",14511,"A",,"A",,2
158723,"R",21015,"A",,"A",,"G",467,"A",,"G",467,"A",,"A",,2
158769,"R",36757,"A",,"A",,"G",1225,"A",,"G",1225,"A",,"A",,2
158778,"A",,"R",31037,"A",,"G",34,"A",,"G",34,"A",,"A",,1
158787,"A",,"R",73127,"A",,"G",81,"A",,"G",81,"A",,"A",,1
158802,"R",37457,"A",,"A",,"G",1249,"A",,"G",1249,"A",,"A",,2
158884,"R",42769,"A",,"A",,"G",1426,"A",,"R",1329,"A",,"A",,2
159009,"R",133450,"A",,"R",15159,"G",4448,"G",632,"G",4448,"G",632,"A",,2
159027,"A",,"R",65795,"A",,"G",73,"A",,"G",73,"A",,"A",,1
159197,"R",15360,"A",,"A",,"G",512,"A",,"G",512,"A",,"A",,2
159319,"A",,"R",32850,"A",,"G",37,"A",,"G",37,"A",,"A",,1
159328,"A",,"R",64992,"A",,"G",72,"A",,"G",72,"A",,"A",,1
159373,"R",25286,"A",,"R",18905,"G",843,"G",788,"G",843,"G",788,"R",1209,2
159382,"R",53743,"A",,"A",,"G",1791,"A",,"G",1791,"A",,"A",,2
159391,"R",695840,"A",,"R",98260,"G",23195,"G",4094,"G",23195,"G",4094,"R",1332,2
159407,"R",52697,"A",,"A",,"G",1757,"A",,"G",1757,"A",,"A",,2
159416,"R",91952,"A",,"R",6420,"G",3065,"G",268,"G",3065,"G",268,"A",,2
159443,"R",89304,"A",,"A",,"G",2977,"A",,"G",2977,"A",,"A",,2
159513,"A",,"R",103000,"A",,"G",114,"A",,"G",114,"A",,"A",,1
159522,"A",,"R",80000,"A",,"G",89,"A",,"G",89,"A",,"A",,1
159531,"A",,"R",42345,"A",,"G",47,"A",,"G",47,"A",,"A",,1
159568,"R",32663,"A",,"R",8877,"G",1089,"G",370,"G",1089,"G",370,"A",,2
159601,"A",,"R",44236,"A",,"G",49,"A",,"G",49,"A",,"A",,1
159647,"R",235910,"A",,"R",30805,"G",5242,"G",856,"R",7864,"R",1284,"R",26,2
159656,"R",97269,"A",,"R",15680,"G",3242,"G",653,"G",3242,"G",653,"R",838,2
159717,"R",215481,"A",,"R",14039,"G",7183,"G",585,"G",7183,"G",585,"A",,2
159939,"R",211909,"A",,"R",42432,"G",7064,"G",1768,"G",7064,"G",1768,"A",,2
159948,"R",18278,"A",,"R",26277,"G",609,"G",1095,"G",609,"G",1095,"A",,2
159966,"R",170575,"A",,"R",12031,"G",5686,"G",501,"G",5686,"G",501,"A",,2
159993,"R",185090,"A",,"R",22568,"G",6170,"G",940,"G",6170,"G",940,"R",319,2
160010,"R",63769,"A",,"A",,"G",2126,"A",,"G",2126,"A",,"A",,2
160029,"A",,"A",,"R",2875,"A",,"G",120,"A",,"G",120,"A",,-2
160038,"R",212176,"A",,"R",16668,"G",7073,"G",695,"G",7073,"G",695,"A",,2
160065,"R",24154,"A",,"R",2778,"G",805,"G",116,"G",805,"G",116,"A",,2
160074,"R",36667,"A",,"R",4937,"G",1222,"G",206,"G",1222,"G",206,"A",,2
160117,"A",,"R",52750,"A",,"G",59,"A",,"G",59,"A",,"A",,1
160126,"A",,"R",29020,"A",,"G",32,"A",,"G",32,"A",,"A",,1
160135,"A",,"R",53498,"A",,"G",59,"A",,"G",59,"A",,"A",,1
160199,"A",,"R",61674,"A",,"G",69,"A",,"G",69,"A",,"A",,1
160320,"A",,"R",685800,"A",,"G",762,"A",,"G",762,"A",,"A",,1
160409,"R",2100,"A",,"A",,"G",70,"A",,"R",83,"A",,"A",,2
160445,"A",,"R",133710,"A",,"G",149,"A",,"G",149,"A",,"A",,1
160472,"A",,"R",124200,"A",,"G",138,"A",,"G",138,"A",,"A",,1
160481,"R",46245,"R",40919,"A",,"G",1587,"A",,"G",1587,"A",,"A",,3
160524,"R",15450,"R",84330,"A",,"G",609,"A",,"G",609,"A",,"A",,3
160579,"R",65538,"A",,"A",,"G",2185,"A",,"G",2185,"A",,"A",,2
160597,"A",,"R",65400,"A",,"G",73,"A",,"G",73,"A",,"A",,1
160612,"R",363471,"A",,"R",20241,"G",12116,"G",843,"G",12116,"G",843,"R",0,2
160621,"R",171210,"A",,"R",21287,"G",5707,"G",887,"G",5707,"G",887,"R",0,2
160630,"R",81764,"A",,"R",11102,"G",2725,"G",463,"G",2725,"G",463,"A",,2
160649,"R",66636,"A",,"A",,"G",2221,"A",,"G",2221,"A",,"A",,2
160658,"R",414734,"A",,"R",25240,"G",13824,"G",1052,"G",13824,"G",1052,"Z",0,2
160667,"R",61038,"A",,"A",,"G",2035,"A",,"G",2035,"A",,"A",,2
160755,"R",247724,"A",,"R",63408,"G",8257,"G",2642,"G",8257,"G",2642,"R",1666,2
160904,"R",76188,"A",,"R",2801,"G",2540,"G",117,"G",2540,"G",117,"R",600,2
160913,"R",49562,"R",65287,"A",,"G",1725,"A",,"G",1725,"A",,"A",,3
160940,"R",44774,"A",,"A",,"G",1492,"A",,"G",1492,"A",,"A",,2
160959,"R",10112,"A",,"R",434,"G",337,"G",18,"G",337,"G",18,"A",,2
160968,"A",,"A",,"R",1057,"A",,"G",44,"A",,"G",44,"A",,-2
160977,"R",15271,"A",,"A",,"G",509,"A",,"R",1755,"A",,"A",,2
160995,"R",15223,"A",,"A",,"G",507,"A",,"G",507,"A",,"A",,2
161004,"R",53629,"A",,"A",,"G",1788,"A",,"G",1788,"A",,"A",,2
161022,"R",4157,"A",,"A",,"G",139,"A",,"G",139,"A",,"A",,2
161077,"R",59970,"A",,"A",,"G",1999,"A",,"G",1999,"A",,"A",,2
161086,"R",60451,"A",,"A",,"G",2015,"A",,"R",1820,"A",,"A",,2
161138,"R",51789,"A",,"A",,"G",1726,"A",,"G",1726,"A",,"A",,2
161165,"R",67259,"A",,"R",6531,"G",2242,"G",272,"G",2242,"G",272,"R",284,2
161192,"R",44268,"A",,"A",,"G",1476,"A",,"G",1476,"A",,"A",,2
161208,"R",2081,"A",,"A",,"G",69,"A",,"G",69,"A",,"A",,2
161217,"R",96042,"A",,"Z",0,"G",3201,"A",,"G",3201,"A",,"A",,2
161226,"R",61765,"A",,"R",1564,"G",2059,"G",65,"G",2059,"G",65,"A",,2
161235,"R",24738,"A",,"A",,"G",825,"A",,"G",825,"A",,"A",,2
161244,"R",18038,"A",,"A",,"G",601,"A",,"G",601,"A",,"A",,2
161253,"R",238150,"A",,"R",26027,"G",7938,"G",1084,"G",7938,"G",1084,"A",,2
161299,"R",31060,"A",,"R",439,"G",1035,"G",18,"G",1035,"G",18,"A",,2
161341,"R",31835,"A",,"A",,"G",1061,"A",,"G",1061,"A",,"A",,2
161457,"R",79119,"A",,"R",33638,"G",2637,"G",1402,"G",2637,"G",1402,"R",986,2
161484,"R",23753,"A",,"A",,"G",792,"A",,"G",792,"A",,"A",,2
161493,"A",,"R",379885,"A",,"G",422,"A",,"G",422,"A",,"A",,1
161509,"R",10208,"A",,"R",1121,"G",340,"G",47,"R",342,"R",34,"A",,2
161518,"R",42458,"A",,"R",31073,"G",1415,"G",1295,"G",1415,"G",1295,"A",,2
161527,"A",,"R",217688,"A",,"G",242,"A",,"G",242,"A",,"A",,1
161545,"R",146369,"A",,"A",,"G",4879,"A",,"G",4879,"A",,"A",,2
161554,"R",162454,"A",,"R",29455,"G",5415,"G",1227,"G",5415,"G",1227,"R",283,2
161563,"R",22593,"A",,"R",2895,"G",753,"G",121,"G",753,"G",121,"A",,2
161572,"R",16094,"A",,"A",,"G",536,"A",,"R",595,"A",,"A",,2
161581,"R",10418,"A",,"A",,"G",347,"A",,"G",347,"A",,"A",,2
161615,"A",,"R",45366,"A",,"G",50,"A",,"G",50,"A",,"A",,1
161651,"A",,"R",90000,"A",,"G",100,"A",,"G",100,"A",,"A",,1
161688,"R",77177,"A",,"A",,"G",2573,"A",,"G",2573,"A",,"A",,2
161767,"R",320073,"A",,"A",,"G",10669,"A",,"G",10669,"A",,"A",,2
161776,"R",19740,"A",,"A",,"G",658,"A",,"G",658,"A",,"A",,2
161800,"A",,"R",150750,"A",,"G",168,"A",,"G",168,"A",,"A",,1
161855,"A",,"R",99000,"A",,"G",110,"A",,"G",110,"A",,"A",,1
161864,"R",138234,"A",,"A",,"G",4608,"A",,"G",4608,"A",,"A",,2
161873,"R",72178,"A",,"R",26615,"G",2406,"G",1109,"G",2406,"G",1109,"R",1251,2
162007,"R",121538,"A",,"R",15965,"G",4051,"G",665,"G",4051,"G",665,"A",,2
162061,"R",10908,"A",,"R",7341,"G",364,"G",306,"G",364,"G",306,"A",,2
162104,"R",45391,"A",,"A",,"G",1513,"A",,"G",1513,"A",,"A",,2
162122,"R",169148,"A",,"A",,"G",5638,"A",,"G",5638,"A",,"A",,2
162168,"R",52406,"A",,"A",,"G",1747,"A",,"G",1747,"A",,"A",,2
162210,"R",34708,"A",,"R",3695,"G",1157,"G",154,"R",1195,"R",166,"A",,2
162283,"R",85797,"A",,"R",6931,"G",2860,"G",289,"G",2860,"G",289,"Z",0,2
162335,"A",,"R",85050,"A",,"G",95,"A",,"G",95,"A",,"A",,1
162371,"A",,"R",769600,"A",,"G",855,"A",,"G",855,"A",,"A",,1
162557,"R",125679,"A",,"A",,"G",4189,"A",,"G",4189,"A",,"A",,2
162584,"R",134519,"A",,"R",11049,"G",4484,"G",460,"G",4484,"G",460,"R",0,2
162609,"R",22378,"A",,"A",,"G",746,"A",,"G",746,"A",,"A",,2
162654,"R",42333,"A",,"R",10792,"G",1411,"G",450,"G",1411,"G",450,"A",,2
162681,"R",42693,"A",,"R",255,"G",1423,"G",11,"G",1423,"G",11,"A",,2
162690,"R",96076,"A",,"A",,"G",3203,"A",,"G",3203,"A",,"A",,2
162706,"R",135462,"A",,"A",,"G",4515,"A",,"G",4515,"A",,"A",,2
162760,"R",41658,"A",,"R",9990,"G",1389,"G",416,"G",1389,"G",416,"A",,2
162779,"R",193012,"A",,"A",,"G",6434,"A",,"G",6434,"A",,"A",,2
162830,"A",,"R",61808,"A",,"G",69,"A",,"G",69,"A",,"A",,1
162928,"R",193560,"A",,"R",335504,"G",6452,"G",13979,"G",6452,"G",13979,"R",462,2
162982,"A",,"R",171517,"A",,"G",191,"A",,"G",191,"A",,"A",,1
163028,"A",,"R",829540,"A",,"G",922,"A",,"G",922,"A",,"A",,1
163046,"R",116564,"A",,"R",35408,"G",3885,"G",1475,"R",3916,"R",1418,"R",38,2
163107,"A",,"R",42300,"A",,"G",47,"A",,"G",47,"A",,"A",,1
163204,"R",513544,"A",,"R",196560,"G",17118,"G",8190,"G",17118,"R",8212,"R",1084,2
163259,"R",19490,"A",,"R",60361,"G",650,"G",2515,"R",651,"R",2509,"R",3344,2
163268,"R",294560,"A",,"R",33772,"G",9819,"G",1407,"G",9819,"G",1407,"A",,2
163286,"R",795299,"A",,"R",155509,"G",26510,"G",6480,"G",26510,"G",6480,"R",2956,2
163295,"R",58061,"A",,"R",7528,"G",1935,"G",314,"G",1935,"R",251,"A",,2
163338,"R",112291,"A",,"R",6926,"G",3743,"G",289,"G",3743,"G",289,"R",495,2
163347,"R",48930,"A",,"A",,"G",1631,"A",,"G",1631,"A",,"A",,2
163408,"A",,"R",119250,"A",,"G",133,"A",,"G",133,"A",,"A",,1
163426,"R",539543,"A",,"A",,"G",17985,"A",,"G",17985,"A",,"A",,2
163453,"R",195988,"A",,"R",22390,"G",6533,"G",933,"G",6533,"G",933,"A",,2
163462,"R",53934,"A",,"R",10787,"G",1798,"G",449,"G",1798,"G",449,"A",,2
163532,"R",12013,"A",,"R",3994,"G",400,"G",166,"G",400,"G",166,"R",20,2
163541,"A",,"R",373050,"A",,"G",415,"A",,"G",415,"A",,"A",,1
163578,"R",28985,"A",,"R",18316,"G",966,"G",763,"G",966,"G",763,"R",305,2
163657,"R",274609,"A",,"A",,"G",9154,"A",,"G",9154,"A",,"A",,2
163736,"R",38877,"A",,"A",,"G",1296,"A",,"G",1296,"A",,"A",,2
163754,"A",,"R",106212,"A",,"G",118,"A",,"G",118,"A",,"A",,1
163815,"A",,"R",108000,"A",,"G",120,"A",,"G",120,"A",,"A",,1
163842,"R",95,"A",,"R",3541,"G",3,"G",148,"G",3,"R",197,"A",,2
163851,"R",241551,"A",,"R",12517,"G",8052,"G",522,"G",8052,"G",522,"A",,2
163912,"R",59568,"A",,"R",1454,"G",1986,"G",61,"G",1986,"G",61,"A",,2
163921,"R",40470,"R",3087,"R",1076,"G",1352,"G",45,"G",1352,"G",45,"A",,3
163976,"R",15369,"A",,"R",1371,"G",512,"G",57,"G",512,"G",57,"A",,2
164058,"R",23266,"A",,"A",,"G",776,"A",,"G",776,"A",,"A",,2
164076,"R",511152,"A",,"R",55628,"G",17038,"G",2318,"G",17038,"G",2318,"R",47,2
164085,"A",,"A",,"R",12996,"A",,"G",542,"A",,"G",542,"A",,-2
164100,"A",,"R",105500,"A",,"G",117,"A",,"G",117,"A",,"A",,1
164155,"R",158939,"A",,"A",,"G",5298,"A",,"R",4541,"A",,"A",,2
164173,"R",108050,"A",,"R",8249,"G",3602,"G",344,"G",3602,"G",344,"A",,2
164207,"R",5458,"A",,"R",3089,"G",182,"G",129,"R",227,"R",172,"A",,2
164216,"R",48625,"A",,"R",519,"G",1621,"G",22,"G",1621,"G",22,"A",,2
164243,"A",,"A",,"R",1660,"A",,"G",69,"A",,"G",69,"A",,-2
164270,"R",51189,"A",,"R",20946,"G",1706,"G",873,"G",1706,"G",873,"A",,2
164313,"R",75149,"A",,"A",,"G",2505,"A",,"G",2505,"A",,"A",,2
164368,"R",13680,"A",,"R",62480,"G",456,"G",2603,"G",456,"R",1319,"A",,2
164438,"R",20513,"A",,"R",5094,"G",684,"G",212,"G",684,"G",212,"A",,2
164447,"R",41636,"A",,"R",31726,"G",1388,"G",1322,"R",1735,"R",1763,"R",66,2
164465,"R",57936,"A",,"A",,"G",1931,"A",,"G",1931,"A",,"A",,2
164474,"A",,"A",,"R",4138,"A",,"G",172,"A",,"G",172,"A",,-2
164492,"R",26817,"A",,"R",7452,"G",894,"G",311,"G",894,"G",311,"A",,2
164535,"A",,"R",49910,"A",,"G",55,"A",,"G",55,"A",,"A",,1
164562,"R",63317,"A",,"R",9283,"G",2111,"G",387,"G",2111,"R",516,"A",,2
164580,"R",63281,"A",,"R",28666,"G",2109,"G",1194,"G",2109,"G",1194,"A",,2
164599,"A",,"R",28979,"A",,"G",32,"A",,"G",32,"A",,"A",,1
164614,"R",2653,"A",,"A",,"G",88,"A",,"G",88,"A",,"A",,2
164632,"R",42739,"A",,"R",14712,"G",1425,"G",613,"G",1425,"G",613,"A",,2
164641,"R",34068,"A",,"A",,"G",1136,"A",,"G",1136,"A",,"A",,2
164678,"R",6627,"A",,"A",,"G",221,"A",,"G",221,"A",,"A",,2
164720,"R",45416,"A",,"A",,"G",1514,"A",,"G",1514,"A",,"A",,2
164739,"R",120975,"A",,"R",25768,"G",4033,"G",1074,"G",4033,"G",1074,"A",,2
164748,"R",133108,"A",,"A",,"G",4437,"A",,"G",4437,"A",,"A",,2
164775,"R",46660,"A",,"A",,"G",1555,"A",,"G",1555,"A",,"A",,2
164845,"A",,"R",272283,"A",,"G",303,"A",,"G",303,"A",,"A",,1
164872,"R",8766,"A",,"R",7720,"G",292,"G",322,"G",292,"G",322,"A",,2
164915,"A",,"A",,"R",1896,"A",,"G",79,"A",,"R",92,"R",29,-2
164924,"R",285743,"A",,"R",85744,"G",9525,"G",3573,"G",9525,"G",3573,"R",790,2
164933,"R",15910,"A",,"R",3972,"G",530,"G",166,"G",530,"G",166,"A",,2
164988,"R",628531,"A",,"R",208618,"G",20951,"G",8692,"G",20951,"G",8692,"R",2187,2
165015,"R",119111,"A",,"R",63445,"G",3970,"G",2644,"G",3970,"G",2644,"A",,2
165024,"R",261470,"A",,"R",24875,"G",8716,"G",1036,"G",8716,"G",1036,"A",,2
165033,"R",169610,"A",,"A",,"G",5654,"A",,"R",5729,"A",,"A",,2
165060,"R",6137,"A",,"A",,"G",205,"A",,"G",205,"A",,"A",,2
165112,"R",254102,"A",,"A",,"G",8470,"A",,"G",8470,"A",,"A",,2
165167,"R",28741,"A",,"R",63213,"G",958,"G",2634,"G",958,"G",2634,"A",,2
165194,"R",76180,"A",,"A",,"G",2539,"A",,"G",2539,"A",,"A",,2
165255,"A",,"R",262200,"A",,"G",291,"A",,"G",291,"A",,"A",,1
165264,"R",7837,"A",,"A",,"G",261,"A",,"R",366,"A",,"A",,2
165334,"R",72697,"A",,"R",30607,"G",2423,"G",1275,"G",2423,"G",1275,"A",,2
165495,"A",,"A",,"R",288,"A",,"G",12,"A",,"G",12,"A",,-2
165529,"R",72446,"A",,"R",4378,"G",2415,"G",182,"G",2415,"G",182,"A",,2
165556,"A",,"R",294858,"A",,"G",328,"A",,"G",328,"A",,"A",,1
165574,"R",39440,"A",,"A",,"G",1315,"A",,"G",1315,"A",,"A",,2
165608,"A",,"R",61991,"A",,"G",69,"A",,"G",69,"A",,"A",,1
165635,"A",,"R",335957,"A",,"G",373,"A",,"G",373,"A",,"A",,1
165644,"R",26692,"A",,"R",3090,"G",890,"G",129,"G",890,"G",129,"A",,2
165662,"R",116895,"A",,"R",16930,"G",3897,"G",705,"G",3897,"G",705,"A",,2
165671,"R",62608,"A",,"R",4327,"G",2087,"G",180,"G",2087,"G",180,"A",,2
165699,"R",78254,"A",,"R",32355,"G",2608,"G",1348,"R",2445,"R",1198,"A",,2
165705,"A",,"A",,"R",1651,"A",,"G",69,"A",,"G",69,"A",,-2
165750,"A",,"R",141366,"A",,"G",157,"A",,"G",157,"A",,"A",,1
165802,"R",44233,"A",,"A",,"G",1474,"A",,"G",1474,"A",,"A",,2
165820,"R",109858,"A",,"R",35400,"G",3662,"G",1475,"G",3662,"G",1475,"A",,2
165866,"R",124904,"A",,"R",34330,"G",4163,"G",1430,"G",4163,"G",1430,"A",,2
165884,"R",15687,"A",,"A",,"G",523,"A",,"G",523,"A",,"A",,2
165936,"R",49461,"A",,"R",4319,"G",1649,"G",180,"R",1545,"R",300,"A",,2
165945,"A",,"A",,"R",29541,"A",,"G",1231,"A",,"R",1038,"A",,-2
165981,"R",45412,"A",,"A",,"G",1514,"A",,"G",1514,"A",,"A",,2
166009,"R",2124,"A",,"A",,"G",71,"A",,"G",71,"A",,"A",,2
166018,"R",44175,"A",,"A",,"G",1473,"A",,"G",1473,"A",,"A",,2
166027,"R",285456,"A",,"R",319552,"G",9515,"G",13315,"G",9515,"G",13315,"R",2612,2
166045,"R",107,"A",,"R",3718,"G",4,"G",155,"G",4,"G",155,"A",,2
166054,"R",2970,"A",,"R",3600,"G",99,"G",150,"G",99,"G",150,"A",,2
166063,"A",,"R",45270,"A",,"G",50,"A",,"G",50,"A",,"A",,1
166124,"R",93965,"A",,"A",,"G",3132,"A",,"G",3132,"A",,"A",,2
166133,"R",147688,"A",,"A",,"G",4923,"A",,"G",4923,"A",,"A",,2
166276,"R",14583,"A",,"A",,"G",324,"A",,"G",324,"A",,"A",,2
166294,"A",,"R",87000,"A",,"G",97,"A",,"G",97,"A",,"A",,1
166319,"A",,"R",39429,"A",,"G",44,"A",,"G",44,"A",,"A",,1
166328,"A",,"R",23277,"A",,"G",26,"A",,"G",26,"A",,"A",,1
166391,"R",45748,"A",,"R",3696,"G",1525,"G",154,"G",1525,"G",154,"A",,2
166407,"R",5900,"A",,"A",,"G",197,"A",,"G",197,"A",,"A",,2
166452,"R",49354,"A",,"R",80390,"G",1645,"G",3350,"G",1645,"G",3350,"A",,2
166489,"R",1248,"A",,"R",2878,"G",42,"G",120,"G",42,"G",120,"A",,2
166498,"A",,"R",99229,"A",,"G",110,"A",,"G",110,"A",,"A",,1
166513,"R",300946,"A",,"R",40885,"G",10032,"G",1704,"G",10032,"G",1704,"R",148,2
166586,"A",,"R",31283,"A",,"G",35,"A",,"G",35,"A",,"A",,1
166595,"A",,"R",52565,"A",,"G",58,"A",,"G",58,"A",,"A",,1
166601,"R",7290,"A",,"A",,"G",243,"A",,"G",243,"A",,"A",,2
166629,"R",669890,"A",,"R",87289,"G",22330,"G",3637,"G",22330,"R",4849,"R",163,2
166638,"R",301152,"A",,"R",55108,"G",10038,"G",2296,"G",10038,"G",2296,"R",20,2
166647,"R",107645,"A",,"A",,"G",3588,"A",,"G",3588,"A",,"A",,2
166656,"R",114456,"A",,"R",27111,"G",3815,"G",1130,"R",3312,"R",683,"R",1526,2
166674,"R",53994,"A",,"R",3148,"G",1800,"G",131,"G",1800,"G",131,"A",,2
166683,"R",135929,"A",,"R",206439,"G",4531,"G",8602,"R",4364,"R",6398,"A",,2
166692,"R",47638,"A",,"R",1567,"G",1588,"G",65,"G",1588,"G",65,"A",,2
166708,"A",,"A",,"R",14536,"A",,"G",606,"A",,"G",606,"R",538,-2
166717,"A",,"A",,"R",5173,"A",,"G",216,"A",,"G",216,"R",435,-2
166805,"A",,"R",53585,"A",,"G",60,"A",,"G",60,"A",,"A",,1
166823,"R",160899,"A",,"A",,"G",5363,"A",,"G",5363,"A",,"A",,2
166850,"R",70567,"A",,"R",3136,"G",2352,"G",131,"G",2352,"G",131,"A",,2
166869,"R",12041,"A",,"R",18550,"G",401,"G",773,"G",401,"G",773,"R",695,2
166887,"R",183302,"A",,"A",,"G",6110,"A",,"G",6110,"A",,"A",,2
166911,"R",11946,"A",,"A",,"G",398,"A",,"G",398,"A",,"A",,2
166939,"R",76501,"A",,"R",385,"G",2550,"G",16,"G",2550,"G",16,"A",,2
166948,"R",40051,"A",,"R",240,"G",1335,"G",10,"G",1335,"G",10,"A",,2
166957,"R",96282,"A",,"A",,"G",3209,"A",,"G",3209,"A",,"A",,2
166975,"R",3069,"R",50706,"A",,"G",159,"A",,"G",159,"A",,"A",,3
166984,"R",15346,"A",,"R",5252,"G",512,"G",219,"G",512,"G",219,"A",,2
167020,"R",14362,"A",,"A",,"G",479,"A",,"G",479,"A",,"A",,2
167039,"A",,"R",40566,"A",,"G",45,"A",,"G",45,"A",,"A",,1
167057,"R",12315,"A",,"R",6319,"G",411,"G",263,"R",390,"R",341,"A",,2
167093,"A",,"A",,"R",233,"A",,"G",10,"A",,"G",10,"R",489,-2
167181,"A",,"A",,"R",5464,"A",,"G",228,"A",,"G",228,"A",,-2
167215,"A",,"A",,"A",,"A",,"A",,"A",,"A",,"R",1044,-2
167224,"A",,"R",106200,"A",,"G",118,"A",,"G",118,"A",,"A",,1
167251,"R",28170,"A",,"A",,"G",939,"A",,"G",939,"A",,"A",,2
167260,"R",36977,"A",,"R",3990,"G",1233,"G",166,"G",1233,"G",166,"A",,2
167288,"R",45802,"A",,"R",5078,"G",1527,"G",212,"G",1527,"G",212,"A",,2
167297,"A",,"R",177070,"A",,"G",197,"A",,"R",148,"A",,"A",,1
167312,"R",157599,"A",,"A",,"G",5253,"A",,"G",5253,"A",,"A",,2
167321,"R",39046,"A",,"A",,"G",1302,"A",,"G",1302,"A",,"A",,2
167358,"R",582467,"A",,"R",185746,"G",19416,"G",7739,"R",17934,"R",6653,"R",1126,2
167376,"R",136035,"A",,"A",,"G",4535,"A",,"G",4535,"A",,"A",,2
167394,"R",31778,"A",,"R",4598,"G",1059,"G",192,"G",1059,"G",192,"A",,2
167455,"R",9525,"A",,"R",414,"G",318,"G",17,"G",318,"G",17,"A",,2
167464,"A",,"A",,"R",1536,"A",,"G",64,"A",,"G",64,"A",,-2
167525,"R",92795,"A",,"A",,"G",3093,"A",,"G",3093,"A",,"A",,2
167534,"R",177403,"A",,"A",,"G",5913,"A",,"G",5913,"A",,"A",,2
167543,"R",18842,"A",,"A",,"G",628,"A",,"G",628,"A",,"A",,2
167598,"R",29832,"A",,"R",10516,"G",994,"G",438,"R",1060,"R",490,"R",24,2
167631,"R",55613,"A",,"A",,"G",1854,"A",,"G",1854,"A",,"A",,2
167677,"R",1110,"A",,"R",2960,"G",37,"G",123,"G",37,"G",123,"A",,2
167729,"R",203180,"A",,"R",31784,"G",6773,"G",1324,"G",6773,"G",1324,"A",,2
167738,"R",22019,"A",,"A",,"G",734,"A",,"G",734,"A",,"A",,2
167783,"R",56352,"A",,"R",52489,"G",1878,"G",2187,"G",1878,"G",2187,"R",549,2
167792,"R",11276,"A",,"A",,"G",376,"A",,"G",376,"A",,"A",,2
167835,"R",87453,"A",,"R",15145,"G",2915,"G",631,"R",2733,"R",504,"A",,2
167871,"A",,"R",108450,"A",,"G",121,"A",,"G",121,"A",,"A",,1
167899,"R",68985,"A",,"R",23601,"G",2300,"G",983,"G",2300,"G",983,"R",120,2
167905,"R",130748,"A",,"A",,"G",4358,"A",,"G",4358,"A",,"A",,2
167987,"R",200074,"A",,"R",15330,"G",6669,"G",639,"G",6669,"R",852,"R",290,2
167996,"R",74061,"A",,"A",,"G",2469,"A",,"G",2469,"A",,"A",,2
168005,"R",175163,"A",,"R",30600,"G",5839,"G",1275,"G",5839,"G",1275,"R",1466,2
168032,"A",,"R",73826,"A",,"G",82,"A",,"G",82,"A",,"A",,1
168148,"R",141832,"A",,"R",106619,"G",4728,"G",4442,"G",4728,"G",4442,"R",1969,2
168218,"R",78798,"A",,"A",,"G",2627,"A",,"G",2627,"A",,"A",,2
168227,"R",123255,"A",,"R",3722,"G",4109,"G",155,"G",4109,"G",155,"A",,2
168254,"R",75978,"A",,"R",22992,"G",2533,"G",958,"G",2533,"G",958,"R",75,2
168263,"R",155319,"A",,"R",10962,"G",5177,"G",457,"G",5177,"G",457,"A",,2
168281,"R",52865,"A",,"A",,"G",1762,"A",,"R",1649,"A",,"A",,2
168290,"R",29912,"A",,"R",10171,"G",997,"G",424,"G",997,"G",424,"A",,2
168342,"R",61895,"A",,"R",1568,"G",2063,"G",65,"G",2063,"G",65,"A",,2
168421,"R",142429,"A",,"R",23866,"G",3165,"G",663,"G",3165,"G",663,"A",,2
168430,"R",137830,"A",,"R",17333,"G",4594,"G",722,"G",4594,"G",722,"A",,2
168528,"R",48259,"A",,"R",10,"G",1609,"G",0,"G",1609,"R",1,"A",,2
168546,"R",46540,"A",,"A",,"G",1551,"A",,"G",1551,"A",,"A",,2
168555,"A",,"R",55000,"A",,"G",61,"A",,"G",61,"A",,"A",,1
168573,"R",12227,"A",,"A",,"G",408,"A",,"G",408,"A",,"A",,2
168591,"R",46778,"A",,"A",,"G",1559,"A",,"R",1397,"A",,"A",,2
168607,"R",42516,"A",,"A",,"G",1417,"A",,"G",1417,"A",,"A",,2
168740,"R",54809,"A",,"R",30304,"G",1827,"G",1263,"G",1827,"R",1155,"A",,2
168786,"R",48440,"A",,"R",3005,"G",1615,"G",125,"G",1615,"G",125,"A",,2
168838,"R",98456,"A",,"R",232,"G",2188,"G",6,"G",2188,"G",6,"A",,2
168847,"R",180399,"A",,"R",1142,"G",4009,"G",32,"G",4009,"G",32,"A",,2
168883,"R",35645,"R",403456,"A",,"G",1636,"A",,"G",1636,"A",,"A",,3
168892,"A",,"R",55620,"A",,"G",62,"A",,"G",62,"A",,"A",,1
169080,"R",120405,"A",,"R",1367,"G",4014,"G",57,"G",4014,"G",57,"A",,2
169099,"A",,"A",,"R",4705,"A",,"G",196,"A",,"G",196,"A",,-2
169187,"R",13316,"A",,"A",,"G",296,"A",,"G",296,"A",,"A",,2
169220,"A",,"A",,"R",2396,"A",,"G",100,"A",,"G",100,"R",107,-2
169248,"R",580872,"A",,"R",99046,"G",19362,"G",4127,"G",19362,"R",4241,"R",229,2
169275,"R",242617,"A",,"A",,"G",8087,"A",,"R",7850,"A",,"A",,2
169284,"A",,"R",404787,"A",,"G",450,"A",,"G",450,"A",,"A",,1
169327,"R",17303,"A",,"R",2184,"G",385,"G",61,"G",385,"G",61,"A",,2
169363,"R",14015,"A",,"R",2903,"G",467,"G",121,"G",467,"G",121,"A",,2
169424,"A",,"A",,"R",4650,"A",,"G",194,"A",,"R",155,"A",,-2
169442,"R",34709,"A",,"R",1194,"G",1157,"G",50,"G",1157,"G",50,"A",,2
169479,"R",198055,"A",,"R",29062,"G",6602,"G",1211,"G",6602,"G",1211,"A",,2
169503,"A",,"R",264042,"A",,"G",293,"A",,"G",293,"A",,"A",,1
169521,"R",239733,"A",,"A",,"G",7991,"A",,"G",7991,"A",,"A",,2
169576,"R",3518,"A",,"A",,"G",117,"A",,"G",117,"A",,"A",,2
169628,"A",,"A",,"R",6474,"A",,"G",270,"A",,"G",270,"R",854,-2
169655,"R",57647,"A",,"A",,"G",1281,"A",,"G",1281,"A",,"A",,2
169716,"R",84891,"A",,"R",24321,"G",2830,"G",1013,"G",2830,"G",1013,"R",1012,2
169734,"R",12090,"A",,"A",,"G",269,"A",,"G",269,"A",,"A",,2
169761,"R",10218,"A",,"A",,"G",227,"A",,"G",227,"A",,"A",,2
169798,"R",474439,"A",,"R",63435,"G",15815,"G",2643,"G",15815,"G",2643,"A",,2
169910,"R",329684,"A",,"R",7143,"G",10989,"G",298,"G",10989,"G",298,"R",732,2
169947,"A",,"R",49898,"A",,"G",55,"A",,"G",55,"A",,"A",,1
169974,"R",31436,"A",,"A",,"G",1048,"A",,"G",1048,"A",,"A",,2
169983,"R",58135,"A",,"R",6046,"G",1938,"G",252,"R",1719,"G",252,"A",,2
169992,"R",26702,"A",,"A",,"G",890,"A",,"G",890,"A",,"A",,2
170000,"R",8275,"A",,"A",,"G",276,"A",,"R",343,"A",,"A",,2
170037,"R",61715,"A",,"R",11850,"G",2057,"G",494,"G",2057,"G",494,"A",,2
170046,"R",27938,"A",,"A",,"G",931,"A",,"G",931,"A",,"A",,2
170055,"R",363015,"A",,"A",,"G",12101,"A",,"G",12101,"A",,"A",,2
170082,"R",590132,"A",,"R",54482,"G",19671,"G",2270,"G",19671,"G",2270,"R",268,2
170091,"R",5271,"A",,"A",,"G",176,"A",,"G",176,"A",,"A",,2
170240,"R",395506,"A",,"A",,"G",13184,"A",,"G",13184,"A",,"A",,2
170301,"R",101066,"A",,"A",,"G",3369,"A",,"G",3369,"A",,"A",,2
170417,"R",25183,"A",,"A",,"G",560,"A",,"G",560,"A",,"A",,2
170444,"R",146323,"A",,"A",,"G",4877,"A",,"G",4877,"A",,"A",,2
170514,"A",,"R",110000,"A",,"G",122,"A",,"G",122,"A",,"A",,1
170532,"R",67235,"A",,"A",,"G",1494,"A",,"G",1494,"A",,"A",,2
170541,"R",231656,"A",,"A",,"G",7722,"A",,"G",7722,"A",,"A",,2
170550,"R",129497,"A",,"A",,"G",4317,"A",,"G",4317,"A",,"A",,2
170587,"R",35966,"A",,"A",,"G",1199,"A",,"G",1199,"A",,"A",,2
170611,"A",,"R",234800,"A",,"G",261,"A",,"G",261,"A",,"A",,1
170620,"R",74144,"A",,"A",,"G",2471,"A",,"G",2471,"A",,"A",,2
170639,"R",72551,"A",,"R",242,"G",2418,"G",10,"G",2418,"G",10,"A",,2
170657,"R",407289,"A",,"A",,"G",13576,"A",,"G",13576,"A",,"A",,2
170675,"R",56261,"A",,"R",16244,"G",1875,"G",677,"G",1875,"G",677,"A",,2
170736,"A",,"R",119406,"A",,"G",133,"A",,"G",133,"A",,"A",,1
170790,"R",479960,"A",,"A",,"G",15999,"A",,"G",15999,"A",,"A",,2
170806,"R",74692,"A",,"R",17324,"G",2490,"G",722,"G",2490,"G",722,"R",51,2
170842,"R",23531,"A",,"R",19615,"G",784,"G",817,"G",784,"G",817,"A",,2
170967,"R",27089,"A",,"R",332,"G",903,"G",14,"G",903,"G",14,"A",,2
170976,"R",818616,"A",,"R",274618,"G",27287,"G",11442,"G",27287,"R",13466,"R",6178,2
171012,"A",,"R",227750,"A",,"G",253,"A",,"G",253,"A",,"A",,1
171100,"R",1050094,"A",,"R",141878,"G",35003,"G",5912,"G",35003,"G",5912,"R",2344,2
171128,"R",165594,"A",,"R",16864,"G",5520,"G",703,"R",5434,"R",951,"A",,2
171137,"R",177972,"A",,"R",19050,"G",5932,"G",794,"G",5932,"G",794,"A",,2
171146,"R",168394,"A",,"R",15579,"G",5613,"G",649,"G",5613,"G",649,"R",538,2
171155,"R",130326,"A",,"A",,"G",4344,"A",,"G",4344,"A",,"A",,2
171225,"R",82493,"A",,"A",,"G",2750,"A",,"G",2750,"A",,"A",,2
171234,"R",40292,"R",738912,"A",,"G",2164,"A",,"G",2164,"A",,"A",,3
171261,"A",,"R",155669,"A",,"G",173,"A",,"G",173,"A",,"A",,1
171298,"R",166006,"A",,"R",579,"G",3689,"G",16,"G",3689,"G",16,"A",,2
171304,"R",104644,"A",,"A",,"G",3488,"A",,"G",3488,"A",,"A",,2
171313,"R",24202,"A",,"A",,"G",807,"A",,"G",807,"A",,"A",,2
171322,"R",38823,"A",,"A",,"G",1294,"A",,"G",1294,"A",,"A",,2
171395,"R",49643,"A",,"A",,"G",1655,"A",,"G",1655,"A",,"A",,2
171456,"R",245854,"A",,"R",8978,"G",8195,"G",374,"G",8195,"G",374,"A",,2
171465,"A",,"R",50178,"A",,"G",56,"A",,"G",56,"A",,"A",,1
171483,"R",107430,"A",,"A",,"G",3581,"A",,"G",3581,"A",,"A",,2
171492,"R",81463,"A",,"R",5542,"G",2715,"G",231,"G",2715,"G",231,"A",,2
171535,"R",606699,"A",,"A",,"G",20223,"A",,"G",20223,"A",,"A",,2
171571,"R",418432,"A",,"R",51860,"G",13948,"G",2161,"G",13948,"G",2161,"R",50,2
171599,"R",31214,"A",,"R",484,"G",1040,"G",20,"G",1040,"G",20,"A",,2
171775,"A",,"R",95400,"A",,"G",106,"A",,"G",106,"A",,"A",,1
171881,"R",8604,"A",,"R",50,"G",287,"G",2,"G",287,"G",2,"A",,2
171988,"A",,"R",162000,"A",,"G",180,"A",,"G",180,"A",,"A",,1
171997,"A",,"R",205920,"A",,"G",229,"A",,"G",229,"A",,"A",,1
172015,"A",,"R",306720,"A",,"G",341,"A",,"G",341,"A",,"A",,1
172033,"R",3205,"A",,"R",3225,"G",107,"G",134,"G",107,"G",134,"A",,2
172051,"R",247020,"A",,"R",22790,"G",8234,"G",950,"G",8234,"G",950,"A",,2
172200,"R",304576,"A",,"A",,"G",10153,"A",,"G",10153,"A",,"A",,2
172264,"R",52404,"A",,"R",5181,"G",1747,"G",216,"G",1747,"G",216,"A",,2
172291,"R",95191,"A",,"A",,"G",3173,"A",,"G",3173,"A",,"A",,2
172307,"R",62454,"A",,"A",,"G",2082,"A",,"G",2082,"A",,"A",,2
172325,"R",34704,"A",,"A",,"G",1157,"A",,"G",1157,"A",,"A",,2
172334,"R",81481,"A",,"R",20333,"G",2716,"G",847,"G",2716,"R",1130,"A",,2
172422,"R",14052,"A",,"A",,"G",312,"A",,"G",312,"A",,"A",,2
172440,"R",17077,"A",,"A",,"G",569,"A",,"G",569,"A",,"A",,2
172477,"A",,"A",,"R",3202,"A",,"G",133,"A",,"G",133,"R",4314,-2
172495,"A",,"R",182700,"A",,"G",203,"A",,"G",203,"A",,"A",,1
172608,"R",22958,"A",,"R",30178,"G",765,"G",1257,"G",765,"G",1257,"A",,2
172617,"R",265508,"A",,"A",,"G",8850,"A",,"G",8850,"A",,"A",,2
172635,"R",342365,"A",,"A",,"G",11412,"A",,"G",11412,"A",,"A",,2
172644,"R",476179,"A",,"R",115706,"G",15873,"G",4821,"G",15873,"G",4821,"R",5583,2
172671,"R",30363,"A",,"A",,"G",1012,"A",,"G",1012,"A",,"A",,2
172699,"R",549365,"A",,"R",75324,"G",18312,"G",3139,"G",18312,"G",3139,"R",35,2
172705,"A",,"A",,"R",3810,"A",,"G",159,"A",,"G",159,"R",28,-2
172802,"A",,"R",60000,"A",,"G",67,"A",,"G",67,"A",,"A",,1
172866,"R",6215,"A",,"A",,"G",138,"A",,"G",138,"A",,"A",,2
172918,"R",68026,"A",,"A",,"G",2268,"A",,"G",2268,"A",,"A",,2
172927,"R",3599,"A",,"A",,"G",120,"A",,"G",120,"A",,"A",,2
172954,"R",50747,"A",,"A",,"G",1692,"A",,"G",1692,"A",,"A",,2
172963,"R",181452,"A",,"A",,"G",6048,"A",,"G",6048,"A",,"A",,2
172972,"R",1859,"A",,"A",,"G",62,"A",,"G",62,"A",,"A",,2
173045,"R",86266,"A",,"R",16272,"G",2876,"G",678,"G",2876,"G",678,"R",321,2
173063,"R",72174,"A",,"A",,"G",2406,"A",,"G",2406,"A",,"A",,2
173115,"R",25438,"A",,"A",,"G",848,"A",,"G",848,"A",,"A",,2
173124,"R",131709,"A",,"R",4869,"G",4390,"G",203,"G",4390,"G",203,"A",,2
173142,"R",19203,"A",,"A",,"G",640,"A",,"R",637,"A",,"A",,2
173160,"R",105487,"A",,"R",14855,"G",3516,"G",619,"G",3516,"G",619,"A",,2
173179,"A",,"A",,"R",15567,"A",,"G",432,"A",,"G",432,"R",47,-2
173203,"R",103030,"A",,"A",,"G",3434,"A",,"G",3434,"A",,"A",,2
173258,"R",58258,"A",,"A",,"G",1942,"A",,"R",1962,"A",,"A",,2
173300,"R",86996,"A",,"R",386,"G",2900,"G",16,"R",2749,"G",16,"A",,2
173328,"R",46066,"A",,"R",20866,"G",1536,"G",869,"G",1536,"R",1098,"A",,2
173416,"R",74248,"A",,"A",,"G",2475,"A",,"G",2475,"A",,"A",,2
173452,"R",25129,"A",,"R",583,"G",838,"G",24,"G",838,"G",24,"A",,2
173461,"R",112456,"A",,"A",,"G",3749,"A",,"G",3749,"A",,"A",,2
173470,"A",,"R",46221,"A",,"G",51,"A",,"G",51,"A",,"A",,1
173489,"R",11233,"A",,"A",,"G",250,"A",,"G",250,"A",,"A",,2
173559,"R",151677,"A",,"A",,"G",5056,"A",,"G",5056,"A",,"A",,2
173629,"R",50112,"A",,"R",1960,"G",1114,"G",54,"G",1114,"G",54,"A",,2
173638,"R",68607,"A",,"A",,"G",2287,"A",,"G",2287,"A",,"A",,2
173647,"R",76944,"A",,"A",,"G",2565,"A",,"G",2565,"A",,"A",,2
173665,"R",66699,"A",,"R",39856,"G",2223,"G",1661,"G",2223,"G",1661,"R",546,2
173683,"R",119,"A",,"R",3782,"G",4,"G",158,"G",4,"G",158,"A",,2
173708,"R",140340,"A",,"A",,"G",4678,"A",,"G",4678,"A",,"A",,2
173726,"A",,"R",29389,"A",,"G",33,"A",,"G",33,"A",,"A",,1
173735,"R",37394,"A",,"A",,"G",1246,"A",,"G",1246,"A",,"A",,2
173744,"A",,"R",578463,"A",,"G",643,"A",,"G",643,"A",,"A",,1
173799,"R",126413,"A",,"A",,"G",4214,"A",,"G",4214,"A",,"A",,2
173805,"R",32255,"A",,"A",,"G",1075,"A",,"G",1075,"A",,"A",,2
173887,"R",77289,"A",,"A",,"G",1718,"A",,"G",1718,"A",,"A",,2
173896,"A",,"A",,"R",12105,"A",,"G",504,"A",,"G",504,"R",87,-2
173902,"R",63741,"A",,"A",,"G",2125,"A",,"R",1992,"A",,"A",,2
173911,"R",87362,"A",,"A",,"G",2912,"A",,"G",2912,"A",,"A",,2
173920,"R",385723,"A",,"R",31702,"G",12857,"G",1321,"G",12857,"G",1321,"A",,2
173939,"A",,"R",140084,"A",,"G",156,"A",,"G",156,"A",,"A",,1
173957,"A",,"A",,"A",,"A",,"A",,"A",,"A",,"R",253,-2
173966,"R",2800,"A",,"R",5780,"G",93,"G",241,"G",93,"G",241,"A",,2
173984,"R",33834,"A",,"R",5777,"G",1128,"G",241,"G",1128,"G",241,"R",189,2
173993,"R",33840,"A",,"A",,"G",1128,"A",,"G",1128,"A",,"A",,2
174020,"R",163949,"A",,"R",12415,"G",5465,"G",517,"G",5465,"G",517,"A",,2
174066,"R",903463,"A",,"R",134900,"G",30115,"G",5621,"G",30115,"G",5621,"R",7543,2
174075,"R",44357,"A",,"A",,"G",1479,"A",,"G",1479,"A",,"A",,2
174118,"A",,"R",348000,"A",,"G",387,"A",,"G",387,"A",,"A",,1
174127,"R",17183,"A",,"R",1724,"G",573,"G",72,"G",573,"G",72,"A",,2
174136,"R",208894,"A",,"A",,"G",6963,"A",,"G",6963,"A",,"A",,2
174154,"R",12821,"A",,"A",,"G",427,"A",,"G",427,"A",,"A",,2
174190,"A",,"R",212719,"A",,"G",236,"A",,"G",236,"A",,"A",,1
174206,"R",4684,"A",,"A",,"G",156,"A",,"G",156,"A",,"A",,2
174233,"R",215697,"A",,"R",11416,"G",7190,"G",476,"G",7190,"G",476,"R",244,2
174251,"R",52939,"A",,"A",,"G",1765,"A",,"G",1765,"A",,"A",,2
174279,"R",56011,"A",,"R",2589,"G",1245,"G",72,"G",1245,"G",72,"A",,2
174321,"A",,"R",168671,"A",,"G",187,"A",,"G",187,"A",,"A",,1
174358,"R",183912,"A",,"R",8871,"G",6130,"G",370,"G",6130,"G",370,"A",,2
174376,"R",147831,"A",,"A",,"G",4928,"A",,"G",4928,"A",,"A",,2
174385,"R",17918,"A",,"A",,"G",398,"A",,"G",398,"A",,"A",,2
174394,"R",31243,"A",,"A",,"G",694,"A",,"G",694,"A",,"A",,2
174428,"R",213929,"A",,"A",,"G",7131,"A",,"G",7131,"A",,"A",,2
174437,"R",34382,"A",,"A",,"G",1146,"A",,"G",1146,"A",,"A",,2
174473,"R",79765,"A",,"A",,"G",2659,"A",,"G",2659,"A",,"A",,2
174482,"R",2620,"A",,"A",,"G",87,"A",,"G",87,"A",,"A",,2
174491,"R",75058,"A",,"R",2374,"G",2502,"G",99,"G",2502,"G",99,"A",,2
174507,"R",3634,"A",,"R",4784,"G",121,"G",199,"G",121,"R",144,"R",670,2
174525,"R",3727,"A",,"A",,"G",124,"A",,"R",130,"A",,"A",,2
174534,"A",,"R",129642,"A",,"G",144,"A",,"G",144,"A",,"A",,1
174570,"R",19004,"A",,"A",,"G",633,"A",,"G",633,"A",,"A",,2
174604,"R",9051,"A",,"A",,"G",302,"A",,"G",302,"A",,"A",,2
174738,"R",133131,"A",,"A",,"G",4438,"A",,"G",4438,"A",,"A",,2
174747,"R",61435,"A",,"A",,"G",2048,"A",,"G",2048,"A",,"A",,2
174756,"R",103420,"A",,"A",,"G",3447,"A",,"G",3447,"A",,"A",,2
174765,"A",,"R",103353,"A",,"G",115,"A",,"G",115,"A",,"A",,1
174783,"R",375604,"A",,"R",28351,"G",12520,"G",1181,"G",12520,"G",1181,"A",,2
174792,"R",56364,"A",,"R",1742,"G",1879,"G",73,"G",1879,"G",73,"A",,2
174817,"R",52839,"A",,"R",55278,"G",1761,"G",2303,"G",1761,"R",3071,"R",37,2
174844,"R",93309,"A",,"A",,"G",3110,"A",,"R",3135,"A",,"A",,2
174862,"R",26698,"A",,"R",2720,"G",890,"G",113,"G",890,"G",113,"A",,2
174899,"R",91074,"A",,"R",22661,"G",3036,"G",944,"G",3036,"G",944,"R",275,2
174914,"R",191222,"A",,"R",56210,"G",6374,"G",2342,"G",6374,"G",2342,"R",397,2
174932,"R",6439,"A",,"A",,"G",215,"A",,"G",215,"A",,"A",,2
174978,"A",,"R",169220,"A",,"G",188,"A",,"G",188,"A",,"A",,1
175005,"R",91321,"A",,"R",20070,"G",3044,"G",836,"G",3044,"G",836,"R",97,2
175014,"R",253593,"A",,"A",,"G",5635,"A",,"G",5635,"A",,"A",,2
175041,"R",141856,"A",,"A",,"G",4729,"A",,"G",4729,"A",,"A",,2
175078,"R",99740,"A",,"R",7132,"G",3325,"G",297,"G",3325,"G",297,"A",,2
175120,"R",8510,"A",,"A",,"G",284,"A",,"R",426,"A",,"A",,2
175139,"A",,"A",,"R",2605,"A",,"G",109,"A",,"G",109,"A",,-2
175157,"R",19461,"A",,"A",,"G",649,"A",,"G",649,"A",,"A",,2
175227,"R",51822,"A",,"A",,"G",1152,"A",,"G",1152,"A",,"A",,2
175236,"R",101425,"A",,"A",,"G",3381,"A",,"G",3381,"A",,"A",,2
175263,"R",53881,"A",,"A",,"G",1796,"A",,"G",1796,"A",,"A",,2
175272,"R",245460,"A",,"R",7243,"G",8182,"G",302,"G",8182,"G",302,"A",,2
175281,"A",,"A",,"A",,"A",,"A",,"A",,"A",,"R",1107,-2
175315,"R",229855,"A",,"A",,"G",7662,"A",,"G",7662,"A",,"A",,2
175342,"R",96005,"A",,"R",12939,"G",3200,"G",539,"G",3200,"G",539,"A",,2
175421,"R",69012,"A",,"R",15063,"G",2300,"G",628,"G",2300,"G",628,"A",,2
175430,"R",15582,"A",,"R",435,"G",519,"G",18,"G",519,"G",18,"A",,2
175494,"A",,"R",162843,"A",,"G",181,"A",,"G",181,"A",,"A",,1
175519,"R",85823,"A",,"A",,"G",2861,"A",,"G",2861,"A",,"A",,2
175528,"R",35694,"A",,"A",,"G",793,"A",,"G",793,"A",,"A",,2
175573,"R",79700,"A",,"A",,"G",2657,"A",,"G",2657,"A",,"A",,2
175591,"A",,"R",58770,"A",,"G",65,"A",,"G",65,"A",,"A",,1
175607,"A",,"R",73936,"A",,"G",82,"A",,"G",82,"A",,"A",,1
175616,"R",77433,"A",,"R",23441,"G",2581,"G",977,"R",2160,"R",1146,"A",,2
175643,"R",78215,"A",,"A",,"G",2607,"A",,"G",2607,"A",,"A",,2
175652,"R",162525,"A",,"A",,"G",5418,"A",,"G",5418,"A",,"A",,2
175698,"A",,"R",22500,"A",,"G",25,"A",,"G",25,"A",,"A",,1
175722,"A",,"R",49447,"A",,"G",55,"A",,"G",55,"A",,"A",,1
175786,"R",294119,"A",,"A",,"G",9804,"A",,"G",9804,"A",,"A",,2
175810,"R",163890,"A",,"A",,"G",5463,"A",,"G",5463,"A",,"A",,2
175829,"R",196755,"A",,"A",,"G",6559,"A",,"G",6559,"A",,"A",,2
175856,"R",191401,"A",,"R",31340,"G",6380,"G",1306,"G",6380,"G",1306,"A",,2
175883,"R",123500,"A",,"A",,"G",4117,"A",,"G",4117,"A",,"A",,2
175935,"R",89026,"A",,"A",,"G",2968,"A",,"G",2968,"A",,"A",,2
175980,"R",28847,"A",,"R",1709,"G",962,"G",71,"G",962,"G",71,"A",,2
176008,"R",67813,"A",,"A",,"G",2260,"A",,"G",2260,"A",,"A",,2
176017,"R",463448,"A",,"R",41955,"G",15448,"G",1748,"G",15448,"G",1748,"R",1076,2
176026,"R",16362,"A",,"R",18315,"G",545,"G",763,"G",545,"G",763,"R",660,2
176035,"R",71361,"A",,"R",4227,"G",2379,"G",176,"G",2379,"G",176,"R",0,2
176044,"R",61019,"A",,"R",5737,"G",2034,"G",239,"G",2034,"G",239,"A",,2
176053,"R",89186,"A",,"R",26481,"G",2973,"G",1103,"G",2973,"G",1103,"R",591,2
176062,"A",,"R",88960,"A",,"G",99,"A",,"G",99,"A",,"A",,1
176071,"R",280350,"A",,"A",,"G",9345,"A",,"G",9345,"A",,"A",,2
176080,"R",470128,"A",,"R",66719,"G",15671,"G",2780,"G",15671,"G",2780,"R",604,2
176169,"R",98841,"A",,"A",,"G",3295,"A",,"G",3295,"A",,"A",,2
176178,"R",203828,"A",,"A",,"G",6794,"A",,"G",6794,"A",,"A",,2
176239,"R",94024,"A",,"A",,"G",3134,"A",,"G",3134,"A",,"A",,2
176318,"R",31464,"A",,"A",,"G",1049,"A",,"G",1049,"A",,"A",,2
176336,"R",1424,"A",,"A",,"G",47,"A",,"G",47,"A",,"A",,2
176354,"R",61231,"A",,"A",,"G",2041,"A",,"G",2041,"A",,"A",,2
176372,"R",351540,"A",,"R",56676,"G",11718,"G",2362,"G",11718,"G",2362,"A",,2
176390,"A",,"R",152526,"A",,"G",169,"A",,"G",169,"A",,"A",,1
176406,"R",28935,"A",,"A",,"G",965,"A",,"R",1036,"A",,"A",,2
176451,"A",,"A",,"R",1672,"A",,"G",70,"A",,"G",70,"A",,-2
176479,"R",71975,"A",,"R",23230,"G",2399,"G",968,"R",2569,"R",927,"R",208,2
176549,"R",12000,"A",,"A",,"G",400,"A",,"G",400,"A",,"A",,2
176600,"A",,"A",,"R",2299,"A",,"G",96,"A",,"G",96,"A",,-2
176619,"A",,"A",,"R",4857,"A",,"G",202,"A",,"G",202,"R",75,-2
176628,"R",34690,"A",,"R",10308,"G",1156,"G",430,"G",1156,"G",430,"A",,2
176637,"R",34014,"A",,"A",,"G",756,"A",,"G",756,"A",,"A",,2
176664,"R",10830,"A",,"R",893,"G",361,"G",37,"G",361,"G",37,"A",,2
176716,"A",,"R",123863,"A",,"G",138,"A",,"G",138,"A",,"A",,1
176734,"A",,"R",32500,"A",,"G",36,"A",,"G",36,"A",,"A",,1
176770,"R",9187,"A",,"R",652,"G",306,"G",27,"G",306,"G",27,"A",,2
176789,"R",6604,"A",,"R",822,"G",220,"G",34,"G",220,"G",34,"A",,2
176798,"A",,"R",192502,"A",,"G",214,"A",,"G",214,"A",,"A",,1
176910,"R",9017,"A",,"A",,"G",301,"A",,"G",301,"A",,"A",,2
176938,"R",9338,"A",,"A",,"G",311,"A",,"G",311,"A",,"A",,2
176947,"R",32451,"A",,"A",,"G",1082,"A",,"G",1082,"A",,"A",,2
176965,"R",250302,"A",,"R",32575,"G",8343,"G",1357,"G",8343,"G",1357,"A",,2
176983,"A",,"R",93280,"A",,"G",104,"A",,"G",104,"A",,"A",,1
176992,"A",,"R",16770,"A",,"G",19,"A",,"G",19,"A",,"A",,1
177038,"R",4895,"A",,"R",78,"G",163,"G",3,"G",163,"G",3,"R",550,2
177056,"A",,"R",89976,"A",,"G",100,"A",,"G",100,"A",,"A",,1
177065,"R",412121,"A",,"R",12765,"G",13737,"G",532,"G",13737,"G",532,"A",,2
177083,"R",3026,"A",,"Z",0,"G",101,"A",,"G",101,"A",,"A",,2
177092,"A",,"A",,"R",11723,"A",,"G",326,"A",,"G",326,"A",,-2
177117,"R",9896,"A",,"A",,"G",330,"A",,"G",330,"A",,"A",,2
177126,"A",,"A",,"R",12795,"A",,"G",533,"A",,"G",533,"A",,-2
177135,"R",107246,"A",,"A",,"G",3575,"A",,"G",3575,"A",,"A",,2
177144,"R",21922,"A",,"A",,"G",731,"A",,"G",731,"A",,"A",,2
177162,"R",40931,"A",,"A",,"G",1364,"A",,"R",1137,"A",,"A",,2
177214,"R",71538,"A",,"R",5285,"G",2385,"G",220,"G",2385,"G",220,"A",,2
177250,"R",85988,"A",,"A",,"G",2866,"A",,"G",2866,"A",,"A",,2
177278,"A",,"A",,"R",2931,"A",,"G",122,"A",,"G",122,"A",,-2
177287,"A",,"R",221822,"A",,"G",246,"A",,"G",246,"A",,"A",,1
177302,"R",74259,"A",,"A",,"G",1650,"A",,"G",1650,"A",,"A",,2
177339,"R",57156,"A",,"R",4257,"G",1905,"G",177,"G",1905,"G",177,"A",,2
177418,"R",36769,"A",,"R",14927,"G",1226,"G",622,"G",1226,"G",622,"A",,2
177427,"A",,"A",,"R",2112,"A",,"G",88,"A",,"G",88,"R",201,-2
177436,"A",,"R",53352,"A",,"G",59,"A",,"G",59,"A",,"A",,1
177472,"R",313881,"A",,"A",,"G",10463,"A",,"G",10463,"A",,"A",,2
177542,"R",28934,"A",,"R",202,"G",964,"G",8,"G",964,"G",8,"A",,2
177551,"R",38149,"A",,"A",,"G",1272,"A",,"G",1272,"A",,"A",,2
177579,"R",18870,"A",,"A",,"G",629,"A",,"G",629,"A",,"A",,2
177588,"A",,"R",53580,"A",,"G",60,"A",,"G",60,"A",,"A",,1
177603,"A",,"R",79751,"A",,"G",89,"A",,"G",89,"A",,"A",,1
177676,"R",130011,"A",,"A",,"G",4334,"A",,"G",4334,"A",,"A",,2
177685,"A",,"R",51700,"A",,"G",57,"A",,"G",57,"A",,"A",,1
177719,"R",24586,"A",,"R",2820,"G",820,"G",118,"G",820,"G",118,"A",,2
177746,"R",22562,"A",,"A",,"G",752,"A",,"G",752,"A",,"A",,2
177807,"A",,"R",21158,"A",,"G",24,"A",,"G",24,"A",,"A",,1
177816,"R",1050,"A",,"R",1900,"G",35,"G",79,"G",35,"G",79,"A",,2
177834,"A",,"A",,"R",48823,"A",,"G",2034,"A",,"G",2034,"R",2095,-2
177870,"A",,"R",15183,"A",,"G",17,"A",,"G",17,"A",,"A",,1
177931,"A",,"R",40630,"A",,"G",45,"A",,"G",45,"A",,"A",,1
177940,"R",74986,"A",,"R",3195,"G",2500,"G",133,"G",2500,"G",133,"A",,2
177968,"R",223201,"A",,"R",80908,"G",7440,"G",3371,"G",7440,"G",3371,"A",,2
177977,"R",43244,"A",,"A",,"G",1441,"A",,"G",1441,"A",,"A",,2
177986,"R",2121,"A",,"R",2838,"G",71,"G",118,"R",59,"R",105,"R",1119,2
177995,"R",401992,"A",,"A",,"G",13400,"A",,"G",13400,"A",,"A",,2
178004,"R",4845,"A",,"A",,"G",162,"A",,"G",162,"A",,"A",,2
178059,"R",76310,"A",,"R",15047,"G",2544,"G",627,"G",2544,"G",627,"A",,2
178077,"A",,"R",160620,"A",,"G",178,"A",,"G",178,"A",,"A",,1
178110,"R",13536,"R",750,"A",,"G",302,"A",,"G",302,"A",,"A",,3
178183,"R",4050,"A",,"A",,"G",135,"A",,"G",135,"A",,"A",,2
178208,"R",6419,"A",,"R",8471,"G",214,"G",353,"G",214,"G",353,"R",375,2
178217,"R",88728,"A",,"A",,"G",2958,"A",,"G",2958,"A",,"A",,2
178226,"R",38187,"A",,"A",,"G",849,"A",,"G",849,"A",,"A",,2
178244,"R",62081,"A",,"R",21220,"G",2069,"G",884,"G",2069,"G",884,"A",,2
178262,"A",,"R",136630,"A",,"G",152,"A",,"G",152,"A",,"A",,1
178305,"R",34759,"A",,"A",,"G",1159,"A",,"G",1159,"A",,"A",,2
178314,"A",,"R",37897,"A",,"G",42,"A",,"R",23,"A",,"A",,1
178341,"R",133451,"A",,"R",902,"G",4448,"G",38,"G",4448,"G",38,"A",,2
178350,"R",2505,"A",,"A",,"G",84,"A",,"G",84,"A",,"A",,2
178369,"R",46016,"A",,"R",366,"G",1534,"G",15,"G",1534,"G",15,"A",,2
178387,"R",140421,"A",,"R",2408,"G",4681,"G",100,"G",4681,"G",100,"A",,2
178396,"R",727532,"A",,"R",108759,"G",24251,"G",4532,"G",24251,"G",4532,"R",1230,2
178402,"R",237195,"A",,"R",55256,"G",7907,"G",2302,"G",7907,"G",2302,"R",1668,2
178411,"R",155376,"A",,"R",30391,"G",5179,"G",1266,"G",5179,"G",1266,"A",,2
178420,"R",248160,"A",,"R",49463,"G",8272,"G",2061,"G",8272,"G",2061,"R",172,2
178448,"R",121892,"A",,"A",,"G",4063,"A",,"G",4063,"A",,"A",,2
178466,"A",,"R",197053,"A",,"G",219,"A",,"G",219,"A",,"A",,1
178484,"A",,"R",284545,"A",,"G",316,"A",,"G",316,"A",,"A",,1
178518,"A",,"A",,"R",3802,"A",,"G",158,"A",,"G",158,"A",,-2
178527,"A",,"R",33234,"A",,"G",37,"A",,"G",37,"A",,"A",,1
178563,"A",,"R",65119,"A",,"G",72,"A",,"G",72,"A",,"A",,1
178606,"A",,"R",11025,"A",,"G",12,"A",,"G",12,"A",,"A",,1
178615,"R",157205,"A",,"R",7935,"G",5240,"G",331,"G",5240,"G",331,"A",,2
178624,"R",168994,"A",,"R",14166,"G",5633,"G",590,"G",5633,"G",590,"A",,2
178679,"R",17814,"A",,"A",,"G",594,"A",,"G",594,"A",,"A",,2
178697,"R",45719,"A",,"A",,"G",1524,"A",,"G",1524,"A",,"A",,2
178721,"R",269743,"A",,"R",12454,"G",8991,"G",519,"G",8991,"G",519,"A",,2
178767,"R",12725,"A",,"A",,"G",283,"A",,"R",286,"A",,"A",,2
178828,"A",,"R",80898,"A",,"G",90,"A",,"G",90,"A",,"A",,1
178891,"R",64619,"A",,"A",,"G",2154,"A",,"G",2154,"A",,"A",,2
178989,"R",9275,"A",,"R",1679,"G",309,"G",70,"G",309,"G",70,"A",,2
179043,"R",47356,"A",,"R",7267,"G",1579,"G",303,"G",1579,"G",303,"R",204,2
179052,"A",,"R",200997,"A",,"G",223,"A",,"G",223,"A",,"A",,1
179070,"R",13316,"A",,"A",,"G",444,"A",,"G",444,"A",,"A",,2
179159,"R",275239,"A",,"R",58599,"G",9175,"G",2442,"G",9175,"G",2442,"R",1900,2
179195,"A",,"R",49824,"A",,"G",55,"A",,"G",55,"A",,"A",,1
179201,"R",55931,"A",,"A",,"G",1243,"A",,"G",1243,"A",,"A",,2
179229,"A",,"R",43218,"A",,"G",48,"A",,"G",48,"A",,"A",,1
179238,"A",,"R",62800,"A",,"G",70,"A",,"R",73,"A",,"A",,1
179256,"R",7150,"A",,"A",,"G",238,"A",,"G",238,"A",,"A",,2
179265,"R",22719,"A",,"A",,"G",757,"A",,"G",757,"A",,"R",564,2
179308,"R",616582,"A",,"A",,"G",20553,"A",,"G",20553,"A",,"A",,2
179317,"A",,"A",,"R",2866,"A",,"G",119,"A",,"G",119,"R",47,-2
179326,"R",69021,"A",,"R",9513,"G",2301,"G",396,"G",2301,"G",396,"R",190,2
179344,"R",44185,"A",,"A",,"G",1473,"A",,"G",1473,"A",,"A",,2
179399,"A",,"R",40760,"A",,"G",45,"A",,"G",45,"A",,"A",,1
179450,"R",5041,"A",,"A",,"G",168,"A",,"G",168,"A",,"A",,2
179511,"R",12600,"A",,"A",,"G",420,"A",,"G",420,"A",,"A",,2
179539,"R",111361,"A",,"A",,"G",3712,"A",,"G",3712,"A",,"A",,2
179548,"R",25391,"A",,"R",5065,"G",846,"G",211,"G",846,"G",211,"A",,2
179557,"R",266868,"A",,"R",17103,"G",8896,"G",713,"G",8896,"G",713,"A",,2
179566,"R",426498,"A",,"R",55306,"G",14217,"G",2304,"G",14217,"G",2304,"R",164,2
179645,"R",96378,"A",,"A",,"G",3213,"A",,"G",3213,"A",,"A",,2
179715,"R",36220,"A",,"A",,"G",1207,"A",,"G",1207,"A",,"A",,2
179724,"A",,"R",32412,"A",,"G",36,"A",,"G",36,"A",,"A",,1
179742,"A",,"A",,"R",1550,"A",,"G",65,"A",,"G",65,"A",,-2
179812,"A",,"A",,"R",2459,"A",,"G",102,"A",,"R",69,"R",1001,-2
179867,"R",208031,"A",,"R",85570,"G",6934,"G",3565,"G",6934,"G",3565,"R",3113,2
179894,"R",92164,"A",,"R",227337,"G",3072,"G",9472,"G",3072,"G",9472,"A",,2
179919,"R",13901,"A",,"A",,"G",463,"A",,"G",463,"A",,"A",,2
179946,"R",34548,"A",,"A",,"G",1152,"A",,"G",1152,"A",,"A",,2
179955,"R",32132,"A",,"A",,"G",1071,"A",,"G",1071,"A",,"A",,2
179964,"R",25467,"A",,"R",18429,"G",849,"G",768,"G",849,"G",768,"A",,2
179991,"A",,"R",39774,"A",,"G",44,"A",,"G",44,"A",,"A",,1
180054,"R",12125,"A",,"A",,"G",404,"A",,"G",404,"A",,"A",,2
180063,"A",,"R",64235,"A",,"G",71,"A",,"R",64,"A",,"A",,1
180081,"R",16168,"A",,"A",,"G",539,"A",,"G",539,"A",,"A",,2
180090,"A",,"R",89000,"A",,"G",99,"A",,"G",99,"A",,"A",,1
180106,"R",40256,"A",,"A",,"G",1342,"A",,"G",1342,"A",,"A",,2
180151,"R",11437,"A",,"A",,"G",381,"A",,"G",381,"A",,"A",,2
180160,"R",6360,"A",,"A",,"G",212,"A",,"G",212,"A",,"A",,2
180179,"R",119652,"A",,"R",7447,"G",3988,"G",310,"G",3988,"G",310,"A",,2
180197,"R",57368,"A",,"A",,"G",1912,"A",,"G",1912,"A",,"A",,2
180203,"R",6690,"A",,"A",,"G",223,"A",,"G",223,"A",,"A",,2
180212,"R",10283,"A",,"A",,"G",343,"A",,"G",343,"A",,"A",,2
180249,"R",43566,"A",,"A",,"G",1452,"A",,"G",1452,"A",,"A",,2
180258,"R",25320,"A",,"R",1095,"G",844,"G",46,"G",844,"G",46,"A",,2
180276,"R",34748,"A",,"A",,"G",1158,"A",,"G",1158,"A",,"A",,2
180328,"R",11166,"A",,"A",,"G",372,"A",,"G",372,"A",,"A",,2
180373,"R",12293,"A",,"A",,"G",410,"A",,"G",410,"A",,"A",,2
180391,"A",,"R",46735,"A",,"G",52,"A",,"G",52,"A",,"A",,1
180416,"R",56347,"A",,"R",2370,"G",1878,"G",99,"G",1878,"G",99,"A",,2
180461,"R",339408,"A",,"R",24924,"G",11314,"G",1039,"G",11314,"G",1039,"A",,2
180489,"R",349338,"A",,"R",28701,"G",11645,"G",1196,"G",11645,"G",1196,"R",672,2
180522,"R",32402,"A",,"R",1148,"G",1080,"G",48,"G",1080,"G",48,"A",,2
180595,"R",29186,"A",,"R",4617,"G",973,"G",192,"G",973,"G",192,"A",,2
180647,"R",34777,"A",,"A",,"G",773,"A",,"G",773,"A",,"A",,2
180692,"R",43998,"A",,"A",,"G",1467,"A",,"G",1467,"A",,"A",,2
180771,"A",,"R",49460,"A",,"G",55,"A",,"G",55,"A",,"A",,1
180814,"R",167919,"A",,"R",56610,"G",5597,"G",2359,"G",5597,"G",2359,"A",,2
180832,"R",21443,"A",,"R",5240,"G",715,"G",218,"G",715,"G",218,"A",,2
180878,"R",12938,"A",,"R",1379,"G",431,"G",57,"G",431,"G",57,"A",,2
180902,"R",134585,"A",,"A",,"G",4486,"A",,"R",4555,"A",,"A",,2
180948,"R",60305,"A",,"R",9636,"G",2010,"G",402,"G",2010,"G",402,"A",,2
180957,"A",,"R",197619,"A",,"G",220,"A",,"G",220,"A",,"A",,1
180984,"R",39148,"A",,"R",6895,"G",1305,"G",287,"G",1305,"G",287,"A",,2
181002,"R",134502,"A",,"R",19384,"G",4483,"G",808,"G",4483,"G",808,"R",2572,2
181020,"R",32528,"A",,"A",,"G",1084,"A",,"G",1084,"A",,"A",,2
181093,"R",10277,"A",,"R",1403,"G",343,"G",58,"G",343,"G",58,"A",,2
181127,"R",36405,"A",,"R",1689,"G",1214,"G",70,"G",1214,"G",70,"A",,2
181136,"A",,"R",52350,"A",,"G",58,"A",,"G",58,"A",,"A",,1
181145,"R",964,"A",,"A",,"G",32,"A",,"G",32,"A",,"A",,2
181190,"A",,"R",490560,"A",,"G",545,"A",,"G",545,"A",,"A",,1
181215,"R",152463,"A",,"R",21087,"G",5082,"G",879,"G",5082,"G",879,"A",,2
181242,"R",24669,"A",,"R",529,"G",822,"G",22,"G",822,"G",22,"A",,2
181297,"R",19865,"A",,"R",2410,"G",662,"G",100,"G",662,"G",100,"A",,2
181303,"R",604956,"A",,"A",,"G",13443,"A",,"G",13443,"A",,"A",,2
181312,"R",55520,"R",61488,"A",,"G",1919,"A",,"G",1919,"A",,"A",,3
181330,"R",29202,"A",,"R",575,"G",973,"G",24,"G",973,"G",24,"A",,2
181376,"R",3130,"A",,"A",,"G",104,"A",,"G",104,"A",,"A",,2
181394,"R",316188,"A",,"R",35938,"G",10540,"G",1497,"G",10540,"G",1497,"A",,2
181400,"R",36738,"A",,"R",763,"G",1225,"G",32,"G",1225,"G",32,"A",,2
181419,"R",2738,"A",,"A",,"G",91,"A",,"G",91,"A",,"A",,2
181428,"R",28818,"A",,"R",52729,"G",961,"G",2197,"G",961,"G",2197,"R",1057,2
181446,"R",56129,"A",,"R",4048,"G",1871,"G",169,"G",1871,"G",169,"A",,2
181464,"R",536336,"A",,"R",77181,"G",17878,"G",3216,"G",17878,"G",3216,"R",383,2
181491,"R",94163,"R",129813,"A",,"G",3283,"A",,"G",3283,"A",,"A",,3
181534,"R",45265,"A",,"R",4518,"G",1509,"G",188,"G",1509,"G",188,"A",,2
181543,"R",635,"A",,"A",,"G",21,"A",,"G",21,"A",,"A",,2
181604,"R",21698,"A",,"R",5712,"G",723,"G",238,"G",723,"G",238,"A",,2
181640,"R",441845,"A",,"A",,"G",9819,"A",,"G",9819,"A",,"A",,2
181738,"R",21549,"A",,"R",2310,"G",718,"G",96,"G",718,"R",77,"A",,2
181756,"R",22274,"R",124020,"A",,"G",880,"A",,"G",880,"A",,"A",,3
181765,"R",8766,"A",,"A",,"G",292,"A",,"G",292,"A",,"A",,2
181783,"R",82324,"A",,"R",8571,"G",2744,"G",357,"G",2744,"G",357,"A",,2
181792,"R",264,"A",,"A",,"G",9,"A",,"G",9,"A",,"A",,2
181817,"R",53014,"A",,"A",,"G",1767,"A",,"G",1767,"A",,"A",,2
181853,"R",14100,"A",,"A",,"G",470,"A",,"G",470,"A",,"A",,2
181880,"A",,"R",223554,"A",,"G",248,"A",,"G",248,"A",,"A",,1
181941,"R",30648,"A",,"A",,"G",1022,"A",,"G",1022,"A",,"A",,2
182005,"R",671532,"A",,"A",,"G",22384,"A",,"G",22384,"A",,"A",,2
182111,"R",55851,"A",,"A",,"G",1241,"A",,"G",1241,"A",,"A",,2
182148,"R",38515,"A",,"A",,"G",1284,"A",,"G",1284,"A",,"A",,2
182209,"A",,"R",615228,"A",,"G",684,"A",,"R",676,"A",,"A",,1
182281,"R",551838,"A",,"R",78752,"G",18395,"G",3281,"G",18395,"G",3281,"R",2891,2
182290,"R",389713,"A",,"R",43650,"G",12990,"G",1819,"G",12990,"G",1819,"R",249,2
182306,"R",55325,"A",,"R",243,"G",1844,"G",10,"R",1836,"G",10,"A",,2
182397,"A",,"R",331749,"A",,"G",369,"A",,"G",369,"A",,"A",,1
182430,"R",12660,"A",,"R",1590,"G",422,"G",66,"G",422,"G",66,"A",,2
182458,"R",16181,"A",,"R",7699,"G",539,"G",321,"G",539,"G",321,"A",,2
182500,"R",208306,"A",,"A",,"G",6944,"A",,"G",6944,"A",,"A",,2
182564,"R",74114,"A",,"A",,"G",2470,"A",,"G",2470,"A",,"A",,2
182634,"R",38835,"A",,"A",,"G",1295,"A",,"G",1295,"A",,"A",,2
182652,"A",,"R",90325,"A",,"G",100,"A",,"G",100,"A",,"A",,1
182661,"R",19106,"A",,"R",681,"G",637,"G",28,"G",637,"G",28,"A",,2
182670,"R",190650,"A",,"R",58671,"G",4237,"G",1630,"G",4237,"G",1630,"R",374,2
182704,"A",,"R",98816,"A",,"G",110,"A",,"G",110,"A",,"A",,1
182722,"A",,"R",126239,"A",,"G",140,"A",,"G",140,"A",,"A",,1
182795,"R",46525,"A",,"R",8081,"G",1551,"G",337,"G",1551,"G",337,"R",177,2
182829,"A",,"A",,"R",597,"A",,"G",25,"A",,"G",25,"R",434,-2
182865,"R",77750,"A",,"A",,"G",2592,"A",,"G",2592,"A",,"A",,2
182892,"A",,"R",39532,"A",,"G",44,"A",,"G",44,"A",,"A",,1
182908,"R",3176,"A",,"A",,"G",106,"A",,"G",106,"A",,"A",,2
182917,"R",1986,"A",,"A",,"G",66,"A",,"R",58,"A",,"A",,2
182953,"A",,"R",307200,"A",,"G",341,"A",,"G",341,"A",,"A",,1
182980,"R",29602,"A",,"R",17779,"G",987,"G",741,"G",987,"G",741,"R",464,2
182999,"A",,"R",40155,"A",,"G",45,"A",,"G",45,"A",,"A",,1
183026,"R",222205,"A",,"R",80566,"G",7407,"G",3357,"G",7407,"G",3357,"A",,2
183035,"A",,"R",21600,"A",,"G",24,"A",,"G",24,"A",,"A",,1
183044,"R",400522,"A",,"R",40567,"G",13351,"G",1690,"G",13351,"G",1690,"A",,2
183062,"R",157078,"A",,"R",2142,"G",5236,"G",89,"G",5236,"G",89,"A",,2
183071,"R",25260,"A",,"R",6475,"G",842,"G",270,"G",842,"G",270,"A",,2
183080,"R",126255,"A",,"R",19261,"G",4209,"G",803,"G",4209,"G",803,"A",,2
183099,"R",88134,"A",,"A",,"G",2938,"A",,"G",2938,"A",,"A",,2
183105,"R",18252,"A",,"A",,"G",608,"A",,"G",608,"A",,"A",,2
183114,"R",20296,"A",,"A",,"G",677,"A",,"G",677,"A",,"A",,2
183123,"R",25147,"A",,"A",,"G",838,"A",,"G",838,"A",,"A",,2
183132,"R",51061,"A",,"A",,"G",1702,"A",,"G",1702,"A",,"A",,2
183141,"R",42400,"A",,"A",,"G",1413,"A",,"G",1413,"A",,"A",,2
183150,"R",33936,"A",,"A",,"G",1131,"A",,"G",1131,"A",,"A",,2
183202,"A",,"R",33174,"A",,"G",37,"A",,"R",49,"A",,"A",,1
183211,"R",36894,"A",,"R",12901,"G",1230,"G",538,"G",1230,"G",538,"A",,2
183239,"R",61092,"A",,"A",,"G",2036,"A",,"G",2036,"A",,"A",,2
183248,"R",3193,"A",,"A",,"G",106,"A",,"G",106,"A",,"A",,2
183257,"R",37802,"A",,"R",4981,"G",1260,"G",208,"R",1441,"R",241,"A",,2
183275,"R",2258,"A",,"A",,"G",75,"A",,"R",82,"A",,"A",,2
183488,"R",29837,"A",,"A",,"G",995,"A",,"G",995,"A",,"A",,2
183600,"R",1008,"A",,"A",,"G",34,"A",,"G",34,"A",,"A",,2
183655,"R",164561,"A",,"A",,"G",5485,"A",,"G",5485,"A",,"A",,2
183725,"R",24570,"A",,"A",,"G",819,"A",,"G",819,"A",,"A",,2
183743,"R",352976,"A",,"A",,"G",11766,"A",,"G",11766,"A",,"A",,2
183789,"R",153771,"A",,"A",,"G",3417,"A",,"G",3417,"A",,"A",,2
183804,"R",78592,"A",,"R",97983,"G",2620,"G",4083,"G",2620,"G",4083,"A",,2
183822,"R",59595,"A",,"R",136,"G",1987,"G",6,"G",1987,"G",6,"A",,2
183859,"R",336999,"A",,"A",,"G",11233,"A",,"G",11233,"A",,"A",,2
183877,"R",249812,"A",,"A",,"G",8327,"A",,"G",8327,"A",,"A",,2
183910,"R",42366,"A",,"R",8630,"G",1412,"G",360,"G",1412,"G",360,"A",,2
183938,"R",307438,"A",,"A",,"G",10248,"A",,"G",10248,"A",,"A",,2
183974,"R",58972,"A",,"R",11473,"G",1966,"G",478,"G",1966,"G",478,"A",,2
183983,"A",,"R",93100,"A",,"G",103,"A",,"G",103,"A",,"A",,1
184047,"R",13170,"A",,"A",,"G",439,"A",,"G",439,"A",,"A",,2
184056,"A",,"R",759642,"A",,"G",844,"A",,"G",844,"A",,"A",,1
184092,"R",18722,"R",25900,"A",,"G",653,"A",,"G",653,"A",,"A",,3
184135,"R",46943,"A",,"A",,"G",1043,"A",,"G",1043,"A",,"A",,2
184144,"A",,"R",125046,"A",,"G",139,"A",,"G",139,"A",,"A",,1
184153,"A",,"R",69640,"R",168,"G",77,"G",7,"R",53,"R",6,"A",,1
184180,"R",191582,"A",,"A",,"G",6386,"A",,"G",6386,"A",,"A",,2
184205,"R",90966,"A",,"A",,"G",3032,"A",,"G",3032,"A",,"A",,2
184269,"R",58128,"A",,"A",,"G",1938,"A",,"R",1615,"A",,"A",,2
184278,"A",,"R",169200,"A",,"G",188,"A",,"G",188,"A",,"A",,1
184320,"A",,"R",980000,"A",,"G",1089,"A",,"G",1089,"A",,"A",,1
184348,"R",56647,"A",,"R",11224,"G",1888,"G",468,"G",1888,"G",468,"R",43,2
184357,"R",995,"A",,"A",,"G",33,"A",,"G",33,"A",,"A",,2
184427,"A",,"R",257644,"A",,"G",286,"A",,"G",286,"A",,"A",,1
184481,"R",299789,"A",,"A",,"G",9993,"A",,"G",9993,"A",,"A",,2
184506,"A",,"R",108153,"A",,"G",120,"A",,"G",120,"A",,"A",,1
184603,"R",115718,"A",,"R",37746,"G",3857,"G",1573,"G",3857,"G",1573,"R",62,2
184612,"R",50404,"A",,"R",4751,"G",1680,"G",198,"G",1680,"G",198,"R",0,2
184694,"R",69761,"A",,"R",10068,"G",2325,"G",420,"G",2325,"G",420,"Z",0,2
184746,"R",7595,"A",,"A",,"G",253,"A",,"G",253,"A",,"A",,2
184773,"R",45061,"A",,"R",12763,"G",1502,"G",532,"G",1502,"G",532,"A",,2
184782,"R",280268,"A",,"R",21297,"G",9342,"G",887,"G",9342,"G",887,"R",0,2
184791,"R",160451,"A",,"A",,"G",5348,"A",,"G",5348,"A",,"A",,2
184816,"A",,"R",171734,"A",,"G",191,"A",,"G",191,"A",,"A",,1
184870,"R",9350,"A",,"A",,"G",312,"A",,"G",312,"A",,"A",,2
184959,"R",47316,"A",,"A",,"G",1051,"A",,"G",1051,"A",,"A",,2
184968,"R",4728,"A",,"A",,"G",158,"A",,"G",158,"A",,"A",,2
184995,"R",213352,"A",,"A",,"G",7112,"A",,"G",7112,"A",,"A",,2
185129,"R",174136,"A",,"R",24373,"G",5805,"G",1016,"G",5805,"G",1016,"A",,2
185174,"A",,"R",77625,"A",,"G",86,"A",,"G",86,"A",,"A",,1
185262,"R",353410,"A",,"R",41882,"G",11780,"G",1745,"G",11780,"G",1745,"A",,2
185332,"R",11788,"A",,"A",,"G",393,"A",,"G",393,"A",,"A",,2
185396,"A",,"R",1110011,"A",,"G",1233,"A",,"G",1233,"A",,"A",,1
185466,"A",,"R",266686,"A",,"G",296,"A",,"G",296,"A",,"A",,1
185509,"R",204793,"A",,"A",,"G",6826,"A",,"G",6826,"A",,"A",,2
185536,"R",291157,"A",,"A",,"G",9705,"A",,"G",9705,"A",,"A",,2
185572,"R",142970,"A",,"R",30816,"G",4766,"G",1284,"G",4766,"G",1284,"R",16,2
185590,"R",420189,"A",,"R",57061,"G",14006,"G",2378,"G",14006,"G",2378,"R",49,2
185624,"R",945,"A",,"A",,"G",32,"A",,"R",27,"A",,"A",,2
185651,"R",1680,"A",,"A",,"G",56,"A",,"G",56,"A",,"A",,2
185679,"R",6636,"A",,"A",,"G",221,"A",,"G",221,"A",,"A",,2
185721,"R",24133,"A",,"A",,"G",804,"A",,"G",804,"A",,"A",,2
185730,"A",,"R",100016,"A",,"G",111,"A",,"G",111,"A",,"A",,1
185758,"A",,"A",,"R",3174,"A",,"G",132,"A",,"G",132,"A",,-2
185767,"A",,"R",171955,"A",,"G",191,"A",,"G",191,"A",,"A",,1
185828,"R",183044,"A",,"R",44553,"G",6101,"G",1856,"R",7627,"R",2475,"A",,2
185873,"R",234843,"A",,"A",,"G",7828,"A",,"G",7828,"A",,"A",,2
185916,"A",,"R",178753,"A",,"G",199,"A",,"G",199,"A",,"A",,1
185970,"A",,"R",207106,"A",,"G",230,"A",,"G",230,"A",,"A",,1
186016,"A",,"R",281312,"A",,"G",313,"A",,"G",313,"A",,"A",,1
186034,"R",190244,"A",,"A",,"G",6341,"A",,"G",6341,"A",,"A",,2
186052,"A",,"R",733744,"A",,"G",815,"A",,"G",815,"A",,"A",,1
186122,"A",,"A",,"R",12315,"A",,"G",513,"A",,"G",513,"A",,-2
186131,"R",161772,"A",,"R",32908,"G",5392,"G",1371,"R",5240,"R",2839,"A",,2
186186,"R",8370,"A",,"A",,"G",279,"A",,"G",279,"A",,"A",,2
186201,"R",176285,"A",,"R",3032,"G",5876,"G",126,"G",5876,"G",126,"A",,2
186274,"A",,"R",159990,"A",,"G",178,"A",,"G",178,"A",,"A",,1
186283,"R",131705,"A",,"R",16066,"G",4390,"G",669,"G",4390,"G",669,"A",,2
186335,"A",,"R",69747,"A",,"G",77,"A",,"G",77,"A",,"A",,1
186371,"R",128874,"A",,"R",14689,"G",4296,"G",612,"G",4296,"G",612,"R",611,2
186380,"R",980291,"A",,"R",149910,"G",32676,"G",6246,"G",32676,"G",6246,"R",400,2
186399,"R",213248,"A",,"R",62196,"G",7108,"G",2592,"G",7108,"G",2592,"R",651,2
186405,"A",,"R",20978,"A",,"G",23,"A",,"R",15,"A",,"A",,1
186423,"R",2150,"A",,"A",,"G",72,"A",,"G",72,"A",,"A",,2
186432,"R",67331,"A",,"R",10333,"G",2244,"G",431,"G",2244,"G",431,"R",38,2
186469,"R",31903,"A",,"A",,"G",1063,"A",,"G",1063,"A",,"A",,2
186584,"R",149216,"A",,"R",57920,"G",4974,"G",2413,"G",4974,"G",2413,"R",1231,2
186593,"A",,"R",160500,"A",,"G",178,"A",,"G",178,"A",,"A",,1
186618,"R",23623,"A",,"R",9176,"G",787,"G",382,"G",787,"G",382,"A",,2
186645,"R",187695,"A",,"A",,"G",6257,"A",,"G",6257,"A",,"A",,2
186867,"R",79841,"A",,"R",46571,"G",2661,"G",1940,"G",2661,"G",1940,"A",,2
186876,"R",229585,"A",,"R",10510,"G",7653,"G",438,"G",7653,"G",438,"R",89,2
186900,"R",2496,"A",,"A",,"G",83,"A",,"G",83,"A",,"A",,2
187000,"A",,"R",220300,"A",,"G",245,"A",,"G",245,"A",,"A",,1
187046,"R",125568,"A",,"R",10875,"G",4186,"G",453,"G",4186,"G",453,"A",,2
187134,"R",212155,"A",,"R",13043,"G",7072,"G",543,"G",7072,"G",543,"A",,2
187161,"R",41805,"A",,"A",,"G",1394,"A",,"G",1394,"A",,"A",,2
187198,"R",272861,"A",,"A",,"G",9095,"A",,"G",9095,"A",,"A",,2
187222,"R",31081,"A",,"R",54767,"G",1036,"G",2282,"G",1036,"G",2282,"R",2457,2
187444,"R",278147,"A",,"R",19324,"G",9272,"G",805,"G",9272,"G",805,"R",7,2
187505,"A",,"R",1896716,"A",,"G",2107,"A",,"G",2107,"A",,"A",,1
187532,"R",604657,"A",,"A",,"G",20155,"A",,"G",20155,"A",,"A",,2
187596,"R",16619,"A",,"A",,"G",554,"A",,"G",554,"A",,"A",,2
187602,"A",,"R",163080,"A",,"G",181,"A",,"G",181,"A",,"A",,1
187620,"R",181677,"A",,"A",,"G",6056,"A",,"G",6056,"A",,"A",,2
187639,"R",52927,"A",,"A",,"G",1764,"A",,"G",1764,"A",,"A",,2
187648,"R",108593,"A",,"R",13131,"G",3620,"G",547,"G",3620,"G",547,"A",,2
187666,"R",76751,"A",,"A",,"G",2558,"A",,"G",2558,"A",,"A",,2
187745,"R",7842,"A",,"A",,"G",261,"A",,"G",261,"A",,"A",,2
187897,"R",56335,"A",,"R",25444,"G",1878,"G",1060,"G",1878,"G",1060,"A",,2
187903,"R",61991,"A",,"A",,"G",2066,"A",,"G",2066,"A",,"A",,2
187912,"R",15942,"A",,"A",,"G",531,"A",,"G",531,"A",,"A",,2
187958,"R",58845,"A",,"A",,"G",1962,"A",,"G",1962,"A",,"A",,2
187967,"R",38020,"A",,"R",7929,"G",1267,"G",330,"G",1267,"G",330,"A",,2
187976,"R",11881,"A",,"A",,"G",396,"A",,"G",396,"A",,"A",,2
187985,"R",575020,"A",,"R",91095,"G",19167,"G",3796,"G",19167,"G",3796,"R",1559,2
187994,"R",58264,"A",,"A",,"G",1942,"A",,"G",1942,"A",,"A",,2
188003,"R",28149,"A",,"A",,"G",938,"A",,"G",938,"A",,"A",,2
188021,"R",21404,"A",,"A",,"G",713,"A",,"G",713,"A",,"A",,2
188030,"R",373525,"A",,"R",53935,"G",12451,"G",2247,"G",12451,"G",2247,"A",,2
188049,"R",48854,"A",,"A",,"G",1628,"A",,"G",1628,"A",,"A",,2
188058,"R",40065,"A",,"R",300,"G",1336,"G",13,"G",1336,"G",13,"A",,2
188100,"R",154048,"A",,"A",,"G",5135,"A",,"G",5135,"A",,"A",,2
188137,"R",92140,"A",,"A",,"G",3071,"A",,"G",3071,"A",,"A",,2
188146,"R",15238,"A",,"R",54,"G",508,"G",2,"G",508,"G",2,"A",,2
188182,"R",8070,"A",,"R",5089,"G",269,"G",212,"G",269,"G",212,"A",,2
188207,"A",,"A",,"R",5416,"A",,"G",150,"A",,"G",150,"A",,-2
188216,"R",16116,"A",,"A",,"G",537,"A",,"G",537,"A",,"A",,2
188225,"R",29211,"A",,"A",,"G",974,"A",,"G",974,"A",,"A",,2
188261,"R",19965,"A",,"A",,"G",666,"A",,"G",666,"A",,"A",,2
188289,"A",,"R",61341,"A",,"G",68,"A",,"G",68,"A",,"A",,1
188304,"R",56500,"A",,"R",9626,"G",1883,"G",401,"G",1883,"G",401,"A",,2
188340,"R",49258,"A",,"R",221,"G",1642,"G",9,"G",1642,"G",9,"A",,2
188429,"R",141851,"A",,"R",63670,"G",4728,"G",2653,"G",4728,"G",2653,"R",61,2
188438,"R",85367,"A",,"A",,"G",2846,"A",,"G",2846,"A",,"A",,2
188465,"R",16465,"R",246975,"A",,"G",823,"A",,"G",823,"A",,"A",,3
188517,"R",23250,"A",,"A",,"G",775,"A",,"G",775,"A",,"A",,2
188526,"R",32609,"A",,"R",10066,"G",1087,"G",419,"R",1069,"R",342,"R",212,2
188535,"A",,"A",,"R",98,"A",,"G",4,"A",,"G",4,"R",677,-2
188580,"A",,"A",,"R",5157,"A",,"G",215,"A",,"G",215,"R",571,-2
188641,"R",58543,"A",,"R",10227,"G",1951,"G",426,"G",1951,"G",426,"A",,2
188650,"A",,"R",1000500,"A",,"G",1112,"A",,"G",1112,"A",,"A",,1
188669,"R",2835,"A",,"A",,"G",95,"A",,"G",95,"A",,"A",,2
188678,"R",7740,"A",,"A",,"G",258,"A",,"G",258,"A",,"A",,2
188687,"R",10261,"A",,"A",,"G",342,"A",,"G",342,"A",,"A",,2
188696,"A",,"R",102578,"A",,"G",114,"A",,"G",114,"A",,"A",,1
188854,"A",,"R",1363500,"A",,"G",1515,"A",,"G",1515,"A",,"A",,1
188890,"A",,"R",1442254,"A",,"G",1603,"A",,"G",1603,"A",,"A",,1
188915,"R",1872,"A",,"A",,"G",62,"A",,"G",62,"A",,"A",,2
188942,"R",3114,"A",,"A",,"G",104,"A",,"G",104,"A",,"A",,2
188988,"A",,"R",251685,"A",,"G",280,"A",,"G",280,"A",,"A",,1
189015,"A",,"A",,"R",16583,"A",,"G",691,"A",,"G",691,"A",,-2
189088,"R",83311,"A",,"R",7403,"G",2777,"G",308,"G",2777,"G",308,"A",,2
189097,"R",70029,"A",,"A",,"G",2334,"A",,"G",2334,"A",,"A",,2
189219,"A",,"R",136800,"A",,"G",152,"A",,"G",152,"A",,"A",,1
189228,"R",259958,"A",,"A",,"G",5777,"A",,"G",5777,"A",,"A",,2
189264,"R",1584,"A",,"A",,"G",53,"A",,"G",53,"A",,"A",,2
189273,"R",1680,"A",,"R",180,"G",56,"G",8,"G",56,"G",8,"A",,2
189282,"R",5374,"A",,"A",,"G",179,"A",,"G",179,"A",,"A",,2
189404,"A",,"R",134378,"A",,"G",149,"A",,"G",149,"A",,"A",,1
189413,"R",38790,"A",,"R",1602,"G",1293,"G",67,"G",1293,"G",67,"A",,2
189422,"R",32684,"A",,"A",,"G",1089,"A",,"G",1089,"A",,"A",,2
189459,"R",64241,"A",,"A",,"G",2141,"A",,"G",2141,"A",,"A",,2
189468,"A",,"R",153681,"A",,"G",171,"A",,"G",171,"A",,"A",,1
189477,"A",,"R",163273,"A",,"G",181,"A",,"G",181,"A",,"A",,1
189501,"A",,"A",,"A",,"A",,"A",,"A",,"A",,"R",1318,-2
189547,"R",153073,"A",,"A",,"G",5102,"A",,"G",5102,"A",,"A",,2
189556,"R",14190,"A",,"A",,"G",473,"A",,"G",473,"A",,"A",,2
189565,"R",15949,"A",,"A",,"G",532,"A",,"G",532,"A",,"A",,2
189574,"R",24443,"A",,"A",,"G",815,"A",,"G",815,"A",,"A",,2
189583,"R",25787,"A",,"A",,"G",860,"A",,"G",860,"A",,"A",,2
189592,"R",12655,"A",,"A",,"G",422,"A",,"G",422,"A",,"A",,2
189653,"R",3363,"A",,"A",,"G",75,"A",,"G",75,"A",,"A",,2
189705,"R",94332,"A",,"R",34703,"G",3144,"G",1446,"G",3144,"G",1446,"A",,2
189714,"A",,"R",258387,"A",,"G",287,"A",,"G",287,"A",,"A",,1
189811,"R",18990,"A",,"A",,"G",633,"A",,"G",633,"A",,"A",,2
189839,"R",100561,"A",,"A",,"G",3352,"A",,"G",3352,"A",,"A",,2
189848,"R",35307,"A",,"A",,"G",1177,"A",,"G",1177,"A",,"A",,2
189857,"R",18448,"A",,"R",3490,"G",615,"G",145,"G",615,"G",145,"A",,2
189954,"A",,"R",47400,"A",,"G",53,"A",,"G",53,"A",,"A",,1
189981,"A",,"A",,"R",724,"A",,"G",30,"A",,"G",30,"A",,-2
190008,"A",,"R",86580,"A",,"G",96,"A",,"G",96,"A",,"A",,1
190044,"R",90921,"A",,"R",9308,"G",3031,"G",388,"G",3031,"G",388,"R",60,2
190053,"R",46954,"A",,"A",,"G",1565,"A",,"G",1565,"A",,"A",,2
190071,"R",2581,"A",,"A",,"G",86,"A",,"R",61,"A",,"A",,2
190080,"A",,"A",,"R",1494,"A",,"G",62,"A",,"R",66,"A",,-2
190099,"R",93847,"A",,"R",397,"G",3128,"G",17,"R",2914,"R",14,"A",,2
190114,"R",32923,"A",,"R",13346,"G",1097,"G",556,"G",1097,"G",556,"A",,2
190150,"R",244890,"A",,"R",358705,"G",8163,"G",14946,"G",8163,"G",14946,"R",2505,2
190169,"R",41074,"A",,"A",,"G",1369,"A",,"G",1369,"A",,"A",,2
190239,"A",,"R",216028,"A",,"G",240,"A",,"G",240,"A",,"A",,1
190248,"R",23015,"A",,"R",474,"G",767,"G",20,"G",767,"G",20,"A",,2
190293,"A",,"R",117770,"A",,"G",131,"A",,"G",131,"A",,"A",,1
190309,"A",,"R",44506,"A",,"G",49,"A",,"G",49,"A",,"A",,1
190318,"A",,"R",333425,"A",,"G",370,"A",,"G",370,"A",,"A",,1
190372,"R",30134,"A",,"R",1291,"G",1004,"G",54,"R",947,"R",59,"A",,2
190415,"R",446619,"A",,"R",131118,"G",14887,"G",5463,"G",14887,"G",5463,"R",986,2
190424,"A",,"A",,"R",13733,"A",,"G",572,"A",,"R",622,"R",438,-2
190442,"R",98512,"A",,"A",,"G",3284,"A",,"G",3284,"A",,"A",,2
190451,"R",5870,"A",,"A",,"G",196,"A",,"G",196,"A",,"A",,2
190503,"R",111755,"A",,"A",,"G",3725,"A",,"G",3725,"A",,"A",,2
190512,"R",382933,"A",,"R",67879,"G",12764,"G",2828,"G",12764,"G",2828,"A",,2
190521,"R",575980,"A",,"A",,"G",19199,"A",,"G",19199,"A",,"A",,2
190530,"R",261696,"A",,"A",,"G",8723,"A",,"G",8723,"A",,"A",,2
190549,"R",337232,"A",,"R",56602,"G",11241,"G",2358,"G",11241,"G",2358,"A",,2
190558,"R",325536,"A",,"R",15236,"G",10851,"G",635,"G",10851,"G",635,"A",,2
190567,"R",315553,"A",,"R",46744,"G",10518,"G",1948,"G",10518,"G",1948,"A",,2
190576,"R",20129,"A",,"R",52798,"G",671,"G",2200,"G",671,"G",2200,"R",213,2
190585,"R",153273,"A",,"A",,"G",5109,"A",,"G",5109,"A",,"A",,2
190594,"R",408772,"A",,"R",111016,"G",13626,"G",4626,"G",13626,"G",4626,"R",7,2
190600,"R",320930,"A",,"R",29802,"G",10698,"G",1242,"G",10698,"G",1242,"A",,2
190619,"R",396574,"A",,"A",,"G",13219,"A",,"G",13219,"A",,"A",,2
190628,"R",411852,"A",,"A",,"G",13728,"A",,"G",13728,"A",,"A",,2
190637,"R",232470,"A",,"R",37844,"G",7749,"G",1577,"G",7749,"G",1577,"A",,2
190646,"R",170502,"A",,"A",,"G",5683,"A",,"G",5683,"A",,"A",,2
190655,"R",365829,"A",,"A",,"G",12194,"A",,"G",12194,"A",,"A",,2
190664,"R",409293,"A",,"R",59326,"G",13643,"G",2472,"G",13643,"G",2472,"A",,2
190673,"R",369051,"A",,"A",,"G",12302,"A",,"G",12302,"A",,"A",,2
190682,"A",,"A",,"A",,"A",,"A",,"A",,"A",,"R",501,-2
190691,"R",184768,"A",,"R",671,"G",6159,"G",28,"G",6159,"G",28,"A",,2
190707,"A",,"R",41688,"A",,"G",46,"A",,"G",46,"A",,"A",,1
190716,"R",56132,"A",,"R",12474,"G",1871,"G",520,"G",1871,"G",520,"R",926,2
190725,"R",55060,"A",,"R",14081,"G",1835,"G",587,"G",1835,"G",587,"R",173,2
190734,"R",270,"A",,"R",240,"G",9,"G",10,"G",9,"G",10,"A",,2
190761,"R",46839,"A",,"R",5846,"G",1561,"G",244,"G",1561,"G",244,"R",120,2
190770,"R",63777,"A",,"R",23827,"G",2126,"G",993,"G",2126,"G",993,"A",,2
190840,"R",197125,"A",,"A",,"G",6571,"A",,"G",6571,"A",,"A",,2
190956,"R",2709,"A",,"A",,"G",90,"A",,"G",90,"A",,"A",,2
190974,"R",9725,"A",,"A",,"G",324,"A",,"G",324,"A",,"A",,2
190983,"R",41850,"A",,"R",2332,"G",1395,"G",97,"G",1395,"G",97,"A",,2
191083,"R",377778,"A",,"A",,"G",12593,"A",,"G",12593,"A",,"A",,2
191126,"R",268282,"A",,"R",5484,"G",8943,"G",229,"G",8943,"G",229,"A",,2
191199,"R",146189,"A",,"A",,"G",4873,"A",,"G",4873,"A",,"A",,2
191205,"R",28042,"A",,"R",1138,"G",935,"G",47,"G",935,"G",47,"A",,2
191241,"R",260901,"A",,"R",110117,"G",8697,"G",4588,"R",8463,"R",4861,"R",1474,2
191287,"A",,"R",448340,"A",,"G",498,"A",,"G",498,"A",,"A",,1
191302,"R",63994,"A",,"A",,"G",2133,"A",,"G",2133,"A",,"A",,2
191311,"A",,"R",191100,"A",,"G",212,"A",,"G",212,"A",,"A",,1
191320,"A",,"A",,"R",3038,"A",,"G",127,"A",,"G",127,"A",,-2
191339,"R",135419,"A",,"A",,"G",4514,"A",,"G",4514,"A",,"A",,2
191384,"R",8970,"A",,"A",,"G",299,"A",,"G",299,"A",,"A",,2
191393,"R",22620,"A",,"A",,"G",754,"A",,"G",754,"A",,"A",,2
191515,"R",54930,"A",,"A",,"G",1831,"A",,"G",1831,"A",,"A",,2
191533,"R",46954,"A",,"A",,"G",1565,"A",,"G",1565,"A",,"A",,2
191597,"R",15338,"A",,"A",,"G",341,"A",,"G",341,"A",,"A",,2
191612,"R",89955,"A",,"A",,"G",2999,"A",,"G",2999,"A",,"A",,2
191621,"R",30174,"A",,"R",513,"G",1006,"G",21,"G",1006,"G",21,"A",,2
191630,"R",71956,"A",,"R",288,"G",2399,"G",12,"R",2198,"R",8,"A",,2
191649,"R",226410,"A",,"R",54256,"G",7547,"G",2261,"R",7262,"R",2713,"R",1212,2
191676,"R",38294,"A",,"R",299,"G",1276,"G",12,"G",1276,"G",12,"A",,2
191719,"R",299599,"A",,"A",,"G",9987,"A",,"G",9987,"A",,"A",,2
191728,"A",,"R",774490,"A",,"G",861,"A",,"R",905,"A",,"A",,1
191764,"R",2514,"A",,"A",,"G",84,"A",,"G",84,"A",,"A",,2
191834,"A",,"R",467738,"A",,"G",520,"A",,"G",520,"A",,"A",,1
191931,"R",99091,"A",,"R",19400,"G",3303,"G",808,"G",3303,"G",808,"A",,2
191940,"A",,"R",73200,"A",,"G",81,"A",,"G",81,"A",,"A",,1
191959,"R",3453,"A",,"A",,"G",115,"A",,"G",115,"A",,"A",,2
191968,"R",187272,"A",,"R",12533,"G",6242,"G",522,"G",6242,"G",522,"R",211,2
191986,"R",109744,"A",,"A",,"G",3658,"A",,"G",3658,"A",,"A",,2
192004,"R",14916,"A",,"A",,"G",331,"A",,"G",331,"A",,"A",,2
192022,"R",86027,"A",,"A",,"G",2868,"A",,"G",2868,"A",,"A",,2
192040,"R",5697,"A",,"R",6902,"G",190,"G",288,"G",190,"G",288,"A",,2
192110,"R",20099,"A",,"R",9338,"G",670,"G",389,"G",670,"G",389,"A",,2
192156,"R",24644,"A",,"A",,"G",548,"A",,"G",548,"A",,"A",,2
192165,"R",3300,"A",,"A",,"G",110,"A",,"G",110,"A",,"A",,2
192192,"R",32671,"R",4980,"R",4870,"G",1095,"G",203,"G",1095,"G",203,"A",,3
192271,"R",46761,"A",,"R",2322,"G",1559,"G",97,"G",1559,"G",97,"A",,2
192323,"R",79024,"A",,"R",11291,"G",2634,"G",470,"G",2634,"G",470,"A",,2
192439,"R",128382,"A",,"R",55669,"G",4279,"G",2320,"G",4279,"G",2320,"R",847,2
192448,"R",153276,"A",,"R",44885,"G",5109,"G",1870,"G",5109,"G",1870,"A",,2
192484,"A",,"R",139746,"A",,"G",155,"A",,"G",155,"A",,"A",,1
192509,"A",,"R",1061820,"A",,"G",1180,"A",,"G",1180,"A",,"A",,1
192554,"A",,"A",,"R",5320,"A",,"G",222,"A",,"G",222,"A",,-2
192563,"R",767,"A",,"R",7601,"G",26,"G",317,"G",26,"G",317,"A",,2
192624,"R",4512,"A",,"A",,"G",150,"A",,"G",150,"A",,"A",,2
192688,"R",40775,"A",,"A",,"G",1359,"A",,"G",1359,"A",,"A",,2
192703,"R",95021,"A",,"R",5846,"G",3167,"G",244,"G",3167,"G",244,"A",,2
192712,"R",12960,"A",,"R",16710,"G",432,"G",696,"R",400,"R",545,"A",,2
192749,"R",49664,"A",,"R",17551,"G",1655,"G",731,"G",1655,"G",731,"A",,2
192785,"R",17664,"A",,"A",,"G",589,"A",,"G",589,"A",,"A",,2
192800,"A",,"R",53886,"A",,"G",60,"A",,"G",60,"A",,"A",,1
192819,"R",147056,"A",,"R",13806,"G",4902,"G",575,"G",4902,"G",575,"A",,2
192828,"A",,"R",34331,"A",,"G",38,"A",,"G",38,"A",,"A",,1
192864,"R",51462,"A",,"A",,"G",1715,"A",,"G",1715,"A",,"A",,2
192925,"R",49135,"A",,"R",21715,"G",1638,"G",905,"G",1638,"G",905,"A",,2
192961,"R",1879,"A",,"A",,"G",63,"A",,"G",63,"A",,"A",,2
192970,"A",,"R",18431,"A",,"G",20,"A",,"G",20,"A",,"A",,1
193016,"R",187912,"A",,"R",66447,"G",6264,"G",2769,"G",6264,"G",2769,"R",90,2
193052,"R",3594,"A",,"R",2340,"G",120,"G",98,"G",120,"G",98,"A",,2
193061,"R",1452,"A",,"R",180,"G",48,"G",8,"G",48,"G",8,"A",,2
193070,"R",1638,"A",,"R",676,"G",55,"G",28,"G",55,"G",28,"A",,2
193122,"A",,"R",129276,"A",,"G",144,"A",,"G",144,"A",,"A",,1
193186,"A",,"R",74748,"A",,"G",83,"A",,"G",83,"A",,"A",,1
193201,"R",24479,"A",,"A",,"G",816,"A",,"G",816,"A",,"A",,2
193247,"R",5213,"A",,"R",1632,"G",174,"G",68,"R",218,"R",71,"A",,2
193265,"A",,"R",103500,"A",,"G",115,"A",,"G",115,"A",,"A",,1
193283,"R",175989,"A",,"A",,"G",5866,"A",,"G",5866,"A",,"A",,2
193292,"R",99253,"A",,"R",13402,"G",3308,"G",558,"G",3308,"G",558,"A",,2
193308,"R",288817,"A",,"R",12961,"G",9627,"G",540,"G",9627,"G",540,"A",,2
193326,"R",435311,"A",,"A",,"G",14510,"A",,"G",14510,"A",,"A",,2
193353,"R",60257,"A",,"R",6332,"G",2009,"G",264,"G",2009,"G",264,"A",,2
193380,"R",2314,"A",,"A",,"G",77,"A",,"G",77,"A",,"A",,2
193399,"R",46070,"A",,"R",4228,"G",1536,"G",176,"G",1536,"G",176,"A",,2
193405,"A",,"A",,"R",8195,"A",,"G",341,"A",,"G",341,"R",606,-2
193478,"R",566775,"A",,"A",,"G",18893,"A",,"G",18893,"A",,"A",,2
193584,"R",61433,"A",,"R",17021,"G",2048,"G",709,"G",2048,"G",709,"R",92,2
193609,"A",,"R",54900,"A",,"G",61,"A",,"G",61,"A",,"A",,1
193645,"R",103334,"A",,"R",13804,"G",3444,"G",575,"G",3444,"G",575,"A",,2
193654,"R",199743,"A",,"R",63036,"G",6658,"G",2627,"G",6658,"G",2627,"A",,2
193672,"A",,"R",70560,"A",,"G",78,"A",,"G",78,"A",,"A",,1
193751,"A",,"A",,"R",5138,"A",,"G",214,"A",,"G",214,"R",875,-2
193760,"A",,"R",753560,"A",,"G",837,"A",,"G",837,"A",,"A",,1
193788,"A",,"R",1209600,"A",,"G",1344,"A",,"G",1344,"A",,"A",,1
193821,"A",,"A",,"R",1520,"A",,"G",63,"A",,"R",95,"R",1367,-2
193830,"A",,"A",,"R",9350,"A",,"G",390,"A",,"G",390,"R",881,-2
193858,"A",,"R",250210,"A",,"G",278,"A",,"G",278,"A",,"A",,1
193894,"A",,"A",,"R",4934,"A",,"G",206,"A",,"G",206,"R",7,-2
193900,"R",732064,"A",,"R",392946,"G",24402,"G",16373,"G",24402,"G",16373,"R",3503,2
193946,"R",149774,"A",,"A",,"G",4992,"A",,"G",4992,"A",,"A",,2
193973,"R",91534,"A",,"R",17642,"G",3051,"G",735,"G",3051,"G",735,"A",,2
193991,"A",,"R",73621,"A",,"G",82,"A",,"G",82,"A",,"A",,1
194028,"R",39954,"A",,"A",,"G",1332,"A",,"G",1332,"A",,"A",,2
194073,"A",,"A",,"A",,"A",,"A",,"A",,"A",,"R",387,-2
194091,"R",127199,"A",,"R",75401,"G",4240,"G",3142,"G",4240,"G",3142,"R",1186,2
194116,"R",9085,"A",,"R",4274,"G",303,"G",178,"R",344,"R",142,"A",,2
194161,"R",54162,"A",,"R",21581,"G",1805,"G",899,"G",1805,"G",899,"R",17,2
194189,"R",3912,"A",,"A",,"G",130,"A",,"G",130,"A",,"A",,2
194204,"R",1881,"A",,"A",,"G",63,"A",,"G",63,"A",,"A",,2
194222,"R",256589,"A",,"A",,"G",8553,"A",,"G",8553,"A",,"A",,2
194240,"R",143309,"A",,"A",,"G",4777,"A",,"G",4777,"A",,"A",,2
194259,"A",,"R",57792,"A",,"G",64,"A",,"G",64,"A",,"A",,1
194310,"R",235908,"A",,"R",63319,"G",7864,"G",2638,"G",7864,"G",2638,"R",1100,2
194392,"R",31930,"A",,"A",,"G",1064,"A",,"G",1064,"A",,"A",,2
194435,"A",,"R",124637,"A",,"G",138,"A",,"G",138,"A",,"A",,1
194499,"R",32940,"A",,"A",,"G",1098,"A",,"G",1098,"A",,"A",,2
194541,"R",59611,"A",,"R",35296,"G",1987,"G",1471,"G",1987,"G",1471,"A",,2
194569,"R",6833,"A",,"A",,"G",228,"A",,"G",228,"A",,"A",,2
194578,"R",100579,"A",,"R",33983,"G",3353,"G",1416,"G",3353,"G",1416,"A",,2
194611,"R",27568,"R",21083,"A",,"G",942,"A",,"G",942,"A",,"A",,3
194657,"R",4215,"A",,"R",3360,"G",141,"G",140,"G",141,"G",140,"A",,2
194666,"R",7920,"A",,"R",1500,"G",264,"G",63,"G",264,"R",50,"A",,2
194675,"R",900,"A",,"R",192,"G",30,"G",8,"G",30,"G",8,"A",,2
194693,"R",1500,"A",,"A",,"G",50,"A",,"G",50,"A",,"A",,2
194718,"R",1014,"A",,"R",30,"G",34,"G",1,"G",34,"G",1,"A",,2
194736,"R",3912,"A",,"A",,"G",130,"A",,"G",130,"A",,"A",,2
194763,"R",9474,"A",,"R",6731,"G",316,"G",280,"G",316,"G",280,"A",,2
194824,"R",168670,"A",,"R",27970,"G",5622,"G",1165,"G",5622,"G",1165,"A",,2
194879,"A",,"R",162564,"A",,"G",181,"A",,"G",181,"A",,"A",,1
194958,"R",38687,"A",,"R",9909,"G",1290,"G",413,"G",1290,"G",413,"A",,2
194967,"R",28719,"A",,"A",,"G",957,"A",,"G",957,"A",,"A",,2
195003,"R",552579,"A",,"R",62787,"G",12280,"G",1744,"G",12280,"G",1744,"A",,2
195030,"R",193194,"R",19108,"R",83363,"G",6461,"G",3473,"G",6461,"G",3473,"R",434,3
195049,"A",,"A",,"R",1242,"A",,"G",52,"A",,"G",52,"A",,-2
195058,"R",205047,"A",,"A",,"G",6835,"A",,"G",6835,"A",,"A",,2
195067,"A",,"R",781282,"A",,"G",868,"A",,"G",868,"A",,"A",,1
195128,"R",44398,"A",,"R",18634,"G",1480,"G",776,"G",1480,"G",776,"R",405,2
195155,"A",,"A",,"R",1179,"A",,"G",49,"A",,"G",49,"A",,-2
195164,"R",56725,"A",,"R",10283,"G",1891,"G",428,"G",1891,"G",428,"A",,2
195173,"R",72186,"A",,"R",659,"G",2406,"G",27,"G",2406,"G",27,"A",,2
195191,"R",6573,"A",,"A",,"G",219,"A",,"G",219,"A",,"A",,2
195216,"R",71972,"A",,"R",1586,"G",2399,"G",66,"R",2346,"R",48,"A",,2
195234,"R",85923,"A",,"R",33988,"G",2864,"G",1416,"G",2864,"G",1416,"A",,2
195243,"R",40512,"A",,"R",3124,"G",1350,"G",130,"G",1350,"G",130,"A",,2
195289,"R",2686,"A",,"A",,"G",90,"A",,"G",90,"A",,"A",,2
195304,"R",39885,"A",,"R",8107,"G",1330,"G",338,"G",1330,"G",338,"A",,2
195322,"R",112738,"A",,"A",,"G",3758,"A",,"G",3758,"A",,"A",,2
195438,"R",5910,"A",,"R",480,"G",197,"G",20,"G",197,"G",20,"A",,2
195474,"R",94276,"A",,"R",1467,"G",3143,"G",61,"G",3143,"G",61,"A",,2
195492,"R",1158,"A",,"A",,"G",39,"A",,"G",39,"A",,"A",,2
195526,"R",84398,"A",,"R",211,"G",2813,"G",9,"G",2813,"G",9,"A",,2
195544,"R",130476,"A",,"R",11239,"G",4349,"G",468,"G",4349,"G",468,"A",,2
195571,"A",,"A",,"R",1120,"A",,"G",47,"A",,"G",47,"A",,-2
195580,"A",,"A",,"R",1026,"A",,"G",43,"A",,"G",43,"A",,-2
195623,"A",,"R",21420,"A",,"G",24,"A",,"G",24,"A",,"A",,1
195669,"A",,"R",27405,"A",,"G",30,"A",,"G",30,"A",,"A",,1
195687,"R",4865,"A",,"A",,"G",162,"A",,"G",162,"A",,"A",,2
195702,"A",,"R",23730,"A",,"G",26,"A",,"G",26,"A",,"A",,1
195720,"R",83012,"A",,"R",14289,"G",2767,"G",595,"G",2767,"G",595,"R",492,2
195784,"R",26070,"A",,"A",,"G",869,"A",,"G",869,"A",,"A",,2
195793,"R",1652,"A",,"A",,"G",55,"A",,"R",26,"A",,"A",,2
195809,"R",390650,"A",,"R",60276,"G",13022,"G",2512,"G",13022,"G",2512,"R",1425,2
195845,"R",20073,"A",,"A",,"G",669,"A",,"G",669,"A",,"A",,2
195924,"A",,"R",15106,"A",,"G",17,"A",,"G",17,"A",,"A",,1
195933,"A",,"R",650431,"A",,"G",723,"A",,"G",723,"A",,"A",,1
195988,"R",40205,"A",,"A",,"G",1340,"A",,"G",1340,"A",,"A",,2
196006,"R",106006,"A",,"A",,"G",3534,"A",,"G",3534,"A",,"A",,2
196015,"R",99568,"A",,"A",,"G",3319,"A",,"G",3319,"A",,"A",,2
196024,"R",86845,"A",,"A",,"G",2895,"A",,"G",2895,"A",,"A",,2
196033,"R",74050,"A",,"A",,"G",2468,"A",,"G",2468,"A",,"A",,2
196042,"R",197121,"A",,"A",,"G",6571,"A",,"G",6571,"A",,"A",,2
196051,"R",89156,"A",,"A",,"G",2972,"A",,"G",2972,"A",,"A",,2
196060,"R",374252,"A",,"R",69589,"G",12475,"G",2900,"G",12475,"G",2900,"A",,2
196079,"R",379670,"A",,"R",44903,"G",12656,"G",1871,"G",12656,"G",1871,"R",7,2
196088,"R",611404,"A",,"R",113520,"G",20380,"G",4730,"G",20380,"G",4730,"R",2294,2
196097,"R",496332,"A",,"R",132361,"G",16544,"G",5515,"G",16544,"G",5515,"R",871,2
196103,"R",53267,"A",,"R",8248,"G",1776,"G",344,"G",1776,"G",344,"A",,2
196112,"R",46507,"A",,"R",7505,"G",1550,"G",313,"G",1550,"G",313,"A",,2
196121,"R",204057,"A",,"R",15926,"G",6802,"G",664,"G",6802,"G",664,"A",,2
196130,"R",282605,"A",,"R",28391,"G",9420,"G",1183,"G",9420,"G",1183,"A",,2
196149,"R",192149,"A",,"R",13426,"G",6405,"G",559,"G",6405,"G",559,"A",,2
196158,"R",165835,"A",,"R",5199,"G",5528,"G",217,"G",5528,"G",217,"A",,2
196167,"R",162611,"A",,"R",4553,"G",5420,"G",190,"G",5420,"G",190,"A",,2
196176,"R",202208,"A",,"R",17483,"G",6740,"G",728,"G",6740,"G",728,"A",,2
196185,"R",178962,"A",,"R",2598,"G",5965,"G",108,"G",5965,"G",108,"A",,2
196194,"R",218088,"A",,"R",11837,"G",7270,"G",493,"G",7270,"G",493,"A",,2
196200,"R",121054,"A",,"R",9550,"G",4035,"G",398,"G",4035,"G",398,"A",,2
196219,"R",128916,"A",,"R",2870,"G",4297,"G",120,"G",4297,"G",120,"A",,2
196228,"A",,"A",,"R",405,"A",,"G",17,"A",,"G",17,"R",302,-2
196237,"R",118721,"A",,"R",3939,"G",3957,"G",164,"G",3957,"G",164,"A",,2
196246,"R",169775,"A",,"R",10535,"G",5659,"G",439,"G",5659,"G",439,"A",,2
196255,"R",7333,"A",,"R",5915,"G",244,"G",246,"G",244,"G",246,"R",449,2
196264,"R",268941,"A",,"R",11040,"G",8965,"G",460,"G",8965,"G",460,"A",,2
196291,"R",59687,"A",,"R",2523,"G",1990,"G",105,"G",1990,"G",105,"A",,2
196307,"R",8380,"A",,"R",10879,"G",279,"G",453,"G",279,"G",453,"R",795,2
196389,"R",18500,"A",,"A",,"G",617,"A",,"G",617,"A",,"A",,2
196413,"R",492884,"A",,"R",90635,"G",16429,"G",3776,"G",16429,"G",3776,"R",651,2
196431,"R",12333,"A",,"A",,"G",411,"A",,"G",411,"A",,"A",,2
196440,"R",615,"A",,"R",210,"G",21,"G",9,"G",21,"G",9,"A",,2
196468,"A",,"A",,"R",90004,"A",,"G",3750,"A",,"G",3750,"R",99,-2
196477,"R",207642,"A",,"A",,"G",6921,"A",,"G",6921,"A",,"A",,2
196565,"R",117998,"A",,"A",,"G",3933,"A",,"G",3933,"A",,"A",,2
196583,"R",7920,"A",,"Z",0,"G",264,"A",,"G",264,"A",,"A",,2
196592,"R",240691,"A",,"R",203191,"G",8023,"G",8466,"G",8023,"G",8466,"R",1888,2
196653,"R",33178,"A",,"A",,"G",1106,"A",,"G",1106,"A",,"A",,2
196680,"R",111447,"A",,"R",12186,"G",3715,"G",508,"R",17510,"G",508,"A",,2
196699,"R",66076,"A",,"A",,"G",2203,"A",,"G",2203,"A",,"A",,2
196857,"A",,"R",1898084,"A",,"G",2109,"A",,"G",2109,"A",,"A",,1
196866,"R",61533,"A",,"A",,"G",2051,"A",,"G",2051,"A",,"A",,2
196884,"A",,"A",,"R",5460,"A",,"G",228,"A",,"G",228,"A",,-2
197018,"R",34728,"A",,"R",5448,"G",1158,"G",227,"R",1447,"G",227,"A",,2
197027,"R",43702,"A",,"R",195,"G",1457,"G",8,"G",1457,"G",8,"A",,2
197036,"R",168309,"A",,"A",,"G",5610,"A",,"R",4649,"A",,"A",,2
197045,"R",70641,"A",,"R",12601,"G",2355,"G",525,"G",2355,"G",525,"R",319,2
197081,"R",11666,"A",,"A",,"G",389,"A",,"G",389,"A",,"A",,2
197133,"R",72956,"A",,"A",,"G",2432,"A",,"G",2432,"A",,"A",,2
197142,"R",11641,"A",,"A",,"G",388,"A",,"R",436,"A",,"A",,2
197151,"R",104352,"A",,"R",17473,"G",3478,"G",728,"G",3478,"G",728,"A",,2
197197,"R",52046,"A",,"R",5981,"G",1735,"G",249,"G",1735,"G",249,"A",,2
197221,"R",2877,"A",,"A",,"G",96,"A",,"G",96,"A",,"A",,2
197230,"R",14507,"A",,"A",,"G",484,"A",,"G",484,"A",,"A",,2
197285,"R",53900,"A",,"A",,"G",1797,"A",,"G",1797,"A",,"A",,2
197294,"R",304440,"A",,"A",,"G",10148,"A",,"G",10148,"A",,"A",,2
197337,"A",,"R",81562,"A",,"G",91,"A",,"G",91,"A",,"A",,1
197522,"R",21028,"A",,"A",,"G",701,"A",,"G",701,"A",,"A",,2
197531,"A",,"R",572620,"A",,"G",636,"A",,"G",636,"A",,"A",,1
197601,"R",2790,"A",,"A",,"G",93,"A",,"G",93,"A",,"A",,2
197610,"R",3024,"A",,"R",630,"G",101,"G",26,"G",101,"G",26,"A",,2
197647,"R",2985,"A",,"R",1950,"G",100,"G",81,"G",100,"G",81,"A",,2
197674,"R",6690,"A",,"R",440,"G",223,"G",18,"G",223,"G",18,"A",,2
197692,"R",2123,"A",,"R",510,"G",71,"G",21,"G",71,"G",21,"A",,2
197708,"R",77782,"A",,"R",35110,"G",2593,"G",1463,"G",2593,"G",1463,"R",1715,2
197735,"R",12782,"A",,"R",4130,"G",426,"G",172,"G",426,"G",172,"A",,2
197744,"R",4830,"A",,"R",650,"G",161,"G",27,"G",161,"G",27,"A",,2
197814,"R",63900,"A",,"A",,"G",2130,"A",,"G",2130,"A",,"A",,2
197832,"R",58435,"A",,"A",,"G",1299,"A",,"G",1299,"A",,"A",,2
197850,"R",59970,"A",,"A",,"G",1999,"A",,"G",1999,"A",,"A",,2
197869,"R",469697,"A",,"R",35801,"G",15657,"G",1492,"G",15657,"G",1492,"A",,2
197887,"R",207360,"A",,"A",,"G",6912,"A",,"G",6912,"A",,"A",,2
197911,"R",31176,"A",,"R",519,"G",1039,"G",22,"G",1039,"G",22,"A",,2
197966,"R",50460,"A",,"A",,"G",1682,"A",,"G",1682,"A",,"A",,2
197984,"R",46015,"A",,"A",,"G",1534,"A",,"G",1534,"A",,"A",,2
197993,"R",20904,"A",,"A",,"G",697,"A",,"R",718,"A",,"A",,2
198011,"R",41081,"A",,"A",,"G",1369,"A",,"R",1378,"A",,"A",,2
198039,"R",62070,"A",,"A",,"G",2069,"A",,"G",2069,"A",,"A",,2
198066,"R",18356,"A",,"A",,"G",612,"A",,"G",612,"A",,"A",,2
198075,"A",,"R",135000,"A",,"G",150,"A",,"G",150,"A",,"A",,1
198084,"R",38628,"A",,"A",,"G",1288,"A",,"G",1288,"A",,"A",,2
198109,"R",10415,"A",,"A",,"G",347,"A",,"G",347,"A",,"A",,2
198118,"A",,"R",2169835,"A",,"G",2411,"A",,"G",2411,"A",,"A",,1
198136,"R",136480,"A",,"R",11514,"G",4549,"G",480,"G",4549,"R",640,"R",147,2
198154,"R",261900,"A",,"A",,"G",8730,"A",,"G",8730,"A",,"A",,2
198190,"A",,"R",72270,"A",,"G",80,"A",,"G",80,"A",,"A",,1
198206,"R",43610,"A",,"A",,"G",1454,"A",,"G",1454,"A",,"A",,2
198215,"R",37092,"A",,"R",637,"G",1236,"G",27,"G",1236,"G",27,"A",,2
198233,"R",130123,"A",,"A",,"G",4337,"A",,"G",4337,"A",,"A",,2
198242,"R",11017,"A",,"A",,"G",245,"A",,"G",245,"A",,"A",,2
198251,"R",111736,"A",,"A",,"G",3725,"A",,"G",3725,"A",,"A",,2
198260,"R",471817,"A",,"A",,"G",15727,"A",,"R",16014,"A",,"A",,2
198303,"R",37448,"A",,"R",540,"G",1248,"G",23,"G",1248,"G",23,"A",,2
198321,"R",79095,"A",,"A",,"G",2637,"A",,"G",2637,"A",,"A",,2
198330,"R",137759,"A",,"A",,"G",4592,"A",,"G",4592,"A",,"A",,2
198367,"R",87150,"A",,"A",,"G",2905,"A",,"G",2905,"A",,"A",,2
198376,"R",110490,"A",,"A",,"G",3683,"A",,"G",3683,"A",,"A",,2
198385,"R",56872,"A",,"A",,"G",1896,"A",,"R",1915,"A",,"A",,2
198419,"R",243263,"A",,"R",147825,"G",8109,"G",6159,"G",8109,"G",6159,"R",1882,2
198455,"R",141363,"A",,"A",,"G",4712,"A",,"R",4680,"A",,"A",,2
198464,"R",621613,"A",,"R",90417,"G",20720,"G",3767,"G",20720,"G",3767,"R",695,2
198491,"R",84882,"A",,"A",,"G",2829,"A",,"G",2829,"A",,"A",,2
198507,"R",87971,"A",,"R",1866,"G",2932,"G",78,"G",2932,"G",78,"A",,2
198516,"R",184820,"A",,"R",3737,"G",6161,"G",156,"R",5134,"G",156,"R",483,2
198525,"A",,"R",87000,"A",,"G",97,"A",,"G",97,"A",,"A",,1
198534,"R",291739,"A",,"A",,"G",9725,"A",,"G",9725,"A",,"A",,2
198543,"R",143853,"A",,"R",13405,"G",4795,"G",559,"G",4795,"G",559,"A",,2
198552,"R",267633,"A",,"A",,"G",8921,"A",,"G",8921,"A",,"A",,2
198561,"R",82171,"A",,"R",36702,"G",2739,"G",1529,"G",2739,"G",1529,"R",180,2
198570,"R",137561,"A",,"A",,"G",4585,"A",,"G",4585,"A",,"A",,2
198598,"R",28816,"A",,"R",498,"G",961,"G",21,"G",961,"G",21,"A",,2
198613,"R",80604,"A",,"A",,"G",2687,"A",,"G",2687,"A",,"A",,2
198622,"R",404185,"A",,"A",,"G",13473,"A",,"G",13473,"A",,"A",,2
198640,"R",44130,"A",,"A",,"G",1471,"A",,"G",1471,"A",,"A",,2
198668,"R",59857,"A",,"A",,"G",1995,"A",,"G",1995,"A",,"A",,2
198677,"R",1620,"A",,"A",,"G",54,"A",,"G",54,"A",,"A",,2
198695,"R",121691,"A",,"R",3463,"G",4056,"G",144,"G",4056,"G",144,"A",,2
198710,"R",67890,"A",,"A",,"G",2263,"A",,"G",2263,"A",,"A",,2
198729,"R",35456,"A",,"A",,"G",1182,"A",,"G",1182,"A",,"A",,2
198747,"R",6585,"A",,"R",1791,"G",220,"G",75,"G",220,"G",75,"A",,2
198756,"R",49361,"A",,"A",,"G",1645,"A",,"G",1645,"A",,"A",,2
198774,"R",114720,"A",,"A",,"G",3824,"A",,"G",3824,"A",,"A",,2
198808,"R",25394,"A",,"A",,"G",846,"A",,"G",846,"A",,"A",,2
198817,"R",86025,"A",,"A",,"G",2868,"A",,"G",2868,"A",,"A",,2
198835,"R",47258,"A",,"R",5351,"G",1575,"G",223,"G",1575,"G",223,"A",,2
198844,"A",,"R",175500,"A",,"G",195,"A",,"G",195,"A",,"A",,1
198862,"R",34436,"A",,"A",,"G",1148,"A",,"G",1148,"A",,"A",,2
198871,"R",20470,"A",,"A",,"G",682,"A",,"G",682,"A",,"A",,2
198899,"R",37723,"A",,"R",239,"G",1257,"G",10,"G",1257,"G",10,"A",,2
198905,"R",18252,"A",,"A",,"G",608,"A",,"R",700,"A",,"A",,2
198914,"R",31380,"A",,"A",,"G",1046,"A",,"G",1046,"A",,"A",,2
198923,"R",34807,"A",,"A",,"G",1160,"A",,"G",1160,"A",,"A",,2
198941,"R",3976,"A",,"A",,"G",133,"A",,"G",133,"A",,"A",,2
198950,"R",50989,"A",,"R",3821,"G",1700,"G",159,"G",1700,"G",159,"A",,2
198969,"R",64463,"A",,"R",6484,"G",2149,"G",270,"G",2149,"R",162,"A",,2
198978,"R",69774,"R",157110,"A",,"G",1725,"A",,"G",1725,"A",,"A",,3
198987,"R",79298,"A",,"A",,"G",2643,"A",,"G",2643,"A",,"A",,2
198996,"A",,"R",14400,"A",,"G",16,"A",,"G",16,"A",,"A",,1
199005,"A",,"R",18900,"A",,"G",21,"A",,"G",21,"A",,"A",,1
199014,"A",,"R",40000,"A",,"G",44,"A",,"R",49,"A",,"A",,1
199023,"R",21857,"A",,"A",,"G",729,"A",,"G",729,"A",,"A",,2
199032,"R",23595,"A",,"R",2470,"G",787,"G",103,"G",787,"G",103,"A",,2
199069,"R",98602,"A",,"A",,"G",3287,"A",,"G",3287,"A",,"A",,2
199078,"A",,"R",74389,"A",,"G",83,"A",,"G",83,"A",,"A",,1
199087,"R",77224,"A",,"A",,"G",2574,"A",,"R",2554,"A",,"A",,2
199102,"R",267284,"A",,"R",30001,"G",8909,"G",1250,"G",8909,"G",1250,"A",,2
199111,"R",101116,"A",,"R",480,"G",3371,"G",20,"G",3371,"G",20,"A",,2
199120,"R",542350,"A",,"R",147430,"G",18078,"G",6143,"G",18078,"G",6143,"R",4079,2
199139,"R",565345,"A",,"R",75596,"G",18845,"G",3150,"G",18845,"G",3150,"A",,2
199148,"R",422661,"A",,"R",59909,"G",14089,"G",2496,"G",14089,"G",2496,"A",,2
199157,"R",188551,"A",,"R",24045,"G",6285,"G",1002,"G",6285,"G",1002,"R",647,2
199184,"R",24539,"A",,"R",2822,"G",818,"G",118,"G",818,"G",118,"A",,2
199193,"R",731816,"A",,"R",143828,"G",24394,"G",5993,"G",24394,"G",5993,"R",533,2
199209,"R",35117,"A",,"A",,"G",1171,"A",,"G",1171,"A",,"A",,2
199218,"R",350691,"A",,"R",19334,"G",11690,"G",806,"G",11690,"G",806,"A",,2
199263,"R",10312,"A",,"A",,"G",344,"A",,"G",344,"A",,"A",,2
199272,"R",20535,"A",,"A",,"G",685,"A",,"G",685,"A",,"A",,2
199281,"R",153284,"A",,"R",11432,"G",5109,"G",476,"G",5109,"G",476,"A",,2
199306,"R",29327,"A",,"R",17254,"G",978,"G",719,"G",978,"G",719,"A",,2
199315,"R",7256,"A",,"R",1540,"G",242,"G",64,"G",242,"G",64,"A",,2
199324,"R",48344,"A",,"A",,"G",1611,"A",,"G",1611,"A",,"A",,2
199333,"R",232691,"A",,"A",,"G",7756,"A",,"G",7756,"A",,"A",,2
199412,"R",53715,"A",,"R",8931,"G",1791,"G",372,"G",1791,"G",372,"A",,2
199421,"R",77604,"A",,"A",,"G",2587,"A",,"G",2587,"A",,"A",,2
199449,"R",63702,"A",,"A",,"G",2123,"A",,"G",2123,"A",,"A",,2
199458,"R",4189,"A",,"A",,"G",140,"A",,"R",175,"A",,"A",,2
199467,"R",19507,"A",,"A",,"G",650,"A",,"G",650,"A",,"A",,2
199476,"R",48475,"A",,"A",,"G",1616,"A",,"G",1616,"A",,"A",,2
199485,"R",52602,"A",,"A",,"G",1753,"A",,"G",1753,"A",,"A",,2
199494,"R",136703,"A",,"A",,"G",4557,"A",,"G",4557,"A",,"A",,2
199582,"R",43985,"A",,"A",,"G",1466,"A",,"G",1466,"A",,"A",,2
199607,"R",29412,"A",,"R",2713,"G",980,"G",113,"G",980,"G",113,"A",,2
199625,"R",32898,"A",,"A",,"G",1097,"A",,"G",1097,"A",,"A",,2
199634,"R",112200,"A",,"A",,"G",3740,"A",,"G",3740,"A",,"A",,2
199643,"R",62590,"A",,"R",2772,"G",2086,"G",116,"G",2086,"G",116,"A",,2
199689,"A",,"R",150235,"A",,"G",167,"A",,"G",167,"A",,"A",,1
199698,"R",12743,"A",,"A",,"G",425,"A",,"G",425,"A",,"A",,2
199713,"A",,"R",126517,"A",,"G",141,"A",,"G",141,"A",,"A",,1
199722,"R",51975,"A",,"A",,"G",1733,"A",,"R",1793,"A",,"A",,2
199731,"R",56644,"A",,"A",,"G",1888,"A",,"G",1888,"A",,"A",,2
199740,"R",76622,"A",,"A",,"G",2554,"A",,"G",2554,"A",,"A",,2
199768,"R",82999,"A",,"A",,"G",2767,"A",,"G",2767,"A",,"A",,2
199786,"R",121232,"A",,"A",,"G",4041,"A",,"G",4041,"A",,"A",,2
199795,"R",32901,"A",,"A",,"G",1097,"A",,"R",1277,"A",,"A",,2
199838,"R",100687,"A",,"A",,"G",3356,"A",,"G",3356,"A",,"A",,2
199847,"R",139155,"A",,"R",39005,"G",4639,"G",1625,"G",4639,"G",1625,"R",1008,2
199856,"R",449590,"A",,"A",,"G",14986,"A",,"G",14986,"A",,"A",,2
199865,"R",28790,"A",,"R",2220,"G",960,"G",93,"G",960,"G",93,"A",,2
199883,"R",4264,"A",,"A",,"G",142,"A",,"G",142,"A",,"A",,2
199892,"R",93437,"A",,"A",,"G",3115,"A",,"G",3115,"A",,"A",,2
199908,"R",54870,"A",,"A",,"G",1829,"A",,"G",1829,"A",,"A",,2
199926,"R",68826,"A",,"A",,"G",2294,"A",,"G",2294,"A",,"A",,2
199953,"R",52116,"A",,"A",,"G",1737,"A",,"G",1737,"A",,"A",,2
199962,"R",51229,"A",,"R",9831,"G",1708,"G",410,"G",1708,"G",410,"R",333,2
199971,"R",1950,"A",,"R",312,"G",65,"G",13,"R",67,"G",13,"A",,2
199980,"A",,"R",62000,"A",,"G",69,"A",,"G",69,"A",,"A",,1
199999,"R",163629,"A",,"R",9833,"G",5454,"G",410,"G",5454,"G",410,"R",67,2
200004,"R",218374,"A",,"R",30617,"G",7279,"G",1276,"G",7279,"G",1276,"R",45,2
200013,"R",51030,"A",,"A",,"G",1134,"A",,"G",1134,"A",,"A",,2
200022,"R",96289,"A",,"A",,"G",3210,"A",,"G",3210,"A",,"A",,2
200059,"R",56150,"A",,"A",,"G",1872,"A",,"G",1872,"A",,"A",,2
200086,"R",5178,"A",,"A",,"G",173,"A",,"G",173,"A",,"A",,2
200110,"A",,"R",61000,"A",,"G",68,"A",,"G",68,"A",,"A",,1
200129,"A",,"R",44269,"A",,"G",49,"A",,"G",49,"A",,"A",,1
200156,"R",28835,"A",,"R",114,"G",961,"G",5,"G",961,"G",5,"A",,2
200165,"A",,"R",140000,"A",,"G",156,"A",,"G",156,"A",,"A",,1
200192,"R",33869,"A",,"A",,"G",1129,"A",,"G",1129,"A",,"A",,2
200208,"R",5473,"A",,"A",,"G",182,"A",,"G",182,"A",,"A",,2
200217,"R",57763,"A",,"R",20329,"G",1925,"G",847,"G",1925,"G",847,"R",89,2
200226,"R",22714,"A",,"R",42,"G",757,"G",2,"G",757,"G",2,"A",,2
200244,"R",3420,"A",,"A",,"G",114,"A",,"R",150,"A",,"A",,2
200253,"R",81900,"A",,"R",5101,"G",2730,"G",213,"G",2730,"G",213,"A",,2
200262,"A",,"R",17600,"A",,"G",20,"A",,"R",11,"A",,"A",,1
200280,"R",313600,"A",,"R",46110,"G",10453,"G",1921,"G",10453,"G",1921,"R",652,2
200305,"R",70542,"A",,"A",,"G",2351,"A",,"G",2351,"A",,"A",,2
200314,"R",15397,"A",,"A",,"G",513,"A",,"G",513,"A",,"A",,2
200332,"R",335256,"A",,"R",33910,"G",11175,"G",1413,"G",11175,"G",1413,"R",390,2
200341,"R",17945,"A",,"A",,"G",598,"A",,"G",598,"A",,"A",,2
200387,"A",,"R",112100,"A",,"G",125,"A",,"G",125,"A",,"A",,1
200466,"R",8662,"A",,"A",,"G",289,"A",,"G",289,"A",,"A",,2
200484,"R",6685,"A",,"A",,"G",223,"A",,"G",223,"A",,"A",,2
200527,"R",17244,"A",,"A",,"G",575,"A",,"G",575,"A",,"A",,2
200554,"R",19351,"A",,"A",,"G",645,"A",,"G",645,"A",,"A",,2
200572,"R",29612,"A",,"R",1938,"G",987,"G",81,"G",987,"G",81,"A",,2
200590,"R",11003,"A",,"A",,"G",367,"A",,"G",367,"A",,"A",,2
200624,"R",1702,"A",,"A",,"G",38,"A",,"G",38,"A",,"A",,2
200633,"R",11786,"R",6920,"A",,"G",270,"A",,"G",270,"A",,"A",,3
200697,"A",,"A",,"R",29824,"A",,"G",828,"A",,"G",828,"A",,-2
200785,"R",20670,"A",,"A",,"G",689,"A",,"G",689,"A",,"A",,2
200800,"R",595352,"A",,"R",78966,"G",19845,"G",3290,"G",19845,"G",3290,"R",572,2
200828,"A",,"R",50418,"A",,"G",56,"A",,"G",56,"A",,"A",,1
200846,"R",43382,"A",,"A",,"G",1446,"A",,"G",1446,"A",,"A",,2
200873,"R",1105,"A",,"A",,"G",37,"A",,"R",41,"A",,"A",,2
201016,"R",17764,"A",,"A",,"G",395,"A",,"G",395,"A",,"A",,2
201034,"A",,"R",387378,"A",,"G",430,"A",,"G",430,"A",,"A",,1
201061,"R",6323,"A",,"R",116,"G",211,"G",5,"R",231,"R",10,"A",,2
201098,"A",,"R",72200,"A",,"G",80,"A",,"G",80,"A",,"A",,1
201104,"R",85775,"A",,"R",53271,"G",2859,"G",2220,"G",2859,"G",2220,"A",,2
201131,"A",,"R",120288,"A",,"G",134,"A",,"G",134,"A",,"A",,1
201140,"R",1297,"A",,"R",2039,"G",29,"G",57,"G",29,"G",57,"A",,2
201159,"A",,"R",174200,"A",,"G",194,"A",,"G",194,"A",,"A",,1
201177,"R",7127,"A",,"A",,"G",238,"A",,"G",238,"A",,"A",,2
201195,"R",97729,"A",,"R",10612,"G",3258,"G",442,"G",3258,"G",442,"A",,2
201283,"R",75900,"A",,"A",,"G",1687,"A",,"G",1687,"A",,"A",,2
201371,"R",29815,"A",,"R",2465,"G",994,"G",103,"G",994,"G",103,"A",,2
201399,"R",19590,"A",,"A",,"G",653,"A",,"G",653,"A",,"A",,2
201432,"R",51759,"A",,"A",,"G",1725,"A",,"G",1725,"A",,"A",,2
201441,"R",435615,"A",,"R",49259,"G",14521,"G",2052,"G",14521,"G",2052,"A",,2
201469,"R",24130,"A",,"A",,"G",804,"A",,"G",804,"A",,"A",,2
201478,"A",,"R",154700,"A",,"G",172,"A",,"G",172,"A",,"A",,1
201496,"A",,"R",302152,"A",,"G",336,"A",,"G",336,"A",,"A",,1
201539,"A",,"R",116160,"A",,"G",129,"A",,"G",129,"A",,"A",,1
201548,"R",83493,"A",,"R",4619,"G",2783,"G",192,"G",2783,"G",192,"R",796,2
201584,"R",1800,"A",,"A",,"G",60,"A",,"G",60,"A",,"A",,2
201609,"A",,"R",33345,"A",,"G",37,"A",,"G",37,"A",,"A",,1
201618,"A",,"R",29454,"A",,"G",33,"A",,"G",33,"A",,"A",,1
201627,"A",,"R",47946,"A",,"G",53,"A",,"G",53,"A",,"A",,1
201645,"R",125307,"A",,"R",59257,"G",4177,"G",2469,"G",4177,"G",2469,"R",1574,2
201654,"R",99351,"A",,"R",1135,"G",3312,"G",47,"G",3312,"G",47,"R",0,2
201672,"R",152051,"A",,"A",,"G",3379,"A",,"G",3379,"A",,"A",,2
201681,"A",,"R",162900,"A",,"G",181,"A",,"G",181,"A",,"A",,1
201690,"R",74339,"A",,"R",613,"G",2478,"G",26,"G",2478,"G",26,"A",,2
201751,"R",10317,"A",,"A",,"G",344,"A",,"G",344,"A",,"A",,2
201803,"A",,"R",194400,"A",,"G",216,"A",,"G",216,"A",,"A",,1
201821,"R",9789,"A",,"A",,"G",326,"A",,"G",326,"A",,"A",,2
201858,"R",17826,"A",,"R",5295,"G",594,"G",221,"G",594,"G",221,"A",,2
201867,"R",7350,"A",,"A",,"G",163,"A",,"G",163,"A",,"A",,2
201885,"R",939391,"A",,"R",273309,"G",20875,"G",7592,"G",20875,"G",7592,"R",1750,2
201928,"R",445691,"A",,"A",,"G",9904,"A",,"G",9904,"A",,"A",,2
201946,"R",128338,"A",,"R",885,"G",2852,"G",25,"G",2852,"G",25,"A",,2
201955,"R",166879,"A",,"R",702,"G",3708,"G",20,"G",3708,"G",20,"A",,2
201964,"R",58020,"A",,"R",644,"G",1934,"G",27,"G",1934,"G",27,"A",,2
201973,"R",173990,"A",,"A",,"G",3866,"A",,"G",3866,"A",,"A",,2
201982,"A",,"R",52085,"A",,"G",58,"A",,"G",58,"A",,"A",,1
202046,"R",16816,"A",,"A",,"G",561,"A",,"G",561,"A",,"A",,2
202055,"A",,"R",337500,"A",,"G",375,"A",,"G",375,"A",,"A",,1
202073,"R",7945,"A",,"R",4711,"G",265,"G",196,"R",243,"R",197,"A",,2
202134,"R",306193,"A",,"R",87717,"G",10206,"G",3655,"G",10206,"G",3655,"R",522,2
202152,"A",,"R",314400,"A",,"G",349,"A",,"G",349,"A",,"A",,1
202161,"R",31069,"A",,"A",,"G",1036,"A",,"R",904,"A",,"A",,2
202170,"R",38645,"A",,"R",285,"G",1288,"G",12,"G",1288,"G",12,"A",,2
202189,"R",16626,"A",,"A",,"G",554,"A",,"G",554,"A",,"A",,2
202222,"R",1044156,"A",,"A",,"G",23203,"A",,"G",23203,"A",,"A",,2
202356,"R",624395,"A",,"A",,"G",20813,"A",,"G",20813,"A",,"A",,2
202435,"R",14909,"A",,"A",,"G",331,"A",,"G",331,"A",,"A",,2
202453,"A",,"R",70455,"A",,"G",78,"A",,"R",88,"A",,"A",,1
202480,"R",232109,"A",,"R",41698,"G",7737,"G",1737,"G",7737,"G",1737,"R",624,2
202514,"R",27106,"A",,"R",1176,"G",904,"G",49,"G",904,"G",49,"A",,2
202523,"R",69519,"A",,"A",,"G",2317,"A",,"R",2241,"A",,"A",,2
202541,"R",118839,"A",,"A",,"G",3961,"A",,"R",3301,"A",,"A",,2
202611,"R",7128,"A",,"R",2097,"G",238,"G",87,"G",238,"G",87,"A",,2
202639,"A",,"R",181520,"A",,"G",202,"A",,"G",202,"A",,"A",,1
202648,"R",68651,"A",,"R",18,"G",2288,"G",1,"G",2288,"G",1,"A",,2
202657,"A",,"R",278342,"A",,"G",309,"A",,"G",309,"A",,"A",,1
202684,"R",25298,"A",,"A",,"G",843,"A",,"G",843,"A",,"A",,2
202736,"A",,"R",71995,"A",,"G",80,"A",,"G",80,"A",,"A",,1
202763,"R",92685,"A",,"R",14695,"G",3090,"G",612,"G",3090,"G",612,"R",278,2
202806,"R",135666,"A",,"R",21533,"G",4522,"G",897,"G",4522,"G",897,"A",,2
202888,"A",,"R",58400,"A",,"G",65,"A",,"G",65,"A",,"A",,1
202903,"R",7380,"A",,"A",,"G",246,"A",,"G",246,"A",,"A",,2
202912,"R",7007,"A",,"A",,"G",234,"A",,"G",234,"A",,"A",,2
202949,"A",,"R",275464,"A",,"G",306,"A",,"G",306,"A",,"A",,1
202985,"A",,"R",113338,"A",,"G",126,"A",,"G",126,"A",,"A",,1
203030,"A",,"R",123900,"A",,"G",138,"A",,"G",138,"A",,"A",,1
203067,"A",,"A",,"R",10335,"A",,"G",431,"A",,"G",431,"R",15,-2
203085,"R",32641,"A",,"R",3141,"G",1088,"G",131,"G",1088,"G",131,"A",,2
203128,"R",38698,"A",,"R",419,"G",1290,"G",17,"G",1290,"G",17,"A",,2
203146,"A",,"R",332710,"A",,"G",370,"A",,"G",370,"A",,"A",,1
203155,"R",223590,"A",,"A",,"G",4969,"A",,"G",4969,"A",,"A",,2
203225,"R",9333,"A",,"A",,"G",311,"A",,"G",311,"A",,"A",,2
203234,"A",,"R",135900,"A",,"G",151,"A",,"G",151,"A",,"A",,1
203289,"R",1815,"A",,"A",,"G",61,"A",,"G",61,"A",,"A",,2
203313,"R",18373,"A",,"A",,"G",408,"A",,"G",408,"A",,"A",,2
203331,"R",54917,"A",,"A",,"G",1831,"A",,"G",1831,"A",,"A",,2
203368,"R",89321,"A",,"R",12260,"G",2977,"G",511,"G",2977,"G",511,"A",,2
203386,"R",67551,"A",,"A",,"G",1501,"A",,"G",1501,"A",,"A",,2
203438,"A",,"R",105238,"A",,"G",117,"A",,"G",117,"A",,"A",,1
203447,"R",44126,"A",,"R",1,"G",1471,"G",0,"G",1471,"G",0,"A",,2
203456,"R",22496,"A",,"R",0,"G",750,"G",0,"G",750,"G",0,"A",,2
203465,"R",99565,"A",,"R",476,"G",3319,"G",20,"G",3319,"G",20,"A",,2
203474,"R",58285,"A",,"R",9,"G",1943,"G",0,"G",1943,"G",0,"A",,2
203483,"R",51328,"A",,"R",180,"G",1711,"G",8,"G",1711,"G",8,"A",,2
203492,"R",38237,"A",,"R",3,"G",1275,"G",0,"G",1275,"G",0,"A",,2
203517,"R",619792,"A",,"R",113017,"G",20660,"G",4709,"G",20660,"G",4709,"R",522,2
203526,"R",37849,"A",,"R",0,"G",1262,"G",0,"G",1262,"G",0,"A",,2
203535,"R",55824,"A",,"A",,"G",1861,"A",,"G",1861,"A",,"A",,2
203544,"R",21445,"A",,"R",3868,"G",715,"G",161,"G",715,"G",161,"A",,2
203580,"R",29337,"A",,"R",2841,"G",978,"G",118,"G",978,"G",118,"A",,2
203599,"R",193145,"A",,"A",,"G",6438,"A",,"G",6438,"A",,"A",,2
203614,"A",,"R",338414,"A",,"G",376,"A",,"G",376,"A",,"A",,1
203678,"R",136033,"A",,"A",,"G",3023,"A",,"G",3023,"A",,"A",,2
203720,"R",20510,"A",,"A",,"G",456,"A",,"G",456,"A",,"A",,2
203739,"R",20392,"A",,"A",,"G",453,"A",,"G",453,"A",,"A",,2
203748,"R",243751,"A",,"A",,"G",8125,"A",,"G",8125,"A",,"A",,2
203757,"R",42867,"A",,"R",4048,"G",1429,"G",169,"G",1429,"G",169,"A",,2
203775,"R",57260,"A",,"R",9327,"G",1909,"G",389,"G",1909,"G",389,"A",,2
203845,"R",45567,"A",,"R",4439,"G",1519,"G",185,"G",1519,"G",185,"A",,2
203881,"R",84851,"A",,"A",,"G",1886,"A",,"G",1886,"A",,"A",,2
203942,"A",,"R",51088,"A",,"G",57,"A",,"G",57,"A",,"A",,1
203960,"R",25720,"A",,"A",,"G",857,"A",,"G",857,"A",,"A",,2
203997,"A",,"A",,"R",4477,"A",,"G",187,"A",,"G",187,"R",7,-2
204006,"R",90983,"A",,"R",311,"G",3033,"G",13,"G",3033,"G",13,"A",,2
204015,"R",53260,"A",,"A",,"G",1775,"A",,"G",1775,"A",,"A",,2
204024,"R",471260,"A",,"R",46629,"G",15709,"G",1943,"G",15709,"G",1943,"A",,2
204060,"R",16147,"R",9365,"A",,"G",369,"A",,"G",369,"A",,"A",,3
204121,"A",,"R",34300,"A",,"G",38,"A",,"G",38,"A",,"A",,1
204158,"A",,"R",243709,"A",,"G",271,"A",,"G",271,"A",,"A",,1
204176,"R",30561,"A",,"R",2109,"G",1019,"G",88,"G",1019,"G",88,"A",,2
204185,"R",66137,"A",,"R",2088,"G",2205,"G",87,"G",2205,"G",87,"A",,2
204194,"R",51930,"A",,"R",9477,"G",1731,"G",395,"G",1731,"G",395,"A",,2
204200,"R",47910,"A",,"R",12066,"G",1597,"G",503,"G",1597,"G",503,"A",,2
204255,"R",112578,"A",,"A",,"G",2502,"A",,"G",2502,"A",,"A",,2
204264,"R",50029,"A",,"R",12516,"G",1668,"G",522,"G",1668,"G",522,"A",,2
204307,"R",31350,"A",,"A",,"G",1045,"A",,"G",1045,"A",,"A",,2
204316,"R",36870,"A",,"A",,"G",819,"A",,"G",819,"A",,"A",,2
204334,"A",,"R",175199,"A",,"G",195,"A",,"G",195,"A",,"A",,1
204422,"R",97825,"A",,"A",,"G",2174,"A",,"G",2174,"A",,"A",,2
204431,"A",,"R",47740,"A",,"G",53,"A",,"R",62,"A",,"A",,1
204440,"R",82015,"A",,"A",,"G",2734,"A",,"G",2734,"A",,"A",,2
204459,"A",,"R",95564,"A",,"G",106,"A",,"G",106,"A",,"A",,1
204468,"R",44046,"A",,"R",4973,"G",1468,"G",207,"G",1468,"G",207,"A",,2
204477,"A",,"A",,"R",98,"A",,"G",4,"A",,"G",4,"R",774,-2
204486,"R",205770,"A",,"R",959,"G",4573,"G",27,"G",4573,"G",27,"A",,2
204501,"R",83621,"A",,"R",351,"G",2787,"G",15,"R",2944,"R",19,"A",,2
204592,"R",4215,"A",,"A",,"G",141,"A",,"G",141,"A",,"A",,2
204608,"R",8243,"R",443700,"A",,"G",768,"A",,"G",768,"A",,"A",,3
204617,"R",52204,"A",,"R",10646,"G",1740,"G",444,"G",1740,"G",444,"A",,2
204626,"R",27051,"A",,"A",,"G",902,"A",,"G",902,"A",,"A",,2
204635,"R",69708,"A",,"R",218,"G",2324,"G",9,"R",2329,"R",8,"R",1091,2
204662,"R",26586,"A",,"A",,"G",591,"A",,"G",591,"A",,"A",,2
204671,"R",52949,"A",,"R",2245,"G",1177,"G",62,"G",1177,"G",62,"A",,2
204680,"R",55600,"A",,"R",1972,"G",1236,"G",55,"G",1236,"G",55,"A",,2
204699,"R",56891,"A",,"R",2978,"G",1264,"G",83,"G",1264,"G",83,"A",,2
204705,"R",106555,"A",,"R",3388,"G",2368,"G",94,"G",2368,"G",94,"A",,2
204714,"A",,"R",215094,"A",,"G",239,"A",,"G",239,"A",,"A",,1
204723,"A",,"R",151724,"A",,"G",169,"A",,"G",169,"A",,"A",,1
204741,"A",,"R",31000,"A",,"G",34,"A",,"G",34,"A",,"A",,1
204769,"A",,"R",73000,"A",,"G",81,"A",,"G",81,"A",,"A",,1
204778,"A",,"R",115000,"A",,"G",128,"A",,"G",128,"A",,"A",,1
204796,"R",2046547,"A",,"R",379615,"G",45479,"G",10545,"G",45479,"G",10545,"R",13224,2
204802,"R",32129,"A",,"A",,"G",714,"A",,"G",714,"A",,"A",,2
204820,"R",86992,"A",,"A",,"G",1933,"A",,"G",1933,"A",,"A",,2
204839,"R",71711,"A",,"A",,"G",1594,"A",,"G",1594,"A",,"A",,2
204848,"R",87795,"A",,"A",,"G",1951,"A",,"G",1951,"A",,"A",,2
204857,"R",977501,"A",,"R",154404,"G",21722,"G",4289,"G",21722,"G",4289,"R",466,2
204866,"R",71153,"A",,"A",,"G",1581,"A",,"G",1581,"A",,"A",,2
204884,"R",8313,"A",,"A",,"G",277,"A",,"G",277,"A",,"A",,2
204893,"R",3572,"A",,"A",,"G",119,"A",,"G",119,"A",,"A",,2
204909,"R",59125,"A",,"A",,"G",1971,"A",,"G",1971,"A",,"A",,2
204936,"R",78255,"A",,"R",5929,"G",2609,"G",247,"G",2609,"G",247,"R",16,2
204945,"R",292680,"A",,"A",,"G",9756,"A",,"G",9756,"A",,"A",,2
204963,"A",,"R",238784,"A",,"G",265,"A",,"G",265,"A",,"A",,1
204981,"A",,"R",101153,"A",,"G",112,"A",,"G",112,"A",,"A",,1
204990,"A",,"A",,"R",3142,"A",,"G",131,"A",,"G",131,"A",,-2
205027,"R",3000,"A",,"R",1766,"G",100,"G",74,"G",100,"G",74,"A",,2
205054,"R",24254,"A",,"A",,"G",539,"A",,"G",539,"A",,"A",,2
205090,"R",3163,"A",,"A",,"G",105,"A",,"G",105,"A",,"A",,2
205124,"R",2107,"A",,"R",612,"G",70,"G",26,"G",70,"G",26,"A",,2
205142,"A",,"R",161950,"A",,"G",180,"A",,"G",180,"A",,"A",,1
205179,"R",150000,"A",,"A",,"G",5000,"A",,"G",5000,"A",,"A",,2
205203,"R",55042,"A",,"R",2296,"G",1835,"G",96,"G",1835,"G",96,"A",,2
205391,"R",6217,"A",,"A",,"G",138,"A",,"R",105,"A",,"A",,2
205443,"R",125484,"A",,"R",2198,"G",4183,"G",92,"G",4183,"G",92,"A",,2
205470,"R",683888,"A",,"A",,"G",15198,"A",,"G",15198,"A",,"A",,2
205513,"R",5932,"A",,"A",,"G",132,"A",,"G",132,"A",,"A",,2
205522,"R",14880,"A",,"A",,"G",331,"A",,"G",331,"A",,"A",,2
205531,"R",16144,"A",,"A",,"G",359,"A",,"G",359,"A",,"A",,2
205559,"R",3680,"A",,"A",,"G",82,"A",,"G",82,"A",,"A",,2
205568,"R",10632,"A",,"A",,"G",236,"A",,"G",236,"A",,"A",,2
205610,"R",67842,"A",,"A",,"G",1508,"A",,"G",1508,"A",,"A",,2
205647,"R",46959,"A",,"A",,"G",1044,"A",,"G",1044,"A",,"A",,2
205692,"R",10362,"A",,"A",,"G",230,"A",,"G",230,"A",,"A",,2
205708,"R",24000,"A",,"A",,"G",533,"A",,"G",533,"A",,"A",,2
205717,"R",14762,"A",,"A",,"G",328,"A",,"G",328,"A",,"A",,2
205726,"R",18064,"A",,"A",,"G",401,"A",,"G",401,"A",,"A",,2
205841,"R",256091,"A",,"A",,"G",8536,"A",,"G",8536,"A",,"A",,2
205887,"R",35931,"R",4500,"A",,"G",803,"A",,"G",803,"A",,"A",,3
205957,"R",63918,"A",,"R",12732,"G",2131,"G",531,"G",2131,"G",531,"A",,2
205966,"R",111446,"A",,"A",,"G",2477,"A",,"G",2477,"A",,"A",,2
206002,"R",3981,"A",,"A",,"G",88,"A",,"R",110,"A",,"A",,2
206011,"R",70351,"A",,"A",,"G",2345,"A",,"G",2345,"A",,"A",,2
206039,"A",,"R",61452,"A",,"G",68,"A",,"G",68,"A",,"A",,1
206048,"R",127146,"A",,"R",16823,"G",4238,"G",701,"G",4238,"G",701,"A",,2
206084,"R",471717,"A",,"R",76728,"G",15724,"G",3197,"G",15724,"G",3197,"R",1345,2
206093,"R",16780,"A",,"A",,"G",559,"A",,"G",559,"A",,"A",,2
206154,"R",1491,"A",,"A",,"G",50,"A",,"R",45,"A",,"A",,2
206172,"A",,"R",73900,"A",,"G",82,"A",,"G",82,"A",,"A",,1
206181,"A",,"R",143747,"A",,"G",160,"A",,"G",160,"A",,"A",,1
206215,"A",,"A",,"R",2248,"A",,"G",94,"A",,"G",94,"R",2,-2
206224,"R",12801,"A",,"A",,"G",284,"A",,"G",284,"A",,"A",,2
206279,"R",30558,"A",,"R",7117,"G",1019,"G",297,"G",1019,"G",297,"A",,2
206288,"A",,"A",,"R",3961,"A",,"G",165,"A",,"R",180,"R",267,-2
206321,"A",,"R",408422,"A",,"G",454,"A",,"G",454,"A",,"A",,1
206330,"R",36485,"A",,"R",3534,"G",1216,"G",147,"G",1216,"G",147,"A",,2
206349,"R",23348,"A",,"R",9783,"G",778,"G",408,"G",778,"G",408,"R",176,2
206358,"R",1800,"A",,"A",,"G",60,"A",,"G",60,"A",,"A",,2
206394,"R",9345,"A",,"A",,"G",208,"A",,"G",208,"A",,"A",,2
206419,"A",,"R",126918,"A",,"G",141,"A",,"G",141,"A",,"A",,1
206428,"A",,"R",40314,"A",,"G",45,"A",,"G",45,"A",,"A",,1
206437,"R",68452,"A",,"R",7260,"G",2282,"G",303,"G",2282,"G",303,"R",82,2
206446,"R",79924,"A",,"A",,"G",1776,"A",,"G",1776,"A",,"A",,2
206482,"A",,"R",400632,"A",,"G",445,"A",,"G",445,"A",,"A",,1
206491,"R",17801,"A",,"R",150,"G",593,"G",6,"G",593,"G",6,"A",,2
206507,"R",40618,"A",,"R",432,"G",1354,"G",18,"G",1354,"G",18,"A",,2
206516,"A",,"A",,"R",991,"A",,"G",41,"A",,"G",41,"R",18,-2
206525,"R",60360,"A",,"R",283,"G",2012,"G",12,"G",2012,"G",12,"A",,2
206589,"R",62892,"A",,"A",,"G",2096,"A",,"R",2052,"A",,"A",,2
206604,"R",576796,"A",,"R",93355,"G",12818,"G",2593,"G",12818,"R",2075,"R",636,2
206613,"R",41518,"A",,"R",1778,"G",923,"G",49,"G",923,"G",49,"A",,2
206622,"R",137832,"A",,"R",40946,"G",4594,"G",1706,"G",4594,"G",1706,"R",82,2
206631,"R",25909,"A",,"A",,"G",576,"A",,"G",576,"A",,"A",,2
206695,"R",342412,"A",,"R",18336,"G",11414,"G",764,"R",10272,"R",550,"R",65,2
206783,"A",,"R",19044,"A",,"G",21,"A",,"G",21,"A",,"A",,1
206817,"R",31277,"A",,"A",,"G",1043,"A",,"G",1043,"A",,"A",,2
206835,"R",28047,"A",,"R",1736,"G",935,"G",72,"G",935,"G",72,"A",,2
206862,"R",45946,"A",,"R",11633,"G",1532,"G",485,"G",1532,"G",485,"A",,2
206880,"A",,"R",124384,"A",,"G",138,"A",,"G",138,"A",,"A",,1
206905,"A",,"R",49143,"A",,"G",55,"A",,"G",55,"A",,"A",,1
206914,"R",138923,"A",,"R",8155,"G",4631,"G",340,"G",4631,"G",340,"A",,2
206923,"R",64074,"A",,"A",,"G",2136,"A",,"G",2136,"A",,"A",,2
206932,"R",2680,"A",,"A",,"G",89,"A",,"G",89,"A",,"A",,2
206941,"R",371095,"A",,"R",30348,"G",12370,"G",1265,"G",12370,"G",1265,"A",,2
206969,"A",,"R",19800,"A",,"G",22,"A",,"G",22,"A",,"A",,1
206996,"R",51517,"A",,"A",,"G",1717,"A",,"G",1717,"A",,"A",,2
207041,"R",105377,"A",,"R",16376,"G",3513,"G",682,"G",3513,"G",682,"A",,2
207050,"R",44053,"A",,"A",,"G",1468,"A",,"G",1468,"A",,"A",,2
207069,"R",47178,"A",,"A",,"G",1573,"A",,"G",1573,"A",,"A",,2
207087,"A",,"R",64960,"A",,"G",72,"A",,"G",72,"A",,"A",,1
207102,"A",,"R",113551,"A",,"G",126,"A",,"G",126,"A",,"A",,1
207157,"R",5811,"A",,"R",107,"G",194,"G",4,"G",194,"G",4,"A",,2
207166,"A",,"R",19500,"A",,"G",22,"A",,"G",22,"A",,"A",,1
207209,"R",61994,"A",,"R",8503,"G",2066,"G",354,"G",2066,"G",354,"R",67,2
207236,"R",56873,"A",,"A",,"G",1896,"A",,"G",1896,"A",,"A",,2
207254,"R",24624,"R",360960,"A",,"G",1222,"A",,"G",1222,"A",,"A",,3
207263,"R",197165,"A",,"R",17200,"G",6572,"G",717,"G",6572,"G",717,"R",197,2
207272,"A",,"R",68400,"A",,"G",76,"A",,"G",76,"A",,"A",,1
207281,"R",105036,"A",,"A",,"G",3501,"A",,"G",3501,"A",,"A",,2
207290,"R",64861,"A",,"A",,"G",2162,"A",,"G",2162,"A",,"A",,2
207306,"R",50553,"A",,"R",3536,"G",1685,"G",147,"G",1685,"G",147,"A",,2
207315,"A",,"A",,"R",9220,"A",,"G",384,"A",,"G",384,"R",340,-2
207324,"R",51163,"A",,"R",7741,"G",1705,"G",323,"G",1705,"G",323,"A",,2
207342,"R",31639,"A",,"R",62100,"G",1055,"G",2588,"G",1055,"G",2588,"R",1119,2
207351,"R",38023,"A",,"A",,"G",1267,"A",,"G",1267,"A",,"A",,2
207388,"R",524628,"A",,"R",75861,"G",17488,"G",3161,"G",17488,"G",3161,"R",588,2
207397,"R",144264,"A",,"A",,"G",4809,"A",,"G",4809,"A",,"A",,2
207403,"R",49139,"A",,"R",1532,"G",1638,"G",64,"G",1638,"G",64,"A",,2
207449,"R",288398,"A",,"A",,"G",9613,"A",,"G",9613,"A",,"A",,2
207458,"R",66950,"A",,"R",13888,"G",2232,"G",579,"G",2232,"G",579,"R",724,2
207500,"R",551002,"A",,"R",92241,"G",18367,"G",3843,"G",18367,"G",3843,"R",665,2
207537,"R",2240,"A",,"A",,"G",75,"A",,"G",75,"A",,"A",,2
207564,"R",98016,"A",,"A",,"G",3267,"A",,"G",3267,"A",,"A",,2
207582,"R",81629,"A",,"R",9953,"G",2721,"G",415,"R",2624,"R",419,"A",,2
207607,"A",,"R",312486,"A",,"G",347,"A",,"G",347,"A",,"A",,1
207625,"A",,"R",227953,"A",,"G",253,"A",,"G",253,"A",,"A",,1
207661,"R",106624,"A",,"A",,"G",3554,"A",,"G",3554,"A",,"A",,2
207670,"R",157745,"A",,"A",,"G",5258,"A",,"G",5258,"A",,"A",,2
207689,"R",16746,"A",,"R",698,"G",558,"G",29,"G",558,"G",29,"A",,2
207704,"A",,"R",147880,"A",,"G",164,"A",,"G",164,"A",,"A",,1
207722,"R",30048,"A",,"A",,"G",1002,"A",,"G",1002,"A",,"A",,2
207740,"R",45509,"A",,"A",,"G",1517,"A",,"G",1517,"A",,"A",,2
207786,"A",,"R",25500,"A",,"G",28,"A",,"G",28,"A",,"A",,1
207847,"R",97048,"A",,"R",6527,"G",3235,"G",272,"G",3235,"G",272,"A",,2
207856,"R",7436,"A",,"R",270,"G",248,"G",11,"G",248,"G",11,"A",,2
207865,"R",116190,"A",,"R",9714,"G",3873,"G",405,"G",3873,"G",405,"R",482,2
207935,"R",394234,"A",,"A",,"G",13141,"A",,"G",13141,"A",,"A",,2
207962,"R",2368,"R",941250,"A",,"G",1125,"A",,"G",1125,"A",,"A",,3
207971,"R",91659,"A",,"R",10734,"G",3055,"G",447,"G",3055,"G",447,"R",454,2
208017,"A",,"R",41692,"A",,"G",46,"A",,"R",55,"A",,"A",,1
208026,"A",,"R",195899,"A",,"G",218,"A",,"G",218,"A",,"A",,1
208035,"R",61853,"A",,"A",,"G",2062,"A",,"G",2062,"A",,"A",,2
208044,"A",,"R",35700,"A",,"G",40,"A",,"G",40,"A",,"A",,1
208053,"A",,"R",189787,"A",,"G",211,"A",,"G",211,"A",,"A",,1
208080,"A",,"R",69558,"A",,"G",77,"A",,"G",77,"A",,"A",,1
208123,"A",,"R",65907,"A",,"G",73,"A",,"G",73,"A",,"A",,1
208239,"R",67746,"A",,"A",,"G",1505,"A",,"G",1505,"A",,"A",,2
208248,"A",,"R",171228,"A",,"G",190,"A",,"G",190,"A",,"A",,1
208275,"R",97436,"A",,"A",,"G",2165,"A",,"G",2165,"A",,"A",,2
208318,"R",239074,"A",,"A",,"G",5313,"A",,"R",6632,"A",,"A",,2
208390,"A",,"R",9576367,"A",,"G",10640,"A",,"G",10640,"A",,"A",,1
208406,"A",,"R",4012368,"A",,"G",4458,"A",,"G",4458,"A",,"A",,1
208415,"R",37432,"A",,"A",,"G",832,"A",,"G",832,"A",,"A",,2
208433,"A",,"R",88146,"A",,"G",98,"A",,"G",98,"A",,"A",,1
208479,"A",,"R",738509,"A",,"G",821,"A",,"G",821,"A",,"A",,1
208488,"R",34069,"A",,"R",34716,"G",1136,"G",1447,"G",1136,"G",1447,"R",0,2
208512,"R",13000,"A",,"A",,"G",433,"A",,"G",433,"A",,"A",,2
208637,"A",,"R",141831,"A",,"G",158,"A",,"G",158,"A",,"A",,1
208646,"R",130986,"A",,"R",7934,"G",2911,"G",220,"G",2911,"G",220,"A",,2
208655,"A",,"R",180426,"A",,"G",200,"A",,"G",200,"A",,"A",,1
208725,"R",4212,"A",,"A",,"G",140,"A",,"G",140,"A",,"A",,2
208822,"R",64587,"A",,"R",20943,"G",2153,"G",873,"G",2153,"G",873,"R",178,2
208859,"A",,"R",58872,"A",,"G",65,"A",,"R",39,"A",,"A",,1
208965,"R",35095,"A",,"A",,"G",780,"A",,"G",780,"A",,"A",,2
209038,"A",,"R",6463414,"A",,"G",7182,"A",,"G",7182,"A",,"A",,1
209056,"R",68036,"A",,"R",16608,"G",2268,"G",692,"G",2268,"G",692,"R",716,2
209065,"R",52232,"A",,"A",,"G",1741,"A",,"G",1741,"A",,"A",,2
209074,"R",218398,"A",,"A",,"G",4853,"A",,"G",4853,"A",,"A",,2
209083,"A",,"R",103854,"A",,"G",115,"A",,"G",115,"A",,"A",,1
209108,"R",26103,"A",,"R",23210,"G",580,"G",645,"G",580,"G",645,"A",,2
209153,"A",,"R",70440,"A",,"G",78,"A",,"R",48,"A",,"A",,1
209205,"A",,"R",171537,"A",,"G",191,"A",,"G",191,"A",,"A",,1
209241,"R",1386,"A",,"R",1345,"G",46,"G",56,"G",46,"G",56,"A",,2
209250,"A",,"R",4395461,"A",,"G",4884,"A",,"G",4884,"A",,"A",,1
209287,"R",16606,"A",,"R",7053,"G",554,"G",294,"G",554,"G",294,"A",,2
209296,"A",,"A",,"R",5781,"A",,"G",161,"A",,"G",161,"R",421,-2
209348,"R",1023,"A",,"A",,"G",34,"A",,"G",34,"A",,"A",,2
209409,"R",13791,"A",,"R",3202,"G",460,"G",133,"G",460,"G",133,"A",,2
209490,"R",25562,"A",,"R",37596,"G",568,"G",1044,"G",568,"G",1044,"R",838,2
209506,"R",122501,"A",,"R",673,"G",2722,"G",19,"G",2722,"G",19,"A",,2
209533,"R",3507,"A",,"R",111,"G",117,"G",5,"G",117,"G",5,"A",,2
209542,"R",855144,"A",,"R",112952,"G",19003,"G",3138,"G",19003,"G",3138,"R",849,2
209551,"R",905331,"A",,"R",119639,"G",20118,"G",3323,"G",20118,"G",3323,"R",601,2
209603,"R",13035,"A",,"R",2274,"G",435,"G",95,"G",435,"R",76,"A",,2
209612,"R",53379,"A",,"R",27293,"G",1779,"G",1137,"R",1531,"R",576,"R",989,2
209667,"A",,"R",70860,"A",,"G",79,"A",,"R",47,"A",,"A",,1
209676,"A",,"R",154428,"A",,"G",172,"A",,"R",111,"A",,"A",,1
209694,"A",,"R",72660,"A",,"G",81,"A",,"R",52,"A",,"A",,1
209700,"A",,"R",167403,"A",,"G",186,"A",,"G",186,"A",,"A",,1
209719,"A",,"R",50024,"A",,"G",56,"A",,"G",56,"A",,"A",,1
209746,"R",1086179,"A",,"A",,"G",24137,"A",,"G",24137,"A",,"A",,2
209807,"R",797446,"A",,"R",157260,"G",17721,"G",4368,"G",17721,"G",4368,"A",,2
209825,"R",108102,"A",,"R",10662,"G",3603,"G",444,"G",3603,"G",444,"R",26,2
209922,"R",43204,"A",,"R",182,"G",1440,"G",8,"G",1440,"G",8,"A",,2
209940,"R",125700,"R",913628,"A",,"G",3808,"A",,"G",3808,"A",,"A",,3
209986,"A",,"R",54138,"A",,"G",60,"A",,"G",60,"A",,"A",,1
210076,"R",78134,"A",,"A",,"G",2604,"A",,"G",2604,"A",,"A",,2
210100,"A",,"R",127302,"A",,"G",141,"A",,"G",141,"A",,"A",,1
210146,"R",194922,"A",,"R",18288,"G",4332,"G",508,"G",4332,"G",508,"A",,2
210155,"R",72078,"A",,"A",,"G",1602,"A",,"G",1602,"A",,"A",,2
210234,"R",97635,"A",,"A",,"G",2170,"A",,"G",2170,"A",,"A",,2
210270,"R",110029,"A",,"A",,"G",2445,"A",,"G",2445,"A",,"A",,2
210304,"R",14488,"A",,"Z",0,"G",483,"A",,"G",483,"A",,"A",,2
210331,"R",26030,"A",,"R",4401,"G",868,"G",183,"G",868,"G",183,"A",,2
210340,"A",,"R",106089,"A",,"G",118,"A",,"G",118,"A",,"A",,1
210359,"R",14922,"A",,"A",,"G",497,"A",,"G",497,"A",,"A",,2
210368,"A",,"A",,"R",10098,"A",,"G",421,"A",,"G",421,"A",,-2
210401,"R",64211,"A",,"R",12364,"G",2140,"G",515,"G",2140,"G",515,"R",376,2
210429,"R",214694,"A",,"R",17360,"G",4771,"G",482,"G",4771,"G",482,"A",,2
210438,"R",2630,"A",,"R",1204,"G",58,"G",33,"G",58,"R",60,"R",510,2
210456,"R",8404,"A",,"A",,"G",280,"A",,"G",280,"A",,"A",,2
210474,"A",,"R",55198,"A",,"G",61,"A",,"G",61,"A",,"A",,1
210483,"R",18240,"A",,"A",,"G",608,"A",,"G",608,"A",,"A",,2
210492,"R",7780,"A",,"R",253,"G",259,"G",11,"G",259,"G",11,"A",,2
210508,"A",,"A",,"R",684,"A",,"G",29,"A",,"G",29,"A",,-2
210571,"R",69448,"A",,"R",1380,"G",2315,"G",58,"G",2315,"G",58,"A",,2
210599,"R",33810,"A",,"A",,"G",1127,"A",,"G",1127,"A",,"A",,2
210605,"R",424707,"A",,"A",,"G",14157,"A",,"G",14157,"A",,"A",,2
210669,"R",67122,"A",,"A",,"G",2237,"A",,"R",2059,"A",,"A",,2
210711,"A",,"R",137920,"A",,"G",153,"A",,"G",153,"A",,"A",,1
210739,"R",69192,"A",,"R",12894,"G",2306,"G",537,"G",2306,"G",537,"A",,2
210748,"A",,"R",226338,"A",,"G",251,"A",,"G",251,"A",,"A",,1
210775,"R",64514,"A",,"R",10459,"G",2150,"G",436,"G",2150,"G",436,"A",,2
210784,"A",,"R",185700,"A",,"G",206,"A",,"G",206,"A",,"A",,1
210809,"A",,"A",,"R",6204,"A",,"G",259,"A",,"G",259,"R",0,-2
210890,"R",5220,"A",,"A",,"G",174,"A",,"G",174,"A",,"A",,2
210906,"R",30998,"A",,"A",,"G",689,"A",,"G",689,"A",,"A",,2
210942,"R",126150,"A",,"A",,"G",2803,"A",,"G",2803,"A",,"A",,2
210951,"A",,"R",62986,"A",,"G",70,"A",,"G",70,"A",,"A",,1
210960,"R",99954,"A",,"A",,"G",2221,"A",,"G",2221,"A",,"A",,2
211006,"A",,"R",489300,"A",,"G",544,"A",,"R",546,"A",,"A",,1
211024,"R",19491,"A",,"R",3251,"G",650,"G",135,"G",650,"G",135,"R",21,2
211079,"R",61390,"A",,"A",,"G",2046,"A",,"G",2046,"A",,"A",,2
211088,"R",66456,"A",,"R",27943,"G",2215,"G",1164,"G",2215,"G",1164,"R",202,2
211130,"A",,"A",,"R",6553,"A",,"G",273,"A",,"G",273,"A",,-2
211149,"A",,"R",175255,"A",,"G",195,"A",,"G",195,"A",,"A",,1
211158,"R",270869,"A",,"R",16714,"G",9029,"G",696,"G",9029,"G",696,"R",63,2
211200,"R",17738,"A",,"A",,"G",591,"A",,"G",591,"A",,"A",,2
211273,"R",41704,"A",,"R",9294,"G",1390,"G",387,"G",1390,"G",387,"A",,2
211291,"R",115063,"A",,"R",1180,"G",3835,"G",49,"R",3628,"R",77,"A",,2
211307,"R",227304,"A",,"A",,"G",7577,"A",,"G",7577,"A",,"A",,2
211316,"A",,"R",66086,"A",,"G",73,"A",,"G",73,"A",,"A",,1
211334,"A",,"R",88800,"A",,"G",99,"A",,"G",99,"A",,"A",,1
211343,"R",86697,"A",,"A",,"G",2890,"A",,"G",2890,"A",,"A",,2
211352,"R",42572,"A",,"R",31130,"G",1419,"G",1297,"G",1419,"G",1297,"A",,2
211361,"R",210541,"A",,"R",46729,"G",7018,"G",1947,"G",7018,"G",1947,"A",,2
211370,"A",,"A",,"R",954,"A",,"G",40,"A",,"G",40,"R",3,-2
211398,"R",9860,"A",,"A",,"G",219,"A",,"R",243,"A",,"A",,2
211431,"R",39764,"A",,"R",16657,"G",1325,"G",694,"G",1325,"G",694,"R",63,2
211440,"R",180790,"A",,"R",170256,"G",6026,"G",7094,"R",5834,"R",5048,"A",,2
211468,"R",35758,"A",,"R",3278,"G",1192,"G",137,"G",1192,"G",137,"A",,2
211477,"R",44902,"A",,"A",,"G",1497,"A",,"G",1497,"A",,"A",,2
211556,"R",24569,"A",,"R",24885,"G",819,"G",1037,"G",819,"G",1037,"R",243,2
211583,"R",43302,"A",,"R",9493,"G",1443,"G",396,"G",1443,"G",396,"R",119,2
211608,"R",35526,"A",,"R",816,"G",1184,"G",34,"G",1184,"G",34,"A",,2
211617,"R",44050,"A",,"A",,"G",1468,"A",,"G",1468,"A",,"A",,2
211635,"A",,"R",191160,"A",,"G",212,"A",,"G",212,"A",,"A",,1
211644,"R",162285,"A",,"R",18363,"G",5410,"G",765,"G",5410,"G",765,"A",,2
211750,"R",10516,"A",,"A",,"G",351,"A",,"G",351,"A",,"A",,2
211802,"R",5172,"R",39505,"A",,"G",216,"A",,"G",216,"A",,"A",,3
211820,"R",3698,"A",,"A",,"G",123,"A",,"G",123,"A",,"A",,2
211893,"R",4223,"A",,"R",927,"G",141,"G",39,"G",141,"G",39,"A",,2
211909,"A",,"R",148500,"A",,"G",165,"A",,"G",165,"A",,"A",,1
211927,"R",274221,"A",,"A",,"G",9141,"A",,"G",9141,"A",,"A",,2
211981,"R",59806,"A",,"R",3754,"G",1994,"G",156,"G",1994,"G",156,"A",,2
212009,"R",75650,"A",,"A",,"G",2522,"A",,"G",2522,"A",,"A",,2
212018,"A",,"A",,"R",36,"A",,"G",2,"A",,"G",2,"R",267,-2
212045,"R",12725,"R",16316,"A",,"G",442,"A",,"G",442,"A",,"A",,3
212054,"R",739494,"A",,"R",193982,"G",16433,"G",5388,"G",16433,"G",5388,"R",1526,2
212072,"R",10080,"A",,"A",,"G",224,"A",,"G",224,"A",,"A",,2
212090,"R",23096,"A",,"A",,"G",770,"A",,"G",770,"A",,"A",,2
212106,"R",186444,"A",,"R",44468,"G",6215,"G",1853,"G",6215,"G",1853,"R",1496,2
212115,"R",184209,"A",,"R",14713,"G",6140,"G",613,"G",6140,"G",613,"A",,2
212133,"R",71005,"A",,"R",24283,"G",2367,"G",1012,"R",2403,"R",1262,"R",33,2
212160,"R",178755,"A",,"R",27797,"G",5959,"G",1158,"G",5959,"G",1158,"A",,2
212197,"R",57421,"A",,"R",818,"G",1914,"G",34,"G",1914,"G",34,"A",,2
212212,"A",,"R",39550,"A",,"G",44,"A",,"G",44,"A",,"A",,1
212230,"A",,"R",46949,"A",,"G",52,"A",,"G",52,"A",,"A",,1
212267,"A",,"R",161973,"A",,"G",180,"A",,"G",180,"A",,"A",,1
212276,"A",,"R",164559,"A",,"G",183,"A",,"G",183,"A",,"A",,1
212285,"A",,"R",58259,"A",,"G",65,"A",,"G",65,"A",,"A",,1
212294,"A",,"R",64037,"A",,"G",71,"A",,"G",71,"A",,"A",,1
212300,"A",,"R",51373,"A",,"G",57,"A",,"G",57,"A",,"A",,1
212328,"A",,"R",178672,"A",,"G",199,"A",,"G",199,"A",,"A",,1
212337,"A",,"R",174518,"A",,"G",194,"A",,"G",194,"A",,"A",,1
212355,"A",,"R",201149,"A",,"G",223,"A",,"G",223,"A",,"A",,1
212373,"A",,"R",114871,"A",,"G",128,"A",,"G",128,"A",,"A",,1
212382,"A",,"R",158908,"A",,"G",177,"A",,"G",177,"A",,"A",,1
212391,"A",,"R",151211,"A",,"G",168,"A",,"G",168,"A",,"A",,1
212425,"R",5328,"R",61481,"A",,"G",246,"A",,"G",246,"A",,"A",,3
212434,"R",20205,"A",,"A",,"G",449,"A",,"G",449,"A",,"A",,2
212443,"A",,"A",,"R",1918,"A",,"G",80,"A",,"G",80,"A",,-2
212568,"R",6001,"A",,"A",,"G",200,"A",,"G",200,"A",,"A",,2
212577,"R",77066,"A",,"A",,"G",2569,"A",,"G",2569,"A",,"A",,2
212601,"R",84145,"A",,"R",18480,"G",2805,"G",770,"G",2805,"G",770,"R",122,2
212656,"R",54725,"A",,"R",6122,"G",1824,"G",255,"G",1824,"G",255,"A",,2
212674,"R",81374,"A",,"A",,"G",2712,"A",,"G",2712,"A",,"A",,2
212683,"A",,"R",103043,"A",,"G",114,"A",,"G",114,"A",,"A",,1
212708,"A",,"R",164218,"A",,"G",182,"A",,"G",182,"A",,"A",,1
212753,"A",,"R",249419,"A",,"G",277,"A",,"G",277,"A",,"A",,1
212771,"R",2112,"A",,"R",35025,"G",70,"G",1459,"G",70,"G",1459,"A",,2
212805,"R",75965,"A",,"A",,"G",2532,"A",,"G",2532,"A",,"A",,2
212832,"R",61000,"A",,"R",6065,"G",2033,"G",253,"G",2033,"G",253,"A",,2
212869,"R",59582,"A",,"A",,"G",1986,"A",,"G",1986,"A",,"A",,2
212878,"R",410627,"A",,"A",,"G",13688,"A",,"G",13688,"A",,"A",,2
212911,"R",37600,"A",,"A",,"G",1253,"A",,"G",1253,"A",,"A",,2
212975,"R",11673,"A",,"A",,"G",389,"A",,"G",389,"A",,"A",,2
212984,"R",53594,"A",,"R",14927,"G",1786,"G",622,"G",1786,"G",622,"A",,2
212993,"R",4050,"A",,"A",,"G",135,"A",,"G",135,"A",,"A",,2
213002,"R",37672,"A",,"A",,"G",1256,"A",,"G",1256,"A",,"A",,2
213011,"R",70722,"A",,"R",17599,"G",2357,"G",733,"R",2947,"R",978,"A",,2
213020,"R",382616,"R",254790,"R",37021,"G",13037,"G",1543,"G",13037,"G",1543,"R",60,3
213057,"R",17752,"A",,"A",,"G",394,"A",,"G",394,"A",,"A",,2
213163,"R",2515,"A",,"A",,"G",84,"A",,"G",84,"A",,"A",,2
213181,"A",,"R",494279,"A",,"G",549,"A",,"G",549,"A",,"A",,1
213215,"A",,"R",139059,"A",,"G",155,"A",,"G",155,"A",,"A",,1
213233,"R",13905,"A",,"A",,"G",464,"A",,"G",464,"A",,"A",,2
213251,"R",46441,"A",,"A",,"G",1548,"A",,"G",1548,"A",,"A",,2
213303,"R",52740,"A",,"R",845,"G",1758,"G",35,"G",1758,"G",35,"A",,2
213312,"R",12480,"A",,"A",,"G",416,"A",,"G",416,"A",,"A",,2
213321,"R",64533,"A",,"R",7799,"G",2151,"G",325,"G",2151,"G",325,"A",,2
213330,"A",,"R",54000,"A",,"G",60,"A",,"R",61,"A",,"A",,1
213349,"R",265431,"A",,"R",12113,"G",8848,"G",505,"G",8848,"G",505,"A",,2
213358,"R",35696,"A",,"R",1833,"G",1190,"G",76,"G",1190,"G",76,"A",,2
213367,"R",125018,"A",,"R",30209,"G",4167,"G",1259,"G",4167,"G",1259,"R",135,2
213376,"R",42513,"A",,"A",,"G",1417,"A",,"G",1417,"A",,"A",,2
213385,"R",76991,"A",,"A",,"G",2566,"A",,"G",2566,"A",,"A",,2
213400,"R",23960,"A",,"R",2859,"G",799,"G",119,"G",799,"G",119,"A",,2
213446,"A",,"A",,"R",1781,"A",,"G",74,"A",,"G",74,"A",,-2
213455,"A",,"R",98050,"A",,"G",109,"A",,"G",109,"A",,"A",,1
213473,"R",10844,"R",19613,"A",,"G",383,"A",,"G",383,"A",,"A",,3
213491,"A",,"R",75960,"A",,"G",84,"A",,"G",84,"A",,"A",,1
213507,"R",50888,"A",,"R",3289,"G",1696,"G",137,"G",1696,"G",137,"R",92,2
213525,"R",133974,"A",,"A",,"G",4466,"A",,"G",4466,"A",,"A",,2
213534,"R",27747,"R",18974,"A",,"G",638,"A",,"G",638,"A",,"A",,3
213543,"R",157157,"A",,"R",29459,"G",5239,"G",1227,"G",5239,"G",1227,"A",,2
213552,"A",,"R",97200,"A",,"G",108,"A",,"G",108,"A",,"A",,1
213570,"A",,"R",505537,"A",,"G",562,"A",,"G",562,"A",,"A",,1
213589,"A",,"R",243162,"A",,"G",270,"A",,"G",270,"A",,"A",,1
213598,"R",38048,"A",,"R",9944,"G",1268,"G",414,"G",1268,"G",414,"A",,2
213613,"R",145725,"A",,"R",9212,"G",4858,"G",384,"G",4858,"G",384,"A",,2
213622,"R",7632,"A",,"A",,"G",254,"A",,"G",254,"A",,"A",,2
213631,"A",,"A",,"R",3295,"A",,"G",137,"A",,"R",119,"A",,-2
213640,"A",,"A",,"R",3909,"A",,"G",163,"A",,"G",163,"R",15,-2
213659,"R",147399,"A",,"A",,"G",4913,"A",,"G",4913,"A",,"A",,2
213668,"R",43012,"A",,"A",,"G",1434,"A",,"G",1434,"A",,"A",,2
213686,"R",2517,"A",,"A",,"G",84,"A",,"G",84,"A",,"A",,2
213774,"R",21319,"A",,"A",,"G",711,"A",,"G",711,"A",,"A",,2
213783,"R",82995,"A",,"R",4876,"G",2767,"G",203,"G",2767,"G",203,"A",,2
213826,"R",68361,"A",,"R",21369,"G",2279,"G",890,"G",2279,"G",890,"R",30,2
213914,"R",12510,"A",,"A",,"G",417,"A",,"G",417,"A",,"A",,2
213932,"A",,"R",116280,"A",,"G",129,"A",,"G",129,"A",,"A",,1
213987,"R",80045,"A",,"R",5588,"G",2668,"G",233,"G",2668,"G",233,"A",,2
213996,"R",86673,"A",,"R",3043,"G",2889,"G",127,"G",2889,"R",169,"A",,2
214023,"A",,"R",130040,"A",,"G",144,"A",,"G",144,"A",,"A",,1
214041,"R",217006,"A",,"R",18526,"G",7234,"G",772,"G",7234,"G",772,"A",,2
214069,"R",65986,"A",,"R",4982,"G",2200,"G",208,"G",2200,"G",208,"R",119,2
214111,"R",270245,"A",,"A",,"G",9008,"A",,"G",9008,"A",,"A",,2
214148,"R",13694,"A",,"R",1100,"G",456,"G",46,"G",456,"G",46,"A",,2
214157,"R",50646,"A",,"R",3909,"G",1688,"G",163,"G",1688,"G",163,"A",,2
214166,"R",43983,"A",,"R",1065,"G",1466,"G",44,"G",1466,"G",44,"A",,2
214175,"R",83904,"A",,"A",,"G",2797,"A",,"G",2797,"A",,"A",,2
214254,"R",35182,"A",,"A",,"G",1173,"A",,"G",1173,"A",,"A",,2
214272,"R",69079,"A",,"R",6844,"G",2303,"G",285,"R",2400,"R",368,"R",162,2
214290,"R",17500,"A",,"A",,"G",583,"A",,"G",583,"A",,"A",,2
214315,"R",3819,"A",,"A",,"G",85,"A",,"R",123,"A",,"A",,2
214379,"R",224591,"A",,"A",,"G",7486,"A",,"G",7486,"A",,"A",,2
214476,"R",1590,"A",,"A",,"G",53,"A",,"G",53,"A",,"A",,2
214528,"R",19032,"R",14400,"A",,"G",650,"A",,"R",692,"A",,"A",,3
214546,"A",,"R",62889,"A",,"G",70,"A",,"G",70,"A",,"A",,1
214564,"A",,"A",,"R",8929,"A",,"G",372,"A",,"G",372,"R",982,-2
214582,"R",32111,"A",,"A",,"G",1070,"A",,"G",1070,"A",,"A",,2
214591,"R",125930,"A",,"R",1670,"G",4198,"G",70,"G",4198,"G",70,"A",,2
214607,"A",,"A",,"R",10308,"A",,"G",430,"A",,"G",430,"A",,-2
214616,"A",,"A",,"R",3163,"A",,"G",132,"A",,"G",132,"R",598,-2
214625,"R",21047,"A",,"R",36,"G",702,"G",2,"G",702,"G",2,"A",,2
214634,"R",15676,"A",,"A",,"G",523,"A",,"G",523,"A",,"A",,2
214643,"R",20056,"A",,"R",239,"G",669,"G",10,"G",669,"G",10,"A",,2
214652,"R",36314,"A",,"R",5,"G",1210,"G",0,"G",1210,"G",0,"A",,2
214670,"R",26806,"A",,"R",398,"G",894,"G",17,"G",894,"G",17,"A",,2
214689,"R",125718,"A",,"R",59,"G",4191,"G",2,"G",4191,"G",2,"A",,2
214698,"R",24164,"A",,"R",78,"G",805,"G",3,"G",805,"G",3,"A",,2
214704,"R",84456,"A",,"R",687,"G",2815,"G",29,"G",2815,"G",29,"A",,2
214713,"R",92516,"A",,"R",14301,"G",3084,"G",596,"G",3084,"G",596,"A",,2
214731,"R",46618,"A",,"A",,"G",1554,"A",,"G",1554,"A",,"A",,2
214740,"R",21362,"A",,"A",,"G",712,"A",,"G",712,"A",,"A",,2
214759,"R",26006,"A",,"A",,"G",867,"A",,"G",867,"A",,"A",,2
214768,"R",35986,"A",,"A",,"G",1200,"A",,"G",1200,"A",,"A",,2
214777,"R",1240501,"A",,"R",134679,"G",41350,"G",5612,"G",41350,"G",5612,"R",403,2
214786,"R",21130,"A",,"A",,"G",704,"A",,"G",704,"A",,"A",,2
214795,"R",33136,"A",,"R",3,"G",1105,"G",0,"G",1105,"G",0,"A",,2
214801,"R",100594,"A",,"R",800,"G",3353,"G",33,"G",3353,"G",33,"A",,2
214810,"R",29410,"A",,"R",6,"G",980,"G",0,"G",980,"G",0,"A",,2
214829,"R",31842,"A",,"R",1560,"G",1061,"G",65,"G",1061,"G",65,"A",,2
214838,"R",10856,"A",,"A",,"G",362,"A",,"G",362,"A",,"A",,2
214883,"R",42182,"A",,"A",,"G",1406,"A",,"G",1406,"A",,"A",,2
214892,"R",22800,"A",,"A",,"G",507,"A",,"G",507,"A",,"A",,2
214944,"A",,"R",546404,"A",,"G",607,"A",,"G",607,"A",,"A",,1
214962,"A",,"R",42709,"A",,"G",47,"A",,"G",47,"A",,"A",,1
214971,"R",7046,"A",,"R",3462,"G",235,"G",144,"G",235,"G",144,"A",,2
215008,"A",,"R",117600,"A",,"G",131,"A",,"G",131,"A",,"A",,1
215026,"A",,"R",12038,"A",,"G",13,"A",,"G",13,"A",,"A",,1
215044,"A",,"R",142050,"A",,"G",158,"A",,"G",158,"A",,"A",,1
215053,"R",7410,"A",,"A",,"G",247,"A",,"R",254,"A",,"A",,2
215062,"R",419889,"A",,"R",278821,"G",13996,"G",11618,"R",11871,"R",10413,"R",2158,2
215099,"R",88370,"A",,"R",16088,"G",2946,"G",670,"G",2946,"G",670,"A",,2
215105,"R",61735,"A",,"R",5989,"G",2058,"G",250,"G",2058,"G",250,"A",,2
215114,"R",25561,"A",,"R",4563,"G",852,"G",190,"G",852,"G",190,"A",,2
215123,"A",,"A",,"R",19689,"A",,"G",820,"A",,"G",820,"R",1908,-2
215132,"R",44277,"A",,"R",4229,"G",1476,"G",176,"G",1476,"G",176,"R",1047,2
215239,"R",473035,"A",,"A",,"G",15768,"A",,"G",15768,"A",,"A",,2
215266,"R",44551,"A",,"A",,"G",1485,"A",,"G",1485,"A",,"A",,2
215275,"R",52411,"A",,"A",,"G",1747,"A",,"G",1747,"A",,"A",,2
215284,"R",84659,"A",,"A",,"G",2822,"A",,"G",2822,"A",,"A",,2
215293,"R",552769,"A",,"R",203341,"G",18426,"G",8473,"G",18426,"G",8473,"R",2263,2
215309,"R",11231,"A",,"A",,"G",374,"A",,"G",374,"A",,"A",,2
215336,"A",,"R",75762,"A",,"G",84,"A",,"G",84,"A",,"A",,1
215381,"R",15089,"R",291480,"A",,"G",659,"A",,"G",659,"A",,"A",,3
215390,"R",9069,"A",,"A",,"G",302,"A",,"G",302,"A",,"A",,2
215415,"R",134775,"A",,"A",,"G",2995,"A",,"G",2995,"A",,"A",,2
215424,"A",,"A",,"R",5993,"A",,"G",166,"A",,"R",222,"A",,-2
215433,"R",24132,"A",,"A",,"G",804,"A",,"G",804,"A",,"A",,2
215442,"R",91918,"A",,"R",10065,"G",3064,"G",419,"G",3064,"G",419,"A",,2
215479,"R",2612,"A",,"A",,"G",87,"A",,"G",87,"A",,"A",,2
215530,"A",,"R",52292,"A",,"G",58,"A",,"G",58,"A",,"A",,1
215585,"R",94860,"A",,"A",,"G",3162,"A",,"R",3310,"A",,"A",,2
215594,"A",,"R",327473,"A",,"G",364,"A",,"G",364,"A",,"A",,1
215619,"A",,"A",,"R",1398,"A",,"G",58,"A",,"G",58,"A",,-2
215628,"A",,"A",,"R",2081,"A",,"G",58,"A",,"G",58,"R",11,-2
215637,"R",12900,"A",,"A",,"G",287,"A",,"G",287,"A",,"A",,2
215646,"R",34132,"A",,"A",,"G",1138,"A",,"G",1138,"A",,"A",,2
215655,"R",116413,"A",,"R",18062,"G",3880,"G",753,"G",3880,"G",753,"A",,2
215682,"R",34803,"A",,"A",,"G",1160,"A",,"G",1160,"A",,"A",,2
215691,"R",14634,"A",,"R",6058,"G",488,"G",252,"G",488,"G",252,"A",,2
215743,"R",56910,"A",,"R",12583,"G",1897,"G",524,"G",1897,"G",524,"R",90,2
215770,"R",154720,"A",,"R",54946,"G",5157,"G",2289,"R",4880,"R",1836,"A",,2
215798,"R",52627,"A",,"R",4205,"G",1754,"G",175,"G",1754,"G",175,"A",,2
215813,"A",,"A",,"R",1951,"A",,"G",81,"A",,"G",81,"A",,-2
215886,"A",,"R",144000,"A",,"G",160,"A",,"G",160,"A",,"A",,1
215929,"R",130618,"A",,"R",40405,"G",4354,"G",1684,"G",4354,"G",1684,"R",919,2
215947,"R",52844,"A",,"R",10895,"G",1761,"G",454,"G",1761,"G",454,"A",,2
215965,"R",2807,"A",,"A",,"G",94,"A",,"G",94,"A",,"A",,2
215974,"R",10980,"A",,"A",,"G",366,"A",,"G",366,"A",,"A",,2
215983,"R",2887,"A",,"A",,"G",96,"A",,"G",96,"A",,"A",,2
215992,"R",11072,"R",57680,"A",,"G",433,"A",,"G",433,"A",,"A",,3
216010,"R",203689,"A",,"R",15508,"G",6790,"G",646,"G",6790,"G",646,"A",,2
216038,"R",240705,"A",,"R",12310,"G",8024,"G",513,"G",8024,"G",513,"R",277,2
216047,"R",2323,"A",,"R",2363,"G",77,"G",98,"G",77,"G",98,"A",,2
216074,"A",,"R",83980,"A",,"G",93,"A",,"G",93,"A",,"A",,1
216083,"A",,"R",942528,"A",,"G",1047,"A",,"R",944,"A",,"A",,1
216162,"R",5280,"A",,"A",,"G",176,"A",,"G",176,"A",,"A",,2
216223,"A",,"R",61100,"A",,"G",68,"A",,"G",68,"A",,"A",,1
216278,"R",75644,"A",,"A",,"G",2521,"A",,"G",2521,"A",,"A",,2
216287,"R",50105,"A",,"A",,"G",1670,"A",,"R",1566,"A",,"A",,2
216296,"R",27258,"A",,"A",,"G",909,"A",,"G",909,"A",,"A",,2
216311,"R",5141,"A",,"A",,"G",171,"A",,"R",119,"A",,"A",,2
216339,"R",797929,"A",,"R",91866,"G",26598,"G",3828,"G",26598,"G",3828,"R",3192,2
216348,"A",,"A",,"R",690,"A",,"G",19,"A",,"G",19,"A",,-2
216357,"R",31896,"A",,"A",,"G",1063,"A",,"G",1063,"A",,"A",,2
216366,"R",31772,"A",,"R",43312,"G",1059,"G",1805,"G",1059,"G",1805,"R",1367,2
216418,"R",45000,"A",,"A",,"G",1500,"A",,"G",1500,"A",,"A",,2
216427,"R",5317,"A",,"A",,"G",177,"A",,"R",188,"A",,"A",,2
216436,"R",13644,"A",,"A",,"G",455,"A",,"R",482,"A",,"A",,2
216445,"R",9282,"A",,"A",,"G",309,"A",,"G",309,"A",,"A",,2
216454,"R",10120,"A",,"A",,"G",337,"A",,"G",337,"A",,"A",,2
216463,"A",,"A",,"R",2503,"A",,"G",104,"A",,"G",104,"A",,-2
216524,"R",54581,"A",,"A",,"G",1819,"A",,"R",1762,"A",,"A",,2
216542,"R",27522,"A",,"R",526,"G",917,"G",22,"G",917,"G",22,"A",,2
216551,"R",9016,"A",,"A",,"G",301,"A",,"G",301,"A",,"A",,2
216579,"A",,"R",141952,"A",,"G",158,"A",,"G",158,"A",,"A",,1
216597,"R",228822,"A",,"R",41046,"G",7627,"G",1710,"G",7627,"G",1710,"R",727,2
216630,"R",1675,"R",130250,"A",,"G",182,"A",,"G",182,"A",,"A",,3
216649,"A",,"R",32250,"A",,"G",36,"A",,"G",36,"A",,"A",,1
216667,"R",48334,"A",,"A",,"G",1611,"A",,"R",1439,"A",,"A",,2
216694,"R",50749,"A",,"R",12977,"G",1692,"G",541,"G",1692,"G",541,"R",37,2
216746,"A",,"R",72661,"A",,"G",81,"A",,"G",81,"A",,"A",,1
216764,"R",375043,"A",,"R",36566,"G",12501,"G",1524,"G",12501,"G",1524,"A",,2
216773,"R",2496,"A",,"A",,"G",83,"A",,"G",83,"A",,"A",,2
216782,"R",28880,"A",,"A",,"G",963,"A",,"G",963,"A",,"A",,2
216807,"R",49236,"A",,"R",664,"G",1641,"G",28,"G",1641,"G",28,"A",,2
216816,"A",,"A",,"R",9380,"A",,"G",391,"A",,"R",370,"R",37,-2
216825,"R",149361,"A",,"A",,"G",4979,"A",,"G",4979,"A",,"A",,2
216852,"R",90340,"A",,"R",21719,"G",3011,"G",905,"G",3011,"G",905,"R",347,2
216931,"R",67005,"A",,"R",40165,"G",2234,"G",1674,"G",2234,"G",1674,"R",277,2
216986,"R",3699,"A",,"A",,"G",82,"A",,"G",82,"A",,"A",,2
217013,"R",16827,"A",,"R",1101,"G",561,"G",46,"G",561,"G",46,"A",,2
217040,"R",2016,"A",,"A",,"G",67,"A",,"G",67,"A",,"A",,2
217059,"R",150852,"A",,"R",3444,"G",5028,"G",144,"G",5028,"G",144,"R",5,2
217077,"R",93395,"A",,"A",,"G",3113,"A",,"G",3113,"A",,"A",,2
217086,"R",5395,"A",,"A",,"G",180,"A",,"G",180,"A",,"A",,2
217095,"A",,"R",179232,"A",,"G",199,"A",,"G",199,"A",,"A",,1
217156,"R",201323,"A",,"R",40621,"G",6711,"G",1693,"R",6109,"R",1864,"R",417,2
217165,"R",101282,"A",,"R",5798,"G",3376,"G",242,"G",3376,"G",242,"A",,2
217235,"R",462787,"A",,"R",30050,"G",10284,"G",835,"G",10284,"G",835,"A",,2
217244,"R",41434,"A",,"A",,"G",1381,"A",,"G",1381,"A",,"A",,2
217305,"R",152414,"A",,"R",1696,"G",3387,"G",47,"G",3387,"G",47,"A",,2
217323,"A",,"R",323160,"A",,"G",359,"A",,"G",359,"A",,"A",,1
217350,"A",,"R",60900,"A",,"G",68,"A",,"G",68,"A",,"A",,1
217402,"R",118969,"A",,"R",9268,"G",3966,"G",386,"G",3966,"G",386,"A",,2
217420,"R",196397,"A",,"R",17512,"G",6547,"G",730,"G",6547,"G",730,"A",,2
217475,"R",320903,"A",,"A",,"G",10697,"A",,"G",10697,"A",,"A",,2
217484,"R",398398,"A",,"R",38584,"G",13280,"G",1608,"G",13280,"R",1929,"R",688,2
217493,"R",62866,"A",,"R",14836,"G",2096,"G",618,"G",2096,"R",443,"A",,2
217518,"R",124116,"A",,"R",7066,"G",4137,"G",294,"G",4137,"G",294,"A",,2
217536,"R",59424,"A",,"R",8400,"G",1981,"G",350,"G",1981,"G",350,"A",,2
217545,"R",39180,"A",,"A",,"G",1306,"A",,"G",1306,"A",,"A",,2
217572,"R",1792,"R",103734,"A",,"G",175,"A",,"G",175,"A",,"A",,3
217581,"A",,"R",125593,"A",,"G",140,"A",,"G",140,"A",,"A",,1
217606,"R",8483,"A",,"A",,"G",283,"A",,"G",283,"A",,"A",,2
217615,"R",68129,"A",,"A",,"G",2271,"A",,"G",2271,"A",,"A",,2
217624,"R",19816,"A",,"A",,"G",661,"A",,"G",661,"A",,"A",,2
217633,"R",64388,"A",,"R",4740,"G",2146,"G",198,"G",2146,"G",198,"A",,2
217688,"R",87027,"A",,"R",7287,"G",2901,"G",304,"G",2901,"G",304,"A",,2
217712,"R",54967,"A",,"A",,"G",1832,"A",,"G",1832,"A",,"A",,2
217721,"R",99074,"A",,"A",,"G",3302,"A",,"G",3302,"A",,"A",,2
217749,"R",95865,"A",,"R",7884,"G",3196,"G",329,"R",3220,"R",542,"A",,2
217776,"R",37141,"A",,"R",10063,"G",1238,"G",419,"G",1238,"G",419,"A",,2
217794,"A",,"R",119780,"A",,"G",133,"A",,"G",133,"A",,"A",,1
217819,"R",306589,"A",,"R",18525,"G",10220,"G",772,"G",10220,"G",772,"A",,2
217828,"A",,"R",130700,"A",,"G",145,"A",,"G",145,"A",,"A",,1
217837,"R",28050,"A",,"A",,"G",935,"A",,"G",935,"A",,"A",,2
217864,"R",87510,"A",,"R",15123,"G",2917,"G",630,"G",2917,"G",630,"A",,2
217873,"R",57458,"A",,"R",1308,"G",1915,"G",55,"G",1915,"G",55,"A",,2
217882,"R",481037,"A",,"R",79122,"G",16035,"G",3297,"G",16035,"G",3297,"A",,2
217891,"R",5220,"A",,"A",,"G",174,"A",,"G",174,"A",,"A",,2
217907,"R",27423,"A",,"R",12,"G",914,"G",1,"G",914,"G",1,"A",,2
217925,"R",17174,"A",,"R",10135,"G",572,"G",422,"R",535,"R",409,"A",,2
217934,"R",30916,"A",,"R",4686,"G",1031,"G",195,"G",1031,"G",195,"A",,2
217961,"R",21866,"A",,"R",17734,"G",729,"G",739,"G",729,"G",739,"A",,2
217989,"R",57034,"A",,"A",,"G",1901,"A",,"G",1901,"A",,"A",,2
217998,"R",16886,"A",,"R",3134,"G",563,"G",131,"G",563,"G",131,"A",,2
218025,"R",140237,"A",,"A",,"G",4675,"A",,"G",4675,"A",,"A",,2
218043,"R",6480,"A",,"A",,"G",144,"A",,"G",144,"A",,"A",,2
218061,"R",103569,"A",,"R",5425,"G",3452,"G",226,"G",3452,"G",226,"A",,2
218070,"R",87828,"A",,"R",3015,"G",2928,"G",126,"G",2928,"G",126,"A",,2
218089,"R",6598,"A",,"R",1157,"G",220,"G",48,"G",220,"G",48,"A",,2
218113,"R",315671,"A",,"A",,"G",10522,"A",,"G",10522,"A",,"A",,2
218140,"R",172496,"A",,"A",,"G",5750,"A",,"G",5750,"A",,"A",,2
218159,"A",,"R",80300,"A",,"G",89,"A",,"G",89,"A",,"A",,1
218195,"A",,"R",122280,"A",,"G",136,"A",,"G",136,"A",,"A",,1
218229,"R",86381,"A",,"R",1692,"G",2879,"G",71,"G",2879,"G",71,"A",,2
218238,"R",84429,"A",,"A",,"G",2814,"A",,"G",2814,"A",,"A",,2
218265,"A",,"A",,"R",3506,"A",,"G",146,"A",,"R",122,"A",,-2
218335,"R",8083,"A",,"R",47256,"G",269,"G",1969,"G",269,"G",1969,"R",2988,2
218353,"R",276280,"A",,"A",,"G",9209,"A",,"G",9209,"A",,"A",,2
218399,"R",34202,"A",,"A",,"G",1140,"A",,"G",1140,"A",,"A",,2
218414,"R",34265,"A",,"A",,"G",1142,"A",,"G",1142,"A",,"A",,2
218441,"R",64701,"A",,"R",3293,"G",2157,"G",137,"G",2157,"G",137,"A",,2
218487,"R",63633,"A",,"A",,"G",2121,"A",,"G",2121,"A",,"A",,2
218520,"R",140664,"A",,"A",,"G",4689,"A",,"G",4689,"A",,"A",,2
218539,"R",35861,"A",,"A",,"G",1195,"A",,"G",1195,"A",,"R",157,2
218645,"R",84050,"A",,"R",1298,"G",2802,"G",54,"G",2802,"G",54,"A",,2
218654,"R",48283,"A",,"A",,"G",1609,"A",,"G",1609,"A",,"A",,2
218663,"R",678571,"A",,"R",114816,"G",22619,"G",4784,"G",22619,"G",4784,"R",3100,2
218672,"R",37202,"A",,"A",,"G",1240,"A",,"G",1240,"A",,"A",,2
218681,"R",23304,"A",,"A",,"G",777,"A",,"G",777,"A",,"A",,2
218690,"R",22547,"A",,"A",,"G",752,"A",,"G",752,"A",,"A",,2
218706,"R",11053,"A",,"A",,"G",368,"A",,"G",368,"A",,"A",,2
218724,"R",252834,"A",,"R",9523,"G",8428,"G",397,"G",8428,"G",397,"A",,2
218733,"R",109192,"A",,"R",10393,"G",3640,"G",433,"G",3640,"G",433,"A",,2
218742,"R",147912,"A",,"R",1556,"G",4930,"G",65,"G",4930,"G",65,"A",,2
218751,"A",,"A",,"A",,"A",,"A",,"A",,"A",,"R",182,-2
218821,"R",24626,"A",,"A",,"G",821,"A",,"G",821,"A",,"A",,2
218830,"R",132320,"A",,"A",,"G",4411,"A",,"G",4411,"A",,"A",,2
218858,"R",93559,"A",,"A",,"G",3119,"A",,"G",3119,"A",,"A",,2
218867,"A",,"R",46079,"A",,"G",51,"A",,"G",51,"A",,"A",,1
218885,"R",158942,"A",,"A",,"G",5298,"A",,"G",5298,"A",,"A",,2
218894,"R",390077,"A",,"A",,"G",13003,"A",,"G",13003,"A",,"A",,2
218919,"R",20142,"A",,"A",,"G",671,"A",,"G",671,"A",,"A",,2
218955,"R",14407,"A",,"A",,"G",480,"A",,"G",480,"A",,"A",,2
218964,"R",142599,"A",,"R",18347,"G",4753,"G",764,"G",4753,"G",764,"A",,2
218973,"R",51309,"A",,"A",,"G",1710,"A",,"G",1710,"A",,"A",,2
218991,"R",120126,"A",,"A",,"G",4004,"A",,"G",4004,"A",,"A",,2
219000,"R",54791,"A",,"R",689,"G",1826,"G",29,"G",1826,"G",29,"A",,2
219037,"A",,"R",206080,"A",,"G",229,"A",,"R",196,"A",,"A",,1
219046,"R",92543,"A",,"R",4954,"G",3085,"G",206,"G",3085,"G",206,"A",,2
219055,"R",8967,"A",,"A",,"G",299,"A",,"G",299,"A",,"A",,2
219082,"R",52701,"A",,"R",3688,"G",1757,"G",154,"G",1757,"G",154,"A",,2
219091,"R",20627,"A",,"R",999,"G",688,"G",42,"G",688,"G",42,"A",,2
219125,"A",,"R",107553,"A",,"G",120,"A",,"G",120,"A",,"A",,1
219143,"R",50158,"A",,"A",,"G",1672,"A",,"G",1672,"A",,"A",,2
219170,"A",,"R",40000,"A",,"G",44,"A",,"R",20,"A",,"A",,1
219189,"R",33667,"A",,"A",,"G",1122,"A",,"G",1122,"A",,"A",,2
219198,"R",25130,"A",,"R",2603,"G",838,"G",108,"G",838,"G",108,"A",,2
219204,"R",72281,"A",,"R",9131,"G",1606,"G",254,"G",1606,"G",254,"A",,2
219213,"R",30415,"A",,"A",,"G",676,"A",,"G",676,"A",,"A",,2
219240,"A",,"A",,"R",2617,"A",,"G",109,"A",,"G",109,"A",,-2
219259,"R",61641,"A",,"R",3955,"G",2055,"G",165,"G",2055,"G",165,"A",,2
219277,"R",35551,"A",,"R",1795,"G",1185,"G",75,"G",1185,"G",75,"A",,2
219295,"R",17102,"A",,"A",,"G",570,"A",,"G",570,"A",,"A",,2
219338,"A",,"R",22464,"A",,"G",25,"A",,"G",25,"A",,"A",,1
219347,"R",54106,"A",,"R",4654,"G",1804,"G",194,"G",1804,"G",194,"A",,2
219356,"R",292427,"A",,"R",17878,"G",9748,"G",745,"G",9748,"G",745,"R",168,2
219374,"R",17109,"A",,"R",846,"G",570,"G",35,"G",570,"G",35,"A",,2
219383,"R",33503,"A",,"R",4809,"G",1117,"G",200,"G",1117,"G",200,"A",,2
219392,"A",,"R",48600,"A",,"G",54,"A",,"G",54,"A",,"A",,1
219408,"R",5465,"A",,"A",,"G",182,"A",,"G",182,"A",,"A",,2
219426,"R",70895,"A",,"A",,"G",2363,"A",,"G",2363,"A",,"A",,2
219453,"A",,"R",211055,"A",,"G",235,"A",,"G",235,"A",,"A",,1
219471,"R",172091,"A",,"R",34104,"G",5736,"G",1421,"G",5736,"G",1421,"R",1214,2
219480,"R",31192,"A",,"A",,"G",1040,"A",,"G",1040,"A",,"A",,2
219505,"R",2217,"A",,"R",318,"G",74,"G",13,"G",74,"G",13,"A",,2
219578,"R",14262,"A",,"A",,"G",475,"A",,"G",475,"A",,"A",,2
219587,"A",,"R",61809,"A",,"G",69,"A",,"G",69,"A",,"A",,1
219596,"A",,"R",219440,"A",,"G",244,"A",,"G",244,"A",,"A",,1
219602,"R",243926,"A",,"R",14021,"G",8131,"G",584,"G",8131,"G",584,"A",,2
219639,"R",24391,"A",,"A",,"G",813,"A",,"G",813,"A",,"A",,2
219709,"R",143716,"A",,"R",11780,"G",4791,"G",491,"G",4791,"G",491,"R",598,2
219718,"R",75003,"A",,"R",12941,"G",2500,"G",539,"G",2500,"G",539,"A",,2
219790,"R",37838,"A",,"R",2967,"G",1261,"G",124,"G",1261,"G",124,"A",,2
219806,"R",50384,"A",,"R",5578,"G",1679,"G",232,"G",1679,"G",232,"A",,2
219824,"R",208902,"A",,"A",,"G",6963,"A",,"G",6963,"A",,"A",,2
219833,"R",52502,"A",,"R",8837,"G",1750,"G",368,"G",1750,"G",368,"A",,2
219842,"A",,"A",,"R",3554,"A",,"G",148,"A",,"G",148,"A",,-2
219879,"R",79369,"A",,"A",,"G",2646,"A",,"G",2646,"A",,"A",,2
219888,"R",105767,"A",,"A",,"G",3526,"A",,"G",3526,"A",,"A",,2
219903,"A",,"R",751535,"A",,"G",835,"A",,"G",835,"A",,"A",,1
219921,"A",,"R",167127,"A",,"G",186,"A",,"G",186,"A",,"A",,1
219949,"R",37449,"A",,"R",4724,"G",1248,"G",197,"G",1248,"G",197,"A",,2
219976,"R",83272,"A",,"R",22770,"G",2776,"G",949,"G",2776,"G",949,"R",486,2
219994,"A",,"R",482416,"A",,"G",536,"A",,"G",536,"A",,"A",,1
220002,"R",2808,"R",3100,"A",,"G",66,"A",,"G",66,"A",,"A",,3
220057,"R",69845,"A",,"A",,"G",2328,"A",,"G",2328,"A",,"A",,2
220075,"R",338971,"A",,"R",41217,"G",11299,"G",1717,"G",11299,"G",1717,"R",588,2
220118,"R",13460,"A",,"A",,"G",299,"A",,"G",299,"A",,"A",,2
220127,"A",,"R",487194,"A",,"G",541,"A",,"G",541,"A",,"A",,1
220136,"A",,"A",,"R",2038,"A",,"G",85,"A",,"G",85,"R",6,-2
220163,"A",,"R",124725,"A",,"G",139,"A",,"G",139,"A",,"A",,1
220181,"R",14308,"A",,"R",951,"G",477,"G",40,"G",477,"G",40,"A",,2
220206,"R",6237,"A",,"A",,"G",208,"A",,"G",208,"A",,"A",,2
220215,"R",44823,"A",,"R",8260,"G",1494,"G",344,"G",1494,"G",344,"A",,2
220251,"A",,"R",225798,"A",,"G",251,"A",,"G",251,"A",,"A",,1
220279,"A",,"R",324746,"A",,"G",361,"A",,"G",361,"A",,"A",,1
220312,"R",6216,"A",,"A",,"G",207,"A",,"G",207,"A",,"A",,2
220321,"A",,"R",377582,"A",,"G",420,"A",,"G",420,"A",,"A",,1
220394,"A",,"R",239400,"A",,"G",266,"A",,"G",266,"A",,"A",,1
220400,"R",101212,"A",,"A",,"G",3374,"A",,"G",3374,"A",,"A",,2
220464,"R",3817,"A",,"A",,"G",127,"A",,"G",127,"A",,"A",,2
220473,"R",21621,"A",,"R",2365,"G",721,"G",99,"G",721,"G",99,"A",,2
220491,"A",,"R",328709,"A",,"G",365,"A",,"G",365,"A",,"A",,1
220516,"R",55646,"A",,"R",8015,"G",1855,"G",334,"G",1855,"G",334,"A",,2
220552,"R",43227,"A",,"R",9394,"G",961,"G",261,"G",961,"G",261,"R",37,2
220570,"A",,"R",47697,"A",,"G",53,"A",,"G",53,"A",,"A",,1
220598,"R",62449,"A",,"A",,"G",2082,"A",,"G",2082,"A",,"A",,2
220604,"R",31961,"A",,"A",,"G",1065,"A",,"G",1065,"A",,"A",,2
220613,"R",108332,"A",,"R",5016,"G",3611,"G",209,"R",4514,"R",279,"A",,2
220631,"R",47684,"A",,"R",41143,"G",1589,"G",1714,"G",1589,"G",1714,"R",1445,2
220640,"A",,"R",342384,"A",,"G",380,"A",,"G",380,"A",,"A",,1
220701,"R",29529,"A",,"A",,"G",984,"A",,"G",984,"A",,"A",,2
220710,"R",33071,"A",,"A",,"G",1102,"A",,"G",1102,"A",,"A",,2
220756,"A",,"R",230195,"A",,"G",256,"A",,"G",256,"A",,"A",,1
220765,"A",,"R",689700,"A",,"G",766,"A",,"G",766,"A",,"A",,1
220792,"A",,"A",,"R",5661,"A",,"G",236,"A",,"R",141,"R",642,-2
220808,"R",9670,"A",,"R",929,"G",322,"G",39,"G",322,"G",39,"A",,2
220853,"A",,"R",783813,"A",,"G",871,"A",,"G",871,"A",,"A",,1
220862,"R",447539,"A",,"R",72564,"G",14918,"G",3024,"G",14918,"G",3024,"R",500,2
220871,"A",,"A",,"R",5299,"A",,"G",221,"A",,"G",221,"A",,-2
220941,"R",27965,"A",,"R",591,"G",932,"G",25,"G",932,"G",25,"A",,2
220978,"R",619056,"A",,"R",48975,"G",20635,"G",2041,"G",20635,"G",2041,"A",,2
220996,"A",,"A",,"R",10205,"A",,"G",283,"A",,"G",283,"A",,-2
221014,"R",28269,"A",,"R",5132,"G",942,"G",214,"G",942,"G",214,"A",,2
221050,"A",,"R",574649,"A",,"G",638,"A",,"G",638,"A",,"A",,1
221096,"R",95826,"A",,"A",,"G",3194,"A",,"G",3194,"A",,"A",,2
221102,"A",,"R",438093,"A",,"G",487,"A",,"G",487,"A",,"A",,1
221148,"A",,"R",1519013,"A",,"G",1688,"A",,"G",1688,"A",,"A",,1
221157,"R",6588,"A",,"A",,"G",220,"A",,"G",220,"A",,"A",,2
221184,"R",196346,"A",,"A",,"G",6545,"A",,"G",6545,"A",,"A",,2
221236,"A",,"R",342336,"A",,"G",380,"A",,"G",380,"A",,"A",,1
221254,"R",5314,"A",,"A",,"G",177,"A",,"G",177,"A",,"A",,2
221281,"A",,"R",318402,"A",,"G",354,"A",,"G",354,"A",,"A",,1
221290,"A",,"R",177336,"A",,"G",197,"A",,"G",197,"A",,"A",,1
221333,"A",,"R",318402,"A",,"G",354,"A",,"G",354,"A",,"A",,1
221351,"R",58425,"A",,"R",349,"G",1948,"G",15,"G",1948,"G",15,"A",,2
221388,"A",,"R",165250,"A",,"G",184,"A",,"G",184,"A",,"A",,1
221397,"R",135454,"A",,"A",,"G",4515,"A",,"G",4515,"A",,"A",,2
221430,"A",,"R",208543,"A",,"G",232,"A",,"G",232,"A",,"A",,1
221485,"R",281403,"A",,"A",,"G",9380,"A",,"G",9380,"A",,"A",,2
221494,"A",,"R",468680,"A",,"G",521,"A",,"G",521,"A",,"A",,1
221519,"R",48337,"A",,"R",2488,"G",1611,"G",104,"G",1611,"G",104,"R",33,2
221582,"A",,"R",215272,"A",,"G",239,"A",,"G",239,"A",,"A",,1
221591,"A",,"R",299605,"A",,"G",333,"A",,"G",333,"A",,"A",,1
221607,"A",,"R",201240,"A",,"G",224,"A",,"G",224,"A",,"A",,1
221616,"A",,"R",434844,"A",,"G",483,"A",,"G",483,"A",,"A",,1
221625,"A",,"R",561236,"A",,"G",624,"A",,"G",624,"A",,"A",,1
221634,"A",,"R",141837,"A",,"G",158,"A",,"G",158,"A",,"A",,1
221643,"R",229580,"A",,"A",,"G",7653,"A",,"G",7653,"A",,"A",,2
221661,"R",75410,"A",,"R",8177,"G",2514,"G",341,"G",2514,"G",341,"R",0,2
221670,"A",,"A",,"R",28905,"A",,"G",1204,"A",,"R",494,"R",494,-2
221731,"R",33293,"A",,"A",,"G",1110,"A",,"G",1110,"A",,"A",,2
221740,"R",270612,"A",,"R",25496,"G",9020,"G",1062,"G",9020,"G",1062,"R",136,2
221759,"R",590029,"A",,"R",126934,"G",19668,"G",5289,"G",19668,"G",5289,"R",2986,2
221768,"R",204971,"A",,"R",7117,"G",6832,"G",297,"G",6832,"G",297,"A",,2
221795,"R",7980,"A",,"A",,"G",266,"A",,"G",266,"A",,"A",,2
221829,"A",,"R",249818,"A",,"G",278,"A",,"G",278,"A",,"A",,1
221838,"R",186196,"A",,"R",35618,"G",6207,"G",1484,"G",6207,"G",1484,"A",,2
221847,"R",267307,"A",,"R",18880,"G",8910,"G",787,"G",8910,"G",787,"A",,2
221856,"R",15297,"A",,"R",3706,"G",510,"G",154,"G",510,"G",154,"A",,2
221892,"R",38937,"A",,"R",23632,"G",1298,"G",985,"G",1298,"G",985,"A",,2
221908,"R",140371,"A",,"A",,"G",4679,"A",,"G",4679,"A",,"A",,2
221953,"R",56855,"A",,"R",3505,"G",1895,"G",146,"G",1895,"G",146,"A",,2
221971,"R",82578,"A",,"R",26943,"G",2753,"G",1123,"G",2753,"G",1123,"R",198,2
221980,"A",,"R",57893,"A",,"G",64,"A",,"G",64,"A",,"A",,1
221999,"R",204431,"A",,"R",93114,"G",6814,"G",3880,"G",6814,"G",3880,"R",1035,2
222026,"A",,"R",99710,"A",,"G",111,"A",,"G",111,"A",,"A",,1
222053,"R",173183,"A",,"A",,"G",5773,"A",,"G",5773,"A",,"A",,2
222062,"R",138361,"A",,"A",,"G",4612,"A",,"G",4612,"A",,"A",,2
222099,"R",5157,"R",41015,"A",,"G",217,"A",,"G",217,"A",,"A",,3
222105,"R",222,"R",99037,"A",,"G",117,"A",,"G",117,"A",,"A",,3
222178,"R",102447,"A",,"R",13885,"G",3415,"G",579,"G",3415,"R",771,"A",,2
222567,"R",122523,"A",,"A",,"G",4084,"A",,"G",4084,"A",,"A",,2
222576,"R",194161,"A",,"A",,"G",6472,"A",,"G",6472,"A",,"A",,2
222628,"R",9024,"A",,"R",15414,"G",301,"G",642,"G",301,"G",642,"A",,2
222673,"A",,"R",284040,"A",,"G",316,"A",,"R",263,"A",,"A",,1
222682,"A",,"R",139140,"A",,"G",155,"A",,"G",155,"A",,"A",,1
222691,"A",,"R",89820,"A",,"G",100,"A",,"G",100,"A",,"A",,1
222707,"R",3617,"A",,"A",,"G",121,"A",,"G",121,"A",,"A",,2
222761,"A",,"R",697440,"A",,"G",775,"A",,"R",679,"A",,"A",,1
222822,"R",112078,"A",,"A",,"G",3736,"A",,"G",3736,"A",,"A",,2
222831,"R",164957,"A",,"R",16412,"G",5499,"G",684,"G",5499,"G",684,"R",82,2
222877,"R",6351,"A",,"R",408,"G",212,"G",17,"G",212,"G",17,"A",,2
222886,"A",,"R",235106,"A",,"G",261,"A",,"G",261,"A",,"A",,1
222938,"R",119112,"A",,"A",,"G",2647,"A",,"G",2647,"A",,"A",,2
222983,"R",45510,"A",,"R",800,"G",1517,"G",33,"R",1230,"R",25,"A",,2
222992,"R",791751,"A",,"A",,"G",26392,"A",,"G",26392,"A",,"A",,2
223001,"A",,"A",,"R",2966,"A",,"G",124,"A",,"G",124,"R",17,-2
223056,"A",,"R",59682,"A",,"G",66,"A",,"G",66,"A",,"A",,1
223083,"R",11778,"A",,"A",,"G",393,"A",,"G",393,"A",,"A",,2
223117,"R",1101,"A",,"R",813,"G",37,"G",34,"G",37,"G",34,"A",,2
223214,"R",4583,"A",,"R",21580,"G",153,"G",899,"G",153,"G",899,"R",1042,2
223223,"A",,"A",,"R",18400,"A",,"G",767,"A",,"G",767,"R",783,-2
223232,"R",383202,"A",,"R",44616,"G",12773,"G",1859,"G",12773,"G",1859,"R",692,2
223320,"R",71698,"A",,"A",,"G",2390,"A",,"G",2390,"A",,"A",,2
223427,"R",416980,"A",,"A",,"G",13899,"A",,"G",13899,"A",,"A",,2
223463,"R",57898,"R",74625,"A",,"G",2013,"A",,"G",2013,"A",,"A",,3
223472,"R",10282,"A",,"A",,"G",343,"A",,"G",343,"A",,"A",,2
223506,"R",81387,"A",,"A",,"G",2713,"A",,"G",2713,"A",,"A",,2
223524,"R",218255,"A",,"A",,"G",7275,"A",,"G",7275,"A",,"A",,2
223658,"A",,"R",235616,"A",,"G",262,"A",,"G",262,"A",,"A",,1
223667,"A",,"R",15964,"A",,"G",18,"A",,"G",18,"A",,"A",,1
223773,"R",111603,"A",,"A",,"G",3720,"A",,"G",3720,"A",,"A",,2
223816,"R",457571,"A",,"A",,"G",15252,"A",,"G",15252,"A",,"A",,2
223852,"A",,"R",49000,"A",,"G",54,"A",,"G",54,"A",,"A",,1
223898,"R",74453,"R",484924,"A",,"G",3021,"A",,"G",3021,"A",,"A",,3
223922,"R",29972,"A",,"A",,"G",999,"A",,"G",999,"A",,"A",,2
224004,"R",42427,"A",,"R",20045,"G",1414,"G",835,"G",1414,"G",835,"A",,2
224013,"A",,"R",44132,"A",,"G",49,"A",,"G",49,"A",,"A",,1
224110,"R",193187,"A",,"A",,"G",6440,"A",,"G",6440,"A",,"A",,2
224147,"R",227326,"A",,"R",29744,"G",7578,"G",1239,"G",7578,"G",1239,"A",,2
224156,"A",,"R",304535,"A",,"G",338,"A",,"G",338,"A",,"A",,1
224183,"R",18287,"A",,"A",,"G",406,"A",,"G",406,"A",,"A",,2
224226,"R",86399,"A",,"R",32776,"G",2880,"G",1366,"G",2880,"G",1366,"A",,2
224244,"R",7452,"A",,"R",135,"G",248,"G",6,"G",248,"G",6,"A",,2
224271,"R",9132,"A",,"A",,"G",203,"A",,"G",203,"A",,"A",,2
224305,"A",,"A",,"R",34360,"A",,"G",1432,"A",,"G",1432,"A",,-2
224323,"R",41958,"A",,"R",20013,"G",1399,"G",834,"G",1399,"G",834,"A",,2
224350,"A",,"R",5123040,"A",,"G",5692,"A",,"G",5692,"A",,"A",,1
224402,"R",124672,"A",,"A",,"G",4156,"A",,"R",3463,"A",,"A",,2
224439,"R",82980,"A",,"A",,"G",2766,"A",,"G",2766,"A",,"A",,2
224527,"R",30686,"A",,"R",656,"G",1023,"G",27,"G",1023,"G",27,"A",,2
224545,"R",35232,"A",,"R",7065,"G",1174,"G",294,"G",1174,"G",294,"A",,2
224554,"R",166076,"R",134670,"R",71809,"C",5686,"G",2992,"G",5685,"G",2992,"A",,3
224572,"R",242675,"A",,"A",,"G",8089,"A",,"G",8089,"A",,"A",,2
224615,"R",192196,"A",,"A",,"G",6407,"A",,"G",6407,"A",,"A",,2
224642,"R",606179,"A",,"A",,"G",20206,"A",,"G",20206,"A",,"A",,2
224660,"A",,"R",760524,"A",,"G",845,"A",,"G",845,"A",,"A",,1
224679,"A",,"R",1170353,"A",,"G",1300,"A",,"R",1079,"A",,"A",,1
224712,"A",,"A",,"R",2780,"A",,"G",116,"A",,"G",116,"A",,-2
224758,"A",,"R",172350,"A",,"G",192,"A",,"G",192,"A",,"A",,1
224776,"R",79930,"A",,"R",124,"G",1776,"G",3,"G",1776,"G",3,"A",,2
224828,"A",,"R",111352,"A",,"G",124,"A",,"G",124,"A",,"A",,1
224891,"R",22240,"A",,"A",,"G",741,"A",,"G",741,"A",,"A",,2
224907,"A",,"R",121020,"A",,"G",134,"A",,"G",134,"A",,"A",,1
224961,"R",46459,"A",,"A",,"G",1549,"A",,"G",1549,"A",,"A",,2
225070,"A",,"R",2476164,"A",,"G",2751,"A",,"G",2751,"A",,"A",,1
225201,"A",,"R",656255,"A",,"G",729,"A",,"G",729,"A",,"A",,1
225247,"R",49211,"A",,"R",6685,"G",1640,"G",279,"G",1640,"G",279,"R",192,2
225308,"R",159777,"A",,"A",,"G",5326,"A",,"G",5326,"A",,"A",,2
225371,"R",87515,"A",,"A",,"G",2917,"A",,"G",2917,"A",,"A",,2
225399,"R",58362,"A",,"R",6809,"G",1945,"G",284,"G",1945,"G",284,"A",,2
225414,"R",107515,"A",,"R",54608,"G",3584,"G",2275,"G",3584,"G",2275,"A",,2
225423,"R",1214871,"A",,"A",,"G",40496,"A",,"G",40496,"A",,"A",,2
225432,"R",285777,"A",,"R",2783,"G",9526,"G",116,"G",9526,"G",116,"A",,2
225502,"R",58450,"A",,"R",26170,"G",1948,"G",1090,"G",1948,"G",1090,"A",,2
225511,"R",796662,"A",,"R",120400,"G",26555,"G",5017,"G",26555,"G",5017,"R",1918,2
225520,"R",83642,"A",,"A",,"G",2788,"A",,"G",2788,"A",,"A",,2
225548,"R",30476,"A",,"R",433,"G",1016,"G",18,"G",1016,"G",18,"A",,2
225575,"R",22576,"A",,"R",597,"G",753,"G",25,"G",753,"G",25,"A",,2
225627,"R",167540,"A",,"R",20716,"G",5585,"G",863,"G",5585,"G",863,"R",592,2
225779,"A",,"R",141000,"A",,"G",157,"A",,"G",157,"A",,"A",,1
225788,"A",,"R",342000,"A",,"G",380,"A",,"G",380,"A",,"A",,1
225849,"R",32873,"A",,"A",,"G",731,"A",,"G",731,"A",,"A",,2
225858,"R",28536,"A",,"A",,"G",634,"A",,"G",634,"A",,"A",,2
225876,"R",8405,"A",,"A",,"G",280,"A",,"G",280,"A",,"A",,2
225885,"R",7703,"A",,"A",,"G",257,"A",,"G",257,"A",,"A",,2
225991,"R",5391,"A",,"A",,"G",180,"A",,"G",180,"A",,"A",,2
226019,"A",,"R",2976000,"A",,"G",3307,"A",,"G",3307,"A",,"A",,1
226091,"R",249568,"A",,"R",80139,"G",8319,"G",3339,"G",8319,"G",3339,"R",62,2
226107,"R",54513,"A",,"A",,"G",1817,"A",,"G",1817,"A",,"A",,2
226116,"A",,"R",1301744,"A",,"G",1446,"A",,"G",1446,"A",,"A",,1
226125,"A",,"R",183000,"A",,"G",203,"A",,"G",203,"A",,"A",,1
226134,"R",190241,"R",3699488,"A",,"G",10452,"A",,"G",10452,"A",,"A",,3
226152,"R",141178,"A",,"R",12122,"G",4706,"G",505,"G",4706,"G",505,"A",,2
226204,"R",132883,"A",,"A",,"G",4429,"A",,"G",4429,"A",,"A",,2
226231,"R",65461,"A",,"R",5991,"G",2182,"G",250,"G",2182,"G",250,"A",,2
226277,"A",,"R",754262,"A",,"G",838,"A",,"G",838,"A",,"A",,1
226374,"A",,"R",49813,"A",,"G",55,"A",,"G",55,"A",,"A",,1
226383,"R",47199,"A",,"R",7584,"G",1573,"G",316,"G",1573,"G",316,"A",,2
226408,"R",65939,"R",550316,"A",,"G",2809,"A",,"G",2809,"A",,"A",,3
226471,"R",74617,"A",,"R",6616,"G",2487,"G",276,"G",2487,"G",276,"A",,2
226578,"R",176178,"R",1219344,"A",,"G",7227,"A",,"G",7227,"A",,"A",,3
226587,"R",38191,"A",,"A",,"G",1273,"A",,"G",1273,"A",,"A",,2
226675,"A",,"R",320690,"A",,"G",356,"A",,"G",356,"A",,"A",,1
226772,"A",,"R",100347,"A",,"G",111,"A",,"G",111,"A",,"A",,1
226806,"R",121508,"A",,"A",,"G",4050,"A",,"G",4050,"A",,"A",,2
226833,"R",144748,"A",,"R",9774,"G",4825,"G",407,"G",4825,"G",407,"A",,2
226860,"A",,"R",127650,"A",,"G",142,"A",,"G",142,"A",,"A",,1
226879,"R",9120,"A",,"A",,"G",304,"A",,"R",259,"A",,"A",,2
226903,"A",,"R",630900,"A",,"G",701,"A",,"G",701,"A",,"A",,1
226930,"R",152165,"A",,"A",,"G",5072,"A",,"G",5072,"A",,"A",,2
227003,"R",26508,"A",,"A",,"G",884,"A",,"G",884,"A",,"A",,2
227058,"A",,"R",72381,"A",,"G",80,"A",,"G",80,"A",,"A",,1
227146,"R",241424,"A",,"A",,"G",8047,"A",,"G",8047,"A",,"A",,2
227155,"A",,"R",90900,"A",,"G",101,"A",,"G",101,"A",,"A",,1
227182,"R",1333010,"A",,"A",,"G",44434,"A",,"G",44434,"A",,"A",,2
227191,"R",194016,"A",,"A",,"G",6467,"A",,"G",6467,"A",,"A",,2
227216,"R",783286,"A",,"R",133584,"G",26110,"G",5566,"G",26110,"G",5566,"R",47,2
227225,"R",66233,"A",,"A",,"G",2208,"A",,"G",2208,"A",,"A",,2
227243,"R",17641,"A",,"R",1344,"G",588,"G",56,"G",588,"G",56,"A",,2
227289,"A",,"A",,"R",1997,"A",,"G",83,"A",,"G",83,"R",51,-2
227298,"R",11203,"A",,"A",,"G",373,"A",,"G",373,"A",,"A",,2
227304,"R",69191,"R",691488,"A",,"G",3075,"A",,"G",3075,"A",,"A",,3
227313,"A",,"R",229327,"A",,"G",255,"A",,"G",255,"A",,"A",,1
227322,"A",,"R",226151,"A",,"G",251,"A",,"G",251,"A",,"A",,1
227331,"R",36884,"A",,"R",15264,"G",1229,"G",636,"G",1229,"G",636,"R",28,2
227368,"R",436044,"A",,"R",52129,"G",14535,"G",2172,"G",14535,"G",2172,"A",,2
227377,"R",281129,"A",,"R",14713,"G",9371,"G",613,"G",9371,"G",613,"A",,2
227386,"R",52948,"A",,"A",,"G",1765,"A",,"G",1765,"A",,"A",,2
227401,"R",130401,"A",,"A",,"G",4347,"A",,"G",4347,"A",,"A",,2
227429,"R",4883,"A",,"A",,"G",163,"A",,"G",163,"A",,"A",,2
227526,"R",190979,"A",,"R",27058,"G",6366,"G",1127,"G",6366,"G",1127,"A",,2
227687,"R",38774,"A",,"A",,"G",1292,"A",,"G",1292,"A",,"A",,2
227748,"A",,"R",348660,"A",,"G",387,"A",,"G",387,"A",,"A",,1
227757,"R",113208,"A",,"R",62736,"G",3774,"G",2614,"G",3774,"G",2614,"A",,2
227766,"R",358940,"A",,"A",,"G",11965,"A",,"G",11965,"A",,"A",,2
227836,"R",42289,"A",,"A",,"G",1410,"A",,"G",1410,"A",,"A",,2
227845,"R",115856,"A",,"R",14901,"G",3862,"G",621,"G",3862,"G",621,"A",,2
227854,"R",194476,"A",,"A",,"G",6483,"A",,"G",6483,"A",,"A",,2
227863,"R",40486,"A",,"R",35291,"G",1350,"G",1470,"G",1350,"G",1470,"A",,2
227881,"R",425553,"A",,"R",72469,"G",14185,"G",3020,"G",14185,"G",3020,"A",,2
227924,"R",499971,"A",,"A",,"G",16666,"A",,"G",16666,"A",,"A",,2
227979,"A",,"R",12551684,"A",,"G",13946,"A",,"G",13946,"A",,"A",,1
228042,"R",30496,"A",,"R",1443,"G",1017,"G",60,"G",1017,"G",60,"A",,2
228088,"A",,"R",45086,"A",,"G",50,"A",,"G",50,"A",,"A",,1
228149,"R",69671,"A",,"R",11663,"G",2322,"G",486,"G",2322,"G",486,"R",1031,2
228158,"R",217645,"A",,"A",,"G",7255,"A",,"G",7255,"A",,"A",,2
228185,"A",,"R",46304,"A",,"G",51,"A",,"G",51,"A",,"A",,1
228194,"A",,"A",,"A",,"A",,"A",,"A",,"A",,"R",1255,-2
228200,"A",,"R",900616,"A",,"G",1001,"A",,"R",977,"A",,"A",,1
228219,"A",,"R",1184026,"A",,"G",1316,"A",,"R",1359,"A",,"A",,1
228246,"R",190003,"A",,"R",66226,"G",6333,"G",2759,"G",6333,"G",2759,"R",1652,2
228282,"R",12625,"A",,"A",,"G",421,"A",,"G",421,"A",,"A",,2
228291,"A",,"R",16668,"A",,"G",19,"A",,"G",19,"A",,"A",,1
228316,"R",104863,"A",,"A",,"G",3495,"A",,"G",3495,"A",,"A",,2
228325,"R",42414,"A",,"R",6043,"G",1414,"G",252,"G",1414,"G",252,"A",,2
228343,"R",41495,"A",,"A",,"G",1383,"A",,"G",1383,"A",,"A",,2
228431,"R",314164,"A",,"R",25748,"G",10472,"G",1073,"G",10472,"G",1073,"A",,2
228459,"R",763646,"A",,"R",89157,"G",25455,"G",3715,"G",25455,"G",3715,"R",3452,2
228468,"R",21792,"A",,"R",396,"G",726,"G",17,"G",726,"G",17,"A",,2
228486,"R",6198,"A",,"A",,"G",207,"A",,"G",207,"A",,"A",,2
228501,"R",54097,"A",,"R",13054,"G",1803,"G",544,"G",1803,"G",544,"A",,2
228529,"R",257870,"A",,"R",34095,"G",8596,"G",1421,"G",8596,"G",1421,"A",,2
228547,"R",1003862,"A",,"A",,"G",33462,"A",,"G",33462,"A",,"A",,2
228608,"R",119972,"A",,"A",,"G",3999,"A",,"G",3999,"A",,"A",,2
228635,"R",1572,"A",,"R",29312,"G",52,"G",1221,"G",52,"G",1221,"R",964,2
228644,"R",29015,"A",,"R",23712,"G",967,"G",988,"G",967,"G",988,"R",1397,2
228653,"R",24334,"A",,"R",25669,"G",811,"G",1070,"G",811,"G",1070,"R",1160,2
228680,"R",140650,"A",,"A",,"G",4688,"A",,"G",4688,"A",,"A",,2
228699,"R",86396,"A",,"A",,"G",2880,"A",,"G",2880,"A",,"A",,2
228705,"R",210131,"A",,"R",37263,"G",7004,"G",1553,"G",7004,"G",1553,"A",,2
228714,"R",54966,"A",,"R",1310,"G",1832,"G",55,"G",1832,"G",55,"A",,2
228723,"R",1104028,"A",,"R",182706,"G",36801,"G",7613,"G",36801,"G",7613,"R",523,2
228769,"R",641548,"A",,"R",148902,"G",21385,"G",6204,"G",21385,"G",6204,"R",72,2
228778,"R",1060818,"A",,"R",217165,"G",35361,"G",9049,"G",35361,"G",9049,"R",1851,2
228787,"R",316478,"A",,"R",131690,"G",10549,"G",5487,"G",10549,"G",5487,"R",1068,2
228796,"R",474135,"A",,"R",59221,"G",15805,"G",2468,"G",15805,"G",2468,"R",75,2
228802,"R",129125,"A",,"R",26581,"G",4304,"G",1108,"G",4304,"G",1108,"A",,2
228866,"A",,"A",,"A",,"A",,"A",,"A",,"A",,"R",354,-2
228875,"R",242192,"A",,"R",20234,"G",8073,"G",843,"G",8073,"G",843,"R",186,2
228884,"R",25978,"A",,"Z",0,"G",866,"A",,"G",866,"A",,"A",,2
228909,"A",,"A",,"R",30366,"A",,"G",1265,"A",,"R",1359,"R",800,-2
228981,"R",36298,"A",,"A",,"G",1210,"A",,"G",1210,"A",,"A",,2
229018,"R",75944,"A",,"R",8703,"G",2531,"G",363,"G",2531,"G",363,"A",,2
229027,"R",686951,"A",,"R",72197,"G",22898,"G",3008,"G",22898,"G",3008,"A",,2
229036,"R",26297,"A",,"A",,"G",877,"A",,"G",877,"A",,"A",,2
229063,"R",181243,"A",,"R",31256,"G",6041,"G",1302,"G",6041,"G",1302,"R",2750,2
229115,"R",716914,"A",,"R",101565,"G",23897,"G",4232,"G",23897,"G",4232,"R",832,2
229151,"A",,"R",65932,"A",,"G",73,"A",,"G",73,"A",,"A",,1
229160,"R",40550,"A",,"R",13375,"G",1352,"G",557,"G",1352,"G",557,"R",1483,2
229179,"R",227070,"A",,"R",93912,"G",7569,"G",3913,"G",7569,"G",3913,"R",400,2
229267,"R",70106,"A",,"R",4368,"G",2337,"G",182,"G",2337,"G",182,"A",,2
229300,"R",22885,"A",,"R",52986,"G",763,"G",2208,"G",763,"G",2208,"R",1285,2
229319,"R",111696,"A",,"A",,"G",3723,"A",,"G",3723,"A",,"A",,2
229328,"R",39871,"A",,"A",,"G",1329,"A",,"G",1329,"A",,"A",,2
229337,"R",45058,"A",,"R",40155,"G",1502,"G",1673,"G",1502,"R",1848,"R",1754,2
229355,"R",259044,"A",,"A",,"G",8635,"A",,"G",8635,"A",,"A",,2
229416,"R",109844,"A",,"A",,"G",3661,"A",,"G",3661,"A",,"A",,2
229425,"A",,"R",264220,"A",,"G",294,"A",,"G",294,"A",,"A",,1
229504,"R",62380,"R",234861,"A",,"G",2340,"A",,"G",2340,"A",,"A",,3
229522,"A",,"R",75091,"A",,"G",83,"A",,"G",83,"A",,"A",,1
229540,"R",86795,"A",,"A",,"G",2893,"A",,"G",2893,"A",,"A",,2
229638,"A",,"R",107840,"A",,"G",120,"A",,"G",120,"A",,"A",,1
229656,"A",,"R",116230,"A",,"G",129,"A",,"G",129,"A",,"A",,1
229780,"R",129820,"A",,"R",31263,"G",4327,"G",1303,"G",4327,"G",1303,"A",,2
229799,"R",120311,"A",,"A",,"G",4010,"A",,"G",4010,"A",,"A",,2
229814,"R",171682,"A",,"R",24156,"G",5723,"G",1007,"G",5723,"G",1007,"A",,2
229832,"A",,"R",1052032,"A",,"G",1169,"A",,"G",1169,"A",,"A",,1
229841,"R",148115,"A",,"A",,"G",4937,"A",,"G",4937,"A",,"A",,2
229887,"R",24267,"A",,"R",478,"G",809,"G",20,"G",809,"G",20,"A",,2
229957,"R",3119,"A",,"A",,"G",104,"A",,"G",104,"A",,"A",,2
230010,"A",,"R",675006,"A",,"G",750,"A",,"G",750,"A",,"A",,1
230038,"R",940910,"A",,"R",66600,"G",31364,"G",2775,"G",31364,"G",2775,"R",516,2
230047,"R",117933,"A",,"A",,"G",3931,"A",,"G",3931,"A",,"A",,2
230056,"R",16662,"A",,"R",179,"G",370,"G",5,"G",370,"G",5,"A",,2
230065,"A",,"R",262622,"A",,"G",292,"A",,"G",292,"A",,"A",,1
230135,"A",,"R",70000,"A",,"G",78,"A",,"G",78,"A",,"A",,1
230144,"A",,"R",67000,"A",,"G",74,"A",,"G",74,"A",,"A",,1
230162,"A",,"R",1534195,"A",,"G",1705,"A",,"G",1705,"A",,"A",,1
230171,"R",194239,"A",,"A",,"G",6475,"A",,"G",6475,"A",,"A",,2
230199,"A",,"R",71605,"A",,"G",80,"A",,"G",80,"A",,"A",,1
230205,"A",,"R",63300,"A",,"G",70,"A",,"G",70,"A",,"A",,1
230214,"A",,"R",385975,"A",,"G",429,"A",,"G",429,"A",,"A",,1
230366,"R",24650,"A",,"A",,"G",548,"A",,"G",548,"A",,"A",,2
230384,"R",30548,"A",,"A",,"G",679,"A",,"G",679,"A",,"A",,2
230418,"R",56035,"A",,"A",,"G",1868,"A",,"G",1868,"A",,"A",,2
230472,"R",13778,"A",,"A",,"G",459,"A",,"G",459,"A",,"A",,2
230490,"A",,"R",1248655,"A",,"G",1387,"A",,"G",1387,"A",,"A",,1
230597,"R",101898,"A",,"A",,"G",3397,"A",,"R",3405,"A",,"A",,2
230603,"R",182472,"A",,"R",11277,"G",6082,"G",470,"G",6082,"G",470,"A",,2
230621,"R",29610,"A",,"A",,"G",987,"A",,"G",987,"A",,"A",,2
230630,"A",,"R",838749,"A",,"G",932,"A",,"G",932,"A",,"A",,1
230676,"A",,"R",663105,"A",,"G",737,"A",,"G",737,"A",,"A",,1
230728,"R",602412,"A",,"R",48369,"G",20080,"G",2015,"G",20080,"G",2015,"R",23,2
230737,"R",731484,"A",,"R",2239,"G",24383,"G",93,"G",24383,"R",112,"A",,2
230746,"R",631095,"R",537428,"A",,"G",21634,"A",,"G",21634,"A",,"A",,3
230764,"R",649714,"A",,"R",146734,"G",21657,"G",6114,"G",21657,"G",6114,"R",961,2
230782,"R",508976,"A",,"R",13103,"G",16966,"G",546,"G",16966,"R",655,"A",,2
230807,"R",71240,"A",,"R",13768,"G",2375,"G",574,"G",2375,"G",574,"A",,2
230816,"R",21149,"A",,"R",3941,"G",705,"G",164,"R",657,"R",129,"A",,2
230825,"R",5005,"A",,"R",138,"G",167,"G",6,"G",167,"G",6,"A",,2
230834,"R",56970,"A",,"R",3444,"G",1899,"G",144,"G",1899,"G",144,"A",,2
230852,"R",70473,"A",,"R",6875,"G",2349,"G",286,"G",2349,"G",286,"A",,2
230861,"R",108253,"A",,"A",,"G",3608,"A",,"G",3608,"A",,"A",,2
230889,"R",7350,"A",,"R",11469,"G",245,"G",478,"G",245,"G",478,"A",,2
230898,"R",18988,"A",,"R",2754,"G",633,"G",115,"G",633,"G",115,"A",,2
230913,"R",38426,"A",,"R",3794,"G",1281,"G",158,"G",1281,"G",158,"A",,2
230931,"R",37765,"A",,"R",833,"G",1259,"G",35,"G",1259,"G",35,"A",,2
230940,"R",8259,"A",,"R",0,"G",275,"G",0,"G",275,"G",0,"A",,2
230959,"R",83688,"A",,"R",5700,"G",2790,"G",238,"G",2790,"G",238,"A",,2
230977,"R",17087,"R",58372,"A",,"G",634,"A",,"G",634,"A",,"A",,3
230995,"R",73278,"A",,"R",27352,"G",2443,"G",1140,"G",2443,"G",1140,"A",,2
231004,"A",,"R",68700,"A",,"G",76,"A",,"G",76,"A",,"A",,1
231059,"R",62064,"A",,"R",6816,"G",2069,"G",284,"G",2069,"G",284,"A",,2
231068,"A",,"A",,"R",10584,"A",,"G",441,"A",,"G",441,"A",,-2
231077,"R",5679,"A",,"R",2290,"G",189,"G",95,"G",189,"G",95,"A",,2
231086,"R",14685,"A",,"A",,"G",490,"A",,"G",490,"A",,"A",,2
231095,"R",3482,"A",,"A",,"G",116,"A",,"G",116,"A",,"A",,2
231147,"A",,"A",,"R",5588,"A",,"G",233,"A",,"R",310,"R",565,-2
231165,"R",42772,"A",,"A",,"G",1426,"A",,"G",1426,"A",,"A",,2
231174,"R",329615,"A",,"R",20675,"G",10987,"G",861,"G",10987,"G",861,"R",559,2
231280,"A",,"R",41182,"A",,"G",46,"A",,"G",46,"A",,"A",,1
231411,"R",29068,"A",,"A",,"G",969,"A",,"G",969,"A",,"A",,2
231420,"R",25317,"A",,"R",269,"G",844,"G",11,"G",844,"G",11,"A",,2
231536,"R",92145,"A",,"A",,"G",3072,"A",,"G",3072,"A",,"A",,2
231554,"R",24118,"A",,"A",,"G",804,"A",,"G",804,"A",,"A",,2
231581,"R",53578,"A",,"A",,"G",1786,"A",,"G",1786,"A",,"A",,2
231624,"R",178457,"A",,"R",37254,"G",5949,"G",1552,"G",5949,"G",1552,"R",631,2
231651,"R",50694,"A",,"R",39975,"G",1690,"G",1666,"G",1690,"G",1666,"R",973,2
231688,"A",,"R",37760,"A",,"G",42,"A",,"G",42,"A",,"A",,1
231697,"R",88089,"A",,"A",,"G",2936,"A",,"G",2936,"A",,"A",,2
231712,"R",141378,"A",,"R",3637,"G",4713,"G",152,"G",4713,"G",152,"A",,2
231721,"A",,"R",74453,"A",,"G",83,"A",,"G",83,"A",,"A",,1
231785,"R",23312,"A",,"A",,"G",777,"A",,"G",777,"A",,"A",,2
231828,"R",28302,"A",,"A",,"G",943,"A",,"G",943,"A",,"A",,2
231837,"R",23757,"A",,"R",5606,"G",792,"G",234,"G",792,"G",234,"A",,2
231873,"R",26844,"A",,"A",,"G",895,"A",,"G",895,"A",,"A",,2
231882,"R",83455,"A",,"A",,"G",2782,"A",,"G",2782,"A",,"A",,2
231970,"A",,"A",,"R",13019,"A",,"G",542,"A",,"G",542,"R",504,-2
232016,"R",64878,"A",,"A",,"G",2163,"A",,"G",2163,"A",,"A",,2
232025,"R",26233,"A",,"R",732,"G",874,"G",31,"G",874,"G",31,"A",,2
232043,"R",31726,"A",,"R",7541,"G",1058,"G",314,"G",1058,"G",314,"A",,2
232052,"R",19187,"A",,"A",,"G",640,"A",,"G",640,"A",,"A",,2
232089,"R",42873,"A",,"A",,"G",1429,"A",,"G",1429,"A",,"A",,2
232186,"R",587811,"A",,"R",157119,"G",19594,"G",6547,"G",19594,"G",6547,"R",675,2
232195,"R",141373,"A",,"A",,"G",4712,"A",,"G",4712,"A",,"A",,2
232256,"R",30974,"A",,"A",,"G",1032,"A",,"R",1080,"A",,"A",,2
232265,"R",135810,"A",,"R",15748,"G",4527,"G",656,"G",4527,"G",656,"R",260,2
232308,"R",26468,"A",,"R",5853,"G",882,"G",244,"G",882,"G",244,"A",,2
232414,"R",262189,"A",,"A",,"G",8740,"A",,"G",8740,"A",,"A",,2
232423,"R",539684,"A",,"R",36224,"G",17989,"G",1509,"G",17989,"G",1509,"R",23,2
232450,"R",190509,"A",,"A",,"G",6350,"A",,"G",6350,"A",,"A",,2
232502,"R",14399,"A",,"A",,"G",480,"A",,"G",480,"A",,"A",,2
232557,"R",1083174,"A",,"R",494288,"G",36106,"G",20595,"G",36106,"G",20595,"R",290,2
232566,"R",126255,"A",,"R",9099,"G",4209,"G",379,"G",4209,"G",379,"A",,2
232575,"R",127420,"A",,"A",,"G",4247,"A",,"G",4247,"A",,"A",,2
232593,"A",,"R",19320,"A",,"G",21,"A",,"G",21,"A",,"A",,1
232609,"R",67537,"A",,"R",7045,"G",2251,"G",294,"G",2251,"G",294,"R",125,2
232618,"R",8684,"A",,"A",,"G",193,"A",,"G",193,"A",,"A",,2
232672,"R",41076,"A",,"R",5214,"G",1369,"G",217,"G",1369,"G",217,"A",,2
232681,"R",126318,"A",,"R",9284,"G",4211,"G",387,"R",4174,"R",425,"A",,2
232706,"R",69623,"A",,"R",22848,"G",2321,"G",952,"G",2321,"G",952,"A",,2
232724,"R",3710,"A",,"A",,"G",124,"A",,"G",124,"A",,"A",,2
232788,"R",63133,"A",,"A",,"G",2104,"A",,"G",2104,"A",,"A",,2
232797,"R",105712,"A",,"R",784,"G",2349,"G",22,"G",2349,"G",22,"A",,2
232867,"R",100630,"A",,"A",,"G",3354,"A",,"G",3354,"A",,"A",,2
232885,"R",8645,"A",,"A",,"G",288,"A",,"G",288,"A",,"A",,2
232919,"R",12738,"A",,"A",,"G",425,"A",,"G",425,"A",,"A",,2
232937,"R",161902,"A",,"R",13600,"G",5397,"G",567,"G",5397,"G",567,"R",14,2
232946,"R",1068021,"A",,"A",,"G",35601,"A",,"G",35601,"A",,"A",,2
232982,"R",507326,"A",,"R",67690,"G",16911,"G",2820,"R",16673,"R",3117,"R",258,2
233019,"R",75367,"A",,"A",,"G",2512,"A",,"G",2512,"A",,"A",,2
233037,"R",32849,"A",,"A",,"G",1095,"A",,"G",1095,"A",,"A",,2
233082,"R",3431,"A",,"A",,"G",114,"A",,"G",114,"A",,"A",,2
233091,"R",18742,"R",30090,"A",,"G",450,"A",,"G",450,"A",,"A",,3
233116,"R",90990,"A",,"A",,"G",3033,"A",,"G",3033,"A",,"A",,2
233277,"R",249797,"A",,"R",19698,"G",8327,"G",821,"R",8302,"R",837,"A",,2
233286,"A",,"R",49068,"A",,"G",55,"A",,"R",38,"A",,"A",,1
233295,"R",37671,"A",,"A",,"G",1256,"A",,"G",1256,"A",,"A",,2
233301,"R",17192,"A",,"R",290,"G",573,"G",12,"G",573,"G",12,"A",,2
233310,"R",61701,"A",,"A",,"G",2057,"A",,"G",2057,"A",,"A",,2
233329,"R",20580,"A",,"A",,"G",686,"A",,"G",686,"A",,"A",,2
233338,"R",35284,"A",,"A",,"G",1176,"A",,"G",1176,"A",,"A",,2
233356,"R",6494,"A",,"A",,"G",216,"A",,"G",216,"A",,"A",,2
233374,"R",102188,"A",,"R",8154,"G",3406,"G",340,"G",3406,"G",340,"R",469,2
233408,"R",10542,"A",,"A",,"G",351,"A",,"G",351,"A",,"A",,2
233426,"R",69492,"A",,"A",,"G",2316,"A",,"G",2316,"A",,"A",,2
233480,"R",1598,"A",,"A",,"G",53,"A",,"G",53,"A",,"A",,2
233499,"R",11948,"A",,"A",,"G",398,"A",,"G",398,"A",,"A",,2
233541,"R",58426,"A",,"R",23103,"G",1948,"G",963,"G",1948,"G",963,"R",876,2
233611,"R",21964,"A",,"A",,"G",732,"A",,"G",732,"A",,"A",,2
233639,"R",119382,"A",,"A",,"G",3979,"A",,"G",3979,"A",,"A",,2
233648,"R",63309,"A",,"A",,"G",2110,"A",,"G",2110,"A",,"A",,2
233657,"A",,"R",95928,"A",,"G",107,"A",,"R",60,"A",,"A",,1
233666,"A",,"R",47337,"A",,"G",53,"A",,"G",53,"A",,"A",,1
233684,"R",321999,"A",,"R",91839,"G",7156,"G",2551,"G",7156,"G",2551,"A",,2
233718,"R",19097,"A",,"R",372,"G",637,"G",16,"G",637,"G",16,"A",,2
233754,"R",217030,"A",,"A",,"G",7234,"A",,"G",7234,"A",,"A",,2
233772,"R",693899,"A",,"A",,"G",23130,"A",,"G",23130,"A",,"A",,2
233842,"A",,"A",,"R",4312,"A",,"G",180,"A",,"G",180,"A",,-2
233897,"R",52810,"A",,"A",,"G",1760,"A",,"G",1760,"A",,"A",,2
233903,"R",55077,"A",,"A",,"G",1836,"A",,"G",1836,"A",,"A",,2
233912,"R",15084,"A",,"A",,"G",503,"A",,"G",503,"A",,"A",,2
233921,"R",745410,"A",,"R",141293,"G",24847,"G",5887,"G",24847,"G",5887,"R",569,2
233949,"R",146955,"A",,"A",,"G",4899,"A",,"G",4899,"A",,"A",,2
234030,"R",651104,"A",,"R",121909,"G",21703,"G",5080,"G",21703,"G",5080,"R",1929,2
234076,"R",465400,"A",,"R",165970,"G",15513,"G",6915,"G",15513,"G",6915,"R",1688,2
234085,"R",55076,"A",,"A",,"G",1836,"A",,"G",1836,"A",,"A",,2
234119,"A",,"R",136605,"A",,"G",152,"A",,"G",152,"A",,"A",,1
234137,"R",15623,"A",,"R",1410,"G",521,"G",59,"G",521,"G",59,"A",,2
234155,"R",159244,"A",,"R",10378,"G",5308,"G",432,"G",5308,"G",432,"A",,2
234164,"R",35443,"A",,"R",10725,"G",1181,"G",447,"G",1181,"G",447,"A",,2
234173,"R",42101,"A",,"A",,"G",1403,"A",,"G",1403,"A",,"A",,2
234191,"A",,"R",162230,"A",,"G",180,"A",,"G",180,"A",,"A",,1
234207,"R",50466,"A",,"A",,"G",1682,"A",,"G",1682,"A",,"R",405,2
234216,"R",38788,"A",,"A",,"G",862,"A",,"G",862,"A",,"A",,2
234225,"A",,"R",65574,"A",,"G",73,"A",,"G",73,"A",,"A",,1
234359,"A",,"R",123425,"A",,"G",137,"A",,"G",137,"A",,"A",,1
234377,"R",70020,"A",,"A",,"G",2334,"A",,"G",2334,"A",,"A",,2
234401,"A",,"R",58905,"A",,"G",65,"A",,"G",65,"A",,"A",,1
234492,"R",79965,"A",,"A",,"G",1777,"A",,"G",1777,"A",,"A",,2
234650,"A",,"R",149076,"A",,"G",166,"A",,"G",166,"A",,"A",,1
234669,"R",504396,"A",,"A",,"G",11209,"A",,"G",11209,"A",,"A",,2
234687,"A",,"R",21600,"A",,"G",24,"A",,"G",24,"A",,"A",,1
234696,"R",97472,"A",,"A",,"G",2166,"A",,"G",2166,"A",,"A",,2
234711,"R",79636,"A",,"A",,"G",1770,"A",,"R",1782,"A",,"A",,2
234739,"R",15548,"A",,"A",,"G",518,"A",,"G",518,"A",,"A",,2
234784,"R",25163,"A",,"A",,"G",839,"A",,"G",839,"A",,"A",,2
234827,"R",468676,"A",,"R",15541,"G",10415,"G",432,"G",10415,"G",432,"A",,2
234845,"R",107610,"A",,"A",,"G",2391,"A",,"G",2391,"A",,"A",,2
234915,"R",35604,"A",,"R",27692,"G",791,"G",769,"G",791,"G",769,"A",,2
234924,"A",,"R",178941,"A",,"G",199,"A",,"G",199,"A",,"A",,1
234933,"R",445581,"A",,"A",,"G",9902,"A",,"G",9902,"A",,"A",,2
234951,"R",220279,"A",,"A",,"G",4895,"A",,"G",4895,"A",,"A",,2
234979,"R",229036,"A",,"A",,"G",5090,"A",,"G",5090,"A",,"A",,2
235024,"R",25088,"A",,"A",,"G",836,"A",,"G",836,"A",,"A",,2
235088,"A",,"R",355500,"A",,"G",395,"A",,"G",395,"A",,"A",,1
235097,"R",462764,"A",,"R",40273,"G",10284,"G",1119,"G",10284,"G",1119,"R",187,2
235103,"R",332612,"A",,"A",,"G",7391,"A",,"G",7391,"A",,"A",,2
235149,"R",243235,"A",,"A",,"G",5405,"A",,"G",5405,"A",,"A",,2
235158,"A",,"R",133551,"A",,"G",148,"A",,"G",148,"A",,"A",,1
235167,"R",206054,"A",,"R",9945,"G",4579,"G",276,"G",4579,"G",276,"A",,2
235237,"R",255139,"A",,"A",,"G",5670,"A",,"G",5670,"A",,"A",,2
235307,"A",,"R",244332,"A",,"G",271,"A",,"G",271,"A",,"A",,1
235316,"R",164719,"A",,"R",36526,"G",5491,"G",1522,"G",5491,"G",1522,"R",504,2
235334,"R",85911,"A",,"A",,"G",1909,"A",,"G",1909,"A",,"A",,2
235343,"R",343264,"A",,"A",,"G",7628,"A",,"G",7628,"A",,"A",,2
235352,"A",,"R",109515,"A",,"G",122,"A",,"G",122,"A",,"A",,1
235422,"R",21892,"A",,"R",5510,"G",730,"G",230,"G",730,"G",230,"A",,2
235431,"R",271697,"A",,"A",,"G",6038,"A",,"G",6038,"A",,"A",,2
235495,"R",3555,"A",,"A",,"G",119,"A",,"G",119,"A",,"A",,2
235501,"R",35390,"A",,"A",,"G",1180,"A",,"G",1180,"A",,"A",,2
235510,"R",28355,"A",,"A",,"G",630,"A",,"G",630,"A",,"A",,2
235529,"R",16660,"A",,"A",,"G",370,"A",,"G",370,"A",,"A",,2
235547,"R",9796,"A",,"R",12455,"G",218,"G",346,"G",218,"G",346,"R",493,2
235583,"A",,"R",263475,"A",,"G",293,"A",,"G",293,"A",,"A",,1
235671,"R",207922,"A",,"A",,"G",4620,"A",,"G",4620,"A",,"A",,2
235699,"R",140479,"A",,"A",,"G",3122,"A",,"G",3122,"A",,"A",,2
235750,"R",127587,"A",,"A",,"G",2835,"A",,"G",2835,"A",,"A",,2
235769,"R",5009,"A",,"R",32,"G",167,"G",1,"G",167,"G",1,"A",,2
235954,"A",,"R",45900,"A",,"G",51,"A",,"G",51,"A",,"A",,1
236018,"A",,"R",146700,"A",,"G",163,"A",,"G",163,"A",,"A",,1
236027,"A",,"R",240374,"A",,"G",267,"A",,"G",267,"A",,"A",,1
236072,"R",194829,"A",,"A",,"G",4330,"A",,"G",4330,"A",,"A",,2
236133,"R",35326,"A",,"R",5750,"G",1178,"G",240,"G",1178,"G",240,"A",,2
236188,"R",284970,"A",,"A",,"G",6333,"A",,"G",6333,"A",,"A",,2
236212,"R",64093,"A",,"A",,"G",2136,"A",,"R",966,"A",,"A",,2
236230,"R",99352,"A",,"R",6276,"G",3312,"G",262,"G",3312,"G",262,"A",,2
236258,"R",91453,"A",,"A",,"G",2032,"A",,"G",2032,"A",,"A",,2
236328,"R",80429,"A",,"R",3510,"G",2681,"G",146,"R",2513,"R",116,"R",72,2
236382,"R",118076,"A",,"A",,"G",2624,"A",,"G",2624,"A",,"A",,2
236452,"R",39813,"A",,"R",5101,"G",1327,"G",213,"G",1327,"G",213,"A",,2
236504,"R",186976,"A",,"A",,"G",4155,"A",,"G",4155,"A",,"A",,2
236513,"R",266472,"A",,"A",,"G",5922,"A",,"G",5922,"A",,"A",,2
236531,"R",10941,"A",,"A",,"G",365,"A",,"G",365,"A",,"A",,2
236577,"R",147553,"A",,"R",24064,"G",3279,"G",668,"G",3279,"G",668,"A",,2
236595,"R",201093,"A",,"R",52270,"G",4469,"G",1452,"G",4469,"G",1452,"R",928,2
236610,"R",225643,"A",,"A",,"G",5014,"A",,"G",5014,"A",,"A",,2
236638,"R",182002,"A",,"A",,"G",4044,"A",,"G",4044,"A",,"A",,2
236656,"R",189393,"A",,"A",,"G",4209,"A",,"G",4209,"A",,"A",,2
236692,"R",299599,"A",,"A",,"G",6658,"A",,"G",6658,"A",,"A",,2
236708,"R",282463,"A",,"A",,"G",6277,"A",,"G",6277,"A",,"A",,2
236744,"A",,"R",105700,"A",,"G",117,"A",,"G",117,"A",,"A",,1
236753,"R",284710,"A",,"A",,"G",6327,"A",,"G",6327,"A",,"A",,2
236887,"R",188385,"A",,"A",,"G",4186,"A",,"G",4186,"A",,"A",,2
236896,"R",71063,"A",,"R",9670,"G",1579,"G",269,"G",1579,"G",269,"A",,2
236939,"R",641980,"A",,"R",89734,"G",21399,"G",3739,"G",21399,"R",4487,"R",1477,2
236948,"R",1316131,"A",,"R",362424,"G",29247,"G",10067,"G",29247,"R",12081,"R",3882,2
236975,"R",135909,"A",,"A",,"G",3020,"A",,"G",3020,"A",,"A",,2
236993,"R",13470,"A",,"A",,"G",449,"A",,"G",449,"A",,"A",,2
237011,"R",603715,"A",,"R",21109,"G",13416,"G",586,"G",13416,"G",586,"A",,2
237039,"R",153006,"A",,"A",,"G",3400,"A",,"G",3400,"A",,"A",,2
237057,"R",49093,"A",,"A",,"G",1636,"A",,"R",1525,"A",,"A",,2
237066,"R",72617,"A",,"R",5270,"G",2421,"G",220,"G",2421,"G",220,"A",,2
237109,"R",168610,"A",,"A",,"G",3747,"A",,"G",3747,"A",,"A",,2
237118,"R",17640,"A",,"R",3375,"G",588,"G",141,"G",588,"R",88,"A",,2
237127,"A",,"R",14640,"A",,"G",16,"A",,"G",16,"A",,"A",,1
237136,"R",6465,"A",,"R",114,"G",216,"G",5,"G",216,"G",5,"A",,2
237145,"A",,"R",55289,"A",,"G",61,"A",,"G",61,"A",,"A",,1
237154,"R",96750,"A",,"R",15766,"G",3225,"G",657,"G",3225,"G",657,"A",,2
237172,"A",,"R",147060,"A",,"G",163,"A",,"G",163,"A",,"A",,1
237181,"R",22805,"A",,"R",339,"G",760,"G",14,"G",760,"G",14,"A",,2
237215,"R",51260,"A",,"A",,"G",1709,"A",,"G",1709,"A",,"A",,2
237242,"A",,"R",119490,"A",,"G",133,"A",,"G",133,"A",,"A",,1
237303,"A",,"R",156371,"A",,"G",174,"A",,"G",174,"A",,"A",,1
237312,"R",31484,"A",,"R",1845,"G",1049,"G",77,"G",1049,"G",77,"R",292,2
237321,"A",,"R",234844,"A",,"G",261,"A",,"G",261,"A",,"A",,1
237330,"R",78344,"A",,"R",3280,"G",2611,"G",137,"G",2611,"G",137,"A",,2
237358,"R",23731,"A",,"A",,"G",791,"A",,"G",791,"A",,"A",,2
237367,"R",109879,"A",,"R",4505,"G",3663,"G",188,"G",3663,"G",188,"A",,2
237385,"R",50723,"A",,"A",,"G",1691,"A",,"G",1691,"A",,"A",,2
237419,"A",,"R",22513,"A",,"G",25,"A",,"G",25,"A",,"A",,1
237437,"R",42196,"A",,"A",,"G",938,"A",,"G",938,"A",,"A",,2
237473,"A",,"R",154893,"A",,"G",172,"A",,"G",172,"A",,"A",,1
237491,"A",,"R",34855,"A",,"G",39,"A",,"R",33,"A",,"A",,1
237525,"R",276453,"A",,"R",55578,"G",9215,"G",2316,"G",9215,"G",2316,"R",491,2
237543,"A",,"R",112645,"A",,"G",125,"A",,"G",125,"A",,"A",,1
237552,"R",10419,"A",,"A",,"G",232,"A",,"G",232,"A",,"A",,2
237561,"A",,"R",87306,"A",,"G",97,"A",,"G",97,"A",,"A",,1
237570,"A",,"R",52554,"A",,"G",58,"A",,"G",58,"A",,"A",,1
237598,"R",8265,"A",,"A",,"G",184,"A",,"G",184,"A",,"A",,2
237604,"R",13916,"A",,"A",,"G",464,"A",,"G",464,"A",,"A",,2
237613,"A",,"R",72614,"A",,"G",81,"A",,"G",81,"A",,"A",,1
237640,"R",13601,"A",,"R",697,"G",453,"G",29,"G",453,"G",29,"A",,2
237686,"R",96066,"A",,"A",,"G",3202,"A",,"G",3202,"A",,"A",,2
237701,"R",43366,"A",,"A",,"G",1446,"A",,"G",1446,"A",,"A",,2
237729,"A",,"R",163470,"A",,"G",182,"A",,"G",182,"A",,"A",,1
237783,"R",17281,"R",16224,"R",12784,"G",594,"G",533,"G",594,"G",533,"A",,3
237792,"R",109970,"A",,"R",3434,"G",3666,"G",143,"G",3666,"G",143,"A",,2
237817,"R",49084,"A",,"A",,"G",1636,"A",,"G",1636,"A",,"A",,2
237844,"A",,"R",65215,"A",,"G",72,"A",,"G",72,"A",,"A",,1
237880,"A",,"A",,"A",,"A",,"A",,"A",,"A",,"R",809,-2
237899,"R",66070,"A",,"R",1010,"G",2202,"G",42,"G",2202,"G",42,"A",,2
237905,"A",,"R",40800,"R",170,"G",45,"G",7,"G",45,"G",7,"A",,1
237932,"R",76903,"A",,"R",1383,"G",2563,"G",58,"G",2563,"G",58,"A",,2
237950,"R",30886,"A",,"A",,"G",1030,"A",,"G",1030,"A",,"A",,2
237969,"R",39380,"A",,"R",1476,"G",1313,"G",62,"G",1313,"G",62,"A",,2
237978,"R",3039,"A",,"A",,"G",68,"A",,"G",68,"A",,"A",,2
237987,"R",11612,"A",,"A",,"G",258,"A",,"G",258,"A",,"A",,2
237996,"R",11314,"A",,"A",,"G",251,"A",,"G",251,"A",,"A",,2
238005,"A",,"R",68485,"A",,"G",76,"A",,"G",76,"A",,"A",,1
238014,"R",61963,"A",,"A",,"G",2065,"A",,"G",2065,"A",,"A",,2
238032,"R",690443,"A",,"R",110008,"G",23015,"G",4584,"G",23015,"G",4584,"R",1854,2
238078,"R",27940,"A",,"R",4895,"G",931,"G",204,"G",931,"G",204,"R",285,2
238096,"A",,"R",31372,"A",,"G",35,"A",,"G",35,"A",,"A",,1
238166,"A",,"R",123186,"A",,"G",137,"A",,"G",137,"A",,"A",,1
238175,"A",,"R",176225,"A",,"G",196,"A",,"R",216,"A",,"A",,1
238193,"R",50837,"A",,"R",6972,"G",1695,"G",291,"G",1695,"G",291,"A",,2
238263,"R",293858,"A",,"R",1147,"G",9795,"G",48,"G",9795,"G",48,"A",,2
238324,"R",6589,"A",,"R",415,"G",220,"G",17,"G",220,"G",17,"A",,2
238333,"R",39392,"A",,"A",,"G",1313,"A",,"R",1231,"A",,"A",,2
238397,"R",61704,"A",,"A",,"G",2057,"A",,"G",2057,"A",,"A",,2
238430,"R",66726,"A",,"R",37680,"G",2224,"G",1570,"G",2224,"G",1570,"A",,2
238458,"R",93745,"A",,"R",4148,"G",3125,"G",173,"G",3125,"G",173,"R",142,2
238476,"R",98286,"A",,"R",1362,"G",3276,"G",57,"G",3276,"G",57,"A",,2
238573,"R",2642,"A",,"A",,"G",88,"A",,"G",88,"A",,"A",,2
238616,"R",108451,"A",,"R",38951,"G",3615,"G",1623,"G",3615,"G",1623,"R",106,2
238661,"R",55418,"A",,"R",12302,"G",1847,"G",513,"G",1847,"G",513,"A",,2
238722,"R",175836,"A",,"A",,"G",5861,"A",,"G",5861,"A",,"A",,2
238759,"R",162924,"A",,"A",,"G",5431,"A",,"G",5431,"A",,"A",,2
238786,"A",,"R",182014,"A",,"G",202,"A",,"G",202,"A",,"A",,1
238810,"A",,"R",127588,"A",,"G",142,"A",,"G",142,"A",,"A",,1
238892,"R",31762,"A",,"A",,"G",706,"A",,"G",706,"A",,"A",,2
238935,"R",6405,"A",,"A",,"G",214,"A",,"R",178,"A",,"A",,2
238980,"R",58193,"A",,"R",12326,"G",1940,"G",514,"G",1940,"G",514,"A",,2
239008,"R",55050,"A",,"A",,"G",1835,"A",,"G",1835,"A",,"A",,2
239017,"R",82582,"A",,"A",,"G",2753,"A",,"R",1529,"A",,"A",,2
239071,"R",22676,"A",,"R",1259,"G",756,"G",52,"G",756,"G",52,"A",,2
239080,"R",53048,"A",,"R",11923,"G",1768,"G",497,"G",1768,"G",497,"A",,2
239105,"R",255210,"A",,"R",36208,"G",8507,"G",1509,"G",8507,"G",1509,"R",1143,2
239132,"A",,"R",117649,"A",,"G",131,"A",,"G",131,"A",,"A",,1
239169,"A",,"A",,"R",9747,"A",,"G",406,"A",,"G",406,"R",810,-2
239220,"R",70214,"A",,"A",,"G",2340,"A",,"G",2340,"A",,"A",,2
239248,"R",510735,"A",,"A",,"G",17025,"A",,"G",17025,"A",,"A",,2
239309,"R",22751,"A",,"A",,"G",758,"A",,"G",758,"A",,"A",,2
239318,"R",100204,"A",,"R",2560,"G",2227,"G",71,"G",2227,"G",71,"A",,2
239372,"R",93757,"A",,"A",,"G",3125,"A",,"R",3138,"A",,"A",,2
239390,"R",28282,"A",,"R",8892,"G",943,"G",371,"G",943,"G",371,"R",8,2
239424,"A",,"A",,"R",1996,"A",,"G",83,"A",,"R",110,"R",17,-2
239442,"R",29963,"A",,"A",,"G",999,"A",,"G",999,"A",,"A",,2
239460,"R",98821,"A",,"A",,"G",3294,"A",,"G",3294,"A",,"A",,2
239488,"R",187860,"A",,"A",,"G",6262,"A",,"G",6262,"A",,"A",,2
239503,"R",13574,"A",,"R",1028,"G",452,"G",43,"G",452,"G",43,"A",,2
239512,"R",16532,"A",,"A",,"G",551,"A",,"G",551,"A",,"A",,2
239628,"R",31710,"A",,"A",,"G",1057,"A",,"G",1057,"A",,"A",,2
239637,"A",,"A",,"R",2398,"A",,"G",100,"A",,"G",100,"A",,-2
239716,"R",68260,"A",,"R",511,"G",2275,"G",21,"G",2275,"G",21,"A",,2
239743,"R",8734,"A",,"R",3404,"G",291,"G",142,"G",291,"G",142,"A",,2
239877,"A",,"R",90738,"A",,"G",101,"A",,"G",101,"A",,"A",,1
239910,"R",45421,"A",,"A",,"G",1514,"A",,"G",1514,"A",,"A",,2
239929,"R",27190,"A",,"A",,"G",906,"A",,"G",906,"A",,"A",,2
240055,"R",312824,"A",,"A",,"G",10427,"A",,"G",10427,"A",,"A",,2
240107,"R",57359,"A",,"R",24533,"G",1912,"G",1022,"G",1912,"G",1022,"A",,2
240116,"R",121267,"A",,"A",,"G",4042,"A",,"G",4042,"A",,"A",,2
240125,"R",133857,"A",,"A",,"G",4462,"A",,"G",4462,"A",,"A",,2
240170,"R",102322,"A",,"A",,"G",3411,"A",,"G",3411,"A",,"A",,2
240189,"R",294754,"A",,"R",25335,"G",9825,"G",1056,"G",9825,"G",1056,"A",,2
240198,"R",72540,"A",,"A",,"G",2418,"A",,"G",2418,"A",,"A",,2
240213,"A",,"A",,"R",1543,"A",,"G",64,"A",,"G",64,"R",6,-2
240240,"A",,"R",206575,"A",,"G",230,"A",,"G",230,"A",,"A",,1
240268,"R",298164,"A",,"R",7860,"G",9939,"G",328,"G",9939,"G",328,"R",18,2
240277,"R",162050,"A",,"R",2530,"G",5402,"G",105,"G",5402,"G",105,"A",,2
240329,"R",271535,"A",,"R",15873,"G",9051,"G",661,"G",9051,"G",661,"R",201,2
240338,"R",30727,"A",,"R",1315,"G",1024,"G",55,"G",1024,"G",55,"A",,2
240365,"R",300837,"A",,"R",14825,"G",10028,"G",618,"G",10028,"G",618,"R",8,2
240374,"R",115137,"A",,"R",1733,"G",3838,"G",72,"G",3838,"G",72,"A",,2
240392,"R",98270,"A",,"R",4606,"G",3276,"G",192,"G",3276,"G",192,"A",,2
240417,"R",226566,"A",,"R",16485,"G",7552,"G",687,"G",7552,"G",687,"A",,2
240426,"R",69067,"A",,"R",2809,"G",2302,"G",117,"G",2302,"G",117,"A",,2
240444,"R",836151,"A",,"R",150483,"G",27872,"G",6270,"G",27872,"G",6270,"R",3172,2
240453,"R",648789,"A",,"R",78151,"G",21626,"G",3256,"G",21626,"G",3256,"R",135,2
240462,"R",209759,"A",,"R",9154,"G",6992,"G",381,"G",6992,"G",381,"A",,2
240471,"R",175290,"A",,"R",7246,"G",5843,"G",302,"G",5843,"G",302,"A",,2
240480,"R",261950,"A",,"R",6337,"G",8732,"G",264,"G",8732,"G",264,"R",13,2
240505,"R",88265,"A",,"A",,"G",2942,"A",,"G",2942,"A",,"A",,2
240514,"R",42337,"A",,"A",,"G",1411,"A",,"R",1764,"A",,"A",,2
240596,"R",30732,"A",,"A",,"G",1024,"A",,"R",1281,"A",,"A",,2
240620,"R",102920,"A",,"A",,"G",3431,"A",,"R",4288,"A",,"A",,2
240657,"R",48544,"A",,"A",,"G",1618,"A",,"R",2023,"A",,"A",,2
240666,"R",60930,"A",,"A",,"G",2031,"A",,"R",2539,"A",,"A",,2
240693,"R",66309,"A",,"A",,"G",2210,"A",,"R",2765,"A",,"A",,2
240709,"A",,"R",45000,"A",,"G",50,"A",,"G",50,"A",,"A",,1
240718,"R",76376,"A",,"A",,"G",2546,"A",,"G",2546,"A",,"A",,2
240727,"R",279007,"A",,"R",35080,"G",9300,"G",1462,"G",9300,"G",1462,"R",482,2
240736,"R",42603,"A",,"A",,"G",1420,"A",,"G",1420,"A",,"A",,2
240745,"R",46706,"A",,"A",,"G",1557,"A",,"G",1557,"A",,"A",,2
240754,"R",86934,"A",,"R",5832,"G",2898,"G",243,"G",2898,"G",243,"A",,2
240790,"R",28186,"A",,"A",,"G",940,"A",,"G",940,"A",,"A",,2
240879,"R",17392,"A",,"A",,"G",580,"A",,"G",580,"A",,"A",,2
240985,"R",14549,"A",,"A",,"G",485,"A",,"G",485,"A",,"A",,2
241100,"R",28284,"A",,"R",2103,"G",943,"G",88,"G",943,"G",88,"A",,2
241128,"R",26702,"A",,"R",711,"G",890,"G",30,"G",890,"G",30,"A",,2
241146,"R",43500,"A",,"A",,"G",1450,"A",,"G",1450,"A",,"A",,2
241182,"R",8268,"A",,"A",,"G",276,"A",,"G",276,"A",,"A",,2
241191,"R",34643,"A",,"R",1194,"G",1155,"G",50,"G",1155,"G",50,"A",,2
241216,"R",48528,"A",,"R",768,"G",1618,"G",32,"G",1618,"G",32,"A",,2
241225,"R",50859,"A",,"R",5343,"G",1695,"G",223,"R",1373,"R",249,"A",,2
241304,"R",41063,"A",,"R",2897,"G",1369,"G",121,"G",1369,"G",121,"A",,2
241331,"R",4314,"A",,"R",12324,"G",144,"G",514,"G",144,"G",514,"A",,2
241377,"R",38194,"A",,"R",5367,"G",1273,"G",224,"G",1273,"G",224,"A",,2
241386,"R",17211,"A",,"R",1782,"G",574,"G",74,"G",574,"G",74,"A",,2
241395,"R",16063,"A",,"R",4647,"G",535,"G",194,"G",535,"R",258,"A",,2
241410,"R",181200,"A",,"R",19902,"G",6040,"G",829,"G",6040,"R",1106,"R",1391,2
241517,"R",61120,"A",,"A",,"G",2037,"A",,"G",2037,"A",,"A",,2
241614,"R",5040,"A",,"A",,"G",168,"A",,"G",168,"A",,"A",,2
241720,"R",45312,"A",,"A",,"G",1510,"A",,"G",1510,"A",,"A",,2
241739,"R",279371,"A",,"R",39233,"G",9312,"G",1635,"G",9312,"G",1635,"A",,2
241766,"R",10788,"A",,"R",492,"G",360,"G",21,"G",360,"G",21,"A",,2
241793,"A",,"A",,"R",4568,"A",,"G",190,"A",,"G",190,"A",,-2
241836,"R",31758,"A",,"A",,"G",1059,"A",,"G",1059,"A",,"A",,2
241906,"R",2947,"R",145817,"A",,"G",260,"A",,"G",260,"A",,"A",,3
241951,"R",14696,"A",,"A",,"G",490,"A",,"R",408,"A",,"A",,2
242042,"R",24660,"A",,"A",,"G",822,"A",,"G",822,"A",,"A",,2
242112,"R",79138,"A",,"A",,"G",2638,"A",,"G",2638,"A",,"A",,2
242121,"R",22379,"A",,"A",,"G",746,"A",,"G",746,"A",,"A",,2
242130,"R",10572,"R",228,"A",,"G",353,"A",,"G",353,"A",,"A",,3
242149,"R",13416,"R",444,"A",,"G",448,"A",,"G",448,"A",,"A",,3
242316,"R",7980,"A",,"A",,"G",266,"A",,"G",266,"A",,"A",,2
242413,"R",9600,"R",4900,"A",,"G",325,"A",,"G",325,"A",,"A",,3
242422,"R",645735,"A",,"A",,"G",21525,"A",,"G",21525,"A",,"A",,2
242556,"R",22500,"A",,"A",,"G",750,"A",,"G",750,"A",,"A",,2
242565,"R",29127,"R",436905,"A",,"G",1456,"A",,"G",1456,"A",,"A",,3
242583,"A",,"R",452625,"A",,"G",503,"A",,"G",503,"A",,"A",,1
242617,"R",120760,"A",,"R",9482,"G",4025,"G",395,"R",5032,"R",527,"A",,2
242626,"R",112094,"A",,"R",3786,"G",3736,"G",158,"R",4671,"R",210,"A",,2
242635,"R",118481,"A",,"R",6248,"G",3949,"G",260,"R",4937,"R",347,"A",,2
242644,"R",57611,"A",,"R",1108,"G",1920,"G",46,"R",2400,"R",62,"A",,2
242653,"R",229701,"A",,"R",41721,"G",7657,"G",1738,"R",9571,"R",2318,"A",,2
242662,"R",142338,"A",,"R",4756,"G",4745,"G",198,"R",5931,"R",264,"A",,2
242680,"R",53324,"A",,"R",531,"G",1777,"G",22,"R",2222,"R",30,"A",,2
242699,"R",58135,"A",,"R",1187,"G",1938,"G",49,"R",2422,"R",66,"A",,2
242705,"R",126251,"A",,"R",1649,"G",4208,"G",69,"R",5260,"R",92,"A",,2
242723,"A",,"A",,"A",,"A",,"A",,"A",,"A",,"R",743,-2
242750,"R",4017,"A",,"A",,"G",134,"A",,"G",134,"A",,"A",,2
242820,"R",19507,"A",,"A",,"G",650,"A",,"G",650,"A",,"A",,2
242884,"R",93290,"A",,"A",,"G",3110,"A",,"G",3110,"A",,"A",,2
242945,"A",,"R",447800,"A",,"G",498,"A",,"G",498,"A",,"A",,1
242954,"A",,"R",89500,"A",,"G",99,"A",,"G",99,"A",,"A",,1
242972,"R",98854,"A",,"R",534,"G",3295,"G",22,"G",3295,"G",22,"A",,2
242981,"R",51185,"A",,"A",,"G",1706,"A",,"G",1706,"A",,"A",,2
243072,"R",93759,"A",,"A",,"G",3125,"A",,"G",3125,"A",,"A",,2
243081,"A",,"A",,"R",18780,"A",,"G",783,"A",,"G",783,"R",268,-2
243106,"R",79179,"A",,"A",,"G",2639,"A",,"G",2639,"A",,"A",,2
243115,"R",99976,"R",99976,"A",,"G",3444,"A",,"G",3444,"A",,"A",,3
243133,"R",145260,"R",43166,"A",,"G",4890,"A",,"R",4634,"A",,"A",,3
243142,"R",119213,"A",,"A",,"G",2649,"A",,"G",2649,"A",,"A",,2
243151,"R",97424,"A",,"A",,"G",3247,"A",,"G",3247,"A",,"A",,2
243179,"R",105778,"A",,"A",,"G",3526,"A",,"G",3526,"A",,"A",,2
243188,"R",37300,"A",,"A",,"G",1243,"A",,"G",1243,"A",,"A",,2
243197,"R",339472,"A",,"R",8931,"G",11316,"G",372,"G",11316,"G",372,"A",,2
243203,"R",16815,"A",,"R",20997,"G",561,"G",875,"G",561,"G",875,"R",824,2
243212,"R",84125,"A",,"A",,"G",2804,"A",,"G",2804,"A",,"A",,2
243221,"R",327022,"A",,"R",26934,"G",10901,"G",1122,"G",10901,"G",1122,"R",739,2
243346,"R",296969,"A",,"R",18943,"G",9899,"G",789,"G",9899,"G",789,"A",,2
243407,"A",,"R",18713,"A",,"G",21,"A",,"R",20,"A",,"A",,1
243416,"R",5146,"A",,"A",,"G",172,"A",,"G",172,"A",,"A",,2
243443,"R",142094,"A",,"R",12218,"G",4736,"G",509,"G",4736,"G",509,"A",,2
243498,"A",,"A",,"R",3100,"A",,"G",129,"A",,"G",129,"A",,-2
243568,"R",4380,"A",,"R",1980,"G",146,"G",83,"G",146,"G",83,"R",270,2
243577,"R",122241,"A",,"R",10235,"G",4075,"G",426,"G",4075,"G",426,"A",,2
243586,"R",38073,"A",,"R",1687,"G",1269,"G",70,"G",1269,"R",94,"A",,2
243601,"R",330750,"A",,"R",41606,"G",11025,"G",1734,"G",11025,"G",1734,"R",243,2
243638,"R",64215,"A",,"A",,"G",2141,"A",,"G",2141,"A",,"A",,2
243647,"R",17902,"A",,"A",,"G",597,"A",,"G",597,"A",,"A",,2
243665,"R",57333,"A",,"R",2618,"G",1911,"G",109,"G",1911,"G",109,"A",,2
243744,"R",336807,"A",,"R",242960,"G",7485,"G",6749,"G",7485,"G",6749,"R",921,2
243780,"R",947749,"A",,"R",174635,"G",31592,"G",7276,"G",31592,"G",7276,"R",1445,2
243799,"A",,"R",55442,"A",,"G",62,"A",,"G",62,"A",,"A",,1
243823,"R",2709,"R",47818,"A",,"G",143,"A",,"G",143,"A",,"R",881,3
243832,"R",27938,"A",,"R",1127,"G",931,"G",47,"G",931,"G",47,"A",,2
243841,"R",18414,"R",1350,"A",,"G",615,"A",,"G",615,"A",,"A",,3
244011,"R",37035,"A",,"A",,"G",823,"A",,"G",823,"A",,"A",,2
244154,"R",15473,"A",,"A",,"G",344,"A",,"G",344,"A",,"A",,2
244190,"R",3002,"A",,"R",2154,"G",100,"G",90,"G",100,"G",90,"R",864,2
244233,"R",32078,"A",,"A",,"G",713,"A",,"G",713,"A",,"A",,2
244279,"R",7826,"R",32600,"A",,"G",297,"A",,"R",268,"A",,"A",,3
244437,"R",604522,"A",,"A",,"G",20151,"A",,"G",20151,"A",,"A",,2
244446,"R",81398,"A",,"A",,"G",2713,"A",,"G",2713,"A",,"A",,2
244491,"A",,"R",166555,"A",,"G",185,"A",,"G",185,"A",,"A",,1
244561,"A",,"R",538500,"A",,"G",598,"A",,"G",598,"A",,"A",,1
244613,"A",,"R",118686,"A",,"G",132,"A",,"G",132,"A",,"A",,1
245032,"R",16411,"A",,"A",,"G",365,"A",,"G",365,"A",,"A",,2
245069,"A",,"R",48000,"A",,"G",53,"A",,"G",53,"A",,"A",,1
245281,"A",,"R",35739,"A",,"G",40,"A",,"G",40,"A",,"A",,1
245290,"A",,"R",258000,"A",,"G",287,"A",,"G",287,"A",,"A",,1
245342,"R",53502,"R",357895,"A",,"G",2181,"A",,"G",2181,"A",,"A",,3
245421,"R",6203,"R",4488,"A",,"G",143,"A",,"G",143,"A",,"A",,3
245430,"R",8365,"R",1488,"A",,"G",188,"A",,"G",188,"A",,"A",,3
245625,"R",42539,"A",,"A",,"G",1418,"A",,"G",1418,"A",,"A",,2
245652,"R",12457,"A",,"R",1867,"G",415,"G",78,"G",415,"G",78,"A",,2
245731,"R",1188,"A",,"R",300,"G",40,"G",13,"G",40,"G",13,"A",,2
245777,"R",363,"A",,"R",570,"G",12,"G",24,"G",12,"G",24,"A",,2
245838,"R",6933,"A",,"R",22182,"G",154,"G",616,"G",154,"G",616,"A",,2
245847,"R",5465,"A",,"R",8564,"G",121,"G",238,"G",121,"G",238,"A",,2
245865,"A",,"A",,"R",11732,"A",,"G",489,"A",,"R",551,"R",193,-2
245883,"R",7712,"A",,"R",14002,"G",171,"G",389,"R",159,"G",389,"R",80,2
245892,"R",3842,"A",,"R",11741,"G",85,"G",326,"G",85,"G",326,"A",,2
245953,"R",41738,"A",,"R",7786,"G",1391,"G",324,"G",1391,"G",324,"A",,2
245962,"A",,"R",826200,"A",,"G",918,"A",,"G",918,"A",,"A",,1
245980,"A",,"R",71173,"A",,"G",79,"A",,"G",79,"A",,"A",,1
245999,"A",,"R",1448475,"A",,"G",1609,"A",,"R",2759,"A",,"A",,1
246008,"R",10861,"A",,"A",,"G",362,"A",,"G",362,"A",,"A",,2
246017,"A",,"R",705594,"A",,"G",784,"A",,"G",784,"A",,"A",,1
246035,"R",14311,"A",,"A",,"G",477,"A",,"G",477,"A",,"A",,2
246071,"A",,"R",177800,"A",,"G",198,"A",,"G",198,"A",,"A",,1
246202,"R",21693,"A",,"A",,"G",723,"A",,"G",723,"A",,"A",,2
246266,"R",45222,"A",,"A",,"G",1507,"A",,"G",1507,"A",,"A",,2
246345,"A",,"A",,"R",3235,"A",,"G",135,"A",,"R",147,"R",41,-2
246354,"R",166851,"A",,"A",,"G",5562,"A",,"G",5562,"A",,"A",,2
246406,"A",,"R",25934,"A",,"G",29,"A",,"G",29,"A",,"A",,1
246415,"A",,"R",52919,"A",,"G",59,"A",,"G",59,"A",,"A",,1
246460,"A",,"R",150278,"A",,"G",167,"A",,"G",167,"A",,"A",,1
246594,"A",,"R",115885,"A",,"G",129,"A",,"G",129,"A",,"A",,1
246789,"A",,"A",,"R",603,"A",,"G",25,"A",,"G",25,"R",50,-2
246813,"R",94952,"A",,"A",,"G",3165,"A",,"G",3165,"A",,"A",,2
246895,"A",,"R",540019,"A",,"G",600,"A",,"R",844,"A",,"A",,1
246974,"R",18083,"A",,"A",,"G",603,"A",,"G",603,"A",,"A",,2
247010,"A",,"R",45708,"A",,"G",51,"A",,"G",51,"A",,"A",,1
247047,"A",,"R",202867,"A",,"G",225,"A",,"G",225,"A",,"A",,1
247065,"R",43190,"A",,"A",,"G",960,"A",,"G",960,"A",,"A",,2
247153,"R",9060,"A",,"A",,"G",201,"A",,"G",201,"A",,"A",,2
247162,"R",240,"A",,"R",2016,"G",5,"G",56,"G",5,"G",56,"R",50,2
247409,"A",,"R",230400,"A",,"G",256,"A",,"G",256,"A",,"A",,1
247603,"R",77409,"A",,"A",,"G",2580,"A",,"G",2580,"A",,"A",,2
247649,"R",11340,"A",,"A",,"G",378,"A",,"R",473,"A",,"A",,2
247700,"R",27144,"A",,"A",,"G",603,"A",,"G",603,"A",,"A",,2
247773,"R",2214,"A",,"R",360,"G",74,"G",15,"G",74,"G",15,"A",,2
247825,"R",489,"A",,"R",387,"G",16,"G",16,"G",16,"G",16,"A",,2
247834,"R",535775,"A",,"A",,"G",17859,"A",,"G",17859,"A",,"A",,2
247922,"A",,"A",,"R",192,"A",,"G",8,"A",,"G",8,"A",,-2
247940,"R",93718,"A",,"A",,"G",3124,"A",,"G",3124,"A",,"A",,2
248165,"A",,"R",18100,"A",,"G",20,"A",,"G",20,"A",,"A",,1
248192,"A",,"R",23400,"A",,"G",26,"A",,"G",26,"A",,"A",,1
248305,"A",,"R",175113,"A",,"G",195,"A",,"G",195,"A",,"A",,1
248314,"A",,"R",46214,"A",,"G",51,"A",,"G",51,"A",,"A",,1
248527,"A",,"R",45000,"A",,"G",50,"A",,"G",50,"A",,"A",,1
248606,"A",,"R",589371,"A",,"G",655,"A",,"G",655,"A",,"A",,1
248624,"A",,"R",85526,"A",,"G",95,"A",,"R",125,"A",,"A",,1
248633,"A",,"R",61880,"A",,"G",69,"A",,"G",69,"A",,"A",,1
248660,"A",,"R",191000,"A",,"G",212,"A",,"G",212,"A",,"A",,1
248703,"A",,"R",159746,"A",,"G",177,"A",,"G",177,"A",,"A",,1
248776,"R",26783,"A",,"A",,"G",893,"A",,"G",893,"A",,"A",,2
248846,"R",9573,"A",,"A",,"G",213,"A",,"G",213,"A",,"A",,2
248882,"R",18123,"A",,"A",,"G",403,"A",,"G",403,"A",,"A",,2
248925,"A",,"R",762392,"A",,"G",847,"A",,"G",847,"A",,"A",,1
248934,"R",352581,"A",,"R",501,"G",11753,"G",21,"G",11753,"G",21,"A",,2
249061,"A",,"R",255437,"A",,"G",284,"A",,"R",193,"A",,"A",,1
249140,"R",33780,"A",,"A",,"G",1126,"A",,"G",1126,"A",,"A",,2
249238,"A",,"R",343460,"A",,"G",382,"A",,"G",382,"A",,"A",,1
249247,"A",,"R",724632,"A",,"G",805,"A",,"R",614,"A",,"A",,1
249566,"A",,"R",198204,"A",,"G",220,"A",,"G",220,"A",,"A",,1
249609,"R",14730,"A",,"A",,"G",491,"A",,"G",491,"A",,"A",,2
250027,"R",11080,"R",5776,"A",,"G",376,"A",,"G",376,"A",,"A",,3
250072,"R",5135,"R",6400,"A",,"G",178,"A",,"G",178,"A",,"A",,3
250285,"A",,"R",434460,"A",,"G",483,"A",,"G",483,"A",,"A",,1
250407,"R",49674,"A",,"A",,"G",1656,"A",,"G",1656,"A",,"A",,2
250498,"R",5850,"A",,"A",,"G",195,"A",,"G",195,"A",,"A",,2
250601,"R",21186,"A",,"A",,"G",706,"A",,"G",706,"A",,"A",,2
250744,"R",19734,"A",,"A",,"G",439,"A",,"G",439,"A",,"A",,2
250832,"A",,"R",76068,"A",,"G",85,"A",,"G",85,"A",,"A",,1
250902,"A",,"R",51450,"A",,"G",57,"A",,"G",57,"A",,"A",,1
250920,"A",,"R",1551736,"A",,"G",1724,"A",,"R",1688,"A",,"A",,1
250993,"A",,"R",229773,"A",,"G",255,"A",,"R",76,"A",,"A",,1
251075,"R",23350,"A",,"A",,"G",778,"A",,"G",778,"A",,"A",,2
251251,"R",19998,"A",,"A",,"G",444,"A",,"G",444,"A",,"A",,2
251260,"R",130015,"A",,"A",,"G",4334,"A",,"G",4334,"A",,"A",,2
251312,"R",51337,"A",,"R",8822,"G",1141,"G",245,"G",1141,"G",245,"R",200,2
260293,"R",309482,"A",,"R",2996,"G",10316,"G",125,"G",10316,"G",125,"A",,2
260336,"A",,"R",53100,"A",,"G",59,"A",,"G",59,"A",,"A",,1
260354,"R",3433,"A",,"A",,"G",114,"A",,"G",114,"A",,"A",,2
260363,"A",,"R",51520,"A",,"G",57,"A",,"G",57,"A",,"A",,1
260372,"R",8145,"A",,"A",,"G",272,"A",,"G",272,"A",,"A",,2
260664,"A",,"R",288000,"A",,"G",320,"A",,"G",320,"A",,"A",,1
260691,"A",,"R",1902294,"A",,"G",2114,"A",,"G",2114,"A",,"A",,1
260789,"R",21946,"A",,"A",,"G",732,"A",,"G",732,"A",,"A",,2
260813,"R",11538,"A",,"A",,"G",256,"A",,"G",256,"A",,"A",,2
260901,"R",1967141,"A",,"R",253706,"G",65571,"G",10571,"G",65571,"G",10571,"R",282,2
260910,"R",25857,"A",,"R",1228,"G",862,"G",51,"G",862,"G",51,"A",,2
260929,"A",,"R",225605,"A",,"G",251,"A",,"G",251,"A",,"A",,1
260947,"R",909,"A",,"A",,"G",30,"A",,"G",30,"A",,"A",,2
260956,"A",,"A",,"R",1536,"A",,"G",64,"A",,"G",64,"A",,-2
260965,"A",,"R",93982,"A",,"G",104,"A",,"G",104,"A",,"A",,1
260974,"R",16088,"A",,"A",,"G",358,"A",,"G",358,"A",,"A",,2
260992,"R",31913,"A",,"A",,"G",709,"A",,"G",709,"A",,"A",,2
261375,"A",,"R",944357,"A",,"G",1049,"A",,"G",1049,"A",,"A",,1
261384,"A",,"R",422435,"A",,"G",469,"A",,"G",469,"A",,"A",,1
261393,"A",,"R",369414,"A",,"G",410,"A",,"G",410,"A",,"A",,1
261436,"A",,"R",1194477,"A",,"G",1327,"A",,"G",1327,"A",,"A",,1
261472,"R",44638,"A",,"A",,"G",992,"A",,"G",992,"A",,"A",,2
261676,"A",,"R",153000,"A",,"G",170,"A",,"G",170,"A",,"A",,1
261685,"A",,"R",156960,"A",,"G",174,"A",,"G",174,"A",,"A",,1
261719,"A",,"R",82939,"A",,"G",92,"A",,"G",92,"A",,"A",,1
261773,"A",,"R",56450,"A",,"G",63,"A",,"G",63,"A",,"A",,1
261861,"R",8260,"R",2232,"A",,"G",186,"A",,"G",186,"A",,"A",,3
261931,"R",6267,"A",,"A",,"G",209,"A",,"G",209,"A",,"A",,2
262022,"A",,"A",,"R",4822,"A",,"G",134,"A",,"G",134,"A",,-2
262031,"R",171479,"A",,"A",,"G",5716,"A",,"G",5716,"A",,"A",,2
262086,"R",91254,"A",,"R",74881,"G",3042,"G",3120,"G",3042,"G",3120,"R",68,2
262129,"R",28816,"A",,"A",,"G",961,"A",,"G",961,"A",,"A",,2
262165,"R",2575,"A",,"A",,"G",86,"A",,"G",86,"A",,"A",,2
262235,"A",,"R",74150,"A",,"G",82,"A",,"G",82,"A",,"A",,1
262299,"A",,"R",111881,"A",,"G",124,"A",,"G",124,"A",,"A",,1
262332,"R",68000,"A",,"A",,"G",2267,"A",,"G",2267,"A",,"A",,2
262341,"R",39800,"A",,"A",,"G",1327,"A",,"G",1327,"A",,"A",,2
262369,"A",,"R",214080,"A",,"G",238,"A",,"G",238,"A",,"A",,1
262402,"A",,"R",186590,"A",,"G",207,"A",,"G",207,"A",,"A",,1
262457,"R",38766,"A",,"A",,"G",1292,"A",,"R",1432,"A",,"A",,2
262466,"A",,"R",31312,"A",,"G",35,"A",,"G",35,"A",,"A",,1
262509,"R",29913,"A",,"A",,"G",997,"A",,"G",997,"A",,"A",,2
262660,"A",,"R",119133,"A",,"G",132,"A",,"G",132,"A",,"A",,1
362700,"R",6532,"R",204876,"A",,"G",445,"A",,"G",445,"A",,"A",,3
362782,"A",,"R",101600,"A",,"G",113,"A",,"G",113,"A",,"A",,1
363013,"A",,"R",97200,"A",,"G",108,"A",,"G",108,"A",,"A",,1
363077,"A",,"R",266286,"A",,"G",296,"A",,"G",296,"A",,"A",,1
363147,"A",,"R",153600,"A",,"G",171,"A",,"G",171,"A",,"A",,1
363165,"A",,"R",975951,"A",,"G",1084,"A",,"R",1859,"A",,"A",,1
363387,"R",74600,"A",,"A",,"G",1658,"A",,"G",1658,"A",,"A",,2
363439,"R",19984,"A",,"A",,"G",444,"A",,"G",444,"A",,"A",,2
363590,"R",25068,"A",,"A",,"G",836,"A",,"G",836,"A",,"A",,2
363633,"R",33617,"A",,"A",,"G",1121,"A",,"G",1121,"A",,"A",,2
363679,"A",,"R",91741,"A",,"G",102,"A",,"G",102,"A",,"A",,1
363712,"R",990,"A",,"A",,"G",33,"A",,"G",33,"A",,"A",,2
363721,"A",,"A",,"R",72,"A",,"G",3,"A",,"G",3,"R",342,-2
363882,"A",,"R",78150,"A",,"G",87,"A",,"G",87,"A",,"A",,1
363907,"R",28745,"A",,"R",7278,"G",958,"G",303,"G",958,"G",303,"A",,2
363916,"R",12492,"A",,"R",1977,"G",416,"G",82,"G",416,"G",82,"A",,2
363934,"R",33877,"A",,"R",1405,"G",1129,"G",59,"G",1129,"G",59,"A",,2
364016,"R",165088,"A",,"A",,"G",5503,"A",,"G",5503,"A",,"A",,2
364025,"R",234895,"A",,"A",,"G",7830,"A",,"G",7830,"A",,"A",,2
364122,"R",128,"A",,"A",,"G",4,"A",,"G",4,"A",,"A",,2
364168,"R",21357,"A",,"A",,"G",712,"A",,"G",712,"A",,"A",,2
364317,"A",,"R",696083,"A",,"G",773,"A",,"G",773,"A",,"A",,1
364326,"A",,"R",689262,"A",,"G",766,"A",,"G",766,"A",,"A",,1
364335,"A",,"R",1161630,"A",,"G",1291,"A",,"G",1291,"A",,"A",,1
364548,"A",,"R",373500,"A",,"G",415,"A",,"G",415,"A",,"A",,1
364566,"A",,"R",134689,"A",,"G",150,"A",,"G",150,"A",,"A",,1
364575,"A",,"R",37810,"A",,"G",42,"A",,"G",42,"A",,"A",,1
364584,"A",,"R",177460,"A",,"G",197,"A",,"G",197,"A",,"A",,1
364593,"R",3500,"A",,"A",,"G",117,"A",,"G",117,"A",,"A",,2
364618,"A",,"R",90900,"A",,"G",101,"A",,"G",101,"A",,"A",,1
364627,"A",,"R",222576,"A",,"G",247,"A",,"G",247,"A",,"A",,1
364636,"A",,"R",80100,"A",,"G",89,"A",,"G",89,"A",,"A",,1
364751,"A",,"R",249424,"A",,"G",277,"A",,"G",277,"A",,"A",,1
364760,"A",,"R",150540,"A",,"G",167,"A",,"R",81,"A",,"A",,1
364812,"A",,"R",99368,"A",,"G",110,"A",,"G",110,"A",,"A",,1
364946,"A",,"R",183750,"A",,"G",204,"A",,"G",204,"A",,"A",,1
364955,"R",44323,"A",,"A",,"G",1477,"A",,"G",1477,"A",,"A",,2
364964,"A",,"R",32400,"A",,"G",36,"A",,"G",36,"A",,"A",,1
364973,"R",35953,"A",,"A",,"G",1198,"A",,"G",1198,"A",,"A",,2
365055,"R",72774,"A",,"A",,"G",1617,"A",,"G",1617,"A",,"A",,2
365073,"A",,"R",192918,"A",,"G",214,"A",,"G",214,"A",,"A",,1
365091,"A",,"R",268298,"A",,"G",298,"A",,"G",298,"A",,"A",,1
365125,"A",,"R",159758,"A",,"G",178,"A",,"G",178,"A",,"A",,1
365198,"A",,"R",410875,"A",,"G",457,"A",,"G",457,"A",,"A",,1
365204,"R",63880,"A",,"A",,"G",1420,"A",,"G",1420,"A",,"A",,2
365213,"A",,"R",486898,"A",,"G",541,"A",,"G",541,"A",,"A",,1
365240,"A",,"R",77330,"A",,"G",86,"A",,"G",86,"A",,"A",,1
365374,"A",,"R",803132,"A",,"G",892,"A",,"G",892,"A",,"A",,1
365383,"A",,"R",129696,"A",,"G",144,"A",,"G",144,"A",,"A",,1
365426,"A",,"A",,"R",12312,"A",,"G",342,"A",,"G",342,"A",,-2
365453,"A",,"R",23880,"A",,"G",27,"A",,"G",27,"A",,"A",,1
365480,"A",,"R",507992,"A",,"G",564,"A",,"G",564,"A",,"A",,1
365505,"A",,"R",73995,"A",,"G",82,"A",,"G",82,"A",,"A",,1
365569,"A",,"R",46701,"A",,"G",52,"A",,"G",52,"A",,"A",,1
365693,"A",,"R",134390,"A",,"G",149,"A",,"R",136,"A",,"A",,1
365763,"A",,"R",51432,"A",,"G",57,"A",,"G",57,"A",,"A",,1
365824,"A",,"R",182160,"A",,"G",202,"A",,"G",202,"A",,"A",,1
365833,"A",,"R",144000,"A",,"G",160,"A",,"G",160,"A",,"A",,1
366003,"R",1423,"A",,"R",93,"G",47,"G",4,"G",47,"G",4,"R",2,2
366155,"A",,"R",35000,"A",,"G",39,"A",,"G",39,"A",,"A",,1
366191,"R",81650,"A",,"A",,"G",2722,"A",,"G",2722,"A",,"A",,2
366252,"R",164058,"A",,"A",,"G",5469,"A",,"G",5469,"A",,"A",,2
366261,"R",12002,"A",,"A",,"G",267,"A",,"G",267,"A",,"A",,2
366270,"A",,"R",1014811,"A",,"G",1128,"A",,"G",1128,"A",,"A",,1
366289,"R",8413,"A",,"A",,"G",280,"A",,"G",280,"A",,"A",,2
366340,"R",13077,"A",,"A",,"G",436,"A",,"G",436,"A",,"A",,2
366368,"A",,"A",,"R",3111,"A",,"G",130,"A",,"G",130,"A",,-2
366395,"R",568472,"A",,"A",,"G",18949,"A",,"G",18949,"A",,"A",,2
366401,"R",152350,"A",,"A",,"G",5078,"A",,"G",5078,"A",,"A",,2
366438,"A",,"R",89700,"A",,"G",100,"A",,"G",100,"A",,"A",,1
366447,"R",29636,"A",,"A",,"G",988,"A",,"G",988,"A",,"A",,2
366465,"R",51832,"A",,"A",,"G",1152,"A",,"G",1152,"A",,"A",,2
366535,"R",27916,"R",55705,"A",,"G",992,"A",,"G",992,"A",,"A",,3
366544,"R",17934,"A",,"A",,"G",598,"A",,"G",598,"A",,"A",,2
366553,"R",93154,"A",,"R",0,"G",2070,"G",0,"G",2070,"G",0,"A",,2
366571,"R",1062,"A",,"A",,"G",35,"A",,"G",35,"A",,"A",,2
366580,"R",22132,"A",,"A",,"G",492,"A",,"G",492,"A",,"A",,2
366605,"A",,"A",,"R",4070,"A",,"G",170,"A",,"G",170,"A",,-2
366623,"A",,"R",68750,"A",,"G",76,"A",,"G",76,"A",,"A",,1
366632,"A",,"R",41400,"A",,"G",46,"A",,"G",46,"A",,"A",,1
366650,"R",28048,"A",,"A",,"G",623,"A",,"G",623,"A",,"A",,2
366678,"R",26542,"A",,"A",,"G",590,"A",,"G",590,"A",,"A",,2
366696,"R",36543,"A",,"A",,"G",812,"A",,"G",812,"A",,"A",,2
366702,"A",,"A",,"R",8889,"A",,"G",370,"A",,"R",329,"A",,-2
366711,"R",230518,"A",,"R",6297,"G",7684,"G",262,"G",7684,"G",262,"A",,2
366748,"R",4881,"A",,"R",4070,"G",163,"G",170,"G",163,"G",170,"R",126,2
366757,"A",,"A",,"R",8437,"A",,"G",352,"A",,"R",312,"A",,-2
366793,"A",,"A",,"R",2033,"A",,"G",85,"A",,"G",85,"A",,-2
366960,"R",37799,"A",,"A",,"G",1260,"A",,"G",1260,"A",,"A",,2
367024,"R",45702,"A",,"R",1746,"G",1523,"G",73,"G",1523,"G",73,"A",,2
367051,"A",,"R",104500,"A",,"G",116,"A",,"G",116,"A",,"A",,1
367088,"A",,"R",72985,"A",,"G",81,"A",,"G",81,"A",,"A",,1
367097,"A",,"R",85760,"A",,"G",95,"A",,"G",95,"A",,"A",,1
367103,"R",1980,"A",,"A",,"G",66,"A",,"G",66,"A",,"A",,2
367112,"R",37454,"R",20840,"A",,"G",855,"A",,"G",855,"A",,"A",,3
367130,"A",,"R",127584,"A",,"G",142,"A",,"G",142,"A",,"A",,1
367158,"A",,"R",69120,"A",,"G",77,"A",,"G",77,"A",,"A",,1
367194,"R",21674,"A",,"R",278,"G",722,"G",12,"G",722,"G",12,"A",,2
367316,"A",,"R",254521,"A",,"G",283,"A",,"G",283,"A",,"A",,1
367334,"A",,"R",245172,"A",,"G",272,"A",,"G",272,"A",,"A",,1
367361,"A",,"R",51968,"A",,"G",58,"A",,"G",58,"A",,"A",,1
367398,"R",19010,"A",,"A",,"G",634,"A",,"G",634,"A",,"A",,2
367413,"R",12070,"A",,"A",,"G",402,"A",,"G",402,"A",,"A",,2
367431,"A",,"R",88800,"A",,"G",99,"A",,"G",99,"A",,"A",,1
367459,"R",171630,"A",,"A",,"G",5721,"A",,"G",5721,"A",,"A",,2
367662,"A",,"R",44807,"A",,"G",50,"A",,"G",50,"A",,"A",,1
367839,"R",2197,"A",,"R",776,"G",73,"G",32,"G",73,"G",32,"A",,2
367875,"A",,"R",215506,"A",,"G",239,"A",,"G",239,"A",,"A",,1
367884,"R",66520,"A",,"R",4141,"G",2217,"G",173,"G",2217,"G",173,"A",,2
367909,"R",19453,"A",,"A",,"G",648,"A",,"G",648,"A",,"A",,2
367936,"R",10597,"A",,"R",27116,"G",353,"G",1130,"G",353,"G",1130,"R",98,2
367954,"A",,"A",,"R",16245,"A",,"G",677,"A",,"R",285,"R",1576,-2
367972,"A",,"R",276640,"A",,"G",307,"A",,"G",307,"A",,"A",,1
367981,"A",,"R",78788,"A",,"G",88,"A",,"G",88,"A",,"A",,1
368036,"A",,"R",21656,"A",,"G",24,"A",,"R",30,"A",,"A",,1
368160,"A",,"R",35847,"A",,"G",40,"A",,"G",40,"A",,"A",,1
368230,"A",,"R",164530,"A",,"G",183,"A",,"G",183,"A",,"A",,1
368364,"A",,"R",205238,"A",,"G",228,"A",,"G",228,"A",,"A",,1
368407,"A",,"R",138286,"A",,"G",154,"A",,"G",154,"A",,"A",,1
368443,"R",27102,"A",,"A",,"G",602,"A",,"G",602,"A",,"A",,2
368452,"R",12432,"A",,"A",,"G",414,"A",,"G",414,"A",,"A",,2
368540,"A",,"R",48416,"A",,"G",54,"A",,"G",54,"A",,"A",,1
368601,"R",49686,"A",,"A",,"G",1104,"A",,"G",1104,"A",,"A",,2
368629,"A",,"R",1097998,"A",,"G",1220,"A",,"G",1220,"A",,"A",,1
368647,"A",,"R",34560,"A",,"G",38,"A",,"G",38,"A",,"A",,1
368771,"A",,"R",88080,"A",,"G",98,"A",,"G",98,"A",,"A",,1
368780,"A",,"R",536182,"A",,"G",596,"A",,"G",596,"A",,"A",,1
368805,"R",17759,"A",,"A",,"G",592,"A",,"G",592,"A",,"A",,2
368832,"A",,"R",60633,"A",,"G",67,"A",,"G",67,"A",,"A",,1
368911,"R",36577,"A",,"A",,"G",1219,"A",,"G",1219,"A",,"A",,2
369002,"A",,"A",,"A",,"A",,"A",,"A",,"A",,"R",662,-2
369020,"A",,"R",43000,"A",,"G",48,"A",,"G",48,"A",,"A",,1
369084,"R",30703,"A",,"A",,"G",682,"A",,"G",682,"A",,"A",,2
369109,"A",,"R",102782,"A",,"G",114,"A",,"G",114,"A",,"A",,1
369400,"R",135232,"A",,"A",,"G",4508,"A",,"G",4508,"A",,"A",,2
369419,"A",,"R",763638,"A",,"G",848,"A",,"G",848,"A",,"A",,1
369446,"A",,"R",118847,"A",,"G",132,"A",,"G",132,"A",,"A",,1
369455,"R",6200,"A",,"A",,"G",138,"A",,"G",138,"A",,"A",,2
369516,"R",23328,"A",,"A",,"G",518,"A",,"G",518,"A",,"A",,2
369659,"A",,"A",,"R",13110,"A",,"G",364,"A",,"G",364,"A",,-2
369668,"A",,"R",172640,"A",,"G",192,"A",,"G",192,"A",,"A",,1
369686,"A",,"R",205509,"A",,"G",228,"A",,"G",228,"A",,"A",,1
369695,"A",,"R",127257,"A",,"G",141,"A",,"G",141,"A",,"A",,1
369783,"A",,"R",943200,"A",,"G",1048,"A",,"G",1048,"A",,"A",,1
369792,"A",,"R",21092,"A",,"G",23,"A",,"R",20,"A",,"A",,1
369817,"A",,"A",,"R",1394,"A",,"G",39,"A",,"G",39,"A",,-2
369862,"R",14454,"R",18405,"A",,"G",342,"A",,"G",342,"A",,"A",,3
369905,"R",24068,"A",,"A",,"G",802,"A",,"G",802,"A",,"A",,2
369950,"R",92,"R",119552,"A",,"G",136,"A",,"G",136,"A",,"A",,3
371034,"A",,"R",40800,"A",,"G",45,"A",,"G",45,"A",,"A",,1
371052,"R",18840,"A",,"A",,"G",628,"A",,"G",628,"A",,"A",,2
371140,"A",,"R",103500,"A",,"G",115,"A",,"G",115,"A",,"A",,1
371265,"R",34918,"A",,"A",,"G",1164,"A",,"G",1164,"A",,"A",,2
371690,"A",,"R",1878559,"A",,"G",2087,"A",,"G",2087,"A",,"A",,1
371760,"R",77240,"A",,"A",,"G",1716,"A",,"G",1716,"A",,"A",,2
371779,"R",83161,"A",,"A",,"G",1848,"A",,"G",1848,"A",,"A",,2
371830,"A",,"R",92137,"A",,"G",102,"A",,"G",102,"A",,"A",,1
371928,"A",,"R",176548,"A",,"G",196,"A",,"G",196,"A",,"A",,1
371964,"R",4547,"A",,"A",,"G",152,"A",,"G",152,"A",,"A",,2
371982,"R",28028,"A",,"A",,"G",934,"A",,"G",934,"A",,"A",,2
372000,"A",,"R",75000,"A",,"G",83,"A",,"G",83,"A",,"A",,1
372028,"A",,"R",195668,"A",,"G",217,"A",,"G",217,"A",,"A",,1
372037,"R",41898,"A",,"A",,"G",1397,"A",,"G",1397,"A",,"A",,2
372073,"R",15966,"A",,"A",,"G",532,"A",,"G",532,"A",,"A",,2
372082,"A",,"R",1454830,"A",,"G",1616,"A",,"G",1616,"A",,"A",,1
372213,"R",5355503,"A",,"R",895463,"G",178517,"G",37311,"G",178517,"G",37311,"A",,2
372222,"R",151665,"A",,"R",15453,"G",5056,"G",644,"G",5056,"G",644,"A",,2
372240,"A",,"R",66904,"A",,"G",74,"A",,"G",74,"A",,"A",,1
372329,"R",65340,"A",,"A",,"G",1452,"A",,"G",1452,"A",,"A",,2
372356,"R",5247,"A",,"A",,"G",175,"A",,"G",175,"A",,"A",,2
372462,"A",,"R",303420,"A",,"G",337,"A",,"G",337,"A",,"A",,1
372578,"R",20762,"A",,"A",,"G",461,"A",,"G",461,"A",,"A",,2
372718,"A",,"R",137220,"A",,"G",152,"A",,"G",152,"A",,"A",,1
372772,"R",13997,"A",,"A",,"G",467,"A",,"G",467,"A",,"A",,2
372921,"R",39300,"A",,"A",,"G",1310,"A",,"G",1310,"A",,"A",,2
372958,"R",25349,"R",115950,"A",,"G",974,"A",,"G",974,"A",,"A",,3
373058,"R",15564,"A",,"A",,"G",519,"A",,"G",519,"A",,"A",,2
373085,"R",17252,"A",,"A",,"G",383,"A",,"G",383,"A",,"A",,2
373119,"A",,"R",108720,"A",,"G",121,"A",,"G",121,"A",,"A",,1
373216,"A",,"R",260100,"A",,"G",289,"A",,"G",289,"A",,"A",,1
373340,"A",,"R",111526,"A",,"G",124,"A",,"G",124,"A",,"A",,1
373447,"R",1260,"A",,"A",,"G",42,"A",,"G",42,"A",,"A",,2
373526,"A",,"R",286000,"A",,"G",318,"A",,"G",318,"A",,"A",,1
373605,"A",,"R",40705,"A",,"G",45,"A",,"G",45,"A",,"A",,1
373678,"A",,"R",179635,"A",,"G",200,"A",,"G",200,"A",,"A",,1
373696,"A",,"R",281731,"A",,"G",313,"A",,"G",313,"A",,"A",,1
373711,"A",,"R",63653,"A",,"G",71,"A",,"G",71,"A",,"A",,1
373784,"R",82140,"A",,"A",,"G",2738,"A",,"G",2738,"A",,"A",,2
373827,"R",15173,"A",,"A",,"G",506,"A",,"R",500,"A",,"A",,2
373890,"R",22821,"A",,"A",,"G",761,"A",,"G",761,"A",,"A",,2
374024,"A",,"A",,"R",5434,"A",,"G",151,"A",,"G",151,"A",,-2
374112,"A",,"R",22400,"A",,"G",25,"A",,"G",25,"A",,"A",,1
374291,"A",,"R",46000,"A",,"G",51,"A",,"G",51,"A",,"A",,1
374316,"A",,"R",68976,"A",,"G",77,"A",,"G",77,"A",,"A",,1
374343,"A",,"R",31838,"A",,"G",35,"A",,"G",35,"A",,"A",,1
374440,"A",,"R",1800,"A",,"G",2,"A",,"G",2,"A",,"A",,1
374574,"A",,"R",723060,"A",,"G",803,"A",,"G",803,"A",,"A",,1
374592,"A",,"R",90693,"A",,"G",101,"A",,"G",101,"A",,"A",,1
374875,"R",47603,"A",,"A",,"G",1587,"A",,"G",1587,"A",,"A",,2
374927,"A",,"R",110464,"A",,"G",123,"A",,"G",123,"A",,"A",,1
374972,"R",15124,"A",,"A",,"G",504,"A",,"G",504,"A",,"A",,2
374990,"A",,"R",93495,"A",,"G",104,"A",,"G",104,"A",,"A",,1
375106,"A",,"R",98106,"A",,"G",109,"A",,"G",109,"A",,"A",,1
375230,"R",3750,"A",,"A",,"G",125,"A",,"G",125,"A",,"A",,2
375300,"A",,"R",363600,"A",,"G",404,"A",,"G",404,"A",,"A",,1
375319,"A",,"R",160200,"A",,"G",178,"A",,"G",178,"A",,"A",,1
375373,"A",,"R",189209,"A",,"G",210,"A",,"G",210,"A",,"A",,1
375407,"A",,"R",131490,"A",,"G",146,"A",,"G",146,"A",,"A",,1
375416,"R",21466,"R",128125,"A",,"G",858,"A",,"G",858,"A",,"A",,3
375489,"R",33232,"A",,"A",,"G",738,"A",,"G",738,"A",,"A",,2
375540,"A",,"R",83325,"A",,"G",93,"A",,"G",93,"A",,"A",,1
375559,"A",,"R",52035,"A",,"G",58,"A",,"G",58,"A",,"A",,1
375568,"A",,"R",20760,"A",,"G",23,"A",,"G",23,"A",,"A",,1
375647,"R",3462,"A",,"A",,"G",115,"A",,"G",115,"A",,"A",,2
375656,"A",,"R",146212,"A",,"G",162,"A",,"G",162,"A",,"A",,1
375683,"A",,"R",971250,"A",,"G",1079,"A",,"R",1050,"A",,"A",,1
375692,"A",,"R",110775,"A",,"G",123,"A",,"G",123,"A",,"A",,1
375708,"A",,"R",217602,"A",,"G",242,"A",,"G",242,"A",,"A",,1
375717,"A",,"R",139677,"A",,"G",155,"A",,"G",155,"A",,"A",,1
375726,"A",,"R",336260,"A",,"G",374,"A",,"G",374,"A",,"A",,1
375735,"A",,"R",176395,"A",,"G",196,"A",,"G",196,"A",,"A",,1
375744,"A",,"R",371571,"A",,"G",413,"A",,"G",413,"A",,"A",,1
375753,"A",,"R",29699,"A",,"G",33,"A",,"G",33,"A",,"A",,1
375762,"A",,"R",55047,"A",,"G",61,"A",,"G",61,"A",,"A",,1
375841,"R",31849,"A",,"A",,"G",1062,"A",,"G",1062,"A",,"A",,2
375939,"R",17022,"A",,"A",,"G",567,"A",,"G",567,"A",,"A",,2
375966,"A",,"R",126078,"A",,"G",140,"A",,"G",140,"A",,"A",,1
375984,"A",,"R",388056,"A",,"G",431,"A",,"G",431,"A",,"A",,1
376039,"R",2376,"A",,"A",,"G",53,"A",,"G",53,"A",,"A",,2
376136,"R",16120,"A",,"A",,"G",537,"A",,"G",537,"A",,"A",,2
376224,"R",25423,"A",,"A",,"G",847,"A",,"G",847,"A",,"A",,2
376242,"A",,"R",423900,"A",,"G",471,"A",,"G",471,"A",,"A",,1
376288,"R",2999,"A",,"A",,"G",100,"A",,"G",100,"A",,"A",,2
376321,"R",59400,"A",,"A",,"G",1980,"A",,"G",1980,"A",,"A",,2
376330,"R",29565,"A",,"A",,"G",657,"A",,"G",657,"A",,"A",,2
376385,"R",51847,"A",,"A",,"G",1728,"A",,"G",1728,"A",,"A",,2
376446,"A",,"R",105580,"A",,"G",117,"A",,"G",117,"A",,"A",,1
376631,"A",,"R",41164,"A",,"G",46,"A",,"G",46,"A",,"A",,1
376668,"A",,"R",127400,"A",,"G",142,"A",,"G",142,"A",,"A",,1
376677,"A",,"R",169870,"A",,"G",189,"A",,"G",189,"A",,"A",,1
376695,"R",13831,"A",,"A",,"G",461,"A",,"G",461,"A",,"A",,2
376987,"R",2000,"A",,"A",,"G",67,"A",,"G",67,"A",,"A",,2
377069,"R",36645,"A",,"A",,"G",814,"A",,"G",814,"A",,"A",,2
377111,"R",27754,"A",,"A",,"G",925,"A",,"G",925,"A",,"A",,2
377193,"A",,"R",51370,"A",,"G",57,"A",,"G",57,"A",,"A",,1
377218,"R",4104,"A",,"A",,"G",137,"A",,"G",137,"A",,"A",,2
377272,"A",,"R",67500,"A",,"G",75,"A",,"G",75,"A",,"A",,1
377281,"A",,"R",82500,"A",,"G",92,"A",,"G",92,"A",,"A",,1
377315,"A",,"R",97410,"A",,"G",108,"A",,"G",108,"A",,"A",,1
377342,"R",6212,"A",,"A",,"G",207,"A",,"G",207,"A",,"A",,2
377449,"R",11594,"A",,"A",,"G",386,"A",,"G",386,"A",,"A",,2
377458,"R",12254,"A",,"A",,"G",408,"A",,"G",408,"A",,"A",,2
377485,"A",,"R",34734,"A",,"G",39,"A",,"G",39,"A",,"A",,1
377546,"R",3293,"A",,"A",,"G",110,"A",,"G",110,"A",,"A",,2
377555,"R",140827,"A",,"R",12542,"G",3129,"G",348,"G",3129,"R",418,"A",,2
377564,"R",135367,"A",,"R",16033,"G",3008,"G",445,"G",3008,"R",534,"A",,2
377643,"A",,"R",179684,"A",,"G",200,"A",,"G",200,"A",,"A",,1
377652,"R",2456,"A",,"A",,"G",82,"A",,"G",82,"A",,"A",,2
377661,"R",1326,"A",,"A",,"G",44,"A",,"G",44,"A",,"A",,2
377670,"R",1667,"A",,"A",,"G",56,"A",,"R",93,"A",,"A",,2
377722,"A",,"R",376005,"A",,"G",418,"A",,"G",418,"A",,"A",,1
377759,"A",,"R",93000,"A",,"G",103,"A",,"G",103,"A",,"A",,1
378105,"R",4647,"A",,"A",,"G",155,"A",,"G",155,"A",,"A",,2
378406,"R",31241,"A",,"A",,"G",694,"A",,"G",694,"A",,"A",,2
378576,"R",4434,"A",,"R",17687,"G",148,"G",737,"G",148,"G",737,"R",19,2
378886,"A",,"R",262595,"A",,"G",292,"A",,"G",292,"A",,"A",,1
378956,"A",,"R",851669,"A",,"G",946,"A",,"G",946,"A",,"A",,1
379029,"R",37145,"A",,"A",,"G",1238,"A",,"G",1238,"A",,"A",,2
379135,"A",,"R",115620,"A",,"G",128,"A",,"G",128,"A",,"A",,1
379463,"A",,"R",120026,"A",,"G",133,"A",,"G",133,"A",,"A",,1
379621,"A",,"R",73897,"A",,"G",82,"A",,"G",82,"A",,"A",,1
379746,"A",,"R",33900,"A",,"G",38,"A",,"G",38,"A",,"A",,1
379782,"R",4784,"A",,"R",2411,"G",159,"G",100,"G",159,"G",100,"A",,2
380067,"A",,"R",184100,"A",,"G",205,"A",,"G",205,"A",,"A",,1
380094,"R",17684,"R",74000,"A",,"G",672,"A",,"G",672,"A",,"A",,3
380359,"R",14354,"A",,"A",,"G",478,"A",,"G",478,"A",,"A",,2
380368,"R",41635,"A",,"A",,"G",1388,"A",,"G",1388,"A",,"A",,2
380377,"R",26124,"A",,"A",,"G",581,"A",,"G",581,"A",,"A",,2
380401,"A",,"R",183093,"A",,"G",203,"A",,"G",203,"A",,"A",,1
380438,"R",21322,"A",,"A",,"G",474,"A",,"G",474,"A",,"A",,2
380456,"A",,"R",179998,"A",,"G",200,"A",,"G",200,"A",,"A",,1
380465,"R",34598,"A",,"R",17740,"G",1153,"G",739,"G",1153,"G",739,"A",,2
380474,"A",,"R",476265,"A",,"G",529,"A",,"G",529,"A",,"A",,1
381255,"A",,"R",254790,"A",,"G",283,"A",,"G",283,"A",,"A",,1
381282,"A",,"R",250610,"A",,"G",278,"A",,"G",278,"A",,"A",,1
381325,"A",,"R",279450,"A",,"G",311,"A",,"G",311,"A",,"A",,1
381334,"A",,"R",140400,"A",,"G",156,"A",,"G",156,"A",,"A",,1
381352,"A",,"A",,"R",5513,"A",,"G",230,"A",,"R",153,"A",,-2
381361,"A",,"R",54000,"A",,"G",60,"A",,"G",60,"A",,"A",,1
381370,"A",,"R",259183,"A",,"G",288,"A",,"G",288,"A",,"A",,1
381404,"A",,"R",228062,"A",,"G",253,"A",,"G",253,"A",,"A",,1
381459,"A",,"A",,"R",2880,"A",,"G",120,"A",,"G",120,"A",,-2
381486,"A",,"R",31500,"A",,"G",35,"A",,"G",35,"A",,"A",,1
381529,"R",21410,"A",,"A",,"G",476,"A",,"G",476,"A",,"A",,2
381617,"R",48293,"A",,"R",140,"G",1073,"G",4,"G",1073,"G",4,"A",,2
381635,"A",,"R",94156,"A",,"G",105,"A",,"G",105,"A",,"A",,1
381644,"A",,"R",134400,"A",,"G",149,"A",,"G",149,"A",,"A",,1
381699,"R",1300,"A",,"A",,"G",43,"A",,"G",43,"A",,"A",,2
381705,"R",1400,"A",,"A",,"G",47,"A",,"G",47,"A",,"A",,2
381732,"R",4479,"R",48641,"A",,"G",154,"A",,"G",154,"A",,"A",,3
381741,"R",7186,"A",,"A",,"G",240,"A",,"G",240,"A",,"A",,2
381750,"R",2764,"A",,"A",,"G",92,"A",,"G",92,"A",,"A",,2
381787,"R",20217,"A",,"A",,"G",449,"A",,"G",449,"A",,"A",,2
381796,"R",6902,"A",,"A",,"G",230,"A",,"G",230,"A",,"A",,2
381866,"A",,"R",13706,"A",,"G",15,"A",,"G",15,"A",,"A",,1
381909,"R",51299,"A",,"A",,"G",1140,"A",,"G",1140,"A",,"A",,2
381945,"A",,"R",196080,"A",,"G",218,"A",,"R",249,"A",,"A",,1
382054,"R",13469,"A",,"A",,"G",449,"A",,"G",449,"A",,"A",,2
382063,"R",21372,"A",,"R",16764,"G",712,"G",699,"G",712,"G",699,"A",,2
382258,"A",,"R",113731,"A",,"G",126,"A",,"G",126,"A",,"A",,1
382267,"A",,"R",69760,"A",,"G",78,"A",,"G",78,"A",,"A",,1
382276,"A",,"R",377000,"A",,"G",419,"A",,"G",419,"A",,"A",,1
382416,"A",,"R",99600,"A",,"G",111,"A",,"G",111,"A",,"A",,1
382461,"A",,"R",73365,"A",,"G",82,"A",,"G",82,"A",,"A",,1
382504,"R",22925,"A",,"A",,"G",764,"A",,"G",764,"A",,"A",,2
382771,"R",21000,"R",129520,"A",,"G",611,"A",,"G",611,"A",,"A",,3
382780,"A",,"R",441600,"A",,"G",491,"A",,"G",491,"A",,"A",,1
382896,"R",15823,"A",,"A",,"G",527,"A",,"G",527,"A",,"A",,2
382902,"A",,"R",99325,"A",,"G",110,"A",,"G",110,"A",,"A",,1
382911,"R",3136,"A",,"A",,"G",105,"A",,"G",105,"A",,"A",,2
382957,"R",25800,"A",,"A",,"G",860,"A",,"G",860,"A",,"A",,2
383020,"R",624,"A",,"R",3005,"G",14,"G",83,"G",14,"G",83,"A",,2
383084,"A",,"R",1948396,"A",,"G",2165,"A",,"G",2165,"A",,"A",,1
383163,"A",,"R",637620,"A",,"G",708,"A",,"G",708,"A",,"A",,1
383172,"A",,"N",55786,"A",,"N",62,"A",,"N",62,"A",,"A",,1
383190,"R",69304,"A",,"A",,"G",2310,"A",,"G",2310,"A",,"A",,2
383251,"A",,"R",113293,"A",,"G",126,"A",,"G",126,"A",,"A",,1
383279,"A",,"R",123896,"A",,"G",138,"A",,"G",138,"A",,"A",,1
383297,"A",,"R",223393,"A",,"G",248,"A",,"G",248,"A",,"A",,1
383312,"A",,"R",68500,"A",,"G",76,"A",,"G",76,"A",,"A",,1
383330,"A",,"R",105294,"A",,"G",117,"A",,"G",117,"A",,"A",,1
383367,"A",,"R",194465,"A",,"G",216,"A",,"G",216,"A",,"A",,1
383400,"R",2320,"A",,"A",,"G",52,"A",,"G",52,"A",,"A",,2
383464,"A",,"R",157962,"A",,"G",176,"A",,"G",176,"A",,"A",,1
383507,"A",,"R",10925,"A",,"G",12,"A",,"G",12,"A",,"A",,1
383525,"A",,"R",190694,"A",,"G",212,"A",,"G",212,"A",,"A",,1
383792,"A",,"R",263000,"A",,"G",292,"A",,"G",292,"A",,"A",,1
383899,"R",29006,"R",72919,"A",,"G",1048,"A",,"G",1048,"A",,"A",,3
383950,"R",25800,"A",,"A",,"G",573,"A",,"G",573,"A",,"A",,2
383996,"R",15808,"A",,"A",,"G",527,"A",,"G",527,"A",,"A",,2
384184,"R",12294,"A",,"A",,"G",410,"A",,"G",410,"A",,"A",,2
384193,"R",20862,"A",,"A",,"G",695,"A",,"G",695,"A",,"A",,2
384209,"R",34650,"A",,"A",,"G",1155,"A",,"G",1155,"A",,"A",,2
384254,"R",4753,"A",,"A",,"G",158,"A",,"G",158,"A",,"A",,2
384306,"A",,"A",,"R",5354,"A",,"G",223,"A",,"G",223,"A",,-2
384333,"R",141269,"A",,"A",,"G",4709,"A",,"G",4709,"A",,"A",,2
384342,"R",125179,"A",,"A",,"G",4173,"A",,"G",4173,"A",,"A",,2
384412,"R",11124,"A",,"A",,"G",371,"A",,"G",371,"A",,"A",,2
384421,"R",2664,"A",,"A",,"G",89,"A",,"G",89,"A",,"A",,2
385008,"R",35259,"A",,"A",,"G",1175,"A",,"G",1175,"A",,"A",,2
385132,"A",,"R",101400,"A",,"G",113,"A",,"G",113,"A",,"A",,1
385503,"R",20370,"A",,"A",,"G",679,"A",,"G",679,"A",,"A",,2
385549,"A",,"R",567500,"A",,"G",631,"A",,"G",631,"A",,"A",,1
385619,"R",36258,"A",,"R",1305,"G",1209,"G",54,"R",1107,"G",54,"A",,2
386153,"R",13070,"A",,"A",,"G",436,"A",,"G",436,"A",,"A",,2
386472,"R",15650,"A",,"A",,"G",522,"A",,"G",522,"A",,"A",,2
387235,"A",,"R",26854,"A",,"G",30,"A",,"G",30,"A",,"A",,1
387660,"A",,"R",7000,"A",,"G",8,"A",,"R",5,"A",,"A",,1
387819,"A",,"R",121435,"A",,"G",135,"A",,"G",135,"A",,"A",,1
387925,"A",,"R",277020,"A",,"G",308,"A",,"G",308,"A",,"A",,1
388043,"R",39088,"A",,"A",,"G",869,"A",,"G",869,"A",,"A",,2
388520,"R",9475,"A",,"A",,"G",316,"A",,"G",316,"A",,"A",,2
388663,"A",,"R",92064,"A",,"G",102,"A",,"G",102,"A",,"A",,1
389727,"R",17637,"A",,"A",,"G",392,"A",,"G",392,"A",,"A",,2
389860,"A",,"R",280260,"A",,"G",311,"A",,"G",311,"A",,"A",,1
390701,"R",862302,"A",,"R",4280,"G",28743,"G",178,"G",28743,"G",178,"A",,2
390905,"A",,"R",255500,"A",,"G",284,"A",,"G",284,"A",,"A",,1
391005,"A",,"R",217550,"A",,"G",242,"A",,"G",242,"A",,"A",,1
391333,"A",,"R",79332,"A",,"G",88,"A",,"G",88,"A",,"A",,1
391546,"A",,"R",143980,"A",,"G",160,"A",,"G",160,"A",,"A",,1
391564,"R",8182,"A",,"A",,"G",273,"A",,"G",273,"A",,"A",,2
391582,"R",25495,"A",,"A",,"G",850,"A",,"G",850,"A",,"A",,2
391759,"A",,"R",63000,"A",,"G",70,"A",,"G",70,"A",,"A",,1
391810,"A",,"R",67048,"A",,"G",74,"A",,"G",74,"A",,"A",,1
392257,"A",,"R",376035,"A",,"G",418,"A",,"G",418,"A",,"A",,1
392354,"A",,"R",26210,"A",,"G",29,"A",,"G",29,"A",,"A",,1
392415,"R",33210,"A",,"A",,"G",1107,"A",,"G",1107,"A",,"A",,2
392798,"A",,"R",58850,"A",,"G",65,"A",,"G",65,"A",,"A",,1
392840,"R",8325,"A",,"A",,"G",278,"A",,"G",278,"A",,"A",,2
393180,"R",240,"R",701280,"A",,"G",787,"A",,"G",787,"A",,"A",,3
393524,"A",,"R",162195,"A",,"G",180,"A",,"R",188,"A",,"A",,1
393649,"R",96600,"A",,"A",,"G",3220,"A",,"G",3220,"A",,"A",,2
393861,"A",,"R",168205,"A",,"G",187,"A",,"G",187,"A",,"A",,1
393977,"A",,"R",80453,"A",,"G",89,"A",,"G",89,"A",,"A",,1
395195,"A",,"R",90527,"A",,"G",101,"A",,"G",101,"A",,"A",,1
395362,"R",38568,"A",,"A",,"G",1286,"A",,"G",1286,"A",,"A",,2
395690,"R",37240,"A",,"A",,"G",1241,"A",,"G",1241,"A",,"A",,2
397270,"R",24,"R",12400,"R",18,"G",15,"G",1,"R",19,"G",1,"A",,3
397942,"R",29440,"A",,"A",,"G",981,"A",,"G",981,"A",,"A",,2
398130,"R",16441,"A",,"A",,"G",365,"A",,"G",365,"A",,"A",,2
398574,"R",78765,"A",,"A",,"G",2626,"A",,"G",2626,"A",,"A",,2
399212,"R",186633,"A",,"A",,"G",6221,"A",,"G",6221,"A",,"A",,2
399869,"R",29070,"A",,"A",,"G",969,"A",,"G",969,"A",,"A",,2
399911,"R",13579,"A",,"R",18,"G",453,"G",1,"G",453,"G",1,"A",,2
400080,"A",,"R",1238887,"A",,"G",1377,"A",,"G",1377,"A",,"A",,1
400187,"A",,"R",361134,"A",,"G",401,"A",,"G",401,"A",,"A",,1
400637,"R",56135,"R",44005,"A",,"G",1920,"A",,"G",1920,"A",,"A",,3
401223,"R",3145,"A",,"R",2914,"G",105,"G",121,"G",105,"G",121,"A",,2
401250,"A",,"A",,"R",8022,"A",,"G",334,"A",,"G",334,"R",16,-2
401339,"R",26513,"A",,"A",,"G",884,"A",,"G",884,"A",,"A",,2
401481,"A",,"R",73428,"A",,"G",82,"A",,"G",82,"A",,"A",,1
402563,"A",,"R",638013,"A",,"G",709,"A",,"G",709,"A",,"A",,1
402615,"R",28984,"A",,"R",2826,"G",644,"G",79,"G",644,"G",79,"A",,2
402776,"R",11000,"A",,"A",,"G",367,"A",,"G",367,"A",,"A",,2
402800,"A",,"R",219366,"A",,"G",244,"A",,"G",244,"A",,"A",,1
402828,"A",,"A",,"R",2001,"A",,"G",83,"A",,"G",83,"R",389,-2
403414,"A",,"R",38200,"A",,"G",42,"A",,"G",42,"A",,"A",,1
403469,"R",27620,"A",,"A",,"G",921,"A",,"G",921,"A",,"A",,2
403478,"R",22576,"A",,"A",,"G",753,"A",,"G",753,"A",,"A",,2
403487,"R",69125,"A",,"A",,"G",2304,"A",,"G",2304,"A",,"A",,2
404037,"R",940,"A",,"A",,"G",31,"A",,"G",31,"A",,"A",,2
404055,"R",13824,"A",,"A",,"G",461,"A",,"G",461,"A",,"A",,2
404073,"R",112755,"A",,"R",751,"G",2506,"G",21,"G",2506,"G",21,"A",,2
404082,"R",173607,"A",,"R",668,"G",3858,"G",19,"G",3858,"G",19,"A",,2
404222,"A",,"A",,"A",,"A",,"A",,"A",,"A",,"R",234,-2
404338,"R",4539,"A",,"R",1362,"G",151,"G",57,"G",151,"G",57,"A",,2
404365,"R",17935,"A",,"A",,"G",598,"A",,"G",598,"A",,"A",,2
404374,"R",7889,"R",83725,"A",,"G",356,"A",,"G",356,"A",,"A",,3
404383,"R",29129,"A",,"A",,"G",971,"A",,"G",971,"A",,"A",,2
404426,"R",70665,"A",,"A",,"G",2356,"A",,"G",2356,"A",,"A",,2
404499,"R",38959,"A",,"A",,"G",1299,"A",,"G",1299,"A",,"A",,2
404505,"R",28214,"A",,"A",,"G",940,"A",,"G",940,"A",,"A",,2
404514,"R",22283,"A",,"A",,"G",743,"A",,"G",743,"A",,"A",,2
404648,"R",57562,"A",,"R",16,"G",1279,"G",0,"G",1279,"G",0,"A",,2
404684,"R",11328,"R",189431,"A",,"G",588,"A",,"G",588,"A",,"A",,3
404718,"A",,"R",78300,"A",,"G",87,"A",,"G",87,"A",,"A",,1
404806,"R",12179,"A",,"A",,"G",406,"A",,"G",406,"A",,"A",,2
404912,"A",,"R",1569143,"A",,"G",1743,"A",,"G",1743,"A",,"A",,1
404921,"R",23220,"A",,"A",,"G",774,"A",,"G",774,"A",,"A",,2
404994,"R",204987,"A",,"A",,"G",6833,"A",,"G",6833,"A",,"A",,2
405012,"A",,"R",51000,"A",,"G",57,"A",,"G",57,"A",,"A",,1
405021,"A",,"R",43000,"A",,"G",48,"A",,"G",48,"A",,"A",,1
405058,"R",4347,"A",,"A",,"G",145,"A",,"G",145,"A",,"A",,2
405076,"A",,"R",529200,"A",,"G",588,"A",,"G",588,"A",,"A",,1
405748,"A",,"R",87515,"A",,"G",97,"A",,"G",97,"A",,"A",,1
405854,"R",3540,"A",,"A",,"G",118,"A",,"G",118,"A",,"A",,2
405872,"R",80902,"A",,"A",,"G",2697,"A",,"G",2697,"A",,"A",,2
405979,"R",45393,"A",,"R",9227,"G",1513,"G",384,"G",1513,"G",384,"A",,2
405988,"R",33447,"A",,"R",10742,"G",1115,"G",448,"G",1115,"G",448,"A",,2
405997,"R",86015,"A",,"R",9846,"G",2867,"G",410,"G",2867,"G",410,"A",,2
406006,"R",46272,"A",,"R",6735,"G",1542,"G",281,"G",1542,"G",281,"A",,2
406015,"R",234014,"A",,"R",32981,"G",7800,"G",1374,"G",7800,"G",1374,"A",,2
406024,"R",19209,"R",18876,"A",,"G",661,"A",,"G",661,"A",,"A",,3
406033,"R",26687,"R",392250,"A",,"G",1325,"A",,"G",1325,"A",,"A",,3
406051,"A",,"R",202500,"A",,"G",225,"A",,"G",225,"A",,"A",,1
406060,"A",,"R",179000,"A",,"G",199,"A",,"G",199,"A",,"A",,1
406149,"A",,"R",62640,"A",,"G",70,"A",,"G",70,"A",,"A",,1
406194,"R",23934,"A",,"A",,"G",532,"A",,"G",532,"A",,"A",,2
406200,"R",89730,"A",,"A",,"G",2991,"A",,"R",3017,"A",,"A",,2
406219,"R",13440,"R",19800,"A",,"G",321,"A",,"G",321,"A",,"A",,3
406264,"R",30966,"A",,"A",,"G",688,"A",,"G",688,"A",,"A",,2
406325,"A",,"R",106815,"A",,"G",119,"A",,"G",119,"A",,"A",,1
406361,"A",,"R",73417,"A",,"G",82,"A",,"G",82,"A",,"A",,1
406413,"R",3375,"A",,"A",,"G",113,"A",,"G",113,"A",,"A",,2
406422,"A",,"R",119658,"A",,"G",133,"A",,"G",133,"A",,"A",,1
406486,"A",,"R",57546,"A",,"G",64,"A",,"G",64,"A",,"A",,1
406495,"A",,"R",231500,"A",,"G",257,"A",,"G",257,"A",,"A",,1
406547,"R",20743,"A",,"A",,"G",461,"A",,"G",461,"A",,"A",,2
407054,"A",,"R",263652,"A",,"G",293,"A",,"G",293,"A",,"A",,1
407063,"R",32357,"A",,"A",,"G",719,"A",,"G",719,"A",,"A",,2
407090,"A",,"R",243237,"A",,"G",270,"A",,"G",270,"A",,"A",,1
407142,"A",,"R",108000,"A",,"G",120,"A",,"G",120,"A",,"A",,1
407151,"A",,"R",140897,"A",,"G",157,"A",,"G",157,"A",,"A",,1
407179,"A",,"R",181092,"A",,"G",201,"A",,"G",201,"A",,"A",,1
407285,"R",14171,"A",,"A",,"G",315,"A",,"G",315,"A",,"A",,2
407319,"R",29715,"A",,"A",,"G",660,"A",,"G",660,"A",,"A",,2
407328,"R",7329,"A",,"A",,"G",244,"A",,"G",244,"A",,"A",,2
407355,"A",,"R",375228,"A",,"G",417,"A",,"G",417,"A",,"A",,1
407391,"A",,"R",164057,"A",,"G",182,"A",,"G",182,"A",,"A",,1
407407,"A",,"R",152633,"A",,"G",170,"A",,"G",170,"A",,"A",,1
407425,"A",,"R",182170,"A",,"G",202,"A",,"G",202,"A",,"A",,1
407434,"A",,"R",123420,"A",,"G",137,"A",,"G",137,"A",,"A",,1
407452,"A",,"R",65933,"A",,"G",73,"A",,"G",73,"A",,"A",,1
407461,"A",,"R",178478,"A",,"G",198,"A",,"G",198,"A",,"A",,1
407470,"A",,"R",191340,"A",,"G",213,"A",,"G",213,"A",,"A",,1
407489,"A",,"R",59463,"A",,"G",66,"A",,"G",66,"A",,"A",,1
407504,"A",,"R",293300,"A",,"G",326,"A",,"G",326,"A",,"A",,1
407513,"A",,"R",291386,"A",,"G",324,"A",,"G",324,"A",,"A",,1
407522,"A",,"R",34850,"A",,"G",39,"A",,"G",39,"A",,"A",,1
407568,"A",,"R",112600,"A",,"G",125,"A",,"G",125,"A",,"A",,1
407577,"A",,"R",450900,"A",,"G",501,"A",,"G",501,"A",,"A",,1
407595,"A",,"R",211308,"A",,"G",235,"A",,"G",235,"A",,"A",,1
407601,"A",,"R",52350,"A",,"G",58,"A",,"G",58,"A",,"A",,1
407629,"A",,"A",,"R",3256,"A",,"G",136,"A",,"R",180,"R",2911,-2
407683,"A",,"R",110770,"A",,"G",123,"A",,"G",123,"A",,"A",,1
407708,"A",,"R",347591,"A",,"G",386,"A",,"G",386,"A",,"A",,1
407726,"A",,"R",68871,"A",,"G",77,"A",,"G",77,"A",,"A",,1
407735,"A",,"R",143686,"A",,"G",160,"A",,"G",160,"A",,"A",,1
407832,"A",,"R",354623,"A",,"G",394,"A",,"G",394,"A",,"A",,1
408039,"R",57898,"A",,"A",,"G",1287,"A",,"G",1287,"A",,"A",,2
408066,"A",,"R",199610,"A",,"G",222,"A",,"R",249,"A",,"A",,1
408163,"A",,"R",95669,"A",,"G",106,"A",,"G",106,"A",,"A",,1
408312,"A",,"R",49065,"A",,"G",55,"A",,"G",55,"A",,"A",,1
408385,"A",,"R",621900,"A",,"G",691,"A",,"G",691,"A",,"A",,1
408394,"R",19267,"A",,"A",,"G",642,"A",,"G",642,"A",,"A",,2
408844,"R",119604,"A",,"R",216,"G",3987,"G",9,"G",3987,"G",9,"A",,2
408862,"A",,"R",380700,"A",,"G",423,"A",,"G",423,"A",,"A",,1
409032,"R",11352,"A",,"A",,"G",378,"A",,"G",378,"A",,"A",,2
409069,"R",26271,"A",,"A",,"G",584,"A",,"G",584,"A",,"A",,2
409120,"R",786,"R",149952,"A",,"G",193,"A",,"G",193,"A",,"A",,3
409166,"A",,"R",111990,"A",,"G",124,"A",,"G",124,"A",,"A",,1
409193,"R",16770,"A",,"A",,"G",559,"A",,"G",559,"A",,"A",,2
409209,"A",,"R",108000,"A",,"G",120,"A",,"G",120,"A",,"A",,1
409254,"A",,"A",,"R",3961,"A",,"G",165,"A",,"G",165,"A",,-2
409315,"R",588781,"A",,"A",,"G",19626,"A",,"G",19626,"A",,"A",,2
409333,"R",1987,"A",,"A",,"G",66,"A",,"G",66,"A",,"A",,2
409537,"A",,"R",63375,"A",,"G",70,"A",,"G",70,"A",,"A",,1
409591,"A",,"R",105130,"A",,"G",117,"A",,"G",117,"A",,"A",,1
409616,"A",,"A",,"A",,"A",,"A",,"A",,"A",,"R",561,-2
409670,"R",22670,"A",,"A",,"G",756,"A",,"G",756,"A",,"A",,2
409698,"R",143348,"A",,"R",7025,"G",4778,"G",293,"G",4778,"G",293,"A",,2
409829,"R",25730,"A",,"A",,"G",572,"A",,"G",572,"A",,"A",,2
409838,"R",21690,"A",,"A",,"G",482,"A",,"G",482,"A",,"A",,2
409874,"R",67013,"A",,"A",,"G",1489,"A",,"G",1489,"A",,"A",,2
410034,"R",5344,"A",,"A",,"G",178,"A",,"R",85,"A",,"A",,2
410070,"R",31663,"A",,"A",,"G",1055,"A",,"G",1055,"A",,"A",,2
410256,"A",,"R",43416,"A",,"G",48,"A",,"G",48,"A",,"A",,1
410283,"R",42334,"A",,"A",,"G",941,"A",,"G",941,"A",,"A",,2
410496,"R",14312,"A",,"A",,"G",477,"A",,"G",477,"A",,"A",,2
410502,"R",93544,"A",,"A",,"G",2079,"A",,"G",2079,"A",,"A",,2
410520,"A",,"R",258586,"A",,"G",287,"A",,"G",287,"A",,"A",,1
410539,"R",13110,"A",,"A",,"G",437,"A",,"G",437,"A",,"A",,2
410788,"A",,"R",361915,"A",,"G",402,"A",,"G",402,"A",,"A",,1
410797,"R",10880,"A",,"A",,"G",363,"A",,"G",363,"A",,"A",,2
410964,"A",,"R",39900,"A",,"G",44,"A",,"G",44,"A",,"A",,1
411055,"A",,"R",522720,"A",,"G",581,"A",,"G",581,"A",,"A",,1
411374,"R",29000,"A",,"A",,"G",967,"A",,"G",967,"A",,"A",,2
411684,"A",,"R",150791,"A",,"G",168,"A",,"R",196,"A",,"A",,1
411754,"A",,"R",28497,"A",,"G",32,"A",,"G",32,"A",,"A",,1
412003,"R",2345,"A",,"A",,"G",78,"A",,"G",78,"A",,"A",,2
412173,"A",,"R",427617,"A",,"G",475,"A",,"G",475,"A",,"A",,1
412535,"A",,"R",37704,"A",,"G",42,"A",,"G",42,"A",,"A",,1
412544,"A",,"R",114266,"A",,"G",127,"A",,"G",127,"A",,"A",,1
412599,"R",41192,"R",56750,"A",,"G",1436,"A",,"G",1436,"A",,"A",,3
412650,"A",,"R",79200,"A",,"G",88,"A",,"G",88,"A",,"A",,1
413176,"A",,"R",41421,"A",,"G",46,"A",,"G",46,"A",,"A",,1
413185,"A",,"R",16375,"A",,"G",18,"A",,"G",18,"A",,"A",,1
413343,"A",,"R",29700,"A",,"G",33,"A",,"G",33,"A",,"A",,1
413413,"R",234554,"A",,"R",622481,"G",5212,"G",17291,"G",5212,"G",17291,"R",63,2
413617,"R",14053,"A",,"A",,"G",468,"A",,"G",468,"A",,"A",,2
413626,"R",5084,"A",,"A",,"G",169,"A",,"G",169,"A",,"A",,2
413635,"R",25200,"A",,"A",,"G",840,"A",,"G",840,"A",,"A",,2
413644,"A",,"A",,"R",4650,"A",,"G",194,"A",,"G",194,"A",,-2
413680,"A",,"R",546425,"A",,"G",607,"A",,"G",607,"A",,"A",,1
413778,"R",7509,"A",,"A",,"G",250,"A",,"R",295,"A",,"A",,2
413802,"A",,"R",568065,"A",,"G",631,"A",,"G",631,"A",,"A",,1
413820,"A",,"R",30600,"A",,"G",34,"A",,"G",34,"A",,"A",,1
413839,"R",18443,"A",,"A",,"G",410,"A",,"G",410,"A",,"A",,2
413848,"R",18627,"A",,"A",,"G",414,"A",,"G",414,"A",,"A",,2
413857,"R",32190,"A",,"A",,"G",715,"A",,"G",715,"A",,"A",,2
413866,"R",19883,"A",,"A",,"G",442,"A",,"G",442,"A",,"A",,2
413884,"R",29554,"A",,"A",,"G",657,"A",,"G",657,"A",,"A",,2
413918,"R",704,"A",,"A",,"G",23,"A",,"R",22,"A",,"A",,2
413945,"A",,"R",98990,"A",,"G",110,"A",,"G",110,"A",,"A",,1
413972,"A",,"R",133200,"A",,"G",148,"A",,"G",148,"A",,"A",,1
414054,"A",,"R",36445,"A",,"G",40,"A",,"G",40,"A",,"A",,1
414063,"A",,"R",224088,"A",,"G",249,"A",,"G",249,"A",,"A",,1
414124,"R",9608,"A",,"A",,"G",320,"A",,"G",320,"A",,"A",,2
414160,"R",84579,"A",,"R",698,"G",1880,"G",19,"G",1880,"G",19,"A",,2
414452,"A",,"R",27480,"A",,"G",31,"A",,"G",31,"A",,"A",,1
414461,"R",200592,"A",,"A",,"G",4458,"A",,"G",4458,"A",,"A",,2
414489,"A",,"R",56415,"A",,"G",63,"A",,"G",63,"A",,"A",,1
414531,"R",17864,"A",,"A",,"G",397,"A",,"G",397,"A",,"A",,2
414540,"A",,"R",293191,"A",,"G",326,"A",,"G",326,"A",,"A",,1
414559,"A",,"R",42300,"A",,"G",47,"A",,"G",47,"A",,"A",,1
414568,"R",30741,"A",,"A",,"G",683,"A",,"G",683,"A",,"A",,2
414586,"R",22181,"A",,"A",,"G",493,"A",,"G",493,"A",,"A",,2
414595,"R",405,"R",93270,"R",18654,"G",117,"G",777,"G",117,"G",777,"A",,3
414708,"R",142647,"A",,"R",18082,"G",3170,"G",502,"G",3170,"G",502,"A",,2
414823,"R",99302,"A",,"A",,"G",2207,"A",,"G",2207,"A",,"A",,2
414841,"R",13824,"A",,"A",,"G",307,"A",,"G",307,"A",,"A",,2
414869,"A",,"R",111200,"A",,"G",124,"A",,"G",124,"A",,"A",,1
414878,"R",12923,"A",,"R",1875,"G",431,"G",78,"G",431,"G",78,"A",,2
414911,"R",44100,"A",,"A",,"G",1470,"A",,"G",1470,"A",,"A",,2
414939,"A",,"R",162648,"A",,"G",181,"A",,"G",181,"A",,"A",,1
414966,"A",,"A",,"R",2171,"A",,"G",90,"A",,"R",108,"A",,-2
415039,"A",,"R",125755,"A",,"G",140,"A",,"G",140,"A",,"A",,1
415057,"A",,"R",163200,"A",,"G",181,"A",,"G",181,"A",,"A",,1
415729,"R",615,"A",,"A",,"G",21,"A",,"G",21,"A",,"A",,2
415774,"R",25830,"A",,"A",,"G",861,"A",,"G",861,"A",,"A",,2
415987,"A",,"R",865500,"A",,"G",962,"A",,"G",962,"A",,"A",,1
416458,"R",24571,"A",,"A",,"G",819,"A",,"R",757,"A",,"A",,2
416670,"R",3485,"A",,"A",,"G",116,"A",,"G",116,"A",,"A",,2
416801,"R",11299,"A",,"A",,"G",377,"A",,"G",377,"A",,"A",,2
416962,"R",54766,"A",,"R",11658,"G",1826,"G",486,"G",1826,"G",486,"A",,2
416971,"A",,"R",48930,"A",,"G",54,"A",,"G",54,"A",,"A",,1
416980,"A",,"R",68346,"A",,"G",76,"A",,"G",76,"A",,"A",,1
417008,"A",,"R",271800,"A",,"G",302,"A",,"G",302,"A",,"A",,1
417062,"A",,"R",172213,"A",,"G",191,"A",,"G",191,"A",,"A",,1
417105,"A",,"R",258839,"A",,"G",288,"A",,"G",288,"A",,"A",,1
417123,"A",,"R",169330,"A",,"G",188,"A",,"G",188,"A",,"A",,1
417132,"A",,"R",987466,"A",,"G",1097,"A",,"G",1097,"A",,"A",,1
417178,"A",,"R",46800,"A",,"G",52,"A",,"G",52,"A",,"A",,1
417187,"A",,"R",24300,"A",,"G",27,"A",,"G",27,"A",,"A",,1
417248,"A",,"R",48000,"A",,"G",53,"A",,"G",53,"A",,"A",,1
417257,"A",,"R",47880,"A",,"G",53,"A",,"G",53,"A",,"A",,1
417275,"A",,"R",12960,"A",,"G",14,"A",,"G",14,"A",,"A",,1
417318,"R",8328,"A",,"A",,"G",278,"A",,"G",278,"A",,"A",,2
417327,"R",11342,"A",,"A",,"G",252,"A",,"G",252,"A",,"A",,2
417345,"A",,"A",,"R",216,"A",,"G",9,"A",,"G",9,"A",,-2
417381,"A",,"R",184545,"A",,"G",205,"A",,"G",205,"A",,"A",,1
417390,"A",,"R",63750,"A",,"G",71,"A",,"G",71,"A",,"A",,1
417406,"A",,"R",55440,"A",,"G",62,"A",,"G",62,"A",,"A",,1
417442,"A",,"R",136963,"A",,"G",152,"A",,"G",152,"A",,"A",,1
417503,"A",,"R",249085,"A",,"G",277,"A",,"G",277,"A",,"A",,1
417549,"R",10043,"R",86651,"A",,"G",431,"A",,"G",431,"A",,"A",,3
417567,"R",5236,"A",,"A",,"G",175,"A",,"G",175,"A",,"A",,2
417576,"A",,"R",127568,"A",,"G",142,"A",,"G",142,"A",,"A",,1
417600,"A",,"R",80944,"A",,"G",90,"A",,"G",90,"A",,"A",,1
417628,"A",,"R",62722,"A",,"G",70,"A",,"G",70,"A",,"A",,1
417637,"A",,"R",99630,"A",,"G",111,"A",,"G",111,"A",,"A",,1
417646,"A",,"R",28677,"A",,"G",32,"A",,"G",32,"A",,"A",,1
417655,"A",,"R",45612,"A",,"G",51,"A",,"R",36,"A",,"A",,1
417673,"A",,"R",34968,"A",,"G",39,"A",,"G",39,"A",,"A",,1
417682,"A",,"R",31995,"A",,"G",36,"A",,"G",36,"A",,"A",,1
417716,"A",,"R",129960,"A",,"G",144,"A",,"G",144,"A",,"A",,1
417725,"A",,"R",104622,"A",,"G",116,"A",,"G",116,"A",,"A",,1
417734,"R",3318,"A",,"A",,"G",111,"A",,"G",111,"A",,"A",,2
417743,"A",,"R",4698,"A",,"G",5,"A",,"G",5,"A",,"A",,1
417752,"R",1662,"A",,"A",,"G",55,"A",,"G",55,"A",,"A",,2
417789,"R",2225,"A",,"A",,"G",74,"A",,"G",74,"A",,"A",,2
417798,"A",,"R",1528,"A",,"G",2,"A",,"G",2,"A",,"A",,1
417804,"A",,"R",92798,"A",,"G",103,"A",,"G",103,"A",,"A",,1
417831,"A",,"R",141155,"A",,"G",157,"A",,"G",157,"A",,"A",,1
417840,"A",,"R",150677,"A",,"G",167,"A",,"G",167,"A",,"A",,1
417868,"A",,"R",38280,"A",,"G",43,"A",,"R",33,"A",,"A",,1
417886,"A",,"R",93600,"A",,"G",104,"A",,"G",104,"A",,"A",,1
417901,"R",630,"A",,"A",,"G",21,"A",,"G",21,"A",,"A",,2
417910,"A",,"R",217800,"A",,"G",242,"A",,"G",242,"A",,"A",,1
417947,"A",,"R",38689,"A",,"G",43,"A",,"G",43,"A",,"A",,1
417983,"A",,"R",48179,"A",,"G",54,"A",,"G",54,"A",,"A",,1
417992,"A",,"R",72864,"A",,"G",81,"A",,"R",66,"A",,"A",,1
418001,"A",,"R",161467,"A",,"G",179,"A",,"G",179,"A",,"A",,1
418010,"A",,"R",49520,"A",,"G",55,"A",,"G",55,"A",,"A",,1
418029,"A",,"R",86654,"A",,"G",96,"A",,"G",96,"A",,"A",,1
418038,"A",,"R",166100,"A",,"G",185,"A",,"R",206,"A",,"A",,1
418056,"A",,"R",156720,"A",,"G",174,"A",,"G",174,"A",,"A",,1
418065,"A",,"R",289680,"A",,"G",322,"A",,"G",322,"A",,"A",,1
418083,"A",,"R",109620,"A",,"G",122,"A",,"G",122,"A",,"A",,1
418126,"R",14088,"A",,"R",8379,"G",470,"G",349,"G",470,"G",349,"A",,2
418162,"A",,"R",671524,"A",,"G",746,"A",,"G",746,"A",,"A",,1
418171,"A",,"R",49604,"A",,"G",55,"A",,"G",55,"A",,"A",,1
418199,"A",,"R",36926,"A",,"G",41,"A",,"G",41,"A",,"A",,1
418205,"A",,"R",173305,"A",,"G",193,"A",,"G",193,"A",,"A",,1
418223,"A",,"R",60300,"A",,"G",67,"A",,"G",67,"A",,"A",,1
418250,"A",,"R",169223,"A",,"G",188,"A",,"G",188,"A",,"A",,1
418269,"R",3450,"A",,"A",,"G",115,"A",,"G",115,"A",,"A",,2
418278,"A",,"R",38877,"A",,"G",43,"A",,"R",88,"A",,"A",,1
418287,"A",,"R",336015,"A",,"G",373,"A",,"G",373,"A",,"A",,1
418296,"A",,"R",488421,"A",,"G",543,"A",,"G",543,"A",,"A",,1
418302,"A",,"R",376468,"A",,"G",418,"A",,"G",418,"A",,"A",,1
418320,"A",,"R",598273,"A",,"G",665,"A",,"G",665,"A",,"A",,1
418339,"A",,"R",264451,"A",,"G",294,"A",,"G",294,"A",,"A",,1
418348,"A",,"R",276935,"A",,"G",308,"A",,"G",308,"A",,"A",,1
418357,"A",,"R",169092,"A",,"G",188,"A",,"G",188,"A",,"A",,1
418384,"A",,"R",50000,"A",,"G",56,"A",,"G",56,"A",,"A",,1
418409,"A",,"R",80750,"A",,"G",90,"A",,"G",90,"A",,"A",,1
418427,"A",,"R",137440,"A",,"G",153,"A",,"G",153,"A",,"A",,1
418445,"A",,"R",46011,"A",,"G",51,"A",,"G",51,"A",,"A",,1
418454,"A",,"R",394484,"A",,"G",438,"A",,"G",438,"A",,"A",,1
418481,"A",,"R",68400,"A",,"G",76,"A",,"G",76,"A",,"A",,1
418506,"A",,"R",76500,"A",,"G",85,"A",,"R",88,"A",,"A",,1
418515,"A",,"R",114213,"A",,"G",127,"A",,"G",127,"A",,"A",,1
418524,"A",,"R",85071,"A",,"G",95,"A",,"G",95,"A",,"A",,1
418533,"A",,"R",419023,"A",,"G",466,"A",,"G",466,"A",,"A",,1
418542,"A",,"R",157590,"A",,"G",175,"A",,"G",175,"A",,"A",,1
418560,"A",,"R",120976,"A",,"G",134,"A",,"G",134,"A",,"A",,1
418588,"A",,"R",57367,"A",,"G",64,"A",,"G",64,"A",,"A",,1
418603,"A",,"R",35200,"A",,"G",39,"A",,"G",39,"A",,"A",,1
418612,"A",,"R",26387,"A",,"G",29,"A",,"G",29,"A",,"A",,1
418658,"R",18360,"A",,"A",,"G",612,"A",,"G",612,"A",,"A",,2
418676,"A",,"R",50150,"A",,"G",56,"A",,"G",56,"A",,"A",,1
418700,"A",,"R",238500,"A",,"G",265,"A",,"G",265,"A",,"A",,1
418755,"A",,"R",82800,"A",,"G",92,"A",,"G",92,"A",,"A",,1
418764,"A",,"R",67879,"A",,"G",75,"A",,"G",75,"A",,"A",,1
418773,"R",42675,"A",,"A",,"G",1423,"A",,"G",1423,"A",,"A",,2
418782,"R",6864,"A",,"A",,"G",229,"A",,"R",188,"A",,"A",,2
418870,"R",13170,"A",,"A",,"G",439,"A",,"G",439,"A",,"A",,2
418889,"R",168,"R",77012,"A",,"G",91,"A",,"G",91,"A",,"A",,3
418913,"A",,"R",32272,"A",,"G",36,"A",,"G",36,"A",,"A",,1
418968,"A",,"R",80718,"A",,"G",90,"A",,"G",90,"A",,"A",,1
419031,"A",,"R",33750,"A",,"G",38,"A",,"G",38,"A",,"A",,1
419095,"A",,"R",56100,"A",,"G",62,"A",,"R",65,"A",,"A",,1
419147,"A",,"R",57000,"A",,"G",63,"A",,"R",69,"A",,"A",,1
419156,"A",,"R",74419,"A",,"G",83,"A",,"G",83,"A",,"A",,1
419183,"R",13577,"A",,"A",,"G",453,"A",,"G",453,"A",,"A",,2
419217,"A",,"R",153973,"A",,"G",171,"A",,"G",171,"A",,"A",,1
419226,"A",,"R",387888,"A",,"G",431,"A",,"G",431,"A",,"A",,1
419235,"A",,"R",296810,"A",,"G",330,"A",,"G",330,"A",,"A",,1
419244,"A",,"R",147600,"A",,"G",164,"A",,"G",164,"A",,"A",,1
419253,"R",8100,"A",,"A",,"G",270,"A",,"G",270,"A",,"A",,2
419262,"A",,"R",40500,"A",,"G",45,"A",,"G",45,"A",,"A",,1
419271,"A",,"R",12425,"A",,"G",14,"A",,"G",14,"A",,"A",,1
419280,"A",,"R",74599,"A",,"G",83,"A",,"G",83,"A",,"A",,1
419314,"A",,"R",20116,"A",,"G",22,"A",,"G",22,"A",,"A",,1
419332,"A",,"R",13876,"A",,"G",15,"A",,"G",15,"A",,"A",,1
419341,"A",,"R",72958,"A",,"G",81,"A",,"G",81,"A",,"A",,1
419411,"A",,"R",325000,"A",,"G",361,"A",,"G",361,"A",,"A",,1
419420,"A",,"R",129870,"A",,"G",144,"A",,"G",144,"A",,"A",,1
419439,"A",,"R",62400,"A",,"G",69,"A",,"G",69,"A",,"A",,1
419457,"R",2427,"A",,"R",9760,"G",81,"G",407,"G",81,"G",407,"R",359,2
419484,"A",,"R",41321,"A",,"G",46,"A",,"G",46,"A",,"A",,1
419509,"R",86031,"A",,"R",13595,"G",2868,"G",566,"G",2868,"G",566,"A",,2
419536,"A",,"A",,"R",32196,"A",,"G",1342,"A",,"R",1192,"A",,-2
419633,"A",,"R",123910,"A",,"G",138,"A",,"G",138,"A",,"A",,1
419660,"A",,"R",514579,"A",,"G",572,"A",,"G",572,"A",,"A",,1
419703,"R",22296,"A",,"A",,"G",743,"A",,"R",600,"A",,"A",,2
419712,"R",9192,"A",,"A",,"G",306,"A",,"R",260,"A",,"A",,2
419721,"R",7632,"A",,"A",,"G",254,"A",,"R",215,"A",,"A",,2
420006,"R",21335,"A",,"R",668,"G",711,"G",28,"G",711,"G",28,"A",,2
420024,"R",8140,"A",,"A",,"G",271,"A",,"G",271,"A",,"A",,2
420042,"R",33468,"A",,"R",3652,"G",1116,"G",152,"G",1116,"G",152,"A",,2
420103,"A",,"R",260856,"A",,"G",290,"A",,"G",290,"A",,"A",,1
420130,"A",,"R",276110,"A",,"G",307,"A",,"G",307,"A",,"A",,1
420194,"A",,"R",120000,"A",,"G",133,"A",,"G",133,"A",,"A",,1
420200,"A",,"R",105000,"A",,"G",117,"A",,"G",117,"A",,"A",,1
420246,"A",,"A",,"A",,"A",,"A",,"A",,"A",,"R",431,-2
420255,"A",,"R",145860,"A",,"G",162,"A",,"R",143,"A",,"A",,1
420307,"R",322008,"R",70500,"R",5724,"G",7234,"G",159,"G",7234,"G",159,"A",,3
420316,"R",27364,"R",59510,"A",,"G",674,"A",,"G",674,"A",,"A",,3
420325,"R",2304,"A",,"R",192,"G",77,"G",8,"G",77,"G",8,"A",,2
420343,"A",,"R",660705,"A",,"G",734,"A",,"G",734,"A",,"A",,1
420370,"A",,"R",377460,"A",,"G",419,"A",,"G",419,"A",,"A",,1
420398,"R",300348,"A",,"A",,"G",10012,"A",,"G",10012,"A",,"A",,2
420404,"R",23763,"A",,"A",,"G",528,"A",,"G",528,"A",,"A",,2
420431,"R",41176,"A",,"A",,"G",1373,"A",,"G",1373,"A",,"A",,2
420440,"R",29331,"A",,"A",,"G",978,"A",,"G",978,"A",,"A",,2
420459,"A",,"R",238596,"A",,"G",265,"A",,"G",265,"A",,"A",,1
420468,"A",,"R",709460,"A",,"G",788,"A",,"G",788,"A",,"A",,1
420495,"R",36469,"A",,"A",,"G",1216,"A",,"G",1216,"A",,"A",,2
420501,"R",31398,"A",,"A",,"G",1047,"A",,"G",1047,"A",,"A",,2
420538,"R",35775,"A",,"A",,"G",1193,"A",,"G",1193,"A",,"A",,2
420556,"R",39079,"A",,"A",,"G",868,"A",,"G",868,"A",,"A",,2
420608,"A",,"R",229336,"A",,"G",255,"A",,"G",255,"A",,"A",,1
420705,"A",,"A",,"R",2921,"A",,"G",122,"A",,"G",122,"A",,-2
420723,"A",,"R",282323,"A",,"G",314,"A",,"G",314,"A",,"A",,1
420866,"R",4912,"A",,"R",4485,"G",164,"G",187,"G",164,"G",187,"R",174,2
420972,"A",,"A",,"R",40531,"A",,"G",1689,"A",,"R",1501,"A",,-2
420981,"A",,"R",402189,"A",,"G",447,"A",,"G",447,"A",,"A",,1
421009,"R",13074,"A",,"R",2209,"G",436,"G",92,"G",436,"G",92,"A",,2
421018,"R",38545,"A",,"R",5671,"G",1285,"G",236,"G",1285,"G",236,"A",,2
421513,"R",13114,"A",,"A",,"G",291,"A",,"G",291,"A",,"A",,2
421540,"A",,"R",158422,"A",,"G",176,"A",,"G",176,"A",,"A",,1
421559,"A",,"R",117501,"A",,"G",131,"A",,"G",131,"A",,"A",,1
421586,"R",3348,"R",28080,"A",,"G",143,"A",,"G",143,"A",,"A",,3
421610,"A",,"R",83430,"A",,"G",93,"A",,"G",93,"A",,"A",,1
421665,"A",,"R",15562,"A",,"G",17,"A",,"G",17,"A",,"A",,1
421708,"R",34708,"R",18200,"A",,"G",1177,"A",,"G",1177,"A",,"A",,3
421717,"A",,"R",36220,"A",,"G",40,"A",,"G",40,"A",,"A",,1
421771,"A",,"R",78054,"A",,"G",87,"A",,"G",87,"A",,"A",,1
421832,"R",33890,"A",,"A",,"G",753,"A",,"G",753,"A",,"A",,2
421841,"R",9496,"A",,"A",,"G",317,"A",,"G",317,"A",,"A",,2
421878,"R",1700,"R",152000,"A",,"G",226,"A",,"G",226,"A",,"A",,3
421896,"A",,"R",540900,"A",,"G",601,"A",,"G",601,"A",,"A",,1
422020,"R",5009,"A",,"A",,"G",167,"A",,"R",155,"A",,"A",,2
422190,"A",,"R",95183,"A",,"G",106,"A",,"G",106,"A",,"A",,1
422695,"A",,"R",301000,"A",,"G",334,"A",,"G",334,"A",,"A",,1
422835,"R",23077,"A",,"A",,"G",769,"A",,"G",769,"A",,"A",,2
423120,"R",33336,"A",,"A",,"G",1111,"A",,"G",1111,"A",,"A",,2
423397,"A",,"R",49500,"A",,"G",55,"A",,"G",55,"A",,"A",,1
423412,"A",,"R",185556,"A",,"G",206,"A",,"G",206,"A",,"A",,1
423582,"A",,"R",300160,"A",,"G",334,"A",,"R",295,"A",,"A",,1
423643,"A",,"A",,"R",36667,"A",,"G",1019,"A",,"G",1019,"R",2776,-2
423652,"A",,"R",70668,"A",,"G",79,"A",,"G",79,"A",,"A",,1
423980,"R",115172,"A",,"A",,"G",3839,"A",,"G",3839,"A",,"A",,2
425250,"R",4564,"A",,"A",,"G",152,"A",,"R",133,"A",,"A",,2
425870,"A",,"R",15010,"A",,"G",17,"A",,"G",17,"A",,"A",,1
425889,"A",,"R",289816,"A",,"G",322,"A",,"G",322,"A",,"A",,1
425986,"R",6781,"A",,"A",,"G",226,"A",,"G",226,"A",,"A",,2
426314,"R",185156,"A",,"R",64806,"G",6172,"G",2700,"G",6172,"G",2700,"A",,2
427025,"R",96480,"A",,"A",,"G",3216,"A",,"G",3216,"A",,"A",,2
427308,"A",,"R",210545,"A",,"G",234,"A",,"G",234,"A",,"A",,1
427335,"A",,"R",45000,"A",,"G",50,"A",,"G",50,"A",,"A",,1
427663,"R",18389,"A",,"A",,"G",409,"A",,"G",409,"A",,"A",,2
427894,"A",,"R",234270,"A",,"G",260,"A",,"G",260,"A",,"A",,1
427919,"A",,"R",261450,"A",,"G",291,"A",,"G",291,"A",,"A",,1
427973,"A",,"R",522600,"A",,"G",581,"A",,"G",581,"A",,"A",,1
427982,"R",10054,"A",,"A",,"G",335,"A",,"G",335,"A",,"A",,2
427991,"A",,"R",596851,"A",,"G",663,"A",,"G",663,"A",,"A",,1
428000,"R",9492,"A",,"A",,"G",211,"A",,"G",211,"A",,"A",,2
428019,"A",,"R",231885,"A",,"G",258,"A",,"G",258,"A",,"A",,1
428055,"R",15535,"A",,"A",,"G",518,"A",,"G",518,"A",,"A",,2
428073,"A",,"R",30000,"A",,"G",33,"A",,"G",33,"A",,"A",,1
428125,"A",,"R",122347,"A",,"G",136,"A",,"G",136,"A",,"A",,1
428143,"A",,"R",229755,"A",,"G",255,"A",,"G",255,"A",,"A",,1
428170,"R",52563,"A",,"A",,"G",1752,"A",,"G",1752,"A",,"A",,2
428259,"R",10487,"A",,"R",1452,"G",350,"G",61,"G",350,"R",81,"A",,2
428268,"R",2361,"A",,"R",5937,"G",79,"G",247,"G",79,"G",247,"R",101,2
428286,"R",64286,"A",,"A",,"G",1429,"A",,"G",1429,"A",,"A",,2
428295,"A",,"R",78300,"A",,"G",87,"A",,"G",87,"A",,"A",,1
428329,"R",7792,"A",,"A",,"G",173,"A",,"R",171,"A",,"A",,2
428338,"A",,"A",,"A",,"A",,"A",,"A",,"A",,"R",70,-2
428392,"R",54265,"A",,"A",,"G",1206,"A",,"R",1281,"A",,"A",,2
428444,"R",60600,"A",,"A",,"G",1347,"A",,"G",1347,"A",,"A",,2
429012,"A",,"R",56760,"A",,"G",63,"A",,"G",63,"A",,"A",,1
429085,"A",,"A",,"R",3771,"A",,"G",157,"A",,"G",157,"A",,-2
429094,"A",,"A",,"R",9608,"A",,"G",267,"A",,"R",200,"A",,-2
429100,"A",,"R",101700,"A",,"G",113,"A",,"G",113,"A",,"A",,1
429128,"R",6756,"A",,"A",,"G",225,"A",,"G",225,"A",,"A",,2
429599,"R",32000,"A",,"A",,"G",711,"A",,"G",711,"A",,"A",,2
430050,"R",15300,"A",,"A",,"G",510,"A",,"G",510,"A",,"A",,2
430087,"R",40228,"A",,"R",6543,"G",894,"G",182,"G",894,"G",182,"A",,2
430096,"R",16798,"A",,"A",,"G",560,"A",,"G",560,"A",,"A",,2
430148,"R",46391,"A",,"A",,"G",1031,"A",,"G",1031,"A",,"A",,2
430157,"R",11190,"A",,"A",,"G",373,"A",,"G",373,"A",,"A",,2
430166,"R",9565,"A",,"A",,"G",319,"A",,"G",319,"A",,"A",,2
430175,"R",33128,"A",,"A",,"G",1104,"A",,"G",1104,"A",,"A",,2
430184,"R",115571,"A",,"R",29148,"G",2568,"G",810,"G",2568,"G",810,"A",,2
430218,"A",,"R",117306,"A",,"G",130,"A",,"G",130,"A",,"A",,1
430227,"A",,"R",106880,"A",,"G",119,"A",,"G",119,"A",,"A",,1
430245,"A",,"R",1395000,"A",,"G",1550,"A",,"G",1550,"A",,"A",,1
430254,"A",,"R",131760,"A",,"G",146,"A",,"G",146,"A",,"A",,1
430263,"R",25070,"A",,"A",,"G",557,"A",,"G",557,"A",,"A",,2
430306,"A",,"R",51100,"A",,"G",57,"A",,"G",57,"A",,"A",,1
430342,"A",,"R",244170,"A",,"G",271,"A",,"G",271,"A",,"A",,1
430351,"R",13248,"A",,"A",,"G",294,"A",,"G",294,"A",,"A",,2
430360,"R",12320,"A",,"A",,"G",274,"A",,"G",274,"A",,"A",,2
430379,"R",22831,"A",,"A",,"G",507,"A",,"G",507,"A",,"A",,2
430388,"R",18711,"A",,"A",,"G",416,"A",,"G",416,"A",,"A",,2
430403,"A",,"R",75188,"A",,"G",84,"A",,"G",84,"A",,"A",,1
430421,"R",10975,"A",,"A",,"G",366,"A",,"G",366,"A",,"A",,2
430485,"R",5633,"A",,"A",,"G",188,"A",,"G",188,"A",,"A",,2
430564,"A",,"R",34598,"A",,"G",38,"A",,"G",38,"A",,"A",,1
430582,"A",,"R",247965,"A",,"G",276,"A",,"G",276,"A",,"A",,1
430591,"A",,"A",,"R",14123,"A",,"G",392,"A",,"G",392,"A",,-2
430643,"A",,"R",9256,"A",,"G",10,"A",,"G",10,"A",,"A",,1
430670,"R",231,"A",,"R",1015,"G",8,"G",42,"R",7,"G",42,"R",272,2
430704,"R",209,"A",,"R",4965,"G",7,"G",207,"G",7,"G",207,"A",,2
430795,"A",,"R",190085,"A",,"G",211,"A",,"G",211,"A",,"A",,1
430810,"R",12858,"A",,"R",165,"G",429,"G",7,"G",429,"G",7,"A",,2
430847,"A",,"R",47481,"A",,"G",53,"A",,"G",53,"A",,"A",,1
430883,"A",,"R",39450,"A",,"G",44,"A",,"G",44,"A",,"A",,1
430908,"A",,"R",76276,"A",,"G",85,"A",,"G",85,"A",,"A",,1
430935,"R",18434,"A",,"A",,"G",614,"A",,"G",614,"A",,"A",,2
430971,"A",,"R",100553,"A",,"G",112,"A",,"G",112,"A",,"A",,1
430980,"R",7567,"A",,"A",,"G",252,"A",,"G",252,"A",,"A",,2
430999,"A",,"R",177700,"A",,"G",197,"A",,"G",197,"A",,"A",,1
431017,"A",,"R",100112,"A",,"G",111,"A",,"G",111,"A",,"A",,1
431026,"R",39744,"A",,"A",,"G",1325,"A",,"G",1325,"A",,"A",,2
431071,"A",,"R",61430,"A",,"G",68,"A",,"G",68,"A",,"A",,1
431099,"A",,"R",115919,"A",,"G",129,"A",,"G",129,"A",,"A",,1
431105,"A",,"R",135000,"A",,"G",150,"A",,"G",150,"A",,"A",,1
431123,"R",11111,"A",,"A",,"G",370,"A",,"G",370,"A",,"A",,2
431141,"A",,"R",2581732,"A",,"G",2869,"A",,"G",2869,"A",,"A",,1
431169,"A",,"R",226632,"A",,"G",252,"A",,"R",168,"A",,"A",,1
431187,"A",,"R",42300,"A",,"G",47,"A",,"G",47,"A",,"A",,1
431196,"A",,"R",233254,"A",,"G",259,"A",,"G",259,"A",,"A",,1
431202,"A",,"R",30208,"A",,"G",34,"A",,"G",34,"A",,"A",,1
431248,"A",,"A",,"R",540,"A",,"G",23,"A",,"G",23,"A",,-2
431266,"A",,"R",46644,"A",,"G",52,"A",,"G",52,"A",,"A",,1
431275,"A",,"R",95041,"A",,"G",106,"A",,"G",106,"A",,"A",,1
431284,"A",,"R",41084,"A",,"G",46,"A",,"G",46,"A",,"A",,1
431309,"R",16741,"A",,"A",,"G",558,"A",,"G",558,"A",,"A",,2
431558,"A",,"R",280589,"A",,"G",312,"A",,"G",312,"A",,"A",,1
431594,"A",,"A",,"R",573,"A",,"G",24,"A",,"R",11,"A",,-2
431600,"R",2520,"A",,"A",,"G",56,"A",,"G",56,"A",,"A",,2
431637,"A",,"R",769106,"A",,"G",855,"A",,"G",855,"A",,"A",,1
431691,"A",,"R",49800,"A",,"G",55,"A",,"R",56,"A",,"A",,1
431707,"A",,"R",36540,"A",,"G",41,"A",,"G",41,"A",,"A",,1
431716,"A",,"R",523000,"A",,"G",581,"A",,"G",581,"A",,"A",,1
431770,"A",,"R",44100,"A",,"G",49,"A",,"G",49,"A",,"A",,1
431877,"A",,"R",54648,"A",,"G",61,"A",,"G",61,"A",,"A",,1
431886,"R",38892,"A",,"A",,"G",1296,"A",,"G",1296,"A",,"A",,2
431929,"R",10127,"A",,"A",,"G",338,"A",,"G",338,"A",,"A",,2
431956,"R",1581,"A",,"A",,"G",53,"A",,"G",53,"A",,"A",,2
431965,"A",,"R",182000,"A",,"G",202,"A",,"R",190,"A",,"A",,1
431983,"R",2910,"A",,"A",,"G",97,"A",,"G",97,"A",,"A",,2
432074,"A",,"R",163284,"A",,"G",181,"A",,"G",181,"A",,"A",,1
432117,"A",,"R",139580,"A",,"G",155,"A",,"G",155,"A",,"A",,1
432199,"R",51339,"A",,"A",,"G",1711,"A",,"R",1426,"A",,"A",,2
432214,"R",13292,"A",,"A",,"G",443,"A",,"R",369,"A",,"A",,2
432223,"R",18969,"A",,"R",2263,"G",632,"G",94,"G",632,"G",94,"A",,2
432232,"R",30738,"A",,"R",4460,"G",1025,"G",186,"G",1025,"G",186,"A",,2
432241,"R",25648,"A",,"R",1968,"G",855,"G",82,"G",855,"G",82,"A",,2
432269,"A",,"R",200880,"A",,"G",223,"A",,"G",223,"A",,"A",,1
432302,"R",16424,"A",,"A",,"G",547,"A",,"G",547,"A",,"A",,2
432348,"A",,"A",,"A",,"A",,"A",,"A",,"A",,"R",333,-2
432357,"A",,"A",,"R",3881,"A",,"G",162,"A",,"G",162,"A",,-2
432384,"R",30488,"A",,"A",,"G",1016,"A",,"G",1016,"A",,"A",,2
432524,"R",8145,"A",,"A",,"G",272,"A",,"G",272,"A",,"A",,2
432533,"R",93126,"A",,"A",,"G",2069,"A",,"G",2069,"A",,"A",,2
433004,"R",9884,"A",,"R",335,"G",220,"G",9,"G",220,"G",9,"A",,2
433013,"R",15983,"R",15983,"A",,"G",551,"A",,"G",551,"A",,"A",,3
433040,"A",,"R",30404,"A",,"G",34,"A",,"G",34,"A",,"A",,1
433068,"A",,"R",404254,"A",,"G",449,"A",,"G",449,"A",,"A",,1
433101,"A",,"R",567854,"A",,"G",631,"A",,"G",631,"A",,"A",,1
433138,"A",,"R",136022,"A",,"G",151,"A",,"G",151,"A",,"A",,1
433165,"R",205,"A",,"A",,"G",7,"A",,"G",7,"A",,"A",,2
433174,"R",9462,"A",,"A",,"G",315,"A",,"G",315,"A",,"A",,2
433217,"A",,"A",,"R",172,"A",,"G",7,"A",,"G",7,"A",,-2
433387,"R",694169,"A",,"R",147278,"G",23139,"G",6137,"G",23139,"G",6137,"A",,2
433420,"R",18264,"A",,"R",118,"G",406,"G",3,"G",406,"G",3,"A",,2
433466,"A",,"R",510988,"A",,"G",568,"A",,"G",568,"A",,"A",,1
433536,"R",12932,"A",,"A",,"G",431,"A",,"G",431,"A",,"A",,2
433563,"R",15829,"A",,"A",,"G",352,"A",,"G",352,"A",,"A",,2
433660,"R",296952,"A",,"R",20592,"G",9898,"G",858,"G",9898,"G",858,"R",123,2
433970,"R",8851,"A",,"A",,"G",295,"A",,"G",295,"A",,"A",,2
434016,"R",3226,"A",,"A",,"G",108,"A",,"G",108,"A",,"A",,2
434034,"R",8239,"A",,"A",,"G",275,"A",,"G",275,"A",,"A",,2
434052,"R",31078,"A",,"A",,"G",691,"A",,"G",691,"A",,"A",,2
434061,"R",78934,"A",,"A",,"G",2631,"A",,"G",2631,"A",,"A",,2
434122,"A",,"R",7500,"A",,"G",8,"A",,"G",8,"A",,"A",,1
434140,"A",,"R",1374074,"A",,"G",1527,"A",,"G",1527,"A",,"A",,1
434159,"A",,"R",228449,"A",,"G",254,"A",,"G",254,"A",,"A",,1
434274,"A",,"R",142200,"A",,"G",158,"A",,"G",158,"A",,"A",,1
434283,"A",,"R",92000,"A",,"G",102,"A",,"G",102,"A",,"A",,1
434308,"A",,"R",803400,"A",,"G",893,"A",,"G",893,"A",,"A",,1
434317,"R",44008,"A",,"A",,"G",1467,"A",,"G",1467,"A",,"A",,2
434326,"A",,"N",35659,"A",,"N",40,"A",,"N",40,"A",,"A",,1
434344,"A",,"R",80752,"A",,"G",90,"A",,"G",90,"A",,"A",,1
434362,"A",,"R",42300,"A",,"G",47,"A",,"G",47,"A",,"A",,1
434380,"A",,"R",64800,"A",,"G",72,"A",,"G",72,"A",,"A",,1
434414,"R",28933,"A",,"A",,"G",964,"A",,"G",964,"A",,"A",,2
434432,"R",2290,"R",3000,"A",,"G",54,"A",,"G",54,"A",,"A",,3
434441,"A",,"A",,"R",8024,"A",,"G",334,"A",,"G",334,"A",,-2
434469,"A",,"R",79185,"A",,"G",88,"A",,"G",88,"A",,"A",,1
434496,"A",,"R",44755,"A",,"G",50,"A",,"G",50,"A",,"A",,1
434502,"A",,"R",165166,"A",,"G",184,"A",,"R",187,"A",,"A",,1
434520,"R",16904,"A",,"A",,"G",563,"A",,"G",563,"A",,"A",,2
434539,"R",13944,"A",,"A",,"G",310,"A",,"G",310,"A",,"A",,2
434548,"R",24879,"A",,"A",,"G",553,"A",,"G",553,"A",,"A",,2
434557,"R",17942,"A",,"A",,"G",399,"A",,"G",399,"A",,"A",,2
434566,"R",15190,"A",,"A",,"G",338,"A",,"G",338,"A",,"A",,2
434575,"R",14103,"A",,"A",,"G",313,"A",,"G",313,"A",,"A",,2
434584,"R",3486,"A",,"A",,"G",116,"A",,"G",116,"A",,"A",,2
434672,"R",479246,"A",,"A",,"G",15975,"A",,"G",15975,"A",,"A",,2
434690,"R",14789,"A",,"A",,"G",493,"A",,"G",493,"A",,"A",,2
434715,"A",,"A",,"A",,"A",,"A",,"A",,"A",,"R",1820,-2
434751,"R",1828,"A",,"A",,"G",61,"A",,"G",61,"A",,"A",,2
434812,"R",7876,"A",,"A",,"G",263,"A",,"G",263,"A",,"A",,2
434821,"R",86522,"A",,"A",,"G",1923,"A",,"G",1923,"A",,"A",,2
434830,"R",236,"R",335885,"A",,"G",381,"A",,"G",381,"A",,"A",,3
434900,"R",33869,"A",,"A",,"G",1129,"A",,"G",1129,"A",,"A",,2
434937,"R",1472,"A",,"A",,"G",49,"A",,"G",49,"A",,"A",,2
434946,"R",42535,"A",,"R",9280,"G",1418,"G",387,"G",1418,"G",387,"A",,2
434955,"R",29445,"A",,"R",4083,"G",982,"G",170,"G",982,"G",170,"A",,2
434964,"R",20073,"A",,"R",3411,"G",669,"G",142,"G",669,"G",142,"A",,2
434973,"R",16775,"A",,"R",2217,"G",559,"G",92,"G",559,"G",92,"A",,2
434982,"R",15649,"A",,"R",1147,"G",522,"G",48,"G",522,"G",48,"A",,2
434991,"R",14770,"A",,"R",975,"G",492,"G",41,"G",492,"G",41,"A",,2
435000,"R",2005,"A",,"R",7814,"G",67,"G",326,"G",67,"G",326,"R",594,2
436003,"A",,"R",103759,"A",,"G",115,"A",,"G",115,"A",,"A",,1
436012,"R",16264,"A",,"A",,"G",542,"A",,"G",542,"A",,"A",,2
436021,"A",,"A",,"R",1285,"A",,"G",54,"A",,"G",54,"A",,-2
436030,"A",,"R",41600,"A",,"G",46,"A",,"G",46,"A",,"A",,1
436067,"A",,"R",110700,"A",,"G",123,"A",,"G",123,"A",,"A",,1
436094,"R",5451,"A",,"R",7385,"G",182,"G",308,"G",182,"G",308,"R",198,2
436100,"A",,"R",49500,"A",,"G",55,"A",,"G",55,"A",,"A",,1
436182,"R",7408,"R",121740,"A",,"G",382,"A",,"G",382,"A",,"A",,3
436191,"R",35196,"A",,"A",,"G",1173,"A",,"G",1173,"A",,"A",,2
436225,"R",20460,"A",,"A",,"G",682,"A",,"G",682,"A",,"A",,2
436261,"A",,"A",,"R",8395,"A",,"G",350,"A",,"G",350,"A",,-2
436270,"A",,"R",250512,"A",,"G",278,"A",,"G",278,"A",,"A",,1
436304,"R",49224,"A",,"A",,"G",1641,"A",,"G",1641,"A",,"A",,2
436377,"A",,"A",,"R",588,"A",,"G",25,"A",,"G",25,"A",,-2
436429,"R",116800,"A",,"A",,"G",3893,"A",,"G",3893,"A",,"A",,2
436438,"R",7128,"A",,"R",7393,"G",238,"G",308,"G",238,"G",308,"R",25,2
436465,"R",18645,"A",,"A",,"G",622,"A",,"G",622,"A",,"A",,2
436483,"R",20940,"A",,"A",,"G",465,"A",,"G",465,"A",,"A",,2
436526,"A",,"R",89496,"A",,"G",99,"A",,"R",102,"A",,"A",,1
436553,"R",14400,"A",,"A",,"G",480,"A",,"G",480,"A",,"A",,2
436599,"R",1815,"A",,"A",,"G",61,"A",,"G",61,"A",,"A",,2
436614,"R",1734,"A",,"R",183,"G",58,"G",8,"G",58,"G",8,"A",,2
436632,"R",15976,"A",,"A",,"G",533,"A",,"R",269,"A",,"A",,2
436641,"R",9060,"A",,"A",,"G",302,"A",,"G",302,"A",,"A",,2
436650,"A",,"R",361224,"A",,"G",401,"A",,"G",401,"A",,"A",,1
436702,"R",16320,"A",,"A",,"G",544,"A",,"G",544,"A",,"A",,2
436775,"A",,"R",295260,"A",,"G",328,"A",,"R",371,"A",,"A",,1
436818,"R",64976,"A",,"A",,"G",2166,"A",,"G",2166,"A",,"A",,2
436827,"R",19491,"A",,"A",,"G",650,"A",,"G",650,"A",,"A",,2
436836,"R",31433,"A",,"A",,"G",1048,"A",,"G",1048,"A",,"A",,2
437042,"R",27965,"A",,"A",,"G",621,"A",,"G",621,"A",,"A",,2
437051,"R",29755,"A",,"A",,"G",661,"A",,"G",661,"A",,"A",,2
437060,"R",16461,"A",,"A",,"G",549,"A",,"G",549,"A",,"A",,2
437097,"R",27108,"A",,"R",9342,"G",904,"G",389,"G",904,"G",389,"A",,2
437103,"R",172233,"A",,"A",,"G",5741,"A",,"G",5741,"A",,"A",,2
437219,"R",26938,"A",,"A",,"G",599,"A",,"G",599,"A",,"A",,2
437237,"A",,"R",72975,"A",,"G",81,"A",,"G",81,"A",,"A",,1
437316,"R",11968,"A",,"A",,"G",399,"A",,"G",399,"A",,"A",,2
437325,"R",11683,"A",,"R",1088,"G",389,"G",45,"G",389,"G",45,"A",,2
437343,"A",,"A",,"R",11281,"A",,"G",470,"A",,"R",418,"A",,-2
437361,"A",,"A",,"R",3634,"A",,"G",151,"A",,"R",135,"A",,-2
437501,"A",,"R",77345,"A",,"G",86,"A",,"R",137,"A",,"A",,1
437529,"A",,"R",300840,"A",,"G",334,"A",,"G",334,"A",,"A",,1
437556,"R",10593,"A",,"A",,"G",353,"A",,"G",353,"A",,"A",,2
437583,"A",,"R",135213,"A",,"G",150,"A",,"G",150,"A",,"A",,1
437608,"A",,"R",220490,"A",,"G",245,"A",,"G",245,"A",,"A",,1
437635,"A",,"R",163672,"A",,"G",182,"A",,"G",182,"A",,"A",,1
437653,"R",5899,"A",,"A",,"G",197,"A",,"G",197,"A",,"A",,2
437662,"A",,"R",2795174,"A",,"G",3106,"A",,"G",3106,"A",,"A",,1
437705,"A",,"R",10050,"A",,"G",11,"A",,"G",11,"A",,"A",,1
437723,"A",,"R",288216,"A",,"G",320,"A",,"G",320,"A",,"A",,1
437732,"A",,"R",2183632,"A",,"G",2426,"A",,"R",1543,"A",,"A",,1
437750,"R",18975,"A",,"A",,"G",633,"A",,"G",633,"A",,"A",,2
437769,"R",25398,"A",,"A",,"G",847,"A",,"G",847,"A",,"A",,2
437778,"A",,"R",803050,"A",,"G",892,"A",,"G",892,"A",,"A",,1
437848,"R",63794,"A",,"A",,"G",1418,"A",,"G",1418,"A",,"A",,2
437857,"A",,"R",153440,"A",,"G",170,"A",,"G",170,"A",,"A",,1
437884,"R",5707,"A",,"A",,"G",190,"A",,"G",190,"A",,"A",,2
437927,"R",12188,"A",,"A",,"G",406,"A",,"G",406,"A",,"A",,2
437936,"R",19870,"A",,"A",,"G",662,"A",,"G",662,"A",,"A",,2
438036,"A",,"R",61652,"A",,"G",69,"A",,"G",69,"A",,"A",,1
438151,"R",200000,"A",,"R",5000,"G",6667,"G",208,"G",6667,"G",208,"A",,2
438179,"R",19729,"A",,"A",,"G",658,"A",,"G",658,"A",,"A",,2
438197,"R",19494,"A",,"A",,"G",650,"A",,"G",650,"A",,"A",,2
438212,"R",153400,"R",176112,"A",,"G",3605,"A",,"G",3605,"A",,"A",,3
438258,"R",11101,"A",,"A",,"G",370,"A",,"G",370,"A",,"A",,2
438267,"A",,"R",262231,"A",,"G",291,"A",,"G",291,"A",,"A",,1
438285,"A",,"R",519504,"A",,"G",577,"A",,"G",577,"A",,"A",,1
438294,"A",,"R",204012,"A",,"G",227,"A",,"G",227,"A",,"A",,1
438337,"A",,"R",442170,"A",,"G",491,"A",,"G",491,"A",,"A",,1
438382,"R",15936,"A",,"R",2705,"G",531,"G",113,"G",531,"G",113,"A",,2
438416,"R",16236,"A",,"R",603,"G",541,"G",25,"G",541,"G",25,"A",,2
438498,"R",64264,"A",,"R",22711,"G",1428,"G",631,"G",1428,"G",631,"A",,2
438504,"R",135122,"A",,"A",,"G",4504,"A",,"G",4504,"A",,"A",,2
438586,"R",70499,"A",,"R",4196,"G",1567,"G",117,"G",1567,"G",117,"A",,2
438601,"R",28361,"A",,"R",3704,"G",630,"G",103,"G",630,"G",103,"A",,2
438610,"R",17638,"A",,"R",1173,"G",588,"G",49,"G",588,"G",49,"A",,2
438629,"R",2898,"A",,"R",264,"G",97,"G",11,"G",97,"G",11,"A",,2
438638,"R",24982,"A",,"A",,"G",833,"A",,"G",833,"A",,"A",,2
438647,"R",30194,"A",,"A",,"G",1006,"A",,"G",1006,"A",,"A",,2
438656,"R",18421,"A",,"A",,"G",614,"A",,"G",614,"A",,"A",,2
438674,"A",,"R",124663,"A",,"G",139,"A",,"G",139,"A",,"A",,1
438708,"R",13678,"A",,"A",,"G",456,"A",,"G",456,"A",,"A",,2
438735,"A",,"R",301860,"A",,"G",335,"A",,"G",335,"A",,"A",,1
438805,"R",22168,"A",,"A",,"G",739,"A",,"G",739,"A",,"A",,2
438869,"R",17133,"A",,"A",,"G",571,"A",,"G",571,"A",,"A",,2
438887,"R",5833,"A",,"A",,"G",194,"A",,"G",194,"A",,"A",,2
438902,"R",23716,"A",,"R",1290,"G",791,"G",54,"G",791,"G",54,"A",,2
438984,"R",3420,"A",,"A",,"G",114,"A",,"G",114,"A",,"A",,2
439020,"R",1207,"A",,"R",3596,"G",27,"G",100,"G",27,"G",100,"A",,2
439039,"A",,"R",337975,"A",,"G",376,"A",,"G",376,"A",,"A",,1
439057,"R",2955,"A",,"R",5123,"G",99,"G",213,"G",99,"G",213,"R",29,2
439118,"R",14479,"A",,"A",,"G",483,"A",,"G",483,"A",,"A",,2
439127,"R",14909,"A",,"A",,"G",497,"A",,"G",497,"A",,"A",,2
439136,"R",19456,"A",,"A",,"G",432,"A",,"G",432,"A",,"A",,2
439145,"R",109815,"A",,"A",,"G",2440,"A",,"G",2440,"A",,"A",,2
439163,"R",106770,"A",,"A",,"G",3559,"A",,"R",2966,"A",,"A",,2
439190,"R",99974,"A",,"A",,"G",2222,"A",,"G",2222,"A",,"A",,2
439279,"R",18171,"A",,"R",891,"G",606,"G",37,"G",606,"G",37,"A",,2
439288,"R",76970,"A",,"A",,"G",1710,"A",,"G",1710,"A",,"A",,2
439297,"R",11424,"A",,"R",1675,"G",381,"G",70,"G",381,"G",70,"A",,2
439303,"R",4140,"A",,"A",,"G",92,"A",,"G",92,"A",,"A",,2
439312,"R",2745,"A",,"A",,"G",61,"A",,"G",61,"A",,"A",,2
439330,"R",3791,"A",,"A",,"G",126,"A",,"R",105,"A",,"A",,2
439367,"A",,"R",227520,"A",,"G",253,"A",,"G",253,"A",,"A",,1
439394,"A",,"A",,"R",4031,"A",,"G",168,"A",,"G",168,"A",,-2
439400,"A",,"R",200000,"A",,"G",222,"A",,"G",222,"A",,"A",,1
439437,"A",,"R",381935,"A",,"G",424,"A",,"G",424,"A",,"A",,1
439446,"R",4380,"A",,"R",6540,"G",146,"G",273,"G",146,"G",273,"A",,2
439455,"R",15250,"R",15000,"A",,"G",525,"A",,"G",525,"A",,"A",,3
439473,"A",,"R",266400,"A",,"G",296,"A",,"G",296,"A",,"A",,1
439482,"R",566,"R",313605,"A",,"G",361,"A",,"G",361,"A",,"A",,3
439491,"R",21720,"R",150000,"A",,"G",649,"A",,"G",649,"A",,"A",,3
439507,"A",,"R",246823,"A",,"G",274,"A",,"G",274,"A",,"A",,1
439525,"R",22489,"A",,"A",,"G",750,"A",,"G",750,"A",,"A",,2
439570,"R",24060,"A",,"A",,"G",802,"A",,"G",802,"A",,"A",,2
439589,"A",,"R",535212,"A",,"G",595,"A",,"G",595,"A",,"A",,1
439613,"R",6889,"A",,"A",,"G",230,"A",,"G",230,"A",,"A",,2
439622,"A",,"R",314500,"A",,"G",349,"A",,"G",349,"A",,"A",,1
439631,"A",,"R",40000,"A",,"G",44,"A",,"G",44,"A",,"A",,1
439668,"A",,"R",111724,"A",,"G",124,"A",,"G",124,"A",,"A",,1
439686,"R",14600,"A",,"A",,"G",487,"A",,"G",487,"A",,"A",,2
439701,"R",6243,"A",,"R",4228,"G",139,"G",117,"G",139,"G",117,"A",,2
439729,"A",,"R",28753,"A",,"G",32,"A",,"G",32,"A",,"A",,1
439738,"R",28590,"A",,"A",,"G",953,"A",,"G",953,"A",,"A",,2
439747,"A",,"R",199000,"A",,"G",221,"A",,"G",221,"A",,"A",,1
439774,"A",,"R",53400,"A",,"G",59,"A",,"G",59,"A",,"A",,1
439783,"R",2390,"A",,"R",2554,"G",80,"G",106,"G",80,"G",106,"A",,2
439792,"R",19440,"A",,"A",,"G",648,"A",,"G",648,"A",,"A",,2
439817,"A",,"A",,"R",2590,"A",,"G",108,"A",,"G",108,"A",,-2
439826,"A",,"R",588060,"A",,"G",653,"A",,"G",653,"A",,"A",,1
439844,"A",,"R",61919,"A",,"G",69,"A",,"G",69,"A",,"A",,1
439862,"R",1984,"A",,"R",45,"G",66,"G",2,"G",66,"G",2,"A",,2
439871,"R",3262,"A",,"A",,"G",109,"A",,"G",109,"A",,"A",,2
439899,"R",2136,"A",,"A",,"G",71,"A",,"R",70,"A",,"A",,2
439905,"A",,"R",128025,"A",,"G",142,"A",,"G",142,"A",,"A",,1
439914,"A",,"A",,"R",2705,"A",,"G",113,"A",,"G",113,"A",,-2
439932,"A",,"R",38700,"A",,"G",43,"A",,"G",43,"A",,"A",,1
439969,"R",1752,"A",,"R",5729,"G",58,"G",239,"G",58,"G",239,"A",,2
439978,"A",,"R",136500,"A",,"G",152,"A",,"G",152,"A",,"A",,1
439996,"R",2356,"A",,"A",,"G",79,"A",,"G",79,"A",,"A",,2
440004,"A",,"A",,"R",1170,"A",,"G",49,"A",,"R",39,"A",,-2
440031,"A",,"A",,"R",4914,"A",,"G",205,"A",,"R",155,"A",,-2
440059,"A",,"R",691080,"A",,"G",768,"A",,"R",720,"A",,"A",,1
440077,"A",,"R",88500,"A",,"G",98,"A",,"R",80,"A",,"A",,1
440086,"R",12528,"A",,"A",,"G",418,"A",,"G",418,"A",,"A",,2
440101,"A",,"R",193635,"A",,"G",215,"A",,"G",215,"A",,"A",,1
440110,"R",21690,"A",,"A",,"G",723,"A",,"G",723,"A",,"A",,2
440129,"R",18330,"A",,"A",,"G",611,"A",,"G",611,"A",,"A",,2
440147,"R",33817,"A",,"A",,"G",751,"A",,"G",751,"A",,"A",,2
440165,"R",20356,"A",,"A",,"G",452,"A",,"G",452,"A",,"A",,2
440174,"A",,"R",42120,"A",,"G",47,"A",,"G",47,"A",,"A",,1
440217,"A",,"R",26470,"A",,"G",29,"A",,"G",29,"A",,"A",,1
440226,"A",,"R",173419,"A",,"G",193,"A",,"G",193,"A",,"A",,1
440262,"A",,"R",387275,"A",,"G",430,"A",,"G",430,"A",,"A",,1
440271,"R",14390,"R",75000,"A",,"G",563,"A",,"G",563,"A",,"A",,3
440299,"R",39009,"A",,"A",,"G",1300,"A",,"G",1300,"A",,"A",,2
440323,"R",18120,"A",,"A",,"G",604,"A",,"G",604,"A",,"A",,2
440332,"R",15198,"A",,"A",,"G",507,"A",,"G",507,"A",,"A",,2
440341,"R",91482,"A",,"A",,"G",2033,"A",,"G",2033,"A",,"A",,2
440369,"R",29383,"A",,"A",,"G",979,"A",,"G",979,"A",,"A",,2
440378,"R",5654,"A",,"A",,"G",188,"A",,"G",188,"A",,"A",,2
440396,"R",4156,"A",,"R",261,"G",139,"G",11,"G",139,"G",11,"A",,2
440402,"R",78842,"A",,"A",,"G",2628,"A",,"R",2776,"A",,"A",,2
440411,"R",309,"A",,"R",2550,"G",10,"G",106,"G",10,"G",106,"A",,2
440420,"R",6077,"A",,"R",1009,"G",203,"G",42,"G",203,"G",42,"A",,2
440439,"R",29369,"A",,"R",4045,"G",979,"G",169,"G",979,"G",169,"A",,2
440448,"R",53760,"A",,"R",5648,"G",1792,"G",235,"G",1792,"G",235,"A",,2
440457,"R",9732,"A",,"R",555,"G",324,"G",23,"G",324,"G",23,"A",,2
440466,"R",11129,"A",,"R",1049,"G",371,"G",44,"G",371,"G",44,"A",,2
440484,"R",71527,"A",,"A",,"G",1589,"A",,"G",1589,"A",,"A",,2
440536,"R",36864,"A",,"A",,"G",1229,"A",,"R",1024,"A",,"A",,2
440545,"R",24904,"A",,"A",,"G",830,"A",,"R",692,"A",,"A",,2
440572,"A",,"A",,"R",20564,"A",,"G",857,"A",,"R",762,"A",,-2
440581,"A",,"A",,"R",24126,"A",,"G",1005,"A",,"R",894,"A",,-2
440590,"R",37426,"A",,"A",,"G",1248,"A",,"R",1040,"A",,"A",,2
440624,"R",64494,"A",,"A",,"G",2150,"A",,"G",2150,"A",,"A",,2
440642,"R",25464,"A",,"A",,"G",566,"A",,"G",566,"A",,"A",,2
440651,"R",59112,"A",,"A",,"G",1970,"A",,"G",1970,"A",,"A",,2
440721,"A",,"R",219388,"A",,"G",244,"A",,"R",343,"A",,"A",,1
440730,"A",,"R",627301,"A",,"G",697,"A",,"G",697,"A",,"A",,1
440749,"R",8800,"A",,"A",,"G",196,"A",,"G",196,"A",,"A",,2
440758,"R",11706,"A",,"A",,"G",260,"A",,"G",260,"A",,"A",,2
440767,"R",29168,"A",,"A",,"G",648,"A",,"G",648,"A",,"A",,2
440776,"A",,"R",38872,"A",,"G",43,"A",,"G",43,"A",,"A",,1
440794,"R",6596,"A",,"A",,"G",220,"A",,"G",220,"A",,"A",,2
440800,"R",2604,"A",,"A",,"G",58,"A",,"G",58,"A",,"A",,2
440819,"R",5556,"A",,"A",,"G",123,"A",,"G",123,"A",,"A",,2
440828,"R",15563,"A",,"R",4619,"G",346,"G",128,"G",346,"G",128,"A",,2
440846,"A",,"R",234840,"A",,"G",261,"A",,"G",261,"A",,"A",,1
440855,"A",,"R",258000,"A",,"G",287,"A",,"G",287,"A",,"A",,1
440873,"R",38657,"R",174340,"A",,"G",1482,"A",,"G",1482,"A",,"A",,3
440882,"R",10911,"A",,"A",,"G",364,"A",,"G",364,"A",,"A",,2
440891,"R",10718,"A",,"A",,"G",357,"A",,"G",357,"A",,"A",,2
440907,"R",20485,"A",,"A",,"G",683,"A",,"G",683,"A",,"A",,2
440916,"A",,"A",,"A",,"A",,"A",,"A",,"A",,"R",729,-2
440925,"R",33332,"A",,"A",,"G",741,"A",,"G",741,"A",,"A",,2
440952,"A",,"R",245407,"A",,"G",273,"A",,"G",273,"A",,"A",,1
440970,"R",4498,"A",,"A",,"G",150,"A",,"G",150,"A",,"A",,2
440989,"A",,"R",900342,"A",,"G",1000,"A",,"G",1000,"A",,"A",,1
441016,"R",26275,"A",,"A",,"G",876,"A",,"G",876,"A",,"A",,2
441025,"R",28500,"R",81800,"A",,"G",724,"A",,"G",724,"A",,"A",,3
441052,"A",,"R",1349934,"A",,"G",1500,"A",,"G",1500,"A",,"A",,1
441070,"R",2402,"A",,"A",,"G",80,"A",,"G",80,"A",,"A",,2
441089,"R",83268,"A",,"A",,"G",2776,"A",,"G",2776,"A",,"A",,2
441104,"A",,"A",,"R",5915,"A",,"G",246,"A",,"G",246,"A",,-2
441131,"A",,"A",,"R",5223,"A",,"G",218,"A",,"G",218,"A",,-2
441159,"A",,"A",,"R",4802,"A",,"G",200,"A",,"R",178,"A",,-2
441168,"A",,"R",123539,"A",,"G",137,"A",,"G",137,"A",,"A",,1
441186,"R",13001,"A",,"R",2003,"G",433,"G",83,"G",433,"G",83,"A",,2
441195,"A",,"R",54362,"A",,"G",60,"A",,"G",60,"A",,"A",,1
441201,"R",6377,"R",5770,"A",,"G",148,"A",,"G",148,"A",,"A",,3
441210,"A",,"R",220667,"A",,"G",245,"A",,"G",245,"A",,"A",,1
441229,"R",37249,"A",,"A",,"G",828,"A",,"G",828,"A",,"A",,2
441238,"A",,"A",,"R",2150,"A",,"G",90,"A",,"G",90,"A",,-2
441256,"A",,"R",113613,"A",,"G",126,"A",,"G",126,"A",,"A",,1
441274,"A",,"R",169759,"A",,"G",189,"A",,"G",189,"A",,"A",,1
441308,"A",,"A",,"R",44045,"A",,"G",1835,"A",,"G",1835,"A",,-2
441317,"A",,"R",82128,"A",,"G",91,"A",,"G",91,"A",,"A",,1
441335,"A",,"R",36000,"A",,"G",40,"A",,"G",40,"A",,"A",,1
441353,"A",,"R",16200,"A",,"G",18,"A",,"G",18,"A",,"A",,1
441362,"R",17158,"A",,"A",,"G",572,"A",,"G",572,"A",,"A",,2
441371,"R",10905,"A",,"A",,"G",364,"A",,"G",364,"A",,"A",,2
441380,"A",,"R",209785,"A",,"G",233,"A",,"G",233,"A",,"A",,1
441405,"A",,"R",121500,"A",,"G",135,"A",,"G",135,"A",,"A",,1
441414,"A",,"R",253205,"A",,"G",281,"A",,"G",281,"A",,"A",,1
441423,"R",7854,"R",21788,"A",,"G",286,"A",,"G",286,"A",,"A",,3
441432,"A",,"R",221520,"A",,"G",246,"A",,"G",246,"A",,"A",,1
441441,"R",14250,"A",,"A",,"G",475,"A",,"G",475,"A",,"A",,2
441478,"R",1920,"A",,"R",6822,"G",64,"G",284,"G",64,"G",284,"A",,2
441487,"R",6965,"R",850,"A",,"G",233,"A",,"G",233,"A",,"A",,3
441496,"A",,"R",231660,"A",,"G",257,"A",,"G",257,"A",,"A",,1
441502,"R",15787,"R",381171,"A",,"G",774,"A",,"R",526,"A",,"A",,3
441511,"R",13155,"A",,"R",3660,"G",439,"G",153,"G",439,"G",153,"A",,2
441548,"A",,"R",77350,"A",,"G",86,"A",,"G",86,"A",,"A",,1
441575,"A",,"R",847685,"A",,"G",942,"A",,"G",942,"A",,"A",,1
441593,"A",,"R",33944,"A",,"G",38,"A",,"G",38,"A",,"A",,1
441609,"R",2640,"A",,"A",,"G",88,"A",,"G",88,"A",,"A",,2
441618,"A",,"R",47765,"A",,"G",53,"A",,"G",53,"A",,"A",,1
441627,"A",,"R",37500,"A",,"G",42,"A",,"R",35,"A",,"A",,1
441636,"R",11902,"R",5785,"A",,"G",271,"A",,"G",271,"A",,"A",,3
441645,"A",,"R",177579,"A",,"G",197,"A",,"G",197,"A",,"A",,1
441663,"A",,"R",246036,"A",,"G",273,"A",,"G",273,"A",,"A",,1
441672,"A",,"R",18000,"A",,"G",20,"A",,"G",20,"A",,"A",,1
441681,"R",2659,"A",,"A",,"G",89,"A",,"G",89,"A",,"A",,2
441690,"R",6537,"A",,"R",255,"G",218,"G",11,"G",218,"G",11,"A",,2
441706,"R",7080,"A",,"A",,"G",236,"A",,"G",236,"A",,"A",,2
441742,"A",,"R",657698,"A",,"G",731,"A",,"G",731,"A",,"A",,1
441751,"A",,"R",26500,"A",,"G",29,"A",,"G",29,"A",,"A",,1
441760,"R",61115,"A",,"A",,"G",2037,"A",,"G",2037,"A",,"A",,2
441779,"A",,"R",74565,"A",,"G",83,"A",,"G",83,"A",,"A",,1
441788,"A",,"R",561600,"A",,"G",624,"A",,"G",624,"A",,"A",,1
441830,"R",3240,"A",,"A",,"G",108,"A",,"G",108,"A",,"A",,2
441858,"R",5221,"R",15148,"A",,"G",191,"A",,"G",191,"A",,"A",,3
441876,"A",,"R",238457,"A",,"G",265,"A",,"G",265,"A",,"A",,1
441894,"A",,"R",30240,"A",,"G",34,"A",,"G",34,"A",,"A",,1
441900,"R",69162,"A",,"A",,"G",2305,"A",,"G",2305,"A",,"A",,2
441919,"R",9552,"R",274500,"A",,"G",623,"A",,"G",623,"A",,"A",,3
441928,"R",25952,"A",,"A",,"G",577,"A",,"G",577,"A",,"A",,2
441937,"R",106247,"A",,"R",1716,"G",3542,"G",72,"G",3542,"G",72,"A",,2
441955,"R",40034,"A",,"A",,"G",890,"A",,"G",890,"A",,"A",,2
441964,"R",30284,"A",,"A",,"G",673,"A",,"G",673,"A",,"A",,2
441973,"R",89558,"A",,"A",,"G",1990,"A",,"G",1990,"A",,"A",,2
441982,"R",9817,"A",,"A",,"G",327,"A",,"G",327,"A",,"A",,2
442037,"A",,"R",261904,"A",,"G",291,"A",,"G",291,"A",,"A",,1
442046,"A",,"R",563226,"A",,"G",626,"A",,"G",626,"A",,"A",,1
442064,"A",,"A",,"R",1305,"A",,"G",54,"A",,"G",54,"A",,-2
442073,"A",,"R",787905,"A",,"G",875,"A",,"G",875,"A",,"A",,1
442134,"A",,"R",879880,"A",,"G",978,"A",,"G",978,"A",,"A",,1
442143,"R",18458,"A",,"R",1267,"G",615,"G",53,"G",615,"G",53,"A",,2
442152,"R",41251,"A",,"R",4251,"G",1375,"G",177,"G",1375,"G",177,"A",,2
442161,"R",31556,"A",,"R",2536,"G",1052,"G",106,"G",1052,"G",106,"A",,2
442170,"R",41628,"A",,"R",2091,"G",1388,"G",87,"G",1388,"G",87,"A",,2
442189,"R",18994,"A",,"R",3454,"G",633,"G",144,"G",633,"G",144,"A",,2
442204,"A",,"R",133164,"A",,"G",148,"A",,"G",148,"A",,"A",,1
442213,"R",953,"A",,"A",,"G",32,"A",,"G",32,"A",,"A",,2
442222,"R",4145,"A",,"R",4248,"G",138,"G",177,"G",138,"G",177,"R",60,2
442231,"R",66095,"A",,"A",,"G",2203,"A",,"G",2203,"A",,"A",,2
442240,"A",,"R",329345,"A",,"G",366,"A",,"G",366,"A",,"A",,1
442295,"A",,"A",,"A",,"A",,"A",,"A",,"A",,"R",489,-2
442310,"R",12685,"A",,"A",,"G",423,"A",,"G",423,"A",,"A",,2
442329,"A",,"R",734250,"A",,"G",816,"A",,"G",816,"A",,"A",,1
442338,"R",25498,"A",,"A",,"G",567,"A",,"G",567,"A",,"A",,2
442347,"R",16936,"A",,"A",,"G",376,"A",,"G",376,"A",,"A",,2
442356,"R",26915,"A",,"A",,"G",897,"A",,"G",897,"A",,"A",,2
442365,"R",21761,"A",,"A",,"G",725,"A",,"R",604,"A",,"A",,2
442383,"R",18595,"A",,"A",,"G",413,"A",,"G",413,"A",,"A",,2
442392,"A",,"A",,"R",1573,"A",,"G",66,"A",,"G",66,"A",,-2
442408,"R",12586,"A",,"A",,"G",420,"A",,"G",420,"A",,"A",,2
442426,"R",224,"R",157025,"A",,"G",182,"A",,"G",182,"A",,"A",,3
442435,"R",1830,"A",,"A",,"G",61,"A",,"G",61,"A",,"A",,2
442444,"R",37782,"A",,"A",,"G",1259,"A",,"R",1487,"A",,"A",,2
442462,"R",16980,"A",,"A",,"G",566,"A",,"G",566,"A",,"A",,2
442499,"R",6179,"A",,"A",,"G",137,"A",,"G",137,"A",,"A",,2
442505,"R",11755,"A",,"A",,"G",261,"A",,"G",261,"A",,"A",,2
442523,"R",1152,"A",,"A",,"G",38,"A",,"G",38,"A",,"A",,2
442569,"R",183133,"A",,"R",22269,"G",6104,"G",928,"G",6104,"G",928,"A",,2
442578,"R",13049,"A",,"A",,"G",290,"A",,"G",290,"A",,"A",,2
442602,"R",18286,"A",,"A",,"G",610,"A",,"G",610,"A",,"A",,2
442611,"R",82651,"A",,"A",,"G",2755,"A",,"G",2755,"A",,"A",,2
442620,"R",14842,"A",,"A",,"G",495,"A",,"G",495,"A",,"A",,2
442639,"R",864,"A",,"A",,"G",29,"A",,"G",29,"A",,"A",,2
442648,"R",29520,"A",,"A",,"G",984,"A",,"G",984,"A",,"A",,2
442657,"A",,"R",324305,"A",,"G",360,"A",,"G",360,"A",,"A",,1
442684,"R",6540,"A",,"A",,"G",218,"A",,"G",218,"A",,"A",,2
442718,"R",18877,"A",,"A",,"G",419,"A",,"G",419,"A",,"A",,2
442727,"R",45589,"A",,"A",,"G",1520,"A",,"G",1520,"A",,"A",,2
442736,"R",15513,"A",,"A",,"G",517,"A",,"G",517,"A",,"A",,2
442745,"R",38400,"A",,"A",,"G",1280,"A",,"G",1280,"A",,"A",,2
442781,"R",4500,"A",,"A",,"G",150,"A",,"R",136,"A",,"A",,2
442790,"R",43411,"A",,"A",,"G",1447,"A",,"G",1447,"A",,"A",,2
442806,"A",,"A",,"R",1610,"A",,"G",67,"A",,"R",60,"R",920,-2
442815,"R",17257,"A",,"A",,"G",575,"A",,"G",575,"A",,"A",,2
442824,"R",57463,"A",,"A",,"G",1915,"A",,"R",1596,"A",,"A",,2
442842,"R",2644,"A",,"R",6548,"G",88,"G",273,"G",88,"G",273,"A",,2
442851,"A",,"R",323338,"A",,"G",359,"A",,"G",359,"A",,"A",,1
442879,"R",17160,"R",564669,"A",,"G",1199,"A",,"G",1199,"A",,"A",,3
442888,"R",10384,"A",,"A",,"G",346,"A",,"G",346,"A",,"A",,2
442897,"R",3542,"A",,"R",669,"G",118,"G",28,"G",118,"R",37,"A",,2
442930,"R",33132,"R",46928,"R",480,"G",1157,"G",20,"G",1157,"G",20,"A",,3
442949,"R",1955,"A",,"A",,"G",43,"A",,"R",36,"A",,"A",,2
442958,"A",,"R",89400,"A",,"G",99,"A",,"G",99,"A",,"A",,1
442967,"A",,"R",47440,"A",,"G",53,"A",,"G",53,"A",,"A",,1
442976,"A",,"R",71198,"A",,"G",79,"A",,"G",79,"A",,"A",,1
442985,"R",1965,"A",,"A",,"G",66,"A",,"G",66,"A",,"A",,2
443021,"A",,"R",185000,"A",,"G",206,"A",,"R",192,"A",,"A",,1
443030,"A",,"A",,"R",2448,"A",,"G",68,"A",,"G",68,"A",,-2
443049,"R",7865,"A",,"R",7012,"G",175,"G",195,"G",175,"G",195,"A",,2
443058,"R",519,"A",,"A",,"G",17,"A",,"G",17,"A",,"A",,2
443076,"R",48,"A",,"R",4179,"G",2,"G",174,"G",2,"G",174,"A",,2
443100,"A",,"R",109294,"A",,"G",121,"A",,"G",121,"A",,"A",,1
443128,"A",,"A",,"R",16832,"A",,"G",701,"A",,"G",701,"R",4,-2
443137,"A",,"R",269375,"A",,"G",299,"A",,"G",299,"A",,"A",,1
443146,"A",,"R",97043,"A",,"G",108,"A",,"G",108,"A",,"A",,1
443173,"A",,"R",39435,"A",,"G",44,"A",,"G",44,"A",,"A",,1
443207,"A",,"R",570575,"A",,"G",634,"A",,"G",634,"A",,"A",,1
443216,"A",,"R",141120,"A",,"G",157,"A",,"G",157,"A",,"A",,1
443225,"A",,"R",101700,"A",,"G",113,"A",,"G",113,"A",,"A",,1
443234,"R",3000,"R",122,"A",,"G",100,"A",,"G",100,"A",,"A",,3
443252,"R",28270,"A",,"A",,"G",942,"A",,"G",942,"A",,"A",,2
443261,"R",8311,"A",,"A",,"G",277,"A",,"G",277,"A",,"A",,2
443270,"R",7937,"A",,"A",,"G",265,"A",,"G",265,"A",,"A",,2
443289,"R",3062,"A",,"A",,"G",102,"A",,"G",102,"A",,"A",,2
443298,"A",,"R",194055,"A",,"G",216,"A",,"G",216,"A",,"A",,1
443304,"R",1980,"A",,"A",,"G",66,"A",,"G",66,"A",,"A",,2
443322,"A",,"R",588585,"A",,"G",654,"A",,"G",654,"A",,"A",,1
443331,"R",42416,"A",,"R",804,"G",1414,"G",34,"G",1414,"G",34,"A",,2
443340,"R",2831,"A",,"A",,"G",94,"A",,"G",94,"A",,"A",,2
443359,"A",,"R",186428,"A",,"G",207,"A",,"G",207,"A",,"A",,1
443377,"R",5474,"A",,"A",,"G",182,"A",,"G",182,"A",,"A",,2
443410,"R",27602,"A",,"R",825,"G",920,"G",34,"G",920,"G",34,"A",,2
443429,"A",,"R",103060,"A",,"G",115,"A",,"G",115,"A",,"A",,1
443438,"R",15840,"A",,"A",,"G",528,"A",,"G",528,"A",,"A",,2
443456,"R",4211,"A",,"R",597,"G",140,"G",25,"G",140,"G",25,"A",,2
443465,"R",3967,"A",,"R",336,"G",132,"G",14,"G",132,"G",14,"A",,2
443474,"R",23556,"A",,"R",2657,"G",785,"G",111,"G",785,"G",111,"A",,2
443483,"A",,"R",75600,"A",,"G",84,"A",,"G",84,"A",,"A",,1
443492,"R",63326,"A",,"A",,"G",2111,"A",,"G",2111,"A",,"A",,2
443526,"R",27432,"A",,"A",,"G",610,"A",,"G",610,"A",,"A",,2
443535,"R",20486,"A",,"A",,"G",455,"A",,"G",455,"A",,"A",,2
443544,"R",13214,"A",,"R",1019,"G",440,"G",42,"G",440,"G",42,"A",,2
443553,"A",,"R",256500,"A",,"G",285,"A",,"G",285,"A",,"A",,1
443562,"R",65286,"A",,"R",10658,"G",2176,"G",444,"G",2176,"G",444,"A",,2
443571,"R",9359,"A",,"A",,"G",312,"A",,"G",312,"A",,"A",,2
443599,"R",5076,"A",,"R",606,"G",169,"G",25,"G",169,"G",25,"A",,2
443605,"R",11642,"A",,"A",,"G",388,"A",,"G",388,"A",,"A",,2
443623,"R",59512,"A",,"A",,"G",1984,"A",,"G",1984,"A",,"A",,2
443632,"R",11576,"A",,"A",,"G",386,"A",,"R",257,"A",,"A",,2
443641,"A",,"R",216619,"A",,"G",241,"A",,"G",241,"A",,"A",,1
443650,"R",16362,"R",99280,"A",,"G",474,"A",,"G",474,"A",,"A",,3
443669,"A",,"R",457316,"A",,"G",508,"A",,"G",508,"A",,"A",,1
443678,"A",,"R",103901,"A",,"G",115,"A",,"G",115,"A",,"A",,1
443687,"R",42988,"A",,"A",,"G",955,"A",,"G",955,"A",,"A",,2
443696,"A",,"R",47008,"A",,"G",52,"A",,"G",52,"A",,"A",,1
443702,"A",,"A",,"R",333,"A",,"G",14,"A",,"G",14,"A",,-2
443739,"R",15540,"A",,"A",,"G",518,"A",,"G",518,"A",,"A",,2
443748,"R",20394,"A",,"A",,"G",680,"A",,"G",680,"A",,"A",,2
443766,"R",55805,"A",,"R",18109,"G",1240,"G",503,"G",1240,"G",503,"A",,2
443784,"R",79404,"A",,"R",17656,"G",1765,"G",490,"G",1765,"G",490,"A",,2
443827,"R",23063,"A",,"A",,"G",769,"A",,"G",769,"A",,"A",,2
443836,"R",34373,"A",,"A",,"G",1146,"A",,"G",1146,"A",,"A",,2
443845,"R",13620,"R",254566,"A",,"G",737,"A",,"G",737,"A",,"A",,3
443854,"R",27813,"A",,"A",,"G",927,"A",,"G",927,"A",,"A",,2
443881,"R",26531,"A",,"R",1164,"G",884,"G",49,"G",884,"G",49,"A",,2
443890,"R",30386,"A",,"R",1875,"G",1013,"G",78,"G",1013,"G",78,"A",,2
443906,"R",4422,"A",,"R",621,"G",147,"G",26,"G",147,"G",26,"A",,2
443924,"R",19261,"A",,"R",1668,"G",642,"G",70,"G",642,"G",70,"A",,2
443942,"A",,"R",178190,"A",,"G",198,"A",,"G",198,"A",,"A",,1
443951,"A",,"R",198000,"A",,"G",220,"A",,"G",220,"A",,"A",,1
443979,"A",,"R",71474,"A",,"G",79,"A",,"G",79,"A",,"A",,1
443988,"A",,"A",,"R",10812,"A",,"G",451,"A",,"R",400,"A",,-2
443997,"R",11714,"A",,"A",,"G",390,"A",,"R",325,"A",,"A",,2
444024,"R",45912,"A",,"A",,"G",1530,"A",,"G",1530,"A",,"A",,2
444033,"R",6243,"A",,"A",,"G",208,"A",,"R",173,"A",,"A",,2
444042,"R",49723,"A",,"A",,"G",1657,"A",,"G",1657,"A",,"A",,2
444051,"R",263,"R",226120,"A",,"G",260,"A",,"R",277,"A",,"A",,3
444060,"R",8161,"A",,"A",,"G",181,"A",,"G",181,"A",,"A",,2
444079,"R",19230,"A",,"A",,"G",641,"A",,"G",641,"A",,"A",,2
444088,"R",17408,"A",,"A",,"G",580,"A",,"G",580,"A",,"A",,2
444103,"A",,"A",,"R",300,"A",,"G",13,"A",,"G",13,"A",,-2
444121,"R",15512,"A",,"A",,"G",517,"A",,"G",517,"A",,"A",,2
444130,"R",8091,"A",,"R",118858,"G",270,"G",4952,"G",270,"G",4952,"A",,2
444158,"R",1054216,"A",,"R",88309,"G",23427,"G",2453,"G",23427,"G",2453,"A",,2
444167,"R",126722,"A",,"R",34,"G",2816,"G",1,"G",2816,"G",1,"A",,2
444176,"A",,"R",346896,"A",,"G",385,"A",,"G",385,"A",,"A",,1
444194,"R",11729,"A",,"A",,"G",391,"A",,"G",391,"A",,"A",,2
444200,"R",19183,"A",,"A",,"G",639,"A",,"G",639,"A",,"A",,2
444219,"R",136689,"A",,"A",,"G",4556,"A",,"G",4556,"A",,"A",,2
444228,"A",,"R",28804,"A",,"G",32,"A",,"G",32,"A",,"A",,1
444237,"R",21935,"A",,"A",,"G",731,"A",,"G",731,"A",,"A",,2
444255,"R",16524,"A",,"A",,"G",367,"A",,"G",367,"A",,"A",,2
444264,"R",4985,"A",,"A",,"G",166,"A",,"G",166,"A",,"A",,2
444282,"A",,"R",136923,"A",,"G",152,"A",,"G",152,"A",,"A",,1
444291,"A",,"R",149777,"A",,"G",166,"A",,"G",166,"A",,"A",,1
444307,"A",,"R",107530,"A",,"G",119,"A",,"G",119,"A",,"A",,1
444316,"A",,"R",151390,"A",,"G",168,"A",,"G",168,"A",,"A",,1
444325,"R",6230,"A",,"A",,"G",208,"A",,"G",208,"A",,"A",,2
444334,"A",,"R",31044,"A",,"G",34,"A",,"G",34,"A",,"A",,1
444343,"A",,"R",205910,"A",,"G",229,"A",,"G",229,"A",,"A",,1
444352,"R",13500,"A",,"A",,"G",450,"A",,"G",450,"A",,"A",,2
444361,"R",3150,"A",,"A",,"G",105,"A",,"G",105,"A",,"A",,2
444370,"A",,"R",157480,"A",,"G",175,"A",,"G",175,"A",,"A",,1
444389,"R",3094,"R",182628,"A",,"G",306,"A",,"G",306,"A",,"A",,3
444398,"R",5197,"A",,"A",,"G",173,"A",,"G",173,"A",,"A",,2
444404,"A",,"R",97200,"A",,"G",108,"A",,"G",108,"A",,"A",,1
444413,"R",4071,"A",,"R",330,"G",136,"G",14,"G",136,"G",14,"A",,2
444422,"A",,"R",243365,"A",,"G",270,"A",,"G",270,"A",,"A",,1
444440,"A",,"R",108250,"A",,"G",120,"A",,"G",120,"A",,"A",,1
444468,"A",,"R",30418,"A",,"G",34,"A",,"G",34,"A",,"A",,1
444486,"A",,"R",496648,"A",,"G",552,"A",,"G",552,"A",,"A",,1
444510,"R",2948,"R",22542,"A",,"G",123,"A",,"G",123,"A",,"A",,3
444529,"R",5790,"A",,"A",,"G",193,"A",,"G",193,"A",,"A",,2
444547,"A",,"R",57984,"A",,"G",64,"A",,"G",64,"A",,"A",,1
444556,"A",,"R",263250,"A",,"G",293,"A",,"G",293,"A",,"A",,1
444565,"R",15225,"A",,"A",,"G",338,"A",,"G",338,"A",,"A",,2
444574,"R",32902,"A",,"A",,"G",1097,"A",,"G",1097,"A",,"A",,2
444583,"R",28820,"A",,"A",,"G",961,"A",,"G",961,"A",,"A",,2
444592,"A",,"R",103468,"A",,"G",115,"A",,"G",115,"A",,"A",,1
444608,"A",,"R",74552,"A",,"G",83,"A",,"G",83,"A",,"A",,1
444635,"A",,"R",23585,"A",,"G",26,"A",,"G",26,"A",,"A",,1
444644,"R",775,"A",,"A",,"G",26,"A",,"G",26,"A",,"A",,2
444653,"A",,"R",110000,"A",,"G",122,"A",,"G",122,"A",,"A",,1
444662,"A",,"R",21700,"A",,"G",24,"A",,"G",24,"A",,"A",,1
444671,"R",15228,"A",,"A",,"G",338,"A",,"G",338,"A",,"A",,2
444680,"R",10224,"R",383400,"A",,"G",767,"A",,"G",767,"A",,"A",,3
444699,"A",,"A",,"R",1150,"A",,"G",48,"A",,"G",48,"A",,-2
444705,"A",,"R",40500,"A",,"G",45,"A",,"G",45,"A",,"A",,1
444714,"R",43198,"A",,"A",,"G",1440,"A",,"R",1459,"A",,"A",,2
444723,"R",56478,"A",,"R",33889,"G",1883,"G",1412,"G",1883,"G",1412,"A",,2
444732,"A",,"R",143000,"A",,"G",159,"A",,"G",159,"A",,"A",,1
444750,"A",,"R",11876,"A",,"G",13,"A",,"G",13,"A",,"A",,1
444769,"A",,"R",203187,"A",,"G",226,"A",,"G",226,"A",,"A",,1
444778,"R",3357,"A",,"R",948,"G",112,"G",40,"G",112,"G",40,"A",,2
444787,"R",1140,"R",7590,"A",,"G",46,"A",,"G",46,"A",,"A",,3
444796,"R",9865,"A",,"A",,"G",329,"A",,"G",329,"A",,"A",,2
444811,"A",,"R",260391,"A",,"G",289,"A",,"G",289,"A",,"A",,1
444857,"A",,"R",53680,"A",,"G",60,"A",,"G",60,"A",,"A",,1
444866,"R",4355,"A",,"A",,"G",145,"A",,"G",145,"A",,"A",,2
444893,"A",,"R",294868,"A",,"G",328,"A",,"G",328,"A",,"A",,1
444909,"A",,"R",19055,"A",,"G",21,"A",,"G",21,"A",,"A",,1
444927,"R",22247,"A",,"A",,"G",494,"A",,"G",494,"A",,"A",,2
444936,"A",,"R",50647,"A",,"G",56,"A",,"G",56,"A",,"A",,1
444945,"A",,"R",115906,"A",,"G",129,"A",,"G",129,"A",,"A",,1
444954,"R",58603,"A",,"A",,"G",1953,"A",,"G",1953,"A",,"A",,2
444972,"R",9196,"A",,"A",,"G",307,"A",,"G",307,"A",,"A",,2
444990,"R",13648,"A",,"A",,"G",455,"A",,"G",455,"A",,"A",,2
445018,"R",35833,"A",,"A",,"G",1194,"A",,"G",1194,"A",,"A",,2
445027,"R",783308,"A",,"R",104460,"G",17407,"G",2902,"G",17407,"G",2902,"A",,2
445072,"R",33439,"A",,"A",,"G",743,"A",,"G",743,"A",,"A",,2
445081,"R",19781,"A",,"A",,"G",440,"A",,"G",440,"A",,"A",,2
445090,"R",34102,"A",,"A",,"G",758,"A",,"G",758,"A",,"A",,2
445115,"R",33184,"A",,"A",,"G",1106,"A",,"G",1106,"A",,"A",,2
445124,"R",32044,"A",,"A",,"G",712,"A",,"G",712,"A",,"A",,2
445133,"R",21578,"A",,"R",3318,"G",480,"G",92,"G",480,"G",92,"A",,2
445142,"R",11285,"A",,"A",,"G",376,"A",,"G",376,"A",,"A",,2
445188,"R",152420,"A",,"R",6278,"G",5081,"G",262,"G",5081,"G",262,"A",,2
445197,"R",22193,"A",,"A",,"G",740,"A",,"G",740,"A",,"A",,2
445203,"R",23964,"R",100910,"A",,"G",911,"A",,"G",911,"A",,"A",,3
445212,"A",,"R",224020,"A",,"G",249,"A",,"G",249,"A",,"A",,1
445221,"A",,"R",71671,"A",,"G",80,"A",,"G",80,"A",,"A",,1
445230,"A",,"R",1545456,"A",,"G",1717,"A",,"G",1717,"A",,"A",,1
445249,"R",15098,"R",49625,"A",,"G",558,"A",,"G",558,"A",,"A",,3
445258,"A",,"R",347000,"A",,"G",386,"A",,"G",386,"A",,"A",,1
445267,"R",46547,"A",,"R",3874,"G",1034,"G",108,"G",1034,"G",108,"A",,2
445276,"R",27479,"A",,"A",,"G",611,"A",,"G",611,"A",,"A",,2
445300,"R",12928,"A",,"A",,"G",431,"A",,"G",431,"A",,"A",,2
445319,"R",5291,"A",,"R",763,"G",176,"G",32,"G",176,"G",32,"A",,2
445328,"R",18683,"A",,"A",,"G",623,"A",,"G",623,"A",,"A",,2
445337,"R",13996,"A",,"A",,"G",467,"A",,"G",467,"A",,"A",,2
445346,"R",22061,"A",,"A",,"G",735,"A",,"G",735,"A",,"A",,2
445355,"R",5596,"A",,"A",,"G",187,"A",,"G",187,"A",,"A",,2
445364,"A",,"R",460686,"A",,"G",512,"A",,"G",512,"A",,"A",,1
445373,"R",15330,"A",,"A",,"G",511,"A",,"G",511,"A",,"A",,2
445382,"R",18579,"A",,"A",,"G",619,"A",,"G",619,"A",,"A",,2
445391,"R",5091,"A",,"R",522,"G",170,"G",22,"G",170,"G",22,"A",,2
445407,"R",12755,"A",,"A",,"G",425,"A",,"R",354,"A",,"A",,2
445416,"R",13726,"A",,"R",430,"G",458,"G",18,"G",458,"G",18,"A",,2
445434,"R",30091,"A",,"A",,"G",1003,"A",,"G",1003,"A",,"A",,2
445452,"R",57874,"A",,"A",,"G",1929,"A",,"G",1929,"A",,"A",,2
445461,"R",38038,"A",,"A",,"G",1268,"A",,"G",1268,"A",,"A",,2
445470,"R",15755,"A",,"A",,"G",525,"A",,"G",525,"A",,"A",,2
445498,"A",,"R",44720,"A",,"G",50,"A",,"G",50,"A",,"A",,1
445504,"A",,"R",92818,"A",,"G",103,"A",,"G",103,"A",,"A",,1
445531,"A",,"R",54390,"A",,"G",60,"A",,"G",60,"A",,"A",,1
445540,"A",,"R",90030,"A",,"G",100,"A",,"G",100,"A",,"A",,1
445559,"R",11510,"R",83135,"A",,"G",476,"A",,"G",476,"A",,"A",,3
445577,"R",15570,"A",,"A",,"G",519,"A",,"G",519,"A",,"A",,2
445601,"R",34410,"A",,"A",,"G",1147,"A",,"G",1147,"A",,"A",,2
445610,"R",13590,"A",,"A",,"G",453,"A",,"G",453,"A",,"A",,2
445638,"A",,"R",56173,"A",,"G",62,"A",,"G",62,"A",,"A",,1
445647,"A",,"R",71593,"A",,"G",80,"A",,"G",80,"A",,"A",,1
445656,"A",,"R",95021,"A",,"G",106,"A",,"G",106,"A",,"A",,1
445665,"A",,"R",684750,"A",,"G",761,"A",,"G",761,"A",,"A",,1
445674,"R",17520,"A",,"A",,"G",584,"A",,"G",584,"A",,"A",,2
445683,"A",,"R",40088,"A",,"G",45,"A",,"G",45,"A",,"A",,1
445692,"R",18659,"A",,"A",,"G",415,"A",,"G",415,"A",,"A",,2
445708,"R",120299,"A",,"A",,"G",2673,"A",,"G",2673,"A",,"A",,2
445717,"R",58649,"A",,"R",6458,"G",1955,"G",269,"G",1955,"G",269,"A",,2
445726,"R",26462,"A",,"A",,"G",882,"A",,"G",882,"A",,"A",,2
445735,"R",11817,"A",,"R",1983,"G",394,"G",83,"R",369,"R",45,"R",849,2
445744,"R",23040,"A",,"A",,"G",768,"A",,"G",768,"A",,"A",,2
445753,"R",12870,"A",,"A",,"G",429,"A",,"G",429,"A",,"A",,2
445762,"A",,"R",268320,"A",,"G",298,"A",,"G",298,"A",,"A",,1
445771,"R",16692,"A",,"A",,"G",556,"A",,"G",556,"A",,"A",,2
445780,"A",,"R",81684,"A",,"G",91,"A",,"G",91,"A",,"A",,1
445799,"R",88156,"A",,"A",,"G",2939,"A",,"G",2939,"A",,"A",,2
445814,"R",30429,"A",,"A",,"G",1014,"A",,"G",1014,"A",,"A",,2
445832,"R",2341,"A",,"A",,"G",78,"A",,"G",78,"A",,"A",,2
445841,"A",,"R",149320,"A",,"G",166,"A",,"G",166,"A",,"A",,1
445850,"A",,"R",143410,"A",,"G",159,"A",,"G",159,"A",,"A",,1
445869,"A",,"A",,"R",879,"A",,"G",37,"A",,"G",37,"R",43,-2
445896,"A",,"R",97200,"A",,"G",108,"A",,"G",108,"A",,"A",,1
445911,"A",,"R",591069,"A",,"G",657,"A",,"G",657,"A",,"A",,1
445920,"R",25728,"A",,"A",,"G",572,"A",,"G",572,"A",,"A",,2
445939,"R",10719,"A",,"A",,"G",238,"A",,"G",238,"A",,"A",,2
445948,"A",,"R",239312,"A",,"G",266,"A",,"G",266,"A",,"A",,1
445957,"R",5424,"R",89654,"A",,"G",280,"A",,"G",280,"A",,"A",,3
445984,"A",,"R",24750,"A",,"G",28,"A",,"G",28,"A",,"A",,1
445993,"A",,"R",324368,"A",,"G",360,"A",,"G",360,"A",,"A",,1
446002,"A",,"A",,"R",1720,"A",,"G",72,"A",,"G",72,"A",,-2
446039,"A",,"A",,"R",992,"A",,"G",28,"A",,"G",28,"A",,-2
446048,"R",22230,"A",,"R",1507,"G",741,"G",63,"G",741,"G",63,"A",,2
446057,"R",1832,"R",60662,"A",,"G",128,"A",,"G",128,"A",,"A",,3
446075,"A",,"R",39832,"A",,"G",44,"A",,"G",44,"A",,"A",,1
446084,"R",6858,"A",,"A",,"G",229,"A",,"R",152,"A",,"A",,2
446093,"R",1405,"R",76923,"A",,"G",132,"A",,"G",132,"A",,"A",,3
446109,"A",,"R",118206,"A",,"G",131,"A",,"G",131,"A",,"A",,1
446118,"A",,"R",481728,"A",,"G",535,"A",,"G",535,"A",,"A",,1
446127,"R",31800,"R",45000,"A",,"G",1110,"A",,"G",1110,"A",,"A",,3
446136,"R",14016,"A",,"A",,"G",467,"A",,"G",467,"A",,"A",,2
446145,"R",812,"A",,"A",,"G",27,"A",,"G",27,"A",,"A",,2
446163,"R",5370,"A",,"A",,"G",119,"A",,"G",119,"A",,"A",,2
446190,"A",,"R",30720,"A",,"G",34,"A",,"G",34,"A",,"A",,1
446206,"R",452,"A",,"A",,"G",15,"A",,"G",15,"A",,"A",,2
446215,"A",,"R",63200,"A",,"G",70,"A",,"G",70,"A",,"A",,1
446224,"R",2200,"A",,"A",,"G",73,"A",,"G",73,"A",,"A",,2
446233,"R",4662,"A",,"A",,"G",155,"A",,"G",155,"A",,"A",,2
446242,"R",5850,"R",63480,"A",,"G",266,"A",,"G",266,"A",,"A",,3
446251,"A",,"R",57950,"A",,"G",64,"A",,"G",64,"A",,"A",,1
446260,"A",,"R",233345,"A",,"G",259,"A",,"G",259,"A",,"A",,1
446288,"A",,"R",103775,"A",,"G",115,"A",,"G",115,"A",,"A",,1
446303,"A",,"R",315640,"A",,"G",351,"A",,"G",351,"A",,"A",,1
446349,"A",,"R",21600,"A",,"G",24,"A",,"G",24,"A",,"A",,1
446358,"A",,"R",48177,"A",,"G",54,"A",,"G",54,"A",,"A",,1
446385,"R",8109,"A",,"A",,"G",180,"A",,"G",180,"A",,"A",,2
446394,"R",873,"A",,"R",351,"G",29,"G",15,"G",29,"G",15,"A",,2
446400,"A",,"R",195384,"A",,"G",217,"A",,"G",217,"A",,"A",,1
446419,"A",,"R",26314,"A",,"G",29,"A",,"G",29,"A",,"A",,1
446428,"R",33237,"A",,"A",,"G",1108,"A",,"G",1108,"A",,"A",,2
446437,"A",,"R",191213,"A",,"G",212,"A",,"G",212,"A",,"A",,1
446446,"R",5302,"A",,"A",,"G",177,"A",,"G",177,"A",,"A",,2
446455,"A",,"R",21485,"A",,"G",24,"A",,"G",24,"A",,"A",,1
446464,"A",,"R",158400,"A",,"G",176,"A",,"G",176,"A",,"A",,1
446491,"A",,"R",23589,"A",,"G",26,"A",,"G",26,"A",,"A",,1
446507,"R",900,"A",,"A",,"G",30,"A",,"G",30,"A",,"A",,2
446516,"R",1200,"A",,"A",,"G",40,"A",,"G",40,"A",,"A",,2
446525,"R",105,"R",129950,"A",,"G",148,"A",,"G",148,"A",,"A",,3
446534,"A",,"R",144868,"A",,"G",161,"A",,"G",161,"A",,"A",,1
446543,"A",,"R",25202,"A",,"G",28,"A",,"G",28,"A",,"A",,1
446552,"R",43241,"A",,"A",,"G",1441,"A",,"G",1441,"A",,"A",,2
446561,"A",,"R",760556,"A",,"G",845,"A",,"G",845,"A",,"A",,1
446570,"A",,"R",24256,"A",,"G",27,"A",,"G",27,"A",,"A",,1
446589,"A",,"R",121080,"A",,"G",135,"A",,"G",135,"A",,"A",,1
446598,"R",850,"R",18000,"A",,"G",48,"A",,"G",48,"A",,"A",,3
446604,"R",42450,"A",,"A",,"G",1415,"A",,"G",1415,"A",,"A",,2
446613,"R",652,"A",,"A",,"G",22,"A",,"G",22,"A",,"A",,2
446640,"R",4755,"A",,"R",1279,"G",159,"G",53,"G",159,"G",53,"A",,2
446668,"R",33682,"A",,"A",,"G",748,"A",,"G",748,"A",,"A",,2
446677,"R",8104,"A",,"A",,"G",270,"A",,"G",270,"A",,"A",,2
446701,"R",1149,"A",,"A",,"G",38,"A",,"G",38,"A",,"A",,2
446710,"R",2989,"A",,"R",174,"G",100,"G",7,"G",100,"G",7,"A",,2
446729,"R",834,"A",,"R",75,"G",28,"G",3,"G",28,"G",3,"A",,2
446738,"R",25213,"A",,"R",4449,"G",840,"G",185,"G",840,"G",185,"A",,2
446747,"R",15793,"A",,"R",735,"G",526,"G",31,"G",526,"G",31,"A",,2
446756,"R",13627,"A",,"R",1146,"G",454,"G",48,"G",454,"G",48,"A",,2
446765,"R",11168,"A",,"R",1465,"G",372,"G",61,"G",372,"G",61,"A",,2
446774,"R",58992,"A",,"A",,"G",1966,"A",,"G",1966,"A",,"A",,2
446783,"A",,"R",125794,"A",,"G",140,"A",,"G",140,"A",,"A",,1
446792,"R",27719,"A",,"A",,"G",616,"A",,"G",616,"A",,"A",,2
446808,"R",18492,"A",,"A",,"G",411,"A",,"G",411,"A",,"A",,2
446817,"R",19400,"A",,"A",,"G",431,"A",,"G",431,"A",,"A",,2
446835,"R",63509,"A",,"A",,"G",2117,"A",,"G",2117,"A",,"A",,2
446844,"R",39773,"A",,"A",,"G",1326,"A",,"G",1326,"A",,"A",,2
446853,"R",20100,"A",,"A",,"G",670,"A",,"G",670,"A",,"A",,2
446880,"R",16966,"R",83640,"A",,"G",470,"A",,"G",470,"A",,"A",,3
446899,"R",24834,"A",,"A",,"G",552,"A",,"G",552,"A",,"A",,2
446905,"R",20252,"A",,"A",,"G",450,"A",,"G",450,"A",,"A",,2
446914,"R",45335,"A",,"A",,"G",1007,"A",,"G",1007,"A",,"A",,2
446923,"R",19955,"A",,"A",,"G",443,"A",,"G",443,"A",,"A",,2
446932,"A",,"A",,"R",9605,"A",,"G",400,"A",,"G",400,"A",,-2
446996,"A",,"R",79200,"A",,"G",88,"A",,"G",88,"A",,"A",,1
447014,"R",13248,"R",15821,"A",,"G",459,"A",,"G",459,"A",,"A",,3
447023,"R",16981,"R",114997,"A",,"G",694,"A",,"G",694,"A",,"A",,3
447050,"R",9526,"A",,"R",3167,"G",318,"G",132,"G",318,"G",132,"A",,2
447069,"R",29408,"A",,"A",,"G",654,"A",,"G",654,"A",,"A",,2
447102,"R",29449,"A",,"A",,"G",982,"A",,"G",982,"A",,"A",,2
447120,"R",21762,"A",,"A",,"G",725,"A",,"G",725,"A",,"A",,2
447148,"A",,"R",318277,"A",,"G",354,"A",,"G",354,"A",,"A",,1
447157,"A",,"R",92394,"A",,"G",103,"A",,"G",103,"A",,"A",,1
447166,"R",3096,"A",,"A",,"G",103,"A",,"G",103,"A",,"A",,2
447175,"R",4899,"A",,"A",,"G",163,"A",,"G",163,"A",,"A",,2
447209,"R",20549,"A",,"A",,"G",685,"A",,"G",685,"A",,"A",,2
447218,"R",22297,"A",,"A",,"G",743,"A",,"G",743,"A",,"A",,2
447227,"R",23820,"A",,"A",,"G",794,"A",,"G",794,"A",,"A",,2
447236,"R",10666,"A",,"A",,"G",356,"A",,"G",356,"A",,"A",,2
447245,"R",19836,"A",,"A",,"G",661,"A",,"G",661,"A",,"A",,2
447254,"A",,"R",28320,"A",,"G",31,"A",,"G",31,"A",,"A",,1
447263,"R",24475,"A",,"A",,"G",816,"A",,"G",816,"A",,"A",,2
447272,"R",6292,"A",,"R",7154,"G",210,"G",298,"G",210,"G",298,"A",,2
447290,"R",46137,"A",,"A",,"G",1025,"A",,"G",1025,"A",,"A",,2
447315,"A",,"R",72187,"A",,"G",80,"A",,"G",80,"A",,"A",,1
447324,"A",,"R",114322,"A",,"G",127,"A",,"G",127,"A",,"A",,1
447333,"A",,"R",86482,"A",,"G",96,"A",,"G",96,"A",,"A",,1
447342,"A",,"R",90961,"A",,"G",101,"A",,"G",101,"A",,"A",,1
447351,"R",16460,"A",,"A",,"G",549,"A",,"R",757,"A",,"A",,2
447360,"R",19080,"A",,"A",,"G",636,"A",,"G",636,"A",,"A",,2
447379,"A",,"R",224156,"A",,"G",249,"A",,"G",249,"A",,"A",,1
447388,"A",,"R",504000,"A",,"G",560,"A",,"G",560,"A",,"A",,1
447403,"R",59994,"A",,"A",,"G",2000,"A",,"G",2000,"A",,"A",,2
447421,"R",21800,"A",,"A",,"G",484,"A",,"G",484,"A",,"A",,2
447430,"A",,"R",122460,"A",,"G",136,"A",,"G",136,"A",,"A",,1
447449,"A",,"R",44500,"A",,"G",49,"A",,"G",49,"A",,"A",,1
447458,"R",31917,"A",,"A",,"G",1064,"A",,"G",1064,"A",,"A",,2
447467,"A",,"R",113534,"A",,"G",126,"A",,"G",126,"A",,"A",,1
447476,"R",8320,"R",30960,"A",,"G",219,"A",,"G",219,"A",,"A",,3
447485,"R",5281,"A",,"A",,"G",176,"A",,"R",147,"A",,"A",,2
447494,"R",10292,"A",,"A",,"G",343,"A",,"G",343,"A",,"A",,2
447519,"R",13224,"A",,"A",,"G",441,"A",,"G",441,"A",,"A",,2
447528,"R",7530,"A",,"A",,"G",251,"A",,"G",251,"A",,"A",,2
447582,"R",66255,"A",,"A",,"G",2209,"A",,"G",2209,"A",,"A",,2
447591,"A",,"R",179177,"A",,"G",199,"A",,"R",179,"A",,"A",,1
447625,"R",16236,"A",,"A",,"G",361,"A",,"G",361,"A",,"A",,2
447634,"R",22086,"A",,"A",,"G",736,"A",,"G",736,"A",,"A",,2
447652,"R",14918,"A",,"R",873,"G",497,"G",36,"G",497,"G",36,"A",,2
447661,"R",8858,"A",,"R",1633,"G",295,"G",68,"G",295,"G",68,"A",,2
447670,"R",19170,"A",,"Z",0,"G",426,"A",,"G",426,"A",,"A",,2
447689,"R",205084,"A",,"A",,"G",6836,"A",,"G",6836,"A",,"A",,2
447698,"A",,"A",,"R",3220,"A",,"G",134,"A",,"G",134,"A",,-2
447704,"A",,"R",72388,"A",,"G",80,"A",,"G",80,"A",,"A",,1
447713,"A",,"R",134316,"A",,"G",149,"A",,"G",149,"A",,"A",,1
447722,"R",1890,"A",,"A",,"G",63,"A",,"G",63,"A",,"A",,2
447731,"A",,"R",185577,"A",,"G",206,"A",,"G",206,"A",,"A",,1
447759,"R",10350,"A",,"A",,"G",345,"A",,"G",345,"A",,"A",,2
447768,"A",,"R",1185653,"A",,"G",1317,"A",,"G",1317,"A",,"A",,1
447777,"R",16869,"A",,"A",,"G",562,"A",,"G",562,"A",,"A",,2
447795,"A",,"R",22452,"A",,"G",25,"A",,"R",23,"A",,"A",,1
447801,"A",,"A",,"R",5230,"A",,"G",218,"A",,"G",218,"R",36,-2
447810,"R",2433,"R",112783,"A",,"G",206,"A",,"G",206,"A",,"A",,3
447829,"A",,"R",75660,"A",,"G",84,"A",,"R",98,"A",,"A",,1
447847,"R",1722,"R",31224,"A",,"G",92,"A",,"G",92,"A",,"A",,3
447856,"A",,"R",165240,"A",,"G",184,"A",,"G",184,"A",,"A",,1
447865,"A",,"R",68600,"A",,"G",76,"A",,"R",59,"A",,"A",,1
447874,"A",,"R",487832,"A",,"G",542,"A",,"G",542,"A",,"A",,1
447883,"A",,"R",158000,"A",,"G",176,"A",,"G",176,"A",,"A",,1
447892,"A",,"R",181515,"A",,"G",202,"A",,"G",202,"A",,"A",,1
447908,"A",,"R",43333,"A",,"G",48,"A",,"G",48,"A",,"A",,1
447917,"A",,"R",81000,"A",,"G",90,"A",,"G",90,"A",,"A",,1
447935,"R",28400,"A",,"A",,"G",631,"A",,"G",631,"A",,"A",,2
447953,"R",10677,"A",,"R",136,"G",356,"G",6,"G",356,"G",6,"A",,2
447962,"A",,"R",155179,"A",,"G",172,"A",,"G",172,"A",,"A",,1
447971,"A",,"R",70500,"A",,"G",78,"A",,"G",78,"A",,"A",,1
447980,"A",,"R",56160,"A",,"G",62,"A",,"G",62,"A",,"A",,1
447999,"A",,"R",71963,"A",,"G",80,"A",,"G",80,"A",,"A",,1
448008,"A",,"R",20665,"A",,"G",23,"A",,"G",23,"A",,"A",,1
448017,"A",,"R",54447,"A",,"G",60,"A",,"G",60,"A",,"A",,1
448026,"A",,"R",124151,"A",,"G",138,"A",,"G",138,"A",,"A",,1
448035,"A",,"R",30992,"A",,"G",34,"A",,"G",34,"A",,"A",,1
448044,"A",,"R",8363,"A",,"G",9,"A",,"G",9,"A",,"A",,1
448053,"A",,"R",98400,"A",,"G",109,"A",,"G",109,"A",,"A",,1
448071,"A",,"R",207861,"A",,"G",231,"A",,"G",231,"A",,"A",,1
448080,"R",1861,"A",,"A",,"G",62,"A",,"G",62,"A",,"A",,2
448105,"A",,"R",75250,"A",,"G",84,"A",,"G",84,"A",,"A",,1
448114,"A",,"R",442266,"A",,"G",491,"A",,"G",491,"A",,"A",,1
448123,"R",9420,"A",,"A",,"G",314,"A",,"G",314,"A",,"A",,2
448141,"A",,"R",30872,"A",,"G",34,"A",,"G",34,"A",,"A",,1
448150,"A",,"R",144671,"A",,"G",161,"A",,"G",161,"A",,"A",,1
448196,"R",4884,"R",19445,"A",,"G",184,"A",,"G",184,"A",,"A",,3
448202,"A",,"R",73047,"A",,"G",81,"A",,"G",81,"A",,"A",,1
448211,"A",,"R",199500,"A",,"G",222,"A",,"G",222,"A",,"A",,1
448220,"A",,"R",82055,"A",,"G",91,"A",,"G",91,"A",,"A",,1
448239,"R",5261,"A",,"A",,"G",175,"A",,"G",175,"A",,"A",,2
448248,"A",,"R",869619,"A",,"G",966,"A",,"G",966,"A",,"A",,1
448257,"A",,"R",40705,"A",,"G",45,"A",,"G",45,"A",,"A",,1
448266,"A",,"R",27277,"A",,"G",30,"A",,"G",30,"A",,"A",,1
448275,"A",,"R",26880,"A",,"G",30,"A",,"G",30,"A",,"A",,1
448284,"R",22257,"A",,"R",17285,"G",742,"G",720,"G",742,"G",720,"A",,2
448309,"R",27971,"A",,"R",4096,"G",932,"G",171,"G",932,"G",171,"A",,2
448345,"R",49493,"A",,"A",,"G",1100,"A",,"G",1100,"A",,"A",,2
448354,"R",1840,"R",115000,"A",,"G",189,"A",,"G",189,"A",,"A",,3
448372,"R",6020,"A",,"A",,"G",201,"A",,"R",200,"A",,"A",,2
448406,"R",13000,"A",,"A",,"G",433,"A",,"R",170,"A",,"A",,2
448415,"R",46530,"A",,"A",,"G",1034,"A",,"G",1034,"A",,"A",,2
448424,"A",,"R",99908,"A",,"G",111,"A",,"G",111,"A",,"A",,1
448433,"R",99897,"A",,"A",,"G",3330,"A",,"G",3330,"A",,"A",,2
448442,"R",24333,"A",,"A",,"G",541,"A",,"G",541,"A",,"A",,2
448451,"R",24339,"A",,"A",,"G",541,"A",,"G",541,"A",,"A",,2
448460,"R",9952,"A",,"A",,"G",221,"A",,"G",221,"A",,"A",,2
448479,"R",28447,"A",,"A",,"G",632,"A",,"G",632,"A",,"A",,2
448488,"R",14262,"A",,"A",,"G",317,"A",,"G",317,"A",,"A",,2
448497,"R",18209,"A",,"A",,"G",405,"A",,"G",405,"A",,"A",,2
448503,"R",17533,"A",,"A",,"G",390,"A",,"G",390,"A",,"A",,2
448512,"R",24838,"A",,"A",,"G",552,"A",,"G",552,"A",,"A",,2
448521,"R",1267,"A",,"R",330,"G",42,"G",14,"G",42,"G",14,"A",,2
448530,"R",15610,"A",,"R",597,"G",520,"G",25,"G",520,"G",25,"A",,2
448558,"R",4223,"A",,"R",147,"G",141,"G",6,"G",141,"G",6,"A",,2
448567,"R",23265,"A",,"R",1539,"G",776,"G",64,"G",776,"G",64,"A",,2
448576,"R",102933,"A",,"A",,"G",2287,"A",,"G",2287,"A",,"A",,2
448585,"R",16896,"A",,"A",,"G",375,"A",,"G",375,"A",,"A",,2
448594,"R",70949,"A",,"A",,"G",2365,"A",,"R",2800,"A",,"A",,2
448600,"R",11912,"R",24140,"A",,"G",292,"A",,"G",292,"A",,"A",,3
448619,"R",5339,"R",77587,"A",,"G",264,"A",,"G",264,"A",,"A",,3
448628,"R",25212,"A",,"A",,"G",560,"A",,"G",560,"A",,"A",,2
448646,"A",,"R",97306,"A",,"G",108,"A",,"G",108,"A",,"A",,1
448655,"R",10721,"A",,"A",,"G",357,"A",,"G",357,"A",,"A",,2
448664,"R",15908,"R",111000,"A",,"G",477,"A",,"G",477,"A",,"A",,3
448673,"R",78864,"A",,"A",,"G",1753,"A",,"G",1753,"A",,"A",,2
448691,"A",,"A",,"R",637,"A",,"G",27,"A",,"G",27,"A",,-2
448707,"R",9467,"A",,"A",,"G",316,"A",,"G",316,"A",,"A",,2
448716,"R",11571,"A",,"A",,"G",386,"A",,"G",386,"A",,"A",,2
448734,"R",3804,"A",,"R",5880,"G",127,"G",245,"G",127,"G",245,"R",12,2
448752,"R",25798,"A",,"A",,"G",860,"A",,"G",860,"A",,"A",,2
448761,"R",11493,"A",,"A",,"G",383,"A",,"G",383,"A",,"A",,2
448770,"A",,"R",500000,"A",,"G",556,"A",,"G",556,"A",,"A",,1
448789,"R",40172,"A",,"A",,"G",893,"A",,"G",893,"A",,"A",,2
448798,"A",,"R",270875,"A",,"G",301,"A",,"G",301,"A",,"A",,1
448804,"R",7506,"A",,"A",,"G",250,"A",,"G",250,"A",,"A",,2
448822,"R",678,"A",,"R",204,"G",23,"G",9,"G",23,"G",9,"A",,2
448831,"R",2715,"A",,"R",309,"G",91,"G",13,"G",91,"G",13,"A",,2
448840,"R",115047,"A",,"R",8684,"G",3835,"G",362,"G",3835,"G",362,"A",,2
448859,"R",6140,"A",,"A",,"G",205,"A",,"G",205,"A",,"A",,2
448877,"R",4702,"A",,"A",,"G",157,"A",,"R",131,"A",,"A",,2
448895,"A",,"R",1028460,"A",,"G",1143,"A",,"G",1143,"A",,"A",,1
448974,"A",,"R",234187,"A",,"G",260,"A",,"G",260,"A",,"A",,1
448983,"R",9993,"A",,"A",,"G",333,"A",,"G",333,"A",,"A",,2
449010,"R",52816,"A",,"A",,"G",1174,"A",,"G",1174,"A",,"A",,2
449038,"R",103871,"A",,"R",22021,"G",2308,"G",612,"G",2308,"G",612,"A",,2
449074,"A",,"R",1043568,"A",,"G",1160,"A",,"G",1160,"A",,"A",,1
449083,"R",14976,"A",,"A",,"G",499,"A",,"G",499,"A",,"A",,2
449092,"R",9547,"A",,"A",,"G",318,"A",,"G",318,"A",,"A",,2
449117,"R",21876,"R",106750,"A",,"G",605,"A",,"G",605,"A",,"A",,3
449126,"R",10870,"R",53390,"A",,"G",301,"A",,"G",301,"A",,"A",,3
449135,"R",12832,"A",,"A",,"G",428,"A",,"G",428,"A",,"A",,2
449144,"R",11058,"A",,"A",,"G",369,"A",,"G",369,"A",,"A",,2
449153,"R",8568,"A",,"A",,"G",286,"A",,"G",286,"A",,"A",,2
449162,"A",,"R",90725,"A",,"G",101,"A",,"G",101,"A",,"A",,1
449171,"A",,"R",103182,"A",,"G",115,"A",,"G",115,"A",,"A",,1
449180,"A",,"R",78469,"A",,"G",87,"A",,"G",87,"A",,"A",,1
449199,"A",,"R",70384,"A",,"G",78,"A",,"G",78,"A",,"A",,1
449205,"A",,"R",65329,"A",,"G",73,"A",,"G",73,"A",,"A",,1
449214,"A",,"R",64072,"A",,"G",71,"A",,"G",71,"A",,"A",,1
449223,"A",,"R",123365,"A",,"G",137,"A",,"G",137,"A",,"A",,1
449232,"A",,"R",118782,"A",,"G",132,"A",,"G",132,"A",,"A",,1
449241,"A",,"R",63293,"A",,"G",70,"A",,"G",70,"A",,"A",,1
449250,"A",,"R",222166,"A",,"G",247,"A",,"R",245,"A",,"A",,1
449269,"R",28879,"A",,"A",,"G",963,"A",,"G",963,"A",,"A",,2
449278,"R",17881,"A",,"A",,"G",596,"A",,"G",596,"A",,"A",,2
449302,"R",3276,"A",,"A",,"G",73,"A",,"G",73,"A",,"A",,2
449311,"A",,"R",236682,"A",,"G",263,"A",,"G",263,"A",,"A",,1
449320,"A",,"R",807243,"A",,"G",897,"A",,"G",897,"A",,"A",,1
449339,"R",949302,"A",,"R",192684,"G",31643,"G",8029,"G",31643,"G",8029,"A",,2
449348,"R",1641,"A",,"A",,"G",55,"A",,"G",55,"A",,"A",,2
449357,"A",,"R",100158,"A",,"G",111,"A",,"G",111,"A",,"A",,1
449366,"A",,"R",288620,"A",,"G",321,"A",,"G",321,"A",,"A",,1
449375,"R",6810,"A",,"A",,"G",227,"A",,"G",227,"A",,"A",,2
449384,"R",8525,"A",,"A",,"G",189,"A",,"G",189,"A",,"A",,2
449393,"A",,"R",93985,"A",,"G",104,"A",,"R",139,"A",,"A",,1
449418,"A",,"R",201910,"A",,"G",224,"A",,"G",224,"A",,"A",,1
449436,"R",6862,"A",,"A",,"G",229,"A",,"R",125,"A",,"A",,2
449445,"A",,"R",177720,"A",,"G",197,"A",,"G",197,"A",,"A",,1
449454,"A",,"R",35906,"A",,"G",40,"A",,"G",40,"A",,"A",,1
449463,"A",,"R",73200,"A",,"G",81,"A",,"G",81,"A",,"A",,1
449472,"A",,"R",110713,"A",,"G",123,"A",,"R",100,"A",,"A",,1
449481,"A",,"A",,"R",3397,"A",,"G",142,"A",,"G",142,"A",,-2
449490,"A",,"R",82420,"A",,"G",92,"A",,"G",92,"A",,"A",,1
449506,"R",5727,"R",206433,"A",,"G",420,"A",,"G",420,"A",,"A",,3
449524,"R",4842,"R",66488,"A",,"G",235,"A",,"G",235,"A",,"A",,3
449533,"A",,"R",157568,"A",,"G",175,"A",,"G",175,"A",,"A",,1
449551,"A",,"R",31200,"A",,"G",35,"A",,"G",35,"A",,"A",,1
449579,"A",,"A",,"R",558,"A",,"G",23,"A",,"G",23,"A",,-2
449597,"A",,"R",56656,"A",,"G",63,"A",,"G",63,"A",,"A",,1
449603,"A",,"R",187350,"A",,"G",208,"A",,"G",208,"A",,"A",,1
449612,"R",7259,"A",,"A",,"G",242,"A",,"R",218,"A",,"A",,2
449658,"R",5093,"A",,"A",,"G",170,"A",,"G",170,"A",,"A",,2
449667,"A",,"R",109823,"A",,"G",122,"A",,"G",122,"A",,"A",,1
449676,"A",,"R",46681,"A",,"G",52,"A",,"G",52,"A",,"A",,1
449685,"A",,"R",97300,"A",,"G",108,"A",,"G",108,"A",,"A",,1
449700,"A",,"R",316692,"A",,"G",352,"A",,"G",352,"A",,"A",,1
449719,"A",,"R",164460,"A",,"G",183,"A",,"G",183,"A",,"A",,1
449728,"A",,"R",24658,"A",,"G",27,"A",,"G",27,"A",,"A",,1
449746,"R",130500,"R",75000,"A",,"G",4433,"A",,"G",4433,"A",,"A",,3
449755,"A",,"R",4000,"A",,"G",4,"A",,"G",4,"A",,"A",,1
449764,"R",3914,"A",,"A",,"G",130,"A",,"G",130,"A",,"A",,2
449773,"R",4452,"A",,"A",,"G",148,"A",,"G",148,"A",,"A",,2
449782,"A",,"R",25934,"A",,"G",29,"A",,"G",29,"A",,"A",,1
449791,"A",,"R",144139,"A",,"G",160,"A",,"G",160,"A",,"A",,1
449807,"A",,"R",129906,"A",,"G",144,"A",,"G",144,"A",,"A",,1
449816,"A",,"R",172950,"A",,"G",192,"A",,"G",192,"A",,"A",,1
449825,"A",,"R",51081,"A",,"G",57,"A",,"G",57,"A",,"A",,1
449852,"A",,"R",53689,"A",,"G",60,"A",,"G",60,"A",,"A",,1
449861,"A",,"R",198547,"A",,"G",221,"A",,"G",221,"A",,"A",,1
449870,"R",1511,"A",,"R",2193,"G",50,"G",91,"G",50,"G",91,"A",,2
449889,"A",,"A",,"R",96094,"A",,"G",4004,"A",,"G",4004,"A",,-2
449898,"R",28541,"A",,"R",8695,"G",634,"G",242,"G",634,"G",242,"A",,2
449904,"A",,"R",672150,"A",,"G",747,"A",,"G",747,"A",,"A",,1
449922,"A",,"A",,"A",,"A",,"A",,"A",,"A",,"R",220,-2
449931,"R",23055,"A",,"R",10786,"G",769,"G",449,"G",769,"G",449,"A",,2
449959,"A",,"R",195295,"A",,"G",217,"A",,"G",217,"A",,"A",,1
449968,"A",,"R",347170,"A",,"G",386,"A",,"G",386,"A",,"A",,1
449977,"A",,"R",259973,"A",,"G",289,"A",,"G",289,"A",,"A",,1
449986,"A",,"R",323443,"A",,"G",359,"A",,"G",359,"A",,"A",,1
449995,"A",,"R",216275,"A",,"G",240,"A",,"G",240,"A",,"A",,1
450003,"R",18172,"R",58855,"A",,"G",469,"A",,"G",469,"A",,"A",,3
450012,"R",3985,"A",,"A",,"G",133,"A",,"G",133,"A",,"A",,2
450021,"R",7000,"R",39450,"A",,"G",199,"A",,"G",199,"A",,"A",,3
450049,"R",30964,"A",,"A",,"G",688,"A",,"G",688,"A",,"A",,2
450058,"R",32910,"A",,"A",,"G",1097,"A",,"G",1097,"A",,"A",,2
450067,"R",28920,"A",,"A",,"G",964,"A",,"G",964,"A",,"A",,2
450076,"R",43590,"A",,"A",,"G",1453,"A",,"G",1453,"A",,"A",,2
450085,"R",39530,"A",,"A",,"G",878,"A",,"G",878,"A",,"A",,2
450094,"R",53624,"A",,"A",,"G",1192,"A",,"G",1192,"A",,"A",,2
450119,"R",11570,"R",7750,"A",,"G",266,"A",,"G",266,"A",,"A",,3
450128,"R",18394,"R",506358,"A",,"G",971,"A",,"G",971,"A",,"A",,3
450146,"A",,"R",111814,"A",,"G",124,"A",,"G",124,"A",,"A",,1
450155,"R",12750,"A",,"A",,"G",425,"A",,"G",425,"A",,"A",,2
450173,"R",416077,"A",,"A",,"G",13869,"A",,"G",13869,"A",,"A",,2
450182,"A",,"R",315860,"A",,"G",351,"A",,"G",351,"A",,"A",,1
450191,"R",20264,"A",,"A",,"G",450,"A",,"G",450,"A",,"A",,2
450207,"R",10443,"A",,"A",,"G",232,"A",,"G",232,"A",,"A",,2
450216,"R",27760,"A",,"A",,"G",617,"A",,"G",617,"A",,"A",,2
450225,"R",23041,"A",,"A",,"G",512,"A",,"G",512,"A",,"A",,2
450234,"R",17091,"A",,"A",,"G",380,"A",,"G",380,"A",,"A",,2
450243,"R",26708,"A",,"A",,"G",594,"A",,"G",594,"A",,"A",,2
450252,"R",24393,"A",,"A",,"G",542,"A",,"G",542,"A",,"A",,2
450261,"R",10562,"A",,"A",,"G",235,"A",,"G",235,"A",,"A",,2
450270,"R",19914,"A",,"A",,"G",443,"A",,"G",443,"A",,"A",,2
450289,"R",14486,"A",,"A",,"G",322,"A",,"G",322,"A",,"A",,2
450298,"R",11594,"A",,"R",1994,"G",258,"G",55,"G",258,"G",55,"A",,2
450304,"A",,"A",,"R",3391,"A",,"G",141,"A",,"R",188,"A",,-2
450377,"R",19397,"A",,"R",12012,"G",431,"G",334,"G",431,"G",334,"A",,2
450395,"A",,"R",189445,"A",,"G",210,"A",,"G",210,"A",,"A",,1
450401,"R",10916,"A",,"A",,"G",364,"A",,"R",342,"A",,"A",,2
450429,"R",10527,"A",,"A",,"G",234,"A",,"G",234,"A",,"A",,2
450447,"R",19170,"A",,"A",,"G",426,"A",,"G",426,"A",,"A",,2
450456,"R",10815,"A",,"R",879,"G",361,"G",37,"G",361,"G",37,"A",,2
450465,"R",25867,"A",,"A",,"G",575,"A",,"G",575,"A",,"A",,2
450474,"R",26970,"A",,"R",1793,"G",899,"G",75,"G",899,"G",75,"A",,2
450483,"R",3927,"A",,"R",39,"G",131,"G",2,"G",131,"G",2,"A",,2
450492,"R",13035,"A",,"R",453,"G",435,"G",19,"G",435,"G",19,"A",,2
450508,"R",5501,"A",,"A",,"G",183,"A",,"R",153,"A",,"A",,2
450517,"R",9416,"A",,"A",,"G",314,"A",,"R",262,"A",,"A",,2
450526,"R",8781,"A",,"R",6867,"G",293,"G",286,"G",293,"G",286,"A",,2
450535,"R",4242,"A",,"R",6624,"G",141,"G",276,"G",141,"G",276,"A",,2
450544,"R",5280,"A",,"R",4954,"G",176,"G",206,"G",176,"G",206,"A",,2
450571,"R",57168,"A",,"A",,"G",1270,"A",,"G",1270,"A",,"A",,2
450580,"A",,"R",177776,"A",,"G",198,"A",,"G",198,"A",,"A",,1
450599,"A",,"R",151760,"A",,"G",169,"A",,"G",169,"A",,"A",,1
450605,"A",,"R",147208,"A",,"G",164,"A",,"G",164,"A",,"A",,1
450614,"A",,"R",167878,"A",,"G",187,"A",,"G",187,"A",,"A",,1
450623,"A",,"R",170242,"A",,"G",189,"A",,"G",189,"A",,"A",,1
450632,"A",,"R",78386,"A",,"G",87,"A",,"G",87,"A",,"A",,1
450641,"A",,"R",111238,"A",,"G",124,"A",,"G",124,"A",,"A",,1
450650,"A",,"R",179194,"A",,"G",199,"A",,"G",199,"A",,"A",,1
450669,"R",8818,"A",,"A",,"G",294,"A",,"G",294,"A",,"A",,2
450678,"R",10690,"A",,"A",,"G",356,"A",,"G",356,"A",,"A",,2
450696,"R",12539,"A",,"A",,"G",418,"A",,"G",418,"A",,"A",,2
450702,"R",15603,"A",,"A",,"G",520,"A",,"G",520,"A",,"A",,2
450720,"A",,"R",259276,"A",,"G",288,"A",,"G",288,"A",,"A",,1
450739,"A",,"R",219233,"A",,"G",244,"A",,"G",244,"A",,"A",,1
450757,"A",,"R",88155,"A",,"G",98,"A",,"G",98,"A",,"A",,1
450766,"R",1189,"A",,"R",2332,"G",40,"G",97,"G",40,"G",97,"A",,2
450775,"R",15083,"A",,"A",,"G",503,"A",,"G",503,"A",,"A",,2
450784,"A",,"R",111524,"A",,"G",124,"A",,"G",124,"A",,"A",,1
450793,"A",,"R",151687,"A",,"G",169,"A",,"G",169,"A",,"A",,1
450809,"A",,"R",61510,"A",,"G",68,"A",,"G",68,"A",,"A",,1
450818,"A",,"R",88696,"A",,"G",99,"A",,"G",99,"A",,"A",,1
450827,"A",,"R",123366,"A",,"G",137,"A",,"G",137,"A",,"A",,1
450836,"A",,"R",94365,"A",,"G",105,"A",,"G",105,"A",,"A",,1
450845,"A",,"R",62611,"A",,"G",70,"A",,"G",70,"A",,"A",,1
450854,"A",,"R",91058,"A",,"G",101,"A",,"G",101,"A",,"A",,1
450863,"A",,"R",47187,"A",,"G",52,"A",,"G",52,"A",,"A",,1
450872,"A",,"R",85602,"A",,"G",95,"A",,"G",95,"A",,"A",,1
450881,"A",,"R",48946,"A",,"G",54,"A",,"G",54,"A",,"A",,1
450933,"R",300190,"A",,"R",91151,"G",10006,"G",3798,"G",10006,"G",3798,"A",,2
450942,"A",,"A",,"A",,"A",,"A",,"A",,"A",,"R",871,-2
450951,"R",5903,"A",,"A",,"G",197,"A",,"G",197,"A",,"A",,2
450960,"A",,"R",155954,"A",,"G",173,"A",,"G",173,"A",,"A",,1
450979,"R",148310,"A",,"R",96616,"G",4944,"G",4026,"G",4944,"G",4026,"A",,2
450988,"A",,"R",127358,"A",,"G",142,"A",,"G",142,"A",,"A",,1
451006,"R",4777,"A",,"A",,"G",159,"A",,"G",159,"A",,"A",,2
451015,"R",4440,"A",,"A",,"G",148,"A",,"G",148,"A",,"A",,2
451024,"A",,"R",33663,"A",,"G",37,"A",,"G",37,"A",,"A",,1
451033,"A",,"R",23400,"A",,"G",26,"A",,"G",26,"A",,"A",,1
451042,"A",,"R",44524,"A",,"G",49,"A",,"G",49,"A",,"A",,1
451051,"A",,"R",43488,"A",,"G",48,"A",,"G",48,"A",,"A",,1
451060,"R",8327,"A",,"R",1197,"G",278,"G",50,"G",278,"G",50,"A",,2
451079,"A",,"A",,"R",2010,"A",,"G",84,"A",,"G",84,"A",,-2
451097,"A",,"R",126960,"A",,"G",141,"A",,"G",141,"A",,"A",,1
451103,"R",31068,"A",,"A",,"G",1036,"A",,"G",1036,"A",,"A",,2
451121,"A",,"R",176243,"A",,"G",196,"A",,"G",196,"A",,"A",,1
451130,"A",,"A",,"R",6126,"A",,"G",255,"A",,"G",255,"R",9,-2
451149,"A",,"R",1214980,"A",,"G",1350,"A",,"G",1350,"A",,"A",,1
451158,"A",,"R",484310,"A",,"G",538,"A",,"G",538,"A",,"A",,1
451167,"A",,"R",66018,"A",,"G",73,"A",,"G",73,"A",,"A",,1
451194,"A",,"R",39535,"A",,"G",44,"A",,"G",44,"A",,"A",,1
451200,"R",450,"A",,"A",,"G",15,"A",,"G",15,"A",,"A",,2
451219,"A",,"R",8630,"A",,"G",10,"A",,"G",10,"A",,"A",,1
451228,"R",2500,"A",,"A",,"G",83,"A",,"G",83,"A",,"A",,2
451237,"R",1500,"A",,"A",,"G",50,"A",,"G",50,"A",,"A",,2
451255,"A",,"R",64480,"A",,"G",72,"A",,"G",72,"A",,"A",,1
451264,"R",6291,"A",,"A",,"G",210,"A",,"G",210,"A",,"A",,2
451282,"A",,"R",291200,"A",,"G",324,"A",,"G",324,"A",,"A",,1
451291,"A",,"R",39474,"A",,"G",44,"A",,"G",44,"A",,"A",,1
451307,"A",,"R",62405,"A",,"G",69,"A",,"G",69,"A",,"A",,1
451316,"A",,"R",115500,"A",,"G",128,"A",,"G",128,"A",,"A",,1
451325,"A",,"R",24292,"A",,"G",27,"A",,"G",27,"A",,"A",,1
451334,"A",,"R",125916,"A",,"G",140,"A",,"G",140,"A",,"A",,1
451343,"A",,"R",133915,"A",,"G",149,"A",,"G",149,"A",,"A",,1
451352,"R",17441,"A",,"A",,"G",581,"A",,"G",581,"A",,"A",,2
451361,"A",,"R",17218,"A",,"G",19,"A",,"G",19,"A",,"A",,1
451370,"R",1489,"A",,"A",,"G",50,"A",,"G",50,"A",,"A",,2
451398,"R",5808,"A",,"A",,"G",194,"A",,"G",194,"A",,"A",,2
451404,"R",7590,"A",,"A",,"G",253,"A",,"G",253,"A",,"A",,2
451413,"R",7500,"A",,"A",,"G",250,"A",,"G",250,"A",,"A",,2
451422,"A",,"R",200753,"A",,"G",223,"A",,"R",222,"A",,"A",,1
451431,"A",,"R",21200,"A",,"G",24,"A",,"G",24,"A",,"A",,1
451440,"A",,"R",329400,"A",,"G",366,"A",,"G",366,"A",,"A",,1
451459,"A",,"R",120000,"A",,"G",133,"A",,"G",133,"A",,"A",,1
451468,"A",,"R",139401,"A",,"G",155,"A",,"G",155,"A",,"A",,1
451477,"R",2800,"A",,"A",,"G",93,"A",,"G",93,"A",,"A",,2
451486,"A",,"R",10000,"A",,"G",11,"A",,"G",11,"A",,"A",,1
451495,"A",,"R",68400,"A",,"G",76,"A",,"G",76,"A",,"A",,1
451501,"R",3000,"R",100000,"A",,"G",211,"A",,"R",233,"A",,"A",,3
451510,"A",,"A",,"A",,"A",,"A",,"A",,"A",,"R",647,-2
451529,"A",,"R",89624,"A",,"G",100,"A",,"G",100,"A",,"A",,1
451538,"A",,"R",167400,"A",,"G",186,"A",,"G",186,"A",,"A",,1
451547,"A",,"R",39855,"A",,"G",44,"A",,"G",44,"A",,"A",,1
451556,"R",61195,"A",,"A",,"G",1360,"A",,"G",1360,"A",,"A",,2
451565,"A",,"R",225104,"A",,"G",250,"A",,"G",250,"A",,"A",,1
451574,"A",,"R",244504,"A",,"G",272,"A",,"G",272,"A",,"A",,1
451583,"A",,"R",132922,"A",,"G",148,"A",,"G",148,"A",,"A",,1
451592,"R",1034,"A",,"A",,"G",34,"A",,"G",34,"A",,"A",,2
451608,"R",1559,"A",,"A",,"G",52,"A",,"G",52,"A",,"A",,2
451617,"A",,"R",36616,"A",,"G",41,"A",,"G",41,"A",,"A",,1
451626,"A",,"R",133383,"A",,"G",148,"A",,"G",148,"A",,"A",,1
451635,"A",,"R",75600,"A",,"G",84,"A",,"G",84,"A",,"A",,1
451644,"A",,"R",11000,"A",,"G",12,"A",,"G",12,"A",,"A",,1
451653,"A",,"R",16200,"A",,"G",18,"A",,"G",18,"A",,"A",,1
451662,"R",384973,"A",,"A",,"G",8555,"A",,"G",8555,"A",,"A",,2
451671,"R",44349,"A",,"R",3641,"G",1478,"G",152,"G",1478,"G",152,"A",,2
451699,"R",59506,"A",,"A",,"G",1322,"A",,"G",1322,"A",,"A",,2
451705,"R",4550,"A",,"A",,"G",152,"A",,"G",152,"A",,"A",,2
451714,"A",,"R",327013,"A",,"G",363,"A",,"G",363,"A",,"A",,1
451741,"R",28725,"A",,"A",,"G",958,"A",,"G",958,"A",,"A",,2
451750,"R",23368,"A",,"A",,"G",779,"A",,"G",779,"A",,"A",,2
451769,"R",26833,"A",,"A",,"G",596,"A",,"G",596,"A",,"A",,2
451796,"R",41669,"A",,"A",,"G",926,"A",,"G",926,"A",,"A",,2
451802,"A",,"R",20160,"A",,"G",22,"A",,"G",22,"A",,"A",,1
451811,"A",,"R",32761,"A",,"G",36,"A",,"G",36,"A",,"A",,1
451820,"R",75438,"A",,"A",,"G",1676,"A",,"G",1676,"A",,"A",,2
451848,"R",32809,"A",,"A",,"G",729,"A",,"G",729,"A",,"A",,2
451857,"R",15613,"R",62250,"A",,"G",590,"A",,"G",590,"A",,"A",,3
451866,"R",21027,"A",,"A",,"G",701,"A",,"G",701,"A",,"A",,2
451875,"R",15569,"A",,"A",,"G",346,"A",,"G",346,"A",,"A",,2
451884,"R",23107,"A",,"A",,"G",513,"A",,"G",513,"A",,"A",,2
451893,"A",,"R",93120,"A",,"G",103,"A",,"G",103,"A",,"A",,1
451909,"R",21960,"A",,"A",,"G",732,"A",,"G",732,"A",,"A",,2
451918,"A",,"R",198495,"A",,"G",221,"A",,"G",221,"A",,"A",,1
451936,"R",15255,"A",,"A",,"G",339,"A",,"G",339,"A",,"A",,2
451945,"R",18540,"A",,"A",,"G",412,"A",,"G",412,"A",,"A",,2
451954,"R",11394,"A",,"A",,"G",253,"A",,"G",253,"A",,"A",,2
451963,"R",15725,"A",,"A",,"G",349,"A",,"G",349,"A",,"A",,2
451972,"R",17595,"A",,"A",,"G",391,"A",,"G",391,"A",,"A",,2
451981,"R",13143,"A",,"A",,"G",292,"A",,"G",292,"A",,"A",,2
451990,"R",17564,"A",,"A",,"G",390,"A",,"G",390,"A",,"A",,2
452009,"A",,"R",75330,"A",,"G",84,"A",,"G",84,"A",,"A",,1
452018,"R",26368,"A",,"A",,"G",586,"A",,"G",586,"A",,"A",,2
452027,"R",42491,"A",,"A",,"G",944,"A",,"G",944,"A",,"A",,2
452036,"R",21275,"A",,"A",,"G",709,"A",,"G",709,"A",,"A",,2
452045,"R",18202,"A",,"A",,"G",607,"A",,"G",607,"A",,"A",,2
452054,"R",35258,"A",,"A",,"G",1175,"A",,"G",1175,"A",,"A",,2
452063,"R",57055,"A",,"A",,"G",1902,"A",,"G",1902,"A",,"A",,2
452072,"A",,"R",132480,"A",,"G",147,"A",,"G",147,"A",,"A",,1
452081,"A",,"R",316800,"A",,"G",352,"A",,"G",352,"A",,"A",,1
452090,"R",4137,"A",,"R",3841,"G",138,"G",160,"G",138,"G",160,"A",,2
452106,"A",,"R",58938,"A",,"G",65,"A",,"R",67,"A",,"A",,1
452115,"R",4373096,"R",80640,"A",,"G",97270,"A",,"G",97270,"A",,"A",,3
452124,"R",28740,"A",,"A",,"G",958,"A",,"G",958,"A",,"A",,2
452373,"R",23709,"A",,"A",,"G",527,"A",,"G",527,"A",,"A",,2
452540,"A",,"R",1439,"A",,"G",2,"A",,"G",2,"A",,"A",,1
452692,"A",,"R",720,"A",,"G",1,"A",,"G",1,"A",,"A",,1
452771,"A",,"R",2080,"A",,"G",2,"A",,"G",2,"A",,"A",,1
452780,"A",,"R",1600,"A",,"G",2,"A",,"G",2,"A",,"A",,1
452841,"R",3500,"A",,"A",,"G",117,"A",,"G",117,"A",,"A",,2
452948,"R",21231,"A",,"A",,"G",708,"A",,"G",708,"A",,"A",,2
452984,"A",,"R",11424,"A",,"G",13,"A",,"G",13,"A",,"A",,1
453075,"A",,"R",95400,"A",,"G",106,"A",,"G",106,"A",,"A",,1
453109,"R",10714,"A",,"A",,"G",238,"A",,"G",238,"A",,"A",,2
453127,"R",26585,"A",,"R",3566,"G",591,"G",99,"G",591,"G",99,"A",,2
453163,"R",103228,"A",,"R",40801,"G",2294,"G",1133,"G",2294,"G",1133,"A",,2
453215,"R",23577,"A",,"R",4938,"G",524,"G",137,"G",524,"G",137,"A",,2
453297,"A",,"R",16072,"A",,"G",18,"A",,"G",18,"A",,"A",,1
453349,"R",16159,"A",,"A",,"G",539,"A",,"G",539,"A",,"A",,2
453455,"R",10472,"A",,"A",,"G",233,"A",,"G",233,"A",,"A",,2
453464,"R",15644,"A",,"A",,"G",348,"A",,"G",348,"A",,"A",,2
453473,"R",10812,"A",,"A",,"G",240,"A",,"G",240,"A",,"A",,2
453482,"R",8372,"A",,"A",,"G",186,"A",,"G",186,"A",,"A",,2
453552,"R",12407,"A",,"A",,"G",414,"A",,"G",414,"A",,"A",,2
453570,"A",,"R",90909,"A",,"G",101,"A",,"G",101,"A",,"A",,1
453747,"R",10518,"A",,"A",,"G",234,"A",,"G",234,"A",,"A",,2
453756,"R",4326,"A",,"A",,"G",96,"A",,"G",96,"A",,"A",,2
453792,"R",3360,"R",43995,"A",,"G",161,"A",,"G",161,"A",,"A",,3
453817,"R",1350,"R",110100,"A",,"G",167,"A",,"G",167,"A",,"A",,3
453923,"A",,"R",1000,"A",,"G",1,"A",,"G",1,"A",,"A",,1
454078,"A",,"R",23400,"A",,"G",26,"A",,"G",26,"A",,"A",,1
454175,"R",21730,"A",,"A",,"G",724,"A",,"G",724,"A",,"A",,2
454184,"R",13029,"A",,"A",,"G",434,"A",,"G",434,"A",,"A",,2
454209,"R",3848,"A",,"A",,"G",128,"A",,"R",107,"A",,"A",,2
454227,"R",49601,"A",,"R",21072,"G",1653,"G",878,"R",1378,"R",780,"A",,2
454236,"R",18076,"A",,"A",,"G",603,"A",,"R",502,"A",,"A",,2
454245,"R",14523,"A",,"A",,"G",484,"A",,"R",403,"A",,"A",,2
454263,"A",,"R",48090,"A",,"G",53,"A",,"G",53,"A",,"A",,1
454306,"R",8087,"A",,"A",,"G",270,"A",,"G",270,"A",,"A",,2
454315,"A",,"R",119163,"A",,"G",132,"A",,"G",132,"A",,"A",,1
454324,"A",,"R",79952,"A",,"G",89,"A",,"G",89,"A",,"A",,1
454333,"A",,"R",77099,"A",,"G",86,"A",,"G",86,"A",,"A",,1
454342,"A",,"R",96923,"A",,"G",108,"A",,"G",108,"A",,"A",,1
454351,"A",,"R",125020,"A",,"G",139,"A",,"G",139,"A",,"A",,1
454360,"A",,"R",152048,"A",,"G",169,"A",,"G",169,"A",,"A",,1
454379,"A",,"R",113247,"A",,"G",126,"A",,"G",126,"A",,"A",,1
454388,"A",,"R",87396,"A",,"G",97,"A",,"G",97,"A",,"A",,1
454397,"A",,"R",87383,"A",,"G",97,"A",,"G",97,"A",,"A",,1
454458,"R",10193,"A",,"A",,"G",227,"A",,"G",227,"A",,"A",,2
454467,"A",,"R",77515,"A",,"G",86,"A",,"G",86,"A",,"A",,1
454476,"A",,"R",81203,"A",,"G",90,"A",,"G",90,"A",,"A",,1
454485,"A",,"R",33188,"A",,"G",37,"A",,"G",37,"A",,"A",,1
454494,"A",,"R",74103,"A",,"G",82,"A",,"G",82,"A",,"A",,1
454500,"A",,"R",91151,"A",,"G",101,"A",,"G",101,"A",,"A",,1
454519,"A",,"R",94474,"A",,"G",105,"A",,"G",105,"A",,"A",,1
454528,"A",,"R",68964,"A",,"G",77,"A",,"G",77,"A",,"A",,1
454537,"A",,"R",96400,"A",,"G",107,"A",,"G",107,"A",,"A",,1
454546,"A",,"R",320700,"A",,"G",356,"A",,"G",356,"A",,"A",,1
454555,"A",,"R",643800,"A",,"G",715,"A",,"G",715,"A",,"A",,1
454573,"A",,"R",704000,"A",,"G",782,"A",,"G",782,"A",,"A",,1
454582,"R",11044,"A",,"R",1683,"G",368,"G",70,"G",368,"R",94,"A",,2
454591,"R",7492,"A",,"A",,"G",166,"A",,"G",166,"A",,"A",,2
454607,"A",,"R",270759,"A",,"G",301,"A",,"G",301,"A",,"A",,1
454616,"R",16657,"A",,"A",,"G",370,"A",,"G",370,"A",,"A",,2
454625,"R",43808,"A",,"A",,"G",974,"A",,"G",974,"A",,"A",,2
454634,"A",,"R",690800,"A",,"G",768,"A",,"R",689,"A",,"A",,1
454652,"A",,"R",152525,"A",,"G",169,"A",,"G",169,"A",,"A",,1
454689,"R",48,"A",,"R",4584,"G",2,"G",191,"G",2,"G",191,"R",491,2
454698,"R",10080,"A",,"A",,"G",336,"A",,"R",420,"A",,"A",,2
454704,"A",,"R",56175,"A",,"G",62,"A",,"G",62,"A",,"A",,1
454722,"A",,"R",52071,"A",,"G",58,"A",,"R",65,"A",,"A",,1
454731,"R",12566,"A",,"A",,"G",419,"A",,"G",419,"A",,"A",,2
454740,"R",7917,"A",,"A",,"G",176,"A",,"G",176,"A",,"A",,2
454759,"A",,"R",16786,"A",,"G",19,"A",,"G",19,"A",,"A",,1
454768,"A",,"R",207293,"A",,"G",230,"A",,"G",230,"A",,"A",,1
454777,"A",,"R",244534,"A",,"G",272,"A",,"G",272,"A",,"A",,1
454786,"R",16990,"A",,"A",,"G",566,"A",,"G",566,"A",,"A",,2
454795,"A",,"R",132531,"A",,"G",147,"A",,"G",147,"A",,"A",,1
454801,"A",,"R",40662,"A",,"G",45,"A",,"G",45,"A",,"A",,1
454810,"A",,"R",144019,"A",,"G",160,"A",,"G",160,"A",,"A",,1
454829,"R",5268,"A",,"R",14571,"G",176,"G",607,"G",176,"G",607,"A",,2
454838,"A",,"A",,"R",1130,"A",,"G",31,"A",,"R",40,"A",,-2
454847,"R",2056,"A",,"A",,"G",69,"A",,"G",69,"A",,"A",,2
454856,"R",21540,"A",,"A",,"G",718,"A",,"G",718,"A",,"A",,2
454865,"R",8088,"R",120,"A",,"G",270,"A",,"G",270,"A",,"A",,3
454874,"A",,"R",80910,"A",,"G",90,"A",,"G",90,"A",,"A",,1
454883,"R",31693,"R",675,"A",,"G",1057,"A",,"G",1057,"A",,"A",,3
454892,"A",,"R",36464,"A",,"G",41,"A",,"G",41,"A",,"A",,1
454908,"A",,"R",505200,"A",,"G",561,"A",,"G",561,"A",,"A",,1
454917,"A",,"R",189823,"A",,"G",211,"A",,"G",211,"A",,"A",,1
454926,"A",,"R",294090,"A",,"G",327,"A",,"R",349,"A",,"A",,1
454935,"A",,"R",47240,"A",,"G",52,"A",,"G",52,"A",,"A",,1
454944,"A",,"R",206839,"A",,"G",230,"A",,"G",230,"A",,"A",,1
454953,"A",,"R",17445,"A",,"G",19,"A",,"G",19,"A",,"A",,1
454962,"A",,"R",9920,"A",,"G",11,"A",,"G",11,"A",,"A",,1
454971,"A",,"R",202173,"A",,"G",225,"A",,"G",225,"A",,"A",,1
454980,"A",,"R",88953,"A",,"G",99,"A",,"G",99,"A",,"A",,1
454999,"A",,"R",114803,"A",,"G",128,"A",,"G",128,"A",,"A",,1
455008,"A",,"R",188610,"A",,"G",210,"A",,"G",210,"A",,"A",,1
455017,"A",,"R",32111,"A",,"G",36,"A",,"G",36,"A",,"A",,1
455026,"A",,"R",44400,"A",,"G",49,"A",,"G",49,"A",,"A",,1
455035,"A",,"R",18075,"A",,"G",20,"A",,"G",20,"A",,"A",,1
455053,"A",,"R",154400,"A",,"G",172,"A",,"G",172,"A",,"A",,1
455062,"A",,"R",75180,"A",,"G",84,"A",,"G",84,"A",,"A",,1
455071,"A",,"R",89392,"A",,"G",99,"A",,"G",99,"A",,"A",,1
455080,"A",,"R",208400,"A",,"G",232,"A",,"G",232,"A",,"A",,1
455099,"A",,"A",,"R",816,"A",,"G",34,"A",,"G",34,"A",,-2
455105,"A",,"R",71904,"A",,"G",80,"A",,"G",80,"A",,"A",,1
455114,"R",186474,"A",,"A",,"G",6216,"A",,"G",6216,"A",,"A",,2
455141,"A",,"R",238011,"A",,"G",264,"A",,"G",264,"A",,"A",,1
455169,"A",,"A",,"A",,"A",,"A",,"A",,"A",,"R",1227,-2
455178,"A",,"A",,"R",2864,"A",,"G",119,"A",,"R",67,"A",,-2
455187,"A",,"R",120000,"A",,"G",133,"A",,"G",133,"A",,"A",,1
455196,"R",23121,"R",805701,"A",,"G",1666,"A",,"G",1666,"A",,"A",,3
455202,"A",,"R",221315,"A",,"G",246,"A",,"G",246,"A",,"A",,1
455211,"A",,"R",113577,"A",,"G",126,"A",,"G",126,"A",,"A",,1
455220,"A",,"R",71350,"A",,"G",79,"A",,"G",79,"A",,"A",,1
455239,"A",,"R",177350,"A",,"G",197,"A",,"G",197,"A",,"A",,1
455248,"A",,"R",16000,"A",,"G",18,"A",,"G",18,"A",,"A",,1
455257,"R",8092,"A",,"A",,"G",270,"A",,"G",270,"A",,"A",,2
455275,"A",,"R",241910,"A",,"G",269,"A",,"G",269,"A",,"A",,1
455284,"A",,"R",315785,"A",,"G",351,"A",,"G",351,"A",,"A",,1
455293,"A",,"R",10591,"A",,"G",12,"A",,"G",12,"A",,"A",,1
455327,"A",,"R",58120,"A",,"G",65,"A",,"G",65,"A",,"A",,1
455336,"R",5688,"A",,"A",,"G",190,"A",,"G",190,"A",,"A",,2
455345,"A",,"R",51000,"A",,"G",57,"A",,"G",57,"A",,"A",,1
455354,"A",,"R",354046,"A",,"G",393,"A",,"G",393,"A",,"A",,1
455372,"A",,"R",18000,"A",,"G",20,"A",,"G",20,"A",,"A",,1
455381,"A",,"R",78600,"A",,"G",87,"A",,"G",87,"A",,"A",,1
455390,"R",2213,"R",101600,"A",,"G",187,"A",,"G",187,"A",,"A",,3
455406,"A",,"A",,"A",,"A",,"A",,"A",,"A",,"R",294,-2
455415,"A",,"R",30256,"A",,"G",34,"A",,"R",32,"A",,"A",,1
455424,"A",,"R",526500,"A",,"G",585,"A",,"G",585,"A",,"A",,1
455433,"A",,"A",,"R",2194,"A",,"G",91,"A",,"G",91,"R",125,-2
455460,"R",14610,"A",,"A",,"G",487,"A",,"G",487,"A",,"A",,2
455479,"R",35250,"A",,"A",,"G",1175,"A",,"G",1175,"A",,"A",,2
455488,"R",26610,"A",,"A",,"G",887,"A",,"G",887,"A",,"A",,2
455497,"A",,"R",208800,"A",,"G",232,"A",,"G",232,"A",,"A",,1
455512,"R",43374,"A",,"A",,"G",1446,"A",,"G",1446,"A",,"A",,2
455530,"A",,"R",704848,"A",,"G",783,"A",,"R",731,"A",,"A",,1
455549,"R",4344,"A",,"A",,"G",97,"A",,"G",97,"A",,"A",,2
455558,"R",8892,"A",,"A",,"G",198,"A",,"G",198,"A",,"A",,2
455567,"R",13318,"R",59400,"A",,"G",510,"A",,"G",510,"A",,"A",,3
455585,"R",11510,"A",,"A",,"G",256,"A",,"G",256,"A",,"A",,2
455600,"R",26534,"A",,"A",,"G",590,"A",,"G",590,"A",,"A",,2
455619,"R",21719,"A",,"A",,"G",483,"A",,"G",483,"A",,"A",,2
455628,"R",45570,"A",,"A",,"G",1519,"A",,"G",1519,"A",,"A",,2
455646,"R",7488,"A",,"A",,"G",166,"A",,"G",166,"A",,"A",,2
455655,"R",21144,"R",112280,"A",,"G",595,"A",,"G",595,"A",,"A",,3
455664,"A",,"A",,"R",8817,"A",,"G",367,"A",,"G",367,"R",303,-2
455673,"R",3264,"A",,"A",,"G",73,"A",,"G",73,"A",,"A",,2
455682,"A",,"A",,"R",2126,"A",,"G",89,"A",,"G",89,"R",179,-2
455707,"A",,"R",66488,"A",,"G",74,"A",,"G",74,"A",,"A",,1
455716,"R",51768,"A",,"A",,"G",1150,"A",,"G",1150,"A",,"A",,2
455725,"A",,"R",168100,"A",,"G",187,"A",,"G",187,"A",,"A",,1
455734,"A",,"R",93800,"A",,"G",104,"A",,"G",104,"A",,"A",,1
455743,"A",,"R",71100,"A",,"G",79,"A",,"G",79,"A",,"A",,1
455752,"R",2231,"R",120,"A",,"C",75,"A",,"G",74,"A",,"A",,3
455761,"A",,"R",335218,"A",,"G",372,"A",,"G",372,"A",,"A",,1
455770,"R",2208,"A",,"A",,"G",74,"A",,"R",70,"A",,"A",,2
455789,"R",900,"A",,"A",,"G",30,"A",,"G",30,"A",,"A",,2
455798,"A",,"R",95628,"A",,"G",106,"A",,"G",106,"A",,"A",,1
455804,"A",,"A",,"R",3282,"A",,"G",137,"A",,"G",137,"A",,-2
455813,"A",,"A",,"R",1241,"A",,"G",52,"A",,"G",52,"A",,-2
455831,"A",,"R",104058,"A",,"G",116,"A",,"G",116,"A",,"A",,1
455840,"R",3640,"R",26390,"A",,"G",151,"A",,"G",151,"A",,"A",,3
455859,"A",,"R",176349,"A",,"G",196,"A",,"G",196,"A",,"A",,1
455868,"R",1824,"A",,"A",,"G",61,"A",,"G",61,"A",,"A",,2
455877,"A",,"R",175245,"A",,"G",195,"A",,"G",195,"A",,"A",,1
455886,"A",,"R",188130,"A",,"G",209,"A",,"G",209,"A",,"A",,1
455895,"A",,"R",187435,"A",,"G",208,"A",,"G",208,"A",,"A",,1
455901,"A",,"R",200375,"A",,"G",223,"A",,"G",223,"A",,"A",,1
455910,"A",,"R",43000,"A",,"G",48,"A",,"G",48,"A",,"A",,1
455929,"A",,"R",40356,"A",,"G",45,"A",,"G",45,"A",,"A",,1
455938,"R",285,"A",,"A",,"G",10,"A",,"G",10,"A",,"A",,2
455947,"A",,"R",172410,"A",,"G",192,"A",,"G",192,"A",,"A",,1
455956,"R",4932,"A",,"A",,"G",164,"A",,"G",164,"A",,"A",,2
455965,"A",,"R",177265,"A",,"G",197,"A",,"G",197,"A",,"A",,1
455974,"R",5540,"A",,"A",,"G",123,"A",,"G",123,"A",,"A",,2
455983,"R",2939,"R",94303,"A",,"G",203,"A",,"G",203,"A",,"A",,3
455992,"A",,"A",,"R",10227,"A",,"G",426,"A",,"R",410,"A",,-2
456001,"A",,"R",33720,"A",,"G",37,"A",,"G",37,"A",,"A",,1
456010,"R",11238,"A",,"A",,"G",250,"A",,"G",250,"A",,"A",,2
456029,"A",,"R",144390,"A",,"G",160,"A",,"G",160,"A",,"A",,1
456038,"A",,"R",623100,"A",,"G",692,"A",,"G",692,"A",,"A",,1
456056,"R",19758,"R",310255,"A",,"G",784,"A",,"G",784,"A",,"A",,3
456065,"A",,"R",178365,"A",,"G",198,"A",,"G",198,"A",,"A",,1
456074,"A",,"R",233390,"A",,"G",259,"A",,"G",259,"A",,"A",,1
456092,"A",,"R",110628,"A",,"G",123,"A",,"G",123,"A",,"A",,1
456117,"R",5371,"R",3750,"A",,"G",124,"A",,"G",124,"A",,"A",,3
456126,"A",,"R",123590,"A",,"G",137,"A",,"G",137,"A",,"A",,1
456135,"A",,"R",149989,"A",,"G",167,"A",,"G",167,"A",,"A",,1
456144,"R",2592,"A",,"A",,"G",86,"A",,"G",86,"A",,"A",,2
456153,"R",5184,"A",,"A",,"G",173,"A",,"G",173,"A",,"A",,2
456180,"R",15480,"A",,"A",,"G",516,"A",,"G",516,"A",,"A",,2
456205,"R",24096,"R",110580,"A",,"G",658,"A",,"G",658,"A",,"A",,3
456214,"R",7529,"A",,"A",,"G",251,"A",,"G",251,"A",,"A",,2
456250,"A",,"R",260314,"A",,"G",289,"A",,"G",289,"A",,"A",,1
456278,"R",14622,"A",,"A",,"G",325,"A",,"G",325,"A",,"A",,2
456287,"A",,"R",218670,"A",,"G",243,"A",,"G",243,"A",,"A",,1
456296,"R",89326,"A",,"A",,"G",1985,"A",,"G",1985,"A",,"A",,2
456302,"R",15540,"A",,"A",,"G",518,"A",,"G",518,"A",,"A",,2
456311,"R",14870,"A",,"A",,"G",496,"A",,"G",496,"A",,"A",,2
456320,"R",22544,"A",,"A",,"G",751,"A",,"G",751,"A",,"A",,2
456339,"R",21674,"A",,"A",,"G",722,"A",,"G",722,"A",,"A",,2
456348,"R",212406,"A",,"R",61467,"G",7080,"G",2561,"G",7080,"G",2561,"A",,2
456357,"R",30483,"A",,"A",,"G",677,"A",,"G",677,"A",,"A",,2
456366,"R",26442,"A",,"A",,"G",588,"A",,"G",588,"A",,"A",,2
456375,"R",18014,"A",,"A",,"G",400,"A",,"G",400,"A",,"A",,2
456393,"R",7792,"A",,"A",,"G",173,"A",,"G",173,"A",,"A",,2
456409,"R",10872,"A",,"A",,"G",242,"A",,"G",242,"A",,"A",,2
456418,"R",16677,"A",,"A",,"G",371,"A",,"G",371,"A",,"A",,2
456427,"R",16581,"A",,"A",,"G",368,"A",,"G",368,"A",,"A",,2
456436,"R",13080,"A",,"A",,"G",291,"A",,"G",291,"A",,"A",,2
456445,"R",16927,"A",,"A",,"G",376,"A",,"G",376,"A",,"A",,2
456454,"R",16350,"A",,"A",,"G",545,"A",,"G",545,"A",,"A",,2
456481,"R",2472,"A",,"R",1272,"G",82,"G",53,"G",82,"G",53,"A",,2
456490,"R",2800,"A",,"R",380,"G",93,"G",16,"G",93,"G",16,"A",,2
456506,"A",,"R",117180,"A",,"G",130,"A",,"G",130,"A",,"A",,1
456515,"A",,"R",150120,"A",,"G",167,"A",,"G",167,"A",,"A",,1
456542,"A",,"A",,"R",1462,"A",,"G",61,"A",,"G",61,"R",192,-2
456551,"A",,"R",43400,"A",,"G",48,"A",,"G",48,"A",,"A",,1
456560,"A",,"R",121245,"A",,"G",135,"A",,"G",135,"A",,"A",,1
456588,"A",,"R",44576,"A",,"G",50,"A",,"G",50,"A",,"A",,1
456597,"A",,"R",159198,"A",,"G",177,"A",,"G",177,"A",,"A",,1
456612,"R",23578,"A",,"A",,"G",524,"A",,"G",524,"A",,"A",,2
456621,"R",6996,"A",,"R",1018,"G",155,"G",28,"G",155,"G",28,"A",,2
456630,"R",4260,"A",,"R",1068,"G",95,"G",30,"G",95,"G",30,"A",,2
456667,"R",33028,"A",,"R",4833,"G",734,"G",134,"G",734,"G",134,"A",,2
456719,"A",,"R",126010,"A",,"G",140,"A",,"G",140,"A",,"A",,1
456728,"A",,"R",50126,"A",,"G",56,"A",,"G",56,"A",,"A",,1
456737,"A",,"R",110757,"A",,"G",123,"A",,"G",123,"A",,"A",,1
456746,"A",,"R",90963,"A",,"G",101,"A",,"G",101,"A",,"A",,1
456755,"A",,"R",38404,"A",,"G",43,"A",,"G",43,"A",,"A",,1
456764,"A",,"R",118314,"A",,"G",131,"A",,"G",131,"A",,"A",,1
456773,"A",,"R",73893,"A",,"G",82,"A",,"G",82,"A",,"A",,1
456782,"R",16846,"A",,"A",,"G",374,"A",,"G",374,"A",,"A",,2
456791,"R",40039,"A",,"A",,"G",890,"A",,"G",890,"A",,"A",,2
456807,"R",10344,"A",,"R",7,"G",230,"G",0,"G",230,"R",1,"A",,2
456816,"R",18472,"A",,"A",,"G",410,"A",,"G",410,"A",,"A",,2
456825,"A",,"R",123785,"A",,"G",138,"A",,"G",138,"A",,"A",,1
456834,"R",6275,"A",,"R",1979,"G",139,"G",55,"G",139,"G",55,"A",,2
456852,"R",35784,"A",,"A",,"G",1193,"A",,"R",1222,"A",,"A",,2
456861,"A",,"R",639184,"A",,"G",710,"A",,"G",710,"A",,"A",,1
456870,"A",,"R",590904,"A",,"G",657,"A",,"R",589,"A",,"A",,1
456889,"A",,"R",340194,"A",,"G",378,"A",,"R",353,"A",,"A",,1
456898,"A",,"R",718272,"A",,"G",798,"A",,"R",690,"A",,"A",,1
456904,"A",,"R",659288,"A",,"G",733,"A",,"G",733,"A",,"A",,1
456913,"A",,"R",441584,"A",,"G",491,"A",,"R",511,"A",,"A",,1
456922,"A",,"R",825256,"A",,"G",917,"A",,"R",904,"A",,"A",,1
456931,"A",,"R",1132760,"A",,"G",1259,"A",,"R",1114,"A",,"A",,1
456940,"R",28751,"A",,"A",,"G",958,"A",,"G",958,"A",,"A",,2
456959,"R",6860,"A",,"A",,"G",229,"A",,"G",229,"A",,"A",,2
456968,"A",,"R",54235,"A",,"G",60,"A",,"G",60,"A",,"A",,1
456977,"R",8328,"A",,"A",,"G",278,"A",,"G",278,"A",,"A",,2
456995,"R",10375,"A",,"A",,"G",231,"A",,"G",231,"A",,"A",,2
457004,"R",5240,"A",,"A",,"G",116,"A",,"G",116,"A",,"A",,2
457013,"R",8655,"A",,"A",,"G",289,"A",,"G",289,"A",,"A",,2
457022,"R",10615,"A",,"A",,"G",354,"A",,"G",354,"A",,"A",,2
457031,"A",,"R",74915,"A",,"G",83,"A",,"R",91,"A",,"A",,1
457068,"A",,"R",331800,"A",,"G",369,"A",,"G",369,"A",,"A",,1
457077,"A",,"R",880000,"A",,"G",978,"A",,"G",978,"A",,"A",,1
457086,"A",,"R",251383,"A",,"G",279,"A",,"G",279,"A",,"A",,1
457101,"R",6534,"A",,"A",,"G",218,"A",,"G",218,"A",,"A",,2
457110,"R",7943,"A",,"A",,"G",265,"A",,"G",265,"A",,"A",,2
457129,"R",11180,"A",,"A",,"G",373,"A",,"R",311,"A",,"A",,2
457174,"R",16603,"R",62375,"A",,"G",623,"A",,"G",623,"A",,"A",,3
457183,"R",5758,"A",,"A",,"G",128,"A",,"G",128,"A",,"A",,2
457192,"A",,"R",76481,"A",,"G",85,"A",,"G",85,"A",,"A",,1
457208,"R",5225,"A",,"A",,"G",174,"A",,"G",174,"A",,"A",,2
457217,"A",,"R",52528,"A",,"G",58,"A",,"G",58,"A",,"A",,1
457226,"R",1251,"A",,"A",,"G",42,"A",,"G",42,"A",,"A",,2
457244,"A",,"R",206494,"A",,"G",229,"A",,"G",229,"A",,"A",,1
457253,"A",,"R",85231,"A",,"G",95,"A",,"G",95,"A",,"A",,1
457262,"A",,"R",105120,"A",,"G",117,"A",,"G",117,"A",,"A",,1
457271,"A",,"A",,"R",2016,"A",,"G",84,"A",,"R",56,"A",,-2
457280,"A",,"R",234612,"A",,"G",261,"A",,"G",261,"A",,"A",,1
457299,"A",,"R",115855,"A",,"G",129,"A",,"G",129,"A",,"A",,1
457305,"A",,"R",59904,"A",,"G",67,"A",,"G",67,"A",,"A",,1
457314,"A",,"R",178300,"A",,"G",198,"A",,"G",198,"A",,"A",,1
457323,"A",,"R",326159,"A",,"G",362,"A",,"G",362,"A",,"A",,1
457332,"A",,"R",62660,"A",,"G",70,"A",,"G",70,"A",,"A",,1
457341,"A",,"R",137478,"A",,"G",153,"A",,"G",153,"A",,"A",,1
457350,"R",1140,"A",,"A",,"G",38,"A",,"G",38,"A",,"A",,2
457378,"A",,"R",97324,"A",,"G",108,"A",,"G",108,"A",,"A",,1
457387,"A",,"R",232387,"A",,"G",258,"A",,"G",258,"A",,"A",,1
457396,"A",,"R",231448,"A",,"G",257,"A",,"G",257,"A",,"A",,1
457402,"R",954,"A",,"R",228,"G",32,"G",10,"G",32,"G",10,"R",18,2
457411,"A",,"R",267540,"A",,"G",297,"A",,"G",297,"A",,"A",,1
457420,"A",,"R",118726,"A",,"G",132,"A",,"R",119,"A",,"A",,1
457439,"A",,"R",71900,"A",,"G",80,"A",,"G",80,"A",,"A",,1
457448,"A",,"R",183995,"A",,"G",204,"A",,"G",204,"A",,"A",,1
457457,"A",,"R",19886,"A",,"G",22,"A",,"G",22,"A",,"A",,1
457466,"A",,"R",71707,"A",,"G",80,"A",,"G",80,"A",,"A",,1
457475,"A",,"R",109146,"A",,"G",121,"A",,"G",121,"A",,"A",,1
457484,"R",2323,"A",,"R",190,"G",77,"G",8,"R",97,"R",11,"A",,2
457493,"A",,"R",38200,"A",,"G",42,"A",,"G",42,"A",,"A",,1
457509,"A",,"R",43927,"A",,"G",49,"A",,"G",49,"A",,"A",,1
457527,"R",1799,"R",159564,"A",,"G",237,"A",,"G",237,"A",,"A",,3
457536,"R",5898,"A",,"A",,"G",197,"A",,"G",197,"A",,"A",,2
457545,"A",,"R",190975,"A",,"G",212,"A",,"G",212,"A",,"A",,1
457554,"A",,"R",24914,"A",,"G",28,"A",,"G",28,"A",,"A",,1
457563,"A",,"R",164066,"A",,"G",182,"A",,"G",182,"A",,"A",,1
457572,"A",,"R",159095,"A",,"G",177,"A",,"G",177,"A",,"A",,1
457581,"A",,"R",204307,"A",,"G",227,"A",,"G",227,"A",,"A",,1
457590,"A",,"R",35000,"A",,"G",39,"A",,"G",39,"A",,"A",,1
457606,"A",,"R",156480,"A",,"G",174,"A",,"G",174,"A",,"A",,1
457615,"A",,"R",8280,"A",,"G",9,"A",,"G",9,"A",,"A",,1
457624,"A",,"R",27425,"A",,"G",30,"A",,"R",27,"A",,"A",,1
457633,"A",,"R",135325,"A",,"G",150,"A",,"G",150,"A",,"A",,1
457642,"A",,"R",67028,"A",,"G",74,"A",,"G",74,"A",,"A",,1
457651,"A",,"R",69504,"A",,"G",77,"A",,"G",77,"A",,"A",,1
457679,"A",,"R",32000,"A",,"G",36,"A",,"G",36,"A",,"A",,1
457688,"R",4212,"A",,"A",,"G",140,"A",,"G",140,"A",,"A",,2
457697,"R",768,"A",,"A",,"G",26,"A",,"G",26,"A",,"A",,2
457703,"A",,"R",109347,"A",,"G",121,"A",,"G",121,"A",,"A",,1
457721,"A",,"R",22475,"A",,"G",25,"A",,"G",25,"A",,"A",,1
457730,"A",,"R",298325,"A",,"G",331,"A",,"G",331,"A",,"A",,1
457749,"A",,"R",148278,"A",,"G",165,"A",,"G",165,"A",,"A",,1
457758,"A",,"R",228172,"A",,"G",254,"A",,"G",254,"A",,"A",,1
457767,"R",12579,"A",,"A",,"G",419,"A",,"G",419,"A",,"A",,2
457776,"A",,"R",143388,"A",,"G",159,"A",,"G",159,"A",,"A",,1
457785,"A",,"R",139800,"A",,"G",155,"A",,"G",155,"A",,"A",,1
457794,"A",,"R",67580,"A",,"G",75,"A",,"G",75,"A",,"A",,1
457800,"A",,"R",231842,"A",,"G",258,"A",,"G",258,"A",,"A",,1
457819,"A",,"R",405648,"A",,"G",451,"A",,"G",451,"A",,"A",,1
457828,"A",,"R",100000,"A",,"G",111,"A",,"G",111,"A",,"A",,1
457837,"A",,"R",89748,"A",,"G",100,"A",,"R",105,"A",,"A",,1
457846,"A",,"R",55380,"A",,"G",62,"A",,"G",62,"A",,"A",,1
457855,"A",,"R",135513,"A",,"G",151,"A",,"G",151,"A",,"A",,1
457864,"A",,"R",117145,"A",,"G",130,"A",,"G",130,"A",,"A",,1
457873,"A",,"R",55326,"A",,"G",61,"A",,"G",61,"A",,"A",,1
457891,"A",,"R",52500,"A",,"G",58,"A",,"G",58,"A",,"A",,1
457907,"A",,"R",17664,"A",,"G",20,"A",,"G",20,"A",,"A",,1
457916,"A",,"R",98100,"A",,"G",109,"A",,"G",109,"A",,"A",,1
457925,"A",,"R",23477,"A",,"G",26,"A",,"R",25,"A",,"A",,1
457943,"A",,"R",57882,"A",,"G",64,"A",,"G",64,"A",,"A",,1
457952,"A",,"R",187332,"A",,"G",208,"A",,"G",208,"A",,"A",,1
457961,"A",,"R",42013,"A",,"G",47,"A",,"G",47,"A",,"A",,1
457989,"A",,"R",35964,"A",,"G",40,"A",,"G",40,"A",,"A",,1
457998,"A",,"R",38401,"A",,"G",43,"A",,"G",43,"A",,"A",,1
458007,"A",,"R",103590,"A",,"G",115,"A",,"G",115,"A",,"A",,1
458016,"R",2460,"A",,"A",,"G",82,"A",,"G",82,"A",,"A",,2
458025,"A",,"R",7448,"A",,"G",8,"A",,"G",8,"A",,"A",,1
458034,"R",2160,"A",,"A",,"G",72,"A",,"G",72,"A",,"A",,2
458043,"A",,"R",135443,"A",,"G",150,"A",,"G",150,"A",,"A",,1
458052,"A",,"R",94000,"A",,"G",104,"A",,"R",72,"A",,"A",,1
458061,"A",,"R",90000,"A",,"G",100,"A",,"G",100,"A",,"A",,1
458070,"A",,"R",256230,"A",,"G",285,"A",,"G",285,"A",,"A",,1
458089,"A",,"R",84000,"A",,"G",93,"A",,"G",93,"A",,"A",,1
458098,"A",,"R",140085,"A",,"G",156,"A",,"G",156,"A",,"A",,1
458104,"A",,"R",135200,"A",,"G",150,"A",,"G",150,"A",,"A",,1
458113,"R",2790,"A",,"A",,"G",93,"A",,"G",93,"A",,"A",,2
458122,"A",,"R",34000,"A",,"G",38,"A",,"G",38,"A",,"A",,1
458131,"A",,"R",351503,"A",,"G",391,"A",,"G",391,"A",,"A",,1
458140,"R",3978,"A",,"A",,"G",88,"A",,"R",93,"A",,"A",,2
458159,"A",,"A",,"R",3979,"A",,"G",111,"A",,"R",125,"A",,-2
458168,"A",,"R",120303,"A",,"G",134,"A",,"G",134,"A",,"A",,1
458177,"A",,"R",83188,"A",,"G",92,"A",,"G",92,"A",,"A",,1
458186,"R",16141,"A",,"A",,"G",538,"A",,"G",538,"A",,"A",,2
458195,"R",2490,"A",,"A",,"G",83,"A",,"G",83,"A",,"A",,2
458210,"R",48889,"A",,"A",,"G",1630,"A",,"G",1630,"A",,"A",,2
458229,"R",34939,"A",,"A",,"G",1165,"A",,"G",1165,"A",,"A",,2
458238,"R",3362,"A",,"A",,"G",112,"A",,"G",112,"A",,"A",,2
458247,"R",12525,"A",,"A",,"G",418,"A",,"G",418,"A",,"A",,2
458256,"R",31348,"R",36750,"A",,"G",737,"A",,"G",737,"A",,"A",,3
458265,"A",,"R",896232,"A",,"G",996,"A",,"G",996,"A",,"A",,1
458274,"A",,"R",391660,"A",,"G",435,"A",,"G",435,"A",,"A",,1
458283,"R",21700,"A",,"A",,"G",723,"A",,"G",723,"A",,"A",,2
458292,"A",,"R",71514,"A",,"G",79,"A",,"G",79,"A",,"A",,1
458308,"A",,"R",20102,"A",,"G",22,"A",,"G",22,"A",,"A",,1
458317,"A",,"R",93327,"A",,"G",104,"A",,"G",104,"A",,"A",,1
458326,"A",,"R",68701,"A",,"G",76,"A",,"G",76,"A",,"A",,1
458335,"A",,"R",115083,"A",,"G",128,"A",,"G",128,"A",,"A",,1
458344,"A",,"R",86481,"A",,"G",96,"A",,"G",96,"A",,"A",,1
458353,"A",,"R",83976,"A",,"G",93,"A",,"G",93,"A",,"A",,1
458362,"A",,"R",98872,"A",,"G",110,"A",,"G",110,"A",,"A",,1
458371,"R",13518,"A",,"A",,"G",451,"A",,"G",451,"A",,"A",,2
458380,"R",13278,"A",,"A",,"G",295,"A",,"G",295,"A",,"A",,2
458399,"A",,"R",42000,"A",,"G",47,"A",,"G",47,"A",,"A",,1
458405,"R",33536,"R",190410,"A",,"G",957,"A",,"G",957,"A",,"A",,3
458414,"A",,"R",1117340,"A",,"G",1241,"A",,"G",1241,"A",,"A",,1
458423,"A",,"R",30080,"A",,"G",33,"A",,"G",33,"A",,"A",,1
458432,"R",7382,"A",,"A",,"G",164,"A",,"G",164,"A",,"A",,2
458441,"R",19758,"R",30910,"A",,"G",473,"A",,"G",473,"A",,"A",,3
458469,"R",30314,"A",,"A",,"G",1010,"A",,"G",1010,"A",,"A",,2
458478,"R",20520,"A",,"A",,"G",684,"A",,"G",684,"A",,"A",,2
458487,"A",,"R",191522,"A",,"G",213,"A",,"G",213,"A",,"A",,1
458496,"R",23986,"A",,"A",,"G",533,"A",,"G",533,"A",,"A",,2
458502,"R",14335,"A",,"A",,"G",478,"A",,"G",478,"A",,"A",,2
458511,"A",,"A",,"R",611,"A",,"G",25,"A",,"G",25,"A",,-2
458557,"R",15732,"A",,"A",,"G",350,"A",,"G",350,"A",,"A",,2
458593,"R",32832,"A",,"A",,"G",730,"A",,"G",730,"A",,"A",,2
458609,"R",36345,"A",,"A",,"G",1212,"A",,"G",1212,"A",,"A",,2
458618,"R",18359,"A",,"A",,"G",612,"A",,"G",612,"A",,"A",,2
458627,"R",19802,"A",,"A",,"G",660,"A",,"G",660,"A",,"A",,2
458636,"R",17999,"A",,"A",,"G",600,"A",,"G",600,"A",,"A",,2
458645,"R",17710,"A",,"A",,"G",590,"A",,"G",590,"A",,"A",,2
458654,"R",38964,"A",,"A",,"G",1299,"A",,"G",1299,"A",,"A",,2
458663,"R",33137,"A",,"A",,"G",1105,"A",,"G",1105,"A",,"A",,2
458672,"A",,"R",11815,"A",,"G",13,"A",,"G",13,"A",,"A",,1
458681,"R",8160,"A",,"A",,"G",272,"A",,"G",272,"A",,"A",,2
458690,"R",26807,"A",,"A",,"G",894,"A",,"G",894,"A",,"A",,2
458706,"R",25981,"A",,"A",,"G",866,"A",,"G",866,"A",,"A",,2
458715,"R",12433,"A",,"A",,"G",414,"A",,"G",414,"A",,"A",,2
458733,"R",13418,"A",,"A",,"G",298,"A",,"G",298,"A",,"A",,2
458742,"R",10451,"A",,"A",,"G",232,"A",,"G",232,"A",,"A",,2
458751,"R",11443,"A",,"A",,"G",254,"A",,"G",254,"A",,"A",,2
458760,"R",12912,"A",,"R",29,"G",287,"G",1,"G",287,"G",1,"A",,2
458779,"R",14731,"A",,"A",,"G",327,"A",,"G",327,"A",,"A",,2
458797,"R",23362,"A",,"A",,"G",779,"A",,"G",779,"A",,"A",,2
458803,"A",,"R",157295,"A",,"G",175,"A",,"G",175,"A",,"A",,1
458812,"A",,"R",105171,"A",,"G",117,"A",,"G",117,"A",,"A",,1
458821,"A",,"R",79562,"A",,"G",88,"A",,"G",88,"A",,"A",,1
458830,"A",,"R",302908,"A",,"G",337,"A",,"G",337,"A",,"A",,1
458849,"A",,"R",151515,"A",,"G",168,"A",,"G",168,"A",,"A",,1
458858,"A",,"R",192151,"A",,"G",214,"A",,"G",214,"A",,"A",,1
458867,"A",,"R",256499,"A",,"G",285,"A",,"G",285,"A",,"A",,1
458885,"R",5397,"A",,"R",1765,"G",120,"G",49,"G",120,"G",49,"A",,2
458919,"R",167143,"A",,"R",41108,"G",3714,"G",1142,"G",3714,"G",1142,"A",,2
458937,"R",5949,"A",,"R",1394,"G",132,"G",39,"G",132,"G",39,"A",,2
458955,"R",8648,"A",,"R",1839,"G",192,"G",51,"G",192,"G",51,"A",,2
458964,"R",60383,"A",,"R",19187,"G",1342,"G",533,"G",1342,"G",533,"A",,2
458973,"R",24421,"A",,"R",5453,"G",543,"G",151,"G",543,"G",151,"A",,2
458982,"R",32160,"A",,"A",,"G",715,"A",,"G",715,"A",,"A",,2
458991,"R",20903,"A",,"A",,"G",465,"A",,"G",465,"A",,"A",,2
459000,"A",,"R",159018,"A",,"G",177,"A",,"G",177,"A",,"A",,1
459019,"A",,"R",142277,"A",,"G",158,"A",,"G",158,"A",,"A",,1
459028,"A",,"R",78355,"A",,"G",87,"A",,"G",87,"A",,"A",,1
459037,"A",,"R",169630,"A",,"G",188,"A",,"G",188,"A",,"A",,1
459046,"A",,"R",129706,"A",,"G",144,"A",,"G",144,"A",,"A",,1
459055,"A",,"R",108605,"A",,"G",121,"A",,"G",121,"A",,"A",,1
459064,"A",,"R",178875,"A",,"G",199,"A",,"G",199,"A",,"A",,1
459073,"A",,"R",73164,"A",,"G",81,"A",,"G",81,"A",,"A",,1
459091,"R",2131,"A",,"A",,"G",47,"A",,"G",47,"A",,"A",,2
459107,"R",12965,"A",,"A",,"G",432,"A",,"G",432,"A",,"A",,2
459116,"A",,"R",222591,"A",,"G",247,"A",,"G",247,"A",,"A",,1
459125,"A",,"R",73069,"A",,"G",81,"A",,"G",81,"A",,"A",,1
459134,"A",,"R",52200,"A",,"G",58,"A",,"G",58,"A",,"A",,1
459143,"A",,"R",65100,"A",,"G",72,"A",,"G",72,"A",,"A",,1
459152,"A",,"R",199482,"A",,"G",222,"A",,"G",222,"A",,"A",,1
459161,"A",,"R",211040,"A",,"G",234,"A",,"G",234,"A",,"A",,1
459170,"A",,"R",157100,"A",,"G",175,"A",,"G",175,"A",,"A",,1
459189,"A",,"R",96657,"A",,"G",107,"A",,"G",107,"A",,"A",,1
459198,"A",,"R",287444,"A",,"G",319,"A",,"G",319,"A",,"A",,1
459204,"R",17510,"R",586160,"A",,"G",1235,"A",,"R",1078,"A",,"A",,3
459213,"A",,"R",909860,"A",,"G",1011,"A",,"G",1011,"A",,"A",,1
459222,"R",60,"A",,"R",1345,"G",1,"G",37,"G",1,"G",37,"A",,2
459231,"A",,"R",392405,"A",,"G",436,"A",,"G",436,"A",,"A",,1
459259,"R",23290,"A",,"R",2226,"G",518,"G",62,"G",518,"G",62,"A",,2
459268,"R",16170,"A",,"R",2886,"G",359,"G",80,"G",359,"G",80,"A",,2
459277,"R",16936,"R",2400,"A",,"G",567,"A",,"G",567,"A",,"A",,3
459286,"A",,"R",369395,"A",,"G",410,"A",,"G",410,"A",,"A",,1
459295,"R",4070,"A",,"A",,"G",136,"A",,"G",136,"A",,"A",,2
459301,"A",,"R",208690,"A",,"G",232,"A",,"G",232,"A",,"A",,1
459310,"A",,"R",24420,"A",,"G",27,"A",,"G",27,"A",,"A",,1
459329,"A",,"R",141313,"A",,"G",157,"A",,"G",157,"A",,"A",,1
459338,"A",,"R",65000,"A",,"G",72,"A",,"G",72,"A",,"A",,1
459347,"A",,"R",54840,"A",,"G",61,"A",,"G",61,"A",,"A",,1
459356,"R",1416,"R",16158,"A",,"G",65,"A",,"G",65,"A",,"A",,3
459365,"A",,"R",91680,"A",,"G",102,"A",,"G",102,"A",,"A",,1
459374,"A",,"R",77250,"A",,"G",86,"A",,"G",86,"A",,"A",,1
459392,"A",,"R",130657,"A",,"G",145,"A",,"G",145,"A",,"A",,1
459408,"A",,"R",66800,"A",,"G",74,"A",,"G",74,"A",,"A",,1
459417,"R",2279,"A",,"A",,"G",76,"A",,"R",61,"A",,"A",,2
459426,"A",,"R",87489,"A",,"G",97,"A",,"G",97,"A",,"A",,1
459435,"A",,"R",48800,"A",,"G",54,"A",,"R",72,"A",,"A",,1
459444,"A",,"R",29651,"A",,"G",33,"A",,"G",33,"A",,"A",,1
459453,"A",,"R",96344,"A",,"G",107,"A",,"G",107,"A",,"A",,1
459462,"A",,"R",138100,"A",,"G",153,"A",,"R",158,"A",,"A",,1
459471,"A",,"R",43800,"A",,"G",49,"A",,"G",49,"A",,"A",,1
459480,"A",,"R",50142,"A",,"G",56,"A",,"G",56,"A",,"A",,1
459499,"A",,"R",23760,"A",,"G",26,"A",,"G",26,"A",,"A",,1
459514,"A",,"R",28600,"A",,"G",32,"A",,"G",32,"A",,"A",,1
459523,"A",,"R",52112,"A",,"G",58,"A",,"G",58,"A",,"A",,1
459532,"A",,"R",115000,"A",,"G",128,"A",,"G",128,"A",,"A",,1
459541,"A",,"R",78338,"A",,"G",87,"A",,"G",87,"A",,"A",,1
459550,"A",,"R",184870,"A",,"G",205,"A",,"G",205,"A",,"A",,1
459569,"A",,"R",28068,"A",,"G",31,"A",,"R",29,"A",,"A",,1
459578,"A",,"R",238545,"A",,"G",265,"A",,"G",265,"A",,"A",,1
459587,"R",15569,"A",,"A",,"G",346,"A",,"G",346,"A",,"A",,2
459596,"R",15428,"A",,"A",,"G",343,"A",,"G",343,"A",,"A",,2
459602,"R",7722,"A",,"A",,"G",172,"A",,"G",172,"A",,"A",,2
459611,"R",10647,"A",,"A",,"G",237,"A",,"G",237,"A",,"A",,2
459620,"R",5084,"A",,"A",,"G",113,"A",,"G",113,"A",,"A",,2
459639,"R",19172,"A",,"A",,"G",426,"A",,"G",426,"A",,"A",,2
459648,"R",6859,"A",,"A",,"G",152,"A",,"G",152,"A",,"A",,2
459657,"R",10424,"A",,"A",,"G",232,"A",,"G",232,"A",,"A",,2
459666,"R",10004,"A",,"A",,"G",222,"A",,"G",222,"A",,"A",,2
459675,"R",12140,"A",,"A",,"G",270,"A",,"G",270,"A",,"A",,2
459684,"R",19806,"A",,"A",,"G",440,"A",,"G",440,"A",,"A",,2
459693,"R",14054,"A",,"A",,"G",312,"A",,"G",312,"A",,"A",,2
459709,"R",20245,"A",,"A",,"G",450,"A",,"G",450,"A",,"A",,2
459718,"R",25507,"A",,"A",,"G",567,"A",,"G",567,"A",,"A",,2
459727,"R",2212,"A",,"R",2285,"G",74,"G",95,"G",74,"G",95,"A",,2
459736,"A",,"A",,"R",19291,"A",,"G",804,"A",,"R",333,"R",946,-2
459745,"A",,"A",,"R",3738,"A",,"G",156,"A",,"G",156,"R",60,-2
459815,"R",2058,"R",24792,"A",,"G",96,"A",,"G",96,"A",,"A",,3
459824,"R",2797,"A",,"R",15705,"G",93,"G",654,"G",93,"G",654,"R",653,2
459833,"R",3776,"A",,"A",,"G",84,"A",,"G",84,"A",,"A",,2
459842,"R",12205,"A",,"R",12,"G",407,"G",1,"G",407,"G",1,"A",,2
459851,"R",6896,"A",,"R",12,"G",230,"G",1,"G",230,"G",1,"A",,2
459860,"A",,"R",591300,"A",,"G",657,"A",,"G",657,"A",,"A",,1
459879,"A",,"R",199650,"A",,"G",222,"A",,"G",222,"A",,"A",,1
459888,"R",13420,"A",,"A",,"G",447,"A",,"G",447,"A",,"A",,2
459897,"R",6060,"A",,"A",,"G",202,"A",,"G",202,"A",,"A",,2
459903,"R",13120,"A",,"A",,"G",437,"A",,"G",437,"A",,"A",,2
459912,"R",10340,"A",,"A",,"G",345,"A",,"G",345,"A",,"A",,2
459921,"R",6440,"A",,"A",,"G",215,"A",,"G",215,"A",,"A",,2
459930,"R",46150,"A",,"A",,"G",1026,"A",,"G",1026,"A",,"A",,2
459958,"R",30360,"A",,"A",,"G",1012,"A",,"G",1012,"A",,"A",,2
459967,"A",,"R",619200,"A",,"G",688,"A",,"G",688,"A",,"A",,1
459976,"A",,"R",297900,"A",,"G",331,"A",,"G",331,"A",,"A",,1
459985,"A",,"R",539100,"A",,"G",599,"A",,"G",599,"A",,"A",,1
459994,"R",87441,"A",,"R",25475,"G",1943,"G",708,"G",1943,"G",708,"A",,2
460002,"A",,"R",33480,"A",,"G",37,"A",,"G",37,"A",,"A",,1
460011,"A",,"R",196470,"A",,"G",218,"A",,"G",218,"A",,"A",,1
460020,"R",18600,"A",,"A",,"G",620,"A",,"G",620,"A",,"A",,2
460039,"R",27551,"A",,"A",,"G",612,"A",,"G",612,"A",,"A",,2
460048,"R",22220,"A",,"A",,"G",494,"A",,"G",494,"A",,"A",,2
460057,"A",,"R",49500,"A",,"G",55,"A",,"G",55,"A",,"A",,1
460066,"A",,"R",137775,"A",,"G",153,"A",,"G",153,"A",,"A",,1
460093,"A",,"R",210600,"A",,"G",234,"A",,"G",234,"A",,"A",,1
460109,"A",,"R",173340,"A",,"G",193,"A",,"G",193,"A",,"A",,1
460118,"A",,"R",155700,"A",,"G",173,"A",,"G",173,"A",,"A",,1
460127,"A",,"R",113940,"A",,"G",127,"A",,"G",127,"A",,"A",,1
460136,"A",,"R",503476,"A",,"G",559,"A",,"G",559,"A",,"A",,1
460145,"R",5808,"A",,"A",,"G",194,"A",,"G",194,"A",,"A",,2
460172,"A",,"R",360960,"A",,"G",401,"A",,"R",347,"A",,"A",,1
460181,"A",,"R",203735,"A",,"G",226,"A",,"G",226,"A",,"A",,1
460190,"A",,"R",196663,"A",,"G",219,"A",,"G",219,"A",,"A",,1
460206,"A",,"R",305091,"A",,"G",339,"A",,"G",339,"A",,"A",,1
460215,"R",14507,"A",,"A",,"G",322,"A",,"R",308,"A",,"A",,2
460330,"A",,"R",41000,"A",,"G",46,"A",,"G",46,"A",,"A",,1
460349,"R",7751,"A",,"A",,"G",172,"A",,"G",172,"A",,"A",,2
460358,"R",20258,"A",,"A",,"G",675,"A",,"G",675,"A",,"A",,2
460367,"R",21359,"A",,"A",,"G",712,"A",,"G",712,"A",,"A",,2
460385,"R",1925,"A",,"A",,"G",64,"A",,"G",64,"A",,"A",,2
460394,"R",143991,"A",,"A",,"G",4800,"A",,"G",4800,"A",,"A",,2
460446,"A",,"R",293130,"A",,"G",326,"A",,"R",386,"A",,"A",,1
460455,"A",,"R",49300,"A",,"G",55,"A",,"G",55,"A",,"A",,1
460464,"R",153555,"A",,"A",,"G",5119,"A",,"G",5119,"A",,"A",,2
460473,"R",3868,"A",,"A",,"G",86,"A",,"G",86,"A",,"A",,2
460482,"R",13530,"A",,"A",,"G",301,"A",,"G",301,"A",,"A",,2
460516,"A",,"R",396000,"A",,"G",440,"A",,"G",440,"A",,"A",,1
460525,"A",,"R",441520,"A",,"G",491,"A",,"G",491,"A",,"A",,1
460534,"A",,"R",724500,"A",,"G",805,"A",,"G",805,"A",,"A",,1
460543,"R",34174,"A",,"A",,"G",1139,"A",,"G",1139,"A",,"A",,2
460552,"A",,"R",74671,"A",,"G",83,"A",,"G",83,"A",,"A",,1
460561,"A",,"R",24067,"A",,"G",27,"A",,"G",27,"A",,"A",,1
460570,"A",,"R",146872,"A",,"G",163,"A",,"G",163,"A",,"A",,1
460589,"R",8690,"A",,"A",,"G",290,"A",,"G",290,"A",,"A",,2
460598,"R",14657,"A",,"A",,"G",489,"A",,"G",489,"A",,"A",,2
460604,"A",,"R",40113,"A",,"G",45,"A",,"G",45,"A",,"A",,1
460613,"R",19644,"A",,"A",,"G",437,"A",,"G",437,"A",,"A",,2
460631,"A",,"R",232080,"A",,"G",258,"A",,"G",258,"A",,"A",,1
460640,"A",,"R",61110,"A",,"G",68,"A",,"G",68,"A",,"A",,1
460659,"A",,"R",65675,"A",,"G",73,"A",,"G",73,"A",,"A",,1
460668,"R",8790,"A",,"A",,"G",293,"A",,"G",293,"A",,"A",,2
460677,"R",5460,"A",,"A",,"G",182,"A",,"G",182,"A",,"A",,2
460686,"A",,"R",296455,"A",,"G",329,"A",,"G",329,"A",,"A",,1
460695,"R",9589,"A",,"A",,"G",320,"A",,"G",320,"A",,"A",,2
460701,"A",,"R",302855,"A",,"G",337,"A",,"G",337,"A",,"A",,1
460710,"A",,"R",269878,"A",,"G",300,"A",,"G",300,"A",,"A",,1
460729,"R",19113,"A",,"A",,"G",637,"A",,"R",636,"A",,"A",,2
460738,"R",28125,"A",,"R",9369,"G",938,"G",390,"G",938,"G",390,"A",,2
460747,"R",21012,"A",,"A",,"G",700,"A",,"G",700,"A",,"A",,2
460756,"R",24660,"A",,"A",,"G",548,"A",,"G",548,"A",,"A",,2
460765,"A",,"R",31653,"A",,"G",35,"A",,"G",35,"A",,"A",,1
460774,"R",23044,"R",47375,"A",,"G",565,"A",,"G",565,"A",,"A",,3
460783,"R",5758,"A",,"A",,"G",192,"A",,"G",192,"A",,"A",,2
460808,"A",,"R",27372,"A",,"G",30,"A",,"G",30,"A",,"A",,1
460817,"R",19780,"R",95780,"A",,"G",546,"A",,"G",546,"A",,"A",,3
460826,"R",12412,"R",35570,"A",,"G",315,"A",,"G",315,"A",,"A",,3
460835,"R",25032,"R",160580,"A",,"G",735,"A",,"G",735,"A",,"A",,3
460844,"R",15031,"R",684,"A",,"G",335,"A",,"G",335,"A",,"A",,3
460853,"R",27400,"R",20975,"A",,"G",632,"A",,"G",632,"A",,"A",,3
460862,"A",,"R",431054,"A",,"G",479,"A",,"G",479,"A",,"A",,1
460871,"R",8201,"A",,"A",,"G",273,"A",,"R",228,"A",,"A",,2
460899,"R",29846,"A",,"A",,"G",995,"A",,"G",995,"A",,"A",,2
460905,"A",,"R",103928,"A",,"G",115,"A",,"G",115,"A",,"A",,1
460914,"A",,"R",225192,"A",,"G",250,"A",,"G",250,"A",,"A",,1
460923,"R",21620,"R",57400,"A",,"G",544,"A",,"G",544,"A",,"A",,3
460932,"A",,"R",68400,"A",,"G",76,"A",,"G",76,"A",,"A",,1
460941,"A",,"A",,"R",660,"A",,"G",28,"A",,"R",24,"A",,-2
460950,"A",,"R",85140,"A",,"G",95,"A",,"G",95,"A",,"A",,1
460969,"A",,"R",117754,"A",,"G",131,"A",,"G",131,"A",,"A",,1
460978,"A",,"R",193512,"A",,"G",215,"A",,"G",215,"A",,"A",,1
460987,"A",,"R",63835,"A",,"G",71,"A",,"G",71,"A",,"A",,1
460996,"A",,"R",191394,"A",,"G",213,"A",,"R",127,"A",,"A",,1
461005,"R",3741,"A",,"A",,"G",125,"A",,"G",125,"A",,"A",,2
461014,"R",24039,"A",,"A",,"G",801,"A",,"G",801,"A",,"A",,2
461023,"R",18066,"A",,"A",,"G",602,"A",,"G",602,"A",,"A",,2
461032,"R",2487,"A",,"A",,"G",55,"A",,"G",55,"A",,"A",,2
461041,"R",5255,"R",64398,"A",,"G",247,"A",,"G",247,"A",,"A",,3
461111,"A",,"R",43100,"A",,"G",48,"A",,"R",51,"A",,"A",,1
461120,"A",,"A",,"R",2160,"A",,"G",90,"A",,"G",90,"A",,-2
461139,"A",,"A",,"R",1559,"A",,"G",65,"A",,"G",65,"A",,-2
461148,"R",47182,"A",,"R",69552,"G",1573,"G",2898,"G",1573,"G",2898,"A",,2
461157,"A",,"R",119560,"A",,"G",133,"A",,"G",133,"A",,"A",,1
461166,"A",,"R",50000,"A",,"G",56,"A",,"G",56,"A",,"A",,1
461175,"A",,"R",141200,"A",,"G",157,"A",,"G",157,"A",,"A",,1
461184,"A",,"R",45023,"A",,"G",50,"A",,"G",50,"A",,"A",,1
461193,"A",,"R",101459,"A",,"G",113,"A",,"G",113,"A",,"A",,1
461218,"R",856,"R",4031,"A",,"G",33,"A",,"G",33,"A",,"A",,3
461227,"A",,"R",64275,"A",,"G",71,"A",,"G",71,"A",,"A",,1
461236,"R",6718,"A",,"R",2701,"G",224,"G",113,"G",224,"G",113,"A",,2
461245,"A",,"R",138099,"A",,"G",153,"A",,"G",153,"A",,"A",,1
461254,"A",,"R",24340,"A",,"G",27,"A",,"G",27,"A",,"A",,1
461263,"A",,"R",110905,"A",,"G",123,"A",,"G",123,"A",,"A",,1
461272,"A",,"R",46918,"A",,"G",52,"A",,"G",52,"A",,"A",,1
461281,"R",1233,"A",,"R",239,"G",41,"G",10,"G",41,"R",5,"A",,2
461290,"A",,"R",76500,"A",,"G",85,"A",,"G",85,"A",,"A",,1
461306,"A",,"R",54300,"A",,"G",60,"A",,"G",60,"A",,"A",,1
461315,"R",1747,"A",,"A",,"G",58,"A",,"G",58,"A",,"A",,2
461324,"R",8960,"A",,"A",,"G",299,"A",,"G",299,"A",,"A",,2
461333,"A",,"R",12000,"A",,"G",13,"A",,"G",13,"A",,"A",,1
461342,"A",,"R",72216,"A",,"G",80,"A",,"G",80,"A",,"A",,1
461351,"A",,"R",132268,"A",,"G",147,"A",,"G",147,"A",,"A",,1
461360,"A",,"R",44907,"A",,"G",50,"A",,"G",50,"A",,"A",,1
461379,"A",,"R",11550,"A",,"G",13,"A",,"G",13,"A",,"A",,1
461388,"A",,"R",123000,"A",,"G",137,"A",,"G",137,"A",,"A",,1
461397,"A",,"R",211050,"A",,"G",235,"A",,"G",235,"A",,"A",,1
461403,"A",,"R",64665,"A",,"G",72,"A",,"R",68,"A",,"A",,1
461412,"A",,"R",65228,"A",,"G",72,"A",,"G",72,"A",,"A",,1
461421,"A",,"R",189631,"A",,"G",211,"A",,"G",211,"A",,"A",,1
461430,"A",,"R",179220,"A",,"G",199,"A",,"G",199,"A",,"A",,1
461449,"A",,"R",84899,"A",,"G",94,"A",,"G",94,"A",,"A",,1
461458,"A",,"R",46538,"A",,"G",52,"A",,"G",52,"A",,"A",,1
461467,"A",,"R",25746,"A",,"G",29,"A",,"G",29,"A",,"A",,1
461476,"A",,"R",90514,"A",,"G",101,"A",,"G",101,"A",,"A",,1
461485,"R",52,"A",,"R",1019,"G",2,"G",42,"G",2,"G",42,"A",,2
461494,"A",,"R",76458,"A",,"G",85,"A",,"G",85,"A",,"A",,1
461500,"A",,"R",35411,"A",,"G",39,"A",,"G",39,"A",,"A",,1
461519,"A",,"R",87120,"A",,"G",97,"A",,"G",97,"A",,"A",,1
461528,"R",1528,"A",,"A",,"G",51,"A",,"G",51,"A",,"A",,2
461537,"A",,"R",21948,"A",,"G",24,"A",,"G",24,"A",,"A",,1
461546,"A",,"R",34804,"A",,"G",39,"A",,"G",39,"A",,"A",,1
461555,"A",,"R",120756,"A",,"G",134,"A",,"G",134,"A",,"A",,1
461564,"A",,"R",193500,"A",,"G",215,"A",,"G",215,"A",,"A",,1
461573,"R",5400,"A",,"A",,"G",180,"A",,"G",180,"A",,"A",,2
461582,"A",,"R",82443,"A",,"G",92,"A",,"G",92,"A",,"A",,1
461591,"A",,"R",178618,"A",,"G",198,"A",,"G",198,"A",,"A",,1
461607,"A",,"R",78421,"A",,"G",87,"A",,"G",87,"A",,"A",,1
461616,"A",,"R",39129,"A",,"G",43,"A",,"G",43,"A",,"A",,1
461625,"R",1200,"A",,"A",,"G",40,"A",,"G",40,"A",,"A",,2
461634,"A",,"R",268115,"A",,"G",298,"A",,"G",298,"A",,"A",,1
461643,"R",600,"A",,"R",171,"G",20,"G",7,"G",20,"G",7,"A",,2
461652,"A",,"R",71435,"A",,"G",79,"A",,"G",79,"A",,"A",,1
461661,"A",,"R",91968,"A",,"G",102,"A",,"G",102,"A",,"A",,1
461670,"R",1583,"R",46440,"A",,"G",104,"A",,"G",104,"A",,"A",,3
461689,"A",,"R",28800,"A",,"G",32,"A",,"R",35,"A",,"A",,1
461698,"A",,"R",129578,"A",,"G",144,"A",,"G",144,"A",,"A",,1
461704,"A",,"R",127900,"A",,"G",142,"A",,"G",142,"A",,"A",,1
461713,"A",,"R",23576,"A",,"G",26,"A",,"G",26,"A",,"A",,1
461722,"A",,"R",99080,"A",,"G",110,"A",,"G",110,"A",,"A",,1
461731,"A",,"R",71944,"A",,"G",80,"A",,"G",80,"A",,"A",,1
461740,"A",,"R",34621,"A",,"G",38,"A",,"G",38,"A",,"A",,1
461759,"R",1417,"A",,"A",,"G",47,"A",,"G",47,"A",,"A",,2
461768,"A",,"R",139680,"A",,"G",155,"A",,"G",155,"A",,"A",,1
461777,"R",570,"A",,"A",,"G",19,"A",,"G",19,"A",,"A",,2
461786,"A",,"R",65380,"A",,"G",73,"A",,"R",66,"A",,"A",,1
461795,"R",5424,"A",,"A",,"G",181,"A",,"G",181,"A",,"A",,2
461801,"A",,"R",41793,"A",,"G",46,"A",,"G",46,"A",,"A",,1
461810,"R",1100,"A",,"A",,"G",37,"A",,"G",37,"A",,"A",,2
461829,"A",,"R",181133,"A",,"G",201,"A",,"G",201,"A",,"A",,1
461838,"A",,"R",94210,"A",,"G",105,"A",,"G",105,"A",,"A",,1
461847,"R",1695,"A",,"A",,"G",57,"A",,"G",57,"A",,"A",,2
461856,"R",4761,"A",,"A",,"G",159,"A",,"G",159,"A",,"A",,2
461865,"A",,"R",154122,"A",,"G",171,"A",,"G",171,"A",,"A",,1
461874,"A",,"R",76000,"A",,"G",84,"A",,"R",83,"A",,"A",,1
461883,"R",1827,"A",,"R",1383,"G",61,"G",58,"G",61,"G",58,"A",,2
461892,"R",3078,"R",1960,"A",,"G",105,"A",,"G",105,"A",,"A",,3
461908,"A",,"R",157296,"A",,"G",175,"A",,"G",175,"A",,"A",,1
461917,"A",,"R",260305,"A",,"G",289,"A",,"G",289,"A",,"A",,1
461926,"A",,"R",124648,"A",,"G",138,"A",,"G",138,"A",,"A",,1
461935,"A",,"R",69952,"A",,"G",78,"A",,"G",78,"A",,"A",,1
461944,"A",,"R",100950,"A",,"G",112,"A",,"G",112,"A",,"A",,1
461953,"R",2877,"A",,"A",,"G",64,"A",,"G",64,"A",,"A",,2
461962,"R",19542,"A",,"A",,"G",434,"A",,"G",434,"A",,"A",,2
461971,"A",,"R",47000,"A",,"G",52,"A",,"R",37,"A",,"A",,1
461980,"A",,"R",150428,"A",,"G",167,"A",,"G",167,"A",,"A",,1
461999,"A",,"R",24356,"A",,"G",27,"A",,"G",27,"A",,"A",,1
462008,"A",,"R",271840,"A",,"G",302,"A",,"G",302,"A",,"A",,1
462017,"A",,"R",82349,"A",,"G",91,"A",,"G",91,"A",,"A",,1
462026,"A",,"R",30000,"A",,"G",33,"A",,"G",33,"A",,"A",,1
462035,"A",,"R",67260,"A",,"G",75,"A",,"G",75,"A",,"A",,1
462044,"A",,"A",,"R",531,"A",,"G",22,"A",,"R",27,"A",,-2
462053,"A",,"R",35696,"A",,"G",40,"A",,"G",40,"A",,"A",,1
462062,"A",,"R",63727,"A",,"G",71,"A",,"G",71,"A",,"A",,1
462071,"A",,"R",285405,"A",,"G",317,"A",,"G",317,"A",,"A",,1
462080,"A",,"A",,"R",2232,"A",,"G",93,"A",,"R",83,"A",,-2
462099,"A",,"A",,"R",7057,"A",,"G",294,"A",,"R",261,"A",,-2
462105,"A",,"A",,"R",22863,"A",,"G",953,"A",,"R",847,"A",,-2
462114,"A",,"A",,"R",17115,"A",,"G",713,"A",,"R",634,"A",,-2
462123,"A",,"A",,"R",5743,"A",,"G",239,"A",,"R",213,"A",,-2
462132,"A",,"A",,"R",2968,"A",,"G",124,"A",,"R",110,"A",,-2
462141,"A",,"A",,"R",6029,"A",,"G",251,"A",,"R",223,"A",,-2
462150,"A",,"A",,"R",3999,"A",,"G",167,"A",,"R",148,"A",,-2
462169,"A",,"A",,"R",1476,"A",,"G",62,"A",,"R",55,"A",,-2
462178,"A",,"A",,"R",1759,"A",,"G",73,"A",,"R",65,"A",,-2
462187,"A",,"A",,"R",4524,"A",,"G",189,"A",,"R",168,"A",,-2
462196,"A",,"A",,"R",1078,"A",,"G",45,"A",,"R",40,"A",,-2
462202,"A",,"A",,"R",338,"A",,"G",14,"A",,"R",13,"A",,-2
462211,"A",,"A",,"R",5748,"A",,"G",240,"A",,"R",213,"A",,-2
462220,"A",,"A",,"R",2346,"A",,"G",98,"A",,"R",87,"A",,-2
462239,"R",1060,"A",,"A",,"G",35,"A",,"G",35,"A",,"A",,2
462257,"R",3292,"A",,"A",,"G",73,"A",,"G",73,"A",,"A",,2
462266,"R",4749,"A",,"A",,"G",106,"A",,"G",106,"A",,"A",,2
462293,"A",,"R",460440,"A",,"G",512,"A",,"G",512,"A",,"A",,1
462309,"A",,"R",70422,"A",,"G",78,"A",,"G",78,"A",,"A",,1
462318,"A",,"R",77400,"A",,"G",86,"A",,"R",110,"A",,"A",,1
462327,"A",,"R",88200,"A",,"G",98,"A",,"R",147,"A",,"A",,1
462336,"A",,"R",20244,"A",,"G",22,"A",,"R",24,"A",,"A",,1
462345,"A",,"R",48000,"A",,"G",53,"A",,"G",53,"A",,"A",,1
462354,"R",5766,"A",,"R",870,"G",128,"G",24,"G",128,"G",24,"A",,2
462363,"R",3533,"A",,"A",,"G",79,"A",,"G",79,"A",,"A",,2
462372,"R",3757,"A",,"A",,"G",83,"A",,"G",83,"A",,"A",,2
462390,"R",1183,"A",,"A",,"G",39,"A",,"G",39,"A",,"A",,2
462406,"R",459,"A",,"A",,"G",15,"A",,"G",15,"A",,"A",,2
463621,"R",33482,"A",,"A",,"G",1116,"A",,"G",1116,"A",,"A",,2
465812,"R",43223,"A",,"R",2126,"G",1441,"G",89,"G",1441,"G",89,"A",,2
466152,"R",6186,"A",,"A",,"G",137,"A",,"G",137,"A",,"A",,2
466161,"R",3458,"A",,"A",,"G",77,"A",,"G",77,"A",,"A",,2
466170,"R",10650,"A",,"A",,"G",237,"A",,"G",237,"A",,"A",,2
466189,"R",4995,"A",,"A",,"G",111,"A",,"G",111,"A",,"A",,2
466514,"R",10999,"A",,"A",,"G",244,"A",,"G",244,"A",,"A",,2
466523,"R",1991,"A",,"A",,"G",66,"A",,"G",66,"A",,"A",,2
466921,"R",184458,"A",,"A",,"G",6149,"A",,"R",5124,"A",,"A",,2
466930,"R",4240,"A",,"A",,"G",141,"A",,"R",118,"A",,"A",,2
467058,"R",4737,"A",,"A",,"G",105,"A",,"G",105,"A",,"A",,2
467094,"A",,"R",215166,"A",,"G",239,"A",,"G",239,"A",,"A",,1
467155,"R",35876,"A",,"A",,"G",1196,"A",,"G",1196,"A",,"A",,2
467340,"R",8340,"A",,"A",,"G",278,"A",,"G",278,"A",,"A",,2
467368,"R",3990,"A",,"A",,"G",133,"A",,"G",133,"A",,"A",,2
467508,"A",,"R",81174,"A",,"G",90,"A",,"G",90,"A",,"A",,1
467517,"A",,"R",100706,"A",,"G",112,"A",,"G",112,"A",,"A",,1
467526,"A",,"R",103273,"A",,"G",115,"A",,"G",115,"A",,"A",,1
467535,"A",,"R",159868,"A",,"G",178,"A",,"G",178,"A",,"A",,1
467544,"A",,"R",33793,"A",,"G",38,"A",,"G",38,"A",,"A",,1
467553,"A",,"R",68987,"A",,"G",77,"A",,"G",77,"A",,"A",,1
467562,"A",,"R",51177,"A",,"G",57,"A",,"G",57,"A",,"A",,1
467571,"A",,"R",74205,"A",,"G",82,"A",,"G",82,"A",,"A",,1
467580,"A",,"R",31578,"A",,"G",35,"A",,"G",35,"A",,"A",,1
467599,"A",,"R",85895,"A",,"G",95,"A",,"G",95,"A",,"A",,1
467605,"A",,"R",115211,"A",,"G",128,"A",,"G",128,"A",,"A",,1
467614,"A",,"R",78434,"A",,"G",87,"A",,"G",87,"A",,"A",,1
467623,"A",,"R",93672,"A",,"G",104,"A",,"G",104,"A",,"A",,1
467632,"A",,"R",87568,"A",,"G",97,"A",,"G",97,"A",,"A",,1
467641,"A",,"R",166080,"A",,"G",185,"A",,"G",185,"A",,"A",,1
467650,"A",,"R",72106,"A",,"G",80,"A",,"G",80,"A",,"A",,1
467669,"A",,"R",79736,"A",,"G",89,"A",,"G",89,"A",,"A",,1
467678,"A",,"R",72682,"A",,"G",81,"A",,"G",81,"A",,"A",,1
467784,"R",24777,"A",,"A",,"G",826,"A",,"G",826,"A",,"A",,2
467793,"R",4965,"A",,"A",,"G",110,"A",,"G",110,"A",,"A",,2
467809,"A",,"R",104364,"A",,"G",116,"A",,"G",116,"A",,"A",,1
467863,"A",,"R",225450,"A",,"G",251,"A",,"G",251,"A",,"A",,1
467872,"A",,"R",206030,"A",,"G",229,"A",,"G",229,"A",,"A",,1
467881,"R",26262,"A",,"A",,"G",875,"A",,"G",875,"A",,"A",,2
467906,"A",,"R",165230,"A",,"G",184,"A",,"G",184,"A",,"A",,1
468006,"A",,"A",,"R",3232,"A",,"G",135,"A",,"G",135,"A",,-2
468015,"R",16593,"A",,"A",,"G",369,"A",,"G",369,"A",,"A",,2
468024,"R",5334,"A",,"R",1261,"G",119,"G",35,"G",119,"G",35,"A",,2
468246,"A",,"R",249860,"A",,"G",278,"A",,"G",278,"A",,"A",,1
468255,"A",,"R",147965,"A",,"G",164,"A",,"G",164,"A",,"A",,1
468398,"R",7483,"A",,"A",,"G",166,"A",,"G",166,"A",,"A",,2
468705,"A",,"R",75250,"A",,"G",84,"A",,"G",84,"A",,"A",,1
468723,"R",8360,"A",,"A",,"G",279,"A",,"G",279,"A",,"A",,2
468732,"A",,"R",188920,"A",,"G",210,"A",,"G",210,"A",,"A",,1
468769,"A",,"R",199980,"A",,"G",222,"A",,"G",222,"A",,"A",,1
468866,"A",,"R",24206,"A",,"G",27,"A",,"G",27,"A",,"A",,1
468875,"A",,"R",166520,"A",,"G",185,"A",,"G",185,"A",,"A",,1
468893,"A",,"R",125610,"A",,"G",140,"A",,"G",140,"A",,"A",,1
468963,"A",,"R",238140,"A",,"G",265,"A",,"G",265,"A",,"A",,1
469054,"R",10410,"A",,"A",,"G",347,"A",,"G",347,"A",,"A",,2
469124,"A",,"R",263329,"A",,"G",293,"A",,"G",293,"A",,"A",,1
469133,"A",,"R",585055,"A",,"G",650,"A",,"G",650,"A",,"A",,1
469142,"A",,"R",449960,"A",,"G",500,"A",,"G",500,"A",,"A",,1
469151,"R",11850,"A",,"A",,"G",395,"A",,"G",395,"A",,"A",,2
469160,"R",8523,"A",,"A",,"G",284,"A",,"G",284,"A",,"A",,2
469188,"R",12820,"A",,"A",,"G",427,"A",,"G",427,"A",,"A",,2
469197,"A",,"R",81170,"A",,"G",90,"A",,"G",90,"A",,"A",,1
469391,"R",3156,"A",,"A",,"G",105,"A",,"G",105,"A",,"A",,2
469407,"R",15862,"A",,"A",,"G",529,"A",,"G",529,"A",,"A",,2
469416,"R",18652,"A",,"A",,"G",622,"A",,"G",622,"A",,"A",,2
469568,"R",15236,"A",,"A",,"G",508,"A",,"G",508,"A",,"A",,2
469586,"A",,"R",141120,"A",,"G",157,"A",,"G",157,"A",,"A",,1
469610,"R",37350,"A",,"A",,"G",1245,"A",,"G",1245,"A",,"A",,2
469629,"R",5390,"A",,"A",,"G",180,"A",,"R",167,"A",,"A",,2
469638,"R",6473,"A",,"A",,"G",216,"A",,"G",216,"A",,"A",,2
469647,"R",13257,"A",,"A",,"G",442,"A",,"G",442,"A",,"A",,2
469911,"A",,"R",124743,"A",,"G",139,"A",,"G",139,"A",,"A",,1
469920,"A",,"R",126433,"A",,"G",140,"A",,"G",140,"A",,"A",,1
469957,"A",,"R",185647,"A",,"G",206,"A",,"G",206,"A",,"A",,1
469975,"R",3492,"A",,"A",,"G",116,"A",,"G",116,"A",,"A",,2
469993,"A",,"R",32271,"A",,"G",36,"A",,"G",36,"A",,"A",,1
470047,"A",,"R",22274,"A",,"G",25,"A",,"G",25,"A",,"A",,1
470092,"R",13209,"A",,"A",,"G",294,"A",,"G",294,"A",,"A",,2
470162,"R",18348,"A",,"A",,"G",408,"A",,"G",408,"A",,"A",,2
470223,"A",,"R",22500,"A",,"G",25,"A",,"G",25,"A",,"A",,1
470269,"R",15933,"R",11984,"A",,"G",544,"A",,"G",544,"A",,"A",,3
470296,"A",,"R",17153,"A",,"G",19,"A",,"G",19,"A",,"A",,1
470302,"R",8585,"A",,"A",,"G",286,"A",,"G",286,"A",,"A",,2
470393,"A",,"R",71320,"A",,"G",79,"A",,"G",79,"A",,"A",,1
470852,"R",4102,"A",,"A",,"G",91,"A",,"G",91,"A",,"A",,2
470861,"R",8631,"A",,"A",,"G",192,"A",,"G",192,"A",,"A",,2
470870,"R",4305,"A",,"A",,"G",96,"A",,"G",96,"A",,"A",,2
470889,"R",10610,"A",,"A",,"G",236,"A",,"G",236,"A",,"A",,2
470898,"R",9117,"A",,"A",,"G",203,"A",,"G",203,"A",,"A",,2
470904,"R",4507,"A",,"A",,"G",100,"A",,"G",100,"A",,"A",,2
474702,"R",1896,"A",,"R",126,"G",63,"G",5,"G",63,"G",5,"A",,2
474863,"R",4376,"A",,"A",,"G",146,"A",,"G",146,"A",,"A",,2
474881,"R",3780,"A",,"A",,"G",126,"A",,"G",126,"A",,"A",,2
474890,"R",14910,"A",,"A",,"G",497,"A",,"G",497,"A",,"A",,2
474906,"R",3027,"A",,"A",,"G",101,"A",,"G",101,"A",,"A",,2
474915,"A",,"R",369000,"A",,"G",410,"A",,"G",410,"A",,"A",,1
474924,"A",,"R",186300,"A",,"G",207,"A",,"G",207,"A",,"A",,1
474933,"A",,"R",106898,"A",,"G",119,"A",,"G",119,"A",,"A",,1
474942,"A",,"R",64294,"A",,"G",71,"A",,"G",71,"A",,"A",,1
474951,"R",14618,"A",,"R",1698,"G",487,"G",71,"G",487,"G",71,"A",,2
474960,"R",6775,"A",,"R",951,"G",226,"G",40,"G",226,"G",40,"A",,2
474979,"R",7550,"A",,"R",510,"G",252,"G",21,"G",252,"G",21,"A",,2
474997,"R",21750,"A",,"A",,"G",725,"A",,"G",725,"A",,"A",,2
475015,"A",,"R",234570,"A",,"G",261,"A",,"R",278,"A",,"A",,1
475024,"R",10020,"A",,"A",,"G",223,"A",,"R",334,"A",,"A",,2
475042,"R",4528,"A",,"A",,"G",101,"A",,"G",101,"A",,"A",,2
475051,"R",5155,"A",,"A",,"G",172,"A",,"G",172,"A",,"A",,2
475060,"R",6810,"R",12490,"A",,"G",165,"A",,"G",165,"A",,"A",,3
475079,"R",6810,"R",12490,"A",,"G",165,"A",,"G",165,"A",,"A",,3
475088,"A",,"R",600,"A",,"G",1,"A",,"G",1,"A",,"A",,1
475097,"A",,"R",89253,"A",,"G",99,"A",,"G",99,"A",,"A",,1
475121,"R",484003,"A",,"R",29637,"G",16133,"G",1235,"G",16133,"G",1235,"A",,2
475130,"R",4770,"A",,"A",,"G",159,"A",,"G",159,"A",,"A",,2
475176,"R",8666,"A",,"A",,"G",289,"A",,"R",315,"A",,"A",,2
475185,"R",4379,"A",,"A",,"G",146,"A",,"G",146,"A",,"A",,2
475194,"R",7162,"R",68930,"A",,"G",236,"A",,"G",236,"A",,"A",,3
475200,"R",8331,"A",,"R",174,"G",278,"G",7,"G",278,"G",7,"A",,2
475228,"A",,"A",,"A",,"A",,"A",,"A",,"A",,"R",99,-2
475237,"R",491,"A",,"R",281,"G",16,"G",12,"G",16,"G",12,"R",7,2
475246,"R",6519,"A",,"A",,"G",217,"A",,"G",217,"A",,"A",,2
475255,"A",,"R",44314,"A",,"G",49,"A",,"G",49,"A",,"A",,1
475273,"R",45340,"A",,"R",13561,"G",1511,"G",565,"G",1511,"G",565,"A",,2
475282,"A",,"R",95732,"A",,"G",106,"A",,"G",106,"A",,"A",,1
475291,"R",10443,"A",,"A",,"G",232,"A",,"G",232,"A",,"A",,2
475325,"A",,"R",503400,"A",,"G",559,"A",,"G",559,"A",,"A",,1
475352,"R",23239,"A",,"A",,"G",516,"A",,"G",516,"A",,"A",,2
475370,"R",11440,"R",26875,"A",,"G",284,"A",,"G",284,"A",,"A",,3
475389,"A",,"R",37577,"A",,"G",42,"A",,"G",42,"A",,"A",,1
475404,"A",,"R",48720,"A",,"G",54,"A",,"G",54,"A",,"A",,1
475413,"A",,"R",57948,"A",,"G",64,"A",,"G",64,"A",,"A",,1
475422,"R",3030,"A",,"A",,"G",101,"A",,"G",101,"A",,"A",,2
475431,"A",,"R",12400,"A",,"G",14,"A",,"G",14,"A",,"A",,1
475440,"A",,"R",18810,"A",,"G",21,"A",,"R",19,"A",,"A",,1
475459,"R",2585,"R",11938,"A",,"G",99,"A",,"G",99,"A",,"A",,3
475468,"A",,"R",76267,"A",,"G",85,"A",,"G",85,"A",,"A",,1
475477,"R",1124,"A",,"A",,"G",25,"A",,"G",25,"A",,"A",,2
475486,"A",,"R",147540,"A",,"G",164,"A",,"G",164,"A",,"A",,1
475495,"A",,"A",,"R",3422,"A",,"G",143,"A",,"G",143,"R",239,-2
475501,"R",1404,"A",,"A",,"G",47,"A",,"G",47,"A",,"A",,2
475510,"A",,"A",,"R",1636,"A",,"G",45,"A",,"G",45,"A",,-2
475529,"A",,"R",29505,"A",,"G",33,"A",,"G",33,"A",,"A",,1
475538,"A",,"R",80000,"A",,"G",89,"A",,"G",89,"A",,"A",,1
475547,"A",,"R",82445,"A",,"G",92,"A",,"G",92,"A",,"A",,1
475556,"A",,"N",5435,"A",,"N",6,"A",,"N",6,"A",,"A",,1
475574,"A",,"R",17682,"A",,"G",20,"A",,"G",20,"A",,"A",,1
475583,"R",4280,"A",,"A",,"G",143,"A",,"G",143,"A",,"A",,2
475592,"R",448,"R",6840,"A",,"G",18,"A",,"G",18,"A",,"A",,3
475608,"R",4389,"A",,"R",1339,"G",146,"G",56,"G",146,"G",56,"A",,2
475617,"R",4404,"R",7793,"A",,"G",107,"A",,"G",107,"A",,"A",,3
475626,"A",,"R",43153,"A",,"G",48,"A",,"R",46,"A",,"A",,1
475635,"R",1008,"A",,"A",,"G",22,"A",,"G",22,"A",,"A",,2
475644,"A",,"R",17280,"A",,"G",19,"A",,"G",19,"A",,"A",,1
475653,"A",,"R",24324,"A",,"G",27,"A",,"G",27,"A",,"A",,1
475662,"A",,"R",65820,"A",,"G",73,"A",,"G",73,"A",,"A",,1
475680,"A",,"R",90111,"A",,"G",100,"A",,"G",100,"A",,"A",,1
475699,"R",923,"A",,"A",,"G",31,"A",,"G",31,"A",,"A",,2
475705,"A",,"R",22680,"A",,"G",25,"A",,"G",25,"A",,"A",,1
475714,"R",498,"R",153245,"A",,"G",187,"A",,"G",187,"A",,"A",,3
475723,"A",,"R",86802,"A",,"G",96,"A",,"G",96,"A",,"A",,1
475750,"R",819,"A",,"A",,"G",27,"A",,"G",27,"A",,"A",,2
475787,"R",30,"A",,"R",30,"G",1,"G",1,"G",1,"G",1,"A",,2
475811,"A",,"A",,"R",6336,"A",,"G",264,"A",,"R",198,"A",,-2
475839,"R",1310,"A",,"A",,"G",44,"A",,"G",44,"A",,"A",,2
475857,"A",,"R",4738,"A",,"G",5,"A",,"G",5,"A",,"A",,1
475875,"R",2280,"A",,"R",335,"G",51,"G",9,"G",51,"G",9,"A",,2
475884,"R",2010,"A",,"R",404,"G",45,"G",11,"G",45,"G",11,"A",,2
476063,"A",,"R",211500,"A",,"G",235,"A",,"G",235,"A",,"A",,1
476072,"R",287,"A",,"R",12,"G",10,"G",1,"G",10,"G",1,"A",,2
476090,"A",,"R",47975,"A",,"G",53,"A",,"G",53,"A",,"A",,1
476106,"A",,"R",33500,"A",,"G",37,"A",,"G",37,"A",,"A",,1
476115,"A",,"R",31110,"A",,"G",35,"A",,"G",35,"A",,"A",,1
476124,"A",,"R",11526,"A",,"G",13,"A",,"G",13,"A",,"A",,1
476133,"A",,"R",96123,"A",,"G",107,"A",,"G",107,"A",,"A",,1
476142,"A",,"R",29741,"A",,"G",33,"A",,"G",33,"A",,"A",,1
476151,"A",,"R",24545,"A",,"G",27,"A",,"G",27,"A",,"A",,1
476160,"A",,"R",24068,"A",,"G",27,"A",,"G",27,"A",,"A",,1
476179,"A",,"R",7490,"A",,"G",8,"A",,"G",8,"A",,"A",,1
476203,"R",3065,"A",,"A",,"G",102,"A",,"G",102,"A",,"A",,2
476294,"A",,"R",3802,"A",,"G",4,"A",,"G",4,"A",,"A",,1
476319,"R",404,"A",,"A",,"G",13,"A",,"G",13,"A",,"A",,2
476328,"R",9636,"A",,"A",,"G",321,"A",,"G",321,"A",,"A",,2
476337,"R",1195,"A",,"A",,"G",40,"A",,"G",40,"A",,"A",,2
476346,"A",,"R",144786,"A",,"G",161,"A",,"G",161,"A",,"A",,1
476355,"R",864,"A",,"A",,"G",19,"A",,"G",19,"A",,"A",,2
476373,"A",,"R",7453,"A",,"G",8,"A",,"G",8,"A",,"A",,1
476382,"R",3600,"A",,"A",,"G",120,"A",,"G",120,"A",,"A",,2
476391,"R",480,"A",,"A",,"G",16,"A",,"G",16,"A",,"A",,2
476470,"A",,"R",221122,"A",,"G",246,"A",,"G",246,"A",,"A",,1
476489,"R",1500,"A",,"A",,"G",50,"A",,"G",50,"A",,"A",,2
476498,"A",,"R",53000,"A",,"G",59,"A",,"G",59,"A",,"A",,1
476504,"A",,"R",213804,"A",,"G",238,"A",,"G",238,"A",,"A",,1
476513,"A",,"R",104087,"A",,"G",116,"A",,"G",116,"A",,"A",,1
476522,"A",,"R",69202,"A",,"G",77,"A",,"G",77,"A",,"A",,1
476531,"A",,"R",30000,"A",,"G",33,"A",,"G",33,"A",,"A",,1
476540,"A",,"R",74627,"A",,"G",83,"A",,"G",83,"A",,"A",,1
476559,"A",,"R",85431,"A",,"G",95,"A",,"G",95,"A",,"A",,1
476568,"A",,"R",3000,"A",,"G",3,"A",,"G",3,"A",,"A",,1
476577,"R",6210,"A",,"A",,"G",207,"A",,"G",207,"A",,"A",,2
476586,"A",,"R",74189,"A",,"G",82,"A",,"G",82,"A",,"A",,1
476595,"A",,"R",33723,"A",,"G",37,"A",,"G",37,"A",,"A",,1
476601,"R",1650,"A",,"A",,"G",55,"A",,"G",55,"A",,"A",,2
476610,"A",,"R",20175,"A",,"G",22,"A",,"G",22,"A",,"A",,1
476629,"A",,"R",106200,"A",,"G",118,"A",,"G",118,"A",,"A",,1
476638,"A",,"N",4333,"A",,"N",5,"A",,"N",5,"A",,"A",,1
476647,"A",,"R",78120,"A",,"G",87,"A",,"G",87,"A",,"A",,1
476656,"A",,"R",10080,"A",,"G",11,"A",,"G",11,"A",,"A",,1
476665,"A",,"R",74700,"A",,"G",83,"A",,"G",83,"A",,"A",,1
476674,"A",,"R",71436,"A",,"G",79,"A",,"G",79,"A",,"A",,1
476683,"A",,"R",124686,"A",,"G",139,"A",,"G",139,"A",,"A",,1
476692,"R",1096,"A",,"A",,"G",37,"A",,"G",37,"A",,"A",,2
476708,"A",,"R",42340,"A",,"G",47,"A",,"R",42,"A",,"A",,1
476717,"R",7296,"A",,"A",,"G",243,"A",,"G",243,"A",,"A",,2
476726,"A",,"R",75951,"A",,"G",84,"A",,"G",84,"A",,"A",,1
476735,"R",1000,"A",,"A",,"G",33,"A",,"G",33,"A",,"A",,2
476744,"A",,"R",52200,"A",,"G",58,"A",,"G",58,"A",,"A",,1
476753,"A",,"R",97861,"A",,"G",109,"A",,"G",109,"A",,"A",,1
476762,"A",,"R",73096,"A",,"G",81,"A",,"G",81,"A",,"A",,1
476771,"A",,"R",15252,"A",,"G",17,"A",,"G",17,"A",,"A",,1
476780,"A",,"R",191679,"A",,"G",213,"A",,"G",213,"A",,"A",,1
476799,"A",,"R",64400,"A",,"G",72,"A",,"G",72,"A",,"A",,1
476805,"A",,"R",18510,"A",,"G",21,"A",,"G",21,"A",,"A",,1
476814,"A",,"R",28700,"A",,"G",32,"A",,"G",32,"A",,"A",,1
476823,"R",838,"A",,"A",,"G",28,"A",,"R",35,"A",,"A",,2
476832,"A",,"R",3307,"A",,"G",4,"A",,"G",4,"A",,"A",,1
476841,"A",,"R",200870,"A",,"G",223,"A",,"G",223,"A",,"A",,1
476850,"A",,"R",43477,"A",,"G",48,"A",,"G",48,"A",,"A",,1
476869,"A",,"R",196400,"A",,"G",218,"A",,"G",218,"A",,"A",,1
476878,"A",,"R",40800,"A",,"G",45,"A",,"R",27,"A",,"A",,1
476887,"A",,"R",58728,"A",,"G",65,"A",,"G",65,"A",,"A",,1
476896,"A",,"R",47083,"A",,"G",52,"A",,"G",52,"A",,"A",,1
476902,"A",,"R",24366,"A",,"G",27,"A",,"G",27,"A",,"A",,1
476911,"A",,"R",107600,"A",,"G",120,"A",,"G",120,"A",,"A",,1
476939,"A",,"R",28500,"A",,"G",32,"A",,"G",32,"A",,"A",,1
476948,"R",1440,"A",,"A",,"G",48,"A",,"G",48,"A",,"A",,2
476957,"A",,"R",9012,"A",,"G",10,"A",,"G",10,"A",,"A",,1
476966,"A",,"R",75900,"A",,"G",84,"A",,"G",84,"A",,"A",,1
476975,"R",60967,"A",,"R",15657,"G",2032,"G",652,"G",2032,"G",652,"A",,2
476984,"A",,"R",86580,"A",,"G",96,"A",,"G",96,"A",,"A",,1
476993,"A",,"R",72772,"A",,"G",81,"A",,"G",81,"A",,"A",,1
477002,"A",,"R",49078,"A",,"G",55,"A",,"G",55,"A",,"A",,1
477020,"R",1920,"A",,"R",401,"G",43,"G",11,"G",43,"G",11,"A",,2
477039,"R",447,"A",,"A",,"G",15,"A",,"G",15,"A",,"A",,2
477950,"A",,"R",72760,"A",,"G",81,"A",,"G",81,"A",,"A",,1
477996,"R",3762,"A",,"A",,"G",84,"A",,"G",84,"A",,"A",,2
478005,"R",2692,"A",,"A",,"G",60,"A",,"G",60,"A",,"A",,2
478014,"R",3762,"A",,"A",,"G",84,"A",,"G",84,"A",,"A",,2
478582,"A",,"R",62919,"A",,"G",70,"A",,"G",70,"A",,"A",,1
478591,"A",,"R",65513,"A",,"G",73,"A",,"G",73,"A",,"A",,1
478616,"A",,"R",29211,"A",,"G",32,"A",,"G",32,"A",,"A",,1
478643,"A",,"R",1231,"A",,"G",1,"A",,"G",1,"A",,"A",,1
478661,"A",,"R",58052,"A",,"G",65,"A",,"G",65,"A",,"A",,1
478917,"A",,"R",9076,"A",,"G",10,"A",,"G",10,"A",,"A",,1
478953,"A",,"R",218625,"A",,"G",243,"A",,"G",243,"A",,"A",,1
479053,"A",,"R",33750,"A",,"G",38,"A",,"G",38,"A",,"A",,1
479062,"R",384,"A",,"A",,"G",13,"A",,"G",13,"A",,"A",,2
479123,"A",,"R",20508,"A",,"G",23,"A",,"R",27,"A",,"A",,1
479248,"A",,"R",58560,"A",,"G",65,"A",,"G",65,"A",,"A",,1
479424,"A",,"R",118576,"A",,"G",132,"A",,"G",132,"A",,"A",,1
479549,"R",5784,"A",,"A",,"G",129,"A",,"G",129,"A",,"A",,2
479558,"R",2604,"A",,"A",,"G",58,"A",,"G",58,"A",,"A",,2
479567,"R",608,"A",,"A",,"G",14,"A",,"G",14,"A",,"A",,2
479576,"R",905,"A",,"A",,"G",20,"A",,"G",20,"A",,"A",,2
479585,"R",657,"A",,"A",,"G",15,"A",,"G",15,"A",,"A",,2
479594,"R",3368,"A",,"A",,"G",75,"A",,"G",75,"A",,"A",,2
479600,"R",1476,"A",,"A",,"G",33,"A",,"G",33,"A",,"A",,2
479619,"R",1292,"A",,"A",,"G",29,"A",,"G",29,"A",,"A",,2
479628,"R",4145,"A",,"A",,"G",92,"A",,"G",92,"A",,"A",,2
479637,"R",257,"A",,"A",,"G",6,"A",,"G",6,"A",,"A",,2
479646,"R",527,"A",,"A",,"G",12,"A",,"G",12,"A",,"A",,2
479655,"R",872,"A",,"A",,"G",19,"A",,"G",19,"A",,"A",,2
479664,"R",189,"A",,"A",,"G",4,"A",,"G",4,"A",,"A",,2
479770,"R",468,"A",,"R",57,"G",16,"G",2,"G",16,"G",2,"A",,2
479956,"R",108185,"A",,"R",39097,"G",3606,"G",1629,"G",3606,"G",1629,"A",,2
479965,"A",,"R",50720,"A",,"G",56,"A",,"G",56,"A",,"A",,1
479974,"A",,"R",38442,"A",,"G",43,"A",,"R",65,"A",,"A",,1
479983,"R",1260,"A",,"A",,"G",42,"A",,"G",42,"A",,"A",,2
479992,"A",,"R",21120,"A",,"G",23,"A",,"R",18,"A",,"A",,1
480000,"A",,"R",43960,"A",,"G",49,"A",,"G",49,"A",,"A",,1
480019,"A",,"R",93329,"A",,"G",104,"A",,"G",104,"A",,"A",,1
480028,"A",,"R",21300,"A",,"G",24,"A",,"G",24,"A",,"A",,1
480037,"A",,"R",241920,"A",,"G",269,"A",,"G",269,"A",,"A",,1
480073,"R",1916,"A",,"R",64,"G",43,"G",2,"G",43,"G",2,"A",,2
480082,"R",640,"A",,"R",104,"G",14,"G",3,"G",14,"G",3,"A",,2
480091,"R",63180,"A",,"A",,"G",2106,"A",,"G",2106,"A",,"A",,2
480125,"A",,"R",65514,"A",,"G",73,"A",,"G",73,"A",,"A",,1
480134,"R",10047,"A",,"R",228,"G",335,"G",10,"G",335,"G",10,"A",,2
480143,"R",1110,"A",,"A",,"G",37,"A",,"G",37,"A",,"A",,2
480152,"R",258,"R",118154,"A",,"G",140,"A",,"G",140,"A",,"A",,3
480161,"A",,"R",403,"A",,"G",0,"A",,"R",1,"A",,"A",,1
480170,"A",,"R",21805,"A",,"G",24,"A",,"G",24,"A",,"A",,1
480189,"R",26659,"R",158430,"A",,"G",1065,"A",,"G",1065,"A",,"A",,3
480198,"R",24373,"A",,"R",2186,"G",812,"G",91,"G",812,"G",91,"A",,2
480204,"R",1236,"A",,"A",,"G",41,"A",,"G",41,"A",,"A",,2
480310,"A",,"R",8463,"A",,"G",9,"A",,"G",9,"A",,"A",,1
480338,"R",3576,"A",,"A",,"G",119,"A",,"G",119,"A",,"A",,2
480347,"A",,"R",42110,"A",,"G",47,"A",,"R",56,"A",,"A",,1
480356,"R",1230,"A",,"A",,"G",41,"A",,"G",41,"A",,"A",,2
480444,"R",12,"A",,"R",9,"G",0,"G",0,"R",1,"R",1,"R",156,2
480480,"R",120,"A",,"A",,"G",3,"A",,"R",10,"A",,"A",,2
480499,"R",51,"A",,"R",290,"G",2,"G",12,"R",0,"R",2,"A",,2
480505,"R",173,"A",,"A",,"G",4,"A",,"G",4,"A",,"A",,2
480514,"R",10960,"A",,"A",,"G",365,"A",,"G",365,"A",,"A",,2
480523,"A",,"R",43920,"A",,"G",49,"A",,"G",49,"A",,"A",,1
480532,"A",,"R",8640,"A",,"G",10,"A",,"G",10,"A",,"A",,1
480569,"R",35812,"A",,"R",59214,"G",1194,"G",2467,"G",1194,"G",2467,"A",,2
