UNITID,XCDACTUA,CDACTUA,XCNACTUA,CNACTUA,XCDACTGA,CDACTGA,XEFTEUG,EFTEUG,XEFTEGD,EFTEGD,XFTEUG,FTEUG,XFTEGD,FTEGD,ACTTYPE 
100654,"R",131684,"A",,"R",15163,"G",4389,"G",632,"G",4389,"G",632,2
100663,"R",291383,"A",,"R",143706,"G",9713,"G",5988,"G",9713,"G",5988,2
100690,"R",10672,"A",,"R",6554,"G",356,"G",273,"G",356,"G",273,2
100706,"R",162214,"A",,"R",21655,"G",5407,"G",902,"R",5407,"R",957,2
100724,"R",148932,"A",,"R",15956,"G",4964,"G",665,"G",4964,"G",665,2
100751,"R",691952,"A",,"R",100010,"G",23065,"G",4167,"G",23065,"G",4167,2
100760,"R",66304,"A",,"A",,"G",2210,"A",,"G",2210,"A",,2
100812,"R",88139,"A",,"A",,"G",2938,"A",,"G",2938,"A",,2
100830,"R",113517,"A",,"R",15253,"G",3784,"G",636,"G",3784,"G",636,2
100858,"R",575751,"A",,"R",106112,"G",19192,"G",4421,"G",19192,"G",4421,2
100937,"R",53638,"A",,"R",489,"G",1788,"G",20,"R",1490,"R",20,2
101028,"R",44167,"A",,"A",,"G",1472,"A",,"G",1472,"A",,2
101073,"R",15388,"A",,"A",,"G",513,"A",,"G",513,"A",,2
101116,"R",25711,"A",,"R",1320,"G",571,"G",37,"G",571,"G",37,2
101143,"R",82253,"A",,"A",,"G",2742,"A",,"G",2742,"A",,2
101161,"R",115539,"A",,"A",,"G",3851,"A",,"G",3851,"A",,2
101189,"R",86659,"A",,"R",14068,"G",2889,"G",586,"G",2889,"G",586,2
101240,"R",182437,"A",,"A",,"G",6081,"A",,"G",6081,"A",,2
101286,"R",124945,"A",,"A",,"G",4165,"A",,"G",4165,"A",,2
101295,"R",171206,"A",,"A",,"G",5707,"A",,"G",5707,"A",,2
101301,"R",58464,"A",,"A",,"G",1949,"A",,"G",1949,"A",,2
101365,"R",15295,"A",,"A",,"G",510,"A",,"G",510,"A",,2
101435,"R",29783,"A",,"A",,"G",993,"A",,"G",993,"A",,2
101453,"R",1341,"A",,"R",300,"G",45,"G",13,"G",45,"G",13,2
101462,"R",34170,"A",,"A",,"G",1139,"A",,"G",1139,"A",,2
101471,"R",21221,"A",,"A",,"G",707,"A",,"G",707,"A",,2
101480,"R",212370,"A",,"R",20435,"G",7079,"G",851,"G",7079,"G",851,2
101499,"R",36259,"A",,"A",,"G",1209,"A",,"G",1209,"A",,2
101505,"R",187924,"A",,"A",,"G",6264,"A",,"G",6264,"A",,2
101514,"R",251351,"A",,"A",,"G",8378,"A",,"G",8378,"A",,2
101541,"R",8754,"A",,"A",,"G",292,"A",,"R",365,"A",,2
101569,"R",112469,"A",,"A",,"G",3749,"A",,"G",3749,"A",,2
101587,"R",51782,"A",,"R",67417,"G",1726,"G",2809,"G",1726,"G",2809,2
101602,"R",49216,"A",,"A",,"G",1641,"A",,"G",1641,"A",,2
101648,"R",15412,"A",,"A",,"G",514,"A",,"G",514,"A",,2
101675,"R",55209,"A",,"A",,"G",1840,"A",,"G",1840,"A",,2
101693,"R",39709,"A",,"R",2578,"G",1324,"G",107,"G",1324,"G",107,2
101709,"R",73968,"A",,"R",9014,"G",2466,"G",376,"G",2466,"G",376,2
101736,"R",105047,"A",,"A",,"G",3502,"A",,"G",3502,"A",,2
101879,"R",160050,"A",,"R",16817,"G",5335,"G",701,"G",5335,"G",701,2
101897,"R",88904,"A",,"A",,"G",2963,"A",,"G",2963,"A",,2
101912,"R",51892,"A",,"R",1287,"G",1730,"G",54,"G",1730,"G",54,2
101949,"R",39381,"A",,"A",,"G",1313,"A",,"G",1313,"A",,2
101958,"R",2961,"A",,"A",,"G",66,"A",,"G",66,"A",,2
101994,"R",23090,"A",,"A",,"G",770,"A",,"G",770,"A",,2
102030,"R",84791,"A",,"A",,"G",2826,"A",,"G",2826,"A",,2
102049,"R",91216,"A",,"R",49415,"G",3041,"G",2059,"G",3041,"G",2059,2
102058,"R",13296,"A",,"R",372,"G",443,"G",16,"G",443,"G",16,2
102067,"R",153919,"A",,"A",,"G",5131,"A",,"G",5131,"A",,2
102076,"R",63284,"A",,"A",,"G",2109,"A",,"G",2109,"A",,2
102094,"R",313140,"A",,"R",59128,"G",10438,"G",2464,"R",10438,"R",2897,2
102234,"R",41214,"A",,"R",2592,"G",1374,"G",108,"G",1374,"G",108,2
102261,"R",5276,"A",,"A",,"G",176,"A",,"G",176,"A",,2
102270,"R",34359,"A",,"A",,"G",1145,"A",,"G",1145,"A",,2
102298,"R",19273,"A",,"A",,"G",642,"A",,"G",642,"A",,2
102313,"R",49722,"A",,"A",,"G",1657,"A",,"G",1657,"A",,2
102368,"R",372173,"A",,"R",77400,"G",12406,"G",3225,"G",12406,"G",3225,2
102377,"R",97722,"A",,"R",7052,"G",3257,"G",294,"G",3257,"G",294,2
102395,"R",3075,"A",,"R",7845,"G",103,"G",327,"G",103,"G",327,2
102429,"R",119924,"A",,"A",,"G",3997,"A",,"G",3997,"A",,2
102553,"R",330198,"A",,"R",26506,"G",11007,"G",1104,"R",11007,"R",1104,2
102580,"R",862,"A",,"A",,"G",29,"A",,"G",29,"A",,2
102614,"R",159681,"A",,"R",19752,"G",5323,"G",823,"R",5323,"R",823,2
102632,"R",44522,"A",,"R",9603,"G",1484,"G",400,"R",1484,"R",400,2
102669,"R",12746,"A",,"R",3809,"G",425,"G",159,"G",425,"G",159,2
102711,"A",,"R",336924,"A",,"G",374,"A",,"G",374,"A",,1
102845,"R",93456,"A",,"A",,"G",2077,"A",,"G",2077,"A",,2
103361,"R",8587,"A",,"A",,"G",286,"A",,"R",288,"A",,2
103501,"A",,"R",475575,"A",,"G",528,"A",,"G",528,"A",,1
103644,"R",182861,"A",,"A",,"G",4064,"A",,"R",4796,"A",,2
103723,"R",82434,"A",,"A",,"G",1832,"A",,"G",1832,"A",,2
103732,"A",,"R",165951,"A",,"G",184,"A",,"R",104,"A",,1
103741,"A",,"R",369616,"A",,"G",411,"A",,"R",231,"A",,1
103778,"R",42,"A",,"R",28648,"G",1,"G",1194,"G",1,"G",1194,2
103787,"R",2354,"A",,"A",,"G",78,"A",,"G",78,"A",,2
103811,"A",,"R",838560,"A",,"G",932,"A",,"G",932,"A",,1
103893,"R",29631,"A",,"A",,"G",988,"A",,"G",988,"A",,2
103909,"R",37723,"A",,"A",,"G",1257,"A",,"G",1257,"A",,2
103927,"R",23380,"A",,"A",,"G",779,"A",,"G",779,"A",,2
103945,"R",10470,"A",,"A",,"G",349,"A",,"R",349,"A",,2
103954,"A",,"R",104245,"A",,"G",116,"A",,"G",116,"A",,1
103963,"A",,"R",2710160,"A",,"G",3011,"A",,"G",3011,"A",,1
104090,"R",94080,"A",,"A",,"G",3136,"A",,"G",3136,"A",,2
104151,"R",1514128,"A",,"R",258414,"G",50471,"G",10767,"G",50471,"G",10767,2
104160,"R",156168,"A",,"A",,"G",5206,"A",,"G",5206,"A",,2
104179,"R",859507,"A",,"R",175034,"G",28650,"G",7293,"G",28650,"G",7293,2
104188,"R",10215,"A",,"A",,"G",341,"A",,"G",341,"A",,2
104294,"A",,"R",362832,"A",,"G",403,"A",,"R",408,"A",,1
104346,"R",151074,"A",,"A",,"G",5036,"A",,"R",5036,"A",,2
104364,"R",30605,"A",,"A",,"G",680,"A",,"G",680,"A",,2
104391,"A",,"R",88500,"A",,"G",98,"A",,"G",98,"A",,1
104425,"R",258911,"A",,"A",,"G",8630,"A",,"R",8096,"A",,2
104434,"A",,"R",131798,"A",,"G",146,"A",,"R",82,"A",,1
104443,"A",,"R",317006,"A",,"G",352,"A",,"R",198,"A",,1
104504,"A",,"R",134300,"A",,"G",149,"A",,"G",149,"A",,1
104531,"R",57984,"A",,"R",9474,"G",1933,"G",395,"R",1611,"R",351,2
104568,"A",,"R",209094,"A",,"G",232,"A",,"G",232,"A",,1
104577,"R",132610,"A",,"A",,"G",4420,"A",,"G",4420,"A",,2
104586,"R",47017,"A",,"R",688,"G",1567,"G",29,"G",1567,"G",29,2
104665,"R",30,"R",3600,"R",600,"G",5,"G",25,"G",5,"G",25,3
104708,"R",358746,"A",,"A",,"G",11958,"A",,"G",11958,"A",,2
104717,"R",392673,"A",,"R",290597,"G",13089,"G",12108,"G",13089,"G",12108,2
104805,"R",52860,"A",,"A",,"G",1762,"A",,"G",1762,"A",,2
104911,"A",,"R",186177,"A",,"G",207,"A",,"G",207,"A",,1
104984,"R",11785,"A",,"A",,"G",393,"A",,"G",393,"A",,2
105118,"R",35457,"A",,"A",,"G",1182,"A",,"G",1182,"A",,2
105127,"A",,"R",228000,"A",,"G",253,"A",,"G",253,"A",,1
105145,"R",114681,"A",,"A",,"G",3823,"A",,"G",3823,"A",,2
105154,"R",465031,"A",,"A",,"G",15501,"A",,"G",15501,"A",,2
105163,"R",23336,"A",,"A",,"G",519,"A",,"G",519,"A",,2
105172,"R",36216,"A",,"A",,"G",805,"A",,"G",805,"A",,2
105206,"R",121315,"A",,"A",,"G",4044,"A",,"G",4044,"A",,2
105215,"R",106450,"A",,"A",,"G",3548,"A",,"G",3548,"A",,2
105297,"R",45306,"A",,"A",,"G",1510,"A",,"G",1510,"A",,2
105330,"R",463290,"A",,"R",71749,"G",15443,"G",2990,"R",17055,"R",3587,2
105349,"R",71102,"A",,"A",,"G",2370,"A",,"G",2370,"A",,2
105367,"R",17080,"A",,"R",17014,"G",569,"G",709,"R",569,"R",945,2
105428,"R",204638,"A",,"A",,"G",6821,"A",,"G",6821,"A",,2
105482,"A",,"R",107820,"A",,"G",120,"A",,"G",120,"A",,1
105516,"R",109631,"A",,"R",36680,"G",3654,"G",1528,"G",3654,"G",1528,2
105525,"R",629814,"R",156992,"A",,"G",21168,"A",,"R",21239,"A",,3
105534,"A",,"R",1704765,"A",,"G",1894,"A",,"G",1894,"A",,1
105543,"A",,"R",1412911,"A",,"G",1570,"A",,"G",1570,"A",,1
105589,"R",25440,"A",,"R",8706,"G",848,"G",363,"G",848,"G",363,2
105659,"R",28278,"A",,"A",,"G",943,"A",,"G",943,"A",,2
105668,"R",366597,"A",,"A",,"G",12220,"A",,"G",12220,"A",,2
105677,"A",,"R",55549,"A",,"G",62,"A",,"G",62,"A",,1
105701,"A",,"R",142800,"A",,"G",159,"A",,"G",159,"A",,1
105747,"R",189345,"A",,"A",,"G",6312,"A",,"G",6312,"A",,2
105792,"R",82381,"A",,"A",,"G",2746,"A",,"G",2746,"A",,2
105899,"R",11248,"A",,"A",,"G",375,"A",,"G",375,"A",,2
105987,"A",,"R",338000,"A",,"G",376,"A",,"G",376,"A",,1
106041,"R",108115,"A",,"A",,"G",3604,"A",,"G",3604,"A",,2
106102,"R",37293,"A",,"R",10569,"G",1243,"G",440,"G",1243,"G",440,2
106111,"A",,"R",437137,"A",,"G",486,"A",,"R",273,"A",,1
106148,"R",116899,"A",,"A",,"G",3897,"A",,"G",3897,"A",,2
106245,"R",228767,"A",,"R",51948,"G",7626,"G",2165,"G",7626,"G",2165,2
106263,"R",26408,"A",,"R",47535,"G",880,"G",1981,"G",880,"G",1981,2
106281,"A",,"R",67569,"A",,"G",75,"A",,"G",75,"A",,1
106306,"R",23755,"A",,"A",,"G",792,"A",,"R",792,"A",,2
106315,"A",,"R",78300,"A",,"G",87,"A",,"G",87,"A",,1
106324,"A",,"R",91200,"A",,"G",101,"A",,"G",101,"A",,1
106342,"R",16736,"A",,"A",,"G",558,"A",,"G",558,"A",,2
106351,"A",,"R",118847,"A",,"G",132,"A",,"G",132,"A",,1
106360,"A",,"R",31500,"A",,"G",35,"A",,"G",35,"A",,1
106397,"R",447850,"A",,"R",74462,"G",14928,"G",3103,"G",14928,"G",3103,2
106412,"R",101266,"A",,"R",2281,"G",3376,"G",95,"G",3376,"G",95,2
106449,"R",105367,"A",,"A",,"G",3512,"A",,"G",3512,"A",,2
106458,"R",265486,"A",,"R",54298,"G",8850,"G",2262,"G",8850,"G",2262,2
106467,"R",223962,"A",,"R",10861,"G",7465,"G",453,"G",7465,"G",453,2
106485,"R",88281,"A",,"R",2378,"G",2943,"G",99,"G",2943,"G",99,2
106494,"A",,"R",34000,"A",,"G",38,"A",,"G",38,"A",,1
106546,"R",35400,"A",,"A",,"G",1180,"A",,"G",1180,"A",,2
106607,"A",,"R",115950,"A",,"G",129,"A",,"G",129,"A",,1
106625,"R",55720,"A",,"A",,"G",1857,"A",,"G",1857,"A",,2
106704,"R",277882,"A",,"R",33359,"G",9263,"G",1390,"G",9263,"G",1390,2
106713,"R",17783,"A",,"A",,"G",593,"A",,"G",593,"A",,2
106795,"R",30422,"A",,"A",,"G",1014,"A",,"G",1014,"A",,2
106810,"R",4310,"A",,"A",,"G",144,"A",,"G",144,"A",,2
106829,"R",9824,"R",43008,"A",,"G",375,"A",,"G",375,"A",,3
106883,"R",32824,"A",,"A",,"G",1094,"A",,"G",1094,"A",,2
106892,"A",,"R",380736,"A",,"G",423,"A",,"G",423,"A",,1
106908,"A",,"R",259905,"A",,"G",289,"A",,"G",289,"A",,1
106980,"R",84202,"A",,"A",,"G",2807,"A",,"G",2807,"A",,2
106999,"R",42251,"A",,"A",,"G",1408,"A",,"G",1408,"A",,2
107044,"R",121650,"A",,"R",27982,"G",4055,"G",1166,"G",4055,"G",1166,2
107071,"R",88944,"A",,"R",10799,"G",2965,"G",450,"G",2965,"G",450,2
107080,"R",43712,"A",,"R",220,"G",1457,"G",9,"R",1464,"R",7,2
107099,"A",,"R",134710,"A",,"G",150,"A",,"G",150,"A",,1
107123,"R",1620,"A",,"A",,"G",54,"A",,"G",54,"A",,2
107141,"R",48145,"A",,"R",6749,"G",1605,"G",281,"G",1605,"G",281,2
107211,"A",,"R",34000,"A",,"G",38,"A",,"R",38,"A",,1
107220,"A",,"R",261546,"A",,"G",291,"A",,"G",291,"A",,1
107275,"A",,"R",38123,"A",,"G",42,"A",,"G",42,"A",,1
107293,"A",,"R",104400,"A",,"G",116,"A",,"G",116,"A",,1
107318,"R",41615,"A",,"A",,"G",1387,"A",,"G",1387,"A",,2
107327,"R",45070,"A",,"A",,"G",1502,"A",,"G",1502,"A",,2
107363,"A",,"R",146880,"A",,"G",163,"A",,"G",163,"A",,1
107442,"A",,"R",68370,"A",,"G",76,"A",,"G",76,"A",,1
107460,"R",56835,"A",,"A",,"G",1895,"A",,"G",1895,"A",,2
107488,"R",10185,"A",,"A",,"G",340,"A",,"G",340,"A",,2
107512,"R",42724,"A",,"A",,"G",1424,"A",,"G",1424,"A",,2
107521,"R",28464,"A",,"A",,"G",949,"A",,"G",949,"A",,2
107549,"R",30497,"A",,"A",,"G",1017,"A",,"G",1017,"A",,2
107558,"R",18773,"A",,"A",,"G",626,"A",,"G",626,"A",,2
107585,"R",57409,"A",,"A",,"G",1914,"A",,"G",1914,"A",,2
107600,"R",18718,"A",,"A",,"G",624,"A",,"G",624,"A",,2
107619,"R",42551,"A",,"A",,"G",1418,"A",,"G",1418,"A",,2
107637,"R",45749,"A",,"A",,"G",1525,"A",,"G",1525,"A",,2
107655,"A",,"R",50400,"A",,"G",56,"A",,"G",56,"A",,1
107664,"R",233557,"A",,"A",,"G",7785,"A",,"G",7785,"A",,2
107725,"R",33398,"A",,"A",,"G",1113,"A",,"G",1113,"A",,2
107743,"R",20269,"A",,"A",,"G",676,"A",,"G",676,"A",,2
107789,"A",,"R",111343,"A",,"G",124,"A",,"G",124,"A",,1
107831,"A",,"R",105543,"A",,"G",117,"A",,"G",117,"A",,1
107877,"R",15649,"A",,"A",,"G",522,"A",,"G",522,"A",,2
107974,"R",40616,"A",,"A",,"G",1354,"A",,"G",1354,"A",,2
107983,"R",79013,"A",,"R",8524,"G",2634,"G",355,"G",2634,"G",355,2
107992,"R",40815,"A",,"A",,"G",1361,"A",,"G",1361,"A",,2
108065,"A",,"R",43500,"A",,"G",48,"A",,"G",48,"A",,1
108092,"R",182788,"A",,"A",,"G",6093,"A",,"G",6093,"A",,2
108199,"A",,"R",9854929,"A",,"G",10950,"A",,"G",10950,"A",,1
108232,"R",252536,"A",,"R",89631,"G",8418,"G",3735,"G",8418,"G",3735,2
108250,"R",33268,"A",,"A",,"G",739,"A",,"G",739,"A",,2
108269,"A",,"A",,"R",4517,"A",,"G",188,"A",,"G",188,-2
108348,"R",3060,"A",,"A",,"G",102,"A",,"R",113,"A",,2
108649,"A",,"R",289512,"A",,"G",322,"A",,"G",322,"A",,1
108667,"R",123656,"A",,"A",,"G",4122,"A",,"G",4122,"A",,2
108807,"R",197840,"A",,"A",,"G",6595,"A",,"G",6595,"A",,2
108852,"R",6291,"A",,"A",,"G",210,"A",,"G",210,"A",,2
108861,"A",,"A",,"R",1350,"A",,"G",56,"A",,"G",56,-2
108870,"A",,"A",,"R",9056,"A",,"G",377,"A",,"R",338,-2
108977,"A",,"R",62200,"A",,"G",69,"A",,"G",69,"A",,1
109013,"R",3980,"A",,"A",,"G",88,"A",,"G",88,"A",,2
109040,"A",,"R",1661210,"A",,"G",1846,"A",,"G",1846,"A",,1
109086,"P",549,"A",,"R",1692,"P",18,"G",71,"P",18,"G",71,2
109208,"R",573925,"A",,"A",,"G",19131,"A",,"G",19131,"A",,2
109332,"R",20155,"A",,"A",,"G",672,"A",,"R",472,"A",,2
109350,"R",279318,"A",,"A",,"G",9311,"A",,"R",10595,"A",,2
109651,"R",54639,"A",,"R",5362,"G",1821,"G",223,"G",1821,"G",223,2
109721,"A",,"R",432000,"A",,"G",480,"A",,"G",480,"A",,1
109730,"A",,"R",64320,"A",,"G",71,"A",,"G",71,"A",,1
109785,"R",175716,"A",,"R",85875,"G",5857,"G",3578,"G",5857,"G",3578,2
109819,"R",350006,"A",,"A",,"G",11667,"A",,"G",11667,"A",,2
109891,"A",,"R",24975,"A",,"G",28,"A",,"G",28,"A",,1
109907,"R",81436,"A",,"A",,"G",2715,"A",,"G",2715,"A",,2
109934,"A",,"R",274850,"A",,"G",305,"A",,"G",305,"A",,1
110051,"R",11048,"A",,"R",1413,"G",368,"G",59,"G",368,"G",59,2
110060,"R",5430,"A",,"R",2291,"G",181,"G",95,"G",181,"G",95,2
110097,"R",121169,"A",,"R",29350,"G",4039,"G",1223,"G",4039,"G",1223,2
110185,"R",44087,"A",,"R",1053,"G",1470,"G",44,"G",1470,"G",44,2
110194,"A",,"R",175151,"A",,"G",195,"A",,"G",195,"A",,1
110219,"R",33780,"A",,"A",,"G",751,"A",,"R",1055,"A",,2
110246,"R",290279,"A",,"A",,"G",9676,"A",,"G",9676,"A",,2
110307,"A",,"A",,"R",7882,"A",,"G",328,"A",,"G",328,-2
110316,"R",3211,"A",,"R",26906,"G",107,"G",1121,"G",107,"G",1121,2
110334,"R",257271,"A",,"A",,"G",8576,"A",,"G",8576,"A",,2
110361,"R",96109,"A",,"R",17450,"G",3204,"G",727,"G",3204,"G",727,2
110370,"R",39972,"A",,"R",10089,"G",1332,"G",420,"G",1332,"G",420,2
110398,"A",,"A",,"R",38450,"A",,"G",1602,"A",,"R",1326,-2
110404,"R",43193,"A",,"R",43420,"G",960,"G",1206,"G",960,"G",1206,2
110413,"R",66504,"A",,"R",27166,"G",2217,"G",1132,"G",2217,"G",1132,2
110422,"R",788854,"A",,"R",25034,"G",17530,"G",695,"G",17530,"G",695,2
110468,"R",3984,"A",,"R",91466,"G",133,"G",3811,"G",133,"G",3811,2
110486,"R",284837,"A",,"R",31402,"G",6330,"G",872,"G",6330,"G",872,2
110495,"R",182577,"A",,"R",21654,"G",6086,"G",902,"G",6086,"G",902,2
110510,"R",599617,"A",,"R",53661,"G",13325,"G",1491,"G",13325,"G",1491,2
110529,"R",750700,"A",,"R",32176,"G",16682,"G",894,"G",16682,"G",894,2
110538,"R",445735,"A",,"R",15030,"G",14858,"G",626,"G",14858,"G",626,2
110547,"R",260564,"A",,"R",43465,"G",8685,"G",1811,"G",8685,"G",1811,2
110556,"R",490718,"A",,"R",38030,"G",16357,"G",1585,"G",16357,"G",1585,2
110565,"R",762484,"A",,"R",55314,"G",25416,"G",2305,"G",25416,"G",2305,2
110574,"R",497212,"A",,"R",84454,"G",11049,"G",2346,"G",11049,"G",2346,2
110583,"R",767460,"A",,"R",69913,"G",25582,"G",2913,"G",25582,"G",2913,2
110592,"R",659974,"A",,"R",73877,"G",14666,"G",2052,"G",14666,"G",2052,2
110608,"R",696921,"A",,"R",85342,"G",23231,"G",3556,"G",23231,"G",3556,2
110617,"R",629465,"A",,"R",58061,"G",20982,"G",2419,"G",20982,"G",2419,2
110635,"R",811617,"A",,"R",264100,"G",27054,"G",11004,"G",27054,"G",11004,2
110644,"R",1125821,"A",,"R",234755,"G",25018,"G",6521,"G",25018,"G",6521,2
110653,"R",1055662,"A",,"R",193403,"G",23459,"G",5372,"G",23459,"G",5372,2
110662,"R",1220176,"A",,"R",445586,"G",27115,"G",12377,"G",27115,"G",12377,2
110671,"R",763398,"A",,"R",93538,"G",16964,"G",2598,"G",16964,"G",2598,2
110680,"R",1105891,"A",,"R",211310,"G",24575,"G",5870,"G",24575,"G",5870,2
110699,"A",,"A",,"R",107724,"A",,"G",2992,"A",,"G",2992,-2
110705,"R",915795,"A",,"R",123212,"G",20351,"G",3423,"G",20351,"G",3423,2
110714,"R",707642,"A",,"R",59090,"G",15725,"G",1641,"G",15725,"G",1641,2
110778,"A",,"A",,"R",13489,"A",,"G",375,"A",,"G",375,-2
110875,"A",,"R",207000,"A",,"G",230,"A",,"R",139,"A",,1
110918,"R",723,"A",,"A",,"G",24,"A",,"R",30,"A",,2
110945,"R",60000,"A",,"A",,"G",2000,"A",,"G",2000,"A",,2
111009,"R",41992,"A",,"A",,"G",1400,"A",,"G",1400,"A",,2
111054,"A",,"R",162300,"A",,"G",180,"A",,"G",180,"A",,1
111081,"R",27180,"A",,"R",12216,"G",906,"G",509,"G",906,"G",509,2
111188,"R",30936,"A",,"A",,"G",1031,"A",,"G",1031,"A",,2
111391,"A",,"A",,"R",29099,"A",,"G",1212,"A",,"G",1212,-2
111434,"R",107075,"A",,"A",,"G",3569,"A",,"G",3569,"A",,2
111461,"R",397012,"A",,"A",,"G",13234,"A",,"G",13234,"A",,2
111513,"A",,"R",283102,"A",,"G",315,"A",,"G",315,"A",,1
111638,"R",16363,"R",823192,"A",,"G",1460,"A",,"G",1460,"A",,3
111708,"A",,"R",406800,"A",,"G",452,"A",,"G",452,"A",,1
111717,"A",,"R",904260,"A",,"G",1005,"A",,"G",1005,"A",,1
111726,"A",,"R",425700,"A",,"G",473,"A",,"G",473,"A",,1
111744,"A",,"R",299520,"A",,"G",333,"A",,"G",333,"A",,1
111762,"A",,"R",181080,"A",,"G",201,"A",,"G",201,"A",,1
111771,"A",,"R",264690,"A",,"G",294,"A",,"G",294,"A",,1
111799,"A",,"R",288360,"A",,"G",320,"A",,"G",320,"A",,1
111887,"R",432573,"A",,"A",,"G",14419,"A",,"G",14419,"A",,2
111896,"R",90704,"A",,"A",,"G",3023,"A",,"G",3023,"A",,2
111920,"R",265156,"A",,"A",,"G",8839,"A",,"G",8839,"A",,2
111939,"R",390248,"A",,"A",,"G",13008,"A",,"R",14214,"A",,2
111948,"R",139800,"A",,"R",49225,"G",4660,"G",2051,"G",4660,"G",2051,2
111966,"R",8583,"A",,"R",667,"G",286,"G",28,"R",220,"R",28,2
112075,"R",44625,"A",,"R",22159,"G",1488,"G",923,"R",1508,"R",1208,2
112084,"R",12673,"A",,"R",416,"G",422,"G",17,"G",422,"G",17,2
112127,"A",,"A",,"R",1708,"A",,"G",71,"A",,"G",71,-2
112172,"R",250998,"A",,"A",,"G",8367,"A",,"G",8367,"A",,2
112190,"R",548648,"A",,"A",,"G",18288,"A",,"R",23354,"A",,2
112251,"A",,"A",,"R",29931,"A",,"G",1247,"A",,"R",1318,-2
112260,"R",37039,"A",,"R",680,"G",1235,"G",28,"G",1235,"G",28,2
112288,"A",,"R",393104,"A",,"G",437,"A",,"G",437,"A",,1
112312,"R",1128,"A",,"R",15544,"G",38,"G",648,"G",38,"G",648,2
112367,"A",,"R",775800,"A",,"G",862,"A",,"G",862,"A",,1
112385,"R",134514,"A",,"A",,"G",4484,"A",,"G",4484,"A",,2
112394,"R",4469,"A",,"A",,"G",149,"A",,"G",149,"A",,2
112446,"R",28648,"A",,"R",5256,"G",637,"G",146,"G",637,"G",146,2
112455,"A",,"R",73277,"A",,"G",81,"A",,"G",81,"A",,1
112525,"A",,"A",,"R",64190,"A",,"G",2675,"A",,"G",2675,-2
112561,"R",57108,"A",,"A",,"G",1904,"A",,"G",1904,"A",,2
112570,"R",16361,"A",,"A",,"G",364,"A",,"G",364,"A",,2
112686,"R",130472,"A",,"A",,"G",4349,"A",,"G",4349,"A",,2
112783,"A",,"R",830476,"A",,"G",923,"A",,"G",923,"A",,1
112826,"R",146647,"A",,"A",,"G",4888,"A",,"G",4888,"A",,2
113096,"R",270157,"A",,"A",,"G",9005,"A",,"G",9005,"A",,2
113111,"R",106971,"A",,"A",,"G",3566,"A",,"G",3566,"A",,2
113193,"R",233599,"A",,"A",,"G",7787,"A",,"G",7787,"A",,2
113218,"R",148210,"A",,"A",,"G",4940,"A",,"G",4940,"A",,2
113227,"A",,"R",293357,"A",,"G",326,"A",,"G",326,"A",,1
113236,"R",274361,"A",,"A",,"G",9145,"A",,"G",9145,"A",,2
113333,"R",791799,"A",,"A",,"G",17596,"A",,"G",17596,"A",,2
113397,"A",,"R",720401,"A",,"G",800,"A",,"G",800,"A",,1
113449,"A",,"R",141678,"A",,"G",157,"A",,"G",157,"A",,1
113537,"A",,"R",24300,"R",782,"G",27,"G",33,"R",27,"R",17,1
113573,"R",186534,"A",,"A",,"G",6218,"A",,"G",6218,"A",,2
113582,"R",8085,"A",,"A",,"G",270,"A",,"G",270,"A",,2
113607,"R",276786,"A",,"R",36040,"G",9226,"G",1502,"R",7689,"R",1335,2
113634,"R",410412,"A",,"A",,"G",13680,"A",,"G",13680,"A",,2
113698,"R",38460,"A",,"R",12286,"G",1282,"G",512,"G",1282,"G",512,2
113704,"A",,"A",,"R",1448,"A",,"G",60,"A",,"G",60,-2
113856,"R",556269,"A",,"A",,"G",18542,"A",,"G",18542,"A",,2
113908,"A",,"R",1069138,"A",,"G",1188,"A",,"G",1188,"A",,1
113953,"A",,"R",3414463,"A",,"G",3794,"A",,"G",3794,"A",,1
113980,"R",483826,"A",,"A",,"G",16128,"A",,"G",16128,"A",,2
114044,"R",3600,"A",,"A",,"G",120,"A",,"G",120,"A",,2
114062,"A",,"R",200388,"A",,"G",223,"A",,"G",223,"A",,1
114071,"A",,"R",569311,"A",,"G",633,"A",,"G",633,"A",,1
114080,"A",,"R",591438,"A",,"G",657,"A",,"G",657,"A",,1
114114,"A",,"A",,"R",2700,"A",,"G",75,"A",,"G",75,-2
114123,"A",,"R",765200,"A",,"G",850,"A",,"G",850,"A",,1
114266,"R",181393,"A",,"A",,"G",6046,"A",,"G",6046,"A",,2
114354,"R",185818,"A",,"A",,"G",4129,"A",,"G",4129,"A",,2
114372,"R",5498,"A",,"A",,"G",122,"A",,"G",122,"A",,2
114390,"R",36663,"A",,"A",,"G",815,"A",,"G",815,"A",,2
114415,"R",15753,"A",,"A",,"G",350,"A",,"G",350,"A",,2
114433,"R",35672,"A",,"A",,"G",1189,"A",,"G",1189,"A",,2
114460,"A",,"R",498109,"A",,"G",553,"A",,"G",553,"A",,1
114549,"A",,"A",,"R",34571,"A",,"G",1440,"A",,"R",1318,-2
114585,"A",,"A",,"R",10140,"A",,"G",423,"A",,"R",357,-2
114628,"A",,"R",182411,"A",,"G",203,"A",,"G",203,"A",,1
114716,"R",463536,"A",,"A",,"G",10301,"A",,"G",10301,"A",,2
114734,"A",,"A",,"R",1153,"A",,"G",48,"A",,"G",48,-2
114761,"A",,"R",86565,"A",,"G",96,"A",,"G",96,"A",,1
114789,"R",464805,"A",,"A",,"G",15494,"A",,"G",15494,"A",,2
114813,"R",55073,"A",,"R",16131,"G",1836,"G",672,"R",1680,"R",592,2
114840,"A",,"A",,"R",85521,"A",,"G",2376,"A",,"G",2376,-2
114859,"R",467949,"A",,"A",,"G",15598,"A",,"G",15598,"A",,2
114895,"R",5000,"A",,"A",,"G",167,"A",,"G",167,"A",,2
114938,"R",110404,"A",,"A",,"G",3680,"A",,"G",3680,"A",,2
114947,"A",,"R",456942,"A",,"G",508,"A",,"G",508,"A",,1
115001,"R",344668,"A",,"A",,"G",11489,"A",,"G",11489,"A",,2
115010,"A",,"R",390370,"A",,"G",434,"A",,"G",434,"A",,1
115083,"R",11142,"A",,"R",54562,"G",371,"G",2273,"G",371,"G",2273,2
115126,"R",242632,"A",,"A",,"G",8088,"A",,"G",8088,"A",,2
115214,"A",,"A",,"R",5411,"A",,"G",225,"A",,"G",225,-2
115296,"R",397149,"A",,"A",,"G",13238,"A",,"G",13238,"A",,2
115357,"A",,"R",80097,"A",,"G",89,"A",,"R",97,"A",,1
115393,"R",173463,"A",,"A",,"G",5782,"A",,"G",5782,"A",,2
115409,"R",24707,"A",,"A",,"G",824,"A",,"R",767,"A",,2
115454,"R",56342,"A",,"A",,"G",1252,"A",,"G",1252,"A",,2
115472,"R",76631,"A",,"A",,"G",1703,"A",,"G",1703,"A",,2
115490,"R",73421,"A",,"A",,"G",1632,"A",,"G",1632,"A",,2
115515,"R",59422,"A",,"A",,"G",1320,"A",,"G",1320,"A",,2
115533,"R",74530,"A",,"A",,"G",1656,"A",,"G",1656,"A",,2
115658,"A",,"R",179637,"A",,"G",200,"A",,"G",200,"A",,1
115728,"R",19400,"A",,"R",6651,"G",647,"G",277,"G",647,"G",277,2
115746,"A",,"A",,"R",18447,"A",,"G",512,"A",,"G",512,-2
115755,"R",206074,"A",,"R",8700,"G",6869,"G",363,"G",6869,"G",363,2
115773,"R",49700,"A",,"R",2100,"G",1104,"G",58,"R",990,"R",55,2
115861,"R",170392,"A",,"A",,"G",5680,"A",,"R",7100,"A",,2
115931,"A",,"R",792960,"A",,"G",881,"A",,"G",881,"A",,1
116040,"R",27320,"A",,"A",,"G",911,"A",,"R",1087,"A",,2
116226,"R",10535,"A",,"A",,"G",234,"A",,"G",234,"A",,2
116350,"A",,"R",233902,"A",,"G",260,"A",,"R",149,"A",,1
116439,"R",254240,"A",,"A",,"G",8475,"A",,"G",8475,"A",,2
116466,"R",65136,"A",,"A",,"G",1447,"A",,"G",1447,"A",,2
116475,"R",41012,"A",,"A",,"G",911,"A",,"G",911,"A",,2
116484,"R",43168,"A",,"A",,"G",959,"A",,"G",959,"A",,2
116563,"A",,"R",140970,"A",,"G",157,"A",,"G",157,"A",,1
116624,"A",,"A",,"R",2936,"A",,"G",122,"A",,"G",122,-2
116712,"R",7392,"A",,"R",30442,"G",164,"G",846,"G",164,"G",846,2
116846,"R",3572,"A",,"R",4170,"G",119,"G",174,"R",119,"R",180,2
117052,"R",288178,"A",,"A",,"G",9606,"A",,"G",9606,"A",,2
117104,"R",11250,"A",,"A",,"G",375,"A",,"G",375,"A",,2
117113,"R",104076,"A",,"A",,"G",2313,"A",,"G",2313,"A",,2
117140,"R",95416,"A",,"R",65734,"G",3181,"G",2739,"G",3181,"G",2739,2
117168,"R",10574,"A",,"R",834,"G",352,"G",35,"G",352,"G",35,2
117195,"R",68895,"R",375000,"A",,"G",1948,"A",,"R",2010,"A",,3
117238,"A",,"R",138815,"A",,"G",154,"A",,"G",154,"A",,1
117247,"R",264972,"A",,"A",,"G",8832,"A",,"G",8832,"A",,2
117274,"R",41208,"A",,"A",,"G",1374,"A",,"G",1374,"A",,2
117520,"A",,"A",,"R",36921,"A",,"G",1026,"A",,"G",1026,-2
117557,"R",2370,"R",345,"R",2964,"G",79,"G",124,"G",79,"G",124,3
117575,"R",1725,"A",,"R",2458,"G",58,"G",102,"G",58,"G",102,2
117627,"R",63079,"A",,"R",9527,"G",1402,"G",265,"G",1402,"G",265,2
117636,"R",51847,"A",,"R",50921,"G",1152,"G",1414,"G",1152,"G",1414,2
117645,"R",507732,"A",,"A",,"G",16924,"A",,"G",16924,"A",,2
117672,"A",,"A",,"R",26830,"A",,"G",1118,"A",,"G",1118,-2
117690,"R",175151,"A",,"A",,"G",5838,"A",,"G",5838,"A",,2
117706,"R",383148,"A",,"A",,"G",12772,"A",,"G",12772,"A",,2
117715,"R",126731,"A",,"A",,"G",4224,"A",,"G",4224,"A",,2
117724,"R",247442,"A",,"A",,"G",8248,"A",,"G",8248,"A",,2
117733,"R",317390,"A",,"A",,"G",10580,"A",,"G",10580,"A",,2
117751,"R",33971,"A",,"R",9465,"G",1132,"G",394,"G",1132,"G",394,2
117788,"R",327445,"A",,"A",,"G",10915,"A",,"G",10915,"A",,2
117803,"R",5770,"A",,"A",,"G",192,"A",,"G",192,"A",,2
117867,"R",174538,"A",,"A",,"G",5818,"A",,"G",5818,"A",,2
117894,"R",194815,"A",,"A",,"G",6494,"A",,"G",6494,"A",,2
117928,"R",65749,"A",,"R",519,"G",1461,"G",14,"G",1461,"G",14,2
117946,"R",175601,"A",,"R",66504,"G",5853,"G",2771,"G",5853,"G",2771,2
117955,"A",,"R",311858,"A",,"G",347,"A",,"G",347,"A",,1
118116,"A",,"R",80033,"A",,"G",89,"A",,"G",89,"A",,1
118125,"A",,"R",69087,"A",,"G",77,"A",,"G",77,"A",,1
118134,"A",,"R",202544,"A",,"G",225,"A",,"G",225,"A",,1
118143,"A",,"R",78245,"A",,"G",87,"A",,"G",87,"A",,1
118161,"A",,"R",120696,"A",,"G",134,"A",,"G",134,"A",,1
118189,"A",,"R",133320,"A",,"G",148,"A",,"R",207,"A",,1
118198,"A",,"R",809646,"A",,"G",900,"A",,"R",912,"A",,1
118259,"R",34865,"A",,"A",,"G",1162,"A",,"G",1162,"A",,2
118277,"R",60227,"A",,"A",,"G",2008,"A",,"G",2008,"A",,2
118286,"R",64438,"A",,"A",,"G",2148,"A",,"G",2148,"A",,2
118347,"R",112950,"A",,"A",,"G",3765,"A",,"G",3765,"A",,2
118356,"A",,"R",3564989,"A",,"G",3961,"A",,"G",3961,"A",,1
118541,"R",16278,"A",,"A",,"G",543,"A",,"R",543,"A",,2
118684,"R",70851,"A",,"A",,"G",2362,"A",,"G",2362,"A",,2
118693,"R",19080,"A",,"A",,"G",636,"A",,"G",636,"A",,2
118709,"A",,"A",,"R",1944,"A",,"G",81,"A",,"G",81,-2
118718,"R",221580,"A",,"A",,"G",7386,"A",,"G",7386,"A",,2
118772,"R",135613,"A",,"A",,"G",4520,"A",,"G",4520,"A",,2
118888,"R",27103,"A",,"R",14963,"G",903,"G",623,"R",911,"R",576,2
118912,"R",294672,"A",,"A",,"G",9822,"A",,"G",9822,"A",,2
118921,"A",,"R",543237,"A",,"G",604,"A",,"G",604,"A",,1
118930,"R",182900,"A",,"A",,"G",6097,"A",,"G",6097,"A",,2
118958,"A",,"R",64229,"A",,"G",71,"A",,"G",71,"A",,1
118967,"R",63019,"A",,"A",,"G",2101,"A",,"G",2101,"A",,2
118976,"R",353435,"A",,"A",,"G",11781,"A",,"G",11781,"A",,2
118994,"A",,"R",45900,"A",,"G",51,"A",,"R",51,"A",,1
119058,"R",272,"A",,"R",22938,"G",9,"G",956,"G",9,"G",956,2
119067,"R",142518,"A",,"A",,"G",4751,"A",,"G",4751,"A",,2
119137,"R",340841,"A",,"A",,"G",11361,"A",,"G",11361,"A",,2
119164,"R",601000,"A",,"A",,"G",20033,"A",,"G",20033,"A",,2
119173,"R",55218,"A",,"R",9421,"G",1841,"G",393,"G",1841,"G",393,2
119216,"R",327901,"A",,"A",,"G",10930,"A",,"G",10930,"A",,2
119234,"R",8830,"A",,"A",,"G",196,"A",,"R",54,"A",,2
119270,"R",65245,"A",,"A",,"G",1450,"A",,"G",1450,"A",,2
119331,"R",129213,"A",,"A",,"G",4307,"A",,"G",4307,"A",,2
119340,"R",25819,"A",,"A",,"G",861,"A",,"R",549,"A",,2
119359,"R",49809,"A",,"A",,"G",1660,"A",,"R",1073,"A",,2
119368,"R",24319,"A",,"A",,"G",811,"A",,"R",562,"A",,2
119438,"R",25834,"A",,"A",,"G",861,"A",,"R",550,"A",,2
119456,"R",41007,"A",,"A",,"G",1367,"A",,"R",872,"A",,2
119465,"R",31112,"A",,"A",,"G",1037,"A",,"R",662,"A",,2
119508,"R",49611,"A",,"A",,"G",1654,"A",,"R",1105,"A",,2
119544,"R",9293,"A",,"R",2774,"G",310,"G",116,"G",310,"G",116,2
119553,"A",,"R",548800,"A",,"G",610,"A",,"G",610,"A",,1
119605,"R",216534,"A",,"R",348481,"G",7218,"G",14520,"G",7218,"G",14520,2
119678,"A",,"A",,"R",153266,"A",,"G",4257,"A",,"R",2395,-2
119775,"R",16937,"A",,"R",10558,"G",376,"G",293,"G",376,"G",293,2
119845,"A",,"R",234849,"A",,"G",261,"A",,"G",261,"A",,1
119951,"A",,"R",334066,"A",,"G",371,"A",,"G",371,"A",,1
120069,"A",,"R",484438,"A",,"G",538,"A",,"G",538,"A",,1
120078,"A",,"R",941763,"A",,"G",1046,"A",,"G",1046,"A",,1
120087,"A",,"R",268476,"A",,"G",298,"A",,"G",298,"A",,1
120166,"R",7206,"A",,"R",20430,"G",240,"G",851,"G",240,"G",851,2
120184,"R",22008,"A",,"R",11645,"G",734,"G",485,"G",734,"G",485,2
120254,"R",59245,"A",,"R",406,"G",1975,"G",17,"R",1962,"R",14,2
120272,"A",,"R",257559,"A",,"G",286,"A",,"R",196,"A",,1
120290,"R",192371,"A",,"A",,"G",6412,"A",,"G",6412,"A",,2
120342,"R",461983,"A",,"A",,"G",15399,"A",,"G",15399,"A",,2
120403,"R",36861,"A",,"R",2189,"G",1229,"G",91,"G",1229,"G",91,2
120421,"R",147463,"A",,"A",,"G",4915,"A",,"G",4915,"A",,2
120537,"R",15838,"A",,"R",5190,"G",528,"G",216,"G",528,"G",216,2
120661,"A",,"R",671463,"A",,"G",746,"A",,"G",746,"A",,1
120698,"R",2970,"A",,"R",17928,"G",66,"G",498,"G",66,"G",498,2
120740,"A",,"A",,"R",2493,"A",,"G",104,"A",,"G",104,-2
120768,"R",1324,"A",,"R",4115,"G",44,"G",171,"G",44,"G",171,2
120795,"A",,"A",,"R",3687,"A",,"G",154,"A",,"G",154,-2
120838,"R",2832,"A",,"R",3640,"G",63,"G",101,"G",63,"G",101,2
120865,"R",40739,"A",,"R",287,"G",905,"G",8,"G",905,"G",8,2
120883,"R",113606,"A",,"R",87773,"G",3787,"G",3657,"R",3693,"R",3137,2
120944,"A",,"A",,"R",32220,"A",,"G",895,"A",,"G",895,-2
120953,"R",41249,"A",,"A",,"G",1375,"A",,"G",1375,"A",,2
120971,"R",505300,"A",,"A",,"G",16843,"A",,"G",16843,"A",,2
121008,"A",,"R",361084,"A",,"G",401,"A",,"G",401,"A",,1
121017,"A",,"R",590546,"A",,"G",656,"A",,"G",656,"A",,1
121044,"R",543022,"A",,"A",,"G",18101,"A",,"G",18101,"A",,2
121071,"R",23240,"A",,"R",960,"G",775,"G",40,"G",775,"G",40,2
121150,"R",113038,"A",,"R",102441,"G",3768,"G",4268,"R",3230,"R",4268,2
121257,"R",31809,"A",,"A",,"G",1060,"A",,"R",994,"A",,2
121275,"R",9690,"A",,"A",,"G",323,"A",,"G",323,"A",,2
121309,"R",70240,"A",,"R",20798,"G",2341,"G",867,"G",2341,"G",867,2
121345,"R",47961,"A",,"A",,"G",1599,"A",,"R",1533,"A",,2
121363,"R",87718,"A",,"A",,"G",2924,"A",,"G",2924,"A",,2
121381,"R",51571,"A",,"A",,"G",1146,"A",,"G",1146,"A",,2
121433,"A",,"R",171585,"A",,"G",191,"A",,"G",191,"A",,1
121619,"R",351706,"A",,"A",,"G",11724,"A",,"G",11724,"A",,2
121628,"A",,"A",,"R",4768,"A",,"G",132,"A",,"G",132,-2
121637,"A",,"R",114200,"A",,"G",127,"A",,"G",127,"A",,1
121691,"R",85676,"A",,"R",37432,"G",2856,"G",1560,"G",2856,"G",1560,2
121707,"R",135046,"A",,"A",,"G",4502,"A",,"G",4502,"A",,2
121859,"A",,"R",187221,"A",,"G",208,"A",,"R",208,"A",,1
121868,"A",,"R",101899,"A",,"G",113,"A",,"G",113,"A",,1
121877,"A",,"R",173573,"A",,"G",193,"A",,"G",193,"A",,1
121886,"R",310843,"A",,"A",,"G",10361,"A",,"G",10361,"A",,2
121901,"R",721934,"A",,"A",,"G",24064,"A",,"G",24064,"A",,2
121983,"R",2316,"A",,"R",13940,"G",77,"G",581,"G",77,"G",581,2
121992,"A",,"R",245442,"A",,"G",273,"A",,"G",273,"A",,1
122117,"A",,"A",,"R",5995,"A",,"G",167,"A",,"R",167,-2
122180,"R",443540,"A",,"A",,"G",14785,"A",,"G",14785,"A",,2
122205,"R",432246,"A",,"A",,"G",14408,"A",,"G",14408,"A",,2
122296,"R",14008,"A",,"R",11859,"G",467,"G",494,"G",467,"G",494,2
122339,"R",342328,"A",,"A",,"G",11411,"A",,"R",11411,"A",,2
122366,"R",13462,"A",,"A",,"G",449,"A",,"G",449,"A",,2
122375,"R",476940,"A",,"A",,"G",15898,"A",,"R",15898,"A",,2
122384,"R",215550,"A",,"A",,"G",7185,"A",,"R",7185,"A",,2
122409,"R",734766,"A",,"R",92812,"G",24492,"G",3867,"G",24492,"G",3867,2
122436,"R",154654,"A",,"R",65244,"G",5155,"G",2719,"R",5155,"R",2533,2
122454,"R",10919,"A",,"R",5758,"G",364,"G",240,"G",364,"G",240,2
122506,"R",6830,"A",,"R",6387,"G",228,"G",266,"R",195,"R",202,2
122597,"R",653576,"A",,"R",75770,"G",21786,"G",3157,"G",21786,"G",3157,2
122603,"A",,"A",,"R",3872,"A",,"G",161,"A",,"G",161,-2
122612,"R",169026,"A",,"R",73849,"G",5634,"G",3077,"G",5634,"G",3077,2
122649,"A",,"A",,"R",4251,"A",,"G",177,"A",,"G",177,-2
122658,"R",411051,"A",,"A",,"G",13702,"A",,"G",13702,"A",,2
122685,"A",,"R",1168109,"A",,"G",1298,"A",,"G",1298,"A",,1
122694,"A",,"R",794716,"A",,"G",883,"A",,"G",883,"A",,1
122728,"R",16364,"A",,"R",713,"G",545,"G",30,"G",545,"G",30,2
122746,"R",198715,"A",,"A",,"G",6624,"A",,"G",6624,"A",,2
122755,"R",588520,"A",,"R",88631,"G",19617,"G",3693,"G",19617,"G",3693,2
122791,"R",186658,"A",,"A",,"G",6222,"A",,"G",6222,"A",,2
122834,"R",50969,"A",,"A",,"G",1699,"A",,"G",1699,"A",,2
122843,"R",362917,"A",,"R",6174,"G",8065,"G",172,"G",8065,"G",172,2
122852,"R",16961,"A",,"A",,"G",565,"A",,"G",565,"A",,2
122889,"R",348549,"A",,"A",,"G",11618,"A",,"G",11618,"A",,2
122931,"R",256173,"A",,"R",95698,"G",5693,"G",2658,"G",5693,"G",2658,2
122977,"R",652127,"A",,"A",,"G",21738,"A",,"G",21738,"A",,2
123013,"R",446184,"A",,"A",,"G",14873,"A",,"G",14873,"A",,2
123095,"A",,"A",,"R",13668,"A",,"G",570,"A",,"R",637,-2
123165,"R",29608,"A",,"R",468,"G",987,"G",20,"G",987,"G",20,2
123208,"R",112154,"A",,"A",,"G",3738,"A",,"R",2386,"A",,2
123217,"R",266960,"A",,"A",,"G",8899,"A",,"G",8899,"A",,2
123280,"R",1202,"A",,"R",168,"G",40,"G",7,"G",40,"G",7,2
123299,"R",194414,"A",,"A",,"G",6480,"A",,"G",6480,"A",,2
123341,"R",391125,"A",,"A",,"G",13038,"A",,"G",13038,"A",,2
123350,"R",4850,"A",,"A",,"G",162,"A",,"R",162,"A",,2
123396,"A",,"R",175000,"A",,"G",194,"A",,"G",194,"A",,1
123448,"A",,"A",,"R",3489,"A",,"G",145,"A",,"G",145,-2
123457,"R",27323,"A",,"R",3896,"G",911,"G",162,"G",911,"G",162,2
123484,"R",52547,"A",,"A",,"G",1752,"A",,"G",1752,"A",,2
123493,"A",,"R",1348995,"A",,"G",1499,"A",,"G",1499,"A",,1
123509,"R",183230,"A",,"A",,"G",6108,"A",,"G",6108,"A",,2
123527,"R",332689,"A",,"A",,"G",11090,"A",,"R",11089,"A",,2
123554,"R",67221,"A",,"R",25913,"G",2241,"G",1080,"G",2241,"G",1080,2
123563,"R",233379,"A",,"A",,"G",7779,"A",,"G",7779,"A",,2
123572,"R",209318,"A",,"R",9282,"G",6977,"G",387,"G",6977,"G",387,2
123581,"A",,"R",134640,"A",,"G",150,"A",,"G",150,"A",,1
123633,"R",18317,"A",,"R",17332,"G",407,"G",481,"G",407,"G",481,2
123642,"A",,"R",299232,"A",,"G",332,"A",,"G",332,"A",,1
123651,"R",49929,"A",,"R",4171,"G",1664,"G",174,"G",1664,"G",174,2
123679,"A",,"R",798923,"A",,"G",888,"A",,"G",888,"A",,1
123800,"R",390659,"A",,"A",,"G",13022,"A",,"G",13022,"A",,2
123855,"A",,"A",,"R",2195,"A",,"G",91,"A",,"G",91,-2
123916,"A",,"A",,"R",1863,"A",,"G",78,"A",,"G",78,-2
123943,"A",,"A",,"R",29980,"A",,"G",833,"A",,"R",497,-2
123952,"R",8420,"A",,"R",5838,"G",281,"G",243,"R",255,"R",238,2
123961,"R",547088,"A",,"R",388522,"G",18236,"G",16188,"G",18236,"G",16188,2
123970,"A",,"A",,"R",34392,"A",,"G",1433,"A",,"G",1433,-2
124113,"R",61814,"A",,"A",,"G",2060,"A",,"G",2060,"A",,2
124283,"A",,"A",,"R",5236,"A",,"G",218,"A",,"G",218,-2
124292,"R",12410,"A",,"A",,"G",414,"A",,"G",414,"A",,2
124344,"A",,"R",214202,"A",,"G",238,"A",,"G",238,"A",,1
124487,"R",7958,"A",,"A",,"G",177,"A",,"G",177,"A",,2
124681,"R",253554,"A",,"A",,"G",8452,"A",,"G",8452,"A",,2
124706,"A",,"R",836051,"A",,"G",929,"A",,"G",929,"A",,1
124779,"A",,"R",37050,"A",,"G",41,"A",,"G",41,"A",,1
124937,"A",,"R",715720,"A",,"G",795,"A",,"G",795,"A",,1
125028,"R",274909,"A",,"A",,"G",9164,"A",,"G",9164,"A",,2
125082,"A",,"R",192034,"A",,"G",213,"A",,"G",213,"A",,1
125091,"R",252752,"A",,"A",,"G",8425,"A",,"G",8425,"A",,2
125170,"R",130689,"A",,"A",,"G",4356,"A",,"G",4356,"A",,2
125231,"R",263212,"A",,"R",1055571,"G",8774,"G",43982,"G",8774,"G",43982,2
125301,"A",,"R",1791600,"A",,"G",1991,"A",,"G",1991,"A",,1
125462,"R",57806,"A",,"A",,"G",1927,"A",,"G",1927,"A",,2
125471,"R",185132,"A",,"A",,"G",6171,"A",,"G",6171,"A",,2
125480,"A",,"A",,"R",2250,"A",,"G",94,"A",,"G",94,-2
125499,"R",216849,"A",,"A",,"G",7228,"A",,"G",7228,"A",,2
125532,"R",57391,"A",,"A",,"G",1913,"A",,"G",1913,"A",,2
125718,"A",,"A",,"R",3750,"A",,"G",156,"A",,"R",125,-2
125727,"R",40075,"A",,"R",240,"G",1336,"G",10,"R",1360,"R",8,2
125763,"R",31180,"A",,"R",16246,"G",1039,"G",677,"G",1039,"G",677,2
125897,"R",37892,"A",,"R",6908,"G",1263,"G",288,"G",1263,"G",288,2
126012,"A",,"A",,"R",10100,"A",,"G",421,"A",,"G",421,-2
126030,"A",,"A",,"R",11108,"A",,"G",463,"A",,"G",463,-2
126049,"A",,"A",,"R",6530,"A",,"G",272,"A",,"G",272,-2
126076,"R",3900,"A",,"A",,"G",130,"A",,"G",130,"A",,2
126119,"R",196491,"A",,"A",,"G",6550,"A",,"G",6550,"A",,2
126164,"A",,"R",125532,"A",,"G",139,"A",,"G",139,"A",,1
126182,"R",61570,"A",,"R",12184,"G",2052,"G",508,"G",2052,"G",508,2
126207,"R",108345,"A",,"A",,"G",3612,"A",,"G",3612,"A",,2
126289,"R",174520,"A",,"A",,"G",5817,"A",,"R",5342,"A",,2
126359,"R",43248,"A",,"A",,"G",961,"A",,"G",961,"A",,2
126401,"R",32587,"A",,"A",,"G",724,"A",,"R",752,"A",,2
126410,"A",,"R",112547,"A",,"G",125,"A",,"G",125,"A",,1
126562,"R",289581,"A",,"R",223942,"G",9653,"G",9331,"G",9653,"G",9331,2
126580,"R",192403,"A",,"R",35444,"G",6413,"G",1477,"G",6413,"G",1477,2
126605,"A",,"R",679652,"A",,"G",755,"A",,"G",755,"A",,1
126614,"R",785080,"A",,"R",92771,"G",26169,"G",3865,"G",26169,"G",3865,2
126669,"R",61217,"A",,"R",8257,"G",2041,"G",344,"G",2041,"G",344,2
126678,"R",70004,"A",,"R",2459,"G",2333,"G",102,"R",2188,"R",102,2
126687,"A",,"R",685486,"A",,"G",762,"A",,"G",762,"A",,1
126702,"R",99002,"A",,"A",,"G",2200,"A",,"G",2200,"A",,2
126711,"R",95370,"A",,"A",,"G",3179,"A",,"G",3179,"A",,2
126748,"R",25856,"A",,"A",,"G",862,"A",,"G",862,"A",,2
126775,"R",118185,"A",,"R",23017,"G",3940,"G",959,"G",3940,"G",959,2
126784,"R",4665,"A",,"A",,"G",156,"A",,"G",156,"A",,2
126818,"R",611455,"A",,"R",111532,"G",20382,"G",4647,"G",20382,"G",4647,2
126827,"R",81978,"A",,"R",17167,"G",1822,"G",477,"G",1822,"G",477,2
126854,"R",6460,"A",,"A",,"G",215,"A",,"R",161,"A",,2
126863,"R",125490,"A",,"A",,"G",4183,"A",,"G",4183,"A",,2
126872,"R",21883,"A",,"A",,"G",729,"A",,"G",729,"A",,2
126915,"R",11162,"A",,"A",,"G",372,"A",,"G",372,"A",,2
126924,"R",10238,"A",,"A",,"G",228,"A",,"G",228,"A",,2
126942,"R",218460,"A",,"A",,"G",7282,"A",,"G",7282,"A",,2
126951,"A",,"R",984690,"A",,"G",1094,"A",,"G",1094,"A",,1
126979,"A",,"A",,"R",15229,"A",,"G",635,"A",,"G",635,-2
127024,"R",52884,"A",,"A",,"G",1175,"A",,"G",1175,"A",,2
127060,"R",230214,"A",,"R",162529,"G",5116,"G",4515,"G",5116,"G",4515,2
127158,"R",80167,"A",,"A",,"G",2672,"A",,"G",2672,"A",,2
127185,"R",105393,"A",,"A",,"G",3513,"A",,"G",3513,"A",,2
127200,"R",381362,"A",,"A",,"G",12712,"A",,"R",12712,"A",,2
127219,"R",1770,"A",,"A",,"G",59,"A",,"R",59,"A",,2
127228,"R",7150,"A",,"A",,"G",238,"A",,"G",238,"A",,2
127273,"A",,"A",,"R",5278,"A",,"G",147,"A",,"G",147,-2
127316,"R",4620,"A",,"A",,"G",154,"A",,"G",154,"A",,2
127389,"R",24255,"A",,"A",,"G",809,"A",,"G",809,"A",,2
127556,"R",176602,"A",,"R",2519,"G",5887,"G",105,"G",5887,"G",105,2
127565,"R",519634,"A",,"A",,"G",17321,"A",,"G",17321,"A",,2
127617,"R",32094,"A",,"A",,"G",1070,"A",,"G",1070,"A",,2
127653,"R",12435,"A",,"R",11975,"G",415,"G",499,"G",415,"G",499,2
127680,"R",13416,"A",,"A",,"G",298,"A",,"G",298,"A",,2
127699,"R",13211,"A",,"A",,"G",294,"A",,"G",294,"A",,2
127714,"R",15769,"A",,"A",,"G",526,"A",,"G",526,"A",,2
127732,"R",42543,"A",,"A",,"G",1418,"A",,"G",1418,"A",,2
127741,"R",282363,"A",,"R",42398,"G",9412,"G",1767,"G",9412,"G",1767,2
127778,"R",38082,"A",,"A",,"G",1269,"A",,"R",1269,"A",,2
127787,"R",27926,"A",,"A",,"G",621,"A",,"R",1015,"A",,2
127820,"R",285390,"A",,"A",,"G",9513,"A",,"G",9513,"A",,2
127839,"R",45034,"A",,"A",,"G",1501,"A",,"G",1501,"A",,2
127884,"R",153248,"A",,"A",,"G",5108,"A",,"G",5108,"A",,2
127909,"R",181564,"A",,"A",,"G",6052,"A",,"G",6052,"A",,2
127918,"R",128662,"A",,"R",81166,"G",4289,"G",3382,"R",4021,"R",4509,2
127945,"R",19202,"A",,"A",,"G",640,"A",,"G",640,"A",,2
127954,"A",,"R",7000,"R",1020,"G",8,"G",43,"G",8,"G",43,1
128106,"R",155139,"A",,"R",36184,"G",5171,"G",1508,"G",5171,"G",1508,2
128151,"R",36301,"A",,"A",,"G",1210,"A",,"G",1210,"A",,2
128179,"A",,"R",612480,"A",,"G",681,"A",,"R",681,"A",,1
128188,"R",29700,"A",,"A",,"G",990,"A",,"G",990,"A",,2
128258,"R",47253,"A",,"A",,"G",1575,"A",,"G",1575,"A",,2
128328,"R",170321,"A",,"A",,"G",5677,"A",,"G",5677,"A",,2
128337,"R",8910,"A",,"A",,"G",297,"A",,"R",225,"A",,2
128391,"R",58443,"A",,"A",,"G",1948,"A",,"G",1948,"A",,2
128425,"R",870,"A",,"R",120,"G",29,"G",5,"R",29,"R",6,2
128498,"R",44403,"A",,"R",8673,"G",1480,"G",361,"G",1480,"G",361,2
128540,"A",,"R",100700,"A",,"G",112,"A",,"G",112,"A",,1
128577,"R",32996,"A",,"A",,"G",1100,"A",,"G",1100,"A",,2
128586,"R",1770,"A",,"A",,"G",59,"A",,"G",59,"A",,2
128674,"R",21687,"A",,"A",,"G",723,"A",,"G",723,"A",,2
128683,"R",15865,"A",,"A",,"G",529,"A",,"G",529,"A",,2
128726,"R",4440,"A",,"A",,"G",148,"A",,"G",148,"A",,2
128744,"R",55532,"A",,"R",54347,"G",1851,"G",2264,"G",1851,"G",2264,2
128762,"R",14700,"A",,"A",,"G",490,"A",,"G",490,"A",,2
128771,"R",260845,"A",,"R",38052,"G",8695,"G",1586,"G",8695,"G",1586,2
128780,"R",32525,"A",,"A",,"G",1084,"A",,"G",1084,"A",,2
128896,"R",9239,"A",,"A",,"G",205,"A",,"G",205,"A",,2
128902,"R",63165,"A",,"R",120,"G",2106,"G",5,"G",2106,"G",5,2
128957,"A",,"R",189393,"A",,"G",210,"A",,"G",210,"A",,1
129002,"R",15464,"A",,"A",,"G",344,"A",,"G",344,"A",,2
129020,"R",517417,"A",,"R",151443,"G",17247,"G",6310,"G",17247,"G",6310,2
129154,"R",58630,"A",,"A",,"G",1954,"A",,"G",1954,"A",,2
129181,"A",,"R",967960,"A",,"G",1076,"A",,"G",1076,"A",,1
129215,"R",143637,"A",,"R",5444,"G",4788,"G",227,"G",4788,"G",227,2
129242,"R",115520,"A",,"R",18996,"G",3851,"G",792,"G",3851,"G",792,2
129349,"A",,"R",217863,"A",,"G",242,"A",,"R",275,"A",,1
129367,"R",77301,"A",,"A",,"G",2577,"A",,"G",2577,"A",,2
129428,"A",,"A",,"R",8716,"A",,"G",363,"A",,"G",363,-2
129446,"R",1379,"A",,"A",,"G",46,"A",,"G",46,"A",,2
129482,"R",16590,"A",,"A",,"G",553,"A",,"G",553,"A",,2
129491,"A",,"A",,"R",1902,"A",,"G",79,"A",,"R",105,-2
129525,"R",151319,"A",,"R",34692,"G",5044,"G",1446,"G",5044,"G",1446,2
129534,"R",1073,"A",,"R",4355,"G",36,"G",181,"R",45,"R",213,2
129543,"R",107640,"A",,"A",,"G",3588,"A",,"G",3588,"A",,2
129613,"R",5529,"A",,"A",,"G",123,"A",,"G",123,"A",,2
129640,"A",,"R",50400,"A",,"G",56,"A",,"R",56,"A",,1
129686,"R",2349,"A",,"R",36,"G",78,"G",2,"R",83,"R",2,2
129695,"R",141683,"A",,"A",,"G",4723,"A",,"G",4723,"A",,2
129729,"R",127429,"A",,"A",,"G",4248,"A",,"G",4248,"A",,2
129756,"R",53857,"A",,"A",,"G",1795,"A",,"G",1795,"A",,2
129774,"R",26174,"A",,"A",,"G",872,"A",,"G",872,"A",,2
129808,"R",81303,"A",,"A",,"G",2710,"A",,"G",2710,"A",,2
129923,"A",,"R",817310,"A",,"G",908,"A",,"G",908,"A",,1
129932,"A",,"R",384752,"A",,"G",428,"A",,"G",428,"A",,1
129941,"R",117408,"A",,"R",36519,"G",3914,"G",1522,"G",3914,"G",1522,2
129969,"R",9041,"A",,"A",,"G",301,"A",,"G",301,"A",,2
130004,"R",124064,"A",,"A",,"G",4135,"A",,"G",4135,"A",,2
130040,"R",26732,"A",,"A",,"G",891,"A",,"G",891,"A",,2
130110,"R",5797,"A",,"A",,"G",193,"A",,"G",193,"A",,2
130129,"A",,"R",118523,"A",,"G",132,"A",,"G",132,"A",,1
130174,"R",111534,"A",,"A",,"G",2479,"A",,"G",2479,"A",,2
130183,"R",76849,"A",,"R",11660,"G",2562,"G",486,"G",2562,"G",486,2
130217,"R",35785,"A",,"A",,"G",1193,"A",,"G",1193,"A",,2
130226,"R",177957,"A",,"R",45019,"G",5932,"G",1876,"G",5932,"G",1876,2
130253,"R",119608,"A",,"R",38133,"G",3987,"G",1589,"G",3987,"G",1589,2
130314,"R",25080,"A",,"R",14763,"G",836,"G",615,"G",836,"G",615,2
130396,"R",126668,"A",,"A",,"G",4222,"A",,"G",4222,"A",,2
130448,"R",11036,"A",,"A",,"G",368,"A",,"G",368,"A",,2
130493,"R",219695,"A",,"R",51066,"G",7323,"G",2128,"G",7323,"G",2128,2
130509,"R",13595,"A",,"A",,"G",453,"A",,"G",453,"A",,2
130581,"A",,"A",,"R",6353,"A",,"G",265,"A",,"G",265,-2
130590,"R",70017,"A",,"R",2032,"G",2334,"G",85,"G",2334,"G",85,2
130606,"R",83246,"A",,"A",,"G",2775,"A",,"G",2775,"A",,2
130624,"R",34125,"A",,"A",,"G",1138,"A",,"G",1138,"A",,2
130697,"R",94059,"A",,"R",4902,"G",3135,"G",204,"R",2939,"R",204,2
130776,"R",154367,"A",,"R",10870,"G",5146,"G",453,"G",5146,"G",453,2
130785,"A",,"A",,"R",432,"A",,"G",12,"A",,"G",12,-2
130794,"R",198086,"A",,"R",163693,"G",6603,"G",6821,"R",5296,"R",6321,2
130837,"A",,"R",55998,"A",,"G",62,"A",,"G",62,"A",,1
130873,"R",22168,"A",,"A",,"G",739,"A",,"G",739,"A",,2
130891,"R",103915,"A",,"A",,"G",3464,"A",,"G",3464,"A",,2
130907,"R",74229,"A",,"A",,"G",2474,"A",,"G",2474,"A",,2
130916,"R",162401,"A",,"A",,"G",5413,"A",,"G",5413,"A",,2
130934,"R",91628,"A",,"R",6695,"G",3054,"G",279,"G",3054,"G",279,2
130943,"R",518812,"A",,"R",54126,"G",17294,"G",2255,"R",17905,"R",3372,2
130989,"R",18837,"A",,"R",9072,"G",628,"G",378,"G",628,"G",378,2
131061,"A",,"R",164944,"A",,"G",183,"A",,"G",183,"A",,1
131098,"R",55791,"A",,"R",2826,"G",1860,"G",118,"G",1860,"G",118,2
131113,"R",146310,"A",,"R",77358,"G",4877,"G",3223,"G",4877,"G",3223,2
131159,"R",201440,"A",,"R",106946,"G",6715,"G",4456,"R",6498,"R",5347,2
131283,"R",105128,"A",,"R",60635,"G",3504,"G",2526,"G",3504,"G",2526,2
131308,"R",10865,"A",,"R",3968,"G",362,"G",165,"G",362,"G",165,2
131399,"R",107044,"A",,"R",3118,"G",3568,"G",130,"G",3568,"G",130,2
131405,"A",,"A",,"R",2117,"A",,"G",88,"A",,"G",88,-2
131450,"R",30990,"A",,"R",8635,"G",1033,"G",360,"G",1033,"G",360,2
131469,"R",309502,"A",,"R",273432,"G",10317,"G",11393,"G",10317,"G",11393,2
131496,"R",225768,"A",,"R",212983,"G",7526,"G",8874,"G",7526,"G",8874,2
131520,"R",222843,"A",,"R",97361,"G",7428,"G",4057,"G",7428,"G",4057,2
131566,"A",,"R",116300,"A",,"G",129,"A",,"G",129,"A",,1
131742,"A",,"R",1487291,"A",,"G",1653,"A",,"G",1653,"A",,1
131803,"R",63905,"A",,"R",19881,"G",1420,"G",552,"G",1420,"G",552,2
131830,"R",1305,"A",,"A",,"G",44,"A",,"G",44,"A",,2
131876,"R",34983,"A",,"R",11101,"G",1166,"G",463,"G",1166,"G",463,2
131973,"A",,"A",,"R",11278,"A",,"G",470,"A",,"G",470,-2
132268,"R",82296,"A",,"A",,"G",2743,"A",,"R",1751,"A",,2
132338,"R",124680,"A",,"A",,"G",2771,"A",,"G",2771,"A",,2
132374,"A",,"R",1536500,"A",,"G",1707,"A",,"R",1726,"A",,1
132408,"R",13592,"A",,"A",,"G",453,"A",,"G",453,"A",,2
132471,"R",142836,"A",,"R",93615,"G",4761,"G",3901,"G",4761,"G",3901,2
132523,"A",,"A",,"R",1258,"A",,"G",52,"A",,"G",52,-2
132602,"R",106049,"A",,"R",433,"G",3535,"G",18,"G",3535,"G",18,2
132657,"R",53201,"A",,"R",9416,"G",1773,"G",392,"G",1773,"G",392,2
132666,"A",,"R",137437,"A",,"G",153,"A",,"G",153,"A",,1
132675,"A",,"R",233245,"A",,"G",259,"A",,"G",259,"A",,1
132693,"R",357283,"R",955287,"A",,"G",12971,"A",,"G",12971,"A",,3
132709,"R",822435,"R",402484,"A",,"G",27862,"A",,"G",27862,"A",,3
132806,"R",16587,"A",,"A",,"G",553,"A",,"G",553,"A",,2
132842,"R",10014,"A",,"R",15466,"G",334,"G",644,"G",334,"G",644,2
132851,"R",172423,"R",475965,"A",,"G",6276,"A",,"G",6276,"A",,3
132879,"R",6832,"A",,"A",,"G",228,"A",,"G",228,"A",,2
132903,"R",1243125,"A",,"R",135384,"G",41438,"G",5641,"G",41438,"G",5641,2
132976,"A",,"R",353092,"A",,"G",392,"A",,"G",392,"A",,1
133021,"R",47100,"R",136788,"A",,"G",1722,"A",,"G",1722,"A",,3
133085,"R",17440,"A",,"R",84,"G",581,"G",4,"G",581,"G",4,2
133155,"A",,"R",553080,"A",,"G",615,"A",,"G",615,"A",,1
133386,"R",375725,"R",895144,"A",,"G",13519,"A",,"G",13519,"A",,3
133465,"R",40972,"A",,"R",1775,"G",910,"G",49,"G",910,"G",49,2
133492,"R",76009,"A",,"A",,"G",2534,"A",,"G",2534,"A",,2
133508,"R",343120,"R",15840,"A",,"G",11455,"A",,"G",11455,"A",,3
133526,"R",25290,"A",,"A",,"G",843,"A",,"G",843,"A",,2
133553,"R",135141,"A",,"R",7792,"G",4505,"G",325,"G",4505,"G",325,2
133650,"R",305175,"A",,"R",49949,"G",10173,"G",2081,"G",10173,"G",2081,2
133669,"R",551291,"A",,"R",80175,"G",18376,"G",3341,"G",18376,"G",3341,2
133702,"R",636351,"R",1307031,"A",,"G",22664,"A",,"G",22664,"A",,3
133711,"R",100432,"A",,"A",,"G",3348,"A",,"G",3348,"A",,2
133809,"R",12792,"A",,"A",,"G",426,"A",,"G",426,"A",,2
133845,"A",,"R",591107,"A",,"G",657,"A",,"G",657,"A",,1
133854,"A",,"R",372879,"A",,"G",414,"A",,"G",414,"A",,1
133863,"A",,"R",408729,"A",,"G",454,"A",,"G",454,"A",,1
133872,"R",61347,"A",,"R",1617,"G",2045,"G",67,"R",2393,"R",67,2
133881,"R",156737,"A",,"R",50899,"G",5225,"G",2121,"R",4831,"R",2325,2
133942,"R",10400,"A",,"A",,"G",347,"A",,"G",347,"A",,2
133951,"R",848181,"A",,"R",165638,"G",28273,"G",6902,"G",28273,"G",6902,2
133960,"R",30188,"R",25443,"A",,"G",1035,"A",,"G",1035,"A",,3
133979,"R",53732,"A",,"R",1659,"G",1791,"G",69,"G",1791,"G",69,2
133997,"R",396630,"A",,"A",,"G",8814,"A",,"G",8814,"A",,2
134024,"A",,"R",89760,"A",,"G",100,"A",,"G",100,"A",,1
134079,"R",65806,"A",,"R",2447,"G",2194,"G",102,"G",2194,"G",102,2
134097,"R",919505,"A",,"R",164913,"G",30650,"G",6871,"R",22988,"R",5604,2
134112,"R",71584,"A",,"A",,"G",2386,"A",,"G",2386,"A",,2
134121,"R",9476,"A",,"A",,"G",316,"A",,"G",316,"A",,2
134130,"R",1002479,"A",,"R",356974,"G",33416,"G",14874,"G",33416,"G",14874,2
134149,"R",58783,"A",,"R",7457,"G",1306,"G",207,"R",1222,"R",181,2
134228,"A",,"R",32400,"A",,"G",36,"A",,"G",36,"A",,1
134237,"R",631811,"A",,"R",80301,"G",21060,"G",3346,"G",21060,"G",3346,2
134291,"A",,"R",691612,"A",,"G",768,"A",,"G",768,"A",,1
134307,"A",,"R",552058,"A",,"G",613,"A",,"G",613,"A",,1
134343,"R",145811,"R",207076,"A",,"G",5090,"A",,"G",5090,"A",,3
134422,"R",3927,"A",,"A",,"G",87,"A",,"G",87,"A",,2
134495,"R",570481,"R",342869,"A",,"G",19397,"A",,"G",19397,"A",,3
134510,"R",3203,"A",,"A",,"G",107,"A",,"R",97,"A",,2
134529,"A",,"R",197348,"A",,"G",219,"A",,"G",219,"A",,1
134574,"R",9767,"A",,"A",,"G",217,"A",,"G",217,"A",,2
134608,"R",322395,"R",1054423,"A",,"G",11918,"A",,"G",11918,"A",,3
134680,"R",63896,"A",,"R",22,"G",1420,"G",1,"G",1420,"G",1,2
134714,"A",,"R",193295,"A",,"G",215,"A",,"G",215,"A",,1
134811,"R",185853,"A",,"R",3180,"G",4130,"G",88,"G",4130,"G",88,2
134875,"R",106117,"R",976352,"A",,"G",3443,"A",,"G",3443,"A",,3
134909,"R",37580,"A",,"A",,"G",835,"A",,"G",835,"A",,2
134945,"R",83450,"A",,"R",7037,"G",2782,"G",293,"R",2817,"R",303,2
135063,"R",19236,"A",,"A",,"G",641,"A",,"G",641,"A",,2
135081,"R",496551,"A",,"R",9935,"G",16552,"G",414,"G",16552,"G",414,2
135124,"R",61389,"A",,"A",,"G",2046,"A",,"R",1578,"A",,2
135142,"A",,"R",266413,"A",,"G",296,"A",,"G",296,"A",,1
135160,"R",59448,"R",317955,"A",,"G",2335,"A",,"G",2335,"A",,3
135179,"A",,"R",688006,"A",,"G",764,"A",,"G",764,"A",,1
135188,"R",94004,"A",,"A",,"G",3133,"A",,"G",3133,"A",,2
135267,"A",,"R",689430,"A",,"G",766,"A",,"G",766,"A",,1
135276,"A",,"R",689323,"A",,"G",766,"A",,"G",766,"A",,1
135294,"A",,"R",651980,"A",,"G",724,"A",,"G",724,"A",,1
135337,"A",,"R",169280,"A",,"G",188,"A",,"G",188,"A",,1
135364,"R",7098,"A",,"R",10551,"G",237,"G",440,"G",237,"G",440,2
135391,"R",283356,"A",,"A",,"G",9445,"A",,"G",9445,"A",,2
135407,"A",,"R",1112873,"A",,"G",1237,"A",,"G",1237,"A",,1
135416,"A",,"R",596728,"A",,"G",663,"A",,"G",663,"A",,1
135434,"A",,"R",438120,"A",,"G",487,"A",,"G",487,"A",,1
135522,"A",,"R",561092,"A",,"G",623,"A",,"G",623,"A",,1
135610,"R",4848,"A",,"R",2030,"G",162,"G",85,"G",162,"G",85,2
135647,"A",,"R",1640005,"A",,"G",1822,"A",,"G",1822,"A",,1
135717,"R",1514295,"R",641562,"A",,"G",51189,"A",,"G",51189,"A",,3
135726,"R",304279,"A",,"R",131370,"G",10143,"G",5474,"G",10143,"G",5474,2
135735,"A",,"R",2277180,"A",,"G",2530,"A",,"G",2530,"A",,1
135771,"A",,"R",584200,"A",,"G",649,"A",,"G",649,"A",,1
135939,"R",17538,"A",,"A",,"G",585,"A",,"G",585,"A",,2
135957,"R",54981,"A",,"A",,"G",1833,"A",,"R",1265,"A",,2
136011,"R",50388,"A",,"A",,"G",1680,"A",,"R",1166,"A",,2
136048,"A",,"R",104125,"A",,"G",116,"A",,"G",116,"A",,1
136066,"R",176572,"A",,"A",,"G",3924,"A",,"G",3924,"A",,2
136075,"R",21375,"A",,"A",,"G",475,"A",,"G",475,"A",,2
136109,"A",,"R",144940,"A",,"G",161,"A",,"G",161,"A",,1
136145,"R",23759,"R",116269,"A",,"G",921,"A",,"G",921,"A",,3
136172,"R",382433,"A",,"R",33538,"G",12748,"G",1397,"G",12748,"G",1397,2
136206,"R",31686,"A",,"A",,"G",704,"A",,"R",736,"A",,2
136215,"R",157058,"A",,"R",545228,"G",5235,"G",22718,"G",5235,"G",22718,2
136233,"R",162947,"R",135510,"A",,"G",5582,"A",,"G",5582,"A",,3
136251,"A",,"R",111840,"A",,"G",124,"A",,"G",124,"A",,1
136288,"R",54506,"A",,"R",1072,"G",1211,"G",30,"R",1358,"R",45,2
136303,"A",,"R",748438,"A",,"G",832,"A",,"G",832,"A",,1
136330,"R",70206,"A",,"R",20531,"G",2340,"G",855,"G",2340,"G",855,2
136358,"R",547740,"R",1022359,"A",,"G",19394,"A",,"G",19394,"A",,3
136400,"R",211038,"R",460864,"A",,"G",7547,"A",,"G",7547,"A",,3
136473,"R",253840,"R",413940,"A",,"G",8921,"A",,"G",8921,"A",,3
136491,"A",,"R",828117,"A",,"G",920,"A",,"G",920,"A",,1
136516,"R",195172,"R",109370,"A",,"G",6627,"A",,"G",6627,"A",,3
136659,"A",,"R",160218,"A",,"G",178,"A",,"G",178,"A",,1
136701,"A",,"A",,"R",836,"A",,"G",35,"A",,"G",35,-2
136738,"A",,"R",2117376,"A",,"G",2353,"A",,"G",2353,"A",,1
136747,"A",,"R",2651040,"A",,"G",2946,"A",,"G",2946,"A",,1
136765,"A",,"R",518000,"A",,"G",576,"A",,"G",576,"A",,1
136774,"R",37188,"A",,"A",,"G",1240,"A",,"R",1264,"A",,2
136783,"A",,"R",58435,"A",,"G",65,"A",,"G",65,"A",,1
136826,"A",,"R",594300,"A",,"G",660,"A",,"G",660,"A",,1
136950,"R",85552,"A",,"R",16947,"G",2852,"G",706,"G",2852,"G",706,2
137023,"A",,"R",527132,"A",,"G",586,"A",,"G",586,"A",,1
137032,"R",312667,"A",,"R",45270,"G",10422,"G",1886,"G",10422,"G",1886,2
137078,"R",628704,"R",104745,"A",,"G",21073,"A",,"G",21073,"A",,3
137087,"A",,"R",732184,"A",,"G",814,"A",,"G",814,"A",,1
137096,"R",350401,"R",286464,"A",,"G",11998,"A",,"G",11998,"A",,3
137120,"A",,"R",704333,"A",,"G",783,"A",,"G",783,"A",,1
137148,"R",1839,"A",,"R",21750,"G",61,"G",906,"G",61,"G",906,2
137209,"R",366179,"R",369861,"A",,"G",12617,"A",,"G",12617,"A",,3
137245,"A",,"R",2680200,"A",,"G",2978,"A",,"G",2978,"A",,1
137272,"R",1694,"A",,"R",363,"G",56,"G",15,"G",56,"G",15,2
137281,"R",134237,"R",119733,"A",,"G",4608,"A",,"G",4608,"A",,3
137315,"R",49480,"R",432515,"A",,"G",2130,"A",,"G",2130,"A",,3
137351,"R",817497,"A",,"R",168550,"G",27250,"G",7023,"G",27250,"G",7023,2
137476,"R",43072,"A",,"R",32612,"G",1436,"G",1359,"G",1436,"G",1359,2
137537,"R",11820,"A",,"A",,"G",394,"A",,"R",394,"A",,2
137546,"R",66355,"A",,"R",40279,"G",2212,"G",1678,"G",2212,"G",1678,2
137564,"R",73071,"A",,"R",5969,"G",2436,"G",249,"G",2436,"G",249,2
137591,"A",,"R",163647,"A",,"G",182,"A",,"G",182,"A",,1
137713,"A",,"R",170037,"A",,"G",189,"A",,"G",189,"A",,1
137759,"R",338023,"R",254270,"A",,"G",11550,"A",,"G",11550,"A",,3
137777,"R",992,"A",,"R",330,"G",33,"G",14,"G",33,"G",14,2
137801,"R",78205,"A",,"R",384,"G",1738,"G",11,"R",1874,"R",16,2
137810,"R",41264,"A",,"R",845,"G",917,"G",23,"R",993,"R",24,2
137847,"R",171867,"A",,"R",14888,"G",5729,"G",620,"G",5729,"G",620,2
137856,"A",,"R",176117,"A",,"G",196,"A",,"G",196,"A",,1
137865,"A",,"R",341762,"A",,"G",380,"A",,"G",380,"A",,1
137892,"R",11574,"R",1347584,"A",,"G",1755,"A",,"G",1755,"A",,3
137953,"R",6750,"A",,"R",150,"G",225,"G",6,"G",225,"G",6,2
137962,"R",5130,"A",,"A",,"G",171,"A",,"G",171,"A",,2
138132,"A",,"R",171920,"A",,"G",191,"A",,"R",191,"A",,1
138187,"R",890459,"R",170695,"A",,"G",29872,"A",,"G",29872,"A",,3
138275,"R",28639,"A",,"R",2248,"G",955,"G",94,"R",955,"R",112,2
138284,"A",,"R",857988,"A",,"G",953,"A",,"G",953,"A",,1
138293,"R",19172,"A",,"R",1305,"G",639,"G",54,"G",639,"G",54,2
138309,"R",214056,"A",,"A",,"G",4757,"A",,"G",4757,"A",,2
138354,"R",238949,"A",,"R",29907,"G",7965,"G",1246,"G",7965,"G",1246,2
138372,"A",,"R",890588,"A",,"G",990,"A",,"G",990,"A",,1
138479,"A",,"R",2764800,"A",,"G",3072,"A",,"G",3072,"A",,1
138488,"A",,"R",555105,"A",,"G",617,"A",,"G",617,"A",,1
138497,"A",,"R",422241,"A",,"G",469,"A",,"G",469,"A",,1
138558,"R",83195,"A",,"A",,"G",2773,"A",,"G",2773,"A",,2
138594,"R",103920,"A",,"A",,"G",3464,"A",,"G",3464,"A",,2
138600,"R",25377,"A",,"R",990,"G",846,"G",41,"G",846,"G",41,2
138655,"R",12400,"A",,"A",,"G",413,"A",,"G",413,"A",,2
138664,"R",2200,"A",,"A",,"G",73,"A",,"G",73,"A",,2
138682,"R",187785,"A",,"A",,"G",4173,"A",,"G",4173,"A",,2
138691,"R",140079,"A",,"A",,"G",4669,"A",,"G",4669,"A",,2
138716,"R",116340,"A",,"R",7423,"G",3878,"G",309,"G",3878,"G",309,2
138761,"R",7250,"A",,"A",,"G",242,"A",,"G",242,"A",,2
138789,"R",173777,"A",,"R",17696,"G",5793,"G",737,"G",5793,"G",737,2
138813,"R",174620,"A",,"A",,"G",3880,"A",,"G",3880,"A",,2
138822,"A",,"R",571090,"A",,"G",635,"A",,"G",635,"A",,1
138840,"R",206141,"A",,"A",,"G",4581,"A",,"G",4581,"A",,2
138868,"R",24951,"A",,"A",,"G",832,"A",,"G",832,"A",,2
138901,"R",71317,"A",,"A",,"G",2377,"A",,"G",2377,"A",,2
138929,"A",,"A",,"R",13948,"A",,"G",581,"A",,"R",496,-2
138938,"A",,"R",180436,"A",,"G",200,"A",,"G",200,"A",,1
138947,"R",96709,"A",,"R",11219,"G",3224,"G",467,"G",3224,"G",467,2
138956,"R",188980,"A",,"A",,"G",4200,"A",,"G",4200,"A",,2
138983,"R",154256,"A",,"R",20120,"G",5142,"G",838,"G",5142,"G",838,2
139010,"R",93174,"A",,"A",,"G",3106,"A",,"G",3106,"A",,2
139074,"R",53432,"A",,"A",,"G",1781,"A",,"G",1781,"A",,2
139092,"A",,"R",183676,"A",,"G",204,"A",,"R",145,"A",,1
139144,"R",53006,"A",,"R",2641,"G",1767,"G",110,"G",1767,"G",110,2
139153,"R",15168,"A",,"R",2814,"G",506,"G",117,"G",506,"G",117,2
139199,"R",48093,"A",,"R",18459,"G",1603,"G",769,"G",1603,"G",769,2
139205,"R",25598,"A",,"A",,"G",853,"A",,"G",853,"A",,2
139214,"R",10045,"A",,"A",,"G",223,"A",,"G",223,"A",,2
139250,"R",70770,"A",,"A",,"G",2359,"A",,"G",2359,"A",,2
139278,"R",263973,"A",,"A",,"G",5866,"A",,"G",5866,"A",,2
139287,"R",3054,"A",,"A",,"G",102,"A",,"G",102,"A",,2
139311,"R",165534,"A",,"R",3128,"G",5518,"G",130,"G",5518,"G",130,2
139348,"A",,"A",,"R",6566,"A",,"G",274,"A",,"G",274,-2
139357,"R",149134,"A",,"A",,"G",3314,"A",,"G",3314,"A",,2
139366,"R",184246,"A",,"R",21418,"G",6142,"G",892,"G",6142,"G",892,2
139384,"R",246275,"A",,"A",,"G",5473,"A",,"G",5473,"A",,2
139393,"R",38764,"A",,"R",495,"G",1292,"G",21,"R",1292,"R",52,2
139463,"R",134643,"A",,"A",,"G",4488,"A",,"G",4488,"A",,2
139506,"A",,"R",296400,"A",,"G",329,"A",,"G",329,"A",,1
139533,"R",146784,"A",,"R",34442,"G",4893,"G",1435,"R",4077,"R",1276,2
139579,"R",483190,"A",,"R",71177,"G",10738,"G",1977,"G",10738,"G",1977,2
139621,"R",69151,"A",,"A",,"G",2305,"A",,"G",2305,"A",,2
139630,"R",20869,"A",,"A",,"G",696,"A",,"G",696,"A",,2
139658,"R",237645,"A",,"R",131231,"G",7922,"G",5468,"G",7922,"G",5468,2
139700,"R",123935,"A",,"A",,"G",4131,"A",,"G",4131,"A",,2
139719,"R",100968,"A",,"R",3467,"G",3366,"G",144,"G",3366,"G",144,2
139746,"R",6580,"A",,"A",,"G",146,"A",,"G",146,"A",,2
139755,"R",405717,"A",,"R",228086,"G",13524,"G",9504,"R",13884,"R",6807,2
139764,"R",70980,"A",,"R",7320,"G",2366,"G",305,"G",2366,"G",305,2
139773,"R",209923,"A",,"A",,"G",6997,"A",,"G",6997,"A",,2
139861,"R",164689,"A",,"R",19619,"G",5490,"G",817,"G",5490,"G",817,2
139904,"R",56632,"A",,"A",,"G",1258,"A",,"G",1258,"A",,2
139931,"R",485977,"A",,"R",44684,"G",16199,"G",1862,"G",16199,"G",1862,2
139940,"R",628575,"A",,"R",222061,"G",20953,"G",9253,"G",20953,"G",9253,2
139959,"R",756961,"A",,"R",238382,"G",25232,"G",9933,"R",25232,"R",7946,2
139968,"R",114416,"A",,"A",,"G",3814,"A",,"G",3814,"A",,2
139986,"R",247691,"A",,"A",,"G",5504,"A",,"G",5504,"A",,2
139995,"R",11820,"A",,"A",,"G",263,"A",,"G",263,"A",,2
140003,"R",23393,"A",,"A",,"G",520,"A",,"R",424,"A",,2
140012,"R",258198,"A",,"A",,"G",5738,"A",,"G",5738,"A",,2
140076,"R",65634,"A",,"A",,"G",1459,"A",,"G",1459,"A",,2
140085,"R",158309,"A",,"A",,"G",3518,"A",,"G",3518,"A",,2
140146,"A",,"A",,"R",4956,"A",,"G",207,"A",,"G",207,-2
140164,"R",560472,"A",,"R",39756,"G",18682,"G",1657,"G",18682,"G",1657,2
140234,"R",26281,"A",,"R",4636,"G",876,"G",193,"G",876,"G",193,2
140243,"R",155008,"A",,"A",,"G",3445,"A",,"G",3445,"A",,2
140252,"R",22569,"A",,"R",76600,"G",502,"G",2128,"G",502,"G",2128,2
140304,"R",282873,"A",,"A",,"G",6286,"A",,"G",6286,"A",,2
140322,"R",157087,"A",,"A",,"G",5236,"A",,"G",5236,"A",,2
140331,"R",392155,"A",,"A",,"G",8715,"A",,"G",8715,"A",,2
140340,"R",22583,"A",,"A",,"G",753,"A",,"G",753,"A",,2
140401,"R",17664,"A",,"R",151892,"G",589,"G",6329,"R",589,"R",1921,2
140447,"R",129455,"A",,"R",93665,"G",4315,"G",3903,"G",4315,"G",3903,2
140483,"R",95615,"A",,"A",,"G",3187,"A",,"G",3187,"A",,2
140553,"R",77652,"A",,"A",,"G",2588,"A",,"G",2588,"A",,2
140562,"A",,"A",,"R",6450,"A",,"G",269,"A",,"G",269,-2
140599,"R",101624,"A",,"A",,"G",2258,"A",,"G",2258,"A",,2
140669,"R",140430,"A",,"R",8599,"G",4681,"G",358,"G",4681,"G",358,2
140678,"R",126412,"A",,"A",,"G",2809,"A",,"R",2809,"A",,2
140696,"R",31519,"A",,"R",1776,"G",1051,"G",74,"G",1051,"G",74,2
140711,"A",,"R",69542,"A",,"G",77,"A",,"G",77,"A",,1
140720,"R",27397,"A",,"A",,"G",913,"A",,"G",913,"A",,2
140818,"R",37027,"A",,"R",33790,"G",1234,"G",1408,"G",1234,"G",1408,2
140827,"R",5222,"A",,"A",,"G",116,"A",,"G",116,"A",,2
140872,"R",32458,"A",,"R",1057,"G",1082,"G",44,"G",1082,"G",44,2
140942,"R",211160,"A",,"A",,"G",4692,"A",,"G",4692,"A",,2
140951,"R",346342,"A",,"R",64150,"G",7696,"G",1782,"G",7696,"G",1782,2
140960,"R",106442,"A",,"R",2805,"G",3548,"G",117,"G",3548,"G",117,2
140988,"R",38873,"A",,"A",,"G",1296,"A",,"G",1296,"A",,2
140997,"R",53158,"A",,"A",,"G",1772,"A",,"G",1772,"A",,2
141006,"R",115488,"A",,"A",,"G",2566,"A",,"G",2566,"A",,2
141015,"R",11797,"A",,"A",,"G",262,"A",,"G",262,"A",,2
141060,"R",73729,"A",,"A",,"G",2458,"A",,"G",2458,"A",,2
141097,"R",125258,"A",,"R",9625,"G",4175,"G",401,"G",4175,"G",401,2
141158,"R",62621,"A",,"A",,"G",1392,"A",,"G",1392,"A",,2
141167,"R",23973,"A",,"R",3913,"G",799,"G",163,"G",799,"G",163,2
141185,"R",24015,"A",,"A",,"G",801,"A",,"G",801,"A",,2
141237,"R",13019,"A",,"A",,"G",434,"A",,"G",434,"A",,2
141255,"R",217221,"A",,"A",,"G",4827,"A",,"G",4827,"A",,2
141264,"R",293272,"A",,"R",36638,"G",9776,"G",1527,"G",9776,"G",1527,2
141307,"R",25480,"A",,"A",,"G",849,"A",,"G",849,"A",,2
141325,"R",14257,"A",,"R",1445,"G",475,"G",60,"G",475,"G",60,2
141334,"R",273990,"A",,"R",29172,"G",9133,"G",1216,"G",9133,"G",1216,2
141361,"R",21286,"A",,"A",,"G",710,"A",,"G",710,"A",,2
141468,"R",73185,"A",,"A",,"G",1626,"A",,"G",1626,"A",,2
141486,"R",52477,"A",,"R",15150,"G",1749,"G",631,"R",1235,"R",631,2
141565,"R",92153,"A",,"R",11109,"G",3072,"G",463,"G",3072,"G",463,2
141574,"R",396969,"A",,"R",97515,"G",13232,"G",4063,"G",13232,"G",4063,2
141608,"A",,"R",123277,"A",,"G",137,"A",,"G",137,"A",,1
141644,"R",156181,"A",,"R",21219,"G",5206,"G",884,"G",5206,"G",884,2
141680,"R",76345,"A",,"A",,"G",2545,"A",,"G",2545,"A",,2
141796,"R",160520,"A",,"A",,"G",5351,"A",,"G",5351,"A",,2
141802,"R",22898,"A",,"A",,"G",763,"A",,"G",763,"A",,2
141811,"R",131718,"A",,"A",,"G",4391,"A",,"G",4391,"A",,2
141839,"R",74242,"A",,"A",,"G",2475,"A",,"G",2475,"A",,2
141848,"R",7854,"A",,"A",,"G",262,"A",,"G",262,"A",,2
141936,"A",,"A",,"R",1828,"A",,"G",76,"A",,"R",48,-2
141945,"R",1386,"R",152100,"A",,"G",215,"A",,"G",215,"A",,3
141981,"R",22964,"A",,"A",,"G",765,"A",,"G",765,"A",,2
141990,"R",38594,"A",,"A",,"G",1286,"A",,"G",1286,"A",,2
142054,"R",32651,"A",,"A",,"G",1088,"A",,"G",1088,"A",,2
142090,"R",4674,"A",,"A",,"G",156,"A",,"G",156,"A",,2
142115,"R",434786,"A",,"R",40609,"G",14493,"G",1692,"R",14493,"R",1692,2
142179,"R",19505,"A",,"A",,"G",650,"A",,"G",650,"A",,2
142276,"R",267591,"A",,"R",45105,"G",8920,"G",1879,"G",8920,"G",1879,2
142285,"R",278398,"A",,"R",47789,"G",9280,"G",1991,"G",9280,"G",1991,2
142294,"R",30435,"A",,"R",411,"G",1015,"G",17,"G",1015,"G",17,2
142328,"R",89717,"A",,"A",,"G",2991,"A",,"G",2991,"A",,2
142337,"R",24617,"A",,"A",,"G",547,"A",,"G",547,"A",,2
142407,"A",,"R",49725,"A",,"G",55,"A",,"G",55,"A",,1
142416,"A",,"R",30000,"A",,"G",33,"A",,"G",33,"A",,1
142443,"R",109460,"A",,"A",,"G",3649,"A",,"R",3649,"A",,2
142461,"R",38967,"A",,"R",11148,"G",1299,"G",465,"G",1299,"G",465,2
142489,"A",,"R",104400,"A",,"G",116,"A",,"G",116,"A",,1
142522,"R",526291,"A",,"A",,"G",17543,"A",,"G",17543,"A",,2
142559,"R",156427,"A",,"A",,"G",5214,"A",,"G",5214,"A",,2
142832,"A",,"A",,"R",15839,"A",,"G",660,"A",,"G",660,-2
142869,"A",,"R",57720,"A",,"G",64,"A",,"G",64,"A",,1
142878,"A",,"R",47960,"A",,"G",53,"A",,"G",53,"A",,1
142887,"R",11687,"A",,"A",,"G",390,"A",,"G",390,"A",,2
143048,"R",70636,"A",,"R",19310,"G",2355,"G",805,"G",2355,"G",805,2
143075,"R",21770,"A",,"A",,"G",726,"A",,"R",622,"A",,2
143084,"R",75057,"A",,"A",,"G",1668,"A",,"R",2455,"A",,2
143118,"R",73185,"A",,"R",47150,"G",2440,"G",1965,"G",2440,"G",1965,2
143181,"A",,"R",64800,"A",,"G",72,"A",,"G",72,"A",,1
143215,"R",301271,"A",,"A",,"G",10042,"A",,"G",10042,"A",,2
143233,"A",,"A",,"R",1183,"A",,"G",49,"A",,"R",44,-2
143279,"R",157321,"A",,"A",,"G",5244,"A",,"G",5244,"A",,2
143288,"R",17428,"A",,"A",,"G",581,"A",,"G",581,"A",,2
143297,"R",5408,"A",,"R",126,"G",180,"G",5,"G",180,"G",5,2
143303,"R",592,"A",,"A",,"G",20,"A",,"G",20,"A",,2
143358,"R",147717,"A",,"R",14534,"G",4924,"G",606,"G",4924,"G",606,2
143376,"A",,"R",213880,"A",,"G",238,"A",,"G",238,"A",,1
143464,"A",,"R",124153,"A",,"G",138,"A",,"G",138,"A",,1
143473,"A",,"R",111628,"A",,"G",124,"A",,"G",124,"A",,1
143482,"A",,"R",154387,"A",,"G",172,"A",,"G",172,"A",,1
143491,"A",,"R",196880,"A",,"G",219,"A",,"G",219,"A",,1
143516,"A",,"R",178112,"A",,"G",198,"A",,"G",198,"A",,1
143534,"A",,"R",132567,"A",,"G",147,"A",,"G",147,"A",,1
143543,"A",,"R",191474,"A",,"G",213,"A",,"R",125,"A",,1
143552,"A",,"R",123552,"A",,"G",137,"A",,"R",132,"A",,1
143613,"R",58578,"A",,"A",,"G",1953,"A",,"G",1953,"A",,2
143659,"A",,"A",,"R",5957,"A",,"G",248,"A",,"G",248,-2
143695,"A",,"R",58500,"A",,"G",65,"A",,"G",65,"A",,1
143853,"A",,"A",,"R",109321,"A",,"G",3037,"A",,"G",3037,-2
143978,"A",,"A",,"R",53040,"A",,"G",2210,"A",,"G",2210,-2
144005,"R",129612,"A",,"R",31929,"G",4320,"G",1330,"G",4320,"G",1330,2
144014,"A",,"A",,"R",3127,"A",,"G",130,"A",,"G",130,-2
144050,"R",179155,"A",,"R",231540,"G",3981,"G",6432,"R",4800,"R",8161,2
144157,"R",156588,"A",,"A",,"G",5220,"A",,"G",5220,"A",,2
144166,"R",195590,"A",,"A",,"G",6520,"A",,"G",6520,"A",,2
144175,"R",111035,"A",,"A",,"G",3701,"A",,"G",3701,"A",,2
144184,"R",285701,"A",,"A",,"G",9523,"A",,"G",9523,"A",,2
144193,"R",236648,"A",,"A",,"G",7888,"A",,"G",7888,"A",,2
144209,"R",197319,"A",,"A",,"G",6577,"A",,"G",6577,"A",,2
144218,"R",260491,"A",,"A",,"G",8683,"A",,"G",8683,"A",,2
144281,"R",320036,"A",,"R",9123,"G",10668,"G",380,"G",10668,"G",380,2
144351,"R",35081,"A",,"R",68892,"G",1169,"G",2871,"G",1169,"G",2871,2
144467,"R",56531,"A",,"A",,"G",1884,"A",,"G",1884,"A",,2
144485,"R",56070,"A",,"A",,"G",1869,"A",,"G",1869,"A",,2
144564,"R",78132,"A",,"A",,"G",2604,"A",,"G",2604,"A",,2
144573,"A",,"R",74700,"A",,"G",83,"A",,"G",83,"A",,1
144616,"A",,"R",27100,"A",,"G",30,"A",,"R",35,"A",,1
144740,"R",695758,"A",,"R",212583,"G",15461,"G",5905,"R",15461,"R",6312,2
144759,"R",741510,"A",,"R",153939,"G",24717,"G",6414,"R",20598,"R",5701,2
144795,"A",,"R",251000,"A",,"G",279,"A",,"R",279,"A",,1
144865,"R",592376,"A",,"A",,"G",19746,"A",,"G",19746,"A",,2
144883,"R",45443,"A",,"A",,"G",1010,"A",,"G",1010,"A",,2
144892,"R",287206,"A",,"R",35297,"G",9574,"G",1471,"G",9574,"G",1471,2
144944,"R",246407,"A",,"A",,"G",8214,"A",,"G",8214,"A",,2
144962,"R",99417,"A",,"R",4279,"G",3314,"G",178,"G",3314,"G",178,2
144971,"R",21646,"A",,"A",,"G",722,"A",,"G",722,"A",,2
145099,"A",,"R",99932,"A",,"G",111,"A",,"G",111,"A",,1
145239,"R",17790,"A",,"A",,"G",593,"A",,"G",593,"A",,2
145275,"A",,"A",,"R",5624,"A",,"G",234,"A",,"R",275,-2
145309,"R",2345,"A",,"A",,"G",78,"A",,"G",78,"A",,2
145336,"R",66277,"A",,"R",53862,"G",2209,"G",2244,"G",2209,"G",2244,2
145354,"R",1701,"A",,"A",,"G",57,"A",,"G",57,"A",,2
145372,"R",41965,"A",,"R",5121,"G",1399,"G",213,"G",1399,"G",213,2
145406,"A",,"R",244252,"A",,"G",271,"A",,"G",271,"A",,1
145424,"A",,"R",92998,"A",,"G",103,"A",,"G",103,"A",,1
145433,"A",,"R",96052,"A",,"G",107,"A",,"G",107,"A",,1
145460,"R",32010,"A",,"R",144,"G",1067,"G",6,"G",1067,"G",6,2
145497,"R",12258,"A",,"R",480,"G",409,"G",20,"G",409,"G",20,2
145521,"R",49856,"A",,"A",,"G",1662,"A",,"R",1662,"A",,2
145558,"A",,"A",,"R",81170,"A",,"G",2255,"A",,"G",2255,-2
145600,"R",475982,"A",,"R",288573,"G",15866,"G",12024,"G",15866,"G",12024,2
145619,"R",97074,"A",,"R",55075,"G",3236,"G",2295,"G",3236,"G",2295,2
145628,"A",,"A",,"R",14472,"A",,"G",402,"A",,"R",302,-2
145637,"R",995402,"A",,"R",353479,"G",33180,"G",14728,"G",33180,"G",14728,2
145646,"R",72476,"A",,"A",,"G",2416,"A",,"R",2060,"A",,2
145682,"R",262995,"A",,"A",,"G",8767,"A",,"G",8767,"A",,2
145691,"R",28035,"A",,"A",,"G",935,"A",,"G",935,"A",,2
145707,"R",51088,"A",,"A",,"G",1703,"A",,"G",1703,"A",,2
145725,"R",79816,"A",,"R",95937,"G",2661,"G",3997,"G",2661,"G",3997,2
145770,"R",5652,"A",,"R",20344,"G",188,"G",848,"G",188,"G",848,2
145813,"R",519364,"A",,"R",46232,"G",17312,"G",1926,"G",17312,"G",1926,2
145831,"R",103210,"A",,"A",,"G",3440,"A",,"G",3440,"A",,2
145886,"A",,"A",,"R",1363,"A",,"G",57,"A",,"G",57,-2
146010,"R",81524,"A",,"A",,"G",1812,"A",,"G",1812,"A",,2
146205,"R",140175,"A",,"A",,"G",4673,"A",,"G",4673,"A",,2
146241,"A",,"A",,"R",41288,"A",,"G",1720,"A",,"G",1720,-2
146278,"R",63112,"A",,"A",,"G",2104,"A",,"G",2104,"A",,2
146296,"R",337114,"A",,"A",,"G",11237,"A",,"G",11237,"A",,2
146339,"R",33865,"A",,"R",3353,"G",1129,"G",140,"G",1129,"G",140,2
146348,"R",104675,"A",,"A",,"G",3489,"A",,"G",3489,"A",,2
146366,"R",122774,"A",,"A",,"G",4092,"A",,"G",4092,"A",,2
146393,"R",100788,"A",,"A",,"G",2240,"A",,"G",2240,"A",,2
146418,"R",102717,"A",,"A",,"G",3424,"A",,"G",3424,"A",,2
146427,"R",41955,"A",,"A",,"G",1399,"A",,"G",1399,"A",,2
146454,"A",,"R",58820,"A",,"G",65,"A",,"G",65,"A",,1
146472,"R",341310,"A",,"A",,"G",11377,"A",,"G",11377,"A",,2
146481,"R",43204,"A",,"R",192,"G",1440,"G",8,"G",1440,"G",8,2
146490,"A",,"A",,"R",15712,"A",,"G",436,"A",,"G",436,-2
146506,"R",206800,"A",,"A",,"G",6893,"A",,"G",6893,"A",,2
146533,"R",5231,"A",,"A",,"G",174,"A",,"G",174,"A",,2
146603,"R",129283,"A",,"A",,"G",4309,"A",,"G",4309,"A",,2
146612,"R",114984,"A",,"R",28258,"G",3833,"G",1177,"G",3833,"G",1177,2
146621,"R",1592,"A",,"A",,"G",53,"A",,"G",53,"A",,2
146667,"R",17043,"A",,"R",4687,"G",568,"G",195,"G",568,"G",195,2
146676,"R",38588,"A",,"A",,"G",1286,"A",,"G",1286,"A",,2
146685,"R",171502,"A",,"A",,"G",5717,"A",,"G",5717,"A",,2
146700,"A",,"R",1586590,"A",,"G",1763,"A",,"G",1763,"A",,1
146719,"R",313378,"A",,"R",112859,"G",10446,"G",4702,"R",10041,"R",4296,2
146728,"A",,"A",,"R",2216,"A",,"G",92,"A",,"G",92,-2
146755,"R",5335,"A",,"A",,"G",178,"A",,"G",178,"A",,2
146791,"A",,"R",650610,"A",,"G",723,"A",,"G",723,"A",,1
146807,"A",,"R",62195,"A",,"G",69,"A",,"G",69,"A",,1
146816,"R",4252,"A",,"A",,"G",142,"A",,"G",142,"A",,2
146825,"R",14858,"A",,"A",,"G",495,"A",,"G",495,"A",,2
146977,"A",,"A",,"R",3609,"A",,"G",150,"A",,"G",150,-2
147004,"R",154620,"A",,"A",,"G",5154,"A",,"G",5154,"A",,2
147013,"R",64419,"A",,"R",16372,"G",2147,"G",682,"G",2147,"G",682,2
147031,"A",,"A",,"R",1860,"A",,"G",78,"A",,"R",46,-2
147129,"R",7471,"A",,"A",,"G",249,"A",,"G",249,"A",,2
147165,"R",26920,"A",,"A",,"G",598,"A",,"G",598,"A",,2
147244,"R",69439,"A",,"R",970,"G",2315,"G",40,"G",2315,"G",40,2
147341,"R",41831,"A",,"A",,"G",1394,"A",,"R",1350,"A",,2
147369,"R",67119,"A",,"R",8649,"G",2237,"G",360,"G",2237,"G",360,2
147378,"R",380203,"A",,"A",,"G",12673,"A",,"G",12673,"A",,2
147396,"R",3399,"A",,"A",,"G",113,"A",,"G",113,"A",,2
147411,"R",89658,"A",,"A",,"G",2989,"A",,"G",2989,"A",,2
147439,"A",,"R",78201,"A",,"G",87,"A",,"G",87,"A",,1
147536,"R",56158,"A",,"R",107085,"G",1248,"G",2975,"R",1248,"R",4462,2
147590,"R",5086,"A",,"R",22031,"G",170,"G",918,"G",170,"G",918,2
147642,"A",,"R",210575,"A",,"G",234,"A",,"G",234,"A",,1
147660,"R",108198,"A",,"R",6330,"G",2404,"G",176,"G",2404,"G",176,2
147679,"R",58073,"A",,"R",14780,"G",1936,"G",616,"G",1936,"G",616,2
147697,"A",,"A",,"R",2039,"A",,"G",57,"A",,"G",57,-2
147703,"R",494633,"A",,"R",99893,"G",16488,"G",4162,"G",16488,"G",4162,2
147749,"R",23314,"A",,"A",,"G",518,"A",,"G",518,"A",,2
147767,"R",404728,"A",,"R",344766,"G",8994,"G",9577,"G",8994,"G",9577,2
147776,"R",211964,"A",,"R",34477,"G",7065,"G",1437,"G",7065,"G",1437,2
147800,"R",241738,"A",,"A",,"G",8058,"A",,"G",8058,"A",,2
147819,"A",,"R",93250,"A",,"G",104,"A",,"G",104,"A",,1
147828,"R",93823,"A",,"R",31328,"G",3127,"G",1305,"G",3127,"G",1305,2
147916,"R",225639,"A",,"A",,"G",7521,"A",,"G",7521,"A",,2
147970,"A",,"R",225000,"A",,"G",250,"A",,"R",250,"A",,1
148007,"R",128966,"A",,"A",,"G",4299,"A",,"G",4299,"A",,2
148016,"R",23714,"A",,"A",,"G",527,"A",,"G",527,"A",,2
148098,"A",,"R",65360,"A",,"G",73,"A",,"G",73,"A",,1
148131,"R",36307,"A",,"R",15453,"G",1210,"G",644,"G",1210,"G",644,2
148140,"R",17836,"R",46097,"A",,"G",646,"A",,"G",646,"A",,3
148177,"R",139403,"A",,"A",,"G",3098,"A",,"G",3098,"A",,2
148256,"R",101747,"A",,"A",,"G",3392,"A",,"G",3392,"A",,2
148292,"R",84980,"A",,"A",,"G",2833,"A",,"G",2833,"A",,2
148335,"R",227555,"A",,"R",16018,"G",5057,"G",445,"G",5057,"G",445,2
148380,"R",199024,"A",,"A",,"G",6634,"A",,"G",6634,"A",,2
148399,"R",36658,"A",,"A",,"G",815,"A",,"G",815,"A",,2
148405,"R",25188,"A",,"R",11003,"G",840,"G",458,"G",840,"G",458,2
148487,"R",97017,"A",,"R",49654,"G",3234,"G",2069,"G",3234,"G",2069,2
148496,"R",53291,"A",,"R",36703,"G",1776,"G",1529,"G",1776,"G",1529,2
148511,"R",3590,"A",,"R",61879,"G",80,"G",1719,"G",80,"G",1719,2
148575,"R",9709,"A",,"R",1867,"G",324,"G",78,"G",324,"G",78,2
148584,"R",43944,"A",,"R",25563,"G",1465,"G",1065,"G",1465,"G",1065,2
148593,"R",2582,"A",,"A",,"G",86,"A",,"G",86,"A",,2
148627,"R",81193,"A",,"R",32160,"G",2706,"G",1340,"G",2706,"G",1340,2
148654,"R",76052,"A",,"R",30323,"G",2535,"G",1263,"G",2535,"G",1263,2
148672,"R",60694,"A",,"A",,"G",2023,"A",,"G",2023,"A",,2
148724,"A",,"A",,"R",409,"A",,"G",17,"A",,"G",17,-2
148821,"R",70510,"A",,"A",,"G",2350,"A",,"G",2350,"A",,2
148849,"R",3041,"A",,"A",,"G",101,"A",,"G",101,"A",,2
148876,"R",33178,"A",,"A",,"G",1106,"A",,"G",1106,"A",,2
148885,"A",,"A",,"R",2845,"A",,"G",79,"A",,"G",79,-2
148937,"R",59948,"A",,"A",,"G",1998,"A",,"G",1998,"A",,2
148955,"R",4396,"A",,"A",,"G",147,"A",,"G",147,"A",,2
148982,"A",,"A",,"R",6431,"A",,"G",179,"A",,"G",179,-2
148991,"R",40561,"A",,"A",,"G",1352,"A",,"G",1352,"A",,2
149019,"R",11605,"A",,"A",,"G",387,"A",,"G",387,"A",,2
149028,"R",4713,"A",,"R",232,"G",157,"G",10,"G",157,"G",10,2
149204,"A",,"R",160000,"A",,"G",178,"A",,"G",178,"A",,1
149222,"R",371100,"A",,"R",74538,"G",12370,"G",3106,"G",12370,"G",3106,2
149231,"R",308249,"A",,"R",51939,"G",10275,"G",2164,"G",10275,"G",2164,2
149310,"R",21420,"R",29100,"A",,"G",746,"A",,"G",746,"A",,3
149329,"R",2080,"A",,"R",336,"G",69,"G",14,"G",69,"G",14,2
149365,"R",175955,"A",,"A",,"G",5865,"A",,"G",5865,"A",,2
149499,"A",,"R",29027,"A",,"G",32,"A",,"G",32,"A",,1
149505,"R",36236,"A",,"A",,"G",1208,"A",,"G",1208,"A",,2
149514,"R",28854,"A",,"R",22386,"G",962,"G",933,"G",962,"G",933,2
149532,"R",285091,"A",,"A",,"G",9503,"A",,"G",9503,"A",,2
149550,"A",,"R",166753,"A",,"G",185,"A",,"G",185,"A",,1
149639,"R",4850,"A",,"R",4970,"G",162,"G",207,"G",162,"G",207,2
149727,"R",221782,"A",,"A",,"G",7393,"A",,"G",7393,"A",,2
149763,"R",5948,"A",,"R",206,"G",198,"G",9,"G",198,"G",9,2
149772,"R",296720,"A",,"R",32631,"G",9891,"G",1360,"G",9891,"G",1360,2
149781,"R",75863,"A",,"R",10402,"G",2529,"G",433,"G",2529,"G",433,2
149842,"R",352293,"A",,"A",,"G",11743,"A",,"G",11743,"A",,2
150048,"R",13656,"A",,"A",,"G",455,"A",,"G",455,"A",,2
150066,"R",62414,"A",,"R",9280,"G",2080,"G",387,"G",2080,"G",387,2
150075,"A",,"R",19120,"A",,"G",21,"A",,"G",21,"A",,1
150136,"R",530008,"A",,"R",68769,"G",17667,"G",2865,"G",17667,"G",2865,2
150145,"R",51883,"A",,"R",4046,"G",1729,"G",169,"G",1729,"G",169,2
150163,"R",116443,"A",,"R",18379,"G",3881,"G",766,"G",3881,"G",766,2
150172,"R",26417,"A",,"R",3870,"G",881,"G",161,"G",881,"G",161,2
150215,"A",,"A",,"R",4167,"A",,"G",174,"A",,"G",174,-2
150251,"R",7231,"A",,"A",,"G",241,"A",,"G",241,"A",,2
150288,"A",,"A",,"R",9631,"A",,"G",268,"A",,"G",268,-2
150303,"A",,"R",86308,"A",,"G",96,"A",,"G",96,"A",,1
150400,"R",77495,"A",,"A",,"G",2583,"A",,"G",2583,"A",,2
150428,"A",,"R",48813,"A",,"G",54,"A",,"G",54,"A",,1
150437,"A",,"R",60816,"A",,"G",68,"A",,"R",68,"A",,1
150455,"R",33800,"A",,"R",2749,"G",1127,"G",115,"R",1095,"R",115,2
150534,"R",80520,"A",,"R",4539,"G",2684,"G",189,"G",2684,"G",189,2
150604,"R",34574,"A",,"A",,"G",1152,"A",,"G",1152,"A",,2
150640,"A",,"R",17310,"A",,"G",19,"A",,"R",19,"A",,1
150668,"R",30713,"A",,"R",820,"G",1024,"G",34,"G",1024,"G",34,2
150677,"R",40746,"A",,"R",3920,"G",1358,"G",163,"R",1358,"R",218,2
150695,"A",,"R",66415,"A",,"G",74,"A",,"G",74,"A",,1
150710,"A",,"R",73871,"A",,"G",82,"A",,"G",82,"A",,1
150756,"R",32354,"A",,"A",,"G",1078,"A",,"R",940,"A",,2
150765,"A",,"R",87786,"A",,"G",98,"A",,"G",98,"A",,1
150774,"R",13818,"A",,"A",,"G",461,"A",,"G",461,"A",,2
150853,"A",,"R",209690,"A",,"G",233,"A",,"G",233,"A",,1
150941,"R",34431,"A",,"R",1483,"G",1148,"G",62,"G",1148,"G",62,2
150978,"R",163327,"A",,"A",,"G",5444,"A",,"G",5444,"A",,2
150987,"R",401616,"A",,"A",,"G",13387,"A",,"G",13387,"A",,2
150996,"R",110792,"A",,"A",,"G",3693,"A",,"G",3693,"A",,2
151005,"R",186132,"A",,"A",,"G",6204,"A",,"G",6204,"A",,2
151014,"R",117029,"A",,"A",,"G",3901,"A",,"G",3901,"A",,2
151023,"R",167416,"A",,"A",,"G",5581,"A",,"G",5581,"A",,2
151032,"R",225242,"A",,"A",,"G",7508,"A",,"G",7508,"A",,2
151041,"R",99457,"A",,"A",,"G",3315,"A",,"G",3315,"A",,2
151050,"R",131366,"A",,"A",,"G",4379,"A",,"G",4379,"A",,2
151069,"R",127095,"A",,"A",,"G",4237,"A",,"G",4237,"A",,2
151078,"R",77137,"A",,"A",,"G",2571,"A",,"G",2571,"A",,2
151087,"R",183542,"A",,"A",,"G",6118,"A",,"G",6118,"A",,2
151096,"R",64968,"A",,"A",,"G",2166,"A",,"G",2166,"A",,2
151102,"R",283677,"A",,"R",12242,"G",9456,"G",510,"G",9456,"G",510,2
151111,"R",559761,"A",,"R",200748,"G",18659,"G",8365,"G",18659,"G",8365,2
151157,"R",11484,"A",,"A",,"G",255,"A",,"G",255,"A",,2
151166,"R",113802,"A",,"A",,"G",2529,"A",,"G",2529,"A",,2
151184,"R",1492,"A",,"A",,"G",33,"A",,"G",33,"A",,2
151193,"R",11332,"A",,"A",,"G",252,"A",,"G",252,"A",,2
151209,"R",10251,"A",,"A",,"G",228,"A",,"G",228,"A",,2
151236,"R",14597,"A",,"A",,"G",324,"A",,"R",312,"A",,2
151245,"R",12433,"A",,"A",,"G",276,"A",,"G",276,"A",,2
151263,"R",109116,"A",,"R",24740,"G",3637,"G",1031,"G",3637,"G",1031,2
151290,"R",84992,"A",,"R",6807,"G",2833,"G",284,"G",2833,"G",284,2
151306,"R",266741,"A",,"R",13702,"G",8891,"G",571,"G",8891,"G",571,2
151324,"R",238705,"A",,"R",35060,"G",7957,"G",1461,"G",7957,"G",1461,2
151333,"R",60571,"A",,"R",2696,"G",2019,"G",112,"G",2019,"G",112,2
151342,"R",161389,"A",,"R",14078,"G",5380,"G",587,"G",5380,"G",587,2
151351,"R",971529,"A",,"R",195420,"G",32384,"G",8143,"G",32384,"G",8143,2
151360,"R",115867,"A",,"R",11354,"G",3862,"G",473,"G",3862,"G",473,2
151379,"R",141468,"A",,"R",12904,"G",4716,"G",538,"G",4716,"G",538,2
151388,"R",63350,"A",,"R",1726,"G",2112,"G",72,"G",2112,"G",72,2
151458,"R",12296,"A",,"A",,"G",410,"A",,"G",410,"A",,2
151467,"A",,"R",291800,"A",,"G",324,"A",,"G",324,"A",,1
151494,"R",46100,"A",,"A",,"G",1024,"A",,"G",1024,"A",,2
151500,"R",32847,"A",,"A",,"G",730,"A",,"G",730,"A",,2
151519,"R",246264,"A",,"R",5648,"G",5473,"G",157,"G",5473,"G",157,2
151537,"R",1672,"A",,"A",,"G",56,"A",,"R",72,"A",,2
151564,"A",,"R",46875,"A",,"G",52,"A",,"G",52,"A",,1
151607,"A",,"R",79900,"A",,"G",89,"A",,"G",89,"A",,1
151616,"R",39828,"A",,"A",,"G",885,"A",,"G",885,"A",,2
151625,"R",22732,"A",,"A",,"G",505,"A",,"G",505,"A",,2
151652,"A",,"R",418879,"A",,"G",465,"A",,"R",279,"A",,1
151661,"A",,"R",2389262,"A",,"G",2655,"A",,"G",2655,"A",,1
151777,"R",37559,"A",,"A",,"G",1252,"A",,"G",1252,"A",,2
151786,"R",55654,"A",,"R",4971,"G",1855,"G",207,"G",1855,"G",207,2
151801,"R",277134,"A",,"R",93767,"G",9238,"G",3907,"G",9238,"G",3907,2
151810,"R",20066,"A",,"R",1074,"G",669,"G",45,"G",669,"G",45,2
151829,"A",,"R",128351,"A",,"G",143,"A",,"G",143,"A",,1
151865,"A",,"A",,"R",2609,"A",,"G",109,"A",,"G",109,-2
151874,"A",,"R",106940,"A",,"G",119,"A",,"G",119,"A",,1
151944,"R",60074,"A",,"A",,"G",1335,"A",,"G",1335,"A",,2
151962,"R",16192,"A",,"A",,"G",360,"A",,"G",360,"A",,2
152044,"A",,"R",136460,"A",,"G",152,"A",,"G",152,"A",,1
152080,"R",257264,"A",,"R",68685,"G",8575,"G",2862,"G",8575,"G",2862,2
152099,"R",53853,"A",,"R",4523,"G",1795,"G",188,"G",1795,"G",188,2
152150,"A",,"R",53432,"A",,"G",59,"A",,"G",59,"A",,1
152220,"R",32498,"A",,"A",,"G",1083,"A",,"G",1083,"A",,2
152248,"R",207123,"A",,"R",17802,"G",6904,"G",742,"G",6904,"G",742,2
152266,"R",97369,"A",,"R",1056,"G",3246,"G",44,"G",3246,"G",44,2
152275,"A",,"R",228440,"A",,"G",254,"A",,"G",254,"A",,1
152309,"A",,"R",143100,"A",,"G",159,"A",,"R",159,"A",,1
152318,"R",81184,"A",,"R",2944,"G",1804,"G",82,"G",1804,"G",82,2
152327,"A",,"R",80550,"A",,"G",90,"A",,"G",90,"A",,1
152336,"R",47452,"A",,"R",7327,"G",1582,"G",305,"G",1582,"G",305,2
152363,"R",31623,"A",,"R",159,"G",1054,"G",7,"R",1054,"R",23,2
152381,"R",23214,"A",,"R",3010,"G",774,"G",125,"R",797,"R",167,2
152390,"R",53237,"A",,"A",,"G",1775,"A",,"G",1775,"A",,2
152415,"R",32406,"A",,"A",,"G",1080,"A",,"G",1080,"A",,2
152424,"R",17586,"A",,"A",,"G",586,"A",,"G",586,"A",,2
152451,"A",,"A",,"R",3986,"A",,"G",166,"A",,"G",166,-2
152497,"R",7914,"A",,"A",,"G",264,"A",,"G",264,"A",,2
152530,"R",68586,"A",,"R",2767,"G",2286,"G",115,"G",2286,"G",115,2
152567,"R",48973,"A",,"R",203,"G",1632,"G",8,"G",1632,"G",8,2
152600,"R",87472,"A",,"R",27971,"G",2916,"G",1165,"G",2916,"G",1165,2
152628,"A",,"R",64832,"A",,"G",72,"A",,"G",72,"A",,1
152637,"R",299788,"A",,"A",,"G",9993,"A",,"G",9993,"A",,2
152673,"R",28274,"A",,"A",,"G",942,"A",,"R",937,"A",,2
152798,"R",8270,"A",,"R",2014,"G",276,"G",84,"R",243,"R",95,2
152822,"R",45177,"A",,"A",,"G",1004,"A",,"G",1004,"A",,2
152992,"R",29708,"A",,"R",924,"G",990,"G",39,"G",990,"G",39,2
153001,"R",84391,"A",,"R",1189,"G",2813,"G",50,"G",2813,"G",50,2
153074,"R",4727,"R",1835,"A",,"G",160,"A",,"G",160,"A",,3
153083,"R",6586,"A",,"A",,"G",220,"A",,"G",220,"A",,2
153092,"A",,"R",22382,"A",,"G",25,"A",,"R",13,"A",,1
153108,"R",48670,"A",,"A",,"G",1622,"A",,"G",1622,"A",,2
153126,"R",26259,"A",,"R",5086,"G",875,"G",212,"G",875,"G",212,2
153144,"R",41429,"A",,"R",389,"G",1381,"G",16,"G",1381,"G",16,2
153162,"R",36487,"A",,"A",,"G",1216,"A",,"G",1216,"A",,2
153171,"A",,"R",54040,"A",,"G",60,"A",,"G",60,"A",,1
153214,"R",478186,"A",,"A",,"G",15940,"A",,"G",15940,"A",,2
153241,"R",1064,"R",2291,"A",,"G",38,"A",,"G",38,"A",,3
153250,"R",40053,"A",,"R",267,"G",1335,"G",11,"G",1335,"G",11,2
153269,"R",102174,"A",,"R",57054,"G",3406,"G",2377,"G",3406,"G",2377,2
153278,"R",43874,"A",,"R",2354,"G",1462,"G",98,"G",1462,"G",98,2
153296,"R",24875,"A",,"A",,"G",829,"A",,"G",829,"A",,2
153302,"R",7707,"A",,"A",,"G",257,"A",,"R",240,"A",,2
153311,"R",182627,"A",,"A",,"G",6088,"A",,"G",6088,"A",,2
153320,"R",10589,"A",,"R",1136,"G",353,"G",47,"G",353,"G",47,2
153339,"A",,"R",41210,"A",,"G",46,"A",,"G",46,"A",,1
153366,"R",41386,"A",,"R",13840,"G",1380,"G",577,"G",1380,"G",577,2
153375,"R",53450,"A",,"R",338,"G",1782,"G",14,"G",1782,"G",14,2
153384,"R",50730,"A",,"A",,"G",1691,"A",,"R",1623,"A",,2
153409,"R",20118,"A",,"A",,"G",671,"A",,"G",671,"A",,2
153418,"R",49532,"A",,"A",,"G",1651,"A",,"G",1651,"A",,2
153427,"R",17850,"A",,"A",,"G",595,"A",,"G",595,"A",,2
153445,"R",141643,"R",2706688,"A",,"G",7729,"A",,"R",5902,"A",,3
153463,"A",,"R",43574,"A",,"G",48,"A",,"G",48,"A",,1
153472,"R",135617,"A",,"A",,"G",4521,"A",,"G",4521,"A",,2
153524,"R",135546,"A",,"A",,"G",4518,"A",,"G",4518,"A",,2
153533,"R",84096,"A",,"A",,"G",2803,"A",,"G",2803,"A",,2
153542,"R",736,"A",,"A",,"G",25,"A",,"G",25,"A",,2
153588,"A",,"R",36871,"A",,"G",41,"A",,"R",21,"A",,1
153597,"A",,"R",249675,"A",,"G",277,"A",,"R",281,"A",,1
153603,"R",657359,"A",,"R",101521,"G",21912,"G",4230,"G",21912,"G",4230,2
153621,"R",23599,"A",,"A",,"G",787,"A",,"G",787,"A",,2
153630,"R",139617,"A",,"A",,"G",4654,"A",,"G",4654,"A",,2
153658,"R",645555,"A",,"R",103387,"G",21519,"G",4308,"G",21519,"G",4308,2
153737,"R",337373,"A",,"A",,"G",11246,"A",,"G",11246,"A",,2
153746,"A",,"R",167700,"A",,"G",186,"A",,"G",186,"A",,1
153764,"A",,"R",298900,"A",,"G",332,"A",,"G",332,"A",,1
153773,"A",,"R",121435,"A",,"G",135,"A",,"G",135,"A",,1
153782,"A",,"R",256200,"A",,"G",285,"A",,"G",285,"A",,1
153825,"R",52553,"A",,"R",759,"G",1752,"G",32,"G",1752,"G",32,2
153834,"R",82398,"A",,"A",,"G",2747,"A",,"G",2747,"A",,2
153861,"R",11243,"A",,"R",19687,"G",375,"G",820,"G",375,"G",820,2
153922,"R",44479,"A",,"A",,"G",1483,"A",,"G",1483,"A",,2
153977,"R",24196,"A",,"A",,"G",807,"A",,"G",807,"A",,2
154004,"R",35373,"A",,"R",11315,"G",1179,"G",471,"G",1179,"G",471,2
154013,"R",36612,"A",,"R",2820,"G",1220,"G",118,"G",1220,"G",118,2
154022,"R",1490585,"A",,"R",121011,"G",49686,"G",5042,"G",49686,"G",5042,2
154059,"R",80476,"A",,"A",,"G",2683,"A",,"G",2683,"A",,2
154095,"R",316540,"A",,"R",31800,"G",10551,"G",1325,"R",10551,"R",1767,2
154101,"R",35181,"A",,"A",,"G",1173,"A",,"R",1173,"A",,2
154110,"R",118145,"A",,"A",,"G",3938,"A",,"G",3938,"A",,2
154129,"R",35260,"A",,"A",,"G",1175,"A",,"G",1175,"A",,2
154156,"A",,"A",,"R",66539,"A",,"G",2772,"A",,"R",1681,-2
154165,"A",,"R",102244,"A",,"G",114,"A",,"R",97,"A",,1
154174,"R",1943,"A",,"R",200822,"G",65,"G",8368,"G",65,"G",8368,2
154208,"A",,"R",130275,"A",,"G",145,"A",,"G",145,"A",,1
154235,"R",73374,"A",,"R",17367,"G",2446,"G",724,"G",2446,"G",724,2
154262,"R",4893,"A",,"A",,"G",163,"A",,"G",163,"A",,2
154332,"A",,"R",114300,"A",,"G",127,"A",,"G",127,"A",,1
154341,"A",,"R",173550,"A",,"G",193,"A",,"G",193,"A",,1
154350,"R",56300,"A",,"R",957,"G",1877,"G",40,"G",1877,"G",40,2
154378,"R",86246,"A",,"A",,"G",2875,"A",,"G",2875,"A",,2
154396,"R",36586,"A",,"A",,"G",1220,"A",,"G",1220,"A",,2
154448,"R",5275,"A",,"A",,"G",176,"A",,"G",176,"A",,2
154457,"A",,"R",77177,"A",,"G",86,"A",,"R",76,"A",,1
154466,"A",,"R",85595,"A",,"G",95,"A",,"G",95,"A",,1
154493,"R",129796,"A",,"R",10593,"G",4327,"G",441,"R",4224,"R",491,2
154518,"R",15921,"A",,"A",,"G",531,"A",,"G",531,"A",,2
154527,"R",56706,"A",,"A",,"G",1890,"A",,"G",1890,"A",,2
154536,"A",,"A",,"R",4619,"A",,"G",192,"A",,"G",192,-2
154545,"A",,"R",53302,"A",,"G",59,"A",,"G",59,"A",,1
154572,"R",111094,"A",,"A",,"G",3703,"A",,"G",3703,"A",,2
154590,"R",40795,"A",,"R",3494,"G",1360,"G",146,"G",1360,"G",146,2
154633,"A",,"R",89748,"A",,"G",100,"A",,"G",100,"A",,1
154642,"R",68322,"A",,"A",,"G",2277,"A",,"G",2277,"A",,2
154651,"A",,"R",37720,"A",,"G",42,"A",,"G",42,"A",,1
154688,"R",61592,"A",,"R",34569,"G",2053,"G",1440,"G",2053,"G",1440,2
154697,"R",101820,"A",,"A",,"G",3394,"A",,"G",3394,"A",,2
154712,"R",48463,"A",,"R",1100,"G",1615,"G",46,"G",1615,"G",46,2
154721,"R",17542,"A",,"A",,"G",585,"A",,"G",585,"A",,2
154749,"R",12997,"A",,"A",,"G",433,"A",,"G",433,"A",,2
154767,"R",28323,"A",,"A",,"G",629,"A",,"G",629,"A",,2
154776,"R",25051,"A",,"A",,"G",557,"A",,"G",557,"A",,2
154794,"R",11790,"A",,"A",,"G",262,"A",,"G",262,"A",,2
154800,"R",195365,"A",,"A",,"G",6512,"A",,"G",6512,"A",,2
154819,"A",,"R",210000,"A",,"G",233,"A",,"G",233,"A",,1
154837,"R",72,"A",,"R",1377,"G",2,"G",57,"G",2,"G",57,2
154855,"R",9523,"A",,"A",,"G",317,"A",,"R",340,"A",,2
154907,"R",50045,"A",,"A",,"G",1668,"A",,"G",1668,"A",,2
154925,"R",40627,"R",148474,"A",,"G",1519,"A",,"G",1519,"A",,3
154934,"R",34188,"A",,"A",,"G",1140,"A",,"G",1140,"A",,2
154943,"A",,"R",109745,"A",,"G",122,"A",,"G",122,"A",,1
154952,"R",91007,"A",,"A",,"G",3034,"A",,"G",3034,"A",,2
154970,"A",,"R",88542,"A",,"G",98,"A",,"G",98,"A",,1
154998,"R",37629,"A",,"A",,"G",1254,"A",,"G",1254,"A",,2
155007,"R",13719,"A",,"A",,"G",457,"A",,"G",457,"A",,2
155025,"R",122306,"A",,"R",29425,"G",4077,"G",1226,"G",4077,"G",1226,2
155052,"R",15388,"A",,"A",,"G",513,"A",,"G",513,"A",,2
155061,"R",196010,"A",,"R",22480,"G",6534,"G",937,"G",6534,"G",937,2
155070,"R",5437,"A",,"A",,"G",181,"A",,"G",181,"A",,2
155089,"R",43483,"A",,"R",13234,"G",1449,"G",551,"G",1449,"G",551,2
155098,"R",50566,"A",,"A",,"G",1686,"A",,"G",1686,"A",,2
155104,"R",44917,"A",,"A",,"G",1497,"A",,"G",1497,"A",,2
155140,"R",27074,"A",,"A",,"G",902,"A",,"G",902,"A",,2
155159,"A",,"R",63000,"A",,"G",70,"A",,"G",70,"A",,1
155177,"R",11788,"A",,"A",,"G",393,"A",,"G",393,"A",,2
155186,"R",69020,"A",,"A",,"G",2301,"A",,"G",2301,"A",,2
155195,"R",115182,"A",,"A",,"G",3839,"A",,"G",3839,"A",,2
155201,"R",27228,"A",,"A",,"G",908,"A",,"G",908,"A",,2
155210,"R",375671,"A",,"A",,"G",12522,"A",,"G",12522,"A",,2
155283,"A",,"R",666287,"A",,"G",740,"A",,"G",740,"A",,1
155292,"R",144545,"A",,"A",,"G",4818,"A",,"G",4818,"A",,2
155317,"R",591104,"A",,"R",153768,"G",19703,"G",6407,"G",19703,"G",6407,2
155335,"R",37775,"A",,"R",11123,"G",1259,"G",463,"G",1259,"G",463,2
155353,"A",,"R",75000,"A",,"G",83,"A",,"G",83,"A",,1
155399,"R",509712,"A",,"R",78709,"G",16990,"G",3280,"G",16990,"G",3280,2
155414,"R",21370,"A",,"R",1194,"G",712,"G",50,"G",712,"G",50,2
155423,"R",19389,"A",,"A",,"G",646,"A",,"G",646,"A",,2
155441,"A",,"R",61821,"A",,"G",69,"A",,"G",69,"A",,1
155450,"R",38304,"A",,"A",,"G",1277,"A",,"G",1277,"A",,2
155487,"R",14380,"A",,"A",,"G",479,"A",,"G",479,"A",,2
155496,"R",8408,"A",,"A",,"G",280,"A",,"G",280,"A",,2
155511,"R",17343,"A",,"A",,"G",578,"A",,"R",578,"A",,2
155520,"R",41135,"A",,"R",9644,"G",1371,"G",402,"G",1371,"G",402,2
155566,"R",41906,"A",,"A",,"G",1397,"A",,"G",1397,"A",,2
155593,"R",22021,"A",,"A",,"G",734,"A",,"G",734,"A",,2
155618,"R",11548,"A",,"A",,"G",385,"A",,"G",385,"A",,2
155627,"R",15163,"A",,"A",,"G",505,"A",,"G",505,"A",,2
155636,"R",9678,"A",,"R",6470,"G",323,"G",270,"R",323,"R",359,2
155681,"R",176202,"A",,"R",24090,"G",5873,"G",1004,"G",5873,"G",1004,2
155715,"R",32947,"A",,"A",,"G",1098,"A",,"G",1098,"A",,2
155812,"R",18659,"A",,"R",4681,"G",622,"G",195,"G",622,"G",195,2
155830,"R",12367,"A",,"A",,"G",412,"A",,"G",412,"A",,2
155858,"R",35580,"A",,"A",,"G",1186,"A",,"G",1186,"A",,2
155867,"A",,"R",69975,"A",,"G",78,"A",,"R",54,"A",,1
155900,"R",44205,"A",,"R",8112,"G",1474,"G",338,"G",1474,"G",338,2
155937,"R",20243,"A",,"A",,"G",675,"A",,"G",675,"A",,2
155973,"R",17999,"A",,"R",322,"G",600,"G",13,"G",600,"G",13,2
156082,"R",135031,"A",,"R",20704,"G",4501,"G",863,"R",4501,"R",959,2
156107,"R",56115,"A",,"A",,"G",1871,"A",,"G",1871,"A",,2
156125,"R",289052,"A",,"R",47333,"G",9635,"G",1972,"G",9635,"G",1972,2
156134,"A",,"R",2600640,"A",,"G",2890,"A",,"R",2632,"A",,1
156189,"R",17656,"A",,"A",,"G",589,"A",,"G",589,"A",,2
156213,"R",43713,"A",,"R",2869,"G",1457,"G",120,"G",1457,"G",120,2
156222,"A",,"A",,"R",26092,"A",,"G",1087,"A",,"G",1087,-2
156231,"R",80503,"A",,"A",,"G",2683,"A",,"G",2683,"A",,2
156277,"A",,"R",71319,"A",,"G",79,"A",,"G",79,"A",,1
156286,"R",70790,"A",,"R",15892,"G",2360,"G",662,"G",2360,"G",662,2
156295,"R",55244,"A",,"A",,"G",1841,"A",,"R",1561,"A",,2
156310,"A",,"R",616976,"A",,"G",686,"A",,"G",686,"A",,1
156338,"R",60153,"A",,"A",,"G",2005,"A",,"G",2005,"A",,2
156356,"R",16011,"A",,"R",879,"G",534,"G",37,"G",534,"G",37,2
156365,"R",63741,"A",,"R",10703,"G",2125,"G",446,"G",2125,"G",446,2
156392,"R",265166,"A",,"A",,"G",8839,"A",,"G",8839,"A",,2
156408,"R",35546,"A",,"A",,"G",1185,"A",,"R",1225,"A",,2
156417,"R",4397,"A",,"A",,"G",147,"A",,"G",147,"A",,2
156426,"A",,"R",201980,"A",,"G",224,"A",,"G",224,"A",,1
156444,"A",,"R",16525,"A",,"G",18,"A",,"G",18,"A",,1
156471,"R",42930,"A",,"A",,"G",1431,"A",,"G",1431,"A",,2
156541,"R",45776,"A",,"R",24068,"G",1526,"G",1003,"G",1526,"G",1003,2
156620,"R",380315,"A",,"R",37581,"G",12677,"G",1566,"G",12677,"G",1566,2
156648,"R",121914,"A",,"A",,"G",4064,"A",,"G",4064,"A",,2
156675,"A",,"R",105222,"A",,"G",117,"A",,"G",117,"A",,1
156727,"A",,"A",,"R",20213,"A",,"G",561,"A",,"G",561,-2
156745,"R",37655,"A",,"R",8415,"G",1255,"G",351,"G",1255,"G",351,2
156754,"A",,"R",97678,"A",,"G",109,"A",,"G",109,"A",,1
156790,"R",65346,"A",,"A",,"G",2178,"A",,"G",2178,"A",,2
156842,"A",,"R",252853,"A",,"G",281,"A",,"G",281,"A",,1
156851,"R",43205,"A",,"A",,"G",1440,"A",,"G",1440,"A",,2
156860,"R",73048,"A",,"A",,"G",2435,"A",,"G",2435,"A",,2
156903,"R",10710,"A",,"A",,"G",357,"A",,"G",357,"A",,2
156921,"R",267689,"A",,"A",,"G",8923,"A",,"G",8923,"A",,2
156949,"A",,"R",26100,"A",,"G",29,"A",,"R",29,"A",,1
156967,"A",,"R",199951,"A",,"G",222,"A",,"G",222,"A",,1
157021,"R",103230,"A",,"A",,"G",2294,"A",,"G",2294,"A",,2
157030,"R",2169,"A",,"A",,"G",72,"A",,"R",74,"A",,2
157058,"R",64970,"A",,"R",3126,"G",2166,"G",130,"G",2166,"G",130,2
157076,"R",25675,"A",,"A",,"G",856,"A",,"G",856,"A",,2
157085,"R",547554,"A",,"R",152127,"G",18252,"G",6339,"G",18252,"G",6339,2
157100,"R",15639,"A",,"R",336,"G",521,"G",14,"G",521,"G",14,2
157207,"A",,"A",,"R",1240,"A",,"G",52,"A",,"R",68,-2
157216,"R",55818,"A",,"R",11258,"G",1861,"G",469,"G",1861,"G",469,2
157270,"R",36996,"A",,"A",,"G",822,"A",,"G",822,"A",,2
157289,"R",405562,"A",,"R",127500,"G",13519,"G",5313,"G",13519,"G",5313,2
157298,"A",,"A",,"R",4035,"A",,"G",168,"A",,"R",200,-2
157304,"R",65725,"A",,"A",,"G",2191,"A",,"G",2191,"A",,2
157331,"R",97211,"A",,"A",,"G",3240,"A",,"G",3240,"A",,2
157359,"R",46385,"A",,"R",987,"G",1546,"G",41,"R",1546,"R",55,2
157377,"R",33864,"A",,"R",1179,"G",1129,"G",49,"G",1129,"G",49,2
157386,"R",182207,"A",,"R",25580,"G",6074,"G",1066,"G",6074,"G",1066,2
157395,"A",,"R",52500,"A",,"G",58,"A",,"G",58,"A",,1
157401,"R",220509,"A",,"R",30756,"G",7350,"G",1282,"G",7350,"G",1282,2
157438,"R",64223,"A",,"A",,"G",2141,"A",,"G",2141,"A",,2
157447,"R",333963,"A",,"R",37641,"G",11132,"G",1568,"G",11132,"G",1568,2
157456,"A",,"R",42875,"A",,"G",48,"A",,"R",48,"A",,1
157465,"R",16422,"A",,"A",,"G",365,"A",,"G",365,"A",,2
157483,"R",114781,"A",,"A",,"G",3826,"A",,"G",3826,"A",,2
157508,"A",,"R",101000,"A",,"G",112,"A",,"G",112,"A",,1
157535,"R",20252,"A",,"R",7296,"G",675,"G",304,"G",675,"G",304,2
157553,"R",88939,"A",,"A",,"G",2965,"A",,"G",2965,"A",,2
157599,"R",85095,"A",,"A",,"G",1891,"A",,"G",1891,"A",,2
157614,"A",,"R",329039,"A",,"G",366,"A",,"R",182,"A",,1
157632,"R",20271,"A",,"A",,"G",676,"A",,"G",676,"A",,2
157650,"A",,"R",414360,"A",,"G",460,"A",,"R",230,"A",,1
157669,"A",,"R",299167,"A",,"G",332,"A",,"R",166,"A",,1
157678,"A",,"R",347027,"A",,"G",386,"A",,"R",192,"A",,1
157696,"R",35979,"A",,"A",,"G",800,"A",,"G",800,"A",,2
157711,"R",148260,"A",,"A",,"G",4942,"A",,"G",4942,"A",,2
157739,"R",73624,"A",,"A",,"G",2454,"A",,"G",2454,"A",,2
157748,"R",13219,"A",,"R",39576,"G",441,"G",1649,"G",441,"G",1649,2
157757,"R",26563,"A",,"R",17952,"G",885,"G",748,"G",885,"G",748,2
157766,"R",69907,"A",,"A",,"G",1553,"A",,"G",1553,"A",,2
157793,"R",213745,"A",,"R",24178,"G",4750,"G",672,"G",4750,"G",672,2
157809,"R",42243,"A",,"R",3313,"G",1408,"G",138,"G",1408,"G",138,2
157818,"R",39732,"A",,"A",,"G",1324,"A",,"R",1100,"A",,2
157827,"A",,"R",115120,"A",,"G",128,"A",,"G",128,"A",,1
157863,"R",24801,"A",,"R",13403,"G",827,"G",558,"G",827,"G",558,2
157951,"R",465818,"A",,"R",46453,"G",15527,"G",1936,"G",15527,"G",1936,2
158088,"R",74930,"A",,"A",,"G",2498,"A",,"G",2498,"A",,2
158158,"R",3744,"A",,"A",,"G",125,"A",,"G",125,"A",,2
158219,"R",9843,"A",,"A",,"G",328,"A",,"G",328,"A",,2
158246,"A",,"R",419040,"A",,"G",466,"A",,"G",466,"A",,1
158325,"R",2241,"A",,"A",,"G",75,"A",,"G",75,"A",,2
158334,"A",,"R",72000,"A",,"G",80,"A",,"G",80,"A",,1
158343,"R",2025,"A",,"A",,"G",68,"A",,"G",68,"A",,2
158352,"R",74460,"A",,"A",,"G",2482,"A",,"G",2482,"A",,2
158431,"R",127477,"A",,"A",,"G",4249,"A",,"G",4249,"A",,2
158440,"R",4182,"A",,"A",,"G",139,"A",,"G",139,"A",,2
158477,"R",25392,"A",,"R",1195,"G",846,"G",50,"G",846,"G",50,2
158538,"A",,"R",60000,"A",,"G",67,"A",,"G",67,"A",,1
158617,"R",27605,"R",381703,"A",,"G",1344,"A",,"G",1344,"A",,3
158644,"A",,"R",65550,"A",,"G",73,"A",,"G",73,"A",,1
158662,"R",364989,"A",,"A",,"G",12166,"A",,"G",12166,"A",,2
158723,"R",22900,"A",,"A",,"G",509,"A",,"G",509,"A",,2
158769,"R",48825,"A",,"A",,"G",1628,"A",,"G",1628,"A",,2
158778,"A",,"R",33143,"A",,"G",37,"A",,"G",37,"A",,1
158787,"A",,"R",64280,"A",,"G",71,"A",,"G",71,"A",,1
158802,"R",31186,"A",,"A",,"G",1040,"A",,"G",1040,"A",,2
158884,"R",34425,"A",,"A",,"G",1148,"A",,"G",1148,"A",,2
159009,"R",133704,"A",,"R",9866,"G",4457,"G",411,"G",4457,"G",411,2
159027,"A",,"R",72000,"A",,"G",80,"A",,"G",80,"A",,1
159197,"R",13860,"A",,"A",,"G",462,"A",,"R",423,"A",,2
159258,"R",19617,"A",,"A",,"G",654,"A",,"G",654,"A",,2
159267,"R",10012,"A",,"A",,"G",334,"A",,"G",334,"A",,2
159319,"A",,"R",45426,"A",,"G",50,"A",,"G",50,"A",,1
159328,"A",,"R",147600,"A",,"G",164,"A",,"G",164,"A",,1
159373,"R",25136,"A",,"R",84677,"G",838,"G",3528,"R",838,"R",1792,2
159382,"R",56506,"A",,"A",,"G",1884,"A",,"G",1884,"A",,2
159391,"R",673587,"A",,"R",130878,"G",22453,"G",5453,"G",22453,"G",5453,2
159407,"R",56714,"A",,"A",,"G",1890,"A",,"G",1890,"A",,2
159416,"R",95775,"A",,"R",6853,"G",3193,"G",286,"G",3193,"G",286,2
159443,"R",99971,"A",,"A",,"G",3332,"A",,"G",3332,"A",,2
159513,"A",,"R",101700,"A",,"G",113,"A",,"G",113,"A",,1
159522,"A",,"R",90000,"A",,"G",100,"A",,"G",100,"A",,1
159531,"A",,"R",72000,"A",,"G",80,"A",,"G",80,"A",,1
159568,"R",27807,"A",,"R",11422,"G",927,"G",476,"G",927,"G",476,2
159601,"A",,"R",70500,"A",,"G",78,"A",,"G",78,"A",,1
159647,"R",227345,"A",,"R",30741,"G",5052,"G",854,"R",7578,"R",1281,2
159656,"R",82595,"A",,"R",39931,"G",2753,"G",1664,"G",2753,"G",1664,2
159717,"R",210285,"A",,"R",18160,"G",7010,"G",757,"G",7010,"G",757,2
159939,"R",228628,"A",,"R",47617,"G",7621,"G",1984,"G",7621,"G",1984,2
159948,"R",17494,"A",,"R",26401,"G",583,"G",1100,"G",583,"G",1100,2
159966,"R",182932,"A",,"R",11210,"G",6098,"G",467,"G",6098,"G",467,2
159993,"R",195908,"A",,"R",30569,"G",6530,"G",1274,"G",6530,"G",1274,2
160010,"R",74442,"A",,"A",,"G",2481,"A",,"G",2481,"A",,2
160029,"A",,"A",,"R",2681,"A",,"G",112,"A",,"G",112,-2
160038,"R",220159,"A",,"R",17315,"G",7339,"G",721,"G",7339,"G",721,2
160065,"R",24509,"A",,"R",4618,"G",817,"G",192,"G",817,"G",192,2
160074,"R",40788,"A",,"R",3215,"G",1360,"G",134,"G",1360,"G",134,2
160117,"A",,"R",63200,"A",,"G",70,"A",,"G",70,"A",,1
160126,"A",,"R",32000,"A",,"G",36,"A",,"R",33,"A",,1
160135,"A",,"R",83000,"A",,"G",92,"A",,"G",92,"A",,1
160199,"A",,"R",61182,"A",,"G",68,"A",,"G",68,"A",,1
160320,"A",,"R",98100,"A",,"G",109,"A",,"G",109,"A",,1
160409,"R",2466,"A",,"A",,"G",82,"A",,"G",82,"A",,2
160445,"A",,"R",110858,"A",,"G",123,"A",,"G",123,"A",,1
160472,"A",,"R",71284,"A",,"G",79,"A",,"G",79,"A",,1
160481,"R",35619,"R",34084,"A",,"G",1225,"A",,"G",1225,"A",,3
160524,"R",22389,"A",,"A",,"G",746,"A",,"G",746,"A",,2
160579,"R",54994,"A",,"A",,"G",1833,"A",,"G",1833,"A",,2
160597,"A",,"R",89550,"A",,"G",100,"A",,"G",100,"A",,1
160612,"R",373493,"A",,"R",19822,"G",12450,"G",826,"G",12450,"G",826,2
160621,"R",186992,"A",,"R",21279,"G",6233,"G",887,"G",6233,"G",887,2
160630,"R",69793,"A",,"R",9360,"G",2326,"G",390,"G",2326,"G",390,2
160649,"R",72556,"A",,"A",,"G",2419,"A",,"G",2419,"A",,2
160658,"R",402659,"A",,"R",24596,"G",13422,"G",1025,"G",13422,"G",1025,2
160667,"R",57656,"A",,"A",,"G",1922,"A",,"G",1922,"A",,2
160685,"R",12780,"A",,"A",,"G",426,"A",,"G",426,"A",,2
160755,"R",215370,"A",,"R",110351,"G",7179,"G",4598,"G",7179,"G",4598,2
160904,"R",82454,"A",,"R",21848,"G",2748,"G",910,"G",2748,"G",910,2
160913,"R",45957,"R",88407,"A",,"G",1630,"A",,"G",1630,"A",,3
160940,"R",49163,"A",,"A",,"G",1639,"A",,"G",1639,"A",,2
160959,"R",9621,"A",,"R",364,"G",321,"G",15,"G",321,"G",15,2
160968,"R",45,"A",,"R",1266,"G",2,"G",53,"G",2,"G",53,2
160977,"R",14925,"A",,"A",,"G",498,"A",,"R",1717,"A",,2
160995,"R",15572,"A",,"A",,"G",519,"A",,"G",519,"A",,2
161004,"R",42444,"A",,"A",,"G",1415,"A",,"R",1749,"A",,2
161022,"R",3044,"A",,"A",,"G",101,"A",,"G",101,"A",,2
161059,"R",803,"A",,"A",,"G",27,"A",,"R",25,"A",,2
161077,"R",54292,"A",,"A",,"G",1810,"A",,"G",1810,"A",,2
161086,"R",59945,"A",,"A",,"G",1998,"A",,"G",1998,"A",,2
161138,"R",47726,"A",,"A",,"G",1591,"A",,"G",1591,"A",,2
161165,"R",65500,"A",,"R",9710,"G",2183,"G",405,"G",2183,"G",405,2
161192,"R",42098,"A",,"A",,"G",1403,"A",,"G",1403,"A",,2
161208,"A",,"R",117583,"A",,"G",131,"A",,"G",131,"A",,1
161217,"R",92378,"A",,"R",420,"G",3079,"G",18,"G",3079,"G",18,2
161226,"R",63320,"A",,"R",393,"G",2111,"G",16,"G",2111,"G",16,2
161235,"R",23760,"A",,"A",,"G",792,"A",,"G",792,"A",,2
161244,"R",18905,"A",,"A",,"G",630,"A",,"G",630,"A",,2
161253,"R",253241,"A",,"R",26262,"G",8441,"G",1094,"G",8441,"G",1094,2
161299,"R",31360,"A",,"R",508,"G",1045,"G",21,"G",1045,"G",21,2
161341,"R",32674,"A",,"A",,"G",1089,"A",,"G",1089,"A",,2
161457,"R",78358,"A",,"R",43861,"G",2612,"G",1828,"G",2612,"G",1828,2
161484,"R",26239,"A",,"A",,"G",875,"A",,"G",875,"A",,2
161493,"A",,"R",671462,"A",,"G",746,"A",,"G",746,"A",,1
161509,"R",8553,"A",,"R",1155,"G",285,"G",48,"R",294,"R",34,2
161518,"R",40364,"A",,"R",6762,"G",1345,"G",282,"G",1345,"G",282,2
161527,"A",,"R",167823,"A",,"G",186,"A",,"R",204,"A",,1
161545,"R",128016,"A",,"A",,"G",4267,"A",,"G",4267,"A",,2
161554,"R",174761,"A",,"R",36896,"G",5825,"G",1537,"G",5825,"G",1537,2
161563,"R",21587,"A",,"R",2349,"G",720,"G",98,"G",720,"G",98,2
161572,"R",16292,"A",,"A",,"G",543,"A",,"R",574,"A",,2
161581,"R",9610,"A",,"A",,"G",320,"A",,"G",320,"A",,2
161615,"A",,"R",57791,"A",,"G",64,"A",,"R",66,"A",,1
161651,"A",,"R",53000,"A",,"G",59,"A",,"G",59,"A",,1
161688,"R",81502,"A",,"A",,"G",2717,"A",,"G",2717,"A",,2
161767,"R",310819,"A",,"A",,"G",10361,"A",,"R",10664,"A",,2
161776,"R",25076,"A",,"A",,"G",836,"A",,"G",836,"A",,2
161800,"A",,"R",171900,"A",,"G",191,"A",,"G",191,"A",,1
161855,"A",,"R",146400,"A",,"G",163,"A",,"G",163,"A",,1
161864,"R",144202,"A",,"A",,"G",4807,"A",,"G",4807,"A",,2
161873,"R",62114,"A",,"R",52874,"G",2070,"G",2203,"G",2070,"G",2203,2
161882,"R",16317,"A",,"R",342,"G",544,"G",14,"G",544,"G",14,2
162007,"R",119775,"A",,"R",17077,"G",3993,"G",712,"G",3993,"G",712,2
162061,"R",8297,"A",,"R",5955,"G",277,"G",248,"G",277,"G",248,2
162104,"R",43545,"A",,"A",,"G",1452,"A",,"G",1452,"A",,2
162122,"R",152891,"A",,"A",,"G",5096,"A",,"G",5096,"A",,2
162168,"R",53365,"A",,"A",,"G",1779,"A",,"G",1779,"A",,2
162210,"R",26278,"A",,"R",2344,"G",876,"G",98,"G",876,"G",98,2
162283,"R",92387,"A",,"R",7618,"G",3080,"G",317,"G",3080,"G",317,2
162335,"A",,"R",180000,"A",,"G",200,"A",,"G",200,"A",,1
162371,"A",,"R",629536,"A",,"G",699,"A",,"G",699,"A",,1
162557,"R",122042,"A",,"A",,"G",4068,"A",,"G",4068,"A",,2
162584,"R",135521,"A",,"R",11388,"G",4517,"G",475,"G",4517,"G",475,2
162609,"R",20932,"A",,"A",,"G",698,"A",,"G",698,"A",,2
162654,"R",43890,"A",,"R",11018,"G",1463,"G",459,"G",1463,"G",459,2
162681,"R",48372,"A",,"A",,"G",1612,"A",,"G",1612,"A",,2
162690,"R",89966,"A",,"A",,"G",2999,"A",,"G",2999,"A",,2
162706,"R",131436,"A",,"A",,"G",4381,"A",,"G",4381,"A",,2
162760,"R",39730,"A",,"R",11198,"G",1324,"G",467,"G",1324,"G",467,2
162779,"R",169870,"A",,"A",,"G",5662,"A",,"G",5662,"A",,2
162830,"A",,"R",32680,"A",,"G",36,"A",,"G",36,"A",,1
162928,"R",191210,"A",,"R",329991,"G",6374,"G",13750,"G",6374,"G",13750,2
162982,"A",,"R",208977,"A",,"G",232,"A",,"G",232,"A",,1
163028,"A",,"R",1341483,"A",,"G",1491,"A",,"G",1491,"A",,1
163046,"R",110786,"A",,"R",37437,"G",3693,"G",1560,"R",3802,"R",1499,2
163107,"A",,"R",64800,"A",,"G",72,"A",,"G",72,"A",,1
163204,"R",408107,"A",,"R",167000,"G",13604,"G",6958,"R",13604,"R",6999,2
163259,"R",21295,"A",,"R",142022,"G",710,"G",5918,"G",710,"G",5918,2
163268,"R",286207,"A",,"R",33298,"G",9540,"G",1387,"G",9540,"G",1387,2
163286,"R",795789,"A",,"R",153380,"G",26526,"G",6391,"G",26526,"G",6391,2
163295,"R",53781,"A",,"R",5406,"G",1793,"G",225,"R",1793,"R",180,2
163338,"R",112138,"A",,"R",8892,"G",3738,"G",371,"G",3738,"G",371,2
163347,"R",38800,"A",,"A",,"G",1293,"A",,"G",1293,"A",,2
163408,"A",,"R",122400,"A",,"G",136,"A",,"G",136,"A",,1
163426,"R",532117,"A",,"A",,"G",17737,"A",,"G",17737,"A",,2
163453,"R",179553,"A",,"R",16900,"G",5985,"G",704,"G",5985,"G",704,2
163462,"R",47910,"A",,"R",9990,"G",1597,"G",416,"G",1597,"G",416,2
163532,"R",11130,"A",,"R",3069,"G",371,"G",128,"G",371,"G",128,2
163541,"A",,"R",348300,"A",,"G",387,"A",,"G",387,"A",,1
163578,"R",27684,"A",,"R",23000,"G",923,"G",958,"G",923,"G",958,2
163657,"R",264302,"A",,"A",,"G",8810,"A",,"G",8810,"A",,2
163736,"R",48817,"A",,"A",,"G",1627,"A",,"G",1627,"A",,2
163754,"A",,"R",97802,"A",,"G",109,"A",,"G",109,"A",,1
163815,"A",,"R",132500,"A",,"G",147,"A",,"G",147,"A",,1
163842,"R",141,"A",,"R",3769,"G",5,"G",157,"G",5,"G",157,2
163851,"R",225318,"A",,"R",11389,"G",7511,"G",475,"G",7511,"G",475,2
163912,"R",62074,"A",,"R",2267,"G",2069,"G",94,"G",2069,"G",94,2
163921,"R",45614,"A",,"R",1696,"G",1520,"G",71,"G",1520,"G",71,2
163976,"R",15653,"A",,"R",1851,"G",522,"G",77,"G",522,"G",77,2
164058,"R",35540,"A",,"A",,"G",1185,"A",,"G",1185,"A",,2
164076,"R",500115,"A",,"R",56541,"G",16671,"G",2356,"G",16671,"G",2356,2
164085,"A",,"A",,"R",9933,"A",,"G",414,"A",,"G",414,-2
164100,"A",,"R",69000,"A",,"G",77,"A",,"G",77,"A",,1
164155,"R",157893,"A",,"A",,"G",5263,"A",,"G",5263,"A",,2
164173,"R",87919,"A",,"R",3859,"G",2931,"G",161,"G",2931,"G",161,2
164207,"R",7133,"A",,"R",3937,"G",238,"G",164,"R",297,"R",219,2
164216,"R",41954,"A",,"R",651,"G",1398,"G",27,"G",1398,"G",27,2
164243,"A",,"A",,"R",1897,"A",,"G",79,"A",,"G",79,-2
164270,"R",53284,"A",,"R",22671,"G",1776,"G",945,"G",1776,"G",945,2
164313,"R",77082,"A",,"A",,"G",2569,"A",,"G",2569,"A",,2
164438,"R",8568,"A",,"R",1362,"G",286,"G",57,"G",286,"G",57,2
164447,"R",45557,"A",,"R",28221,"G",1519,"G",1176,"R",1898,"R",1568,2
164465,"R",57054,"A",,"A",,"G",1902,"A",,"R",1755,"A",,2
164474,"A",,"A",,"R",2460,"A",,"G",103,"A",,"G",103,-2
164492,"R",30601,"A",,"R",6890,"G",1020,"G",287,"G",1020,"G",287,2
164535,"A",,"R",45570,"A",,"G",51,"A",,"G",51,"A",,1
164562,"R",65957,"A",,"R",9386,"G",2199,"G",391,"R",2199,"R",521,2
164571,"R",13260,"A",,"R",434,"G",442,"G",18,"G",442,"G",18,2
164580,"R",59641,"A",,"R",33990,"G",1988,"G",1416,"G",1988,"G",1416,2
164599,"R",1685,"A",,"A",,"G",56,"A",,"G",56,"A",,2
164614,"R",3408,"A",,"A",,"G",114,"A",,"G",114,"A",,2
164632,"R",40328,"A",,"R",12225,"G",1344,"G",509,"G",1344,"G",509,2
164641,"R",39436,"A",,"A",,"G",1315,"A",,"G",1315,"A",,2
164678,"A",,"R",200000,"A",,"G",222,"A",,"R",222,"A",,1
164720,"R",45903,"A",,"A",,"G",1530,"A",,"R",1771,"A",,2
164739,"R",120246,"A",,"R",17656,"G",4008,"G",736,"G",4008,"G",736,2
164748,"R",132370,"A",,"A",,"G",4412,"A",,"G",4412,"A",,2
164775,"R",47717,"A",,"A",,"G",1591,"A",,"G",1591,"A",,2
164845,"A",,"R",364228,"A",,"G",405,"A",,"R",364,"A",,1
164872,"R",18151,"A",,"R",13709,"G",605,"G",571,"G",605,"G",571,2
164915,"A",,"A",,"R",2170,"A",,"G",90,"A",,"G",90,-2
164924,"R",271399,"A",,"R",80221,"G",9047,"G",3343,"G",9047,"G",3343,2
164933,"R",15390,"A",,"R",4000,"G",513,"G",167,"G",513,"G",167,2
164988,"R",617527,"A",,"R",259429,"G",20584,"G",10810,"G",20584,"G",10810,2
165015,"R",111602,"A",,"R",61425,"G",3720,"G",2559,"G",3720,"G",2559,2
165024,"R",244377,"A",,"R",26857,"G",8146,"G",1119,"G",8146,"G",1119,2
165033,"R",165469,"A",,"A",,"G",5516,"A",,"R",5515,"A",,2
165060,"R",6259,"A",,"A",,"G",209,"A",,"G",209,"A",,2
165112,"R",217282,"A",,"A",,"G",7243,"A",,"G",7243,"A",,2
165149,"A",,"R",21600,"A",,"G",24,"A",,"G",24,"A",,1
165167,"R",29203,"A",,"R",70688,"G",973,"G",2945,"G",973,"G",2945,2
165194,"R",84940,"A",,"A",,"G",2831,"A",,"G",2831,"A",,2
165255,"A",,"R",183600,"A",,"G",204,"A",,"G",204,"A",,1
165264,"R",9759,"A",,"A",,"G",325,"A",,"G",325,"A",,2
165334,"R",72598,"A",,"R",27503,"G",2420,"G",1146,"G",2420,"G",1146,2
165495,"A",,"A",,"R",456,"A",,"G",19,"A",,"G",19,-2
165529,"R",73965,"A",,"R",4804,"G",2466,"G",200,"G",2466,"G",200,2
165556,"A",,"R",672327,"A",,"G",747,"A",,"G",747,"A",,1
165574,"R",28355,"A",,"A",,"G",945,"A",,"G",945,"A",,2
165608,"A",,"R",68572,"A",,"G",76,"A",,"G",76,"A",,1
165635,"A",,"R",253330,"A",,"G",281,"A",,"G",281,"A",,1
165644,"R",24328,"A",,"R",4116,"G",811,"G",172,"G",811,"G",172,2
165662,"R",112636,"A",,"R",17324,"G",3755,"G",722,"R",3520,"R",722,2
165671,"R",59612,"A",,"R",3874,"G",1987,"G",161,"G",1987,"G",161,2
165680,"A",,"R",109492,"A",,"G",122,"A",,"R",109,"A",,1
165699,"R",66216,"A",,"R",29348,"G",2207,"G",1223,"R",2069,"R",1087,2
165705,"A",,"A",,"R",606,"A",,"G",25,"A",,"G",25,-2
165750,"A",,"R",99513,"A",,"G",111,"A",,"G",111,"A",,1
165802,"R",34195,"A",,"A",,"G",1140,"A",,"G",1140,"A",,2
165820,"R",112299,"A",,"R",41472,"G",3743,"G",1728,"G",3743,"G",1728,2
165866,"R",109468,"A",,"R",35077,"G",3649,"G",1462,"G",3649,"G",1462,2
165884,"R",18585,"A",,"A",,"G",620,"A",,"G",620,"A",,2
165936,"R",46101,"A",,"R",2024,"G",1537,"G",84,"R",1429,"R",130,2
165945,"A",,"A",,"R",30189,"A",,"G",1258,"A",,"R",1067,-2
165981,"R",48227,"A",,"A",,"G",1608,"A",,"G",1608,"A",,2
166009,"A",,"R",162000,"A",,"G",180,"A",,"R",180,"A",,1
166018,"R",43140,"A",,"A",,"G",1438,"A",,"G",1438,"A",,2
166027,"R",285642,"A",,"R",317558,"G",9521,"G",13232,"R",10039,"R",14924,2
166045,"R",115,"A",,"R",1912,"G",4,"G",80,"G",4,"G",80,2
166054,"R",2238,"A",,"R",2420,"G",75,"G",101,"G",75,"G",101,2
166063,"A",,"R",45330,"A",,"G",50,"A",,"G",50,"A",,1
166124,"R",93379,"A",,"A",,"G",3113,"A",,"G",3113,"A",,2
166133,"R",157228,"A",,"A",,"G",5241,"A",,"G",5241,"A",,2
166276,"R",12225,"A",,"A",,"G",272,"A",,"G",272,"A",,2
166294,"R",1200,"A",,"A",,"G",40,"A",,"G",40,"A",,2
166319,"A",,"R",98387,"A",,"G",109,"A",,"G",109,"A",,1
166328,"A",,"R",51881,"A",,"G",58,"A",,"G",58,"A",,1
166391,"R",44715,"A",,"R",2325,"G",1491,"G",97,"G",1491,"G",97,2
166407,"R",6796,"A",,"A",,"G",227,"A",,"R",321,"A",,2
166452,"R",45043,"A",,"R",77642,"G",1501,"G",3235,"G",1501,"G",3235,2
166489,"R",1369,"A",,"R",2763,"G",46,"G",115,"R",48,"R",153,2
166498,"A",,"R",98000,"A",,"G",109,"A",,"G",109,"A",,1
166513,"R",266888,"A",,"R",37445,"G",8896,"G",1560,"G",8896,"G",1560,2
166586,"A",,"R",37827,"A",,"G",42,"A",,"G",42,"A",,1
166595,"A",,"R",64856,"A",,"G",72,"A",,"G",72,"A",,1
166601,"R",6580,"A",,"A",,"G",219,"A",,"G",219,"A",,2
166629,"R",625277,"A",,"R",89413,"G",20843,"G",3726,"R",20843,"R",4967,2
166638,"R",277712,"A",,"R",54377,"G",9257,"G",2266,"G",9257,"G",2266,2
166647,"R",109794,"A",,"A",,"G",3660,"A",,"G",3660,"A",,2
166656,"R",40080,"A",,"R",90078,"G",1336,"G",3753,"G",1336,"G",3753,2
166674,"R",54662,"A",,"R",3837,"G",1822,"G",160,"G",1822,"G",160,2
166683,"R",130427,"A",,"R",193518,"G",4348,"G",8063,"R",4211,"R",6065,2
166692,"R",44099,"A",,"R",1281,"G",1470,"G",53,"G",1470,"G",53,2
166708,"A",,"A",,"R",24463,"A",,"G",1019,"A",,"R",1020,-2
166717,"A",,"A",,"R",12791,"A",,"G",533,"A",,"G",533,-2
166805,"A",,"R",61010,"A",,"G",68,"A",,"G",68,"A",,1
166823,"R",155178,"A",,"A",,"G",5173,"A",,"G",5173,"A",,2
166850,"R",65898,"A",,"R",982,"G",2197,"G",41,"G",2197,"G",41,2
166869,"R",4875,"A",,"R",21114,"G",163,"G",880,"G",163,"G",880,2
166887,"R",180129,"A",,"A",,"G",6004,"A",,"G",6004,"A",,2
166911,"R",10247,"A",,"A",,"G",342,"A",,"G",342,"A",,2
166939,"R",74587,"A",,"R",628,"G",2486,"G",26,"G",2486,"G",26,2
166948,"R",43348,"A",,"R",162,"G",1445,"G",7,"G",1445,"G",7,2
166957,"R",95369,"A",,"A",,"G",3179,"A",,"G",3179,"A",,2
166975,"A",,"R",301500,"A",,"G",335,"A",,"G",335,"A",,1
166984,"R",18483,"A",,"R",2914,"G",616,"G",121,"G",616,"G",121,2
167020,"R",23784,"A",,"A",,"G",793,"A",,"R",506,"A",,2
167039,"A",,"R",16336,"A",,"G",18,"A",,"G",18,"A",,1
167057,"R",11967,"A",,"R",6751,"G",399,"G",281,"R",383,"R",359,2
167093,"A",,"A",,"R",33579,"A",,"G",1399,"A",,"R",474,-2
167181,"A",,"A",,"R",6540,"A",,"G",273,"A",,"R",162,-2
167215,"A",,"A",,"R",29207,"A",,"G",1217,"A",,"R",1019,-2
167224,"A",,"R",132800,"A",,"G",148,"A",,"G",148,"A",,1
167251,"R",27990,"A",,"A",,"G",933,"A",,"G",933,"A",,2
167260,"R",37628,"A",,"R",3828,"G",1254,"G",160,"G",1254,"G",160,2
167288,"R",46318,"A",,"R",6419,"G",1544,"G",267,"G",1544,"G",267,2
167297,"A",,"R",168775,"A",,"G",188,"A",,"R",143,"A",,1
167312,"R",162174,"A",,"A",,"G",5406,"A",,"G",5406,"A",,2
167321,"R",52281,"A",,"A",,"G",1743,"A",,"G",1743,"A",,2
167358,"R",522379,"A",,"R",198300,"G",17413,"G",8263,"G",17413,"G",8263,2
167376,"R",142108,"A",,"A",,"G",4737,"A",,"G",4737,"A",,2
167394,"R",27257,"A",,"R",3836,"G",909,"G",160,"G",909,"G",160,2
167455,"R",13533,"A",,"R",403,"G",451,"G",17,"G",451,"G",17,2
167464,"A",,"A",,"R",1680,"A",,"G",70,"A",,"G",70,-2
167525,"R",90635,"A",,"A",,"G",3021,"A",,"G",3021,"A",,2
167534,"R",170518,"A",,"A",,"G",5684,"A",,"G",5684,"A",,2
167543,"R",28500,"A",,"A",,"G",950,"A",,"G",950,"A",,2
167598,"R",24662,"A",,"R",10343,"G",822,"G",431,"G",822,"G",431,2
167631,"R",55093,"A",,"A",,"G",1836,"A",,"G",1836,"A",,2
167677,"R",943,"R",2132,"R",2264,"G",34,"G",94,"G",34,"G",94,3
167729,"R",206599,"A",,"R",38611,"G",6887,"G",1609,"G",6887,"G",1609,2
167738,"R",43682,"A",,"A",,"G",1456,"A",,"G",1456,"A",,2
167783,"R",59929,"A",,"R",59812,"G",1998,"G",2492,"R",1781,"R",2409,2
167792,"R",12112,"A",,"A",,"G",404,"A",,"G",404,"A",,2
167835,"R",85327,"A",,"R",14249,"G",2844,"G",594,"R",2666,"R",474,2
167871,"A",,"R",102800,"A",,"G",114,"A",,"G",114,"A",,1
167899,"R",110616,"A",,"R",37321,"G",3687,"G",1555,"G",3687,"G",1555,2
167905,"R",138211,"A",,"A",,"G",4607,"A",,"G",4607,"A",,2
167987,"R",217611,"A",,"R",17794,"G",7254,"G",741,"R",7254,"R",989,2
167996,"R",67540,"A",,"A",,"G",2251,"A",,"R",2436,"A",,2
168005,"R",166522,"A",,"R",112190,"G",5551,"G",4675,"G",5551,"G",4675,2
168032,"A",,"R",26539,"A",,"G",29,"A",,"G",29,"A",,1
168148,"R",144448,"A",,"R",110707,"G",4815,"G",4613,"G",4815,"G",4613,2
168218,"R",74431,"A",,"A",,"G",2481,"A",,"G",2481,"A",,2
168227,"R",120312,"A",,"R",3286,"G",4010,"G",137,"G",4010,"G",137,2
168254,"R",77785,"A",,"R",25559,"G",2593,"G",1065,"G",2593,"G",1065,2
168263,"R",144212,"A",,"R",8378,"G",4807,"G",349,"G",4807,"G",349,2
168281,"R",53312,"A",,"A",,"G",1777,"A",,"G",1777,"A",,2
168290,"R",25221,"A",,"R",6128,"G",841,"G",255,"G",841,"G",255,2
168342,"R",62767,"A",,"R",1585,"G",2092,"G",66,"G",2092,"G",66,2
168421,"R",128624,"A",,"R",18510,"G",2858,"G",514,"G",2858,"G",514,2
168430,"R",127673,"A",,"R",16282,"G",4256,"G",678,"G",4256,"G",678,2
168519,"A",,"R",40368,"A",,"G",45,"A",,"G",45,"A",,1
168528,"R",47343,"A",,"A",,"G",1578,"A",,"G",1578,"A",,2
168546,"R",53069,"A",,"A",,"G",1769,"A",,"G",1769,"A",,2
168555,"A",,"R",58500,"A",,"G",65,"A",,"G",65,"A",,1
168573,"R",22749,"A",,"A",,"G",758,"A",,"G",758,"A",,2
168591,"R",47075,"A",,"A",,"G",1569,"A",,"R",1407,"A",,2
168607,"R",46600,"A",,"A",,"G",1553,"A",,"G",1553,"A",,2
168740,"R",55097,"A",,"R",27119,"G",1837,"G",1130,"R",1837,"R",1130,2
168786,"R",48752,"A",,"R",3138,"G",1625,"G",131,"R",1539,"R",131,2
168838,"R",113358,"A",,"R",195,"G",2519,"G",5,"G",2519,"G",5,2
168847,"R",235274,"A",,"R",477,"G",5228,"G",13,"G",5228,"G",13,2
168883,"R",38835,"R",445520,"A",,"G",1790,"A",,"G",1790,"A",,3
168892,"A",,"R",157682,"A",,"G",175,"A",,"G",175,"A",,1
169080,"R",125314,"A",,"R",1187,"G",4177,"G",49,"G",4177,"G",49,2
169099,"A",,"A",,"R",2351,"A",,"G",98,"A",,"G",98,-2
169187,"R",12495,"A",,"A",,"G",278,"A",,"G",278,"A",,2
169220,"A",,"A",,"R",4118,"A",,"G",172,"A",,"G",172,-2
169248,"R",561864,"A",,"R",109434,"G",18729,"G",4560,"R",18729,"R",4809,2
169275,"A",,"R",5346000,"A",,"G",5940,"A",,"G",5940,"A",,1
169284,"A",,"R",1115090,"A",,"G",1239,"A",,"R",743,"A",,1
169327,"R",22828,"A",,"R",2945,"G",507,"G",82,"G",507,"G",82,2
169363,"R",12188,"A",,"R",4542,"G",406,"G",189,"G",406,"G",189,2
169424,"A",,"A",,"R",4710,"A",,"G",196,"A",,"G",196,-2
169442,"R",35944,"A",,"R",614,"G",1198,"G",26,"G",1198,"G",26,2
169479,"R",228424,"A",,"R",23595,"G",7614,"G",983,"G",7614,"G",983,2
169503,"A",,"R",267738,"A",,"G",297,"A",,"G",297,"A",,1
169521,"R",251456,"A",,"A",,"G",8382,"A",,"G",8382,"A",,2
169567,"R",6932,"A",,"A",,"G",231,"A",,"G",231,"A",,2
169576,"R",5085,"A",,"A",,"G",113,"A",,"G",113,"A",,2
169628,"A",,"A",,"R",27165,"A",,"G",1132,"A",,"R",909,-2
169655,"R",83113,"A",,"A",,"G",1847,"A",,"G",1847,"A",,2
169716,"R",93792,"A",,"R",61749,"G",3126,"G",2573,"G",3126,"G",2573,2
169734,"R",11358,"A",,"A",,"G",252,"A",,"G",252,"A",,2
169761,"R",13638,"A",,"A",,"G",303,"A",,"G",303,"A",,2
169798,"R",469062,"A",,"R",65631,"G",15635,"G",2735,"G",15635,"G",2735,2
169910,"R",315801,"A",,"R",34888,"G",10527,"G",1454,"G",10527,"G",1454,2
169947,"A",,"R",66891,"A",,"G",74,"A",,"G",74,"A",,1
169974,"R",37704,"A",,"A",,"G",1257,"A",,"G",1257,"A",,2
169983,"R",69076,"A",,"R",6838,"G",2303,"G",285,"R",2046,"R",285,2
169992,"R",28241,"R",10680,"A",,"G",953,"A",,"G",953,"A",,3
170000,"R",5083,"A",,"A",,"G",169,"A",,"R",180,"A",,2
170037,"R",54915,"A",,"R",13721,"G",1831,"G",572,"G",1831,"G",572,2
170046,"R",47688,"A",,"A",,"G",1590,"A",,"R",1015,"A",,2
170055,"R",376511,"A",,"A",,"G",12550,"A",,"G",12550,"A",,2
170082,"R",591035,"A",,"R",58482,"G",19701,"G",2437,"G",19701,"G",2437,2
170091,"R",5444,"A",,"A",,"G",181,"A",,"G",181,"A",,2
170240,"R",398624,"A",,"A",,"G",13287,"A",,"G",13287,"A",,2
170301,"R",102006,"A",,"A",,"G",3400,"A",,"G",3400,"A",,2
170417,"R",41632,"A",,"A",,"G",925,"A",,"G",925,"A",,2
170444,"R",175895,"A",,"A",,"G",5863,"A",,"G",5863,"A",,2
170514,"A",,"R",136000,"A",,"G",151,"A",,"G",151,"A",,1
170532,"R",65691,"A",,"A",,"G",1460,"A",,"R",1388,"A",,2
170541,"R",240699,"A",,"A",,"G",8023,"A",,"G",8023,"A",,2
170550,"R",59425,"R",1301641,"A",,"G",3427,"A",,"G",3427,"A",,3
170587,"R",40740,"A",,"A",,"G",1358,"A",,"G",1358,"A",,2
170611,"A",,"R",234900,"A",,"G",261,"A",,"R",261,"A",,1
170620,"R",74452,"A",,"A",,"G",2482,"A",,"G",2482,"A",,2
170639,"R",69187,"A",,"R",218,"G",2306,"G",9,"G",2306,"G",9,2
170657,"R",441196,"A",,"A",,"G",14707,"A",,"G",14707,"A",,2
170675,"R",62243,"A",,"R",17772,"G",2075,"G",741,"G",2075,"G",741,2
170736,"A",,"R",168000,"A",,"G",187,"A",,"G",187,"A",,1
170790,"R",497743,"A",,"A",,"G",16591,"A",,"G",16591,"A",,2
170806,"R",70756,"A",,"R",16637,"G",2359,"G",693,"G",2359,"G",693,2
170842,"R",21745,"A",,"R",31015,"G",725,"G",1292,"G",725,"G",1292,2
170967,"R",23925,"A",,"R",207,"G",798,"G",9,"G",798,"G",9,2
170976,"R",782458,"A",,"R",398223,"G",26082,"G",16593,"R",26082,"R",20423,2
171012,"A",,"R",309735,"A",,"G",344,"A",,"G",344,"A",,1
171100,"R",1050008,"A",,"R",237525,"G",35000,"G",9897,"G",35000,"G",9897,2
171128,"R",173842,"A",,"R",15532,"G",5795,"G",647,"R",5773,"R",881,2
171137,"R",169919,"A",,"R",21091,"G",5664,"G",879,"G",5664,"G",879,2
171146,"R",161545,"A",,"R",21718,"G",5385,"G",905,"R",5385,"R",1014,2
171155,"R",108108,"R",2121502,"A",,"G",5961,"A",,"G",5961,"A",,3
171225,"R",91753,"A",,"A",,"G",3058,"A",,"G",3058,"A",,2
171234,"R",45412,"R",368249,"A",,"G",1923,"A",,"G",1923,"A",,3
171261,"A",,"R",154800,"A",,"G",172,"A",,"G",172,"A",,1
171298,"R",207935,"A",,"R",560,"G",4621,"G",16,"G",4621,"G",16,2
171304,"R",111044,"A",,"A",,"G",3701,"A",,"G",3701,"A",,2
171313,"R",52168,"A",,"A",,"G",1739,"A",,"R",1016,"A",,2
171322,"R",64095,"A",,"A",,"G",2137,"A",,"R",1364,"A",,2
171395,"R",56739,"A",,"A",,"G",1891,"A",,"G",1891,"A",,2
171456,"R",245822,"A",,"R",9463,"G",8194,"G",394,"G",8194,"G",394,2
171465,"A",,"R",54825,"A",,"G",61,"A",,"G",61,"A",,1
171483,"R",109104,"A",,"A",,"G",3637,"A",,"G",3637,"A",,2
171492,"R",135715,"A",,"R",6816,"G",3016,"G",189,"G",3016,"G",189,2
171535,"R",616821,"A",,"A",,"G",20561,"A",,"G",20561,"A",,2
171571,"R",398574,"A",,"R",57244,"G",13286,"G",2385,"G",13286,"G",2385,2
171599,"R",29947,"A",,"R",484,"G",998,"G",20,"G",998,"G",20,2
171775,"A",,"R",124040,"A",,"G",138,"A",,"R",152,"A",,1
171881,"R",9416,"A",,"R",18,"G",314,"G",1,"G",314,"G",1,2
171988,"A",,"R",296640,"A",,"G",330,"A",,"G",330,"A",,1
171997,"A",,"R",198720,"A",,"G",221,"A",,"G",221,"A",,1
172015,"A",,"R",295200,"A",,"G",328,"A",,"G",328,"A",,1
172033,"R",3028,"A",,"R",2887,"G",101,"G",120,"G",101,"G",120,2
172051,"R",233989,"A",,"R",24535,"G",7800,"G",1022,"G",7800,"G",1022,2
172200,"R",305993,"A",,"A",,"G",10200,"A",,"G",10200,"A",,2
172264,"R",46410,"A",,"R",5891,"G",1547,"G",245,"G",1547,"G",245,2
172291,"R",112910,"A",,"A",,"G",3764,"A",,"G",3764,"A",,2
172307,"R",63255,"A",,"A",,"G",2109,"A",,"G",2109,"A",,2
172325,"R",24504,"A",,"A",,"G",817,"A",,"G",817,"A",,2
172334,"R",72474,"A",,"R",23279,"G",2416,"G",970,"R",2416,"R",1293,2
172422,"R",23490,"A",,"A",,"G",522,"A",,"G",522,"A",,2
172440,"R",15495,"A",,"A",,"G",517,"A",,"G",517,"A",,2
172477,"A",,"A",,"R",106929,"A",,"G",4455,"A",,"G",4455,-2
172495,"A",,"R",238400,"A",,"G",265,"A",,"G",265,"A",,1
172556,"A",,"R",80100,"A",,"G",89,"A",,"G",89,"A",,1
172574,"A",,"R",197100,"A",,"G",219,"A",,"G",219,"A",,1
172583,"A",,"R",159300,"A",,"G",177,"A",,"G",177,"A",,1
172608,"R",25890,"A",,"R",33275,"G",863,"G",1386,"G",863,"G",1386,2
172617,"R",311013,"A",,"A",,"G",10367,"A",,"R",10033,"A",,2
172635,"R",413024,"A",,"A",,"G",13767,"A",,"G",13767,"A",,2
172644,"R",498992,"A",,"R",216725,"G",16633,"G",9030,"G",16633,"G",9030,2
172671,"R",32148,"A",,"A",,"G",1072,"A",,"G",1072,"A",,2
172699,"R",554493,"A",,"R",76111,"G",18483,"G",3171,"G",18483,"G",3171,2
172705,"A",,"A",,"R",3927,"A",,"G",164,"A",,"G",164,-2
172802,"A",,"R",59400,"A",,"G",66,"A",,"G",66,"A",,1
172866,"R",6237,"A",,"A",,"G",139,"A",,"G",139,"A",,2
172918,"R",68096,"A",,"A",,"G",2270,"A",,"G",2270,"A",,2
172927,"R",3330,"A",,"A",,"G",74,"A",,"G",74,"A",,2
172954,"R",56890,"A",,"A",,"G",1896,"A",,"G",1896,"A",,2
172963,"R",185231,"A",,"A",,"G",6174,"A",,"G",6174,"A",,2
172972,"R",2205,"A",,"A",,"G",74,"A",,"G",74,"A",,2
173045,"R",79342,"A",,"R",15637,"G",2645,"G",652,"G",2645,"G",652,2
173063,"R",77959,"A",,"A",,"G",2599,"A",,"G",2599,"A",,2
173115,"R",28297,"A",,"A",,"G",943,"A",,"G",943,"A",,2
173124,"R",125135,"A",,"R",6285,"G",4171,"G",262,"G",4171,"G",262,2
173142,"R",20264,"A",,"A",,"G",675,"A",,"G",675,"A",,2
173160,"R",103419,"A",,"R",14552,"G",3447,"G",606,"G",3447,"G",606,2
173179,"A",,"A",,"R",18560,"A",,"G",516,"A",,"G",516,-2
173203,"R",101514,"A",,"A",,"G",3384,"A",,"G",3384,"A",,2
173258,"R",58135,"A",,"A",,"G",1938,"A",,"R",1950,"A",,2
173300,"R",90082,"A",,"R",395,"G",3003,"G",16,"G",3003,"G",16,2
173328,"R",49382,"A",,"R",18679,"G",1646,"G",778,"G",1646,"G",778,2
173416,"R",74507,"A",,"A",,"G",2484,"A",,"G",2484,"A",,2
173452,"R",25904,"A",,"R",517,"G",863,"G",22,"G",863,"G",22,2
173461,"R",110382,"A",,"A",,"G",3679,"A",,"G",3679,"A",,2
173470,"A",,"R",63395,"A",,"G",70,"A",,"G",70,"A",,1
173489,"R",14327,"A",,"A",,"G",318,"A",,"G",318,"A",,2
173559,"R",146517,"A",,"A",,"G",4884,"A",,"G",4884,"A",,2
173629,"R",46436,"A",,"R",939,"G",1032,"G",26,"G",1032,"G",26,2
173638,"R",70807,"A",,"A",,"G",2360,"A",,"G",2360,"A",,2
173647,"R",75989,"A",,"A",,"G",2533,"A",,"R",2393,"A",,2
173665,"R",62972,"A",,"R",66345,"G",2099,"G",2764,"G",2099,"G",2764,2
173683,"R",176,"A",,"R",3715,"G",6,"G",155,"R",6,"R",145,2
173708,"R",134784,"A",,"A",,"G",4493,"A",,"G",4493,"A",,2
173726,"A",,"R",40047,"A",,"G",44,"A",,"G",44,"A",,1
173735,"R",41103,"A",,"A",,"G",1370,"A",,"G",1370,"A",,2
173744,"A",,"R",576732,"A",,"G",641,"A",,"G",641,"A",,1
173799,"R",128507,"A",,"A",,"G",4284,"A",,"G",4284,"A",,2
173805,"R",32193,"A",,"A",,"G",1073,"A",,"G",1073,"A",,2
173887,"R",87882,"A",,"A",,"G",1953,"A",,"G",1953,"A",,2
173896,"A",,"A",,"R",11860,"A",,"G",494,"A",,"R",578,-2
173902,"R",63214,"A",,"A",,"G",2107,"A",,"G",2107,"A",,2
173911,"R",89680,"A",,"A",,"G",2989,"A",,"G",2989,"A",,2
173920,"R",372938,"A",,"R",30032,"G",12431,"G",1251,"G",12431,"G",1251,2
173939,"A",,"R",164373,"A",,"G",183,"A",,"G",183,"A",,1
173957,"A",,"A",,"R",6216,"A",,"G",259,"A",,"G",259,-2
173966,"R",3080,"A",,"R",5250,"G",103,"G",219,"G",103,"G",219,2
173984,"R",41447,"A",,"R",13581,"G",1382,"G",566,"G",1382,"G",566,2
173993,"R",35575,"A",,"A",,"G",1186,"A",,"G",1186,"A",,2
174020,"R",144177,"A",,"R",11228,"G",4806,"G",468,"G",4806,"G",468,2
174066,"R",1052589,"A",,"R",337453,"G",35086,"G",14061,"G",35086,"G",14061,2
174075,"R",45892,"A",,"A",,"G",1530,"A",,"G",1530,"A",,2
174118,"A",,"R",300000,"A",,"G",333,"A",,"G",333,"A",,1
174127,"R",19264,"A",,"R",1351,"G",642,"G",56,"G",642,"G",56,2
174136,"R",222138,"A",,"A",,"G",7405,"A",,"G",7405,"A",,2
174154,"R",11968,"A",,"A",,"G",399,"A",,"G",399,"A",,2
174190,"A",,"R",186581,"A",,"G",207,"A",,"G",207,"A",,1
174206,"R",5147,"A",,"A",,"G",172,"A",,"G",172,"A",,2
174233,"R",297242,"A",,"R",22212,"G",9908,"G",926,"G",9908,"G",926,2
174251,"R",50161,"A",,"A",,"G",1672,"A",,"G",1672,"A",,2
174279,"R",61672,"A",,"R",2458,"G",1370,"G",68,"G",1370,"G",68,2
174321,"A",,"R",145178,"A",,"G",161,"A",,"G",161,"A",,1
174358,"R",190140,"A",,"R",7894,"G",6338,"G",329,"G",6338,"G",329,2
174376,"R",153303,"A",,"A",,"G",5110,"A",,"G",5110,"A",,2
174385,"R",17261,"A",,"A",,"G",384,"A",,"G",384,"A",,2
174394,"R",69200,"A",,"A",,"G",1538,"A",,"G",1538,"A",,2
174428,"R",222146,"A",,"A",,"G",7405,"A",,"G",7405,"A",,2
174437,"R",33451,"A",,"A",,"G",1115,"A",,"G",1115,"A",,2
174473,"R",88142,"A",,"A",,"G",2938,"A",,"G",2938,"A",,2
174482,"R",4455,"A",,"A",,"G",149,"A",,"G",149,"A",,2
174491,"R",79067,"A",,"R",1517,"G",2636,"G",63,"G",2636,"G",63,2
174507,"R",3351,"A",,"R",42155,"G",112,"G",1756,"G",112,"G",1756,2
174525,"R",4235,"A",,"A",,"G",141,"A",,"R",133,"A",,2
174534,"A",,"R",168170,"A",,"G",187,"A",,"G",187,"A",,1
174570,"R",18562,"A",,"A",,"G",619,"A",,"G",619,"A",,2
174604,"R",8883,"A",,"A",,"G",296,"A",,"G",296,"A",,2
174738,"R",141415,"A",,"A",,"G",4714,"A",,"G",4714,"A",,2
174747,"R",61033,"A",,"A",,"G",2034,"A",,"G",2034,"A",,2
174756,"R",104508,"A",,"A",,"G",3484,"A",,"G",3484,"A",,2
174765,"A",,"R",98214,"A",,"G",109,"A",,"G",109,"A",,1
174783,"R",405676,"A",,"R",31461,"G",13523,"G",1311,"G",13523,"G",1311,2
174792,"R",56088,"A",,"R",1689,"G",1870,"G",70,"G",1870,"G",70,2
174817,"R",59054,"A",,"R",59800,"G",1968,"G",2492,"G",1968,"G",2492,2
174844,"R",89636,"A",,"A",,"G",2988,"A",,"R",3052,"A",,2
174862,"R",26942,"A",,"R",2360,"G",898,"G",98,"G",898,"G",98,2
174899,"R",92915,"A",,"R",17879,"G",3097,"G",745,"G",3097,"G",745,2
174914,"R",187776,"A",,"R",74895,"G",6259,"G",3121,"G",6259,"G",3121,2
174932,"R",5865,"A",,"A",,"G",196,"A",,"G",196,"A",,2
174978,"A",,"R",329653,"A",,"G",366,"A",,"R",212,"A",,1
175005,"R",90767,"A",,"R",24797,"G",3026,"G",1033,"G",3026,"G",1033,2
175014,"R",284785,"A",,"A",,"G",6329,"A",,"G",6329,"A",,2
175041,"R",136869,"A",,"A",,"G",4562,"A",,"G",4562,"A",,2
175078,"R",101145,"A",,"R",9013,"G",3372,"G",376,"G",3372,"G",376,2
175120,"R",6680,"A",,"A",,"G",223,"A",,"R",334,"A",,2
175139,"A",,"A",,"R",2439,"A",,"G",102,"A",,"G",102,-2
175157,"R",18014,"A",,"A",,"G",600,"A",,"G",600,"A",,2
175227,"R",72258,"A",,"A",,"G",1606,"A",,"G",1606,"A",,2
175236,"R",105406,"A",,"A",,"G",3514,"A",,"G",3514,"A",,2
175263,"R",59650,"A",,"A",,"G",1988,"A",,"G",1988,"A",,2
175272,"R",240128,"A",,"R",7729,"G",8004,"G",322,"G",8004,"G",322,2
175281,"A",,"A",,"R",25382,"A",,"G",1058,"A",,"G",1058,-2
175315,"R",229512,"A",,"A",,"G",7650,"A",,"G",7650,"A",,2
175342,"R",81191,"A",,"R",10855,"G",2706,"G",452,"G",2706,"G",452,2
175421,"R",63308,"A",,"R",11576,"G",2110,"G",482,"R",2638,"R",643,2
175430,"R",14046,"A",,"R",282,"G",468,"G",12,"G",468,"G",12,2
175494,"A",,"R",197840,"A",,"G",220,"A",,"G",220,"A",,1
175519,"R",44138,"A",,"A",,"G",1471,"A",,"G",1471,"A",,2
175528,"R",35411,"A",,"A",,"G",787,"A",,"G",787,"A",,2
175573,"R",87656,"R",23668,"A",,"G",2948,"A",,"G",2948,"A",,3
175591,"A",,"R",79332,"A",,"G",88,"A",,"G",88,"A",,1
175607,"A",,"R",44581,"A",,"G",50,"A",,"R",80,"A",,1
175616,"R",83488,"A",,"R",16814,"G",2783,"G",701,"G",2783,"G",701,2
175643,"R",77471,"A",,"A",,"G",2582,"A",,"G",2582,"A",,2
175652,"R",225230,"A",,"A",,"G",7508,"A",,"G",7508,"A",,2
175698,"A",,"R",25678,"A",,"G",29,"A",,"G",29,"A",,1
175722,"A",,"R",37659,"A",,"G",42,"A",,"G",42,"A",,1
175786,"R",267195,"A",,"A",,"G",8907,"A",,"R",11133,"A",,2
175810,"R",172887,"A",,"A",,"G",5763,"A",,"R",7204,"A",,2
175829,"R",131640,"A",,"A",,"G",4388,"A",,"G",4388,"A",,2
175856,"R",160153,"A",,"R",31677,"G",5338,"G",1320,"R",5973,"R",1103,2
175883,"R",149965,"A",,"A",,"G",4999,"A",,"G",4999,"A",,2
175935,"R",89108,"A",,"A",,"G",2970,"A",,"G",2970,"A",,2
175980,"R",33379,"A",,"R",2076,"G",1113,"G",87,"G",1113,"G",87,2
176008,"R",74156,"R",24829,"A",,"G",2499,"A",,"G",2499,"A",,3
176017,"R",408079,"A",,"R",60733,"G",13603,"G",2531,"G",13603,"G",2531,2
176026,"R",26125,"A",,"R",28089,"G",871,"G",1170,"G",871,"G",1170,2
176035,"R",64542,"A",,"R",4760,"G",2151,"G",198,"G",2151,"G",198,2
176044,"R",73803,"A",,"R",6876,"G",2460,"G",287,"G",2460,"G",287,2
176053,"R",88975,"A",,"R",34214,"G",2966,"G",1426,"G",2966,"G",1426,2
176062,"A",,"R",93650,"A",,"G",104,"A",,"G",104,"A",,1
176071,"R",250965,"A",,"A",,"G",8366,"A",,"G",8366,"A",,2
176080,"R",420985,"A",,"R",62019,"G",14033,"G",2584,"R",14083,"R",3092,2
176169,"R",102016,"A",,"A",,"G",3401,"A",,"G",3401,"A",,2
176178,"R",211599,"A",,"A",,"G",7053,"A",,"G",7053,"A",,2
176239,"R",91231,"A",,"A",,"G",3041,"A",,"G",3041,"A",,2
176318,"R",26628,"A",,"A",,"G",888,"A",,"G",888,"A",,2
176336,"R",1816,"A",,"A",,"G",61,"A",,"R",64,"A",,2
176354,"R",48340,"A",,"A",,"G",1611,"A",,"G",1611,"A",,2
176372,"R",349682,"A",,"R",62212,"G",11656,"G",2592,"G",11656,"G",2592,2
176390,"A",,"R",160612,"A",,"G",178,"A",,"G",178,"A",,1
176406,"R",32630,"A",,"A",,"G",1088,"A",,"G",1088,"A",,2
176451,"A",,"A",,"R",868,"A",,"G",36,"A",,"G",36,-2
176479,"R",66519,"A",,"R",21828,"G",2217,"G",910,"R",2329,"R",934,2
176549,"R",17490,"A",,"A",,"G",583,"A",,"G",583,"A",,2
176600,"A",,"A",,"R",2796,"A",,"G",117,"A",,"R",127,-2
176619,"A",,"A",,"R",6639,"A",,"G",277,"A",,"G",277,-2
176628,"R",32448,"A",,"R",11534,"G",1082,"G",481,"G",1082,"G",481,2
176637,"R",44896,"A",,"A",,"G",998,"A",,"G",998,"A",,2
176664,"R",14431,"A",,"R",946,"G",481,"G",39,"G",481,"G",39,2
176716,"A",,"R",174638,"A",,"G",194,"A",,"G",194,"A",,1
176734,"A",,"R",18469,"A",,"G",21,"A",,"G",21,"A",,1
176770,"R",7741,"A",,"R",108,"G",258,"G",5,"G",258,"G",5,2
176789,"R",5772,"A",,"R",826,"G",192,"G",34,"G",192,"G",34,2
176798,"A",,"R",151800,"A",,"G",169,"A",,"G",169,"A",,1
176910,"R",10062,"A",,"A",,"G",335,"A",,"G",335,"A",,2
176938,"A",,"R",391000,"A",,"G",434,"A",,"G",434,"A",,1
176947,"R",31159,"A",,"A",,"G",1039,"A",,"G",1039,"A",,2
176965,"R",239560,"A",,"R",30313,"G",7985,"G",1263,"G",7985,"G",1263,2
176983,"A",,"R",108720,"A",,"G",121,"A",,"G",121,"A",,1
176992,"A",,"R",52500,"A",,"G",58,"A",,"R",35,"A",,1
177038,"R",4414,"A",,"R",28831,"G",147,"G",1201,"G",147,"G",1201,2
177056,"A",,"R",65924,"A",,"G",73,"A",,"G",73,"A",,1
177065,"R",381939,"A",,"R",13266,"G",12731,"G",553,"G",12731,"G",553,2
177083,"R",3118,"A",,"R",168,"G",104,"G",7,"G",104,"G",7,2
177092,"A",,"A",,"R",14372,"A",,"G",399,"A",,"G",399,-2
177117,"R",9730,"A",,"A",,"G",324,"A",,"G",324,"A",,2
177126,"A",,"A",,"R",14855,"A",,"G",619,"A",,"G",619,-2
177135,"R",89568,"A",,"A",,"G",2986,"A",,"G",2986,"A",,2
177144,"R",22469,"A",,"A",,"G",749,"A",,"G",749,"A",,2
177153,"R",114498,"A",,"A",,"G",3817,"A",,"R",3181,"A",,2
177162,"R",47887,"A",,"R",8806,"G",1596,"G",367,"R",1330,"R",326,2
177214,"R",123724,"A",,"R",8142,"G",4124,"G",339,"G",4124,"G",339,2
177250,"R",88883,"A",,"A",,"G",2963,"A",,"G",2963,"A",,2
177278,"A",,"A",,"R",2098,"A",,"G",87,"A",,"G",87,-2
177287,"A",,"R",247354,"A",,"G",275,"A",,"G",275,"A",,1
177302,"R",66542,"A",,"A",,"G",1479,"A",,"G",1479,"A",,2
177339,"R",53000,"A",,"R",4170,"G",1767,"G",174,"G",1767,"G",174,2
177418,"R",49026,"A",,"R",18113,"G",1634,"G",755,"G",1634,"G",755,2
177427,"A",,"A",,"R",6495,"A",,"G",271,"A",,"G",271,-2
177436,"A",,"R",47736,"A",,"G",53,"A",,"G",53,"A",,1
177472,"R",307861,"A",,"A",,"G",10262,"A",,"G",10262,"A",,2
177542,"R",23377,"A",,"R",294,"G",779,"G",12,"G",779,"G",12,2
177551,"R",43964,"A",,"A",,"G",1465,"A",,"G",1465,"A",,2
177579,"R",18960,"A",,"A",,"G",632,"A",,"G",632,"A",,2
177588,"A",,"R",97765,"A",,"G",109,"A",,"G",109,"A",,1
177603,"A",,"R",137233,"A",,"G",152,"A",,"G",152,"A",,1
177676,"R",129531,"A",,"A",,"G",4318,"A",,"G",4318,"A",,2
177685,"A",,"R",27746,"A",,"G",31,"A",,"G",31,"A",,1
177719,"R",15702,"A",,"R",1374,"G",523,"G",57,"G",523,"G",57,2
177746,"R",20531,"A",,"A",,"G",684,"A",,"G",684,"A",,2
177807,"A",,"R",30203,"A",,"G",34,"A",,"G",34,"A",,1
177816,"R",1650,"A",,"R",1700,"G",55,"G",71,"G",55,"G",71,2
177834,"A",,"A",,"R",107470,"A",,"G",4478,"A",,"G",4478,-2
177870,"A",,"R",10291,"A",,"G",11,"A",,"R",13,"A",,1
177922,"A",,"R",57720,"A",,"G",64,"A",,"G",64,"A",,1
177931,"A",,"R",44670,"A",,"G",50,"A",,"R",39,"A",,1
177940,"R",73079,"A",,"R",2712,"G",2436,"G",113,"G",2436,"G",113,2
177968,"R",204629,"A",,"R",88619,"G",6821,"G",3692,"G",6821,"G",3692,2
177977,"R",34640,"A",,"A",,"G",1155,"A",,"G",1155,"A",,2
177986,"R",2865,"A",,"R",84766,"G",96,"G",3532,"R",80,"R",1295,2
177995,"R",133681,"A",,"A",,"G",4456,"A",,"G",4456,"A",,2
178004,"R",4618,"A",,"A",,"G",154,"A",,"G",154,"A",,2
178022,"R",102628,"A",,"A",,"G",3421,"A",,"G",3421,"A",,2
178059,"R",72549,"A",,"R",10691,"G",2418,"G",445,"G",2418,"G",445,2
178077,"A",,"R",164850,"A",,"G",183,"A",,"G",183,"A",,1
178110,"R",17000,"A",,"A",,"G",378,"A",,"G",378,"A",,2
178183,"R",9116,"A",,"A",,"G",304,"A",,"G",304,"A",,2
178208,"R",5427,"A",,"R",7254,"G",181,"G",302,"G",181,"G",302,2
178217,"R",98676,"A",,"A",,"G",3289,"A",,"G",3289,"A",,2
178226,"R",60714,"A",,"A",,"G",1349,"A",,"G",1349,"A",,2
178244,"R",55003,"A",,"R",18896,"G",1833,"G",787,"G",1833,"G",787,2
178262,"A",,"R",188642,"A",,"G",210,"A",,"G",210,"A",,1
178305,"R",49809,"A",,"A",,"G",1660,"A",,"G",1660,"A",,2
178341,"R",141711,"A",,"R",1094,"G",4724,"G",46,"G",4724,"G",46,2
178350,"R",3426,"A",,"A",,"G",114,"A",,"G",114,"A",,2
178369,"R",47336,"A",,"A",,"G",1578,"A",,"G",1578,"A",,2
178387,"R",134253,"A",,"R",1048,"G",4475,"G",44,"G",4475,"G",44,2
178396,"R",665923,"A",,"R",143730,"G",22197,"G",5989,"G",22197,"G",5989,2
178402,"R",225818,"A",,"R",125091,"G",7527,"G",5212,"G",7527,"G",5212,2
178411,"R",144333,"A",,"R",26319,"G",4811,"G",1097,"G",4811,"G",1097,2
178420,"R",247454,"A",,"R",57047,"G",8248,"G",2377,"G",8248,"G",2377,2
178448,"R",110665,"A",,"A",,"G",3689,"A",,"G",3689,"A",,2
178466,"A",,"R",205088,"A",,"G",228,"A",,"G",228,"A",,1
178484,"A",,"R",317457,"A",,"G",353,"A",,"G",353,"A",,1
178518,"A",,"A",,"R",4165,"A",,"G",174,"A",,"G",174,-2
178527,"A",,"R",45882,"A",,"G",51,"A",,"G",51,"A",,1
178563,"A",,"R",82977,"A",,"G",92,"A",,"G",92,"A",,1
178615,"R",155125,"A",,"R",9108,"G",5171,"G",380,"G",5171,"G",380,2
178624,"R",166126,"A",,"R",16170,"G",5538,"G",674,"G",5538,"G",674,2
178679,"R",16891,"A",,"A",,"G",563,"A",,"G",563,"A",,2
178697,"R",44492,"A",,"A",,"G",1483,"A",,"G",1483,"A",,2
178721,"R",271715,"A",,"R",12038,"G",9057,"G",502,"G",9057,"G",502,2
178767,"R",11660,"A",,"A",,"G",259,"A",,"G",259,"A",,2
178785,"R",101414,"A",,"A",,"G",3380,"A",,"G",3380,"A",,2
178828,"A",,"R",79055,"A",,"G",88,"A",,"R",80,"A",,1
178891,"R",51107,"A",,"A",,"G",1704,"A",,"G",1704,"A",,2
178989,"R",8258,"A",,"R",1482,"G",275,"G",62,"G",275,"G",62,2
179043,"R",49712,"A",,"R",16526,"G",1657,"G",689,"G",1657,"G",689,2
179052,"A",,"R",253821,"A",,"G",282,"A",,"R",282,"A",,1
179070,"R",22967,"A",,"A",,"G",510,"A",,"R",561,"A",,2
179113,"R",244449,"A",,"A",,"G",8148,"A",,"G",8148,"A",,2
179159,"R",242358,"A",,"R",113384,"G",8079,"G",4724,"G",8079,"G",4724,2
179195,"A",,"R",55128,"A",,"G",61,"A",,"G",61,"A",,1
179201,"R",70905,"A",,"A",,"G",1576,"A",,"G",1576,"A",,2
179229,"A",,"R",53974,"A",,"G",60,"A",,"G",60,"A",,1
179238,"A",,"R",63877,"A",,"G",71,"A",,"G",71,"A",,1
179256,"R",8700,"A",,"A",,"G",290,"A",,"G",290,"A",,2
179265,"R",21532,"A",,"R",16924,"G",718,"G",705,"G",718,"G",705,2
179292,"R",146679,"A",,"A",,"G",4889,"A",,"G",4889,"A",,2
179308,"R",168565,"A",,"A",,"G",5619,"A",,"G",5619,"A",,2
179317,"A",,"A",,"R",3766,"A",,"G",157,"A",,"R",187,-2
179326,"R",71292,"A",,"R",17265,"G",2376,"G",719,"G",2376,"G",719,2
179344,"R",39664,"A",,"A",,"G",1322,"A",,"G",1322,"A",,2
179399,"A",,"R",43440,"A",,"G",48,"A",,"G",48,"A",,1
179450,"R",3656,"A",,"A",,"G",122,"A",,"G",122,"A",,2
179511,"R",13701,"A",,"A",,"G",457,"A",,"G",457,"A",,2
179539,"R",100639,"A",,"A",,"G",3355,"A",,"G",3355,"A",,2
179548,"R",27704,"A",,"R",4622,"G",923,"G",193,"G",923,"G",193,2
179557,"R",240943,"A",,"R",15695,"G",8031,"G",654,"G",8031,"G",654,2
179566,"R",426547,"A",,"R",55880,"G",14218,"G",2328,"G",14218,"G",2328,2
179645,"R",84022,"A",,"A",,"G",2801,"A",,"G",2801,"A",,2
179715,"R",39598,"A",,"A",,"G",1320,"A",,"G",1320,"A",,2
179724,"A",,"R",25520,"A",,"G",28,"A",,"G",28,"A",,1
179742,"A",,"A",,"R",1080,"A",,"G",45,"A",,"G",45,-2
179812,"A",,"A",,"R",50360,"A",,"G",2098,"A",,"R",1085,-2
179867,"R",205666,"A",,"R",91802,"G",6856,"G",3825,"G",6856,"G",3825,2
179894,"R",97588,"A",,"R",232993,"G",3253,"G",9708,"G",3253,"G",9708,2
179919,"R",14692,"A",,"A",,"G",490,"A",,"G",490,"A",,2
179946,"R",32312,"A",,"A",,"G",1077,"A",,"G",1077,"A",,2
179955,"R",31897,"A",,"A",,"G",1063,"A",,"G",1063,"A",,2
179964,"R",27888,"A",,"R",27925,"G",930,"G",1164,"G",930,"G",1164,2
179991,"A",,"R",45660,"A",,"G",51,"A",,"G",51,"A",,1
180045,"R",29190,"A",,"A",,"G",973,"A",,"G",973,"A",,2
180054,"R",14127,"A",,"A",,"G",471,"A",,"G",471,"A",,2
180063,"A",,"R",64640,"A",,"G",72,"A",,"G",72,"A",,1
180081,"R",14410,"A",,"A",,"G",480,"A",,"G",480,"A",,2
180106,"R",38759,"A",,"A",,"G",1292,"A",,"G",1292,"A",,2
180151,"R",13644,"A",,"A",,"G",455,"A",,"G",455,"A",,2
180160,"R",5575,"A",,"A",,"G",186,"A",,"G",186,"A",,2
180179,"R",89730,"A",,"R",7080,"G",2991,"G",295,"G",2991,"G",295,2
180197,"R",62281,"A",,"A",,"G",2076,"A",,"G",2076,"A",,2
180203,"R",5376,"A",,"A",,"G",179,"A",,"G",179,"A",,2
180212,"R",9742,"A",,"A",,"G",325,"A",,"G",325,"A",,2
180249,"R",46403,"A",,"A",,"G",1547,"A",,"G",1547,"A",,2
180258,"R",20659,"A",,"R",1122,"G",689,"G",47,"G",689,"G",47,2
180276,"R",30174,"A",,"A",,"G",1006,"A",,"G",1006,"A",,2
180328,"R",11323,"A",,"A",,"G",377,"A",,"G",377,"A",,2
180373,"R",14402,"A",,"A",,"G",480,"A",,"G",480,"A",,2
180391,"A",,"R",80200,"A",,"G",89,"A",,"R",60,"A",,1
180416,"R",57334,"A",,"R",2339,"G",1911,"G",97,"G",1911,"G",97,2
180461,"R",295412,"A",,"R",24633,"G",9847,"G",1026,"G",9847,"G",1026,2
180489,"R",340622,"A",,"R",42117,"G",11354,"G",1755,"G",11354,"G",1755,2
180522,"R",31621,"A",,"R",1500,"G",1054,"G",63,"G",1054,"G",63,2
180595,"R",24573,"A",,"R",3953,"G",819,"G",165,"G",819,"G",165,2
180647,"R",35588,"A",,"A",,"G",791,"A",,"G",791,"A",,2
180692,"R",36900,"A",,"A",,"G",1230,"A",,"G",1230,"A",,2
180771,"A",,"R",77750,"A",,"G",86,"A",,"G",86,"A",,1
180814,"R",192873,"A",,"R",47046,"G",6429,"G",1960,"G",6429,"G",1960,2
180832,"R",19182,"A",,"R",3198,"G",639,"G",133,"G",639,"G",133,2
180878,"R",10337,"A",,"R",828,"G",345,"G",35,"G",345,"G",35,2
180902,"R",131066,"A",,"A",,"G",4369,"A",,"R",4431,"A",,2
180948,"R",58192,"A",,"R",7497,"G",1940,"G",312,"G",1940,"G",312,2
180957,"A",,"R",230982,"A",,"G",257,"A",,"R",257,"A",,1
180984,"R",36104,"A",,"R",8187,"G",1203,"G",341,"G",1203,"G",341,2
181002,"R",131938,"A",,"R",126540,"G",4398,"G",5273,"G",4398,"G",5273,2
181020,"R",29239,"A",,"A",,"G",975,"A",,"G",975,"A",,2
181093,"R",10752,"A",,"R",1519,"G",358,"G",63,"G",358,"G",63,2
181127,"R",36127,"A",,"R",1466,"G",1204,"G",61,"G",1204,"G",61,2
181136,"A",,"R",49000,"A",,"G",54,"A",,"G",54,"A",,1
181145,"R",1167,"A",,"A",,"G",39,"A",,"R",22,"A",,2
181190,"A",,"R",535500,"A",,"G",595,"A",,"G",595,"A",,1
181215,"R",142411,"A",,"R",21422,"G",4747,"G",893,"G",4747,"G",893,2
181242,"R",31374,"A",,"A",,"G",1046,"A",,"G",1046,"A",,2
181251,"R",646,"A",,"A",,"G",22,"A",,"G",22,"A",,2
181297,"R",18017,"R",11980,"R",1137,"G",614,"G",47,"G",614,"G",47,3
181303,"R",595059,"A",,"A",,"G",13224,"A",,"G",13224,"A",,2
181312,"R",52883,"A",,"A",,"G",1763,"A",,"G",1763,"A",,2
181330,"R",22082,"A",,"R",244,"G",736,"G",10,"G",736,"G",10,2
181376,"R",3150,"A",,"A",,"G",105,"A",,"R",126,"A",,2
181394,"R",306855,"A",,"R",38770,"G",10229,"G",1615,"G",10229,"G",1615,2
181400,"R",51328,"A",,"A",,"G",1711,"A",,"G",1711,"A",,2
181419,"R",3241,"A",,"A",,"G",108,"A",,"R",108,"A",,2
181428,"R",21372,"A",,"R",58433,"G",712,"G",2435,"G",712,"G",2435,2
181446,"R",65141,"A",,"R",3842,"G",2171,"G",160,"G",2171,"G",160,2
181464,"R",531957,"A",,"R",90127,"G",17732,"G",3755,"G",17732,"G",3755,2
181491,"R",95177,"R",176313,"A",,"G",3368,"A",,"G",3368,"A",,3
181534,"R",46826,"A",,"R",5923,"G",1561,"G",247,"G",1561,"G",247,2
181543,"R",926,"A",,"A",,"G",31,"A",,"G",31,"A",,2
181604,"R",22805,"A",,"R",6623,"G",760,"G",276,"G",760,"G",276,2
181640,"R",455562,"A",,"A",,"G",10124,"A",,"G",10124,"A",,2
181738,"R",21417,"A",,"R",2190,"G",714,"G",91,"G",714,"G",91,2
181756,"R",24946,"R",69848,"A",,"G",909,"A",,"G",909,"A",,3
181765,"R",9006,"A",,"A",,"G",300,"A",,"G",300,"A",,2
181783,"R",82124,"A",,"R",11173,"G",2737,"G",466,"G",2737,"G",466,2
181792,"R",477,"A",,"A",,"G",16,"A",,"R",15,"A",,2
181817,"R",56211,"A",,"A",,"G",1874,"A",,"G",1874,"A",,2
181853,"R",12124,"A",,"A",,"G",404,"A",,"G",404,"A",,2
181880,"A",,"R",318762,"A",,"G",354,"A",,"G",354,"A",,1
181941,"A",,"R",522320,"A",,"G",580,"A",,"G",580,"A",,1
182005,"R",735838,"A",,"A",,"G",24528,"A",,"G",24528,"A",,2
182111,"R",67104,"A",,"A",,"G",1491,"A",,"G",1491,"A",,2
182148,"R",33900,"A",,"A",,"G",753,"A",,"R",942,"A",,2
182209,"A",,"R",561269,"A",,"G",624,"A",,"G",624,"A",,1
182281,"R",601111,"A",,"R",110488,"G",20037,"G",4604,"G",20037,"G",4604,2
182290,"R",351065,"A",,"R",47006,"G",11702,"G",1959,"G",11702,"G",1959,2
182306,"R",124635,"A",,"A",,"G",4155,"A",,"G",4155,"A",,2
182397,"A",,"R",319285,"A",,"G",355,"A",,"R",251,"A",,1
182430,"R",9450,"A",,"R",1416,"G",315,"G",59,"G",315,"G",59,2
182458,"R",11766,"A",,"R",9986,"G",392,"G",416,"G",392,"G",416,2
182500,"R",238499,"A",,"A",,"G",7950,"A",,"G",7950,"A",,2
182564,"R",86699,"A",,"A",,"G",2890,"A",,"G",2890,"A",,2
182634,"R",32043,"A",,"A",,"G",1068,"A",,"G",1068,"A",,2
182652,"A",,"R",97103,"A",,"G",108,"A",,"G",108,"A",,1
182661,"R",23905,"A",,"R",972,"G",797,"G",41,"G",797,"G",41,2
182670,"R",188930,"A",,"R",70363,"G",4198,"G",1955,"G",4198,"G",1955,2
182704,"A",,"R",132646,"A",,"G",147,"A",,"G",147,"A",,1
182722,"A",,"R",142407,"A",,"G",158,"A",,"G",158,"A",,1
182795,"R",55678,"A",,"R",13157,"G",1856,"G",548,"G",1856,"G",548,2
182829,"A",,"A",,"R",14900,"A",,"G",621,"A",,"R",551,-2
182865,"R",108660,"A",,"A",,"G",3622,"A",,"G",3622,"A",,2
182883,"A",,"R",35170,"A",,"G",39,"A",,"G",39,"A",,1
182892,"A",,"R",44907,"A",,"G",50,"A",,"G",50,"A",,1
182908,"R",4080,"A",,"A",,"G",136,"A",,"G",136,"A",,2
182917,"R",1904,"A",,"A",,"G",63,"A",,"G",63,"A",,2
182953,"A",,"R",291800,"A",,"G",324,"A",,"G",324,"A",,1
182980,"R",31361,"A",,"R",21810,"G",1045,"G",909,"G",1045,"G",909,2
182999,"A",,"R",52253,"A",,"G",58,"A",,"G",58,"A",,1
183026,"R",142933,"A",,"R",40315,"G",4764,"G",1680,"G",4764,"G",1680,2
183035,"R",1350,"A",,"A",,"G",45,"A",,"G",45,"A",,2
183044,"R",396582,"A",,"R",36269,"G",13219,"G",1511,"G",13219,"G",1511,2
183062,"R",162704,"A",,"R",1689,"G",5423,"G",70,"G",5423,"G",70,2
183071,"R",26612,"A",,"R",5957,"G",887,"G",248,"G",887,"G",248,2
183080,"R",123050,"A",,"R",20342,"G",4102,"G",848,"R",4104,"R",1134,2
183099,"R",86023,"A",,"A",,"G",2867,"A",,"G",2867,"A",,2
183105,"R",18708,"A",,"A",,"G",624,"A",,"G",624,"A",,2
183114,"R",18907,"A",,"A",,"G",630,"A",,"G",630,"A",,2
183123,"R",25933,"A",,"A",,"G",864,"A",,"G",864,"A",,2
183132,"R",46412,"A",,"A",,"G",1547,"A",,"G",1547,"A",,2
183141,"R",40356,"A",,"A",,"G",1345,"A",,"G",1345,"A",,2
183150,"R",32473,"A",,"A",,"G",1082,"A",,"G",1082,"A",,2
183202,"A",,"R",60000,"A",,"G",67,"A",,"G",67,"A",,1
183211,"R",38235,"A",,"R",12428,"G",1275,"G",518,"G",1275,"G",518,2
183239,"R",61229,"A",,"A",,"G",2041,"A",,"G",2041,"A",,2
183248,"R",3892,"A",,"A",,"G",130,"A",,"G",130,"A",,2
183257,"R",32529,"A",,"R",3704,"G",1084,"G",154,"R",1243,"R",150,2
183275,"R",1958,"A",,"A",,"G",65,"A",,"R",68,"A",,2
183345,"R",5386,"A",,"A",,"G",180,"A",,"G",180,"A",,2
183488,"R",37375,"A",,"A",,"G",1246,"A",,"G",1246,"A",,2
183600,"R",1015,"A",,"A",,"G",34,"A",,"R",38,"A",,2
183655,"R",177046,"A",,"A",,"G",5902,"A",,"G",5902,"A",,2
183725,"A",,"R",831515,"A",,"G",924,"A",,"G",924,"A",,1
183743,"R",353921,"A",,"A",,"G",11797,"A",,"G",11797,"A",,2
183789,"R",174417,"A",,"A",,"G",3876,"A",,"G",3876,"A",,2
183804,"R",82749,"A",,"R",88246,"G",2758,"G",3677,"G",2758,"G",3677,2
183822,"R",59213,"A",,"A",,"G",1974,"A",,"G",1974,"A",,2
183859,"R",360877,"A",,"A",,"G",12029,"A",,"G",12029,"A",,2
183877,"R",237766,"A",,"A",,"G",7926,"A",,"G",7926,"A",,2
183910,"R",37890,"A",,"R",8882,"G",1263,"G",370,"R",1365,"R",440,2
183938,"R",311216,"A",,"A",,"G",10374,"A",,"G",10374,"A",,2
183974,"R",71239,"A",,"R",14487,"G",2375,"G",604,"R",2022,"R",529,2
183983,"A",,"R",117540,"A",,"G",131,"A",,"G",131,"A",,1
184047,"R",21960,"A",,"A",,"G",732,"A",,"G",732,"A",,2
184056,"A",,"R",1012718,"A",,"G",1125,"A",,"G",1125,"A",,1
184092,"R",17988,"R",9925,"A",,"G",611,"A",,"G",611,"A",,3
184135,"R",54161,"A",,"A",,"G",1204,"A",,"G",1204,"A",,2
184144,"A",,"R",198126,"A",,"G",220,"A",,"G",220,"A",,1
184153,"A",,"R",94704,"R",180,"G",105,"G",8,"G",105,"G",8,1
184180,"R",196780,"A",,"A",,"G",6559,"A",,"G",6559,"A",,2
184205,"R",93701,"A",,"A",,"G",3123,"A",,"G",3123,"A",,2
184269,"R",60771,"A",,"R",459,"G",2026,"G",19,"R",1688,"R",17,2
184278,"A",,"R",167040,"A",,"G",186,"A",,"G",186,"A",,1
184320,"A",,"R",1026330,"A",,"G",1140,"A",,"G",1140,"A",,1
184348,"R",56682,"A",,"R",11158,"G",1889,"G",465,"G",1889,"G",465,2
184357,"R",1665,"A",,"A",,"G",56,"A",,"G",56,"A",,2
184427,"A",,"R",232116,"A",,"G",258,"A",,"G",258,"A",,1
184481,"R",324872,"A",,"A",,"G",10829,"A",,"G",10829,"A",,2
184506,"A",,"R",187463,"A",,"G",208,"A",,"R",156,"A",,1
184603,"R",105211,"A",,"R",43234,"G",3507,"G",1801,"G",3507,"G",1801,2
184612,"R",47001,"A",,"R",4907,"G",1567,"G",204,"G",1567,"G",204,2
184694,"R",70892,"A",,"R",15419,"G",2363,"G",642,"G",2363,"G",642,2
184746,"R",5380,"A",,"A",,"G",179,"A",,"G",179,"A",,2
184773,"R",49938,"A",,"R",16955,"G",1665,"G",706,"G",1665,"G",706,2
184782,"R",264237,"A",,"R",21517,"G",8808,"G",897,"G",8808,"G",897,2
184791,"R",152617,"A",,"A",,"G",5087,"A",,"G",5087,"A",,2
184816,"A",,"R",295192,"A",,"G",328,"A",,"R",246,"A",,1
184870,"R",23979,"A",,"A",,"G",799,"A",,"G",799,"A",,2
184959,"R",46814,"A",,"A",,"G",1040,"A",,"G",1040,"A",,2
184968,"R",4428,"A",,"A",,"G",148,"A",,"G",148,"A",,2
184995,"R",208410,"A",,"A",,"G",6947,"A",,"G",6947,"A",,2
185129,"R",158206,"A",,"R",28668,"G",5274,"G",1195,"G",5274,"G",1195,2
185174,"R",2737,"A",,"A",,"G",91,"A",,"R",73,"A",,2
185262,"R",324261,"A",,"R",44142,"G",10809,"G",1839,"G",10809,"G",1839,2
185332,"R",10214,"A",,"A",,"G",340,"A",,"G",340,"A",,2
185396,"A",,"R",1676335,"A",,"G",1863,"A",,"G",1863,"A",,1
185466,"A",,"R",305925,"A",,"G",340,"A",,"G",340,"A",,1
185509,"R",192614,"A",,"A",,"G",6420,"A",,"G",6420,"A",,2
185536,"R",302546,"A",,"A",,"G",10085,"A",,"G",10085,"A",,2
185572,"R",142429,"A",,"R",29452,"G",4748,"G",1227,"G",4748,"G",1227,2
185590,"R",403690,"A",,"R",56579,"G",13456,"G",2357,"G",13456,"G",2357,2
185624,"R",2913,"A",,"A",,"G",97,"A",,"G",97,"A",,2
185651,"R",2124,"A",,"A",,"G",71,"A",,"G",71,"A",,2
185679,"R",7020,"A",,"A",,"G",234,"A",,"G",234,"A",,2
185721,"R",22410,"A",,"A",,"G",747,"A",,"G",747,"A",,2
185730,"A",,"R",156909,"A",,"G",174,"A",,"R",130,"A",,1
185758,"A",,"A",,"R",3392,"A",,"G",141,"A",,"G",141,-2
185767,"A",,"R",201313,"A",,"G",224,"A",,"G",224,"A",,1
185828,"R",166122,"A",,"R",44196,"G",5537,"G",1842,"G",5537,"G",1842,2
185873,"R",261832,"A",,"A",,"G",8728,"A",,"G",8728,"A",,2
185916,"A",,"R",153866,"A",,"G",171,"A",,"G",171,"A",,1
185970,"A",,"R",193336,"A",,"G",215,"A",,"G",215,"A",,1
186016,"A",,"R",283860,"A",,"G",315,"A",,"G",315,"A",,1
186034,"R",174938,"A",,"A",,"G",5831,"A",,"G",5831,"A",,2
186052,"A",,"R",845988,"A",,"G",940,"A",,"G",940,"A",,1
186122,"A",,"A",,"R",12803,"A",,"G",533,"A",,"G",533,-2
186131,"R",158840,"A",,"R",28716,"G",5295,"G",1197,"R",5297,"R",2505,2
186186,"R",7260,"A",,"A",,"G",242,"A",,"G",242,"A",,2
186201,"R",177958,"A",,"R",3364,"G",5932,"G",140,"G",5932,"G",140,2
186274,"A",,"R",194573,"A",,"G",216,"A",,"G",216,"A",,1
186283,"R",137635,"A",,"R",18289,"G",4588,"G",762,"G",4588,"G",762,2
186335,"A",,"R",181200,"A",,"G",201,"A",,"G",201,"A",,1
186371,"R",116908,"A",,"R",35847,"G",3897,"G",1494,"G",3897,"G",1494,2
186380,"R",918320,"A",,"R",151252,"G",30611,"G",6302,"G",30611,"G",6302,2
186399,"R",209099,"A",,"R",80152,"G",6970,"G",3340,"G",6970,"G",3340,2
186405,"A",,"R",19744,"A",,"G",22,"A",,"R",16,"A",,1
186423,"R",1974,"A",,"A",,"G",66,"A",,"G",66,"A",,2
186432,"R",70578,"A",,"R",11320,"G",2353,"G",472,"G",2353,"G",472,2
186469,"R",36112,"A",,"A",,"G",1204,"A",,"G",1204,"A",,2
186584,"R",151494,"A",,"R",85483,"G",5050,"G",3562,"G",5050,"G",3562,2
186593,"A",,"R",144690,"A",,"G",161,"A",,"G",161,"A",,1
186618,"R",25995,"A",,"R",12737,"G",867,"G",531,"G",867,"G",531,2
186645,"R",156486,"A",,"A",,"G",5216,"A",,"G",5216,"A",,2
186867,"R",75149,"A",,"R",47286,"G",2505,"G",1970,"R",2505,"R",2627,2
186876,"R",211608,"A",,"R",11397,"G",7054,"G",475,"G",7054,"G",475,2
186900,"R",1770,"A",,"A",,"G",59,"A",,"G",59,"A",,2
187000,"A",,"R",228000,"A",,"G",253,"A",,"G",253,"A",,1
187046,"R",117099,"A",,"R",8280,"G",3903,"G",345,"G",3903,"G",345,2
187134,"R",200408,"A",,"R",15589,"G",6680,"G",650,"R",6263,"R",650,2
187161,"R",50465,"A",,"A",,"G",1682,"A",,"G",1682,"A",,2
187198,"R",275425,"A",,"A",,"G",9181,"A",,"G",9181,"A",,2
187222,"R",18572,"A",,"R",121701,"G",619,"G",5071,"G",619,"G",5071,2
187444,"R",279980,"A",,"R",24635,"G",9333,"G",1026,"G",9333,"G",1026,2
187505,"A",,"R",1473094,"A",,"G",1637,"A",,"G",1637,"A",,1
187532,"R",576009,"A",,"A",,"G",19200,"A",,"G",19200,"A",,2
187596,"R",12473,"A",,"A",,"G",416,"A",,"G",416,"A",,2
187602,"A",,"R",121739,"A",,"G",135,"A",,"G",135,"A",,1
187620,"R",162345,"A",,"A",,"G",5412,"A",,"G",5412,"A",,2
187639,"R",46156,"A",,"A",,"G",1539,"A",,"G",1539,"A",,2
187648,"R",96217,"A",,"R",10976,"G",3207,"G",457,"G",3207,"G",457,2
187666,"R",74613,"A",,"A",,"G",2487,"A",,"G",2487,"A",,2
187745,"R",8058,"A",,"A",,"G",269,"A",,"G",269,"A",,2
187897,"R",55389,"A",,"R",24346,"G",1846,"G",1014,"G",1846,"G",1014,2
187903,"R",63194,"A",,"A",,"G",2106,"A",,"G",2106,"A",,2
187912,"R",14240,"A",,"A",,"G",475,"A",,"G",475,"A",,2
187958,"R",58431,"A",,"A",,"G",1948,"A",,"G",1948,"A",,2
187967,"R",34941,"A",,"R",9825,"G",1165,"G",409,"G",1165,"G",409,2
187976,"R",11716,"A",,"A",,"G",391,"A",,"G",391,"A",,2
187985,"R",542295,"A",,"R",119491,"G",18077,"G",4979,"G",18077,"G",4979,2
187994,"R",55474,"A",,"A",,"G",1849,"A",,"G",1849,"A",,2
188003,"R",32161,"A",,"A",,"G",1072,"A",,"G",1072,"A",,2
188021,"R",23810,"A",,"A",,"G",794,"A",,"G",794,"A",,2
188030,"R",367577,"A",,"R",64484,"G",12253,"G",2687,"G",12253,"G",2687,2
188049,"R",43601,"A",,"A",,"G",1453,"A",,"G",1453,"A",,2
188058,"R",41731,"A",,"A",,"G",1391,"A",,"G",1391,"A",,2
188100,"R",145259,"A",,"A",,"G",4842,"A",,"G",4842,"A",,2
188137,"R",83138,"A",,"A",,"G",2771,"A",,"G",2771,"A",,2
188146,"R",5530,"A",,"R",150,"G",184,"G",6,"G",184,"G",6,2
188182,"R",14820,"A",,"R",5856,"G",494,"G",244,"G",494,"G",244,2
188207,"A",,"A",,"R",4747,"A",,"G",132,"A",,"G",132,-2
188216,"R",21870,"A",,"A",,"G",729,"A",,"G",729,"A",,2
188225,"R",24483,"A",,"A",,"G",816,"A",,"G",816,"A",,2
188261,"R",24337,"A",,"A",,"G",811,"A",,"G",811,"A",,2
188304,"R",57522,"A",,"R",6347,"G",1917,"G",264,"G",1917,"G",264,2
188340,"R",37378,"A",,"R",381,"G",1246,"G",16,"G",1246,"G",16,2
188429,"R",138067,"A",,"R",69411,"G",4602,"G",2892,"G",4602,"G",2892,2
188438,"R",84971,"A",,"A",,"G",2832,"A",,"G",2832,"A",,2
188465,"R",14546,"R",218190,"A",,"G",727,"A",,"G",727,"A",,3
188517,"R",25394,"A",,"A",,"G",846,"A",,"G",846,"A",,2
188526,"R",36637,"A",,"R",16160,"G",1221,"G",673,"R",1103,"R",451,2
188535,"A",,"A",,"R",23676,"A",,"G",987,"A",,"G",987,-2
188580,"A",,"A",,"R",28063,"A",,"G",1169,"A",,"R",809,-2
188641,"R",57874,"A",,"R",10519,"G",1929,"G",438,"G",1929,"G",438,2
188650,"A",,"R",299830,"A",,"G",333,"A",,"G",333,"A",,1
188669,"A",,"R",73750,"A",,"G",82,"A",,"G",82,"A",,1
188678,"R",6300,"A",,"A",,"G",210,"A",,"G",210,"A",,2
188687,"R",9424,"A",,"A",,"G",314,"A",,"G",314,"A",,2
188696,"A",,"R",68400,"A",,"G",76,"A",,"G",76,"A",,1
188854,"A",,"R",1482300,"A",,"G",1647,"A",,"R",1098,"A",,1
188890,"A",,"R",1572512,"A",,"G",1747,"A",,"G",1747,"A",,1
188915,"R",1951,"A",,"A",,"G",65,"A",,"R",69,"A",,2
188942,"R",2120,"A",,"A",,"G",71,"A",,"G",71,"A",,2
188988,"A",,"R",317190,"A",,"G",352,"A",,"G",352,"A",,1
189015,"A",,"A",,"R",18207,"A",,"G",759,"A",,"G",759,-2
189088,"R",72136,"A",,"R",7540,"G",2405,"G",314,"G",2405,"G",314,2
189097,"R",69073,"A",,"A",,"G",2302,"A",,"G",2302,"A",,2
189219,"A",,"R",100320,"A",,"G",111,"A",,"G",111,"A",,1
189228,"R",219244,"A",,"A",,"G",4872,"A",,"G",4872,"A",,2
189264,"R",2184,"A",,"A",,"G",73,"A",,"G",73,"A",,2
189273,"R",1080,"A",,"R",140,"G",36,"G",6,"G",36,"G",6,2
189282,"R",5475,"A",,"A",,"G",183,"A",,"G",183,"A",,2
189404,"A",,"R",103416,"A",,"G",115,"A",,"R",115,"A",,1
189413,"R",26576,"A",,"R",1606,"G",886,"G",67,"G",886,"G",67,2
189422,"R",29397,"A",,"A",,"G",980,"A",,"G",980,"A",,2
189459,"R",59313,"A",,"A",,"G",1977,"A",,"G",1977,"A",,2
189468,"A",,"R",185184,"A",,"G",206,"A",,"G",206,"A",,1
189477,"A",,"R",275000,"A",,"G",306,"A",,"G",306,"A",,1
189501,"A",,"A",,"R",41177,"A",,"G",1716,"A",,"G",1716,-2
189547,"R",161702,"A",,"A",,"G",5390,"A",,"G",5390,"A",,2
189556,"R",14412,"A",,"A",,"G",480,"A",,"G",480,"A",,2
189565,"R",20467,"A",,"A",,"G",682,"A",,"G",682,"A",,2
189574,"R",24932,"A",,"A",,"G",831,"A",,"G",831,"A",,2
189583,"R",27868,"A",,"A",,"G",929,"A",,"G",929,"A",,2
189592,"R",6616,"A",,"A",,"G",221,"A",,"G",221,"A",,2
189653,"R",5079,"A",,"A",,"G",113,"A",,"G",113,"A",,2
189705,"R",91317,"A",,"R",32123,"G",3044,"G",1338,"G",3044,"G",1338,2
189714,"A",,"R",194937,"A",,"G",217,"A",,"G",217,"A",,1
189811,"R",7080,"A",,"A",,"G",236,"A",,"G",236,"A",,2
189839,"R",103800,"A",,"A",,"G",3460,"A",,"G",3460,"A",,2
189848,"R",36060,"A",,"A",,"G",1202,"A",,"G",1202,"A",,2
189857,"R",17671,"A",,"R",2072,"G",589,"G",86,"G",589,"G",86,2
189954,"A",,"R",47405,"A",,"G",53,"A",,"G",53,"A",,1
189981,"A",,"A",,"R",872,"A",,"G",36,"A",,"G",36,-2
190008,"A",,"R",90428,"A",,"G",100,"A",,"G",100,"A",,1
190044,"R",84094,"A",,"R",8920,"G",2803,"G",372,"G",2803,"G",372,2
190053,"R",46002,"A",,"A",,"G",1533,"A",,"G",1533,"A",,2
190071,"R",5202,"A",,"A",,"G",173,"A",,"G",173,"A",,2
190080,"A",,"A",,"R",1620,"A",,"G",68,"A",,"G",68,-2
190099,"R",89006,"A",,"R",260,"G",2967,"G",11,"R",2781,"R",10,2
190114,"R",29617,"A",,"R",14918,"G",987,"G",622,"R",658,"R",331,2
190150,"R",241612,"A",,"R",366017,"G",8054,"G",15251,"G",8054,"G",15251,2
190169,"R",43528,"A",,"A",,"G",1451,"A",,"G",1451,"A",,2
190239,"A",,"R",290420,"A",,"G",323,"A",,"R",290,"A",,1
190248,"R",21153,"A",,"A",,"G",705,"A",,"G",705,"A",,2
190293,"A",,"R",127911,"A",,"G",142,"A",,"G",142,"A",,1
190309,"A",,"R",56893,"A",,"G",63,"A",,"G",63,"A",,1
190318,"A",,"R",340233,"A",,"G",378,"A",,"G",378,"A",,1
190372,"R",30177,"A",,"R",2221,"G",1006,"G",93,"G",1006,"G",93,2
190415,"R",432659,"A",,"R",166837,"G",14422,"G",6952,"G",14422,"G",6952,2
190424,"A",,"A",,"R",16142,"A",,"G",673,"A",,"G",673,-2
190442,"R",108048,"A",,"A",,"G",3602,"A",,"G",3602,"A",,2
190451,"R",5954,"A",,"A",,"G",198,"A",,"G",198,"A",,2
190503,"R",150150,"A",,"A",,"G",5005,"A",,"R",4550,"A",,2
190512,"R",352035,"A",,"R",69588,"G",11735,"G",2900,"G",11735,"G",2900,2
190521,"R",528726,"A",,"A",,"G",17624,"A",,"G",17624,"A",,2
190530,"R",241069,"A",,"A",,"G",8036,"A",,"G",8036,"A",,2
190549,"R",335936,"A",,"R",63369,"G",11198,"G",2640,"G",11198,"G",2640,2
190558,"R",316817,"A",,"R",14332,"G",10561,"G",597,"G",10561,"G",597,2
190567,"R",311139,"A",,"R",49620,"G",10371,"G",2068,"G",10371,"G",2068,2
190576,"R",16988,"A",,"R",54710,"G",566,"G",2280,"G",566,"G",2280,2
190585,"R",139306,"A",,"A",,"G",4644,"A",,"G",4644,"A",,2
190594,"R",391288,"A",,"R",109634,"G",13043,"G",4568,"G",13043,"G",4568,2
190600,"R",329384,"A",,"R",30243,"G",10979,"G",1260,"G",10979,"G",1260,2
190619,"R",416525,"A",,"A",,"G",13884,"A",,"G",13884,"A",,2
190628,"R",379866,"A",,"A",,"G",12662,"A",,"G",12662,"A",,2
190637,"R",235227,"A",,"R",38258,"G",7841,"G",1594,"G",7841,"G",1594,2
190646,"R",169014,"A",,"A",,"G",5634,"A",,"G",5634,"A",,2
190655,"R",340364,"A",,"A",,"G",11345,"A",,"G",11345,"A",,2
190664,"R",417141,"A",,"R",67940,"G",13905,"G",2831,"G",13905,"G",2831,2
190673,"R",341829,"A",,"A",,"G",11394,"A",,"G",11394,"A",,2
190682,"A",,"A",,"R",12515,"A",,"G",521,"A",,"G",521,-2
190691,"R",172658,"A",,"R",865,"G",5755,"G",36,"G",5755,"G",36,2
190707,"A",,"R",38610,"A",,"G",43,"A",,"G",43,"A",,1
190716,"R",49385,"A",,"R",26550,"G",1646,"G",1106,"G",1646,"G",1106,2
190725,"R",49750,"A",,"R",19612,"G",1658,"G",817,"G",1658,"G",817,2
190734,"R",270,"A",,"R",230,"G",9,"G",10,"G",9,"G",10,2
190761,"R",47710,"A",,"R",6982,"G",1590,"G",291,"G",1590,"G",291,2
190770,"R",73094,"A",,"R",35912,"G",2436,"G",1496,"G",2436,"G",1496,2
190840,"R",199106,"A",,"A",,"G",6637,"A",,"G",6637,"A",,2
190956,"R",2645,"A",,"A",,"G",88,"A",,"G",88,"A",,2
190974,"R",17763,"A",,"A",,"G",592,"A",,"G",592,"A",,2
190983,"R",41091,"A",,"R",4612,"G",1370,"G",192,"G",1370,"G",192,2
191083,"R",354097,"A",,"A",,"G",11803,"A",,"G",11803,"A",,2
191126,"R",270301,"A",,"R",4007,"G",9010,"G",167,"R",9010,"R",134,2
191199,"R",143251,"A",,"A",,"G",4775,"A",,"G",4775,"A",,2
191205,"R",34032,"A",,"R",1212,"G",1134,"G",51,"G",1134,"G",51,2
191241,"R",245312,"A",,"R",143717,"G",8177,"G",5988,"R",8210,"R",5993,2
191287,"A",,"R",308135,"A",,"G",342,"A",,"R",513,"A",,1
191302,"R",63694,"A",,"A",,"G",2123,"A",,"G",2123,"A",,2
191311,"A",,"R",124350,"A",,"G",138,"A",,"G",138,"A",,1
191320,"A",,"A",,"R",3032,"A",,"G",126,"A",,"G",126,-2
191339,"R",133423,"A",,"A",,"G",4447,"A",,"G",4447,"A",,2
191384,"R",11790,"A",,"A",,"G",393,"A",,"G",393,"A",,2
191393,"R",31680,"A",,"A",,"G",1056,"A",,"G",1056,"A",,2
191515,"R",55590,"A",,"A",,"G",1853,"A",,"G",1853,"A",,2
191533,"R",44390,"A",,"A",,"G",1480,"A",,"G",1480,"A",,2
191597,"R",15791,"A",,"A",,"G",351,"A",,"G",351,"A",,2
191612,"R",90585,"A",,"A",,"G",3020,"A",,"G",3020,"A",,2
191621,"R",24247,"A",,"A",,"G",808,"A",,"G",808,"A",,2
191630,"R",67816,"A",,"R",288,"G",2261,"G",12,"R",2055,"R",8,2
191649,"R",249651,"A",,"R",71295,"G",8322,"G",2971,"R",7984,"R",3565,2
191676,"R",40263,"A",,"R",398,"G",1342,"G",17,"G",1342,"G",17,2
191719,"R",293047,"A",,"A",,"G",9768,"A",,"R",10085,"A",,2
191728,"A",,"R",924500,"A",,"G",1027,"A",,"G",1027,"A",,1
191764,"R",2853,"A",,"A",,"G",95,"A",,"G",95,"A",,2
191834,"A",,"R",550415,"A",,"G",612,"A",,"G",612,"A",,1
191931,"R",102130,"A",,"R",18340,"G",3404,"G",764,"G",3404,"G",764,2
191940,"A",,"R",77560,"A",,"G",86,"A",,"G",86,"A",,1
191959,"R",5526,"A",,"A",,"G",184,"A",,"G",184,"A",,2
191968,"R",193520,"A",,"R",15116,"G",6451,"G",630,"G",6451,"G",630,2
191986,"R",113543,"A",,"A",,"G",3785,"A",,"G",3785,"A",,2
192004,"R",16326,"A",,"A",,"G",363,"A",,"G",363,"A",,2
192022,"R",75258,"A",,"A",,"G",2509,"A",,"G",2509,"A",,2
192040,"R",5916,"A",,"R",7758,"G",197,"G",323,"G",197,"G",323,2
192110,"R",18994,"A",,"R",9226,"G",633,"G",384,"G",633,"G",384,2
192156,"R",35863,"A",,"A",,"G",797,"A",,"G",797,"A",,2
192165,"R",3360,"A",,"A",,"G",112,"A",,"G",112,"A",,2
192192,"R",40416,"R",6902,"R",3776,"G",1355,"G",157,"G",1355,"G",157,3
192244,"R",574,"A",,"R",96,"G",19,"G",4,"G",19,"G",4,2
192271,"R",45799,"A",,"R",1911,"G",1527,"G",80,"R",1320,"R",60,2
192323,"R",76960,"A",,"R",13980,"G",2565,"G",583,"G",2565,"G",583,2
192439,"R",141332,"A",,"R",57653,"G",4711,"G",2402,"G",4711,"G",2402,2
192448,"R",154735,"A",,"R",52706,"G",5158,"G",2196,"G",5158,"G",2196,2
192475,"R",5038,"A",,"A",,"G",168,"A",,"G",168,"A",,2
192484,"A",,"R",136158,"A",,"G",151,"A",,"G",151,"A",,1
192509,"R",52534,"A",,"A",,"G",1751,"A",,"G",1751,"A",,2
192536,"A",,"R",28000,"A",,"G",31,"A",,"G",31,"A",,1
192554,"A",,"A",,"R",9159,"A",,"G",382,"A",,"G",382,-2
192563,"R",776,"A",,"R",8920,"G",26,"G",372,"G",26,"G",372,2
192624,"R",3815,"A",,"A",,"G",127,"A",,"G",127,"A",,2
192688,"R",23881,"R",54285,"A",,"G",856,"A",,"G",856,"A",,3
192703,"R",92814,"A",,"R",6000,"G",3094,"G",250,"G",3094,"G",250,2
192712,"R",12381,"A",,"R",15954,"G",413,"G",665,"R",390,"R",532,2
192749,"R",55216,"A",,"R",20880,"G",1841,"G",870,"G",1841,"G",870,2
192785,"R",16715,"A",,"A",,"G",557,"A",,"G",557,"A",,2
192800,"A",,"R",35670,"A",,"G",40,"A",,"G",40,"A",,1
192819,"R",146394,"A",,"R",13403,"G",4880,"G",558,"G",4880,"G",558,2
192828,"A",,"R",51897,"A",,"G",58,"A",,"R",60,"A",,1
192864,"R",54129,"A",,"A",,"G",1804,"A",,"G",1804,"A",,2
192925,"R",48736,"A",,"R",30171,"G",1625,"G",1257,"G",1625,"G",1257,2
192961,"R",1713,"A",,"A",,"G",57,"A",,"G",57,"A",,2
192970,"A",,"R",20465,"A",,"G",23,"A",,"G",23,"A",,1
192998,"R",1320,"A",,"A",,"G",29,"A",,"G",29,"A",,2
193016,"R",129347,"A",,"R",65774,"G",4312,"G",2741,"R",4312,"R",3654,2
193052,"R",4312,"A",,"R",3388,"G",144,"G",141,"G",144,"G",141,2
193061,"R",1164,"A",,"R",195,"G",39,"G",8,"G",39,"G",8,2
193070,"R",1540,"A",,"R",700,"G",51,"G",29,"G",51,"G",29,2
193122,"A",,"R",141544,"A",,"G",157,"A",,"G",157,"A",,1
193186,"A",,"R",96234,"A",,"G",107,"A",,"G",107,"A",,1
193201,"R",26277,"A",,"A",,"G",876,"A",,"G",876,"A",,2
193247,"R",6357,"A",,"R",1428,"G",212,"G",60,"G",212,"G",60,2
193265,"A",,"R",109365,"A",,"G",122,"A",,"G",122,"A",,1
193283,"R",160105,"A",,"A",,"G",5337,"A",,"G",5337,"A",,2
193292,"R",87429,"A",,"R",12989,"G",2914,"G",541,"G",2914,"G",541,2
193308,"R",170269,"A",,"R",6333,"G",5676,"G",264,"G",5676,"G",264,2
193317,"R",73486,"A",,"R",5276,"G",2450,"G",220,"G",2450,"G",220,2
193326,"R",481451,"A",,"A",,"G",16048,"A",,"G",16048,"A",,2
193353,"R",57451,"A",,"R",8588,"G",1915,"G",358,"G",1915,"G",358,2
193380,"R",2624,"A",,"A",,"G",87,"A",,"G",87,"A",,2
193399,"R",43060,"A",,"R",7413,"G",1435,"G",309,"G",1435,"G",309,2
193405,"A",,"A",,"R",23085,"A",,"G",962,"A",,"G",962,-2
193478,"R",559813,"A",,"A",,"G",18660,"A",,"G",18660,"A",,2
193584,"R",62898,"A",,"R",23499,"G",2097,"G",979,"G",2097,"G",979,2
193609,"A",,"R",91640,"A",,"G",102,"A",,"G",102,"A",,1
193645,"R",110231,"A",,"R",16248,"G",3674,"G",677,"G",3674,"G",677,2
193654,"R",195201,"A",,"R",59335,"G",6507,"G",2472,"G",6507,"G",2472,2
193672,"A",,"R",67410,"A",,"G",75,"A",,"G",75,"A",,1
193751,"A",,"A",,"R",45814,"A",,"G",1909,"A",,"R",898,-2
193760,"A",,"R",1241700,"A",,"G",1380,"A",,"G",1380,"A",,1
193788,"A",,"R",655488,"A",,"G",728,"A",,"R",650,"A",,1
193821,"A",,"A",,"R",45752,"A",,"G",1906,"A",,"R",1775,-2
193830,"A",,"A",,"R",31979,"A",,"G",1332,"A",,"G",1332,-2
193858,"A",,"R",356655,"A",,"G",396,"A",,"G",396,"A",,1
193894,"A",,"A",,"R",4990,"A",,"G",208,"A",,"G",208,-2
193900,"R",703712,"A",,"R",507774,"G",23457,"G",21157,"G",23457,"G",21157,2
193946,"R",159911,"A",,"A",,"G",5330,"A",,"G",5330,"A",,2
193973,"R",90813,"A",,"R",19806,"G",3027,"G",825,"G",3027,"G",825,2
193991,"A",,"R",34746,"A",,"G",39,"A",,"G",39,"A",,1
194028,"R",39403,"A",,"A",,"G",1313,"A",,"G",1313,"A",,2
194073,"A",,"A",,"R",15676,"A",,"G",653,"A",,"R",392,-2
194091,"R",201419,"A",,"R",107280,"G",6714,"G",4470,"G",6714,"G",4470,2
194116,"R",10464,"A",,"R",1581,"G",349,"G",66,"G",349,"G",66,2
194161,"R",56609,"A",,"R",21005,"G",1887,"G",875,"G",1887,"G",875,2
194189,"R",3591,"A",,"A",,"G",120,"A",,"G",120,"A",,2
194204,"R",2470,"A",,"A",,"G",82,"A",,"G",82,"A",,2
194222,"R",246125,"A",,"A",,"G",8204,"A",,"G",8204,"A",,2
194240,"R",142078,"A",,"A",,"G",4736,"A",,"G",4736,"A",,2
194259,"A",,"R",58996,"A",,"G",66,"A",,"G",66,"A",,1
194310,"R",227033,"A",,"R",67406,"G",7568,"G",2809,"G",7568,"G",2809,2
194392,"R",27328,"A",,"A",,"G",911,"A",,"G",911,"A",,2
194435,"A",,"R",122087,"A",,"G",136,"A",,"G",136,"A",,1
194453,"A",,"R",119495,"A",,"G",133,"A",,"R",141,"A",,1
194499,"R",34770,"A",,"A",,"G",1159,"A",,"G",1159,"A",,2
194541,"R",54341,"A",,"R",40374,"G",1811,"G",1682,"G",1811,"G",1682,2
194569,"R",6878,"A",,"A",,"G",229,"A",,"G",229,"A",,2
194578,"R",92604,"A",,"R",34299,"G",3087,"G",1429,"G",3087,"G",1429,2
194611,"R",35974,"A",,"A",,"G",1199,"A",,"G",1199,"A",,2
194657,"R",5160,"A",,"R",3300,"G",172,"G",138,"G",172,"G",138,2
194666,"R",6960,"A",,"R",1590,"G",232,"G",66,"G",232,"G",66,2
194675,"R",1380,"A",,"R",312,"G",46,"G",13,"G",46,"G",13,2
194693,"R",1146,"A",,"A",,"G",38,"A",,"G",38,"A",,2
194718,"R",1740,"A",,"R",60,"G",58,"G",3,"G",58,"G",3,2
194736,"R",2313,"A",,"A",,"G",77,"A",,"G",77,"A",,2
194763,"R",7377,"A",,"R",7003,"G",246,"G",292,"G",246,"G",292,2
194824,"R",182436,"A",,"R",26969,"G",6081,"G",1124,"G",6081,"G",1124,2
194879,"A",,"R",178500,"A",,"G",198,"A",,"G",198,"A",,1
194958,"R",39684,"A",,"R",11291,"G",1323,"G",470,"G",1323,"G",470,2
194967,"R",61131,"A",,"A",,"G",1358,"A",,"R",1698,"A",,2
195003,"R",530763,"A",,"R",59238,"G",11795,"G",1646,"G",11795,"G",1646,2
195030,"R",185511,"A",,"R",82047,"G",6184,"G",3419,"G",6184,"G",3419,2
195049,"A",,"A",,"R",1290,"A",,"G",54,"A",,"R",215,-2
195058,"R",176540,"A",,"A",,"G",5885,"A",,"G",5885,"A",,2
195067,"A",,"R",945803,"A",,"G",1051,"A",,"R",946,"A",,1
195128,"R",40499,"A",,"R",21673,"G",1350,"G",903,"G",1350,"G",903,2
195155,"A",,"A",,"R",1279,"A",,"G",53,"A",,"R",71,-2
195164,"R",56741,"A",,"R",10963,"G",1891,"G",457,"G",1891,"G",457,2
195173,"R",67656,"A",,"R",438,"G",2255,"G",18,"G",2255,"G",18,2
195191,"R",6370,"A",,"A",,"G",212,"A",,"G",212,"A",,2
195216,"R",69783,"A",,"R",2022,"G",2326,"G",84,"R",2260,"R",60,2
195234,"R",88481,"A",,"R",37282,"G",2949,"G",1553,"G",2949,"G",1553,2
195243,"R",43057,"A",,"R",4228,"G",1435,"G",176,"G",1435,"G",176,2
195289,"R",3027,"A",,"A",,"G",101,"A",,"G",101,"A",,2
195304,"R",39405,"A",,"R",8097,"G",1314,"G",337,"G",1314,"G",337,2
195322,"R",99344,"A",,"A",,"G",3311,"A",,"G",3311,"A",,2
195429,"A",,"A",,"R",1894,"A",,"G",79,"A",,"G",79,-2
195438,"R",7320,"A",,"R",312,"G",244,"G",13,"G",244,"G",13,2
195474,"R",93534,"A",,"R",679,"G",3118,"G",28,"G",3118,"G",28,2
195492,"R",1468,"A",,"A",,"G",49,"A",,"G",49,"A",,2
195526,"R",76251,"A",,"R",379,"G",2542,"G",16,"G",2542,"G",16,2
195544,"R",131181,"A",,"R",9128,"G",4373,"G",380,"G",4373,"G",380,2
195571,"A",,"A",,"R",2050,"A",,"G",85,"A",,"G",85,-2
195580,"A",,"A",,"R",1720,"A",,"G",72,"A",,"G",72,-2
195623,"A",,"R",12240,"A",,"G",14,"A",,"G",14,"A",,1
195669,"A",,"R",61435,"A",,"G",68,"A",,"G",68,"A",,1
195687,"R",5265,"A",,"A",,"G",176,"A",,"G",176,"A",,2
195702,"A",,"R",25968,"A",,"G",29,"A",,"G",29,"A",,1
195720,"R",81845,"A",,"R",23714,"G",2728,"G",988,"G",2728,"G",988,2
195784,"R",3960,"A",,"A",,"G",132,"A",,"G",132,"A",,2
195793,"R",1869,"A",,"A",,"G",62,"A",,"R",28,"A",,2
195809,"R",392723,"A",,"R",104921,"G",13091,"G",4372,"G",13091,"G",4372,2
195845,"R",19509,"A",,"A",,"G",650,"A",,"G",650,"A",,2
195924,"A",,"R",368300,"A",,"G",409,"A",,"G",409,"A",,1
195933,"A",,"R",953660,"A",,"G",1060,"A",,"G",1060,"A",,1
195988,"R",39761,"A",,"A",,"G",1325,"A",,"G",1325,"A",,2
196006,"R",102435,"A",,"A",,"G",3415,"A",,"G",3415,"A",,2
196015,"R",84467,"A",,"A",,"G",2816,"A",,"G",2816,"A",,2
196024,"R",84858,"A",,"A",,"G",2829,"A",,"G",2829,"A",,2
196033,"R",77192,"A",,"A",,"G",2573,"A",,"G",2573,"A",,2
196042,"R",182267,"A",,"A",,"G",6076,"A",,"G",6076,"A",,2
196051,"R",93206,"A",,"A",,"G",3107,"A",,"G",3107,"A",,2
196060,"R",393291,"A",,"R",71720,"G",13110,"G",2988,"G",13110,"G",2988,2
196079,"R",373065,"A",,"R",48390,"G",12436,"G",2016,"G",12436,"G",2016,2
196088,"R",593687,"A",,"R",211818,"G",19790,"G",8826,"G",19790,"G",8826,2
196097,"R",505893,"A",,"R",153492,"G",16863,"G",6396,"G",16863,"G",6396,2
196103,"R",50774,"A",,"R",8595,"G",1692,"G",358,"G",1692,"G",358,2
196112,"R",54712,"A",,"R",6857,"G",1824,"G",286,"G",1824,"G",286,2
196121,"R",203335,"A",,"R",19044,"G",6778,"G",794,"G",6778,"G",794,2
196130,"R",276867,"A",,"R",27396,"G",9229,"G",1142,"G",9229,"G",1142,2
196149,"R",184727,"A",,"R",19878,"G",6158,"G",828,"G",6158,"G",828,2
196158,"R",159638,"A",,"R",7416,"G",5321,"G",309,"G",5321,"G",309,2
196167,"R",161414,"A",,"R",4813,"G",5380,"G",201,"G",5380,"G",201,2
196176,"R",194116,"A",,"R",23038,"G",6471,"G",960,"G",6471,"G",960,2
196185,"R",175910,"A",,"R",2583,"G",5864,"G",108,"R",5646,"R",111,2
196194,"R",209682,"A",,"R",17309,"G",6989,"G",721,"G",6989,"G",721,2
196200,"R",117946,"A",,"R",11583,"G",3932,"G",483,"G",3932,"G",483,2
196219,"R",128176,"A",,"R",3123,"G",4273,"G",130,"G",4273,"G",130,2
196228,"A",,"A",,"R",9183,"A",,"G",255,"A",,"G",255,-2
196237,"R",111748,"A",,"R",1456,"G",3725,"G",61,"G",3725,"G",61,2
196246,"R",176127,"A",,"R",10081,"G",5871,"G",420,"G",5871,"G",420,2
196255,"R",11157,"A",,"R",43036,"G",372,"G",1793,"G",372,"G",1793,2
196264,"R",259748,"A",,"R",11990,"G",8658,"G",500,"G",8658,"G",500,2
196291,"R",55947,"A",,"R",3754,"G",1865,"G",156,"G",1865,"G",156,2
196307,"R",8095,"A",,"R",37055,"G",270,"G",1544,"G",270,"G",1544,2
196389,"R",20731,"A",,"R",1334,"G",691,"G",56,"G",691,"G",56,2
196413,"R",459861,"A",,"R",103342,"G",15329,"G",4306,"G",15329,"G",4306,2
196431,"R",9717,"A",,"A",,"G",324,"A",,"G",324,"A",,2
196440,"R",861,"A",,"R",179,"G",29,"G",7,"G",29,"G",7,2
196468,"A",,"A",,"R",90599,"A",,"G",3775,"A",,"G",3775,-2
196477,"R",179819,"A",,"A",,"G",5994,"A",,"G",5994,"A",,2
196565,"R",119271,"A",,"A",,"G",3976,"A",,"G",3976,"A",,2
196583,"R",5721,"A",,"A",,"G",191,"A",,"G",191,"A",,2
196592,"R",258697,"A",,"R",146677,"G",8623,"G",6112,"G",8623,"G",6112,2
196653,"R",28668,"A",,"A",,"G",956,"A",,"G",956,"A",,2
196680,"R",81274,"A",,"R",8476,"G",2709,"G",353,"R",11229,"R",353,2
196699,"R",69125,"A",,"A",,"G",2304,"A",,"G",2304,"A",,2
196857,"A",,"R",2232878,"A",,"G",2481,"A",,"G",2481,"A",,1
196866,"R",60447,"A",,"A",,"G",2015,"A",,"G",2015,"A",,2
196884,"A",,"A",,"R",5328,"A",,"G",222,"A",,"G",222,-2
197018,"R",36384,"A",,"R",3840,"G",1213,"G",160,"G",1213,"G",160,2
197027,"R",42557,"A",,"R",207,"G",1419,"G",9,"G",1419,"G",9,2
197036,"R",170050,"A",,"A",,"G",5668,"A",,"R",4686,"A",,2
197045,"R",66798,"A",,"R",13651,"G",2227,"G",569,"G",2227,"G",569,2
197081,"R",14062,"R",5625,"A",,"G",475,"A",,"G",475,"A",,3
197133,"R",74998,"A",,"R",4,"G",2500,"R",0,"G",2500,"Z",0,2
197142,"R",12663,"A",,"A",,"G",422,"A",,"R",505,"A",,2
197151,"R",100717,"A",,"R",14717,"G",3357,"G",613,"R",3357,"R",491,2
197197,"R",54547,"A",,"R",7952,"G",1818,"G",331,"R",1831,"R",322,2
197221,"R",3249,"A",,"A",,"G",108,"A",,"G",108,"A",,2
197230,"R",16978,"A",,"A",,"G",566,"A",,"G",566,"A",,2
197285,"R",63630,"A",,"A",,"G",2121,"A",,"G",2121,"A",,2
197294,"R",311992,"A",,"A",,"G",10400,"A",,"G",10400,"A",,2
197337,"A",,"R",89297,"A",,"G",99,"A",,"R",87,"A",,1
197522,"A",,"R",438650,"A",,"G",487,"A",,"R",498,"A",,1
197531,"A",,"R",534280,"A",,"G",594,"A",,"G",594,"A",,1
197601,"R",2491,"A",,"A",,"G",83,"A",,"G",83,"A",,2
197610,"R",2736,"A",,"R",540,"G",91,"G",23,"G",91,"G",23,2
197647,"R",3345,"A",,"R",1620,"G",112,"G",68,"G",112,"G",68,2
197674,"R",5936,"A",,"R",475,"G",198,"G",20,"G",198,"G",20,2
197692,"R",2739,"A",,"R",706,"G",91,"G",29,"G",91,"G",29,2
197708,"R",80460,"A",,"R",77673,"G",2682,"G",3236,"R",2550,"R",2892,2
197735,"R",10192,"A",,"R",3584,"G",340,"G",149,"G",340,"G",149,2
197744,"R",6100,"A",,"R",1280,"G",203,"G",53,"G",203,"G",53,2
197814,"R",57208,"A",,"A",,"G",1907,"A",,"G",1907,"A",,2
197832,"R",50177,"A",,"A",,"G",1115,"A",,"G",1115,"A",,2
197850,"R",60929,"A",,"A",,"G",2031,"A",,"G",2031,"A",,2
197869,"R",447412,"A",,"R",38888,"G",14914,"G",1620,"G",14914,"G",1620,2
197887,"R",192570,"A",,"A",,"G",6419,"A",,"G",6419,"A",,2
197911,"R",31464,"A",,"A",,"G",1049,"A",,"G",1049,"A",,2
197966,"R",52950,"A",,"A",,"G",1765,"A",,"G",1765,"A",,2
197984,"R",46133,"A",,"A",,"G",1538,"A",,"G",1538,"A",,2
197993,"R",21932,"A",,"A",,"G",731,"A",,"G",731,"A",,2
198011,"R",45348,"A",,"A",,"G",1512,"A",,"R",1520,"A",,2
198039,"R",65220,"A",,"A",,"G",2174,"A",,"G",2174,"A",,2
198066,"R",19138,"A",,"A",,"G",638,"A",,"G",638,"A",,2
198075,"A",,"R",220500,"A",,"G",245,"A",,"G",245,"A",,1
198084,"R",51478,"A",,"A",,"G",1716,"A",,"G",1716,"A",,2
198109,"R",9641,"A",,"A",,"G",321,"A",,"G",321,"A",,2
198118,"R",133590,"A",,"A",,"G",4453,"A",,"G",4453,"A",,2
198136,"R",126913,"A",,"R",41662,"G",4230,"G",1736,"G",4230,"G",1736,2
198154,"R",258000,"A",,"A",,"G",8600,"A",,"G",8600,"A",,2
198190,"A",,"R",76146,"A",,"G",85,"A",,"G",85,"A",,1
198206,"R",45720,"A",,"A",,"G",1524,"A",,"G",1524,"A",,2
198215,"R",37250,"A",,"R",348,"G",1242,"G",15,"G",1242,"G",15,2
198233,"R",163759,"A",,"A",,"G",5459,"A",,"G",5459,"A",,2
198242,"R",13899,"A",,"A",,"G",309,"A",,"G",309,"A",,2
198251,"R",113926,"A",,"A",,"G",3798,"A",,"R",4349,"A",,2
198260,"R",476615,"A",,"A",,"G",15887,"A",,"G",15887,"A",,2
198303,"R",29198,"A",,"A",,"G",973,"A",,"G",973,"A",,2
198321,"R",104084,"A",,"A",,"G",3469,"A",,"G",3469,"A",,2
198330,"R",123643,"A",,"A",,"G",4121,"A",,"R",4624,"A",,2
198367,"R",112266,"A",,"A",,"G",3742,"A",,"G",3742,"A",,2
198376,"R",115170,"A",,"A",,"G",3839,"A",,"G",3839,"A",,2
198385,"R",55872,"A",,"A",,"G",1862,"A",,"R",1873,"A",,2
198419,"R",239747,"A",,"R",171143,"G",7992,"G",7131,"G",7992,"G",7131,2
198455,"R",121312,"A",,"A",,"G",4044,"A",,"G",4044,"A",,2
198464,"R",616757,"A",,"R",113404,"G",20559,"G",4725,"G",20559,"G",4725,2
198491,"R",86851,"A",,"A",,"G",2895,"A",,"G",2895,"A",,2
198507,"R",102976,"A",,"R",1116,"G",3433,"G",47,"G",3433,"G",47,2
198516,"R",174603,"A",,"R",19922,"G",5820,"G",830,"G",5820,"G",830,2
198525,"A",,"R",90120,"A",,"G",100,"A",,"G",100,"A",,1
198534,"R",321364,"A",,"A",,"G",10712,"A",,"G",10712,"A",,2
198543,"R",149480,"A",,"R",11518,"G",4983,"G",480,"G",4983,"G",480,2
198552,"R",209435,"A",,"A",,"G",6981,"A",,"G",6981,"A",,2
198561,"R",77643,"A",,"R",19822,"G",2588,"G",826,"G",2588,"G",826,2
198570,"R",127935,"A",,"A",,"G",4265,"A",,"G",4265,"A",,2
198598,"R",30697,"A",,"R",971,"G",1023,"G",40,"G",1023,"G",40,2
198613,"R",84003,"A",,"A",,"G",2800,"A",,"G",2800,"A",,2
198622,"R",371790,"A",,"A",,"G",12393,"A",,"G",12393,"A",,2
198631,"A",,"R",115500,"A",,"G",128,"A",,"G",128,"A",,1
198640,"R",45488,"A",,"A",,"G",1516,"A",,"G",1516,"A",,2
198668,"R",78075,"A",,"A",,"G",2603,"A",,"G",2603,"A",,2
198677,"R",1596,"A",,"A",,"G",53,"A",,"G",53,"A",,2
198695,"R",93800,"A",,"R",4091,"G",3127,"G",170,"G",3127,"G",170,2
198710,"R",81960,"A",,"A",,"G",2732,"A",,"G",2732,"A",,2
198729,"R",37653,"A",,"A",,"G",1255,"A",,"G",1255,"A",,2
198747,"R",2539,"A",,"A",,"G",85,"A",,"G",85,"A",,2
198756,"R",42694,"A",,"A",,"G",1423,"A",,"G",1423,"A",,2
198774,"R",121290,"A",,"A",,"G",4043,"A",,"G",4043,"A",,2
198808,"R",27120,"A",,"A",,"G",904,"A",,"G",904,"A",,2
198817,"R",76809,"A",,"A",,"G",2560,"A",,"G",2560,"A",,2
198835,"R",53660,"A",,"R",5141,"G",1789,"G",214,"G",1789,"G",214,2
198844,"A",,"R",168300,"A",,"G",187,"A",,"G",187,"A",,1
198862,"R",32688,"A",,"A",,"G",1090,"A",,"G",1090,"A",,2
198871,"R",18221,"A",,"A",,"G",607,"A",,"G",607,"A",,2
198899,"R",36572,"A",,"A",,"G",1219,"A",,"G",1219,"A",,2
198905,"R",17899,"A",,"A",,"G",597,"A",,"G",597,"A",,2
198914,"R",36597,"A",,"A",,"G",1220,"A",,"G",1220,"A",,2
198923,"R",45564,"A",,"A",,"G",1519,"A",,"G",1519,"A",,2
198941,"R",3873,"A",,"A",,"G",129,"A",,"G",129,"A",,2
198950,"R",55639,"A",,"R",4235,"G",1855,"G",176,"G",1855,"G",176,2
198969,"R",57426,"A",,"R",5742,"G",1914,"G",239,"R",1914,"R",160,2
198978,"R",46452,"A",,"A",,"G",1032,"A",,"G",1032,"A",,2
198987,"R",79800,"A",,"A",,"G",2660,"A",,"G",2660,"A",,2
198996,"A",,"R",10500,"A",,"G",12,"A",,"G",12,"A",,1
199005,"A",,"R",46500,"A",,"G",52,"A",,"G",52,"A",,1
199014,"A",,"R",9520,"A",,"G",11,"A",,"G",11,"A",,1
199023,"R",30938,"A",,"A",,"G",1031,"A",,"G",1031,"A",,2
199032,"R",25788,"A",,"R",5268,"G",860,"G",220,"G",860,"G",220,2
199069,"R",116247,"A",,"A",,"G",3875,"A",,"G",3875,"A",,2
199078,"A",,"R",64358,"A",,"G",72,"A",,"G",72,"A",,1
199087,"R",71462,"A",,"A",,"G",2382,"A",,"G",2382,"A",,2
199102,"R",271426,"A",,"R",29075,"G",9048,"G",1211,"G",9048,"G",1211,2
199111,"R",102325,"A",,"R",452,"G",3411,"G",19,"G",3411,"G",19,2
199120,"R",541201,"A",,"R",255395,"G",18040,"G",10641,"G",18040,"G",10641,2
199139,"R",541715,"A",,"R",79563,"G",18057,"G",3315,"G",18057,"G",3315,2
199148,"R",435193,"A",,"R",61723,"G",14506,"G",2572,"G",14506,"G",2572,2
199157,"R",191415,"A",,"R",43313,"G",6381,"G",1805,"G",6381,"G",1805,2
199184,"R",27792,"A",,"R",3284,"G",926,"G",137,"G",926,"G",137,2
199193,"R",727574,"A",,"R",142714,"G",24252,"G",5946,"G",24252,"G",5946,2
199209,"R",39068,"A",,"A",,"G",1302,"A",,"G",1302,"A",,2
199218,"R",338180,"A",,"R",21969,"G",11273,"G",915,"G",11273,"G",915,2
199263,"R",13078,"A",,"A",,"G",436,"A",,"G",436,"A",,2
199272,"R",22517,"A",,"A",,"G",751,"A",,"R",694,"A",,2
199281,"R",165422,"A",,"R",10963,"G",5514,"G",457,"G",5514,"G",457,2
199306,"R",30426,"A",,"R",15419,"G",1014,"G",642,"G",1014,"G",642,2
199315,"R",7391,"A",,"R",1327,"G",246,"G",55,"G",246,"G",55,2
199324,"R",60043,"A",,"A",,"G",2001,"A",,"G",2001,"A",,2
199333,"R",218466,"A",,"A",,"G",7282,"A",,"G",7282,"A",,2
199412,"R",51916,"A",,"R",11185,"G",1731,"G",466,"G",1731,"G",466,2
199421,"R",77234,"A",,"A",,"G",2574,"A",,"G",2574,"A",,2
199449,"R",51180,"A",,"A",,"G",1706,"A",,"G",1706,"A",,2
199458,"R",4177,"A",,"A",,"G",139,"A",,"G",139,"A",,2
199467,"R",19096,"A",,"A",,"G",637,"A",,"G",637,"A",,2
199476,"R",48877,"R",55395,"A",,"G",1691,"A",,"G",1691,"A",,3
199485,"R",66176,"A",,"A",,"G",2206,"A",,"G",2206,"A",,2
199494,"R",192531,"A",,"A",,"G",6418,"A",,"G",6418,"A",,2
199582,"R",45213,"A",,"A",,"G",1507,"A",,"G",1507,"A",,2
199607,"R",24479,"A",,"R",3288,"G",816,"G",137,"G",816,"G",137,2
199625,"R",35077,"A",,"A",,"G",1169,"A",,"G",1169,"A",,2
199634,"R",118151,"A",,"A",,"G",3938,"A",,"G",3938,"A",,2
199643,"R",67816,"A",,"R",3818,"G",2261,"G",159,"R",2826,"R",212,2
199689,"A",,"R",151730,"A",,"G",169,"A",,"G",169,"A",,1
199698,"R",16514,"A",,"A",,"G",550,"A",,"G",550,"A",,2
199713,"A",,"R",289774,"A",,"G",322,"A",,"R",189,"A",,1
199722,"R",66499,"A",,"A",,"G",2217,"A",,"G",2217,"A",,2
199731,"R",65430,"A",,"A",,"G",2181,"A",,"G",2181,"A",,2
199740,"R",80765,"A",,"A",,"G",2692,"A",,"G",2692,"A",,2
199768,"R",90680,"A",,"A",,"G",3023,"A",,"G",3023,"A",,2
199786,"R",133495,"A",,"A",,"G",4450,"A",,"G",4450,"A",,2
199795,"R",29702,"A",,"A",,"G",990,"A",,"G",990,"A",,2
199838,"R",114239,"A",,"A",,"G",3808,"A",,"G",3808,"A",,2
199847,"R",132651,"A",,"R",52524,"G",4422,"G",2189,"R",4467,"R",2397,2
199856,"R",385710,"A",,"A",,"G",12857,"A",,"G",12857,"A",,2
199865,"R",29148,"A",,"R",1500,"G",972,"G",63,"G",972,"G",63,2
199883,"R",4187,"A",,"A",,"G",140,"A",,"G",140,"A",,2
199892,"R",99450,"A",,"A",,"G",3315,"A",,"G",3315,"A",,2
199908,"R",69365,"A",,"A",,"G",2312,"A",,"G",2312,"A",,2
199926,"R",76750,"A",,"A",,"G",2558,"A",,"G",2558,"A",,2
199953,"R",75200,"A",,"A",,"G",2507,"A",,"G",2507,"A",,2
199962,"R",44729,"A",,"R",18635,"G",1491,"G",776,"G",1491,"G",776,2
199971,"R",1317,"A",,"A",,"G",44,"A",,"G",44,"A",,2
199980,"A",,"R",76000,"A",,"G",84,"A",,"G",84,"A",,1
199999,"R",175800,"A",,"R",10340,"G",5860,"G",431,"G",5860,"G",431,2
200004,"R",209979,"A",,"R",34573,"G",6999,"G",1441,"G",6999,"G",1441,2
200013,"R",80828,"A",,"A",,"G",1796,"A",,"G",1796,"A",,2
200022,"R",98758,"A",,"A",,"G",3292,"A",,"G",3292,"A",,2
200059,"R",63877,"A",,"A",,"G",2129,"A",,"G",2129,"A",,2
200086,"R",6940,"A",,"A",,"G",231,"A",,"G",231,"A",,2
200110,"A",,"R",87000,"A",,"G",97,"A",,"G",97,"A",,1
200129,"A",,"R",55683,"A",,"G",62,"A",,"G",62,"A",,1
200156,"R",30972,"A",,"A",,"G",1032,"A",,"G",1032,"A",,2
200165,"A",,"R",160000,"A",,"G",178,"A",,"G",178,"A",,1
200192,"R",29605,"A",,"A",,"G",987,"A",,"G",987,"A",,2
200208,"R",5960,"A",,"A",,"G",199,"A",,"G",199,"A",,2
200217,"R",62218,"A",,"R",24602,"G",2074,"G",1025,"G",2074,"G",1025,2
200226,"R",20668,"A",,"A",,"G",689,"A",,"G",689,"A",,2
200244,"R",3021,"A",,"A",,"G",101,"A",,"G",101,"A",,2
200253,"R",82522,"A",,"R",6394,"G",2751,"G",266,"G",2751,"G",266,2
200262,"A",,"R",22500,"A",,"G",25,"A",,"R",25,"A",,1
200280,"R",290750,"A",,"R",64469,"G",9692,"G",2686,"G",9692,"G",2686,2
200305,"R",62247,"A",,"A",,"G",2075,"A",,"G",2075,"A",,2
200314,"R",14769,"A",,"A",,"G",492,"A",,"G",492,"A",,2
200332,"R",337134,"A",,"R",47088,"G",11238,"G",1962,"G",11238,"G",1962,2
200341,"R",17658,"A",,"A",,"G",589,"A",,"G",589,"A",,2
200387,"A",,"R",109500,"A",,"G",122,"A",,"G",122,"A",,1
200466,"R",7182,"A",,"A",,"G",239,"A",,"G",239,"A",,2
200484,"R",7607,"A",,"A",,"G",254,"A",,"G",254,"A",,2
200527,"R",19822,"A",,"A",,"G",661,"A",,"G",661,"A",,2
200554,"R",18548,"A",,"A",,"G",618,"A",,"G",618,"A",,2
200572,"R",24565,"A",,"R",1772,"G",819,"G",74,"G",819,"G",74,2
200590,"R",9120,"A",,"A",,"G",304,"A",,"G",304,"A",,2
200624,"R",3840,"A",,"A",,"G",85,"A",,"G",85,"A",,2
200633,"R",14951,"A",,"A",,"G",332,"A",,"G",332,"A",,2
200697,"A",,"A",,"R",30603,"A",,"G",850,"A",,"G",850,-2
200785,"R",33430,"A",,"A",,"G",1114,"A",,"G",1114,"A",,2
200800,"R",564278,"A",,"R",91957,"G",18809,"G",3832,"G",18809,"G",3832,2
200828,"A",,"R",64610,"A",,"G",72,"A",,"G",72,"A",,1
200846,"R",42257,"A",,"A",,"G",1409,"A",,"G",1409,"A",,2
200873,"R",1438,"A",,"A",,"G",48,"A",,"G",48,"A",,2
201016,"R",17619,"A",,"A",,"G",392,"A",,"G",392,"A",,2
201034,"A",,"R",286670,"A",,"G",319,"A",,"G",319,"A",,1
201061,"R",5775,"A",,"R",129,"G",193,"G",5,"G",193,"G",5,2
201098,"A",,"R",95340,"A",,"G",106,"A",,"R",156,"A",,1
201104,"R",81274,"A",,"R",65752,"G",2709,"G",2740,"G",2709,"G",2740,2
201131,"A",,"R",112580,"A",,"G",125,"A",,"G",125,"A",,1
201140,"R",1774,"A",,"R",1908,"G",39,"G",53,"G",39,"G",53,2
201159,"A",,"R",177300,"A",,"G",197,"A",,"G",197,"A",,1
201177,"R",5206,"A",,"A",,"G",174,"A",,"G",174,"A",,2
201195,"R",102256,"A",,"R",11916,"G",3409,"G",497,"G",3409,"G",497,2
201283,"R",84496,"A",,"A",,"G",1878,"A",,"G",1878,"A",,2
201371,"R",28408,"A",,"R",2309,"G",947,"G",96,"G",947,"G",96,2
201399,"R",27479,"A",,"A",,"G",611,"A",,"G",611,"A",,2
201432,"R",52141,"A",,"R",18,"G",1738,"G",1,"G",1738,"G",1,2
201441,"R",422203,"A",,"R",66192,"G",14073,"G",2758,"G",14073,"G",2758,2
201469,"R",26009,"A",,"A",,"G",867,"A",,"G",867,"A",,2
201478,"A",,"R",154700,"A",,"G",172,"A",,"G",172,"A",,1
201496,"A",,"R",420030,"A",,"G",467,"A",,"G",467,"A",,1
201539,"A",,"R",195114,"A",,"G",217,"A",,"G",217,"A",,1
201548,"R",80188,"A",,"R",21974,"G",2673,"G",916,"G",2673,"G",916,2
201584,"A",,"R",61500,"A",,"G",68,"A",,"G",68,"A",,1
201609,"A",,"R",57164,"A",,"G",64,"A",,"G",64,"A",,1
201618,"A",,"R",39202,"A",,"G",44,"A",,"G",44,"A",,1
201627,"A",,"R",69225,"A",,"G",77,"A",,"G",77,"A",,1
201645,"R",131677,"A",,"R",93571,"G",4389,"G",3899,"G",4389,"G",3899,2
201654,"R",93405,"A",,"R",798,"G",3114,"G",33,"G",3114,"G",33,2
201672,"R",160960,"A",,"A",,"G",3577,"A",,"G",3577,"A",,2
201681,"A",,"R",151280,"A",,"G",168,"A",,"G",168,"A",,1
201690,"R",70097,"A",,"R",577,"G",2337,"G",24,"G",2337,"G",24,2
201751,"R",6707,"A",,"A",,"G",224,"A",,"G",224,"A",,2
201803,"A",,"R",201500,"A",,"G",224,"A",,"G",224,"A",,1
201821,"R",8088,"A",,"A",,"G",270,"A",,"G",270,"A",,2
201858,"R",21089,"A",,"R",4332,"G",703,"G",181,"G",703,"G",181,2
201867,"R",6915,"A",,"A",,"G",154,"A",,"R",165,"A",,2
201885,"R",879524,"A",,"R",317829,"G",19545,"G",8829,"G",19545,"G",8829,2
201928,"R",447312,"A",,"A",,"G",9940,"A",,"G",9940,"A",,2
201946,"R",130473,"A",,"R",429,"G",2899,"G",12,"G",2899,"G",12,2
201955,"R",153354,"A",,"R",1038,"G",3408,"G",29,"G",3408,"G",29,2
201964,"R",27856,"A",,"R",87,"G",929,"G",4,"G",929,"G",4,2
201973,"R",152985,"A",,"A",,"G",3400,"A",,"G",3400,"A",,2
201982,"A",,"R",59347,"A",,"G",66,"A",,"G",66,"A",,1
202046,"R",15770,"A",,"A",,"G",526,"A",,"G",526,"A",,2
202055,"A",,"R",392400,"A",,"G",436,"A",,"G",436,"A",,1
202064,"R",12002,"R",333563,"A",,"G",771,"A",,"G",771,"A",,3
202073,"R",7680,"A",,"R",5184,"G",256,"G",216,"G",256,"G",216,2
202134,"R",282081,"A",,"R",107887,"G",9403,"G",4495,"G",9403,"G",4495,2
202152,"A",,"R",276500,"A",,"G",307,"A",,"G",307,"A",,1
202161,"R",34026,"A",,"A",,"G",1134,"A",,"R",990,"A",,2
202170,"R",37782,"A",,"A",,"G",1259,"A",,"G",1259,"A",,2
202189,"R",25141,"A",,"A",,"G",838,"A",,"G",838,"A",,2
202222,"R",980844,"A",,"A",,"G",21797,"A",,"G",21797,"A",,2
202268,"R",4660,"A",,"A",,"G",155,"A",,"G",155,"A",,2
202356,"R",602810,"A",,"A",,"G",20094,"A",,"G",20094,"A",,2
202435,"R",19797,"A",,"A",,"G",440,"A",,"G",440,"A",,2
202453,"A",,"R",94500,"A",,"G",105,"A",,"G",105,"A",,1
202480,"R",219554,"A",,"R",65935,"G",7318,"G",2747,"G",7318,"G",2747,2
202514,"R",27148,"A",,"R",1548,"G",905,"G",65,"G",905,"G",65,2
202523,"R",67798,"A",,"A",,"G",2260,"A",,"G",2260,"A",,2
202541,"R",134009,"A",,"R",18829,"G",4467,"G",785,"R",3722,"R",697,2
202611,"R",10167,"A",,"R",2706,"G",339,"G",113,"G",339,"G",113,2
202639,"A",,"R",124580,"A",,"G",138,"A",,"G",138,"A",,1
202648,"R",70005,"A",,"R",21,"G",2334,"G",1,"G",2334,"G",1,2
202657,"A",,"R",290593,"A",,"G",323,"A",,"G",323,"A",,1
202684,"R",23361,"A",,"A",,"G",779,"A",,"G",779,"A",,2
202736,"A",,"R",122985,"A",,"G",137,"A",,"G",137,"A",,1
202763,"R",97677,"A",,"R",28855,"G",3256,"G",1202,"G",3256,"G",1202,2
202806,"R",167145,"A",,"R",18831,"G",5572,"G",785,"G",5572,"G",785,2
202888,"A",,"R",60900,"A",,"G",68,"A",,"G",68,"A",,1
202903,"R",7378,"A",,"A",,"G",246,"A",,"G",246,"A",,2
202912,"R",6420,"A",,"A",,"G",214,"A",,"G",214,"A",,2
202949,"A",,"R",364874,"A",,"G",405,"A",,"G",405,"A",,1
202985,"A",,"R",66526,"A",,"G",74,"A",,"R",74,"A",,1
203030,"A",,"R",189101,"A",,"G",210,"A",,"G",210,"A",,1
203049,"A",,"A",,"R",3400,"A",,"G",142,"A",,"R",89,-2
203067,"A",,"A",,"R",3805,"A",,"G",159,"A",,"R",134,-2
203076,"A",,"A",,"R",2963,"A",,"G",123,"A",,"G",123,-2
203085,"R",38064,"A",,"R",3540,"G",1269,"G",148,"G",1269,"G",148,2
203128,"R",40399,"A",,"R",580,"G",1347,"G",24,"G",1347,"G",24,2
203146,"A",,"R",357525,"A",,"G",397,"A",,"G",397,"A",,1
203155,"R",220574,"A",,"A",,"G",4902,"A",,"G",4902,"A",,2
203164,"R",8385,"A",,"A",,"G",280,"A",,"G",280,"A",,2
203225,"R",10323,"A",,"A",,"G",344,"A",,"G",344,"A",,2
203234,"A",,"R",213840,"A",,"G",238,"A",,"G",238,"A",,1
203289,"R",4524,"A",,"A",,"G",151,"A",,"G",151,"A",,2
203313,"R",23456,"A",,"A",,"G",521,"A",,"G",521,"A",,2
203331,"R",46833,"A",,"A",,"G",1561,"A",,"G",1561,"A",,2
203368,"R",88847,"A",,"R",11732,"G",2962,"G",489,"G",2962,"G",489,2
203386,"R",48058,"A",,"A",,"G",1068,"A",,"G",1068,"A",,2
203438,"A",,"R",139650,"A",,"G",155,"A",,"G",155,"A",,1
203447,"R",43397,"A",,"R",44,"G",1447,"G",2,"G",1447,"G",2,2
203456,"R",21049,"A",,"A",,"G",702,"A",,"G",702,"A",,2
203465,"R",95003,"A",,"R",896,"G",3167,"G",37,"G",3167,"G",37,2
203474,"R",53838,"A",,"R",18,"G",1795,"G",1,"G",1795,"G",1,2
203483,"R",49079,"A",,"A",,"G",1636,"A",,"G",1636,"A",,2
203492,"R",33806,"A",,"A",,"G",1127,"A",,"G",1127,"A",,2
203517,"R",556528,"A",,"R",105992,"G",18551,"G",4416,"G",18551,"G",4416,2
203526,"R",31817,"A",,"R",104,"G",1061,"G",4,"G",1061,"G",4,2
203535,"R",55542,"A",,"A",,"G",1851,"A",,"G",1851,"A",,2
203544,"R",20980,"A",,"R",4384,"G",699,"G",183,"G",699,"G",183,2
203580,"R",27589,"A",,"R",3662,"G",920,"G",153,"G",920,"G",153,2
203599,"R",196264,"A",,"A",,"G",6542,"A",,"G",6542,"A",,2
203614,"A",,"R",312778,"A",,"G",348,"A",,"G",348,"A",,1
203678,"R",143241,"A",,"A",,"G",3183,"A",,"G",3183,"A",,2
203720,"R",22669,"A",,"A",,"G",504,"A",,"G",504,"A",,2
203739,"R",18973,"A",,"A",,"G",422,"A",,"G",422,"A",,2
203748,"R",266181,"A",,"A",,"G",8873,"A",,"G",8873,"A",,2
203757,"R",39277,"A",,"R",2842,"G",1309,"G",118,"G",1309,"G",118,2
203775,"R",62197,"A",,"R",8580,"G",2073,"G",358,"G",2073,"G",358,2
203818,"R",15852,"A",,"A",,"G",352,"A",,"G",352,"A",,2
203845,"R",44777,"A",,"R",3406,"G",1493,"G",142,"G",1493,"G",142,2
203881,"R",85445,"A",,"A",,"G",1899,"A",,"G",1899,"A",,2
203942,"A",,"R",76908,"A",,"G",85,"A",,"G",85,"A",,1
203960,"R",24704,"A",,"A",,"G",823,"A",,"G",823,"A",,2
203997,"A",,"A",,"R",4715,"A",,"G",196,"A",,"G",196,-2
204006,"R",86191,"A",,"A",,"G",2873,"A",,"G",2873,"A",,2
204015,"R",54158,"A",,"A",,"G",1805,"A",,"G",1805,"A",,2
204024,"R",464947,"A",,"R",47185,"G",15498,"G",1966,"G",15498,"G",1966,2
204060,"R",41030,"A",,"A",,"G",912,"A",,"G",912,"A",,2
204121,"A",,"R",31200,"A",,"G",35,"A",,"G",35,"A",,1
204158,"A",,"R",310114,"A",,"G",345,"A",,"G",345,"A",,1
204176,"R",24566,"A",,"R",612,"G",819,"G",26,"G",819,"G",26,2
204185,"R",67765,"A",,"R",760,"G",2259,"G",32,"G",2259,"G",32,2
204194,"R",55387,"A",,"R",10977,"G",1846,"G",457,"G",1846,"G",457,2
204200,"R",49498,"A",,"R",11748,"G",1650,"G",490,"G",1650,"G",490,2
204255,"R",102438,"A",,"A",,"G",2276,"A",,"G",2276,"A",,2
204264,"R",46352,"A",,"R",10022,"G",1545,"G",418,"G",1545,"G",418,2
204307,"R",40673,"A",,"A",,"G",904,"A",,"G",904,"A",,2
204316,"R",60716,"A",,"A",,"G",1349,"A",,"G",1349,"A",,2
204334,"A",,"R",202505,"A",,"G",225,"A",,"G",225,"A",,1
204422,"R",109624,"A",,"A",,"G",2436,"A",,"G",2436,"A",,2
204431,"A",,"R",37500,"A",,"G",42,"A",,"G",42,"A",,1
204440,"R",81480,"A",,"A",,"G",2716,"A",,"G",2716,"A",,2
204459,"A",,"R",395629,"A",,"G",440,"A",,"G",440,"A",,1
204468,"R",39283,"A",,"R",3903,"G",1309,"G",163,"G",1309,"G",163,2
204477,"A",,"A",,"R",36849,"A",,"G",1535,"A",,"G",1535,-2
204486,"R",184513,"A",,"R",1023,"G",4100,"G",28,"G",4100,"G",28,2
204501,"R",81390,"A",,"R",353,"G",2713,"G",15,"G",2713,"G",15,2
204547,"A",,"A",,"R",14500,"A",,"G",604,"A",,"G",604,-2
204592,"R",3636,"A",,"A",,"G",121,"A",,"G",121,"A",,2
204608,"A",,"R",1111500,"A",,"G",1235,"A",,"G",1235,"A",,1
204617,"R",57496,"A",,"R",14474,"G",1917,"G",603,"G",1917,"G",603,2
204626,"R",37062,"A",,"A",,"G",1235,"A",,"G",1235,"A",,2
204635,"R",120899,"A",,"R",55032,"G",2687,"G",1529,"R",2598,"R",951,2
204662,"R",29043,"A",,"A",,"G",645,"A",,"G",645,"A",,2
204671,"R",57761,"A",,"R",2767,"G",1284,"G",77,"G",1284,"G",77,2
204680,"R",60305,"A",,"R",1930,"G",1340,"G",54,"G",1340,"G",54,2
204699,"R",72461,"A",,"R",2478,"G",1610,"G",69,"G",1610,"G",69,2
204705,"R",98785,"A",,"R",2574,"G",2195,"G",72,"G",2195,"G",72,2
204714,"A",,"R",268820,"A",,"G",299,"A",,"G",299,"A",,1
204723,"A",,"R",143853,"A",,"G",160,"A",,"G",160,"A",,1
204741,"A",,"R",39000,"A",,"G",43,"A",,"G",43,"A",,1
204769,"A",,"R",71000,"A",,"G",79,"A",,"G",79,"A",,1
204778,"A",,"R",49000,"A",,"G",54,"A",,"G",54,"A",,1
204796,"R",1939935,"A",,"R",571418,"G",43110,"G",15873,"G",43110,"G",15873,2
204802,"R",32179,"A",,"A",,"G",715,"A",,"G",715,"A",,2
204820,"R",87789,"A",,"A",,"G",1951,"A",,"G",1951,"A",,2
204839,"R",75938,"A",,"A",,"G",1688,"A",,"G",1688,"A",,2
204848,"R",78513,"A",,"A",,"G",1745,"A",,"G",1745,"A",,2
204857,"R",873539,"A",,"R",186360,"G",19412,"G",5177,"G",19412,"G",5177,2
204866,"R",66385,"A",,"A",,"G",1475,"A",,"G",1475,"A",,2
204884,"R",8648,"A",,"A",,"G",288,"A",,"G",288,"A",,2
204893,"R",5613,"A",,"A",,"G",187,"A",,"G",187,"A",,2
204909,"R",60439,"A",,"A",,"G",2015,"A",,"G",2015,"A",,2
204936,"R",111682,"A",,"R",8707,"G",2482,"G",242,"G",2482,"G",242,2
204945,"R",373953,"R",365473,"A",,"G",12871,"A",,"G",12871,"A",,3
204963,"A",,"R",198368,"A",,"G",220,"A",,"R",234,"A",,1
204981,"A",,"R",115251,"A",,"G",128,"A",,"G",128,"A",,1
204990,"A",,"A",,"R",3207,"A",,"G",134,"A",,"G",134,-2
205027,"R",2331,"A",,"R",1334,"G",78,"G",56,"G",78,"G",56,2
205054,"R",28542,"A",,"A",,"G",634,"A",,"G",634,"A",,2
205090,"R",2842,"A",,"A",,"G",95,"A",,"G",95,"A",,2
205124,"R",1184,"A",,"R",536,"G",39,"G",22,"G",39,"G",22,2
205142,"A",,"R",219250,"A",,"G",244,"A",,"G",244,"A",,1
205179,"R",83256,"A",,"A",,"G",2775,"A",,"R",2775,"A",,2
205203,"R",56041,"A",,"R",3407,"G",1868,"G",142,"G",1868,"G",142,2
205391,"R",6965,"A",,"A",,"G",155,"A",,"G",155,"A",,2
205443,"R",118633,"A",,"R",1784,"G",3954,"G",74,"G",3954,"G",74,2
205470,"R",719370,"A",,"A",,"G",15986,"A",,"G",15986,"A",,2
205513,"R",6796,"A",,"A",,"G",151,"A",,"G",151,"A",,2
205522,"R",12527,"A",,"A",,"G",278,"A",,"G",278,"A",,2
205531,"R",6553,"A",,"A",,"G",146,"A",,"G",146,"A",,2
205559,"R",4906,"A",,"A",,"G",109,"A",,"G",109,"A",,2
205568,"R",11860,"A",,"A",,"G",264,"A",,"G",264,"A",,2
205610,"R",94075,"A",,"A",,"G",2091,"A",,"G",2091,"A",,2
205647,"R",60994,"A",,"A",,"G",1355,"A",,"G",1355,"A",,2
205692,"R",19698,"A",,"A",,"G",438,"A",,"G",438,"A",,2
205708,"R",64803,"A",,"A",,"G",1440,"A",,"G",1440,"A",,2
205717,"R",58005,"A",,"A",,"G",1289,"A",,"G",1289,"A",,2
205726,"R",64309,"A",,"A",,"G",1429,"A",,"G",1429,"A",,2
205841,"R",225235,"A",,"A",,"G",7508,"A",,"G",7508,"A",,2
205887,"R",38696,"A",,"A",,"G",860,"A",,"G",860,"A",,2
205957,"R",63750,"A",,"R",11290,"G",2125,"G",470,"G",2125,"G",470,2
205966,"R",124233,"A",,"A",,"G",2761,"A",,"G",2761,"A",,2
206002,"R",2205,"A",,"A",,"G",49,"A",,"R",49,"A",,2
206011,"R",67719,"A",,"A",,"G",2257,"A",,"G",2257,"A",,2
206039,"A",,"R",101790,"A",,"G",113,"A",,"G",113,"A",,1
206048,"R",60873,"A",,"R",15379,"G",2029,"G",641,"G",2029,"G",641,2
206084,"R",504230,"A",,"R",136604,"G",16808,"G",5692,"G",16808,"G",5692,2
206093,"R",35823,"A",,"A",,"G",1194,"A",,"G",1194,"A",,2
206154,"R",911,"A",,"A",,"G",30,"A",,"G",30,"A",,2
206172,"A",,"R",82880,"A",,"G",92,"A",,"G",92,"A",,1
206181,"A",,"R",137118,"A",,"G",152,"A",,"G",152,"A",,1
206215,"A",,"A",,"R",2762,"A",,"G",115,"A",,"G",115,-2
206224,"R",20789,"A",,"A",,"G",462,"A",,"G",462,"A",,2
206279,"R",38717,"A",,"R",14756,"G",1291,"G",615,"G",1291,"G",615,2
206288,"A",,"A",,"R",5113,"A",,"G",213,"A",,"R",232,-2
206321,"A",,"R",406500,"A",,"G",452,"A",,"G",452,"A",,1
206330,"R",36503,"A",,"R",3492,"G",1217,"G",146,"G",1217,"G",146,2
206349,"R",26068,"A",,"R",7972,"G",869,"G",332,"R",869,"R",332,2
206358,"A",,"R",73500,"A",,"G",82,"A",,"G",82,"A",,1
206394,"R",11227,"A",,"A",,"G",249,"A",,"G",249,"A",,2
206419,"A",,"R",110030,"A",,"G",122,"A",,"G",122,"A",,1
206428,"A",,"R",42377,"A",,"G",47,"A",,"G",47,"A",,1
206437,"R",61660,"A",,"R",11840,"G",2055,"G",493,"G",2055,"G",493,2
206446,"R",74974,"A",,"A",,"G",1666,"A",,"G",1666,"A",,2
206482,"A",,"R",466992,"A",,"G",519,"A",,"G",519,"A",,1
206491,"R",24767,"A",,"R",138,"G",826,"G",6,"G",826,"G",6,2
206507,"R",44614,"A",,"R",1149,"G",1487,"G",48,"G",1487,"G",48,2
206516,"A",,"A",,"R",1492,"A",,"G",62,"A",,"G",62,-2
206525,"R",61101,"A",,"R",408,"G",2037,"G",17,"G",2037,"G",17,2
206589,"R",58629,"A",,"A",,"G",1954,"A",,"G",1954,"A",,2
206604,"R",555710,"A",,"R",122959,"G",12349,"G",3416,"G",12349,"G",3416,2
206613,"R",38206,"A",,"R",2505,"G",849,"G",70,"G",849,"G",70,2
206622,"R",129159,"A",,"R",52009,"G",4305,"G",2167,"G",4305,"G",2167,2
206631,"R",35628,"A",,"A",,"G",792,"A",,"G",792,"A",,2
206695,"R",345612,"A",,"R",21902,"G",11520,"G",913,"R",11520,"R",730,2
206783,"R",1032,"A",,"A",,"G",34,"A",,"G",34,"A",,2
206817,"R",29151,"A",,"A",,"G",972,"A",,"G",972,"A",,2
206835,"R",27426,"A",,"R",1519,"G",914,"G",63,"G",914,"G",63,2
206862,"R",49653,"A",,"R",14214,"G",1655,"G",592,"G",1655,"G",592,2
206880,"A",,"R",65937,"A",,"G",73,"A",,"G",73,"A",,1
206905,"A",,"R",282450,"A",,"G",314,"A",,"G",314,"A",,1
206914,"R",133743,"A",,"R",7414,"G",4458,"G",309,"G",4458,"G",309,2
206923,"R",61115,"A",,"A",,"G",2037,"A",,"G",2037,"A",,2
206932,"R",3707,"A",,"A",,"G",124,"A",,"G",124,"A",,2
206941,"R",348951,"A",,"R",28027,"G",11632,"G",1168,"G",11632,"G",1168,2
206969,"A",,"R",19800,"A",,"G",22,"A",,"G",22,"A",,1
206996,"R",52237,"A",,"A",,"G",1741,"A",,"G",1741,"A",,2
207041,"R",100476,"A",,"R",16417,"G",3349,"G",684,"G",3349,"G",684,2
207050,"R",45420,"A",,"A",,"G",1514,"A",,"G",1514,"A",,2
207069,"R",46485,"A",,"A",,"G",1550,"A",,"G",1550,"A",,2
207087,"A",,"R",90365,"A",,"G",100,"A",,"G",100,"A",,1
207102,"A",,"R",133800,"A",,"G",149,"A",,"G",149,"A",,1
207157,"R",6097,"A",,"R",102,"G",203,"G",4,"G",203,"G",4,2
207166,"A",,"R",19600,"A",,"G",22,"A",,"G",22,"A",,1
207209,"R",63201,"A",,"R",8876,"G",2107,"G",370,"G",2107,"G",370,2
207236,"R",57717,"A",,"A",,"G",1924,"A",,"G",1924,"A",,2
207254,"R",41115,"A",,"A",,"G",1371,"A",,"G",1371,"A",,2
207263,"R",202876,"A",,"R",22927,"G",6763,"G",955,"G",6763,"G",955,2
207272,"A",,"R",27900,"A",,"G",31,"A",,"G",31,"A",,1
207281,"R",108338,"A",,"A",,"G",3611,"A",,"G",3611,"A",,2
207290,"R",55557,"A",,"A",,"G",1852,"A",,"G",1852,"A",,2
207306,"R",52378,"A",,"R",4021,"G",1746,"G",168,"G",1746,"G",168,2
207315,"A",,"A",,"R",8519,"A",,"G",355,"A",,"G",355,-2
207324,"R",52249,"A",,"R",5766,"G",1742,"G",240,"R",1833,"R",178,2
207342,"R",44045,"A",,"R",89715,"G",1468,"G",3738,"G",1468,"G",3738,2
207351,"R",35516,"A",,"A",,"G",1184,"A",,"G",1184,"A",,2
207388,"R",487114,"A",,"R",86743,"G",16237,"G",3614,"G",16237,"G",3614,2
207397,"R",140973,"A",,"A",,"G",4699,"A",,"G",4699,"A",,2
207403,"R",44293,"A",,"R",1170,"G",1476,"G",49,"G",1476,"G",49,2
207449,"R",279675,"A",,"A",,"G",9323,"A",,"G",9323,"A",,2
207458,"R",63566,"A",,"R",35156,"G",2119,"G",1465,"G",2119,"G",1465,2
207500,"R",531275,"A",,"R",112672,"G",17709,"G",4695,"G",17709,"G",4695,2
207537,"R",1260,"A",,"A",,"G",42,"A",,"G",42,"A",,2
207564,"R",99004,"A",,"A",,"G",3300,"A",,"G",3300,"A",,2
207582,"R",82486,"A",,"R",9398,"G",2750,"G",392,"G",2750,"G",392,2
207607,"A",,"R",393097,"A",,"G",437,"A",,"G",437,"A",,1
207625,"A",,"R",543319,"A",,"G",604,"A",,"G",604,"A",,1
207661,"R",96970,"A",,"A",,"G",3232,"A",,"G",3232,"A",,2
207670,"R",159854,"A",,"A",,"G",5328,"A",,"G",5328,"A",,2
207689,"R",16160,"A",,"R",868,"G",539,"G",36,"G",539,"G",36,2
207704,"A",,"R",158616,"A",,"G",176,"A",,"G",176,"A",,1
207722,"R",31430,"A",,"A",,"G",1048,"A",,"G",1048,"A",,2
207740,"R",51201,"A",,"A",,"G",1707,"A",,"G",1707,"A",,2
207786,"A",,"R",23000,"A",,"G",26,"A",,"G",26,"A",,1
207847,"R",98348,"A",,"R",6617,"G",3278,"G",276,"G",3278,"G",276,2
207856,"R",6080,"A",,"R",1333,"G",203,"G",56,"G",203,"G",56,2
207865,"R",113394,"A",,"R",20449,"G",3780,"G",852,"G",3780,"G",852,2
207935,"R",397304,"A",,"A",,"G",13243,"A",,"G",13243,"A",,2
207962,"R",1856,"R",910680,"A",,"G",1074,"A",,"G",1074,"A",,3
207971,"R",91034,"A",,"R",23311,"G",3034,"G",971,"G",3034,"G",971,2
208017,"A",,"R",52027,"A",,"G",58,"A",,"G",58,"A",,1
208026,"A",,"R",292020,"A",,"G",324,"A",,"G",324,"A",,1
208035,"R",51034,"A",,"A",,"G",1701,"A",,"G",1701,"A",,2
208044,"A",,"R",8562,"A",,"G",10,"A",,"G",10,"A",,1
208053,"A",,"R",228165,"A",,"G",254,"A",,"G",254,"A",,1
208080,"A",,"R",82680,"A",,"G",92,"A",,"G",92,"A",,1
208123,"A",,"R",90180,"A",,"G",100,"A",,"G",100,"A",,1
208239,"R",74265,"A",,"A",,"G",1650,"A",,"G",1650,"A",,2
208248,"A",,"R",251485,"A",,"G",279,"A",,"G",279,"A",,1
208275,"R",82150,"A",,"A",,"G",1826,"A",,"G",1826,"A",,2
208318,"R",207178,"A",,"A",,"G",4604,"A",,"R",5742,"A",,2
208390,"A",,"R",9202588,"A",,"G",10225,"A",,"G",10225,"A",,1
208406,"A",,"R",4100382,"A",,"G",4556,"A",,"G",4556,"A",,1
208415,"R",43876,"A",,"A",,"G",975,"A",,"G",975,"A",,2
208433,"A",,"R",93205,"A",,"G",104,"A",,"G",104,"A",,1
208479,"A",,"R",774491,"A",,"G",861,"A",,"G",861,"A",,1
208488,"R",30776,"A",,"R",18550,"G",1026,"G",773,"G",1026,"G",773,2
208512,"R",10000,"A",,"A",,"G",333,"A",,"G",333,"A",,2
208637,"R",5838,"A",,"A",,"G",195,"A",,"G",195,"A",,2
208646,"R",118008,"A",,"R",8480,"G",2622,"G",236,"G",2622,"G",236,2
208655,"A",,"R",225293,"A",,"G",250,"A",,"R",279,"A",,1
208725,"R",3740,"A",,"A",,"G",83,"A",,"R",100,"A",,2
208822,"R",58003,"A",,"R",27278,"G",1933,"G",1137,"G",1933,"G",1137,2
208859,"A",,"R",74224,"A",,"G",82,"A",,"R",44,"A",,1
208965,"R",38676,"A",,"A",,"G",859,"A",,"G",859,"A",,2
209038,"A",,"R",6065867,"A",,"G",6740,"A",,"G",6740,"A",,1
209056,"R",64410,"A",,"R",36545,"G",2147,"G",1523,"G",2147,"G",1523,2
209065,"R",50918,"A",,"A",,"G",1697,"A",,"G",1697,"A",,2
209074,"R",234583,"A",,"A",,"G",5213,"A",,"G",5213,"A",,2
209083,"A",,"R",83529,"A",,"G",93,"A",,"G",93,"A",,1
209108,"R",30162,"A",,"R",25469,"G",670,"G",707,"G",670,"G",707,2
209153,"A",,"R",88164,"A",,"G",98,"A",,"R",56,"A",,1
209205,"A",,"R",143970,"A",,"G",160,"A",,"G",160,"A",,1
209241,"R",1499,"A",,"R",1114,"G",50,"G",46,"G",50,"G",46,2
209250,"A",,"R",4345212,"A",,"G",4828,"A",,"G",4828,"A",,1
209287,"R",16738,"A",,"R",6161,"G",558,"G",257,"G",558,"G",257,2
209296,"A",,"A",,"R",35491,"A",,"G",986,"A",,"R",561,-2
209348,"A",,"R",30510,"A",,"G",34,"A",,"G",34,"A",,1
209409,"R",12618,"A",,"R",2801,"G",421,"G",117,"G",421,"G",117,2
209490,"R",23864,"A",,"R",85356,"G",530,"G",2371,"R",530,"R",1823,2
209506,"R",119897,"A",,"R",719,"G",2664,"G",20,"G",2664,"G",20,2
209533,"R",3062,"A",,"R",265,"G",102,"G",11,"G",102,"G",11,2
209542,"R",753023,"A",,"R",131385,"G",16734,"G",3650,"G",16734,"G",3650,2
209551,"R",819224,"A",,"R",142192,"G",18205,"G",3950,"G",18205,"G",3950,2
209603,"R",14966,"A",,"R",1365,"G",499,"G",57,"G",499,"G",57,2
209612,"R",50122,"A",,"R",78987,"G",1671,"G",3291,"R",1410,"R",1576,2
209667,"A",,"R",85726,"A",,"G",95,"A",,"R",52,"A",,1
209676,"A",,"R",160259,"A",,"G",178,"A",,"R",110,"A",,1
209694,"A",,"R",87062,"A",,"G",97,"A",,"R",60,"A",,1
209700,"A",,"R",92385,"A",,"G",103,"A",,"G",103,"A",,1
209719,"A",,"R",79282,"A",,"G",88,"A",,"G",88,"A",,1
209746,"R",946726,"A",,"A",,"G",21038,"A",,"G",21038,"A",,2
209807,"R",778973,"A",,"R",165561,"G",17311,"G",4599,"G",17311,"G",4599,2
209825,"R",101470,"A",,"R",11145,"G",3382,"G",464,"G",3382,"G",464,2
209922,"R",39448,"A",,"R",242,"G",1315,"G",10,"G",1315,"G",10,2
209940,"R",117353,"R",967310,"A",,"G",3683,"A",,"G",3683,"A",,3
209986,"A",,"R",39545,"A",,"G",44,"A",,"R",54,"A",,1
210076,"R",112126,"A",,"A",,"G",3738,"A",,"G",3738,"A",,2
210100,"A",,"R",126616,"A",,"G",141,"A",,"R",158,"A",,1
210146,"R",173462,"A",,"R",21932,"G",3855,"G",609,"G",3855,"G",609,2
210155,"R",74657,"A",,"A",,"G",1659,"A",,"G",1659,"A",,2
210234,"R",98882,"A",,"A",,"G",2197,"A",,"G",2197,"A",,2
210270,"R",115763,"A",,"A",,"G",2573,"A",,"G",2573,"A",,2
210304,"R",39676,"A",,"R",3645,"G",1323,"G",152,"G",1323,"G",152,2
210331,"R",25990,"A",,"R",3399,"G",866,"G",142,"G",866,"G",142,2
210340,"A",,"R",118146,"A",,"G",131,"A",,"R",135,"A",,1
210359,"R",24375,"A",,"A",,"G",813,"A",,"R",651,"A",,2
210368,"A",,"A",,"R",9441,"A",,"G",393,"A",,"G",393,-2
210401,"R",59468,"A",,"R",20441,"G",1982,"G",852,"G",1982,"G",852,2
210429,"R",195798,"A",,"R",19324,"G",4351,"G",537,"G",4351,"G",537,2
210438,"R",1343,"A",,"R",50125,"G",30,"G",1392,"G",30,"G",1392,2
210456,"R",8084,"A",,"A",,"G",269,"A",,"G",269,"A",,2
210474,"A",,"R",18480,"A",,"G",21,"A",,"G",21,"A",,1
210483,"R",9634,"A",,"A",,"G",321,"A",,"G",321,"A",,2
210492,"R",5704,"A",,"R",519,"G",190,"G",22,"G",190,"G",22,2
210508,"A",,"A",,"R",648,"A",,"G",27,"A",,"G",27,-2
210571,"R",68744,"A",,"R",1173,"G",2291,"G",49,"G",2291,"G",49,2
210599,"R",41117,"A",,"A",,"G",1371,"A",,"G",1371,"A",,2
210605,"R",441511,"A",,"A",,"G",14717,"A",,"G",14717,"A",,2
210669,"R",67377,"A",,"A",,"G",2246,"A",,"R",2064,"A",,2
210711,"A",,"R",122477,"A",,"G",136,"A",,"G",136,"A",,1
210739,"R",65147,"A",,"R",13216,"G",2172,"G",551,"R",2075,"R",382,2
210748,"A",,"R",61650,"A",,"G",69,"A",,"G",69,"A",,1
210775,"R",59397,"A",,"R",11717,"G",1980,"G",488,"G",1980,"G",488,2
210784,"A",,"R",195150,"A",,"G",217,"A",,"G",217,"A",,1
210809,"A",,"A",,"R",3867,"A",,"G",161,"A",,"R",215,-2
210890,"R",6720,"A",,"A",,"G",224,"A",,"G",224,"A",,2
210906,"R",27937,"A",,"A",,"G",621,"A",,"G",621,"A",,2
210942,"R",140742,"A",,"A",,"G",3128,"A",,"G",3128,"A",,2
210951,"A",,"R",76856,"A",,"G",85,"A",,"G",85,"A",,1
210960,"R",128711,"A",,"A",,"G",2860,"A",,"G",2860,"A",,2
211006,"A",,"R",437580,"A",,"G",486,"A",,"G",486,"A",,1
211024,"R",17842,"A",,"R",3885,"G",595,"G",162,"G",595,"G",162,2
211079,"R",65141,"A",,"A",,"G",2171,"A",,"G",2171,"A",,2
211088,"R",64490,"A",,"R",40925,"G",2150,"G",1705,"G",2150,"G",1705,2
211130,"A",,"A",,"R",4852,"A",,"G",202,"A",,"G",202,-2
211149,"A",,"R",205795,"A",,"G",229,"A",,"G",229,"A",,1
211158,"R",255251,"A",,"R",19155,"G",8508,"G",798,"G",8508,"G",798,2
211200,"R",20930,"A",,"A",,"G",698,"A",,"G",698,"A",,2
211273,"R",41584,"A",,"R",8264,"G",1386,"G",344,"G",1386,"G",344,2
211291,"R",119315,"A",,"R",1946,"G",3977,"G",81,"G",3977,"G",81,2
211307,"R",254370,"A",,"A",,"G",8479,"A",,"G",8479,"A",,2
211316,"A",,"R",50582,"A",,"G",56,"A",,"G",56,"A",,1
211334,"A",,"R",115680,"A",,"G",129,"A",,"G",129,"A",,1
211343,"R",90463,"A",,"A",,"G",3015,"A",,"G",3015,"A",,2
211352,"R",48450,"A",,"R",32328,"G",1615,"G",1347,"G",1615,"G",1347,2
211361,"R",213439,"A",,"R",42719,"G",7115,"G",1780,"G",7115,"G",1780,2
211370,"A",,"A",,"R",1063,"A",,"G",44,"A",,"G",44,-2
211398,"R",12535,"A",,"A",,"G",279,"A",,"G",279,"A",,2
211431,"R",39265,"A",,"R",16689,"G",1309,"G",695,"G",1309,"G",695,2
211440,"R",183410,"A",,"R",166862,"G",6114,"G",6953,"R",5674,"R",4626,2
211468,"R",43304,"A",,"R",3444,"G",1443,"G",144,"G",1443,"G",144,2
211477,"R",41402,"A",,"A",,"G",1380,"A",,"G",1380,"A",,2
211556,"R",27062,"A",,"R",28676,"G",902,"G",1195,"G",902,"G",1195,2
211583,"R",40975,"A",,"R",13608,"G",1366,"G",567,"G",1366,"G",567,2
211608,"R",41180,"A",,"R",1725,"G",1373,"G",72,"G",1373,"G",72,2
211617,"R",54767,"A",,"A",,"G",1826,"A",,"G",1826,"A",,2
211635,"A",,"R",185550,"A",,"G",206,"A",,"G",206,"A",,1
211644,"R",172930,"A",,"R",18127,"G",5764,"G",755,"G",5764,"G",755,2
211750,"R",7398,"A",,"A",,"G",247,"A",,"G",247,"A",,2
211802,"A",,"R",210252,"A",,"G",234,"A",,"G",234,"A",,1
211820,"R",7122,"A",,"A",,"G",237,"A",,"G",237,"A",,2
211893,"R",3048,"A",,"R",576,"G",102,"G",24,"G",102,"G",24,2
211909,"A",,"R",139500,"A",,"G",155,"A",,"G",155,"A",,1
211927,"R",257994,"A",,"A",,"G",8600,"A",,"G",8600,"A",,2
211954,"R",6186,"A",,"A",,"G",206,"A",,"G",206,"A",,2
211981,"R",59252,"A",,"R",2713,"G",1975,"G",113,"G",1975,"G",113,2
212009,"R",75514,"A",,"A",,"G",2517,"A",,"G",2517,"A",,2
212018,"A",,"A",,"R",8460,"A",,"G",353,"A",,"G",353,-2
212045,"A",,"R",425272,"A",,"G",473,"A",,"G",473,"A",,1
212054,"R",659439,"A",,"R",199970,"G",14654,"G",5555,"G",14654,"G",5555,2
212072,"R",11520,"A",,"A",,"G",256,"A",,"G",256,"A",,2
212090,"R",32927,"A",,"A",,"G",732,"A",,"R",822,"A",,2
212106,"R",188329,"A",,"R",83011,"G",6278,"G",3459,"G",6278,"G",3459,2
212115,"R",184297,"A",,"R",21105,"G",6143,"G",879,"G",6143,"G",879,2
212133,"R",69290,"A",,"R",22698,"G",2310,"G",946,"R",2370,"R",1215,2
212160,"R",175858,"A",,"R",30762,"G",5862,"G",1282,"G",5862,"G",1282,2
212197,"R",66890,"A",,"R",1214,"G",2230,"G",51,"R",2031,"R",37,2
212212,"A",,"R",42344,"A",,"G",47,"A",,"R",34,"A",,1
212230,"A",,"R",94211,"A",,"G",105,"A",,"R",75,"A",,1
212267,"A",,"R",288799,"A",,"G",321,"A",,"R",229,"A",,1
212276,"A",,"R",207598,"A",,"G",231,"A",,"R",165,"A",,1
212285,"A",,"R",105614,"A",,"G",117,"A",,"R",84,"A",,1
212294,"A",,"R",118361,"A",,"G",132,"A",,"R",94,"A",,1
212300,"A",,"R",87966,"A",,"G",98,"A",,"R",70,"A",,1
212328,"A",,"R",283802,"A",,"G",315,"A",,"R",225,"A",,1
212337,"A",,"R",289058,"A",,"G",321,"A",,"R",190,"A",,1
212355,"A",,"R",325197,"A",,"G",361,"A",,"R",258,"A",,1
212373,"A",,"R",169745,"A",,"G",189,"A",,"R",135,"A",,1
212382,"A",,"R",304946,"A",,"G",339,"A",,"R",242,"A",,1
212391,"A",,"R",217305,"A",,"G",241,"A",,"R",172,"A",,1
212425,"R",9401,"R",40675,"A",,"G",359,"A",,"G",359,"A",,3
212434,"R",23445,"A",,"A",,"G",521,"A",,"G",521,"A",,2
212443,"A",,"A",,"R",2477,"A",,"G",103,"A",,"G",103,-2
212568,"R",9184,"A",,"A",,"G",306,"A",,"G",306,"A",,2
212577,"R",71060,"A",,"A",,"G",2369,"A",,"G",2369,"A",,2
212601,"R",82658,"A",,"R",24596,"G",2755,"G",1025,"G",2755,"G",1025,2
212656,"R",57957,"A",,"R",6611,"G",1932,"G",275,"G",1932,"G",275,2
212674,"R",80728,"A",,"A",,"G",2691,"A",,"G",2691,"A",,2
212683,"A",,"R",208268,"A",,"G",231,"A",,"R",165,"A",,1
212708,"A",,"R",162937,"A",,"G",181,"A",,"R",136,"A",,1
212753,"A",,"R",387523,"A",,"G",431,"A",,"R",308,"A",,1
212771,"R",534,"A",,"R",6651,"G",18,"G",277,"G",18,"G",277,2
212805,"R",77406,"A",,"A",,"G",2580,"A",,"G",2580,"A",,2
212832,"R",57886,"A",,"R",7569,"G",1930,"G",315,"G",1930,"G",315,2
212869,"R",29727,"A",,"A",,"G",991,"A",,"G",991,"A",,2
212878,"R",431612,"A",,"A",,"G",14387,"A",,"G",14387,"A",,2
212911,"R",37736,"A",,"A",,"G",1258,"A",,"G",1258,"A",,2
212975,"A",,"R",246944,"A",,"G",274,"A",,"G",274,"A",,1
212984,"R",57543,"A",,"R",16428,"G",1918,"G",685,"G",1918,"G",685,2
212993,"R",4220,"A",,"A",,"G",141,"A",,"G",141,"A",,2
213002,"R",54814,"A",,"A",,"G",1827,"A",,"G",1827,"A",,2
213011,"R",70640,"A",,"R",19550,"G",2355,"G",815,"G",2355,"G",815,2
213020,"R",358755,"A",,"R",40882,"G",11959,"G",1703,"G",11959,"G",1703,2
213057,"R",21046,"A",,"A",,"G",702,"A",,"G",702,"A",,2
213163,"R",2619,"A",,"A",,"G",87,"A",,"G",87,"A",,2
213181,"A",,"R",551734,"A",,"G",613,"A",,"G",613,"A",,1
213215,"A",,"R",172500,"A",,"G",192,"A",,"G",192,"A",,1
213233,"R",13399,"A",,"A",,"G",447,"A",,"R",406,"A",,2
213251,"R",45875,"A",,"A",,"G",1529,"A",,"G",1529,"A",,2
213303,"R",55718,"A",,"R",1094,"G",1857,"G",46,"G",1857,"G",46,2
213312,"R",21870,"A",,"A",,"G",729,"A",,"G",729,"A",,2
213321,"R",64511,"A",,"R",8375,"G",2150,"G",349,"G",2150,"G",349,2
213330,"A",,"R",39420,"A",,"G",44,"A",,"G",44,"A",,1
213349,"R",271318,"A",,"R",17285,"G",9044,"G",720,"G",9044,"G",720,2
213358,"R",33303,"A",,"R",2076,"G",1110,"G",87,"G",1110,"G",87,2
213367,"R",121863,"A",,"R",32347,"G",4062,"G",1348,"G",4062,"G",1348,2
213376,"R",35265,"R",270485,"A",,"G",1476,"A",,"G",1476,"A",,3
213385,"R",75545,"A",,"A",,"G",2518,"A",,"G",2518,"A",,2
213400,"R",19828,"A",,"R",2038,"G",661,"G",85,"G",661,"G",85,2
213446,"A",,"A",,"R",2860,"A",,"G",119,"A",,"G",119,-2
213455,"A",,"R",126389,"A",,"G",140,"A",,"G",140,"A",,1
213473,"R",13440,"A",,"A",,"G",448,"A",,"G",448,"A",,2
213491,"A",,"R",123042,"A",,"G",137,"A",,"G",137,"A",,1
213507,"R",49238,"A",,"R",5303,"G",1641,"G",221,"G",1641,"G",221,2
213525,"R",153891,"A",,"A",,"G",5130,"A",,"G",5130,"A",,2
213534,"R",53274,"A",,"A",,"G",1184,"A",,"G",1184,"A",,2
213543,"R",154320,"A",,"R",29344,"G",5144,"G",1223,"G",5144,"G",1223,2
213552,"A",,"R",129652,"A",,"G",144,"A",,"G",144,"A",,1
213570,"A",,"R",661851,"A",,"G",735,"A",,"G",735,"A",,1
213589,"A",,"R",635254,"A",,"G",706,"A",,"G",706,"A",,1
213598,"R",60620,"A",,"R",12430,"G",2021,"G",518,"R",2016,"R",548,2
213613,"R",148133,"A",,"R",7334,"G",4938,"G",306,"G",4938,"G",306,2
213622,"R",8889,"A",,"A",,"G",296,"A",,"G",296,"A",,2
213631,"A",,"A",,"R",4181,"A",,"G",174,"A",,"G",174,-2
213640,"A",,"A",,"R",4244,"A",,"G",177,"A",,"G",177,-2
213659,"R",157971,"A",,"A",,"G",5266,"A",,"G",5266,"A",,2
213668,"R",42763,"A",,"A",,"G",1425,"A",,"G",1425,"A",,2
213686,"R",2448,"A",,"A",,"G",82,"A",,"G",82,"A",,2
213774,"R",18257,"A",,"A",,"G",609,"A",,"G",609,"A",,2
213783,"R",89716,"A",,"R",7087,"G",2991,"G",295,"G",2991,"G",295,2
213826,"R",65920,"A",,"R",22856,"G",2197,"G",952,"G",2197,"G",952,2
213914,"R",12977,"A",,"A",,"G",433,"A",,"G",433,"A",,2
213932,"A",,"R",116820,"A",,"G",130,"A",,"R",135,"A",,1
213987,"R",109782,"A",,"R",5179,"G",3659,"G",216,"G",3659,"G",216,2
213996,"R",85758,"A",,"R",1027,"G",2859,"G",43,"G",2859,"G",43,2
214023,"R",5493,"A",,"A",,"G",183,"A",,"G",183,"A",,2
214041,"R",216158,"A",,"R",21727,"G",7205,"G",905,"G",7205,"G",905,2
214069,"R",64110,"A",,"R",5304,"G",2137,"G",221,"G",2137,"G",221,2
214111,"R",222151,"A",,"A",,"G",7405,"A",,"G",7405,"A",,2
214148,"R",15077,"A",,"R",972,"G",503,"G",41,"G",503,"G",41,2
214157,"R",54648,"A",,"R",3228,"G",1822,"G",135,"G",1822,"G",135,2
214166,"R",42545,"A",,"R",361,"G",1418,"G",15,"G",1418,"G",15,2
214175,"R",85465,"A",,"A",,"G",2849,"A",,"G",2849,"A",,2
214254,"R",53096,"A",,"A",,"G",1770,"A",,"G",1770,"A",,2
214272,"R",67595,"A",,"R",10337,"G",2253,"G",431,"G",2253,"G",431,2
214290,"A",,"R",614000,"A",,"G",682,"A",,"G",682,"A",,1
214315,"R",3801,"A",,"A",,"G",84,"A",,"R",128,"A",,2
214379,"R",231098,"A",,"A",,"G",7703,"A",,"G",7703,"A",,2
214476,"R",2200,"A",,"A",,"G",73,"A",,"G",73,"A",,2
214528,"R",26205,"R",9352,"A",,"G",884,"A",,"R",956,"A",,3
214546,"A",,"R",174000,"A",,"G",193,"A",,"R",116,"A",,1
214564,"A",,"A",,"R",32094,"A",,"G",1337,"A",,"R",1293,-2
214582,"R",38329,"A",,"A",,"G",1278,"A",,"G",1278,"A",,2
214591,"R",130290,"A",,"R",1862,"G",4343,"G",78,"G",4343,"G",78,2
214607,"A",,"A",,"R",14161,"A",,"G",590,"A",,"G",590,-2
214616,"A",,"A",,"R",32724,"A",,"G",1364,"A",,"G",1364,-2
214625,"R",21411,"A",,"R",63,"G",714,"G",3,"G",714,"G",3,2
214634,"R",19595,"A",,"A",,"G",653,"A",,"G",653,"A",,2
214643,"R",20020,"A",,"R",753,"G",667,"G",31,"G",667,"G",31,2
214652,"R",39758,"A",,"R",18,"G",1325,"G",1,"G",1325,"G",1,2
214670,"R",22364,"A",,"R",347,"G",745,"G",14,"G",745,"G",14,2
214689,"R",128384,"A",,"R",166,"G",4279,"G",7,"G",4279,"G",7,2
214698,"R",22770,"A",,"R",42,"G",759,"G",2,"G",759,"G",2,2
214704,"R",80530,"A",,"R",915,"G",2684,"G",38,"G",2684,"G",38,2
214713,"R",79144,"A",,"R",16254,"G",2638,"G",677,"G",2638,"G",677,2
214731,"R",45732,"A",,"R",3,"G",1524,"R",0,"G",1524,"Z",0,2
214740,"R",27254,"A",,"R",28,"G",908,"G",1,"G",908,"G",1,2
214759,"R",28152,"A",,"A",,"G",938,"A",,"G",938,"A",,2
214768,"R",37833,"A",,"A",,"G",1261,"A",,"G",1261,"A",,2
214777,"R",1226021,"A",,"R",143494,"G",40867,"G",5979,"G",40867,"G",5979,2
214786,"R",21526,"A",,"A",,"G",718,"A",,"G",718,"A",,2
214795,"R",32189,"A",,"R",90,"G",1073,"G",4,"G",1073,"G",4,2
214801,"R",99345,"A",,"R",666,"G",3312,"G",28,"G",3312,"G",28,2
214810,"R",29301,"A",,"R",15,"G",977,"G",1,"G",977,"G",1,2
214829,"R",35502,"A",,"R",1202,"G",1183,"G",50,"G",1183,"G",50,2
214838,"R",11030,"A",,"A",,"G",368,"A",,"G",368,"A",,2
214883,"R",43047,"A",,"A",,"G",1435,"A",,"G",1435,"A",,2
214892,"R",24540,"A",,"A",,"G",545,"A",,"G",545,"A",,2
214944,"A",,"R",704418,"A",,"G",783,"A",,"G",783,"A",,1
214962,"A",,"R",94350,"A",,"G",105,"A",,"G",105,"A",,1
214971,"R",7104,"A",,"R",2763,"G",237,"G",115,"R",248,"R",89,2
215008,"A",,"R",87259,"A",,"G",97,"A",,"G",97,"A",,1
215026,"A",,"R",12964,"A",,"G",14,"A",,"G",14,"A",,1
215044,"R",9050,"A",,"A",,"G",302,"A",,"G",302,"A",,2
215053,"R",7673,"A",,"A",,"G",256,"A",,"G",256,"A",,2
215062,"R",424382,"A",,"R",270348,"G",14146,"G",11265,"G",14146,"G",11265,2
215099,"R",87290,"A",,"R",15261,"G",2910,"G",636,"G",2910,"G",636,2
215105,"R",66479,"A",,"R",5806,"G",2216,"G",242,"G",2216,"G",242,2
215114,"R",29394,"A",,"R",5024,"G",980,"G",209,"G",980,"G",209,2
215123,"A",,"A",,"R",170657,"A",,"G",7111,"A",,"R",3125,-2
215132,"R",49701,"A",,"R",44382,"G",1657,"G",1849,"G",1657,"G",1849,2
215239,"R",474225,"A",,"A",,"G",15808,"A",,"G",15808,"A",,2
215266,"R",47248,"A",,"A",,"G",1575,"A",,"G",1575,"A",,2
215275,"R",52573,"A",,"A",,"G",1752,"A",,"G",1752,"A",,2
215284,"R",88809,"A",,"A",,"G",2960,"A",,"G",2960,"A",,2
215293,"R",554460,"A",,"R",249492,"G",18482,"G",10396,"G",18482,"G",10396,2
215309,"R",13743,"A",,"A",,"G",458,"A",,"G",458,"A",,2
215336,"A",,"R",101820,"A",,"G",113,"A",,"G",113,"A",,1
215381,"A",,"R",395462,"A",,"G",439,"A",,"G",439,"A",,1
215390,"R",6870,"A",,"A",,"G",229,"A",,"G",229,"A",,2
215415,"R",146610,"A",,"A",,"G",3258,"A",,"G",3258,"A",,2
215424,"A",,"A",,"R",6757,"A",,"G",188,"A",,"R",244,-2
215433,"R",26042,"A",,"A",,"G",868,"A",,"G",868,"A",,2
215442,"R",92587,"A",,"R",11172,"G",3086,"G",466,"G",3086,"G",466,2
215479,"R",1921,"A",,"A",,"G",64,"A",,"G",64,"A",,2
215530,"A",,"R",18900,"A",,"G",21,"A",,"G",21,"A",,1
215585,"R",104292,"A",,"A",,"G",3476,"A",,"R",4192,"A",,2
215594,"A",,"R",218022,"A",,"G",242,"A",,"G",242,"A",,1
215619,"A",,"A",,"R",892,"A",,"G",37,"A",,"G",37,-2
215628,"A",,"A",,"R",2698,"A",,"G",75,"A",,"G",75,-2
215637,"R",12690,"A",,"A",,"G",282,"A",,"G",282,"A",,2
215646,"R",39248,"A",,"A",,"G",1308,"A",,"G",1308,"A",,2
215655,"R",104827,"A",,"R",18078,"G",3494,"G",753,"G",3494,"G",753,2
215682,"R",29261,"A",,"A",,"G",975,"A",,"R",506,"A",,2
215691,"R",14587,"A",,"R",6670,"G",486,"G",278,"G",486,"G",278,2
215743,"R",55839,"A",,"R",11232,"G",1861,"G",468,"G",1861,"G",468,2
215770,"R",152487,"A",,"R",49111,"G",5083,"G",2046,"R",4804,"R",1485,2
215798,"R",53281,"A",,"R",4955,"G",1776,"G",206,"G",1776,"G",206,2
215813,"A",,"A",,"R",2224,"A",,"G",93,"A",,"G",93,-2
215886,"A",,"R",385755,"A",,"G",429,"A",,"G",429,"A",,1
215929,"R",133157,"A",,"R",33278,"G",4439,"G",1387,"G",4439,"G",1387,2
215947,"R",48648,"A",,"R",9809,"G",1622,"G",409,"G",1622,"G",409,2
215965,"R",2789,"A",,"A",,"G",93,"A",,"G",93,"A",,2
215974,"R",13625,"A",,"A",,"G",454,"A",,"G",454,"A",,2
215983,"R",1453,"A",,"A",,"G",48,"A",,"G",48,"A",,2
215992,"R",11691,"A",,"A",,"G",390,"A",,"G",390,"A",,2
216010,"R",203615,"A",,"R",19174,"G",6787,"G",799,"G",6787,"G",799,2
216038,"R",235615,"A",,"R",18319,"G",7854,"G",763,"G",7854,"G",763,2
216047,"R",2985,"A",,"R",2060,"G",100,"G",86,"G",100,"G",86,2
216074,"A",,"R",83330,"A",,"G",93,"A",,"G",93,"A",,1
216083,"A",,"R",834492,"A",,"G",927,"A",,"G",927,"A",,1
216162,"R",6230,"A",,"A",,"G",208,"A",,"G",208,"A",,2
216223,"A",,"R",56250,"A",,"G",63,"A",,"G",63,"A",,1
216278,"R",72699,"A",,"A",,"G",2423,"A",,"G",2423,"A",,2
216287,"R",49173,"A",,"A",,"G",1639,"A",,"R",1537,"A",,2
216296,"R",26486,"A",,"A",,"G",883,"A",,"G",883,"A",,2
216311,"R",5150,"A",,"A",,"G",172,"A",,"R",120,"A",,2
216339,"R",782046,"A",,"R",183297,"G",26068,"G",7637,"R",26068,"R",6639,2
216348,"A",,"A",,"R",699,"A",,"G",19,"A",,"R",20,-2
216357,"R",28891,"A",,"A",,"G",963,"A",,"G",963,"A",,2
216366,"R",28666,"A",,"R",100728,"G",956,"G",4197,"R",905,"R",1885,2
216418,"R",130005,"A",,"A",,"G",2889,"A",,"G",2889,"A",,2
216427,"R",8496,"A",,"A",,"G",283,"A",,"G",283,"A",,2
216436,"R",13036,"A",,"A",,"G",435,"A",,"G",435,"A",,2
216445,"R",11418,"A",,"A",,"G",381,"A",,"G",381,"A",,2
216454,"R",15084,"A",,"A",,"G",503,"A",,"G",503,"A",,2
216463,"A",,"A",,"R",3283,"A",,"G",137,"A",,"G",137,-2
216524,"R",54944,"A",,"A",,"G",1831,"A",,"R",1742,"A",,2
216542,"R",30118,"A",,"R",276,"G",1004,"G",12,"G",1004,"G",12,2
216551,"R",9612,"A",,"A",,"G",320,"A",,"G",320,"A",,2
216579,"A",,"R",146150,"A",,"G",162,"A",,"G",162,"A",,1
216597,"R",231174,"A",,"R",32307,"G",7706,"G",1346,"G",7706,"G",1346,2
216630,"R",2050,"R",91231,"A",,"G",147,"A",,"G",147,"A",,3
216649,"A",,"R",22500,"A",,"G",25,"A",,"G",25,"A",,1
216667,"R",51011,"A",,"A",,"G",1700,"A",,"R",1505,"A",,2
216694,"R",52660,"A",,"R",15072,"G",1755,"G",628,"G",1755,"G",628,2
216746,"A",,"R",65210,"A",,"G",72,"A",,"G",72,"A",,1
216764,"R",350105,"A",,"R",38744,"G",11670,"G",1614,"G",11670,"G",1614,2
216773,"R",3337,"A",,"A",,"G",111,"A",,"G",111,"A",,2
216782,"R",43549,"A",,"A",,"G",1452,"A",,"G",1452,"A",,2
216807,"R",48605,"A",,"R",1005,"G",1620,"G",42,"G",1620,"G",42,2
216816,"A",,"A",,"R",9611,"A",,"G",400,"A",,"R",430,-2
216825,"R",161593,"A",,"A",,"G",5386,"A",,"G",5386,"A",,2
216852,"R",90363,"A",,"R",28898,"G",3012,"G",1204,"G",3012,"G",1204,2
216931,"R",67396,"A",,"R",63431,"G",2247,"G",2643,"G",2247,"G",2643,2
216986,"R",6675,"A",,"A",,"G",148,"A",,"G",148,"A",,2
217013,"R",18556,"A",,"R",594,"G",619,"G",25,"G",619,"G",25,2
217040,"R",2340,"A",,"A",,"G",78,"A",,"G",78,"A",,2
217059,"R",143423,"A",,"R",2781,"G",4781,"G",116,"G",4781,"G",116,2
217077,"R",71217,"A",,"A",,"G",2374,"A",,"G",2374,"A",,2
217086,"R",5780,"A",,"A",,"G",193,"A",,"G",193,"A",,2
217095,"A",,"R",336572,"A",,"G",374,"A",,"R",224,"A",,1
217156,"R",197571,"A",,"R",54595,"G",6586,"G",2275,"R",6004,"R",2204,2
217165,"R",101941,"A",,"R",6135,"G",3398,"G",256,"G",3398,"G",256,2
217235,"R",450185,"A",,"R",31056,"G",10004,"G",863,"G",10004,"G",863,2
217244,"R",5704,"A",,"A",,"G",127,"A",,"G",127,"A",,2
217305,"R",175102,"A",,"R",256,"G",3891,"G",7,"G",3891,"G",7,2
217323,"A",,"R",407520,"A",,"G",453,"A",,"G",453,"A",,1
217350,"A",,"R",39863,"A",,"G",44,"A",,"G",44,"A",,1
217402,"R",119807,"A",,"R",10813,"G",3994,"G",451,"G",3994,"G",451,2
217420,"R",199047,"A",,"R",19083,"G",6635,"G",795,"G",6635,"G",795,2
217475,"R",321762,"A",,"A",,"G",10725,"A",,"G",10725,"A",,2
217484,"R",395525,"A",,"R",40417,"G",13184,"G",1684,"R",13184,"R",2021,2
217493,"R",62449,"A",,"R",14523,"G",2082,"G",605,"R",2082,"R",438,2
217518,"R",114222,"A",,"R",4770,"G",3807,"G",199,"G",3807,"G",199,2
217536,"R",59463,"A",,"R",8878,"G",1982,"G",370,"G",1982,"G",370,2
217545,"R",47730,"A",,"A",,"G",1591,"A",,"G",1591,"A",,2
217572,"A",,"R",84882,"A",,"G",94,"A",,"R",94,"A",,1
217581,"A",,"R",242365,"A",,"G",269,"A",,"R",161,"A",,1
217606,"R",7567,"A",,"A",,"G",252,"A",,"G",252,"A",,2
217615,"R",76273,"A",,"A",,"G",2542,"A",,"G",2542,"A",,2
217624,"R",33482,"A",,"A",,"G",1116,"A",,"G",1116,"A",,2
217633,"R",54868,"A",,"R",2840,"G",1829,"G",118,"G",1829,"G",118,2
217688,"R",100056,"A",,"R",10185,"G",3335,"G",424,"G",3335,"G",424,2
217712,"R",59133,"A",,"A",,"G",1971,"A",,"G",1971,"A",,2
217721,"R",142096,"A",,"A",,"G",4737,"A",,"G",4737,"A",,2
217749,"R",109130,"A",,"R",7381,"G",3638,"G",308,"G",3638,"G",308,2
217776,"R",42330,"A",,"R",14125,"G",1411,"G",589,"G",1411,"G",589,2
217794,"A",,"R",146750,"A",,"G",163,"A",,"G",163,"A",,1
217819,"R",295025,"A",,"R",17867,"G",9834,"G",744,"G",9834,"G",744,2
217828,"A",,"R",133800,"A",,"G",149,"A",,"G",149,"A",,1
217837,"R",27001,"A",,"A",,"G",900,"A",,"G",900,"A",,2
217864,"R",84674,"A",,"R",15641,"G",2822,"G",652,"G",2822,"G",652,2
217873,"R",53995,"A",,"R",1755,"G",1800,"G",73,"G",1800,"G",73,2
217882,"R",467097,"A",,"R",72083,"G",15570,"G",3003,"G",15570,"G",3003,2
217891,"R",4880,"A",,"A",,"G",163,"A",,"G",163,"A",,2
217907,"R",31378,"A",,"A",,"G",1046,"A",,"G",1046,"A",,2
217925,"R",16573,"A",,"R",9688,"G",552,"G",404,"R",543,"R",336,2
217934,"R",33150,"A",,"R",7523,"G",1105,"G",313,"G",1105,"G",313,2
217961,"R",22505,"A",,"R",17984,"G",750,"G",749,"G",750,"G",749,2
217989,"R",35210,"A",,"A",,"G",1174,"A",,"G",1174,"A",,2
217998,"R",17814,"A",,"R",4484,"G",594,"G",187,"G",594,"G",187,2
218025,"R",136647,"A",,"A",,"G",4555,"A",,"G",4555,"A",,2
218043,"R",4692,"A",,"A",,"G",104,"A",,"G",104,"A",,2
218061,"R",101861,"A",,"R",4490,"G",3395,"G",187,"G",3395,"G",187,2
218070,"R",84947,"A",,"R",2583,"G",2832,"G",108,"G",2832,"G",108,2
218089,"R",3733,"A",,"R",576,"G",124,"G",24,"G",124,"G",24,2
218113,"R",345095,"A",,"A",,"G",11503,"A",,"G",11503,"A",,2
218140,"R",168826,"A",,"A",,"G",5628,"A",,"G",5628,"A",,2
218159,"A",,"R",94670,"A",,"G",105,"A",,"G",105,"A",,1
218195,"A",,"R",139000,"A",,"G",154,"A",,"G",154,"A",,1
218229,"R",79980,"A",,"R",1662,"G",2666,"G",69,"G",2666,"G",69,2
218238,"R",83010,"A",,"A",,"G",2767,"A",,"G",2767,"A",,2
218265,"A",,"A",,"R",3193,"A",,"G",133,"A",,"G",133,-2
218335,"R",9587,"A",,"R",100101,"G",320,"G",4171,"R",320,"R",2952,2
218353,"R",279191,"A",,"A",,"G",9306,"A",,"G",9306,"A",,2
218399,"R",36150,"A",,"A",,"G",1205,"A",,"G",1205,"A",,2
218414,"R",33963,"A",,"A",,"G",1132,"A",,"G",1132,"A",,2
218441,"R",63186,"A",,"R",1884,"G",2106,"G",79,"G",2106,"G",79,2
218487,"R",73131,"A",,"A",,"G",2438,"A",,"G",2438,"A",,2
218520,"R",137923,"A",,"A",,"G",4597,"A",,"G",4597,"A",,2
218539,"R",36853,"A",,"A",,"G",1228,"A",,"G",1228,"A",,2
218645,"R",84087,"A",,"R",1120,"G",2803,"G",47,"G",2803,"G",47,2
218654,"R",44600,"A",,"A",,"G",1487,"A",,"G",1487,"A",,2
218663,"R",614258,"A",,"R",162434,"G",20475,"G",6768,"R",20475,"R",6215,2
218672,"R",33999,"A",,"A",,"G",1133,"A",,"G",1133,"A",,2
218681,"R",20208,"A",,"A",,"G",674,"A",,"G",674,"A",,2
218690,"R",26527,"A",,"A",,"G",884,"A",,"G",884,"A",,2
218706,"R",10265,"A",,"A",,"G",342,"A",,"G",342,"A",,2
218724,"R",230385,"A",,"R",9140,"G",7680,"G",381,"G",7680,"G",381,2
218733,"R",107526,"A",,"R",8902,"G",3584,"G",371,"G",3584,"G",371,2
218742,"R",146800,"A",,"R",1496,"G",4893,"G",62,"G",4893,"G",62,2
218751,"A",,"A",,"R",17808,"A",,"G",495,"A",,"R",267,-2
218821,"R",24494,"A",,"A",,"G",816,"A",,"G",816,"A",,2
218830,"R",138525,"A",,"A",,"G",4618,"A",,"G",4618,"A",,2
218858,"R",89821,"A",,"A",,"G",2994,"A",,"G",2994,"A",,2
218867,"A",,"R",57600,"A",,"G",64,"A",,"G",64,"A",,1
218885,"R",168965,"A",,"A",,"G",5632,"A",,"G",5632,"A",,2
218894,"R",347305,"A",,"A",,"G",11577,"A",,"G",11577,"A",,2
218919,"R",21134,"A",,"A",,"G",704,"A",,"G",704,"A",,2
218955,"R",18875,"A",,"A",,"G",629,"A",,"G",629,"A",,2
218964,"R",145013,"A",,"R",18502,"G",4834,"G",771,"G",4834,"G",771,2
218973,"R",49001,"A",,"A",,"G",1633,"A",,"G",1633,"A",,2
218991,"R",140897,"A",,"A",,"G",4697,"A",,"G",4697,"A",,2
219000,"R",54025,"A",,"R",317,"G",1801,"G",13,"G",1801,"G",13,2
219037,"A",,"R",225869,"A",,"G",251,"A",,"G",251,"A",,1
219046,"R",88059,"A",,"R",4639,"G",2935,"G",193,"G",2935,"G",193,2
219055,"R",8473,"A",,"A",,"G",282,"A",,"G",282,"A",,2
219082,"R",50485,"A",,"R",3352,"G",1683,"G",140,"G",1683,"G",140,2
219091,"R",21874,"A",,"R",934,"G",729,"G",39,"G",729,"G",39,2
219125,"A",,"R",96300,"A",,"G",107,"A",,"G",107,"A",,1
219143,"R",44438,"A",,"A",,"G",1481,"A",,"G",1481,"A",,2
219170,"A",,"R",38000,"A",,"G",42,"A",,"G",42,"A",,1
219189,"R",30927,"A",,"A",,"G",1031,"A",,"G",1031,"A",,2
219198,"R",25105,"A",,"R",2492,"G",837,"G",104,"G",837,"G",104,2
219204,"R",59645,"A",,"R",8424,"G",1325,"G",234,"G",1325,"G",234,2
219213,"R",23608,"A",,"A",,"G",525,"A",,"G",525,"A",,2
219240,"A",,"A",,"R",2577,"A",,"G",107,"A",,"G",107,-2
219259,"R",56160,"A",,"R",3620,"G",1872,"G",151,"G",1872,"G",151,2
219277,"R",36227,"A",,"R",1024,"G",1208,"G",43,"G",1208,"G",43,2
219295,"R",16858,"A",,"A",,"G",562,"A",,"G",562,"A",,2
219338,"A",,"R",20772,"A",,"G",23,"A",,"G",23,"A",,1
219347,"R",50978,"A",,"R",4268,"G",1699,"G",178,"G",1699,"G",178,2
219356,"R",284512,"A",,"R",24636,"G",9484,"G",1027,"G",9484,"G",1027,2
219374,"R",16826,"A",,"R",1228,"G",561,"G",51,"G",561,"G",51,2
219383,"R",34731,"A",,"R",4789,"G",1158,"G",200,"G",1158,"G",200,2
219392,"A",,"R",46800,"A",,"G",52,"A",,"G",52,"A",,1
219408,"R",5834,"A",,"A",,"G",194,"A",,"G",194,"A",,2
219426,"R",72006,"A",,"A",,"G",2400,"A",,"G",2400,"A",,2
219453,"A",,"R",206100,"A",,"G",229,"A",,"G",229,"A",,1
219471,"R",164684,"A",,"R",50001,"G",5489,"G",2083,"G",5489,"G",2083,2
219480,"R",35125,"A",,"A",,"G",1171,"A",,"G",1171,"A",,2
219505,"R",2722,"A",,"A",,"G",91,"A",,"G",91,"A",,2
219578,"R",16654,"A",,"R",546,"G",555,"G",23,"G",555,"G",23,2
219587,"A",,"R",69622,"A",,"G",77,"A",,"G",77,"A",,1
219596,"A",,"R",281465,"A",,"G",313,"A",,"G",313,"A",,1
219602,"R",228825,"A",,"R",14065,"G",7628,"G",586,"G",7628,"G",586,2
219639,"R",26580,"A",,"A",,"G",886,"A",,"G",886,"A",,2
219709,"R",131899,"A",,"R",25773,"G",4397,"G",1074,"G",4397,"G",1074,2
219718,"R",77432,"A",,"R",14967,"G",2581,"G",624,"G",2581,"G",624,2
219790,"R",34893,"A",,"R",1632,"G",1163,"G",68,"G",1163,"G",68,2
219806,"R",56960,"A",,"R",5659,"G",1899,"G",236,"G",1899,"G",236,2
219824,"R",192205,"A",,"A",,"G",6407,"A",,"G",6407,"A",,2
219833,"R",42637,"A",,"R",7758,"G",1421,"G",323,"G",1421,"G",323,2
219842,"A",,"A",,"R",4456,"A",,"G",186,"A",,"G",186,-2
219879,"R",77804,"A",,"A",,"G",2593,"A",,"G",2593,"A",,2
219888,"R",111471,"A",,"A",,"G",3716,"A",,"G",3716,"A",,2
219903,"A",,"R",844055,"A",,"G",938,"A",,"G",938,"A",,1
219921,"A",,"R",198331,"A",,"G",220,"A",,"G",220,"A",,1
219949,"R",30646,"A",,"R",6060,"G",1022,"G",253,"G",1022,"G",253,2
219976,"R",77952,"A",,"R",20546,"G",2598,"G",856,"G",2598,"G",856,2
219994,"A",,"R",559561,"A",,"G",622,"A",,"G",622,"A",,1
220002,"R",43830,"A",,"A",,"G",974,"A",,"G",974,"A",,2
220057,"R",68560,"A",,"A",,"G",2285,"A",,"G",2285,"A",,2
220075,"R",318341,"A",,"R",70074,"G",10611,"G",2920,"G",10611,"G",2920,2
220118,"R",8720,"A",,"A",,"G",194,"A",,"G",194,"A",,2
220127,"A",,"R",525463,"A",,"G",584,"A",,"G",584,"A",,1
220136,"A",,"A",,"R",2525,"A",,"G",105,"A",,"G",105,-2
220163,"A",,"R",93450,"A",,"G",104,"A",,"G",104,"A",,1
220181,"R",18186,"A",,"R",1261,"G",606,"G",53,"G",606,"G",53,2
220206,"R",7066,"A",,"A",,"G",236,"A",,"G",236,"A",,2
220215,"R",45030,"A",,"R",9540,"G",1501,"G",398,"G",1501,"G",398,2
220251,"A",,"R",311945,"A",,"G",347,"A",,"G",347,"A",,1
220279,"A",,"R",403364,"A",,"G",448,"A",,"G",448,"A",,1
220312,"R",3269,"A",,"A",,"G",109,"A",,"G",109,"A",,2
220321,"A",,"R",483218,"A",,"G",537,"A",,"G",537,"A",,1
220394,"A",,"R",227708,"A",,"G",253,"A",,"G",253,"A",,1
220400,"R",108151,"A",,"A",,"G",3605,"A",,"G",3605,"A",,2
220464,"R",3911,"A",,"A",,"G",130,"A",,"G",130,"A",,2
220473,"R",18445,"A",,"R",1708,"G",615,"G",71,"G",615,"G",71,2
220491,"A",,"R",374001,"A",,"G",416,"A",,"G",416,"A",,1
220516,"R",43092,"A",,"R",6459,"G",1436,"G",269,"G",1436,"G",269,2
220552,"R",44193,"A",,"R",8079,"G",982,"G",224,"G",982,"G",224,2
220570,"A",,"R",70673,"A",,"G",79,"A",,"G",79,"A",,1
220589,"R",18916,"A",,"A",,"G",631,"A",,"G",631,"A",,2
220598,"R",66825,"A",,"A",,"G",2228,"A",,"G",2228,"A",,2
220604,"R",26162,"A",,"A",,"G",872,"A",,"G",872,"A",,2
220613,"R",111320,"A",,"R",7370,"G",3711,"G",307,"G",3711,"G",307,2
220631,"R",41683,"A",,"R",78726,"G",1389,"G",3280,"G",1389,"G",3280,2
220640,"A",,"R",430449,"A",,"G",478,"A",,"G",478,"A",,1
220701,"R",27753,"A",,"A",,"G",925,"A",,"G",925,"A",,2
220710,"R",34026,"A",,"A",,"G",1134,"A",,"G",1134,"A",,2
220756,"A",,"R",303403,"A",,"G",337,"A",,"G",337,"A",,1
220765,"A",,"R",117462,"A",,"G",131,"A",,"G",131,"A",,1
220792,"A",,"A",,"R",4752,"A",,"G",198,"A",,"G",198,-2
220808,"R",9747,"A",,"R",1374,"G",325,"G",57,"G",325,"G",57,2
220853,"A",,"R",705101,"A",,"G",783,"A",,"G",783,"A",,1
220862,"R",422138,"A",,"R",85050,"G",14071,"G",3544,"G",14071,"G",3544,2
220871,"A",,"A",,"R",5175,"A",,"G",216,"A",,"G",216,-2
220941,"R",16842,"A",,"R",804,"G",561,"G",34,"R",725,"R",43,2
220978,"R",603572,"A",,"R",47192,"G",20119,"G",1966,"G",20119,"G",1966,2
220996,"A",,"A",,"R",10529,"A",,"G",292,"A",,"R",286,-2
221014,"R",25909,"A",,"R",5226,"G",864,"G",218,"G",864,"G",218,2
221050,"A",,"R",651165,"A",,"G",724,"A",,"G",724,"A",,1
221096,"R",105229,"A",,"A",,"G",3508,"A",,"G",3508,"A",,2
221102,"A",,"R",349469,"A",,"G",388,"A",,"G",388,"A",,1
221148,"A",,"R",2355455,"A",,"G",2617,"A",,"G",2617,"A",,1
221157,"R",11580,"A",,"A",,"G",386,"A",,"G",386,"A",,2
221184,"R",178993,"A",,"A",,"G",5966,"A",,"G",5966,"A",,2
221236,"A",,"R",294739,"A",,"G",327,"A",,"G",327,"A",,1
221254,"R",5453,"A",,"A",,"G",182,"A",,"G",182,"A",,2
221281,"A",,"R",350914,"A",,"G",390,"A",,"G",390,"A",,1
221290,"A",,"R",198186,"A",,"G",220,"A",,"G",220,"A",,1
221333,"A",,"R",587660,"A",,"G",653,"A",,"G",653,"A",,1
221351,"R",53472,"A",,"R",312,"G",1782,"G",13,"R",1666,"R",10,2
221388,"A",,"R",197719,"A",,"G",220,"A",,"G",220,"A",,1
221397,"R",132447,"A",,"A",,"G",4415,"A",,"G",4415,"A",,2
221430,"A",,"R",201829,"A",,"G",224,"A",,"G",224,"A",,1
221485,"R",282328,"A",,"A",,"G",9411,"A",,"G",9411,"A",,2
221494,"A",,"R",569268,"A",,"G",633,"A",,"G",633,"A",,1
221519,"R",47524,"A",,"R",2783,"G",1584,"G",116,"G",1584,"G",116,2
221582,"A",,"R",341005,"A",,"G",379,"A",,"G",379,"A",,1
221591,"A",,"R",394438,"A",,"G",438,"A",,"G",438,"A",,1
221607,"A",,"R",314790,"A",,"G",350,"A",,"G",350,"A",,1
221616,"A",,"R",628922,"A",,"G",699,"A",,"G",699,"A",,1
221625,"A",,"R",716820,"A",,"G",796,"A",,"G",796,"A",,1
221634,"A",,"R",200844,"A",,"G",223,"A",,"G",223,"A",,1
221643,"R",215299,"A",,"A",,"G",7177,"A",,"G",7177,"A",,2
221661,"R",70541,"A",,"R",4441,"G",2351,"G",185,"G",2351,"G",185,2
221670,"A",,"A",,"R",27775,"A",,"G",1157,"A",,"G",1157,-2
221731,"R",32365,"A",,"A",,"G",1079,"A",,"G",1079,"A",,2
221740,"R",253236,"A",,"R",25964,"G",8441,"G",1082,"G",8441,"G",1082,2
221759,"R",614981,"A",,"R",235895,"G",20499,"G",9829,"G",20499,"G",9829,2
221768,"R",200089,"A",,"R",8152,"G",6670,"G",340,"G",6670,"G",340,2
221795,"R",6270,"A",,"A",,"G",209,"A",,"G",209,"A",,2
221829,"A",,"R",276858,"A",,"G",308,"A",,"G",308,"A",,1
221838,"R",181976,"A",,"R",34289,"G",6066,"G",1429,"G",6066,"G",1429,2
221847,"R",242365,"A",,"R",28648,"G",8079,"G",1194,"G",8079,"G",1194,2
221856,"R",17557,"A",,"R",3133,"G",585,"G",131,"G",585,"G",131,2
221892,"R",37878,"A",,"R",24314,"G",1263,"G",1013,"G",1263,"G",1013,2
221908,"R",135302,"A",,"A",,"G",4510,"A",,"G",4510,"A",,2
221953,"R",58038,"A",,"R",3734,"G",1935,"G",156,"G",1935,"G",156,2
221971,"R",78683,"A",,"R",28152,"G",2623,"G",1173,"G",2623,"G",1173,2
221980,"A",,"R",144600,"A",,"G",161,"A",,"G",161,"A",,1
221999,"R",197627,"A",,"R",117840,"G",6588,"G",4910,"G",6588,"G",4910,2
222026,"A",,"R",98560,"A",,"G",110,"A",,"G",110,"A",,1
222053,"R",177321,"A",,"A",,"G",5911,"A",,"G",5911,"A",,2
222062,"R",147671,"A",,"A",,"G",4922,"A",,"G",4922,"A",,2
222099,"R",7971,"R",65055,"A",,"G",338,"A",,"G",338,"A",,3
222105,"R",189,"R",96840,"A",,"G",114,"A",,"G",114,"A",,3
222178,"R",109786,"A",,"R",17277,"G",3660,"G",720,"R",3660,"R",959,2
222567,"R",107137,"A",,"A",,"G",3571,"A",,"G",3571,"A",,2
222576,"R",211818,"A",,"A",,"G",7061,"A",,"G",7061,"A",,2
222628,"R",8262,"A",,"R",17493,"G",275,"G",729,"G",275,"G",729,2
222673,"A",,"R",214200,"A",,"G",238,"A",,"G",238,"A",,1
222682,"R",4239,"A",,"A",,"G",141,"A",,"G",141,"A",,2
222691,"A",,"R",217800,"A",,"G",242,"A",,"G",242,"A",,1
222707,"R",12179,"A",,"A",,"G",406,"A",,"G",406,"A",,2
222761,"A",,"R",2714160,"A",,"G",3016,"A",,"G",3016,"A",,1
222822,"R",111979,"A",,"A",,"G",3733,"A",,"G",3733,"A",,2
222831,"R",157359,"A",,"R",13122,"G",5245,"G",547,"G",5245,"G",547,2
222877,"R",4262,"A",,"R",24,"G",142,"G",1,"G",142,"G",1,2
222886,"A",,"R",282600,"A",,"G",314,"A",,"G",314,"A",,1
222938,"R",104844,"A",,"A",,"G",2330,"A",,"G",2330,"A",,2
222983,"R",47347,"A",,"R",703,"G",1578,"G",29,"R",1280,"R",22,2
222992,"R",807064,"A",,"A",,"G",26902,"A",,"G",26902,"A",,2
223001,"A",,"A",,"R",3397,"A",,"G",142,"A",,"G",142,-2
223056,"A",,"R",82606,"A",,"G",92,"A",,"G",92,"A",,1
223083,"R",13444,"A",,"A",,"G",448,"A",,"G",448,"A",,2
223117,"R",1080,"A",,"R",1008,"G",36,"G",42,"G",36,"G",42,2
223214,"R",4742,"A",,"R",19320,"G",158,"G",805,"G",158,"G",805,2
223223,"A",,"A",,"R",17412,"A",,"G",726,"A",,"G",726,-2
223232,"R",369340,"A",,"R",60061,"G",12311,"G",2503,"G",12311,"G",2503,2
223320,"R",84613,"A",,"A",,"G",2820,"A",,"G",2820,"A",,2
223427,"R",400472,"A",,"A",,"G",13349,"A",,"G",13349,"A",,2
223463,"R",73946,"A",,"A",,"G",2465,"A",,"G",2465,"A",,2
223472,"R",8601,"A",,"A",,"G",287,"A",,"G",287,"A",,2
223506,"R",76779,"A",,"A",,"G",2559,"A",,"G",2559,"A",,2
223524,"R",222920,"A",,"A",,"G",7431,"A",,"G",7431,"A",,2
223658,"A",,"R",148567,"A",,"G",165,"A",,"G",165,"A",,1
223667,"A",,"R",16523,"A",,"G",18,"A",,"G",18,"A",,1
223773,"R",115051,"A",,"A",,"G",3835,"A",,"G",3835,"A",,2
223816,"R",460268,"A",,"A",,"G",15342,"A",,"G",15342,"A",,2
223852,"A",,"R",54900,"A",,"G",61,"A",,"R",61,"A",,1
223898,"R",75394,"R",520976,"A",,"G",3092,"A",,"G",3092,"A",,3
223922,"R",29410,"R",647104,"A",,"G",1699,"A",,"G",1699,"A",,3
224004,"R",33826,"A",,"R",20034,"G",1128,"G",835,"G",1128,"G",835,2
224013,"A",,"R",80450,"A",,"G",89,"A",,"R",77,"A",,1
224110,"R",179883,"A",,"A",,"G",5996,"A",,"G",5996,"A",,2
224147,"R",206806,"A",,"R",32892,"G",6894,"G",1371,"G",6894,"G",1371,2
224156,"A",,"R",284555,"A",,"G",316,"A",,"G",316,"A",,1
224183,"R",27403,"A",,"A",,"G",609,"A",,"G",609,"A",,2
224226,"R",86371,"A",,"R",30011,"G",2879,"G",1250,"G",2879,"G",1250,2
224244,"R",7689,"A",,"R",198,"G",256,"G",8,"G",256,"G",8,2
224271,"R",9021,"A",,"A",,"G",200,"A",,"G",200,"A",,2
224305,"A",,"A",,"R",35104,"A",,"G",1463,"A",,"G",1463,-2
224323,"R",39948,"A",,"R",23859,"G",1332,"G",994,"G",1332,"G",994,2
224350,"A",,"R",5506408,"A",,"G",6118,"A",,"G",6118,"A",,1
224402,"R",153884,"A",,"R",19731,"G",5129,"G",822,"R",4275,"R",731,2
224439,"R",60186,"A",,"A",,"G",2006,"A",,"G",2006,"A",,2
224527,"R",32707,"A",,"A",,"G",1090,"A",,"G",1090,"A",,2
224545,"R",25436,"A",,"R",9891,"G",848,"G",412,"G",848,"G",412,2
224554,"R",150192,"A",,"R",69247,"G",5006,"G",2885,"G",5006,"G",2885,2
224572,"R",230097,"A",,"A",,"G",7670,"A",,"G",7670,"A",,2
224615,"R",170308,"A",,"A",,"G",5677,"A",,"G",5677,"A",,2
224642,"R",565429,"A",,"A",,"G",18848,"A",,"G",18848,"A",,2
224660,"A",,"R",881594,"A",,"G",980,"A",,"G",980,"A",,1
224679,"A",,"R",1650513,"A",,"G",1834,"A",,"G",1834,"A",,1
224712,"A",,"A",,"R",2407,"A",,"G",100,"A",,"R",88,-2
224758,"A",,"R",174300,"A",,"G",194,"A",,"G",194,"A",,1
224776,"R",90186,"A",,"A",,"G",2004,"A",,"G",2004,"A",,2
224828,"A",,"R",327600,"A",,"G",364,"A",,"G",364,"A",,1
224891,"R",26625,"R",100118,"A",,"G",999,"A",,"G",999,"A",,3
224907,"A",,"R",143207,"A",,"G",159,"A",,"G",159,"A",,1
224961,"R",43197,"A",,"A",,"G",1440,"A",,"G",1440,"A",,2
225070,"A",,"R",2423970,"A",,"G",2693,"A",,"G",2693,"A",,1
225201,"A",,"R",819031,"A",,"G",910,"A",,"G",910,"A",,1
225247,"R",51104,"A",,"R",8917,"G",1703,"G",372,"G",1703,"G",372,2
225308,"R",160269,"A",,"A",,"G",5342,"A",,"G",5342,"A",,2
225371,"R",89448,"A",,"A",,"G",2982,"A",,"G",2982,"A",,2
225399,"R",63999,"A",,"R",6425,"G",2133,"G",268,"G",2133,"G",268,2
225414,"R",101459,"A",,"R",53140,"G",3382,"G",2214,"G",3382,"G",2214,2
225423,"R",1141050,"A",,"A",,"G",38035,"A",,"G",38035,"A",,2
225432,"R",277199,"A",,"R",2169,"G",9240,"G",90,"G",9240,"G",90,2
225502,"R",43753,"A",,"R",26436,"G",1458,"G",1102,"G",1458,"G",1102,2
225511,"R",736471,"A",,"R",176196,"G",24549,"G",7342,"G",24549,"G",7342,2
225520,"R",80345,"A",,"A",,"G",2678,"A",,"G",2678,"A",,2
225548,"R",29815,"A",,"R",275,"G",994,"G",11,"G",994,"G",11,2
225575,"R",22673,"A",,"R",512,"G",756,"G",21,"G",756,"G",21,2
225627,"R",145872,"A",,"R",34021,"G",4862,"G",1418,"G",4862,"G",1418,2
225779,"R",5321,"A",,"A",,"G",177,"A",,"G",177,"A",,2
225788,"R",10238,"A",,"A",,"G",341,"A",,"G",341,"A",,2
225849,"R",36472,"A",,"A",,"G",810,"A",,"G",810,"A",,2
225858,"R",31520,"A",,"A",,"G",700,"A",,"G",700,"A",,2
225876,"R",7812,"A",,"A",,"G",260,"A",,"G",260,"A",,2
225885,"R",18612,"A",,"A",,"G",620,"A",,"R",620,"A",,2
225991,"R",5452,"A",,"A",,"G",182,"A",,"G",182,"A",,2
226019,"A",,"R",3067728,"A",,"G",3409,"A",,"G",3409,"A",,1
226091,"R",232990,"A",,"R",90829,"G",7766,"G",3785,"G",7766,"G",3785,2
226107,"R",35075,"R",477184,"A",,"G",1699,"A",,"G",1699,"A",,3
226116,"A",,"R",1059984,"A",,"G",1178,"A",,"G",1178,"A",,1
226125,"A",,"R",241200,"A",,"G",268,"A",,"G",268,"A",,1
226134,"R",190879,"R",1431472,"A",,"G",7953,"A",,"G",7953,"A",,3
226152,"R",128420,"A",,"R",14352,"G",4281,"G",598,"G",4281,"G",598,2
226204,"R",143085,"A",,"A",,"G",4770,"A",,"G",4770,"A",,2
226231,"R",81397,"A",,"R",6028,"G",2713,"G",251,"G",2713,"G",251,2
226277,"A",,"R",1961760,"A",,"G",2180,"A",,"G",2180,"A",,1
226329,"R",26140,"A",,"A",,"G",871,"A",,"G",871,"A",,2
226374,"A",,"R",56917,"A",,"G",63,"A",,"G",63,"A",,1
226383,"R",43789,"A",,"R",6850,"G",1460,"G",285,"G",1460,"G",285,2
226408,"R",65851,"R",561432,"A",,"G",2819,"A",,"G",2819,"A",,3
226471,"R",69118,"A",,"R",7362,"G",2304,"G",307,"G",2304,"G",307,2
226578,"R",166542,"R",1225580,"A",,"G",6913,"A",,"G",6913,"A",,3
226587,"R",39144,"A",,"A",,"G",1305,"A",,"G",1305,"A",,2
226675,"A",,"R",443664,"A",,"G",493,"A",,"G",493,"A",,1
226772,"A",,"R",93261,"A",,"G",104,"A",,"G",104,"A",,1
226806,"R",123756,"A",,"A",,"G",4125,"A",,"G",4125,"A",,2
226833,"R",149139,"A",,"R",10074,"G",4971,"G",420,"G",4971,"G",420,2
226860,"A",,"R",38099,"A",,"G",42,"A",,"G",42,"A",,1
226879,"R",9164,"A",,"A",,"G",305,"A",,"R",204,"A",,2
226903,"A",,"R",421200,"A",,"G",468,"A",,"G",468,"A",,1
226930,"R",151732,"A",,"A",,"G",5058,"A",,"G",5058,"A",,2
227003,"R",57728,"A",,"A",,"G",1924,"A",,"R",1228,"A",,2
227058,"A",,"R",154500,"A",,"G",172,"A",,"G",172,"A",,1
227146,"R",226490,"A",,"A",,"G",7550,"A",,"G",7550,"A",,2
227155,"A",,"R",44632,"A",,"G",50,"A",,"G",50,"A",,1
227182,"R",1075271,"A",,"A",,"G",35842,"A",,"G",35842,"A",,2
227191,"R",211110,"A",,"A",,"G",7037,"A",,"G",7037,"A",,2
227216,"R",763824,"A",,"R",136723,"G",25461,"G",5697,"G",25461,"G",5697,2
227225,"R",68099,"A",,"A",,"G",2270,"A",,"G",2270,"A",,2
227243,"R",35883,"A",,"R",459,"G",797,"G",13,"G",797,"G",13,2
227289,"A",,"A",,"R",2539,"A",,"G",106,"A",,"G",106,-2
227298,"R",13095,"A",,"A",,"G",437,"A",,"G",437,"A",,2
227304,"R",74713,"R",695072,"A",,"G",3263,"A",,"G",3263,"A",,3
227313,"A",,"R",273357,"A",,"G",304,"A",,"G",304,"A",,1
227322,"A",,"R",281063,"A",,"G",312,"A",,"G",312,"A",,1
227331,"R",38680,"A",,"R",17668,"G",1289,"G",736,"G",1289,"G",736,2
227368,"R",445635,"A",,"R",42569,"G",14855,"G",1774,"G",14855,"G",1774,2
227377,"R",294549,"A",,"R",12623,"G",9818,"G",526,"G",9818,"G",526,2
227386,"R",44811,"A",,"A",,"G",1494,"A",,"G",1494,"A",,2
227401,"R",127209,"A",,"A",,"G",4240,"A",,"G",4240,"A",,2
227429,"R",4082,"A",,"R",43,"G",136,"G",2,"G",136,"G",2,2
227526,"R",186940,"A",,"R",33717,"G",6231,"G",1405,"G",6231,"G",1405,2
227687,"R",19797,"A",,"A",,"G",660,"A",,"G",660,"A",,2
227748,"R",4950,"A",,"A",,"G",165,"A",,"G",165,"A",,2
227757,"R",101402,"A",,"R",67940,"G",3380,"G",2831,"G",3380,"G",2831,2
227766,"R",360266,"A",,"A",,"G",12009,"A",,"G",12009,"A",,2
227836,"R",51087,"A",,"A",,"G",1703,"A",,"G",1703,"A",,2
227845,"R",115062,"A",,"R",15714,"G",3835,"G",655,"G",3835,"G",655,2
227854,"R",224438,"R",4765016,"A",,"G",12776,"A",,"G",12776,"A",,3
227863,"R",44247,"A",,"R",22373,"G",1475,"G",932,"G",1475,"G",932,2
227881,"R",405885,"A",,"R",39924,"G",13530,"G",1664,"G",13530,"G",1664,2
227924,"R",516445,"R",9648048,"A",,"G",27935,"A",,"G",27935,"A",,3
227979,"A",,"R",11996052,"A",,"G",13329,"A",,"G",13329,"A",,1
228042,"R",30351,"A",,"R",738,"G",1012,"G",31,"G",1012,"G",31,2
228088,"A",,"R",43885,"A",,"G",49,"A",,"G",49,"A",,1
228149,"R",70043,"A",,"R",36773,"G",2335,"G",1532,"G",2335,"G",1532,2
228158,"A",,"R",4189200,"A",,"G",4655,"A",,"R",7270,"A",,1
228185,"A",,"R",30155,"A",,"G",34,"A",,"G",34,"A",,1
228194,"A",,"A",,"R",36732,"A",,"G",1531,"A",,"R",1256,-2
228200,"A",,"R",1406824,"A",,"G",1563,"A",,"G",1563,"A",,1
228219,"A",,"R",2170049,"A",,"G",2411,"A",,"G",2411,"A",,1
228246,"R",189853,"A",,"R",85849,"G",6328,"G",3577,"G",6328,"G",3577,2
228282,"R",13246,"A",,"A",,"G",442,"A",,"G",442,"A",,2
228291,"A",,"R",16492,"A",,"G",18,"A",,"G",18,"A",,1
228316,"R",115797,"A",,"A",,"G",3860,"A",,"G",3860,"A",,2
228325,"R",44015,"A",,"R",3695,"G",1467,"G",154,"G",1467,"G",154,2
228343,"R",38398,"A",,"A",,"G",1280,"A",,"G",1280,"A",,2
228431,"R",314066,"A",,"R",28848,"G",10469,"G",1202,"G",10469,"G",1202,2
228459,"R",697924,"A",,"R",86667,"G",23264,"G",3611,"G",23264,"G",3611,2
228468,"R",21153,"A",,"R",519,"G",705,"G",22,"G",705,"G",22,2
228486,"R",5961,"A",,"A",,"G",199,"A",,"G",199,"A",,2
228501,"R",54517,"A",,"R",14526,"G",1817,"G",605,"G",1817,"G",605,2
228529,"R",227653,"A",,"R",32410,"G",7588,"G",1350,"G",7588,"G",1350,2
228547,"R",936589,"A",,"A",,"G",31220,"A",,"G",31220,"A",,2
228608,"R",114092,"A",,"A",,"G",3803,"A",,"G",3803,"A",,2
228635,"R",2746,"A",,"R",51566,"G",92,"G",2149,"G",92,"G",2149,2
228644,"R",25575,"A",,"R",143190,"G",853,"G",5966,"R",853,"R",2545,2
228653,"R",18909,"A",,"R",62412,"G",630,"G",2601,"R",630,"R",1953,2
228680,"A",,"R",5079587,"A",,"G",5644,"A",,"G",5644,"A",,1
228699,"A",,"R",2435320,"A",,"G",2706,"A",,"G",2706,"A",,1
228705,"R",171954,"A",,"R",33837,"G",5732,"G",1410,"G",5732,"G",1410,2
228714,"R",48900,"A",,"R",915,"G",1630,"G",38,"G",1630,"G",38,2
228723,"R",1080747,"R",1241444,"R",178602,"G",37404,"G",7442,"G",37404,"G",7442,3
228769,"R",565452,"A",,"R",131993,"G",18848,"G",5500,"G",18848,"G",5500,2
228778,"R",1046136,"A",,"R",268812,"G",34871,"G",11201,"G",34871,"G",11201,2
228787,"R",254458,"A",,"R",118685,"G",8482,"G",4945,"G",8482,"G",4945,2
228796,"R",436178,"A",,"R",58581,"G",14539,"G",2441,"G",14539,"G",2441,2
228802,"R",127018,"A",,"R",17501,"G",4234,"G",729,"G",4234,"G",729,2
228866,"A",,"A",,"R",19957,"A",,"G",832,"A",,"G",832,-2
228875,"R",226036,"A",,"R",21224,"G",7535,"G",884,"G",7535,"G",884,2
228884,"R",22980,"A",,"R",432,"G",766,"G",18,"R",766,"R",18,2
228909,"A",,"A",,"R",20687,"A",,"G",862,"A",,"R",913,-2
228981,"R",35494,"A",,"A",,"G",1183,"A",,"G",1183,"A",,2
229018,"R",71920,"A",,"R",9764,"G",2397,"G",407,"G",2397,"G",407,2
229027,"R",647709,"A",,"R",58844,"G",21590,"G",2452,"G",21590,"G",2452,2
229036,"R",30313,"A",,"A",,"G",1010,"A",,"G",1010,"A",,2
229063,"R",102004,"A",,"R",26753,"G",3400,"G",1115,"G",3400,"G",1115,2
229115,"R",694200,"A",,"R",117174,"G",23140,"G",4882,"G",23140,"G",4882,2
229151,"A",,"R",92776,"A",,"G",103,"A",,"G",103,"A",,1
229160,"R",42414,"A",,"R",36735,"G",1414,"G",1531,"R",1663,"R",1477,2
229179,"R",185333,"A",,"R",114713,"G",6178,"G",4780,"G",6178,"G",4780,2
229267,"R",74101,"A",,"R",4462,"G",2470,"G",186,"G",2470,"G",186,2
229300,"R",17837,"A",,"R",42030,"G",595,"G",1751,"G",595,"G",1751,2
229319,"R",134865,"A",,"A",,"G",4496,"A",,"G",4496,"A",,2
229328,"A",,"R",1144896,"A",,"G",1272,"A",,"G",1272,"A",,1
229337,"R",28598,"A",,"R",85308,"G",953,"G",3555,"G",953,"G",3555,2
229355,"R",258208,"A",,"A",,"G",8607,"A",,"G",8607,"A",,2
229416,"R",141015,"A",,"A",,"G",4701,"A",,"G",4701,"A",,2
229425,"A",,"R",495670,"A",,"G",551,"A",,"G",551,"A",,1
229504,"R",65267,"R",219551,"A",,"G",2420,"A",,"G",2420,"A",,3
229522,"A",,"R",73975,"A",,"G",82,"A",,"G",82,"A",,1
229540,"R",80599,"A",,"A",,"G",2687,"A",,"G",2687,"A",,2
229638,"A",,"R",24340,"A",,"G",27,"A",,"G",27,"A",,1
229780,"R",110899,"A",,"R",26317,"G",3697,"G",1097,"G",3697,"G",1097,2
229799,"R",106578,"A",,"A",,"G",3553,"A",,"G",3553,"A",,2
229814,"R",161511,"A",,"R",25255,"G",5384,"G",1052,"G",5384,"G",1052,2
229832,"A",,"R",1063520,"A",,"G",1182,"A",,"G",1182,"A",,1
229841,"R",144623,"A",,"A",,"G",4821,"A",,"G",4821,"A",,2
229887,"R",36572,"A",,"A",,"G",1219,"A",,"G",1219,"A",,2
229957,"R",2415,"A",,"A",,"G",81,"A",,"G",81,"A",,2
230010,"A",,"R",699533,"A",,"G",777,"A",,"G",777,"A",,1
230038,"R",949456,"A",,"R",80361,"G",31649,"G",3348,"G",31649,"G",3348,2
230047,"R",93075,"A",,"A",,"G",3103,"A",,"G",3103,"A",,2
230056,"R",27973,"A",,"A",,"G",622,"A",,"G",622,"A",,2
230065,"A",,"R",301231,"A",,"G",335,"A",,"G",335,"A",,1
230092,"R",51307,"A",,"A",,"G",1710,"A",,"G",1710,"A",,2
230135,"A",,"R",59000,"A",,"G",66,"A",,"G",66,"A",,1
230144,"A",,"R",54000,"A",,"G",60,"A",,"G",60,"A",,1
230162,"A",,"R",1625037,"A",,"G",1806,"A",,"G",1806,"A",,1
230171,"R",169339,"A",,"A",,"G",5645,"A",,"G",5645,"A",,2
230199,"A",,"R",71346,"A",,"G",79,"A",,"G",79,"A",,1
230205,"A",,"R",45000,"A",,"G",50,"A",,"G",50,"A",,1
230214,"A",,"R",391439,"A",,"G",435,"A",,"G",435,"A",,1
230223,"R",2010,"A",,"A",,"G",67,"A",,"R",69,"A",,2
230366,"R",24639,"A",,"A",,"G",548,"A",,"G",548,"A",,2
230384,"R",35184,"A",,"A",,"G",782,"A",,"G",782,"A",,2
230418,"R",49367,"A",,"A",,"G",1646,"A",,"G",1646,"A",,2
230472,"R",13974,"A",,"A",,"G",311,"A",,"G",311,"A",,2
230490,"A",,"R",1401092,"A",,"G",1557,"A",,"G",1557,"A",,1
230597,"R",97059,"A",,"A",,"G",3235,"A",,"R",3311,"A",,2
230603,"R",191792,"A",,"R",19330,"G",6393,"G",805,"G",6393,"G",805,2
230621,"R",18280,"A",,"R",420,"G",609,"G",18,"G",609,"G",18,2
230630,"A",,"R",705500,"A",,"G",784,"A",,"G",784,"A",,1
230676,"A",,"R",645927,"A",,"G",718,"A",,"G",718,"A",,1
230728,"R",357825,"A",,"R",26500,"G",11928,"G",1104,"G",11928,"G",1104,2
230737,"R",645176,"A",,"R",871,"G",21506,"G",36,"R",21506,"R",44,2
230746,"R",555420,"R",1105740,"A",,"G",19743,"A",,"G",19743,"A",,3
230764,"R",592220,"A",,"R",167260,"G",19741,"G",6969,"G",19741,"G",6969,2
230782,"R",462273,"A",,"R",12001,"G",15409,"G",500,"R",15409,"R",600,2
230807,"R",62969,"A",,"R",14448,"G",2099,"G",602,"G",2099,"G",602,2
230816,"R",20752,"A",,"R",4403,"G",692,"G",183,"R",634,"R",136,2
230825,"R",4469,"A",,"A",,"G",149,"A",,"G",149,"A",,2
230834,"R",57237,"A",,"R",3664,"G",1908,"G",153,"G",1908,"G",153,2
230852,"R",73357,"A",,"R",5805,"G",2445,"G",242,"G",2445,"G",242,2
230861,"R",104743,"A",,"A",,"G",3491,"A",,"G",3491,"A",,2
230889,"R",8160,"A",,"R",11736,"G",272,"G",489,"R",355,"R",617,2
230898,"R",20901,"A",,"R",1816,"G",697,"G",76,"R",747,"R",97,2
230913,"R",40063,"A",,"R",4607,"G",1335,"G",192,"G",1335,"G",192,2
230931,"R",38817,"A",,"R",1006,"G",1294,"G",42,"G",1294,"G",42,2
230940,"R",9235,"A",,"A",,"G",308,"A",,"G",308,"A",,2
230959,"R",82897,"A",,"R",6204,"G",2763,"G",259,"G",2763,"G",259,2
230977,"R",21920,"R",95470,"A",,"G",837,"A",,"G",837,"A",,3
230995,"R",68853,"A",,"R",37704,"G",2295,"G",1571,"G",2295,"G",1571,2
231004,"A",,"R",57300,"A",,"G",64,"A",,"G",64,"A",,1
231059,"R",59253,"A",,"R",7831,"G",1975,"G",326,"G",1975,"G",326,2
231068,"A",,"A",,"R",8862,"A",,"G",369,"A",,"G",369,-2
231077,"R",5840,"A",,"R",2896,"G",195,"G",121,"G",195,"G",121,2
231086,"R",12797,"A",,"A",,"G",427,"A",,"G",427,"A",,2
231095,"R",3600,"A",,"A",,"G",120,"A",,"G",120,"A",,2
231147,"A",,"A",,"R",21120,"A",,"G",880,"A",,"G",880,-2
231165,"R",40580,"A",,"A",,"G",1353,"A",,"G",1353,"A",,2
231174,"R",329008,"A",,"R",22935,"G",10967,"G",956,"R",10967,"R",1413,2
231280,"A",,"R",64508,"A",,"G",72,"A",,"G",72,"A",,1
231411,"R",36455,"A",,"A",,"G",1215,"A",,"G",1215,"A",,2
231420,"R",22730,"A",,"R",473,"G",758,"G",20,"G",758,"G",20,2
231536,"R",93584,"A",,"A",,"G",3119,"A",,"G",3119,"A",,2
231554,"R",23782,"A",,"A",,"G",793,"A",,"G",793,"A",,2
231581,"R",51813,"A",,"A",,"G",1727,"A",,"G",1727,"A",,2
231624,"R",171529,"A",,"R",54388,"G",5718,"G",2266,"R",5718,"R",2108,2
231642,"R",2840,"A",,"A",,"G",95,"A",,"G",95,"A",,2
231651,"R",41785,"A",,"R",52431,"G",1393,"G",2185,"G",1393,"G",2185,2
231688,"A",,"R",32880,"A",,"G",37,"A",,"G",37,"A",,1
231697,"R",87452,"A",,"A",,"G",2915,"A",,"G",2915,"A",,2
231712,"R",138175,"A",,"R",3995,"G",4606,"G",166,"G",4606,"G",166,2
231721,"A",,"R",91103,"A",,"G",101,"A",,"G",101,"A",,1
231785,"R",21233,"A",,"A",,"G",708,"A",,"G",708,"A",,2
231828,"R",16462,"A",,"A",,"G",549,"A",,"G",549,"A",,2
231837,"R",23794,"A",,"R",4716,"G",793,"G",197,"G",793,"G",197,2
231873,"R",26001,"A",,"A",,"G",867,"A",,"G",867,"A",,2
231882,"R",85631,"A",,"A",,"G",2854,"A",,"G",2854,"A",,2
231970,"R",762,"A",,"R",10890,"G",25,"G",454,"G",25,"G",454,2
232016,"R",41500,"A",,"A",,"G",1383,"A",,"G",1383,"A",,2
232025,"R",25995,"A",,"R",858,"G",867,"G",36,"G",867,"G",36,2
232043,"R",32158,"A",,"R",7576,"G",1072,"G",316,"G",1072,"G",316,2
232052,"R",19867,"A",,"A",,"G",662,"A",,"G",662,"A",,2
232089,"R",37916,"A",,"A",,"G",1264,"A",,"G",1264,"A",,2
232186,"R",537036,"A",,"R",167916,"G",17901,"G",6997,"G",17901,"G",6997,2
232195,"R",127358,"A",,"A",,"G",4245,"A",,"G",4245,"A",,2
232256,"R",33887,"A",,"A",,"G",1130,"A",,"G",1130,"A",,2
232265,"R",145010,"A",,"R",16708,"G",4834,"G",696,"G",4834,"G",696,2
232308,"R",28744,"A",,"R",6080,"G",958,"G",253,"G",958,"G",253,2
232414,"R",243501,"A",,"A",,"G",8117,"A",,"G",8117,"A",,2
232423,"R",517800,"A",,"R",33269,"G",17260,"G",1386,"G",17260,"G",1386,2
232450,"R",172527,"A",,"A",,"G",5751,"A",,"G",5751,"A",,2
232502,"R",25171,"A",,"A",,"G",559,"A",,"G",559,"A",,2
232557,"R",792909,"A",,"R",354274,"G",26430,"G",14761,"G",26430,"G",14761,2
232566,"R",124457,"A",,"R",7786,"G",4149,"G",324,"G",4149,"G",324,2
232575,"R",115226,"A",,"A",,"G",3841,"A",,"G",3841,"A",,2
232593,"A",,"R",28848,"A",,"G",32,"A",,"G",32,"A",,1
232609,"R",66014,"A",,"R",5904,"G",2200,"G",246,"G",2200,"G",246,2
232618,"R",10390,"A",,"A",,"G",231,"A",,"G",231,"A",,2
232672,"R",39978,"A",,"R",5288,"G",1333,"G",220,"G",1333,"G",220,2
232681,"R",126180,"A",,"R",11460,"G",4206,"G",478,"G",4206,"G",478,2
232706,"R",64205,"A",,"R",22333,"G",2140,"G",931,"G",2140,"G",931,2
232724,"R",3559,"A",,"A",,"G",119,"A",,"R",117,"A",,2
232788,"R",64084,"A",,"A",,"G",2136,"A",,"G",2136,"A",,2
232797,"R",187830,"A",,"R",1840,"G",4174,"G",51,"G",4174,"G",51,2
232867,"R",101726,"A",,"A",,"G",3391,"A",,"G",3391,"A",,2
232885,"R",9188,"A",,"A",,"G",306,"A",,"G",306,"A",,2
232919,"R",5976,"A",,"A",,"G",199,"A",,"G",199,"A",,2
232937,"R",157748,"A",,"R",14405,"G",5258,"G",600,"G",5258,"G",600,2
232946,"R",976112,"A",,"A",,"G",32537,"A",,"G",32537,"A",,2
232982,"R",475416,"A",,"R",79784,"G",15847,"G",3324,"R",15631,"R",3594,2
233019,"R",78878,"A",,"A",,"G",2629,"A",,"G",2629,"A",,2
233037,"R",29459,"A",,"A",,"G",982,"A",,"G",982,"A",,2
233082,"R",5745,"A",,"A",,"G",192,"A",,"G",192,"A",,2
233091,"R",22264,"A",,"A",,"G",495,"A",,"G",495,"A",,2
233116,"R",86349,"A",,"A",,"G",2878,"A",,"G",2878,"A",,2
233277,"R",232066,"A",,"R",20011,"G",7736,"G",834,"G",7736,"G",834,2
233286,"A",,"R",29126,"A",,"G",32,"A",,"G",32,"A",,1
233295,"R",37840,"A",,"A",,"G",1261,"A",,"G",1261,"A",,2
233301,"R",14098,"A",,"R",368,"G",470,"G",15,"G",470,"G",15,2
233310,"R",55729,"A",,"A",,"G",1858,"A",,"G",1858,"A",,2
233329,"A",,"R",359843,"A",,"G",400,"A",,"G",400,"A",,1
233338,"R",35879,"A",,"A",,"G",1196,"A",,"G",1196,"A",,2
233356,"R",8875,"A",,"A",,"G",296,"A",,"G",296,"A",,2
233374,"R",98576,"A",,"R",21416,"G",3286,"G",892,"G",3286,"G",892,2
233408,"R",9945,"A",,"A",,"G",332,"A",,"G",332,"A",,2
233426,"R",67058,"A",,"A",,"G",2235,"A",,"G",2235,"A",,2
233480,"R",1598,"A",,"A",,"G",53,"A",,"G",53,"A",,2
233499,"R",16851,"A",,"A",,"G",562,"A",,"R",588,"A",,2
233541,"R",55524,"A",,"R",38220,"G",1851,"G",1593,"G",1851,"G",1593,2
233611,"R",18883,"A",,"A",,"G",629,"A",,"G",629,"A",,2
233639,"R",115796,"A",,"A",,"G",3860,"A",,"G",3860,"A",,2
233648,"R",77557,"A",,"A",,"G",2585,"A",,"G",2585,"A",,2
233657,"A",,"R",190205,"A",,"G",211,"A",,"G",211,"A",,1
233666,"A",,"R",43505,"A",,"G",48,"A",,"R",43,"A",,1
233684,"R",350690,"A",,"R",106826,"G",7793,"G",2967,"G",7793,"G",2967,2
233718,"R",18803,"A",,"R",369,"G",627,"G",15,"G",627,"G",15,2
233754,"R",197438,"A",,"A",,"G",6581,"A",,"G",6581,"A",,2
233772,"R",645223,"A",,"A",,"G",21507,"A",,"G",21507,"A",,2
233842,"A",,"A",,"R",5116,"A",,"G",213,"A",,"G",213,-2
233897,"R",48894,"A",,"A",,"G",1630,"A",,"G",1630,"A",,2
233903,"R",54554,"A",,"A",,"G",1818,"A",,"G",1818,"A",,2
233912,"R",16658,"A",,"A",,"G",555,"A",,"G",555,"A",,2
233921,"R",740902,"A",,"R",157114,"G",24697,"G",6546,"G",24697,"G",6546,2
233949,"R",146781,"A",,"A",,"G",4893,"A",,"G",4893,"A",,2
234030,"R",633906,"A",,"R",194874,"G",21130,"G",8120,"G",21130,"G",8120,2
234076,"R",460191,"A",,"R",220267,"G",15340,"G",9178,"G",15340,"G",9178,2
234085,"R",51217,"A",,"A",,"G",1707,"A",,"G",1707,"A",,2
234119,"A",,"R",72552,"A",,"G",81,"A",,"G",81,"A",,1
234137,"R",4419,"A",,"R",1820,"G",147,"G",76,"G",147,"G",76,2
234155,"R",148724,"A",,"R",9027,"G",4957,"G",376,"R",4940,"R",398,2
234164,"R",33723,"A",,"R",8132,"G",1124,"G",339,"G",1124,"G",339,2
234173,"R",37610,"A",,"A",,"G",1254,"A",,"G",1254,"A",,2
234191,"A",,"R",192885,"A",,"G",214,"A",,"G",214,"A",,1
234207,"R",51964,"A",,"R",11465,"G",1732,"G",478,"G",1732,"G",478,2
234216,"R",50982,"A",,"A",,"G",1133,"A",,"G",1133,"A",,2
234225,"A",,"R",70940,"A",,"G",79,"A",,"G",79,"A",,1
234359,"A",,"R",222507,"A",,"G",247,"A",,"G",247,"A",,1
234377,"R",73523,"A",,"A",,"G",2451,"A",,"G",2451,"A",,2
234401,"A",,"R",141528,"A",,"G",157,"A",,"G",157,"A",,1
234492,"R",97962,"A",,"A",,"G",2177,"A",,"G",2177,"A",,2
234650,"A",,"R",82645,"A",,"G",92,"A",,"G",92,"A",,1
234669,"R",521972,"A",,"A",,"G",11599,"A",,"G",11599,"A",,2
234687,"A",,"R",111600,"A",,"G",124,"A",,"G",124,"A",,1
234696,"R",101157,"A",,"A",,"G",2248,"A",,"G",2248,"A",,2
234711,"R",82584,"A",,"A",,"G",1835,"A",,"G",1835,"A",,2
234739,"R",19863,"A",,"A",,"G",662,"A",,"R",424,"A",,2
234784,"R",38002,"A",,"A",,"G",1267,"A",,"G",1267,"A",,2
234827,"R",464796,"A",,"R",16373,"G",10329,"G",455,"G",10329,"G",455,2
234845,"R",108617,"A",,"A",,"G",2414,"A",,"G",2414,"A",,2
234915,"R",45098,"A",,"R",39542,"G",1002,"G",1098,"R",1002,"R",1647,2
234924,"A",,"R",92603,"A",,"G",103,"A",,"G",103,"A",,1
234933,"R",425854,"A",,"A",,"G",9463,"A",,"G",9463,"A",,2
234951,"R",248282,"A",,"A",,"G",5517,"A",,"G",5517,"A",,2
234979,"R",237508,"A",,"A",,"G",5278,"A",,"G",5278,"A",,2
235024,"R",24181,"A",,"A",,"G",806,"A",,"G",806,"A",,2
235088,"A",,"R",418500,"A",,"G",465,"A",,"G",465,"A",,1
235097,"R",431691,"A",,"R",51259,"G",9593,"G",1424,"G",9593,"G",1424,2
235103,"R",328364,"A",,"A",,"G",7297,"A",,"G",7297,"A",,2
235149,"R",245630,"A",,"A",,"G",5458,"A",,"G",5458,"A",,2
235158,"A",,"R",122628,"A",,"G",136,"A",,"G",136,"A",,1
235167,"R",207030,"A",,"R",9888,"G",4601,"G",275,"G",4601,"G",275,2
235237,"R",264949,"A",,"A",,"G",5888,"A",,"G",5888,"A",,2
235307,"A",,"R",430449,"A",,"G",478,"A",,"R",285,"A",,1
235316,"R",152991,"A",,"R",53116,"G",5100,"G",2213,"R",5191,"R",2076,2
235334,"R",92583,"A",,"A",,"G",2057,"A",,"G",2057,"A",,2
235343,"R",331605,"A",,"A",,"G",7369,"A",,"G",7369,"A",,2
235352,"A",,"R",85717,"A",,"G",95,"A",,"G",95,"A",,1
235422,"R",19182,"A",,"R",5447,"G",639,"G",227,"G",639,"G",227,2
235431,"R",265525,"A",,"A",,"G",5901,"A",,"G",5901,"A",,2
235495,"R",7124,"A",,"A",,"G",237,"A",,"G",237,"A",,2
235501,"R",36153,"A",,"A",,"G",1205,"A",,"G",1205,"A",,2
235510,"R",29624,"A",,"A",,"G",658,"A",,"G",658,"A",,2
235529,"R",23244,"A",,"A",,"G",517,"A",,"G",517,"A",,2
235547,"R",7474,"A",,"R",42996,"G",166,"G",1194,"G",166,"G",1194,2
235583,"A",,"R",397959,"A",,"G",442,"A",,"G",442,"A",,1
235671,"A",,"R",3723832,"A",,"G",4138,"A",,"G",4138,"A",,1
235699,"R",156796,"A",,"A",,"G",3484,"A",,"G",3484,"A",,2
235750,"R",152096,"A",,"A",,"G",3380,"A",,"G",3380,"A",,2
235769,"R",1795,"A",,"A",,"G",60,"A",,"G",60,"A",,2
235954,"A",,"R",54400,"A",,"G",60,"A",,"G",60,"A",,1
236018,"A",,"R",92700,"A",,"G",103,"A",,"R",103,"A",,1
236027,"A",,"R",592500,"A",,"G",658,"A",,"G",658,"A",,1
236072,"R",199609,"A",,"A",,"G",4436,"A",,"G",4436,"A",,2
236090,"A",,"A",,"R",1007,"A",,"G",28,"A",,"G",28,-2
236133,"R",30077,"A",,"R",7769,"G",1003,"G",324,"G",1003,"G",324,2
236188,"R",268708,"A",,"A",,"G",5971,"A",,"G",5971,"A",,2
236212,"A",,"R",893732,"A",,"G",993,"A",,"R",937,"A",,1
236230,"R",100227,"A",,"R",6202,"G",3341,"G",258,"G",3341,"G",258,2
236258,"R",113317,"A",,"A",,"G",2518,"A",,"G",2518,"A",,2
236328,"R",80988,"A",,"R",6189,"G",2700,"G",258,"R",2531,"R",204,2
236382,"R",134777,"A",,"A",,"G",2995,"A",,"G",2995,"A",,2
236452,"R",38302,"A",,"R",5480,"G",1277,"G",228,"G",1277,"G",228,2
236504,"R",198167,"A",,"A",,"G",4404,"A",,"G",4404,"A",,2
236513,"R",276118,"A",,"A",,"G",6136,"A",,"G",6136,"A",,2
236531,"R",14917,"A",,"A",,"G",497,"A",,"R",317,"A",,2
236577,"R",139361,"A",,"R",23865,"G",3097,"G",663,"G",3097,"G",663,2
236595,"R",187300,"A",,"R",85211,"G",4162,"G",2367,"R",4162,"R",3289,2
236610,"R",229826,"A",,"A",,"G",5107,"A",,"G",5107,"A",,2
236638,"R",195083,"A",,"A",,"G",4335,"A",,"G",4335,"A",,2
236656,"R",208944,"A",,"A",,"G",4643,"A",,"G",4643,"A",,2
236692,"R",331323,"A",,"A",,"G",7363,"A",,"G",7363,"A",,2
236708,"R",308614,"A",,"A",,"G",6858,"A",,"G",6858,"A",,2
236744,"A",,"R",98600,"A",,"G",110,"A",,"G",110,"A",,1
236753,"R",261080,"A",,"A",,"G",5802,"A",,"G",5802,"A",,2
236887,"R",193462,"A",,"A",,"G",4299,"A",,"G",4299,"A",,2
236896,"R",68162,"A",,"R",9395,"G",1515,"G",261,"G",1515,"G",261,2
236939,"R",605696,"A",,"R",85767,"G",20190,"G",3574,"G",20190,"G",3574,2
236948,"R",1293493,"A",,"R",426974,"G",28744,"G",11860,"R",28744,"R",14232,2
236975,"R",125548,"A",,"A",,"G",2790,"A",,"G",2790,"A",,2
236993,"R",20502,"A",,"A",,"G",456,"A",,"G",456,"A",,2
237011,"R",584419,"A",,"R",22878,"G",12987,"G",636,"G",12987,"G",636,2
237039,"R",151169,"A",,"A",,"G",3359,"A",,"G",3359,"A",,2
237057,"R",47904,"A",,"A",,"G",1597,"A",,"R",1459,"A",,2
237066,"R",76122,"A",,"R",6852,"G",2537,"G",286,"G",2537,"G",286,2
237109,"R",177190,"A",,"A",,"G",3938,"A",,"G",3938,"A",,2
237118,"R",19200,"A",,"R",5221,"G",640,"G",218,"R",640,"R",114,2
237127,"A",,"R",11250,"A",,"G",13,"A",,"G",13,"A",,1
237136,"R",7623,"A",,"R",90,"G",254,"G",4,"G",254,"G",4,2
237145,"A",,"R",28894,"A",,"G",32,"A",,"R",20,"A",,1
237154,"R",125556,"A",,"R",19319,"G",4185,"G",805,"G",4185,"G",805,2
237172,"A",,"R",150000,"A",,"G",167,"A",,"G",167,"A",,1
237181,"R",26455,"A",,"A",,"G",882,"A",,"G",882,"A",,2
237215,"R",56162,"A",,"A",,"G",1872,"A",,"G",1872,"A",,2
237242,"A",,"R",121770,"A",,"G",135,"A",,"G",135,"A",,1
237303,"A",,"R",154469,"A",,"G",172,"A",,"G",172,"A",,1
237312,"R",33839,"A",,"R",12365,"G",1128,"G",515,"G",1128,"G",515,2
237321,"A",,"R",105194,"A",,"G",117,"A",,"G",117,"A",,1
237330,"R",80251,"A",,"R",2734,"G",2675,"G",114,"G",2675,"G",114,2
237358,"R",18835,"A",,"A",,"G",628,"A",,"R",667,"A",,2
237367,"R",111822,"A",,"R",4322,"G",3727,"G",180,"G",3727,"G",180,2
237385,"R",41492,"A",,"A",,"G",1383,"A",,"G",1383,"A",,2
237419,"A",,"R",25975,"A",,"G",29,"A",,"G",29,"A",,1
237437,"R",50412,"A",,"A",,"G",1120,"A",,"G",1120,"A",,2
237473,"A",,"R",175149,"A",,"G",195,"A",,"G",195,"A",,1
237491,"A",,"R",27100,"A",,"G",30,"A",,"R",30,"A",,1
237525,"R",267097,"A",,"R",70258,"G",8903,"G",2927,"G",8903,"G",2927,2
237543,"A",,"R",113822,"A",,"G",126,"A",,"G",126,"A",,1
237552,"R",8595,"A",,"A",,"G",191,"A",,"G",191,"A",,2
237561,"A",,"R",103950,"A",,"G",116,"A",,"R",115,"A",,1
237570,"A",,"R",166681,"A",,"G",185,"A",,"G",185,"A",,1
237598,"R",8160,"A",,"A",,"G",181,"A",,"G",181,"A",,2
237604,"R",27613,"A",,"A",,"G",920,"A",,"R",588,"A",,2
237613,"A",,"R",70230,"A",,"G",78,"A",,"G",78,"A",,1
237640,"R",12284,"A",,"R",426,"G",409,"G",18,"G",409,"G",18,2
237686,"R",101405,"A",,"A",,"G",3380,"A",,"G",3380,"A",,2
237701,"R",43360,"A",,"A",,"G",1445,"A",,"G",1445,"A",,2
237729,"A",,"R",130405,"A",,"G",145,"A",,"G",145,"A",,1
237783,"R",17748,"A",,"R",13860,"G",592,"G",578,"G",592,"G",578,2
237792,"R",107984,"A",,"R",2543,"G",3599,"G",106,"G",3599,"G",106,2
237817,"R",51949,"A",,"A",,"G",1732,"A",,"G",1732,"A",,2
237844,"A",,"R",68650,"A",,"G",76,"A",,"G",76,"A",,1
237880,"A",,"A",,"R",42598,"A",,"G",1775,"A",,"R",781,-2
237899,"R",80604,"A",,"R",662,"G",2687,"G",28,"G",2687,"G",28,2
237905,"A",,"R",56100,"R",144,"G",62,"G",6,"G",62,"G",6,1
237932,"R",71240,"A",,"R",1182,"G",2375,"G",49,"G",2375,"G",49,2
237950,"R",32034,"A",,"A",,"G",1068,"A",,"G",1068,"A",,2
237969,"R",38230,"A",,"R",1272,"G",1274,"G",53,"G",1274,"G",53,2
237978,"R",3456,"A",,"A",,"G",77,"A",,"G",77,"A",,2
237987,"R",13070,"A",,"A",,"G",290,"A",,"G",290,"A",,2
237996,"R",8648,"A",,"A",,"G",192,"A",,"G",192,"A",,2
238005,"A",,"R",58550,"A",,"G",65,"A",,"R",68,"A",,1
238014,"R",74197,"A",,"A",,"G",2473,"A",,"G",2473,"A",,2
238032,"R",663768,"A",,"R",162591,"G",22126,"G",6775,"G",22126,"G",6775,2
238078,"R",27696,"A",,"R",5333,"G",923,"G",222,"G",923,"G",222,2
238096,"A",,"R",44640,"A",,"G",50,"A",,"G",50,"A",,1
238166,"A",,"R",135657,"A",,"G",151,"A",,"G",151,"A",,1
238175,"A",,"R",173185,"A",,"G",192,"A",,"G",192,"A",,1
238193,"R",57333,"A",,"R",5761,"G",1911,"G",240,"G",1911,"G",240,2
238263,"R",298515,"A",,"R",769,"G",9951,"G",32,"G",9951,"G",32,2
238315,"A",,"R",24856,"A",,"G",28,"A",,"R",13,"A",,1
238324,"R",6227,"A",,"R",487,"G",208,"G",20,"G",208,"G",20,2
238333,"R",41362,"A",,"A",,"G",1379,"A",,"R",1292,"A",,2
238397,"R",71002,"A",,"A",,"G",2367,"A",,"G",2367,"A",,2
238421,"R",3185,"A",,"A",,"G",106,"A",,"G",106,"A",,2
238430,"R",66050,"A",,"R",46473,"G",2202,"G",1936,"R",2929,"R",2515,2
238458,"R",88326,"A",,"R",6093,"G",2944,"G",254,"G",2944,"G",254,2
238476,"R",95349,"A",,"R",1198,"G",3178,"G",50,"G",3178,"G",50,2
238616,"R",92413,"A",,"R",38314,"G",3080,"G",1596,"G",3080,"G",1596,2
238661,"R",53766,"A",,"R",11144,"G",1792,"G",464,"G",1792,"G",464,2
238722,"R",187353,"A",,"A",,"G",6245,"A",,"G",6245,"A",,2
238759,"R",148188,"A",,"A",,"G",4940,"A",,"G",4940,"A",,2
238786,"A",,"R",140366,"A",,"G",156,"A",,"G",156,"A",,1
238810,"A",,"R",97348,"A",,"G",108,"A",,"G",108,"A",,1
238892,"R",57704,"A",,"A",,"G",1282,"A",,"G",1282,"A",,2
238935,"R",6012,"A",,"R",2975,"G",200,"G",124,"R",167,"R",110,2
238980,"R",60497,"A",,"R",13795,"G",2017,"G",575,"G",2017,"G",575,2
239008,"R",61680,"A",,"A",,"G",2056,"A",,"G",2056,"A",,2
239017,"R",81781,"A",,"A",,"G",2726,"A",,"R",1514,"A",,2
239071,"R",23716,"A",,"R",1067,"G",791,"G",44,"G",791,"G",44,2
239080,"R",53413,"A",,"R",14701,"G",1780,"G",613,"G",1780,"G",613,2
239105,"R",240708,"A",,"R",73317,"G",8024,"G",3055,"R",8041,"R",2885,2
239132,"A",,"R",291907,"A",,"G",324,"A",,"R",162,"A",,1
239169,"A",,"A",,"R",8554,"A",,"G",356,"A",,"R",357,-2
239220,"R",76917,"A",,"A",,"G",2564,"A",,"G",2564,"A",,2
239248,"R",373236,"A",,"A",,"G",12441,"A",,"G",12441,"A",,2
239309,"R",21697,"A",,"A",,"G",723,"A",,"G",723,"A",,2
239318,"R",105014,"A",,"R",2979,"G",2334,"G",83,"G",2334,"G",83,2
239372,"R",97856,"A",,"A",,"G",3262,"A",,"G",3262,"A",,2
239390,"R",33830,"A",,"R",8396,"G",1128,"G",350,"G",1128,"G",350,2
239424,"A",,"A",,"R",2100,"A",,"G",88,"A",,"G",88,-2
239442,"R",30695,"A",,"A",,"G",1023,"A",,"G",1023,"A",,2
239460,"R",94172,"A",,"A",,"G",3139,"A",,"G",3139,"A",,2
239488,"R",194162,"A",,"A",,"G",6472,"A",,"G",6472,"A",,2
239503,"R",16406,"A",,"R",1477,"G",547,"G",62,"G",547,"G",62,2
239512,"R",18536,"A",,"R",26,"G",618,"G",1,"G",618,"G",1,2
239628,"R",33451,"A",,"A",,"G",1115,"A",,"G",1115,"A",,2
239637,"A",,"A",,"R",2741,"A",,"G",114,"A",,"R",123,-2
239716,"R",66489,"A",,"R",732,"G",2216,"G",31,"G",2216,"G",31,2
239743,"R",9429,"A",,"R",3198,"G",314,"G",133,"G",314,"G",133,2
239877,"A",,"R",75000,"A",,"G",83,"A",,"R",72,"A",,1
239910,"R",47126,"A",,"A",,"G",1571,"A",,"G",1571,"A",,2
239929,"R",27823,"A",,"A",,"G",927,"A",,"G",927,"A",,2
239965,"A",,"R",28500,"A",,"G",32,"A",,"G",32,"A",,1
240055,"R",307289,"A",,"A",,"G",10243,"A",,"G",10243,"A",,2
240107,"R",57669,"A",,"R",35263,"G",1922,"G",1469,"G",1922,"G",1469,2
240116,"R",116328,"A",,"A",,"G",3878,"A",,"G",3878,"A",,2
240125,"R",138285,"A",,"A",,"G",4610,"A",,"G",4610,"A",,2
240170,"R",107239,"A",,"A",,"G",3575,"A",,"R",4100,"A",,2
240189,"R",281319,"A",,"R",23989,"G",9377,"G",1000,"G",9377,"G",1000,2
240198,"R",80839,"A",,"A",,"G",2695,"A",,"G",2695,"A",,2
240213,"A",,"A",,"R",1274,"A",,"G",53,"A",,"G",53,-2
240240,"A",,"R",133400,"A",,"G",148,"A",,"G",148,"A",,1
240268,"R",296318,"A",,"R",8095,"G",9877,"G",337,"G",9877,"G",337,2
240277,"R",161304,"A",,"R",2885,"G",5377,"G",120,"G",5377,"G",120,2
240329,"R",257837,"A",,"R",20764,"G",8595,"G",865,"G",8595,"G",865,2
240338,"R",23952,"A",,"A",,"G",798,"A",,"G",798,"A",,2
240365,"R",290142,"A",,"R",16577,"G",9671,"G",691,"G",9671,"G",691,2
240374,"R",125096,"A",,"R",2165,"G",4170,"G",90,"G",4170,"G",90,2
240392,"R",80478,"A",,"R",2942,"G",2683,"G",123,"G",2683,"G",123,2
240417,"R",217836,"A",,"R",17317,"G",7261,"G",722,"G",7261,"G",722,2
240426,"R",67156,"A",,"R",3815,"G",2239,"G",159,"G",2239,"G",159,2
240444,"R",816460,"A",,"R",234281,"G",27215,"G",9762,"G",27215,"G",9762,2
240453,"R",666381,"A",,"R",82103,"G",22213,"G",3421,"G",22213,"G",3421,2
240462,"R",196164,"A",,"R",9037,"G",6539,"G",377,"G",6539,"G",377,2
240471,"R",174350,"A",,"R",8417,"G",5812,"G",351,"G",5812,"G",351,2
240480,"R",251929,"A",,"R",6814,"G",8398,"G",284,"G",8398,"G",284,2
240505,"R",89046,"A",,"A",,"G",2968,"A",,"R",3710,"A",,2
240514,"R",43313,"A",,"A",,"G",1444,"A",,"R",1805,"A",,2
240596,"R",28070,"A",,"A",,"G",936,"A",,"G",936,"A",,2
240620,"R",100306,"A",,"A",,"G",3344,"A",,"R",4179,"A",,2
240657,"R",49966,"A",,"A",,"G",1666,"A",,"G",1666,"A",,2
240666,"R",59532,"A",,"A",,"G",1984,"A",,"R",2481,"A",,2
240693,"R",60218,"A",,"A",,"G",2007,"A",,"R",2512,"A",,2
240709,"A",,"R",56000,"A",,"G",62,"A",,"R",60,"A",,1
240718,"R",93135,"A",,"A",,"G",3105,"A",,"R",1432,"A",,2
240727,"R",272279,"A",,"R",48894,"G",9076,"G",2037,"G",9076,"G",2037,2
240736,"R",44625,"A",,"A",,"G",1488,"A",,"G",1488,"A",,2
240745,"R",41827,"A",,"A",,"G",1394,"A",,"G",1394,"A",,2
240754,"R",84335,"A",,"R",4553,"G",2811,"G",190,"G",2811,"G",190,2
240790,"R",22213,"A",,"A",,"G",740,"A",,"G",740,"A",,2
240879,"R",17265,"A",,"A",,"G",576,"A",,"G",576,"A",,2
240985,"R",14221,"A",,"A",,"G",474,"A",,"G",474,"A",,2
241100,"R",37887,"A",,"R",2181,"G",1263,"G",91,"G",1263,"G",91,2
241128,"R",33856,"A",,"R",1446,"G",1129,"G",60,"G",1129,"G",60,2
241146,"R",25994,"A",,"A",,"G",866,"A",,"G",866,"A",,2
241182,"R",14016,"A",,"A",,"G",467,"A",,"G",467,"A",,2
241191,"R",28647,"A",,"R",563,"G",955,"G",23,"G",955,"G",23,2
241216,"R",42144,"A",,"R",768,"G",1405,"G",32,"G",1405,"G",32,2
241225,"R",58494,"A",,"R",6890,"G",1950,"G",287,"G",1950,"G",287,2
241304,"R",41984,"A",,"R",1998,"G",1399,"G",83,"G",1399,"G",83,2
241331,"R",4758,"A",,"R",11262,"G",159,"G",469,"G",159,"G",469,2
241377,"R",44708,"A",,"R",5546,"G",1490,"G",231,"G",1490,"G",231,2
241386,"R",14534,"A",,"R",1803,"G",484,"G",75,"G",484,"G",75,2
241395,"R",12617,"A",,"R",3418,"G",421,"G",142,"R",421,"R",190,2
241410,"R",155410,"A",,"R",38607,"G",5180,"G",1609,"R",5180,"R",2145,2
241517,"R",52688,"A",,"A",,"G",1756,"A",,"G",1756,"A",,2
241614,"R",6000,"A",,"A",,"G",200,"A",,"G",200,"A",,2
241720,"R",48816,"A",,"A",,"G",1627,"A",,"G",1627,"A",,2
241739,"R",278085,"A",,"R",37263,"G",9270,"G",1553,"G",9270,"G",1553,2
241766,"R",9553,"A",,"R",301,"G",318,"G",13,"G",318,"G",13,2
241793,"A",,"A",,"R",5960,"A",,"G",248,"A",,"G",248,-2
241836,"R",27669,"A",,"A",,"G",922,"A",,"G",922,"A",,2
241906,"R",7575,"R",34639,"A",,"G",291,"A",,"G",291,"A",,3
241951,"R",16812,"A",,"A",,"G",560,"A",,"R",467,"A",,2
242042,"R",24106,"A",,"A",,"G",804,"A",,"G",804,"A",,2
242112,"R",84093,"A",,"A",,"G",2803,"A",,"G",2803,"A",,2
242121,"R",24364,"A",,"A",,"G",812,"A",,"G",812,"A",,2
242130,"R",11082,"A",,"A",,"G",369,"A",,"G",369,"A",,2
242149,"R",15186,"A",,"A",,"G",506,"A",,"G",506,"A",,2
242316,"R",4720,"A",,"A",,"G",157,"A",,"G",157,"A",,2
242413,"R",9096,"A",,"A",,"G",303,"A",,"G",303,"A",,2
242422,"R",701000,"A",,"A",,"G",23367,"A",,"G",23367,"A",,2
242556,"R",26550,"A",,"A",,"G",885,"A",,"G",885,"A",,2
242565,"R",21600,"A",,"A",,"G",720,"A",,"G",720,"A",,2
242583,"A",,"R",502875,"A",,"G",559,"A",,"G",559,"A",,1
242617,"R",116210,"A",,"R",10184,"G",3874,"G",424,"R",4842,"R",566,2
242626,"R",96769,"A",,"R",3609,"G",3226,"G",150,"R",4032,"R",201,2
242635,"R",106340,"A",,"R",4412,"G",3545,"G",184,"R",4431,"R",245,2
242644,"R",56772,"A",,"R",2385,"G",1892,"G",99,"R",2366,"R",133,2
242653,"R",187398,"A",,"R",47720,"G",6247,"G",1988,"R",7808,"R",2651,2
242662,"R",135797,"A",,"R",4664,"G",4527,"G",194,"R",5658,"R",259,2
242680,"R",50896,"A",,"R",1169,"G",1697,"G",49,"R",2121,"R",65,2
242699,"R",55541,"A",,"R",1086,"G",1851,"G",45,"R",2314,"R",60,2
242705,"R",124775,"A",,"R",1358,"G",4159,"G",57,"R",5199,"R",75,2
242723,"A",,"A",,"R",22033,"A",,"G",918,"A",,"R",734,-2
242750,"R",4087,"A",,"A",,"G",136,"A",,"G",136,"A",,2
242820,"R",33124,"A",,"A",,"G",1104,"A",,"G",1104,"A",,2
242884,"R",56624,"A",,"A",,"G",1887,"A",,"G",1887,"A",,2
242945,"A",,"R",511600,"A",,"G",568,"A",,"G",568,"A",,1
242954,"A",,"R",93200,"A",,"G",104,"A",,"G",104,"A",,1
242972,"R",89132,"A",,"A",,"G",2971,"A",,"G",2971,"A",,2
242981,"R",55446,"A",,"A",,"G",1848,"A",,"G",1848,"A",,2
243072,"R",78870,"A",,"A",,"G",2629,"A",,"G",2629,"A",,2
243081,"A",,"A",,"R",14784,"A",,"G",616,"A",,"G",616,-2
243106,"R",82340,"A",,"A",,"G",2745,"A",,"G",2745,"A",,2
243115,"R",141613,"A",,"A",,"G",4720,"A",,"R",4055,"A",,2
243133,"R",149100,"R",27962,"A",,"G",5001,"A",,"R",4487,"A",,3
243142,"R",145525,"A",,"A",,"G",3234,"A",,"G",3234,"A",,2
243151,"R",101000,"A",,"A",,"G",3367,"A",,"G",3367,"A",,2
243179,"R",129936,"A",,"A",,"G",4331,"A",,"R",4482,"A",,2
243188,"R",40859,"A",,"A",,"G",1362,"A",,"R",1626,"A",,2
243197,"R",377949,"A",,"R",11519,"G",12598,"G",480,"G",12598,"G",480,2
243203,"R",16946,"A",,"R",52606,"G",565,"G",2192,"G",565,"G",2192,2
243212,"R",102930,"A",,"A",,"G",3431,"A",,"R",3370,"A",,2
243221,"R",396785,"A",,"R",32083,"G",13226,"G",1337,"G",13226,"G",1337,2
243346,"R",309269,"A",,"R",22682,"G",10309,"G",945,"G",10309,"G",945,2
243407,"A",,"R",9990,"A",,"G",11,"A",,"G",11,"A",,1
243416,"R",6155,"A",,"A",,"G",205,"A",,"G",205,"A",,2
243443,"R",136582,"A",,"R",13395,"G",4553,"G",558,"G",4553,"G",558,2
243498,"A",,"A",,"R",1884,"A",,"G",79,"A",,"G",79,-2
243568,"R",4337,"A",,"R",8708,"G",145,"G",363,"G",145,"G",363,2
243577,"R",138218,"A",,"R",10026,"G",4607,"G",418,"G",4607,"G",418,2
243586,"R",34422,"A",,"R",2150,"G",1147,"G",90,"R",1147,"R",119,2
243601,"R",332735,"A",,"R",49086,"G",11091,"G",2045,"G",11091,"G",2045,2
243638,"R",56578,"A",,"A",,"G",1886,"A",,"G",1886,"A",,2
243647,"R",16261,"A",,"A",,"G",542,"A",,"G",542,"A",,2
243665,"R",60832,"A",,"R",2161,"G",2028,"G",90,"G",2028,"G",90,2
243744,"R",335396,"A",,"R",273318,"G",7453,"G",7592,"G",7453,"G",7592,2
243780,"R",954780,"A",,"R",209332,"G",31826,"G",8722,"G",31826,"G",8722,2
243799,"A",,"R",52098,"A",,"G",58,"A",,"R",57,"A",,1
243823,"R",3015,"R",59675,"R",59745,"G",167,"G",2489,"R",146,"R",829,3
243832,"R",28731,"A",,"R",1149,"G",958,"G",48,"G",958,"G",48,2
243841,"R",20334,"A",,"A",,"G",678,"A",,"G",678,"A",,2
244011,"R",46204,"A",,"A",,"G",1027,"A",,"G",1027,"A",,2
244154,"R",31984,"A",,"A",,"G",711,"A",,"G",711,"A",,2
244190,"R",3534,"A",,"R",27114,"G",118,"G",1130,"G",118,"G",1130,2
244233,"R",57592,"A",,"A",,"G",1280,"A",,"G",1280,"A",,2
244279,"R",13468,"A",,"A",,"G",449,"A",,"G",449,"A",,2
244437,"R",582619,"A",,"A",,"G",19421,"A",,"G",19421,"A",,2
244446,"R",191657,"A",,"A",,"G",4259,"A",,"G",4259,"A",,2
244491,"A",,"R",138575,"A",,"G",154,"A",,"G",154,"A",,1
244561,"R",17623,"A",,"A",,"G",587,"A",,"G",587,"A",,2
244613,"A",,"R",148875,"A",,"G",165,"A",,"G",165,"A",,1
245032,"R",26603,"A",,"A",,"G",591,"A",,"G",591,"A",,2
245069,"A",,"R",30200,"A",,"G",34,"A",,"G",34,"A",,1
245281,"A",,"R",87600,"A",,"G",97,"A",,"G",97,"A",,1
245290,"A",,"R",252000,"A",,"G",280,"A",,"G",280,"A",,1
245342,"R",53027,"R",185299,"A",,"G",1973,"A",,"G",1973,"A",,3
245421,"R",6705,"A",,"A",,"G",149,"A",,"G",149,"A",,2
245430,"R",15204,"A",,"A",,"G",338,"A",,"G",338,"A",,2
245625,"R",41632,"A",,"A",,"G",1388,"A",,"G",1388,"A",,2
245652,"R",14383,"A",,"R",1997,"G",479,"G",83,"R",479,"R",108,2
245731,"R",540,"A",,"R",420,"G",18,"G",18,"G",18,"G",18,2
245777,"R",330,"A",,"R",120,"G",11,"G",5,"G",11,"G",5,2
245838,"R",6567,"A",,"R",21322,"G",146,"G",592,"G",146,"G",592,2
245847,"R",4538,"A",,"R",8973,"G",101,"G",249,"G",101,"G",249,2
245865,"A",,"A",,"R",15415,"A",,"G",642,"A",,"R",724,-2
245883,"R",8107,"A",,"R",18558,"G",180,"G",516,"G",180,"G",516,2
245892,"R",5901,"A",,"R",17372,"G",131,"G",483,"G",131,"G",483,2
245953,"R",25455,"A",,"R",5663,"G",849,"G",236,"G",849,"G",236,2
245962,"A",,"R",897270,"A",,"G",997,"A",,"G",997,"A",,1
245980,"A",,"R",42300,"A",,"G",47,"A",,"G",47,"A",,1
245999,"A",,"R",1256078,"A",,"G",1396,"A",,"G",1396,"A",,1
246008,"R",7575,"A",,"A",,"G",253,"A",,"G",253,"A",,2
246017,"A",,"R",692687,"A",,"G",770,"A",,"R",815,"A",,1
246035,"R",30464,"A",,"A",,"G",1015,"A",,"G",1015,"A",,2
246071,"A",,"R",122400,"A",,"G",136,"A",,"G",136,"A",,1
246202,"R",36856,"A",,"A",,"G",1229,"A",,"G",1229,"A",,2
246266,"R",36141,"A",,"A",,"G",1205,"A",,"G",1205,"A",,2
246345,"A",,"A",,"R",2971,"A",,"G",124,"A",,"G",124,-2
246354,"R",171840,"R",3191606,"A",,"G",9274,"A",,"G",9274,"A",,3
246406,"A",,"R",44800,"A",,"G",50,"A",,"G",50,"A",,1
246415,"A",,"R",78029,"A",,"G",87,"A",,"G",87,"A",,1
246460,"A",,"R",86221,"A",,"G",96,"A",,"R",106,"A",,1
246594,"A",,"R",171138,"A",,"G",190,"A",,"R",95,"A",,1
246789,"A",,"A",,"R",1282,"A",,"G",53,"A",,"R",74,-2
246813,"R",177640,"A",,"A",,"G",3948,"A",,"R",3947,"A",,2
246895,"A",,"R",728082,"A",,"G",809,"A",,"R",1138,"A",,1
246974,"R",35101,"A",,"A",,"G",1170,"A",,"G",1170,"A",,2
247010,"A",,"R",52195,"A",,"G",58,"A",,"R",58,"A",,1
247047,"A",,"R",249200,"A",,"G",277,"A",,"G",277,"A",,1
247065,"R",38724,"A",,"A",,"G",861,"A",,"G",861,"A",,2
247153,"R",12000,"A",,"A",,"G",267,"A",,"G",267,"A",,2
247162,"R",96,"A",,"R",2833,"G",2,"G",79,"G",2,"G",79,2
247409,"A",,"R",313200,"A",,"G",348,"A",,"G",348,"A",,1
247603,"R",79882,"A",,"A",,"G",2663,"A",,"G",2663,"A",,2
247649,"R",11653,"A",,"A",,"G",388,"A",,"R",486,"A",,2
247700,"R",26756,"A",,"A",,"G",595,"A",,"G",595,"A",,2
247773,"R",2199,"A",,"R",358,"G",73,"G",15,"G",73,"G",15,2
247825,"R",417,"A",,"R",360,"G",14,"G",15,"G",14,"G",15,2
247834,"R",515560,"A",,"A",,"G",17185,"A",,"G",17185,"A",,2
247922,"A",,"A",,"R",161,"A",,"G",7,"A",,"G",7,-2
247940,"R",95287,"A",,"A",,"G",3176,"A",,"G",3176,"A",,2
248165,"A",,"R",21400,"A",,"G",24,"A",,"G",24,"A",,1
248192,"A",,"R",22500,"A",,"G",25,"A",,"G",25,"A",,1
248305,"A",,"R",507620,"A",,"G",564,"A",,"R",282,"A",,1
248314,"A",,"R",101214,"A",,"G",112,"A",,"G",112,"A",,1
248527,"A",,"R",85000,"A",,"G",94,"A",,"G",94,"A",,1
248606,"A",,"R",579788,"A",,"G",644,"A",,"G",644,"A",,1
248624,"A",,"R",107275,"A",,"G",119,"A",,"G",119,"A",,1
248633,"A",,"R",78214,"A",,"G",87,"A",,"G",87,"A",,1
248660,"A",,"R",134550,"A",,"G",150,"A",,"G",150,"A",,1
248703,"A",,"R",188551,"A",,"G",210,"A",,"G",210,"A",,1
248776,"R",62804,"A",,"A",,"G",1396,"A",,"G",1396,"A",,2
248846,"R",10878,"A",,"A",,"G",242,"A",,"G",242,"A",,2
248882,"R",17700,"A",,"A",,"G",393,"A",,"G",393,"A",,2
248925,"A",,"R",755485,"A",,"G",839,"A",,"G",839,"A",,1
248934,"R",510238,"A",,"A",,"G",17008,"A",,"G",17008,"A",,2
248943,"R",2870,"A",,"A",,"G",96,"A",,"G",96,"A",,2
249061,"A",,"R",170000,"A",,"G",189,"A",,"G",189,"A",,1
249140,"R",27300,"A",,"A",,"G",910,"A",,"G",910,"A",,2
249238,"A",,"R",327750,"A",,"G",364,"A",,"G",364,"A",,1
249247,"R",27792,"R",1277432,"A",,"G",2346,"A",,"G",2346,"A",,3
249566,"A",,"R",184342,"A",,"G",205,"A",,"G",205,"A",,1
249609,"A",,"R",293273,"A",,"G",326,"A",,"G",326,"A",,1
250027,"R",11783,"A",,"A",,"G",393,"A",,"G",393,"A",,2
250072,"R",5135,"R",6100,"A",,"G",178,"A",,"G",178,"A",,3
250285,"R",11328,"A",,"A",,"G",378,"A",,"G",378,"A",,2
250407,"R",72484,"A",,"A",,"G",2416,"A",,"G",2416,"A",,2
250498,"R",7531,"A",,"A",,"G",251,"A",,"G",251,"A",,2
250601,"R",30260,"A",,"A",,"G",1009,"A",,"G",1009,"A",,2
250744,"R",25496,"A",,"A",,"G",567,"A",,"G",567,"A",,2
250832,"A",,"R",85697,"A",,"G",95,"A",,"G",95,"A",,1
250902,"A",,"R",48200,"A",,"G",54,"A",,"G",54,"A",,1
250920,"A",,"R",4004048,"A",,"G",4449,"A",,"G",4449,"A",,1
250993,"A",,"R",138600,"A",,"G",154,"A",,"G",154,"A",,1
251075,"R",34081,"A",,"A",,"G",1136,"A",,"G",1136,"A",,2
251251,"R",23026,"A",,"A",,"G",512,"A",,"G",512,"A",,2
251260,"R",136931,"A",,"A",,"G",4564,"A",,"G",4564,"A",,2
251312,"R",50306,"A",,"R",7286,"G",1118,"G",202,"G",1118,"G",202,2
260293,"R",254966,"A",,"R",4360,"G",5666,"G",121,"R",6976,"R",182,2
260336,"A",,"R",25118,"A",,"G",28,"A",,"G",28,"A",,1
260354,"R",6589,"A",,"A",,"G",220,"A",,"G",220,"A",,2
260363,"A",,"R",56183,"A",,"G",62,"A",,"G",62,"A",,1
260372,"R",11120,"A",,"A",,"G",371,"A",,"G",371,"A",,2
260664,"A",,"R",238095,"A",,"G",265,"A",,"G",265,"A",,1
260691,"A",,"R",1824765,"A",,"G",2028,"A",,"G",2028,"A",,1
260789,"R",9650,"A",,"A",,"G",322,"A",,"G",322,"A",,2
260813,"R",6840,"A",,"A",,"G",228,"A",,"G",228,"A",,2
260901,"R",2620985,"A",,"R",177379,"G",87366,"G",7391,"G",87366,"G",7391,2
260910,"R",45210,"A",,"A",,"G",1507,"A",,"G",1507,"A",,2
260929,"A",,"R",263241,"A",,"G",292,"A",,"G",292,"A",,1
260947,"R",1225,"A",,"A",,"G",41,"A",,"R",41,"A",,2
260956,"A",,"A",,"R",1562,"A",,"G",65,"A",,"G",65,-2
260965,"A",,"R",82988,"A",,"G",92,"A",,"G",92,"A",,1
260974,"R",23696,"A",,"A",,"G",527,"A",,"G",527,"A",,2
260992,"R",30038,"A",,"A",,"G",668,"A",,"G",668,"A",,2
261375,"A",,"R",913886,"A",,"G",1015,"A",,"G",1015,"A",,1
261384,"A",,"R",404506,"A",,"G",449,"A",,"G",449,"A",,1
261393,"A",,"R",247786,"A",,"G",275,"A",,"G",275,"A",,1
261436,"A",,"R",887700,"A",,"G",986,"A",,"G",986,"A",,1
261472,"R",62856,"A",,"A",,"G",1397,"A",,"G",1397,"A",,2
261676,"A",,"R",288000,"A",,"G",320,"A",,"G",320,"A",,1
261685,"A",,"R",291600,"A",,"G",324,"A",,"G",324,"A",,1
261719,"A",,"R",70956,"A",,"G",79,"A",,"G",79,"A",,1
261773,"A",,"R",61830,"A",,"G",69,"A",,"G",69,"A",,1
261861,"R",10222,"A",,"A",,"G",227,"A",,"G",227,"A",,2
261931,"R",13132,"A",,"A",,"G",438,"A",,"G",438,"A",,2
262022,"A",,"A",,"R",3821,"A",,"G",106,"A",,"G",106,-2
262031,"R",164922,"A",,"A",,"G",5497,"A",,"G",5497,"A",,2
262086,"R",69206,"A",,"R",88181,"G",2307,"G",3674,"G",2307,"G",3674,2
262129,"R",28064,"A",,"A",,"G",935,"A",,"G",935,"A",,2
262235,"A",,"R",119530,"A",,"G",133,"A",,"G",133,"A",,1
262299,"A",,"R",201714,"A",,"G",224,"A",,"R",126,"A",,1
262332,"R",61897,"A",,"A",,"G",2063,"A",,"G",2063,"A",,2
262341,"A",,"R",552720,"A",,"G",614,"A",,"G",614,"A",,1
262369,"A",,"R",175680,"A",,"G",195,"A",,"G",195,"A",,1
262402,"A",,"R",225600,"A",,"G",251,"A",,"G",251,"A",,1
262457,"A",,"R",748484,"A",,"G",832,"A",,"G",832,"A",,1
262509,"R",36319,"A",,"A",,"G",1211,"A",,"R",966,"A",,2
262660,"A",,"R",265791,"A",,"G",295,"A",,"R",147,"A",,1
362700,"R",17055,"R",4168,"A",,"G",573,"A",,"R",603,"A",,3
362782,"A",,"R",51600,"A",,"G",57,"A",,"G",57,"A",,1
363013,"A",,"R",218880,"A",,"G",243,"A",,"G",243,"A",,1
363077,"A",,"R",212107,"A",,"G",236,"A",,"G",236,"A",,1
363147,"A",,"R",57525,"A",,"G",64,"A",,"G",64,"A",,1
363165,"A",,"R",739420,"A",,"G",822,"A",,"R",1408,"A",,1
363387,"R",57986,"A",,"A",,"G",1289,"A",,"G",1289,"A",,2
363439,"R",41968,"A",,"A",,"G",933,"A",,"G",933,"A",,2
363457,"R",12000,"A",,"A",,"G",267,"A",,"G",267,"A",,2
363590,"R",34427,"A",,"A",,"G",1148,"A",,"R",744,"A",,2
363633,"R",38511,"A",,"A",,"G",1284,"A",,"G",1284,"A",,2
363679,"A",,"R",106782,"A",,"G",119,"A",,"G",119,"A",,1
363712,"R",1980,"A",,"A",,"G",66,"A",,"G",66,"A",,2
363721,"A",,"A",,"R",8744,"A",,"G",364,"A",,"G",364,-2
363882,"A",,"R",55465,"A",,"G",62,"A",,"G",62,"A",,1
363907,"R",28704,"A",,"R",6876,"G",957,"G",287,"G",957,"G",287,2
363916,"R",15300,"A",,"R",4781,"G",510,"G",199,"G",510,"G",199,2
363934,"R",34585,"A",,"R",794,"G",1153,"G",33,"G",1153,"G",33,2
364016,"R",165143,"A",,"A",,"G",5505,"A",,"G",5505,"A",,2
364025,"R",193948,"A",,"A",,"G",6465,"A",,"G",6465,"A",,2
364122,"R",192,"A",,"A",,"G",6,"A",,"G",6,"A",,2
364168,"R",16329,"A",,"A",,"G",544,"A",,"G",544,"A",,2
364317,"A",,"R",965524,"A",,"G",1073,"A",,"G",1073,"A",,1
364326,"A",,"R",732294,"A",,"G",814,"A",,"G",814,"A",,1
364335,"A",,"R",1408969,"A",,"G",1566,"A",,"G",1566,"A",,1
364548,"A",,"R",364350,"A",,"G",405,"A",,"G",405,"A",,1
364566,"A",,"R",116597,"A",,"G",130,"A",,"G",130,"A",,1
364575,"A",,"R",52615,"A",,"G",58,"A",,"G",58,"A",,1
364584,"A",,"R",136123,"A",,"G",151,"A",,"G",151,"A",,1
364593,"R",6500,"A",,"A",,"G",217,"A",,"G",217,"A",,2
364618,"A",,"R",154500,"A",,"G",172,"A",,"G",172,"A",,1
364627,"A",,"R",244053,"A",,"G",271,"A",,"R",271,"A",,1
364636,"A",,"R",63400,"A",,"G",70,"A",,"G",70,"A",,1
364751,"A",,"R",180896,"A",,"G",201,"A",,"G",201,"A",,1
364760,"A",,"R",13500,"A",,"G",15,"A",,"G",15,"A",,1
364812,"A",,"R",189992,"A",,"G",211,"A",,"G",211,"A",,1
364885,"R",27744,"A",,"A",,"G",617,"A",,"G",617,"A",,2
364946,"A",,"R",445358,"A",,"G",495,"A",,"R",495,"A",,1
364955,"R",53333,"A",,"A",,"G",1778,"A",,"G",1778,"A",,2
364964,"A",,"R",103488,"A",,"G",115,"A",,"G",115,"A",,1
364973,"R",40592,"A",,"A",,"G",1353,"A",,"G",1353,"A",,2
365055,"R",58721,"A",,"A",,"G",1305,"A",,"G",1305,"A",,2
365073,"A",,"R",160520,"A",,"G",178,"A",,"G",178,"A",,1
365091,"A",,"R",265666,"A",,"G",295,"A",,"G",295,"A",,1
365107,"A",,"R",103450,"A",,"G",115,"A",,"G",115,"A",,1
365125,"A",,"R",290031,"A",,"G",322,"A",,"R",283,"A",,1
365198,"A",,"R",485427,"A",,"G",539,"A",,"G",539,"A",,1
365204,"R",23448,"A",,"A",,"G",782,"A",,"G",782,"A",,2
365213,"A",,"R",524175,"A",,"G",582,"A",,"G",582,"A",,1
365240,"A",,"R",186345,"A",,"G",207,"A",,"G",207,"A",,1
365374,"A",,"R",1006500,"A",,"G",1118,"A",,"G",1118,"A",,1
365383,"A",,"R",200400,"A",,"G",223,"A",,"G",223,"A",,1
365426,"A",,"A",,"R",10839,"A",,"G",301,"A",,"G",301,-2
365453,"A",,"R",46500,"A",,"G",52,"A",,"G",52,"A",,1
365480,"A",,"R",484572,"A",,"G",538,"A",,"G",538,"A",,1
365505,"A",,"R",80036,"A",,"G",89,"A",,"G",89,"A",,1
365569,"A",,"R",68790,"A",,"G",76,"A",,"G",76,"A",,1
365693,"A",,"R",97500,"A",,"G",108,"A",,"G",108,"A",,1
365763,"A",,"R",63360,"A",,"G",70,"A",,"G",70,"A",,1
365824,"A",,"R",214560,"A",,"G",238,"A",,"G",238,"A",,1
365833,"A",,"R",272880,"A",,"G",303,"A",,"G",303,"A",,1
366003,"R",1040,"A",,"R",183,"G",35,"G",8,"G",35,"G",8,2
366155,"A",,"R",38775,"A",,"G",43,"A",,"G",43,"A",,1
366191,"R",105280,"A",,"A",,"G",3509,"A",,"G",3509,"A",,2
366252,"R",178715,"A",,"A",,"G",5957,"A",,"G",5957,"A",,2
366261,"R",10815,"A",,"A",,"G",240,"A",,"G",240,"A",,2
366270,"A",,"R",760888,"A",,"G",845,"A",,"G",845,"A",,1
366289,"R",3462,"A",,"A",,"G",115,"A",,"G",115,"A",,2
366340,"R",10096,"A",,"A",,"G",337,"A",,"G",337,"A",,2
366368,"A",,"A",,"R",3186,"A",,"G",133,"A",,"G",133,-2
366395,"R",561278,"A",,"A",,"G",18709,"A",,"R",18742,"A",,2
366401,"R",174606,"A",,"A",,"G",5820,"A",,"G",5820,"A",,2
366438,"A",,"R",124000,"A",,"G",138,"A",,"G",138,"A",,1
366447,"R",61182,"A",,"A",,"G",1360,"A",,"G",1360,"A",,2
366465,"R",100305,"A",,"A",,"G",2229,"A",,"G",2229,"A",,2
366535,"R",26946,"A",,"A",,"G",898,"A",,"G",898,"A",,2
366544,"R",34077,"A",,"A",,"G",757,"A",,"G",757,"A",,2
366553,"R",132864,"A",,"A",,"G",2953,"A",,"G",2953,"A",,2
366571,"R",1639,"A",,"A",,"G",55,"A",,"G",55,"A",,2
366580,"R",23368,"A",,"A",,"G",519,"A",,"G",519,"A",,2
366605,"A",,"A",,"R",2725,"A",,"G",114,"A",,"G",114,-2
366623,"A",,"R",25860,"A",,"G",29,"A",,"G",29,"A",,1
366632,"A",,"R",80029,"A",,"G",89,"A",,"G",89,"A",,1
366650,"R",43004,"A",,"A",,"G",956,"A",,"G",956,"A",,2
366678,"R",36760,"A",,"A",,"G",817,"A",,"G",817,"A",,2
366696,"R",44344,"A",,"A",,"G",985,"A",,"G",985,"A",,2
366711,"R",212787,"A",,"R",7476,"G",7093,"G",312,"G",7093,"G",312,2
366748,"R",2094,"A",,"R",6880,"G",70,"G",287,"G",70,"G",287,2
366793,"A",,"A",,"R",2084,"A",,"G",87,"A",,"G",87,-2
366960,"R",49168,"A",,"A",,"G",1639,"A",,"G",1639,"A",,2
367024,"R",53528,"A",,"A",,"G",1784,"A",,"G",1784,"A",,2
367051,"A",,"R",127000,"A",,"G",141,"A",,"G",141,"A",,1
367088,"A",,"R",51177,"A",,"G",57,"A",,"G",57,"A",,1
367097,"A",,"R",124307,"A",,"G",138,"A",,"G",138,"A",,1
367103,"R",1775,"A",,"A",,"G",59,"A",,"G",59,"A",,2
367112,"R",40578,"A",,"A",,"G",902,"A",,"G",902,"A",,2
367130,"A",,"R",220388,"A",,"G",245,"A",,"R",220,"A",,1
367158,"A",,"R",127440,"A",,"G",142,"A",,"G",142,"A",,1
367176,"A",,"R",117000,"A",,"G",130,"A",,"G",130,"A",,1
367194,"R",19485,"A",,"A",,"G",650,"A",,"G",650,"A",,2
367264,"A",,"R",779040,"A",,"G",866,"A",,"G",866,"A",,1
367316,"A",,"R",448630,"A",,"G",498,"A",,"G",498,"A",,1
367334,"A",,"R",243804,"A",,"G",271,"A",,"G",271,"A",,1
367361,"A",,"R",29250,"A",,"G",33,"A",,"G",33,"A",,1
367398,"A",,"R",221458,"A",,"G",246,"A",,"G",246,"A",,1
367413,"R",45670,"A",,"A",,"G",1522,"A",,"G",1522,"A",,2
367431,"A",,"R",53400,"A",,"G",59,"A",,"G",59,"A",,1
367459,"R",165210,"A",,"A",,"G",5507,"A",,"G",5507,"A",,2
367662,"A",,"R",102330,"A",,"G",114,"A",,"G",114,"A",,1
367839,"R",645,"A",,"R",761,"G",22,"G",32,"G",22,"G",32,2
367875,"A",,"R",235000,"A",,"G",261,"A",,"G",261,"A",,1
367884,"R",62777,"A",,"R",4336,"G",2093,"G",181,"G",2093,"G",181,2
367893,"R",141,"A",,"R",688,"G",5,"G",29,"G",5,"G",29,2
367909,"R",40009,"A",,"A",,"G",889,"A",,"R",966,"A",,2
367936,"R",7440,"A",,"R",35103,"G",248,"G",1463,"G",248,"G",1463,2
367954,"A",,"A",,"R",47963,"A",,"G",1998,"A",,"R",1261,-2
367972,"A",,"R",233100,"A",,"G",259,"A",,"G",259,"A",,1
367981,"A",,"R",124932,"A",,"G",139,"A",,"G",139,"A",,1
368036,"A",,"R",37735,"A",,"G",42,"A",,"G",42,"A",,1
368160,"A",,"R",75108,"A",,"G",83,"A",,"G",83,"A",,1
368188,"A",,"R",79433,"A",,"G",88,"A",,"G",88,"A",,1
368230,"A",,"R",302385,"A",,"G",336,"A",,"R",251,"A",,1
368364,"A",,"R",173452,"A",,"G",193,"A",,"G",193,"A",,1
368407,"A",,"R",100538,"A",,"G",112,"A",,"G",112,"A",,1
368443,"R",28484,"A",,"A",,"G",633,"A",,"G",633,"A",,2
368452,"R",17900,"A",,"A",,"G",597,"A",,"G",597,"A",,2
368540,"A",,"R",31628,"A",,"G",35,"A",,"G",35,"A",,1
368601,"R",52766,"A",,"A",,"G",1173,"A",,"G",1173,"A",,2
368629,"A",,"R",1128240,"A",,"G",1254,"A",,"G",1254,"A",,1
368647,"A",,"R",28600,"A",,"G",32,"A",,"G",32,"A",,1
368771,"A",,"R",113160,"A",,"G",126,"A",,"G",126,"A",,1
368780,"A",,"R",198044,"A",,"G",220,"A",,"G",220,"A",,1
368799,"A",,"R",388026,"A",,"G",431,"A",,"G",431,"A",,1
368805,"R",32321,"A",,"A",,"G",1077,"A",,"R",728,"A",,2
368832,"A",,"R",70350,"A",,"G",78,"A",,"G",78,"A",,1
368911,"R",65024,"A",,"A",,"G",1445,"A",,"G",1445,"A",,2
369002,"A",,"A",,"R",8606,"A",,"G",359,"A",,"G",359,-2
369020,"A",,"R",85000,"A",,"G",94,"A",,"G",94,"A",,1
369084,"R",35977,"A",,"A",,"G",799,"A",,"G",799,"A",,2
369109,"A",,"R",122870,"A",,"G",137,"A",,"G",137,"A",,1
369400,"R",229145,"A",,"A",,"G",7638,"A",,"G",7638,"A",,2
369419,"A",,"R",2396730,"A",,"G",2663,"A",,"G",2663,"A",,1
369446,"A",,"R",155764,"A",,"G",173,"A",,"G",173,"A",,1
369455,"R",5600,"A",,"A",,"G",124,"A",,"R",124,"A",,2
369516,"R",21350,"A",,"A",,"G",474,"A",,"G",474,"A",,2
369659,"A",,"A",,"R",13361,"A",,"G",371,"A",,"G",371,-2
369668,"A",,"R",143136,"A",,"G",159,"A",,"G",159,"A",,1
369686,"A",,"R",218029,"A",,"G",242,"A",,"G",242,"A",,1
369695,"A",,"R",111984,"A",,"G",124,"A",,"R",108,"A",,1
369783,"A",,"R",967200,"A",,"G",1075,"A",,"G",1075,"A",,1
369792,"A",,"R",12936,"A",,"G",14,"A",,"G",14,"A",,1
369817,"A",,"A",,"R",1839,"A",,"G",51,"A",,"G",51,-2
369862,"R",21894,"A",,"A",,"G",487,"A",,"G",487,"A",,2
369905,"R",26396,"A",,"A",,"G",880,"A",,"G",880,"A",,2
369950,"R",1151,"R",107868,"A",,"G",158,"A",,"G",158,"A",,3
371034,"A",,"R",49500,"A",,"G",55,"A",,"G",55,"A",,1
371052,"A",,"R",621000,"A",,"G",690,"A",,"R",690,"A",,1
371140,"A",,"R",142200,"A",,"G",158,"A",,"G",158,"A",,1
371265,"R",40479,"A",,"A",,"G",1349,"A",,"R",851,"A",,2
371690,"A",,"R",82500,"A",,"G",92,"A",,"R",55,"A",,1
371760,"R",81276,"A",,"A",,"G",1806,"A",,"G",1806,"A",,2
371779,"A",,"R",852900,"A",,"G",948,"A",,"G",948,"A",,1
371830,"A",,"R",74047,"A",,"G",82,"A",,"G",82,"A",,1
371928,"A",,"R",287158,"A",,"G",319,"A",,"G",319,"A",,1
371964,"A",,"R",465720,"A",,"G",517,"A",,"G",517,"A",,1
371982,"R",49286,"A",,"A",,"G",1643,"A",,"R",1076,"A",,2
372000,"A",,"R",25930,"A",,"G",29,"A",,"G",29,"A",,1
372028,"A",,"R",333753,"A",,"G",371,"A",,"G",371,"A",,1
372037,"R",55120,"A",,"A",,"G",1837,"A",,"R",1231,"A",,2
372073,"R",16596,"A",,"A",,"G",553,"A",,"G",553,"A",,2
372082,"A",,"R",1247196,"A",,"G",1386,"A",,"G",1386,"A",,1
372213,"R",7953171,"A",,"R",1209770,"G",265106,"G",50407,"G",265106,"G",50407,2
372222,"R",100045,"A",,"R",15827,"G",3335,"G",659,"G",3335,"G",659,2
372240,"A",,"R",50400,"A",,"G",56,"A",,"G",56,"A",,1
372329,"R",28764,"A",,"A",,"G",639,"A",,"G",639,"A",,2
372356,"R",5581,"A",,"A",,"G",186,"A",,"G",186,"A",,2
372462,"A",,"R",106660,"A",,"G",119,"A",,"G",119,"A",,1
372523,"A",,"R",769680,"A",,"G",855,"A",,"R",555,"A",,1
372578,"R",27780,"A",,"A",,"G",617,"A",,"G",617,"A",,2
372718,"R",10156,"R",9288,"A",,"G",349,"A",,"G",349,"A",,3
372772,"R",28719,"A",,"A",,"G",957,"A",,"R",721,"A",,2
372921,"A",,"R",1067040,"A",,"G",1186,"A",,"G",1186,"A",,1
372958,"R",30362,"A",,"A",,"G",1012,"A",,"G",1012,"A",,2
373058,"R",22658,"A",,"A",,"G",755,"A",,"G",755,"A",,2
373085,"R",13720,"A",,"A",,"G",305,"A",,"G",305,"A",,2
373119,"A",,"R",188355,"A",,"G",209,"A",,"G",209,"A",,1
373216,"A",,"R",273600,"A",,"G",304,"A",,"G",304,"A",,1
373340,"A",,"R",121567,"A",,"G",135,"A",,"G",135,"A",,1
373447,"R",1710,"A",,"A",,"G",57,"A",,"G",57,"A",,2
373526,"A",,"R",274725,"A",,"G",305,"A",,"G",305,"A",,1
373605,"A",,"R",42624,"A",,"G",47,"A",,"G",47,"A",,1
373678,"A",,"R",157449,"A",,"G",175,"A",,"G",175,"A",,1
373696,"A",,"R",124070,"A",,"G",138,"A",,"G",138,"A",,1
373711,"A",,"R",57414,"A",,"G",64,"A",,"G",64,"A",,1
373784,"R",19760,"A",,"A",,"G",659,"A",,"G",659,"A",,2
373827,"R",14769,"A",,"A",,"G",492,"A",,"G",492,"A",,2
373890,"R",37740,"A",,"A",,"G",1258,"A",,"R",803,"A",,2
374024,"A",,"A",,"R",6272,"A",,"G",174,"A",,"G",174,-2
374112,"A",,"R",53066,"A",,"G",59,"A",,"G",59,"A",,1
374291,"A",,"R",71314,"A",,"G",79,"A",,"G",79,"A",,1
374316,"A",,"R",63501,"A",,"G",71,"A",,"G",71,"A",,1
374440,"A",,"R",9000,"A",,"G",10,"A",,"G",10,"A",,1
374574,"A",,"R",1018681,"A",,"G",1132,"A",,"G",1132,"A",,1
374592,"A",,"R",98626,"A",,"G",110,"A",,"G",110,"A",,1
374875,"R",39178,"A",,"A",,"G",1306,"A",,"G",1306,"A",,2
374927,"A",,"R",102192,"A",,"G",114,"A",,"G",114,"A",,1
374972,"R",55787,"A",,"A",,"G",1860,"A",,"G",1860,"A",,2
374990,"A",,"R",109189,"A",,"G",121,"A",,"G",121,"A",,1
375106,"A",,"R",90009,"A",,"G",100,"A",,"G",100,"A",,1
375230,"R",3720,"A",,"A",,"G",124,"A",,"G",124,"A",,2
375300,"A",,"R",568800,"A",,"G",632,"A",,"G",632,"A",,1
375319,"A",,"R",266400,"A",,"G",296,"A",,"G",296,"A",,1
375373,"A",,"R",154088,"A",,"G",171,"A",,"G",171,"A",,1
375407,"A",,"R",101232,"A",,"G",112,"A",,"G",112,"A",,1
375416,"R",35156,"A",,"A",,"G",1172,"A",,"G",1172,"A",,2
375489,"R",52257,"A",,"A",,"G",1161,"A",,"G",1161,"A",,2
375540,"A",,"R",226800,"A",,"G",252,"A",,"G",252,"A",,1
375559,"A",,"R",324000,"A",,"G",360,"A",,"G",360,"A",,1
375568,"A",,"R",17242,"A",,"G",19,"A",,"G",19,"A",,1
375647,"R",14850,"A",,"A",,"G",495,"A",,"G",495,"A",,2
375656,"A",,"R",125394,"A",,"G",139,"A",,"G",139,"A",,1
375683,"A",,"R",1232561,"A",,"G",1370,"A",,"G",1370,"A",,1
375692,"A",,"R",59520,"A",,"G",66,"A",,"G",66,"A",,1
375708,"A",,"R",196000,"A",,"G",218,"A",,"R",218,"A",,1
375717,"A",,"R",164300,"A",,"G",183,"A",,"G",183,"A",,1
375726,"A",,"R",265250,"A",,"G",295,"A",,"G",295,"A",,1
375735,"A",,"R",137788,"A",,"G",153,"A",,"G",153,"A",,1
375744,"A",,"R",286313,"A",,"G",318,"A",,"G",318,"A",,1
375753,"A",,"R",31949,"A",,"G",35,"A",,"G",35,"A",,1
375762,"A",,"R",26834,"A",,"G",30,"A",,"G",30,"A",,1
375799,"A",,"R",22353,"A",,"G",25,"A",,"G",25,"A",,1
375841,"R",37980,"A",,"A",,"G",1266,"A",,"G",1266,"A",,2
375939,"R",9050,"A",,"A",,"G",302,"A",,"G",302,"A",,2
375948,"R",42325,"A",,"A",,"G",1411,"A",,"G",1411,"A",,2
375966,"A",,"R",129818,"A",,"G",144,"A",,"G",144,"A",,1
375984,"A",,"R",727574,"A",,"G",808,"A",,"R",577,"A",,1
376039,"R",2950,"A",,"A",,"G",66,"A",,"R",63,"A",,2
376136,"R",31662,"A",,"A",,"G",1055,"A",,"G",1055,"A",,2
376224,"R",28507,"A",,"A",,"G",950,"A",,"G",950,"A",,2
376242,"A",,"R",346800,"A",,"G",385,"A",,"G",385,"A",,1
376288,"R",4809,"A",,"A",,"G",160,"A",,"R",160,"A",,2
376321,"R",52344,"A",,"A",,"G",1745,"A",,"G",1745,"A",,2
376330,"R",32487,"A",,"A",,"G",722,"A",,"G",722,"A",,2
376385,"R",54502,"A",,"A",,"G",1817,"A",,"G",1817,"A",,2
376446,"A",,"R",166958,"A",,"G",186,"A",,"G",186,"A",,1
376631,"A",,"R",48232,"A",,"G",54,"A",,"G",54,"A",,1
376668,"A",,"R",133500,"A",,"G",148,"A",,"G",148,"A",,1
376677,"A",,"R",184090,"A",,"G",205,"A",,"G",205,"A",,1
376695,"R",21059,"A",,"A",,"G",702,"A",,"G",702,"A",,2
376950,"A",,"R",75320,"A",,"G",84,"A",,"G",84,"A",,1
376987,"A",,"R",100000,"A",,"G",111,"A",,"G",111,"A",,1
377069,"R",33032,"A",,"A",,"G",734,"A",,"G",734,"A",,2
377111,"R",44153,"A",,"A",,"G",1472,"A",,"G",1472,"A",,2
377193,"A",,"R",83650,"A",,"G",93,"A",,"G",93,"A",,1
377218,"R",3150,"A",,"A",,"G",105,"A",,"G",105,"A",,2
377272,"A",,"R",78000,"A",,"G",87,"A",,"G",87,"A",,1
377281,"A",,"R",76500,"A",,"G",85,"A",,"G",85,"A",,1
377315,"A",,"R",130598,"A",,"G",145,"A",,"G",145,"A",,1
377342,"R",5724,"A",,"A",,"G",191,"A",,"R",191,"A",,2
377421,"R",15466,"R",85682,"A",,"G",611,"A",,"R",562,"A",,3
377449,"R",10260,"A",,"A",,"G",342,"A",,"G",342,"A",,2
377458,"R",4276,"A",,"A",,"G",143,"A",,"G",143,"A",,2
377485,"A",,"R",24030,"A",,"G",27,"A",,"G",27,"A",,1
377546,"R",2407,"A",,"A",,"G",80,"A",,"G",80,"A",,2
377555,"R",98260,"A",,"R",11054,"G",2184,"G",307,"R",2184,"R",368,2
377564,"R",107595,"A",,"R",15168,"G",2391,"G",421,"R",2391,"R",506,2
377634,"R",363,"A",,"A",,"G",12,"A",,"G",12,"A",,2
377643,"A",,"R",144716,"A",,"G",161,"A",,"G",161,"A",,1
377652,"R",2703,"A",,"A",,"G",90,"A",,"G",90,"A",,2
377661,"R",1959,"A",,"A",,"G",65,"A",,"G",65,"A",,2
377670,"R",921,"A",,"A",,"G",31,"A",,"G",31,"A",,2
377722,"A",,"R",436581,"A",,"G",485,"A",,"G",485,"A",,1
377759,"A",,"R",95000,"A",,"G",106,"A",,"G",106,"A",,1
378105,"A",,"R",135722,"A",,"G",151,"A",,"G",151,"A",,1
378406,"R",40824,"A",,"A",,"G",907,"A",,"G",907,"A",,2
378576,"R",1373,"A",,"R",17889,"G",46,"G",745,"G",46,"G",745,2
378886,"A",,"R",395100,"A",,"G",439,"A",,"G",439,"A",,1
378956,"A",,"R",676095,"A",,"G",751,"A",,"G",751,"A",,1
379029,"R",77196,"A",,"A",,"G",2573,"A",,"G",2573,"A",,2
379135,"A",,"R",211500,"A",,"G",235,"A",,"G",235,"A",,1
379463,"A",,"R",75080,"A",,"G",83,"A",,"G",83,"A",,1
379621,"A",,"R",107412,"A",,"G",119,"A",,"G",119,"A",,1
379746,"A",,"R",16800,"A",,"G",19,"A",,"G",19,"A",,1
379782,"R",4306,"A",,"R",2558,"G",144,"G",107,"G",144,"G",107,2
380067,"A",,"R",37362,"A",,"G",42,"A",,"G",42,"A",,1
380094,"R",32863,"A",,"A",,"G",1095,"A",,"G",1095,"A",,2
380359,"R",14154,"A",,"A",,"G",472,"A",,"G",472,"A",,2
380368,"R",41279,"A",,"A",,"G",1376,"A",,"G",1376,"A",,2
380377,"R",25974,"A",,"A",,"G",577,"A",,"G",577,"A",,2
380401,"A",,"R",167904,"A",,"G",187,"A",,"G",187,"A",,1
380410,"A",,"R",170149,"A",,"G",189,"A",,"G",189,"A",,1
380438,"R",25746,"A",,"A",,"G",572,"A",,"G",572,"A",,2
380447,"A",,"R",185606,"A",,"G",206,"A",,"G",206,"A",,1
380456,"A",,"R",282174,"A",,"G",314,"A",,"R",300,"A",,1
380465,"R",42062,"A",,"R",27928,"G",1402,"G",1164,"G",1402,"G",1164,2
380474,"R",5643,"A",,"A",,"G",188,"A",,"G",188,"A",,2
381255,"A",,"R",265500,"A",,"G",295,"A",,"G",295,"A",,1
381282,"A",,"R",251600,"A",,"G",280,"A",,"G",280,"A",,1
381325,"A",,"R",340200,"A",,"G",378,"A",,"G",378,"A",,1
381334,"A",,"R",218700,"A",,"G",243,"A",,"G",243,"A",,1
381352,"A",,"A",,"R",3270,"A",,"G",136,"A",,"G",136,-2
381361,"R",2640,"R",24024,"A",,"G",115,"A",,"G",115,"A",,3
381370,"A",,"R",297173,"A",,"G",330,"A",,"G",330,"A",,1
381404,"A",,"R",259951,"A",,"G",289,"A",,"G",289,"A",,1
381459,"A",,"A",,"R",2577,"A",,"G",107,"A",,"G",107,-2
381486,"A",,"R",28225,"A",,"G",31,"A",,"R",33,"A",,1
381529,"R",24287,"A",,"A",,"G",540,"A",,"G",540,"A",,2
381617,"R",68347,"A",,"R",190,"G",1519,"G",5,"G",1519,"G",5,2
381635,"A",,"R",162764,"A",,"G",181,"A",,"R",162,"A",,1
381644,"R",7746,"A",,"A",,"G",258,"A",,"G",258,"A",,2
381699,"R",1200,"A",,"A",,"G",40,"A",,"R",40,"A",,2
381705,"R",1700,"A",,"A",,"G",57,"A",,"R",56,"A",,2
381732,"R",1978,"R",109616,"A",,"G",166,"A",,"G",166,"A",,3
381741,"R",11428,"A",,"A",,"G",381,"A",,"G",381,"A",,2
381750,"R",4950,"A",,"A",,"G",165,"A",,"R",121,"A",,2
381787,"R",28257,"A",,"A",,"G",628,"A",,"G",628,"A",,2
381796,"R",13778,"A",,"A",,"G",459,"A",,"G",459,"A",,2
381909,"R",69000,"A",,"A",,"G",1533,"A",,"G",1533,"A",,2
381945,"A",,"R",70560,"A",,"G",78,"A",,"G",78,"A",,1
382054,"R",19849,"A",,"A",,"G",662,"A",,"G",662,"A",,2
382063,"R",28857,"A",,"R",34058,"G",962,"G",1419,"G",962,"G",1419,2
382258,"A",,"R",160506,"A",,"G",178,"A",,"G",178,"A",,1
382267,"A",,"R",215300,"A",,"G",239,"A",,"G",239,"A",,1
382276,"A",,"R",834400,"A",,"G",927,"A",,"G",927,"A",,1
382416,"A",,"R",96000,"A",,"G",107,"A",,"G",107,"A",,1
382461,"A",,"R",71109,"A",,"G",79,"A",,"G",79,"A",,1
382504,"R",27510,"A",,"A",,"G",917,"A",,"R",786,"A",,2
382771,"R",26154,"A",,"A",,"G",581,"A",,"G",581,"A",,2
382780,"A",,"R",354518,"A",,"G",394,"A",,"G",394,"A",,1
382896,"R",17721,"A",,"A",,"G",591,"A",,"G",591,"A",,2
382902,"A",,"R",96050,"A",,"G",107,"A",,"G",107,"A",,1
382911,"R",2524,"A",,"A",,"G",84,"A",,"G",84,"A",,2
382957,"A",,"R",289473,"A",,"G",322,"A",,"G",322,"A",,1
383020,"A",,"A",,"R",5351,"A",,"G",149,"A",,"G",149,-2
383084,"A",,"R",2527697,"A",,"G",2809,"A",,"G",2809,"A",,1
383163,"A",,"R",267750,"A",,"G",298,"A",,"G",298,"A",,1
383172,"A",,"R",70500,"A",,"G",78,"A",,"G",78,"A",,1
383190,"R",61279,"A",,"A",,"G",2043,"A",,"G",2043,"A",,2
383251,"A",,"R",120264,"A",,"G",134,"A",,"G",134,"A",,1
383279,"A",,"R",117127,"A",,"G",130,"A",,"G",130,"A",,1
383297,"A",,"R",223244,"A",,"G",248,"A",,"G",248,"A",,1
383312,"A",,"R",205350,"A",,"G",228,"A",,"G",228,"A",,1
383330,"A",,"R",87743,"A",,"G",97,"A",,"G",97,"A",,1
383367,"A",,"R",242224,"A",,"G",269,"A",,"G",269,"A",,1
383400,"R",2679,"A",,"A",,"G",60,"A",,"G",60,"A",,2
383464,"A",,"R",76243,"A",,"G",85,"A",,"R",85,"A",,1
383507,"A",,"R",19320,"A",,"G",21,"A",,"G",21,"A",,1
383525,"A",,"R",219268,"A",,"G",244,"A",,"G",244,"A",,1
383765,"A",,"R",261916,"A",,"G",291,"A",,"R",262,"A",,1
383792,"A",,"R",337888,"A",,"G",375,"A",,"G",375,"A",,1
383899,"A",,"R",566060,"A",,"G",629,"A",,"G",629,"A",,1
383950,"R",25138,"A",,"A",,"G",559,"A",,"R",650,"A",,2
383996,"R",15282,"A",,"A",,"G",509,"A",,"G",509,"A",,2
384184,"R",15701,"A",,"A",,"G",523,"A",,"G",523,"A",,2
384193,"R",26159,"A",,"A",,"G",872,"A",,"G",872,"A",,2
384209,"R",37410,"A",,"A",,"G",1247,"A",,"G",1247,"A",,2
384254,"R",4119,"A",,"A",,"G",137,"A",,"R",128,"A",,2
384306,"A",,"A",,"R",6525,"A",,"G",272,"A",,"G",272,-2
384333,"R",125522,"A",,"A",,"G",4184,"A",,"G",4184,"A",,2
384342,"R",119572,"A",,"A",,"G",3986,"A",,"G",3986,"A",,2
384360,"R",62460,"A",,"A",,"G",1388,"A",,"G",1388,"A",,2
384379,"R",59494,"A",,"A",,"G",1322,"A",,"G",1322,"A",,2
384388,"R",37054,"A",,"A",,"G",823,"A",,"G",823,"A",,2
384397,"R",52756,"A",,"A",,"G",1172,"A",,"G",1172,"A",,2
384412,"R",11838,"A",,"A",,"G",395,"A",,"G",395,"A",,2
384421,"R",2391,"A",,"A",,"G",80,"A",,"G",80,"A",,2
385008,"R",50876,"A",,"A",,"G",1696,"A",,"G",1696,"A",,2
385132,"A",,"R",97987,"A",,"G",109,"A",,"G",109,"A",,1
385503,"R",11075,"A",,"A",,"G",369,"A",,"G",369,"A",,2
385549,"A",,"R",411032,"A",,"G",457,"A",,"G",457,"A",,1
385619,"R",31518,"A",,"R",1149,"G",1051,"G",48,"G",1051,"G",48,2
386153,"R",10051,"A",,"A",,"G",335,"A",,"G",335,"A",,2
386472,"R",14052,"A",,"A",,"G",468,"A",,"G",468,"A",,2
387235,"A",,"R",29827,"A",,"G",33,"A",,"G",33,"A",,1
387660,"A",,"R",15400,"A",,"G",17,"A",,"G",17,"A",,1
387819,"A",,"R",96500,"A",,"G",107,"A",,"G",107,"A",,1
387925,"R",18150,"A",,"A",,"G",605,"A",,"G",605,"A",,2
388043,"R",63630,"A",,"A",,"G",1414,"A",,"G",1414,"A",,2
388520,"R",9262,"A",,"A",,"G",309,"A",,"G",309,"A",,2
388663,"A",,"R",89014,"A",,"G",99,"A",,"G",99,"A",,1
389727,"R",40456,"A",,"A",,"G",899,"A",,"G",899,"A",,2
389860,"A",,"R",300615,"A",,"G",334,"A",,"G",334,"A",,1
390701,"R",395696,"A",,"R",2784,"G",8793,"G",77,"R",7950,"R",116,2
390905,"A",,"R",146700,"A",,"G",163,"A",,"G",163,"A",,1
391005,"A",,"R",378900,"A",,"G",421,"A",,"R",421,"A",,1
391333,"A",,"R",102000,"A",,"G",113,"A",,"G",113,"A",,1
391546,"A",,"R",167801,"A",,"G",186,"A",,"G",186,"A",,1
391564,"R",14873,"A",,"A",,"G",496,"A",,"G",496,"A",,2
391582,"R",38756,"A",,"A",,"G",861,"A",,"G",861,"A",,2
391759,"A",,"R",72300,"A",,"G",80,"A",,"G",80,"A",,1
391810,"A",,"R",64569,"A",,"G",72,"A",,"G",72,"A",,1
392257,"A",,"R",306728,"A",,"G",341,"A",,"R",341,"A",,1
392354,"A",,"R",15930,"A",,"G",18,"A",,"R",15,"A",,1
392415,"R",20029,"A",,"A",,"G",668,"A",,"G",668,"A",,2
392798,"A",,"R",76520,"A",,"G",85,"A",,"G",85,"A",,1
392840,"R",8501,"A",,"A",,"G",283,"A",,"G",283,"A",,2
393180,"A",,"R",727200,"A",,"G",808,"A",,"G",808,"A",,1
393524,"A",,"R",340000,"A",,"G",378,"A",,"G",378,"A",,1
393649,"R",8176,"A",,"A",,"G",182,"A",,"G",182,"A",,2
393861,"A",,"R",373706,"A",,"G",415,"A",,"G",415,"A",,1
393977,"A",,"R",100435,"A",,"G",112,"A",,"G",112,"A",,1
395362,"R",38280,"A",,"A",,"G",1276,"A",,"G",1276,"A",,2
395690,"A",,"R",364560,"A",,"G",405,"A",,"G",405,"A",,1
397270,"A",,"R",64560,"A",,"G",72,"A",,"R",89,"A",,1
397641,"A",,"R",311428,"A",,"G",346,"A",,"R",315,"A",,1
397942,"R",6728,"A",,"A",,"G",224,"A",,"G",224,"A",,2
398130,"R",17977,"A",,"A",,"G",399,"A",,"G",399,"A",,2
398574,"R",105115,"A",,"A",,"G",3504,"A",,"R",2236,"A",,2
399212,"R",192221,"A",,"A",,"G",6407,"A",,"G",6407,"A",,2
399869,"R",32076,"A",,"A",,"G",1069,"A",,"R",1122,"A",,2
399911,"R",13469,"A",,"R",21,"G",449,"G",1,"G",449,"G",1,2
400080,"A",,"R",2410800,"A",,"G",2679,"A",,"G",2679,"A",,1
400187,"A",,"R",446830,"A",,"G",496,"A",,"G",496,"A",,1
400637,"R",47494,"A",,"A",,"G",1583,"A",,"G",1583,"A",,2
401223,"R",2960,"A",,"R",3228,"G",99,"G",135,"G",99,"G",135,2
401250,"A",,"A",,"R",5394,"A",,"G",225,"A",,"R",241,-2
401339,"R",16640,"A",,"A",,"G",555,"A",,"R",555,"A",,2
401481,"A",,"R",259624,"A",,"G",288,"A",,"G",288,"A",,1
402563,"A",,"R",633249,"A",,"G",704,"A",,"G",704,"A",,1
402615,"R",43247,"A",,"R",2634,"G",961,"G",73,"G",961,"G",73,2
402776,"R",10600,"A",,"A",,"G",353,"A",,"G",353,"A",,2
402800,"A",,"R",350790,"A",,"G",390,"A",,"G",390,"A",,1
402828,"A",,"A",,"R",13757,"A",,"G",573,"A",,"G",573,-2
403414,"A",,"R",20100,"A",,"G",22,"A",,"G",22,"A",,1
403469,"R",30590,"A",,"A",,"G",1020,"A",,"G",1020,"A",,2
403478,"R",28159,"A",,"A",,"G",939,"A",,"G",939,"A",,2
403487,"R",72863,"A",,"A",,"G",2429,"A",,"G",2429,"A",,2
404037,"R",600,"A",,"A",,"G",20,"A",,"G",20,"A",,2
404055,"R",28350,"A",,"A",,"G",945,"A",,"G",945,"A",,2
404073,"R",127343,"A",,"R",904,"G",2830,"G",25,"G",2830,"G",25,2
404082,"R",199946,"A",,"R",528,"G",4443,"G",15,"G",4443,"G",15,2
404222,"A",,"A",,"R",8257,"A",,"G",344,"A",,"R",275,-2
404338,"R",4326,"A",,"R",5076,"G",144,"G",212,"G",144,"G",212,2
404365,"R",22682,"A",,"A",,"G",756,"A",,"G",756,"A",,2
404374,"R",16278,"R",54213,"A",,"G",603,"A",,"G",603,"A",,3
404383,"R",41973,"A",,"A",,"G",1399,"A",,"G",1399,"A",,2
404426,"R",62260,"A",,"A",,"G",2075,"A",,"G",2075,"A",,2
404499,"R",56872,"A",,"A",,"G",1896,"A",,"G",1896,"A",,2
404505,"R",55417,"A",,"A",,"G",1847,"A",,"G",1847,"A",,2
404514,"R",43504,"A",,"A",,"G",1450,"A",,"G",1450,"A",,2
404648,"R",62956,"A",,"R",20,"G",1399,"G",1,"G",1399,"G",1,2
404684,"R",17146,"A",,"A",,"G",572,"A",,"G",572,"A",,2
404718,"A",,"R",88200,"A",,"G",98,"A",,"G",98,"A",,1
404806,"R",17771,"A",,"A",,"G",592,"A",,"G",592,"A",,2
404912,"A",,"R",1533464,"A",,"G",1704,"A",,"G",1704,"A",,1
404921,"R",48972,"A",,"A",,"G",1632,"A",,"G",1632,"A",,2
404994,"R",192535,"A",,"A",,"G",6418,"A",,"G",6418,"A",,2
405003,"A",,"R",19200,"A",,"G",21,"A",,"G",21,"A",,1
405012,"A",,"R",49000,"A",,"G",54,"A",,"G",54,"A",,1
405021,"A",,"R",38000,"A",,"G",42,"A",,"G",42,"A",,1
405058,"R",3996,"A",,"A",,"G",133,"A",,"G",133,"A",,2
405076,"A",,"R",372600,"A",,"G",414,"A",,"G",414,"A",,1
405748,"A",,"R",87865,"A",,"G",98,"A",,"G",98,"A",,1
405854,"R",5100,"A",,"A",,"G",170,"A",,"G",170,"A",,2
405872,"R",75555,"A",,"A",,"G",2519,"A",,"G",2519,"A",,2
405979,"R",45372,"A",,"R",12153,"G",1512,"G",506,"G",1512,"G",506,2
405988,"R",37334,"A",,"R",21818,"G",1244,"G",909,"G",1244,"G",909,2
405997,"R",117514,"A",,"R",15152,"G",3917,"G",631,"G",3917,"G",631,2
406006,"R",49838,"A",,"R",8652,"G",1661,"G",361,"G",1661,"G",361,2
406015,"R",220581,"A",,"R",44365,"G",7353,"G",1849,"G",7353,"G",1849,2
406024,"R",21060,"A",,"A",,"G",702,"A",,"G",702,"A",,2
406033,"R",25392,"A",,"A",,"G",846,"A",,"G",846,"A",,2
406051,"A",,"R",83700,"A",,"G",93,"A",,"R",93,"A",,1
406060,"A",,"R",95400,"A",,"G",106,"A",,"G",106,"A",,1
406149,"A",,"R",49500,"A",,"G",55,"A",,"G",55,"A",,1
406194,"R",39142,"A",,"A",,"G",870,"A",,"G",870,"A",,2
406200,"A",,"R",2249432,"A",,"G",2499,"A",,"G",2499,"A",,1
406219,"R",65088,"A",,"A",,"G",1446,"A",,"R",1356,"A",,2
406264,"R",60883,"A",,"A",,"G",1353,"A",,"G",1353,"A",,2
406325,"A",,"R",114074,"A",,"G",127,"A",,"G",127,"A",,1
406361,"A",,"R",83202,"A",,"G",92,"A",,"G",92,"A",,1
406413,"R",4992,"A",,"A",,"G",166,"A",,"G",166,"A",,2
406422,"A",,"R",116874,"A",,"G",130,"A",,"G",130,"A",,1
406486,"R",3210,"A",,"A",,"G",107,"A",,"G",107,"A",,2
406495,"A",,"R",280000,"A",,"G",311,"A",,"G",311,"A",,1
406547,"R",21109,"A",,"A",,"G",469,"A",,"G",469,"A",,2
406556,"A",,"R",14800,"A",,"G",16,"A",,"G",16,"A",,1
407054,"R",6363,"A",,"A",,"G",141,"A",,"G",141,"A",,2
407063,"R",27428,"A",,"A",,"G",610,"A",,"G",610,"A",,2
407090,"A",,"R",219666,"A",,"G",244,"A",,"G",244,"A",,1
407142,"A",,"R",91950,"A",,"G",102,"A",,"G",102,"A",,1
407151,"A",,"R",94428,"A",,"G",105,"A",,"G",105,"A",,1
407179,"A",,"R",247308,"A",,"G",275,"A",,"R",247,"A",,1
407285,"R",24178,"A",,"A",,"G",537,"A",,"G",537,"A",,2
407319,"R",28292,"A",,"A",,"G",629,"A",,"G",629,"A",,2
407328,"R",7638,"A",,"A",,"G",255,"A",,"G",255,"A",,2
407355,"A",,"R",407714,"A",,"G",453,"A",,"G",453,"A",,1
407391,"A",,"R",138573,"A",,"G",154,"A",,"G",154,"A",,1
407407,"A",,"R",116212,"A",,"G",129,"A",,"G",129,"A",,1
407425,"A",,"R",190499,"A",,"G",212,"A",,"G",212,"A",,1
407434,"A",,"R",155040,"A",,"G",172,"A",,"G",172,"A",,1
407452,"A",,"R",43361,"A",,"G",48,"A",,"G",48,"A",,1
407461,"A",,"R",210340,"A",,"G",234,"A",,"G",234,"A",,1
407470,"A",,"R",112724,"A",,"G",125,"A",,"G",125,"A",,1
407489,"A",,"R",45732,"A",,"G",51,"A",,"G",51,"A",,1
407504,"A",,"R",221400,"A",,"G",246,"A",,"R",246,"A",,1
407513,"A",,"R",244912,"A",,"G",272,"A",,"G",272,"A",,1
407522,"A",,"R",26750,"A",,"G",30,"A",,"G",30,"A",,1
407568,"A",,"R",88729,"A",,"G",99,"A",,"G",99,"A",,1
407577,"A",,"R",437400,"A",,"G",486,"A",,"G",486,"A",,1
407595,"A",,"R",183232,"A",,"G",204,"A",,"G",204,"A",,1
407601,"A",,"R",21784,"A",,"G",24,"A",,"G",24,"A",,1
407629,"A",,"A",,"R",209010,"A",,"G",8709,"A",,"G",8709,-2
407683,"A",,"R",140310,"A",,"G",156,"A",,"G",156,"A",,1
407708,"A",,"R",372738,"A",,"G",414,"A",,"G",414,"A",,1
407726,"A",,"R",194715,"A",,"G",216,"A",,"R",108,"A",,1
407735,"A",,"R",280173,"A",,"G",311,"A",,"R",155,"A",,1
407744,"A",,"R",114682,"A",,"G",127,"A",,"G",127,"A",,1
407832,"A",,"R",227105,"A",,"G",252,"A",,"G",252,"A",,1
408039,"R",85568,"A",,"A",,"G",1902,"A",,"G",1902,"A",,2
408057,"A",,"R",90531,"A",,"G",101,"A",,"G",101,"A",,1
408066,"A",,"R",170415,"A",,"G",189,"A",,"R",195,"A",,1
408163,"A",,"R",124386,"A",,"G",138,"A",,"G",138,"A",,1
408312,"A",,"R",85960,"A",,"G",96,"A",,"G",96,"A",,1
408385,"A",,"R",376200,"A",,"G",418,"A",,"G",418,"A",,1
408394,"R",20463,"A",,"A",,"G",682,"A",,"G",682,"A",,2
408437,"R",1245,"A",,"A",,"G",42,"A",,"R",36,"A",,2
408844,"R",113076,"A",,"A",,"G",3769,"A",,"G",3769,"A",,2
408862,"A",,"R",234900,"A",,"G",261,"A",,"G",261,"A",,1
409032,"R",16104,"A",,"A",,"G",537,"A",,"G",537,"A",,2
409069,"R",36016,"A",,"A",,"G",800,"A",,"G",800,"A",,2
409120,"R",696,"R",182092,"A",,"G",226,"A",,"G",226,"A",,3
409166,"A",,"R",229740,"A",,"G",255,"A",,"G",255,"A",,1
409193,"R",23070,"A",,"A",,"G",769,"A",,"G",769,"A",,2
409209,"A",,"R",185000,"A",,"G",206,"A",,"G",206,"A",,1
409245,"A",,"R",27500,"A",,"G",31,"A",,"G",31,"A",,1
409254,"A",,"A",,"R",4184,"A",,"G",174,"A",,"G",174,-2
409315,"R",537734,"A",,"A",,"G",17924,"A",,"G",17924,"A",,2
409333,"R",4773,"A",,"A",,"G",159,"A",,"G",159,"A",,2
409537,"A",,"R",50447,"A",,"G",56,"A",,"G",56,"A",,1
409591,"A",,"R",119367,"A",,"G",133,"A",,"R",133,"A",,1
409616,"A",,"A",,"R",16185,"A",,"G",674,"A",,"G",674,-2
409670,"R",48807,"A",,"A",,"G",1085,"A",,"R",1118,"A",,2
409698,"R",122217,"A",,"R",6950,"G",4074,"G",290,"G",4074,"G",290,2
409829,"R",48171,"A",,"A",,"G",1070,"A",,"G",1070,"A",,2
409838,"R",37870,"A",,"A",,"G",842,"A",,"G",842,"A",,2
409874,"R",59234,"A",,"A",,"G",1316,"A",,"G",1316,"A",,2
410034,"A",,"R",102889,"A",,"G",114,"A",,"G",114,"A",,1
410070,"R",49411,"A",,"A",,"G",1647,"A",,"R",1335,"A",,2
410256,"A",,"R",51000,"A",,"G",57,"A",,"G",57,"A",,1
410283,"R",46365,"A",,"A",,"G",1030,"A",,"G",1030,"A",,2
410496,"R",8723,"A",,"A",,"G",291,"A",,"G",291,"A",,2
410502,"R",57599,"A",,"A",,"G",1280,"A",,"G",1280,"A",,2
410520,"A",,"R",240939,"A",,"G",268,"A",,"G",268,"A",,1
410539,"R",17490,"A",,"A",,"G",583,"A",,"G",583,"A",,2
410788,"A",,"R",447581,"A",,"G",497,"A",,"G",497,"A",,1
410797,"R",9000,"A",,"A",,"G",300,"A",,"G",300,"A",,2
410964,"A",,"R",40800,"A",,"G",45,"A",,"G",45,"A",,1
411055,"A",,"R",460800,"A",,"G",512,"A",,"R",512,"A",,1
411374,"R",29795,"A",,"A",,"G",993,"A",,"G",993,"A",,2
411684,"A",,"R",182303,"A",,"G",203,"A",,"G",203,"A",,1
411754,"A",,"R",63140,"A",,"G",70,"A",,"G",70,"A",,1
412003,"R",2583,"A",,"A",,"G",86,"A",,"G",86,"A",,2
412173,"A",,"R",452525,"A",,"G",503,"A",,"G",503,"A",,1
412535,"A",,"R",36920,"A",,"G",41,"A",,"G",41,"A",,1
412544,"A",,"R",120236,"A",,"G",134,"A",,"G",134,"A",,1
412599,"R",55177,"A",,"A",,"G",1839,"A",,"G",1839,"A",,2
412650,"A",,"R",105600,"A",,"G",117,"A",,"G",117,"A",,1
413176,"A",,"R",32610,"A",,"G",36,"A",,"R",31,"A",,1
413185,"R",1084,"A",,"A",,"G",36,"A",,"G",36,"A",,2
413343,"A",,"R",50400,"A",,"G",56,"A",,"G",56,"A",,1
413413,"R",200746,"A",,"R",629789,"G",4461,"G",17494,"G",4461,"G",17494,2
413617,"R",13254,"A",,"A",,"G",442,"A",,"G",442,"A",,2
413626,"R",5516,"A",,"A",,"G",184,"A",,"G",184,"A",,2
413635,"R",34800,"A",,"A",,"G",1160,"A",,"G",1160,"A",,2
413644,"A",,"A",,"R",5739,"A",,"G",239,"A",,"G",239,-2
413680,"A",,"R",458565,"A",,"G",510,"A",,"G",510,"A",,1
413778,"R",10713,"A",,"A",,"G",357,"A",,"G",357,"A",,2
413802,"A",,"R",697489,"A",,"G",775,"A",,"R",775,"A",,1
413820,"A",,"R",36900,"A",,"G",41,"A",,"G",41,"A",,1
413839,"R",30728,"A",,"A",,"G",683,"A",,"G",683,"A",,2
413848,"R",20408,"A",,"A",,"G",454,"A",,"G",454,"A",,2
413857,"R",43348,"A",,"A",,"G",963,"A",,"G",963,"A",,2
413866,"R",30012,"A",,"A",,"G",667,"A",,"G",667,"A",,2
413884,"R",42816,"A",,"A",,"G",951,"A",,"G",951,"A",,2
413918,"R",1024,"A",,"A",,"G",34,"A",,"R",32,"A",,2
413945,"A",,"R",180294,"A",,"G",200,"A",,"G",200,"A",,1
413972,"A",,"R",285000,"A",,"G",317,"A",,"G",317,"A",,1
414036,"R",13740,"A",,"A",,"G",458,"A",,"R",245,"A",,2
414054,"A",,"R",81000,"A",,"G",90,"A",,"R",90,"A",,1
414063,"A",,"R",214756,"A",,"G",239,"A",,"G",239,"A",,1
414124,"R",8748,"A",,"A",,"G",292,"A",,"G",292,"A",,2
414160,"R",82187,"A",,"R",276,"G",1826,"G",8,"G",1826,"G",8,2
414452,"A",,"R",46191,"A",,"G",51,"A",,"R",30,"A",,1
414461,"R",236544,"A",,"A",,"G",5257,"A",,"G",5257,"A",,2
414489,"A",,"R",244500,"A",,"G",272,"A",,"G",272,"A",,1
414531,"R",22900,"A",,"A",,"G",509,"A",,"G",509,"A",,2
414540,"A",,"R",328767,"A",,"G",365,"A",,"G",365,"A",,1
414559,"A",,"R",44100,"A",,"G",49,"A",,"R",49,"A",,1
414568,"R",47536,"A",,"A",,"G",1056,"A",,"G",1056,"A",,2
414586,"R",26052,"A",,"A",,"G",579,"A",,"G",579,"A",,2
414595,"A",,"R",21658,"R",17483,"G",24,"G",728,"G",24,"G",728,1
414708,"R",140632,"A",,"R",18835,"G",3125,"G",523,"G",3125,"G",523,2
414823,"R",97105,"A",,"A",,"G",2158,"A",,"G",2158,"A",,2
414841,"R",17364,"A",,"A",,"G",386,"A",,"G",386,"A",,2
414850,"R",24892,"A",,"A",,"G",553,"A",,"R",507,"A",,2
414869,"A",,"R",141441,"A",,"G",157,"A",,"G",157,"A",,1
414878,"R",4973,"A",,"R",378,"G",166,"G",16,"G",166,"G",16,2
414911,"R",41373,"A",,"A",,"G",1379,"A",,"G",1379,"A",,2
414939,"A",,"R",88183,"A",,"G",98,"A",,"G",98,"A",,1
414966,"A",,"A",,"R",2426,"A",,"G",101,"A",,"R",119,-2
415039,"A",,"R",162387,"A",,"G",180,"A",,"R",129,"A",,1
415057,"A",,"R",88580,"A",,"G",98,"A",,"G",98,"A",,1
415729,"R",952,"A",,"A",,"G",32,"A",,"G",32,"A",,2
415774,"R",33638,"A",,"A",,"G",1121,"A",,"G",1121,"A",,2
415987,"A",,"R",489946,"A",,"G",544,"A",,"G",544,"A",,1
416458,"R",24110,"A",,"A",,"G",804,"A",,"R",804,"A",,2
416670,"A",,"R",127800,"A",,"G",142,"A",,"G",142,"A",,1
416801,"R",8501,"A",,"A",,"G",283,"A",,"G",283,"A",,2
416962,"R",60104,"A",,"R",15020,"G",2003,"G",626,"G",2003,"G",626,2
416971,"A",,"R",75335,"A",,"G",84,"A",,"G",84,"A",,1
416980,"A",,"R",101349,"A",,"G",113,"A",,"G",113,"A",,1
417008,"A",,"R",107070,"A",,"G",119,"A",,"G",119,"A",,1
417062,"A",,"R",105321,"A",,"G",117,"A",,"G",117,"A",,1
417105,"A",,"R",385240,"A",,"G",428,"A",,"G",428,"A",,1
417123,"A",,"R",216410,"A",,"G",240,"A",,"G",240,"A",,1
417132,"A",,"R",740319,"A",,"G",823,"A",,"G",823,"A",,1
417150,"A",,"R",34200,"A",,"G",38,"A",,"G",38,"A",,1
417178,"A",,"R",54900,"A",,"G",61,"A",,"G",61,"A",,1
417187,"A",,"R",36000,"A",,"G",40,"A",,"G",40,"A",,1
417211,"A",,"R",17160,"A",,"G",19,"A",,"R",22,"A",,1
417248,"A",,"R",60660,"A",,"G",67,"A",,"R",67,"A",,1
417257,"A",,"R",27000,"A",,"G",30,"A",,"G",30,"A",,1
417275,"A",,"R",18360,"A",,"G",20,"A",,"G",20,"A",,1
417318,"R",2025,"A",,"A",,"G",68,"A",,"G",68,"A",,2
417327,"R",24104,"A",,"A",,"G",536,"A",,"G",536,"A",,2
417345,"A",,"A",,"R",288,"A",,"G",12,"A",,"G",12,-2
417381,"A",,"R",342001,"A",,"G",380,"A",,"R",224,"A",,1
417390,"A",,"R",99750,"A",,"G",111,"A",,"G",111,"A",,1
417406,"A",,"R",97500,"A",,"G",108,"A",,"G",108,"A",,1
417442,"A",,"R",182568,"A",,"G",203,"A",,"G",203,"A",,1
417503,"A",,"R",288225,"A",,"G",320,"A",,"G",320,"A",,1
417549,"R",12223,"R",95800,"A",,"G",514,"A",,"G",514,"A",,3
417567,"R",6588,"A",,"A",,"G",220,"A",,"G",220,"A",,2
417576,"A",,"R",129262,"A",,"G",144,"A",,"G",144,"A",,1
417600,"A",,"R",38361,"A",,"G",43,"A",,"G",43,"A",,1
417628,"A",,"R",75806,"A",,"G",84,"A",,"G",84,"A",,1
417637,"A",,"R",117904,"A",,"G",131,"A",,"R",120,"A",,1
417646,"A",,"R",31846,"A",,"G",35,"A",,"G",35,"A",,1
417655,"A",,"R",24500,"A",,"G",27,"A",,"G",27,"A",,1
417673,"A",,"R",45075,"A",,"G",50,"A",,"R",47,"A",,1
417682,"A",,"R",29349,"A",,"G",33,"A",,"G",33,"A",,1
417716,"A",,"R",134655,"A",,"G",150,"A",,"G",150,"A",,1
417725,"A",,"R",115832,"A",,"G",129,"A",,"G",129,"A",,1
417734,"R",4984,"A",,"A",,"G",166,"A",,"G",166,"A",,2
417752,"R",2322,"A",,"A",,"G",77,"A",,"G",77,"A",,2
417789,"A",,"R",127950,"A",,"G",142,"A",,"G",142,"A",,1
417804,"A",,"R",131895,"A",,"G",147,"A",,"G",147,"A",,1
417831,"A",,"R",143550,"A",,"G",160,"A",,"G",160,"A",,1
417840,"A",,"R",428580,"A",,"G",476,"A",,"G",476,"A",,1
417868,"A",,"R",42000,"A",,"G",47,"A",,"R",35,"A",,1
417886,"A",,"R",79800,"A",,"G",89,"A",,"G",89,"A",,1
417901,"R",420,"A",,"A",,"G",14,"A",,"G",14,"A",,2
417910,"A",,"R",219780,"A",,"G",244,"A",,"G",244,"A",,1
417947,"A",,"R",34920,"A",,"G",39,"A",,"G",39,"A",,1
417983,"A",,"R",60890,"A",,"G",68,"A",,"G",68,"A",,1
417992,"A",,"R",83904,"A",,"G",93,"A",,"G",93,"A",,1
418001,"A",,"R",152961,"A",,"G",170,"A",,"G",170,"A",,1
418010,"A",,"R",51600,"A",,"G",57,"A",,"G",57,"A",,1
418029,"A",,"R",116520,"A",,"G",129,"A",,"G",129,"A",,1
418038,"A",,"R",132400,"A",,"G",147,"A",,"G",147,"A",,1
418056,"A",,"R",162896,"A",,"G",181,"A",,"G",181,"A",,1
418065,"A",,"R",417685,"A",,"G",464,"A",,"G",464,"A",,1
418083,"A",,"R",85860,"A",,"G",95,"A",,"G",95,"A",,1
418126,"R",19519,"A",,"R",3199,"G",651,"G",133,"R",542,"R",89,2
418162,"A",,"R",966326,"A",,"G",1074,"A",,"G",1074,"A",,1
418171,"A",,"R",54500,"A",,"G",61,"A",,"G",61,"A",,1
418199,"A",,"R",50224,"A",,"G",56,"A",,"G",56,"A",,1
418205,"A",,"R",851555,"A",,"G",946,"A",,"G",946,"A",,1
418223,"A",,"R",68400,"A",,"G",76,"A",,"G",76,"A",,1
418250,"A",,"R",220800,"A",,"G",245,"A",,"G",245,"A",,1
418269,"R",3042,"A",,"A",,"G",101,"A",,"G",101,"A",,2
418278,"A",,"R",122728,"A",,"G",136,"A",,"G",136,"A",,1
418287,"A",,"R",340432,"A",,"G",378,"A",,"G",378,"A",,1
418296,"A",,"R",1165500,"A",,"G",1295,"A",,"G",1295,"A",,1
418302,"A",,"R",330235,"A",,"G",367,"A",,"G",367,"A",,1
418320,"A",,"R",448630,"A",,"G",498,"A",,"G",498,"A",,1
418339,"A",,"R",341576,"A",,"G",380,"A",,"G",380,"A",,1
418348,"A",,"R",268397,"A",,"G",298,"A",,"G",298,"A",,1
418357,"A",,"R",248656,"A",,"G",276,"A",,"G",276,"A",,1
418384,"A",,"R",64500,"A",,"G",72,"A",,"G",72,"A",,1
418409,"A",,"R",105644,"A",,"G",117,"A",,"G",117,"A",,1
418427,"A",,"R",141244,"A",,"G",157,"A",,"G",157,"A",,1
418445,"A",,"R",69000,"A",,"G",77,"A",,"G",77,"A",,1
418454,"A",,"R",169920,"A",,"G",189,"A",,"G",189,"A",,1
418481,"A",,"R",85904,"A",,"G",95,"A",,"G",95,"A",,1
418506,"A",,"R",64500,"A",,"G",72,"A",,"G",72,"A",,1
418515,"A",,"R",126150,"A",,"G",140,"A",,"G",140,"A",,1
418524,"A",,"R",88326,"A",,"G",98,"A",,"G",98,"A",,1
418533,"A",,"R",530608,"A",,"G",590,"A",,"G",590,"A",,1
418542,"A",,"R",106000,"A",,"G",118,"A",,"G",118,"A",,1
418560,"A",,"R",103785,"A",,"G",115,"A",,"G",115,"A",,1
418588,"A",,"R",50400,"A",,"G",56,"A",,"G",56,"A",,1
418603,"A",,"R",62731,"A",,"G",70,"A",,"G",70,"A",,1
418612,"A",,"R",44880,"A",,"G",50,"A",,"G",50,"A",,1
418658,"A",,"R",121632,"A",,"G",135,"A",,"G",135,"A",,1
418676,"A",,"R",81900,"A",,"G",91,"A",,"G",91,"A",,1
418700,"A",,"R",252900,"A",,"G",281,"A",,"G",281,"A",,1
418755,"A",,"R",85250,"A",,"G",95,"A",,"G",95,"A",,1
418764,"A",,"R",76157,"A",,"G",85,"A",,"G",85,"A",,1
418773,"R",47675,"A",,"A",,"G",1589,"A",,"G",1589,"A",,2
418782,"R",7680,"A",,"A",,"G",256,"A",,"G",256,"A",,2
418870,"R",24952,"A",,"A",,"G",832,"A",,"G",832,"A",,2
418889,"R",78,"R",68868,"A",,"G",79,"A",,"G",79,"A",,3
418913,"A",,"R",119070,"A",,"G",132,"A",,"G",132,"A",,1
418968,"A",,"R",427500,"A",,"G",475,"A",,"G",475,"A",,1
419022,"R",18061,"A",,"A",,"G",602,"A",,"G",602,"A",,2
419031,"A",,"R",36450,"A",,"G",41,"A",,"G",41,"A",,1
419095,"A",,"R",67900,"A",,"G",75,"A",,"R",60,"A",,1
419147,"A",,"R",66000,"A",,"G",73,"A",,"G",73,"A",,1
419156,"A",,"R",109389,"A",,"G",122,"A",,"R",122,"A",,1
419183,"R",11270,"A",,"A",,"G",376,"A",,"G",376,"A",,2
419217,"A",,"R",174119,"A",,"G",193,"A",,"G",193,"A",,1
419226,"A",,"R",494437,"A",,"G",549,"A",,"G",549,"A",,1
419235,"A",,"R",381244,"A",,"G",424,"A",,"G",424,"A",,1
419244,"A",,"R",134156,"A",,"G",149,"A",,"G",149,"A",,1
419253,"R",16572,"A",,"A",,"G",552,"A",,"G",552,"A",,2
419262,"A",,"R",52000,"A",,"G",58,"A",,"G",58,"A",,1
419271,"A",,"R",13660,"A",,"G",15,"A",,"G",15,"A",,1
419280,"A",,"R",64900,"A",,"G",72,"A",,"G",72,"A",,1
419314,"A",,"R",25750,"A",,"G",29,"A",,"G",29,"A",,1
419332,"A",,"R",10550,"A",,"G",12,"A",,"G",12,"A",,1
419341,"A",,"R",61239,"A",,"G",68,"A",,"G",68,"A",,1
419411,"R",15400,"A",,"A",,"G",513,"A",,"G",513,"A",,2
419420,"A",,"R",86080,"A",,"G",96,"A",,"G",96,"A",,1
419439,"A",,"R",63786,"A",,"G",71,"A",,"G",71,"A",,1
419457,"R",2160,"A",,"R",19171,"G",72,"G",799,"G",72,"G",799,2
419484,"A",,"R",40000,"A",,"G",44,"A",,"G",44,"A",,1
419509,"R",81763,"A",,"R",13328,"G",2725,"G",555,"G",2725,"G",555,2
419572,"R",3631,"A",,"A",,"G",81,"A",,"G",81,"A",,2
419633,"A",,"R",69134,"A",,"G",77,"A",,"G",77,"A",,1
419660,"A",,"R",475567,"A",,"G",528,"A",,"G",528,"A",,1
419703,"R",19296,"A",,"A",,"G",643,"A",,"G",643,"A",,2
419712,"R",8952,"A",,"A",,"G",298,"A",,"G",298,"A",,2
419721,"R",9552,"A",,"A",,"G",318,"A",,"G",318,"A",,2
420006,"R",32318,"A",,"R",368,"G",718,"G",10,"R",802,"R",15,2
420024,"R",6420,"A",,"A",,"G",214,"A",,"G",214,"A",,2
420042,"R",22678,"A",,"R",4432,"G",756,"G",185,"G",756,"G",185,2
420103,"R",13570,"A",,"A",,"G",452,"A",,"G",452,"A",,2
420130,"A",,"R",716640,"A",,"G",796,"A",,"G",796,"A",,1
420194,"A",,"R",198000,"A",,"G",220,"A",,"G",220,"A",,1
420200,"A",,"R",102000,"A",,"G",113,"A",,"G",113,"A",,1
420246,"A",,"A",,"R",29918,"A",,"G",831,"A",,"R",396,-2
420255,"A",,"R",109780,"A",,"G",122,"A",,"G",122,"A",,1
420307,"R",313329,"A",,"R",5392,"G",6963,"G",150,"G",6963,"G",150,2
420316,"R",44290,"A",,"A",,"G",984,"A",,"G",984,"A",,2
420325,"R",2361,"A",,"R",87,"G",79,"G",4,"G",79,"G",4,2
420343,"A",,"R",867545,"A",,"G",964,"A",,"G",964,"A",,1
420352,"R",709,"A",,"A",,"G",24,"A",,"G",24,"A",,2
420370,"A",,"R",209221,"A",,"G",232,"A",,"G",232,"A",,1
420398,"R",293814,"R",5430368,"A",,"G",15828,"A",,"G",15828,"A",,3
420404,"R",27548,"A",,"A",,"G",612,"A",,"G",612,"A",,2
420431,"R",36946,"A",,"A",,"G",821,"A",,"G",821,"A",,2
420440,"R",25323,"A",,"A",,"G",844,"A",,"G",844,"A",,2
420459,"A",,"R",330779,"A",,"G",368,"A",,"G",368,"A",,1
420468,"A",,"R",646977,"A",,"G",719,"A",,"G",719,"A",,1
420495,"R",55967,"A",,"A",,"G",1866,"A",,"G",1866,"A",,2
420501,"R",56905,"A",,"A",,"G",1897,"A",,"G",1897,"A",,2
420538,"R",35846,"A",,"A",,"G",1195,"A",,"G",1195,"A",,2
420556,"R",36625,"A",,"A",,"G",814,"A",,"G",814,"A",,2
420608,"A",,"R",411040,"A",,"G",457,"A",,"G",457,"A",,1
420705,"A",,"A",,"R",3186,"A",,"G",133,"A",,"R",231,-2
420723,"R",10845,"A",,"A",,"G",241,"A",,"G",241,"A",,2
420866,"R",4732,"A",,"R",10941,"G",158,"G",456,"G",158,"G",456,2
420981,"A",,"R",419400,"A",,"G",466,"A",,"G",466,"A",,1
421009,"R",49963,"A",,"R",7788,"G",1665,"G",325,"G",1665,"G",325,2
421018,"R",50203,"A",,"R",8099,"G",1673,"G",337,"G",1673,"G",337,2
421513,"R",14946,"A",,"A",,"G",332,"A",,"G",332,"A",,2
421540,"A",,"R",264810,"A",,"G",294,"A",,"G",294,"A",,1
421559,"A",,"R",156570,"A",,"G",174,"A",,"G",174,"A",,1
421586,"A",,"R",179100,"A",,"G",199,"A",,"G",199,"A",,1
421610,"A",,"R",20000,"A",,"G",22,"A",,"R",22,"A",,1
421665,"A",,"R",18029,"A",,"G",20,"A",,"G",20,"A",,1
421708,"R",38846,"A",,"A",,"G",1295,"A",,"G",1295,"A",,2
421717,"A",,"R",30060,"A",,"G",33,"A",,"G",33,"A",,1
421771,"A",,"R",65160,"A",,"G",72,"A",,"G",72,"A",,1
421832,"R",17128,"A",,"A",,"G",381,"A",,"G",381,"A",,2
421841,"A",,"R",225274,"A",,"G",250,"A",,"G",250,"A",,1
421878,"A",,"R",335000,"A",,"G",372,"A",,"G",372,"A",,1
421896,"A",,"R",351000,"A",,"G",390,"A",,"G",390,"A",,1
422020,"A",,"R",117901,"A",,"G",131,"A",,"G",131,"A",,1
422190,"A",,"R",205517,"A",,"G",228,"A",,"G",228,"A",,1
422695,"A",,"R",380900,"A",,"G",423,"A",,"G",423,"A",,1
422835,"R",11438,"A",,"A",,"G",381,"A",,"R",381,"A",,2
423120,"R",34272,"A",,"A",,"G",1142,"A",,"G",1142,"A",,2
423397,"A",,"R",92700,"A",,"G",103,"A",,"R",103,"A",,1
423412,"A",,"R",50642,"A",,"G",56,"A",,"G",56,"A",,1
423476,"R",10565,"A",,"A",,"G",235,"A",,"G",235,"A",,2
423582,"A",,"R",306720,"A",,"G",341,"A",,"G",341,"A",,1
423643,"R",396,"A",,"R",127412,"G",9,"G",3539,"G",9,"G",3539,2
423652,"A",,"R",498690,"A",,"G",554,"A",,"G",554,"A",,1
423670,"R",9152,"A",,"A",,"G",203,"A",,"G",203,"A",,2
423980,"R",122014,"A",,"A",,"G",4067,"A",,"G",4067,"A",,2
424424,"R",13961,"A",,"A",,"G",465,"A",,"G",465,"A",,2
425250,"R",5499,"A",,"A",,"G",183,"A",,"G",183,"A",,2
425393,"A",,"R",6030,"A",,"G",7,"A",,"R",10,"A",,1
425870,"A",,"R",30942,"A",,"G",34,"A",,"G",34,"A",,1
425889,"A",,"R",684516,"A",,"G",761,"A",,"G",761,"A",,1
425986,"R",8095,"A",,"A",,"G",270,"A",,"G",270,"A",,2
426314,"R",193776,"A",,"R",57384,"G",6459,"G",2391,"G",6459,"G",2391,2
427025,"R",60660,"A",,"A",,"G",2022,"A",,"G",2022,"A",,2
427308,"A",,"R",299472,"A",,"G",333,"A",,"G",333,"A",,1
427335,"A",,"R",46800,"A",,"G",52,"A",,"G",52,"A",,1
427663,"R",20644,"A",,"A",,"G",459,"A",,"G",459,"A",,2
427894,"A",,"R",185760,"A",,"G",206,"A",,"G",206,"A",,1
427919,"A",,"R",239310,"A",,"G",266,"A",,"G",266,"A",,1
427973,"R",9780,"A",,"A",,"G",326,"A",,"G",326,"A",,2
427982,"R",9890,"A",,"A",,"G",330,"A",,"G",330,"A",,2
427991,"A",,"R",580314,"A",,"G",645,"A",,"G",645,"A",,1
428000,"R",9570,"A",,"A",,"G",213,"A",,"G",213,"A",,2
428019,"A",,"R",318097,"A",,"G",353,"A",,"G",353,"A",,1
428037,"A",,"R",27100,"A",,"G",30,"A",,"G",30,"A",,1
428055,"R",15226,"A",,"A",,"G",508,"A",,"G",508,"A",,2
428073,"A",,"R",30512,"A",,"G",34,"A",,"G",34,"A",,1
428125,"A",,"R",134840,"A",,"G",150,"A",,"G",150,"A",,1
428143,"A",,"R",193206,"A",,"G",215,"A",,"G",215,"A",,1
428170,"R",57803,"A",,"A",,"G",1927,"A",,"G",1927,"A",,2
428259,"R",9600,"A",,"R",1092,"G",320,"G",46,"R",320,"R",61,2
428268,"R",2205,"A",,"R",10430,"G",74,"G",435,"G",74,"G",435,2
428286,"R",67140,"A",,"A",,"G",1492,"A",,"G",1492,"A",,2
428295,"A",,"R",85200,"A",,"G",95,"A",,"G",95,"A",,1
428329,"R",7558,"A",,"A",,"G",168,"A",,"G",168,"A",,2
428338,"A",,"A",,"R",6180,"A",,"G",258,"A",,"G",258,-2
428392,"R",31470,"A",,"A",,"G",699,"A",,"G",699,"A",,2
428444,"R",66218,"A",,"A",,"G",1472,"A",,"G",1472,"A",,2
429085,"A",,"A",,"R",3894,"A",,"G",162,"A",,"G",162,-2
429094,"A",,"A",,"R",9985,"A",,"G",277,"A",,"R",206,-2
429100,"A",,"R",131400,"A",,"G",146,"A",,"G",146,"A",,1
429128,"R",8304,"A",,"A",,"G",277,"A",,"G",277,"A",,2
429599,"R",48120,"A",,"A",,"G",1069,"A",,"G",1069,"A",,2
430050,"R",19620,"A",,"A",,"G",654,"A",,"G",654,"A",,2
430087,"R",34821,"A",,"R",5655,"G",774,"G",157,"G",774,"G",157,2
430096,"R",23500,"A",,"A",,"G",783,"A",,"G",783,"A",,2
430102,"R",2891,"A",,"R",579,"G",96,"G",24,"G",96,"G",24,2
430148,"R",40272,"A",,"A",,"G",895,"A",,"G",895,"A",,2
430157,"R",11761,"A",,"A",,"G",392,"A",,"G",392,"A",,2
430166,"R",11617,"A",,"A",,"G",387,"A",,"G",387,"A",,2
430175,"R",42170,"A",,"A",,"G",1406,"A",,"R",897,"A",,2
430184,"R",147650,"A",,"R",37611,"G",3281,"G",1045,"G",3281,"G",1045,2
430218,"A",,"R",289687,"A",,"G",322,"A",,"R",241,"A",,1
430227,"A",,"R",259955,"A",,"G",289,"A",,"R",206,"A",,1
430245,"A",,"R",716400,"A",,"G",796,"A",,"G",796,"A",,1
430254,"R",10140,"A",,"A",,"G",338,"A",,"G",338,"A",,2
430263,"R",38008,"A",,"A",,"G",845,"A",,"G",845,"A",,2
430306,"A",,"R",55300,"A",,"G",61,"A",,"G",61,"A",,1
430342,"A",,"R",291960,"A",,"G",324,"A",,"G",324,"A",,1
430351,"R",19660,"A",,"A",,"G",437,"A",,"G",437,"A",,2
430360,"R",13324,"A",,"A",,"G",296,"A",,"G",296,"A",,2
430379,"R",33164,"A",,"A",,"G",737,"A",,"G",737,"A",,2
430388,"R",24768,"A",,"A",,"G",550,"A",,"G",550,"A",,2
430403,"A",,"R",459540,"A",,"G",511,"A",,"G",511,"A",,1
430421,"R",31382,"A",,"A",,"G",1046,"A",,"R",668,"A",,2
430485,"R",6023,"A",,"A",,"G",201,"A",,"G",201,"A",,2
430500,"A",,"R",5220,"A",,"G",6,"A",,"R",6,"A",,1
430564,"A",,"R",46546,"A",,"G",52,"A",,"G",52,"A",,1
430582,"A",,"R",216800,"A",,"G",241,"A",,"G",241,"A",,1
430591,"A",,"A",,"R",14036,"A",,"G",390,"A",,"G",390,-2
430670,"A",,"A",,"R",8160,"A",,"G",340,"A",,"G",340,-2
430704,"A",,"A",,"R",2750,"A",,"G",115,"A",,"G",115,-2
430795,"A",,"R",229121,"A",,"G",255,"A",,"G",255,"A",,1
430810,"R",11451,"A",,"A",,"G",382,"A",,"G",382,"A",,2
430847,"A",,"R",95316,"A",,"G",106,"A",,"G",106,"A",,1
430883,"A",,"R",39408,"A",,"G",44,"A",,"G",44,"A",,1
430908,"A",,"R",73500,"A",,"G",82,"A",,"G",82,"A",,1
430935,"R",12465,"A",,"A",,"G",416,"A",,"G",416,"A",,2
430971,"A",,"R",143100,"A",,"G",159,"A",,"G",159,"A",,1
430980,"R",14011,"A",,"A",,"G",467,"A",,"R",298,"A",,2
430999,"A",,"R",231016,"A",,"G",257,"A",,"G",257,"A",,1
431017,"A",,"R",100313,"A",,"G",111,"A",,"G",111,"A",,1
431026,"R",11920,"A",,"A",,"G",397,"A",,"G",397,"A",,2
431071,"A",,"R",185472,"A",,"G",206,"A",,"G",206,"A",,1
431099,"A",,"R",128450,"A",,"G",143,"A",,"G",143,"A",,1
431105,"A",,"R",145000,"A",,"G",161,"A",,"G",161,"A",,1
431123,"R",11355,"A",,"A",,"G",379,"A",,"G",379,"A",,2
431141,"A",,"R",2761249,"A",,"G",3068,"A",,"G",3068,"A",,1
431169,"A",,"R",198450,"A",,"G",221,"A",,"G",221,"A",,1
431187,"A",,"R",38880,"A",,"G",43,"A",,"G",43,"A",,1
431196,"A",,"R",156509,"A",,"G",174,"A",,"G",174,"A",,1
431202,"A",,"R",22440,"A",,"G",25,"A",,"G",25,"A",,1
431248,"A",,"A",,"R",540,"A",,"G",23,"A",,"R",18,-2
431266,"A",,"R",38025,"A",,"G",42,"A",,"G",42,"A",,1
431275,"A",,"R",94225,"A",,"G",105,"A",,"G",105,"A",,1
431284,"A",,"R",63216,"A",,"G",70,"A",,"G",70,"A",,1
431309,"R",25325,"A",,"A",,"G",844,"A",,"G",844,"A",,2
431558,"A",,"R",251845,"A",,"G",280,"A",,"G",280,"A",,1
431594,"A",,"A",,"R",674,"A",,"G",28,"A",,"R",10,-2
431600,"R",2970,"R",17300,"A",,"G",85,"A",,"G",85,"A",,3
431637,"A",,"R",724500,"A",,"G",805,"A",,"G",805,"A",,1
431691,"A",,"R",48090,"A",,"G",53,"A",,"G",53,"A",,1
431707,"A",,"R",32400,"A",,"G",36,"A",,"G",36,"A",,1
431716,"A",,"R",506880,"A",,"G",563,"A",,"G",563,"A",,1
431770,"A",,"R",52620,"A",,"G",58,"A",,"G",58,"A",,1
431877,"A",,"R",54648,"A",,"G",61,"A",,"G",61,"A",,1
431886,"R",52143,"A",,"A",,"G",1738,"A",,"G",1738,"A",,2
431929,"R",9969,"A",,"A",,"G",332,"A",,"G",332,"A",,2
431956,"R",2856,"A",,"A",,"G",95,"A",,"G",95,"A",,2
431965,"A",,"R",168000,"A",,"G",187,"A",,"R",180,"A",,1
431983,"R",2760,"A",,"A",,"G",92,"A",,"G",92,"A",,2
432074,"A",,"R",185805,"A",,"G",206,"A",,"G",206,"A",,1
432117,"A",,"R",184541,"A",,"G",205,"A",,"G",205,"A",,1
432199,"R",48176,"A",,"R",15760,"G",1606,"G",657,"R",1338,"R",584,2
432214,"R",14910,"A",,"R",5799,"G",497,"G",242,"R",414,"R",215,2
432223,"R",17276,"A",,"R",2973,"G",576,"G",124,"G",576,"G",124,2
432232,"R",32797,"A",,"R",6399,"G",1093,"G",267,"G",1093,"G",267,2
432241,"R",26097,"A",,"R",4482,"G",870,"G",187,"G",870,"G",187,2
432269,"A",,"R",181890,"A",,"G",202,"A",,"G",202,"A",,1
432302,"R",45462,"A",,"A",,"G",1515,"A",,"G",1515,"A",,2
432348,"A",,"A",,"R",9989,"A",,"G",416,"A",,"R",335,-2
432357,"A",,"A",,"R",5787,"A",,"G",241,"A",,"G",241,-2
432384,"R",24090,"A",,"A",,"G",803,"A",,"G",803,"A",,2
432524,"R",7150,"A",,"A",,"G",238,"A",,"G",238,"A",,2
432533,"R",97437,"A",,"A",,"G",2165,"A",,"G",2165,"A",,2
433004,"R",2750,"A",,"P",51,"G",92,"P",2,"R",92,"P",2,2
433013,"R",25796,"A",,"A",,"G",860,"A",,"G",860,"A",,2
433040,"A",,"R",25920,"A",,"G",29,"A",,"G",29,"A",,1
433068,"A",,"R",319281,"A",,"G",355,"A",,"G",355,"A",,1
433101,"A",,"R",1026442,"A",,"G",1140,"A",,"G",1140,"A",,1
433138,"A",,"R",161612,"A",,"G",180,"A",,"G",180,"A",,1
433165,"R",145,"A",,"A",,"G",5,"A",,"G",5,"A",,2
433174,"R",10716,"A",,"A",,"G",357,"A",,"G",357,"A",,2
433217,"A",,"A",,"R",168,"A",,"G",7,"A",,"G",7,-2
433387,"R",445988,"A",,"R",93203,"G",14866,"G",3883,"G",14866,"G",3883,2
433420,"R",24068,"A",,"A",,"G",802,"A",,"G",802,"A",,2
433466,"A",,"R",600655,"A",,"G",667,"A",,"G",667,"A",,1
433536,"R",13903,"A",,"A",,"G",463,"A",,"G",463,"A",,2
433563,"R",24200,"A",,"A",,"G",538,"A",,"G",538,"A",,2
433660,"R",256511,"A",,"R",22658,"G",8550,"G",944,"G",8550,"G",944,2
433970,"R",15499,"A",,"A",,"G",517,"A",,"G",517,"A",,2
434016,"R",2995,"A",,"A",,"G",100,"A",,"G",100,"A",,2
434034,"R",7287,"A",,"A",,"G",243,"A",,"G",243,"A",,2
434052,"R",33104,"A",,"A",,"G",736,"A",,"G",736,"A",,2
434061,"R",74040,"A",,"A",,"G",2468,"A",,"G",2468,"A",,2
434122,"A",,"R",17380,"A",,"G",19,"A",,"G",19,"A",,1
434140,"A",,"R",1346626,"A",,"G",1496,"A",,"G",1496,"A",,1
434159,"A",,"R",510373,"A",,"G",567,"A",,"G",567,"A",,1
434274,"A",,"R",168000,"A",,"G",187,"A",,"G",187,"A",,1
434283,"A",,"R",112550,"A",,"G",125,"A",,"G",125,"A",,1
434308,"R",19907,"A",,"A",,"G",664,"A",,"G",664,"A",,2
434317,"R",38940,"A",,"A",,"G",1298,"A",,"G",1298,"A",,2
434326,"A",,"R",107800,"A",,"G",120,"A",,"G",120,"A",,1
434344,"A",,"R",19729,"A",,"G",22,"A",,"G",22,"A",,1
434362,"A",,"R",49500,"A",,"G",55,"A",,"G",55,"A",,1
434371,"A",,"R",112059,"A",,"G",125,"A",,"G",125,"A",,1
434380,"A",,"R",98750,"A",,"G",110,"A",,"G",110,"A",,1
434414,"R",2370,"A",,"A",,"G",79,"A",,"G",79,"A",,2
434432,"R",2825,"R",6000,"A",,"G",69,"A",,"R",69,"A",,3
434441,"A",,"A",,"R",7320,"A",,"G",305,"A",,"R",147,-2
434469,"A",,"R",104580,"A",,"G",116,"A",,"G",116,"A",,1
434496,"A",,"R",59416,"A",,"G",66,"A",,"G",66,"A",,1
434502,"A",,"R",143011,"A",,"G",159,"A",,"G",159,"A",,1
434520,"R",22141,"A",,"A",,"G",738,"A",,"G",738,"A",,2
434539,"R",29434,"A",,"A",,"G",654,"A",,"G",654,"A",,2
434548,"R",39160,"A",,"A",,"G",870,"A",,"G",870,"A",,2
434557,"R",20484,"A",,"A",,"G",455,"A",,"G",455,"A",,2
434566,"R",20860,"A",,"A",,"G",464,"A",,"G",464,"A",,2
434575,"R",17032,"A",,"A",,"G",378,"A",,"G",378,"A",,2
434584,"R",3556,"A",,"A",,"G",119,"A",,"G",119,"A",,2
434672,"R",449115,"A",,"A",,"G",14971,"A",,"G",14971,"A",,2
434690,"R",15241,"A",,"A",,"G",508,"A",,"G",508,"A",,2
434715,"A",,"A",,"R",48130,"A",,"G",2005,"A",,"G",2005,-2
434751,"R",2474,"A",,"A",,"G",82,"A",,"G",82,"A",,2
434812,"R",2848,"A",,"A",,"G",95,"A",,"G",95,"A",,2
434821,"R",23450,"A",,"A",,"G",521,"A",,"G",521,"A",,2
434830,"R",171,"R",259800,"A",,"G",294,"A",,"G",294,"A",,3
434900,"R",34262,"A",,"A",,"G",1142,"A",,"G",1142,"A",,2
434937,"R",1760,"A",,"A",,"G",59,"A",,"R",55,"A",,2
434946,"R",48606,"A",,"R",9372,"G",1620,"G",391,"G",1620,"G",391,2
434955,"R",27905,"A",,"R",5160,"G",930,"G",215,"G",930,"G",215,2
434964,"R",18678,"A",,"R",4056,"G",623,"G",169,"G",623,"G",169,2
434973,"R",14951,"A",,"R",2073,"G",498,"G",86,"G",498,"G",86,2
434982,"R",20644,"A",,"R",1890,"G",688,"G",79,"G",688,"G",79,2
434991,"R",17968,"A",,"R",1488,"G",599,"G",62,"G",599,"G",62,2
435000,"R",3157,"A",,"R",12576,"G",105,"G",524,"R",105,"R",772,2
436003,"A",,"R",129870,"A",,"G",144,"A",,"G",144,"A",,1
436012,"R",22743,"A",,"A",,"G",758,"A",,"G",758,"A",,2
436021,"A",,"A",,"R",1290,"A",,"G",54,"A",,"G",54,-2
436067,"A",,"R",57600,"A",,"G",64,"A",,"G",64,"A",,1
436094,"R",3300,"A",,"R",14499,"G",110,"G",604,"G",110,"G",604,2
436100,"A",,"R",35000,"A",,"G",39,"A",,"G",39,"A",,1
436182,"R",10716,"R",96588,"A",,"G",465,"A",,"G",465,"A",,3
436191,"R",40547,"R",39013,"A",,"G",1395,"A",,"G",1395,"A",,3
436225,"R",31890,"A",,"A",,"G",1063,"A",,"G",1063,"A",,2
436261,"A",,"A",,"R",7600,"A",,"G",317,"A",,"G",317,-2
436270,"R",8600,"A",,"A",,"G",287,"A",,"G",287,"A",,2
436289,"A",,"R",99000,"A",,"G",110,"A",,"G",110,"A",,1
436304,"R",31480,"A",,"A",,"G",1049,"A",,"G",1049,"A",,2
436429,"R",46523,"A",,"A",,"G",1551,"A",,"G",1551,"A",,2
436438,"R",3831,"A",,"R",14387,"G",128,"G",599,"G",128,"G",599,2
436465,"R",28732,"A",,"A",,"G",958,"A",,"G",958,"A",,2
436483,"R",18201,"A",,"A",,"G",404,"A",,"G",404,"A",,2
436526,"A",,"R",141468,"A",,"G",157,"A",,"G",157,"A",,1
436553,"R",17280,"A",,"A",,"G",576,"A",,"G",576,"A",,2
436562,"R",7995,"A",,"A",,"G",267,"A",,"G",267,"A",,2
436599,"R",2256,"A",,"A",,"G",75,"A",,"G",75,"A",,2
436614,"R",2074,"A",,"R",187,"G",69,"G",8,"G",69,"G",8,2
436632,"R",12521,"A",,"A",,"G",417,"A",,"G",417,"A",,2
436641,"A",,"R",233200,"A",,"G",259,"A",,"G",259,"A",,1
436650,"A",,"R",471300,"A",,"G",524,"A",,"G",524,"A",,1
436702,"R",4925,"A",,"A",,"G",164,"A",,"G",164,"A",,2
436775,"A",,"R",444000,"A",,"G",493,"A",,"G",493,"A",,1
436784,"R",37890,"A",,"A",,"G",1263,"A",,"R",1299,"A",,2
436818,"R",61986,"A",,"A",,"G",2066,"A",,"G",2066,"A",,2
436827,"R",17261,"A",,"A",,"G",575,"A",,"G",575,"A",,2
436836,"R",30682,"A",,"A",,"G",1023,"A",,"G",1023,"A",,2
436854,"A",,"R",62091,"A",,"G",69,"A",,"G",69,"A",,1
437042,"R",31952,"A",,"A",,"G",710,"A",,"G",710,"A",,2
437051,"R",37388,"A",,"A",,"G",831,"A",,"G",831,"A",,2
437060,"R",17345,"A",,"A",,"G",578,"A",,"G",578,"A",,2
437103,"R",171252,"A",,"A",,"G",5708,"A",,"G",5708,"A",,2
437219,"R",33564,"A",,"A",,"G",746,"A",,"G",746,"A",,2
437237,"A",,"R",79310,"A",,"G",88,"A",,"G",88,"A",,1
437316,"R",10860,"A",,"A",,"G",362,"A",,"G",362,"A",,2
437325,"R",10149,"A",,"R",726,"G",338,"G",30,"G",338,"G",30,2
437501,"A",,"R",147400,"A",,"G",164,"A",,"R",257,"A",,1
437529,"A",,"R",478800,"A",,"G",532,"A",,"G",532,"A",,1
437556,"R",19824,"R",5856,"A",,"G",667,"A",,"G",667,"A",,3
437565,"A",,"R",269600,"A",,"G",300,"A",,"R",322,"A",,1
437583,"A",,"R",158301,"A",,"G",176,"A",,"R",150,"A",,1
437608,"A",,"R",108000,"A",,"G",120,"A",,"R",120,"A",,1
437635,"A",,"R",190800,"A",,"G",212,"A",,"R",246,"A",,1
437653,"R",5725,"A",,"A",,"G",191,"A",,"R",191,"A",,2
437662,"A",,"R",1753418,"A",,"G",1948,"A",,"G",1948,"A",,1
437705,"A",,"R",10444,"A",,"G",12,"A",,"G",12,"A",,1
437723,"A",,"R",118522,"A",,"G",132,"A",,"G",132,"A",,1
437732,"R",49823,"A",,"A",,"G",1661,"A",,"G",1661,"A",,2
437750,"R",24045,"A",,"A",,"G",802,"A",,"G",802,"A",,2
437769,"R",35598,"A",,"A",,"G",1187,"A",,"G",1187,"A",,2
437778,"A",,"R",532914,"A",,"G",592,"A",,"G",592,"A",,1
437848,"R",78270,"A",,"A",,"G",1739,"A",,"G",1739,"A",,2
437857,"A",,"R",185810,"A",,"G",206,"A",,"G",206,"A",,1
437884,"R",3305,"A",,"A",,"G",110,"A",,"G",110,"A",,2
437927,"R",24043,"A",,"A",,"G",801,"A",,"G",801,"A",,2
437936,"R",43058,"A",,"A",,"G",1435,"A",,"G",1435,"A",,2
438036,"A",,"R",123512,"A",,"G",137,"A",,"G",137,"A",,1
438151,"R",51816,"A",,"R",3306,"G",1727,"G",138,"G",1727,"G",138,2
438179,"R",47845,"A",,"A",,"G",1595,"A",,"G",1595,"A",,2
438197,"R",50422,"A",,"A",,"G",1681,"A",,"R",1073,"A",,2
438212,"R",138594,"A",,"A",,"G",3080,"A",,"G",3080,"A",,2
438258,"R",23892,"A",,"A",,"G",796,"A",,"G",796,"A",,2
438267,"A",,"R",275120,"A",,"G",306,"A",,"G",306,"A",,1
438285,"R",19849,"A",,"A",,"G",662,"A",,"G",662,"A",,2
438294,"R",12768,"A",,"A",,"G",426,"A",,"G",426,"A",,2
438337,"A",,"R",420100,"A",,"G",467,"A",,"G",467,"A",,1
438382,"R",11122,"A",,"R",5300,"G",371,"G",221,"G",371,"G",221,2
438416,"R",14760,"A",,"R",657,"G",492,"G",27,"G",492,"G",27,2
438498,"R",30904,"A",,"R",24440,"G",687,"G",679,"G",687,"G",679,2
438504,"R",112525,"A",,"A",,"G",3751,"A",,"G",3751,"A",,2
438586,"R",86647,"A",,"R",6852,"G",1925,"G",190,"G",1925,"G",190,2
438601,"R",41138,"A",,"R",4008,"G",914,"G",111,"G",914,"G",111,2
438610,"R",20789,"A",,"R",1410,"G",693,"G",59,"G",693,"G",59,2
438629,"R",2874,"A",,"R",519,"G",96,"G",22,"G",96,"G",22,2
438638,"R",77837,"A",,"A",,"G",2595,"A",,"R",1677,"A",,2
438647,"R",40478,"A",,"A",,"G",900,"A",,"G",900,"A",,2
438656,"R",37873,"A",,"A",,"G",1262,"A",,"R",806,"A",,2
438674,"A",,"R",122040,"A",,"G",136,"A",,"G",136,"A",,1
438708,"R",9914,"A",,"A",,"G",330,"A",,"G",330,"A",,2
438735,"R",9045,"A",,"A",,"G",302,"A",,"G",302,"A",,2
438805,"R",35745,"A",,"A",,"G",1192,"A",,"G",1192,"A",,2
438869,"R",24760,"A",,"A",,"G",825,"A",,"G",825,"A",,2
438887,"A",,"R",371600,"A",,"G",413,"A",,"G",413,"A",,1
438902,"R",53396,"A",,"R",758,"G",1187,"G",21,"R",1253,"R",32,2
438966,"R",24039,"A",,"A",,"G",534,"A",,"G",534,"A",,2
438984,"R",4032,"A",,"A",,"G",134,"A",,"G",134,"A",,2
439020,"A",,"A",,"R",7291,"A",,"G",203,"A",,"G",203,-2
439039,"A",,"R",408873,"A",,"G",454,"A",,"G",454,"A",,1
439057,"R",2535,"A",,"R",7067,"G",85,"G",294,"G",85,"G",294,2
439118,"R",25746,"A",,"A",,"G",858,"A",,"G",858,"A",,2
439127,"R",20094,"A",,"A",,"G",670,"A",,"G",670,"A",,2
439136,"R",25308,"A",,"A",,"G",562,"A",,"G",562,"A",,2
439145,"R",114720,"A",,"A",,"G",2549,"A",,"G",2549,"A",,2
439163,"R",126233,"A",,"R",19876,"G",4208,"G",828,"R",3506,"R",736,2
439190,"R",97757,"A",,"A",,"G",2172,"A",,"R",2172,"A",,2
439279,"R",16176,"A",,"R",1068,"G",539,"G",45,"G",539,"G",45,2
439288,"R",70572,"A",,"A",,"G",1568,"A",,"G",1568,"A",,2
439297,"R",12659,"A",,"R",1875,"G",422,"G",78,"G",422,"G",78,2
439303,"R",3168,"A",,"A",,"G",70,"A",,"G",70,"A",,2
439312,"R",2016,"A",,"A",,"G",45,"A",,"G",45,"A",,2
439330,"R",2378,"A",,"R",1784,"G",79,"G",74,"R",66,"R",66,2
439367,"A",,"R",408240,"A",,"G",454,"A",,"G",454,"A",,1
439394,"A",,"A",,"R",3780,"A",,"G",158,"A",,"G",158,-2
439400,"A",,"R",196500,"A",,"G",218,"A",,"G",218,"A",,1
439437,"A",,"R",380188,"A",,"G",422,"A",,"G",422,"A",,1
439446,"R",1140,"A",,"R",5380,"G",38,"G",224,"G",38,"G",224,2
439455,"R",16828,"R",80500,"A",,"G",650,"A",,"G",650,"A",,3
439473,"A",,"R",227770,"A",,"G",253,"A",,"G",253,"A",,1
439482,"R",2800,"R",110000,"A",,"G",184,"A",,"G",184,"A",,3
439491,"R",6825,"A",,"A",,"G",152,"A",,"G",152,"A",,2
439507,"A",,"R",223688,"A",,"G",249,"A",,"R",249,"A",,1
439525,"A",,"R",874588,"A",,"G",972,"A",,"G",972,"A",,1
439570,"R",28021,"A",,"A",,"G",934,"A",,"G",934,"A",,2
439589,"A",,"R",106834,"A",,"G",119,"A",,"G",119,"A",,1
439604,"A",,"R",37800,"A",,"G",42,"A",,"G",42,"A",,1
439613,"R",5020,"A",,"A",,"G",167,"A",,"G",167,"A",,2
439622,"A",,"R",359700,"A",,"G",400,"A",,"G",400,"A",,1
439631,"A",,"R",36500,"A",,"G",41,"A",,"G",41,"A",,1
439668,"A",,"R",95169,"A",,"G",106,"A",,"G",106,"A",,1
439686,"R",13475,"A",,"A",,"G",449,"A",,"G",449,"A",,2
439695,"A",,"R",150400,"A",,"G",167,"A",,"G",167,"A",,1
439701,"R",6036,"A",,"R",4870,"G",134,"G",135,"G",134,"G",135,2
439729,"A",,"R",74332,"A",,"G",83,"A",,"G",83,"A",,1
439738,"R",25889,"A",,"A",,"G",863,"A",,"G",863,"A",,2
439747,"A",,"R",179000,"A",,"G",199,"A",,"G",199,"A",,1
439756,"A",,"R",37440,"A",,"G",42,"A",,"G",42,"A",,1
439774,"R",180,"R",47700,"A",,"G",59,"A",,"G",59,"A",,3
439783,"R",3024,"A",,"R",2485,"G",101,"G",104,"G",101,"G",104,2
439792,"R",22966,"A",,"A",,"G",766,"A",,"G",766,"A",,2
439817,"A",,"A",,"R",1926,"A",,"G",80,"A",,"G",80,-2
439826,"A",,"R",291572,"A",,"G",324,"A",,"G",324,"A",,1
439844,"A",,"R",54190,"A",,"G",60,"A",,"G",60,"A",,1
439862,"R",2309,"A",,"A",,"G",77,"A",,"G",77,"A",,2
439871,"R",8209,"A",,"A",,"G",274,"A",,"G",274,"A",,2
439899,"R",1978,"A",,"A",,"G",66,"A",,"G",66,"A",,2
439905,"A",,"R",231311,"A",,"G",257,"A",,"G",257,"A",,1
439914,"A",,"A",,"R",2386,"A",,"G",99,"A",,"G",99,-2
439932,"A",,"R",33300,"A",,"G",37,"A",,"G",37,"A",,1
439969,"R",1775,"A",,"R",4221,"G",59,"G",176,"R",87,"R",126,2
439978,"A",,"R",129600,"A",,"G",144,"A",,"G",144,"A",,1
439996,"R",3189,"R",66012,"A",,"G",180,"A",,"R",90,"A",,3
440004,"A",,"A",,"R",1416,"A",,"G",59,"A",,"G",59,-2
440031,"A",,"A",,"R",3324,"A",,"G",139,"A",,"G",139,-2
440059,"R",16092,"A",,"A",,"G",358,"A",,"G",358,"A",,2
440077,"A",,"R",54000,"A",,"G",60,"A",,"R",70,"A",,1
440086,"A",,"R",229560,"A",,"G",255,"A",,"G",255,"A",,1
440101,"A",,"R",289693,"A",,"G",322,"A",,"R",189,"A",,1
440110,"R",31260,"A",,"A",,"G",1042,"A",,"G",1042,"A",,2
440129,"R",37650,"A",,"A",,"G",1255,"A",,"G",1255,"A",,2
440147,"R",45325,"A",,"A",,"G",1007,"A",,"G",1007,"A",,2
440165,"R",43212,"A",,"A",,"G",960,"A",,"G",960,"A",,2
440174,"A",,"R",64410,"A",,"G",72,"A",,"G",72,"A",,1
440217,"A",,"R",26571,"A",,"G",30,"A",,"G",30,"A",,1
440226,"A",,"R",122145,"A",,"G",136,"A",,"R",118,"A",,1
440235,"A",,"R",34593,"A",,"G",38,"A",,"G",38,"A",,1
440244,"R",123786,"A",,"A",,"G",4126,"A",,"G",4126,"A",,2
440253,"R",1438,"A",,"R",4505,"G",48,"G",188,"G",48,"G",188,2
440262,"A",,"R",203981,"A",,"G",227,"A",,"G",227,"A",,1
440271,"R",23758,"A",,"A",,"G",792,"A",,"G",792,"A",,2
440299,"R",32513,"A",,"A",,"G",723,"A",,"R",903,"A",,2
440305,"R",71677,"A",,"A",,"G",2389,"A",,"G",2389,"A",,2
440323,"R",28200,"A",,"A",,"G",940,"A",,"G",940,"A",,2
440332,"R",19570,"A",,"A",,"G",652,"A",,"G",652,"A",,2
440341,"R",103201,"A",,"A",,"G",2293,"A",,"G",2293,"A",,2
440369,"R",40440,"A",,"A",,"G",1348,"A",,"R",1309,"A",,2
440378,"R",5520,"A",,"A",,"G",184,"A",,"G",184,"A",,2
440396,"R",4572,"A",,"R",321,"G",102,"G",9,"G",102,"G",9,2
440402,"R",41173,"A",,"A",,"G",1372,"A",,"G",1372,"A",,2
440411,"R",396,"A",,"R",2002,"G",13,"G",83,"G",13,"G",83,2
440420,"R",4650,"A",,"R",1221,"G",155,"G",51,"G",155,"G",51,2
440439,"R",25465,"A",,"R",6716,"G",849,"G",280,"G",849,"G",280,2
440448,"R",63070,"A",,"R",10998,"G",2102,"G",458,"G",2102,"G",458,2
440457,"R",14604,"A",,"R",1017,"G",487,"G",42,"G",487,"G",42,2
440466,"R",13200,"A",,"R",1569,"G",440,"G",65,"G",440,"G",65,2
440484,"R",76139,"A",,"A",,"G",1692,"A",,"G",1692,"A",,2
440536,"R",36391,"A",,"R",6085,"G",1213,"G",254,"R",1011,"R",225,2
440545,"R",28374,"A",,"R",5592,"G",946,"G",233,"R",788,"R",207,2
440590,"R",44427,"A",,"R",5766,"G",1481,"G",240,"R",1234,"R",214,2
440624,"R",37323,"A",,"A",,"G",1244,"A",,"G",1244,"A",,2
440642,"R",32444,"A",,"A",,"G",721,"A",,"G",721,"A",,2
440651,"R",45534,"R",12720,"A",,"G",1532,"A",,"G",1532,"A",,3
440721,"A",,"R",287347,"A",,"G",319,"A",,"R",449,"A",,1
440730,"A",,"R",921420,"A",,"G",1024,"A",,"G",1024,"A",,1
440749,"R",10305,"A",,"A",,"G",229,"A",,"G",229,"A",,2
440758,"R",8829,"A",,"A",,"G",196,"A",,"G",196,"A",,2
440767,"R",23258,"A",,"A",,"G",517,"A",,"G",517,"A",,2
440776,"A",,"R",63250,"A",,"G",70,"A",,"G",70,"A",,1
440794,"R",6584,"A",,"A",,"G",219,"A",,"G",219,"A",,2
440800,"R",3015,"A",,"A",,"G",67,"A",,"G",67,"A",,2
440819,"R",5649,"A",,"A",,"G",126,"A",,"G",126,"A",,2
440828,"R",12637,"A",,"R",4361,"G",281,"G",121,"G",281,"G",121,2
440846,"A",,"R",486722,"A",,"G",541,"A",,"G",541,"A",,1
440855,"A",,"R",262880,"A",,"G",292,"A",,"G",292,"A",,1
440873,"R",24176,"R",94295,"A",,"G",911,"A",,"G",911,"A",,3
440882,"R",13193,"A",,"A",,"G",440,"A",,"G",440,"A",,2
440891,"R",16437,"A",,"A",,"G",548,"A",,"G",548,"A",,2
440907,"A",,"R",639600,"A",,"G",711,"A",,"G",711,"A",,1
440916,"A",,"A",,"R",15816,"A",,"G",659,"A",,"G",659,-2
440925,"R",53050,"A",,"A",,"G",1179,"A",,"G",1179,"A",,2
440952,"A",,"R",934794,"A",,"G",1039,"A",,"G",1039,"A",,1
440970,"R",9929,"A",,"A",,"G",331,"A",,"R",211,"A",,2
440989,"A",,"R",999306,"A",,"G",1110,"A",,"G",1110,"A",,1
441016,"R",51302,"A",,"A",,"G",1710,"A",,"R",1092,"A",,2
441025,"R",42500,"A",,"A",,"G",944,"A",,"G",944,"A",,2
441052,"A",,"R",1769946,"A",,"G",1967,"A",,"G",1967,"A",,1
441070,"R",2485,"A",,"A",,"G",83,"A",,"G",83,"A",,2
441089,"R",98940,"A",,"A",,"G",3298,"A",,"R",1552,"A",,2
441104,"A",,"A",,"R",6031,"A",,"G",251,"A",,"R",218,-2
441131,"A",,"A",,"R",5296,"A",,"G",221,"A",,"G",221,-2
441168,"A",,"R",103486,"A",,"G",115,"A",,"G",115,"A",,1
441186,"R",16945,"A",,"R",2981,"G",565,"G",124,"G",565,"G",124,2
441195,"R",3612,"A",,"A",,"G",120,"A",,"G",120,"A",,2
441201,"R",8208,"A",,"A",,"G",182,"A",,"G",182,"A",,2
441210,"A",,"R",177120,"A",,"G",197,"A",,"G",197,"A",,1
441229,"R",28800,"A",,"A",,"G",640,"A",,"G",640,"A",,2
441238,"A",,"A",,"R",2158,"A",,"G",90,"A",,"R",89,-2
441256,"A",,"R",112144,"A",,"G",125,"A",,"G",125,"A",,1
441274,"A",,"R",160767,"A",,"G",179,"A",,"R",165,"A",,1
441308,"A",,"A",,"R",29589,"A",,"G",1233,"A",,"G",1233,-2
441317,"A",,"R",45000,"A",,"G",50,"A",,"R",50,"A",,1
441335,"A",,"R",37800,"A",,"G",42,"A",,"G",42,"A",,1
441353,"A",,"R",18360,"A",,"G",20,"A",,"G",20,"A",,1
441362,"R",25000,"A",,"A",,"G",833,"A",,"G",833,"A",,2
441371,"A",,"R",611000,"A",,"G",679,"A",,"G",679,"A",,1
441380,"A",,"R",285300,"A",,"G",317,"A",,"G",317,"A",,1
441399,"R",20240,"A",,"A",,"G",675,"A",,"R",690,"A",,2
441405,"A",,"R",186000,"A",,"G",207,"A",,"G",207,"A",,1
441414,"A",,"R",146332,"A",,"G",163,"A",,"G",163,"A",,1
441423,"R",13764,"A",,"A",,"G",459,"A",,"G",459,"A",,2
441432,"A",,"R",242580,"A",,"G",270,"A",,"G",270,"A",,1
441441,"A",,"R",288960,"A",,"G",321,"A",,"G",321,"A",,1
441478,"R",420,"A",,"R",9630,"G",14,"G",401,"G",14,"G",401,2
441487,"R",3297,"R",5400,"A",,"G",116,"A",,"G",116,"A",,3
441496,"R",6000,"A",,"A",,"G",133,"A",,"G",133,"A",,2
441502,"R",15583,"R",59315,"A",,"G",412,"A",,"G",412,"A",,3
441511,"R",2669,"A",,"R",1510,"G",89,"G",63,"G",89,"G",63,2
441548,"A",,"R",99820,"A",,"G",111,"A",,"G",111,"A",,1
441575,"A",,"R",609774,"A",,"G",678,"A",,"G",678,"A",,1
441584,"A",,"R",1193400,"A",,"G",1326,"A",,"G",1326,"A",,1
441593,"A",,"R",39557,"A",,"G",44,"A",,"G",44,"A",,1
441609,"R",690,"A",,"A",,"G",23,"A",,"G",23,"A",,2
441618,"A",,"R",70619,"A",,"G",78,"A",,"G",78,"A",,1
441627,"A",,"R",18900,"A",,"G",21,"A",,"G",21,"A",,1
441636,"A",,"R",98606,"A",,"G",110,"A",,"R",98,"A",,1
441645,"A",,"R",152523,"A",,"G",169,"A",,"G",169,"A",,1
441663,"R",6095,"A",,"A",,"G",203,"A",,"G",203,"A",,2
441672,"A",,"R",9350,"A",,"G",10,"A",,"G",10,"A",,1
441681,"R",2136,"A",,"A",,"G",71,"A",,"G",71,"A",,2
441690,"R",5369,"A",,"A",,"G",179,"A",,"R",224,"A",,2
441706,"R",3342,"A",,"A",,"G",111,"A",,"G",111,"A",,2
441733,"R",2071,"A",,"A",,"G",69,"A",,"G",69,"A",,2
441742,"A",,"R",836162,"A",,"G",929,"A",,"G",929,"A",,1
441751,"A",,"R",31000,"A",,"G",34,"A",,"G",34,"A",,1
441760,"R",68672,"A",,"A",,"G",2289,"A",,"G",2289,"A",,2
441779,"A",,"R",101360,"A",,"G",113,"A",,"G",113,"A",,1
441788,"R",22410,"A",,"A",,"G",747,"A",,"R",498,"A",,2
441797,"A",,"R",90000,"A",,"G",100,"A",,"G",100,"A",,1
441830,"A",,"R",58320,"A",,"G",65,"A",,"G",65,"A",,1
441858,"R",7239,"R",21072,"A",,"G",265,"A",,"G",265,"A",,3
441876,"A",,"R",201648,"A",,"G",224,"A",,"G",224,"A",,1
441894,"A",,"R",21600,"A",,"G",24,"A",,"R",24,"A",,1
441900,"R",58593,"A",,"A",,"G",1953,"A",,"G",1953,"A",,2
441919,"R",22164,"A",,"A",,"G",739,"A",,"G",739,"A",,2
441928,"R",35440,"A",,"A",,"G",788,"A",,"G",788,"A",,2
441937,"R",93452,"A",,"R",943,"G",3115,"G",39,"G",3115,"G",39,2
441955,"R",42228,"A",,"A",,"G",938,"A",,"G",938,"A",,2
441964,"R",29056,"A",,"A",,"G",646,"A",,"G",646,"A",,2
441973,"R",91052,"A",,"A",,"G",2023,"A",,"G",2023,"A",,2
441982,"R",9718,"A",,"A",,"G",324,"A",,"G",324,"A",,2
442000,"R",15899,"A",,"A",,"G",530,"A",,"G",530,"A",,2
442037,"A",,"R",672658,"A",,"G",747,"A",,"G",747,"A",,1
442046,"A",,"R",856633,"A",,"G",952,"A",,"G",952,"A",,1
442064,"A",,"A",,"R",1703,"A",,"G",71,"A",,"R",51,-2
442073,"A",,"R",883182,"A",,"G",981,"A",,"G",981,"A",,1
442134,"A",,"R",894655,"A",,"G",994,"A",,"G",994,"A",,1
442143,"R",18562,"A",,"R",2391,"G",619,"G",100,"G",619,"G",100,2
442152,"R",37524,"A",,"R",7602,"G",1251,"G",317,"G",1251,"G",317,2
442161,"R",29605,"A",,"R",3114,"G",987,"G",130,"G",987,"G",130,2
442170,"R",31399,"A",,"R",2874,"G",1047,"G",120,"G",1047,"G",120,2
442189,"R",11594,"A",,"R",2601,"G",386,"G",108,"G",386,"G",108,2
442204,"A",,"R",116600,"A",,"G",130,"A",,"G",130,"A",,1
442213,"R",604,"A",,"A",,"G",20,"A",,"G",20,"A",,2
442222,"R",3102,"A",,"R",7494,"G",103,"G",312,"G",103,"G",312,2
442231,"R",61326,"A",,"A",,"G",2044,"A",,"G",2044,"A",,2
442240,"A",,"R",362950,"A",,"G",403,"A",,"R",350,"A",,1
442295,"A",,"A",,"R",11558,"A",,"G",482,"A",,"G",482,-2
442310,"R",31649,"A",,"A",,"G",703,"A",,"R",754,"A",,2
442329,"A",,"R",719955,"A",,"G",800,"A",,"G",800,"A",,1
442338,"R",47514,"A",,"A",,"G",1056,"A",,"G",1056,"A",,2
442347,"R",26864,"A",,"A",,"G",597,"A",,"G",597,"A",,2
442356,"R",20373,"A",,"A",,"G",679,"A",,"G",679,"A",,2
442365,"R",16372,"A",,"R",6498,"G",546,"G",271,"R",455,"R",241,2
442383,"R",14619,"A",,"A",,"G",325,"A",,"G",325,"A",,2
442392,"A",,"A",,"R",1129,"A",,"G",47,"A",,"G",47,-2
442408,"R",17183,"A",,"A",,"G",573,"A",,"G",573,"A",,2
442426,"R",6345,"A",,"A",,"G",212,"A",,"G",212,"A",,2
442435,"R",1625,"A",,"A",,"G",54,"A",,"G",54,"A",,2
442444,"A",,"R",803291,"A",,"G",893,"A",,"G",893,"A",,1
442462,"R",27300,"A",,"A",,"G",910,"A",,"G",910,"A",,2
442499,"R",26515,"A",,"A",,"G",589,"A",,"G",589,"A",,2
442505,"R",38058,"A",,"A",,"G",846,"A",,"G",846,"A",,2
442514,"A",,"R",28500,"A",,"G",32,"A",,"G",32,"A",,1
442523,"R",1177,"A",,"A",,"G",39,"A",,"G",39,"A",,2
442541,"R",2208,"A",,"R",1272,"G",74,"G",53,"G",74,"G",53,2
442569,"R",148260,"A",,"R",13000,"G",4942,"G",542,"G",4942,"G",542,2
442578,"R",18963,"A",,"A",,"G",421,"A",,"G",421,"A",,2
442602,"R",35151,"A",,"A",,"G",1172,"A",,"G",1172,"A",,2
442611,"R",93520,"A",,"A",,"G",3117,"A",,"G",3117,"A",,2
442620,"R",21280,"A",,"A",,"G",709,"A",,"R",453,"A",,2
442639,"R",2142,"A",,"A",,"G",71,"A",,"G",71,"A",,2
442648,"R",38400,"A",,"A",,"G",1280,"A",,"G",1280,"A",,2
442657,"A",,"R",288848,"A",,"G",321,"A",,"G",321,"A",,1
442684,"R",9300,"A",,"A",,"G",310,"A",,"G",310,"A",,2
442718,"R",15973,"A",,"A",,"G",355,"A",,"G",355,"A",,2
442727,"A",,"R",1944000,"A",,"G",2160,"A",,"G",2160,"A",,1
442736,"R",33928,"A",,"A",,"G",1131,"A",,"R",722,"A",,2
442745,"R",39332,"A",,"A",,"G",1311,"A",,"G",1311,"A",,2
442781,"R",3790,"A",,"A",,"G",126,"A",,"G",126,"A",,2
442790,"R",48794,"A",,"A",,"G",1084,"A",,"R",1226,"A",,2
442806,"A",,"A",,"R",57049,"A",,"G",2377,"A",,"G",2377,-2
442815,"R",24269,"A",,"A",,"G",809,"A",,"G",809,"A",,2
442824,"R",63336,"A",,"R",10755,"G",2111,"G",448,"R",1759,"R",398,2
442833,"R",137041,"A",,"R",22133,"G",4568,"G",922,"G",4568,"G",922,2
442842,"R",1106,"R",614,"R",7890,"G",38,"G",329,"G",38,"G",329,3
442851,"A",,"R",159353,"A",,"G",177,"A",,"G",177,"A",,1
442879,"R",886,"R",798720,"A",,"G",917,"A",,"G",917,"A",,3
442888,"R",5163,"A",,"A",,"G",172,"A",,"G",172,"A",,2
442897,"R",3024,"A",,"R",513,"G",101,"G",21,"R",101,"R",29,2
442921,"A",,"R",76500,"A",,"G",85,"A",,"G",85,"A",,1
442930,"R",22375,"A",,"A",,"G",746,"A",,"G",746,"A",,2
442949,"R",1284,"A",,"A",,"G",43,"A",,"R",29,"A",,2
442958,"A",,"R",92960,"A",,"G",103,"A",,"G",103,"A",,1
442967,"A",,"R",45360,"A",,"G",50,"A",,"G",50,"A",,1
442976,"A",,"R",116920,"A",,"G",130,"A",,"G",130,"A",,1
442985,"A",,"R",67289,"A",,"G",75,"A",,"G",75,"A",,1
443021,"A",,"R",228000,"A",,"G",253,"A",,"G",253,"A",,1
443030,"A",,"A",,"R",2268,"A",,"G",63,"A",,"G",63,-2
443049,"R",4183,"A",,"R",5488,"G",93,"G",152,"G",93,"G",152,2
443058,"R",916,"A",,"A",,"G",31,"A",,"G",31,"A",,2
443076,"R",278,"A",,"R",4898,"G",9,"G",204,"R",9,"R",201,2
443100,"A",,"R",107118,"A",,"G",119,"A",,"G",119,"A",,1
443137,"A",,"R",236875,"A",,"G",263,"A",,"G",263,"A",,1
443146,"A",,"R",131531,"A",,"G",146,"A",,"G",146,"A",,1
443173,"A",,"R",49172,"A",,"G",55,"A",,"G",55,"A",,1
443207,"A",,"R",443048,"A",,"G",492,"A",,"G",492,"A",,1
443216,"A",,"R",28800,"A",,"G",32,"A",,"G",32,"A",,1
443225,"A",,"R",22080,"A",,"G",25,"A",,"G",25,"A",,1
443234,"R",12451,"A",,"A",,"G",415,"A",,"G",415,"A",,2
443252,"R",37772,"A",,"A",,"G",1259,"A",,"R",1259,"A",,2
443261,"R",8539,"A",,"A",,"G",285,"A",,"G",285,"A",,2
443270,"R",6190,"A",,"A",,"G",206,"A",,"G",206,"A",,2
443289,"R",2685,"A",,"A",,"G",90,"A",,"R",90,"A",,2
443298,"A",,"R",195943,"A",,"G",218,"A",,"G",218,"A",,1
443322,"A",,"P",742500,"A",,"P",825,"A",,"P",628,"A",,1
443331,"R",24727,"A",,"A",,"G",824,"A",,"G",824,"A",,2
443340,"R",2945,"A",,"A",,"G",98,"A",,"R",98,"A",,2
443359,"A",,"R",213626,"A",,"G",237,"A",,"G",237,"A",,1
443377,"R",7927,"A",,"A",,"G",264,"A",,"G",264,"A",,2
443410,"R",28657,"A",,"R",513,"G",955,"G",21,"G",955,"G",21,2
443429,"A",,"R",198976,"A",,"G",221,"A",,"G",221,"A",,1
443438,"A",,"R",523612,"A",,"G",582,"A",,"G",582,"A",,1
443456,"R",2139,"A",,"R",1110,"G",71,"G",46,"G",71,"G",46,2
443465,"R",1902,"A",,"Z",0,"G",63,"Z",0,"G",63,"Z",0,2
443474,"R",25878,"A",,"R",4353,"G",863,"G",181,"G",863,"G",181,2
443483,"R",4441,"A",,"A",,"G",99,"A",,"G",99,"A",,2
443492,"R",57682,"A",,"A",,"G",1923,"A",,"G",1923,"A",,2
443517,"A",,"R",81061,"A",,"G",90,"A",,"G",90,"A",,1
443526,"R",30788,"A",,"A",,"G",684,"A",,"G",684,"A",,2
443535,"R",23612,"A",,"A",,"G",525,"A",,"G",525,"A",,2
443544,"R",8913,"A",,"R",2147,"G",297,"G",89,"G",297,"G",89,2
443553,"A",,"R",385200,"A",,"G",428,"A",,"G",428,"A",,1
443562,"R",63465,"A",,"A",,"G",2116,"A",,"G",2116,"A",,2
443571,"R",4782,"A",,"A",,"G",159,"A",,"G",159,"A",,2
443605,"R",17893,"A",,"A",,"G",596,"A",,"G",596,"A",,2
443623,"R",56248,"A",,"A",,"G",1875,"A",,"G",1875,"A",,2
443632,"R",4830,"A",,"A",,"G",161,"A",,"G",161,"A",,2
443641,"A",,"R",249980,"A",,"G",278,"A",,"G",278,"A",,1
443650,"R",31082,"A",,"A",,"G",691,"A",,"G",691,"A",,2
443669,"A",,"R",428984,"A",,"G",477,"A",,"G",477,"A",,1
443678,"A",,"R",126996,"A",,"G",141,"A",,"R",126,"A",,1
443687,"R",64924,"A",,"A",,"G",1443,"A",,"G",1443,"A",,2
443696,"A",,"R",79750,"A",,"G",89,"A",,"G",89,"A",,1
443702,"A",,"A",,"R",300,"A",,"G",13,"A",,"G",13,-2
443739,"R",23340,"A",,"A",,"G",778,"A",,"G",778,"A",,2
443748,"R",43867,"A",,"A",,"G",1462,"A",,"R",933,"A",,2
443766,"R",77517,"A",,"R",23981,"G",1723,"G",666,"G",1723,"G",666,2
443784,"R",94955,"A",,"R",23544,"G",2110,"G",654,"G",2110,"G",654,2
443827,"R",32622,"A",,"A",,"G",1087,"A",,"G",1087,"A",,2
443836,"R",41254,"A",,"A",,"G",1375,"A",,"G",1375,"A",,2
443845,"R",26770,"A",,"A",,"G",892,"A",,"G",892,"A",,2
443854,"R",40086,"A",,"A",,"G",891,"A",,"R",901,"A",,2
443881,"R",33435,"A",,"R",1713,"G",1115,"G",71,"G",1115,"G",71,2
443890,"R",29421,"A",,"R",3291,"G",981,"G",137,"G",981,"G",137,2
443906,"R",3825,"A",,"R",1164,"G",128,"G",49,"G",128,"G",49,2
443915,"R",1830,"A",,"R",369,"G",61,"G",15,"G",61,"G",15,2
443924,"R",25551,"A",,"R",2301,"G",852,"G",96,"G",852,"G",96,2
443942,"A",,"R",212208,"A",,"G",236,"A",,"G",236,"A",,1
443951,"R",5280,"A",,"A",,"G",176,"A",,"G",176,"A",,2
443979,"A",,"R",71620,"A",,"G",80,"A",,"G",80,"A",,1
443997,"R",9643,"A",,"R",2013,"G",321,"G",84,"R",268,"R",75,2
444015,"R",69403,"A",,"A",,"G",2313,"A",,"R",1477,"A",,2
444024,"R",35444,"A",,"A",,"G",1181,"A",,"R",759,"A",,2
444033,"R",5077,"A",,"R",1861,"G",169,"G",78,"R",141,"R",69,2
444042,"R",50220,"A",,"A",,"G",1674,"A",,"G",1674,"A",,2
444051,"R",337,"R",154500,"A",,"G",183,"A",,"G",183,"A",,3
444060,"R",34420,"A",,"A",,"G",765,"A",,"G",765,"A",,2
444079,"R",17458,"A",,"A",,"G",582,"A",,"G",582,"A",,2
444088,"R",28000,"A",,"A",,"G",933,"A",,"G",933,"A",,2
444103,"A",,"A",,"R",228,"A",,"G",10,"A",,"G",10,-2
444121,"R",23890,"A",,"A",,"G",796,"A",,"G",796,"A",,2
444130,"R",6786,"A",,"R",91661,"G",226,"G",3819,"G",226,"G",3819,2
444158,"R",1204586,"A",,"R",75126,"G",26769,"G",2087,"G",26769,"G",2087,2
444167,"R",110813,"A",,"A",,"G",2463,"A",,"G",2463,"A",,2
444176,"A",,"R",237968,"A",,"G",264,"A",,"G",264,"A",,1
444194,"R",6476,"A",,"A",,"G",216,"A",,"G",216,"A",,2
444200,"R",13501,"A",,"A",,"G",450,"A",,"G",450,"A",,2
444219,"R",149111,"A",,"A",,"G",4970,"A",,"G",4970,"A",,2
444228,"A",,"R",34584,"A",,"G",38,"A",,"G",38,"A",,1
444237,"A",,"R",624480,"A",,"G",694,"A",,"R",867,"A",,1
444255,"R",27092,"A",,"A",,"G",602,"A",,"G",602,"A",,2
444264,"R",7925,"A",,"A",,"G",264,"A",,"G",264,"A",,2
444282,"A",,"R",242621,"A",,"G",270,"A",,"R",159,"A",,1
444291,"A",,"R",237601,"A",,"G",264,"A",,"R",155,"A",,1
444307,"A",,"R",201131,"A",,"G",223,"A",,"R",160,"A",,1
444316,"A",,"R",149921,"A",,"G",167,"A",,"G",167,"A",,1
444325,"R",8654,"A",,"A",,"G",288,"A",,"G",288,"A",,2
444334,"A",,"R",157080,"A",,"G",175,"A",,"G",175,"A",,1
444343,"A",,"R",364128,"A",,"G",405,"A",,"G",405,"A",,1
444352,"R",9400,"A",,"A",,"G",313,"A",,"G",313,"A",,2
444361,"A",,"R",46392,"A",,"G",52,"A",,"G",52,"A",,1
444370,"A",,"R",75622,"A",,"G",84,"A",,"G",84,"A",,1
444389,"R",15540,"A",,"A",,"G",518,"A",,"G",518,"A",,2
444398,"R",4580,"A",,"A",,"G",153,"A",,"R",201,"A",,2
444404,"A",,"R",160800,"A",,"G",179,"A",,"G",179,"A",,1
444413,"R",3657,"A",,"R",480,"G",122,"G",20,"G",122,"G",20,2
444422,"A",,"R",192394,"A",,"G",214,"A",,"G",214,"A",,1
444440,"A",,"R",107334,"A",,"G",119,"A",,"G",119,"A",,1
444459,"A",,"R",10500,"A",,"G",12,"A",,"G",12,"A",,1
444468,"A",,"R",30633,"A",,"G",34,"A",,"G",34,"A",,1
444477,"R",4920,"A",,"A",,"G",164,"A",,"G",164,"A",,2
444486,"A",,"R",312400,"A",,"G",347,"A",,"R",347,"A",,1
444510,"R",848,"A",,"A",,"G",28,"A",,"G",28,"A",,2
444529,"R",9696,"A",,"A",,"G",323,"A",,"G",323,"A",,2
444547,"A",,"R",59500,"A",,"G",66,"A",,"G",66,"A",,1
444556,"A",,"R",45900,"A",,"G",51,"A",,"G",51,"A",,1
444565,"R",6480,"A",,"A",,"G",216,"A",,"G",216,"A",,2
444574,"R",46157,"A",,"A",,"G",1539,"A",,"G",1539,"A",,2
444583,"R",25203,"A",,"A",,"G",840,"A",,"G",840,"A",,2
444592,"A",,"R",232500,"A",,"G",258,"A",,"G",258,"A",,1
444608,"A",,"R",67828,"A",,"G",75,"A",,"G",75,"A",,1
444626,"A",,"R",6519,"A",,"G",7,"A",,"G",7,"A",,1
444635,"A",,"R",27572,"A",,"G",31,"A",,"G",31,"A",,1
444644,"R",563,"A",,"A",,"G",19,"A",,"G",19,"A",,2
444653,"A",,"R",129000,"A",,"G",143,"A",,"G",143,"A",,1
444662,"R",2560,"A",,"A",,"G",85,"A",,"G",85,"A",,2
444671,"R",12222,"A",,"A",,"G",272,"A",,"G",272,"A",,2
444680,"R",5640,"A",,"A",,"G",188,"A",,"G",188,"A",,2
444699,"A",,"A",,"R",930,"A",,"G",39,"A",,"G",39,-2
444705,"A",,"R",49500,"A",,"G",55,"A",,"G",55,"A",,1
444714,"A",,"R",1587500,"A",,"G",1764,"A",,"G",1764,"A",,1
444723,"R",39231,"A",,"R",39825,"G",1308,"G",1659,"G",1308,"G",1659,2
444732,"A",,"R",82000,"A",,"G",91,"A",,"R",90,"A",,1
444750,"A",,"R",20904,"A",,"G",23,"A",,"G",23,"A",,1
444769,"A",,"R",78658,"A",,"G",87,"A",,"G",87,"A",,1
444778,"R",2022,"A",,"R",441,"G",67,"G",18,"G",67,"G",18,2
444787,"R",543,"A",,"A",,"G",18,"A",,"G",18,"A",,2
444796,"R",9600,"A",,"A",,"G",320,"A",,"G",320,"A",,2
444857,"A",,"R",81600,"A",,"G",91,"A",,"G",91,"A",,1
444866,"R",7193,"A",,"A",,"G",240,"A",,"G",240,"A",,2
444884,"A",,"R",7558,"A",,"G",8,"A",,"G",8,"A",,1
444893,"R",4360,"A",,"A",,"G",145,"A",,"G",145,"A",,2
444909,"A",,"R",23400,"A",,"G",26,"A",,"G",26,"A",,1
444927,"R",16281,"A",,"A",,"G",362,"A",,"G",362,"A",,2
444936,"A",,"R",70400,"A",,"G",78,"A",,"G",78,"A",,1
444945,"A",,"R",307720,"A",,"G",342,"A",,"G",342,"A",,1
444954,"R",58724,"A",,"A",,"G",1957,"A",,"G",1957,"A",,2
444972,"R",6780,"A",,"A",,"G",226,"A",,"G",226,"A",,2
444990,"R",14539,"A",,"A",,"G",485,"A",,"G",485,"A",,2
445009,"R",58021,"A",,"A",,"G",1934,"A",,"G",1934,"A",,2
445018,"R",27072,"A",,"A",,"G",902,"A",,"G",902,"A",,2
445027,"R",1231093,"A",,"R",83406,"G",27358,"G",2317,"G",27358,"G",2317,2
445054,"A",,"A",,"R",150,"A",,"G",4,"A",,"G",4,-2
445072,"R",47270,"A",,"A",,"G",1050,"A",,"G",1050,"A",,2
445081,"R",30824,"A",,"A",,"G",685,"A",,"G",685,"A",,2
445090,"R",35088,"A",,"A",,"G",780,"A",,"G",780,"A",,2
445115,"R",36290,"A",,"A",,"G",1210,"A",,"G",1210,"A",,2
445124,"R",44309,"A",,"A",,"G",985,"A",,"G",985,"A",,2
445133,"R",21971,"A",,"R",4134,"G",488,"G",115,"G",488,"G",115,2
445142,"R",19513,"A",,"A",,"G",650,"A",,"G",650,"A",,2
445188,"R",97886,"A",,"R",5663,"G",3263,"G",236,"G",3263,"G",236,2
445197,"R",32935,"A",,"A",,"G",1098,"A",,"R",800,"A",,2
445203,"R",39866,"A",,"A",,"G",1329,"A",,"G",1329,"A",,2
445212,"A",,"R",292553,"A",,"G",325,"A",,"G",325,"A",,1
445221,"A",,"R",99323,"A",,"G",110,"A",,"G",110,"A",,1
445230,"A",,"R",1489944,"A",,"G",1655,"A",,"G",1655,"A",,1
445249,"R",24239,"A",,"A",,"G",808,"A",,"G",808,"A",,2
445258,"A",,"R",355000,"A",,"G",394,"A",,"G",394,"A",,1
445267,"R",38567,"A",,"R",2219,"G",857,"G",62,"G",857,"G",62,2
445276,"R",36703,"A",,"A",,"G",816,"A",,"G",816,"A",,2
445300,"R",13860,"A",,"A",,"G",462,"A",,"G",462,"A",,2
445319,"R",6649,"A",,"R",1171,"G",222,"G",49,"G",222,"G",49,2
445328,"R",31531,"A",,"A",,"G",1051,"A",,"G",1051,"A",,2
445337,"R",24730,"A",,"A",,"G",824,"A",,"G",824,"A",,2
445346,"R",26082,"A",,"A",,"G",869,"A",,"G",869,"A",,2
445355,"R",13607,"A",,"A",,"G",454,"A",,"G",454,"A",,2
445364,"A",,"R",438760,"A",,"G",488,"A",,"G",488,"A",,1
445373,"R",22972,"A",,"A",,"G",766,"A",,"R",439,"A",,2
445382,"R",48083,"A",,"A",,"G",1603,"A",,"R",1023,"A",,2
445391,"R",4749,"A",,"R",663,"G",158,"G",28,"G",158,"G",28,2
445407,"R",13137,"A",,"R",3899,"G",438,"G",162,"R",365,"R",144,2
445416,"R",15925,"A",,"A",,"G",531,"A",,"G",531,"A",,2
445434,"R",42630,"R",627300,"A",,"G",1644,"A",,"R",1421,"A",,3
445452,"R",89700,"A",,"A",,"G",2990,"A",,"R",1993,"A",,2
445461,"R",55717,"A",,"A",,"G",1857,"A",,"R",1185,"A",,2
445470,"R",19661,"A",,"A",,"G",437,"A",,"G",437,"A",,2
445489,"A",,"R",80922,"A",,"G",90,"A",,"G",90,"A",,1
445498,"A",,"R",47585,"A",,"G",53,"A",,"G",53,"A",,1
445504,"A",,"R",201091,"A",,"G",223,"A",,"R",129,"A",,1
445531,"A",,"R",24500,"A",,"G",27,"A",,"G",27,"A",,1
445540,"A",,"R",37000,"A",,"G",41,"A",,"G",41,"A",,1
445559,"R",15318,"R",36650,"A",,"G",551,"A",,"R",485,"A",,3
445577,"R",24330,"A",,"A",,"G",811,"A",,"G",811,"A",,2
445601,"R",40920,"A",,"A",,"G",1364,"A",,"G",1364,"A",,2
445610,"R",14130,"A",,"A",,"G",471,"A",,"G",471,"A",,2
445629,"A",,"R",119952,"A",,"G",133,"A",,"R",134,"A",,1
445638,"A",,"R",70952,"A",,"G",79,"A",,"G",79,"A",,1
445647,"A",,"R",96660,"A",,"G",107,"A",,"G",107,"A",,1
445656,"A",,"R",163316,"A",,"G",181,"A",,"R",207,"A",,1
445665,"A",,"R",401002,"A",,"G",446,"A",,"G",446,"A",,1
445674,"R",15863,"A",,"A",,"G",529,"A",,"G",529,"A",,2
445683,"A",,"R",106848,"A",,"G",119,"A",,"G",119,"A",,1
445692,"R",5500,"A",,"R",360,"G",122,"G",10,"G",122,"G",10,2
445708,"R",117736,"A",,"A",,"G",2616,"A",,"G",2616,"A",,2
445717,"R",55454,"A",,"R",6955,"G",1848,"G",290,"G",1848,"G",290,2
445726,"R",34484,"A",,"A",,"G",1149,"A",,"G",1149,"A",,2
445735,"R",6642,"A",,"R",40832,"G",221,"G",1701,"R",263,"R",716,2
445744,"R",17897,"A",,"A",,"G",597,"A",,"G",597,"A",,2
445753,"R",24150,"A",,"A",,"G",805,"A",,"G",805,"A",,2
445762,"R",7350,"A",,"A",,"G",245,"A",,"G",245,"A",,2
445771,"R",30608,"A",,"A",,"G",1020,"A",,"R",651,"A",,2
445780,"A",,"R",49380,"A",,"G",55,"A",,"R",62,"A",,1
445799,"R",91105,"A",,"A",,"G",3037,"A",,"G",3037,"A",,2
445814,"R",43961,"A",,"A",,"G",1465,"A",,"R",1216,"A",,2
445832,"R",3954,"A",,"A",,"G",132,"A",,"G",132,"A",,2
445841,"A",,"R",155850,"A",,"G",173,"A",,"G",173,"A",,1
445850,"A",,"R",193010,"A",,"G",214,"A",,"G",214,"A",,1
445869,"A",,"A",,"R",1664,"A",,"G",69,"A",,"G",69,-2
445896,"A",,"R",163800,"A",,"G",182,"A",,"G",182,"A",,1
445911,"A",,"R",813363,"A",,"G",904,"A",,"G",904,"A",,1
445920,"R",40586,"A",,"A",,"G",902,"A",,"G",902,"A",,2
445939,"R",15464,"A",,"A",,"G",344,"A",,"G",344,"A",,2
445948,"R",5265,"A",,"A",,"G",176,"A",,"G",176,"A",,2
445957,"A",,"R",212052,"A",,"G",236,"A",,"G",236,"A",,1
445984,"A",,"R",27000,"A",,"G",30,"A",,"G",30,"A",,1
445993,"A",,"R",64730,"A",,"G",72,"A",,"G",72,"A",,1
446002,"A",,"A",,"R",1500,"A",,"G",63,"A",,"G",63,-2
446039,"A",,"A",,"R",1924,"A",,"G",80,"A",,"G",80,-2
446048,"R",20662,"A",,"R",2293,"G",689,"G",96,"G",689,"G",96,2
446057,"A",,"R",115524,"A",,"G",128,"A",,"G",128,"A",,1
446075,"A",,"R",141520,"A",,"G",157,"A",,"G",157,"A",,1
446084,"R",7552,"A",,"A",,"G",252,"A",,"R",168,"A",,2
446093,"R",6768,"A",,"A",,"G",226,"A",,"G",226,"A",,2
446109,"A",,"R",125574,"A",,"G",140,"A",,"G",140,"A",,1
446118,"A",,"R",883809,"A",,"G",982,"A",,"G",982,"A",,1
446127,"A",,"R",417600,"A",,"G",464,"A",,"G",464,"A",,1
446136,"A",,"R",249240,"A",,"G",277,"A",,"G",277,"A",,1
446145,"R",1348,"A",,"A",,"G",45,"A",,"G",45,"A",,2
446154,"R",33304,"A",,"A",,"G",1110,"A",,"R",740,"A",,2
446163,"R",3300,"A",,"A",,"G",73,"A",,"G",73,"A",,2
446190,"A",,"R",53100,"A",,"G",59,"A",,"G",59,"A",,1
446206,"R",384,"A",,"A",,"G",13,"A",,"G",13,"A",,2
446215,"A",,"R",41349,"A",,"G",46,"A",,"R",46,"A",,1
446224,"R",2065,"A",,"A",,"G",69,"A",,"G",69,"A",,2
446233,"R",4890,"A",,"A",,"G",163,"A",,"G",163,"A",,2
446242,"R",6572,"A",,"A",,"G",219,"A",,"G",219,"A",,2
446251,"R",2457,"A",,"A",,"G",82,"A",,"G",82,"A",,2
446260,"A",,"R",106996,"A",,"G",119,"A",,"G",119,"A",,1
446288,"A",,"R",135973,"A",,"G",151,"A",,"G",151,"A",,1
446297,"A",,"R",15300,"A",,"G",17,"A",,"G",17,"A",,1
446303,"A",,"R",120960,"A",,"G",134,"A",,"G",134,"A",,1
446312,"R",2449,"A",,"A",,"G",82,"A",,"G",82,"A",,2
446321,"A",,"R",22200,"A",,"G",25,"A",,"G",25,"A",,1
446349,"A",,"R",35100,"A",,"G",39,"A",,"G",39,"A",,1
446358,"A",,"R",80451,"A",,"G",89,"A",,"G",89,"A",,1
446385,"R",6833,"A",,"A",,"G",152,"A",,"G",152,"A",,2
446394,"R",980,"A",,"R",439,"G",33,"G",18,"G",33,"G",18,2
446400,"A",,"R",454161,"A",,"G",505,"A",,"G",505,"A",,1
446419,"A",,"R",52386,"A",,"G",58,"A",,"G",58,"A",,1
446428,"A",,"R",46040,"A",,"G",51,"A",,"G",51,"A",,1
446437,"A",,"R",160000,"A",,"G",178,"A",,"G",178,"A",,1
446446,"R",4960,"A",,"A",,"G",165,"A",,"G",165,"A",,2
446455,"A",,"R",143210,"A",,"G",159,"A",,"G",159,"A",,1
446464,"A",,"R",140400,"A",,"G",156,"A",,"G",156,"A",,1
446491,"A",,"R",42000,"A",,"G",47,"A",,"G",47,"A",,1
446507,"R",667,"A",,"A",,"G",22,"A",,"G",22,"A",,2
446516,"R",1000,"A",,"A",,"G",33,"A",,"R",38,"A",,2
446525,"A",,"R",130200,"A",,"G",145,"A",,"G",145,"A",,1
446534,"A",,"R",68532,"A",,"G",76,"A",,"G",76,"A",,1
446543,"A",,"R",25632,"A",,"G",28,"A",,"G",28,"A",,1
446552,"R",31707,"A",,"A",,"G",1057,"A",,"G",1057,"A",,2
446561,"A",,"R",146361,"A",,"G",163,"A",,"G",163,"A",,1
446570,"A",,"R",78000,"A",,"G",87,"A",,"G",87,"A",,1
446589,"A",,"R",88260,"A",,"G",98,"A",,"G",98,"A",,1
446598,"A",,"R",72000,"A",,"G",80,"A",,"R",93,"A",,1
446604,"R",37080,"A",,"A",,"G",1236,"A",,"G",1236,"A",,2
446613,"R",1191,"A",,"A",,"G",40,"A",,"G",40,"A",,2
446640,"R",4558,"A",,"R",764,"G",152,"G",32,"G",152,"G",32,2
446668,"R",33847,"A",,"A",,"G",752,"A",,"G",752,"A",,2
446677,"R",12765,"A",,"A",,"G",426,"A",,"G",426,"A",,2
446701,"A",,"A",,"R",146,"A",,"G",6,"A",,"G",6,-2
446710,"R",4200,"A",,"R",534,"G",140,"G",22,"G",140,"G",22,2
446729,"R",51,"A",,"Z",0,"G",2,"Z",0,"G",2,"Z",0,2
446738,"R",19797,"A",,"R",4142,"G",660,"G",173,"G",660,"G",173,2
446747,"R",10158,"A",,"R",1227,"G",339,"G",51,"G",339,"G",51,2
446756,"R",8473,"A",,"R",654,"G",282,"G",27,"G",282,"G",27,2
446765,"R",10657,"A",,"R",2820,"G",355,"G",118,"G",355,"G",118,2
446774,"R",51212,"A",,"A",,"G",1707,"A",,"G",1707,"A",,2
446783,"A",,"R",128735,"A",,"G",143,"A",,"G",143,"A",,1
446792,"R",24295,"A",,"A",,"G",540,"A",,"G",540,"A",,2
446808,"R",22392,"A",,"A",,"G",498,"A",,"G",498,"A",,2
446817,"R",28327,"A",,"A",,"G",629,"A",,"G",629,"A",,2
446835,"R",56352,"A",,"A",,"G",1878,"A",,"G",1878,"A",,2
446844,"R",48998,"A",,"A",,"G",1633,"A",,"G",1633,"A",,2
446853,"R",30150,"A",,"A",,"G",1005,"A",,"G",1005,"A",,2
446880,"R",16532,"A",,"A",,"G",367,"A",,"G",367,"A",,2
446899,"R",38820,"A",,"A",,"G",863,"A",,"G",863,"A",,2
446905,"R",24224,"A",,"A",,"G",538,"A",,"G",538,"A",,2
446914,"R",60934,"A",,"A",,"G",1354,"A",,"G",1354,"A",,2
446923,"R",22292,"A",,"A",,"G",495,"A",,"G",495,"A",,2
446932,"A",,"A",,"R",10120,"A",,"G",422,"A",,"G",422,-2
446996,"A",,"R",86400,"A",,"G",96,"A",,"G",96,"A",,1
447014,"R",5257,"A",,"A",,"G",175,"A",,"R",222,"A",,2
447023,"R",19013,"R",100285,"A",,"G",745,"A",,"G",745,"A",,3
447050,"R",4512,"A",,"R",153,"G",150,"G",6,"G",150,"G",6,2
447069,"R",33596,"A",,"A",,"G",747,"A",,"G",747,"A",,2
447102,"R",39186,"A",,"A",,"G",1306,"A",,"G",1306,"A",,2
447120,"R",28861,"A",,"A",,"G",962,"A",,"G",962,"A",,2
447148,"A",,"R",505581,"A",,"G",562,"A",,"R",316,"A",,1
447157,"A",,"R",219068,"A",,"G",243,"A",,"R",137,"A",,1
447166,"R",4530,"A",,"A",,"G",151,"A",,"R",104,"A",,2
447175,"R",7252,"A",,"A",,"G",242,"A",,"R",139,"A",,2
447209,"R",46395,"A",,"A",,"G",1547,"A",,"R",987,"A",,2
447218,"R",43294,"A",,"A",,"G",1443,"A",,"R",921,"A",,2
447227,"R",37854,"A",,"A",,"G",1262,"A",,"R",805,"A",,2
447236,"R",25876,"A",,"A",,"G",575,"A",,"R",593,"A",,2
447245,"R",37093,"A",,"A",,"G",1236,"A",,"R",789,"A",,2
447254,"A",,"R",19720,"A",,"G",22,"A",,"G",22,"A",,1
447263,"R",9772,"A",,"A",,"G",326,"A",,"G",326,"A",,2
447272,"R",3511,"A",,"R",6889,"G",117,"G",287,"G",117,"G",287,2
447290,"R",44920,"A",,"A",,"G",998,"A",,"G",998,"A",,2
447315,"A",,"R",93778,"A",,"G",104,"A",,"G",104,"A",,1
447324,"A",,"R",155596,"A",,"G",173,"A",,"G",173,"A",,1
447333,"A",,"R",81809,"A",,"G",91,"A",,"G",91,"A",,1
447342,"A",,"R",106269,"A",,"G",118,"A",,"G",118,"A",,1
447351,"A",,"R",432930,"A",,"G",481,"A",,"G",481,"A",,1
447360,"R",6952,"A",,"A",,"G",232,"A",,"G",232,"A",,2
447379,"A",,"R",177820,"A",,"G",198,"A",,"G",198,"A",,1
447388,"A",,"R",214929,"A",,"G",239,"A",,"G",239,"A",,1
447397,"R",12172,"A",,"A",,"G",270,"A",,"G",270,"A",,2
447403,"R",69510,"A",,"A",,"G",2317,"A",,"G",2317,"A",,2
447421,"R",19051,"A",,"A",,"G",423,"A",,"G",423,"A",,2
447430,"A",,"R",155253,"A",,"G",173,"A",,"G",173,"A",,1
447449,"A",,"R",42000,"A",,"G",47,"A",,"G",47,"A",,1
447458,"R",40530,"A",,"A",,"G",1351,"A",,"G",1351,"A",,2
447467,"A",,"R",339080,"A",,"G",377,"A",,"G",377,"A",,1
447476,"R",18496,"A",,"A",,"G",411,"A",,"G",411,"A",,2
447485,"R",3988,"A",,"R",1042,"G",133,"G",43,"R",111,"R",39,2
447494,"R",14992,"A",,"A",,"G",500,"A",,"G",500,"A",,2
447519,"R",15894,"A",,"A",,"G",530,"A",,"G",530,"A",,2
447528,"A",,"R",128800,"A",,"G",143,"A",,"G",143,"A",,1
447582,"R",65316,"A",,"A",,"G",2177,"A",,"G",2177,"A",,2
447591,"A",,"R",118320,"A",,"G",131,"A",,"R",131,"A",,1
447625,"R",14482,"A",,"A",,"G",322,"A",,"G",322,"A",,2
447634,"R",32830,"A",,"A",,"G",1094,"A",,"G",1094,"A",,2
447652,"R",19325,"A",,"R",1311,"G",644,"G",55,"G",644,"G",55,2
447661,"R",10768,"A",,"R",3569,"G",359,"G",149,"G",359,"G",149,2
447670,"R",28518,"A",,"A",,"G",634,"A",,"G",634,"A",,2
447689,"R",77329,"A",,"A",,"G",2578,"A",,"G",2578,"A",,2
447698,"A",,"A",,"R",3220,"A",,"G",134,"A",,"R",134,-2
447704,"A",,"R",87387,"A",,"G",97,"A",,"G",97,"A",,1
447713,"A",,"R",144144,"A",,"G",160,"A",,"G",160,"A",,1
447722,"R",4164,"A",,"A",,"G",139,"A",,"G",139,"A",,2
447731,"A",,"R",219042,"A",,"G",243,"A",,"G",243,"A",,1
447759,"R",18162,"A",,"A",,"G",605,"A",,"R",504,"A",,2
447768,"A",,"R",1084163,"A",,"G",1205,"A",,"G",1205,"A",,1
447777,"A",,"R",298235,"A",,"G",331,"A",,"G",331,"A",,1
447795,"A",,"R",27100,"A",,"G",30,"A",,"G",30,"A",,1
447801,"A",,"A",,"R",2532,"A",,"G",106,"A",,"G",106,-2
447810,"R",3465,"A",,"A",,"G",116,"A",,"G",116,"A",,2
447829,"A",,"R",163500,"A",,"G",182,"A",,"G",182,"A",,1
447838,"R",801,"A",,"A",,"G",27,"A",,"G",27,"A",,2
447847,"R",707,"R",13520,"A",,"G",39,"A",,"G",39,"A",,3
447856,"A",,"R",76139,"A",,"G",85,"A",,"G",85,"A",,1
447865,"A",,"R",58440,"A",,"G",65,"A",,"G",65,"A",,1
447874,"A",,"R",318188,"A",,"G",354,"A",,"G",354,"A",,1
447883,"A",,"R",125000,"A",,"G",139,"A",,"R",139,"A",,1
447892,"A",,"R",151875,"A",,"G",169,"A",,"G",169,"A",,1
447908,"A",,"R",55579,"A",,"G",62,"A",,"G",62,"A",,1
447917,"A",,"R",54600,"A",,"G",61,"A",,"G",61,"A",,1
447935,"R",21871,"A",,"A",,"G",486,"A",,"G",486,"A",,2
447953,"R",5390,"A",,"A",,"G",180,"A",,"G",180,"A",,2
447962,"A",,"R",110999,"A",,"G",123,"A",,"G",123,"A",,1
447971,"A",,"R",102000,"A",,"G",113,"A",,"G",113,"A",,1
447980,"A",,"R",113880,"A",,"G",127,"A",,"G",127,"A",,1
447999,"A",,"R",96211,"A",,"G",107,"A",,"G",107,"A",,1
448008,"A",,"R",30798,"A",,"G",34,"A",,"G",34,"A",,1
448017,"A",,"R",11424,"A",,"G",13,"A",,"G",13,"A",,1
448026,"A",,"R",130621,"A",,"G",145,"A",,"G",145,"A",,1
448035,"A",,"R",34560,"A",,"G",38,"A",,"G",38,"A",,1
448044,"A",,"R",5932,"A",,"G",7,"A",,"G",7,"A",,1
448053,"A",,"R",108000,"A",,"G",120,"A",,"G",120,"A",,1
448071,"A",,"R",209000,"A",,"G",232,"A",,"G",232,"A",,1
448080,"R",227,"A",,"A",,"G",8,"A",,"G",8,"A",,2
448099,"A",,"R",30728,"A",,"G",34,"A",,"G",34,"A",,1
448105,"A",,"R",82730,"A",,"G",92,"A",,"G",92,"A",,1
448114,"R",16332,"A",,"A",,"G",544,"A",,"G",544,"A",,2
448123,"R",6900,"A",,"A",,"G",230,"A",,"G",230,"A",,2
448141,"A",,"R",34382,"A",,"G",38,"A",,"G",38,"A",,1
448150,"A",,"R",204700,"A",,"G",227,"A",,"G",227,"A",,1
448196,"R",3549,"R",18075,"A",,"G",138,"A",,"G",138,"A",,3
448202,"A",,"R",71872,"A",,"G",80,"A",,"G",80,"A",,1
448211,"A",,"R",226000,"A",,"G",251,"A",,"G",251,"A",,1
448220,"A",,"R",123511,"A",,"G",137,"A",,"G",137,"A",,1
448239,"R",5280,"A",,"A",,"G",176,"A",,"G",176,"A",,2
448248,"A",,"R",719681,"A",,"G",800,"A",,"G",800,"A",,1
448257,"A",,"R",54750,"A",,"G",61,"A",,"G",61,"A",,1
448266,"A",,"R",34800,"A",,"G",39,"A",,"G",39,"A",,1
448275,"A",,"R",48491,"A",,"G",54,"A",,"G",54,"A",,1
448284,"R",18702,"A",,"R",20746,"G",623,"G",864,"G",623,"G",864,2
448309,"R",45741,"A",,"R",6427,"G",1525,"G",268,"G",1525,"G",268,2
448345,"R",47811,"A",,"A",,"G",1062,"A",,"G",1062,"A",,2
448354,"A",,"R",235000,"A",,"G",261,"A",,"G",261,"A",,1
448363,"A",,"R",371025,"A",,"G",412,"A",,"G",412,"A",,1
448372,"A",,"R",317910,"A",,"G",353,"A",,"G",353,"A",,1
448406,"R",15104,"A",,"A",,"G",503,"A",,"G",503,"A",,2
448415,"R",67301,"A",,"A",,"G",1496,"A",,"G",1496,"A",,2
448424,"A",,"R",70082,"A",,"G",78,"A",,"G",78,"A",,1
448433,"R",95690,"A",,"A",,"G",3190,"A",,"G",3190,"A",,2
448442,"R",37072,"A",,"A",,"G",824,"A",,"G",824,"A",,2
448451,"R",25128,"A",,"A",,"G",558,"A",,"G",558,"A",,2
448460,"R",13688,"A",,"A",,"G",304,"A",,"G",304,"A",,2
448479,"R",44540,"A",,"A",,"G",990,"A",,"G",990,"A",,2
448488,"R",26424,"A",,"A",,"G",587,"A",,"G",587,"A",,2
448497,"R",27488,"A",,"A",,"G",611,"A",,"G",611,"A",,2
448503,"R",21820,"A",,"A",,"G",485,"A",,"G",485,"A",,2
448512,"R",24861,"A",,"A",,"G",552,"A",,"G",552,"A",,2
448521,"R",666,"A",,"R",381,"G",22,"G",16,"G",22,"G",16,2
448530,"R",15393,"A",,"R",681,"G",513,"G",28,"G",513,"G",28,2
448549,"R",3765,"A",,"R",319,"G",126,"G",13,"G",126,"G",13,2
448558,"R",4641,"A",,"R",375,"G",155,"G",16,"G",155,"G",16,2
448567,"R",17412,"A",,"R",1314,"G",580,"G",55,"G",580,"G",55,2
448576,"R",66664,"A",,"A",,"G",1481,"A",,"G",1481,"A",,2
448585,"R",16162,"A",,"A",,"G",359,"A",,"G",359,"A",,2
448594,"R",67406,"A",,"A",,"G",2247,"A",,"R",2247,"A",,2
448600,"R",16532,"A",,"A",,"G",367,"A",,"G",367,"A",,2
448619,"R",3972,"A",,"A",,"G",132,"A",,"G",132,"A",,2
448628,"R",30705,"A",,"A",,"G",682,"A",,"G",682,"A",,2
448646,"A",,"R",307720,"A",,"G",342,"A",,"G",342,"A",,1
448655,"R",33587,"A",,"A",,"G",1120,"A",,"G",1120,"A",,2
448664,"R",17936,"A",,"A",,"G",399,"A",,"G",399,"A",,2
448673,"R",66616,"A",,"A",,"G",1480,"A",,"G",1480,"A",,2
448691,"A",,"A",,"R",1377,"A",,"G",57,"A",,"G",57,-2
448707,"R",9759,"A",,"A",,"G",325,"A",,"G",325,"A",,2
448716,"R",10181,"A",,"A",,"G",339,"A",,"G",339,"A",,2
448734,"R",3105,"A",,"R",6802,"G",104,"G",283,"G",104,"G",283,2
448752,"R",7350,"A",,"A",,"G",245,"A",,"G",245,"A",,2
448761,"R",13400,"A",,"A",,"G",447,"A",,"G",447,"A",,2
448770,"A",,"R",471510,"A",,"G",524,"A",,"G",524,"A",,1
448789,"R",78048,"A",,"A",,"G",1734,"A",,"G",1734,"A",,2
448798,"A",,"R",525298,"A",,"G",584,"A",,"R",292,"A",,1
448804,"R",5469,"A",,"A",,"G",182,"A",,"G",182,"A",,2
448822,"R",1269,"A",,"R",345,"G",42,"G",14,"G",42,"G",14,2
448831,"R",994,"A",,"R",288,"G",33,"G",12,"G",33,"G",12,2
448840,"R",110269,"A",,"R",8779,"G",3676,"G",366,"G",3676,"G",366,2
448859,"R",5587,"A",,"A",,"G",186,"A",,"G",186,"A",,2
448877,"R",3217,"A",,"R",1170,"G",107,"G",49,"R",89,"R",43,2
448895,"A",,"R",696592,"A",,"G",774,"A",,"G",774,"A",,1
448965,"A",,"R",139155,"A",,"G",155,"A",,"G",155,"A",,1
448974,"A",,"R",327694,"A",,"G",364,"A",,"G",364,"A",,1
448983,"R",19476,"A",,"A",,"G",649,"A",,"G",649,"A",,2
449010,"R",39876,"A",,"A",,"G",886,"A",,"G",886,"A",,2
449038,"R",97452,"A",,"R",23036,"G",2166,"G",640,"G",2166,"G",640,2
449074,"A",,"R",1040102,"A",,"G",1156,"A",,"G",1156,"A",,1
449083,"R",6224,"A",,"A",,"G",207,"A",,"G",207,"A",,2
449092,"R",6500,"A",,"A",,"G",217,"A",,"G",217,"A",,2
449117,"R",29356,"A",,"A",,"G",652,"A",,"G",652,"A",,2
449126,"R",21046,"A",,"A",,"G",468,"A",,"G",468,"A",,2
449135,"R",13282,"A",,"A",,"G",443,"A",,"G",443,"A",,2
449144,"R",12653,"A",,"A",,"G",422,"A",,"G",422,"A",,2
449153,"R",9246,"A",,"A",,"G",308,"A",,"G",308,"A",,2
449162,"A",,"R",99137,"A",,"G",110,"A",,"G",110,"A",,1
449171,"A",,"R",111657,"A",,"G",124,"A",,"G",124,"A",,1
449180,"A",,"R",132869,"A",,"G",148,"A",,"G",148,"A",,1
449199,"A",,"R",95088,"A",,"G",106,"A",,"G",106,"A",,1
449205,"A",,"R",83211,"A",,"G",92,"A",,"G",92,"A",,1
449214,"A",,"R",72578,"A",,"G",81,"A",,"G",81,"A",,1
449223,"A",,"R",145824,"A",,"G",162,"A",,"G",162,"A",,1
449232,"A",,"R",117579,"A",,"G",131,"A",,"G",131,"A",,1
449241,"A",,"R",99554,"A",,"G",111,"A",,"G",111,"A",,1
449250,"A",,"R",260373,"A",,"G",289,"A",,"R",289,"A",,1
449269,"R",29218,"A",,"A",,"G",974,"A",,"G",974,"A",,2
449278,"R",40431,"A",,"A",,"G",1348,"A",,"G",1348,"A",,2
449302,"R",7765,"A",,"A",,"G",173,"A",,"G",173,"A",,2
449311,"A",,"R",215770,"A",,"G",240,"A",,"G",240,"A",,1
449320,"A",,"R",859070,"A",,"G",955,"A",,"G",955,"A",,1
449339,"R",559229,"A",,"R",143461,"G",18641,"G",5978,"G",18641,"G",5978,2
449348,"R",1677,"A",,"A",,"G",56,"A",,"R",63,"A",,2
449357,"A",,"R",74616,"A",,"G",83,"A",,"G",83,"A",,1
449366,"A",,"R",248012,"A",,"G",276,"A",,"G",276,"A",,1
449375,"A",,"R",230000,"A",,"G",256,"A",,"G",256,"A",,1
449384,"R",36495,"A",,"A",,"G",811,"A",,"G",811,"A",,2
449393,"A",,"R",154611,"A",,"G",172,"A",,"G",172,"A",,1
449418,"A",,"R",182877,"A",,"G",203,"A",,"G",203,"A",,1
449436,"R",937,"A",,"A",,"G",31,"A",,"G",31,"A",,2
449445,"A",,"R",144466,"A",,"G",161,"A",,"G",161,"A",,1
449454,"A",,"R",27700,"A",,"G",31,"A",,"G",31,"A",,1
449463,"A",,"R",70500,"A",,"G",78,"A",,"G",78,"A",,1
449472,"A",,"R",102000,"A",,"G",113,"A",,"G",113,"A",,1
449481,"A",,"A",,"R",2470,"A",,"G",103,"A",,"G",103,-2
449490,"A",,"R",125667,"A",,"G",140,"A",,"G",140,"A",,1
449506,"A",,"R",148975,"A",,"G",166,"A",,"G",166,"A",,1
449515,"A",,"R",259965,"A",,"G",289,"A",,"G",289,"A",,1
449524,"A",,"R",62610,"A",,"G",70,"A",,"G",70,"A",,1
449533,"A",,"R",170128,"A",,"G",189,"A",,"G",189,"A",,1
449551,"A",,"R",22800,"A",,"G",25,"A",,"G",25,"A",,1
449579,"A",,"A",,"R",877,"A",,"G",37,"A",,"G",37,-2
449597,"A",,"R",44170,"A",,"G",49,"A",,"R",56,"A",,1
449603,"A",,"R",123379,"A",,"G",137,"A",,"G",137,"A",,1
449612,"R",3972,"A",,"A",,"G",132,"A",,"G",132,"A",,2
449658,"R",2901,"A",,"A",,"G",97,"A",,"R",96,"A",,2
449667,"A",,"R",131912,"A",,"G",147,"A",,"G",147,"A",,1
449676,"A",,"R",14616,"A",,"G",16,"A",,"G",16,"A",,1
449685,"A",,"R",44700,"A",,"G",50,"A",,"G",50,"A",,1
449694,"A",,"R",290869,"A",,"G",323,"A",,"R",497,"A",,1
449700,"R",13747,"A",,"A",,"G",458,"A",,"G",458,"A",,2
449719,"R",20800,"A",,"A",,"G",462,"A",,"G",462,"A",,2
449728,"R",1920,"A",,"A",,"G",64,"A",,"G",64,"A",,2
449746,"A",,"R",342500,"A",,"G",381,"A",,"R",382,"A",,1
449755,"A",,"R",5400,"A",,"G",6,"A",,"G",6,"A",,1
449764,"R",3134,"A",,"A",,"G",104,"A",,"G",104,"A",,2
449773,"A",,"R",166720,"A",,"G",185,"A",,"G",185,"A",,1
449782,"A",,"R",20977,"A",,"G",23,"A",,"G",23,"A",,1
449791,"A",,"R",159000,"A",,"G",177,"A",,"G",177,"A",,1
449807,"A",,"R",87569,"A",,"G",97,"A",,"R",97,"A",,1
449816,"A",,"R",150892,"A",,"G",168,"A",,"G",168,"A",,1
449825,"A",,"R",39300,"A",,"G",44,"A",,"G",44,"A",,1
449843,"R",7832,"A",,"A",,"G",261,"A",,"G",261,"A",,2
449852,"A",,"R",43828,"A",,"G",49,"A",,"G",49,"A",,1
449861,"A",,"R",450418,"A",,"G",500,"A",,"G",500,"A",,1
449870,"R",1398,"R",1525,"R",2261,"G",48,"G",94,"G",48,"G",94,3
449898,"R",28187,"A",,"A",,"G",626,"A",,"G",626,"A",,2
449904,"A",,"R",401710,"A",,"G",446,"A",,"G",446,"A",,1
449913,"A",,"R",68468,"A",,"G",76,"A",,"G",76,"A",,1
449922,"A",,"A",,"R",9410,"A",,"G",392,"A",,"G",392,-2
449931,"R",28342,"A",,"R",9683,"G",945,"G",403,"G",945,"G",403,2
449940,"A",,"R",111640,"A",,"G",124,"A",,"G",124,"A",,1
449959,"A",,"R",196585,"A",,"G",218,"A",,"G",218,"A",,1
449968,"A",,"R",321228,"A",,"G",357,"A",,"G",357,"A",,1
449977,"A",,"R",273513,"A",,"G",304,"A",,"G",304,"A",,1
449986,"A",,"R",247742,"A",,"G",275,"A",,"G",275,"A",,1
449995,"A",,"R",237965,"A",,"G",264,"A",,"G",264,"A",,1
450003,"R",31990,"A",,"A",,"G",711,"A",,"G",711,"A",,2
450012,"R",3789,"A",,"A",,"G",126,"A",,"G",126,"A",,2
450021,"R",7288,"R",42280,"A",,"G",209,"A",,"G",209,"A",,3
450049,"R",21058,"A",,"A",,"G",468,"A",,"G",468,"A",,2
450058,"A",,"R",552779,"A",,"G",614,"A",,"G",614,"A",,1
450067,"R",22257,"A",,"A",,"G",742,"A",,"G",742,"A",,2
450076,"A",,"R",681489,"A",,"G",757,"A",,"G",757,"A",,1
450085,"R",36110,"A",,"A",,"G",802,"A",,"G",802,"A",,2
450094,"R",34887,"A",,"A",,"G",775,"A",,"G",775,"A",,2
450119,"R",10560,"A",,"A",,"G",235,"A",,"R",245,"A",,2
450128,"A",,"R",571510,"A",,"G",635,"A",,"G",635,"A",,1
450137,"R",32431,"A",,"A",,"G",1081,"A",,"G",1081,"A",,2
450146,"A",,"R",108288,"A",,"G",120,"A",,"G",120,"A",,1
450155,"R",19350,"A",,"A",,"G",645,"A",,"G",645,"A",,2
450173,"A",,"R",3149400,"A",,"G",3499,"A",,"G",3499,"A",,1
450182,"A",,"R",227412,"A",,"G",253,"A",,"G",253,"A",,1
450191,"R",23376,"A",,"A",,"G",519,"A",,"G",519,"A",,2
450207,"R",15508,"A",,"A",,"G",345,"A",,"G",345,"A",,2
450216,"R",24464,"A",,"A",,"G",544,"A",,"G",544,"A",,2
450225,"R",21608,"A",,"A",,"G",480,"A",,"G",480,"A",,2
450234,"R",15956,"A",,"A",,"G",355,"A",,"G",355,"A",,2
450243,"R",29984,"A",,"A",,"G",666,"A",,"G",666,"A",,2
450252,"R",16004,"A",,"A",,"G",356,"A",,"G",356,"A",,2
450261,"R",12688,"A",,"A",,"G",282,"A",,"G",282,"A",,2
450270,"R",19814,"A",,"A",,"G",440,"A",,"G",440,"A",,2
450289,"R",34098,"A",,"A",,"G",758,"A",,"G",758,"A",,2
450298,"R",13424,"A",,"R",2714,"G",298,"G",75,"G",298,"G",75,2
450304,"A",,"A",,"R",3569,"A",,"G",149,"A",,"G",149,-2
450377,"R",23063,"A",,"R",9716,"G",513,"G",270,"G",513,"G",270,2
450386,"R",16686,"A",,"A",,"G",371,"A",,"G",371,"A",,2
450395,"A",,"R",158297,"A",,"G",176,"A",,"G",176,"A",,1
450401,"R",12222,"A",,"A",,"G",407,"A",,"G",407,"A",,2
450429,"R",14118,"A",,"A",,"G",314,"A",,"G",314,"A",,2
450438,"R",7826,"A",,"A",,"G",174,"A",,"G",174,"A",,2
450447,"R",28404,"A",,"A",,"G",631,"A",,"R",796,"A",,2
450456,"R",9267,"A",,"R",1803,"G",309,"G",75,"G",309,"G",75,2
450465,"R",25618,"A",,"A",,"G",569,"A",,"G",569,"A",,2
450474,"R",35382,"A",,"R",1374,"G",1179,"G",57,"G",1179,"G",57,2
450483,"R",2908,"A",,"R",363,"G",97,"G",15,"G",97,"G",15,2
450492,"R",10200,"A",,"R",795,"G",340,"G",33,"G",340,"G",33,2
450508,"R",3112,"A",,"A",,"G",104,"A",,"R",86,"A",,2
450517,"R",5841,"A",,"R",3026,"G",195,"G",126,"R",162,"R",112,2
450526,"R",6003,"A",,"R",7351,"G",200,"G",306,"G",200,"G",306,2
450535,"R",2103,"A",,"R",6899,"G",70,"G",287,"G",70,"G",287,2
450544,"R",2379,"A",,"R",4696,"G",79,"G",196,"G",79,"G",196,2
450553,"R",7004,"R",109036,"A",,"G",355,"A",,"G",355,"A",,3
450562,"R",8434,"R",200239,"A",,"G",504,"A",,"G",504,"A",,3
450571,"R",37380,"A",,"A",,"G",831,"A",,"G",831,"A",,2
450580,"A",,"R",202405,"A",,"G",225,"A",,"R",132,"A",,1
450599,"A",,"R",404946,"A",,"G",450,"A",,"R",265,"A",,1
450605,"A",,"R",199800,"A",,"G",222,"A",,"R",159,"A",,1
450614,"A",,"R",331802,"A",,"G",369,"A",,"R",217,"A",,1
450623,"A",,"R",313457,"A",,"G",348,"A",,"R",205,"A",,1
450632,"A",,"R",51160,"A",,"G",57,"A",,"G",57,"A",,1
450641,"A",,"R",117403,"A",,"G",130,"A",,"G",130,"A",,1
450650,"A",,"R",150175,"A",,"G",167,"A",,"G",167,"A",,1
450669,"R",4193,"A",,"A",,"G",140,"A",,"G",140,"A",,2
450678,"R",4668,"A",,"A",,"G",156,"A",,"G",156,"A",,2
450696,"R",24655,"A",,"A",,"G",822,"A",,"G",822,"A",,2
450702,"R",32229,"A",,"A",,"G",1074,"A",,"G",1074,"A",,2
450720,"A",,"R",343502,"A",,"G",382,"A",,"G",382,"A",,1
450739,"A",,"R",306127,"A",,"G",340,"A",,"G",340,"A",,1
450757,"A",,"R",111932,"A",,"G",124,"A",,"G",124,"A",,1
450766,"R",438,"A",,"R",3725,"G",15,"G",155,"G",15,"G",155,2
450775,"R",11028,"A",,"A",,"G",368,"A",,"R",368,"A",,2
450784,"A",,"R",91805,"A",,"G",102,"A",,"G",102,"A",,1
450793,"A",,"R",145867,"A",,"G",162,"A",,"G",162,"A",,1
450809,"A",,"R",107776,"A",,"G",120,"A",,"G",120,"A",,1
450818,"A",,"R",146343,"A",,"G",163,"A",,"G",163,"A",,1
450827,"A",,"R",160269,"A",,"G",178,"A",,"G",178,"A",,1
450836,"A",,"R",85676,"A",,"G",95,"A",,"G",95,"A",,1
450845,"A",,"R",110306,"A",,"G",123,"A",,"G",123,"A",,1
450854,"A",,"R",127504,"A",,"G",142,"A",,"G",142,"A",,1
450863,"A",,"R",73376,"A",,"G",82,"A",,"G",82,"A",,1
450872,"A",,"R",89068,"A",,"G",99,"A",,"G",99,"A",,1
450881,"A",,"R",69664,"A",,"G",77,"A",,"G",77,"A",,1
450933,"R",254159,"A",,"R",73335,"G",8472,"G",3056,"G",8472,"G",3056,2
450942,"A",,"A",,"R",10139,"A",,"G",422,"A",,"G",422,-2
450951,"R",6606,"A",,"A",,"G",147,"A",,"G",147,"A",,2
450960,"A",,"P",226639,"A",,"P",252,"A",,"P",252,"A",,1
450979,"R",126676,"A",,"R",103560,"G",4223,"G",4315,"G",4223,"G",4315,2
450988,"A",,"R",329200,"A",,"G",366,"A",,"G",366,"A",,1
450997,"A",,"R",387000,"A",,"G",430,"A",,"R",258,"A",,1
451006,"R",2688,"A",,"A",,"G",90,"A",,"R",106,"A",,2
451015,"R",10033,"A",,"A",,"G",334,"A",,"R",318,"A",,2
451024,"A",,"R",94791,"A",,"G",105,"A",,"G",105,"A",,1
451033,"A",,"R",8040,"A",,"G",9,"A",,"G",9,"A",,1
451042,"A",,"R",41266,"A",,"G",46,"A",,"G",46,"A",,1
451051,"A",,"R",30530,"A",,"G",34,"A",,"G",34,"A",,1
451060,"R",9693,"A",,"R",1644,"G",323,"G",69,"G",323,"G",69,2
451079,"A",,"A",,"R",1978,"A",,"G",82,"A",,"G",82,-2
451088,"A",,"R",116046,"A",,"G",129,"A",,"G",129,"A",,1
451097,"A",,"R",107100,"A",,"G",119,"A",,"G",119,"A",,1
451103,"R",28547,"A",,"A",,"G",952,"A",,"G",952,"A",,2
451112,"A",,"R",55422,"A",,"G",62,"A",,"G",62,"A",,1
451121,"A",,"P",123884,"A",,"P",138,"A",,"P",138,"A",,1
451130,"A",,"A",,"R",9021,"A",,"G",376,"A",,"R",328,-2
451149,"A",,"R",304660,"A",,"G",339,"A",,"G",339,"A",,1
451158,"A",,"R",88430,"A",,"G",98,"A",,"G",98,"A",,1
451167,"A",,"R",126149,"A",,"G",140,"A",,"G",140,"A",,1
451194,"A",,"R",30330,"A",,"G",34,"A",,"G",34,"A",,1
451200,"A",,"R",33174,"A",,"G",37,"A",,"R",52,"A",,1
451219,"R",891,"A",,"A",,"G",30,"A",,"G",30,"A",,2
451228,"A",,"R",90123,"A",,"G",100,"A",,"G",100,"A",,1
451237,"A",,"R",47942,"A",,"G",53,"A",,"G",53,"A",,1
451246,"A",,"R",90000,"A",,"G",100,"A",,"G",100,"A",,1
451255,"A",,"R",51000,"A",,"G",57,"A",,"R",51,"A",,1
451264,"R",619,"R",39140,"A",,"G",64,"A",,"R",267,"A",,3
451273,"A",,"R",119240,"A",,"G",132,"A",,"G",132,"A",,1
451282,"A",,"R",276721,"A",,"G",307,"A",,"G",307,"A",,1
451291,"A",,"R",30840,"A",,"G",34,"A",,"G",34,"A",,1
451307,"A",,"R",48681,"A",,"G",54,"A",,"G",54,"A",,1
451316,"A",,"R",153000,"A",,"G",170,"A",,"G",170,"A",,1
451325,"A",,"R",29136,"A",,"G",32,"A",,"R",36,"A",,1
451334,"A",,"R",143500,"A",,"G",159,"A",,"G",159,"A",,1
451343,"A",,"R",86524,"A",,"G",96,"A",,"G",96,"A",,1
451352,"R",17196,"A",,"A",,"G",573,"A",,"G",573,"A",,2
451361,"A",,"R",19120,"A",,"G",21,"A",,"R",19,"A",,1
451370,"R",1267,"A",,"A",,"G",42,"A",,"G",42,"A",,2
451389,"A",,"R",42000,"A",,"G",47,"A",,"G",47,"A",,1
451398,"R",5066,"A",,"A",,"G",169,"A",,"G",169,"A",,2
451404,"R",5520,"A",,"A",,"G",184,"A",,"G",184,"A",,2
451413,"R",3670,"A",,"A",,"G",122,"A",,"G",122,"A",,2
451422,"A",,"R",494400,"A",,"G",549,"A",,"G",549,"A",,1
451431,"A",,"R",29500,"A",,"G",33,"A",,"G",33,"A",,1
451440,"A",,"R",423900,"A",,"G",471,"A",,"G",471,"A",,1
451459,"A",,"R",147055,"A",,"G",163,"A",,"R",163,"A",,1
451468,"A",,"R",132677,"A",,"G",147,"A",,"G",147,"A",,1
451477,"A",,"R",110557,"A",,"G",123,"A",,"G",123,"A",,1
451486,"A",,"R",25235,"A",,"G",28,"A",,"G",28,"A",,1
451495,"A",,"R",66810,"A",,"G",74,"A",,"G",74,"A",,1
451501,"R",918,"R",92400,"A",,"G",133,"A",,"G",133,"A",,3
451510,"A",,"A",,"R",18578,"A",,"G",774,"A",,"G",774,-2
451529,"A",,"R",118464,"A",,"G",132,"A",,"G",132,"A",,1
451538,"A",,"R",179185,"A",,"G",199,"A",,"G",199,"A",,1
451547,"A",,"R",112500,"A",,"G",125,"A",,"G",125,"A",,1
451556,"R",40458,"A",,"A",,"G",899,"A",,"G",899,"A",,2
451565,"A",,"R",251133,"A",,"G",279,"A",,"G",279,"A",,1
451574,"A",,"R",41902,"A",,"G",47,"A",,"G",47,"A",,1
451583,"A",,"R",115859,"A",,"G",129,"A",,"G",129,"A",,1
451592,"R",2400,"A",,"A",,"G",80,"A",,"G",80,"A",,2
451608,"R",2932,"A",,"A",,"G",98,"A",,"G",98,"A",,2
451617,"A",,"R",54000,"A",,"G",60,"A",,"G",60,"A",,1
451626,"A",,"R",190500,"A",,"G",212,"A",,"G",212,"A",,1
451635,"R",1344,"A",,"A",,"G",45,"A",,"R",56,"A",,2
451644,"A",,"R",5000,"A",,"G",6,"A",,"G",6,"A",,1
451653,"A",,"R",41000,"A",,"G",46,"A",,"G",46,"A",,1
451662,"R",394695,"A",,"A",,"G",8771,"A",,"G",8771,"A",,2
451671,"R",41258,"A",,"R",5375,"G",1375,"G",224,"G",1375,"G",224,2
451680,"R",32826,"A",,"R",3434,"G",1094,"G",143,"G",1094,"G",143,2
451699,"R",59322,"A",,"A",,"G",1318,"A",,"G",1318,"A",,2
451705,"R",1850,"A",,"A",,"G",62,"A",,"G",62,"A",,2
451714,"A",,"R",270108,"A",,"G",300,"A",,"G",300,"A",,1
451741,"R",30044,"A",,"A",,"G",1001,"A",,"G",1001,"A",,2
451750,"R",24962,"A",,"A",,"G",832,"A",,"G",832,"A",,2
451769,"R",36722,"A",,"A",,"G",1224,"A",,"G",1224,"A",,2
451778,"A",,"R",65563,"A",,"G",73,"A",,"G",73,"A",,1
451796,"R",29157,"A",,"A",,"G",648,"A",,"G",648,"A",,2
451802,"A",,"R",73423,"A",,"G",82,"A",,"G",82,"A",,1
451811,"A",,"R",23356,"A",,"G",26,"A",,"G",26,"A",,1
451820,"R",40863,"A",,"A",,"G",908,"A",,"G",908,"A",,2
451848,"R",24881,"A",,"A",,"G",553,"A",,"G",553,"A",,2
451857,"R",23979,"A",,"A",,"G",799,"A",,"G",799,"A",,2
451866,"R",25096,"A",,"A",,"G",837,"A",,"G",837,"A",,2
451875,"R",6825,"A",,"A",,"G",152,"A",,"G",152,"A",,2
451884,"R",11525,"A",,"A",,"G",256,"A",,"G",256,"A",,2
451893,"R",4845,"R",53805,"A",,"G",221,"A",,"G",221,"A",,3
451909,"A",,"R",301105,"A",,"G",335,"A",,"G",335,"A",,1
451918,"A",,"R",121982,"A",,"G",136,"A",,"G",136,"A",,1
451936,"R",16544,"A",,"A",,"G",368,"A",,"G",368,"A",,2
451945,"R",17944,"A",,"A",,"G",399,"A",,"G",399,"A",,2
451954,"R",10444,"A",,"A",,"G",232,"A",,"G",232,"A",,2
451963,"R",15500,"A",,"A",,"G",344,"A",,"G",344,"A",,2
451972,"R",20772,"A",,"A",,"G",462,"A",,"G",462,"A",,2
451981,"R",16068,"A",,"A",,"G",357,"A",,"G",357,"A",,2
451990,"R",18244,"A",,"A",,"G",405,"A",,"G",405,"A",,2
452009,"A",,"R",60920,"A",,"G",68,"A",,"G",68,"A",,1
452018,"R",18469,"A",,"A",,"G",410,"A",,"G",410,"A",,2
452027,"R",20302,"A",,"A",,"G",451,"A",,"G",451,"A",,2
452036,"R",21961,"A",,"A",,"G",732,"A",,"G",732,"A",,2
452045,"R",13929,"A",,"A",,"G",464,"A",,"G",464,"A",,2
452054,"R",30195,"A",,"A",,"G",1007,"A",,"G",1007,"A",,2
452063,"R",45160,"A",,"A",,"G",1505,"A",,"G",1505,"A",,2
452072,"A",,"R",216000,"A",,"G",240,"A",,"G",240,"A",,1
452081,"A",,"R",267120,"A",,"G",297,"A",,"G",297,"A",,1
452090,"R",2502,"A",,"R",4588,"G",83,"G",191,"G",83,"G",191,2
452106,"A",,"R",53100,"A",,"G",59,"A",,"G",59,"A",,1
452115,"A",,"R",875700,"A",,"G",973,"A",,"G",973,"A",,1
452124,"R",24982,"A",,"A",,"G",833,"A",,"G",833,"A",,2
452133,"R",28644,"A",,"R",5914,"G",955,"G",246,"G",955,"G",246,2
452188,"A",,"R",1990,"A",,"G",2,"A",,"G",2,"A",,1
452203,"A",,"R",32200,"A",,"G",36,"A",,"G",36,"A",,1
452212,"A",,"R",4360,"A",,"G",5,"A",,"G",5,"A",,1
452230,"R",3181,"A",,"A",,"G",106,"A",,"G",106,"A",,2
452373,"R",5049,"A",,"A",,"G",112,"A",,"G",112,"A",,2
452522,"A",,"R",1800,"A",,"G",2,"A",,"G",2,"A",,1
452540,"A",,"R",6151,"A",,"G",7,"A",,"G",7,"A",,1
452692,"A",,"R",1440,"A",,"G",2,"A",,"G",2,"A",,1
452771,"A",,"R",2880,"A",,"G",3,"A",,"G",3,"A",,1
452780,"A",,"R",3120,"A",,"G",3,"A",,"G",3,"A",,1
452841,"R",6300,"A",,"A",,"G",210,"A",,"G",210,"A",,2
452948,"R",12909,"A",,"A",,"G",430,"A",,"G",430,"A",,2
452957,"A",,"R",2160,"A",,"G",2,"A",,"G",2,"A",,1
452984,"A",,"R",7308,"A",,"G",8,"A",,"G",8,"A",,1
453075,"A",,"R",41100,"A",,"G",46,"A",,"G",46,"A",,1
453109,"R",11106,"A",,"A",,"G",247,"A",,"G",247,"A",,2
453127,"R",31869,"A",,"R",3344,"G",708,"G",93,"G",708,"G",93,2
453163,"R",141399,"A",,"R",54963,"G",3142,"G",1527,"G",3142,"G",1527,2
453215,"R",21681,"A",,"R",2601,"G",482,"G",72,"G",482,"G",72,2
453297,"A",,"R",29644,"A",,"G",33,"A",,"G",33,"A",,1
453349,"R",30313,"A",,"A",,"G",1010,"A",,"G",1010,"A",,2
453455,"R",15336,"A",,"A",,"G",341,"A",,"G",341,"A",,2
453464,"R",22392,"A",,"A",,"G",498,"A",,"G",498,"A",,2
453473,"R",18018,"A",,"A",,"G",400,"A",,"G",400,"A",,2
453482,"R",11700,"A",,"A",,"G",260,"A",,"G",260,"A",,2
453552,"R",28557,"A",,"A",,"G",952,"A",,"G",952,"A",,2
453570,"A",,"R",108604,"A",,"G",121,"A",,"R",70,"A",,1
453677,"A",,"R",750,"A",,"G",1,"A",,"G",1,"A",,1
453747,"R",1332,"R",198252,"A",,"G",250,"A",,"G",250,"A",,3
453756,"R",7240,"A",,"A",,"G",161,"A",,"G",161,"A",,2
453792,"R",735,"R",55342,"A",,"G",78,"A",,"G",78,"A",,3
453817,"A",,"R",357300,"A",,"G",397,"A",,"G",397,"A",,1
453923,"A",,"R",800,"A",,"G",1,"A",,"G",1,"A",,1
454032,"A",,"R",145960,"A",,"G",162,"A",,"G",162,"A",,1
454078,"A",,"R",20802,"A",,"G",23,"A",,"G",23,"A",,1
454175,"R",48307,"A",,"A",,"G",1610,"A",,"G",1610,"A",,2
454184,"R",9402,"A",,"A",,"G",313,"A",,"G",313,"A",,2
454193,"A",,"R",68791,"A",,"G",76,"A",,"G",76,"A",,1
454209,"R",3332,"A",,"A",,"G",111,"A",,"R",93,"A",,2
454227,"R",22229,"A",,"R",3102,"G",741,"G",129,"R",617,"R",115,2
454236,"R",23979,"A",,"A",,"G",799,"A",,"R",666,"A",,2
454245,"R",9372,"A",,"A",,"G",312,"A",,"R",260,"A",,2
454263,"A",,"R",170414,"A",,"G",189,"A",,"G",189,"A",,1
454281,"A",,"R",57800,"A",,"G",64,"A",,"G",64,"A",,1
454290,"A",,"R",196800,"A",,"G",219,"A",,"G",219,"A",,1
454306,"A",,"R",100800,"A",,"G",112,"A",,"G",112,"A",,1
454315,"A",,"R",115185,"A",,"G",128,"A",,"G",128,"A",,1
454324,"A",,"R",111317,"A",,"G",124,"A",,"G",124,"A",,1
454333,"A",,"R",73740,"A",,"G",82,"A",,"G",82,"A",,1
454342,"A",,"R",101895,"A",,"G",113,"A",,"G",113,"A",,1
454351,"A",,"R",147014,"A",,"G",163,"A",,"G",163,"A",,1
454360,"A",,"R",139318,"A",,"G",155,"A",,"G",155,"A",,1
454379,"A",,"R",86040,"A",,"G",96,"A",,"G",96,"A",,1
454388,"A",,"R",103734,"A",,"G",115,"A",,"G",115,"A",,1
454397,"A",,"R",89839,"A",,"G",100,"A",,"G",100,"A",,1
454403,"A",,"R",106932,"A",,"G",119,"A",,"G",119,"A",,1
454412,"A",,"R",74664,"A",,"G",83,"A",,"G",83,"A",,1
454421,"A",,"R",49098,"A",,"G",55,"A",,"G",55,"A",,1
454430,"A",,"R",70200,"A",,"G",78,"A",,"G",78,"A",,1
454449,"A",,"R",32640,"A",,"G",36,"A",,"G",36,"A",,1
454458,"R",17055,"A",,"A",,"G",379,"A",,"G",379,"A",,2
454467,"A",,"R",76136,"A",,"G",85,"A",,"G",85,"A",,1
454476,"A",,"R",117892,"A",,"G",131,"A",,"G",131,"A",,1
454485,"A",,"R",73542,"A",,"G",82,"A",,"G",82,"A",,1
454494,"A",,"R",121698,"A",,"G",135,"A",,"G",135,"A",,1
454500,"A",,"R",102314,"A",,"G",114,"A",,"G",114,"A",,1
454519,"A",,"R",88308,"A",,"G",98,"A",,"G",98,"A",,1
454528,"A",,"R",88436,"A",,"G",98,"A",,"G",98,"A",,1
454537,"A",,"R",101612,"A",,"G",113,"A",,"G",113,"A",,1
454546,"A",,"R",360600,"A",,"G",401,"A",,"G",401,"A",,1
454555,"A",,"R",370924,"A",,"G",412,"A",,"G",412,"A",,1
454564,"A",,"R",1252248,"A",,"G",1391,"A",,"G",1391,"A",,1
454573,"A",,"R",426400,"A",,"G",474,"A",,"G",474,"A",,1
454582,"R",6308,"A",,"R",1146,"G",210,"G",48,"R",210,"R",64,2
454591,"R",5353,"A",,"A",,"G",119,"A",,"G",119,"A",,2
454607,"A",,"R",391000,"A",,"G",434,"A",,"G",434,"A",,1
454616,"R",16800,"A",,"A",,"G",373,"A",,"G",373,"A",,2
454625,"R",39092,"A",,"A",,"G",869,"A",,"G",869,"A",,2
454634,"A",,"R",1467512,"A",,"G",1631,"A",,"G",1631,"A",,1
454652,"A",,"R",147016,"A",,"G",163,"A",,"G",163,"A",,1
454689,"A",,"A",,"R",14376,"A",,"G",599,"A",,"R",599,-2
454698,"R",8736,"A",,"A",,"G",291,"A",,"G",291,"A",,2
454704,"A",,"R",19800,"A",,"G",22,"A",,"G",22,"A",,1
454713,"A",,"R",454300,"A",,"G",505,"A",,"G",505,"A",,1
454722,"A",,"R",24732,"A",,"G",27,"A",,"G",27,"A",,1
454731,"R",10044,"A",,"A",,"G",335,"A",,"G",335,"A",,2
454740,"R",8592,"A",,"A",,"G",191,"A",,"G",191,"A",,2
454759,"A",,"R",54000,"A",,"G",60,"A",,"G",60,"A",,1
454768,"A",,"R",225900,"A",,"G",251,"A",,"R",251,"A",,1
454777,"A",,"R",171910,"A",,"G",191,"A",,"G",191,"A",,1
454786,"A",,"R",179056,"A",,"G",199,"A",,"G",199,"A",,1
454795,"A",,"R",42000,"A",,"G",47,"A",,"G",47,"A",,1
454801,"A",,"R",69986,"A",,"G",78,"A",,"G",78,"A",,1
454810,"A",,"R",39430,"A",,"G",44,"A",,"G",44,"A",,1
454829,"R",5136,"A",,"R",1700,"G",171,"G",71,"G",171,"G",71,2
454838,"A",,"A",,"R",410,"A",,"G",11,"A",,"G",11,-2
454847,"A",,"R",82200,"A",,"G",91,"A",,"G",91,"A",,1
454856,"R",20584,"A",,"A",,"G",457,"A",,"G",457,"A",,2
454865,"R",10620,"R",291600,"A",,"G",678,"A",,"G",678,"A",,3
454874,"A",,"R",77321,"A",,"G",86,"A",,"G",86,"A",,1
454883,"R",30561,"A",,"A",,"G",1019,"A",,"G",1019,"A",,2
454892,"A",,"R",38972,"A",,"G",43,"A",,"G",43,"A",,1
454908,"A",,"R",285600,"A",,"G",317,"A",,"R",317,"A",,1
454917,"A",,"R",250860,"A",,"G",279,"A",,"G",279,"A",,1
454926,"A",,"R",274372,"A",,"G",305,"A",,"G",305,"A",,1
454935,"A",,"R",52789,"A",,"G",59,"A",,"G",59,"A",,1
454944,"A",,"R",221975,"A",,"G",247,"A",,"G",247,"A",,1
454953,"A",,"R",20250,"A",,"G",23,"A",,"R",23,"A",,1
454962,"A",,"R",16500,"A",,"G",18,"A",,"G",18,"A",,1
454971,"A",,"R",231749,"A",,"G",257,"A",,"G",257,"A",,1
454980,"A",,"R",98175,"A",,"G",109,"A",,"G",109,"A",,1
454999,"A",,"R",72433,"A",,"G",80,"A",,"G",80,"A",,1
455008,"A",,"R",124830,"A",,"G",139,"A",,"G",139,"A",,1
455017,"A",,"R",26199,"A",,"G",29,"A",,"G",29,"A",,1
455026,"A",,"R",25502,"A",,"G",28,"A",,"G",28,"A",,1
455035,"A",,"R",16150,"A",,"G",18,"A",,"G",18,"A",,1
455053,"A",,"R",242400,"A",,"G",269,"A",,"G",269,"A",,1
455062,"A",,"R",101280,"A",,"G",113,"A",,"G",113,"A",,1
455071,"A",,"R",61200,"A",,"G",68,"A",,"G",68,"A",,1
455080,"A",,"R",212130,"A",,"G",236,"A",,"G",236,"A",,1
455099,"A",,"A",,"R",628,"A",,"G",26,"A",,"G",26,-2
455105,"A",,"R",70788,"A",,"G",79,"A",,"G",79,"A",,1
455114,"R",97881,"A",,"A",,"G",3263,"A",,"G",3263,"A",,2
455141,"A",,"R",234807,"A",,"G",261,"A",,"G",261,"A",,1
455169,"A",,"A",,"R",14517,"A",,"G",605,"A",,"G",605,-2
455178,"A",,"A",,"R",1904,"A",,"G",79,"A",,"R",43,-2
455187,"A",,"R",86400,"A",,"G",96,"A",,"R",96,"A",,1
455196,"R",2403,"R",852334,"A",,"G",1027,"A",,"G",1027,"A",,3
455202,"A",,"R",88211,"A",,"G",98,"A",,"G",98,"A",,1
455211,"A",,"R",131635,"A",,"G",146,"A",,"G",146,"A",,1
455220,"A",,"R",75000,"A",,"G",83,"A",,"G",83,"A",,1
455239,"A",,"R",44300,"A",,"G",49,"A",,"G",49,"A",,1
455248,"A",,"R",10000,"A",,"G",11,"A",,"G",11,"A",,1
455257,"R",6348,"A",,"A",,"G",212,"A",,"G",212,"A",,2
455266,"A",,"R",75000,"A",,"G",83,"A",,"G",83,"A",,1
455275,"A",,"R",252857,"A",,"G",281,"A",,"G",281,"A",,1
455284,"A",,"R",248935,"A",,"G",277,"A",,"G",277,"A",,1
455293,"A",,"R",19088,"A",,"G",21,"A",,"G",21,"A",,1
455309,"A",,"R",58909,"A",,"G",65,"A",,"G",65,"A",,1
455318,"A",,"R",53600,"A",,"G",60,"A",,"G",60,"A",,1
455327,"A",,"R",46738,"A",,"G",52,"A",,"G",52,"A",,1
455336,"A",,"R",222684,"A",,"G",247,"A",,"G",247,"A",,1
455345,"A",,"R",48928,"A",,"G",54,"A",,"G",54,"A",,1
455354,"A",,"R",365821,"A",,"G",406,"A",,"R",392,"A",,1
455363,"A",,"R",56350,"A",,"G",63,"A",,"G",63,"A",,1
455372,"A",,"R",24000,"A",,"G",27,"A",,"G",27,"A",,1
455381,"A",,"R",78470,"A",,"G",87,"A",,"R",95,"A",,1
455390,"R",2240,"R",166958,"A",,"G",260,"A",,"R",303,"A",,3
455406,"A",,"A",,"R",16002,"A",,"G",667,"A",,"R",150,-2
455415,"A",,"R",5100,"A",,"G",6,"A",,"R",5,"A",,1
455424,"A",,"R",62400,"A",,"G",69,"A",,"G",69,"A",,1
455433,"A",,"A",,"R",2073,"A",,"G",86,"A",,"G",86,-2
455460,"R",5593,"A",,"A",,"G",186,"A",,"G",186,"A",,2
455479,"A",,"R",295576,"A",,"G",328,"A",,"G",328,"A",,1
455488,"R",24488,"A",,"A",,"G",816,"A",,"G",816,"A",,2
455497,"A",,"R",180226,"A",,"G",200,"A",,"G",200,"A",,1
455512,"R",59152,"A",,"A",,"G",1972,"A",,"G",1972,"A",,2
455530,"A",,"R",1043424,"A",,"G",1159,"A",,"G",1159,"A",,1
455549,"R",6441,"A",,"A",,"G",143,"A",,"G",143,"A",,2
455558,"R",9240,"A",,"A",,"G",205,"A",,"G",205,"A",,2
455567,"R",12726,"R",25777,"A",,"G",453,"A",,"G",453,"A",,3
455585,"R",14413,"A",,"A",,"G",320,"A",,"G",320,"A",,2
455594,"A",,"A",,"R",360,"A",,"G",15,"A",,"G",15,-2
455600,"R",33323,"A",,"A",,"G",741,"A",,"G",741,"A",,2
455619,"R",12792,"A",,"A",,"G",426,"A",,"G",426,"A",,2
455628,"R",13044,"A",,"A",,"G",290,"A",,"G",290,"A",,2
455646,"R",7200,"A",,"A",,"G",160,"A",,"G",160,"A",,2
455655,"R",19432,"A",,"A",,"G",432,"A",,"G",432,"A",,2
455664,"A",,"A",,"R",8683,"A",,"G",362,"A",,"G",362,-2
455673,"R",12172,"A",,"A",,"G",270,"A",,"G",270,"A",,2
455682,"A",,"A",,"R",4630,"A",,"G",193,"A",,"G",193,-2
455707,"A",,"R",45000,"A",,"G",50,"A",,"G",50,"A",,1
455716,"R",23746,"A",,"A",,"G",528,"A",,"R",528,"A",,2
455725,"A",,"R",84926,"A",,"G",94,"A",,"G",94,"A",,1
455734,"A",,"R",106500,"A",,"G",118,"A",,"G",118,"A",,1
455743,"A",,"R",102064,"A",,"G",113,"A",,"G",113,"A",,1
455752,"A",,"R",47112,"A",,"G",52,"A",,"G",52,"A",,1
455761,"A",,"R",375350,"A",,"G",417,"A",,"G",417,"A",,1
455770,"R",1830,"A",,"A",,"G",61,"A",,"G",61,"A",,2
455789,"R",980,"A",,"A",,"G",33,"A",,"G",33,"A",,2
455798,"A",,"R",41107,"A",,"G",46,"A",,"G",46,"A",,1
455804,"A",,"A",,"R",2424,"A",,"G",101,"A",,"G",101,-2
455813,"A",,"A",,"R",1320,"A",,"G",55,"A",,"G",55,-2
455822,"A",,"R",143100,"A",,"G",159,"A",,"G",159,"A",,1
455831,"A",,"R",102130,"A",,"G",113,"A",,"G",113,"A",,1
455840,"R",1700,"A",,"A",,"G",57,"A",,"G",57,"A",,2
455859,"A",,"R",107136,"A",,"G",119,"A",,"R",120,"A",,1
455868,"R",1416,"A",,"A",,"G",47,"A",,"G",47,"A",,2
455877,"A",,"R",191250,"A",,"G",213,"A",,"G",213,"A",,1
455886,"A",,"R",119765,"A",,"G",133,"A",,"G",133,"A",,1
455895,"A",,"R",156755,"A",,"G",174,"A",,"G",174,"A",,1
455901,"A",,"R",211790,"A",,"G",235,"A",,"G",235,"A",,1
455910,"A",,"R",41600,"A",,"G",46,"A",,"G",46,"A",,1
455929,"A",,"R",87878,"A",,"G",98,"A",,"G",98,"A",,1
455938,"R",1480,"A",,"A",,"G",49,"A",,"G",49,"A",,2
455947,"A",,"R",160385,"A",,"G",178,"A",,"G",178,"A",,1
455956,"R",660,"A",,"A",,"G",22,"A",,"G",22,"A",,2
455965,"A",,"R",165290,"A",,"G",184,"A",,"R",184,"A",,1
455974,"R",2200,"A",,"A",,"G",49,"A",,"G",49,"A",,2
455983,"R",1966,"R",87488,"A",,"G",163,"A",,"G",163,"A",,3
455992,"A",,"A",,"R",7278,"A",,"G",303,"A",,"R",242,-2
456001,"A",,"R",25800,"A",,"G",29,"A",,"G",29,"A",,1
456010,"R",2252,"A",,"A",,"G",50,"A",,"G",50,"A",,2
456029,"A",,"R",241200,"A",,"G",268,"A",,"G",268,"A",,1
456038,"A",,"R",545010,"A",,"G",606,"A",,"G",606,"A",,1
456056,"R",18630,"A",,"A",,"G",414,"A",,"G",414,"A",,2
456065,"A",,"R",167385,"A",,"G",186,"A",,"G",186,"A",,1
456074,"A",,"R",236670,"A",,"G",263,"A",,"G",263,"A",,1
456092,"A",,"R",78168,"A",,"G",87,"A",,"R",131,"A",,1
456117,"R",2808,"A",,"A",,"G",62,"A",,"G",62,"A",,2
456126,"A",,"R",172315,"A",,"G",191,"A",,"R",143,"A",,1
456135,"A",,"R",243714,"A",,"G",271,"A",,"R",157,"A",,1
456144,"A",,"R",124356,"A",,"G",138,"A",,"G",138,"A",,1
456153,"A",,"R",136647,"A",,"G",152,"A",,"G",152,"A",,1
456171,"A",,"A",,"R",435,"A",,"G",18,"A",,"G",18,-2
456180,"R",10706,"A",,"A",,"G",357,"A",,"G",357,"A",,2
456205,"R",25257,"A",,"A",,"G",561,"A",,"G",561,"A",,2
456214,"A",,"R",208233,"A",,"G",231,"A",,"R",231,"A",,1
456250,"A",,"R",323346,"A",,"G",359,"A",,"G",359,"A",,1
456278,"R",37684,"A",,"A",,"G",837,"A",,"G",837,"A",,2
456287,"A",,"R",168960,"A",,"G",188,"A",,"G",188,"A",,1
456296,"R",93856,"A",,"A",,"G",2086,"A",,"G",2086,"A",,2
456302,"R",19296,"A",,"A",,"G",643,"A",,"G",643,"A",,2
456311,"R",27718,"A",,"A",,"G",924,"A",,"G",924,"A",,2
456320,"R",51827,"A",,"A",,"G",1728,"A",,"R",1434,"A",,2
456339,"R",16662,"A",,"A",,"G",555,"A",,"R",582,"A",,2
456348,"R",129129,"A",,"R",72753,"G",4304,"G",3031,"G",4304,"G",3031,2
456357,"R",39056,"A",,"A",,"G",868,"A",,"G",868,"A",,2
456366,"R",26663,"A",,"A",,"G",593,"A",,"G",593,"A",,2
456375,"R",6954,"A",,"A",,"G",155,"A",,"G",155,"A",,2
456384,"R",7317,"A",,"A",,"G",244,"A",,"G",244,"A",,2
456393,"R",8900,"A",,"A",,"G",198,"A",,"G",198,"A",,2
456409,"R",11088,"A",,"A",,"G",246,"A",,"G",246,"A",,2
456418,"R",10744,"A",,"A",,"G",239,"A",,"G",239,"A",,2
456427,"R",13944,"A",,"A",,"G",310,"A",,"G",310,"A",,2
456436,"R",7200,"A",,"A",,"G",160,"A",,"G",160,"A",,2
456445,"R",10276,"A",,"A",,"G",228,"A",,"G",228,"A",,2
456454,"R",4613,"A",,"A",,"G",103,"A",,"G",103,"A",,2
456481,"R",3862,"A",,"R",1605,"G",129,"G",67,"G",129,"G",67,2
456490,"R",4883,"A",,"R",459,"G",163,"G",19,"G",163,"G",19,2
456506,"A",,"R",182160,"A",,"G",202,"A",,"G",202,"A",,1
456515,"A",,"R",156960,"A",,"G",174,"A",,"G",174,"A",,1
456542,"A",,"A",,"R",5317,"A",,"G",222,"A",,"G",222,-2
456551,"A",,"R",67000,"A",,"G",74,"A",,"G",74,"A",,1
456560,"A",,"R",66203,"A",,"G",74,"A",,"G",74,"A",,1
456588,"A",,"R",59807,"A",,"G",66,"A",,"G",66,"A",,1
456597,"A",,"R",177482,"A",,"G",197,"A",,"G",197,"A",,1
456612,"R",15232,"A",,"A",,"G",338,"A",,"G",338,"A",,2
456621,"R",7538,"A",,"R",936,"G",168,"G",26,"G",168,"G",26,2
456630,"R",3168,"A",,"R",689,"G",70,"G",19,"G",70,"G",19,2
456667,"R",15507,"A",,"R",2057,"G",345,"G",57,"G",345,"G",57,2
456719,"A",,"R",118960,"A",,"G",132,"A",,"G",132,"A",,1
456728,"A",,"R",73313,"A",,"G",81,"A",,"G",81,"A",,1
456737,"A",,"R",79860,"A",,"G",89,"A",,"G",89,"A",,1
456746,"A",,"R",90616,"A",,"G",101,"A",,"G",101,"A",,1
456755,"A",,"R",46470,"A",,"G",52,"A",,"G",52,"A",,1
456764,"A",,"R",102667,"A",,"G",114,"A",,"G",114,"A",,1
456773,"A",,"R",53844,"A",,"G",60,"A",,"G",60,"A",,1
456782,"R",13930,"A",,"A",,"G",310,"A",,"G",310,"A",,2
456791,"R",11640,"A",,"A",,"G",259,"A",,"G",259,"A",,2
456807,"R",12779,"A",,"R",15,"G",284,"R",0,"G",284,"Z",0,2
456816,"R",29467,"A",,"R",462,"G",655,"G",13,"G",655,"G",13,2
456825,"A",,"R",85380,"A",,"G",95,"A",,"G",95,"A",,1
456834,"R",5264,"A",,"R",2205,"G",117,"G",61,"G",117,"G",61,2
456852,"A",,"R",213686,"A",,"G",237,"A",,"G",237,"A",,1
456861,"A",,"R",436950,"A",,"G",486,"A",,"G",486,"A",,1
456870,"A",,"R",1654968,"A",,"G",1839,"A",,"G",1839,"A",,1
456889,"A",,"R",859352,"A",,"G",955,"A",,"G",955,"A",,1
456898,"A",,"R",814328,"A",,"G",905,"A",,"G",905,"A",,1
456904,"A",,"R",740648,"A",,"G",823,"A",,"G",823,"A",,1
456913,"A",,"R",1066472,"A",,"G",1185,"A",,"G",1185,"A",,1
456922,"A",,"R",1407688,"A",,"G",1564,"A",,"G",1564,"A",,1
456931,"A",,"R",1833122,"A",,"G",2037,"A",,"G",2037,"A",,1
456940,"R",21779,"A",,"A",,"G",726,"A",,"G",726,"A",,2
456959,"R",1626,"A",,"A",,"G",54,"A",,"G",54,"A",,2
456968,"A",,"R",76000,"A",,"G",84,"A",,"G",84,"A",,1
456977,"R",6224,"A",,"A",,"G",207,"A",,"G",207,"A",,2
456995,"R",6451,"A",,"A",,"G",143,"A",,"G",143,"A",,2
457004,"R",4662,"A",,"A",,"G",104,"A",,"G",104,"A",,2
457013,"R",17787,"A",,"A",,"G",593,"A",,"G",593,"A",,2
457022,"R",9598,"A",,"A",,"G",320,"A",,"G",320,"A",,2
457031,"A",,"R",62900,"A",,"G",70,"A",,"R",73,"A",,1
457068,"A",,"R",274000,"A",,"G",304,"A",,"G",304,"A",,1
457077,"A",,"R",296800,"A",,"G",330,"A",,"G",330,"A",,1
457086,"A",,"R",126446,"A",,"G",140,"A",,"G",140,"A",,1
457095,"R",1245,"A",,"A",,"G",42,"A",,"G",42,"A",,2
457101,"R",14317,"A",,"A",,"G",477,"A",,"G",477,"A",,2
457110,"R",3772,"A",,"A",,"G",126,"A",,"G",126,"A",,2
457129,"R",2420,"A",,"A",,"G",81,"A",,"R",67,"A",,2
457174,"R",19917,"A",,"A",,"G",664,"A",,"G",664,"A",,2
457183,"R",4317,"A",,"A",,"G",96,"A",,"G",96,"A",,2
457192,"A",,"R",37500,"A",,"G",42,"A",,"R",36,"A",,1
457208,"R",2921,"A",,"A",,"G",97,"A",,"G",97,"A",,2
457217,"A",,"R",23500,"A",,"G",26,"A",,"G",26,"A",,1
457226,"R",300,"A",,"A",,"G",10,"A",,"R",10,"A",,2
457235,"A",,"R",12304,"A",,"G",14,"A",,"G",14,"A",,1
457244,"A",,"R",111660,"A",,"G",124,"A",,"R",123,"A",,1
457253,"A",,"R",52658,"A",,"G",59,"A",,"G",59,"A",,1
457262,"R",2280,"A",,"A",,"G",51,"A",,"G",51,"A",,2
457271,"A",,"A",,"R",1612,"A",,"G",67,"A",,"G",67,-2
457280,"A",,"R",280000,"A",,"G",311,"A",,"G",311,"A",,1
457299,"A",,"R",96526,"A",,"G",107,"A",,"G",107,"A",,1
457305,"A",,"R",9679,"A",,"G",11,"A",,"G",11,"A",,1
457314,"A",,"R",107100,"A",,"G",119,"A",,"G",119,"A",,1
457323,"A",,"R",174563,"A",,"G",194,"A",,"G",194,"A",,1
457332,"A",,"R",28500,"A",,"G",32,"A",,"R",32,"A",,1
457341,"A",,"R",189720,"A",,"G",211,"A",,"G",211,"A",,1
457350,"R",820,"A",,"A",,"G",27,"A",,"G",27,"A",,2
457369,"A",,"R",5525,"A",,"G",6,"A",,"G",6,"A",,1
457378,"A",,"R",53864,"A",,"G",60,"A",,"G",60,"A",,1
457387,"A",,"R",197483,"A",,"G",219,"A",,"G",219,"A",,1
457396,"A",,"R",28900,"A",,"G",32,"A",,"G",32,"A",,1
457402,"R",657,"A",,"R",133,"G",22,"G",6,"G",22,"G",6,2
457411,"R",5850,"A",,"A",,"G",130,"A",,"G",130,"A",,2
457420,"A",,"R",54743,"A",,"G",61,"A",,"G",61,"A",,1
457439,"A",,"R",44622,"A",,"G",50,"A",,"G",50,"A",,1
457448,"A",,"R",95400,"A",,"G",106,"A",,"G",106,"A",,1
457457,"A",,"R",18750,"A",,"G",21,"A",,"G",21,"A",,1
457466,"A",,"R",74346,"A",,"G",83,"A",,"G",83,"A",,1
457475,"R",1325,"A",,"A",,"G",44,"A",,"G",44,"A",,2
457484,"R",1657,"A",,"R",101,"G",55,"G",4,"R",69,"R",6,2
457493,"A",,"R",40800,"A",,"G",45,"A",,"G",45,"A",,1
457509,"A",,"R",15700,"A",,"G",17,"A",,"G",17,"A",,1
457527,"A",,"R",252912,"A",,"G",281,"A",,"G",281,"A",,1
457536,"R",3920,"A",,"A",,"G",131,"A",,"G",131,"A",,2
457545,"A",,"R",89115,"A",,"G",99,"A",,"G",99,"A",,1
457554,"A",,"R",12819,"A",,"G",14,"A",,"G",14,"A",,1
457563,"A",,"R",147370,"A",,"G",164,"A",,"G",164,"A",,1
457572,"A",,"R",188200,"A",,"G",209,"A",,"R",140,"A",,1
457581,"A",,"R",123689,"A",,"G",137,"A",,"G",137,"A",,1
457590,"A",,"R",18556,"A",,"G",21,"A",,"R",11,"A",,1
457606,"A",,"R",23325,"A",,"G",26,"A",,"R",44,"A",,1
457615,"A",,"R",16560,"A",,"G",18,"A",,"G",18,"A",,1
457624,"A",,"R",24922,"A",,"G",28,"A",,"R",23,"A",,1
457633,"A",,"R",90570,"A",,"G",101,"A",,"G",101,"A",,1
457642,"A",,"R",19475,"A",,"G",22,"A",,"G",22,"A",,1
457651,"R",3497,"A",,"A",,"G",117,"A",,"G",117,"A",,2
457660,"A",,"R",16500,"A",,"G",18,"A",,"G",18,"A",,1
457679,"A",,"R",26399,"A",,"G",29,"A",,"G",29,"A",,1
457688,"R",8604,"A",,"A",,"G",287,"A",,"G",287,"A",,2
457697,"R",1131,"A",,"A",,"G",38,"A",,"G",38,"A",,2
457703,"A",,"R",84281,"A",,"G",94,"A",,"G",94,"A",,1
457712,"A",,"R",31175,"A",,"G",35,"A",,"G",35,"A",,1
457721,"A",,"R",34858,"A",,"G",39,"A",,"G",39,"A",,1
457730,"A",,"R",331500,"A",,"G",368,"A",,"G",368,"A",,1
457749,"A",,"R",82783,"A",,"G",92,"A",,"G",92,"A",,1
457758,"A",,"R",126384,"A",,"G",140,"A",,"G",140,"A",,1
457767,"R",4050,"A",,"A",,"G",135,"A",,"G",135,"A",,2
457776,"A",,"R",39997,"A",,"G",44,"A",,"R",25,"A",,1
457785,"A",,"R",146700,"A",,"G",163,"A",,"G",163,"A",,1
457794,"A",,"R",24000,"A",,"G",27,"A",,"G",27,"A",,1
457800,"A",,"R",157323,"A",,"G",175,"A",,"G",175,"A",,1
457819,"A",,"R",256646,"A",,"G",285,"A",,"G",285,"A",,1
457828,"A",,"R",19500,"A",,"G",22,"A",,"G",22,"A",,1
457837,"A",,"R",66475,"A",,"G",74,"A",,"G",74,"A",,1
457846,"A",,"R",56152,"A",,"G",62,"A",,"G",62,"A",,1
457855,"A",,"R",88260,"A",,"G",98,"A",,"G",98,"A",,1
457864,"A",,"R",77438,"A",,"G",86,"A",,"G",86,"A",,1
457873,"A",,"R",48428,"A",,"G",54,"A",,"G",54,"A",,1
457882,"A",,"R",29700,"A",,"G",33,"A",,"G",33,"A",,1
457891,"A",,"R",75000,"A",,"G",83,"A",,"G",83,"A",,1
457907,"A",,"R",24580,"A",,"G",27,"A",,"G",27,"A",,1
457916,"A",,"R",108328,"A",,"G",120,"A",,"G",120,"A",,1
457925,"A",,"R",22239,"A",,"G",25,"A",,"R",22,"A",,1
457943,"A",,"R",44650,"A",,"G",50,"A",,"G",50,"A",,1
457952,"A",,"R",355000,"A",,"G",394,"A",,"G",394,"A",,1
457961,"A",,"R",19920,"A",,"G",22,"A",,"G",22,"A",,1
457970,"R",216,"A",,"A",,"G",5,"A",,"G",5,"A",,2
457989,"A",,"R",44216,"A",,"G",49,"A",,"G",49,"A",,1
457998,"A",,"R",64500,"A",,"G",72,"A",,"G",72,"A",,1
458007,"A",,"R",95725,"A",,"G",106,"A",,"G",106,"A",,1
458016,"R",4028,"A",,"A",,"G",134,"A",,"G",134,"A",,2
458025,"A",,"R",8678,"A",,"G",10,"A",,"G",10,"A",,1
458034,"R",1820,"A",,"A",,"G",61,"A",,"G",61,"A",,2
458043,"A",,"R",127500,"A",,"G",142,"A",,"G",142,"A",,1
458052,"A",,"R",93000,"A",,"G",103,"A",,"G",103,"A",,1
458061,"A",,"R",53200,"A",,"G",59,"A",,"G",59,"A",,1
458070,"A",,"R",165836,"A",,"G",184,"A",,"G",184,"A",,1
458089,"A",,"R",37500,"A",,"G",42,"A",,"G",42,"A",,1
458098,"A",,"R",216000,"A",,"G",240,"A",,"G",240,"A",,1
458104,"A",,"R",27705,"A",,"G",31,"A",,"G",31,"A",,1
458113,"R",1170,"A",,"A",,"G",39,"A",,"R",39,"A",,2
458122,"R",400,"A",,"A",,"G",13,"A",,"G",13,"A",,2
458131,"A",,"R",146771,"A",,"G",163,"A",,"G",163,"A",,1
458140,"R",2625,"A",,"A",,"G",58,"A",,"G",58,"A",,2
458159,"A",,"A",,"R",4449,"A",,"G",124,"A",,"R",148,-2
458168,"A",,"R",82852,"A",,"G",92,"A",,"G",92,"A",,1
458177,"A",,"R",49695,"A",,"G",55,"A",,"G",55,"A",,1
458186,"R",8460,"A",,"A",,"G",282,"A",,"G",282,"A",,2
458195,"R",1507,"A",,"A",,"G",50,"A",,"G",50,"A",,2
458210,"R",31214,"A",,"A",,"G",1040,"A",,"G",1040,"A",,2
458229,"R",18200,"A",,"A",,"G",607,"A",,"G",607,"A",,2
458238,"R",2588,"A",,"A",,"G",86,"A",,"G",86,"A",,2
458247,"R",13608,"A",,"A",,"G",454,"A",,"G",454,"A",,2
458256,"R",46770,"A",,"A",,"G",1039,"A",,"G",1039,"A",,2
458265,"A",,"R",451570,"A",,"G",502,"A",,"G",502,"A",,1
458274,"A",,"R",360355,"A",,"G",400,"A",,"G",400,"A",,1
458283,"R",29522,"A",,"A",,"G",984,"A",,"G",984,"A",,2
458292,"A",,"R",42089,"A",,"G",47,"A",,"G",47,"A",,1
458308,"A",,"R",24201,"A",,"G",27,"A",,"G",27,"A",,1
458317,"A",,"R",30760,"A",,"G",34,"A",,"G",34,"A",,1
458326,"A",,"R",17965,"A",,"G",20,"A",,"G",20,"A",,1
458335,"A",,"R",71779,"A",,"G",80,"A",,"G",80,"A",,1
458344,"A",,"R",48055,"A",,"G",53,"A",,"G",53,"A",,1
458353,"A",,"R",50428,"A",,"G",56,"A",,"G",56,"A",,1
458362,"A",,"R",62279,"A",,"G",69,"A",,"G",69,"A",,1
458371,"R",24508,"A",,"A",,"G",817,"A",,"G",817,"A",,2
458380,"R",6018,"A",,"A",,"G",134,"A",,"G",134,"A",,2
458405,"R",22560,"A",,"A",,"G",501,"A",,"G",501,"A",,2
458414,"A",,"R",1228320,"A",,"G",1365,"A",,"G",1365,"A",,1
458423,"R",1000,"A",,"A",,"G",33,"A",,"R",50,"A",,2
458432,"R",2692,"A",,"A",,"G",60,"A",,"G",60,"A",,2
458441,"R",4074,"A",,"A",,"G",91,"A",,"R",137,"A",,2
458469,"R",19639,"A",,"A",,"G",655,"A",,"G",655,"A",,2
458478,"A",,"R",144900,"A",,"G",161,"A",,"R",161,"A",,1
458487,"A",,"R",257235,"A",,"G",286,"A",,"G",286,"A",,1
458496,"R",3680,"A",,"A",,"G",82,"A",,"G",82,"A",,2
458502,"R",6836,"A",,"A",,"G",228,"A",,"G",228,"A",,2
458520,"A",,"R",105300,"A",,"G",117,"A",,"G",117,"A",,1
458548,"A",,"A",,"R",214,"A",,"G",6,"A",,"G",6,-2
458557,"R",12516,"A",,"A",,"G",278,"A",,"G",278,"A",,2
458575,"R",910,"A",,"A",,"G",30,"A",,"G",30,"A",,2
458609,"R",12595,"A",,"A",,"G",420,"A",,"G",420,"A",,2
458618,"R",8839,"A",,"A",,"G",295,"A",,"G",295,"A",,2
458636,"R",3236,"A",,"A",,"G",108,"A",,"G",108,"A",,2
458645,"R",1983,"A",,"A",,"G",66,"A",,"G",66,"A",,2
458654,"R",8961,"A",,"A",,"G",299,"A",,"G",299,"A",,2
458663,"R",11981,"A",,"A",,"G",399,"A",,"G",399,"A",,2
458672,"A",,"R",25500,"A",,"G",28,"A",,"G",28,"A",,1
458681,"R",2000,"A",,"A",,"G",67,"A",,"G",67,"A",,2
458690,"R",11031,"A",,"A",,"G",368,"A",,"G",368,"A",,2
458733,"R",2833,"A",,"A",,"G",63,"A",,"G",63,"A",,2
458742,"R",5130,"A",,"A",,"G",114,"A",,"G",114,"A",,2
458760,"R",11941,"A",,"R",198,"G",265,"G",6,"G",265,"G",6,2
458779,"R",2498,"A",,"A",,"G",56,"A",,"G",56,"A",,2
458797,"R",4866,"A",,"A",,"G",162,"A",,"G",162,"A",,2
458803,"A",,"R",114572,"A",,"G",127,"A",,"R",76,"A",,1
458812,"A",,"R",108505,"A",,"G",121,"A",,"R",72,"A",,1
458821,"A",,"R",117316,"A",,"G",130,"A",,"R",78,"A",,1
458849,"A",,"R",3696,"A",,"G",4,"A",,"G",4,"A",,1
458885,"R",5318,"A",,"R",666,"G",118,"G",19,"G",118,"G",19,2
458919,"R",171189,"A",,"R",45068,"G",3804,"G",1252,"G",3804,"G",1252,2
458937,"R",2044,"A",,"R",295,"G",45,"G",8,"G",45,"G",8,2
458964,"R",79956,"A",,"R",23990,"G",1777,"G",666,"G",1777,"G",666,2
458973,"R",2916,"A",,"R",212,"G",65,"G",6,"G",65,"G",6,2
458991,"R",12289,"A",,"A",,"G",273,"A",,"G",273,"A",,2
459000,"A",,"R",180077,"A",,"G",200,"A",,"R",120,"A",,1
459019,"A",,"R",154882,"A",,"G",172,"A",,"R",103,"A",,1
459028,"A",,"R",80835,"A",,"G",90,"A",,"R",54,"A",,1
459037,"A",,"R",111924,"A",,"G",124,"A",,"R",75,"A",,1
459046,"A",,"R",94358,"A",,"G",105,"A",,"R",63,"A",,1
459055,"A",,"R",903,"A",,"G",1,"A",,"G",1,"A",,1
459064,"A",,"R",90747,"A",,"G",101,"A",,"R",60,"A",,1
459073,"A",,"R",67211,"A",,"G",75,"A",,"R",45,"A",,1
459116,"A",,"R",143310,"A",,"G",159,"A",,"G",159,"A",,1
459125,"A",,"R",12972,"A",,"G",14,"A",,"G",14,"A",,1
459134,"A",,"R",49800,"A",,"G",55,"A",,"G",55,"A",,1
459143,"A",,"R",56160,"A",,"G",62,"A",,"G",62,"A",,1
459152,"A",,"R",155406,"A",,"G",173,"A",,"G",173,"A",,1
459161,"A",,"R",94476,"A",,"G",105,"A",,"G",105,"A",,1
459170,"A",,"R",171720,"A",,"G",191,"A",,"G",191,"A",,1
459189,"A",,"R",20100,"A",,"G",22,"A",,"G",22,"A",,1
459198,"A",,"R",55335,"A",,"G",61,"A",,"G",61,"A",,1
459204,"R",12408,"A",,"A",,"G",414,"A",,"R",268,"A",,2
459213,"A",,"R",422450,"A",,"G",469,"A",,"R",316,"A",,1
459222,"A",,"A",,"R",845,"A",,"G",23,"A",,"G",23,-2
459231,"A",,"R",211183,"A",,"G",235,"A",,"G",235,"A",,1
459240,"R",900,"A",,"A",,"G",30,"A",,"G",30,"A",,2
459259,"R",4576,"A",,"R",731,"G",102,"G",20,"G",102,"G",20,2
459268,"R",704,"A",,"R",166,"G",16,"G",5,"G",16,"G",5,2
459277,"R",16660,"R",60,"A",,"G",555,"A",,"R",354,"A",,3
459286,"A",,"R",133002,"A",,"G",148,"A",,"G",148,"A",,1
459295,"R",2060,"A",,"A",,"G",69,"A",,"G",69,"A",,2
459301,"A",,"R",67460,"A",,"G",75,"A",,"G",75,"A",,1
459310,"A",,"R",4860,"A",,"G",5,"A",,"G",5,"A",,1
459329,"A",,"R",57604,"A",,"G",64,"A",,"G",64,"A",,1
459338,"A",,"R",54900,"A",,"G",61,"A",,"G",61,"A",,1
459347,"A",,"R",56200,"A",,"G",62,"A",,"G",62,"A",,1
459356,"R",2462,"R",10800,"A",,"G",94,"A",,"G",94,"A",,3
459365,"A",,"R",8883,"A",,"G",10,"A",,"G",10,"A",,1
459374,"A",,"R",25472,"A",,"G",28,"A",,"G",28,"A",,1
459392,"A",,"R",62000,"A",,"G",69,"A",,"G",69,"A",,1
459408,"A",,"R",66820,"A",,"G",74,"A",,"G",74,"A",,1
459417,"R",949,"A",,"A",,"G",32,"A",,"R",35,"A",,2
459426,"A",,"R",45883,"A",,"G",51,"A",,"G",51,"A",,1
459435,"R",1242,"R",2800,"A",,"G",45,"A",,"G",45,"A",,3
459444,"R",2715,"A",,"A",,"G",91,"A",,"G",91,"A",,2
459453,"A",,"R",65650,"A",,"G",73,"A",,"G",73,"A",,1
459462,"A",,"R",92800,"A",,"G",103,"A",,"G",103,"A",,1
459471,"A",,"R",21350,"A",,"G",24,"A",,"G",24,"A",,1
459480,"A",,"R",30209,"A",,"G",34,"A",,"G",34,"A",,1
459499,"A",,"R",6480,"A",,"G",7,"A",,"G",7,"A",,1
459514,"A",,"R",8150,"A",,"G",9,"A",,"G",9,"A",,1
459523,"A",,"R",62597,"A",,"G",70,"A",,"G",70,"A",,1
459532,"A",,"R",98450,"A",,"G",109,"A",,"G",109,"A",,1
459541,"A",,"R",46919,"A",,"G",52,"A",,"G",52,"A",,1
459550,"A",,"R",80494,"A",,"G",89,"A",,"G",89,"A",,1
459569,"A",,"R",14396,"A",,"G",16,"A",,"G",16,"A",,1
459578,"A",,"R",237600,"A",,"G",264,"A",,"G",264,"A",,1
459587,"R",3136,"A",,"A",,"G",70,"A",,"G",70,"A",,2
459596,"R",4608,"A",,"A",,"G",102,"A",,"G",102,"A",,2
459602,"R",2816,"A",,"A",,"G",63,"A",,"G",63,"A",,2
459611,"R",2896,"A",,"A",,"G",64,"A",,"G",64,"A",,2
459620,"R",764,"A",,"A",,"G",17,"A",,"G",17,"A",,2
459639,"R",3552,"A",,"A",,"G",79,"A",,"G",79,"A",,2
459648,"R",2568,"A",,"A",,"G",57,"A",,"G",57,"A",,2
459657,"R",2988,"A",,"A",,"G",66,"A",,"G",66,"A",,2
459666,"R",312,"A",,"A",,"G",7,"A",,"G",7,"A",,2
459675,"R",4788,"A",,"A",,"G",106,"A",,"G",106,"A",,2
459684,"R",6312,"A",,"A",,"G",140,"A",,"G",140,"A",,2
459693,"R",3852,"A",,"A",,"G",86,"A",,"G",86,"A",,2
459709,"R",11816,"A",,"A",,"G",263,"A",,"G",263,"A",,2
459718,"R",7932,"A",,"A",,"G",176,"A",,"G",176,"A",,2
459727,"R",2112,"A",,"R",460,"G",70,"G",19,"G",70,"G",19,2
459736,"A",,"A",,"R",46362,"A",,"G",1932,"A",,"G",1932,-2
459815,"R",3198,"A",,"A",,"G",107,"A",,"G",107,"A",,2
459824,"R",4983,"A",,"R",51563,"G",166,"G",2148,"R",166,"R",1311,2
459833,"R",1620,"A",,"A",,"G",36,"A",,"G",36,"A",,2
459842,"R",4121,"A",,"A",,"G",137,"A",,"G",137,"A",,2
459851,"R",332,"A",,"A",,"G",11,"A",,"G",11,"A",,2
459860,"A",,"R",128208,"A",,"G",142,"A",,"G",142,"A",,1
459879,"A",,"R",128628,"A",,"G",143,"A",,"G",143,"A",,1
459888,"A",,"R",54021,"A",,"G",60,"A",,"G",60,"A",,1
459897,"A",,"R",36122,"A",,"G",40,"A",,"G",40,"A",,1
459903,"A",,"R",68273,"A",,"G",76,"A",,"G",76,"A",,1
459912,"A",,"R",57299,"A",,"G",64,"A",,"G",64,"A",,1
459921,"A",,"R",36317,"A",,"G",40,"A",,"G",40,"A",,1
459958,"A",,"R",328404,"A",,"G",365,"A",,"G",365,"A",,1
459967,"A",,"R",250200,"A",,"G",278,"A",,"G",278,"A",,1
459976,"A",,"R",106200,"A",,"G",118,"A",,"G",118,"A",,1
459985,"A",,"R",322200,"A",,"G",358,"A",,"G",358,"A",,1
459994,"R",133574,"A",,"R",30645,"G",2968,"G",851,"G",2968,"G",851,2
460002,"A",,"R",112500,"A",,"G",125,"A",,"G",125,"A",,1
460011,"A",,"R",85500,"A",,"G",95,"A",,"G",95,"A",,1
460020,"A",,"R",14781,"A",,"G",16,"A",,"G",16,"A",,1
460039,"R",1440,"A",,"A",,"G",32,"A",,"G",32,"A",,2
460048,"R",1568,"A",,"A",,"G",35,"A",,"G",35,"A",,2
460057,"A",,"R",23360,"A",,"G",26,"A",,"G",26,"A",,1
460066,"A",,"R",92954,"A",,"G",103,"A",,"G",103,"A",,1
460093,"A",,"R",228240,"A",,"G",254,"A",,"G",254,"A",,1
460109,"A",,"R",114480,"A",,"G",127,"A",,"G",127,"A",,1
460118,"A",,"R",15840,"A",,"G",18,"A",,"G",18,"A",,1
460136,"A",,"R",50260,"A",,"G",56,"A",,"G",56,"A",,1
460172,"A",,"R",19440,"A",,"G",22,"A",,"G",22,"A",,1
460181,"A",,"R",2179,"A",,"G",2,"A",,"G",2,"A",,1
460190,"A",,"R",29142,"A",,"G",32,"A",,"G",32,"A",,1
460206,"A",,"R",4989,"A",,"G",6,"A",,"G",6,"A",,1
460330,"A",,"R",104500,"A",,"G",116,"A",,"G",116,"A",,1
460358,"R",2586,"A",,"A",,"G",86,"A",,"R",55,"A",,2
460385,"R",1564,"A",,"A",,"G",52,"A",,"G",52,"A",,2
460446,"A",,"R",192000,"A",,"G",213,"A",,"G",213,"A",,1
460455,"A",,"R",38547,"A",,"G",43,"A",,"G",43,"A",,1
460473,"R",7200,"A",,"A",,"G",160,"A",,"G",160,"A",,2
460491,"A",,"R",15808,"A",,"G",18,"A",,"G",18,"A",,1
460507,"A",,"R",23472,"A",,"G",26,"A",,"G",26,"A",,1
460516,"A",,"R",79200,"A",,"G",88,"A",,"G",88,"A",,1
460525,"A",,"R",12870,"A",,"G",14,"A",,"G",14,"A",,1
460561,"A",,"R",18830,"A",,"G",21,"A",,"G",21,"A",,1
460570,"A",,"R",98931,"A",,"G",110,"A",,"G",110,"A",,1
460589,"R",10754,"A",,"A",,"G",358,"A",,"G",358,"A",,2
460598,"R",28842,"A",,"A",,"G",961,"A",,"G",961,"A",,2
460604,"A",,"R",32110,"A",,"G",36,"A",,"G",36,"A",,1
460622,"A",,"R",10588,"A",,"G",12,"A",,"G",12,"A",,1
460631,"A",,"R",138727,"A",,"G",154,"A",,"G",154,"A",,1
460640,"R",6705,"A",,"A",,"G",149,"A",,"G",149,"A",,2
